학교ID,학교명,사업,검토상태,관측시설수,판단근거
B000003024,인천갈월초등학교,library,판단 보류,2,수집 목록에서 주변 시설을 찾았습니다. 실제 출입구 경로와 이용조건은 추가 확인이 필요합니다.
B000003024,인천갈월초등학교,books,판단 보류,,학교 내부 자료를 확인했습니다. 장서 구성·노후도·이용수요는 추가 확인이 필요합니다.
B000003024,인천갈월초등학교,sports,판단 보류,0,수집 목록에서 주변 시설을 확인하지 못했습니다. 시설이 없다는 뜻은 아닙니다.; 25곳 모두 부평구 소재이며 부평구를 포함해 전수 조사한 지역은 없습니다.
B000003024,인천갈월초등학교,welfare,판단 보류,1,수집 목록에서 주변 시설을 찾았습니다. 실제 출입구 경로와 이용조건은 추가 확인이 필요합니다.
B000003057,인천청량초등학교,library,판단 보류,1,수집 목록에서 주변 시설을 찾았습니다. 실제 출입구 경로와 이용조건은 추가 확인이 필요합니다.
B000003057,인천청량초등학교,books,판단 보류,,학교 내부 자료를 확인했습니다. 장서 구성·노후도·이용수요는 추가 확인이 필요합니다.
B000003057,인천청량초등학교,sports,판단 보류,0,수집 목록에서 주변 시설을 확인하지 못했습니다. 시설이 없다는 뜻은 아닙니다.; 25곳 모두 부평구 소재이며 부평구를 포함해 전수 조사한 지역은 없습니다.
B000003057,인천청량초등학교,welfare,판단 보류,0,수집 목록에서 주변 시설을 확인하지 못했습니다. 시설이 없다는 뜻은 아닙니다.
B000025246,인천미송초등학교,library,판단 보류,0,수집 목록에서 주변 시설을 확인하지 못했습니다. 시설이 없다는 뜻은 아닙니다.
B000025246,인천미송초등학교,books,판단 보류,,학교 내부 자료를 확인했습니다. 장서 구성·노후도·이용수요는 추가 확인이 필요합니다.
B000025246,인천미송초등학교,sports,판단 보류,0,수집 목록에서 주변 시설을 확인하지 못했습니다. 시설이 없다는 뜻은 아닙니다.; 25곳 모두 부평구 소재이며 부평구를 포함해 전수 조사한 지역은 없습니다.
B000025246,인천미송초등학교,welfare,판단 보류,0,수집 목록에서 주변 시설을 확인하지 못했습니다. 시설이 없다는 뜻은 아닙니다.
B000026469,인천한별초등학교,library,판단 보류,0,수집 목록에서 주변 시설을 확인하지 못했습니다. 시설이 없다는 뜻은 아닙니다.
B000026469,인천한별초등학교,books,판단 보류,,학교 내부 자료를 확인했습니다. 장서 구성·노후도·이용수요는 추가 확인이 필요합니다.
B000026469,인천한별초등학교,sports,판단 보류,0,수집 목록에서 주변 시설을 확인하지 못했습니다. 시설이 없다는 뜻은 아닙니다.; 25곳 모두 부평구 소재이며 부평구를 포함해 전수 조사한 지역은 없습니다.
B000026469,인천한별초등학교,welfare,판단 보류,0,수집 목록에서 주변 시설을 확인하지 못했습니다. 시설이 없다는 뜻은 아닙니다.
B000026466,인천아라초등학교,library,판단 보류,0,수집 목록에서 주변 시설을 확인하지 못했습니다. 시설이 없다는 뜻은 아닙니다.
B000026466,인천아라초등학교,books,판단 보류,,학교 내부 자료를 확인했습니다. 장서 구성·노후도·이용수요는 추가 확인이 필요합니다.
B000026466,인천아라초등학교,sports,판단 보류,0,수집 목록에서 주변 시설을 확인하지 못했습니다. 시설이 없다는 뜻은 아닙니다.; 25곳 모두 부평구 소재이며 부평구를 포함해 전수 조사한 지역은 없습니다.
B000026466,인천아라초등학교,welfare,판단 보류,0,수집 목록에서 주변 시설을 확인하지 못했습니다. 시설이 없다는 뜻은 아닙니다.
B000003178,갑룡초등학교,library,판단 보류,0,수집 목록에서 주변 시설을 확인하지 못했습니다. 시설이 없다는 뜻은 아닙니다.; 도서지역은 도시형 500m 기준과 분리해 검토합니다.
B000003178,갑룡초등학교,books,판단 보류,,학교 내부 자료를 확인했습니다. 장서 구성·노후도·이용수요는 추가 확인이 필요합니다.; 도서지역은 도시형 500m 기준과 분리해 검토합니다.
B000003178,갑룡초등학교,sports,판단 보류,0,수집 목록에서 주변 시설을 확인하지 못했습니다. 시설이 없다는 뜻은 아닙니다.; 25곳 모두 부평구 소재이며 부평구를 포함해 전수 조사한 지역은 없습니다.; 도서지역은 도시형 500m 기준과 분리해 검토합니다.
B000003178,갑룡초등학교,welfare,판단 보류,0,수집 목록에서 주변 시설을 확인하지 못했습니다. 시설이 없다는 뜻은 아닙니다.; 도서지역은 도시형 500m 기준과 분리해 검토합니다.
B000003098,인천논곡초등학교,library,판단 보류,0,수집 목록에서 주변 시설을 확인하지 못했습니다. 시설이 없다는 뜻은 아닙니다.
B000003098,인천논곡초등학교,books,판단 보류,,학교 내부 자료를 확인했습니다. 장서 구성·노후도·이용수요는 추가 확인이 필요합니다.
B000003098,인천논곡초등학교,sports,판단 보류,0,수집 목록에서 주변 시설을 확인하지 못했습니다. 시설이 없다는 뜻은 아닙니다.; 25곳 모두 부평구 소재이며 부평구를 포함해 전수 조사한 지역은 없습니다.
B000003098,인천논곡초등학교,welfare,판단 보류,0,수집 목록에서 주변 시설을 확인하지 못했습니다. 시설이 없다는 뜻은 아닙니다.
B000002959,인천영종초등학교,library,판단 보류,0,수집 목록에서 주변 시설을 확인하지 못했습니다. 시설이 없다는 뜻은 아닙니다.
B000002959,인천영종초등학교,books,판단 보류,,학교 내부 자료를 확인했습니다. 장서 구성·노후도·이용수요는 추가 확인이 필요합니다.
B000002959,인천영종초등학교,sports,판단 보류,0,수집 목록에서 주변 시설을 확인하지 못했습니다. 시설이 없다는 뜻은 아닙니다.; 25곳 모두 부평구 소재이며 부평구를 포함해 전수 조사한 지역은 없습니다.
B000002959,인천영종초등학교,welfare,판단 보류,1,수집 목록에서 주변 시설을 찾았습니다. 실제 출입구 경로와 이용조건은 추가 확인이 필요합니다.
B000025228,인천예송초등학교,library,판단 보류,0,수집 목록에서 주변 시설을 확인하지 못했습니다. 시설이 없다는 뜻은 아닙니다.
B000025228,인천예송초등학교,books,판단 보류,,학교 내부 자료를 확인했습니다. 장서 구성·노후도·이용수요는 추가 확인이 필요합니다.
B000025228,인천예송초등학교,sports,판단 보류,0,수집 목록에서 주변 시설을 확인하지 못했습니다. 시설이 없다는 뜻은 아닙니다.; 25곳 모두 부평구 소재이며 부평구를 포함해 전수 조사한 지역은 없습니다.
B000025228,인천예송초등학교,welfare,판단 보류,0,수집 목록에서 주변 시설을 확인하지 못했습니다. 시설이 없다는 뜻은 아닙니다.
B000003150,인천건지초등학교,library,판단 보류,4,수집 목록에서 주변 시설을 찾았습니다. 실제 출입구 경로와 이용조건은 추가 확인이 필요합니다.
B000003150,인천건지초등학교,books,판단 보류,,학교 내부 자료를 확인했습니다. 장서 구성·노후도·이용수요는 추가 확인이 필요합니다.
B000003150,인천건지초등학교,sports,판단 보류,0,수집 목록에서 주변 시설을 확인하지 못했습니다. 시설이 없다는 뜻은 아닙니다.; 25곳 모두 부평구 소재이며 부평구를 포함해 전수 조사한 지역은 없습니다.
B000003150,인천건지초등학교,welfare,판단 보류,5,수집 목록에서 주변 시설을 찾았습니다. 실제 출입구 경로와 이용조건은 추가 확인이 필요합니다.
B000025202,인천장아초등학교,library,판단 보류,0,수집 목록에서 주변 시설을 확인하지 못했습니다. 시설이 없다는 뜻은 아닙니다.
B000025202,인천장아초등학교,books,판단 보류,,학교 내부 자료를 확인했습니다. 장서 구성·노후도·이용수요는 추가 확인이 필요합니다.
B000025202,인천장아초등학교,sports,판단 보류,0,수집 목록에서 주변 시설을 확인하지 못했습니다. 시설이 없다는 뜻은 아닙니다.; 25곳 모두 부평구 소재이며 부평구를 포함해 전수 조사한 지역은 없습니다.
B000025202,인천장아초등학교,welfare,판단 보류,0,수집 목록에서 주변 시설을 확인하지 못했습니다. 시설이 없다는 뜻은 아닙니다.
B000003013,인천영선초등학교,library,판단 보류,1,수집 목록에서 주변 시설을 찾았습니다. 실제 출입구 경로와 이용조건은 추가 확인이 필요합니다.
B000003013,인천영선초등학교,books,판단 보류,,학교 내부 자료를 확인했습니다. 장서 구성·노후도·이용수요는 추가 확인이 필요합니다.
B000003013,인천영선초등학교,sports,판단 보류,1,수집 목록에서 주변 시설을 찾았습니다. 실제 출입구 경로와 이용조건은 추가 확인이 필요합니다.; 25곳 모두 부평구 소재이며 부평구를 포함해 전수 조사한 지역은 없습니다.
B000003013,인천영선초등학교,welfare,판단 보류,0,수집 목록에서 주변 시설을 확인하지 못했습니다. 시설이 없다는 뜻은 아닙니다.
B000003127,인천부현동초등학교,library,판단 보류,1,수집 목록에서 주변 시설을 찾았습니다. 실제 출입구 경로와 이용조건은 추가 확인이 필요합니다.
B000003127,인천부현동초등학교,books,판단 보류,,학교 내부 자료를 확인했습니다. 장서 구성·노후도·이용수요는 추가 확인이 필요합니다.
B000003127,인천부현동초등학교,sports,판단 보류,0,수집 목록에서 주변 시설을 확인하지 못했습니다. 시설이 없다는 뜻은 아닙니다.; 25곳 모두 부평구 소재이며 부평구를 포함해 전수 조사한 지역은 없습니다.
B000003127,인천부현동초등학교,welfare,판단 보류,0,수집 목록에서 주변 시설을 확인하지 못했습니다. 시설이 없다는 뜻은 아닙니다.
B000003012,인천후정초등학교,library,판단 보류,1,수집 목록에서 주변 시설을 찾았습니다. 실제 출입구 경로와 이용조건은 추가 확인이 필요합니다.
B000003012,인천후정초등학교,books,판단 보류,,학교 내부 자료를 확인했습니다. 장서 구성·노후도·이용수요는 추가 확인이 필요합니다.
B000003012,인천후정초등학교,sports,판단 보류,0,수집 목록에서 주변 시설을 확인하지 못했습니다. 시설이 없다는 뜻은 아닙니다.; 25곳 모두 부평구 소재이며 부평구를 포함해 전수 조사한 지역은 없습니다.
B000003012,인천후정초등학교,welfare,판단 보류,1,수집 목록에서 주변 시설을 찾았습니다. 실제 출입구 경로와 이용조건은 추가 확인이 필요합니다.
B000003007,인천부곡초등학교,library,판단 보류,0,수집 목록에서 주변 시설을 확인하지 못했습니다. 시설이 없다는 뜻은 아닙니다.
B000003007,인천부곡초등학교,books,판단 보류,,학교 내부 자료를 확인했습니다. 장서 구성·노후도·이용수요는 추가 확인이 필요합니다.
B000003007,인천부곡초등학교,sports,판단 보류,0,수집 목록에서 주변 시설을 확인하지 못했습니다. 시설이 없다는 뜻은 아닙니다.; 25곳 모두 부평구 소재이며 부평구를 포함해 전수 조사한 지역은 없습니다.
B000003007,인천부곡초등학교,welfare,판단 보류,0,수집 목록에서 주변 시설을 확인하지 못했습니다. 시설이 없다는 뜻은 아닙니다.
B000027505,인천중산초등학교,library,판단 보류,2,수집 목록에서 주변 시설을 찾았습니다. 실제 출입구 경로와 이용조건은 추가 확인이 필요합니다.
B000027505,인천중산초등학교,books,판단 보류,,학교 내부 자료를 확인했습니다. 장서 구성·노후도·이용수요는 추가 확인이 필요합니다.
B000027505,인천중산초등학교,sports,판단 보류,0,수집 목록에서 주변 시설을 확인하지 못했습니다. 시설이 없다는 뜻은 아닙니다.; 25곳 모두 부평구 소재이며 부평구를 포함해 전수 조사한 지역은 없습니다.
B000027505,인천중산초등학교,welfare,판단 보류,0,수집 목록에서 주변 시설을 확인하지 못했습니다. 시설이 없다는 뜻은 아닙니다.
B000024924,인천하늘초등학교,library,판단 보류,0,수집 목록에서 주변 시설을 확인하지 못했습니다. 시설이 없다는 뜻은 아닙니다.
B000024924,인천하늘초등학교,books,판단 보류,,학교 내부 자료를 확인했습니다. 장서 구성·노후도·이용수요는 추가 확인이 필요합니다.
B000024924,인천하늘초등학교,sports,판단 보류,0,수집 목록에서 주변 시설을 확인하지 못했습니다. 시설이 없다는 뜻은 아닙니다.; 25곳 모두 부평구 소재이며 부평구를 포함해 전수 조사한 지역은 없습니다.
B000024924,인천하늘초등학교,welfare,판단 보류,0,수집 목록에서 주변 시설을 확인하지 못했습니다. 시설이 없다는 뜻은 아닙니다.
B000003137,인천간재울초등학교,library,판단 보류,0,수집 목록에서 주변 시설을 확인하지 못했습니다. 시설이 없다는 뜻은 아닙니다.
B000003137,인천간재울초등학교,books,판단 보류,,학교 내부 자료를 확인했습니다. 장서 구성·노후도·이용수요는 추가 확인이 필요합니다.
B000003137,인천간재울초등학교,sports,판단 보류,0,수집 목록에서 주변 시설을 확인하지 못했습니다. 시설이 없다는 뜻은 아닙니다.; 25곳 모두 부평구 소재이며 부평구를 포함해 전수 조사한 지역은 없습니다.
B000003137,인천간재울초등학교,welfare,판단 보류,0,수집 목록에서 주변 시설을 확인하지 못했습니다. 시설이 없다는 뜻은 아닙니다.
B000003148,인천가림초등학교,library,판단 보류,3,수집 목록에서 주변 시설을 찾았습니다. 실제 출입구 경로와 이용조건은 추가 확인이 필요합니다.
B000003148,인천가림초등학교,books,판단 보류,,학교 내부 자료를 확인했습니다. 장서 구성·노후도·이용수요는 추가 확인이 필요합니다.
B000003148,인천가림초등학교,sports,판단 보류,0,수집 목록에서 주변 시설을 확인하지 못했습니다. 시설이 없다는 뜻은 아닙니다.; 25곳 모두 부평구 소재이며 부평구를 포함해 전수 조사한 지역은 없습니다.
B000003148,인천가림초등학교,welfare,판단 보류,2,수집 목록에서 주변 시설을 찾았습니다. 실제 출입구 경로와 이용조건은 추가 확인이 필요합니다.
B000003189,해명초등학교,library,판단 보류,0,수집 목록에서 주변 시설을 확인하지 못했습니다. 시설이 없다는 뜻은 아닙니다.; 도서지역은 도시형 500m 기준과 분리해 검토합니다.
B000003189,해명초등학교,books,판단 보류,,학교 내부 자료를 확인했습니다. 장서 구성·노후도·이용수요는 추가 확인이 필요합니다.; 도서지역은 도시형 500m 기준과 분리해 검토합니다.
B000003189,해명초등학교,sports,판단 보류,0,수집 목록에서 주변 시설을 확인하지 못했습니다. 시설이 없다는 뜻은 아닙니다.; 25곳 모두 부평구 소재이며 부평구를 포함해 전수 조사한 지역은 없습니다.; 도서지역은 도시형 500m 기준과 분리해 검토합니다.
B000003189,해명초등학교,welfare,판단 보류,0,수집 목록에서 주변 시설을 확인하지 못했습니다. 시설이 없다는 뜻은 아닙니다.; 도서지역은 도시형 500m 기준과 분리해 검토합니다.
B000003113,인천화전초등학교,library,판단 보류,0,수집 목록에서 주변 시설을 확인하지 못했습니다. 시설이 없다는 뜻은 아닙니다.
B000003113,인천화전초등학교,books,판단 보류,,학교 내부 자료를 확인했습니다. 장서 구성·노후도·이용수요는 추가 확인이 필요합니다.
B000003113,인천화전초등학교,sports,판단 보류,0,수집 목록에서 주변 시설을 확인하지 못했습니다. 시설이 없다는 뜻은 아닙니다.; 25곳 모두 부평구 소재이며 부평구를 포함해 전수 조사한 지역은 없습니다.
B000003113,인천화전초등학교,welfare,판단 보류,2,수집 목록에서 주변 시설을 찾았습니다. 실제 출입구 경로와 이용조건은 추가 확인이 필요합니다.
B000003131,인천효성서초등학교,library,판단 보류,0,수집 목록에서 주변 시설을 확인하지 못했습니다. 시설이 없다는 뜻은 아닙니다.
B000003131,인천효성서초등학교,books,판단 보류,,학교 내부 자료를 확인했습니다. 장서 구성·노후도·이용수요는 추가 확인이 필요합니다.
B000003131,인천효성서초등학교,sports,판단 보류,0,수집 목록에서 주변 시설을 확인하지 못했습니다. 시설이 없다는 뜻은 아닙니다.; 25곳 모두 부평구 소재이며 부평구를 포함해 전수 조사한 지역은 없습니다.
B000003131,인천효성서초등학교,welfare,판단 보류,1,수집 목록에서 주변 시설을 찾았습니다. 실제 출입구 경로와 이용조건은 추가 확인이 필요합니다.
B000026155,인천한들초등학교,library,판단 보류,0,수집 목록에서 주변 시설을 확인하지 못했습니다. 시설이 없다는 뜻은 아닙니다.
B000026155,인천한들초등학교,books,판단 보류,,학교 내부 자료를 확인했습니다. 장서 구성·노후도·이용수요는 추가 확인이 필요합니다.
B000026155,인천한들초등학교,sports,판단 보류,0,수집 목록에서 주변 시설을 확인하지 못했습니다. 시설이 없다는 뜻은 아닙니다.; 25곳 모두 부평구 소재이며 부평구를 포함해 전수 조사한 지역은 없습니다.
B000026155,인천한들초등학교,welfare,판단 보류,0,수집 목록에서 주변 시설을 확인하지 못했습니다. 시설이 없다는 뜻은 아닙니다.
B000025248,인천은송초등학교,library,판단 보류,0,수집 목록에서 주변 시설을 확인하지 못했습니다. 시설이 없다는 뜻은 아닙니다.
B000025248,인천은송초등학교,books,판단 보류,,학교 내부 자료를 확인했습니다. 장서 구성·노후도·이용수요는 추가 확인이 필요합니다.
B000025248,인천은송초등학교,sports,판단 보류,0,수집 목록에서 주변 시설을 확인하지 못했습니다. 시설이 없다는 뜻은 아닙니다.; 25곳 모두 부평구 소재이며 부평구를 포함해 전수 조사한 지역은 없습니다.
B000025248,인천은송초등학교,welfare,판단 보류,0,수집 목록에서 주변 시설을 확인하지 못했습니다. 시설이 없다는 뜻은 아닙니다.
B000003095,인천구월초등학교,library,판단 보류,0,수집 목록에서 주변 시설을 확인하지 못했습니다. 시설이 없다는 뜻은 아닙니다.
B000003095,인천구월초등학교,books,판단 보류,,학교 내부 자료를 확인했습니다. 장서 구성·노후도·이용수요는 추가 확인이 필요합니다.
B000003095,인천구월초등학교,sports,판단 보류,0,수집 목록에서 주변 시설을 확인하지 못했습니다. 시설이 없다는 뜻은 아닙니다.; 25곳 모두 부평구 소재이며 부평구를 포함해 전수 조사한 지역은 없습니다.
B000003095,인천구월초등학교,welfare,판단 보류,3,수집 목록에서 주변 시설을 찾았습니다. 실제 출입구 경로와 이용조건은 추가 확인이 필요합니다.
B000003140,인천초은초등학교,library,판단 보류,1,수집 목록에서 주변 시설을 찾았습니다. 실제 출입구 경로와 이용조건은 추가 확인이 필요합니다.
B000003140,인천초은초등학교,books,판단 보류,,학교 내부 자료를 확인했습니다. 장서 구성·노후도·이용수요는 추가 확인이 필요합니다.
B000003140,인천초은초등학교,sports,판단 보류,0,수집 목록에서 주변 시설을 확인하지 못했습니다. 시설이 없다는 뜻은 아닙니다.; 25곳 모두 부평구 소재이며 부평구를 포함해 전수 조사한 지역은 없습니다.
B000003140,인천초은초등학교,welfare,판단 보류,0,수집 목록에서 주변 시설을 확인하지 못했습니다. 시설이 없다는 뜻은 아닙니다.
B000025189,인천송명초등학교,library,판단 보류,0,수집 목록에서 주변 시설을 확인하지 못했습니다. 시설이 없다는 뜻은 아닙니다.
B000025189,인천송명초등학교,books,판단 보류,,학교 내부 자료를 확인했습니다. 장서 구성·노후도·이용수요는 추가 확인이 필요합니다.
B000025189,인천송명초등학교,sports,판단 보류,0,수집 목록에서 주변 시설을 확인하지 못했습니다. 시설이 없다는 뜻은 아닙니다.; 25곳 모두 부평구 소재이며 부평구를 포함해 전수 조사한 지역은 없습니다.
B000025189,인천송명초등학교,welfare,판단 보류,0,수집 목록에서 주변 시설을 확인하지 못했습니다. 시설이 없다는 뜻은 아닙니다.
B000025677,인천주안초등학교,library,판단 보류,0,수집 목록에서 주변 시설을 확인하지 못했습니다. 시설이 없다는 뜻은 아닙니다.
B000025677,인천주안초등학교,books,판단 보류,,학교 내부 자료를 확인했습니다. 장서 구성·노후도·이용수요는 추가 확인이 필요합니다.
B000025677,인천주안초등학교,sports,판단 보류,0,수집 목록에서 주변 시설을 확인하지 못했습니다. 시설이 없다는 뜻은 아닙니다.; 25곳 모두 부평구 소재이며 부평구를 포함해 전수 조사한 지역은 없습니다.
B000025677,인천주안초등학교,welfare,판단 보류,1,수집 목록에서 주변 시설을 찾았습니다. 실제 출입구 경로와 이용조건은 추가 확인이 필요합니다.
B000003164,인천가정초등학교,library,판단 보류,1,수집 목록에서 주변 시설을 찾았습니다. 실제 출입구 경로와 이용조건은 추가 확인이 필요합니다.
B000003164,인천가정초등학교,books,판단 보류,,학교 내부 자료를 확인했습니다. 장서 구성·노후도·이용수요는 추가 확인이 필요합니다.
B000003164,인천가정초등학교,sports,판단 보류,0,수집 목록에서 주변 시설을 확인하지 못했습니다. 시설이 없다는 뜻은 아닙니다.; 25곳 모두 부평구 소재이며 부평구를 포함해 전수 조사한 지역은 없습니다.
B000003164,인천가정초등학교,welfare,판단 보류,0,수집 목록에서 주변 시설을 확인하지 못했습니다. 시설이 없다는 뜻은 아닙니다.
B000003187,양사초등학교,library,판단 보류,0,수집 목록에서 주변 시설을 확인하지 못했습니다. 시설이 없다는 뜻은 아닙니다.; 도서지역은 도시형 500m 기준과 분리해 검토합니다.
B000003187,양사초등학교,books,판단 보류,,학교 내부 자료를 확인했습니다. 장서 구성·노후도·이용수요는 추가 확인이 필요합니다.; 도서지역은 도시형 500m 기준과 분리해 검토합니다.
B000003187,양사초등학교,sports,판단 보류,0,수집 목록에서 주변 시설을 확인하지 못했습니다. 시설이 없다는 뜻은 아닙니다.; 25곳 모두 부평구 소재이며 부평구를 포함해 전수 조사한 지역은 없습니다.; 도서지역은 도시형 500m 기준과 분리해 검토합니다.
B000003187,양사초등학교,welfare,판단 보류,0,수집 목록에서 주변 시설을 확인하지 못했습니다. 시설이 없다는 뜻은 아닙니다.; 도서지역은 도시형 500m 기준과 분리해 검토합니다.
B000003133,인천해원초등학교,library,판단 보류,0,수집 목록에서 주변 시설을 확인하지 못했습니다. 시설이 없다는 뜻은 아닙니다.
B000003133,인천해원초등학교,books,판단 보류,,학교 내부 자료를 확인했습니다. 장서 구성·노후도·이용수요는 추가 확인이 필요합니다.
B000003133,인천해원초등학교,sports,판단 보류,0,수집 목록에서 주변 시설을 확인하지 못했습니다. 시설이 없다는 뜻은 아닙니다.; 25곳 모두 부평구 소재이며 부평구를 포함해 전수 조사한 지역은 없습니다.
B000003133,인천해원초등학교,welfare,판단 보류,0,수집 목록에서 주변 시설을 확인하지 못했습니다. 시설이 없다는 뜻은 아닙니다.
B000002968,인천서림초등학교,library,판단 보류,3,수집 목록에서 주변 시설을 찾았습니다. 실제 출입구 경로와 이용조건은 추가 확인이 필요합니다.
B000002968,인천서림초등학교,books,판단 보류,,학교 내부 자료를 확인했습니다. 장서 구성·노후도·이용수요는 추가 확인이 필요합니다.
B000002968,인천서림초등학교,sports,판단 보류,0,수집 목록에서 주변 시설을 확인하지 못했습니다. 시설이 없다는 뜻은 아닙니다.; 25곳 모두 부평구 소재이며 부평구를 포함해 전수 조사한 지역은 없습니다.
B000002968,인천서림초등학교,welfare,판단 보류,5,수집 목록에서 주변 시설을 찾았습니다. 실제 출입구 경로와 이용조건은 추가 확인이 필요합니다.
B000026333,인천가원초등학교,library,판단 보류,0,수집 목록에서 주변 시설을 확인하지 못했습니다. 시설이 없다는 뜻은 아닙니다.
B000026333,인천가원초등학교,books,판단 보류,,학교 내부 자료를 확인했습니다. 장서 구성·노후도·이용수요는 추가 확인이 필요합니다.
B000026333,인천가원초등학교,sports,판단 보류,0,수집 목록에서 주변 시설을 확인하지 못했습니다. 시설이 없다는 뜻은 아닙니다.; 25곳 모두 부평구 소재이며 부평구를 포함해 전수 조사한 지역은 없습니다.
B000026333,인천가원초등학교,welfare,판단 보류,0,수집 목록에서 주변 시설을 확인하지 못했습니다. 시설이 없다는 뜻은 아닙니다.
B000003175,조산초등학교,library,판단 보류,0,수집 목록에서 주변 시설을 확인하지 못했습니다. 시설이 없다는 뜻은 아닙니다.; 도서지역은 도시형 500m 기준과 분리해 검토합니다.
B000003175,조산초등학교,books,판단 보류,,학교 내부 자료를 확인했습니다. 장서 구성·노후도·이용수요는 추가 확인이 필요합니다.; 도서지역은 도시형 500m 기준과 분리해 검토합니다.
B000003175,조산초등학교,sports,판단 보류,0,수집 목록에서 주변 시설을 확인하지 못했습니다. 시설이 없다는 뜻은 아닙니다.; 25곳 모두 부평구 소재이며 부평구를 포함해 전수 조사한 지역은 없습니다.; 도서지역은 도시형 500m 기준과 분리해 검토합니다.
B000003175,조산초등학교,welfare,판단 보류,0,수집 목록에서 주변 시설을 확인하지 못했습니다. 시설이 없다는 뜻은 아닙니다.; 도서지역은 도시형 500m 기준과 분리해 검토합니다.
B000003074,인천간석초등학교,library,판단 보류,0,수집 목록에서 주변 시설을 확인하지 못했습니다. 시설이 없다는 뜻은 아닙니다.
B000003074,인천간석초등학교,books,판단 보류,,학교 내부 자료를 확인했습니다. 장서 구성·노후도·이용수요는 추가 확인이 필요합니다.
B000003074,인천간석초등학교,sports,판단 보류,0,수집 목록에서 주변 시설을 확인하지 못했습니다. 시설이 없다는 뜻은 아닙니다.; 25곳 모두 부평구 소재이며 부평구를 포함해 전수 조사한 지역은 없습니다.
B000003074,인천간석초등학교,welfare,판단 보류,2,수집 목록에서 주변 시설을 찾았습니다. 실제 출입구 경로와 이용조건은 추가 확인이 필요합니다.
B000002993,연평초등학교,library,판단 보류,0,수집 목록에서 주변 시설을 확인하지 못했습니다. 시설이 없다는 뜻은 아닙니다.; 도서지역은 도시형 500m 기준과 분리해 검토합니다.
B000002993,연평초등학교,books,판단 보류,,학교 내부 자료를 확인했습니다. 장서 구성·노후도·이용수요는 추가 확인이 필요합니다.; 도서지역은 도시형 500m 기준과 분리해 검토합니다.
B000002993,연평초등학교,sports,판단 보류,0,수집 목록에서 주변 시설을 확인하지 못했습니다. 시설이 없다는 뜻은 아닙니다.; 25곳 모두 부평구 소재이며 부평구를 포함해 전수 조사한 지역은 없습니다.; 도서지역은 도시형 500m 기준과 분리해 검토합니다.
B000002993,연평초등학교,welfare,판단 보류,0,수집 목록에서 주변 시설을 확인하지 못했습니다. 시설이 없다는 뜻은 아닙니다.; 도서지역은 도시형 500m 기준과 분리해 검토합니다.
B000025236,인천첨단초등학교,library,판단 보류,0,수집 목록에서 주변 시설을 확인하지 못했습니다. 시설이 없다는 뜻은 아닙니다.
B000025236,인천첨단초등학교,books,판단 보류,,학교 내부 자료를 확인했습니다. 장서 구성·노후도·이용수요는 추가 확인이 필요합니다.
B000025236,인천첨단초등학교,sports,판단 보류,0,수집 목록에서 주변 시설을 확인하지 못했습니다. 시설이 없다는 뜻은 아닙니다.; 25곳 모두 부평구 소재이며 부평구를 포함해 전수 조사한 지역은 없습니다.
B000025236,인천첨단초등학교,welfare,판단 보류,0,수집 목록에서 주변 시설을 확인하지 못했습니다. 시설이 없다는 뜻은 아닙니다.
B000026470,인천이음초등학교,library,판단 보류,0,수집 목록에서 주변 시설을 확인하지 못했습니다. 시설이 없다는 뜻은 아닙니다.
B000026470,인천이음초등학교,books,판단 보류,,학교 내부 자료를 확인했습니다. 장서 구성·노후도·이용수요는 추가 확인이 필요합니다.
B000026470,인천이음초등학교,sports,판단 보류,0,수집 목록에서 주변 시설을 확인하지 못했습니다. 시설이 없다는 뜻은 아닙니다.; 25곳 모두 부평구 소재이며 부평구를 포함해 전수 조사한 지역은 없습니다.
B000026470,인천이음초등학교,welfare,판단 보류,0,수집 목록에서 주변 시설을 확인하지 못했습니다. 시설이 없다는 뜻은 아닙니다.
B000003124,인천안산초등학교,library,판단 보류,0,수집 목록에서 주변 시설을 확인하지 못했습니다. 시설이 없다는 뜻은 아닙니다.
B000003124,인천안산초등학교,books,판단 보류,,학교 내부 자료를 확인했습니다. 장서 구성·노후도·이용수요는 추가 확인이 필요합니다.
B000003124,인천안산초등학교,sports,판단 보류,0,수집 목록에서 주변 시설을 확인하지 못했습니다. 시설이 없다는 뜻은 아닙니다.; 25곳 모두 부평구 소재이며 부평구를 포함해 전수 조사한 지역은 없습니다.
B000003124,인천안산초등학교,welfare,판단 보류,0,수집 목록에서 주변 시설을 확인하지 못했습니다. 시설이 없다는 뜻은 아닙니다.
B000003185,하점초등학교,library,판단 보류,0,수집 목록에서 주변 시설을 확인하지 못했습니다. 시설이 없다는 뜻은 아닙니다.; 도서지역은 도시형 500m 기준과 분리해 검토합니다.
B000003185,하점초등학교,books,판단 보류,,학교 내부 자료를 확인했습니다. 장서 구성·노후도·이용수요는 추가 확인이 필요합니다.; 도서지역은 도시형 500m 기준과 분리해 검토합니다.
B000003185,하점초등학교,sports,판단 보류,0,수집 목록에서 주변 시설을 확인하지 못했습니다. 시설이 없다는 뜻은 아닙니다.; 25곳 모두 부평구 소재이며 부평구를 포함해 전수 조사한 지역은 없습니다.; 도서지역은 도시형 500m 기준과 분리해 검토합니다.
B000003185,하점초등학교,welfare,판단 보류,0,수집 목록에서 주변 시설을 확인하지 못했습니다. 시설이 없다는 뜻은 아닙니다.; 도서지역은 도시형 500m 기준과 분리해 검토합니다.
B000003065,인천신정초등학교,library,판단 보류,0,수집 목록에서 주변 시설을 확인하지 못했습니다. 시설이 없다는 뜻은 아닙니다.
B000003065,인천신정초등학교,books,판단 보류,,학교 내부 자료를 확인했습니다. 장서 구성·노후도·이용수요는 추가 확인이 필요합니다.
B000003065,인천신정초등학교,sports,판단 보류,0,수집 목록에서 주변 시설을 확인하지 못했습니다. 시설이 없다는 뜻은 아닙니다.; 25곳 모두 부평구 소재이며 부평구를 포함해 전수 조사한 지역은 없습니다.
B000003065,인천신정초등학교,welfare,판단 보류,0,수집 목록에서 주변 시설을 확인하지 못했습니다. 시설이 없다는 뜻은 아닙니다.
B000002962,인천영종초등학교금산분교장,library,판단 보류,0,수집 목록에서 주변 시설을 확인하지 못했습니다. 시설이 없다는 뜻은 아닙니다.
B000002962,인천영종초등학교금산분교장,books,판단 보류,,학교 내부 자료를 확인했습니다. 장서 구성·노후도·이용수요는 추가 확인이 필요합니다.
B000002962,인천영종초등학교금산분교장,sports,판단 보류,0,수집 목록에서 주변 시설을 확인하지 못했습니다. 시설이 없다는 뜻은 아닙니다.; 25곳 모두 부평구 소재이며 부평구를 포함해 전수 조사한 지역은 없습니다.
B000002962,인천영종초등학교금산분교장,welfare,판단 보류,0,수집 목록에서 주변 시설을 확인하지 못했습니다. 시설이 없다는 뜻은 아닙니다.
B000003158,인천원당초등학교,library,판단 보류,1,수집 목록에서 주변 시설을 찾았습니다. 실제 출입구 경로와 이용조건은 추가 확인이 필요합니다.
B000003158,인천원당초등학교,books,판단 보류,,학교 내부 자료를 확인했습니다. 장서 구성·노후도·이용수요는 추가 확인이 필요합니다.
B000003158,인천원당초등학교,sports,판단 보류,0,수집 목록에서 주변 시설을 확인하지 못했습니다. 시설이 없다는 뜻은 아닙니다.; 25곳 모두 부평구 소재이며 부평구를 포함해 전수 조사한 지역은 없습니다.
B000003158,인천원당초등학교,welfare,판단 보류,0,수집 목록에서 주변 시설을 확인하지 못했습니다. 시설이 없다는 뜻은 아닙니다.
B000025512,인천용학초등학교,library,판단 보류,0,수집 목록에서 주변 시설을 확인하지 못했습니다. 시설이 없다는 뜻은 아닙니다.
B000025512,인천용학초등학교,books,판단 보류,,학교 내부 자료를 확인했습니다. 장서 구성·노후도·이용수요는 추가 확인이 필요합니다.
B000025512,인천용학초등학교,sports,판단 보류,0,수집 목록에서 주변 시설을 확인하지 못했습니다. 시설이 없다는 뜻은 아닙니다.; 25곳 모두 부평구 소재이며 부평구를 포함해 전수 조사한 지역은 없습니다.
B000025512,인천용학초등학교,welfare,판단 보류,0,수집 목록에서 주변 시설을 확인하지 못했습니다. 시설이 없다는 뜻은 아닙니다.
B000003087,인천원동초등학교,library,판단 보류,0,수집 목록에서 주변 시설을 확인하지 못했습니다. 시설이 없다는 뜻은 아닙니다.
B000003087,인천원동초등학교,books,판단 보류,,학교 내부 자료를 확인했습니다. 장서 구성·노후도·이용수요는 추가 확인이 필요합니다.
B000003087,인천원동초등학교,sports,판단 보류,0,수집 목록에서 주변 시설을 확인하지 못했습니다. 시설이 없다는 뜻은 아닙니다.; 25곳 모두 부평구 소재이며 부평구를 포함해 전수 조사한 지역은 없습니다.
B000003087,인천원동초등학교,welfare,판단 보류,0,수집 목록에서 주변 시설을 확인하지 못했습니다. 시설이 없다는 뜻은 아닙니다.
B000025222,인천현송초등학교,library,판단 보류,0,수집 목록에서 주변 시설을 확인하지 못했습니다. 시설이 없다는 뜻은 아닙니다.
B000025222,인천현송초등학교,books,판단 보류,,학교 내부 자료를 확인했습니다. 장서 구성·노후도·이용수요는 추가 확인이 필요합니다.
B000025222,인천현송초등학교,sports,판단 보류,0,수집 목록에서 주변 시설을 확인하지 못했습니다. 시설이 없다는 뜻은 아닙니다.; 25곳 모두 부평구 소재이며 부평구를 포함해 전수 조사한 지역은 없습니다.
B000025222,인천현송초등학교,welfare,판단 보류,0,수집 목록에서 주변 시설을 확인하지 못했습니다. 시설이 없다는 뜻은 아닙니다.
B000003016,인천부일초등학교,library,판단 보류,0,수집 목록에서 주변 시설을 확인하지 못했습니다. 시설이 없다는 뜻은 아닙니다.
B000003016,인천부일초등학교,books,판단 보류,,학교 내부 자료를 확인했습니다. 장서 구성·노후도·이용수요는 추가 확인이 필요합니다.
B000003016,인천부일초등학교,sports,판단 보류,0,수집 목록에서 주변 시설을 확인하지 못했습니다. 시설이 없다는 뜻은 아닙니다.; 25곳 모두 부평구 소재이며 부평구를 포함해 전수 조사한 지역은 없습니다.
B000003016,인천부일초등학교,welfare,판단 보류,0,수집 목록에서 주변 시설을 확인하지 못했습니다. 시설이 없다는 뜻은 아닙니다.
B000003170,인천서곶초등학교,library,판단 보류,0,수집 목록에서 주변 시설을 확인하지 못했습니다. 시설이 없다는 뜻은 아닙니다.
B000003170,인천서곶초등학교,books,판단 보류,,학교 내부 자료를 확인했습니다. 장서 구성·노후도·이용수요는 추가 확인이 필요합니다.
B000003170,인천서곶초등학교,sports,판단 보류,0,수집 목록에서 주변 시설을 확인하지 못했습니다. 시설이 없다는 뜻은 아닙니다.; 25곳 모두 부평구 소재이며 부평구를 포함해 전수 조사한 지역은 없습니다.
B000003170,인천서곶초등학교,welfare,판단 보류,2,수집 목록에서 주변 시설을 찾았습니다. 실제 출입구 경로와 이용조건은 추가 확인이 필요합니다.
B000026504,인천송담초등학교,library,판단 보류,0,수집 목록에서 주변 시설을 확인하지 못했습니다. 시설이 없다는 뜻은 아닙니다.
B000026504,인천송담초등학교,books,판단 보류,,학교 내부 자료를 확인했습니다. 장서 구성·노후도·이용수요는 추가 확인이 필요합니다.
B000026504,인천송담초등학교,sports,판단 보류,0,수집 목록에서 주변 시설을 확인하지 못했습니다. 시설이 없다는 뜻은 아닙니다.; 25곳 모두 부평구 소재이며 부평구를 포함해 전수 조사한 지역은 없습니다.
B000026504,인천송담초등학교,welfare,판단 보류,0,수집 목록에서 주변 시설을 확인하지 못했습니다. 시설이 없다는 뜻은 아닙니다.
B000003176,화도초등학교,library,판단 보류,0,수집 목록에서 주변 시설을 확인하지 못했습니다. 시설이 없다는 뜻은 아닙니다.; 도서지역은 도시형 500m 기준과 분리해 검토합니다.
B000003176,화도초등학교,books,판단 보류,,학교 내부 자료를 확인했습니다. 장서 구성·노후도·이용수요는 추가 확인이 필요합니다.; 도서지역은 도시형 500m 기준과 분리해 검토합니다.
B000003176,화도초등학교,sports,판단 보류,0,수집 목록에서 주변 시설을 확인하지 못했습니다. 시설이 없다는 뜻은 아닙니다.; 25곳 모두 부평구 소재이며 부평구를 포함해 전수 조사한 지역은 없습니다.; 도서지역은 도시형 500m 기준과 분리해 검토합니다.
B000003176,화도초등학교,welfare,판단 보류,0,수집 목록에서 주변 시설을 확인하지 못했습니다. 시설이 없다는 뜻은 아닙니다.; 도서지역은 도시형 500m 기준과 분리해 검토합니다.
B000003139,인천청라초등학교,library,판단 보류,2,수집 목록에서 주변 시설을 찾았습니다. 실제 출입구 경로와 이용조건은 추가 확인이 필요합니다.
B000003139,인천청라초등학교,books,판단 보류,,학교 내부 자료를 확인했습니다. 장서 구성·노후도·이용수요는 추가 확인이 필요합니다.
B000003139,인천청라초등학교,sports,판단 보류,0,수집 목록에서 주변 시설을 확인하지 못했습니다. 시설이 없다는 뜻은 아닙니다.; 25곳 모두 부평구 소재이며 부평구를 포함해 전수 조사한 지역은 없습니다.
B000003139,인천청라초등학교,welfare,판단 보류,0,수집 목록에서 주변 시설을 확인하지 못했습니다. 시설이 없다는 뜻은 아닙니다.
B000025210,인천연송초등학교,library,판단 보류,1,수집 목록에서 주변 시설을 찾았습니다. 실제 출입구 경로와 이용조건은 추가 확인이 필요합니다.
B000025210,인천연송초등학교,books,판단 보류,,학교 내부 자료를 확인했습니다. 장서 구성·노후도·이용수요는 추가 확인이 필요합니다.
B000025210,인천연송초등학교,sports,판단 보류,0,수집 목록에서 주변 시설을 확인하지 못했습니다. 시설이 없다는 뜻은 아닙니다.; 25곳 모두 부평구 소재이며 부평구를 포함해 전수 조사한 지역은 없습니다.
B000025210,인천연송초등학교,welfare,판단 보류,0,수집 목록에서 주변 시설을 확인하지 못했습니다. 시설이 없다는 뜻은 아닙니다.
B000003179,강화초등학교,library,판단 보류,1,수집 목록에서 주변 시설을 찾았습니다. 실제 출입구 경로와 이용조건은 추가 확인이 필요합니다.; 도서지역은 도시형 500m 기준과 분리해 검토합니다.
B000003179,강화초등학교,books,판단 보류,,학교 내부 자료를 확인했습니다. 장서 구성·노후도·이용수요는 추가 확인이 필요합니다.; 도서지역은 도시형 500m 기준과 분리해 검토합니다.
B000003179,강화초등학교,sports,판단 보류,0,수집 목록에서 주변 시설을 확인하지 못했습니다. 시설이 없다는 뜻은 아닙니다.; 25곳 모두 부평구 소재이며 부평구를 포함해 전수 조사한 지역은 없습니다.; 도서지역은 도시형 500m 기준과 분리해 검토합니다.
B000003179,강화초등학교,welfare,판단 보류,1,수집 목록에서 주변 시설을 찾았습니다. 실제 출입구 경로와 이용조건은 추가 확인이 필요합니다.; 도서지역은 도시형 500m 기준과 분리해 검토합니다.
B000003101,인천인동초등학교,library,판단 보류,0,수집 목록에서 주변 시설을 확인하지 못했습니다. 시설이 없다는 뜻은 아닙니다.
B000003101,인천인동초등학교,books,판단 보류,,학교 내부 자료를 확인했습니다. 장서 구성·노후도·이용수요는 추가 확인이 필요합니다.
B000003101,인천인동초등학교,sports,판단 보류,0,수집 목록에서 주변 시설을 확인하지 못했습니다. 시설이 없다는 뜻은 아닙니다.; 25곳 모두 부평구 소재이며 부평구를 포함해 전수 조사한 지역은 없습니다.
B000003101,인천인동초등학교,welfare,판단 보류,2,수집 목록에서 주변 시설을 찾았습니다. 실제 출입구 경로와 이용조건은 추가 확인이 필요합니다.
B000002982,인천석암초등학교,library,판단 보류,0,수집 목록에서 주변 시설을 확인하지 못했습니다. 시설이 없다는 뜻은 아닙니다.
B000002982,인천석암초등학교,books,판단 보류,,학교 내부 자료를 확인했습니다. 장서 구성·노후도·이용수요는 추가 확인이 필요합니다.
B000002982,인천석암초등학교,sports,판단 보류,0,수집 목록에서 주변 시설을 확인하지 못했습니다. 시설이 없다는 뜻은 아닙니다.; 25곳 모두 부평구 소재이며 부평구를 포함해 전수 조사한 지역은 없습니다.
B000002982,인천석암초등학교,welfare,판단 보류,1,수집 목록에서 주변 시설을 찾았습니다. 실제 출입구 경로와 이용조건은 추가 확인이 필요합니다.
B000002956,인천운남초등학교,library,판단 보류,0,수집 목록에서 주변 시설을 확인하지 못했습니다. 시설이 없다는 뜻은 아닙니다.
B000002956,인천운남초등학교,books,판단 보류,,학교 내부 자료를 확인했습니다. 장서 구성·노후도·이용수요는 추가 확인이 필요합니다.
B000002956,인천운남초등학교,sports,판단 보류,0,수집 목록에서 주변 시설을 확인하지 못했습니다. 시설이 없다는 뜻은 아닙니다.; 25곳 모두 부평구 소재이며 부평구를 포함해 전수 조사한 지역은 없습니다.
B000002956,인천운남초등학교,welfare,판단 보류,0,수집 목록에서 주변 시설을 확인하지 못했습니다. 시설이 없다는 뜻은 아닙니다.
B000003153,인천완정초등학교,library,판단 보류,1,수집 목록에서 주변 시설을 찾았습니다. 실제 출입구 경로와 이용조건은 추가 확인이 필요합니다.
B000003153,인천완정초등학교,books,판단 보류,,학교 내부 자료를 확인했습니다. 장서 구성·노후도·이용수요는 추가 확인이 필요합니다.
B000003153,인천완정초등학교,sports,판단 보류,0,수집 목록에서 주변 시설을 확인하지 못했습니다. 시설이 없다는 뜻은 아닙니다.; 25곳 모두 부평구 소재이며 부평구를 포함해 전수 조사한 지역은 없습니다.
B000003153,인천완정초등학교,welfare,판단 보류,0,수집 목록에서 주변 시설을 확인하지 못했습니다. 시설이 없다는 뜻은 아닙니다.
B000003160,인천창신초등학교,library,판단 보류,0,수집 목록에서 주변 시설을 확인하지 못했습니다. 시설이 없다는 뜻은 아닙니다.
B000003160,인천창신초등학교,books,판단 보류,,학교 내부 자료를 확인했습니다. 장서 구성·노후도·이용수요는 추가 확인이 필요합니다.
B000003160,인천창신초등학교,sports,판단 보류,0,수집 목록에서 주변 시설을 확인하지 못했습니다. 시설이 없다는 뜻은 아닙니다.; 25곳 모두 부평구 소재이며 부평구를 포함해 전수 조사한 지역은 없습니다.
B000003160,인천창신초등학교,welfare,판단 보류,0,수집 목록에서 주변 시설을 확인하지 못했습니다. 시설이 없다는 뜻은 아닙니다.
B000026332,인천백석초등학교,library,판단 보류,0,수집 목록에서 주변 시설을 확인하지 못했습니다. 시설이 없다는 뜻은 아닙니다.
B000026332,인천백석초등학교,books,판단 보류,,학교 내부 자료를 확인했습니다. 장서 구성·노후도·이용수요는 추가 확인이 필요합니다.
B000026332,인천백석초등학교,sports,판단 보류,0,수집 목록에서 주변 시설을 확인하지 못했습니다. 시설이 없다는 뜻은 아닙니다.; 25곳 모두 부평구 소재이며 부평구를 포함해 전수 조사한 지역은 없습니다.
B000026332,인천백석초등학교,welfare,판단 보류,0,수집 목록에서 주변 시설을 확인하지 못했습니다. 시설이 없다는 뜻은 아닙니다.
B000003186,명신초등학교,library,판단 보류,0,수집 목록에서 주변 시설을 확인하지 못했습니다. 시설이 없다는 뜻은 아닙니다.; 도서지역은 도시형 500m 기준과 분리해 검토합니다.
B000003186,명신초등학교,books,판단 보류,,학교 내부 자료를 확인했습니다. 장서 구성·노후도·이용수요는 추가 확인이 필요합니다.; 도서지역은 도시형 500m 기준과 분리해 검토합니다.
B000003186,명신초등학교,sports,판단 보류,0,수집 목록에서 주변 시설을 확인하지 못했습니다. 시설이 없다는 뜻은 아닙니다.; 25곳 모두 부평구 소재이며 부평구를 포함해 전수 조사한 지역은 없습니다.; 도서지역은 도시형 500m 기준과 분리해 검토합니다.
B000003186,명신초등학교,welfare,판단 보류,0,수집 목록에서 주변 시설을 확인하지 못했습니다. 시설이 없다는 뜻은 아닙니다.; 도서지역은 도시형 500m 기준과 분리해 검토합니다.
B000003122,인천계양초등학교,library,판단 보류,0,수집 목록에서 주변 시설을 확인하지 못했습니다. 시설이 없다는 뜻은 아닙니다.
B000003122,인천계양초등학교,books,판단 보류,,학교 내부 자료를 확인했습니다. 장서 구성·노후도·이용수요는 추가 확인이 필요합니다.
B000003122,인천계양초등학교,sports,판단 보류,0,수집 목록에서 주변 시설을 확인하지 못했습니다. 시설이 없다는 뜻은 아닙니다.; 25곳 모두 부평구 소재이며 부평구를 포함해 전수 조사한 지역은 없습니다.
B000003122,인천계양초등학교,welfare,판단 보류,1,수집 목록에서 주변 시설을 찾았습니다. 실제 출입구 경로와 이용조건은 추가 확인이 필요합니다.
B000003194,서도초등학교,library,판단 보류,0,수집 목록에서 주변 시설을 확인하지 못했습니다. 시설이 없다는 뜻은 아닙니다.; 도서지역은 도시형 500m 기준과 분리해 검토합니다.
B000003194,서도초등학교,books,판단 보류,,학교 내부 자료를 확인했습니다. 장서 구성·노후도·이용수요는 추가 확인이 필요합니다.; 도서지역은 도시형 500m 기준과 분리해 검토합니다.
B000003194,서도초등학교,sports,판단 보류,0,수집 목록에서 주변 시설을 확인하지 못했습니다. 시설이 없다는 뜻은 아닙니다.; 25곳 모두 부평구 소재이며 부평구를 포함해 전수 조사한 지역은 없습니다.; 도서지역은 도시형 500m 기준과 분리해 검토합니다.
B000003194,서도초등학교,welfare,판단 보류,0,수집 목록에서 주변 시설을 확인하지 못했습니다. 시설이 없다는 뜻은 아닙니다.; 도서지역은 도시형 500m 기준과 분리해 검토합니다.
B000003112,인천성지초등학교,library,판단 보류,0,수집 목록에서 주변 시설을 확인하지 못했습니다. 시설이 없다는 뜻은 아닙니다.
B000003112,인천성지초등학교,books,판단 보류,,학교 내부 자료를 확인했습니다. 장서 구성·노후도·이용수요는 추가 확인이 필요합니다.
B000003112,인천성지초등학교,sports,판단 보류,0,수집 목록에서 주변 시설을 확인하지 못했습니다. 시설이 없다는 뜻은 아닙니다.; 25곳 모두 부평구 소재이며 부평구를 포함해 전수 조사한 지역은 없습니다.
B000003112,인천성지초등학교,welfare,판단 보류,2,수집 목록에서 주변 시설을 찾았습니다. 실제 출입구 경로와 이용조건은 추가 확인이 필요합니다.
B000003120,인천당산초등학교,library,판단 보류,0,수집 목록에서 주변 시설을 확인하지 못했습니다. 시설이 없다는 뜻은 아닙니다.
B000003120,인천당산초등학교,books,판단 보류,,학교 내부 자료를 확인했습니다. 장서 구성·노후도·이용수요는 추가 확인이 필요합니다.
B000003120,인천당산초등학교,sports,판단 보류,0,수집 목록에서 주변 시설을 확인하지 못했습니다. 시설이 없다는 뜻은 아닙니다.; 25곳 모두 부평구 소재이며 부평구를 포함해 전수 조사한 지역은 없습니다.
B000003120,인천당산초등학교,welfare,판단 보류,0,수집 목록에서 주변 시설을 확인하지 못했습니다. 시설이 없다는 뜻은 아닙니다.
B000002967,인천서흥초등학교,library,판단 보류,1,수집 목록에서 주변 시설을 찾았습니다. 실제 출입구 경로와 이용조건은 추가 확인이 필요합니다.
B000002967,인천서흥초등학교,books,판단 보류,,학교 내부 자료를 확인했습니다. 장서 구성·노후도·이용수요는 추가 확인이 필요합니다.
B000002967,인천서흥초등학교,sports,판단 보류,0,수집 목록에서 주변 시설을 확인하지 못했습니다. 시설이 없다는 뜻은 아닙니다.; 25곳 모두 부평구 소재이며 부평구를 포함해 전수 조사한 지역은 없습니다.
B000002967,인천서흥초등학교,welfare,판단 보류,4,수집 목록에서 주변 시설을 찾았습니다. 실제 출입구 경로와 이용조건은 추가 확인이 필요합니다.
B000003192,교동초등학교,library,판단 보류,0,수집 목록에서 주변 시설을 확인하지 못했습니다. 시설이 없다는 뜻은 아닙니다.; 도서지역은 도시형 500m 기준과 분리해 검토합니다.
B000003192,교동초등학교,books,판단 보류,,학교 내부 자료를 확인했습니다. 장서 구성·노후도·이용수요는 추가 확인이 필요합니다.; 도서지역은 도시형 500m 기준과 분리해 검토합니다.
B000003192,교동초등학교,sports,판단 보류,0,수집 목록에서 주변 시설을 확인하지 못했습니다. 시설이 없다는 뜻은 아닙니다.; 25곳 모두 부평구 소재이며 부평구를 포함해 전수 조사한 지역은 없습니다.; 도서지역은 도시형 500m 기준과 분리해 검토합니다.
B000003192,교동초등학교,welfare,판단 보류,0,수집 목록에서 주변 시설을 확인하지 못했습니다. 시설이 없다는 뜻은 아닙니다.; 도서지역은 도시형 500m 기준과 분리해 검토합니다.
B000003134,인천경명초등학교,library,판단 보류,0,수집 목록에서 주변 시설을 확인하지 못했습니다. 시설이 없다는 뜻은 아닙니다.
B000003134,인천경명초등학교,books,판단 보류,,학교 내부 자료를 확인했습니다. 장서 구성·노후도·이용수요는 추가 확인이 필요합니다.
B000003134,인천경명초등학교,sports,판단 보류,0,수집 목록에서 주변 시설을 확인하지 못했습니다. 시설이 없다는 뜻은 아닙니다.; 25곳 모두 부평구 소재이며 부평구를 포함해 전수 조사한 지역은 없습니다.
B000003134,인천경명초등학교,welfare,판단 보류,0,수집 목록에서 주변 시설을 확인하지 못했습니다. 시설이 없다는 뜻은 아닙니다.
B000003184,삼성초등학교,library,판단 보류,0,수집 목록에서 주변 시설을 확인하지 못했습니다. 시설이 없다는 뜻은 아닙니다.; 도서지역은 도시형 500m 기준과 분리해 검토합니다.
B000003184,삼성초등학교,books,판단 보류,,학교 내부 자료를 확인했습니다. 장서 구성·노후도·이용수요는 추가 확인이 필요합니다.; 도서지역은 도시형 500m 기준과 분리해 검토합니다.
B000003184,삼성초등학교,sports,판단 보류,0,수집 목록에서 주변 시설을 확인하지 못했습니다. 시설이 없다는 뜻은 아닙니다.; 25곳 모두 부평구 소재이며 부평구를 포함해 전수 조사한 지역은 없습니다.; 도서지역은 도시형 500m 기준과 분리해 검토합니다.
B000003184,삼성초등학교,welfare,판단 보류,0,수집 목록에서 주변 시설을 확인하지 못했습니다. 시설이 없다는 뜻은 아닙니다.; 도서지역은 도시형 500m 기준과 분리해 검토합니다.
B000022839,인천청일초등학교,library,판단 보류,1,수집 목록에서 주변 시설을 찾았습니다. 실제 출입구 경로와 이용조건은 추가 확인이 필요합니다.
B000022839,인천청일초등학교,books,판단 보류,,학교 내부 자료를 확인했습니다. 장서 구성·노후도·이용수요는 추가 확인이 필요합니다.
B000022839,인천청일초등학교,sports,판단 보류,0,수집 목록에서 주변 시설을 확인하지 못했습니다. 시설이 없다는 뜻은 아닙니다.; 25곳 모두 부평구 소재이며 부평구를 포함해 전수 조사한 지역은 없습니다.
B000022839,인천청일초등학교,welfare,판단 보류,1,수집 목록에서 주변 시설을 찾았습니다. 실제 출입구 경로와 이용조건은 추가 확인이 필요합니다.
B000026471,인천신검단초등학교,library,판단 보류,0,수집 목록에서 주변 시설을 확인하지 못했습니다. 시설이 없다는 뜻은 아닙니다.
B000026471,인천신검단초등학교,books,판단 보류,,학교 내부 자료를 확인했습니다. 장서 구성·노후도·이용수요는 추가 확인이 필요합니다.
B000026471,인천신검단초등학교,sports,판단 보류,0,수집 목록에서 주변 시설을 확인하지 못했습니다. 시설이 없다는 뜻은 아닙니다.; 25곳 모두 부평구 소재이며 부평구를 포함해 전수 조사한 지역은 없습니다.
B000026471,인천신검단초등학교,welfare,판단 보류,0,수집 목록에서 주변 시설을 확인하지 못했습니다. 시설이 없다는 뜻은 아닙니다.
B000003141,인천양지초등학교,library,판단 보류,4,수집 목록에서 주변 시설을 찾았습니다. 실제 출입구 경로와 이용조건은 추가 확인이 필요합니다.
B000003141,인천양지초등학교,books,판단 보류,,학교 내부 자료를 확인했습니다. 장서 구성·노후도·이용수요는 추가 확인이 필요합니다.
B000003141,인천양지초등학교,sports,판단 보류,0,수집 목록에서 주변 시설을 확인하지 못했습니다. 시설이 없다는 뜻은 아닙니다.; 25곳 모두 부평구 소재이며 부평구를 포함해 전수 조사한 지역은 없습니다.
B000003141,인천양지초등학교,welfare,판단 보류,1,수집 목록에서 주변 시설을 찾았습니다. 실제 출입구 경로와 이용조건은 추가 확인이 필요합니다.
B000003190,삼산초등학교,library,판단 보류,0,수집 목록에서 주변 시설을 확인하지 못했습니다. 시설이 없다는 뜻은 아닙니다.; 도서지역은 도시형 500m 기준과 분리해 검토합니다.
B000003190,삼산초등학교,books,판단 보류,,학교 내부 자료를 확인했습니다. 장서 구성·노후도·이용수요는 추가 확인이 필요합니다.; 도서지역은 도시형 500m 기준과 분리해 검토합니다.
B000003190,삼산초등학교,sports,판단 보류,0,수집 목록에서 주변 시설을 확인하지 못했습니다. 시설이 없다는 뜻은 아닙니다.; 25곳 모두 부평구 소재이며 부평구를 포함해 전수 조사한 지역은 없습니다.; 도서지역은 도시형 500m 기준과 분리해 검토합니다.
B000003190,삼산초등학교,welfare,판단 보류,0,수집 목록에서 주변 시설을 확인하지 못했습니다. 시설이 없다는 뜻은 아닙니다.; 도서지역은 도시형 500m 기준과 분리해 검토합니다.
B000026467,인천해든초등학교,library,판단 보류,1,수집 목록에서 주변 시설을 찾았습니다. 실제 출입구 경로와 이용조건은 추가 확인이 필요합니다.
B000026467,인천해든초등학교,books,판단 보류,,학교 내부 자료를 확인했습니다. 장서 구성·노후도·이용수요는 추가 확인이 필요합니다.
B000026467,인천해든초등학교,sports,판단 보류,0,수집 목록에서 주변 시설을 확인하지 못했습니다. 시설이 없다는 뜻은 아닙니다.; 25곳 모두 부평구 소재이며 부평구를 포함해 전수 조사한 지역은 없습니다.
B000026467,인천해든초등학교,welfare,판단 보류,1,수집 목록에서 주변 시설을 찾았습니다. 실제 출입구 경로와 이용조건은 추가 확인이 필요합니다.
B000003083,인천도림초등학교,library,판단 보류,0,수집 목록에서 주변 시설을 확인하지 못했습니다. 시설이 없다는 뜻은 아닙니다.
B000003083,인천도림초등학교,books,판단 보류,,학교 내부 자료를 확인했습니다. 장서 구성·노후도·이용수요는 추가 확인이 필요합니다.
B000003083,인천도림초등학교,sports,판단 보류,0,수집 목록에서 주변 시설을 확인하지 못했습니다. 시설이 없다는 뜻은 아닙니다.; 25곳 모두 부평구 소재이며 부평구를 포함해 전수 조사한 지역은 없습니다.
B000003083,인천도림초등학교,welfare,판단 보류,0,수집 목록에서 주변 시설을 확인하지 못했습니다. 시설이 없다는 뜻은 아닙니다.
B000003177,대월초등학교,library,판단 보류,0,수집 목록에서 주변 시설을 확인하지 못했습니다. 시설이 없다는 뜻은 아닙니다.; 도서지역은 도시형 500m 기준과 분리해 검토합니다.
B000003177,대월초등학교,books,판단 보류,,학교 내부 자료를 확인했습니다. 장서 구성·노후도·이용수요는 추가 확인이 필요합니다.; 도서지역은 도시형 500m 기준과 분리해 검토합니다.
B000003177,대월초등학교,sports,판단 보류,0,수집 목록에서 주변 시설을 확인하지 못했습니다. 시설이 없다는 뜻은 아닙니다.; 25곳 모두 부평구 소재이며 부평구를 포함해 전수 조사한 지역은 없습니다.; 도서지역은 도시형 500m 기준과 분리해 검토합니다.
B000003177,대월초등학교,welfare,판단 보류,0,수집 목록에서 주변 시설을 확인하지 못했습니다. 시설이 없다는 뜻은 아닙니다.; 도서지역은 도시형 500m 기준과 분리해 검토합니다.
B000002997,북포초등학교,library,판단 보류,0,수집 목록에서 주변 시설을 확인하지 못했습니다. 시설이 없다는 뜻은 아닙니다.; 도서지역은 도시형 500m 기준과 분리해 검토합니다.
B000002997,북포초등학교,books,판단 보류,,학교 내부 자료를 확인했습니다. 장서 구성·노후도·이용수요는 추가 확인이 필요합니다.; 도서지역은 도시형 500m 기준과 분리해 검토합니다.
B000002997,북포초등학교,sports,판단 보류,0,수집 목록에서 주변 시설을 확인하지 못했습니다. 시설이 없다는 뜻은 아닙니다.; 25곳 모두 부평구 소재이며 부평구를 포함해 전수 조사한 지역은 없습니다.; 도서지역은 도시형 500m 기준과 분리해 검토합니다.
B000002997,북포초등학교,welfare,판단 보류,0,수집 목록에서 주변 시설을 확인하지 못했습니다. 시설이 없다는 뜻은 아닙니다.; 도서지역은 도시형 500m 기준과 분리해 검토합니다.
B000003094,인천신월초등학교,library,판단 보류,0,수집 목록에서 주변 시설을 확인하지 못했습니다. 시설이 없다는 뜻은 아닙니다.
B000003094,인천신월초등학교,books,판단 보류,,학교 내부 자료를 확인했습니다. 장서 구성·노후도·이용수요는 추가 확인이 필요합니다.
B000003094,인천신월초등학교,sports,판단 보류,0,수집 목록에서 주변 시설을 확인하지 못했습니다. 시설이 없다는 뜻은 아닙니다.; 25곳 모두 부평구 소재이며 부평구를 포함해 전수 조사한 지역은 없습니다.
B000003094,인천신월초등학교,welfare,판단 보류,1,수집 목록에서 주변 시설을 찾았습니다. 실제 출입구 경로와 이용조건은 추가 확인이 필요합니다.
B000003171,인천검암초등학교,library,판단 보류,1,수집 목록에서 주변 시설을 찾았습니다. 실제 출입구 경로와 이용조건은 추가 확인이 필요합니다.
B000003171,인천검암초등학교,books,판단 보류,,학교 내부 자료를 확인했습니다. 장서 구성·노후도·이용수요는 추가 확인이 필요합니다.
B000003171,인천검암초등학교,sports,판단 보류,0,수집 목록에서 주변 시설을 확인하지 못했습니다. 시설이 없다는 뜻은 아닙니다.; 25곳 모두 부평구 소재이며 부평구를 포함해 전수 조사한 지역은 없습니다.
B000003171,인천검암초등학교,welfare,판단 보류,0,수집 목록에서 주변 시설을 확인하지 못했습니다. 시설이 없다는 뜻은 아닙니다.
B000022834,인천청람초등학교,library,판단 보류,0,수집 목록에서 주변 시설을 확인하지 못했습니다. 시설이 없다는 뜻은 아닙니다.
B000022834,인천청람초등학교,books,판단 보류,,학교 내부 자료를 확인했습니다. 장서 구성·노후도·이용수요는 추가 확인이 필요합니다.
B000022834,인천청람초등학교,sports,판단 보류,0,수집 목록에서 주변 시설을 확인하지 못했습니다. 시설이 없다는 뜻은 아닙니다.; 25곳 모두 부평구 소재이며 부평구를 포함해 전수 조사한 지역은 없습니다.
B000022834,인천청람초등학교,welfare,판단 보류,0,수집 목록에서 주변 시설을 확인하지 못했습니다. 시설이 없다는 뜻은 아닙니다.
B000003169,인천신현초등학교,library,판단 보류,3,수집 목록에서 주변 시설을 찾았습니다. 실제 출입구 경로와 이용조건은 추가 확인이 필요합니다.
B000003169,인천신현초등학교,books,판단 보류,,학교 내부 자료를 확인했습니다. 장서 구성·노후도·이용수요는 추가 확인이 필요합니다.
B000003169,인천신현초등학교,sports,판단 보류,0,수집 목록에서 주변 시설을 확인하지 못했습니다. 시설이 없다는 뜻은 아닙니다.; 25곳 모두 부평구 소재이며 부평구를 포함해 전수 조사한 지역은 없습니다.
B000003169,인천신현초등학교,welfare,판단 보류,2,수집 목록에서 주변 시설을 찾았습니다. 실제 출입구 경로와 이용조건은 추가 확인이 필요합니다.
B000003085,인천장도초등학교,library,판단 보류,0,수집 목록에서 주변 시설을 확인하지 못했습니다. 시설이 없다는 뜻은 아닙니다.
B000003085,인천장도초등학교,books,판단 보류,,학교 내부 자료를 확인했습니다. 장서 구성·노후도·이용수요는 추가 확인이 필요합니다.
B000003085,인천장도초등학교,sports,판단 보류,0,수집 목록에서 주변 시설을 확인하지 못했습니다. 시설이 없다는 뜻은 아닙니다.; 25곳 모두 부평구 소재이며 부평구를 포함해 전수 조사한 지역은 없습니다.
B000003085,인천장도초등학교,welfare,판단 보류,3,수집 목록에서 주변 시설을 찾았습니다. 실제 출입구 경로와 이용조건은 추가 확인이 필요합니다.
B000003161,인천금곡초등학교,library,판단 보류,1,수집 목록에서 주변 시설을 찾았습니다. 실제 출입구 경로와 이용조건은 추가 확인이 필요합니다.
B000003161,인천금곡초등학교,books,판단 보류,,학교 내부 자료를 확인했습니다. 장서 구성·노후도·이용수요는 추가 확인이 필요합니다.
B000003161,인천금곡초등학교,sports,판단 보류,0,수집 목록에서 주변 시설을 확인하지 못했습니다. 시설이 없다는 뜻은 아닙니다.; 25곳 모두 부평구 소재이며 부평구를 포함해 전수 조사한 지역은 없습니다.
B000003161,인천금곡초등학교,welfare,판단 보류,0,수집 목록에서 주변 시설을 확인하지 못했습니다. 시설이 없다는 뜻은 아닙니다.
B000025256,인천송원초등학교,library,판단 보류,1,수집 목록에서 주변 시설을 찾았습니다. 실제 출입구 경로와 이용조건은 추가 확인이 필요합니다.
B000025256,인천송원초등학교,books,판단 보류,,학교 내부 자료를 확인했습니다. 장서 구성·노후도·이용수요는 추가 확인이 필요합니다.
B000025256,인천송원초등학교,sports,판단 보류,0,수집 목록에서 주변 시설을 확인하지 못했습니다. 시설이 없다는 뜻은 아닙니다.; 25곳 모두 부평구 소재이며 부평구를 포함해 전수 조사한 지역은 없습니다.
B000025256,인천송원초등학교,welfare,판단 보류,0,수집 목록에서 주변 시설을 확인하지 못했습니다. 시설이 없다는 뜻은 아닙니다.
B000003004,인천남부초등학교이작분교장,library,판단 보류,0,수집 목록에서 주변 시설을 확인하지 못했습니다. 시설이 없다는 뜻은 아닙니다.; 도서지역은 도시형 500m 기준과 분리해 검토합니다.
B000003004,인천남부초등학교이작분교장,books,판단 보류,,학교 내부 자료를 확인했습니다. 장서 구성·노후도·이용수요는 추가 확인이 필요합니다.; 도서지역은 도시형 500m 기준과 분리해 검토합니다.
B000003004,인천남부초등학교이작분교장,sports,판단 보류,0,수집 목록에서 주변 시설을 확인하지 못했습니다. 시설이 없다는 뜻은 아닙니다.; 25곳 모두 부평구 소재이며 부평구를 포함해 전수 조사한 지역은 없습니다.; 도서지역은 도시형 500m 기준과 분리해 검토합니다.
B000003004,인천남부초등학교이작분교장,welfare,판단 보류,0,수집 목록에서 주변 시설을 확인하지 못했습니다. 시설이 없다는 뜻은 아닙니다.; 도서지역은 도시형 500m 기준과 분리해 검토합니다.
B000003183,불은초등학교,library,판단 보류,0,수집 목록에서 주변 시설을 확인하지 못했습니다. 시설이 없다는 뜻은 아닙니다.; 도서지역은 도시형 500m 기준과 분리해 검토합니다.
B000003183,불은초등학교,books,판단 보류,,학교 내부 자료를 확인했습니다. 장서 구성·노후도·이용수요는 추가 확인이 필요합니다.; 도서지역은 도시형 500m 기준과 분리해 검토합니다.
B000003183,불은초등학교,sports,판단 보류,0,수집 목록에서 주변 시설을 확인하지 못했습니다. 시설이 없다는 뜻은 아닙니다.; 25곳 모두 부평구 소재이며 부평구를 포함해 전수 조사한 지역은 없습니다.; 도서지역은 도시형 500m 기준과 분리해 검토합니다.
B000003183,불은초등학교,welfare,판단 보류,0,수집 목록에서 주변 시설을 확인하지 못했습니다. 시설이 없다는 뜻은 아닙니다.; 도서지역은 도시형 500m 기준과 분리해 검토합니다.
B000003082,인천만수초등학교,library,판단 보류,0,수집 목록에서 주변 시설을 확인하지 못했습니다. 시설이 없다는 뜻은 아닙니다.
B000003082,인천만수초등학교,books,판단 보류,,학교 내부 자료를 확인했습니다. 장서 구성·노후도·이용수요는 추가 확인이 필요합니다.
B000003082,인천만수초등학교,sports,판단 보류,0,수집 목록에서 주변 시설을 확인하지 못했습니다. 시설이 없다는 뜻은 아닙니다.; 25곳 모두 부평구 소재이며 부평구를 포함해 전수 조사한 지역은 없습니다.
B000003082,인천만수초등학교,welfare,판단 보류,1,수집 목록에서 주변 시설을 찾았습니다. 실제 출입구 경로와 이용조건은 추가 확인이 필요합니다.
B000002980,인천관교초등학교,library,판단 보류,0,수집 목록에서 주변 시설을 확인하지 못했습니다. 시설이 없다는 뜻은 아닙니다.
B000002980,인천관교초등학교,books,판단 보류,,학교 내부 자료를 확인했습니다. 장서 구성·노후도·이용수요는 추가 확인이 필요합니다.
B000002980,인천관교초등학교,sports,판단 보류,0,수집 목록에서 주변 시설을 확인하지 못했습니다. 시설이 없다는 뜻은 아닙니다.; 25곳 모두 부평구 소재이며 부평구를 포함해 전수 조사한 지역은 없습니다.
B000002980,인천관교초등학교,welfare,판단 보류,3,수집 목록에서 주변 시설을 찾았습니다. 실제 출입구 경로와 이용조건은 추가 확인이 필요합니다.
B000003110,인천해서초등학교,library,판단 보류,0,수집 목록에서 주변 시설을 확인하지 못했습니다. 시설이 없다는 뜻은 아닙니다.
B000003110,인천해서초등학교,books,판단 보류,,학교 내부 자료를 확인했습니다. 장서 구성·노후도·이용수요는 추가 확인이 필요합니다.
B000003110,인천해서초등학교,sports,판단 보류,0,수집 목록에서 주변 시설을 확인하지 못했습니다. 시설이 없다는 뜻은 아닙니다.; 25곳 모두 부평구 소재이며 부평구를 포함해 전수 조사한 지역은 없습니다.
B000003110,인천해서초등학교,welfare,판단 보류,1,수집 목록에서 주변 시설을 찾았습니다. 실제 출입구 경로와 이용조건은 추가 확인이 필요합니다.
B000025196,인천장서초등학교,library,판단 보류,0,수집 목록에서 주변 시설을 확인하지 못했습니다. 시설이 없다는 뜻은 아닙니다.
B000025196,인천장서초등학교,books,판단 보류,,학교 내부 자료를 확인했습니다. 장서 구성·노후도·이용수요는 추가 확인이 필요합니다.
B000025196,인천장서초등학교,sports,판단 보류,0,수집 목록에서 주변 시설을 확인하지 못했습니다. 시설이 없다는 뜻은 아닙니다.; 25곳 모두 부평구 소재이며 부평구를 포함해 전수 조사한 지역은 없습니다.
B000025196,인천장서초등학교,welfare,판단 보류,0,수집 목록에서 주변 시설을 확인하지 못했습니다. 시설이 없다는 뜻은 아닙니다.
B000003045,인천한길초등학교,library,판단 보류,2,수집 목록에서 주변 시설을 찾았습니다. 실제 출입구 경로와 이용조건은 추가 확인이 필요합니다.
B000003045,인천한길초등학교,books,판단 보류,,학교 내부 자료를 확인했습니다. 장서 구성·노후도·이용수요는 추가 확인이 필요합니다.
B000003045,인천한길초등학교,sports,판단 보류,2,수집 목록에서 주변 시설을 찾았습니다. 실제 출입구 경로와 이용조건은 추가 확인이 필요합니다.; 25곳 모두 부평구 소재이며 부평구를 포함해 전수 조사한 지역은 없습니다.
B000003045,인천한길초등학교,welfare,판단 보류,2,수집 목록에서 주변 시설을 찾았습니다. 실제 출입구 경로와 이용조건은 추가 확인이 필요합니다.
B000003167,인천석남서초등학교,library,판단 보류,0,수집 목록에서 주변 시설을 확인하지 못했습니다. 시설이 없다는 뜻은 아닙니다.
B000003167,인천석남서초등학교,books,판단 보류,,학교 내부 자료를 확인했습니다. 장서 구성·노후도·이용수요는 추가 확인이 필요합니다.
B000003167,인천석남서초등학교,sports,판단 보류,0,수집 목록에서 주변 시설을 확인하지 못했습니다. 시설이 없다는 뜻은 아닙니다.; 25곳 모두 부평구 소재이며 부평구를 포함해 전수 조사한 지역은 없습니다.
B000003167,인천석남서초등학교,welfare,판단 보류,1,수집 목록에서 주변 시설을 찾았습니다. 실제 출입구 경로와 이용조건은 추가 확인이 필요합니다.
B000003173,길상초등학교,library,판단 보류,0,수집 목록에서 주변 시설을 확인하지 못했습니다. 시설이 없다는 뜻은 아닙니다.; 도서지역은 도시형 500m 기준과 분리해 검토합니다.
B000003173,길상초등학교,books,판단 보류,,학교 내부 자료를 확인했습니다. 장서 구성·노후도·이용수요는 추가 확인이 필요합니다.; 도서지역은 도시형 500m 기준과 분리해 검토합니다.
B000003173,길상초등학교,sports,판단 보류,0,수집 목록에서 주변 시설을 확인하지 못했습니다. 시설이 없다는 뜻은 아닙니다.; 25곳 모두 부평구 소재이며 부평구를 포함해 전수 조사한 지역은 없습니다.; 도서지역은 도시형 500m 기준과 분리해 검토합니다.
B000003173,길상초등학교,welfare,판단 보류,1,수집 목록에서 주변 시설을 찾았습니다. 실제 출입구 경로와 이용조건은 추가 확인이 필요합니다.; 도서지역은 도시형 500m 기준과 분리해 검토합니다.
B000025206,인천새봄초등학교,library,판단 보류,0,수집 목록에서 주변 시설을 확인하지 못했습니다. 시설이 없다는 뜻은 아닙니다.
B000025206,인천새봄초등학교,books,판단 보류,,학교 내부 자료를 확인했습니다. 장서 구성·노후도·이용수요는 추가 확인이 필요합니다.
B000025206,인천새봄초등학교,sports,판단 보류,0,수집 목록에서 주변 시설을 확인하지 못했습니다. 시설이 없다는 뜻은 아닙니다.; 25곳 모두 부평구 소재이며 부평구를 포함해 전수 조사한 지역은 없습니다.
B000025206,인천새봄초등학교,welfare,판단 보류,0,수집 목록에서 주변 시설을 확인하지 못했습니다. 시설이 없다는 뜻은 아닙니다.
B000003033,인천부마초등학교,library,판단 보류,1,수집 목록에서 주변 시설을 찾았습니다. 실제 출입구 경로와 이용조건은 추가 확인이 필요합니다.
B000003033,인천부마초등학교,books,판단 보류,,학교 내부 자료를 확인했습니다. 장서 구성·노후도·이용수요는 추가 확인이 필요합니다.
B000003033,인천부마초등학교,sports,판단 보류,0,수집 목록에서 주변 시설을 확인하지 못했습니다. 시설이 없다는 뜻은 아닙니다.; 25곳 모두 부평구 소재이며 부평구를 포함해 전수 조사한 지역은 없습니다.
B000003033,인천부마초등학교,welfare,판단 보류,0,수집 목록에서 주변 시설을 확인하지 못했습니다. 시설이 없다는 뜻은 아닙니다.
B000003182,선원초등학교,library,판단 보류,0,수집 목록에서 주변 시설을 확인하지 못했습니다. 시설이 없다는 뜻은 아닙니다.; 도서지역은 도시형 500m 기준과 분리해 검토합니다.
B000003182,선원초등학교,books,판단 보류,,학교 내부 자료를 확인했습니다. 장서 구성·노후도·이용수요는 추가 확인이 필요합니다.; 도서지역은 도시형 500m 기준과 분리해 검토합니다.
B000003182,선원초등학교,sports,판단 보류,0,수집 목록에서 주변 시설을 확인하지 못했습니다. 시설이 없다는 뜻은 아닙니다.; 25곳 모두 부평구 소재이며 부평구를 포함해 전수 조사한 지역은 없습니다.; 도서지역은 도시형 500m 기준과 분리해 검토합니다.
B000003182,선원초등학교,welfare,판단 보류,0,수집 목록에서 주변 시설을 확인하지 못했습니다. 시설이 없다는 뜻은 아닙니다.; 도서지역은 도시형 500m 기준과 분리해 검토합니다.
B000003009,인천대정초등학교,library,판단 보류,0,수집 목록에서 주변 시설을 확인하지 못했습니다. 시설이 없다는 뜻은 아닙니다.
B000003009,인천대정초등학교,books,판단 보류,,학교 내부 자료를 확인했습니다. 장서 구성·노후도·이용수요는 추가 확인이 필요합니다.
B000003009,인천대정초등학교,sports,판단 보류,0,수집 목록에서 주변 시설을 확인하지 못했습니다. 시설이 없다는 뜻은 아닙니다.; 25곳 모두 부평구 소재이며 부평구를 포함해 전수 조사한 지역은 없습니다.
B000003009,인천대정초등학교,welfare,판단 보류,0,수집 목록에서 주변 시설을 확인하지 못했습니다. 시설이 없다는 뜻은 아닙니다.
B000003000,인천삼목초등학교장봉분교장,library,판단 보류,0,수집 목록에서 주변 시설을 확인하지 못했습니다. 시설이 없다는 뜻은 아닙니다.; 도서지역은 도시형 500m 기준과 분리해 검토합니다.
B000003000,인천삼목초등학교장봉분교장,books,판단 보류,,학교 내부 자료를 확인했습니다. 장서 구성·노후도·이용수요는 추가 확인이 필요합니다.; 도서지역은 도시형 500m 기준과 분리해 검토합니다.
B000003000,인천삼목초등학교장봉분교장,sports,판단 보류,0,수집 목록에서 주변 시설을 확인하지 못했습니다. 시설이 없다는 뜻은 아닙니다.; 25곳 모두 부평구 소재이며 부평구를 포함해 전수 조사한 지역은 없습니다.; 도서지역은 도시형 500m 기준과 분리해 검토합니다.
B000003000,인천삼목초등학교장봉분교장,welfare,판단 보류,0,수집 목록에서 주변 시설을 확인하지 못했습니다. 시설이 없다는 뜻은 아닙니다.; 도서지역은 도시형 500m 기준과 분리해 검토합니다.
B000003119,인천소양초등학교,library,판단 보류,0,수집 목록에서 주변 시설을 확인하지 못했습니다. 시설이 없다는 뜻은 아닙니다.
B000003119,인천소양초등학교,books,판단 보류,,학교 내부 자료를 확인했습니다. 장서 구성·노후도·이용수요는 추가 확인이 필요합니다.
B000003119,인천소양초등학교,sports,판단 보류,0,수집 목록에서 주변 시설을 확인하지 못했습니다. 시설이 없다는 뜻은 아닙니다.; 25곳 모두 부평구 소재이며 부평구를 포함해 전수 조사한 지역은 없습니다.
B000003119,인천소양초등학교,welfare,판단 보류,1,수집 목록에서 주변 시설을 찾았습니다. 실제 출입구 경로와 이용조건은 추가 확인이 필요합니다.
B000003111,인천안남초등학교,library,판단 보류,0,수집 목록에서 주변 시설을 확인하지 못했습니다. 시설이 없다는 뜻은 아닙니다.
B000003111,인천안남초등학교,books,판단 보류,,학교 내부 자료를 확인했습니다. 장서 구성·노후도·이용수요는 추가 확인이 필요합니다.
B000003111,인천안남초등학교,sports,판단 보류,0,수집 목록에서 주변 시설을 확인하지 못했습니다. 시설이 없다는 뜻은 아닙니다.; 25곳 모두 부평구 소재이며 부평구를 포함해 전수 조사한 지역은 없습니다.
B000003111,인천안남초등학교,welfare,판단 보류,0,수집 목록에서 주변 시설을 확인하지 못했습니다. 시설이 없다는 뜻은 아닙니다.
B000002995,영흥초등학교,library,판단 보류,0,수집 목록에서 주변 시설을 확인하지 못했습니다. 시설이 없다는 뜻은 아닙니다.; 도서지역은 도시형 500m 기준과 분리해 검토합니다.
B000002995,영흥초등학교,books,판단 보류,,학교 내부 자료를 확인했습니다. 장서 구성·노후도·이용수요는 추가 확인이 필요합니다.; 도서지역은 도시형 500m 기준과 분리해 검토합니다.
B000002995,영흥초등학교,sports,판단 보류,0,수집 목록에서 주변 시설을 확인하지 못했습니다. 시설이 없다는 뜻은 아닙니다.; 25곳 모두 부평구 소재이며 부평구를 포함해 전수 조사한 지역은 없습니다.; 도서지역은 도시형 500m 기준과 분리해 검토합니다.
B000002995,영흥초등학교,welfare,판단 보류,0,수집 목록에서 주변 시설을 확인하지 못했습니다. 시설이 없다는 뜻은 아닙니다.; 도서지역은 도시형 500m 기준과 분리해 검토합니다.
B000003064,인천옥련초등학교,library,판단 보류,1,수집 목록에서 주변 시설을 찾았습니다. 실제 출입구 경로와 이용조건은 추가 확인이 필요합니다.
B000003064,인천옥련초등학교,books,판단 보류,,학교 내부 자료를 확인했습니다. 장서 구성·노후도·이용수요는 추가 확인이 필요합니다.
B000003064,인천옥련초등학교,sports,판단 보류,0,수집 목록에서 주변 시설을 확인하지 못했습니다. 시설이 없다는 뜻은 아닙니다.; 25곳 모두 부평구 소재이며 부평구를 포함해 전수 조사한 지역은 없습니다.
B000003064,인천옥련초등학교,welfare,판단 보류,1,수집 목록에서 주변 시설을 찾았습니다. 실제 출입구 경로와 이용조건은 추가 확인이 필요합니다.
B000003063,인천문남초등학교,library,판단 보류,1,수집 목록에서 주변 시설을 찾았습니다. 실제 출입구 경로와 이용조건은 추가 확인이 필요합니다.
B000003063,인천문남초등학교,books,판단 보류,,학교 내부 자료를 확인했습니다. 장서 구성·노후도·이용수요는 추가 확인이 필요합니다.
B000003063,인천문남초등학교,sports,판단 보류,0,수집 목록에서 주변 시설을 확인하지 못했습니다. 시설이 없다는 뜻은 아닙니다.; 25곳 모두 부평구 소재이며 부평구를 포함해 전수 조사한 지역은 없습니다.
B000003063,인천문남초등학교,welfare,판단 보류,2,수집 목록에서 주변 시설을 찾았습니다. 실제 출입구 경로와 이용조건은 추가 확인이 필요합니다.
B000003059,인천동춘초등학교,library,판단 보류,0,수집 목록에서 주변 시설을 확인하지 못했습니다. 시설이 없다는 뜻은 아닙니다.
B000003059,인천동춘초등학교,books,판단 보류,,학교 내부 자료를 확인했습니다. 장서 구성·노후도·이용수요는 추가 확인이 필요합니다.
B000003059,인천동춘초등학교,sports,판단 보류,0,수집 목록에서 주변 시설을 확인하지 못했습니다. 시설이 없다는 뜻은 아닙니다.; 25곳 모두 부평구 소재이며 부평구를 포함해 전수 조사한 지역은 없습니다.
B000003059,인천동춘초등학교,welfare,판단 보류,0,수집 목록에서 주변 시설을 확인하지 못했습니다. 시설이 없다는 뜻은 아닙니다.
B000003068,인천먼우금초등학교,library,판단 보류,0,수집 목록에서 주변 시설을 확인하지 못했습니다. 시설이 없다는 뜻은 아닙니다.
B000003068,인천먼우금초등학교,books,판단 보류,,학교 내부 자료를 확인했습니다. 장서 구성·노후도·이용수요는 추가 확인이 필요합니다.
B000003068,인천먼우금초등학교,sports,판단 보류,0,수집 목록에서 주변 시설을 확인하지 못했습니다. 시설이 없다는 뜻은 아닙니다.; 25곳 모두 부평구 소재이며 부평구를 포함해 전수 조사한 지역은 없습니다.
B000003068,인천먼우금초등학교,welfare,판단 보류,0,수집 목록에서 주변 시설을 확인하지 못했습니다. 시설이 없다는 뜻은 아닙니다.
B000003023,인천부평북초등학교,library,판단 보류,1,수집 목록에서 주변 시설을 찾았습니다. 실제 출입구 경로와 이용조건은 추가 확인이 필요합니다.
B000003023,인천부평북초등학교,books,판단 보류,,학교 내부 자료를 확인했습니다. 장서 구성·노후도·이용수요는 추가 확인이 필요합니다.
B000003023,인천부평북초등학교,sports,판단 보류,0,수집 목록에서 주변 시설을 확인하지 못했습니다. 시설이 없다는 뜻은 아닙니다.; 25곳 모두 부평구 소재이며 부평구를 포함해 전수 조사한 지역은 없습니다.
B000003023,인천부평북초등학교,welfare,판단 보류,1,수집 목록에서 주변 시설을 찾았습니다. 실제 출입구 경로와 이용조건은 추가 확인이 필요합니다.
B000003097,인천논현초등학교,library,판단 보류,0,수집 목록에서 주변 시설을 확인하지 못했습니다. 시설이 없다는 뜻은 아닙니다.
B000003097,인천논현초등학교,books,판단 보류,,학교 내부 자료를 확인했습니다. 장서 구성·노후도·이용수요는 추가 확인이 필요합니다.
B000003097,인천논현초등학교,sports,판단 보류,0,수집 목록에서 주변 시설을 확인하지 못했습니다. 시설이 없다는 뜻은 아닙니다.; 25곳 모두 부평구 소재이며 부평구를 포함해 전수 조사한 지역은 없습니다.
B000003097,인천논현초등학교,welfare,판단 보류,0,수집 목록에서 주변 시설을 확인하지 못했습니다. 시설이 없다는 뜻은 아닙니다.
B000003066,인천해송초등학교,library,판단 보류,0,수집 목록에서 주변 시설을 확인하지 못했습니다. 시설이 없다는 뜻은 아닙니다.
B000003066,인천해송초등학교,books,판단 보류,,학교 내부 자료를 확인했습니다. 장서 구성·노후도·이용수요는 추가 확인이 필요합니다.
B000003066,인천해송초등학교,sports,판단 보류,0,수집 목록에서 주변 시설을 확인하지 못했습니다. 시설이 없다는 뜻은 아닙니다.; 25곳 모두 부평구 소재이며 부평구를 포함해 전수 조사한 지역은 없습니다.
B000003066,인천해송초등학교,welfare,판단 보류,0,수집 목록에서 주변 시설을 확인하지 못했습니다. 시설이 없다는 뜻은 아닙니다.
B000003132,인천계양초등학교상야분교장,library,판단 보류,0,수집 목록에서 주변 시설을 확인하지 못했습니다. 시설이 없다는 뜻은 아닙니다.
B000003132,인천계양초등학교상야분교장,books,판단 보류,,학교 내부 자료를 확인했습니다. 장서 구성·노후도·이용수요는 추가 확인이 필요합니다.
B000003132,인천계양초등학교상야분교장,sports,판단 보류,0,수집 목록에서 주변 시설을 확인하지 못했습니다. 시설이 없다는 뜻은 아닙니다.; 25곳 모두 부평구 소재이며 부평구를 포함해 전수 조사한 지역은 없습니다.
B000003132,인천계양초등학교상야분교장,welfare,판단 보류,0,수집 목록에서 주변 시설을 확인하지 못했습니다. 시설이 없다는 뜻은 아닙니다.
B000003128,인천작전초등학교,library,판단 보류,0,수집 목록에서 주변 시설을 확인하지 못했습니다. 시설이 없다는 뜻은 아닙니다.
B000003128,인천작전초등학교,books,판단 보류,,학교 내부 자료를 확인했습니다. 장서 구성·노후도·이용수요는 추가 확인이 필요합니다.
B000003128,인천작전초등학교,sports,판단 보류,0,수집 목록에서 주변 시설을 확인하지 못했습니다. 시설이 없다는 뜻은 아닙니다.; 25곳 모두 부평구 소재이며 부평구를 포함해 전수 조사한 지역은 없습니다.
B000003128,인천작전초등학교,welfare,판단 보류,1,수집 목록에서 주변 시설을 찾았습니다. 실제 출입구 경로와 이용조건은 추가 확인이 필요합니다.
B000003159,인천발산초등학교,library,판단 보류,1,수집 목록에서 주변 시설을 찾았습니다. 실제 출입구 경로와 이용조건은 추가 확인이 필요합니다.
B000003159,인천발산초등학교,books,판단 보류,,학교 내부 자료를 확인했습니다. 장서 구성·노후도·이용수요는 추가 확인이 필요합니다.
B000003159,인천발산초등학교,sports,판단 보류,0,수집 목록에서 주변 시설을 확인하지 못했습니다. 시설이 없다는 뜻은 아닙니다.; 25곳 모두 부평구 소재이며 부평구를 포함해 전수 조사한 지역은 없습니다.
B000003159,인천발산초등학교,welfare,판단 보류,0,수집 목록에서 주변 시설을 확인하지 못했습니다. 시설이 없다는 뜻은 아닙니다.
B000003138,인천경서초등학교,library,판단 보류,0,수집 목록에서 주변 시설을 확인하지 못했습니다. 시설이 없다는 뜻은 아닙니다.
B000003138,인천경서초등학교,books,판단 보류,,학교 내부 자료를 확인했습니다. 장서 구성·노후도·이용수요는 추가 확인이 필요합니다.
B000003138,인천경서초등학교,sports,판단 보류,0,수집 목록에서 주변 시설을 확인하지 못했습니다. 시설이 없다는 뜻은 아닙니다.; 25곳 모두 부평구 소재이며 부평구를 포함해 전수 조사한 지역은 없습니다.
B000003138,인천경서초등학교,welfare,판단 보류,0,수집 목록에서 주변 시설을 확인하지 못했습니다. 시설이 없다는 뜻은 아닙니다.
B000003079,인천만수북초등학교,library,판단 보류,0,수집 목록에서 주변 시설을 확인하지 못했습니다. 시설이 없다는 뜻은 아닙니다.
B000003079,인천만수북초등학교,books,판단 보류,,학교 내부 자료를 확인했습니다. 장서 구성·노후도·이용수요는 추가 확인이 필요합니다.
B000003079,인천만수북초등학교,sports,판단 보류,0,수집 목록에서 주변 시설을 확인하지 못했습니다. 시설이 없다는 뜻은 아닙니다.; 25곳 모두 부평구 소재이며 부평구를 포함해 전수 조사한 지역은 없습니다.
B000003079,인천만수북초등학교,welfare,판단 보류,1,수집 목록에서 주변 시설을 찾았습니다. 실제 출입구 경로와 이용조건은 추가 확인이 필요합니다.
B000003157,인천단봉초등학교,library,판단 보류,3,수집 목록에서 주변 시설을 찾았습니다. 실제 출입구 경로와 이용조건은 추가 확인이 필요합니다.
B000003157,인천단봉초등학교,books,판단 보류,,학교 내부 자료를 확인했습니다. 장서 구성·노후도·이용수요는 추가 확인이 필요합니다.
B000003157,인천단봉초등학교,sports,판단 보류,0,수집 목록에서 주변 시설을 확인하지 못했습니다. 시설이 없다는 뜻은 아닙니다.; 25곳 모두 부평구 소재이며 부평구를 포함해 전수 조사한 지역은 없습니다.
B000003157,인천단봉초등학교,welfare,판단 보류,1,수집 목록에서 주변 시설을 찾았습니다. 실제 출입구 경로와 이용조건은 추가 확인이 필요합니다.
B000003067,인천신송초등학교,library,판단 보류,0,수집 목록에서 주변 시설을 확인하지 못했습니다. 시설이 없다는 뜻은 아닙니다.
B000003067,인천신송초등학교,books,판단 보류,,학교 내부 자료를 확인했습니다. 장서 구성·노후도·이용수요는 추가 확인이 필요합니다.
B000003067,인천신송초등학교,sports,판단 보류,0,수집 목록에서 주변 시설을 확인하지 못했습니다. 시설이 없다는 뜻은 아닙니다.; 25곳 모두 부평구 소재이며 부평구를 포함해 전수 조사한 지역은 없습니다.
B000003067,인천신송초등학교,welfare,판단 보류,0,수집 목록에서 주변 시설을 확인하지 못했습니다. 시설이 없다는 뜻은 아닙니다.
B000003041,인천용마초등학교,library,판단 보류,0,수집 목록에서 주변 시설을 확인하지 못했습니다. 시설이 없다는 뜻은 아닙니다.
B000003041,인천용마초등학교,books,판단 보류,,학교 내부 자료를 확인했습니다. 장서 구성·노후도·이용수요는 추가 확인이 필요합니다.
B000003041,인천용마초등학교,sports,판단 보류,0,수집 목록에서 주변 시설을 확인하지 못했습니다. 시설이 없다는 뜻은 아닙니다.; 25곳 모두 부평구 소재이며 부평구를 포함해 전수 조사한 지역은 없습니다.
B000003041,인천용마초등학교,welfare,판단 보류,2,수집 목록에서 주변 시설을 찾았습니다. 실제 출입구 경로와 이용조건은 추가 확인이 필요합니다.
B000003048,인천명선초등학교,library,판단 보류,0,수집 목록에서 주변 시설을 확인하지 못했습니다. 시설이 없다는 뜻은 아닙니다.
B000003048,인천명선초등학교,books,판단 보류,,학교 내부 자료를 확인했습니다. 장서 구성·노후도·이용수요는 추가 확인이 필요합니다.
B000003048,인천명선초등학교,sports,판단 보류,0,수집 목록에서 주변 시설을 확인하지 못했습니다. 시설이 없다는 뜻은 아닙니다.; 25곳 모두 부평구 소재이며 부평구를 포함해 전수 조사한 지역은 없습니다.
B000003048,인천명선초등학교,welfare,판단 보류,0,수집 목록에서 주변 시설을 확인하지 못했습니다. 시설이 없다는 뜻은 아닙니다.
B000003109,인천효성초등학교,library,판단 보류,0,수집 목록에서 주변 시설을 확인하지 못했습니다. 시설이 없다는 뜻은 아닙니다.
B000003109,인천효성초등학교,books,판단 보류,,학교 내부 자료를 확인했습니다. 장서 구성·노후도·이용수요는 추가 확인이 필요합니다.
B000003109,인천효성초등학교,sports,판단 보류,0,수집 목록에서 주변 시설을 확인하지 못했습니다. 시설이 없다는 뜻은 아닙니다.; 25곳 모두 부평구 소재이며 부평구를 포함해 전수 조사한 지역은 없습니다.
B000003109,인천효성초등학교,welfare,판단 보류,2,수집 목록에서 주변 시설을 찾았습니다. 실제 출입구 경로와 이용조건은 추가 확인이 필요합니다.
B000002975,인천용현남초등학교,library,판단 보류,0,수집 목록에서 주변 시설을 확인하지 못했습니다. 시설이 없다는 뜻은 아닙니다.
B000002975,인천용현남초등학교,books,판단 보류,,학교 내부 자료를 확인했습니다. 장서 구성·노후도·이용수요는 추가 확인이 필요합니다.
B000002975,인천용현남초등학교,sports,판단 보류,0,수집 목록에서 주변 시설을 확인하지 못했습니다. 시설이 없다는 뜻은 아닙니다.; 25곳 모두 부평구 소재이며 부평구를 포함해 전수 조사한 지역은 없습니다.
B000002975,인천용현남초등학교,welfare,판단 보류,0,수집 목록에서 주변 시설을 확인하지 못했습니다. 시설이 없다는 뜻은 아닙니다.
B000003114,인천서운초등학교,library,판단 보류,1,수집 목록에서 주변 시설을 찾았습니다. 실제 출입구 경로와 이용조건은 추가 확인이 필요합니다.
B000003114,인천서운초등학교,books,판단 보류,,학교 내부 자료를 확인했습니다. 장서 구성·노후도·이용수요는 추가 확인이 필요합니다.
B000003114,인천서운초등학교,sports,판단 보류,0,수집 목록에서 주변 시설을 확인하지 못했습니다. 시설이 없다는 뜻은 아닙니다.; 25곳 모두 부평구 소재이며 부평구를 포함해 전수 조사한 지역은 없습니다.
B000003114,인천서운초등학교,welfare,판단 보류,0,수집 목록에서 주변 시설을 확인하지 못했습니다. 시설이 없다는 뜻은 아닙니다.
B000003054,인천연화초등학교,library,판단 보류,1,수집 목록에서 주변 시설을 찾았습니다. 실제 출입구 경로와 이용조건은 추가 확인이 필요합니다.
B000003054,인천연화초등학교,books,판단 보류,,학교 내부 자료를 확인했습니다. 장서 구성·노후도·이용수요는 추가 확인이 필요합니다.
B000003054,인천연화초등학교,sports,판단 보류,0,수집 목록에서 주변 시설을 확인하지 못했습니다. 시설이 없다는 뜻은 아닙니다.; 25곳 모두 부평구 소재이며 부평구를 포함해 전수 조사한 지역은 없습니다.
B000003054,인천연화초등학교,welfare,판단 보류,1,수집 목록에서 주변 시설을 찾았습니다. 실제 출입구 경로와 이용조건은 추가 확인이 필요합니다.
B000002955,인천연안초등학교,library,판단 보류,0,수집 목록에서 주변 시설을 확인하지 못했습니다. 시설이 없다는 뜻은 아닙니다.
B000002955,인천연안초등학교,books,판단 보류,,학교 내부 자료를 확인했습니다. 장서 구성·노후도·이용수요는 추가 확인이 필요합니다.
B000002955,인천연안초등학교,sports,판단 보류,0,수집 목록에서 주변 시설을 확인하지 못했습니다. 시설이 없다는 뜻은 아닙니다.; 25곳 모두 부평구 소재이며 부평구를 포함해 전수 조사한 지역은 없습니다.
B000002955,인천연안초등학교,welfare,판단 보류,1,수집 목록에서 주변 시설을 찾았습니다. 실제 출입구 경로와 이용조건은 추가 확인이 필요합니다.
B000002965,인천창영초등학교,library,판단 보류,0,수집 목록에서 주변 시설을 확인하지 못했습니다. 시설이 없다는 뜻은 아닙니다.
B000002965,인천창영초등학교,books,판단 보류,,학교 내부 자료를 확인했습니다. 장서 구성·노후도·이용수요는 추가 확인이 필요합니다.
B000002965,인천창영초등학교,sports,판단 보류,0,수집 목록에서 주변 시설을 확인하지 못했습니다. 시설이 없다는 뜻은 아닙니다.; 25곳 모두 부평구 소재이며 부평구를 포함해 전수 조사한 지역은 없습니다.
B000002965,인천창영초등학교,welfare,판단 보류,1,수집 목록에서 주변 시설을 찾았습니다. 실제 출입구 경로와 이용조건은 추가 확인이 필요합니다.
B000003027,인천부원초등학교,library,판단 보류,1,수집 목록에서 주변 시설을 찾았습니다. 실제 출입구 경로와 이용조건은 추가 확인이 필요합니다.
B000003027,인천부원초등학교,books,판단 보류,,학교 내부 자료를 확인했습니다. 장서 구성·노후도·이용수요는 추가 확인이 필요합니다.
B000003027,인천부원초등학교,sports,판단 보류,0,수집 목록에서 주변 시설을 확인하지 못했습니다. 시설이 없다는 뜻은 아닙니다.; 25곳 모두 부평구 소재이며 부평구를 포함해 전수 조사한 지역은 없습니다.
B000003027,인천부원초등학교,welfare,판단 보류,0,수집 목록에서 주변 시설을 확인하지 못했습니다. 시설이 없다는 뜻은 아닙니다.
B000003099,인천새말초등학교,library,판단 보류,1,수집 목록에서 주변 시설을 찾았습니다. 실제 출입구 경로와 이용조건은 추가 확인이 필요합니다.
B000003099,인천새말초등학교,books,판단 보류,,학교 내부 자료를 확인했습니다. 장서 구성·노후도·이용수요는 추가 확인이 필요합니다.
B000003099,인천새말초등학교,sports,판단 보류,0,수집 목록에서 주변 시설을 확인하지 못했습니다. 시설이 없다는 뜻은 아닙니다.; 25곳 모두 부평구 소재이며 부평구를 포함해 전수 조사한 지역은 없습니다.
B000003099,인천새말초등학교,welfare,판단 보류,3,수집 목록에서 주변 시설을 찾았습니다. 실제 출입구 경로와 이용조건은 추가 확인이 필요합니다.
B000002960,인성초등학교,library,판단 보류,4,수집 목록에서 주변 시설을 찾았습니다. 실제 출입구 경로와 이용조건은 추가 확인이 필요합니다.
B000002960,인성초등학교,books,판단 보류,,학교 내부 자료를 확인했습니다. 장서 구성·노후도·이용수요는 추가 확인이 필요합니다.
B000002960,인성초등학교,sports,판단 보류,0,수집 목록에서 주변 시설을 확인하지 못했습니다. 시설이 없다는 뜻은 아닙니다.; 25곳 모두 부평구 소재이며 부평구를 포함해 전수 조사한 지역은 없습니다.
B000002960,인성초등학교,welfare,판단 보류,0,수집 목록에서 주변 시설을 확인하지 못했습니다. 시설이 없다는 뜻은 아닙니다.
B000003044,인천삼산초등학교,library,판단 보류,1,수집 목록에서 주변 시설을 찾았습니다. 실제 출입구 경로와 이용조건은 추가 확인이 필요합니다.
B000003044,인천삼산초등학교,books,판단 보류,,학교 내부 자료를 확인했습니다. 장서 구성·노후도·이용수요는 추가 확인이 필요합니다.
B000003044,인천삼산초등학교,sports,판단 보류,2,수집 목록에서 주변 시설을 찾았습니다. 실제 출입구 경로와 이용조건은 추가 확인이 필요합니다.; 25곳 모두 부평구 소재이며 부평구를 포함해 전수 조사한 지역은 없습니다.
B000003044,인천삼산초등학교,welfare,판단 보류,0,수집 목록에서 주변 시설을 확인하지 못했습니다. 시설이 없다는 뜻은 아닙니다.
B000003015,인천구산초등학교,library,판단 보류,2,수집 목록에서 주변 시설을 찾았습니다. 실제 출입구 경로와 이용조건은 추가 확인이 필요합니다.
B000003015,인천구산초등학교,books,판단 보류,,학교 내부 자료를 확인했습니다. 장서 구성·노후도·이용수요는 추가 확인이 필요합니다.
B000003015,인천구산초등학교,sports,판단 보류,3,수집 목록에서 주변 시설을 찾았습니다. 실제 출입구 경로와 이용조건은 추가 확인이 필요합니다.; 25곳 모두 부평구 소재이며 부평구를 포함해 전수 조사한 지역은 없습니다.
B000003015,인천구산초등학교,welfare,판단 보류,1,수집 목록에서 주변 시설을 찾았습니다. 실제 출입구 경로와 이용조건은 추가 확인이 필요합니다.
B000002950,인천신광초등학교,library,판단 보류,0,수집 목록에서 주변 시설을 확인하지 못했습니다. 시설이 없다는 뜻은 아닙니다.
B000002950,인천신광초등학교,books,판단 보류,,학교 내부 자료를 확인했습니다. 장서 구성·노후도·이용수요는 추가 확인이 필요합니다.
B000002950,인천신광초등학교,sports,판단 보류,0,수집 목록에서 주변 시설을 확인하지 못했습니다. 시설이 없다는 뜻은 아닙니다.; 25곳 모두 부평구 소재이며 부평구를 포함해 전수 조사한 지역은 없습니다.
B000002950,인천신광초등학교,welfare,판단 보류,0,수집 목록에서 주변 시설을 확인하지 못했습니다. 시설이 없다는 뜻은 아닙니다.
B000002976,인천학산초등학교,library,판단 보류,0,수집 목록에서 주변 시설을 확인하지 못했습니다. 시설이 없다는 뜻은 아닙니다.
B000002976,인천학산초등학교,books,판단 보류,,학교 내부 자료를 확인했습니다. 장서 구성·노후도·이용수요는 추가 확인이 필요합니다.
B000002976,인천학산초등학교,sports,판단 보류,0,수집 목록에서 주변 시설을 확인하지 못했습니다. 시설이 없다는 뜻은 아닙니다.; 25곳 모두 부평구 소재이며 부평구를 포함해 전수 조사한 지역은 없습니다.
B000002976,인천학산초등학교,welfare,판단 보류,0,수집 목록에서 주변 시설을 확인하지 못했습니다. 시설이 없다는 뜻은 아닙니다.
B000003092,인천송천초등학교,library,판단 보류,1,수집 목록에서 주변 시설을 찾았습니다. 실제 출입구 경로와 이용조건은 추가 확인이 필요합니다.
B000003092,인천송천초등학교,books,판단 보류,,학교 내부 자료를 확인했습니다. 장서 구성·노후도·이용수요는 추가 확인이 필요합니다.
B000003092,인천송천초등학교,sports,판단 보류,0,수집 목록에서 주변 시설을 확인하지 못했습니다. 시설이 없다는 뜻은 아닙니다.; 25곳 모두 부평구 소재이며 부평구를 포함해 전수 조사한 지역은 없습니다.
B000003092,인천송천초등학교,welfare,판단 보류,0,수집 목록에서 주변 시설을 확인하지 못했습니다. 시설이 없다는 뜻은 아닙니다.
B000002986,인천대화초등학교,library,판단 보류,0,수집 목록에서 주변 시설을 확인하지 못했습니다. 시설이 없다는 뜻은 아닙니다.
B000002986,인천대화초등학교,books,판단 보류,,학교 내부 자료를 확인했습니다. 장서 구성·노후도·이용수요는 추가 확인이 필요합니다.
B000002986,인천대화초등학교,sports,판단 보류,0,수집 목록에서 주변 시설을 확인하지 못했습니다. 시설이 없다는 뜻은 아닙니다.; 25곳 모두 부평구 소재이며 부평구를 포함해 전수 조사한 지역은 없습니다.
B000002986,인천대화초등학교,welfare,판단 보류,0,수집 목록에서 주변 시설을 확인하지 못했습니다. 시설이 없다는 뜻은 아닙니다.
B000002992,인천연학초등학교,library,판단 보류,0,수집 목록에서 주변 시설을 확인하지 못했습니다. 시설이 없다는 뜻은 아닙니다.
B000002992,인천연학초등학교,books,판단 보류,,학교 내부 자료를 확인했습니다. 장서 구성·노후도·이용수요는 추가 확인이 필요합니다.
B000002992,인천연학초등학교,sports,판단 보류,0,수집 목록에서 주변 시설을 확인하지 못했습니다. 시설이 없다는 뜻은 아닙니다.; 25곳 모두 부평구 소재이며 부평구를 포함해 전수 조사한 지역은 없습니다.
B000002992,인천연학초등학교,welfare,판단 보류,0,수집 목록에서 주변 시설을 확인하지 못했습니다. 시설이 없다는 뜻은 아닙니다.
B000003123,인천계산초등학교,library,판단 보류,0,수집 목록에서 주변 시설을 확인하지 못했습니다. 시설이 없다는 뜻은 아닙니다.
B000003123,인천계산초등학교,books,판단 보류,,학교 내부 자료를 확인했습니다. 장서 구성·노후도·이용수요는 추가 확인이 필요합니다.
B000003123,인천계산초등학교,sports,판단 보류,0,수집 목록에서 주변 시설을 확인하지 못했습니다. 시설이 없다는 뜻은 아닙니다.; 25곳 모두 부평구 소재이며 부평구를 포함해 전수 조사한 지역은 없습니다.
B000003123,인천계산초등학교,welfare,판단 보류,3,수집 목록에서 주변 시설을 찾았습니다. 실제 출입구 경로와 이용조건은 추가 확인이 필요합니다.
B000002987,인천주안북초등학교,library,판단 보류,0,수집 목록에서 주변 시설을 확인하지 못했습니다. 시설이 없다는 뜻은 아닙니다.
B000002987,인천주안북초등학교,books,판단 보류,,학교 내부 자료를 확인했습니다. 장서 구성·노후도·이용수요는 추가 확인이 필요합니다.
B000002987,인천주안북초등학교,sports,판단 보류,0,수집 목록에서 주변 시설을 확인하지 못했습니다. 시설이 없다는 뜻은 아닙니다.; 25곳 모두 부평구 소재이며 부평구를 포함해 전수 조사한 지역은 없습니다.
B000002987,인천주안북초등학교,welfare,판단 보류,0,수집 목록에서 주변 시설을 확인하지 못했습니다. 시설이 없다는 뜻은 아닙니다.
B000003144,인천석남초등학교,library,판단 보류,0,수집 목록에서 주변 시설을 확인하지 못했습니다. 시설이 없다는 뜻은 아닙니다.
B000003144,인천석남초등학교,books,판단 보류,,학교 내부 자료를 확인했습니다. 장서 구성·노후도·이용수요는 추가 확인이 필요합니다.
B000003144,인천석남초등학교,sports,판단 보류,0,수집 목록에서 주변 시설을 확인하지 못했습니다. 시설이 없다는 뜻은 아닙니다.; 25곳 모두 부평구 소재이며 부평구를 포함해 전수 조사한 지역은 없습니다.
B000003144,인천석남초등학교,welfare,판단 보류,3,수집 목록에서 주변 시설을 찾았습니다. 실제 출입구 경로와 이용조건은 추가 확인이 필요합니다.
B000003168,인천가현초등학교,library,판단 보류,0,수집 목록에서 주변 시설을 확인하지 못했습니다. 시설이 없다는 뜻은 아닙니다.
B000003168,인천가현초등학교,books,판단 보류,,학교 내부 자료를 확인했습니다. 장서 구성·노후도·이용수요는 추가 확인이 필요합니다.
B000003168,인천가현초등학교,sports,판단 보류,0,수집 목록에서 주변 시설을 확인하지 못했습니다. 시설이 없다는 뜻은 아닙니다.; 25곳 모두 부평구 소재이며 부평구를 포함해 전수 조사한 지역은 없습니다.
B000003168,인천가현초등학교,welfare,판단 보류,0,수집 목록에서 주변 시설을 확인하지 못했습니다. 시설이 없다는 뜻은 아닙니다.
B000003142,인천심곡초등학교,library,판단 보류,0,수집 목록에서 주변 시설을 확인하지 못했습니다. 시설이 없다는 뜻은 아닙니다.
B000003142,인천심곡초등학교,books,판단 보류,,학교 내부 자료를 확인했습니다. 장서 구성·노후도·이용수요는 추가 확인이 필요합니다.
B000003142,인천심곡초등학교,sports,판단 보류,0,수집 목록에서 주변 시설을 확인하지 못했습니다. 시설이 없다는 뜻은 아닙니다.; 25곳 모두 부평구 소재이며 부평구를 포함해 전수 조사한 지역은 없습니다.
B000003142,인천심곡초등학교,welfare,판단 보류,0,수집 목록에서 주변 시설을 확인하지 못했습니다. 시설이 없다는 뜻은 아닙니다.
B000002996,덕적초등학교,library,판단 보류,1,수집 목록에서 주변 시설을 찾았습니다. 실제 출입구 경로와 이용조건은 추가 확인이 필요합니다.; 도서지역은 도시형 500m 기준과 분리해 검토합니다.
B000002996,덕적초등학교,books,판단 보류,,학교 내부 자료를 확인했습니다. 장서 구성·노후도·이용수요는 추가 확인이 필요합니다.; 도서지역은 도시형 500m 기준과 분리해 검토합니다.
B000002996,덕적초등학교,sports,판단 보류,0,수집 목록에서 주변 시설을 확인하지 못했습니다. 시설이 없다는 뜻은 아닙니다.; 25곳 모두 부평구 소재이며 부평구를 포함해 전수 조사한 지역은 없습니다.; 도서지역은 도시형 500m 기준과 분리해 검토합니다.
B000002996,덕적초등학교,welfare,판단 보류,0,수집 목록에서 주변 시설을 확인하지 못했습니다. 시설이 없다는 뜻은 아닙니다.; 도서지역은 도시형 500m 기준과 분리해 검토합니다.
B000003025,인천부개초등학교,library,판단 보류,1,수집 목록에서 주변 시설을 찾았습니다. 실제 출입구 경로와 이용조건은 추가 확인이 필요합니다.
B000003025,인천부개초등학교,books,판단 보류,,학교 내부 자료를 확인했습니다. 장서 구성·노후도·이용수요는 추가 확인이 필요합니다.
B000003025,인천부개초등학교,sports,판단 보류,0,수집 목록에서 주변 시설을 확인하지 못했습니다. 시설이 없다는 뜻은 아닙니다.; 25곳 모두 부평구 소재이며 부평구를 포함해 전수 조사한 지역은 없습니다.
B000003025,인천부개초등학교,welfare,판단 보류,1,수집 목록에서 주변 시설을 찾았습니다. 실제 출입구 경로와 이용조건은 추가 확인이 필요합니다.
B000003103,인천담방초등학교,library,판단 보류,0,수집 목록에서 주변 시설을 확인하지 못했습니다. 시설이 없다는 뜻은 아닙니다.
B000003103,인천담방초등학교,books,판단 보류,,학교 내부 자료를 확인했습니다. 장서 구성·노후도·이용수요는 추가 확인이 필요합니다.
B000003103,인천담방초등학교,sports,판단 보류,0,수집 목록에서 주변 시설을 확인하지 못했습니다. 시설이 없다는 뜻은 아닙니다.; 25곳 모두 부평구 소재이며 부평구를 포함해 전수 조사한 지역은 없습니다.
B000003103,인천담방초등학교,welfare,판단 보류,0,수집 목록에서 주변 시설을 확인하지 못했습니다. 시설이 없다는 뜻은 아닙니다.
B000003088,인천사리울초등학교,library,판단 보류,0,수집 목록에서 주변 시설을 확인하지 못했습니다. 시설이 없다는 뜻은 아닙니다.
B000003088,인천사리울초등학교,books,판단 보류,,학교 내부 자료를 확인했습니다. 장서 구성·노후도·이용수요는 추가 확인이 필요합니다.
B000003088,인천사리울초등학교,sports,판단 보류,0,수집 목록에서 주변 시설을 확인하지 못했습니다. 시설이 없다는 뜻은 아닙니다.; 25곳 모두 부평구 소재이며 부평구를 포함해 전수 조사한 지역은 없습니다.
B000003088,인천사리울초등학교,welfare,판단 보류,0,수집 목록에서 주변 시설을 확인하지 못했습니다. 시설이 없다는 뜻은 아닙니다.
B000002957,인천공항초등학교,library,판단 보류,0,수집 목록에서 주변 시설을 확인하지 못했습니다. 시설이 없다는 뜻은 아닙니다.
B000002957,인천공항초등학교,books,판단 보류,,학교 내부 자료를 확인했습니다. 장서 구성·노후도·이용수요는 추가 확인이 필요합니다.
B000002957,인천공항초등학교,sports,판단 보류,0,수집 목록에서 주변 시설을 확인하지 못했습니다. 시설이 없다는 뜻은 아닙니다.; 25곳 모두 부평구 소재이며 부평구를 포함해 전수 조사한 지역은 없습니다.
B000002957,인천공항초등학교,welfare,판단 보류,0,수집 목록에서 주변 시설을 확인하지 못했습니다. 시설이 없다는 뜻은 아닙니다.
B000003075,인천구월서초등학교,library,판단 보류,2,수집 목록에서 주변 시설을 찾았습니다. 실제 출입구 경로와 이용조건은 추가 확인이 필요합니다.
B000003075,인천구월서초등학교,books,판단 보류,,학교 내부 자료를 확인했습니다. 장서 구성·노후도·이용수요는 추가 확인이 필요합니다.
B000003075,인천구월서초등학교,sports,판단 보류,0,수집 목록에서 주변 시설을 확인하지 못했습니다. 시설이 없다는 뜻은 아닙니다.; 25곳 모두 부평구 소재이며 부평구를 포함해 전수 조사한 지역은 없습니다.
B000003075,인천구월서초등학교,welfare,판단 보류,2,수집 목록에서 주변 시설을 찾았습니다. 실제 출입구 경로와 이용조건은 추가 확인이 필요합니다.
B000002964,인천송현초등학교,library,판단 보류,0,수집 목록에서 주변 시설을 확인하지 못했습니다. 시설이 없다는 뜻은 아닙니다.
B000002964,인천송현초등학교,books,판단 보류,,학교 내부 자료를 확인했습니다. 장서 구성·노후도·이용수요는 추가 확인이 필요합니다.
B000002964,인천송현초등학교,sports,판단 보류,0,수집 목록에서 주변 시설을 확인하지 못했습니다. 시설이 없다는 뜻은 아닙니다.; 25곳 모두 부평구 소재이며 부평구를 포함해 전수 조사한 지역은 없습니다.
B000002964,인천송현초등학교,welfare,판단 보류,3,수집 목록에서 주변 시설을 찾았습니다. 실제 출입구 경로와 이용조건은 추가 확인이 필요합니다.
B000003051,인천능허대초등학교,library,판단 보류,1,수집 목록에서 주변 시설을 찾았습니다. 실제 출입구 경로와 이용조건은 추가 확인이 필요합니다.
B000003051,인천능허대초등학교,books,판단 보류,,학교 내부 자료를 확인했습니다. 장서 구성·노후도·이용수요는 추가 확인이 필요합니다.
B000003051,인천능허대초등학교,sports,판단 보류,0,수집 목록에서 주변 시설을 확인하지 못했습니다. 시설이 없다는 뜻은 아닙니다.; 25곳 모두 부평구 소재이며 부평구를 포함해 전수 조사한 지역은 없습니다.
B000003051,인천능허대초등학교,welfare,판단 보류,1,수집 목록에서 주변 시설을 찾았습니다. 실제 출입구 경로와 이용조건은 추가 확인이 필요합니다.
B000003035,인천산곡남초등학교,library,판단 보류,1,수집 목록에서 주변 시설을 찾았습니다. 실제 출입구 경로와 이용조건은 추가 확인이 필요합니다.
B000003035,인천산곡남초등학교,books,판단 보류,,학교 내부 자료를 확인했습니다. 장서 구성·노후도·이용수요는 추가 확인이 필요합니다.
B000003035,인천산곡남초등학교,sports,판단 보류,0,수집 목록에서 주변 시설을 확인하지 못했습니다. 시설이 없다는 뜻은 아닙니다.; 25곳 모두 부평구 소재이며 부평구를 포함해 전수 조사한 지역은 없습니다.
B000003035,인천산곡남초등학교,welfare,판단 보류,1,수집 목록에서 주변 시설을 찾았습니다. 실제 출입구 경로와 이용조건은 추가 확인이 필요합니다.
B000003152,인천검단초등학교,library,판단 보류,0,수집 목록에서 주변 시설을 확인하지 못했습니다. 시설이 없다는 뜻은 아닙니다.
B000003152,인천검단초등학교,books,판단 보류,,학교 내부 자료를 확인했습니다. 장서 구성·노후도·이용수요는 추가 확인이 필요합니다.
B000003152,인천검단초등학교,sports,판단 보류,0,수집 목록에서 주변 시설을 확인하지 못했습니다. 시설이 없다는 뜻은 아닙니다.; 25곳 모두 부평구 소재이며 부평구를 포함해 전수 조사한 지역은 없습니다.
B000003152,인천검단초등학교,welfare,판단 보류,1,수집 목록에서 주변 시설을 찾았습니다. 실제 출입구 경로와 이용조건은 추가 확인이 필요합니다.
B000003107,인천효성동초등학교,library,판단 보류,0,수집 목록에서 주변 시설을 확인하지 못했습니다. 시설이 없다는 뜻은 아닙니다.
B000003107,인천효성동초등학교,books,판단 보류,,학교 내부 자료를 확인했습니다. 장서 구성·노후도·이용수요는 추가 확인이 필요합니다.
B000003107,인천효성동초등학교,sports,판단 보류,0,수집 목록에서 주변 시설을 확인하지 못했습니다. 시설이 없다는 뜻은 아닙니다.; 25곳 모두 부평구 소재이며 부평구를 포함해 전수 조사한 지역은 없습니다.
B000003107,인천효성동초등학교,welfare,판단 보류,0,수집 목록에서 주변 시설을 확인하지 못했습니다. 시설이 없다는 뜻은 아닙니다.
B000003166,인천마전초등학교,library,판단 보류,1,수집 목록에서 주변 시설을 찾았습니다. 실제 출입구 경로와 이용조건은 추가 확인이 필요합니다.
B000003166,인천마전초등학교,books,판단 보류,,학교 내부 자료를 확인했습니다. 장서 구성·노후도·이용수요는 추가 확인이 필요합니다.
B000003166,인천마전초등학교,sports,판단 보류,0,수집 목록에서 주변 시설을 확인하지 못했습니다. 시설이 없다는 뜻은 아닙니다.; 25곳 모두 부평구 소재이며 부평구를 포함해 전수 조사한 지역은 없습니다.
B000003166,인천마전초등학교,welfare,판단 보류,0,수집 목록에서 주변 시설을 확인하지 못했습니다. 시설이 없다는 뜻은 아닙니다.
B000003105,인천서창초등학교,library,판단 보류,0,수집 목록에서 주변 시설을 확인하지 못했습니다. 시설이 없다는 뜻은 아닙니다.
B000003105,인천서창초등학교,books,판단 보류,,학교 내부 자료를 확인했습니다. 장서 구성·노후도·이용수요는 추가 확인이 필요합니다.
B000003105,인천서창초등학교,sports,판단 보류,0,수집 목록에서 주변 시설을 확인하지 못했습니다. 시설이 없다는 뜻은 아닙니다.; 25곳 모두 부평구 소재이며 부평구를 포함해 전수 조사한 지역은 없습니다.
B000003105,인천서창초등학교,welfare,판단 보류,0,수집 목록에서 주변 시설을 확인하지 못했습니다. 시설이 없다는 뜻은 아닙니다.
B000002979,인천문학초등학교,library,판단 보류,0,수집 목록에서 주변 시설을 확인하지 못했습니다. 시설이 없다는 뜻은 아닙니다.
B000002979,인천문학초등학교,books,판단 보류,,학교 내부 자료를 확인했습니다. 장서 구성·노후도·이용수요는 추가 확인이 필요합니다.
B000002979,인천문학초등학교,sports,판단 보류,0,수집 목록에서 주변 시설을 확인하지 못했습니다. 시설이 없다는 뜻은 아닙니다.; 25곳 모두 부평구 소재이며 부평구를 포함해 전수 조사한 지역은 없습니다.
B000002979,인천문학초등학교,welfare,판단 보류,1,수집 목록에서 주변 시설을 찾았습니다. 실제 출입구 경로와 이용조건은 추가 확인이 필요합니다.
B000003030,인천부평남초등학교,library,판단 보류,3,수집 목록에서 주변 시설을 찾았습니다. 실제 출입구 경로와 이용조건은 추가 확인이 필요합니다.
B000003030,인천부평남초등학교,books,판단 보류,,학교 내부 자료를 확인했습니다. 장서 구성·노후도·이용수요는 추가 확인이 필요합니다.
B000003030,인천부평남초등학교,sports,판단 보류,0,수집 목록에서 주변 시설을 확인하지 못했습니다. 시설이 없다는 뜻은 아닙니다.; 25곳 모두 부평구 소재이며 부평구를 포함해 전수 조사한 지역은 없습니다.
B000003030,인천부평남초등학교,welfare,판단 보류,2,수집 목록에서 주변 시설을 찾았습니다. 실제 출입구 경로와 이용조건은 추가 확인이 필요합니다.
B000003005,인천용현남초등학교자월분교장,library,판단 보류,0,수집 목록에서 주변 시설을 확인하지 못했습니다. 시설이 없다는 뜻은 아닙니다.; 도서지역은 도시형 500m 기준과 분리해 검토합니다.
B000003005,인천용현남초등학교자월분교장,books,판단 보류,,학교 내부 자료를 확인했습니다. 장서 구성·노후도·이용수요는 추가 확인이 필요합니다.; 도서지역은 도시형 500m 기준과 분리해 검토합니다.
B000003005,인천용현남초등학교자월분교장,sports,판단 보류,0,수집 목록에서 주변 시설을 확인하지 못했습니다. 시설이 없다는 뜻은 아닙니다.; 25곳 모두 부평구 소재이며 부평구를 포함해 전수 조사한 지역은 없습니다.; 도서지역은 도시형 500m 기준과 분리해 검토합니다.
B000003005,인천용현남초등학교자월분교장,welfare,판단 보류,0,수집 목록에서 주변 시설을 확인하지 못했습니다. 시설이 없다는 뜻은 아닙니다.; 도서지역은 도시형 500m 기준과 분리해 검토합니다.
B000003019,인천부광초등학교,library,판단 보류,0,수집 목록에서 주변 시설을 확인하지 못했습니다. 시설이 없다는 뜻은 아닙니다.
B000003019,인천부광초등학교,books,판단 보류,,학교 내부 자료를 확인했습니다. 장서 구성·노후도·이용수요는 추가 확인이 필요합니다.
B000003019,인천부광초등학교,sports,판단 보류,0,수집 목록에서 주변 시설을 확인하지 못했습니다. 시설이 없다는 뜻은 아닙니다.; 25곳 모두 부평구 소재이며 부평구를 포함해 전수 조사한 지역은 없습니다.
B000003019,인천부광초등학교,welfare,판단 보류,2,수집 목록에서 주변 시설을 찾았습니다. 실제 출입구 경로와 이용조건은 추가 확인이 필요합니다.
B000003040,인천동암초등학교,library,판단 보류,2,수집 목록에서 주변 시설을 찾았습니다. 실제 출입구 경로와 이용조건은 추가 확인이 필요합니다.
B000003040,인천동암초등학교,books,판단 보류,,학교 내부 자료를 확인했습니다. 장서 구성·노후도·이용수요는 추가 확인이 필요합니다.
B000003040,인천동암초등학교,sports,판단 보류,0,수집 목록에서 주변 시설을 확인하지 못했습니다. 시설이 없다는 뜻은 아닙니다.; 25곳 모두 부평구 소재이며 부평구를 포함해 전수 조사한 지역은 없습니다.
B000003040,인천동암초등학교,welfare,판단 보류,1,수집 목록에서 주변 시설을 찾았습니다. 실제 출입구 경로와 이용조건은 추가 확인이 필요합니다.
B000002984,인천승학초등학교,library,판단 보류,0,수집 목록에서 주변 시설을 확인하지 못했습니다. 시설이 없다는 뜻은 아닙니다.
B000002984,인천승학초등학교,books,판단 보류,,학교 내부 자료를 확인했습니다. 장서 구성·노후도·이용수요는 추가 확인이 필요합니다.
B000002984,인천승학초등학교,sports,판단 보류,0,수집 목록에서 주변 시설을 확인하지 못했습니다. 시설이 없다는 뜻은 아닙니다.; 25곳 모두 부평구 소재이며 부평구를 포함해 전수 조사한 지역은 없습니다.
B000002984,인천승학초등학교,welfare,판단 보류,0,수집 목록에서 주변 시설을 확인하지 못했습니다. 시설이 없다는 뜻은 아닙니다.
B000003017,인천부내초등학교,library,판단 보류,0,수집 목록에서 주변 시설을 확인하지 못했습니다. 시설이 없다는 뜻은 아닙니다.
B000003017,인천부내초등학교,books,판단 보류,,학교 내부 자료를 확인했습니다. 장서 구성·노후도·이용수요는 추가 확인이 필요합니다.
B000003017,인천부내초등학교,sports,판단 보류,0,수집 목록에서 주변 시설을 확인하지 못했습니다. 시설이 없다는 뜻은 아닙니다.; 25곳 모두 부평구 소재이며 부평구를 포함해 전수 조사한 지역은 없습니다.
B000003017,인천부내초등학교,welfare,판단 보류,0,수집 목록에서 주변 시설을 확인하지 못했습니다. 시설이 없다는 뜻은 아닙니다.
B000002963,인천만석초등학교,library,판단 보류,0,수집 목록에서 주변 시설을 확인하지 못했습니다. 시설이 없다는 뜻은 아닙니다.
B000002963,인천만석초등학교,books,판단 보류,,학교 내부 자료를 확인했습니다. 장서 구성·노후도·이용수요는 추가 확인이 필요합니다.
B000002963,인천만석초등학교,sports,판단 보류,0,수집 목록에서 주변 시설을 확인하지 못했습니다. 시설이 없다는 뜻은 아닙니다.; 25곳 모두 부평구 소재이며 부평구를 포함해 전수 조사한 지역은 없습니다.
B000002963,인천만석초등학교,welfare,판단 보류,1,수집 목록에서 주변 시설을 찾았습니다. 실제 출입구 경로와 이용조건은 추가 확인이 필요합니다.
B000003143,인천신석초등학교,library,판단 보류,0,수집 목록에서 주변 시설을 확인하지 못했습니다. 시설이 없다는 뜻은 아닙니다.
B000003143,인천신석초등학교,books,판단 보류,,학교 내부 자료를 확인했습니다. 장서 구성·노후도·이용수요는 추가 확인이 필요합니다.
B000003143,인천신석초등학교,sports,판단 보류,0,수집 목록에서 주변 시설을 확인하지 못했습니다. 시설이 없다는 뜻은 아닙니다.; 25곳 모두 부평구 소재이며 부평구를 포함해 전수 조사한 지역은 없습니다.
B000003143,인천신석초등학교,welfare,판단 보류,1,수집 목록에서 주변 시설을 찾았습니다. 실제 출입구 경로와 이용조건은 추가 확인이 필요합니다.
B000003100,인천조동초등학교,library,판단 보류,0,수집 목록에서 주변 시설을 확인하지 못했습니다. 시설이 없다는 뜻은 아닙니다.
B000003100,인천조동초등학교,books,판단 보류,,학교 내부 자료를 확인했습니다. 장서 구성·노후도·이용수요는 추가 확인이 필요합니다.
B000003100,인천조동초등학교,sports,판단 보류,0,수집 목록에서 주변 시설을 확인하지 못했습니다. 시설이 없다는 뜻은 아닙니다.; 25곳 모두 부평구 소재이며 부평구를 포함해 전수 조사한 지역은 없습니다.
B000003100,인천조동초등학교,welfare,판단 보류,2,수집 목록에서 주변 시설을 찾았습니다. 실제 출입구 경로와 이용조건은 추가 확인이 필요합니다.
B000025756,인천청호초등학교,library,판단 보류,1,수집 목록에서 주변 시설을 찾았습니다. 실제 출입구 경로와 이용조건은 추가 확인이 필요합니다.
B000025756,인천청호초등학교,books,판단 보류,,학교 내부 자료를 확인했습니다. 장서 구성·노후도·이용수요는 추가 확인이 필요합니다.
B000025756,인천청호초등학교,sports,판단 보류,0,수집 목록에서 주변 시설을 확인하지 못했습니다. 시설이 없다는 뜻은 아닙니다.; 25곳 모두 부평구 소재이며 부평구를 포함해 전수 조사한 지역은 없습니다.
B000025756,인천청호초등학교,welfare,판단 보류,0,수집 목록에서 주변 시설을 확인하지 못했습니다. 시설이 없다는 뜻은 아닙니다.
B000022832,인천한빛초등학교,library,판단 보류,0,수집 목록에서 주변 시설을 확인하지 못했습니다. 시설이 없다는 뜻은 아닙니다.
B000022832,인천한빛초등학교,books,판단 보류,,학교 내부 자료를 확인했습니다. 장서 구성·노후도·이용수요는 추가 확인이 필요합니다.
B000022832,인천한빛초등학교,sports,판단 보류,0,수집 목록에서 주변 시설을 확인하지 못했습니다. 시설이 없다는 뜻은 아닙니다.; 25곳 모두 부평구 소재이며 부평구를 포함해 전수 조사한 지역은 없습니다.
B000022832,인천한빛초등학교,welfare,판단 보류,0,수집 목록에서 주변 시설을 확인하지 못했습니다. 시설이 없다는 뜻은 아닙니다.
B000003106,경인교육대학교부설초등학교,library,판단 보류,0,수집 목록에서 주변 시설을 확인하지 못했습니다. 시설이 없다는 뜻은 아닙니다.
B000003106,경인교육대학교부설초등학교,books,판단 보류,,학교 내부 자료를 확인했습니다. 장서 구성·노후도·이용수요는 추가 확인이 필요합니다.
B000003106,경인교육대학교부설초등학교,sports,판단 보류,0,수집 목록에서 주변 시설을 확인하지 못했습니다. 시설이 없다는 뜻은 아닙니다.; 25곳 모두 부평구 소재이며 부평구를 포함해 전수 조사한 지역은 없습니다.
B000003106,경인교육대학교부설초등학교,welfare,판단 보류,1,수집 목록에서 주변 시설을 찾았습니다. 실제 출입구 경로와 이용조건은 추가 확인이 필요합니다.
B000003020,인천일신초등학교,library,판단 보류,2,수집 목록에서 주변 시설을 찾았습니다. 실제 출입구 경로와 이용조건은 추가 확인이 필요합니다.
B000003020,인천일신초등학교,books,판단 보류,,학교 내부 자료를 확인했습니다. 장서 구성·노후도·이용수요는 추가 확인이 필요합니다.
B000003020,인천일신초등학교,sports,판단 보류,0,수집 목록에서 주변 시설을 확인하지 못했습니다. 시설이 없다는 뜻은 아닙니다.; 25곳 모두 부평구 소재이며 부평구를 포함해 전수 조사한 지역은 없습니다.
B000003020,인천일신초등학교,welfare,판단 보류,1,수집 목록에서 주변 시설을 찾았습니다. 실제 출입구 경로와 이용조건은 추가 확인이 필요합니다.
B000003046,인천굴포초등학교,library,판단 보류,0,수집 목록에서 주변 시설을 확인하지 못했습니다. 시설이 없다는 뜻은 아닙니다.
B000003046,인천굴포초등학교,books,판단 보류,,학교 내부 자료를 확인했습니다. 장서 구성·노후도·이용수요는 추가 확인이 필요합니다.
B000003046,인천굴포초등학교,sports,판단 보류,0,수집 목록에서 주변 시설을 확인하지 못했습니다. 시설이 없다는 뜻은 아닙니다.; 25곳 모두 부평구 소재이며 부평구를 포함해 전수 조사한 지역은 없습니다.
B000003046,인천굴포초등학교,welfare,판단 보류,0,수집 목록에서 주변 시설을 확인하지 못했습니다. 시설이 없다는 뜻은 아닙니다.
B000003042,인천마장초등학교,library,판단 보류,1,수집 목록에서 주변 시설을 찾았습니다. 실제 출입구 경로와 이용조건은 추가 확인이 필요합니다.
B000003042,인천마장초등학교,books,판단 보류,,학교 내부 자료를 확인했습니다. 장서 구성·노후도·이용수요는 추가 확인이 필요합니다.
B000003042,인천마장초등학교,sports,판단 보류,0,수집 목록에서 주변 시설을 확인하지 못했습니다. 시설이 없다는 뜻은 아닙니다.; 25곳 모두 부평구 소재이며 부평구를 포함해 전수 조사한 지역은 없습니다.
B000003042,인천마장초등학교,welfare,판단 보류,1,수집 목록에서 주변 시설을 찾았습니다. 실제 출입구 경로와 이용조건은 추가 확인이 필요합니다.
B000002991,인천인주초등학교,library,판단 보류,0,수집 목록에서 주변 시설을 확인하지 못했습니다. 시설이 없다는 뜻은 아닙니다.
B000002991,인천인주초등학교,books,판단 보류,,학교 내부 자료를 확인했습니다. 장서 구성·노후도·이용수요는 추가 확인이 필요합니다.
B000002991,인천인주초등학교,sports,판단 보류,0,수집 목록에서 주변 시설을 확인하지 못했습니다. 시설이 없다는 뜻은 아닙니다.; 25곳 모두 부평구 소재이며 부평구를 포함해 전수 조사한 지역은 없습니다.
B000002991,인천인주초등학교,welfare,판단 보류,0,수집 목록에서 주변 시설을 확인하지 못했습니다. 시설이 없다는 뜻은 아닙니다.
B000003034,인천미산초등학교,library,판단 보류,0,수집 목록에서 주변 시설을 확인하지 못했습니다. 시설이 없다는 뜻은 아닙니다.
B000003034,인천미산초등학교,books,판단 보류,,학교 내부 자료를 확인했습니다. 장서 구성·노후도·이용수요는 추가 확인이 필요합니다.
B000003034,인천미산초등학교,sports,판단 보류,0,수집 목록에서 주변 시설을 확인하지 못했습니다. 시설이 없다는 뜻은 아닙니다.; 25곳 모두 부평구 소재이며 부평구를 포함해 전수 조사한 지역은 없습니다.
B000003034,인천미산초등학교,welfare,판단 보류,1,수집 목록에서 주변 시설을 찾았습니다. 실제 출입구 경로와 이용조건은 추가 확인이 필요합니다.
B000003102,인천장수초등학교,library,판단 보류,0,수집 목록에서 주변 시설을 확인하지 못했습니다. 시설이 없다는 뜻은 아닙니다.
B000003102,인천장수초등학교,books,판단 보류,,학교 내부 자료를 확인했습니다. 장서 구성·노후도·이용수요는 추가 확인이 필요합니다.
B000003102,인천장수초등학교,sports,판단 보류,0,수집 목록에서 주변 시설을 확인하지 못했습니다. 시설이 없다는 뜻은 아닙니다.; 25곳 모두 부평구 소재이며 부평구를 포함해 전수 조사한 지역은 없습니다.
B000003102,인천장수초등학교,welfare,판단 보류,1,수집 목록에서 주변 시설을 찾았습니다. 실제 출입구 경로와 이용조건은 추가 확인이 필요합니다.
B000002989,인천주안남초등학교,library,판단 보류,1,수집 목록에서 주변 시설을 찾았습니다. 실제 출입구 경로와 이용조건은 추가 확인이 필요합니다.
B000002989,인천주안남초등학교,books,판단 보류,,학교 내부 자료를 확인했습니다. 장서 구성·노후도·이용수요는 추가 확인이 필요합니다.
B000002989,인천주안남초등학교,sports,판단 보류,0,수집 목록에서 주변 시설을 확인하지 못했습니다. 시설이 없다는 뜻은 아닙니다.; 25곳 모두 부평구 소재이며 부평구를 포함해 전수 조사한 지역은 없습니다.
B000002989,인천주안남초등학교,welfare,판단 보류,0,수집 목록에서 주변 시설을 확인하지 못했습니다. 시설이 없다는 뜻은 아닙니다.
B000003077,상인천초등학교,library,판단 보류,0,수집 목록에서 주변 시설을 확인하지 못했습니다. 시설이 없다는 뜻은 아닙니다.
B000003077,상인천초등학교,books,판단 보류,,학교 내부 자료를 확인했습니다. 장서 구성·노후도·이용수요는 추가 확인이 필요합니다.
B000003077,상인천초등학교,sports,판단 보류,0,수집 목록에서 주변 시설을 확인하지 못했습니다. 시설이 없다는 뜻은 아닙니다.; 25곳 모두 부평구 소재이며 부평구를 포함해 전수 조사한 지역은 없습니다.
B000003077,상인천초등학교,welfare,판단 보류,1,수집 목록에서 주변 시설을 찾았습니다. 실제 출입구 경로와 이용조건은 추가 확인이 필요합니다.
B000003060,인천동막초등학교,library,판단 보류,0,수집 목록에서 주변 시설을 확인하지 못했습니다. 시설이 없다는 뜻은 아닙니다.
B000003060,인천동막초등학교,books,판단 보류,,학교 내부 자료를 확인했습니다. 장서 구성·노후도·이용수요는 추가 확인이 필요합니다.
B000003060,인천동막초등학교,sports,판단 보류,0,수집 목록에서 주변 시설을 확인하지 못했습니다. 시설이 없다는 뜻은 아닙니다.; 25곳 모두 부평구 소재이며 부평구를 포함해 전수 조사한 지역은 없습니다.
B000003060,인천동막초등학교,welfare,판단 보류,0,수집 목록에서 주변 시설을 확인하지 못했습니다. 시설이 없다는 뜻은 아닙니다.
B000002969,인천동명초등학교,library,판단 보류,1,수집 목록에서 주변 시설을 찾았습니다. 실제 출입구 경로와 이용조건은 추가 확인이 필요합니다.
B000002969,인천동명초등학교,books,판단 보류,,학교 내부 자료를 확인했습니다. 장서 구성·노후도·이용수요는 추가 확인이 필요합니다.
B000002969,인천동명초등학교,sports,판단 보류,0,수집 목록에서 주변 시설을 확인하지 못했습니다. 시설이 없다는 뜻은 아닙니다.; 25곳 모두 부평구 소재이며 부평구를 포함해 전수 조사한 지역은 없습니다.
B000002969,인천동명초등학교,welfare,판단 보류,3,수집 목록에서 주변 시설을 찾았습니다. 실제 출입구 경로와 이용조건은 추가 확인이 필요합니다.
B000002990,인천학익초등학교,library,판단 보류,0,수집 목록에서 주변 시설을 확인하지 못했습니다. 시설이 없다는 뜻은 아닙니다.
B000002990,인천학익초등학교,books,판단 보류,,학교 내부 자료를 확인했습니다. 장서 구성·노후도·이용수요는 추가 확인이 필요합니다.
B000002990,인천학익초등학교,sports,판단 보류,0,수집 목록에서 주변 시설을 확인하지 못했습니다. 시설이 없다는 뜻은 아닙니다.; 25곳 모두 부평구 소재이며 부평구를 포함해 전수 조사한 지역은 없습니다.
B000002990,인천학익초등학교,welfare,판단 보류,0,수집 목록에서 주변 시설을 확인하지 못했습니다. 시설이 없다는 뜻은 아닙니다.
B000003104,인천남동초등학교,library,판단 보류,0,수집 목록에서 주변 시설을 확인하지 못했습니다. 시설이 없다는 뜻은 아닙니다.
B000003104,인천남동초등학교,books,판단 보류,,학교 내부 자료를 확인했습니다. 장서 구성·노후도·이용수요는 추가 확인이 필요합니다.
B000003104,인천남동초등학교,sports,판단 보류,0,수집 목록에서 주변 시설을 확인하지 못했습니다. 시설이 없다는 뜻은 아닙니다.; 25곳 모두 부평구 소재이며 부평구를 포함해 전수 조사한 지역은 없습니다.
B000003104,인천남동초등학교,welfare,판단 보류,1,수집 목록에서 주변 시설을 찾았습니다. 실제 출입구 경로와 이용조건은 추가 확인이 필요합니다.
B000003047,한일초등학교,library,판단 보류,0,수집 목록에서 주변 시설을 확인하지 못했습니다. 시설이 없다는 뜻은 아닙니다.
B000003047,한일초등학교,books,판단 보류,,학교 내부 자료를 확인했습니다. 장서 구성·노후도·이용수요는 추가 확인이 필요합니다.
B000003047,한일초등학교,sports,판단 보류,2,수집 목록에서 주변 시설을 찾았습니다. 실제 출입구 경로와 이용조건은 추가 확인이 필요합니다.; 25곳 모두 부평구 소재이며 부평구를 포함해 전수 조사한 지역은 없습니다.
B000003047,한일초등학교,welfare,판단 보류,0,수집 목록에서 주변 시설을 확인하지 못했습니다. 시설이 없다는 뜻은 아닙니다.
B000003091,인천주원초등학교,library,판단 보류,0,수집 목록에서 주변 시설을 확인하지 못했습니다. 시설이 없다는 뜻은 아닙니다.
B000003091,인천주원초등학교,books,판단 보류,,학교 내부 자료를 확인했습니다. 장서 구성·노후도·이용수요는 추가 확인이 필요합니다.
B000003091,인천주원초등학교,sports,판단 보류,0,수집 목록에서 주변 시설을 확인하지 못했습니다. 시설이 없다는 뜻은 아닙니다.; 25곳 모두 부평구 소재이며 부평구를 포함해 전수 조사한 지역은 없습니다.
B000003091,인천주원초등학교,welfare,판단 보류,1,수집 목록에서 주변 시설을 찾았습니다. 실제 출입구 경로와 이용조건은 추가 확인이 필요합니다.
B000003032,인천산곡초등학교,library,판단 보류,1,수집 목록에서 주변 시설을 찾았습니다. 실제 출입구 경로와 이용조건은 추가 확인이 필요합니다.
B000003032,인천산곡초등학교,books,판단 보류,,학교 내부 자료를 확인했습니다. 장서 구성·노후도·이용수요는 추가 확인이 필요합니다.
B000003032,인천산곡초등학교,sports,판단 보류,0,수집 목록에서 주변 시설을 확인하지 못했습니다. 시설이 없다는 뜻은 아닙니다.; 25곳 모두 부평구 소재이며 부평구를 포함해 전수 조사한 지역은 없습니다.
B000003032,인천산곡초등학교,welfare,판단 보류,0,수집 목록에서 주변 시설을 확인하지 못했습니다. 시설이 없다는 뜻은 아닙니다.
B000003076,인천상아초등학교,library,판단 보류,0,수집 목록에서 주변 시설을 확인하지 못했습니다. 시설이 없다는 뜻은 아닙니다.
B000003076,인천상아초등학교,books,판단 보류,,학교 내부 자료를 확인했습니다. 장서 구성·노후도·이용수요는 추가 확인이 필요합니다.
B000003076,인천상아초등학교,sports,판단 보류,0,수집 목록에서 주변 시설을 확인하지 못했습니다. 시설이 없다는 뜻은 아닙니다.; 25곳 모두 부평구 소재이며 부평구를 포함해 전수 조사한 지역은 없습니다.
B000003076,인천상아초등학교,welfare,판단 보류,2,수집 목록에서 주변 시설을 찾았습니다. 실제 출입구 경로와 이용조건은 추가 확인이 필요합니다.
B000003055,인천함박초등학교,library,판단 보류,0,수집 목록에서 주변 시설을 확인하지 못했습니다. 시설이 없다는 뜻은 아닙니다.
B000003055,인천함박초등학교,books,판단 보류,,학교 내부 자료를 확인했습니다. 장서 구성·노후도·이용수요는 추가 확인이 필요합니다.
B000003055,인천함박초등학교,sports,판단 보류,0,수집 목록에서 주변 시설을 확인하지 못했습니다. 시설이 없다는 뜻은 아닙니다.; 25곳 모두 부평구 소재이며 부평구를 포함해 전수 조사한 지역은 없습니다.
B000003055,인천함박초등학교,welfare,판단 보류,2,수집 목록에서 주변 시설을 찾았습니다. 실제 출입구 경로와 이용조건은 추가 확인이 필요합니다.
B000003052,인천선학초등학교,library,판단 보류,0,수집 목록에서 주변 시설을 확인하지 못했습니다. 시설이 없다는 뜻은 아닙니다.
B000003052,인천선학초등학교,books,판단 보류,,학교 내부 자료를 확인했습니다. 장서 구성·노후도·이용수요는 추가 확인이 필요합니다.
B000003052,인천선학초등학교,sports,판단 보류,0,수집 목록에서 주변 시설을 확인하지 못했습니다. 시설이 없다는 뜻은 아닙니다.; 25곳 모두 부평구 소재이며 부평구를 포함해 전수 조사한 지역은 없습니다.
B000003052,인천선학초등학교,welfare,판단 보류,0,수집 목록에서 주변 시설을 확인하지 못했습니다. 시설이 없다는 뜻은 아닙니다.
B000002953,인천운서초등학교,library,판단 보류,0,수집 목록에서 주변 시설을 확인하지 못했습니다. 시설이 없다는 뜻은 아닙니다.
B000002953,인천운서초등학교,books,판단 보류,,학교 내부 자료를 확인했습니다. 장서 구성·노후도·이용수요는 추가 확인이 필요합니다.
B000002953,인천운서초등학교,sports,판단 보류,0,수집 목록에서 주변 시설을 확인하지 못했습니다. 시설이 없다는 뜻은 아닙니다.; 25곳 모두 부평구 소재이며 부평구를 포함해 전수 조사한 지역은 없습니다.
B000002953,인천운서초등학교,welfare,판단 보류,0,수집 목록에서 주변 시설을 확인하지 못했습니다. 시설이 없다는 뜻은 아닙니다.
B000003069,인천박문초등학교,library,판단 보류,0,수집 목록에서 주변 시설을 확인하지 못했습니다. 시설이 없다는 뜻은 아닙니다.
B000003069,인천박문초등학교,books,판단 보류,,학교 내부 자료를 확인했습니다. 장서 구성·노후도·이용수요는 추가 확인이 필요합니다.
B000003069,인천박문초등학교,sports,판단 보류,0,수집 목록에서 주변 시설을 확인하지 못했습니다. 시설이 없다는 뜻은 아닙니다.; 25곳 모두 부평구 소재이며 부평구를 포함해 전수 조사한 지역은 없습니다.
B000003069,인천박문초등학교,welfare,판단 보류,0,수집 목록에서 주변 시설을 확인하지 못했습니다. 시설이 없다는 뜻은 아닙니다.
B000003022,인천상정초등학교,library,판단 보류,0,수집 목록에서 주변 시설을 확인하지 못했습니다. 시설이 없다는 뜻은 아닙니다.
B000003022,인천상정초등학교,books,판단 보류,,학교 내부 자료를 확인했습니다. 장서 구성·노후도·이용수요는 추가 확인이 필요합니다.
B000003022,인천상정초등학교,sports,판단 보류,0,수집 목록에서 주변 시설을 확인하지 못했습니다. 시설이 없다는 뜻은 아닙니다.; 25곳 모두 부평구 소재이며 부평구를 포함해 전수 조사한 지역은 없습니다.
B000003022,인천상정초등학교,welfare,판단 보류,1,수집 목록에서 주변 시설을 찾았습니다. 실제 출입구 경로와 이용조건은 추가 확인이 필요합니다.
B000002973,인천용일초등학교,library,판단 보류,0,수집 목록에서 주변 시설을 확인하지 못했습니다. 시설이 없다는 뜻은 아닙니다.
B000002973,인천용일초등학교,books,판단 보류,,학교 내부 자료를 확인했습니다. 장서 구성·노후도·이용수요는 추가 확인이 필요합니다.
B000002973,인천용일초등학교,sports,판단 보류,0,수집 목록에서 주변 시설을 확인하지 못했습니다. 시설이 없다는 뜻은 아닙니다.; 25곳 모두 부평구 소재이며 부평구를 포함해 전수 조사한 지역은 없습니다.
B000002973,인천용일초등학교,welfare,판단 보류,0,수집 목록에서 주변 시설을 확인하지 못했습니다. 시설이 없다는 뜻은 아닙니다.
B000003155,인천목향초등학교,library,판단 보류,0,수집 목록에서 주변 시설을 확인하지 못했습니다. 시설이 없다는 뜻은 아닙니다.
B000003155,인천목향초등학교,books,판단 보류,,학교 내부 자료를 확인했습니다. 장서 구성·노후도·이용수요는 추가 확인이 필요합니다.
B000003155,인천목향초등학교,sports,판단 보류,0,수집 목록에서 주변 시설을 확인하지 못했습니다. 시설이 없다는 뜻은 아닙니다.; 25곳 모두 부평구 소재이며 부평구를 포함해 전수 조사한 지역은 없습니다.
B000003155,인천목향초등학교,welfare,판단 보류,0,수집 목록에서 주변 시설을 확인하지 못했습니다. 시설이 없다는 뜻은 아닙니다.
B000003089,인천고잔초등학교,library,판단 보류,0,수집 목록에서 주변 시설을 확인하지 못했습니다. 시설이 없다는 뜻은 아닙니다.
B000003089,인천고잔초등학교,books,판단 보류,,학교 내부 자료를 확인했습니다. 장서 구성·노후도·이용수요는 추가 확인이 필요합니다.
B000003089,인천고잔초등학교,sports,판단 보류,0,수집 목록에서 주변 시설을 확인하지 못했습니다. 시설이 없다는 뜻은 아닙니다.; 25곳 모두 부평구 소재이며 부평구를 포함해 전수 조사한 지역은 없습니다.
B000003089,인천고잔초등학교,welfare,판단 보류,1,수집 목록에서 주변 시설을 찾았습니다. 실제 출입구 경로와 이용조건은 추가 확인이 필요합니다.
B000003096,인천소래초등학교,library,판단 보류,0,수집 목록에서 주변 시설을 확인하지 못했습니다. 시설이 없다는 뜻은 아닙니다.
B000003096,인천소래초등학교,books,판단 보류,,학교 내부 자료를 확인했습니다. 장서 구성·노후도·이용수요는 추가 확인이 필요합니다.
B000003096,인천소래초등학교,sports,판단 보류,0,수집 목록에서 주변 시설을 확인하지 못했습니다. 시설이 없다는 뜻은 아닙니다.; 25곳 모두 부평구 소재이며 부평구를 포함해 전수 조사한 지역은 없습니다.
B000003096,인천소래초등학교,welfare,판단 보류,0,수집 목록에서 주변 시설을 확인하지 못했습니다. 시설이 없다는 뜻은 아닙니다.
B000002977,인천백학초등학교,library,판단 보류,0,수집 목록에서 주변 시설을 확인하지 못했습니다. 시설이 없다는 뜻은 아닙니다.
B000002977,인천백학초등학교,books,판단 보류,,학교 내부 자료를 확인했습니다. 장서 구성·노후도·이용수요는 추가 확인이 필요합니다.
B000002977,인천백학초등학교,sports,판단 보류,0,수집 목록에서 주변 시설을 확인하지 못했습니다. 시설이 없다는 뜻은 아닙니다.; 25곳 모두 부평구 소재이며 부평구를 포함해 전수 조사한 지역은 없습니다.
B000002977,인천백학초등학교,welfare,판단 보류,2,수집 목록에서 주변 시설을 찾았습니다. 실제 출입구 경로와 이용조건은 추가 확인이 필요합니다.
B000003056,인천청학초등학교,library,판단 보류,0,수집 목록에서 주변 시설을 확인하지 못했습니다. 시설이 없다는 뜻은 아닙니다.
B000003056,인천청학초등학교,books,판단 보류,,학교 내부 자료를 확인했습니다. 장서 구성·노후도·이용수요는 추가 확인이 필요합니다.
B000003056,인천청학초등학교,sports,판단 보류,0,수집 목록에서 주변 시설을 확인하지 못했습니다. 시설이 없다는 뜻은 아닙니다.; 25곳 모두 부평구 소재이며 부평구를 포함해 전수 조사한 지역은 없습니다.
B000003056,인천청학초등학교,welfare,판단 보류,1,수집 목록에서 주변 시설을 찾았습니다. 실제 출입구 경로와 이용조건은 추가 확인이 필요합니다.
B000003073,인천정각초등학교,library,판단 보류,0,수집 목록에서 주변 시설을 확인하지 못했습니다. 시설이 없다는 뜻은 아닙니다.
B000003073,인천정각초등학교,books,판단 보류,,학교 내부 자료를 확인했습니다. 장서 구성·노후도·이용수요는 추가 확인이 필요합니다.
B000003073,인천정각초등학교,sports,판단 보류,0,수집 목록에서 주변 시설을 확인하지 못했습니다. 시설이 없다는 뜻은 아닙니다.; 25곳 모두 부평구 소재이며 부평구를 포함해 전수 조사한 지역은 없습니다.
B000003073,인천정각초등학교,welfare,판단 보류,2,수집 목록에서 주변 시설을 찾았습니다. 실제 출입구 경로와 이용조건은 추가 확인이 필요합니다.
B000003130,인천명현초등학교,library,판단 보류,0,수집 목록에서 주변 시설을 확인하지 못했습니다. 시설이 없다는 뜻은 아닙니다.
B000003130,인천명현초등학교,books,판단 보류,,학교 내부 자료를 확인했습니다. 장서 구성·노후도·이용수요는 추가 확인이 필요합니다.
B000003130,인천명현초등학교,sports,판단 보류,0,수집 목록에서 주변 시설을 확인하지 못했습니다. 시설이 없다는 뜻은 아닙니다.; 25곳 모두 부평구 소재이며 부평구를 포함해 전수 조사한 지역은 없습니다.
B000003130,인천명현초등학교,welfare,판단 보류,1,수집 목록에서 주변 시설을 찾았습니다. 실제 출입구 경로와 이용조건은 추가 확인이 필요합니다.
B000002974,인천용현초등학교,library,판단 보류,0,수집 목록에서 주변 시설을 확인하지 못했습니다. 시설이 없다는 뜻은 아닙니다.
B000002974,인천용현초등학교,books,판단 보류,,학교 내부 자료를 확인했습니다. 장서 구성·노후도·이용수요는 추가 확인이 필요합니다.
B000002974,인천용현초등학교,sports,판단 보류,0,수집 목록에서 주변 시설을 확인하지 못했습니다. 시설이 없다는 뜻은 아닙니다.; 25곳 모두 부평구 소재이며 부평구를 포함해 전수 조사한 지역은 없습니다.
B000002974,인천용현초등학교,welfare,판단 보류,1,수집 목록에서 주변 시설을 찾았습니다. 실제 출입구 경로와 이용조건은 추가 확인이 필요합니다.
B000003151,인천능내초등학교,library,판단 보류,1,수집 목록에서 주변 시설을 찾았습니다. 실제 출입구 경로와 이용조건은 추가 확인이 필요합니다.
B000003151,인천능내초등학교,books,판단 보류,,학교 내부 자료를 확인했습니다. 장서 구성·노후도·이용수요는 추가 확인이 필요합니다.
B000003151,인천능내초등학교,sports,판단 보류,0,수집 목록에서 주변 시설을 확인하지 못했습니다. 시설이 없다는 뜻은 아닙니다.; 25곳 모두 부평구 소재이며 부평구를 포함해 전수 조사한 지역은 없습니다.
B000003151,인천능내초등학교,welfare,판단 보류,0,수집 목록에서 주변 시설을 확인하지 못했습니다. 시설이 없다는 뜻은 아닙니다.
B000003058,인천연성초등학교,library,판단 보류,0,수집 목록에서 주변 시설을 확인하지 못했습니다. 시설이 없다는 뜻은 아닙니다.
B000003058,인천연성초등학교,books,판단 보류,,학교 내부 자료를 확인했습니다. 장서 구성·노후도·이용수요는 추가 확인이 필요합니다.
B000003058,인천연성초등학교,sports,판단 보류,0,수집 목록에서 주변 시설을 확인하지 못했습니다. 시설이 없다는 뜻은 아닙니다.; 25곳 모두 부평구 소재이며 부평구를 포함해 전수 조사한 지역은 없습니다.
B000003058,인천연성초등학교,welfare,판단 보류,0,수집 목록에서 주변 시설을 확인하지 못했습니다. 시설이 없다는 뜻은 아닙니다.
B000003062,인천연수초등학교,library,판단 보류,0,수집 목록에서 주변 시설을 확인하지 못했습니다. 시설이 없다는 뜻은 아닙니다.
B000003062,인천연수초등학교,books,판단 보류,,학교 내부 자료를 확인했습니다. 장서 구성·노후도·이용수요는 추가 확인이 필요합니다.
B000003062,인천연수초등학교,sports,판단 보류,0,수집 목록에서 주변 시설을 확인하지 못했습니다. 시설이 없다는 뜻은 아닙니다.; 25곳 모두 부평구 소재이며 부평구를 포함해 전수 조사한 지역은 없습니다.
B000003062,인천연수초등학교,welfare,판단 보류,0,수집 목록에서 주변 시설을 확인하지 못했습니다. 시설이 없다는 뜻은 아닙니다.
B000003080,인천동부초등학교,library,판단 보류,0,수집 목록에서 주변 시설을 확인하지 못했습니다. 시설이 없다는 뜻은 아닙니다.
B000003080,인천동부초등학교,books,판단 보류,,학교 내부 자료를 확인했습니다. 장서 구성·노후도·이용수요는 추가 확인이 필요합니다.
B000003080,인천동부초등학교,sports,판단 보류,0,수집 목록에서 주변 시설을 확인하지 못했습니다. 시설이 없다는 뜻은 아닙니다.; 25곳 모두 부평구 소재이며 부평구를 포함해 전수 조사한 지역은 없습니다.
B000003080,인천동부초등학교,welfare,판단 보류,2,수집 목록에서 주변 시설을 찾았습니다. 실제 출입구 경로와 이용조건은 추가 확인이 필요합니다.
B000003154,인천불로초등학교,library,판단 보류,1,수집 목록에서 주변 시설을 찾았습니다. 실제 출입구 경로와 이용조건은 추가 확인이 필요합니다.
B000003154,인천불로초등학교,books,판단 보류,,학교 내부 자료를 확인했습니다. 장서 구성·노후도·이용수요는 추가 확인이 필요합니다.
B000003154,인천불로초등학교,sports,판단 보류,0,수집 목록에서 주변 시설을 확인하지 못했습니다. 시설이 없다는 뜻은 아닙니다.; 25곳 모두 부평구 소재이며 부평구를 포함해 전수 조사한 지역은 없습니다.
B000003154,인천불로초등학교,welfare,판단 보류,0,수집 목록에서 주변 시설을 확인하지 못했습니다. 시설이 없다는 뜻은 아닙니다.
B000003181,송해초등학교,library,판단 보류,0,수집 목록에서 주변 시설을 확인하지 못했습니다. 시설이 없다는 뜻은 아닙니다.; 도서지역은 도시형 500m 기준과 분리해 검토합니다.
B000003181,송해초등학교,books,판단 보류,,학교 내부 자료를 확인했습니다. 장서 구성·노후도·이용수요는 추가 확인이 필요합니다.; 도서지역은 도시형 500m 기준과 분리해 검토합니다.
B000003181,송해초등학교,sports,판단 보류,0,수집 목록에서 주변 시설을 확인하지 못했습니다. 시설이 없다는 뜻은 아닙니다.; 25곳 모두 부평구 소재이며 부평구를 포함해 전수 조사한 지역은 없습니다.; 도서지역은 도시형 500m 기준과 분리해 검토합니다.
B000003181,송해초등학교,welfare,판단 보류,0,수집 목록에서 주변 시설을 확인하지 못했습니다. 시설이 없다는 뜻은 아닙니다.; 도서지역은 도시형 500m 기준과 분리해 검토합니다.
B000003145,인천천마초등학교,library,판단 보류,1,수집 목록에서 주변 시설을 찾았습니다. 실제 출입구 경로와 이용조건은 추가 확인이 필요합니다.
B000003145,인천천마초등학교,books,판단 보류,,학교 내부 자료를 확인했습니다. 장서 구성·노후도·이용수요는 추가 확인이 필요합니다.
B000003145,인천천마초등학교,sports,판단 보류,0,수집 목록에서 주변 시설을 확인하지 못했습니다. 시설이 없다는 뜻은 아닙니다.; 25곳 모두 부평구 소재이며 부평구를 포함해 전수 조사한 지역은 없습니다.
B000003145,인천천마초등학교,welfare,판단 보류,1,수집 목록에서 주변 시설을 찾았습니다. 실제 출입구 경로와 이용조건은 추가 확인이 필요합니다.
B000003018,인천부개서초등학교,library,판단 보류,0,수집 목록에서 주변 시설을 확인하지 못했습니다. 시설이 없다는 뜻은 아닙니다.
B000003018,인천부개서초등학교,books,판단 보류,,학교 내부 자료를 확인했습니다. 장서 구성·노후도·이용수요는 추가 확인이 필요합니다.
B000003018,인천부개서초등학교,sports,판단 보류,0,수집 목록에서 주변 시설을 확인하지 못했습니다. 시설이 없다는 뜻은 아닙니다.; 25곳 모두 부평구 소재이며 부평구를 포함해 전수 조사한 지역은 없습니다.
B000003018,인천부개서초등학교,welfare,판단 보류,0,수집 목록에서 주변 시설을 확인하지 못했습니다. 시설이 없다는 뜻은 아닙니다.
B000003188,내가초등학교,library,판단 보류,1,수집 목록에서 주변 시설을 찾았습니다. 실제 출입구 경로와 이용조건은 추가 확인이 필요합니다.; 도서지역은 도시형 500m 기준과 분리해 검토합니다.
B000003188,내가초등학교,books,판단 보류,,학교 내부 자료를 확인했습니다. 장서 구성·노후도·이용수요는 추가 확인이 필요합니다.; 도서지역은 도시형 500m 기준과 분리해 검토합니다.
B000003188,내가초등학교,sports,판단 보류,0,수집 목록에서 주변 시설을 확인하지 못했습니다. 시설이 없다는 뜻은 아닙니다.; 25곳 모두 부평구 소재이며 부평구를 포함해 전수 조사한 지역은 없습니다.; 도서지역은 도시형 500m 기준과 분리해 검토합니다.
B000003188,내가초등학교,welfare,판단 보류,0,수집 목록에서 주변 시설을 확인하지 못했습니다. 시설이 없다는 뜻은 아닙니다.; 도서지역은 도시형 500m 기준과 분리해 검토합니다.
B000002954,인천용유초등학교,library,판단 보류,0,수집 목록에서 주변 시설을 확인하지 못했습니다. 시설이 없다는 뜻은 아닙니다.
B000002954,인천용유초등학교,books,판단 보류,,학교 내부 자료를 확인했습니다. 장서 구성·노후도·이용수요는 추가 확인이 필요합니다.
B000002954,인천용유초등학교,sports,판단 보류,0,수집 목록에서 주변 시설을 확인하지 못했습니다. 시설이 없다는 뜻은 아닙니다.; 25곳 모두 부평구 소재이며 부평구를 포함해 전수 조사한 지역은 없습니다.
B000002954,인천용유초등학교,welfare,판단 보류,0,수집 목록에서 주변 시설을 확인하지 못했습니다. 시설이 없다는 뜻은 아닙니다.
B000002978,인천도화초등학교,library,판단 보류,1,수집 목록에서 주변 시설을 찾았습니다. 실제 출입구 경로와 이용조건은 추가 확인이 필요합니다.
B000002978,인천도화초등학교,books,판단 보류,,학교 내부 자료를 확인했습니다. 장서 구성·노후도·이용수요는 추가 확인이 필요합니다.
B000002978,인천도화초등학교,sports,판단 보류,0,수집 목록에서 주변 시설을 확인하지 못했습니다. 시설이 없다는 뜻은 아닙니다.; 25곳 모두 부평구 소재이며 부평구를 포함해 전수 조사한 지역은 없습니다.
B000002978,인천도화초등학교,welfare,판단 보류,1,수집 목록에서 주변 시설을 찾았습니다. 실제 출입구 경로와 이용조건은 추가 확인이 필요합니다.
B000003043,인천개흥초등학교,library,판단 보류,1,수집 목록에서 주변 시설을 찾았습니다. 실제 출입구 경로와 이용조건은 추가 확인이 필요합니다.
B000003043,인천개흥초등학교,books,판단 보류,,학교 내부 자료를 확인했습니다. 장서 구성·노후도·이용수요는 추가 확인이 필요합니다.
B000003043,인천개흥초등학교,sports,판단 보류,0,수집 목록에서 주변 시설을 확인하지 못했습니다. 시설이 없다는 뜻은 아닙니다.; 25곳 모두 부평구 소재이며 부평구를 포함해 전수 조사한 지역은 없습니다.
B000003043,인천개흥초등학교,welfare,판단 보류,1,수집 목록에서 주변 시설을 찾았습니다. 실제 출입구 경로와 이용조건은 추가 확인이 필요합니다.
B000003090,인천약산초등학교,library,판단 보류,2,수집 목록에서 주변 시설을 찾았습니다. 실제 출입구 경로와 이용조건은 추가 확인이 필요합니다.
B000003090,인천약산초등학교,books,판단 보류,,학교 내부 자료를 확인했습니다. 장서 구성·노후도·이용수요는 추가 확인이 필요합니다.
B000003090,인천약산초등학교,sports,판단 보류,0,수집 목록에서 주변 시설을 확인하지 못했습니다. 시설이 없다는 뜻은 아닙니다.; 25곳 모두 부평구 소재이며 부평구를 포함해 전수 조사한 지역은 없습니다.
B000003090,인천약산초등학교,welfare,판단 보류,0,수집 목록에서 주변 시설을 확인하지 못했습니다. 시설이 없다는 뜻은 아닙니다.
B000003146,인천봉수초등학교,library,판단 보류,0,수집 목록에서 주변 시설을 확인하지 못했습니다. 시설이 없다는 뜻은 아닙니다.
B000003146,인천봉수초등학교,books,판단 보류,,학교 내부 자료를 확인했습니다. 장서 구성·노후도·이용수요는 추가 확인이 필요합니다.
B000003146,인천봉수초등학교,sports,판단 보류,0,수집 목록에서 주변 시설을 확인하지 못했습니다. 시설이 없다는 뜻은 아닙니다.; 25곳 모두 부평구 소재이며 부평구를 포함해 전수 조사한 지역은 없습니다.
B000003146,인천봉수초등학교,welfare,판단 보류,0,수집 목록에서 주변 시설을 확인하지 못했습니다. 시설이 없다는 뜻은 아닙니다.
B000003084,인천은봉초등학교,library,판단 보류,0,수집 목록에서 주변 시설을 확인하지 못했습니다. 시설이 없다는 뜻은 아닙니다.
B000003084,인천은봉초등학교,books,판단 보류,,학교 내부 자료를 확인했습니다. 장서 구성·노후도·이용수요는 추가 확인이 필요합니다.
B000003084,인천은봉초등학교,sports,판단 보류,0,수집 목록에서 주변 시설을 확인하지 못했습니다. 시설이 없다는 뜻은 아닙니다.; 25곳 모두 부평구 소재이며 부평구를 포함해 전수 조사한 지역은 없습니다.
B000003084,인천은봉초등학교,welfare,판단 보류,0,수집 목록에서 주변 시설을 확인하지 못했습니다. 시설이 없다는 뜻은 아닙니다.
B000003174,양도초등학교,library,판단 보류,0,수집 목록에서 주변 시설을 확인하지 못했습니다. 시설이 없다는 뜻은 아닙니다.; 도서지역은 도시형 500m 기준과 분리해 검토합니다.
B000003174,양도초등학교,books,판단 보류,,학교 내부 자료를 확인했습니다. 장서 구성·노후도·이용수요는 추가 확인이 필요합니다.; 도서지역은 도시형 500m 기준과 분리해 검토합니다.
B000003174,양도초등학교,sports,판단 보류,0,수집 목록에서 주변 시설을 확인하지 못했습니다. 시설이 없다는 뜻은 아닙니다.; 25곳 모두 부평구 소재이며 부평구를 포함해 전수 조사한 지역은 없습니다.; 도서지역은 도시형 500m 기준과 분리해 검토합니다.
B000003174,양도초등학교,welfare,판단 보류,0,수집 목록에서 주변 시설을 확인하지 못했습니다. 시설이 없다는 뜻은 아닙니다.; 도서지역은 도시형 500m 기준과 분리해 검토합니다.
B000025193,인천만월초등학교,library,판단 보류,0,수집 목록에서 주변 시설을 확인하지 못했습니다. 시설이 없다는 뜻은 아닙니다.
B000025193,인천만월초등학교,books,판단 보류,,학교 내부 자료를 확인했습니다. 장서 구성·노후도·이용수요는 추가 확인이 필요합니다.
B000025193,인천만월초등학교,sports,판단 보류,0,수집 목록에서 주변 시설을 확인하지 못했습니다. 시설이 없다는 뜻은 아닙니다.; 25곳 모두 부평구 소재이며 부평구를 포함해 전수 조사한 지역은 없습니다.
B000025193,인천만월초등학교,welfare,판단 보류,0,수집 목록에서 주변 시설을 확인하지 못했습니다. 시설이 없다는 뜻은 아닙니다.
B000025226,인천송일초등학교,library,판단 보류,0,수집 목록에서 주변 시설을 확인하지 못했습니다. 시설이 없다는 뜻은 아닙니다.
B000025226,인천송일초등학교,books,판단 보류,,학교 내부 자료를 확인했습니다. 장서 구성·노후도·이용수요는 추가 확인이 필요합니다.
B000025226,인천송일초등학교,sports,판단 보류,0,수집 목록에서 주변 시설을 확인하지 못했습니다. 시설이 없다는 뜻은 아닙니다.; 25곳 모두 부평구 소재이며 부평구를 포함해 전수 조사한 지역은 없습니다.
B000025226,인천송일초등학교,welfare,판단 보류,0,수집 목록에서 주변 시설을 확인하지 못했습니다. 시설이 없다는 뜻은 아닙니다.
B000003014,인천진산초등학교,library,판단 보류,0,수집 목록에서 주변 시설을 확인하지 못했습니다. 시설이 없다는 뜻은 아닙니다.
B000003014,인천진산초등학교,books,판단 보류,,학교 내부 자료를 확인했습니다. 장서 구성·노후도·이용수요는 추가 확인이 필요합니다.
B000003014,인천진산초등학교,sports,판단 보류,0,수집 목록에서 주변 시설을 확인하지 못했습니다. 시설이 없다는 뜻은 아닙니다.; 25곳 모두 부평구 소재이며 부평구를 포함해 전수 조사한 지역은 없습니다.
B000003014,인천진산초등학교,welfare,판단 보류,0,수집 목록에서 주변 시설을 확인하지 못했습니다. 시설이 없다는 뜻은 아닙니다.
B000002972,인천용정초등학교,library,판단 보류,1,수집 목록에서 주변 시설을 찾았습니다. 실제 출입구 경로와 이용조건은 추가 확인이 필요합니다.
B000002972,인천용정초등학교,books,판단 보류,,학교 내부 자료를 확인했습니다. 장서 구성·노후도·이용수요는 추가 확인이 필요합니다.
B000002972,인천용정초등학교,sports,판단 보류,0,수집 목록에서 주변 시설을 확인하지 못했습니다. 시설이 없다는 뜻은 아닙니다.; 25곳 모두 부평구 소재이며 부평구를 포함해 전수 조사한 지역은 없습니다.
B000002972,인천용정초등학교,welfare,판단 보류,0,수집 목록에서 주변 시설을 확인하지 못했습니다. 시설이 없다는 뜻은 아닙니다.
B000003070,인천남촌초등학교,library,판단 보류,0,수집 목록에서 주변 시설을 확인하지 못했습니다. 시설이 없다는 뜻은 아닙니다.
B000003070,인천남촌초등학교,books,판단 보류,,학교 내부 자료를 확인했습니다. 장서 구성·노후도·이용수요는 추가 확인이 필요합니다.
B000003070,인천남촌초등학교,sports,판단 보류,0,수집 목록에서 주변 시설을 확인하지 못했습니다. 시설이 없다는 뜻은 아닙니다.; 25곳 모두 부평구 소재이며 부평구를 포함해 전수 조사한 지역은 없습니다.
B000003070,인천남촌초등학교,welfare,판단 보류,3,수집 목록에서 주변 시설을 찾았습니다. 실제 출입구 경로와 이용조건은 추가 확인이 필요합니다.
B000003115,인천신대초등학교,library,판단 보류,0,수집 목록에서 주변 시설을 확인하지 못했습니다. 시설이 없다는 뜻은 아닙니다.
B000003115,인천신대초등학교,books,판단 보류,,학교 내부 자료를 확인했습니다. 장서 구성·노후도·이용수요는 추가 확인이 필요합니다.
B000003115,인천신대초등학교,sports,판단 보류,0,수집 목록에서 주변 시설을 확인하지 못했습니다. 시설이 없다는 뜻은 아닙니다.; 25곳 모두 부평구 소재이며 부평구를 포함해 전수 조사한 지역은 없습니다.
B000003115,인천신대초등학교,welfare,판단 보류,0,수집 목록에서 주변 시설을 확인하지 못했습니다. 시설이 없다는 뜻은 아닙니다.
B000002958,인천삼목초등학교,library,판단 보류,0,수집 목록에서 주변 시설을 확인하지 못했습니다. 시설이 없다는 뜻은 아닙니다.
B000002958,인천삼목초등학교,books,판단 보류,,학교 내부 자료를 확인했습니다. 장서 구성·노후도·이용수요는 추가 확인이 필요합니다.
B000002958,인천삼목초등학교,sports,판단 보류,0,수집 목록에서 주변 시설을 확인하지 못했습니다. 시설이 없다는 뜻은 아닙니다.; 25곳 모두 부평구 소재이며 부평구를 포함해 전수 조사한 지역은 없습니다.
B000002958,인천삼목초등학교,welfare,판단 보류,0,수집 목록에서 주변 시설을 확인하지 못했습니다. 시설이 없다는 뜻은 아닙니다.
B000003011,인천갈산초등학교,library,판단 보류,0,수집 목록에서 주변 시설을 확인하지 못했습니다. 시설이 없다는 뜻은 아닙니다.
B000003011,인천갈산초등학교,books,판단 보류,,학교 내부 자료를 확인했습니다. 장서 구성·노후도·이용수요는 추가 확인이 필요합니다.
B000003011,인천갈산초등학교,sports,판단 보류,0,수집 목록에서 주변 시설을 확인하지 못했습니다. 시설이 없다는 뜻은 아닙니다.; 25곳 모두 부평구 소재이며 부평구를 포함해 전수 조사한 지역은 없습니다.
B000003011,인천갈산초등학교,welfare,판단 보류,1,수집 목록에서 주변 시설을 찾았습니다. 실제 출입구 경로와 이용조건은 추가 확인이 필요합니다.
B000003156,인천왕길초등학교,library,판단 보류,1,수집 목록에서 주변 시설을 찾았습니다. 실제 출입구 경로와 이용조건은 추가 확인이 필요합니다.
B000003156,인천왕길초등학교,books,판단 보류,,학교 내부 자료를 확인했습니다. 장서 구성·노후도·이용수요는 추가 확인이 필요합니다.
B000003156,인천왕길초등학교,sports,판단 보류,0,수집 목록에서 주변 시설을 확인하지 못했습니다. 시설이 없다는 뜻은 아닙니다.; 25곳 모두 부평구 소재이며 부평구를 포함해 전수 조사한 지역은 없습니다.
B000003156,인천왕길초등학교,welfare,판단 보류,1,수집 목록에서 주변 시설을 찾았습니다. 실제 출입구 경로와 이용조건은 추가 확인이 필요합니다.
B000003093,인천석천초등학교,library,판단 보류,0,수집 목록에서 주변 시설을 확인하지 못했습니다. 시설이 없다는 뜻은 아닙니다.
B000003093,인천석천초등학교,books,판단 보류,,학교 내부 자료를 확인했습니다. 장서 구성·노후도·이용수요는 추가 확인이 필요합니다.
B000003093,인천석천초등학교,sports,판단 보류,0,수집 목록에서 주변 시설을 확인하지 못했습니다. 시설이 없다는 뜻은 아닙니다.; 25곳 모두 부평구 소재이며 부평구를 포함해 전수 조사한 지역은 없습니다.
B000003093,인천석천초등학교,welfare,판단 보류,3,수집 목록에서 주변 시설을 찾았습니다. 실제 출입구 경로와 이용조건은 추가 확인이 필요합니다.
B000002966,인천송림초등학교,library,판단 보류,0,수집 목록에서 주변 시설을 확인하지 못했습니다. 시설이 없다는 뜻은 아닙니다.
B000002966,인천송림초등학교,books,판단 보류,,학교 내부 자료를 확인했습니다. 장서 구성·노후도·이용수요는 추가 확인이 필요합니다.
B000002966,인천송림초등학교,sports,판단 보류,0,수집 목록에서 주변 시설을 확인하지 못했습니다. 시설이 없다는 뜻은 아닙니다.; 25곳 모두 부평구 소재이며 부평구를 포함해 전수 조사한 지역은 없습니다.
B000002966,인천송림초등학교,welfare,판단 보류,1,수집 목록에서 주변 시설을 찾았습니다. 실제 출입구 경로와 이용조건은 추가 확인이 필요합니다.
B000003036,인천신촌초등학교,library,판단 보류,0,수집 목록에서 주변 시설을 확인하지 못했습니다. 시설이 없다는 뜻은 아닙니다.
B000003036,인천신촌초등학교,books,판단 보류,,학교 내부 자료를 확인했습니다. 장서 구성·노후도·이용수요는 추가 확인이 필요합니다.
B000003036,인천신촌초등학교,sports,판단 보류,0,수집 목록에서 주변 시설을 확인하지 못했습니다. 시설이 없다는 뜻은 아닙니다.; 25곳 모두 부평구 소재이며 부평구를 포함해 전수 조사한 지역은 없습니다.
B000003036,인천신촌초등학교,welfare,판단 보류,1,수집 목록에서 주변 시설을 찾았습니다. 실제 출입구 경로와 이용조건은 추가 확인이 필요합니다.
B000003028,인천부흥초등학교,library,판단 보류,0,수집 목록에서 주변 시설을 확인하지 못했습니다. 시설이 없다는 뜻은 아닙니다.
B000003028,인천부흥초등학교,books,판단 보류,,학교 내부 자료를 확인했습니다. 장서 구성·노후도·이용수요는 추가 확인이 필요합니다.
B000003028,인천부흥초등학교,sports,판단 보류,0,수집 목록에서 주변 시설을 확인하지 못했습니다. 시설이 없다는 뜻은 아닙니다.; 25곳 모두 부평구 소재이며 부평구를 포함해 전수 조사한 지역은 없습니다.
B000003028,인천부흥초등학교,welfare,판단 보류,1,수집 목록에서 주변 시설을 찾았습니다. 실제 출입구 경로와 이용조건은 추가 확인이 필요합니다.
B000002971,인천숭의초등학교,library,판단 보류,1,수집 목록에서 주변 시설을 찾았습니다. 실제 출입구 경로와 이용조건은 추가 확인이 필요합니다.
B000002971,인천숭의초등학교,books,판단 보류,,학교 내부 자료를 확인했습니다. 장서 구성·노후도·이용수요는 추가 확인이 필요합니다.
B000002971,인천숭의초등학교,sports,판단 보류,0,수집 목록에서 주변 시설을 확인하지 못했습니다. 시설이 없다는 뜻은 아닙니다.; 25곳 모두 부평구 소재이며 부평구를 포함해 전수 조사한 지역은 없습니다.
B000002971,인천숭의초등학교,welfare,판단 보류,0,수집 목록에서 주변 시설을 확인하지 못했습니다. 시설이 없다는 뜻은 아닙니다.
B000003029,인천부평동초등학교,library,판단 보류,2,수집 목록에서 주변 시설을 찾았습니다. 실제 출입구 경로와 이용조건은 추가 확인이 필요합니다.
B000003029,인천부평동초등학교,books,판단 보류,,학교 내부 자료를 확인했습니다. 장서 구성·노후도·이용수요는 추가 확인이 필요합니다.
B000003029,인천부평동초등학교,sports,판단 보류,0,수집 목록에서 주변 시설을 확인하지 못했습니다. 시설이 없다는 뜻은 아닙니다.; 25곳 모두 부평구 소재이며 부평구를 포함해 전수 조사한 지역은 없습니다.
B000003029,인천부평동초등학교,welfare,판단 보류,3,수집 목록에서 주변 시설을 찾았습니다. 실제 출입구 경로와 이용조건은 추가 확인이 필요합니다.
B000026468,인천아람초등학교,library,판단 보류,1,수집 목록에서 주변 시설을 찾았습니다. 실제 출입구 경로와 이용조건은 추가 확인이 필요합니다.
B000026468,인천아람초등학교,books,판단 보류,,학교 내부 자료를 확인했습니다. 장서 구성·노후도·이용수요는 추가 확인이 필요합니다.
B000026468,인천아람초등학교,sports,판단 보류,0,수집 목록에서 주변 시설을 확인하지 못했습니다. 시설이 없다는 뜻은 아닙니다.; 25곳 모두 부평구 소재이며 부평구를 포함해 전수 조사한 지역은 없습니다.
B000026468,인천아람초등학교,welfare,판단 보류,0,수집 목록에서 주변 시설을 확인하지 못했습니다. 시설이 없다는 뜻은 아닙니다.
B000025690,인천별빛초등학교,library,판단 보류,0,수집 목록에서 주변 시설을 확인하지 못했습니다. 시설이 없다는 뜻은 아닙니다.
B000025690,인천별빛초등학교,books,판단 보류,,학교 내부 자료를 확인했습니다. 장서 구성·노후도·이용수요는 추가 확인이 필요합니다.
B000025690,인천별빛초등학교,sports,판단 보류,0,수집 목록에서 주변 시설을 확인하지 못했습니다. 시설이 없다는 뜻은 아닙니다.; 25곳 모두 부평구 소재이며 부평구를 포함해 전수 조사한 지역은 없습니다.
B000025690,인천별빛초등학교,welfare,판단 보류,0,수집 목록에서 주변 시설을 확인하지 못했습니다. 시설이 없다는 뜻은 아닙니다.
B000003038,인천십정초등학교,library,판단 보류,1,수집 목록에서 주변 시설을 찾았습니다. 실제 출입구 경로와 이용조건은 추가 확인이 필요합니다.
B000003038,인천십정초등학교,books,판단 보류,,학교 내부 자료를 확인했습니다. 장서 구성·노후도·이용수요는 추가 확인이 필요합니다.
B000003038,인천십정초등학교,sports,판단 보류,1,수집 목록에서 주변 시설을 찾았습니다. 실제 출입구 경로와 이용조건은 추가 확인이 필요합니다.; 25곳 모두 부평구 소재이며 부평구를 포함해 전수 조사한 지역은 없습니다.
B000003038,인천십정초등학교,welfare,판단 보류,2,수집 목록에서 주변 시설을 찾았습니다. 실제 출입구 경로와 이용조건은 추가 확인이 필요합니다.
B000003117,인천병방초등학교,library,판단 보류,0,수집 목록에서 주변 시설을 확인하지 못했습니다. 시설이 없다는 뜻은 아닙니다.
B000003117,인천병방초등학교,books,판단 보류,,학교 내부 자료를 확인했습니다. 장서 구성·노후도·이용수요는 추가 확인이 필요합니다.
B000003117,인천병방초등학교,sports,판단 보류,0,수집 목록에서 주변 시설을 확인하지 못했습니다. 시설이 없다는 뜻은 아닙니다.; 25곳 모두 부평구 소재이며 부평구를 포함해 전수 조사한 지역은 없습니다.
B000003117,인천병방초등학교,welfare,판단 보류,2,수집 목록에서 주변 시설을 찾았습니다. 실제 출입구 경로와 이용조건은 추가 확인이 필요합니다.
B000002994,대청초등학교,library,판단 보류,0,수집 목록에서 주변 시설을 확인하지 못했습니다. 시설이 없다는 뜻은 아닙니다.; 도서지역은 도시형 500m 기준과 분리해 검토합니다.
B000002994,대청초등학교,books,판단 보류,,학교 내부 자료를 확인했습니다. 장서 구성·노후도·이용수요는 추가 확인이 필요합니다.; 도서지역은 도시형 500m 기준과 분리해 검토합니다.
B000002994,대청초등학교,sports,판단 보류,0,수집 목록에서 주변 시설을 확인하지 못했습니다. 시설이 없다는 뜻은 아닙니다.; 25곳 모두 부평구 소재이며 부평구를 포함해 전수 조사한 지역은 없습니다.; 도서지역은 도시형 500m 기준과 분리해 검토합니다.
B000002994,대청초등학교,welfare,판단 보류,0,수집 목록에서 주변 시설을 확인하지 못했습니다. 시설이 없다는 뜻은 아닙니다.; 도서지역은 도시형 500m 기준과 분리해 검토합니다.
B000025752,인천도담초등학교,library,판단 보류,1,수집 목록에서 주변 시설을 찾았습니다. 실제 출입구 경로와 이용조건은 추가 확인이 필요합니다.
B000025752,인천도담초등학교,books,판단 보류,,학교 내부 자료를 확인했습니다. 장서 구성·노후도·이용수요는 추가 확인이 필요합니다.
B000025752,인천도담초등학교,sports,판단 보류,0,수집 목록에서 주변 시설을 확인하지 못했습니다. 시설이 없다는 뜻은 아닙니다.; 25곳 모두 부평구 소재이며 부평구를 포함해 전수 조사한 지역은 없습니다.
B000025752,인천도담초등학교,welfare,판단 보류,0,수집 목록에서 주변 시설을 확인하지 못했습니다. 시설이 없다는 뜻은 아닙니다.
B000003135,인천공촌초등학교,library,판단 보류,0,수집 목록에서 주변 시설을 확인하지 못했습니다. 시설이 없다는 뜻은 아닙니다.
B000003135,인천공촌초등학교,books,판단 보류,,학교 내부 자료를 확인했습니다. 장서 구성·노후도·이용수요는 추가 확인이 필요합니다.
B000003135,인천공촌초등학교,sports,판단 보류,0,수집 목록에서 주변 시설을 확인하지 못했습니다. 시설이 없다는 뜻은 아닙니다.; 25곳 모두 부평구 소재이며 부평구를 포함해 전수 조사한 지역은 없습니다.
B000003135,인천공촌초등학교,welfare,판단 보류,2,수집 목록에서 주변 시설을 찾았습니다. 실제 출입구 경로와 이용조건은 추가 확인이 필요합니다.
B000003049,인천축현초등학교,library,판단 보류,0,수집 목록에서 주변 시설을 확인하지 못했습니다. 시설이 없다는 뜻은 아닙니다.
B000003049,인천축현초등학교,books,판단 보류,,학교 내부 자료를 확인했습니다. 장서 구성·노후도·이용수요는 추가 확인이 필요합니다.
B000003049,인천축현초등학교,sports,판단 보류,0,수집 목록에서 주변 시설을 확인하지 못했습니다. 시설이 없다는 뜻은 아닙니다.; 25곳 모두 부평구 소재이며 부평구를 포함해 전수 조사한 지역은 없습니다.
B000003049,인천축현초등학교,welfare,판단 보류,1,수집 목록에서 주변 시설을 찾았습니다. 실제 출입구 경로와 이용조건은 추가 확인이 필요합니다.
B000002998,백령초등학교,library,판단 보류,0,수집 목록에서 주변 시설을 확인하지 못했습니다. 시설이 없다는 뜻은 아닙니다.; 도서지역은 도시형 500m 기준과 분리해 검토합니다.
B000002998,백령초등학교,books,판단 보류,,학교 내부 자료를 확인했습니다. 장서 구성·노후도·이용수요는 추가 확인이 필요합니다.; 도서지역은 도시형 500m 기준과 분리해 검토합니다.
B000002998,백령초등학교,sports,판단 보류,0,수집 목록에서 주변 시설을 확인하지 못했습니다. 시설이 없다는 뜻은 아닙니다.; 25곳 모두 부평구 소재이며 부평구를 포함해 전수 조사한 지역은 없습니다.; 도서지역은 도시형 500m 기준과 분리해 검토합니다.
B000002998,백령초등학교,welfare,판단 보류,0,수집 목록에서 주변 시설을 확인하지 못했습니다. 시설이 없다는 뜻은 아닙니다.; 도서지역은 도시형 500m 기준과 분리해 검토합니다.
B000003180,합일초등학교,library,판단 보류,0,수집 목록에서 주변 시설을 확인하지 못했습니다. 시설이 없다는 뜻은 아닙니다.; 도서지역은 도시형 500m 기준과 분리해 검토합니다.
B000003180,합일초등학교,books,판단 보류,,학교 내부 자료를 확인했습니다. 장서 구성·노후도·이용수요는 추가 확인이 필요합니다.; 도서지역은 도시형 500m 기준과 분리해 검토합니다.
B000003180,합일초등학교,sports,판단 보류,0,수집 목록에서 주변 시설을 확인하지 못했습니다. 시설이 없다는 뜻은 아닙니다.; 25곳 모두 부평구 소재이며 부평구를 포함해 전수 조사한 지역은 없습니다.; 도서지역은 도시형 500m 기준과 분리해 검토합니다.
B000003180,합일초등학교,welfare,판단 보류,2,수집 목록에서 주변 시설을 찾았습니다. 실제 출입구 경로와 이용조건은 추가 확인이 필요합니다.; 도서지역은 도시형 500m 기준과 분리해 검토합니다.
B000002949,인천신흥초등학교,library,판단 보류,0,수집 목록에서 주변 시설을 확인하지 못했습니다. 시설이 없다는 뜻은 아닙니다.
B000002949,인천신흥초등학교,books,판단 보류,,학교 내부 자료를 확인했습니다. 장서 구성·노후도·이용수요는 추가 확인이 필요합니다.
B000002949,인천신흥초등학교,sports,판단 보류,0,수집 목록에서 주변 시설을 확인하지 못했습니다. 시설이 없다는 뜻은 아닙니다.; 25곳 모두 부평구 소재이며 부평구를 포함해 전수 조사한 지역은 없습니다.
B000002949,인천신흥초등학교,welfare,판단 보류,0,수집 목록에서 주변 시설을 확인하지 못했습니다. 시설이 없다는 뜻은 아닙니다.
B000002983,인천남부초등학교,library,판단 보류,1,수집 목록에서 주변 시설을 찾았습니다. 실제 출입구 경로와 이용조건은 추가 확인이 필요합니다.
B000002983,인천남부초등학교,books,판단 보류,,학교 내부 자료를 확인했습니다. 장서 구성·노후도·이용수요는 추가 확인이 필요합니다.
B000002983,인천남부초등학교,sports,판단 보류,0,수집 목록에서 주변 시설을 확인하지 못했습니다. 시설이 없다는 뜻은 아닙니다.; 25곳 모두 부평구 소재이며 부평구를 포함해 전수 조사한 지역은 없습니다.
B000002983,인천남부초등학교,welfare,판단 보류,2,수집 목록에서 주변 시설을 찾았습니다. 실제 출입구 경로와 이용조건은 추가 확인이 필요합니다.
B000003061,인천서면초등학교,library,판단 보류,0,수집 목록에서 주변 시설을 확인하지 못했습니다. 시설이 없다는 뜻은 아닙니다.
B000003061,인천서면초등학교,books,판단 보류,,학교 내부 자료를 확인했습니다. 장서 구성·노후도·이용수요는 추가 확인이 필요합니다.
B000003061,인천서면초등학교,sports,판단 보류,0,수집 목록에서 주변 시설을 확인하지 못했습니다. 시설이 없다는 뜻은 아닙니다.; 25곳 모두 부평구 소재이며 부평구를 포함해 전수 조사한 지역은 없습니다.
B000003061,인천서면초등학교,welfare,판단 보류,0,수집 목록에서 주변 시설을 확인하지 못했습니다. 시설이 없다는 뜻은 아닙니다.
B000003129,인천작동초등학교,library,판단 보류,0,수집 목록에서 주변 시설을 확인하지 못했습니다. 시설이 없다는 뜻은 아닙니다.
B000003129,인천작동초등학교,books,판단 보류,,학교 내부 자료를 확인했습니다. 장서 구성·노후도·이용수요는 추가 확인이 필요합니다.
B000003129,인천작동초등학교,sports,판단 보류,0,수집 목록에서 주변 시설을 확인하지 못했습니다. 시설이 없다는 뜻은 아닙니다.; 25곳 모두 부평구 소재이며 부평구를 포함해 전수 조사한 지역은 없습니다.
B000003129,인천작동초등학교,welfare,판단 보류,1,수집 목록에서 주변 시설을 찾았습니다. 실제 출입구 경로와 이용조건은 추가 확인이 필요합니다.
B000002951,인천신선초등학교,library,판단 보류,0,수집 목록에서 주변 시설을 확인하지 못했습니다. 시설이 없다는 뜻은 아닙니다.
B000002951,인천신선초등학교,books,판단 보류,,학교 내부 자료를 확인했습니다. 장서 구성·노후도·이용수요는 추가 확인이 필요합니다.
B000002951,인천신선초등학교,sports,판단 보류,0,수집 목록에서 주변 시설을 확인하지 못했습니다. 시설이 없다는 뜻은 아닙니다.; 25곳 모두 부평구 소재이며 부평구를 포함해 전수 조사한 지역은 없습니다.
B000002951,인천신선초등학교,welfare,판단 보류,0,수집 목록에서 주변 시설을 확인하지 못했습니다. 시설이 없다는 뜻은 아닙니다.
B000002952,인천송월초등학교,library,판단 보류,0,수집 목록에서 주변 시설을 확인하지 못했습니다. 시설이 없다는 뜻은 아닙니다.
B000002952,인천송월초등학교,books,판단 보류,,학교 내부 자료를 확인했습니다. 장서 구성·노후도·이용수요는 추가 확인이 필요합니다.
B000002952,인천송월초등학교,sports,판단 보류,0,수집 목록에서 주변 시설을 확인하지 못했습니다. 시설이 없다는 뜻은 아닙니다.; 25곳 모두 부평구 소재이며 부평구를 포함해 전수 조사한 지역은 없습니다.
B000002952,인천송월초등학교,welfare,판단 보류,1,수집 목록에서 주변 시설을 찾았습니다. 실제 출입구 경로와 이용조건은 추가 확인이 필요합니다.
B000003086,인천동방초등학교,library,판단 보류,0,수집 목록에서 주변 시설을 확인하지 못했습니다. 시설이 없다는 뜻은 아닙니다.
B000003086,인천동방초등학교,books,판단 보류,,학교 내부 자료를 확인했습니다. 장서 구성·노후도·이용수요는 추가 확인이 필요합니다.
B000003086,인천동방초등학교,sports,판단 보류,0,수집 목록에서 주변 시설을 확인하지 못했습니다. 시설이 없다는 뜻은 아닙니다.; 25곳 모두 부평구 소재이며 부평구를 포함해 전수 조사한 지역은 없습니다.
B000003086,인천동방초등학교,welfare,판단 보류,0,수집 목록에서 주변 시설을 확인하지 못했습니다. 시설이 없다는 뜻은 아닙니다.
B000003010,인천청천초등학교,library,판단 보류,0,수집 목록에서 주변 시설을 확인하지 못했습니다. 시설이 없다는 뜻은 아닙니다.
B000003010,인천청천초등학교,books,판단 보류,,학교 내부 자료를 확인했습니다. 장서 구성·노후도·이용수요는 추가 확인이 필요합니다.
B000003010,인천청천초등학교,sports,판단 보류,0,수집 목록에서 주변 시설을 확인하지 못했습니다. 시설이 없다는 뜻은 아닙니다.; 25곳 모두 부평구 소재이며 부평구를 포함해 전수 조사한 지역은 없습니다.
B000003010,인천청천초등학교,welfare,판단 보류,0,수집 목록에서 주변 시설을 확인하지 못했습니다. 시설이 없다는 뜻은 아닙니다.
B000003006,인천부평서초등학교,library,판단 보류,1,수집 목록에서 주변 시설을 찾았습니다. 실제 출입구 경로와 이용조건은 추가 확인이 필요합니다.
B000003006,인천부평서초등학교,books,판단 보류,,학교 내부 자료를 확인했습니다. 장서 구성·노후도·이용수요는 추가 확인이 필요합니다.
B000003006,인천부평서초등학교,sports,판단 보류,0,수집 목록에서 주변 시설을 확인하지 못했습니다. 시설이 없다는 뜻은 아닙니다.; 25곳 모두 부평구 소재이며 부평구를 포함해 전수 조사한 지역은 없습니다.
B000003006,인천부평서초등학교,welfare,판단 보류,0,수집 목록에서 주변 시설을 확인하지 못했습니다. 시설이 없다는 뜻은 아닙니다.
B000002999,인천공항초등학교신도분교장,library,판단 보류,0,수집 목록에서 주변 시설을 확인하지 못했습니다. 시설이 없다는 뜻은 아닙니다.; 도서지역은 도시형 500m 기준과 분리해 검토합니다.
B000002999,인천공항초등학교신도분교장,books,판단 보류,,학교 내부 자료를 확인했습니다. 장서 구성·노후도·이용수요는 추가 확인이 필요합니다.; 도서지역은 도시형 500m 기준과 분리해 검토합니다.
B000002999,인천공항초등학교신도분교장,sports,판단 보류,0,수집 목록에서 주변 시설을 확인하지 못했습니다. 시설이 없다는 뜻은 아닙니다.; 25곳 모두 부평구 소재이며 부평구를 포함해 전수 조사한 지역은 없습니다.; 도서지역은 도시형 500m 기준과 분리해 검토합니다.
B000002999,인천공항초등학교신도분교장,welfare,판단 보류,0,수집 목록에서 주변 시설을 확인하지 못했습니다. 시설이 없다는 뜻은 아닙니다.; 도서지역은 도시형 500m 기준과 분리해 검토합니다.
B000003031,인천산곡북초등학교,library,판단 보류,0,수집 목록에서 주변 시설을 확인하지 못했습니다. 시설이 없다는 뜻은 아닙니다.
B000003031,인천산곡북초등학교,books,판단 보류,,학교 내부 자료를 확인했습니다. 장서 구성·노후도·이용수요는 추가 확인이 필요합니다.
B000003031,인천산곡북초등학교,sports,판단 보류,0,수집 목록에서 주변 시설을 확인하지 못했습니다. 시설이 없다는 뜻은 아닙니다.; 25곳 모두 부평구 소재이며 부평구를 포함해 전수 조사한 지역은 없습니다.
B000003031,인천산곡북초등학교,welfare,판단 보류,1,수집 목록에서 주변 시설을 찾았습니다. 실제 출입구 경로와 이용조건은 추가 확인이 필요합니다.
B000003126,인천부현초등학교,library,판단 보류,0,수집 목록에서 주변 시설을 확인하지 못했습니다. 시설이 없다는 뜻은 아닙니다.
B000003126,인천부현초등학교,books,판단 보류,,학교 내부 자료를 확인했습니다. 장서 구성·노후도·이용수요는 추가 확인이 필요합니다.
B000003126,인천부현초등학교,sports,판단 보류,0,수집 목록에서 주변 시설을 확인하지 못했습니다. 시설이 없다는 뜻은 아닙니다.; 25곳 모두 부평구 소재이며 부평구를 포함해 전수 조사한 지역은 없습니다.
B000003126,인천부현초등학교,welfare,판단 보류,0,수집 목록에서 주변 시설을 확인하지 못했습니다. 시설이 없다는 뜻은 아닙니다.
B000003050,인천송도초등학교,library,판단 보류,2,수집 목록에서 주변 시설을 찾았습니다. 실제 출입구 경로와 이용조건은 추가 확인이 필요합니다.
B000003050,인천송도초등학교,books,판단 보류,,학교 내부 자료를 확인했습니다. 장서 구성·노후도·이용수요는 추가 확인이 필요합니다.
B000003050,인천송도초등학교,sports,판단 보류,0,수집 목록에서 주변 시설을 확인하지 못했습니다. 시설이 없다는 뜻은 아닙니다.; 25곳 모두 부평구 소재이며 부평구를 포함해 전수 조사한 지역은 없습니다.
B000003050,인천송도초등학교,welfare,판단 보류,0,수집 목록에서 주변 시설을 확인하지 못했습니다. 시설이 없다는 뜻은 아닙니다.
B000003053,인천중앙초등학교,library,판단 보류,0,수집 목록에서 주변 시설을 확인하지 못했습니다. 시설이 없다는 뜻은 아닙니다.
B000003053,인천중앙초등학교,books,판단 보류,,학교 내부 자료를 확인했습니다. 장서 구성·노후도·이용수요는 추가 확인이 필요합니다.
B000003053,인천중앙초등학교,sports,판단 보류,0,수집 목록에서 주변 시설을 확인하지 못했습니다. 시설이 없다는 뜻은 아닙니다.; 25곳 모두 부평구 소재이며 부평구를 포함해 전수 조사한 지역은 없습니다.
B000003053,인천중앙초등학교,welfare,판단 보류,0,수집 목록에서 주변 시설을 확인하지 못했습니다. 시설이 없다는 뜻은 아닙니다.
B000002985,인천서화초등학교,library,판단 보류,1,수집 목록에서 주변 시설을 찾았습니다. 실제 출입구 경로와 이용조건은 추가 확인이 필요합니다.
B000002985,인천서화초등학교,books,판단 보류,,학교 내부 자료를 확인했습니다. 장서 구성·노후도·이용수요는 추가 확인이 필요합니다.
B000002985,인천서화초등학교,sports,판단 보류,0,수집 목록에서 주변 시설을 확인하지 못했습니다. 시설이 없다는 뜻은 아닙니다.; 25곳 모두 부평구 소재이며 부평구를 포함해 전수 조사한 지역은 없습니다.
B000002985,인천서화초등학교,welfare,판단 보류,0,수집 목록에서 주변 시설을 확인하지 못했습니다. 시설이 없다는 뜻은 아닙니다.
B000003125,인천부평초등학교,library,판단 보류,0,수집 목록에서 주변 시설을 확인하지 못했습니다. 시설이 없다는 뜻은 아닙니다.
B000003125,인천부평초등학교,books,판단 보류,,학교 내부 자료를 확인했습니다. 장서 구성·노후도·이용수요는 추가 확인이 필요합니다.
B000003125,인천부평초등학교,sports,판단 보류,0,수집 목록에서 주변 시설을 확인하지 못했습니다. 시설이 없다는 뜻은 아닙니다.; 25곳 모두 부평구 소재이며 부평구를 포함해 전수 조사한 지역은 없습니다.
B000003125,인천부평초등학교,welfare,판단 보류,5,수집 목록에서 주변 시설을 찾았습니다. 실제 출입구 경로와 이용조건은 추가 확인이 필요합니다.
B000003121,인천귤현초등학교,library,판단 보류,0,수집 목록에서 주변 시설을 확인하지 못했습니다. 시설이 없다는 뜻은 아닙니다.
B000003121,인천귤현초등학교,books,판단 보류,,학교 내부 자료를 확인했습니다. 장서 구성·노후도·이용수요는 추가 확인이 필요합니다.
B000003121,인천귤현초등학교,sports,판단 보류,0,수집 목록에서 주변 시설을 확인하지 못했습니다. 시설이 없다는 뜻은 아닙니다.; 25곳 모두 부평구 소재이며 부평구를 포함해 전수 조사한 지역은 없습니다.
B000003121,인천귤현초등학교,welfare,판단 보류,1,수집 목록에서 주변 시설을 찾았습니다. 실제 출입구 경로와 이용조건은 추가 확인이 필요합니다.
B000003147,인천신현북초등학교,library,판단 보류,2,수집 목록에서 주변 시설을 찾았습니다. 실제 출입구 경로와 이용조건은 추가 확인이 필요합니다.
B000003147,인천신현북초등학교,books,판단 보류,,학교 내부 자료를 확인했습니다. 장서 구성·노후도·이용수요는 추가 확인이 필요합니다.
B000003147,인천신현북초등학교,sports,판단 보류,0,수집 목록에서 주변 시설을 확인하지 못했습니다. 시설이 없다는 뜻은 아닙니다.; 25곳 모두 부평구 소재이며 부평구를 포함해 전수 조사한 지역은 없습니다.
B000003147,인천신현북초등학교,welfare,판단 보류,1,수집 목록에서 주변 시설을 찾았습니다. 실제 출입구 경로와 이용조건은 추가 확인이 필요합니다.
B000003116,인천길주초등학교,library,판단 보류,0,수집 목록에서 주변 시설을 확인하지 못했습니다. 시설이 없다는 뜻은 아닙니다.
B000003116,인천길주초등학교,books,판단 보류,,학교 내부 자료를 확인했습니다. 장서 구성·노후도·이용수요는 추가 확인이 필요합니다.
B000003116,인천길주초등학교,sports,판단 보류,0,수집 목록에서 주변 시설을 확인하지 못했습니다. 시설이 없다는 뜻은 아닙니다.; 25곳 모두 부평구 소재이며 부평구를 포함해 전수 조사한 지역은 없습니다.
B000003116,인천길주초등학교,welfare,판단 보류,0,수집 목록에서 주변 시설을 확인하지 못했습니다. 시설이 없다는 뜻은 아닙니다.
B000002981,인천경원초등학교,library,판단 보류,0,수집 목록에서 주변 시설을 확인하지 못했습니다. 시설이 없다는 뜻은 아닙니다.
B000002981,인천경원초등학교,books,판단 보류,,학교 내부 자료를 확인했습니다. 장서 구성·노후도·이용수요는 추가 확인이 필요합니다.
B000002981,인천경원초등학교,sports,판단 보류,0,수집 목록에서 주변 시설을 확인하지 못했습니다. 시설이 없다는 뜻은 아닙니다.; 25곳 모두 부평구 소재이며 부평구를 포함해 전수 조사한 지역은 없습니다.
B000002981,인천경원초등학교,welfare,판단 보류,1,수집 목록에서 주변 시설을 찾았습니다. 실제 출입구 경로와 이용조건은 추가 확인이 필요합니다.
B000003172,인천은지초등학교,library,판단 보류,3,수집 목록에서 주변 시설을 찾았습니다. 실제 출입구 경로와 이용조건은 추가 확인이 필요합니다.
B000003172,인천은지초등학교,books,판단 보류,,학교 내부 자료를 확인했습니다. 장서 구성·노후도·이용수요는 추가 확인이 필요합니다.
B000003172,인천은지초등학교,sports,판단 보류,0,수집 목록에서 주변 시설을 확인하지 못했습니다. 시설이 없다는 뜻은 아닙니다.; 25곳 모두 부평구 소재이며 부평구를 포함해 전수 조사한 지역은 없습니다.
B000003172,인천은지초등학교,welfare,판단 보류,0,수집 목록에서 주변 시설을 확인하지 못했습니다. 시설이 없다는 뜻은 아닙니다.
B000003021,인천금마초등학교,library,판단 보류,0,수집 목록에서 주변 시설을 확인하지 못했습니다. 시설이 없다는 뜻은 아닙니다.
B000003021,인천금마초등학교,books,판단 보류,,학교 내부 자료를 확인했습니다. 장서 구성·노후도·이용수요는 추가 확인이 필요합니다.
B000003021,인천금마초등학교,sports,판단 보류,0,수집 목록에서 주변 시설을 확인하지 못했습니다. 시설이 없다는 뜻은 아닙니다.; 25곳 모두 부평구 소재이며 부평구를 포함해 전수 조사한 지역은 없습니다.
B000003021,인천금마초등학교,welfare,판단 보류,0,수집 목록에서 주변 시설을 확인하지 못했습니다. 시설이 없다는 뜻은 아닙니다.
B000003008,인천마곡초등학교,library,판단 보류,0,수집 목록에서 주변 시설을 확인하지 못했습니다. 시설이 없다는 뜻은 아닙니다.
B000003008,인천마곡초등학교,books,판단 보류,,학교 내부 자료를 확인했습니다. 장서 구성·노후도·이용수요는 추가 확인이 필요합니다.
B000003008,인천마곡초등학교,sports,판단 보류,0,수집 목록에서 주변 시설을 확인하지 못했습니다. 시설이 없다는 뜻은 아닙니다.; 25곳 모두 부평구 소재이며 부평구를 포함해 전수 조사한 지역은 없습니다.
B000003008,인천마곡초등학교,welfare,판단 보류,0,수집 목록에서 주변 시설을 확인하지 못했습니다. 시설이 없다는 뜻은 아닙니다.
B000003071,인천성리초등학교,library,판단 보류,0,수집 목록에서 주변 시설을 확인하지 못했습니다. 시설이 없다는 뜻은 아닙니다.
B000003071,인천성리초등학교,books,판단 보류,,학교 내부 자료를 확인했습니다. 장서 구성·노후도·이용수요는 추가 확인이 필요합니다.
B000003071,인천성리초등학교,sports,판단 보류,0,수집 목록에서 주변 시설을 확인하지 못했습니다. 시설이 없다는 뜻은 아닙니다.; 25곳 모두 부평구 소재이며 부평구를 포함해 전수 조사한 지역은 없습니다.
B000003071,인천성리초등학교,welfare,판단 보류,1,수집 목록에서 주변 시설을 찾았습니다. 실제 출입구 경로와 이용조건은 추가 확인이 필요합니다.
B000003163,인천가좌초등학교,library,판단 보류,5,수집 목록에서 주변 시설을 찾았습니다. 실제 출입구 경로와 이용조건은 추가 확인이 필요합니다.
B000003163,인천가좌초등학교,books,판단 보류,,학교 내부 자료를 확인했습니다. 장서 구성·노후도·이용수요는 추가 확인이 필요합니다.
B000003163,인천가좌초등학교,sports,판단 보류,0,수집 목록에서 주변 시설을 확인하지 못했습니다. 시설이 없다는 뜻은 아닙니다.; 25곳 모두 부평구 소재이며 부평구를 포함해 전수 조사한 지역은 없습니다.
B000003163,인천가좌초등학교,welfare,판단 보류,2,수집 목록에서 주변 시설을 찾았습니다. 실제 출입구 경로와 이용조건은 추가 확인이 필요합니다.
B000002970,영화초등학교,library,판단 보류,0,수집 목록에서 주변 시설을 확인하지 못했습니다. 시설이 없다는 뜻은 아닙니다.
B000002970,영화초등학교,books,판단 보류,,학교 내부 자료를 확인했습니다. 장서 구성·노후도·이용수요는 추가 확인이 필요합니다.
B000002970,영화초등학교,sports,판단 보류,0,수집 목록에서 주변 시설을 확인하지 못했습니다. 시설이 없다는 뜻은 아닙니다.; 25곳 모두 부평구 소재이며 부평구를 포함해 전수 조사한 지역은 없습니다.
B000002970,영화초등학교,welfare,판단 보류,0,수집 목록에서 주변 시설을 확인하지 못했습니다. 시설이 없다는 뜻은 아닙니다.
B000003026,인천동수초등학교,library,판단 보류,1,수집 목록에서 주변 시설을 찾았습니다. 실제 출입구 경로와 이용조건은 추가 확인이 필요합니다.
B000003026,인천동수초등학교,books,판단 보류,,학교 내부 자료를 확인했습니다. 장서 구성·노후도·이용수요는 추가 확인이 필요합니다.
B000003026,인천동수초등학교,sports,판단 보류,0,수집 목록에서 주변 시설을 확인하지 못했습니다. 시설이 없다는 뜻은 아닙니다.; 25곳 모두 부평구 소재이며 부평구를 포함해 전수 조사한 지역은 없습니다.
B000003026,인천동수초등학교,welfare,판단 보류,1,수집 목록에서 주변 시설을 찾았습니다. 실제 출입구 경로와 이용조건은 추가 확인이 필요합니다.
B000003149,인천봉화초등학교,library,판단 보류,1,수집 목록에서 주변 시설을 찾았습니다. 실제 출입구 경로와 이용조건은 추가 확인이 필요합니다.
B000003149,인천봉화초등학교,books,판단 보류,,학교 내부 자료를 확인했습니다. 장서 구성·노후도·이용수요는 추가 확인이 필요합니다.
B000003149,인천봉화초등학교,sports,판단 보류,0,수집 목록에서 주변 시설을 확인하지 못했습니다. 시설이 없다는 뜻은 아닙니다.; 25곳 모두 부평구 소재이며 부평구를 포함해 전수 조사한 지역은 없습니다.
B000003149,인천봉화초등학교,welfare,판단 보류,0,수집 목록에서 주변 시설을 확인하지 못했습니다. 시설이 없다는 뜻은 아닙니다.
B000003039,인천백운초등학교,library,판단 보류,1,수집 목록에서 주변 시설을 찾았습니다. 실제 출입구 경로와 이용조건은 추가 확인이 필요합니다.
B000003039,인천백운초등학교,books,판단 보류,,학교 내부 자료를 확인했습니다. 장서 구성·노후도·이용수요는 추가 확인이 필요합니다.
B000003039,인천백운초등학교,sports,판단 보류,0,수집 목록에서 주변 시설을 확인하지 못했습니다. 시설이 없다는 뜻은 아닙니다.; 25곳 모두 부평구 소재이며 부평구를 포함해 전수 조사한 지역은 없습니다.
B000003039,인천백운초등학교,welfare,판단 보류,0,수집 목록에서 주변 시설을 확인하지 못했습니다. 시설이 없다는 뜻은 아닙니다.
B000003081,인천인수초등학교,library,판단 보류,0,수집 목록에서 주변 시설을 확인하지 못했습니다. 시설이 없다는 뜻은 아닙니다.
B000003081,인천인수초등학교,books,판단 보류,,학교 내부 자료를 확인했습니다. 장서 구성·노후도·이용수요는 추가 확인이 필요합니다.
B000003081,인천인수초등학교,sports,판단 보류,0,수집 목록에서 주변 시설을 확인하지 못했습니다. 시설이 없다는 뜻은 아닙니다.; 25곳 모두 부평구 소재이며 부평구를 포함해 전수 조사한 지역은 없습니다.
B000003081,인천인수초등학교,welfare,판단 보류,2,수집 목록에서 주변 시설을 찾았습니다. 실제 출입구 경로와 이용조건은 추가 확인이 필요합니다.
B000003078,인천석정초등학교,library,판단 보류,0,수집 목록에서 주변 시설을 확인하지 못했습니다. 시설이 없다는 뜻은 아닙니다.
B000003078,인천석정초등학교,books,판단 보류,,학교 내부 자료를 확인했습니다. 장서 구성·노후도·이용수요는 추가 확인이 필요합니다.
B000003078,인천석정초등학교,sports,판단 보류,0,수집 목록에서 주변 시설을 확인하지 못했습니다. 시설이 없다는 뜻은 아닙니다.; 25곳 모두 부평구 소재이며 부평구를 포함해 전수 조사한 지역은 없습니다.
B000003078,인천석정초등학교,welfare,판단 보류,0,수집 목록에서 주변 시설을 확인하지 못했습니다. 시설이 없다는 뜻은 아닙니다.
B000003162,인천가석초등학교,library,판단 보류,0,수집 목록에서 주변 시설을 확인하지 못했습니다. 시설이 없다는 뜻은 아닙니다.
B000003162,인천가석초등학교,books,판단 보류,,학교 내부 자료를 확인했습니다. 장서 구성·노후도·이용수요는 추가 확인이 필요합니다.
B000003162,인천가석초등학교,sports,판단 보류,0,수집 목록에서 주변 시설을 확인하지 못했습니다. 시설이 없다는 뜻은 아닙니다.; 25곳 모두 부평구 소재이며 부평구를 포함해 전수 조사한 지역은 없습니다.
B000003162,인천가석초등학교,welfare,판단 보류,0,수집 목록에서 주변 시설을 확인하지 못했습니다. 시설이 없다는 뜻은 아닙니다.
B000025225,인천송빛초등학교,library,판단 보류,0,수집 목록에서 주변 시설을 확인하지 못했습니다. 시설이 없다는 뜻은 아닙니다.
B000025225,인천송빛초등학교,books,판단 보류,,학교 내부 자료를 확인했습니다. 장서 구성·노후도·이용수요는 추가 확인이 필요합니다.
B000025225,인천송빛초등학교,sports,판단 보류,0,수집 목록에서 주변 시설을 확인하지 못했습니다. 시설이 없다는 뜻은 아닙니다.; 25곳 모두 부평구 소재이며 부평구를 포함해 전수 조사한 지역은 없습니다.
B000025225,인천송빛초등학교,welfare,판단 보류,0,수집 목록에서 주변 시설을 확인하지 못했습니다. 시설이 없다는 뜻은 아닙니다.
B000003165,인천당하초등학교,library,판단 보류,2,수집 목록에서 주변 시설을 찾았습니다. 실제 출입구 경로와 이용조건은 추가 확인이 필요합니다.
B000003165,인천당하초등학교,books,판단 보류,,학교 내부 자료를 확인했습니다. 장서 구성·노후도·이용수요는 추가 확인이 필요합니다.
B000003165,인천당하초등학교,sports,판단 보류,0,수집 목록에서 주변 시설을 확인하지 못했습니다. 시설이 없다는 뜻은 아닙니다.; 25곳 모두 부평구 소재이며 부평구를 포함해 전수 조사한 지역은 없습니다.
B000003165,인천당하초등학교,welfare,판단 보류,1,수집 목록에서 주변 시설을 찾았습니다. 실제 출입구 경로와 이용조건은 추가 확인이 필요합니다.
B000003108,인천효성남초등학교,library,판단 보류,1,수집 목록에서 주변 시설을 찾았습니다. 실제 출입구 경로와 이용조건은 추가 확인이 필요합니다.
B000003108,인천효성남초등학교,books,판단 보류,,학교 내부 자료를 확인했습니다. 장서 구성·노후도·이용수요는 추가 확인이 필요합니다.
B000003108,인천효성남초등학교,sports,판단 보류,0,수집 목록에서 주변 시설을 확인하지 못했습니다. 시설이 없다는 뜻은 아닙니다.; 25곳 모두 부평구 소재이며 부평구를 포함해 전수 조사한 지역은 없습니다.
B000003108,인천효성남초등학교,welfare,판단 보류,2,수집 목록에서 주변 시설을 찾았습니다. 실제 출입구 경로와 이용조건은 추가 확인이 필요합니다.
B000003118,인천양촌초등학교,library,판단 보류,0,수집 목록에서 주변 시설을 확인하지 못했습니다. 시설이 없다는 뜻은 아닙니다.
B000003118,인천양촌초등학교,books,판단 보류,,학교 내부 자료를 확인했습니다. 장서 구성·노후도·이용수요는 추가 확인이 필요합니다.
B000003118,인천양촌초등학교,sports,판단 보류,0,수집 목록에서 주변 시설을 확인하지 못했습니다. 시설이 없다는 뜻은 아닙니다.; 25곳 모두 부평구 소재이며 부평구를 포함해 전수 조사한 지역은 없습니다.
B000003118,인천양촌초등학교,welfare,판단 보류,2,수집 목록에서 주변 시설을 찾았습니다. 실제 출입구 경로와 이용조건은 추가 확인이 필요합니다.
B000025751,인천경연초등학교,library,판단 보류,2,수집 목록에서 주변 시설을 찾았습니다. 실제 출입구 경로와 이용조건은 추가 확인이 필요합니다.
B000025751,인천경연초등학교,books,판단 보류,,학교 내부 자료를 확인했습니다. 장서 구성·노후도·이용수요는 추가 확인이 필요합니다.
B000025751,인천경연초등학교,sports,판단 보류,0,수집 목록에서 주변 시설을 확인하지 못했습니다. 시설이 없다는 뜻은 아닙니다.; 25곳 모두 부평구 소재이며 부평구를 포함해 전수 조사한 지역은 없습니다.
B000025751,인천경연초등학교,welfare,판단 보류,0,수집 목록에서 주변 시설을 확인하지 못했습니다. 시설이 없다는 뜻은 아닙니다.
B000003037,인천하정초등학교,library,판단 보류,1,수집 목록에서 주변 시설을 찾았습니다. 실제 출입구 경로와 이용조건은 추가 확인이 필요합니다.
B000003037,인천하정초등학교,books,판단 보류,,학교 내부 자료를 확인했습니다. 장서 구성·노후도·이용수요는 추가 확인이 필요합니다.
B000003037,인천하정초등학교,sports,판단 보류,0,수집 목록에서 주변 시설을 확인하지 못했습니다. 시설이 없다는 뜻은 아닙니다.; 25곳 모두 부평구 소재이며 부평구를 포함해 전수 조사한 지역은 없습니다.
B000003037,인천하정초등학교,welfare,판단 보류,0,수집 목록에서 주변 시설을 확인하지 못했습니다. 시설이 없다는 뜻은 아닙니다.
