학교ID,학교명,위도,경도,소재지도로명주소,학교급구분,설립형태,데이터기준일자,source_url,id_method,current_students,capacity,coordinate_status,coordinate_source,gu
B000011417,인천여자상업고등학교,37.46821127,126.6282965,인천광역시 중구 인중로 146,고등학교,공립,2026-03-20,https://www.data.go.kr/data/15021148/standard.do,official_school_id,,,available,official_disclosure,중구
B000011418,인천반도체고등학교,37.47070292,126.6366135,인천광역시 중구 참외전로 192,고등학교,공립,2026-03-20,https://www.data.go.kr/data/15021148/standard.do,official_school_id,,,available,official_disclosure,중구
B000011419,영종국제물류고등학교,37.4900632,126.5311287,인천광역시 중구 운남서로10번길 1,고등학교,공립,2026-03-20,https://www.data.go.kr/data/15021148/standard.do,official_school_id,,,available,official_disclosure,중구
B000011420,인천중앙여자고등학교,37.46541654,126.6418096,인천광역시 중구 샛골로 31,고등학교,사립,2026-03-20,https://www.data.go.kr/data/15021148/standard.do,official_school_id,,,available,official_disclosure,중구
B000011421,인천재능고등학교,37.47553313,126.6504734,인천광역시 동구 재능로 178,고등학교,사립,2026-03-20,https://www.data.go.kr/data/15021148/standard.do,official_school_id,,,available,official_disclosure,동구
B000011422,영화국제관광고등학교,37.47139745,126.6403955,인천광역시 동구 우각로 39,고등학교,사립,2026-03-20,https://www.data.go.kr/data/15021148/standard.do,official_school_id,,,available,official_disclosure,동구
B000011424,인천기계공업고등학교,37.45685643,126.6683566,인천광역시 미추홀구 한나루로 545,고등학교,공립,2026-03-20,https://www.data.go.kr/data/15021148/standard.do,official_school_id,,,available,official_disclosure,미추홀구
B000011425,인천소방고등학교,37.47099649,126.6548626,인천광역시 미추홀구 석정로 165,고등학교,공립,2026-03-20,https://www.data.go.kr/data/15021148/standard.do,official_school_id,,,available,official_disclosure,미추홀구
B000011426,인천비즈니스고등학교,37.47211645,126.6665695,인천광역시 미추홀구 장고개로 31,고등학교,공립,2026-03-20,https://www.data.go.kr/data/15021148/standard.do,official_school_id,,,available,official_disclosure,미추홀구
B000011427,문학정보고등학교,37.43549148,126.6866821,인천광역시 미추홀구 소성로350번길 29,고등학교,공립,2026-03-20,https://www.data.go.kr/data/15021148/standard.do,official_school_id,,,available,official_disclosure,미추홀구
B000011428,정석항공과학고등학교,37.45144803,126.6515423,인천광역시 미추홀구 인하로 100,고등학교,사립,2026-03-20,https://www.data.go.kr/data/15021148/standard.do,official_school_id,,,available,official_disclosure,미추홀구
B000011429,인천해양과학고등학교,37.42524979,126.6407095,인천광역시 연수구 능허대로 71,고등학교,공립,2026-03-20,https://www.data.go.kr/data/15021148/standard.do,official_school_id,,,available,official_disclosure,연수구
B000011430,인천바이오과학고등학교,37.42084997,126.6683713,인천광역시 연수구 용담로 12,고등학교,공립,2026-03-20,https://www.data.go.kr/data/15021148/standard.do,official_school_id,,,available,official_disclosure,연수구
B000011431,인천뷰티예술고등학교,37.40393222,126.6713019,인천광역시 연수구 원인재로 21,고등학교,공립,2026-03-20,https://www.data.go.kr/data/15021148/standard.do,official_school_id,,,available,official_disclosure,연수구
B000011432,인천생활과학고등학교,37.42400958,126.6782904,인천광역시 연수구 함박뫼로 103,고등학교,공립,2026-03-20,https://www.data.go.kr/data/15021148/standard.do,official_school_id,,,available,official_disclosure,연수구
B000011433,인천금융고등학교,37.40884693,126.7117141,인천광역시 남동구 함박뫼로 438-9,고등학교,사립,2026-03-20,https://www.data.go.kr/data/15021148/standard.do,official_school_id,,,available,official_disclosure,남동구
B000011434,부평공업고등학교,37.51253378,126.7267928,인천광역시 부평구 주부토로 194,고등학교,공립,2026-03-20,https://www.data.go.kr/data/15021148/standard.do,official_school_id,,,available,official_disclosure,부평구
B000011435,인천미래생활고등학교,37.50056712,126.7426846,인천광역시 부평구 수변로 165,고등학교,공립,2026-03-20,https://www.data.go.kr/data/15021148/standard.do,official_school_id,,,available,official_disclosure,부평구
B000011437,인평자동차고등학교,37.49225169,126.702193,인천광역시 부평구 화랑로 111,고등학교,사립,2026-03-20,https://www.data.go.kr/data/15021148/standard.do,official_school_id,,,available,official_disclosure,부평구
B000011438,계산공업고등학교,37.53481361,126.7397141,인천광역시 계양구 도두리로 47,고등학교,공립,2026-03-20,https://www.data.go.kr/data/15021148/standard.do,official_school_id,,,available,official_disclosure,계양구
B000011439,인천디자인고등학교,37.54822343,126.6714899,인천광역시 서구 대평로56번길 10,고등학교,공립,2026-03-20,https://www.data.go.kr/data/15021148/standard.do,official_school_id,,,available,official_disclosure,서구
B000011440,인천보건고등학교,37.50532986,126.6815492,인천광역시 서구 서달로 58-16,고등학교,사립,2026-03-20,https://www.data.go.kr/data/15021148/standard.do,official_school_id,,,available,official_disclosure,서구
B000011441,한국주얼리고등학교,37.58164872,126.6730503,인천광역시 서구 서곶로 693-1,고등학교,사립,2026-03-20,https://www.data.go.kr/data/15021148/standard.do,official_school_id,,,available,official_disclosure,서구
B000011442,강남영상미디어고등학교,37.64167363,126.4791248,인천광역시 강화군 길상면 강화남로 57,고등학교,공립,2026-03-20,https://www.data.go.kr/data/15021148/standard.do,official_school_id,,,available,official_disclosure,강화군
B000011443,산마을고등학교,37.68636257,126.4255653,인천광역시 강화군 양도면 강화남로1002번길 73-29,고등학교,사립,2026-03-20,https://www.data.go.kr/data/15021148/standard.do,official_school_id,,,available,official_disclosure,강화군
B000011827,인천해사고등학교,37.46863564,126.6016659,인천광역시 중구 월미로 338,고등학교,국립,2026-03-20,https://www.data.go.kr/data/15021148/standard.do,official_school_id,,,available,official_disclosure,중구
B000011828,인천과학고등학교,37.49195555,126.5082571,인천광역시 중구 영종대로277번길 74-37,고등학교,공립,2026-03-20,https://www.data.go.kr/data/15021148/standard.do,official_school_id,,,available,official_disclosure,중구
B000011829,인천국제고등학교,37.48971398,126.5094118,인천광역시 중구 영종대로277번길 74-40,고등학교,공립,2026-03-20,https://www.data.go.kr/data/15021148/standard.do,official_school_id,,,available,official_disclosure,중구
B000011832,인천예술고등학교,37.45854014,126.7039112,인천광역시 남동구 구월로115번길 36,고등학교,공립,2026-03-20,https://www.data.go.kr/data/15021148/standard.do,official_school_id,,,available,official_disclosure,남동구
B000011833,미추홀외국어고등학교,37.38961737,126.7244414,인천광역시 남동구 에코중앙로 130,고등학교,공립,2026-03-20,https://www.data.go.kr/data/15021148/standard.do,official_school_id,,,available,official_disclosure,남동구
B000011834,인천외국어고등학교,37.50473105,126.695142,인천광역시 부평구 원적로 262,고등학교,사립,2026-03-20,https://www.data.go.kr/data/15021148/standard.do,official_school_id,,,available,official_disclosure,부평구
B000012228,제물포고등학교,37.47726936,126.6238449,인천광역시 중구 자유공원로 58-9,고등학교,공립,2026-03-20,https://www.data.go.kr/data/15021148/standard.do,official_school_id,,,available,official_disclosure,중구
B000012229,인일여자고등학교,37.47797136,126.6263097,인천광역시 중구 참외전로72번길 10,고등학교,공립,2026-03-20,https://www.data.go.kr/data/15021148/standard.do,official_school_id,,,available,official_disclosure,중구
B000012230,광성고등학교,37.46757337,126.639585,인천광역시 중구 참외전로244번길 47,고등학교,사립,2026-03-20,https://www.data.go.kr/data/15021148/standard.do,official_school_id,,,available,official_disclosure,중구
B000012231,인성여자고등학교,37.4739458,126.624248,인천광역시 중구 홍예문로 39,고등학교,사립,2026-03-20,https://www.data.go.kr/data/15021148/standard.do,official_school_id,,,available,official_disclosure,중구
B000012232,동산고등학교,37.47303977,126.6488935,인천광역시 동구 동산로 58,고등학교,사립,2026-03-20,https://www.data.go.kr/data/15021148/standard.do,official_school_id,,,available,official_disclosure,동구
B000012234,학익고등학교,37.43903057,126.6633844,인천광역시 미추홀구 한나루로358번길 23-22,고등학교,공립,2026-03-20,https://www.data.go.kr/data/15021148/standard.do,official_school_id,,,available,official_disclosure,미추홀구
B000012235,선인고등학교,37.47099649,126.6548626,인천광역시 미추홀구 석정로 165,고등학교,공립,2026-03-20,https://www.data.go.kr/data/15021148/standard.do,official_school_id,,,available,official_disclosure,미추홀구
B000012236,인천고등학교,37.45295893,126.6913054,인천광역시 미추홀구 경원대로 804,고등학교,공립,2026-03-20,https://www.data.go.kr/data/15021148/standard.do,official_school_id,,,available,official_disclosure,미추홀구
B000012237,학익여자고등학교,37.44381933,126.6753484,인천광역시 미추홀구 주승로52번길 8,고등학교,공립,2026-03-20,https://www.data.go.kr/data/15021148/standard.do,official_school_id,,,available,official_disclosure,미추홀구
B000012238,인화여자고등학교,37.47099649,126.6548626,인천광역시 미추홀구 석정로 165,고등학교,공립,2026-03-20,https://www.data.go.kr/data/15021148/standard.do,official_school_id,,,available,official_disclosure,미추홀구
B000012239,인항고등학교,37.44681429,126.6407082,인천광역시 미추홀구 매소홀로 135,고등학교,사립,2026-03-20,https://www.data.go.kr/data/15021148/standard.do,official_school_id,,,available,official_disclosure,미추홀구
B000012240,인하대학교사범대학부속고등학교,37.44596571,126.6628662,인천광역시 미추홀구 재넘이길123번길 29,고등학교,사립,2026-03-20,https://www.data.go.kr/data/15021148/standard.do,official_school_id,,,available,official_disclosure,미추홀구
B000012241,인명여자고등학교,37.44037081,126.6972234,인천광역시 미추홀구 문화로 11,고등학교,사립,2026-03-20,https://www.data.go.kr/data/15021148/standard.do,official_school_id,,,available,official_disclosure,미추홀구
B000012242,연수고등학교,37.41173562,126.6801271,인천광역시 연수구 원인재로 145,고등학교,공립,2026-03-20,https://www.data.go.kr/data/15021148/standard.do,official_school_id,,,available,official_disclosure,연수구
B000012243,인천여자고등학교,37.42188142,126.6903145,인천광역시 연수구 비류대로506번길 14,고등학교,공립,2026-03-20,https://www.data.go.kr/data/15021148/standard.do,official_school_id,,,available,official_disclosure,연수구
B000012244,연수여자고등학교,37.41103535,126.6723295,인천광역시 연수구 먼우금로141번길 9,고등학교,공립,2026-03-20,https://www.data.go.kr/data/15021148/standard.do,official_school_id,,,available,official_disclosure,연수구
B000012245,옥련여자고등학교,37.43190903,126.6488476,인천광역시 연수구 옥골로 77,고등학교,공립,2026-03-20,https://www.data.go.kr/data/15021148/standard.do,official_school_id,,,available,official_disclosure,연수구
B000012246,인천해송고등학교,37.38256719,126.6458688,인천광역시 연수구 해송로 20,고등학교,공립,2026-03-20,https://www.data.go.kr/data/15021148/standard.do,official_school_id,,,available,official_disclosure,연수구
B000012247,신송고등학교,37.3920074,126.6596644,인천광역시 연수구 신송로6번길 56,고등학교,공립,2026-03-20,https://www.data.go.kr/data/15021148/standard.do,official_school_id,,,available,official_disclosure,연수구
B000012248,송도고등학교,37.42861209,126.6437726,인천광역시 연수구 독배로 91,고등학교,사립,2026-03-20,https://www.data.go.kr/data/15021148/standard.do,official_school_id,,,available,official_disclosure,연수구
B000012249,인천대건고등학교,37.4019879,126.6651466,인천광역시 연수구 능허대로 437,고등학교,사립,2026-03-20,https://www.data.go.kr/data/15021148/standard.do,official_school_id,,,available,official_disclosure,연수구
B000012250,인천남고등학교,37.46791494,126.6965526,인천광역시 남동구 석정로551번길 41,고등학교,공립,2026-03-20,https://www.data.go.kr/data/15021148/standard.do,official_school_id,,,available,official_disclosure,남동구
B000012251,인천만수고등학교,37.44709898,126.7422697,인천광역시 남동구 장승로 91,고등학교,공립,2026-03-20,https://www.data.go.kr/data/15021148/standard.do,official_school_id,,,available,official_disclosure,남동구
B000012253,인천송천고등학교,37.3958707,126.7216321,인천광역시 남동구 앵고개로815번길 59,고등학교,공립,2026-03-20,https://www.data.go.kr/data/15021148/standard.do,official_school_id,,,available,official_disclosure,남동구
B000012254,인천남동고등학교,37.4060269,126.7215164,인천광역시 남동구 은봉로 283,고등학교,공립,2026-03-20,https://www.data.go.kr/data/15021148/standard.do,official_school_id,,,available,official_disclosure,남동구
B000012255,석정여자고등학교,37.46866507,126.694192,인천광역시 남동구 방축로469번길 27,고등학교,공립,2026-03-20,https://www.data.go.kr/data/15021148/standard.do,official_school_id,,,available,official_disclosure,남동구
B000012256,인천고잔고등학교,37.38914932,126.7222573,인천광역시 남동구 에코중앙로 117,고등학교,공립,2026-03-20,https://www.data.go.kr/data/15021148/standard.do,official_school_id,,,available,official_disclosure,남동구
B000012257,인천논현고등학교,37.40402323,126.727139,인천광역시 남동구 청능대로611번길 54,고등학교,공립,2026-03-20,https://www.data.go.kr/data/15021148/standard.do,official_school_id,,,available,official_disclosure,남동구
B000012258,인제고등학교,37.46139701,126.7124654,인천광역시 남동구 석산로197번길 19,고등학교,사립,2026-03-20,https://www.data.go.kr/data/15021148/standard.do,official_school_id,,,available,official_disclosure,남동구
B000012259,신명여자고등학교,37.46923037,126.7130184,인천광역시 남동구 용천로205번길 42,고등학교,사립,2026-03-20,https://www.data.go.kr/data/15021148/standard.do,official_school_id,,,available,official_disclosure,남동구
B000012260,숭덕여자고등학교,37.46428211,126.7339171,인천광역시 남동구 만수로73번길 20-23,고등학교,사립,2026-03-20,https://www.data.go.kr/data/15021148/standard.do,official_school_id,,,available,official_disclosure,남동구
B000012261,문일여자고등학교,37.45247978,126.7306571,인천광역시 남동구 구월로372번길 56,고등학교,사립,2026-03-20,https://www.data.go.kr/data/15021148/standard.do,official_school_id,,,available,official_disclosure,남동구
B000012262,부평고등학교,37.50227408,126.7276188,인천광역시 부평구 부흥북로 43,고등학교,공립,2026-03-20,https://www.data.go.kr/data/15021148/standard.do,official_school_id,,,available,official_disclosure,부평구
B000012263,부광고등학교,37.48841975,126.7030714,인천광역시 부평구 화랑로 28,고등학교,공립,2026-03-20,https://www.data.go.kr/data/15021148/standard.do,official_school_id,,,available,official_disclosure,부평구
B000012264,인천상정고등학교,37.48070089,126.6961796,인천광역시 부평구 경원대로 1109,고등학교,공립,2026-03-20,https://www.data.go.kr/data/15021148/standard.do,official_school_id,,,available,official_disclosure,부평구
B000012265,부개여자고등학교,37.49791578,126.7410316,인천광역시 부평구 부흥로 433,고등학교,공립,2026-03-20,https://www.data.go.kr/data/15021148/standard.do,official_school_id,,,available,official_disclosure,부평구
B000012266,부광여자고등학교,37.5026085,126.7355759,인천광역시 부평구 충선로 143,고등학교,공립,2026-03-20,https://www.data.go.kr/data/15021148/standard.do,official_school_id,,,available,official_disclosure,부평구
B000012267,부평여자고등학교,37.50115184,126.7197062,인천광역시 부평구 부흥로243번길 44,고등학교,공립,2026-03-20,https://www.data.go.kr/data/15021148/standard.do,official_school_id,,,available,official_disclosure,부평구
B000012268,인천산곡고등학교,37.50320265,126.7131951,인천광역시 부평구 원적로416번길 25,고등학교,공립,2026-03-20,https://www.data.go.kr/data/15021148/standard.do,official_school_id,,,available,official_disclosure,부평구
B000012269,인천진산과학고등학교,37.51327242,126.7437134,인천광역시 부평구 굴포로 194-9,고등학교,공립,2026-03-20,https://www.data.go.kr/data/15021148/standard.do,official_school_id,,,available,official_disclosure,부평구
B000012270,인천부흥고등학교,37.49121895,126.7366563,인천광역시 부평구 수변로57번길 61,고등학교,공립,2026-03-20,https://www.data.go.kr/data/15021148/standard.do,official_school_id,,,available,official_disclosure,부평구
B000012271,부개고등학교,37.49221894,126.7380466,인천광역시 부평구 수변로57번길 36,고등학교,공립,2026-03-20,https://www.data.go.kr/data/15021148/standard.do,official_school_id,,,available,official_disclosure,부평구
B000012272,삼산고등학교,37.52161093,126.7458927,인천광역시 부평구 영성중로 54,고등학교,공립,2026-03-20,https://www.data.go.kr/data/15021148/standard.do,official_school_id,,,available,official_disclosure,부평구
B000012273,인천영선고등학교,37.51594529,126.743904,인천광역시 부평구 체육관로 179,고등학교,공립,2026-03-20,https://www.data.go.kr/data/15021148/standard.do,official_school_id,,,available,official_disclosure,부평구
B000012274,세일고등학교,37.50616504,126.6930689,인천광역시 부평구 원적로 245,고등학교,사립,2026-03-20,https://www.data.go.kr/data/15021148/standard.do,official_school_id,,,available,official_disclosure,부평구
B000012275,제일고등학교,37.478222,126.7083763,인천광역시 부평구 경인로759번길 28,고등학교,사립,2026-03-20,https://www.data.go.kr/data/15021148/standard.do,official_school_id,,,available,official_disclosure,부평구
B000012276,명신여자고등학교,37.50460448,126.6939278,인천광역시 부평구 원적로 260,고등학교,사립,2026-03-20,https://www.data.go.kr/data/15021148/standard.do,official_school_id,,,available,official_disclosure,부평구
B000012277,계양고등학교,37.54193113,126.7438981,인천광역시 계양구 계양문화로 177,고등학교,공립,2026-03-20,https://www.data.go.kr/data/15021148/standard.do,official_school_id,,,available,official_disclosure,계양구
B000012278,계산고등학교,37.54718933,126.7297335,인천광역시 계양구 주부토로 588,고등학교,공립,2026-03-20,https://www.data.go.kr/data/15021148/standard.do,official_school_id,,,available,official_disclosure,계양구
B000012279,작전고등학교,37.53284074,126.7301792,인천광역시 계양구 봉오대로729번길 27,고등학교,공립,2026-03-20,https://www.data.go.kr/data/15021148/standard.do,official_school_id,,,available,official_disclosure,계양구
B000012280,계산여자고등학교,37.53825318,126.7418943,인천광역시 계양구 계산새로 131,고등학교,공립,2026-03-20,https://www.data.go.kr/data/15021148/standard.do,official_school_id,,,available,official_disclosure,계양구
B000012281,인천세원고등학교,37.55161396,126.7447093,인천광역시 계양구 장제로 966,고등학교,공립,2026-03-20,https://www.data.go.kr/data/15021148/standard.do,official_school_id,,,available,official_disclosure,계양구
B000012282,작전여자고등학교,37.53213347,126.7295556,인천광역시 계양구 주부토로426번길 15,고등학교,공립,2026-03-20,https://www.data.go.kr/data/15021148/standard.do,official_school_id,,,available,official_disclosure,계양구
B000012283,인천효성고등학교,37.53146736,126.7149972,인천광역시 계양구 새벌로171번길 21,고등학교,공립,2026-03-20,https://www.data.go.kr/data/15021148/standard.do,official_school_id,,,available,official_disclosure,계양구
B000012284,서운고등학교,37.52691454,126.7457474,인천광역시 계양구 아나지로 481,고등학교,공립,2026-03-20,https://www.data.go.kr/data/15021148/standard.do,official_school_id,,,available,official_disclosure,계양구
B000012285,안남고등학교,37.52503666,126.7271275,인천광역시 계양구 아나지로308번길 9,고등학교,공립,2026-03-20,https://www.data.go.kr/data/15021148/standard.do,official_school_id,,,available,official_disclosure,계양구
B000012286,인천청라고등학교,37.53720827,126.6607696,인천광역시 서구 담지로86번길 16-14,고등학교,공립,2026-03-20,https://www.data.go.kr/data/15021148/standard.do,official_school_id,,,available,official_disclosure,서구
B000012287,인천초은고등학교,37.52929109,126.6571142,인천광역시 서구 청라에메랄드로 42,고등학교,공립,2026-03-20,https://www.data.go.kr/data/15021148/standard.do,official_school_id,,,available,official_disclosure,서구
B000012288,백석고등학교,37.58060358,126.6742921,인천광역시 서구 서곶로 701,고등학교,공립,2026-03-20,https://www.data.go.kr/data/15021148/standard.do,official_school_id,,,available,official_disclosure,서구
B000012289,가정고등학교,37.51351681,126.6797187,인천광역시 서구 서달로 162,고등학교,공립,2026-03-20,https://www.data.go.kr/data/15021148/standard.do,official_school_id,,,available,official_disclosure,서구
B000012290,가림고등학교,37.49261929,126.6812015,인천광역시 서구 원적로 58,고등학교,공립,2026-03-20,https://www.data.go.kr/data/15021148/standard.do,official_school_id,,,available,official_disclosure,서구
B000012291,가좌고등학교,37.48964618,126.6809096,인천광역시 서구 장고개로287번길 24,고등학교,공립,2026-03-20,https://www.data.go.kr/data/15021148/standard.do,official_school_id,,,available,official_disclosure,서구
B000012292,검단고등학교,37.60386225,126.6647414,인천광역시 서구 검단로540번길 7,고등학교,공립,2026-03-20,https://www.data.go.kr/data/15021148/standard.do,official_school_id,,,available,official_disclosure,서구
B000012293,인천원당고등학교,37.59689277,126.7048226,인천광역시 서구 고산로40번길 30,고등학교,공립,2026-03-20,https://www.data.go.kr/data/15021148/standard.do,official_school_id,,,available,official_disclosure,서구
B000012294,대인고등학교,37.55802602,126.6786094,인천광역시 서구 서곶로 446,고등학교,사립,2026-03-20,https://www.data.go.kr/data/15021148/standard.do,official_school_id,,,available,official_disclosure,서구
B000012295,서인천고등학교,37.56108344,126.675771,인천광역시 서구 서곶로 475,고등학교,사립,2026-03-20,https://www.data.go.kr/data/15021148/standard.do,official_school_id,,,available,official_disclosure,서구
B000012296,강화고등학교,37.74802846,126.4738138,인천광역시 강화군 강화읍 고비고개로 20,고등학교,공립,2026-03-20,https://www.data.go.kr/data/15021148/standard.do,official_school_id,,,available,official_disclosure,강화군
B000012297,강화여자고등학교,37.75388637,126.4795303,인천광역시 강화군 강화읍 송악길 58,고등학교,공립,2026-03-20,https://www.data.go.kr/data/15021148/standard.do,official_school_id,,,available,official_disclosure,강화군
B000012298,교동고등학교,37.77846268,126.2843169,인천광역시 강화군 교동면 교동남로 77,고등학교,공립,2026-03-20,https://www.data.go.kr/data/15021148/standard.do,official_school_id,,,available,official_disclosure,강화군
B000012299,서도고등학교,37.64803766,126.2524746,인천광역시 강화군 서도면 주문도길 173,고등학교,공립,2026-03-20,https://www.data.go.kr/data/15021148/standard.do,official_school_id,,,available,official_disclosure,강화군
B000012300,덕신고등학교,37.74487949,126.472799,인천광역시 강화군 강화읍 고비고개로 45,고등학교,사립,2026-03-20,https://www.data.go.kr/data/15021148/standard.do,official_school_id,,,available,official_disclosure,강화군
B000012301,한국글로벌셰프고등학교,37.71179563,126.39281,인천광역시 강화군 내가면 강화서로 184,고등학교,사립,2026-03-20,https://www.data.go.kr/data/15021148/standard.do,official_school_id,,,available,official_disclosure,강화군
B000012302,인천영흥고등학교,37.26521102,126.4794201,인천광역시 옹진군 영흥면 내동로 107,고등학교,공립,2026-03-20,https://www.data.go.kr/data/15021148/standard.do,official_school_id,,,available,official_disclosure,옹진군
B000012303,연평고등학교,37.66412851,125.7010233,인천광역시 옹진군 연평면 연평로137번길 101,고등학교,공립,2026-03-20,https://www.data.go.kr/data/15021148/standard.do,official_school_id,,,available,official_disclosure,옹진군
B000012304,대청고등학교,37.8325852,124.6939792,인천광역시 옹진군 대청면 대청로244번길 116-45,고등학교,공립,2026-03-20,https://www.data.go.kr/data/15021148/standard.do,official_school_id,,,available,official_disclosure,옹진군
B000012305,덕적고등학교,37.22538058,126.1481953,인천광역시 옹진군 덕적면 덕적남로 15,고등학교,공립,2026-03-20,https://www.data.go.kr/data/15021148/standard.do,official_school_id,,,available,official_disclosure,옹진군
B000013521,인천공항고등학교,37.49763102,126.485927,인천광역시 중구 신도시북로 20,고등학교,공립,2026-03-20,https://www.data.go.kr/data/15021148/standard.do,official_school_id,,,available,official_disclosure,중구
B000013522,인천하늘고등학교,37.49546571,126.5070803,인천광역시 중구 영종대로277번길 117,고등학교,사립,2026-03-20,https://www.data.go.kr/data/15021148/standard.do,official_school_id,,,available,official_disclosure,중구
B000013523,동인천고등학교,37.46583064,126.7352326,인천광역시 남동구 만수로75번길 71-15,고등학교,공립,2026-03-20,https://www.data.go.kr/data/15021148/standard.do,official_school_id,,,available,official_disclosure,남동구
B000013524,인천예일고등학교,37.55422032,126.7418712,인천광역시 계양구 박촌로 23,고등학교,공립,2026-03-20,https://www.data.go.kr/data/15021148/standard.do,official_school_id,,,available,official_disclosure,계양구
B000013525,인천신현고등학교,37.52034052,126.6678412,인천광역시 서구 염곡로 399,고등학교,공립,2026-03-20,https://www.data.go.kr/data/15021148/standard.do,official_school_id,,,available,official_disclosure,서구
B000022827,인천대중예술고등학교,37.47099649,126.6548626,인천광역시 미추홀구 석정로 165,고등학교,공립,2026-03-20,https://www.data.go.kr/data/15021148/standard.do,official_school_id,,,available,official_disclosure,미추홀구
B000022835,인천해원고등학교,37.52816764,126.6275858,인천광역시 서구 청라사파이어로140번길 25,고등학교,공립,2026-03-20,https://www.data.go.kr/data/15021148/standard.do,official_school_id,,,available,official_disclosure,서구
B000022837,인천체육고등학교,37.54592504,126.6094512,인천광역시 서구 로봇랜드로 473,고등학교,공립,2026-03-20,https://www.data.go.kr/data/15021148/standard.do,official_school_id,,,available,official_disclosure,서구
B000022846,백령고등학교,37.96441431,124.6760478,인천광역시 옹진군 백령면 백령로 708,고등학교,공립,2026-03-20,https://www.data.go.kr/data/15021148/standard.do,official_school_id,,,available,official_disclosure,옹진군
B000023258,인천전자마이스터고등학교,37.47099649,126.6548626,인천광역시 미추홀구 석정로 165,고등학교,공립,2026-03-20,https://www.data.go.kr/data/15021148/standard.do,official_school_id,,,available,official_disclosure,미추홀구
B000024855,문곡고등학교,37.58843573,126.669663,인천광역시 서구 청마로 52,고등학교,사립,2026-03-20,https://www.data.go.kr/data/15021148/standard.do,official_school_id,,,available,official_disclosure,서구
B000025205,도림고등학교,37.42077753,126.752981,인천광역시 남동구 서창남로 8,고등학교,공립,2026-03-20,https://www.data.go.kr/data/15021148/standard.do,official_school_id,,,available,official_disclosure,남동구
B000025211,인천연송고등학교,37.40316747,126.6467361,인천광역시 연수구 컨벤시아대로42번길 72,고등학교,공립,2026-03-20,https://www.data.go.kr/data/15021148/standard.do,official_school_id,,,available,official_disclosure,연수구
B000025212,인천포스코고등학교,37.40146601,126.6483623,인천광역시 연수구 컨벤시아대로42번길 50,고등학교,사립,2026-03-20,https://www.data.go.kr/data/15021148/standard.do,official_school_id,,,available,official_disclosure,연수구
B000025229,박문여자고등학교,37.38275068,126.6662372,인천광역시 연수구 송도과학로51번길 16,고등학교,사립,2026-03-20,https://www.data.go.kr/data/15021148/standard.do,official_school_id,,,available,official_disclosure,연수구
B000025234,인천과학예술영재학교,37.38199933,126.6301396,인천광역시 연수구 아카데미로 192,고등학교,공립,2026-03-20,https://www.data.go.kr/data/15021148/standard.do,official_school_id,,,available,official_disclosure,연수구
B000025678,인천영종고등학교,37.48531899,126.5016825,인천광역시 중구 영종대로278번길 34,고등학교,공립,2026-03-20,https://www.data.go.kr/data/15021148/standard.do,official_school_id,,,available,official_disclosure,중구
B000025679,인천운남고등학교,37.48314685,126.5419036,,고등학교,공립,2026-03-20,https://www.data.go.kr/data/15021148/standard.do,official_school_id,,,available,official_disclosure,
B000025680,인천중산고등학교,37.49775057,126.5699379,인천광역시 중구 은하수로 142,고등학교,공립,2026-03-20,https://www.data.go.kr/data/15021148/standard.do,official_school_id,,,available,official_disclosure,중구
B000025768,인천마전고등학교,37.61071905,126.6644578,인천광역시 서구 마전로 74,고등학교,공립,2026-03-20,https://www.data.go.kr/data/15021148/standard.do,official_school_id,,,available,official_disclosure,서구
B000026476,인천이음고등학교,37.60058692,126.7108371,인천광역시 서구 이음1로 469,고등학교,공립,2026-03-20,https://www.data.go.kr/data/15021148/standard.do,official_school_id,,,available,official_disclosure,서구
B000026479,인천아라고등학교,37.58715576,126.7039484,인천광역시 서구 서로2로 62,고등학교,공립,2026-03-20,https://www.data.go.kr/data/15021148/standard.do,official_school_id,,,available,official_disclosure,서구
KLOCAL-000e957d3ab6431c,근산유치원,37.52121572,126.7449774,인천광역시 부평구 영성중로 53,유치원,사립(사인),2025년 1차 공시,https://e-childschoolinfo.moe.go.kr/,local_name_establishment_date,119.0,375.0,available,official_disclosure,부평구
KLOCAL-008b28233ec0cee2,청담유치원,37.49159718,126.7363703,인천광역시 부평구 동수천로 70,유치원,사립(사인),2025년 1차 공시,https://e-childschoolinfo.moe.go.kr/,local_name_establishment_date,67.0,252.0,available,official_disclosure,부평구
KLOCAL-00d7d85e52a053a8,인천갈월초등학교병설유치원,37.51018325,126.7252099,인천광역시 부평구 주부토로 165,유치원,공립(병설),2025년 1차 공시,https://e-childschoolinfo.moe.go.kr/,local_name_establishment_date,5.0,15.0,available,official_disclosure,부평구
KLOCAL-00df819b46080269,예원유치원,37.48094481,126.6383179,인천광역시 동구 송현로 63-3,유치원,사립(사인),2025년 1차 공시,https://e-childschoolinfo.moe.go.kr/,local_name_establishment_date,28.0,74.0,available,official_disclosure,동구
KLOCAL-02221618c55c5603,인천계양초등학교병설유치원,37.579034,126.7332478,인천광역시 계양구 장제로 1288,유치원,공립(병설),2025년 1차 공시,https://e-childschoolinfo.moe.go.kr/,local_name_establishment_date,18.0,48.0,available,official_disclosure,계양구
KLOCAL-026d832c691d3ca0,박문유치원,37.47108306,126.629934,인천광역시 중구 우현로50번길 2,유치원,사립(법인),2025년 1차 공시,https://e-childschoolinfo.moe.go.kr/,local_name_establishment_date,146.0,168.0,available,official_disclosure,중구
KLOCAL-0308f9e9a9e42dfd,청원유치원,37.48990826,126.7019017,인천광역시 부평구 화랑로47번길 61,유치원,사립(법인),2025년 1차 공시,https://e-childschoolinfo.moe.go.kr/,local_name_establishment_date,110.0,300.0,available,official_disclosure,부평구
KLOCAL-033a97f22a8d5674,논현유치원,37.40554166,126.7098063,인천광역시 남동구 은봉로 177,유치원,공립(단설),2025년 1차 공시,https://e-childschoolinfo.moe.go.kr/,local_name_establishment_date,59.0,85.0,available,official_disclosure,남동구
KLOCAL-036b8dcaab889693,인천부현초등학교병설유치원,37.53566968,126.7317954,인천광역시 계양구 장제로755번길 30,유치원,공립(병설),2025년 1차 공시,https://e-childschoolinfo.moe.go.kr/,local_name_establishment_date,6.0,15.0,available,official_disclosure,계양구
KLOCAL-03906654ce1dfdb4,인천용현남초등학교자월분교장병설유치원,37.25382064,126.3064722,인천광역시 옹진군 자월서로 177,유치원,공립(병설),2025년 1차 공시,https://e-childschoolinfo.moe.go.kr/,local_name_establishment_date,1.0,14.0,available,official_disclosure,옹진군
KLOCAL-03eaab4ac9dbb6a3,해승유치원,37.46770286,126.6954164,인천광역시 남동구 석정로539번길 41,유치원,사립(사인),2025년 1차 공시,https://e-childschoolinfo.moe.go.kr/,local_name_establishment_date,148.0,159.0,available,official_disclosure,남동구
KLOCAL-0867a880c4b46df2,인천건지초등학교병설유치원,37.49530976,126.6779423,인천광역시 서구 건지로318번길 39,유치원,공립(병설),2025년 1차 공시,https://e-childschoolinfo.moe.go.kr/,local_name_establishment_date,16.0,60.0,available,official_disclosure,서구
KLOCAL-08917b6afd819029,송해초등학교병설유치원,37.7704293,126.4592289,인천광역시 강화군 전망대로 93-12,유치원,공립(병설),2025년 1차 공시,https://e-childschoolinfo.moe.go.kr/,local_name_establishment_date,5.0,14.0,available,official_disclosure,강화군
KLOCAL-08ae9c9dfac2e013,인천송빛초등학교병설유치원,37.38582678,126.6128864,인천광역시 연수구 아카데미로343번길 27,유치원,공립(병설),2025년 1차 공시,https://e-childschoolinfo.moe.go.kr/,local_name_establishment_date,63.0,67.0,available,official_disclosure,연수구
KLOCAL-0af8f94d48e29a3b,인천경명초등학교병설유치원,37.53699997,126.6373308,인천광역시 서구 크리스탈로 130,유치원,공립(병설),2025년 1차 공시,https://e-childschoolinfo.moe.go.kr/,local_name_establishment_date,55.0,65.0,available,official_disclosure,서구
KLOCAL-0b89b3cbc388c8d7,인천가현초등학교병설유치원,37.52237749,126.668351,인천광역시 서구 염곡로 417,유치원,공립(병설),2025년 1차 공시,https://e-childschoolinfo.moe.go.kr/,local_name_establishment_date,48.0,48.0,available,official_disclosure,서구
KLOCAL-0bbc0fac855a7b3e,뒤나미스유치원,37.49963413,126.5670097,인천광역시 중구 오작로 116,유치원,사립(사인),2025년 1차 공시,https://e-childschoolinfo.moe.go.kr/,local_name_establishment_date,370.0,418.0,available,official_disclosure,중구
KLOCAL-0cd7ba2a12988285,다솜유치원,37.44559584,126.6697987,인천광역시 미추홀구 학익소로23번길 11,유치원,사립(사인),2025년 1차 공시,https://e-childschoolinfo.moe.go.kr/,local_name_establishment_date,42.0,49.0,available,official_disclosure,미추홀구
KLOCAL-0d94659e002bb7af,인천정각초등학교병설유치원,37.45560093,126.7155989,인천광역시 남동구 구월로 228,유치원,공립(병설),2025년 1차 공시,https://e-childschoolinfo.moe.go.kr/,local_name_establishment_date,50.0,67.0,available,official_disclosure,남동구
KLOCAL-0fab6c92ee3a52d6,인천당산초등학교병설유치원,37.5586973,126.7595317,인천광역시 계양구 동양로 122,유치원,공립(병설),2025년 1차 공시,https://e-childschoolinfo.moe.go.kr/,local_name_establishment_date,17.0,48.0,available,official_disclosure,계양구
KLOCAL-0fdcd04de8b6ed6d,인천왕길초등학교병설유치원,37.60197813,126.651059,인천광역시 서구 봉수대로1440번길 20,유치원,공립(병설),2025년 1차 공시,https://e-childschoolinfo.moe.go.kr/,local_name_establishment_date,29.0,53.0,available,official_disclosure,서구
KLOCAL-0fea88de34bd253a,유원유치원,37.45577215,126.6421718,인천광역시 미추홀구 낙섬중로 102,유치원,사립(사인),2025년 1차 공시,https://e-childschoolinfo.moe.go.kr/,local_name_establishment_date,92.0,95.0,available,official_disclosure,미추홀구
KLOCAL-100df6af0fea38c9,삼성유치원,37.45394208,126.7139153,인천광역시 남동구 용천로 49,유치원,사립(사인),2025년 1차 공시,https://e-childschoolinfo.moe.go.kr/,local_name_establishment_date,69.0,120.0,available,official_disclosure,남동구
KLOCAL-10421b7c8f5899de,동원유치원,37.44958034,126.6741201,인천광역시 미추홀구 인하로235번길 27,유치원,사립(사인),2025년 1차 공시,https://e-childschoolinfo.moe.go.kr/,local_name_establishment_date,182.0,270.0,available,official_disclosure,미추홀구
KLOCAL-10682fedb5eb5c47,인천소래초등학교병설유치원,37.40443771,126.7343605,인천광역시 남동구 장도로 2,유치원,공립(병설),2025년 1차 공시,https://e-childschoolinfo.moe.go.kr/,local_name_establishment_date,43.0,48.0,available,official_disclosure,남동구
KLOCAL-106cec12938f9093,인천부마초등학교병설유치원,37.50634867,126.7058973,인천광역시 부평구 안남로253번길 41,유치원,공립(병설),2025년 1차 공시,https://e-childschoolinfo.moe.go.kr/,local_name_establishment_date,37.0,48.0,available,official_disclosure,부평구
KLOCAL-107a8c06c18f2a60,새예지유치원,37.45388754,126.714932,인천광역시 남동구 용천로 50,유치원,사립(사인),2025년 1차 공시,https://e-childschoolinfo.moe.go.kr/,local_name_establishment_date,144.0,160.0,available,official_disclosure,남동구
KLOCAL-10995438901baf02,인천현송초등학교병설유치원,37.39389185,126.6203812,인천광역시 연수구 아카데미로312번길 96,유치원,공립(병설),2025년 1차 공시,https://e-childschoolinfo.moe.go.kr/,local_name_establishment_date,63.0,67.0,available,official_disclosure,연수구
KLOCAL-10a79f1b1d9bbd9f,꿈나무유치원,37.48468006,126.732448,인천광역시 부평구 동수로120번길 11,유치원,사립(사인),2025년 1차 공시,https://e-childschoolinfo.moe.go.kr/,local_name_establishment_date,44.0,60.0,available,official_disclosure,부평구
KLOCAL-1106537bcfb62fe4,인천청일초등학교병설유치원,37.52925864,126.6373634,인천광역시 서구 크리스탈로 46,유치원,공립(병설),2025년 1차 공시,https://e-childschoolinfo.moe.go.kr/,local_name_establishment_date,44.0,67.0,available,official_disclosure,서구
KLOCAL-11084f843babf1c9,대청초등학교병설유치원,37.83288072,124.6959348,인천광역시 옹진군 대청로244번길 110,유치원,공립(병설),2025년 1차 공시,https://e-childschoolinfo.moe.go.kr/,local_name_establishment_date,6.0,14.0,available,official_disclosure,옹진군
KLOCAL-117cde7db840a10e,예다원유치원,37.4035649,126.7341751,인천광역시 남동구 앵고개로941번길 23,유치원,사립(사인),2025년 1차 공시,https://e-childschoolinfo.moe.go.kr/,local_name_establishment_date,331.0,390.0,available,official_disclosure,남동구
KLOCAL-12d27bc6e1660e9d,사랑유치원,37.42729766,126.6997504,인천광역시 연수구 선학로 100,유치원,사립(사인),2025년 1차 공시,https://e-childschoolinfo.moe.go.kr/,local_name_establishment_date,101.0,118.0,available,official_disclosure,연수구
KLOCAL-136bbfeb0cacbeb0,일영유치원,37.5970951,126.7002753,인천광역시 서구 고산로45번길 4,유치원,사립(사인),2025년 1차 공시,https://e-childschoolinfo.moe.go.kr/,local_name_establishment_date,182.0,196.0,available,official_disclosure,서구
KLOCAL-1375cec9fea0c803,아이웰유치원,37.42406672,126.6529808,인천광역시 연수구 청량로194번길 6,유치원,사립(사인),2025년 1차 공시,https://e-childschoolinfo.moe.go.kr/,local_name_establishment_date,142.0,144.0,available,official_disclosure,연수구
KLOCAL-1519f421f42d9d8a,인천신정초등학교병설유치원,37.39732821,126.6444907,인천광역시 연수구 아트센터대로97번길 72,유치원,공립(병설),2025년 1차 공시,https://e-childschoolinfo.moe.go.kr/,local_name_establishment_date,48.0,55.0,available,official_disclosure,연수구
KLOCAL-18b3e8f4c6c007f3,인천해송초등학교병설유치원,37.38091123,126.649285,인천광역시 연수구 인천타워대로54번길 46,유치원,공립(병설),2025년 1차 공시,https://e-childschoolinfo.moe.go.kr/,local_name_establishment_date,44.0,52.0,available,official_disclosure,연수구
KLOCAL-1923165e7aafe096,영광유치원,37.53597401,126.7114223,인천광역시 계양구 안남로 596,유치원,사립(사인),2025년 1차 공시,https://e-childschoolinfo.moe.go.kr/,local_name_establishment_date,200.0,260.0,available,official_disclosure,계양구
KLOCAL-19767c56f265491f,인천검단꿈유치원,37.59195531,126.7189451,인천광역시 서구 이음1로 350,유치원,공립(단설),2025년 1차 공시,https://e-childschoolinfo.moe.go.kr/,local_name_establishment_date,228.0,240.0,available,official_disclosure,서구
KLOCAL-1b4643e77630943f,무지개유치원,37.48709369,126.7141859,인천광역시 부평구 안남로41번길 3,유치원,사립(사인),2025년 1차 공시,https://e-childschoolinfo.moe.go.kr/,local_name_establishment_date,201.0,201.0,available,official_disclosure,부평구
KLOCAL-1b7dad99867a6eaf,인천부일초등학교병설유치원,37.50120256,126.741505,인천광역시 부평구 부흥북로 175,유치원,공립(병설),2025년 1차 공시,https://e-childschoolinfo.moe.go.kr/,local_name_establishment_date,27.0,48.0,available,official_disclosure,부평구
KLOCAL-1be9ec6cbd10709a,인천주안초등학교병설유치원,37.45465347,126.6738978,인천광역시 미추홀구 남주길69번길 16,유치원,공립(병설),2025년 1차 공시,https://e-childschoolinfo.moe.go.kr/,local_name_establishment_date,30.0,48.0,available,official_disclosure,미추홀구
KLOCAL-1c92f7fa634fb5f3,인천불로초등학교병설유치원,37.61393978,126.6894096,인천광역시 서구 검단로744번1길 50,유치원,공립(병설),2025년 1차 공시,https://e-childschoolinfo.moe.go.kr/,local_name_establishment_date,32.0,36.0,available,official_disclosure,서구
KLOCAL-1cba793eaad3af21,인천장수초등학교병설유치원,37.45051198,126.7417111,인천광역시 남동구 담방로 121,유치원,공립(병설),2025년 1차 공시,https://e-childschoolinfo.moe.go.kr/,local_name_establishment_date,7.0,38.0,available,official_disclosure,남동구
KLOCAL-1ddb144d8df27d87,인천영종초등학교병설유치원,37.48876737,126.5529329,인천광역시 중구 하늘달빛로 133,유치원,공립(병설),2025년 1차 공시,https://e-childschoolinfo.moe.go.kr/,local_name_establishment_date,48.0,48.0,available,official_disclosure,중구
KLOCAL-1e0f6cb24019a829,엄지유치원,37.48885067,126.7422329,인천광역시 부평구 부일로 111,유치원,사립(사인),2025년 1차 공시,https://e-childschoolinfo.moe.go.kr/,local_name_establishment_date,35.0,83.0,available,official_disclosure,부평구
KLOCAL-1e7e2df89b52dc62,인천안산초등학교병설유치원,37.54409319,126.7317526,인천광역시 계양구 임학서로 15,유치원,공립(병설),2025년 1차 공시,https://e-childschoolinfo.moe.go.kr/,local_name_establishment_date,8.0,34.0,available,official_disclosure,계양구
KLOCAL-1f328ba143036bf8,해나라유치원,37.60119643,126.6977944,인천광역시 서구 고산후로161번안길 35,유치원,사립(사인),2025년 1차 공시,https://e-childschoolinfo.moe.go.kr/,local_name_establishment_date,309.0,310.0,available,official_disclosure,서구
KLOCAL-1fcc5bb819b6a357,큰별유치원,37.408568,126.6759455,인천광역시 연수구 원인재로 81,유치원,사립(사인),2025년 1차 공시,https://e-childschoolinfo.moe.go.kr/,local_name_establishment_date,160.0,220.0,available,official_disclosure,연수구
KLOCAL-1fd3e98881a11318,해와달유치원,37.42923903,126.7146449,인천광역시 남동구 호구포로535번길 67,유치원,사립(사인),2025년 1차 공시,https://e-childschoolinfo.moe.go.kr/,local_name_establishment_date,39.0,210.0,available,official_disclosure,남동구
KLOCAL-1fd9f21caa124372,인천창신초등학교병설유치원,37.59892253,126.6982138,인천광역시 서구 고산후로161번길 6,유치원,공립(병설),2025년 1차 공시,https://e-childschoolinfo.moe.go.kr/,local_name_establishment_date,38.0,48.0,available,official_disclosure,서구
KLOCAL-2139f45193aa0f61,해명초등학교병설유치원,37.6682981,126.3621342,인천광역시 강화군 삼산남로 345,유치원,공립(병설),2025년 1차 공시,https://e-childschoolinfo.moe.go.kr/,local_name_establishment_date,2.0,14.0,available,official_disclosure,강화군
KLOCAL-217d5f1aa8131427,인천신월초등학교병설유치원,37.44759834,126.7237311,인천광역시 남동구 인주대로776번길 14,유치원,공립(병설),2025년 1차 공시,https://e-childschoolinfo.moe.go.kr/,local_name_establishment_date,9.0,40.0,available,official_disclosure,남동구
KLOCAL-23e886f24f770204,엔젤유치원,37.52756682,126.6373104,인천광역시 서구 청라커낼로 163,유치원,사립(사인),2025년 1차 공시,https://e-childschoolinfo.moe.go.kr/,local_name_establishment_date,117.0,122.0,available,official_disclosure,서구
KLOCAL-245e760a0802fd93,인천백운초등학교병설유치원,37.48004768,126.7048637,인천광역시 부평구 아트센터로 130,유치원,공립(병설),2025년 1차 공시,https://e-childschoolinfo.moe.go.kr/,local_name_establishment_date,18.0,36.0,available,official_disclosure,부평구
KLOCAL-249efd582bc3c17a,인천상정초등학교병설유치원,37.47968383,126.6990359,인천광역시 부평구 상정로 50,유치원,공립(병설),2025년 1차 공시,https://e-childschoolinfo.moe.go.kr/,local_name_establishment_date,10.0,15.0,available,official_disclosure,부평구
KLOCAL-251be2946e3f2e1e,꿈동산유치원,37.42394445,126.669667,인천광역시 연수구 용담로 3,유치원,사립(사인),2025년 1차 공시,https://e-childschoolinfo.moe.go.kr/,local_name_establishment_date,168.0,168.0,available,official_disclosure,연수구
KLOCAL-25824987347b89df,바다유치원,37.51235929,126.66761,인천광역시 서구 염곡로311번길 7,유치원,사립(사인),2025년 1차 공시,https://e-childschoolinfo.moe.go.kr/,local_name_establishment_date,64.0,82.0,available,official_disclosure,서구
KLOCAL-25a0b873b3438607,행복한유치원,37.40482255,126.7377017,인천광역시 남동구 포구로 64 -14,유치원,사립(사인),2025년 1차 공시,https://e-childschoolinfo.moe.go.kr/,local_name_establishment_date,51.0,122.0,available,official_disclosure,남동구
KLOCAL-262e10d1e210408c,인천검암유치원,37.56785518,126.6785109,인천광역시 서구 승학로599번길 45,유치원,공립(단설),2025년 1차 공시,https://e-childschoolinfo.moe.go.kr/,local_name_establishment_date,67.0,79.0,available,official_disclosure,서구
KLOCAL-266ed741dd996b8d,산울림유치원,37.61184662,126.6445538,인천광역시 서구 봉수대로 1548-15,유치원,사립(사인),2025년 1차 공시,https://e-childschoolinfo.moe.go.kr/,local_name_establishment_date,37.0,70.0,available,official_disclosure,서구
KLOCAL-278a27da1c51475e,인천송원초등학교병설유치원,37.38595684,126.6692884,인천광역시 연수구 송도과학로51번길 60,유치원,공립(병설),2025년 1차 공시,https://e-childschoolinfo.moe.go.kr/,local_name_establishment_date,48.0,48.0,available,official_disclosure,연수구
KLOCAL-287edcd5656c8d18,큰사랑유치원,37.59832408,126.6676246,인천광역시 서구 완정로64번길 7,유치원,사립(사인),2025년 1차 공시,https://e-childschoolinfo.moe.go.kr/,local_name_establishment_date,207.0,224.0,available,official_disclosure,서구
KLOCAL-28e51f0551b2fcfd,하늘땅유치원,37.42603551,126.6838929,인천광역시 연수구 함박안로156번길 15-12,유치원,사립(사인),2025년 1차 공시,https://e-childschoolinfo.moe.go.kr/,local_name_establishment_date,266.0,266.0,available,official_disclosure,연수구
KLOCAL-28e854d271c0e8e1,인천간석초등학교병설유치원,37.45932885,126.716131,인천광역시 남동구 석산로208번길 37,유치원,공립(병설),2025년 1차 공시,https://e-childschoolinfo.moe.go.kr/,local_name_establishment_date,27.0,67.0,available,official_disclosure,남동구
KLOCAL-28fe79464ba28534,예림유치원,37.52572289,126.7148233,인천광역시 계양구 아나지로197번길 4,유치원,사립(사인),2025년 1차 공시,https://e-childschoolinfo.moe.go.kr/,local_name_establishment_date,79.0,86.0,available,official_disclosure,계양구
KLOCAL-2a7e08fead8ef96b,이바유치원,37.49367727,126.7052186,인천광역시 부평구 마장로168번길 17,유치원,사립(사인),2025년 1차 공시,https://e-childschoolinfo.moe.go.kr/,local_name_establishment_date,96.0,96.0,available,official_disclosure,부평구
KLOCAL-2b07c33dd5f30eca,참조은유치원,37.45972928,126.7052359,인천광역시 남동구 구월로137번길 65 ,유치원,사립(사인),2025년 1차 공시,https://e-childschoolinfo.moe.go.kr/,local_name_establishment_date,155.0,155.0,available,official_disclosure,남동구
KLOCAL-2b9a80a829c012d7,인천해든초등학교병설유치원,37.58541807,126.7076937,인천광역시 서구 서로3로 60,유치원,공립(병설),2025년 1차 공시,https://e-childschoolinfo.moe.go.kr/,local_name_establishment_date,63.0,67.0,available,official_disclosure,서구
KLOCAL-2c8aa292f224503d,아이큰별유치원,37.44398402,126.7104126,인천광역시 남동구 선수촌공원로 56,유치원,사립(사인),2025년 1차 공시,https://e-childschoolinfo.moe.go.kr/,local_name_establishment_date,146.0,308.0,available,official_disclosure,남동구
KLOCAL-2da09589001a6ae4,인천신석초등학교병설유치원,37.51121084,126.664398,인천광역시 서구 새오개로 9,유치원,공립(병설),2025년 1차 공시,https://e-childschoolinfo.moe.go.kr/,local_name_establishment_date,4.0,16.0,available,official_disclosure,서구
KLOCAL-2dec811cf063913d,예그랑유치원,37.53253469,126.7134788,인천광역시 계양구 안남로554번길 25,유치원,사립(사인),2025년 1차 공시,https://e-childschoolinfo.moe.go.kr/,local_name_establishment_date,75.0,96.0,available,official_disclosure,계양구
KLOCAL-2def53f46a779e53,인천석남초등학교병설유치원,37.51039045,126.6803242,인천광역시 서구 서달로130번길 4,유치원,공립(병설),2025년 1차 공시,https://e-childschoolinfo.moe.go.kr/,local_name_establishment_date,8.0,15.0,available,official_disclosure,서구
KLOCAL-2e27b0337e9883ca,인천귤현초등학교병설유치원,37.56849385,126.748676,인천광역시 계양구 귤현길 15,유치원,공립(병설),2025년 1차 공시,https://e-childschoolinfo.moe.go.kr/,local_name_establishment_date,13.0,30.0,available,official_disclosure,계양구
KLOCAL-2ee6cf805dfe4f3f,인천미산초등학교병설유치원,37.50454062,126.7098014,인천광역시 부평구 원적로 391,유치원,공립(병설),2025년 1차 공시,https://e-childschoolinfo.moe.go.kr/,local_name_establishment_date,3.0,15.0,available,official_disclosure,부평구
KLOCAL-2eee87a9fad3f959,인천가석초등학교병설유치원,37.51475728,126.6796755,인천광역시 서구 서달로 174,유치원,공립(병설),2025년 1차 공시,https://e-childschoolinfo.moe.go.kr/,local_name_establishment_date,15.0,38.0,available,official_disclosure,서구
KLOCAL-2f487e44a994a758,성심유치원,37.49861995,126.7281082,인천광역시 부평구 부흥로 323,유치원,사립(법인),2025년 1차 공시,https://e-childschoolinfo.moe.go.kr/,local_name_establishment_date,43.0,150.0,available,official_disclosure,부평구
KLOCAL-314ae4685daf3578,이든유치원,37.50079445,126.740217,인천광역시 부평구 부개로 58,유치원,사립(사인),2025년 1차 공시,https://e-childschoolinfo.moe.go.kr/,local_name_establishment_date,160.0,160.0,available,official_disclosure,부평구
KLOCAL-3267d41d2d4da711,프라임예지유치원,37.39353883,126.7285925,인천광역시 남동구 에코중앙로 192,유치원,사립(사인),2025년 1차 공시,https://e-childschoolinfo.moe.go.kr/,local_name_establishment_date,321.0,491.0,available,official_disclosure,남동구
KLOCAL-32d3ae6b63e1b618,인천동춘초등학교병설유치원,37.40960392,126.6683881,인천광역시 연수구 앵고개로 224,유치원,공립(병설),2025년 1차 공시,https://e-childschoolinfo.moe.go.kr/,local_name_establishment_date,17.0,48.0,available,official_disclosure,연수구
KLOCAL-334e28e4065f3ab6,강화초등학교병설유치원,37.75122294,126.4853914,인천광역시 강화군 북문길 36,유치원,공립(병설),2025년 1차 공시,https://e-childschoolinfo.moe.go.kr/,local_name_establishment_date,3.0,14.0,available,official_disclosure,강화군
KLOCAL-33bfc1608850fe4f,산새소리유치원,37.47713351,126.6477041,인천광역시 동구 송림로117번길 6,유치원,사립(사인),2025년 1차 공시,https://e-childschoolinfo.moe.go.kr/,local_name_establishment_date,19.0,217.0,available,official_disclosure,동구
KLOCAL-34cd4a3c1e5df434,인천창영초등학교병설유치원,37.47186486,126.6394562,인천광역시 동구 우각로15번길 16,유치원,공립(병설),2025년 1차 공시,https://e-childschoolinfo.moe.go.kr/,local_name_establishment_date,3.0,15.0,available,official_disclosure,동구
KLOCAL-34fbb34c9c9f34c7,에듀피아유치원,37.43033437,126.7507768,인천광역시 남동구 장아산로232번길 16-5,유치원,사립(법인),2025년 1차 공시,https://e-childschoolinfo.moe.go.kr/,local_name_establishment_date,303.0,426.0,available,official_disclosure,남동구
KLOCAL-3604491d53b601b4,한빛유치원,37.4999012998257,126.706373246321,인천광역시 부평구 부흥로123번길 36,유치원,사립(사인),2025년 1차 공시,https://e-childschoolinfo.moe.go.kr/,local_name_establishment_date,61.0,0.0,available,Kakao address geocode; invalid original coordinates replaced,부평구
KLOCAL-369a4964372d4b20,신명유치원,37.45255104,126.734473,인천광역시 남동구 백범로101번길 25,유치원,사립(사인),2025년 1차 공시,https://e-childschoolinfo.moe.go.kr/,local_name_establishment_date,80.0,139.0,available,official_disclosure,남동구
KLOCAL-36fdf3552e15dcd7,인천동암초등학교병설유치원,37.471897,126.7071751,인천광역시 부평구 동암남로35번길 4,유치원,공립(병설),2025년 1차 공시,https://e-childschoolinfo.moe.go.kr/,local_name_establishment_date,3.0,15.0,available,official_disclosure,부평구
KLOCAL-380ee7c054fafc91,인천서흥초등학교병설유치원,37.47952711,126.6446593,인천광역시 동구 샛골로 189,유치원,공립(병설),2025년 1차 공시,https://e-childschoolinfo.moe.go.kr/,local_name_establishment_date,5.0,15.0,available,official_disclosure,동구
KLOCAL-382a4eb638edccdb,인천능내초등학교병설유치원,37.60289492,126.6658687,인천광역시 서구 검단로540번길 23,유치원,공립(병설),2025년 1차 공시,https://e-childschoolinfo.moe.go.kr/,local_name_establishment_date,7.0,19.0,available,official_disclosure,서구
KLOCAL-394d164ed7bec392,인천도림초등학교병설유치원,37.41923131,126.7317971,인천광역시 남동구 논고개로334번길 21,유치원,공립(병설),2025년 1차 공시,https://e-childschoolinfo.moe.go.kr/,local_name_establishment_date,25.0,36.0,available,official_disclosure,남동구
KLOCAL-3a53daf795aebc01,프렌즈유치원,37.512578,126.723287,인천광역시 부평구 주부토로 201,유치원,사립(사인),2025년 1차 공시,https://e-childschoolinfo.moe.go.kr/,local_name_establishment_date,96.0,96.0,available,official_disclosure,부평구
KLOCAL-3a978356c1843ba3,경희유치원,37.43863139,126.718626,인천광역시 남동구 찬우물로 9-3,유치원,사립(사인),2025년 1차 공시,https://e-childschoolinfo.moe.go.kr/,local_name_establishment_date,186.0,240.0,available,official_disclosure,남동구
KLOCAL-3c0aa6a5169882ee,한울유치원,37.58893023,126.6756855,인천광역시 서구 서곶로 818,유치원,사립(사인),2025년 1차 공시,https://e-childschoolinfo.moe.go.kr/,local_name_establishment_date,154.0,210.0,available,official_disclosure,서구
KLOCAL-3c356c0a84207416,내가초등학교병설유치원,37.72159668,126.3902864,인천광역시 강화군 강화서로 264,유치원,공립(병설),2025년 1차 공시,https://e-childschoolinfo.moe.go.kr/,local_name_establishment_date,8.0,14.0,available,official_disclosure,강화군
KLOCAL-3c3f330218751057,인천가림초등학교병설유치원,37.49058307,126.6810497,인천광역시 서구 장고개로293번길 29,유치원,공립(병설),2025년 1차 공시,https://e-childschoolinfo.moe.go.kr/,local_name_establishment_date,17.0,34.0,available,official_disclosure,서구
KLOCAL-3caa8d6f764b16f7,인천하늘초등학교병설유치원,37.49792717,126.5579454,인천광역시 중구 은하수로 294,유치원,공립(병설),2025년 1차 공시,https://e-childschoolinfo.moe.go.kr/,local_name_establishment_date,48.0,48.0,available,official_disclosure,중구
KLOCAL-3e73ad45d397e6b0,세라유치원,37.55955936,126.653825,인천광역시 서구 경서로 80,유치원,사립(사인),2025년 1차 공시,https://e-childschoolinfo.moe.go.kr/,local_name_establishment_date,247.0,247.0,available,official_disclosure,서구
KLOCAL-3e7958b6a4d50a61,정민유치원,37.50042332,126.7040354,인천광역시 부평구 부흥로111번길 51,유치원,사립(사인),2025년 1차 공시,https://e-childschoolinfo.moe.go.kr/,local_name_establishment_date,157.0,172.0,available,official_disclosure,부평구
KLOCAL-3e82cc8bc9518c92,은하유치원,37.59583354,126.6740157,인천광역시 서구 완정로10번길 20,유치원,사립(사인),2025년 1차 공시,https://e-childschoolinfo.moe.go.kr/,local_name_establishment_date,188.0,224.0,available,official_disclosure,서구
KLOCAL-410831a720cf17a1,햇살유치원,37.50585156,126.7097254,인천광역시 부평구 안남로 260,유치원,사립(사인),2025년 1차 공시,https://e-childschoolinfo.moe.go.kr/,local_name_establishment_date,121.0,121.0,available,official_disclosure,부평구
KLOCAL-4108c0d137704c8c,인천용마초등학교병설유치원,37.51578599,126.7071447,인천광역시 부평구 세월천로30번길 58,유치원,공립(병설),2025년 1차 공시,https://e-childschoolinfo.moe.go.kr/,local_name_establishment_date,18.0,36.0,available,official_disclosure,부평구
KLOCAL-41ab9125b086444d,유엔유치원,37.41343662,126.6179002,인천광역시 연수구 랜드마크로 113,유치원,사립(사인),2025년 1차 공시,https://e-childschoolinfo.moe.go.kr/,local_name_establishment_date,370.0,370.0,available,official_disclosure,연수구
KLOCAL-41f63dbead90187b,금호유치원,37.45034214,126.6318707,인천광역시 미추홀구 매소홀로 54,유치원,사립(사인),2025년 1차 공시,https://e-childschoolinfo.moe.go.kr/,local_name_establishment_date,142.0,142.0,available,official_disclosure,미추홀구
KLOCAL-432cd97ec470568e,예일유치원,37.49308503,126.6858499,인천광역시 서구 장고개로337번길 12,유치원,사립(사인),2025년 1차 공시,https://e-childschoolinfo.moe.go.kr/,local_name_establishment_date,166.0,187.0,available,official_disclosure,서구
KLOCAL-439127f6b925d297,인천장아초등학교병설유치원,37.42451149,126.7536905,인천광역시 남동구 서창방산로 93,유치원,공립(병설),2025년 1차 공시,https://e-childschoolinfo.moe.go.kr/,local_name_establishment_date,41.0,65.0,available,official_disclosure,남동구
KLOCAL-43e30ed66f88da53,인천부개초등학교병설유치원,37.48566159,126.7382914,인천광역시 부평구 마분로 9,유치원,공립(병설),2025년 1차 공시,https://e-childschoolinfo.moe.go.kr/,local_name_establishment_date,11.0,15.0,available,official_disclosure,부평구
KLOCAL-43f7ad8ac4fd97b4,새인예유치원,37.45362772,126.6950683,인천광역시 남동구 구월남로 52-1,유치원,사립(사인),2025년 1차 공시,https://e-childschoolinfo.moe.go.kr/,local_name_establishment_date,60.0,70.0,available,official_disclosure,남동구
KLOCAL-449480036ac79522,해승유치원,37.44288996,126.6753311,인천광역시 미추홀구 학익소로61번길 93,유치원,사립(사인),2025년 1차 공시,https://e-childschoolinfo.moe.go.kr/,local_name_establishment_date,91.0,120.0,available,official_disclosure,미추홀구
KLOCAL-449fffc16f64b212,북포초등학교병설유치원,37.95881414,124.6608253,인천광역시 옹진군 가을길 117,유치원,공립(병설),2025년 1차 공시,https://e-childschoolinfo.moe.go.kr/,local_name_establishment_date,3.0,18.0,available,official_disclosure,옹진군
KLOCAL-45fd24312e405c2b,영흥초등학교병설유치원,37.25471386,126.4670302,인천광역시 옹진군 영흥로 440-8,유치원,공립(병설),2025년 1차 공시,https://e-childschoolinfo.moe.go.kr/,local_name_establishment_date,8.0,14.0,available,official_disclosure,옹진군
KLOCAL-4738008fa5ece47e,인천서림초등학교병설유치원,37.47538014,126.6471692,인천광역시 동구 금곡로 105,유치원,공립(병설),2025년 1차 공시,https://e-childschoolinfo.moe.go.kr/,local_name_establishment_date,14.0,34.0,available,official_disclosure,동구
KLOCAL-492e9aeb4ad8b6e1,인천남부초등학교이작분교장병설유치원,37.17676235,126.2527598,인천광역시 옹진군 자월면 대이작로 60,유치원,공립(병설),2025년 1차 공시,https://e-childschoolinfo.moe.go.kr/,local_name_establishment_date,1.0,14.0,available,official_disclosure,옹진군
KLOCAL-4a0dd0e09f7c170a,복자유치원,37.45891018,126.7231619,인천광역시 남동구 백범로247번길 47-23,유치원,사립(법인),2025년 1차 공시,https://e-childschoolinfo.moe.go.kr/,local_name_establishment_date,109.0,350.0,available,official_disclosure,남동구
KLOCAL-4a424ece4c3030f0,인천초은초등학교병설유치원,37.52842328,126.6558481,인천광역시 서구 청라에메랄드로 33,유치원,공립(병설),2025년 1차 공시,https://e-childschoolinfo.moe.go.kr/,local_name_establishment_date,59.0,60.0,available,official_disclosure,서구
KLOCAL-4c7d06e164ffce6c,인천은지초등학교병설유치원,37.56470036,126.6849903,인천광역시 서구 승학로572번길 22,유치원,공립(병설),2025년 1차 공시,https://e-childschoolinfo.moe.go.kr/,local_name_establishment_date,28.0,48.0,available,official_disclosure,서구
KLOCAL-4d24c45e629f00af,수피아유치원,37.43764582,126.7214347,인천광역시 남동구 찬우물로29번길 12,유치원,사립(사인),2025년 1차 공시,https://e-childschoolinfo.moe.go.kr/,local_name_establishment_date,184.0,320.0,available,official_disclosure,남동구
KLOCAL-4d4340c9fc828cb1,동심유치원,37.50225952,126.7122607,인천광역시 부평구 원적로416번길 38,유치원,사립(사인),2025년 1차 공시,https://e-childschoolinfo.moe.go.kr/,local_name_establishment_date,140.0,252.0,available,official_disclosure,부평구
KLOCAL-4db1d0730f341b82,반디유치원,37.42927647,126.7438878,인천광역시 남동구 서창남순환로 124,유치원,사립(사인),2025년 1차 공시,https://e-childschoolinfo.moe.go.kr/,local_name_establishment_date,208.0,346.0,available,official_disclosure,남동구
KLOCAL-4dfa29d594589afd,인천명현초등학교병설유치원,37.53196289,126.7126133,인천광역시 계양구 봉오대로569번길 10,유치원,공립(병설),2025년 1차 공시,https://e-childschoolinfo.moe.go.kr/,local_name_establishment_date,14.0,36.0,available,official_disclosure,계양구
KLOCAL-4eab697aec7ffe81,인천송명초등학교병설유치원,37.37448467,126.6560968,인천광역시 연수구 송도교육로 19,유치원,공립(병설),2025년 1차 공시,https://e-childschoolinfo.moe.go.kr/,local_name_establishment_date,48.0,48.0,available,official_disclosure,연수구
KLOCAL-4fc071e233a4b10e,보나유치원,37.52968564,126.7403402,인천광역시 계양구 효서로 393,유치원,사립(사인),2025년 1차 공시,https://e-childschoolinfo.moe.go.kr/,local_name_establishment_date,154.0,276.0,available,official_disclosure,계양구
KLOCAL-4ff73e805db03cdf,인천한별초등학교병설유치원,37.59761635,126.7066281,인천광역시 서구 서로3로 201,유치원,공립(병설),2025년 1차 공시,https://e-childschoolinfo.moe.go.kr/,local_name_establishment_date,63.0,67.0,available,official_disclosure,서구
KLOCAL-50565bd642260910,솔빛유치원,37.48030616,126.636645,인천광역시 동구 화수로 2,유치원,사립(사인),2025년 1차 공시,https://e-childschoolinfo.moe.go.kr/,local_name_establishment_date,103.0,168.0,available,official_disclosure,동구
KLOCAL-51c6dc17a37cef2b,마니산유치원,37.65365313,126.4376274,인천광역시 강화군 강화남로 510-1,유치원,공립(단설),2025년 1차 공시,https://e-childschoolinfo.moe.go.kr/,local_name_establishment_date,42.0,79.0,available,official_disclosure,강화군
KLOCAL-528dcc8ceefc1f83,인천금마초등학교병설유치원,37.47848516,126.7492925,인천광역시 부평구 일신로 88,유치원,공립(병설),2025년 1차 공시,https://e-childschoolinfo.moe.go.kr/,local_name_establishment_date,2.0,15.0,available,official_disclosure,부평구
KLOCAL-5291bdaab4f312eb,한울유치원,37.47681331,126.6353916,인천광역시 동구 솔빛로 17,유치원,사립(사인),2025년 1차 공시,https://e-childschoolinfo.moe.go.kr/,local_name_establishment_date,102.0,184.0,available,official_disclosure,동구
KLOCAL-549b4c127ea514d3,인천부광초등학교병설유치원,37.49907592,126.7366908,인천광역시 부평구 충선로 104,유치원,공립(병설),2025년 1차 공시,https://e-childschoolinfo.moe.go.kr/,local_name_establishment_date,5.0,15.0,available,official_disclosure,부평구
KLOCAL-54a88136cf70c698,잠두유치원,37.74489516,126.4819209,인천광역시 강화군 청하동길 36,유치원,사립(법인),2025년 1차 공시,https://e-childschoolinfo.moe.go.kr/,local_name_establishment_date,49.0,110.0,available,official_disclosure,강화군
KLOCAL-55058525ba8494ab,인천원당초등학교병설유치원,37.59258543,126.6912342,인천광역시 서구 원당대로820번길 16,유치원,공립(병설),2025년 1차 공시,https://e-childschoolinfo.moe.go.kr/,local_name_establishment_date,25.0,48.0,available,official_disclosure,서구
KLOCAL-55f85ae587a7a257,인천청람초등학교병설유치원,37.53869664,126.6453131,인천광역시 서구 청라커낼로 336,유치원,공립(병설),2025년 1차 공시,https://e-childschoolinfo.moe.go.kr/,local_name_establishment_date,39.0,67.0,available,official_disclosure,서구
KLOCAL-56a50a91ae4989cb,예소담유치원,37.56200195,126.7555736,인천광역시 계양구 양지말2길 7,유치원,사립(사인),2025년 1차 공시,https://e-childschoolinfo.moe.go.kr/,local_name_establishment_date,100.0,154.0,available,official_disclosure,계양구
KLOCAL-5797361de35b1d37,작은꽃예능유치원,37.41137984,126.6695893,인천광역시 연수구 먼우금로 123,유치원,사립(사인),2025년 1차 공시,https://e-childschoolinfo.moe.go.kr/,local_name_establishment_date,99.0,149.0,available,official_disclosure,연수구
KLOCAL-58a55d858149cfe9,노벨유치원,37.45422759,126.6397403,인천광역시 미추홀구 낙섬중로 74,유치원,사립(사인),2025년 1차 공시,https://e-childschoolinfo.moe.go.kr/,local_name_establishment_date,70.0,105.0,available,official_disclosure,미추홀구
KLOCAL-590c99bb86999b08,무지개유치원,37.49210783,126.4844801,인천광역시 중구 눈돌로 35,유치원,사립(사인),2025년 1차 공시,https://e-childschoolinfo.moe.go.kr/,local_name_establishment_date,227.0,244.0,available,official_disclosure,중구
KLOCAL-59488b5f10bd36dd,참빛유치원,37.45834004,126.6659619,인천광역시 미추홀구 수봉로135번길 31,유치원,사립(사인),2025년 1차 공시,https://e-childschoolinfo.moe.go.kr/,local_name_establishment_date,77.0,144.0,available,official_disclosure,미추홀구
KLOCAL-5a6e8949c07c2398,인천미송초등학교병설유치원,37.41477678,126.6133521,인천광역시 연수구 아카데미로 667,유치원,공립(병설),2025년 1차 공시,https://e-childschoolinfo.moe.go.kr/,local_name_establishment_date,84.0,84.0,available,official_disclosure,연수구
KLOCAL-5af4890425fbff3c,선원초등학교병설유치원,37.71537215,126.4794419,인천광역시 강화군 강화동로 924,유치원,공립(병설),2025년 1차 공시,https://e-childschoolinfo.moe.go.kr/,local_name_establishment_date,23.0,45.0,available,official_disclosure,강화군
KLOCAL-5b76fc7bb28b95d2,인천부원초등학교병설유치원,37.5025373,126.7194822,인천광역시 부평구 원적로472번길 29,유치원,공립(병설),2025년 1차 공시,https://e-childschoolinfo.moe.go.kr/,local_name_establishment_date,22.0,52.0,available,official_disclosure,부평구
KLOCAL-5d2374027a21efe0,인천길주초등학교병설유치원,37.54202089,126.7427888,인천광역시 계양구 용종로 90,유치원,공립(병설),2025년 1차 공시,https://e-childschoolinfo.moe.go.kr/,local_name_establishment_date,25.0,36.0,available,official_disclosure,계양구
KLOCAL-5d9f2a6b9a4b2843,그림나라유치원,37.4370892,126.6838196,인천광역시 미추홀구 소성로332번길 10,유치원,사립(사인),2025년 1차 공시,https://e-childschoolinfo.moe.go.kr/,local_name_establishment_date,88.0,160.0,available,official_disclosure,미추홀구
KLOCAL-5ef1a9f30587f281,한빛유치원,37.44250202,126.6608105,인천광역시 미추홀구 소성로 120,유치원,사립(사인),2025년 1차 공시,https://e-childschoolinfo.moe.go.kr/,local_name_establishment_date,133.0,134.0,available,official_disclosure,미추홀구
KLOCAL-5f31278c2ab82f0a,아림유치원,37.49556258,126.690799,인천광역시 서구 장고개로 375-11,유치원,사립(사인),2025년 1차 공시,https://e-childschoolinfo.moe.go.kr/,local_name_establishment_date,199.0,224.0,available,official_disclosure,서구
KLOCAL-5f898a9cc2711bd4,참아름유치원,37.42428936,126.6440623,인천광역시 연수구 능허대로79번길 30,유치원,사립(사인),2025년 1차 공시,https://e-childschoolinfo.moe.go.kr/,local_name_establishment_date,156.0,210.0,available,official_disclosure,연수구
KLOCAL-61114cb3327df41f,인천첨단초등학교병설유치원,37.37314427,126.6549363,인천광역시 연수구 송도교육로 20,유치원,공립(병설),2025년 1차 공시,https://e-childschoolinfo.moe.go.kr/,local_name_establishment_date,84.0,84.0,available,official_disclosure,연수구
KLOCAL-6228323dae5693ee,인천가원초등학교병설유치원,37.52921835,126.6641201,인천광역시 서구 청중로478번길 6,유치원,공립(병설),2025년 1차 공시,https://e-childschoolinfo.moe.go.kr/,local_name_establishment_date,83.0,88.0,available,official_disclosure,서구
KLOCAL-624dd65d9a69a6fd,홍익유치원,37.50737764,126.7155553,인천광역시 부평구 길주로494번길 12,유치원,사립(사인),2025년 1차 공시,https://e-childschoolinfo.moe.go.kr/,local_name_establishment_date,63.0,99.0,available,official_disclosure,부평구
KLOCAL-63399426933f9ae4,동화나라유치원,37.40175348,126.669979,인천광역시 연수구 원인재로 14,유치원,사립(사인),2025년 1차 공시,https://e-childschoolinfo.moe.go.kr/,local_name_establishment_date,83.0,160.0,available,official_disclosure,연수구
KLOCAL-65f18e0f28637028,미상지유치원,37.41826437,126.6733043,인천광역시 연수구 용담로62번길 14,유치원,사립(사인),2025년 1차 공시,https://e-childschoolinfo.moe.go.kr/,local_name_establishment_date,153.0,180.0,available,official_disclosure,연수구
KLOCAL-660f3e0dcf70c20f,새한신유치원,37.48954072,126.6860792,인천광역시 서구 여우재로 129,유치원,사립(사인),2025년 1차 공시,https://e-childschoolinfo.moe.go.kr/,local_name_establishment_date,170.0,170.0,available,official_disclosure,서구
KLOCAL-6676c2bcefece192,새싹유치원,37.41733349,126.6540963,인천광역시 연수구 청량로109번길 22,유치원,사립(사인),2025년 1차 공시,https://e-childschoolinfo.moe.go.kr/,local_name_establishment_date,109.0,210.0,available,official_disclosure,연수구
KLOCAL-66a6f76a70617813,용화유치원,37.46820178,126.6818333,인천광역시 미추홀구 주염로 29,유치원,사립(법인),2025년 1차 공시,https://e-childschoolinfo.moe.go.kr/,local_name_establishment_date,88.0,192.0,available,official_disclosure,미추홀구
KLOCAL-672f25c7875a43e6,덕적초등학교병설유치원,37.22577495,126.1475736,인천광역시 옹진군 덕적남로 15,유치원,공립(병설),2025년 1차 공시,https://e-childschoolinfo.moe.go.kr/,local_name_establishment_date,5.0,14.0,available,official_disclosure,옹진군
KLOCAL-674ef65b6f0d148e,코끼리유치원,37.73687764,126.4821144,인천광역시 강화군 충렬사로 52-2,유치원,사립(법인),2025년 1차 공시,https://e-childschoolinfo.moe.go.kr/,local_name_establishment_date,89.0,132.0,available,official_disclosure,강화군
KLOCAL-67e0c5eb116913d6,소담숲유치원,37.45719092,126.7107267,인천광역시 남동구 남동대로 860-1,유치원,사립(사인),2025년 1차 공시,https://e-childschoolinfo.moe.go.kr/,local_name_establishment_date,136.0,147.0,available,official_disclosure,남동구
KLOCAL-67f73dfaccf6c54c,하점초등학교병설유치원,37.77415761,126.4129788,인천광역시 강화군 강화대로 1190,유치원,공립(병설),2025년 1차 공시,https://e-childschoolinfo.moe.go.kr/,local_name_establishment_date,6.0,14.0,available,official_disclosure,강화군
KLOCAL-696372f793199769,예지유치원,37.61691508,126.6917781,인천광역시 서구 검단로 836,유치원,사립(사인),2025년 1차 공시,https://e-childschoolinfo.moe.go.kr/,local_name_establishment_date,178.0,178.0,available,official_disclosure,서구
KLOCAL-6a49f1cfda01f663,인천별빛초등학교병설유치원,37.49085216,126.5508076,인천광역시 중구 은하수로 402,유치원,공립(병설),2025년 1차 공시,https://e-childschoolinfo.moe.go.kr/,local_name_establishment_date,63.0,67.0,available,official_disclosure,중구
KLOCAL-6ab54af3a2193b78,인천양지초등학교병설유치원,37.54002493,126.6711942,인천광역시 서구 승학로197번길 11,유치원,공립(병설),2025년 1차 공시,https://e-childschoolinfo.moe.go.kr/,local_name_establishment_date,17.0,34.0,available,official_disclosure,서구
KLOCAL-6c86da3feb44d69f,인천미송유치원,37.41350307,126.6136442,인천광역시 연수구 아카데미로 655,유치원,공립(단설),2025년 1차 공시,https://e-childschoolinfo.moe.go.kr/,local_name_establishment_date,276.0,288.0,available,official_disclosure,연수구
KLOCAL-6cc247e473a0dd94,인보유치원,37.42136568,126.6958744,인천광역시 연수구 원인재로 312,유치원,사립(사인),2025년 1차 공시,https://e-childschoolinfo.moe.go.kr/,local_name_establishment_date,49.0,120.0,available,official_disclosure,연수구
KLOCAL-6daf1b262c32a08c,동심유치원,37.4480341,126.704812,인천광역시 남동구 성말로35번길 61,유치원,사립(사인),2025년 1차 공시,https://e-childschoolinfo.moe.go.kr/,local_name_establishment_date,120.0,308.0,available,official_disclosure,남동구
KLOCAL-6ea342592d10ee06,한샘유치원,37.5163642,126.6649651,인천광역시 서구 율도로15번길 26-9,유치원,사립(사인),2025년 1차 공시,https://e-childschoolinfo.moe.go.kr/,local_name_establishment_date,141.0,172.0,available,official_disclosure,서구
KLOCAL-6f2e5971d64c0765,인천장서초등학교병설유치원,37.42921718,126.745328,인천광역시 남동구 서창남순환로 109,유치원,공립(병설),2025년 1차 공시,https://e-childschoolinfo.moe.go.kr/,local_name_establishment_date,63.0,79.0,available,official_disclosure,남동구
KLOCAL-6fa4617437939184,꿈드림유치원,37.4882261,126.6836615,인천광역시 서구 장고개로280번길 7-1,유치원,사립(사인),2025년 1차 공시,https://e-childschoolinfo.moe.go.kr/,local_name_establishment_date,63.0,80.0,available,official_disclosure,서구
KLOCAL-700c16dffdf23664,청학숲유치원,37.43126789,126.6654373,인천광역시 연수구 청학로 49,유치원,사립(사인),2025년 1차 공시,https://e-childschoolinfo.moe.go.kr/,local_name_establishment_date,272.0,390.0,available,official_disclosure,연수구
KLOCAL-70a3bf4262c4bc52,세종유치원,37.45593735,126.637624,인천광역시 미추홀구 낙섬서로 77,유치원,사립(사인),2025년 1차 공시,https://e-childschoolinfo.moe.go.kr/,local_name_establishment_date,105.0,107.0,available,official_disclosure,미추홀구
KLOCAL-710c5518488064ab,인천당하초등학교병설유치원,37.59022988,126.6780023,인천광역시 서구 청마로 144,유치원,공립(병설),2025년 1차 공시,https://e-childschoolinfo.moe.go.kr/,local_name_establishment_date,7.0,19.0,available,official_disclosure,서구
KLOCAL-7268e62cbbfb14b0,인천부평동초등학교병설유치원,37.4999443,126.723886,인천광역시 부평구 부평대로88번길 19,유치원,공립(병설),2025년 1차 공시,https://e-childschoolinfo.moe.go.kr/,local_name_establishment_date,15.0,36.0,available,official_disclosure,부평구
KLOCAL-72698116ed206e92,프라임건영유치원,37.45746615,126.6720455,인천광역시 미추홀구 남주길11번길 79,유치원,사립(법인),2025년 1차 공시,https://e-childschoolinfo.moe.go.kr/,local_name_establishment_date,85.0,122.0,available,official_disclosure,미추홀구
KLOCAL-72edaafd1436ee88,인천용학초등학교병설유치원,37.44676348,126.6434992,인천광역시 미추홀구 용정공원로83번길 9,유치원,공립(병설),2025년 1차 공시,https://e-childschoolinfo.moe.go.kr/,local_name_establishment_date,83.0,84.0,available,official_disclosure,미추홀구
KLOCAL-73ccc783a23f0675,인천송현초등학교병설유치원,37.48208663,126.6333642,인천광역시 동구 송화로 45,유치원,공립(병설),2025년 1차 공시,https://e-childschoolinfo.moe.go.kr/,local_name_establishment_date,6.0,15.0,available,official_disclosure,동구
KLOCAL-7463c2756c15c1d3,명신초등학교병설유치원,37.74460985,126.3896781,인천광역시 강화군 강화서로560번길 22,유치원,공립(병설),2025년 1차 공시,https://e-childschoolinfo.moe.go.kr/,local_name_establishment_date,1.0,14.0,available,official_disclosure,강화군
KLOCAL-74d6accdee6575bd,인천연안초등학교병설유치원,37.45368752,126.6076254,인천광역시 중구 연안부두로33번길 53,유치원,공립(병설),2025년 1차 공시,https://e-childschoolinfo.moe.go.kr/,local_name_establishment_date,27.0,48.0,available,official_disclosure,중구
KLOCAL-7738df6499839a0d,인천부개서초등학교병설유치원,37.48990126,126.7351814,인천광역시 부평구 부일로 39,유치원,공립(병설),2025년 1차 공시,https://e-childschoolinfo.moe.go.kr/,local_name_establishment_date,10.0,15.0,available,official_disclosure,부평구
KLOCAL-778bc903de10783e,연수유치원,37.41953773,126.6835136,인천광역시 연수구 새말로 111,유치원,사립(사인),2025년 1차 공시,https://e-childschoolinfo.moe.go.kr/,local_name_establishment_date,99.0,156.0,available,official_disclosure,연수구
KLOCAL-77ee1fd2c433efee,소명유치원,37.45218468,126.6410398,인천광역시 미추홀구 낙섬동로 71-1,유치원,사립(사인),2025년 1차 공시,https://e-childschoolinfo.moe.go.kr/,local_name_establishment_date,163.0,180.0,available,official_disclosure,미추홀구
KLOCAL-78746bcfc6086f14,인천청천초등학교병설유치원,37.52047046,126.7003899,인천광역시 부평구 산청로127번길 10,유치원,공립(병설),2025년 1차 공시,https://e-childschoolinfo.moe.go.kr/,local_name_establishment_date,54.0,64.0,available,official_disclosure,부평구
KLOCAL-78df8739d8df4799,인천학익초등학교병설유치원,37.44655727,126.6582866,인천광역시 미추홀구 한나루로403번길 122,유치원,공립(병설),2025년 1차 공시,https://e-childschoolinfo.moe.go.kr/,local_name_establishment_date,5.0,36.0,available,official_disclosure,미추홀구
KLOCAL-795e68028ccfe327,인천굴포초등학교병설유치원,37.51102655,126.7369234,인천광역시 부평구 충선로234번길 19,유치원,공립(병설),2025년 1차 공시,https://e-childschoolinfo.moe.go.kr/,local_name_establishment_date,36.0,52.0,available,official_disclosure,부평구
KLOCAL-799d3765effdf6c9,The큰빛유치원,37.50330095,126.7284326,인천광역시 부평구 장제로195번길 42,유치원,사립(사인),2025년 1차 공시,https://e-childschoolinfo.moe.go.kr/,local_name_establishment_date,247.0,247.0,available,official_disclosure,부평구
KLOCAL-7a8ef99aafe1ff7b,예빛유치원,37.55553112,126.6562528,인천광역시 서구 경서로32번길 18,유치원,사립(사인),2025년 1차 공시,https://e-childschoolinfo.moe.go.kr/,local_name_establishment_date,163.0,182.0,available,official_disclosure,서구
KLOCAL-7b4637c902db7d09,아이사랑유치원,37.55789385,126.6727314,인천광역시 서구 도요지로201번길 12,유치원,사립(사인),2025년 1차 공시,https://e-childschoolinfo.moe.go.kr/,local_name_establishment_date,247.0,249.0,available,official_disclosure,서구
KLOCAL-7b7d4c15574d22f9,인천이음초등학교병설유치원,37.59878792,126.7121218,인천광역시 서구 이음1로 447,유치원,공립(병설),2025년 1차 공시,https://e-childschoolinfo.moe.go.kr/,local_name_establishment_date,92.0,96.0,available,official_disclosure,서구
KLOCAL-7be51d44cb858bb5,인천검단나래유치원,37.61075392,126.6991162,인천광역시 서구 고산후로310번길 16,유치원,공립(단설),2025년 1차 공시,https://e-childschoolinfo.moe.go.kr/,local_name_establishment_date,228.0,240.0,available,official_disclosure,서구
KLOCAL-7c23e3e4581c56be,인천대화초등학교병설유치원,37.46902019,126.6685319,인천광역시 미추홀구 석정로301번길 13,유치원,공립(병설),2025년 1차 공시,https://e-childschoolinfo.moe.go.kr/,local_name_establishment_date,8.0,34.0,available,official_disclosure,미추홀구
KLOCAL-7cd8621a409ee80e,인천먼우금초등학교병설유치원,37.39330582,126.6541878,인천광역시 연수구 해돋이로84번길 33,유치원,공립(병설),2025년 1차 공시,https://e-childschoolinfo.moe.go.kr/,local_name_establishment_date,36.0,48.0,available,official_disclosure,연수구
KLOCAL-7d5c804848608a29,인천발산초등학교병설유치원,37.59017039,126.6987106,인천광역시 서구 고산후로78번길 6,유치원,공립(병설),2025년 1차 공시,https://e-childschoolinfo.moe.go.kr/,local_name_establishment_date,44.0,48.0,available,official_disclosure,서구
KLOCAL-7d6ec0482027aa78,인천예송유치원,37.38097299,126.6312661,인천광역시 연수구 컨벤시아대로302번길 23,유치원,공립(단설),2025년 1차 공시,https://e-childschoolinfo.moe.go.kr/,local_name_establishment_date,180.0,192.0,available,official_disclosure,연수구
KLOCAL-7db8731930533c91,서해유치원,37.53695921,126.7290353,인천광역시 계양구 계산로 152,유치원,사립(사인),2025년 1차 공시,https://e-childschoolinfo.moe.go.kr/,local_name_establishment_date,55.0,129.0,available,official_disclosure,계양구
KLOCAL-7de363a40d49f18a,인천안남초등학교병설유치원,37.5402453,126.7320485,인천광역시 계양구 경명대로1114번길 26,유치원,공립(병설),2025년 1차 공시,https://e-childschoolinfo.moe.go.kr/,local_name_establishment_date,12.0,48.0,available,official_disclosure,계양구
KLOCAL-7e04553d125db319,송현유치원,37.48337539,126.6348183,인천광역시 동구 화수로 40,유치원,사립(사인),2025년 1차 공시,https://e-childschoolinfo.moe.go.kr/,local_name_establishment_date,96.0,234.0,available,official_disclosure,동구
KLOCAL-7e2349d1d3ce7603,인천신현북초등학교병설유치원,37.51875553,126.6662524,인천광역시 서구 원창로 147,유치원,공립(병설),2025년 1차 공시,https://e-childschoolinfo.moe.go.kr/,local_name_establishment_date,6.0,15.0,available,official_disclosure,서구
KLOCAL-7e915f13c355f440,브레인유치원,37.40698972,126.7215636,인천광역시 남동구 논고개로175번길 22-9,유치원,사립(사인),2025년 1차 공시,https://e-childschoolinfo.moe.go.kr/,local_name_establishment_date,138.0,299.0,available,official_disclosure,남동구
KLOCAL-7eca59cf2b27adeb,인천서곶초등학교병설유치원,37.54784271,126.6694055,인천광역시 서구 대평로56번길 9,유치원,공립(병설),2025년 1차 공시,https://e-childschoolinfo.moe.go.kr/,local_name_establishment_date,15.0,34.0,available,official_disclosure,서구
KLOCAL-7f0082a29bbc1873,재능대학교부속유치원,37.4748411,126.6502911,인천광역시 동구 재능로 178,유치원,사립(법인),2025년 1차 공시,https://e-childschoolinfo.moe.go.kr/,local_name_establishment_date,173.0,210.0,available,official_disclosure,동구
KLOCAL-7f4baf8d3ec9cb63,숭의유치원,37.46064213,126.6450328,인천광역시 미추홀구 독배로 485,유치원,사립(법인),2025년 1차 공시,https://e-childschoolinfo.moe.go.kr/,local_name_establishment_date,76.0,88.0,available,official_disclosure,미추홀구
KLOCAL-8178a2810111b4ae,꿈의보람유치원,37.45181537,126.7175201,인천광역시 남동구 인주대로721번길 56,유치원,사립(사인),2025년 1차 공시,https://e-childschoolinfo.moe.go.kr/,local_name_establishment_date,63.0,74.0,available,official_disclosure,남동구
KLOCAL-8201dab80c4f4930,인천금곡초등학교병설유치원,37.60564087,126.6509005,인천광역시 서구 완정로228번길 19,유치원,공립(병설),2025년 1차 공시,https://e-childschoolinfo.moe.go.kr/,local_name_establishment_date,26.0,52.0,available,official_disclosure,서구
KLOCAL-820463ae379873df,노틀담유치원,37.5452484,126.7174622,인천광역시 계양구 계양산로35번길 12-37,유치원,사립(법인),2025년 1차 공시,https://e-childschoolinfo.moe.go.kr/,local_name_establishment_date,57.0,120.0,available,official_disclosure,계양구
KLOCAL-82eb89aae72bf48f,백령성모유치원,37.97278615,124.7198468,인천광역시 옹진군 백령로254번길 66,유치원,사립(법인),2025년 1차 공시,https://e-childschoolinfo.moe.go.kr/,local_name_establishment_date,13.0,70.0,available,official_disclosure,옹진군
KLOCAL-835ca4886f808119,인천용정초등학교병설유치원,37.45943725,126.6572348,인천광역시 미추홀구 독정안길 26,유치원,공립(병설),2025년 1차 공시,https://e-childschoolinfo.moe.go.kr/,local_name_establishment_date,10.0,15.0,available,official_disclosure,미추홀구
KLOCAL-85120f2449c7bce0,밀알유치원,37.4700519,126.6689975,인천광역시 미추홀구 장고개로42번길 42,유치원,사립(법인),2025년 1차 공시,https://e-childschoolinfo.moe.go.kr/,local_name_establishment_date,219.0,221.0,available,official_disclosure,미추홀구
KLOCAL-8550dfd9204474b8,프라임청라유치원,37.5393445,126.6429231,인천광역시 서구 청라한울로59번길 5,유치원,사립(사인),2025년 1차 공시,https://e-childschoolinfo.moe.go.kr/,local_name_establishment_date,265.0,337.0,available,official_disclosure,서구
KLOCAL-85f5756001b304e3,인천경원초등학교병설유치원,37.46129074,126.6956922,인천광역시 미추홀구 경인로 511,유치원,공립(병설),2025년 1차 공시,https://e-childschoolinfo.moe.go.kr/,local_name_establishment_date,16.0,36.0,available,official_disclosure,미추홀구
KLOCAL-860b4fda06d66205,진흥유치원,37.4457371,126.6817826,인천광역시 미추홀구 주승로 109,유치원,사립(사인),2025년 1차 공시,https://e-childschoolinfo.moe.go.kr/,local_name_establishment_date,112.0,127.0,available,official_disclosure,미추홀구
KLOCAL-8623b37927321be0,부광유치원,37.40947453,126.6796701,인천광역시 연수구 원인재로 124,유치원,사립(사인),2025년 1차 공시,https://e-childschoolinfo.moe.go.kr/,local_name_establishment_date,103.0,170.0,available,official_disclosure,연수구
KLOCAL-89210c1d0d118cbb,제니스유치원,37.42436733,126.7550469,인천광역시 남동구 서창방산로 99,유치원,사립(사인),2025년 1차 공시,https://e-childschoolinfo.moe.go.kr/,local_name_establishment_date,271.0,532.0,available,official_disclosure,남동구
KLOCAL-896263eeca0cb24e,인천화전유치원,37.52767437,126.7310888,인천광역시 계양구 효서로 314,유치원,공립(단설),2025년 1차 공시,https://e-childschoolinfo.moe.go.kr/,local_name_establishment_date,58.0,96.0,available,official_disclosure,계양구
KLOCAL-89a34f512aff0b8a,자유유치원,37.47838072,126.6223085,인천광역시 중구 자유공원로 105,유치원,공립(단설),2025년 1차 공시,https://e-childschoolinfo.moe.go.kr/,local_name_establishment_date,86.0,182.0,available,official_disclosure,중구
KLOCAL-89d5de40c657f713,인천송림초등학교병설유치원,37.47377103,126.6374351,인천광역시 동구 화도진로 10,유치원,공립(병설),2025년 1차 공시,https://e-childschoolinfo.moe.go.kr/,local_name_establishment_date,10.0,34.0,available,official_disclosure,동구
KLOCAL-89f989b3e811883f,산들유치원,37.56918927,126.7260751,인천광역시 계양구 역골로119번길 17,유치원,사립(사인),2025년 1차 공시,https://e-childschoolinfo.moe.go.kr/,local_name_establishment_date,161.0,170.0,available,official_disclosure,계양구
KLOCAL-8a9b86e4d794522b,꼬마정원유치원,37.59421911,126.6356066,인천광역시 서구 봉화로15번길 11-7,유치원,사립(사인),2025년 1차 공시,https://e-childschoolinfo.moe.go.kr/,local_name_establishment_date,181.0,300.0,available,official_disclosure,서구
KLOCAL-8ba02afc753343e4,인천신선초등학교병설유치원,37.45138742,126.6275639,인천광역시 중구 축항대로291번길 33,유치원,공립(병설),2025년 1차 공시,https://e-childschoolinfo.moe.go.kr/,local_name_establishment_date,30.0,48.0,available,official_disclosure,중구
KLOCAL-8dd20cefda1ca1a9,마리아유치원,37.54679452,126.7338668,인천광역시 계양구 임학서로42번길 17,유치원,사립(법인),2025년 1차 공시,https://e-childschoolinfo.moe.go.kr/,local_name_establishment_date,85.0,150.0,available,official_disclosure,계양구
KLOCAL-8e217d7a0b8a977c,무지개유치원,37.60665329,126.660761,인천광역시 서구 검단로487번길 52-1,유치원,사립(사인),2025년 1차 공시,https://e-childschoolinfo.moe.go.kr/,local_name_establishment_date,109.0,293.0,available,official_disclosure,서구
KLOCAL-8e56ade33984c867,인천축현초등학교병설유치원,37.42288473,126.6545728,인천광역시 연수구 청량로 176,유치원,공립(병설),2025년 1차 공시,https://e-childschoolinfo.moe.go.kr/,local_name_establishment_date,22.0,36.0,available,official_disclosure,연수구
KLOCAL-8ed8228b0a070bd1,꿈나라유치원,37.50782698,126.7098106,인천광역시 부평구 안남로 272,유치원,사립(사인),2025년 1차 공시,https://e-childschoolinfo.moe.go.kr/,local_name_establishment_date,116.0,170.0,available,official_disclosure,부평구
KLOCAL-8eecda5537debea3,인천신흥초등학교병설유치원,37.47024571,126.6282027,인천광역시 중구 제물량로 134,유치원,공립(병설),2025년 1차 공시,https://e-childschoolinfo.moe.go.kr/,local_name_establishment_date,17.0,34.0,available,official_disclosure,중구
KLOCAL-8f015ad565f90f24,인천가정초등학교병설유치원,37.49166426,126.6884331,인천광역시 서구 장고개로 336-1,유치원,공립(병설),2025년 1차 공시,https://e-childschoolinfo.moe.go.kr/,local_name_establishment_date,21.0,36.0,available,official_disclosure,서구
KLOCAL-92309078310854ad,인천소양초등학교병설유치원,37.556267976442,126.742556077166,인천광역시 계양구 박촌로 53,유치원,공립(병설),2025년 1차 공시,https://e-childschoolinfo.moe.go.kr/,local_name_establishment_date,6.0,0.0,available,Kakao address geocode; invalid original coordinates replaced,계양구
KLOCAL-93134beb67614dd4,아란유치원,37.49181183,126.7092632,인천광역시 부평구 안남로 91,유치원,사립(사인),2025년 1차 공시,https://e-childschoolinfo.moe.go.kr/,local_name_establishment_date,147.0,154.0,available,official_disclosure,부평구
KLOCAL-95018410bf5fd937,성바오로유치원,37.4523731,126.6598523,인천광역시 미추홀구 경인남길102번길 50,유치원,사립(법인),2025년 1차 공시,https://e-childschoolinfo.moe.go.kr/,local_name_establishment_date,127.0,210.0,available,official_disclosure,미추홀구
KLOCAL-960ae6297334b559,청라새싹유치원,37.54646678,126.6704245,인천광역시 서구 용두산로26번길 14-5,유치원,사립(사인),2025년 1차 공시,https://e-childschoolinfo.moe.go.kr/,local_name_establishment_date,348.0,350.0,available,official_disclosure,서구
KLOCAL-96cfe3734dfe7f6f,인천인동초등학교병설유치원,37.46282755,126.7224917,인천광역시 남동구 백범로248번길 38,유치원,공립(병설),2025년 1차 공시,https://e-childschoolinfo.moe.go.kr/,local_name_establishment_date,9.0,19.0,available,official_disclosure,남동구
KLOCAL-97068fb68321a483,예인유치원,37.59438769,126.6920968,인천광역시 서구 원당대로819번길 3,유치원,사립(사인),2025년 1차 공시,https://e-childschoolinfo.moe.go.kr/,local_name_establishment_date,273.0,311.0,available,official_disclosure,서구
KLOCAL-974da5ec0dd22c2e,국현유치원,37.45101979,126.6772203,인천광역시 미추홀구 미추홀대로597번길 42,유치원,사립(사인),2025년 1차 공시,https://e-childschoolinfo.moe.go.kr/,local_name_establishment_date,178.0,229.0,available,official_disclosure,미추홀구
KLOCAL-9c016d7615be25bf,연평초등학교병설유치원,37.66432188,125.7012726,인천광역시 옹진군 연평로137번길 101,유치원,공립(병설),2025년 1차 공시,https://e-childschoolinfo.moe.go.kr/,local_name_establishment_date,11.0,14.0,available,official_disclosure,옹진군
KLOCAL-9c183b9823ea39ea,리라유치원,37.59513154,126.6943762,인천광역시 서구 원당대로839번안길 6,유치원,사립(사인),2025년 1차 공시,https://e-childschoolinfo.moe.go.kr/,local_name_establishment_date,140.0,140.0,available,official_disclosure,서구
KLOCAL-9c3128f86f9e804f,청라유치원,37.52491368,126.6285764,인천광역시 서구 솔빛로 68,유치원,공립(단설),2025년 1차 공시,https://e-childschoolinfo.moe.go.kr/,local_name_establishment_date,130.0,144.0,available,official_disclosure,서구
KLOCAL-9caec56ae5d4653c,사랑샘유치원,37.59145809,126.6916612,인천광역시 서구 원당대로820번2길 5,유치원,사립(사인),2025년 1차 공시,https://e-childschoolinfo.moe.go.kr/,local_name_establishment_date,448.0,620.0,available,official_disclosure,서구
KLOCAL-9cedf6cf5469db38,인천봉화초등학교병설유치원,37.49567311,126.6703504,인천광역시 서구 건지로250번길 43,유치원,공립(병설),2025년 1차 공시,https://e-childschoolinfo.moe.go.kr/,local_name_establishment_date,13.0,36.0,available,official_disclosure,서구
KLOCAL-9d0fbf322e58c053,인천문학초등학교병설유치원,37.43953284,126.6825262,인천광역시 미추홀구 매소홀로 553,유치원,공립(병설),2025년 1차 공시,https://e-childschoolinfo.moe.go.kr/,local_name_establishment_date,6.0,15.0,available,official_disclosure,미추홀구
KLOCAL-9e1ecde17b4153f9,인천명선초등학교병설유치원,37.40258006,126.6474372,인천광역시 연수구 컨벤시아대로42번길 64,유치원,공립(병설),2025년 1차 공시,https://e-childschoolinfo.moe.go.kr/,local_name_establishment_date,48.0,48.0,available,official_disclosure,연수구
KLOCAL-9f6aa62c8072b43d,성아유치원,37.48312812,126.708973,인천광역시 부평구 마장로 48,유치원,사립(법인),2025년 1차 공시,https://e-childschoolinfo.moe.go.kr/,local_name_establishment_date,25.0,100.0,available,official_disclosure,부평구
KLOCAL-9fd7e2d0a4c711bb,해돋이유치원,37.46170439,126.7182447,인천광역시 남동구 백범로281번길 3,유치원,사립(사인),2025년 1차 공시,https://e-childschoolinfo.moe.go.kr/,local_name_establishment_date,9.0,111.0,available,official_disclosure,남동구
KLOCAL-a038d3e4ea578813,새빛솔금유치원,37.50828169,126.726076,인천광역시 부평구 주부토로 146,유치원,사립(사인),2025년 1차 공시,https://e-childschoolinfo.moe.go.kr/,local_name_establishment_date,104.0,170.0,available,official_disclosure,부평구
KLOCAL-a0b7cbe5a91d6fc3,프라임명지유치원,37.4679297,126.6923339,인천광역시 남동구 방축로 482,유치원,사립(사인),2025년 1차 공시,https://e-childschoolinfo.moe.go.kr/,local_name_establishment_date,130.0,268.0,available,official_disclosure,남동구
KLOCAL-a13112ed33df123c,인천서창초등학교병설유치원,37.43592732,126.7500724,인천광역시 남동구 장아산로174번길 8,유치원,공립(병설),2025년 1차 공시,https://e-childschoolinfo.moe.go.kr/,local_name_establishment_date,19.0,27.0,available,official_disclosure,남동구
KLOCAL-a13484cce102c7ad,부광예능유치원,37.40356692,126.6744728,인천광역시 연수구 원인재로 56,유치원,사립(사인),2025년 1차 공시,https://e-childschoolinfo.moe.go.kr/,local_name_establishment_date,71.0,135.0,available,official_disclosure,연수구
KLOCAL-a243e71bda61eb84,자연발도르프유치원,37.46154495,126.7159467,인천광역시 남동구 백범로297번길 26,유치원,사립(사인),2025년 1차 공시,https://e-childschoolinfo.moe.go.kr/,local_name_establishment_date,116.0,151.0,available,official_disclosure,남동구
KLOCAL-a286fe75086d2d64,삼산초등학교병설유치원,37.70380877,126.3217336,인천광역시 강화군 삼산북로 451,유치원,공립(병설),2025년 1차 공시,https://e-childschoolinfo.moe.go.kr/,local_name_establishment_date,4.0,16.0,available,official_disclosure,강화군
KLOCAL-a2d75433658bba16,청송유치원,37.49194776,126.7183113,인천광역시 부평구 부평문화로 37,유치원,사립(사인),2025년 1차 공시,https://e-childschoolinfo.moe.go.kr/,local_name_establishment_date,20.0,90.0,available,official_disclosure,부평구
KLOCAL-a30030402106c616,인천송도꿈유치원,37.37051362,126.6614733,인천광역시 연수구 송도교육로 79,유치원,공립(단설),2025년 1차 공시,https://e-childschoolinfo.moe.go.kr/,local_name_establishment_date,276.0,288.0,available,official_disclosure,연수구
KLOCAL-a34aded85ba157bd,인천고잔초등학교병설유치원,37.3929192,126.7285332,인천광역시 남동구 아암대로1503번길 48,유치원,공립(병설),2025년 1차 공시,https://e-childschoolinfo.moe.go.kr/,local_name_establishment_date,42.0,55.0,available,official_disclosure,남동구
KLOCAL-a443a2c686c46048,인천백석초등학교병설유치원,37.589804,126.6717497,인천광역시 서구 청마로 55,유치원,공립(병설),2025년 1차 공시,https://e-childschoolinfo.moe.go.kr/,local_name_establishment_date,46.0,48.0,available,official_disclosure,서구
KLOCAL-a458fa05dd151711,인천후정초등학교병설유치원,37.52315643,126.7435864,인천광역시 부평구 영성서로 56,유치원,공립(병설),2025년 1차 공시,https://e-childschoolinfo.moe.go.kr/,local_name_establishment_date,34.0,52.0,available,official_disclosure,부평구
KLOCAL-a73becd81df8c04e,온누리비전유치원,37.42387703,126.6523481,인천광역시 연수구 청량로185번길 16,유치원,사립(사인),2025년 1차 공시,https://e-childschoolinfo.moe.go.kr/,local_name_establishment_date,85.0,103.0,available,official_disclosure,연수구
KLOCAL-a7594966a338574e,영종유치원,37.49918613,126.5500423,인천광역시 중구 백운로 57-25,유치원,공립(단설),2025년 1차 공시,https://e-childschoolinfo.moe.go.kr/,local_name_establishment_date,180.0,192.0,available,official_disclosure,중구
KLOCAL-a75ab82d043d1d3c,열림유치원,37.48217716,126.7440146,인천광역시 부평구 일신로14번길 23,유치원,사립(사인),2025년 1차 공시,https://e-childschoolinfo.moe.go.kr/,local_name_establishment_date,109.0,136.0,available,official_disclosure,부평구
KLOCAL-a7c30c387636e4fd,양사초등학교병설유치원,37.80450143,126.420566,인천광역시 강화군 덕하로 145,유치원,공립(병설),2025년 1차 공시,https://e-childschoolinfo.moe.go.kr/,local_name_establishment_date,1.0,14.0,available,official_disclosure,강화군
KLOCAL-a86f6ae287b18882,연희유치원,37.54432059,126.6793083,인천광역시 서구 탁옥로85번길 6,유치원,사립(사인),2025년 1차 공시,https://e-childschoolinfo.moe.go.kr/,local_name_establishment_date,129.0,167.0,available,official_disclosure,서구
KLOCAL-a89bac762d6f5efb,인천한들초등학교병설유치원,37.57958495,126.6728024,인천광역시 서구 한중로 25,유치원,공립(병설),2025년 1차 공시,https://e-childschoolinfo.moe.go.kr/,local_name_establishment_date,92.0,96.0,available,official_disclosure,서구
KLOCAL-a9d87dc7c78bb460,에코프라임유치원,37.51158608,126.7267738,인천광역시 부평구 갈월동로 45,유치원,사립(사인),2025년 1차 공시,https://e-childschoolinfo.moe.go.kr/,local_name_establishment_date,24.0,93.0,available,official_disclosure,부평구
KLOCAL-aa56465393a9dbf8,계양유치원,37.54888181,126.7382215,인천광역시 계양구 계양산로193번길 20,유치원,사립(사인),2025년 1차 공시,https://e-childschoolinfo.moe.go.kr/,local_name_establishment_date,58.0,134.0,available,official_disclosure,계양구
KLOCAL-aa8da85a8f6b19b9,인천완정초등학교병설유치원,37.59849819,126.6643304,인천광역시 서구 완정로 99,유치원,공립(병설),2025년 1차 공시,https://e-childschoolinfo.moe.go.kr/,local_name_establishment_date,22.0,48.0,available,official_disclosure,서구
KLOCAL-aaf9709671edf7be,도담유치원,37.4481313,126.6837682,인천광역시 미추홀구 인하로 319,유치원,사립(사인),2025년 1차 공시,https://e-childschoolinfo.moe.go.kr/,local_name_establishment_date,0.0,140.0,available,official_disclosure,미추홀구
KLOCAL-abb50af7d2260f86,인천주원초등학교병설유치원,37.4646833,126.7003232,인천광역시 남동구 주안로259번길 28,유치원,공립(병설),2025년 1차 공시,https://e-childschoolinfo.moe.go.kr/,local_name_establishment_date,25.0,34.0,available,official_disclosure,남동구
KLOCAL-ace02cf4887a0b04,해마루유치원,37.47681444,126.750489,인천광역시 부평구 일신로 120,유치원,사립(사인),2025년 1차 공시,https://e-childschoolinfo.moe.go.kr/,local_name_establishment_date,102.0,170.0,available,official_disclosure,부평구
KLOCAL-ad2e055c24bd547e,인천검단초등학교병설유치원,37.61078278,126.6696256,인천광역시 서구 마전로115번길 24,유치원,공립(병설),2025년 1차 공시,https://e-childschoolinfo.moe.go.kr/,local_name_establishment_date,44.0,48.0,available,official_disclosure,서구
KLOCAL-ad69756960486f7d,숲속유치원,37.5102261,126.6968116,인천광역시 부평구 산청로17번길 77-1,유치원,사립(사인),2025년 1차 공시,https://e-childschoolinfo.moe.go.kr/,local_name_establishment_date,106.0,177.0,available,official_disclosure,부평구
KLOCAL-ae41e29b3e0ee2d0,청담숲유치원,37.45608833,126.7291235,인천광역시 남동구 만경로8번길 33,유치원,사립(사인),2025년 1차 공시,https://e-childschoolinfo.moe.go.kr/,local_name_establishment_date,116.0,176.0,available,official_disclosure,남동구
KLOCAL-b0f87221d172f370,인천양촌초등학교병설유치원,37.5506866,126.7443731,인천광역시 계양구 장제로 954,유치원,공립(병설),2025년 1차 공시,https://e-childschoolinfo.moe.go.kr/,local_name_establishment_date,5.0,34.0,available,official_disclosure,계양구
KLOCAL-b12b61fbba266e2a,인천숭의초등학교병설유치원,37.46372037,126.6557076,인천광역시 미추홀구 장천로 99,유치원,공립(병설),2025년 1차 공시,https://e-childschoolinfo.moe.go.kr/,local_name_establishment_date,15.0,19.0,available,official_disclosure,미추홀구
KLOCAL-b160ba4a3527af43,은현유치원,37.50455095,126.7358947,인천광역시 부평구 길주남로125번길 12,유치원,사립(사인),2025년 1차 공시,https://e-childschoolinfo.moe.go.kr/,local_name_establishment_date,50.0,128.0,available,official_disclosure,부평구
KLOCAL-b1ebeb063c6b35bf,밀알유치원,37.54691613,126.7313595,인천광역시 계양구 임학서로45번길 5,유치원,사립(사인),2025년 1차 공시,https://e-childschoolinfo.moe.go.kr/,local_name_establishment_date,134.0,220.0,available,official_disclosure,계양구
KLOCAL-b28bba23e63bc43f,인천중산초등학교병설유치원,37.49471569,126.5653914,인천광역시 중구 두미포로 100,유치원,공립(병설),2025년 1차 공시,https://e-childschoolinfo.moe.go.kr/,local_name_establishment_date,84.0,84.0,available,official_disclosure,중구
KLOCAL-b2ef58c299ec5904,미주유치원,37.46709427,126.6865693,인천광역시 미추홀구 석정로461번길 19,유치원,사립(사인),2025년 1차 공시,https://e-childschoolinfo.moe.go.kr/,local_name_establishment_date,168.0,200.0,available,official_disclosure,미추홀구
KLOCAL-b3e032dc919c404c,드림유치원,37.52831495,126.6430599,인천광역시 서구 청라커낼로223번길 13,유치원,사립(사인),2025년 1차 공시,https://e-childschoolinfo.moe.go.kr/,local_name_establishment_date,370.0,370.0,available,official_disclosure,서구
KLOCAL-b3e79d50babb2a89,지영유치원,37.46443705,126.6377491,인천광역시 중구 도원로8번길 28,유치원,사립(사인),2025년 1차 공시,https://e-childschoolinfo.moe.go.kr/,local_name_establishment_date,72.0,163.0,available,official_disclosure,중구
KLOCAL-b40f58f5747ed00c,연세유치원,37.51483705,126.7094806,인천광역시 부평구 세월천로 16,유치원,사립(사인),2025년 1차 공시,https://e-childschoolinfo.moe.go.kr/,local_name_establishment_date,121.0,228.0,available,official_disclosure,부평구
KLOCAL-b71b3fb614f2b85a,인천푸른빛유치원,37.53819812,126.6279825,인천광역시 서구 청라한내로 145,유치원,공립(단설),2025년 1차 공시,https://e-childschoolinfo.moe.go.kr/,local_name_establishment_date,132.0,144.0,available,official_disclosure,서구
KLOCAL-b71f83339bbf6c7f,다슬기유치원,37.41707014,126.6831688,인천광역시 연수구 새말로 134,유치원,사립(법인),2025년 1차 공시,https://e-childschoolinfo.moe.go.kr/,local_name_establishment_date,74.0,200.0,available,official_disclosure,연수구
KLOCAL-b77a1bafb9d14dde,인천사리울초등학교병설유치원,37.38857786,126.7235169,인천광역시 남동구 아암대로1437번길 50,유치원,공립(병설),2025년 1차 공시,https://e-childschoolinfo.moe.go.kr/,local_name_establishment_date,11.0,31.0,available,official_disclosure,남동구
KLOCAL-b833eeda1290da9f,인천아라꿈유치원,37.58429148,126.7028614,인천광역시 서구 서로2로 28,유치원,공립(단설),2025년 1차 공시,https://e-childschoolinfo.moe.go.kr/,local_name_establishment_date,326.0,338.0,available,official_disclosure,서구
KLOCAL-b97d990836849b04,인천은송초등학교병설유치원,37.4139322,126.6297164,인천광역시 연수구 센트럴로 460,유치원,공립(병설),2025년 1차 공시,https://e-childschoolinfo.moe.go.kr/,local_name_establishment_date,63.0,67.0,available,official_disclosure,연수구
KLOCAL-b9a00b06c19a5b27,푸른마을유치원,37.4502933,126.7145775,인천광역시 남동구 용천로4번길 9-9,유치원,사립(사인),2025년 1차 공시,https://e-childschoolinfo.moe.go.kr/,local_name_establishment_date,122.0,210.0,available,official_disclosure,남동구
KLOCAL-b9f9b3b6acb3e646,열우물유치원,37.47534723,126.7043404,인천광역시 부평구 아트센터로 118,유치원,사립(사인),2025년 1차 공시,https://e-childschoolinfo.moe.go.kr/,local_name_establishment_date,11.0,107.0,available,official_disclosure,부평구
KLOCAL-ba11a51bc0806260,인천경연초등학교병설유치원,37.53849651,126.6262363,인천광역시 서구 차오름로 64,유치원,공립(병설),2025년 1차 공시,https://e-childschoolinfo.moe.go.kr/,local_name_establishment_date,47.0,48.0,available,official_disclosure,서구
KLOCAL-bb78c900eca43f09,인천고잔유치원,37.39664266,126.7217836,인천광역시 남동구 앵고개로815번길 71,유치원,공립(단설),2025년 1차 공시,https://e-childschoolinfo.moe.go.kr/,local_name_establishment_date,86.0,104.0,available,official_disclosure,남동구
KLOCAL-bf23f2ab98fbb26d,인천공항초등학교신도분교장병설유치원,37.52068944,126.4433371,인천광역시 옹진군 신도로896번길 18-31,유치원,공립(병설),2025년 1차 공시,https://e-childschoolinfo.moe.go.kr/,local_name_establishment_date,2.0,14.0,available,official_disclosure,옹진군
KLOCAL-bf2a1d84ff1f0be4,인천청학초등학교병설유치원,37.41993023,126.6704681,인천광역시 연수구 함박뫼로 25,유치원,공립(병설),2025년 1차 공시,https://e-childschoolinfo.moe.go.kr/,local_name_establishment_date,8.0,34.0,available,official_disclosure,연수구
KLOCAL-bf4a58b2949b1422,경인여자대학교부속유치원,37.54792332,126.7235678,인천광역시 계양구 계양산로 63,유치원,사립(법인),2025년 1차 공시,https://e-childschoolinfo.moe.go.kr/,local_name_establishment_date,121.0,140.0,available,official_disclosure,계양구
KLOCAL-bfbf6ed15649f16b,하늘유치원,37.45336864,126.6826661,인천광역시 미추홀구 미추홀대로626번길 47,유치원,사립(사인),2025년 1차 공시,https://e-childschoolinfo.moe.go.kr/,local_name_establishment_date,68.0,68.0,available,official_disclosure,미추홀구
KLOCAL-bfc36b4ee580645c,정원유치원,37.53214482,126.7321669,인천광역시 계양구 봉오대로743번길 20,유치원,사립(사인),2025년 1차 공시,https://e-childschoolinfo.moe.go.kr/,local_name_establishment_date,88.0,200.0,available,official_disclosure,계양구
KLOCAL-bfd71f3d423988a5,기암유치원,37.46424158,126.7246574,인천광역시 남동구 서판로 43,유치원,사립(사인),2025년 1차 공시,https://e-childschoolinfo.moe.go.kr/,local_name_establishment_date,60.0,230.0,available,official_disclosure,남동구
KLOCAL-bfe5172d21d17747,인천해원초등학교병설유치원,37.52660162,126.62634,인천광역시 서구 청라사파이어로140번길 6,유치원,공립(병설),2025년 1차 공시,https://e-childschoolinfo.moe.go.kr/,local_name_establishment_date,55.0,71.0,available,official_disclosure,서구
KLOCAL-c0b666f4a95885af,인천송일초등학교병설유치원,37.38418597,126.635134,인천광역시 연수구 컨벤시아대로252번길 15,유치원,공립(병설),2025년 1차 공시,https://e-childschoolinfo.moe.go.kr/,local_name_establishment_date,79.0,79.0,available,official_disclosure,연수구
KLOCAL-c17af5dbcc9e77c7,교동초등학교병설유치원,37.78345083,126.284159,인천광역시 강화군 대룡안길29번길 29,유치원,공립(병설),2025년 1차 공시,https://e-childschoolinfo.moe.go.kr/,local_name_establishment_date,6.0,14.0,available,official_disclosure,강화군
KLOCAL-c23244892488770c,산곡유치원,37.48946598,126.7056873,인천광역시 부평구 마장로 121,유치원,사립(사인),2025년 1차 공시,https://e-childschoolinfo.moe.go.kr/,local_name_establishment_date,183.0,212.0,available,official_disclosure,부평구
KLOCAL-c24174173a80af5d,해나라유치원,37.42432459,126.6741376,인천광역시 연수구 새말로 21,유치원,사립(사인),2025년 1차 공시,https://e-childschoolinfo.moe.go.kr/,local_name_establishment_date,157.0,210.0,available,official_disclosure,연수구
KLOCAL-c2742aa23baa310a,인천산곡초등학교병설유치원,37.50765314,126.7019193,인천광역시 부평구 길주로354번길 39,유치원,공립(병설),2025년 1차 공시,https://e-childschoolinfo.moe.go.kr/,local_name_establishment_date,12.0,36.0,available,official_disclosure,부평구
KLOCAL-c2e4523109105612,인천공촌초등학교병설유치원,37.54890626,126.6839434,인천광역시 서구 심곡로188번길 21,유치원,공립(병설),2025년 1차 공시,https://e-childschoolinfo.moe.go.kr/,local_name_establishment_date,11.0,34.0,available,official_disclosure,서구
KLOCAL-c3820bd9125fc45b,인천구월유치원,37.44262838,126.7158262,인천광역시 남동구 인하로 622,유치원,공립(단설),2025년 1차 공시,https://e-childschoolinfo.moe.go.kr/,local_name_establishment_date,125.0,156.0,available,official_disclosure,남동구
KLOCAL-c3dd9c1d20fd07e2,다은유치원,37.52918749,126.6648313,인천광역시 서구 청중로478번길 9,유치원,사립(사인),2025년 1차 공시,https://e-childschoolinfo.moe.go.kr/,local_name_establishment_date,266.0,266.0,available,official_disclosure,서구
KLOCAL-c4161023af71f7b8,미예뜰유치원,37.44214721,126.7277596,인천광역시 남동구 경신로 42,유치원,사립(사인),2025년 1차 공시,https://e-childschoolinfo.moe.go.kr/,local_name_establishment_date,180.0,193.0,available,official_disclosure,남동구
KLOCAL-c450a0dccff7fa8a,인천동방초등학교병설유치원,37.40316099,126.7195496,인천광역시 남동구 논현역로 31,유치원,공립(병설),2025년 1차 공시,https://e-childschoolinfo.moe.go.kr/,local_name_establishment_date,27.0,48.0,available,official_disclosure,남동구
KLOCAL-c71d186619793815,인천원동초등학교병설유치원,37.39689672,126.7308565,인천광역시 남동구 논고개로 38,유치원,공립(병설),2025년 1차 공시,https://e-childschoolinfo.moe.go.kr/,local_name_establishment_date,39.0,48.0,available,official_disclosure,남동구
KLOCAL-c7b1ac02486e877e,인천공항유치원,37.49186312,126.4860013,인천광역시 중구 신도시남로 43,유치원,공립(단설),2025년 1차 공시,https://e-childschoolinfo.moe.go.kr/,local_name_establishment_date,80.0,84.0,available,official_disclosure,중구
KLOCAL-c8f2705298b07183,아름솔유치원,37.41131286,126.6768844,인천광역시 연수구 청능대로 124,유치원,사립(사인),2025년 1차 공시,https://e-childschoolinfo.moe.go.kr/,local_name_establishment_date,121.0,150.0,available,official_disclosure,연수구
KLOCAL-c8f91a641f618071,해승유치원,37.5335359,126.7402976,인천광역시 계양구 도두리로 54,유치원,사립(사인),2025년 1차 공시,https://e-childschoolinfo.moe.go.kr/,local_name_establishment_date,123.0,128.0,available,official_disclosure,계양구
KLOCAL-c97c061a2c04c5cd,뿌리유치원,37.51004879,126.6716602,인천광역시 서구 강남로 1,유치원,사립(사인),2025년 1차 공시,https://e-childschoolinfo.moe.go.kr/,local_name_establishment_date,34.0,150.0,available,official_disclosure,서구
KLOCAL-ca7704409b2eeaf2,희망찬유치원,37.596843,126.6366085,인천광역시 서구 단봉로139번길 3-2,유치원,사립(사인),2025년 1차 공시,https://e-childschoolinfo.moe.go.kr/,local_name_establishment_date,170.0,230.0,available,official_disclosure,서구
KLOCAL-cb0f3434a75d79da,청송유치원,37.40735321,126.6797414,인천광역시 연수구 원인재로 88,유치원,사립(사인),2025년 1차 공시,https://e-childschoolinfo.moe.go.kr/,local_name_establishment_date,74.0,270.0,available,official_disclosure,연수구
KLOCAL-cc5ca2ff5c2c1840,인천아람초등학교병설유치원,37.58723924,126.7164112,인천광역시 서구 이음1로 289,유치원,공립(병설),2025년 1차 공시,https://e-childschoolinfo.moe.go.kr/,local_name_establishment_date,63.0,67.0,available,official_disclosure,서구
KLOCAL-cc7903a205c47f13,갑룡초등학교병설유치원,37.74482666,126.5026254,인천광역시 강화군 갑룡길 88,유치원,공립(병설),2025년 1차 공시,https://e-childschoolinfo.moe.go.kr/,local_name_establishment_date,37.0,49.0,available,official_disclosure,강화군
KLOCAL-cc95b8a776d508d8,인천서화초등학교병설유치원,37.47398611,126.6608134,인천광역시 미추홀구 송림로 250,유치원,공립(병설),2025년 1차 공시,https://e-childschoolinfo.moe.go.kr/,local_name_establishment_date,15.0,48.0,available,official_disclosure,미추홀구
KLOCAL-ccc93f34c68fe601,인천부평서초등학교병설유치원,37.49457242,126.7213037,인천광역시 부평구 부평문화로53번길 19,유치원,공립(병설),2025년 1차 공시,https://e-childschoolinfo.moe.go.kr/,local_name_establishment_date,15.0,15.0,available,official_disclosure,부평구
KLOCAL-cec3aed5db587e4f,보람유치원,37.54795196,126.7439535,인천광역시 계양구 장제로928번길 23,유치원,사립(사인),2025년 1차 공시,https://e-childschoolinfo.moe.go.kr/,local_name_establishment_date,134.0,164.0,available,official_disclosure,계양구
KLOCAL-cf8eeb61884543a0,인천새봄초등학교병설유치원,37.40969162,126.6576225,인천광역시 연수구 앵고개로104번길 34,유치원,공립(병설),2025년 1차 공시,https://e-childschoolinfo.moe.go.kr/,local_name_establishment_date,37.0,48.0,available,official_disclosure,연수구
KLOCAL-d0880bc91ea3a11c,인천동부초등학교병설유치원,37.46298059,126.7275475,인천광역시 남동구 만수서로33번길 25,유치원,공립(병설),2025년 1차 공시,https://e-childschoolinfo.moe.go.kr/,local_name_establishment_date,5.0,16.0,available,official_disclosure,남동구
KLOCAL-d0c67b00714a002e,간석유치원,37.46003524,126.7159547,인천광역시 남동구 석산로220번길 18,유치원,사립(사인),2025년 1차 공시,https://e-childschoolinfo.moe.go.kr/,local_name_establishment_date,44.0,113.0,available,official_disclosure,남동구
KLOCAL-d17bb226ab52939f,인천간재울초등학교병설유치원,37.56002883,126.6723052,인천광역시 서구 승학로 433,유치원,공립(병설),2025년 1차 공시,https://e-childschoolinfo.moe.go.kr/,local_name_establishment_date,7.0,36.0,available,official_disclosure,서구
KLOCAL-d1881d2f856ac1b3,인천서로꿈유치원,37.60229215,126.7146549,인천광역시 서구 당곡로24번안길 22,유치원,공립(단설),2025년 1차 공시,https://e-childschoolinfo.moe.go.kr/,local_name_establishment_date,228.0,240.0,available,official_disclosure,서구
KLOCAL-d19a0e7bb3217421,산새소리유치원,37.51658112,126.6803625,인천광역시 서구 서달로 198,유치원,사립(사인),2025년 1차 공시,https://e-childschoolinfo.moe.go.kr/,local_name_establishment_date,256.0,261.0,available,official_disclosure,서구
KLOCAL-d35107fb247c2293,드림유치원,37.50324803,126.7366212,인천광역시 부평구 충선로 158,유치원,사립(사인),2025년 1차 공시,https://e-childschoolinfo.moe.go.kr/,local_name_establishment_date,260.0,283.0,available,official_disclosure,부평구
KLOCAL-d3da11d9e1f412b4,초롱유치원,37.49675354,126.4829959,인천광역시 중구 영종대로27번길 6,유치원,사립(사인),2025년 1차 공시,https://e-childschoolinfo.moe.go.kr/,local_name_establishment_date,105.0,153.0,available,official_disclosure,중구
KLOCAL-d4bd51f655c7d518,경서유치원,37.55738998,126.6547855,인천광역시 서구 경서로56번길 7-2,유치원,사립(사인),2025년 1차 공시,https://e-childschoolinfo.moe.go.kr/,local_name_establishment_date,189.0,189.0,available,official_disclosure,서구
KLOCAL-d50e97c5d449d3e1,이화유치원,37.5043501,126.7073307,인천광역시 부평구 원적로 361,유치원,사립(사인),2025년 1차 공시,https://e-childschoolinfo.moe.go.kr/,local_name_establishment_date,125.0,125.0,available,official_disclosure,부평구
KLOCAL-d55991545b9ca28f,해님나라유치원,37.4963934,126.4917094,인천광역시 중구 은골로 42,유치원,사립(사인),2025년 1차 공시,https://e-childschoolinfo.moe.go.kr/,local_name_establishment_date,199.0,224.0,available,official_disclosure,중구
KLOCAL-d59c3c131dfc2700,인천영선초등학교병설유치원,37.51537295,126.734435,인천광역시 부평구 충선로 293,유치원,공립(병설),2025년 1차 공시,https://e-childschoolinfo.moe.go.kr/,local_name_establishment_date,18.0,36.0,available,official_disclosure,부평구
KLOCAL-d5c54935ca8ff71b,다샘유치원,37.40688132,126.6697261,인천광역시 연수구 먼우금로83번길 12,유치원,사립(사인),2025년 1차 공시,https://e-childschoolinfo.moe.go.kr/,local_name_establishment_date,67.0,130.0,available,official_disclosure,연수구
KLOCAL-d6dfad898c1c6e59,미래유치원,37.52575051,126.7282651,인천광역시 계양구 주부토로363번길 27,유치원,사립(사인),2025년 1차 공시,https://e-childschoolinfo.moe.go.kr/,local_name_establishment_date,87.0,170.0,available,official_disclosure,계양구
KLOCAL-d73e3aece4b7ed2b,명문유치원,37.59434012,126.7019296,인천광역시 서구 고산로 16,유치원,사립(사인),2025년 1차 공시,https://e-childschoolinfo.moe.go.kr/,local_name_establishment_date,99.0,100.0,available,official_disclosure,서구
KLOCAL-d817fae7029ed452,인천봉수초등학교병설유치원,37.52600899,126.6781382,인천광역시 서구 봉오대로267번길 11-4,유치원,공립(병설),2025년 1차 공시,https://e-childschoolinfo.moe.go.kr/,local_name_establishment_date,48.0,48.0,available,official_disclosure,서구
KLOCAL-d8bc2d350c1a4b3f,삼산유치원,37.51628195,126.7335304,인천광역시 부평구 충선로311번길 25-14,유치원,공립(단설),2025년 1차 공시,https://e-childschoolinfo.moe.go.kr/,local_name_establishment_date,52.0,65.0,available,official_disclosure,부평구
KLOCAL-d8c137ce638ca39b,재은유치원,37.59741384,126.6719051,인천광역시 서구 완정로34번길 20,유치원,사립(사인),2025년 1차 공시,https://e-childschoolinfo.moe.go.kr/,local_name_establishment_date,112.0,123.0,available,official_disclosure,서구
KLOCAL-d937eda4414c29ee,인천도화초등학교병설유치원,37.46315551,126.6678187,인천광역시 미추홀구 경인로 242,유치원,공립(병설),2025년 1차 공시,https://e-childschoolinfo.moe.go.kr/,local_name_establishment_date,21.0,34.0,available,official_disclosure,미추홀구
KLOCAL-d943654a91207e8e,이튼유치원,37.4813013,126.519963,인천광역시 중구 남디로안길 34-7,유치원,사립(사인),2025년 1차 공시,https://e-childschoolinfo.moe.go.kr/,local_name_establishment_date,269.0,269.0,available,official_disclosure,중구
KLOCAL-daa57df0a81440cd,인천경서초등학교병설유치원,37.55664075,126.6509849,인천광역시 서구 경서로31번길 31,유치원,공립(병설),2025년 1차 공시,https://e-childschoolinfo.moe.go.kr/,local_name_establishment_date,41.0,67.0,available,official_disclosure,서구
KLOCAL-db47790fb79ebb49,현대유치원,37.51296019,126.7293275,인천광역시 부평구 갈월동로 66,유치원,사립(사인),2025년 1차 공시,https://e-childschoolinfo.moe.go.kr/,local_name_establishment_date,112.0,200.0,available,official_disclosure,부평구
KLOCAL-dbac808d955ed351,인천용일초등학교병설유치원,37.45245028,126.6633619,인천광역시 미추홀구 인주대로 244,유치원,공립(병설),2025년 1차 공시,https://e-childschoolinfo.moe.go.kr/,local_name_establishment_date,9.0,36.0,available,official_disclosure,미추홀구
KLOCAL-dbea3b1337a43ee7,예원유치원,37.51264421,126.7357684,인천광역시 부평구 충선로 262,유치원,사립(사인),2025년 1차 공시,https://e-childschoolinfo.moe.go.kr/,local_name_establishment_date,259.0,299.0,available,official_disclosure,부평구
KLOCAL-dc5e4c9a4f7a45e8,인천한빛초등학교병설유치원,37.4241953,126.7441352,인천광역시 남동구 서창남순환로 190-28,유치원,공립(병설),2025년 1차 공시,https://e-childschoolinfo.moe.go.kr/,local_name_establishment_date,45.0,67.0,available,official_disclosure,남동구
KLOCAL-dcebf30aba91b8e1,인천해서초등학교병설유치원,37.54015839,126.7177107,인천광역시 계양구 계산로 42-1,유치원,공립(병설),2025년 1차 공시,https://e-childschoolinfo.moe.go.kr/,local_name_establishment_date,6.0,15.0,available,official_disclosure,계양구
KLOCAL-dd6dbb2a34c3a048,강화유치원,37.74991928,126.4873368,인천광역시 강화군 관청길10번길 7,유치원,사립(법인),2025년 1차 공시,https://e-childschoolinfo.moe.go.kr/,local_name_establishment_date,41.0,80.0,available,official_disclosure,강화군
KLOCAL-ddac7c3a8a0d5a08,인천마전초등학교병설유치원,37.59768793,126.6704679,인천광역시 서구 완정로34번길 23,유치원,공립(병설),2025년 1차 공시,https://e-childschoolinfo.moe.go.kr/,local_name_establishment_date,5.0,15.0,available,official_disclosure,서구
KLOCAL-de70b1ea59f110a7,인천단봉초등학교병설유치원,37.59831924,126.6384415,인천광역시 서구 단봉로 122,유치원,공립(병설),2025년 1차 공시,https://e-childschoolinfo.moe.go.kr/,local_name_establishment_date,59.0,79.0,available,official_disclosure,서구
KLOCAL-df8423dbb089d99c,인천청라초등학교병설유치원,37.53774832,126.6556962,인천광역시 서구 청라에메랄드로 139,유치원,공립(병설),2025년 1차 공시,https://e-childschoolinfo.moe.go.kr/,local_name_establishment_date,65.0,67.0,available,official_disclosure,서구
KLOCAL-e340aa37ee0b17d0,자연유치원,37.53007038,126.7012504,인천광역시 계양구 봉오대로477번길 18,유치원,사립(사인),2025년 1차 공시,https://e-childschoolinfo.moe.go.kr/,local_name_establishment_date,78.0,181.0,available,official_disclosure,계양구
KLOCAL-e436b88a780add2c,에이스화인유치원,37.38619996,126.7210337,인천광역시 남동구 에코중앙로84번길 9,유치원,사립(사인),2025년 1차 공시,https://e-childschoolinfo.moe.go.kr/,local_name_establishment_date,398.0,400.0,available,official_disclosure,남동구
KLOCAL-e47e237956c9037b,송도국제유치원,37.37335699,126.6567179,인천광역시 연수구 송도교육로 27,유치원,사립(사인),2025년 1차 공시,https://e-childschoolinfo.moe.go.kr/,local_name_establishment_date,442.0,532.0,available,official_disclosure,연수구
KLOCAL-e67fb17cb81b7ac2,인천서현유치원,37.52145256,126.6644083,인천광역시 서구 새오개로111번안길 7,유치원,공립(단설),2025년 1차 공시,https://e-childschoolinfo.moe.go.kr/,local_name_establishment_date,132.0,144.0,available,official_disclosure,서구
KLOCAL-e6f561eea690e9ea,인천예송초등학교병설유치원,37.38745383,126.6303401,인천광역시 연수구 컨벤시아대로252번길 75,유치원,공립(병설),2025년 1차 공시,https://e-childschoolinfo.moe.go.kr/,local_name_establishment_date,80.0,84.0,available,official_disclosure,연수구
KLOCAL-e7025d490b504a01,인천부평북초등학교병설유치원,37.52062561,126.7296659,인천광역시 부평구 주부토로 292,유치원,공립(병설),2025년 1차 공시,https://e-childschoolinfo.moe.go.kr/,local_name_establishment_date,3.0,15.0,available,official_disclosure,부평구
KLOCAL-e939ece928361ded,인천도담초등학교병설유치원,37.52786383,126.6439917,인천광역시 서구 청라커낼로 217,유치원,공립(병설),2025년 1차 공시,https://e-childschoolinfo.moe.go.kr/,local_name_establishment_date,62.0,79.0,available,official_disclosure,서구
KLOCAL-e9f605efb8473d0b,상아유치원,37.54436534,126.7408336,인천광역시 계양구 장제로 878,유치원,사립(사인),2025년 1차 공시,https://e-childschoolinfo.moe.go.kr/,local_name_establishment_date,73.0,167.0,available,official_disclosure,계양구
KLOCAL-eb061546857b8dda,건영유치원,37.4493506,126.6725892,인천광역시 미추홀구 인하로221번길 19,유치원,사립(법인),2025년 1차 공시,https://e-childschoolinfo.moe.go.kr/,local_name_establishment_date,203.0,215.0,available,official_disclosure,미추홀구
KLOCAL-ebb7f219b7dc3c02,인천부평남초등학교병설유치원,37.48859452,126.7203223,인천광역시 부평구 경인로911번길 28,유치원,공립(병설),2025년 1차 공시,https://e-childschoolinfo.moe.go.kr/,local_name_establishment_date,14.0,34.0,available,official_disclosure,부평구
KLOCAL-edc78a00d15f9048,합일초등학교병설유치원,37.74485437,126.48246,인천광역시 강화군 합일길 3,유치원,공립(병설),2025년 1차 공시,https://e-childschoolinfo.moe.go.kr/,local_name_establishment_date,5.0,14.0,available,official_disclosure,강화군
KLOCAL-edd263eb4f557278,인천송담초등학교병설유치원,37.4102486,126.6148306,인천광역시 연수구 아카데미로 627,유치원,공립(병설),2025년 1차 공시,https://e-childschoolinfo.moe.go.kr/,local_name_establishment_date,60.0,67.0,available,official_disclosure,연수구
KLOCAL-ee92f238c00ca8b5,샤인유치원,37.40875943,126.7309803,인천광역시 남동구 은봉로375번길 108,유치원,사립(법인),2025년 1차 공시,https://e-childschoolinfo.moe.go.kr/,local_name_establishment_date,176.0,229.0,available,official_disclosure,남동구
KLOCAL-ef25cce87a4a5a4a,인천만월초등학교병설유치원,37.44180612,126.7155204,인천광역시 남동구 선수촌로 28,유치원,공립(병설),2025년 1차 공시,https://e-childschoolinfo.moe.go.kr/,local_name_establishment_date,31.0,48.0,available,official_disclosure,남동구
KLOCAL-f029b3c36cc10f46,인천만석초등학교병설유치원,37.48419403,126.6285929,인천광역시 동구 제물량로 412,유치원,공립(병설),2025년 1차 공시,https://e-childschoolinfo.moe.go.kr/,local_name_establishment_date,1.0,15.0,available,official_disclosure,동구
KLOCAL-f03b39efeda7c1e2,인천만수초등학교병설유치원,37.44730181,126.7347827,인천광역시 남동구 소래로 652,유치원,공립(병설),2025년 1차 공시,https://e-childschoolinfo.moe.go.kr/,local_name_establishment_date,30.0,52.0,available,official_disclosure,남동구
KLOCAL-f1560b9f1d29c37d,인천연학초등학교병설유치원,37.44356467,126.6719174,인천광역시 미추홀구 주승로 20,유치원,공립(병설),2025년 1차 공시,https://e-childschoolinfo.moe.go.kr/,local_name_establishment_date,34.0,48.0,available,official_disclosure,미추홀구
KLOCAL-f2b56eb375536aa8,인천장도초등학교병설유치원,37.40789778,126.733626,인천광역시 남동구 포구로 112,유치원,공립(병설),2025년 1차 공시,https://e-childschoolinfo.moe.go.kr/,local_name_establishment_date,21.0,48.0,available,official_disclosure,남동구
KLOCAL-f32b3f18c3c6667b,대월초등학교병설유치원,37.76177001,126.4897098,인천광역시 강화군 대월로 216,유치원,공립(병설),2025년 1차 공시,https://e-childschoolinfo.moe.go.kr/,local_name_establishment_date,4.0,14.0,available,official_disclosure,강화군
KLOCAL-f32ece23bc8b2d5a,인천아라초등학교병설유치원,37.58508291,126.7035431,인천광역시 서구 서로2로 42,유치원,공립(병설),2025년 1차 공시,https://e-childschoolinfo.moe.go.kr/,local_name_establishment_date,64.0,71.0,available,official_disclosure,서구
KLOCAL-f4753e5542369632,인천목향초등학교병설유치원,37.61642408,126.6944461,인천광역시 서구 고산후로 377,유치원,공립(병설),2025년 1차 공시,https://e-childschoolinfo.moe.go.kr/,local_name_establishment_date,25.0,36.0,available,official_disclosure,서구
KLOCAL-f49918d712180a3b,인천용유초등학교병설유치원,37.44825174,126.4123737,인천광역시 중구 남북로87번길 4,유치원,공립(병설),2025년 1차 공시,https://e-childschoolinfo.moe.go.kr/,local_name_establishment_date,10.0,15.0,available,official_disclosure,중구
KLOCAL-f53bd21b5a623669,반디유치원,37.44070696,126.6575763,인천광역시 미추홀구 매소홀로 340,유치원,사립(사인),2025년 1차 공시,https://e-childschoolinfo.moe.go.kr/,local_name_establishment_date,148.0,171.0,available,official_disclosure,미추홀구
KLOCAL-f57b640f7d2b17de,연흥유치원,37.46576282,126.6832797,인천광역시 미추홀구 석정로434번길 12,유치원,사립(사인),2025년 1차 공시,https://e-childschoolinfo.moe.go.kr/,local_name_establishment_date,82.0,146.0,available,official_disclosure,미추홀구
KLOCAL-f591f4da9fb6832b,신도유치원,37.42262609,126.6829072,인천광역시 연수구 먼우금로 302,유치원,사립(사인),2025년 1차 공시,https://e-childschoolinfo.moe.go.kr/,local_name_establishment_date,78.0,120.0,available,official_disclosure,연수구
KLOCAL-f62067ae1c1de696,신동아유치원,37.4410578,126.676924,인천광역시 미추홀구 매소홀로475번길 18,유치원,사립(사인),2025년 1차 공시,https://e-childschoolinfo.moe.go.kr/,local_name_establishment_date,17.0,150.0,available,official_disclosure,미추홀구
KLOCAL-f772a80f44ffb1a0,인천서운초등학교병설유치원,37.52697637,126.7447213,인천광역시 계양구 서운로 12,유치원,공립(병설),2025년 1차 공시,https://e-childschoolinfo.moe.go.kr/,local_name_establishment_date,12.0,34.0,available,official_disclosure,계양구
KLOCAL-f79433e81215e45b,새하늘유치원,37.41518937,126.6884552,인천광역시 연수구 원인재로 232,유치원,사립(사인),2025년 1차 공시,https://e-childschoolinfo.moe.go.kr/,local_name_establishment_date,71.0,90.0,available,official_disclosure,연수구
KLOCAL-f9615dc5f6bb8ee0,인천신송초등학교병설유치원,37.39064445,126.6577712,인천광역시 연수구 해돋이로56번길 28,유치원,공립(병설),2025년 1차 공시,https://e-childschoolinfo.moe.go.kr/,local_name_establishment_date,52.0,67.0,available,official_disclosure,연수구
KLOCAL-f9c23299c9f29c92,키즈월드유치원,37.41267098,126.6859646,인천광역시 연수구 원인재로 180,유치원,사립(사인),2025년 1차 공시,https://e-childschoolinfo.moe.go.kr/,local_name_establishment_date,47.0,120.0,available,official_disclosure,연수구
KLOCAL-fa0b23e1b953919a,인천마곡초등학교병설유치원,37.51206357,126.6978366,인천광역시 부평구 마곡로27번길 16,유치원,공립(병설),2025년 1차 공시,https://e-childschoolinfo.moe.go.kr/,local_name_establishment_date,8.0,30.0,available,official_disclosure,부평구
KLOCAL-fc233c4e719c1c84,인천논곡초등학교병설유치원,37.410647,126.7104879,인천광역시 남동구 함박뫼로 429,유치원,공립(병설),2025년 1차 공시,https://e-childschoolinfo.moe.go.kr/,local_name_establishment_date,7.0,15.0,available,official_disclosure,남동구
KLOCAL-fd52787ce68b9cc4,바다의별유치원,37.42785064,126.6446006,인천광역시 연수구 옥련로 33,유치원,사립(사인),2025년 1차 공시,https://e-childschoolinfo.moe.go.kr/,local_name_establishment_date,119.0,139.0,available,official_disclosure,연수구
KLOCAL-fda225ae2869cf69,인천상아초등학교병설유치원,37.45747893,126.7120141,인천광역시 남동구 석산로184번길 66,유치원,공립(병설),2025년 1차 공시,https://e-childschoolinfo.moe.go.kr/,local_name_establishment_date,27.0,48.0,available,official_disclosure,남동구
KLOCAL-fe0db0fed48025b0,솔샘유치원,37.4618494,126.696396,인천광역시 미추홀구 석산로 38,유치원,사립(사인),2025년 1차 공시,https://e-childschoolinfo.moe.go.kr/,local_name_establishment_date,139.0,156.0,available,official_disclosure,미추홀구
KLOCAL-fe703725d8c5c670,글로벌레인보우유치원,37.39599034,126.6366422,인천광역시 연수구 센트럴로 233,유치원,사립(사인),2025년 1차 공시,https://e-childschoolinfo.moe.go.kr/,local_name_establishment_date,605.0,605.0,available,official_disclosure,연수구
KLOCAL-fec14b51fc4d9297,인천성지초등학교병설유치원,37.52649073,126.720066,인천광역시 계양구 아나지로247번길 8,유치원,공립(병설),2025년 1차 공시,https://e-childschoolinfo.moe.go.kr/,local_name_establishment_date,5.0,19.0,available,official_disclosure,계양구
KLOCAL-ff3c969cd7af6837,아삽유치원,37.45799005,126.7215419,인천광역시 남동구 백범로247번길 58,유치원,사립(사인),2025년 1차 공시,https://e-childschoolinfo.moe.go.kr/,local_name_establishment_date,44.0,80.0,available,official_disclosure,남동구
B000008759,신흥중학교,37.45416657,126.6299034,인천광역시 중구 인항로24번길 38,중학교,공립,2026-03-20,https://www.data.go.kr/data/15021148/standard.do,official_school_id,,,available,official_disclosure,중구
B000008760,신흥여자중학교,37.45404114,126.632101,인천광역시 중구 인항로24번길 37,중학교,공립,2026-03-20,https://www.data.go.kr/data/15021148/standard.do,official_school_id,,,available,official_disclosure,중구
B000008761,영종중학교,37.48351207,126.5252529,인천광역시 중구 남디로 92,중학교,공립,2026-03-20,https://www.data.go.kr/data/15021148/standard.do,official_school_id,,,available,official_disclosure,중구
B000008762,용유중학교,37.44825105,126.4123732,인천광역시 중구 남북로87번길 4,중학교,공립,2026-03-20,https://www.data.go.kr/data/15021148/standard.do,official_school_id,,,available,official_disclosure,중구
B000008763,인천공항중학교,37.49774785,126.4841639,인천광역시 중구 영종대로27번길 49,중학교,공립,2026-03-20,https://www.data.go.kr/data/15021148/standard.do,official_school_id,,,available,official_disclosure,중구
B000008764,송도중학교,37.46826663,126.6289964,인천광역시 중구 제물량로 123,중학교,사립,2026-03-20,https://www.data.go.kr/data/15021148/standard.do,official_school_id,,,available,official_disclosure,중구
B000008765,광성중학교,37.46755095,126.6395666,인천광역시 중구 참외전로244번길 47,중학교,사립,2026-03-20,https://www.data.go.kr/data/15021148/standard.do,official_school_id,,,available,official_disclosure,중구
B000008766,인성여자중학교,37.4739458,126.624248,인천광역시 중구 홍예문로 39,중학교,사립,2026-03-20,https://www.data.go.kr/data/15021148/standard.do,official_school_id,,,available,official_disclosure,중구
B000008767,화도진중학교,37.48499013,126.6322146,인천광역시 동구 화수로 64,중학교,공립,2026-03-20,https://www.data.go.kr/data/15021148/standard.do,official_school_id,,,available,official_disclosure,동구
B000008768,동산중학교,37.47303977,126.6488935,인천광역시 동구 동산로 58,중학교,사립,2026-03-20,https://www.data.go.kr/data/15021148/standard.do,official_school_id,,,available,official_disclosure,동구
B000008769,인천재능중학교,37.47553313,126.6504734,인천광역시 동구 재능로 178,중학교,사립,2026-03-20,https://www.data.go.kr/data/15021148/standard.do,official_school_id,,,available,official_disclosure,동구
B000008771,선인중학교,37.47099649,126.6548626,인천광역시 미추홀구 석정로 165,중학교,공립,2026-03-20,https://www.data.go.kr/data/15021148/standard.do,official_school_id,,,available,official_disclosure,미추홀구
B000008772,관교중학교,37.44425703,126.6917774,인천광역시 미추홀구 경원대로670번길 19,중학교,공립,2026-03-20,https://www.data.go.kr/data/15021148/standard.do,official_school_id,,,available,official_disclosure,미추홀구
B000008773,인천남중학교,37.46379213,126.6539999,인천광역시 미추홀구 수봉로 16-23,중학교,공립,2026-03-20,https://www.data.go.kr/data/15021148/standard.do,official_school_id,,,available,official_disclosure,미추홀구
B000008774,용현중학교,37.44785506,126.6395437,인천광역시 미추홀구 낙섬동로 16,중학교,공립,2026-03-20,https://www.data.go.kr/data/15021148/standard.do,official_school_id,,,available,official_disclosure,미추홀구
B000008775,선화여자중학교,37.47099649,126.6548626,인천광역시 미추홀구 석정로 165,중학교,공립,2026-03-20,https://www.data.go.kr/data/15021148/standard.do,official_school_id,,,available,official_disclosure,미추홀구
B000008776,관교여자중학교,37.44513573,126.6889705,인천광역시 미추홀구 경원대로 691,중학교,공립,2026-03-20,https://www.data.go.kr/data/15021148/standard.do,official_school_id,,,available,official_disclosure,미추홀구
B000008777,남인천여자중학교,37.44511845,126.6940513,인천광역시 미추홀구 인하로 426,중학교,공립,2026-03-20,https://www.data.go.kr/data/15021148/standard.do,official_school_id,,,available,official_disclosure,미추홀구
B000008778,인화여자중학교,37.47099649,126.6548626,인천광역시 미추홀구 석정로 165,중학교,공립,2026-03-20,https://www.data.go.kr/data/15021148/standard.do,official_school_id,,,available,official_disclosure,미추홀구
B000008779,용현여자중학교,37.44840638,126.6406704,인천광역시 미추홀구 낙섬동로 28,중학교,공립,2026-03-20,https://www.data.go.kr/data/15021148/standard.do,official_school_id,,,available,official_disclosure,미추홀구
B000008780,제물포여자중학교,37.44914564,126.6882045,인천광역시 미추홀구 인주대로470번길 20,중학교,공립,2026-03-20,https://www.data.go.kr/data/15021148/standard.do,official_school_id,,,available,official_disclosure,미추홀구
B000008781,인주중학교,37.442798,126.6598715,인천광역시 미추홀구 매소홀로 335,중학교,공립,2026-03-20,https://www.data.go.kr/data/15021148/standard.do,official_school_id,,,available,official_disclosure,미추홀구
B000008782,인하대학교사범대학부속중학교,37.44596571,126.6628662,인천광역시 미추홀구 재넘이길123번길 29,중학교,사립,2026-03-20,https://www.data.go.kr/data/15021148/standard.do,official_school_id,,,available,official_disclosure,미추홀구
B000008783,연평중학교,37.66412421,125.7010233,인천광역시 옹진군 연평면 연평로137번길 101,중학교,공립,2026-03-20,https://www.data.go.kr/data/15021148/standard.do,official_school_id,,,available,official_disclosure,옹진군
B000008784,대청중학교,37.8325852,124.6939792,인천광역시 옹진군 대청면 대청로244번길 116-45,중학교,공립,2026-03-20,https://www.data.go.kr/data/15021148/standard.do,official_school_id,,,available,official_disclosure,옹진군
B000008785,영흥중학교,37.26520659,126.4794201,인천광역시 옹진군 영흥면 내동로 107,중학교,공립,2026-03-20,https://www.data.go.kr/data/15021148/standard.do,official_school_id,,,available,official_disclosure,옹진군
B000008786,덕적중학교,37.22538058,126.1481953,인천광역시 옹진군 덕적면 덕적남로 15,중학교,공립,2026-03-20,https://www.data.go.kr/data/15021148/standard.do,official_school_id,,,available,official_disclosure,옹진군
B000008787,백령중학교,37.96444697,124.6760556,인천광역시 옹진군 백령면 백령로 708,중학교,공립,2026-03-20,https://www.data.go.kr/data/15021148/standard.do,official_school_id,,,available,official_disclosure,옹진군
B000008788,부평동중학교,37.49665352,126.7408276,인천광역시 부평구 수변로107번길 4,중학교,공립,2026-03-20,https://www.data.go.kr/data/15021148/standard.do,official_school_id,,,available,official_disclosure,부평구
B000008789,부원중학교,37.49242189,126.7165915,인천광역시 부평구 경원대로 1339,중학교,공립,2026-03-20,https://www.data.go.kr/data/15021148/standard.do,official_school_id,,,available,official_disclosure,부평구
B000008790,부평중학교,37.50190044,126.7293422,인천광역시 부평구 부흥북로57번길 10,중학교,공립,2026-03-20,https://www.data.go.kr/data/15021148/standard.do,official_school_id,,,available,official_disclosure,부평구
B000008791,산곡중학교,37.50424716,126.6991626,인천광역시 부평구 원적로300번길 14,중학교,공립,2026-03-20,https://www.data.go.kr/data/15021148/standard.do,official_school_id,,,available,official_disclosure,부평구
B000008792,산곡남중학교,37.50013864,126.707396,인천광역시 부평구 안남로 187,중학교,공립,2026-03-20,https://www.data.go.kr/data/15021148/standard.do,official_school_id,,,available,official_disclosure,부평구
B000008793,부평서중학교,37.48661833,126.7036652,인천광역시 부평구 화랑로 29,중학교,공립,2026-03-20,https://www.data.go.kr/data/15021148/standard.do,official_school_id,,,available,official_disclosure,부평구
B000008794,동암중학교,37.47415487,126.705816,인천광역시 부평구 동암산로43번길 12,중학교,공립,2026-03-20,https://www.data.go.kr/data/15021148/standard.do,official_school_id,,,available,official_disclosure,부평구
B000008795,부원여자중학교,37.49329275,126.7170969,인천광역시 부평구 부영로 88,중학교,공립,2026-03-20,https://www.data.go.kr/data/15021148/standard.do,official_school_id,,,available,official_disclosure,부평구
B000008796,부평여자중학교,37.49559607,126.7387291,인천광역시 부평구 부평문화로 193-1,중학교,공립,2026-03-20,https://www.data.go.kr/data/15021148/standard.do,official_school_id,,,available,official_disclosure,부평구
B000008797,인천동수중학교,37.48425295,126.7194725,인천광역시 부평구 동수로 8,중학교,공립,2026-03-20,https://www.data.go.kr/data/15021148/standard.do,official_school_id,,,available,official_disclosure,부평구
B000008798,산곡여자중학교,37.49747444,126.7060067,인천광역시 부평구 마장로204번길 37,중학교,공립,2026-03-20,https://www.data.go.kr/data/15021148/standard.do,official_school_id,,,available,official_disclosure,부평구
B000008799,부평서여자중학교,37.4853651,126.7053476,인천광역시 부평구 경원대로 1213,중학교,공립,2026-03-20,https://www.data.go.kr/data/15021148/standard.do,official_school_id,,,available,official_disclosure,부평구
B000008800,청천중학교,37.51173257,126.704543,인천광역시 부평구 마장로364번길 23,중학교,공립,2026-03-20,https://www.data.go.kr/data/15021148/standard.do,official_school_id,,,available,official_disclosure,부평구
B000008801,갈산중학교,37.5102242,126.7265421,인천광역시 부평구 주부토로 166,중학교,공립,2026-03-20,https://www.data.go.kr/data/15021148/standard.do,official_school_id,,,available,official_disclosure,부평구
B000008802,삼산중학교,37.51666884,126.7361057,인천광역시 부평구 충선로 308,중학교,공립,2026-03-20,https://www.data.go.kr/data/15021148/standard.do,official_school_id,,,available,official_disclosure,부평구
B000008803,부흥중학교,37.50305987,126.7367691,인천광역시 부평구 충선로 152,중학교,공립,2026-03-20,https://www.data.go.kr/data/15021148/standard.do,official_school_id,,,available,official_disclosure,부평구
B000008804,부광중학교,37.50101254,126.7374688,인천광역시 부평구 충선로 140,중학교,공립,2026-03-20,https://www.data.go.kr/data/15021148/standard.do,official_school_id,,,available,official_disclosure,부평구
B000008805,구산중학교,37.5046493,126.7418432,인천광역시 부평구 수변로 199,중학교,공립,2026-03-20,https://www.data.go.kr/data/15021148/standard.do,official_school_id,,,available,official_disclosure,부평구
B000008806,인천상정중학교,37.47903727,126.6941199,인천광역시 부평구 경원대로 1083,중학교,공립,2026-03-20,https://www.data.go.kr/data/15021148/standard.do,official_school_id,,,available,official_disclosure,부평구
B000008807,부일중학교,37.52074703,126.7405096,인천광역시 부평구 영성로 3,중학교,공립,2026-03-20,https://www.data.go.kr/data/15021148/standard.do,official_school_id,,,available,official_disclosure,부평구
B000008808,진산중학교,37.50945861,126.74031,인천광역시 부평구 충선로234번길 70,중학교,공립,2026-03-20,https://www.data.go.kr/data/15021148/standard.do,official_school_id,,,available,official_disclosure,부평구
B000008809,인천중학교,37.42145747,126.6889356,인천광역시 연수구 함박뫼로 203,중학교,공립,2026-03-20,https://www.data.go.kr/data/15021148/standard.do,official_school_id,,,available,official_disclosure,연수구
B000008810,인천여자중학교,37.40452387,126.6739504,인천광역시 연수구 원인재로 47,중학교,공립,2026-03-20,https://www.data.go.kr/data/15021148/standard.do,official_school_id,,,available,official_disclosure,연수구
B000008812,선학중학교,37.42065709,126.6984252,인천광역시 연수구 선학로 19,중학교,공립,2026-03-20,https://www.data.go.kr/data/15021148/standard.do,official_school_id,,,available,official_disclosure,연수구
B000008813,연수중학교,37.41679495,126.6864287,인천광역시 연수구 원인재로 231,중학교,공립,2026-03-20,https://www.data.go.kr/data/15021148/standard.do,official_school_id,,,available,official_disclosure,연수구
B000008814,청학중학교,37.41850497,126.6704884,인천광역시 연수구 함박뫼로 5,중학교,공립,2026-03-20,https://www.data.go.kr/data/15021148/standard.do,official_school_id,,,available,official_disclosure,연수구
B000008815,청량중학교,37.41044031,126.6735294,인천광역시 연수구 먼우금로 138,중학교,공립,2026-03-20,https://www.data.go.kr/data/15021148/standard.do,official_school_id,,,available,official_disclosure,연수구
B000008816,신송중학교,37.38938908,126.6566575,인천광역시 연수구 해돋이로56번길 12,중학교,공립,2026-03-20,https://www.data.go.kr/data/15021148/standard.do,official_school_id,,,available,official_disclosure,연수구
B000008817,연화중학교,37.41233122,126.6803368,인천광역시 연수구 용담로 156,중학교,공립,2026-03-20,https://www.data.go.kr/data/15021148/standard.do,official_school_id,,,available,official_disclosure,연수구
B000008818,연성중학교,37.40899233,126.6773207,인천광역시 연수구 원인재로 105,중학교,공립,2026-03-20,https://www.data.go.kr/data/15021148/standard.do,official_school_id,,,available,official_disclosure,연수구
B000008819,함박중학교,37.42443194,126.6615319,인천광역시 연수구 솔샘로 143,중학교,공립,2026-03-20,https://www.data.go.kr/data/15021148/standard.do,official_school_id,,,available,official_disclosure,연수구
B000008820,옥련중학교,37.42666856,126.6540099,인천광역시 연수구 청량로 222,중학교,공립,2026-03-20,https://www.data.go.kr/data/15021148/standard.do,official_school_id,,,available,official_disclosure,연수구
B000008821,인송중학교,37.42690268,126.6426349,인천광역시 연수구 능허대로79번길 55,중학교,공립,2026-03-20,https://www.data.go.kr/data/15021148/standard.do,official_school_id,,,available,official_disclosure,연수구
B000008822,인천해송중학교,37.37990415,126.6484699,인천광역시 연수구 해송로 148,중학교,공립,2026-03-20,https://www.data.go.kr/data/15021148/standard.do,official_school_id,,,available,official_disclosure,연수구
B000008823,인천신정중학교,37.4036411,126.6461098,인천광역시 연수구 컨벤시아대로42번길 80,중학교,공립,2026-03-20,https://www.data.go.kr/data/15021148/standard.do,official_school_id,,,available,official_disclosure,연수구
B000008824,동인천중학교,37.45482878,126.697536,인천광역시 남동구 구월남로57번길 12,중학교,공립,2026-03-20,https://www.data.go.kr/data/15021148/standard.do,official_school_id,,,available,official_disclosure,남동구
B000008825,상인천중학교,37.46140184,126.7161385,인천광역시 남동구 백범로297번길 21,중학교,공립,2026-03-20,https://www.data.go.kr/data/15021148/standard.do,official_school_id,,,available,official_disclosure,남동구
B000008826,만수중학교,37.45480199,126.73748,인천광역시 남동구 인수로 13,중학교,공립,2026-03-20,https://www.data.go.kr/data/15021148/standard.do,official_school_id,,,available,official_disclosure,남동구
B000008827,구월중학교,37.45564732,126.7088267,인천광역시 남동구 남동대로 814,중학교,공립,2026-03-20,https://www.data.go.kr/data/15021148/standard.do,official_school_id,,,available,official_disclosure,남동구
B000008828,만수북중학교,37.46188844,126.739112,인천광역시 남동구 만수서로 117,중학교,공립,2026-03-20,https://www.data.go.kr/data/15021148/standard.do,official_school_id,,,available,official_disclosure,남동구
B000008829,상인천여자중학교,37.45563164,126.6993977,인천광역시 남동구 문화로169번길 30,중학교,공립,2026-03-20,https://www.data.go.kr/data/15021148/standard.do,official_school_id,,,available,official_disclosure,남동구
B000008830,간석여자중학교,37.46837559,126.710288,인천광역시 남동구 간석로25번길 13,중학교,공립,2026-03-20,https://www.data.go.kr/data/15021148/standard.do,official_school_id,,,available,official_disclosure,남동구
B000008831,구월여자중학교,37.44854554,126.7027391,인천광역시 남동구 성말로13번길 78,중학교,공립,2026-03-20,https://www.data.go.kr/data/15021148/standard.do,official_school_id,,,available,official_disclosure,남동구
B000008832,만수여자중학교,37.45920281,126.7339412,인천광역시 남동구 만수로50번길 22-36,중학교,공립,2026-03-20,https://www.data.go.kr/data/15021148/standard.do,official_school_id,,,available,official_disclosure,남동구
B000008833,남동중학교,37.44026785,126.7382054,인천광역시 남동구 담방로 7,중학교,공립,2026-03-20,https://www.data.go.kr/data/15021148/standard.do,official_school_id,,,available,official_disclosure,남동구
B000008834,인천서창중학교,37.43371946,126.7498088,인천광역시 남동구 독곡로60번길 16,중학교,공립,2026-03-20,https://www.data.go.kr/data/15021148/standard.do,official_school_id,,,available,official_disclosure,남동구
B000008835,인천사리울중학교,37.38569699,126.720128,인천광역시 남동구 에코중앙로84번길 12,중학교,공립,2026-03-20,https://www.data.go.kr/data/15021148/standard.do,official_school_id,,,available,official_disclosure,남동구
B000008836,석정중학교,37.46921025,126.6937555,인천광역시 남동구 방축로469번길 1,중학교,공립,2026-03-20,https://www.data.go.kr/data/15021148/standard.do,official_school_id,,,available,official_disclosure,남동구
B000008837,인천정각중학교,37.45561561,126.7167721,인천광역시 남동구 구월로 240,중학교,공립,2026-03-20,https://www.data.go.kr/data/15021148/standard.do,official_school_id,,,available,official_disclosure,남동구
B000008838,인천동방중학교,37.40431576,126.7192593,인천광역시 남동구 논현역로 41,중학교,공립,2026-03-20,https://www.data.go.kr/data/15021148/standard.do,official_school_id,,,available,official_disclosure,남동구
B000008839,인천성리중학교,37.44498465,126.7098073,인천광역시 남동구 성리로 26,중학교,공립,2026-03-20,https://www.data.go.kr/data/15021148/standard.do,official_school_id,,,available,official_disclosure,남동구
B000008840,인천고잔중학교,37.39602955,126.7318796,인천광역시 남동구 논고개로 20,중학교,공립,2026-03-20,https://www.data.go.kr/data/15021148/standard.do,official_school_id,,,available,official_disclosure,남동구
B000008841,인천논현중학교,37.40859026,126.7328625,인천광역시 남동구 포구로 118,중학교,공립,2026-03-20,https://www.data.go.kr/data/15021148/standard.do,official_school_id,,,available,official_disclosure,남동구
B000008842,논곡중학교,37.41492161,126.7120866,인천광역시 남동구 논곡로 84,중학교,공립,2026-03-20,https://www.data.go.kr/data/15021148/standard.do,official_school_id,,,available,official_disclosure,남동구
B000008843,만성중학교,37.44923153,126.7379834,인천광역시 남동구 인주대로 899,중학교,공립,2026-03-20,https://www.data.go.kr/data/15021148/standard.do,official_school_id,,,available,official_disclosure,남동구
B000008845,숭덕여자중학교,37.46428211,126.7339171,인천광역시 남동구 만수로73번길 20-23,중학교,사립,2026-03-20,https://www.data.go.kr/data/15021148/standard.do,official_school_id,,,available,official_disclosure,남동구
B000008846,계산중학교,37.53455221,126.7425839,인천광역시 계양구 도두리로 67-16,중학교,공립,2026-03-20,https://www.data.go.kr/data/15021148/standard.do,official_school_id,,,available,official_disclosure,계양구
B000008847,인천효성중학교,37.53744928,126.7102746,인천광역시 계양구 안남로 607,중학교,공립,2026-03-20,https://www.data.go.kr/data/15021148/standard.do,official_school_id,,,available,official_disclosure,계양구
B000008848,북인천여자중학교,37.52650954,126.7017954,인천광역시 계양구 아나지로85번길 12,중학교,공립,2026-03-20,https://www.data.go.kr/data/15021148/standard.do,official_school_id,,,available,official_disclosure,계양구
B000008849,계산여자중학교,37.53635047,126.7326684,인천광역시 계양구 장제로755번길 16,중학교,공립,2026-03-20,https://www.data.go.kr/data/15021148/standard.do,official_school_id,,,available,official_disclosure,계양구
B000008850,북인천중학교,37.54258661,126.7171108,인천광역시 계양구 계산로22번길 6,중학교,공립,2026-03-20,https://www.data.go.kr/data/15021148/standard.do,official_school_id,,,available,official_disclosure,계양구
B000008851,인천계수중학교,37.53515968,126.7449188,인천광역시 계양구 살라리로2번길 25,중학교,공립,2026-03-20,https://www.data.go.kr/data/15021148/standard.do,official_school_id,,,available,official_disclosure,계양구
B000008852,서운중학교,37.52615511,126.744796,인천광역시 계양구 아나지로 467,중학교,공립,2026-03-20,https://www.data.go.kr/data/15021148/standard.do,official_school_id,,,available,official_disclosure,계양구
B000008853,임학중학교,37.54602183,126.7402436,인천광역시 계양구 장제로 894,중학교,공립,2026-03-20,https://www.data.go.kr/data/15021148/standard.do,official_school_id,,,available,official_disclosure,계양구
B000008854,인천양촌중학교,37.55032708,126.7450048,인천광역시 계양구 장제로948번길 13,중학교,공립,2026-03-20,https://www.data.go.kr/data/15021148/standard.do,official_school_id,,,available,official_disclosure,계양구
B000008855,인천동양중학교,37.56235282,126.7606074,인천광역시 계양구 당미길 56,중학교,공립,2026-03-20,https://www.data.go.kr/data/15021148/standard.do,official_school_id,,,available,official_disclosure,계양구
B000008856,계양중학교,37.5689105,126.7382324,인천광역시 계양구 장제로1181번길 9,중학교,공립,2026-03-20,https://www.data.go.kr/data/15021148/standard.do,official_school_id,,,available,official_disclosure,계양구
B000008857,인천예일중학교,37.55460621,126.7405362,인천광역시 계양구 장제로995번길 39,중학교,공립,2026-03-20,https://www.data.go.kr/data/15021148/standard.do,official_school_id,,,available,official_disclosure,계양구
B000008858,인천안남중학교,37.53945155,126.730699,인천광역시 계양구 계산새로33번길 5,중학교,공립,2026-03-20,https://www.data.go.kr/data/15021148/standard.do,official_school_id,,,available,official_disclosure,계양구
B000008859,작전중학교,37.5335682,126.7294678,인천광역시 계양구 주부토로448번길 16,중학교,공립,2026-03-20,https://www.data.go.kr/data/15021148/standard.do,official_school_id,,,available,official_disclosure,계양구
B000008860,명현중학교,37.53199958,126.7137307,인천광역시 계양구 안남로554번길 26,중학교,공립,2026-03-20,https://www.data.go.kr/data/15021148/standard.do,official_school_id,,,available,official_disclosure,계양구
B000008861,인천해원중학교,37.52723444,126.6280402,인천광역시 서구 청라한내로 21,중학교,공립,2026-03-20,https://www.data.go.kr/data/15021148/standard.do,official_school_id,,,available,official_disclosure,서구
B000008862,인천초은중학교,37.52838091,126.6539276,인천광역시 서구 청라라임로 10,중학교,공립,2026-03-20,https://www.data.go.kr/data/15021148/standard.do,official_school_id,,,available,official_disclosure,서구
B000008863,신현중학교,37.51991492,126.6642505,인천광역시 서구 원창로131번길 23,중학교,공립,2026-03-20,https://www.data.go.kr/data/15021148/standard.do,official_school_id,,,available,official_disclosure,서구
B000008864,가좌중학교,37.495703,126.6797136,인천광역시 서구 건지로334번길 31,중학교,공립,2026-03-20,https://www.data.go.kr/data/15021148/standard.do,official_school_id,,,available,official_disclosure,서구
B000008865,제물포중학교,37.48924024,126.687197,인천광역시 서구 여우재로112번길 7,중학교,공립,2026-03-20,https://www.data.go.kr/data/15021148/standard.do,official_school_id,,,available,official_disclosure,서구
B000008866,검암중학교,37.56723223,126.67879,인천광역시 서구 검암로29번길 12,중학교,공립,2026-03-20,https://www.data.go.kr/data/15021148/standard.do,official_school_id,,,available,official_disclosure,서구
B000008867,인천가좌여자중학교,37.50858787,126.679282,인천광역시 서구 서달로 110,중학교,공립,2026-03-20,https://www.data.go.kr/data/15021148/standard.do,official_school_id,,,available,official_disclosure,서구
B000008868,가정여자중학교,37.48538158,126.6853919,인천광역시 서구 고래울로28번길 13,중학교,공립,2026-03-20,https://www.data.go.kr/data/15021148/standard.do,official_school_id,,,available,official_disclosure,서구
B000008869,동인천여자중학교,37.49003475,126.6880861,인천광역시 서구 여우재로112번길 13,중학교,공립,2026-03-20,https://www.data.go.kr/data/15021148/standard.do,official_school_id,,,available,official_disclosure,서구
B000008870,신현여자중학교,37.52085971,126.6642185,인천광역시 서구 새오개로111번길 15,중학교,공립,2026-03-20,https://www.data.go.kr/data/15021148/standard.do,official_school_id,,,available,official_disclosure,서구
B000008871,백석중학교,37.57941676,126.6742445,인천광역시 서구 서곶로 695,중학교,공립,2026-03-20,https://www.data.go.kr/data/15021148/standard.do,official_school_id,,,available,official_disclosure,서구
B000008872,인천청라중학교,37.53783941,126.653874,인천광역시 서구 청라라임로 112,중학교,공립,2026-03-20,https://www.data.go.kr/data/15021148/standard.do,official_school_id,,,available,official_disclosure,서구
B000008873,인천석남중학교,37.49898695,126.6795646,인천광역시 서구 건지로 333,중학교,공립,2026-03-20,https://www.data.go.kr/data/15021148/standard.do,official_school_id,,,available,official_disclosure,서구
B000008874,검단중학교,37.6035808,126.6577475,인천광역시 서구 완정로188번길 12,중학교,공립,2026-03-20,https://www.data.go.kr/data/15021148/standard.do,official_school_id,,,available,official_disclosure,서구
B000008875,불로중학교,37.61559293,126.6952144,인천광역시 서구 고산후로 363,중학교,공립,2026-03-20,https://www.data.go.kr/data/15021148/standard.do,official_school_id,,,available,official_disclosure,서구
B000008876,인천당하중학교,37.59060591,126.6695556,인천광역시 서구 청마로 38,중학교,공립,2026-03-20,https://www.data.go.kr/data/15021148/standard.do,official_school_id,,,available,official_disclosure,서구
B000008877,원당중학교,37.59640974,126.7033113,인천광역시 서구 고산로40번길 22,중학교,공립,2026-03-20,https://www.data.go.kr/data/15021148/standard.do,official_school_id,,,available,official_disclosure,서구
B000008878,마전중학교,37.59793339,126.6652932,인천광역시 서구 완정로 91,중학교,공립,2026-03-20,https://www.data.go.kr/data/15021148/standard.do,official_school_id,,,available,official_disclosure,서구
B000008879,인천가현중학교,37.52109126,126.6685551,인천광역시 서구 염곡로 409,중학교,공립,2026-03-20,https://www.data.go.kr/data/15021148/standard.do,official_school_id,,,available,official_disclosure,서구
B000008880,서곶중학교,37.54935316,126.6711893,인천광역시 서구 대평로56번길 22,중학교,공립,2026-03-20,https://www.data.go.kr/data/15021148/standard.do,official_school_id,,,available,official_disclosure,서구
B000008881,간재울중학교,37.56290197,126.6763165,인천광역시 서구 승학로512번길 34,중학교,공립,2026-03-20,https://www.data.go.kr/data/15021148/standard.do,official_school_id,,,available,official_disclosure,서구
B000008882,강남중학교,37.64384136,126.4790998,인천광역시 강화군 길상면 강화남로 62-2,중학교,공립,2026-03-20,https://www.data.go.kr/data/15021148/standard.do,official_school_id,,,available,official_disclosure,강화군
B000008883,심도중학교,37.63128211,126.4212324,인천광역시 강화군 화도면 마니산로 703-20,중학교,공립,2026-03-20,https://www.data.go.kr/data/15021148/standard.do,official_school_id,,,available,official_disclosure,강화군
B000008884,동광중학교,37.66237195,126.4231998,인천광역시 강화군 양도면 강화남로 704,중학교,사립,2026-03-20,https://www.data.go.kr/data/15021148/standard.do,official_school_id,,,available,official_disclosure,강화군
B000008885,강화중학교,37.75040512,126.4910321,인천광역시 강화군 강화읍 동문로 53,중학교,공립,2026-03-20,https://www.data.go.kr/data/15021148/standard.do,official_school_id,,,available,official_disclosure,강화군
B000008886,강화여자중학교,37.74429631,126.4950253,인천광역시 강화군 강화읍 갑룡길 11,중학교,공립,2026-03-20,https://www.data.go.kr/data/15021148/standard.do,official_school_id,,,available,official_disclosure,강화군
B000008887,강서중학교,37.77311093,126.3881076,인천광역시 강화군 하점면 강화서로 909-19,중학교,공립,2026-03-20,https://www.data.go.kr/data/15021148/standard.do,official_school_id,,,available,official_disclosure,강화군
B000008888,교동중학교,37.77846268,126.2843169,인천광역시 강화군 교동면 교동남로 77,중학교,공립,2026-03-20,https://www.data.go.kr/data/15021148/standard.do,official_school_id,,,available,official_disclosure,강화군
B000008889,서도중학교,37.64807632,126.2524746,인천광역시 강화군 서도면 주문도길 173,중학교,공립,2026-03-20,https://www.data.go.kr/data/15021148/standard.do,official_school_id,,,available,official_disclosure,강화군
B000008891,승영중학교,37.70167532,126.3187693,인천광역시 강화군 삼산면 삼산북로473번길 47,중학교,사립,2026-03-20,https://www.data.go.kr/data/15021148/standard.do,official_school_id,,,available,official_disclosure,강화군
B000025201,만월중학교,37.42646913,126.7521837,인천광역시 남동구 서창남순환로 22,중학교,공립,2026-03-20,https://www.data.go.kr/data/15021148/standard.do,official_school_id,,,available,official_disclosure,남동구
B000025223,인천현송중학교,37.39296312,126.6197175,인천광역시 연수구 아카데미로312번길 84,중학교,공립,2026-03-20,https://www.data.go.kr/data/15021148/standard.do,official_school_id,,,available,official_disclosure,연수구
B000025230,박문중학교,37.38565091,126.6723684,인천광역시 연수구 송도과학로51번길 102,중학교,사립,2026-03-20,https://www.data.go.kr/data/15021148/standard.do,official_school_id,,,available,official_disclosure,연수구
B000025231,인천예송중학교,37.38341562,126.6275486,인천광역시 연수구 아카데미로 212,중학교,공립,2026-03-20,https://www.data.go.kr/data/15021148/standard.do,official_school_id,,,available,official_disclosure,연수구
B000025237,능허대중학교,37.37353727,126.6578118,인천광역시 연수구 송도교육로 31,중학교,공립,2026-03-20,https://www.data.go.kr/data/15021148/standard.do,official_school_id,,,available,official_disclosure,연수구
B000025245,인천미송중학교,37.41595901,126.6131619,인천광역시 연수구 아카데미로 679,중학교,공립,2026-03-20,https://www.data.go.kr/data/15021148/standard.do,official_school_id,,,available,official_disclosure,연수구
B000025682,인천운서중학교,37.49069616,126.5051066,인천광역시 중구 하늘초롱길 73,중학교,공립,2026-03-20,https://www.data.go.kr/data/15021148/standard.do,official_school_id,,,available,official_disclosure,중구
B000025683,인천하늘중학교,37.4838328,126.543285,인천광역시 중구 찬들로284번길 16,중학교,공립,2026-03-20,https://www.data.go.kr/data/15021148/standard.do,official_school_id,,,available,official_disclosure,중구
B000025754,인천경연중학교,37.53849651,126.6262363,인천광역시 서구 차오름로 64,중학교,공립,2026-03-20,https://www.data.go.kr/data/15021148/standard.do,official_school_id,,,available,official_disclosure,서구
B000025755,인천청람중학교,37.5387195,126.6438114,인천광역시 서구 청라커낼로 335,중학교,공립,2026-03-20,https://www.data.go.kr/data/15021148/standard.do,official_school_id,,,available,official_disclosure,서구
B000025767,인천단봉중학교,37.59537321,126.6353282,인천광역시 서구 봉화로15번길 10,중학교,공립,2026-03-20,https://www.data.go.kr/data/15021148/standard.do,official_school_id,,,available,official_disclosure,서구
B000026475,인천아라중학교,37.5859775,126.7037957,인천광역시 서구 서로2로 50,중학교,공립,2026-03-20,https://www.data.go.kr/data/15021148/standard.do,official_school_id,,,available,official_disclosure,서구
B000026480,인천이음중학교,37.59966154,126.7117777,인천광역시 서구 이음1로 455,중학교,공립,2026-03-20,https://www.data.go.kr/data/15021148/standard.do,official_school_id,,,available,official_disclosure,서구
B000026513,인천루원중학교,37.53130753,126.6685189,인천광역시 서구 염곡로 517,중학교,공립,2026-03-20,https://www.data.go.kr/data/15021148/standard.do,official_school_id,,,available,official_disclosure,서구
B000027506,인천중산중학교,37.49835809,126.5709929,인천광역시 중구 두미포로 189,중학교,공립,2026-03-20,https://www.data.go.kr/data/15021148/standard.do,official_school_id,,,available,official_disclosure,중구
B000030434,인천청호중학교,37.53864489,126.6415165,인천광역시 서구 청라한울로 44,중학교,공립,2026-03-20,https://www.data.go.kr/data/15021148/standard.do,official_school_id,,,available,official_disclosure,서구
B000030812,인천은송중학교,37.41613329,126.6302627,인천광역시 연수구 센트럴로 464,중학교,공립,2026-03-20,https://www.data.go.kr/data/15021148/standard.do,official_school_id,,,available,official_disclosure,연수구
B000002949,인천신흥초등학교,37.47024571,126.6282027,인천광역시 중구 제물량로 134,초등학교,공립,2026-03-20,https://www.data.go.kr/data/15021148/standard.do,official_school_id,,,available,official_disclosure,중구
B000002950,인천신광초등학교,37.4636758,126.634803,인천광역시 중구 인중로 63,초등학교,공립,2026-03-20,https://www.data.go.kr/data/15021148/standard.do,official_school_id,,,available,official_disclosure,중구
B000002951,인천신선초등학교,37.45138643,126.6275735,인천광역시 중구 축항대로291번길 33,초등학교,공립,2026-03-20,https://www.data.go.kr/data/15021148/standard.do,official_school_id,,,available,official_disclosure,중구
B000002952,인천송월초등학교,37.47887903,126.6246821,인천광역시 중구 자유공원로 106-8,초등학교,공립,2026-03-20,https://www.data.go.kr/data/15021148/standard.do,official_school_id,,,available,official_disclosure,중구
B000002953,인천운서초등학교,37.483529,126.5120243,인천광역시 중구 운서2로 57,초등학교,공립,2026-03-20,https://www.data.go.kr/data/15021148/standard.do,official_school_id,,,available,official_disclosure,중구
B000002954,인천용유초등학교,37.44822388,126.4123542,인천광역시 중구 남북로87번길 4,초등학교,공립,2026-03-20,https://www.data.go.kr/data/15021148/standard.do,official_school_id,,,available,official_disclosure,중구
B000002955,인천연안초등학교,37.45368752,126.6076254,인천광역시 중구 연안부두로33번길 53,초등학교,공립,2026-03-20,https://www.data.go.kr/data/15021148/standard.do,official_school_id,,,available,official_disclosure,중구
B000002956,인천운남초등학교,37.49040132,126.5303946,인천광역시 중구 운남서로 38,초등학교,공립,2026-03-20,https://www.data.go.kr/data/15021148/standard.do,official_school_id,,,available,official_disclosure,중구
B000002957,인천공항초등학교,37.49186253,126.4860008,인천광역시 중구 신도시남로 43,초등학교,공립,2026-03-20,https://www.data.go.kr/data/15021148/standard.do,official_school_id,,,available,official_disclosure,중구
B000002958,인천삼목초등학교,37.49866348,126.486412,인천광역시 중구 신도시북로 42,초등학교,공립,2026-03-20,https://www.data.go.kr/data/15021148/standard.do,official_school_id,,,available,official_disclosure,중구
B000002959,인천영종초등학교,37.48865901,126.5537236,인천광역시 중구 하늘달빛로 133,초등학교,공립,2026-03-20,https://www.data.go.kr/data/15021148/standard.do,official_school_id,,,available,official_disclosure,중구
B000002960,인성초등학교,37.4739458,126.624248,인천광역시 중구 신포로39번길 42,초등학교,사립,2026-03-20,https://www.data.go.kr/data/15021148/standard.do,official_school_id,,,available,official_disclosure,중구
B000002962,인천영종초등학교금산분교장,37.51341888,126.521452,인천광역시 중구 백운로414번길 63-50,초등학교,공립,2026-03-20,https://www.data.go.kr/data/15021148/standard.do,official_school_id,,,available,official_disclosure,중구
B000002963,인천만석초등학교,37.48449887,126.6279399,인천광역시 동구 제물량로 412,초등학교,공립,2026-03-20,https://www.data.go.kr/data/15021148/standard.do,official_school_id,,,available,official_disclosure,동구
B000002964,인천송현초등학교,37.48190454,126.6340347,인천광역시 동구 송화로 45,초등학교,공립,2026-03-20,https://www.data.go.kr/data/15021148/standard.do,official_school_id,,,available,official_disclosure,동구
B000002965,인천창영초등학교,37.47158502,126.6396954,인천광역시 동구 우각로15번길 16,초등학교,공립,2026-03-20,https://www.data.go.kr/data/15021148/standard.do,official_school_id,,,available,official_disclosure,동구
B000002966,인천송림초등학교,37.47377103,126.6374351,인천광역시 동구 화도진로 10,초등학교,공립,2026-03-20,https://www.data.go.kr/data/15021148/standard.do,official_school_id,,,available,official_disclosure,동구
B000002967,인천서흥초등학교,37.47865812,126.6445955,인천광역시 동구 샛골로 189,초등학교,공립,2026-03-20,https://www.data.go.kr/data/15021148/standard.do,official_school_id,,,available,official_disclosure,동구
B000002968,인천서림초등학교,37.47540994,126.6460179,인천광역시 동구 금곡로 105,초등학교,공립,2026-03-20,https://www.data.go.kr/data/15021148/standard.do,official_school_id,,,available,official_disclosure,동구
B000002969,인천동명초등학교,37.47411142,126.6420423,인천광역시 동구 송림로70번길 10,초등학교,사립,2026-03-20,https://www.data.go.kr/data/15021148/standard.do,official_school_id,,,available,official_disclosure,동구
B000002970,영화초등학교,37.47139745,126.6403955,인천광역시 동구 우각로 39,초등학교,사립,2026-03-20,https://www.data.go.kr/data/15021148/standard.do,official_school_id,,,available,official_disclosure,동구
B000002971,인천숭의초등학교,37.46371972,126.6557067,인천광역시 미추홀구 장천로 99,초등학교,공립,2026-03-20,https://www.data.go.kr/data/15021148/standard.do,official_school_id,,,available,official_disclosure,미추홀구
B000002972,인천용정초등학교,37.45943698,126.657235,인천광역시 미추홀구 독정안길 26,초등학교,공립,2026-03-20,https://www.data.go.kr/data/15021148/standard.do,official_school_id,,,available,official_disclosure,미추홀구
B000002973,인천용일초등학교,37.45245007,126.6633622,인천광역시 미추홀구 인주대로 244,초등학교,공립,2026-03-20,https://www.data.go.kr/data/15021148/standard.do,official_school_id,,,available,official_disclosure,미추홀구
B000002974,인천용현초등학교,37.45311116,126.6408079,인천광역시 미추홀구 낙섬동로 83,초등학교,공립,2026-03-20,https://www.data.go.kr/data/15021148/standard.do,official_school_id,,,available,official_disclosure,미추홀구
B000002975,인천용현남초등학교,37.4478941,126.64196,인천광역시 미추홀구 매소홀로 133,초등학교,공립,2026-03-20,https://www.data.go.kr/data/15021148/standard.do,official_school_id,,,available,official_disclosure,미추홀구
B000002976,인천학산초등학교,37.43982892,126.65816,인천광역시 미추홀구 한나루로357번길 66,초등학교,공립,2026-03-20,https://www.data.go.kr/data/15021148/standard.do,official_school_id,,,available,official_disclosure,미추홀구
B000002977,인천백학초등학교,37.43892166,126.671948,인천광역시 미추홀구 매소홀로446번길 25,초등학교,공립,2026-03-20,https://www.data.go.kr/data/15021148/standard.do,official_school_id,,,available,official_disclosure,미추홀구
B000002978,인천도화초등학교,37.46314321,126.667845,인천광역시 미추홀구 경인로 242,초등학교,공립,2026-03-20,https://www.data.go.kr/data/15021148/standard.do,official_school_id,,,available,official_disclosure,미추홀구
B000002979,인천문학초등학교,37.4398904,126.6828332,인천광역시 미추홀구 매소홀로 553,초등학교,공립,2026-03-20,https://www.data.go.kr/data/15021148/standard.do,official_school_id,,,available,official_disclosure,미추홀구
B000002980,인천관교초등학교,37.44625655,126.69278,인천광역시 미추홀구 인하로 414,초등학교,공립,2026-03-20,https://www.data.go.kr/data/15021148/standard.do,official_school_id,,,available,official_disclosure,미추홀구
B000002981,인천경원초등학교,37.46136602,126.6957692,인천광역시 미추홀구 경인로 511,초등학교,공립,2026-03-20,https://www.data.go.kr/data/15021148/standard.do,official_school_id,,,available,official_disclosure,미추홀구
B000002982,인천석암초등학교,37.46235,126.6867275,인천광역시 미추홀구 주안동로 46,초등학교,공립,2026-03-20,https://www.data.go.kr/data/15021148/standard.do,official_school_id,,,available,official_disclosure,미추홀구
B000002983,인천남부초등학교,37.45036277,126.6758729,인천광역시 미추홀구 인주대로366번길 22,초등학교,공립,2026-03-20,https://www.data.go.kr/data/15021148/standard.do,official_school_id,,,available,official_disclosure,미추홀구
B000002984,인천승학초등학교,37.44040271,126.6965588,인천광역시 미추홀구 주승로 259,초등학교,공립,2026-03-20,https://www.data.go.kr/data/15021148/standard.do,official_school_id,,,available,official_disclosure,미추홀구
B000002985,인천서화초등학교,37.47398641,126.6608141,인천광역시 미추홀구 송림로 250,초등학교,공립,2026-03-20,https://www.data.go.kr/data/15021148/standard.do,official_school_id,,,available,official_disclosure,미추홀구
B000002986,인천대화초등학교,37.46903368,126.6685133,인천광역시 미추홀구 석정로301번길 13,초등학교,공립,2026-03-20,https://www.data.go.kr/data/15021148/standard.do,official_school_id,,,available,official_disclosure,미추홀구
B000002987,인천주안북초등학교,37.46816063,126.6780956,인천광역시 미추홀구 석정로375번길 14,초등학교,공립,2026-03-20,https://www.data.go.kr/data/15021148/standard.do,official_school_id,,,available,official_disclosure,미추홀구
B000002989,인천주안남초등학교,37.44955342,126.6850024,인천광역시 미추홀구 인주대로434번길 11,초등학교,공립,2026-03-20,https://www.data.go.kr/data/15021148/standard.do,official_school_id,,,available,official_disclosure,미추홀구
B000002990,인천학익초등학교,37.44706316,126.6586364,인천광역시 미추홀구 한나루로403번길 122,초등학교,공립,2026-03-20,https://www.data.go.kr/data/15021148/standard.do,official_school_id,,,available,official_disclosure,미추홀구
B000002991,인천인주초등학교,37.44238998,126.6737257,인천광역시 미추홀구 매소홀로475번길 53,초등학교,공립,2026-03-20,https://www.data.go.kr/data/15021148/standard.do,official_school_id,,,available,official_disclosure,미추홀구
B000002992,인천연학초등학교,37.44356467,126.6719174,인천광역시 미추홀구 주승로 20,초등학교,공립,2026-03-20,https://www.data.go.kr/data/15021148/standard.do,official_school_id,,,available,official_disclosure,미추홀구
B000002993,연평초등학교,37.66412421,125.7010233,인천광역시 옹진군 연평면 연평로137번길 101,초등학교,공립,2026-03-20,https://www.data.go.kr/data/15021148/standard.do,official_school_id,,,available,official_disclosure,옹진군
B000002994,대청초등학교,37.83260281,124.6968435,인천광역시 옹진군 대청면 대청로244번길 110,초등학교,공립,2026-03-20,https://www.data.go.kr/data/15021148/standard.do,official_school_id,,,available,official_disclosure,옹진군
B000002995,영흥초등학교,37.25379102,126.4668803,인천광역시 옹진군 영흥면 영흥로 440-8,초등학교,공립,2026-03-20,https://www.data.go.kr/data/15021148/standard.do,official_school_id,,,available,official_disclosure,옹진군
B000002996,덕적초등학교,37.22538058,126.1481953,인천광역시 옹진군 덕적면 덕적남로 15,초등학교,공립,2026-03-20,https://www.data.go.kr/data/15021148/standard.do,official_school_id,,,available,official_disclosure,옹진군
B000002997,북포초등학교,37.95861923,124.6616246,인천광역시 옹진군 백령면 가을길 117,초등학교,공립,2026-03-20,https://www.data.go.kr/data/15021148/standard.do,official_school_id,,,available,official_disclosure,옹진군
B000002998,백령초등학교,37.97538221,124.7153331,인천광역시 옹진군 백령면 백령로316번길 91,초등학교,공립,2026-03-20,https://www.data.go.kr/data/15021148/standard.do,official_school_id,,,available,official_disclosure,옹진군
B000002999,인천공항초등학교신도분교장,37.52007825,126.4427803,인천광역시 옹진군 북도면 신도로896번길 18-31,초등학교,공립,2026-03-20,https://www.data.go.kr/data/15021148/standard.do,official_school_id,,,available,official_disclosure,옹진군
B000003000,인천삼목초등학교장봉분교장,37.5339125,126.3376011,인천광역시 옹진군 북도면 장봉로 553,초등학교,공립,2026-03-20,https://www.data.go.kr/data/15021148/standard.do,official_school_id,,,available,official_disclosure,옹진군
B000003004,인천남부초등학교이작분교장,37.17676235,126.2527598,인천광역시 옹진군 자월면 대이작로 60,초등학교,공립,2026-03-20,https://www.data.go.kr/data/15021148/standard.do,official_school_id,,,available,official_disclosure,옹진군
B000003005,인천용현남초등학교자월분교장,37.2530353,126.3066329,인천광역시 옹진군 자월면 자월서로 177,초등학교,공립,2026-03-20,https://www.data.go.kr/data/15021148/standard.do,official_school_id,,,available,official_disclosure,옹진군
B000003006,인천부평서초등학교,37.49511249,126.7218358,인천광역시 부평구 부평문화로53번길 19,초등학교,공립,2026-03-20,https://www.data.go.kr/data/15021148/standard.do,official_school_id,,,available,official_disclosure,부평구
B000003007,인천부곡초등학교,37.50351243,126.707099,인천광역시 부평구 마장로272번길 73,초등학교,공립,2026-03-20,https://www.data.go.kr/data/15021148/standard.do,official_school_id,,,available,official_disclosure,부평구
B000003008,인천마곡초등학교,37.51206357,126.6978699,인천광역시 부평구 마곡로27번길 16,초등학교,공립,2026-03-20,https://www.data.go.kr/data/15021148/standard.do,official_school_id,,,available,official_disclosure,부평구
B000003009,인천대정초등학교,37.4932149,126.7098548,인천광역시 부평구 안남로 115,초등학교,공립,2026-03-20,https://www.data.go.kr/data/15021148/standard.do,official_school_id,,,available,official_disclosure,부평구
B000003010,인천청천초등학교,37.52046929,126.7003896,인천광역시 부평구 산청로127번길 10,초등학교,공립,2026-03-20,https://www.data.go.kr/data/15021148/standard.do,official_school_id,,,available,official_disclosure,부평구
B000003011,인천갈산초등학교,37.5125544,126.7283628,인천광역시 부평구 갈월동로 55,초등학교,공립,2026-03-20,https://www.data.go.kr/data/15021148/standard.do,official_school_id,,,available,official_disclosure,부평구
B000003012,인천후정초등학교,37.5231572,126.743587,인천광역시 부평구 영성서로 56,초등학교,공립,2026-03-20,https://www.data.go.kr/data/15021148/standard.do,official_school_id,,,available,official_disclosure,부평구
B000003013,인천영선초등학교,37.51537396,126.7344356,인천광역시 부평구 충선로 293,초등학교,공립,2026-03-20,https://www.data.go.kr/data/15021148/standard.do,official_school_id,,,available,official_disclosure,부평구
B000003014,인천진산초등학교,37.51294482,126.7416908,인천광역시 부평구 굴포로 194-10,초등학교,공립,2026-03-20,https://www.data.go.kr/data/15021148/standard.do,official_school_id,,,available,official_disclosure,부평구
B000003015,인천구산초등학교,37.50605262,126.7394438,인천광역시 부평구 부개로 93,초등학교,공립,2026-03-20,https://www.data.go.kr/data/15021148/standard.do,official_school_id,,,available,official_disclosure,부평구
B000003016,인천부일초등학교,37.50120165,126.741505,인천광역시 부평구 부흥북로 175,초등학교,공립,2026-03-20,https://www.data.go.kr/data/15021148/standard.do,official_school_id,,,available,official_disclosure,부평구
B000003017,인천부내초등학교,37.49815308,126.7417021,인천광역시 부평구 수변로 129,초등학교,공립,2026-03-20,https://www.data.go.kr/data/15021148/standard.do,official_school_id,,,available,official_disclosure,부평구
B000003018,인천부개서초등학교,37.48977696,126.7343965,인천광역시 부평구 부일로 39,초등학교,공립,2026-03-20,https://www.data.go.kr/data/15021148/standard.do,official_school_id,,,available,official_disclosure,부평구
B000003019,인천부광초등학교,37.49907609,126.7366456,인천광역시 부평구 충선로 104,초등학교,공립,2026-03-20,https://www.data.go.kr/data/15021148/standard.do,official_school_id,,,available,official_disclosure,부평구
B000003020,인천일신초등학교,37.48385816,126.7423924,인천광역시 부평구 항동로75번길 36,초등학교,공립,2026-03-20,https://www.data.go.kr/data/15021148/standard.do,official_school_id,,,available,official_disclosure,부평구
B000003021,인천금마초등학교,37.47847426,126.7492925,인천광역시 부평구 일신로 88,초등학교,공립,2026-03-20,https://www.data.go.kr/data/15021148/standard.do,official_school_id,,,available,official_disclosure,부평구
B000003022,인천상정초등학교,37.47985202,126.6988075,인천광역시 부평구 상정로 50,초등학교,공립,2026-03-20,https://www.data.go.kr/data/15021148/standard.do,official_school_id,,,available,official_disclosure,부평구
B000003023,인천부평북초등학교,37.52086593,126.7293597,인천광역시 부평구 주부토로 292,초등학교,공립,2026-03-20,https://www.data.go.kr/data/15021148/standard.do,official_school_id,,,available,official_disclosure,부평구
B000003024,인천갈월초등학교,37.51033274,126.7250527,인천광역시 부평구 주부토로 165,초등학교,공립,2026-03-20,https://www.data.go.kr/data/15021148/standard.do,official_school_id,,,available,official_disclosure,부평구
B000003025,인천부개초등학교,37.48566269,126.7382918,인천광역시 부평구 마분로 9,초등학교,공립,2026-03-20,https://www.data.go.kr/data/15021148/standard.do,official_school_id,,,available,official_disclosure,부평구
B000003026,인천동수초등학교,37.48438604,126.7311002,인천광역시 부평구 동수로120번길 10,초등학교,공립,2026-03-20,https://www.data.go.kr/data/15021148/standard.do,official_school_id,,,available,official_disclosure,부평구
B000003027,인천부원초등학교,37.50247054,126.7199279,인천광역시 부평구 원적로472번길 29,초등학교,공립,2026-03-20,https://www.data.go.kr/data/15021148/standard.do,official_school_id,,,available,official_disclosure,부평구
B000003028,인천부흥초등학교,37.49625571,126.7311865,인천광역시 부평구 부흥로366번길 34,초등학교,공립,2026-03-20,https://www.data.go.kr/data/15021148/standard.do,official_school_id,,,available,official_disclosure,부평구
B000003029,인천부평동초등학교,37.49951398,126.7244083,인천광역시 부평구 부평대로88번길 19,초등학교,공립,2026-03-20,https://www.data.go.kr/data/15021148/standard.do,official_school_id,,,available,official_disclosure,부평구
B000003030,인천부평남초등학교,37.48870871,126.7202026,인천광역시 부평구 경인로911번길 28,초등학교,공립,2026-03-20,https://www.data.go.kr/data/15021148/standard.do,official_school_id,,,available,official_disclosure,부평구
B000003031,인천산곡북초등학교,37.51140879,126.7016548,인천광역시 부평구 산청로 18,초등학교,공립,2026-03-20,https://www.data.go.kr/data/15021148/standard.do,official_school_id,,,available,official_disclosure,부평구
B000003032,인천산곡초등학교,37.50684551,126.7012024,인천광역시 부평구 길주로354번길 39,초등학교,공립,2026-03-20,https://www.data.go.kr/data/15021148/standard.do,official_school_id,,,available,official_disclosure,부평구
B000003033,인천부마초등학교,37.50634715,126.7058972,인천광역시 부평구 안남로253번길 41,초등학교,공립,2026-03-20,https://www.data.go.kr/data/15021148/standard.do,official_school_id,,,available,official_disclosure,부평구
B000003034,인천미산초등학교,37.50457911,126.7098019,인천광역시 부평구 원적로 391,초등학교,공립,2026-03-20,https://www.data.go.kr/data/15021148/standard.do,official_school_id,,,available,official_disclosure,부평구
B000003035,인천산곡남초등학교,37.49689974,126.7062072,인천광역시 부평구 부흥로144번길 30,초등학교,공립,2026-03-20,https://www.data.go.kr/data/15021148/standard.do,official_school_id,,,available,official_disclosure,부평구
B000003036,인천신촌초등학교,37.48675419,126.7067291,인천광역시 부평구 경원대로 1215,초등학교,공립,2026-03-20,https://www.data.go.kr/data/15021148/standard.do,official_school_id,,,available,official_disclosure,부평구
B000003037,인천하정초등학교,37.47526064,126.7007076,인천광역시 부평구 이규보로 14,초등학교,공립,2026-03-20,https://www.data.go.kr/data/15021148/standard.do,official_school_id,,,available,official_disclosure,부평구
B000003038,인천십정초등학교,37.4742768,126.6982451,인천광역시 부평구 배곶북로 10-6,초등학교,공립,2026-03-20,https://www.data.go.kr/data/15021148/standard.do,official_school_id,,,available,official_disclosure,부평구
B000003039,인천백운초등학교,37.48004913,126.7048644,인천광역시 부평구 아트센터로 130,초등학교,공립,2026-03-20,https://www.data.go.kr/data/15021148/standard.do,official_school_id,,,available,official_disclosure,부평구
B000003040,인천동암초등학교,37.47210513,126.7067791,인천광역시 부평구 동암남로35번길 4,초등학교,공립,2026-03-20,https://www.data.go.kr/data/15021148/standard.do,official_school_id,,,available,official_disclosure,부평구
B000003041,인천용마초등학교,37.51585568,126.7073832,인천광역시 부평구 세월천로30번길 58,초등학교,공립,2026-03-20,https://www.data.go.kr/data/15021148/standard.do,official_school_id,,,available,official_disclosure,부평구
B000003042,인천마장초등학교,37.50618935,126.7091215,인천광역시 부평구 안남로 266,초등학교,공립,2026-03-20,https://www.data.go.kr/data/15021148/standard.do,official_school_id,,,available,official_disclosure,부평구
B000003043,인천개흥초등학교,37.50457552,126.7277395,인천광역시 부평구 길주남로65번길 11,초등학교,공립,2026-03-20,https://www.data.go.kr/data/15021148/standard.do,official_school_id,,,available,official_disclosure,부평구
B000003044,인천삼산초등학교,37.52132548,126.7382531,인천광역시 부평구 후정동로 44,초등학교,공립,2026-03-20,https://www.data.go.kr/data/15021148/standard.do,official_school_id,,,available,official_disclosure,부평구
B000003045,인천한길초등학교,37.51911675,126.7455438,인천광역시 부평구 영성중로 32,초등학교,공립,2026-03-20,https://www.data.go.kr/data/15021148/standard.do,official_school_id,,,available,official_disclosure,부평구
B000003046,인천굴포초등학교,37.51102652,126.7369232,인천광역시 부평구 충선로234번길 19,초등학교,공립,2026-03-20,https://www.data.go.kr/data/15021148/standard.do,official_school_id,,,available,official_disclosure,부평구
B000003047,한일초등학교,37.50573808,126.6937058,인천광역시 부평구 원적로 247,초등학교,사립,2026-03-20,https://www.data.go.kr/data/15021148/standard.do,official_school_id,,,available,official_disclosure,부평구
B000003048,인천명선초등학교,37.40258015,126.6474045,인천광역시 연수구 컨벤시아대로42번길 64,초등학교,공립,2026-03-20,https://www.data.go.kr/data/15021148/standard.do,official_school_id,,,available,official_disclosure,연수구
B000003049,인천축현초등학교,37.42252517,126.6542596,인천광역시 연수구 청량로 176,초등학교,공립,2026-03-20,https://www.data.go.kr/data/15021148/standard.do,official_school_id,,,available,official_disclosure,연수구
B000003050,인천송도초등학교,37.42676606,126.6586027,인천광역시 연수구 비류대로214번길 21,초등학교,공립,2026-03-20,https://www.data.go.kr/data/15021148/standard.do,official_school_id,,,available,official_disclosure,연수구
B000003051,인천능허대초등학교,37.42412228,126.6487672,인천광역시 연수구 한진로 12,초등학교,공립,2026-03-20,https://www.data.go.kr/data/15021148/standard.do,official_school_id,,,available,official_disclosure,연수구
B000003052,인천선학초등학교,37.4241425,126.7006245,인천광역시 연수구 선학로 67,초등학교,공립,2026-03-20,https://www.data.go.kr/data/15021148/standard.do,official_school_id,,,available,official_disclosure,연수구
B000003053,인천중앙초등학교,37.41725067,126.6859818,인천광역시 연수구 새말로 153,초등학교,공립,2026-03-20,https://www.data.go.kr/data/15021148/standard.do,official_school_id,,,available,official_disclosure,연수구
B000003054,인천연화초등학교,37.41162047,126.6813944,인천광역시 연수구 원인재로 150,초등학교,공립,2026-03-20,https://www.data.go.kr/data/15021148/standard.do,official_school_id,,,available,official_disclosure,연수구
B000003055,인천함박초등학교,37.42425785,126.6772791,인천광역시 연수구 함박뫼로 87,초등학교,공립,2026-03-20,https://www.data.go.kr/data/15021148/standard.do,official_school_id,,,available,official_disclosure,연수구
B000003056,인천청학초등학교,37.41996839,126.6704681,인천광역시 연수구 함박뫼로 25,초등학교,공립,2026-03-20,https://www.data.go.kr/data/15021148/standard.do,official_school_id,,,available,official_disclosure,연수구
B000003057,인천청량초등학교,37.41192857,126.6747258,인천광역시 연수구 먼우금로 158,초등학교,공립,2026-03-20,https://www.data.go.kr/data/15021148/standard.do,official_school_id,,,available,official_disclosure,연수구
B000003058,인천연성초등학교,37.40852626,126.6793816,인천광역시 연수구 원인재로 116,초등학교,공립,2026-03-20,https://www.data.go.kr/data/15021148/standard.do,official_school_id,,,available,official_disclosure,연수구
B000003059,인천동춘초등학교,37.40969974,126.6686618,인천광역시 연수구 앵고개로 224,초등학교,공립,2026-03-20,https://www.data.go.kr/data/15021148/standard.do,official_school_id,,,available,official_disclosure,연수구
B000003060,인천동막초등학교,37.40304705,126.6745542,인천광역시 연수구 원인재로 36,초등학교,공립,2026-03-20,https://www.data.go.kr/data/15021148/standard.do,official_school_id,,,available,official_disclosure,연수구
B000003061,인천서면초등학교,37.40366537,126.6708267,인천광역시 연수구 먼우금로 54,초등학교,공립,2026-03-20,https://www.data.go.kr/data/15021148/standard.do,official_school_id,,,available,official_disclosure,연수구
B000003062,인천연수초등학교,37.42225853,126.6949016,인천광역시 연수구 원인재로 324,초등학교,공립,2026-03-20,https://www.data.go.kr/data/15021148/standard.do,official_school_id,,,available,official_disclosure,연수구
B000003063,인천문남초등학교,37.42099336,126.6792927,인천광역시 연수구 먼우금로 273,초등학교,공립,2026-03-20,https://www.data.go.kr/data/15021148/standard.do,official_school_id,,,available,official_disclosure,연수구
B000003064,인천옥련초등학교,37.42551392,126.6488193,인천광역시 연수구 한진로 30,초등학교,공립,2026-03-20,https://www.data.go.kr/data/15021148/standard.do,official_school_id,,,available,official_disclosure,연수구
B000003065,인천신정초등학교,37.39732894,126.6444905,인천광역시 연수구 아트센터대로97번길 72,초등학교,공립,2026-03-20,https://www.data.go.kr/data/15021148/standard.do,official_school_id,,,available,official_disclosure,연수구
B000003066,인천해송초등학교,37.3809103,126.6492847,인천광역시 연수구 인천타워대로54번길 46,초등학교,공립,2026-03-20,https://www.data.go.kr/data/15021148/standard.do,official_school_id,,,available,official_disclosure,연수구
B000003067,인천신송초등학교,37.3906441,126.657771,인천광역시 연수구 해돋이로56번길 28,초등학교,공립,2026-03-20,https://www.data.go.kr/data/15021148/standard.do,official_school_id,,,available,official_disclosure,연수구
B000003068,인천먼우금초등학교,37.39330645,126.6541879,인천광역시 연수구 해돋이로84번길 33,초등학교,공립,2026-03-20,https://www.data.go.kr/data/15021148/standard.do,official_school_id,,,available,official_disclosure,연수구
B000003069,인천박문초등학교,37.403119,126.6654985,인천광역시 연수구 봉재산로 138-22,초등학교,사립,2026-03-20,https://www.data.go.kr/data/15021148/standard.do,official_school_id,,,available,official_disclosure,연수구
B000003070,인천남촌초등학교,37.42976361,126.713181,인천광역시 남동구 남촌로 101,초등학교,공립,2026-03-20,https://www.data.go.kr/data/15021148/standard.do,official_school_id,,,available,official_disclosure,남동구
B000003071,인천성리초등학교,37.4457368,126.7099273,인천광역시 남동구 성리로 32-2,초등학교,공립,2026-03-20,https://www.data.go.kr/data/15021148/standard.do,official_school_id,,,available,official_disclosure,남동구
B000003073,인천정각초등학교,37.45604107,126.7152654,인천광역시 남동구 구월로 228,초등학교,공립,2026-03-20,https://www.data.go.kr/data/15021148/standard.do,official_school_id,,,available,official_disclosure,남동구
B000003074,인천간석초등학교,37.45925947,126.7154465,인천광역시 남동구 석산로208번길 37,초등학교,공립,2026-03-20,https://www.data.go.kr/data/15021148/standard.do,official_school_id,,,available,official_disclosure,남동구
B000003075,인천구월서초등학교,37.45302564,126.6950329,인천광역시 남동구 문화서로77번길 14,초등학교,공립,2026-03-20,https://www.data.go.kr/data/15021148/standard.do,official_school_id,,,available,official_disclosure,남동구
B000003076,인천상아초등학교,37.45747832,126.7120977,인천광역시 남동구 석산로184번길 66,초등학교,공립,2026-03-20,https://www.data.go.kr/data/15021148/standard.do,official_school_id,,,available,official_disclosure,남동구
B000003077,상인천초등학교,37.4623041,126.7074153,인천광역시 남동구 석산로141번길 29,초등학교,공립,2026-03-20,https://www.data.go.kr/data/15021148/standard.do,official_school_id,,,available,official_disclosure,남동구
B000003078,인천석정초등학교,37.46708126,126.6957525,인천광역시 남동구 석정로539번길 32,초등학교,공립,2026-03-20,https://www.data.go.kr/data/15021148/standard.do,official_school_id,,,available,official_disclosure,남동구
B000003079,인천만수북초등학교,37.4601282,126.7289698,인천광역시 남동구 백범로180번길 25,초등학교,공립,2026-03-20,https://www.data.go.kr/data/15021148/standard.do,official_school_id,,,available,official_disclosure,남동구
B000003080,인천동부초등학교,37.46304522,126.7275621,인천광역시 남동구 만수서로33번길 25,초등학교,공립,2026-03-20,https://www.data.go.kr/data/15021148/standard.do,official_school_id,,,available,official_disclosure,남동구
B000003081,인천인수초등학교,37.45409709,126.7354837,인천광역시 남동구 인수로 3,초등학교,공립,2026-03-20,https://www.data.go.kr/data/15021148/standard.do,official_school_id,,,available,official_disclosure,남동구
B000003082,인천만수초등학교,37.44730181,126.7347827,인천광역시 남동구 소래로 652,초등학교,공립,2026-03-20,https://www.data.go.kr/data/15021148/standard.do,official_school_id,,,available,official_disclosure,남동구
B000003083,인천도림초등학교,37.41903649,126.7320005,인천광역시 남동구 논고개로334번길 21,초등학교,공립,2026-03-20,https://www.data.go.kr/data/15021148/standard.do,official_school_id,,,available,official_disclosure,남동구
B000003084,인천은봉초등학교,37.40547311,126.7252797,인천광역시 남동구 은봉로312번길 11,초등학교,공립,2026-03-20,https://www.data.go.kr/data/15021148/standard.do,official_school_id,,,available,official_disclosure,남동구
B000003085,인천장도초등학교,37.40789739,126.7336259,인천광역시 남동구 포구로 112,초등학교,공립,2026-03-20,https://www.data.go.kr/data/15021148/standard.do,official_school_id,,,available,official_disclosure,남동구
B000003086,인천동방초등학교,37.40316071,126.7195491,인천광역시 남동구 논현역로 31,초등학교,공립,2026-03-20,https://www.data.go.kr/data/15021148/standard.do,official_school_id,,,available,official_disclosure,남동구
B000003087,인천원동초등학교,37.39689725,126.7308567,인천광역시 남동구 논고개로 38,초등학교,공립,2026-03-20,https://www.data.go.kr/data/15021148/standard.do,official_school_id,,,available,official_disclosure,남동구
B000003088,인천사리울초등학교,37.38857805,126.7235882,인천광역시 남동구 아암대로1437번길 50,초등학교,공립,2026-03-20,https://www.data.go.kr/data/15021148/standard.do,official_school_id,,,available,official_disclosure,남동구
B000003089,인천고잔초등학교,37.3929197,126.7285336,인천광역시 남동구 아암대로1503번길 48,초등학교,공립,2026-03-20,https://www.data.go.kr/data/15021148/standard.do,official_school_id,,,available,official_disclosure,남동구
B000003090,인천약산초등학교,37.46774114,126.7102298,인천광역시 남동구 간석로26번길 10,초등학교,공립,2026-03-20,https://www.data.go.kr/data/15021148/standard.do,official_school_id,,,available,official_disclosure,남동구
B000003091,인천주원초등학교,37.46515907,126.7004171,인천광역시 남동구 주안로259번길 28,초등학교,공립,2026-03-20,https://www.data.go.kr/data/15021148/standard.do,official_school_id,,,available,official_disclosure,남동구
B000003092,인천송천초등학교,37.39543232,126.7226454,인천광역시 남동구 앵고개로815번길 45,초등학교,공립,2026-03-20,https://www.data.go.kr/data/15021148/standard.do,official_school_id,,,available,official_disclosure,남동구
B000003093,인천석천초등학교,37.4559795,126.7087815,인천광역시 남동구 남동대로 828,초등학교,공립,2026-03-20,https://www.data.go.kr/data/15021148/standard.do,official_school_id,,,available,official_disclosure,남동구
B000003094,인천신월초등학교,37.44792853,126.7233722,인천광역시 남동구 인주대로776번길 14,초등학교,공립,2026-03-20,https://www.data.go.kr/data/15021148/standard.do,official_school_id,,,available,official_disclosure,남동구
B000003095,인천구월초등학교,37.45173667,126.7168365,인천광역시 남동구 인주대로721번길 49,초등학교,공립,2026-03-20,https://www.data.go.kr/data/15021148/standard.do,official_school_id,,,available,official_disclosure,남동구
B000003096,인천소래초등학교,37.4044376,126.7343599,인천광역시 남동구 장도로 2,초등학교,공립,2026-03-20,https://www.data.go.kr/data/15021148/standard.do,official_school_id,,,available,official_disclosure,남동구
B000003097,인천논현초등학교,37.40518025,126.7305927,인천광역시 남동구 소래역로 102,초등학교,공립,2026-03-20,https://www.data.go.kr/data/15021148/standard.do,official_school_id,,,available,official_disclosure,남동구
B000003098,인천논곡초등학교,37.41056023,126.709953,인천광역시 남동구 함박뫼로 429,초등학교,공립,2026-03-20,https://www.data.go.kr/data/15021148/standard.do,official_school_id,,,available,official_disclosure,남동구
B000003099,인천새말초등학교,37.45985909,126.7338477,인천광역시 남동구 만수로50번길 12,초등학교,공립,2026-03-20,https://www.data.go.kr/data/15021148/standard.do,official_school_id,,,available,official_disclosure,남동구
B000003100,인천조동초등학교,37.46075342,126.7397554,인천광역시 남동구 백범로124번길 164,초등학교,공립,2026-03-20,https://www.data.go.kr/data/15021148/standard.do,official_school_id,,,available,official_disclosure,남동구
B000003101,인천인동초등학교,37.46258155,126.7225981,인천광역시 남동구 백범로248번길 38,초등학교,공립,2026-03-20,https://www.data.go.kr/data/15021148/standard.do,official_school_id,,,available,official_disclosure,남동구
B000003102,인천장수초등학교,37.45033829,126.7416507,인천광역시 남동구 담방로 121,초등학교,공립,2026-03-20,https://www.data.go.kr/data/15021148/standard.do,official_school_id,,,available,official_disclosure,남동구
B000003103,인천담방초등학교,37.4404917,126.7363191,인천광역시 남동구 매소홀로 1027,초등학교,공립,2026-03-20,https://www.data.go.kr/data/15021148/standard.do,official_school_id,,,available,official_disclosure,남동구
B000003104,인천남동초등학교,37.44479911,126.7370609,인천광역시 남동구 장승남로33번길 10,초등학교,공립,2026-03-20,https://www.data.go.kr/data/15021148/standard.do,official_school_id,,,available,official_disclosure,남동구
B000003105,인천서창초등학교,37.43592687,126.7500721,인천광역시 남동구 장아산로174번길 8,초등학교,공립,2026-03-20,https://www.data.go.kr/data/15021148/standard.do,official_school_id,,,available,official_disclosure,남동구
B000003106,경인교육대학교부설초등학교,37.53764346,126.7125071,인천광역시 계양구 안남로 612,초등학교,국립,2026-03-20,https://www.data.go.kr/data/15021148/standard.do,official_school_id,,,available,official_disclosure,계양구
B000003107,인천효성동초등학교,37.53277166,126.7158644,인천광역시 계양구 새벌로171번길 4,초등학교,공립,2026-03-20,https://www.data.go.kr/data/15021148/standard.do,official_school_id,,,available,official_disclosure,계양구
B000003108,인천효성남초등학교,37.52817374,126.7155508,인천광역시 계양구 새벌로 125,초등학교,공립,2026-03-20,https://www.data.go.kr/data/15021148/standard.do,official_school_id,,,available,official_disclosure,계양구
B000003109,인천효성초등학교,37.536806,126.7106067,인천광역시 계양구 안남로 601,초등학교,공립,2026-03-20,https://www.data.go.kr/data/15021148/standard.do,official_school_id,,,available,official_disclosure,계양구
B000003110,인천해서초등학교,37.54015932,126.7177114,인천광역시 계양구 계산로 42-1,초등학교,공립,2026-03-20,https://www.data.go.kr/data/15021148/standard.do,official_school_id,,,available,official_disclosure,계양구
B000003111,인천안남초등학교,37.5412094,126.7324017,인천광역시 계양구 경명대로1114번길 26,초등학교,공립,2026-03-20,https://www.data.go.kr/data/15021148/standard.do,official_school_id,,,available,official_disclosure,계양구
B000003112,인천성지초등학교,37.52649282,126.7200667,인천광역시 계양구 아나지로247번길 8,초등학교,공립,2026-03-20,https://www.data.go.kr/data/15021148/standard.do,official_school_id,,,available,official_disclosure,계양구
B000003113,인천화전초등학교,37.52846783,126.7315531,인천광역시 계양구 효서로303번길 8,초등학교,공립,2026-03-20,https://www.data.go.kr/data/15021148/standard.do,official_school_id,,,available,official_disclosure,계양구
B000003114,인천서운초등학교,37.52691177,126.7447561,인천광역시 계양구 서운로 12,초등학교,공립,2026-03-20,https://www.data.go.kr/data/15021148/standard.do,official_school_id,,,available,official_disclosure,계양구
B000003115,인천신대초등학교,37.53895621,126.7435806,인천광역시 계양구 계산새로 133,초등학교,공립,2026-03-20,https://www.data.go.kr/data/15021148/standard.do,official_school_id,,,available,official_disclosure,계양구
B000003116,인천길주초등학교,37.54202031,126.7427317,인천광역시 계양구 용종로 90,초등학교,공립,2026-03-20,https://www.data.go.kr/data/15021148/standard.do,official_school_id,,,available,official_disclosure,계양구
B000003117,인천병방초등학교,37.5466581,126.7403118,인천광역시 계양구 병방로 2,초등학교,공립,2026-03-20,https://www.data.go.kr/data/15021148/standard.do,official_school_id,,,available,official_disclosure,계양구
B000003118,인천양촌초등학교,37.5506269,126.7443725,인천광역시 계양구 장제로 954,초등학교,공립,2026-03-20,https://www.data.go.kr/data/15021148/standard.do,official_school_id,,,available,official_disclosure,계양구
B000003119,인천소양초등학교,37.55625874,126.7425332,인천광역시 계양구 박촌로 53,초등학교,공립,2026-03-20,https://www.data.go.kr/data/15021148/standard.do,official_school_id,,,available,official_disclosure,계양구
B000003120,인천당산초등학교,37.55869681,126.7595313,인천광역시 계양구 동양로 122,초등학교,공립,2026-03-20,https://www.data.go.kr/data/15021148/standard.do,official_school_id,,,available,official_disclosure,계양구
B000003121,인천귤현초등학교,37.56854736,126.7470101,인천광역시 계양구 귤현길 15,초등학교,공립,2026-03-20,https://www.data.go.kr/data/15021148/standard.do,official_school_id,,,available,official_disclosure,계양구
B000003122,인천계양초등학교,37.57922129,126.7336487,인천광역시 계양구 장제로 1288,초등학교,공립,2026-03-20,https://www.data.go.kr/data/15021148/standard.do,official_school_id,,,available,official_disclosure,계양구
B000003123,인천계산초등학교,37.54493497,126.718468,인천광역시 계양구 경명대로 1005,초등학교,공립,2026-03-20,https://www.data.go.kr/data/15021148/standard.do,official_school_id,,,available,official_disclosure,계양구
B000003124,인천안산초등학교,37.54409319,126.7317526,인천광역시 계양구 임학서로 15,초등학교,공립,2026-03-20,https://www.data.go.kr/data/15021148/standard.do,official_school_id,,,available,official_disclosure,계양구
B000003125,인천부평초등학교,37.5421158,126.7229874,인천광역시 계양구 어사대로 20,초등학교,공립,2026-03-20,https://www.data.go.kr/data/15021148/standard.do,official_school_id,,,available,official_disclosure,계양구
B000003126,인천부현초등학교,37.5363774,126.7320664,인천광역시 계양구 장제로755번길 30,초등학교,공립,2026-03-20,https://www.data.go.kr/data/15021148/standard.do,official_school_id,,,available,official_disclosure,계양구
B000003127,인천부현동초등학교,37.53456549,126.7404465,인천광역시 계양구 용종로 5,초등학교,공립,2026-03-20,https://www.data.go.kr/data/15021148/standard.do,official_school_id,,,available,official_disclosure,계양구
B000003128,인천작전초등학교,37.53512867,126.7291294,인천광역시 계양구 주부토로 456,초등학교,공립,2026-03-20,https://www.data.go.kr/data/15021148/standard.do,official_school_id,,,available,official_disclosure,계양구
B000003129,인천작동초등학교,37.52928914,126.7359408,인천광역시 계양구 까치말로 35,초등학교,공립,2026-03-20,https://www.data.go.kr/data/15021148/standard.do,official_school_id,,,available,official_disclosure,계양구
B000003130,인천명현초등학교,37.53190716,126.7126128,인천광역시 계양구 봉오대로569번길 10,초등학교,공립,2026-03-20,https://www.data.go.kr/data/15021148/standard.do,official_school_id,,,available,official_disclosure,계양구
B000003131,인천효성서초등학교,37.5279826,126.6986766,인천광역시 계양구 봉오대로 457,초등학교,공립,2026-03-20,https://www.data.go.kr/data/15021148/standard.do,official_school_id,,,available,official_disclosure,계양구
B000003132,인천계양초등학교상야분교장,37.57921669,126.7804405,인천광역시 계양구 벌말로 572-1,초등학교,공립,2026-03-20,https://www.data.go.kr/data/15021148/standard.do,official_school_id,,,available,official_disclosure,계양구
B000003133,인천해원초등학교,37.52761134,126.6260936,인천광역시 서구 청라사파이어로140번길 5,초등학교,공립,2026-03-20,https://www.data.go.kr/data/15021148/standard.do,official_school_id,,,available,official_disclosure,서구
B000003134,인천경명초등학교,37.5369986,126.6373144,인천광역시 서구 크리스탈로 130,초등학교,공립,2026-03-20,https://www.data.go.kr/data/15021148/standard.do,official_school_id,,,available,official_disclosure,서구
B000003135,인천공촌초등학교,37.54867977,126.6832573,인천광역시 서구 심곡로188번길 21,초등학교,공립,2026-03-20,https://www.data.go.kr/data/15021148/standard.do,official_school_id,,,available,official_disclosure,서구
B000003137,인천간재울초등학교,37.56033764,126.6722937,인천광역시 서구 승학로 433,초등학교,공립,2026-03-20,https://www.data.go.kr/data/15021148/standard.do,official_school_id,,,available,official_disclosure,서구
B000003138,인천경서초등학교,37.55666143,126.650985,인천광역시 서구 경서로31번길 31,초등학교,공립,2026-03-20,https://www.data.go.kr/data/15021148/standard.do,official_school_id,,,available,official_disclosure,서구
B000003139,인천청라초등학교,37.53774888,126.6556967,인천광역시 서구 청라에메랄드로 139,초등학교,공립,2026-03-20,https://www.data.go.kr/data/15021148/standard.do,official_school_id,,,available,official_disclosure,서구
B000003140,인천초은초등학교,37.52842319,126.6558477,인천광역시 서구 청라에메랄드로 33,초등학교,공립,2026-03-20,https://www.data.go.kr/data/15021148/standard.do,official_school_id,,,available,official_disclosure,서구
B000003141,인천양지초등학교,37.54002481,126.6711946,인천광역시 서구 승학로197번길 11,초등학교,공립,2026-03-20,https://www.data.go.kr/data/15021148/standard.do,official_school_id,,,available,official_disclosure,서구
B000003142,인천심곡초등학교,37.5436333,126.6826226,인천광역시 서구 심곡로 114,초등학교,공립,2026-03-20,https://www.data.go.kr/data/15021148/standard.do,official_school_id,,,available,official_disclosure,서구
B000003143,인천신석초등학교,37.51050462,126.6640321,인천광역시 서구 새오개로 9,초등학교,공립,2026-03-20,https://www.data.go.kr/data/15021148/standard.do,official_school_id,,,available,official_disclosure,서구
B000003144,인천석남초등학교,37.50977877,126.680264,인천광역시 서구 서달로130번길 4,초등학교,공립,2026-03-20,https://www.data.go.kr/data/15021148/standard.do,official_school_id,,,available,official_disclosure,서구
B000003145,인천천마초등학교,37.5048986,126.6793047,인천광역시 서구 서달로 58-5,초등학교,공립,2026-03-20,https://www.data.go.kr/data/15021148/standard.do,official_school_id,,,available,official_disclosure,서구
B000003146,인천봉수초등학교,37.52638812,126.6786861,인천광역시 서구 봉오대로267번길 11-4,초등학교,공립,2026-03-20,https://www.data.go.kr/data/15021148/standard.do,official_school_id,,,available,official_disclosure,서구
B000003147,인천신현북초등학교,37.51838361,126.6667051,인천광역시 서구 원창로 147,초등학교,공립,2026-03-20,https://www.data.go.kr/data/15021148/standard.do,official_school_id,,,available,official_disclosure,서구
B000003148,인천가림초등학교,37.49058351,126.6810501,인천광역시 서구 장고개로293번길 29,초등학교,공립,2026-03-20,https://www.data.go.kr/data/15021148/standard.do,official_school_id,,,available,official_disclosure,서구
B000003149,인천봉화초등학교,37.49535502,126.6703195,인천광역시 서구 건지로250번길 43,초등학교,공립,2026-03-20,https://www.data.go.kr/data/15021148/standard.do,official_school_id,,,available,official_disclosure,서구
B000003150,인천건지초등학교,37.49548863,126.6774856,인천광역시 서구 건지로318번길 39,초등학교,공립,2026-03-20,https://www.data.go.kr/data/15021148/standard.do,official_school_id,,,available,official_disclosure,서구
B000003151,인천능내초등학교,37.60244235,126.6665079,인천광역시 서구 검단로540번길 23,초등학교,공립,2026-03-20,https://www.data.go.kr/data/15021148/standard.do,official_school_id,,,available,official_disclosure,서구
B000003152,인천검단초등학교,37.61079703,126.6697067,인천광역시 서구 마전로115번길 24,초등학교,공립,2026-03-20,https://www.data.go.kr/data/15021148/standard.do,official_school_id,,,available,official_disclosure,서구
B000003153,인천완정초등학교,37.59847454,126.6642469,인천광역시 서구 완정로 99,초등학교,공립,2026-03-20,https://www.data.go.kr/data/15021148/standard.do,official_school_id,,,available,official_disclosure,서구
B000003154,인천불로초등학교,37.61381127,126.6888476,인천광역시 서구 검단로744번1길 50,초등학교,공립,2026-03-20,https://www.data.go.kr/data/15021148/standard.do,official_school_id,,,available,official_disclosure,서구
B000003155,인천목향초등학교,37.61620512,126.6943003,인천광역시 서구 고산후로 377,초등학교,공립,2026-03-20,https://www.data.go.kr/data/15021148/standard.do,official_school_id,,,available,official_disclosure,서구
B000003156,인천왕길초등학교,37.60198104,126.6510585,인천광역시 서구 봉수대로1440번길 20,초등학교,공립,2026-03-20,https://www.data.go.kr/data/15021148/standard.do,official_school_id,,,available,official_disclosure,서구
B000003157,인천단봉초등학교,37.59843764,126.6377448,인천광역시 서구 단봉로 122,초등학교,공립,2026-03-20,https://www.data.go.kr/data/15021148/standard.do,official_school_id,,,available,official_disclosure,서구
B000003158,인천원당초등학교,37.59251428,126.6913305,인천광역시 서구 원당대로820번길 16,초등학교,공립,2026-03-20,https://www.data.go.kr/data/15021148/standard.do,official_school_id,,,available,official_disclosure,서구
B000003159,인천발산초등학교,37.59011616,126.6991478,인천광역시 서구 고산후로78번길 6,초등학교,공립,2026-03-20,https://www.data.go.kr/data/15021148/standard.do,official_school_id,,,available,official_disclosure,서구
B000003160,인천창신초등학교,37.59892346,126.6982147,인천광역시 서구 고산후로161번길 6,초등학교,공립,2026-03-20,https://www.data.go.kr/data/15021148/standard.do,official_school_id,,,available,official_disclosure,서구
B000003161,인천금곡초등학교,37.6054434,126.65061,인천광역시 서구 완정로228번길 19,초등학교,공립,2026-03-20,https://www.data.go.kr/data/15021148/standard.do,official_school_id,,,available,official_disclosure,서구
B000003162,인천가석초등학교,37.51475728,126.6796755,인천광역시 서구 서달로 174,초등학교,공립,2026-03-20,https://www.data.go.kr/data/15021148/standard.do,official_school_id,,,available,official_disclosure,서구
B000003163,인천가좌초등학교,37.4901503,126.6835279,인천광역시 서구 장고개로309번길 5,초등학교,공립,2026-03-20,https://www.data.go.kr/data/15021148/standard.do,official_school_id,,,available,official_disclosure,서구
B000003164,인천가정초등학교,37.49166135,126.6884322,인천광역시 서구 장고개로 336-1,초등학교,공립,2026-03-20,https://www.data.go.kr/data/15021148/standard.do,official_school_id,,,available,official_disclosure,서구
B000003165,인천당하초등학교,37.59005774,126.6776991,인천광역시 서구 청마로 144,초등학교,공립,2026-03-20,https://www.data.go.kr/data/15021148/standard.do,official_school_id,,,available,official_disclosure,서구
B000003166,인천마전초등학교,37.59749871,126.6709335,인천광역시 서구 완정로34번길 23,초등학교,공립,2026-03-20,https://www.data.go.kr/data/15021148/standard.do,official_school_id,,,available,official_disclosure,서구
B000003167,인천석남서초등학교,37.50014147,126.6703935,인천광역시 서구 건지로249번길 6,초등학교,공립,2026-03-20,https://www.data.go.kr/data/15021148/standard.do,official_school_id,,,available,official_disclosure,서구
B000003168,인천가현초등학교,37.52231349,126.6684961,인천광역시 서구 염곡로 417,초등학교,공립,2026-03-20,https://www.data.go.kr/data/15021148/standard.do,official_school_id,,,available,official_disclosure,서구
B000003169,인천신현초등학교,37.51473968,126.6701041,인천광역시 서구 율도로77번길 1,초등학교,공립,2026-03-20,https://www.data.go.kr/data/15021148/standard.do,official_school_id,,,available,official_disclosure,서구
B000003170,인천서곶초등학교,37.54784271,126.6694055,인천광역시 서구 대평로56번길 9,초등학교,공립,2026-03-20,https://www.data.go.kr/data/15021148/standard.do,official_school_id,,,available,official_disclosure,서구
B000003171,인천검암초등학교,37.56796266,126.678293,인천광역시 서구 승학로599번길 45,초등학교,공립,2026-03-20,https://www.data.go.kr/data/15021148/standard.do,official_school_id,,,available,official_disclosure,서구
B000003172,인천은지초등학교,37.56470084,126.6849902,인천광역시 서구 승학로572번길 22,초등학교,공립,2026-03-20,https://www.data.go.kr/data/15021148/standard.do,official_school_id,,,available,official_disclosure,서구
B000003173,길상초등학교,37.63846399,126.4904289,인천광역시 강화군 길상면 삼랑성길 22,초등학교,공립,2026-03-20,https://www.data.go.kr/data/15021148/standard.do,official_school_id,,,available,official_disclosure,강화군
B000003174,양도초등학교,37.68897162,126.4193695,인천광역시 강화군 양도면 강화남로 1036,초등학교,공립,2026-03-20,https://www.data.go.kr/data/15021148/standard.do,official_school_id,,,available,official_disclosure,강화군
B000003175,조산초등학교,37.65331522,126.4383617,인천광역시 강화군 양도면 강화남로 510,초등학교,공립,2026-03-20,https://www.data.go.kr/data/15021148/standard.do,official_school_id,,,available,official_disclosure,강화군
B000003176,화도초등학교,37.63186752,126.4187675,인천광역시 강화군 화도면 마니산로 717,초등학교,공립,2026-03-20,https://www.data.go.kr/data/15021148/standard.do,official_school_id,,,available,official_disclosure,강화군
B000003177,대월초등학교,37.76056025,126.490173,인천광역시 강화군 강화읍 대월로 216,초등학교,공립,2026-03-20,https://www.data.go.kr/data/15021148/standard.do,official_school_id,,,available,official_disclosure,강화군
B000003178,갑룡초등학교,37.74321915,126.5036224,인천광역시 강화군 강화읍 갑룡길 88,초등학교,공립,2026-03-20,https://www.data.go.kr/data/15021148/standard.do,official_school_id,,,available,official_disclosure,강화군
B000003179,강화초등학교,37.75034709,126.4861312,인천광역시 강화군 강화읍 북문길 36,초등학교,공립,2026-03-20,https://www.data.go.kr/data/15021148/standard.do,official_school_id,,,available,official_disclosure,강화군
B000003180,합일초등학교,37.74428793,126.4828082,인천광역시 강화군 강화읍 합일길 3,초등학교,공립,2026-03-20,https://www.data.go.kr/data/15021148/standard.do,official_school_id,,,available,official_disclosure,강화군
B000003181,송해초등학교,37.7694551,126.4610541,인천광역시 강화군 송해면 전망대로 93-12,초등학교,공립,2026-03-20,https://www.data.go.kr/data/15021148/standard.do,official_school_id,,,available,official_disclosure,강화군
B000003182,선원초등학교,37.71504985,126.4799441,인천광역시 강화군 선원면 강화동로 924,초등학교,공립,2026-03-20,https://www.data.go.kr/data/15021148/standard.do,official_school_id,,,available,official_disclosure,강화군
B000003183,불은초등학교,37.6836163,126.4874954,인천광역시 강화군 불은면 불은남로544번길 9,초등학교,공립,2026-03-20,https://www.data.go.kr/data/15021148/standard.do,official_school_id,,,available,official_disclosure,강화군
B000003184,삼성초등학교,37.70759295,126.4495644,인천광역시 강화군 불은면 중앙로 609,초등학교,공립,2026-03-20,https://www.data.go.kr/data/15021148/standard.do,official_school_id,,,available,official_disclosure,강화군
B000003185,하점초등학교,37.77369223,126.4141874,인천광역시 강화군 하점면 강화대로 1190,초등학교,공립,2026-03-20,https://www.data.go.kr/data/15021148/standard.do,official_school_id,,,available,official_disclosure,강화군
B000003186,명신초등학교,37.7446252,126.3905401,인천광역시 강화군 하점면 강화서로560번길 22,초등학교,공립,2026-03-20,https://www.data.go.kr/data/15021148/standard.do,official_school_id,,,available,official_disclosure,강화군
B000003187,양사초등학교,37.80312265,126.4215131,인천광역시 강화군 양사면 덕하로 145,초등학교,공립,2026-03-20,https://www.data.go.kr/data/15021148/standard.do,official_school_id,,,available,official_disclosure,강화군
B000003188,내가초등학교,37.72149999,126.3913304,인천광역시 강화군 내가면 강화서로 264,초등학교,공립,2026-03-20,https://www.data.go.kr/data/15021148/standard.do,official_school_id,,,available,official_disclosure,강화군
B000003189,해명초등학교,37.66870002,126.362707,인천광역시 강화군 삼산면 삼산남로 345,초등학교,공립,2026-03-20,https://www.data.go.kr/data/15021148/standard.do,official_school_id,,,available,official_disclosure,강화군
B000003190,삼산초등학교,37.7030456,126.3216158,인천광역시 강화군 삼산면 삼산북로 451,초등학교,공립,2026-03-20,https://www.data.go.kr/data/15021148/standard.do,official_school_id,,,available,official_disclosure,강화군
B000003192,교동초등학교,37.78418473,126.2813257,인천광역시 강화군 교동면 대룡안길 29,초등학교,공립,2026-03-20,https://www.data.go.kr/data/15021148/standard.do,official_school_id,,,available,official_disclosure,강화군
B000003194,서도초등학교,37.64803766,126.2524746,인천광역시 강화군 서도면 주문도길 173,초등학교,공립,2026-03-20,https://www.data.go.kr/data/15021148/standard.do,official_school_id,,,available,official_disclosure,강화군
B000022832,인천한빛초등학교,37.42419512,126.7441353,인천광역시 남동구 서창남순환로 190-28,초등학교,공립,2026-03-20,https://www.data.go.kr/data/15021148/standard.do,official_school_id,,,available,official_disclosure,남동구
B000022834,인천청람초등학교,37.53869636,126.6453133,인천광역시 서구 청라커낼로 336,초등학교,공립,2026-03-20,https://www.data.go.kr/data/15021148/standard.do,official_school_id,,,available,official_disclosure,서구
B000022839,인천청일초등학교,37.52925923,126.6373634,인천광역시 서구 크리스탈로 46,초등학교,공립,2026-03-20,https://www.data.go.kr/data/15021148/standard.do,official_school_id,,,available,official_disclosure,서구
B000024924,인천하늘초등학교,37.49794594,126.5579456,인천광역시 중구 은하수로 294,초등학교,공립,2026-03-20,https://www.data.go.kr/data/15021148/standard.do,official_school_id,,,available,official_disclosure,중구
B000025189,인천송명초등학교,37.37448648,126.6560771,인천광역시 연수구 송도교육로 19,초등학교,공립,2026-03-20,https://www.data.go.kr/data/15021148/standard.do,official_school_id,,,available,official_disclosure,연수구
B000025193,인천만월초등학교,37.44180662,126.7155208,인천광역시 남동구 선수촌로 28,초등학교,공립,2026-03-20,https://www.data.go.kr/data/15021148/standard.do,official_school_id,,,available,official_disclosure,남동구
B000025196,인천장서초등학교,37.42921635,126.7453281,인천광역시 남동구 서창남순환로 109,초등학교,공립,2026-03-20,https://www.data.go.kr/data/15021148/standard.do,official_school_id,,,available,official_disclosure,남동구
B000025202,인천장아초등학교,37.42451149,126.7536905,인천광역시 남동구 서창방산로 93,초등학교,공립,2026-03-20,https://www.data.go.kr/data/15021148/standard.do,official_school_id,,,available,official_disclosure,남동구
B000025206,인천새봄초등학교,37.40969162,126.6576225,인천광역시 연수구 앵고개로104번길 34,초등학교,공립,2026-03-20,https://www.data.go.kr/data/15021148/standard.do,official_school_id,,,available,official_disclosure,연수구
B000025210,인천연송초등학교,37.39991028,126.6391413,인천광역시 연수구 해돋이로 248,초등학교,공립,2026-03-20,https://www.data.go.kr/data/15021148/standard.do,official_school_id,,,available,official_disclosure,연수구
B000025222,인천현송초등학교,37.39385504,126.6203812,인천광역시 연수구 아카데미로312번길 96,초등학교,공립,2026-03-20,https://www.data.go.kr/data/15021148/standard.do,official_school_id,,,available,official_disclosure,연수구
B000025225,인천송빛초등학교,37.38567542,126.6128027,인천광역시 연수구 아카데미로343번길 27,초등학교,공립,2026-03-20,https://www.data.go.kr/data/15021148/standard.do,official_school_id,,,available,official_disclosure,연수구
B000025226,인천송일초등학교,37.38418802,126.635135,인천광역시 연수구 컨벤시아대로252번길 15,초등학교,공립,2026-03-20,https://www.data.go.kr/data/15021148/standard.do,official_school_id,,,available,official_disclosure,연수구
B000025228,인천예송초등학교,37.38745671,126.6303141,인천광역시 연수구 컨벤시아대로252번길 75,초등학교,공립,2026-03-20,https://www.data.go.kr/data/15021148/standard.do,official_school_id,,,available,official_disclosure,연수구
B000025236,인천첨단초등학교,37.37314562,126.6549766,인천광역시 연수구 송도교육로 20,초등학교,공립,2026-03-20,https://www.data.go.kr/data/15021148/standard.do,official_school_id,,,available,official_disclosure,연수구
B000025246,인천미송초등학교,37.41477678,126.6133042,인천광역시 연수구 아카데미로 667,초등학교,공립,2026-03-20,https://www.data.go.kr/data/15021148/standard.do,official_school_id,,,available,official_disclosure,연수구
B000025248,인천은송초등학교,37.4139322,126.6297242,인천광역시 연수구 센트럴로 460,초등학교,공립,2026-03-20,https://www.data.go.kr/data/15021148/standard.do,official_school_id,,,available,official_disclosure,연수구
B000025256,인천송원초등학교,37.38595715,126.6692883,인천광역시 연수구 송도과학로51번길 60,초등학교,공립,2026-03-20,https://www.data.go.kr/data/15021148/standard.do,official_school_id,,,available,official_disclosure,연수구
B000025512,인천용학초등학교,37.44676348,126.6434992,인천광역시 미추홀구 용정공원로83번길 9,초등학교,공립,2026-03-20,https://www.data.go.kr/data/15021148/standard.do,official_school_id,,,available,official_disclosure,미추홀구
B000025677,인천주안초등학교,37.45465257,126.6738236,인천광역시 미추홀구 남주길69번길 16,초등학교,공립,2026-03-20,https://www.data.go.kr/data/15021148/standard.do,official_school_id,,,available,official_disclosure,미추홀구
B000025685,인천윤슬초등학교,37.48426206,126.5020588,,초등학교,공립,2026-03-20,https://www.data.go.kr/data/15021148/standard.do,official_school_id,,,available,official_disclosure,
B000025690,인천별빛초등학교,37.49086001,126.5505513,인천광역시 중구 은하수로 402,초등학교,공립,2026-03-20,https://www.data.go.kr/data/15021148/standard.do,official_school_id,,,available,official_disclosure,중구
B000025751,인천경연초등학교,37.5384535,126.6262122,인천광역시 서구 차오름로 64,초등학교,공립,2026-03-20,https://www.data.go.kr/data/15021148/standard.do,official_school_id,,,available,official_disclosure,서구
B000025752,인천도담초등학교,37.52782132,126.6439914,인천광역시 서구 청라커낼로 217,초등학교,공립,2026-03-20,https://www.data.go.kr/data/15021148/standard.do,official_school_id,,,available,official_disclosure,서구
B000025756,인천청호초등학교,37.53864489,126.6415165,인천광역시 서구 청라한울로 44,초등학교,공립,2026-03-20,https://www.data.go.kr/data/15021148/standard.do,official_school_id,,,available,official_disclosure,서구
B000026155,인천한들초등학교,37.57963661,126.6728081,인천광역시 서구 한중로 25,초등학교,공립,2026-03-20,https://www.data.go.kr/data/15021148/standard.do,official_school_id,,,available,official_disclosure,서구
B000026332,인천백석초등학교,37.58980222,126.6717483,인천광역시 서구 청마로 55,초등학교,공립,2026-03-20,https://www.data.go.kr/data/15021148/standard.do,official_school_id,,,available,official_disclosure,서구
B000026333,인천가원초등학교,37.52921844,126.6641213,인천광역시 서구 청중로478번길 6,초등학교,공립,2026-03-20,https://www.data.go.kr/data/15021148/standard.do,official_school_id,,,available,official_disclosure,서구
B000026466,인천아라초등학교,37.58493755,126.7033388,인천광역시 서구 서로2로 42,초등학교,공립,2026-03-20,https://www.data.go.kr/data/15021148/standard.do,official_school_id,,,available,official_disclosure,서구
B000026467,인천해든초등학교,37.58528544,126.7076761,인천광역시 서구 서로3로 60,초등학교,공립,2026-03-20,https://www.data.go.kr/data/15021148/standard.do,official_school_id,,,available,official_disclosure,서구
B000026468,인천아람초등학교,37.58710386,126.7167189,인천광역시 서구 이음1로 289,초등학교,공립,2026-03-20,https://www.data.go.kr/data/15021148/standard.do,official_school_id,,,available,official_disclosure,서구
B000026469,인천한별초등학교,37.59736864,126.7066138,인천광역시 서구 서로3로 201,초등학교,공립,2026-03-20,https://www.data.go.kr/data/15021148/standard.do,official_school_id,,,available,official_disclosure,서구
B000026470,인천이음초등학교,37.5987693,126.7126821,인천광역시 서구 이음1로 447,초등학교,공립,2026-03-20,https://www.data.go.kr/data/15021148/standard.do,official_school_id,,,available,official_disclosure,서구
B000026471,인천신검단초등학교,37.60908782,126.7005355,인천광역시 서구 금정로 55,초등학교,공립,2026-03-20,https://www.data.go.kr/data/15021148/standard.do,official_school_id,,,available,official_disclosure,서구
B000026473,인천검단호수초등학교,37.60885144,126.6834777,,초등학교,공립,2026-03-20,https://www.data.go.kr/data/15021148/standard.do,official_school_id,,,available,official_disclosure,
B000026504,인천송담초등학교,37.41010104,126.614909,인천광역시 연수구 아카데미로 627,초등학교,공립,2026-03-20,https://www.data.go.kr/data/15021148/standard.do,official_school_id,,,available,official_disclosure,연수구
B000027505,인천중산초등학교,37.49471569,126.5653914,인천광역시 중구 두미포로 100,초등학교,공립,2026-03-20,https://www.data.go.kr/data/15021148/standard.do,official_school_id,,,available,official_disclosure,중구
B000030907,인천달빛초등학교,37.48397038,126.5020622,,초등학교,공립,2026-03-20,https://www.data.go.kr/data/15021148/standard.do,official_school_id,,,available,official_disclosure,
B000030928,인천신검단중학교,37.60926532,126.6992891,,초등학교,공립,2026-03-20,https://www.data.go.kr/data/15021148/standard.do,official_school_id,,,available,official_disclosure,
