학교ID,학교명,year,students,special_class_students,source_url,reference_period
KLOCAL-cc7903a205c47f13,갑룡초등학교병설유치원,2016,66,0,https://e-childschoolinfo.moe.go.kr/,2016년 1차 공시
KLOCAL-dd6dbb2a34c3a048,강화유치원,2016,51,0,https://e-childschoolinfo.moe.go.kr/,2016년 1차 공시
KLOCAL-334e28e4065f3ab6,강화초등학교병설유치원,2016,30,0,https://e-childschoolinfo.moe.go.kr/,2016년 1차 공시
KLOCAL-c17af5dbcc9e77c7,교동초등학교병설유치원,2016,13,0,https://e-childschoolinfo.moe.go.kr/,2016년 1차 공시
KLOCAL-3d4efef0184d0107,교동초등학교지석분교장병설유치원,2016,5,0,https://e-childschoolinfo.moe.go.kr/,2016년 1차 공시
KLOCAL-cc0d807663faa10f,난정초등학교병설유치원,2016,9,0,https://e-childschoolinfo.moe.go.kr/,2016년 1차 공시
KLOCAL-3c356c0a84207416,내가초등학교병설유치원,2016,16,0,https://e-childschoolinfo.moe.go.kr/,2016년 1차 공시
KLOCAL-f32b3f18c3c6667b,대월초등학교병설유치원,2016,20,0,https://e-childschoolinfo.moe.go.kr/,2016년 1차 공시
KLOCAL-51c6dc17a37cef2b,마니산유치원,2016,102,9,https://e-childschoolinfo.moe.go.kr/,2016년 1차 공시
KLOCAL-7463c2756c15c1d3,명신초등학교병설유치원,2016,5,0,https://e-childschoolinfo.moe.go.kr/,2016년 1차 공시
KLOCAL-a286fe75086d2d64,삼산초등학교병설유치원,2016,7,0,https://e-childschoolinfo.moe.go.kr/,2016년 1차 공시
KLOCAL-68fe2fb973df07e8,서도초등학교병설유치원,2016,3,0,https://e-childschoolinfo.moe.go.kr/,2016년 1차 공시
KLOCAL-5af4890425fbff3c,선원초등학교병설유치원,2016,63,0,https://e-childschoolinfo.moe.go.kr/,2016년 1차 공시
KLOCAL-08917b6afd819029,송해초등학교병설유치원,2016,10,0,https://e-childschoolinfo.moe.go.kr/,2016년 1차 공시
KLOCAL-a7c30c387636e4fd,양사초등학교병설유치원,2016,4,0,https://e-childschoolinfo.moe.go.kr/,2016년 1차 공시
KLOCAL-54a88136cf70c698,잠두유치원,2016,42,0,https://e-childschoolinfo.moe.go.kr/,2016년 1차 공시
KLOCAL-674ef65b6f0d148e,코끼리유치원,2016,83,0,https://e-childschoolinfo.moe.go.kr/,2016년 1차 공시
KLOCAL-67f73dfaccf6c54c,하점초등학교병설유치원,2016,5,0,https://e-childschoolinfo.moe.go.kr/,2016년 1차 공시
KLOCAL-edc78a00d15f9048,합일초등학교병설유치원,2016,13,4,https://e-childschoolinfo.moe.go.kr/,2016년 1차 공시
KLOCAL-2139f45193aa0f61,해명초등학교병설유치원,2016,10,0,https://e-childschoolinfo.moe.go.kr/,2016년 1차 공시
KLOCAL-eb061546857b8dda,건영유치원,2016,235,0,https://e-childschoolinfo.moe.go.kr/,2016년 1차 공시
KLOCAL-c6610ec9715bd715,관교유치원,2016,92,0,https://e-childschoolinfo.moe.go.kr/,2016년 1차 공시
KLOCAL-974da5ec0dd22c2e,국현유치원,2016,214,0,https://e-childschoolinfo.moe.go.kr/,2016년 1차 공시
KLOCAL-5d9f2a6b9a4b2843,그림나라유치원,2016,124,0,https://e-childschoolinfo.moe.go.kr/,2016년 1차 공시
KLOCAL-41f63dbead90187b,금호유치원,2016,142,0,https://e-childschoolinfo.moe.go.kr/,2016년 1차 공시
KLOCAL-58a55d858149cfe9,노벨유치원,2016,71,0,https://e-childschoolinfo.moe.go.kr/,2016년 1차 공시
KLOCAL-0cd7ba2a12988285,다솜유치원,2016,141,0,https://e-childschoolinfo.moe.go.kr/,2016년 1차 공시
KLOCAL-11084f843babf1c9,대청초등학교병설유치원,2016,15,0,https://e-childschoolinfo.moe.go.kr/,2016년 1차 공시
KLOCAL-672f25c7875a43e6,덕적초등학교병설유치원,2016,9,0,https://e-childschoolinfo.moe.go.kr/,2016년 1차 공시
KLOCAL-aaf9709671edf7be,도담유치원,2016,31,0,https://e-childschoolinfo.moe.go.kr/,2016년 1차 공시
KLOCAL-10421b7c8f5899de,동원유치원,2016,145,0,https://e-childschoolinfo.moe.go.kr/,2016년 1차 공시
KLOCAL-0bbc0fac855a7b3e,뒤나미스유치원,2016,289,0,https://e-childschoolinfo.moe.go.kr/,2016년 1차 공시
KLOCAL-e07f49c66f43976c,리틀하버드유치원,2016,31,0,https://e-childschoolinfo.moe.go.kr/,2016년 1차 공시
KLOCAL-590c99bb86999b08,무지개유치원,2016,208,0,https://e-childschoolinfo.moe.go.kr/,2016년 1차 공시
KLOCAL-b2ef58c299ec5904,미주유치원,2016,188,0,https://e-childschoolinfo.moe.go.kr/,2016년 1차 공시
KLOCAL-85120f2449c7bce0,밀알유치원,2016,45,0,https://e-childschoolinfo.moe.go.kr/,2016년 1차 공시
KLOCAL-026d832c691d3ca0,박문유치원,2016,143,0,https://e-childschoolinfo.moe.go.kr/,2016년 1차 공시
KLOCAL-f53bd21b5a623669,반디유치원,2016,146,0,https://e-childschoolinfo.moe.go.kr/,2016년 1차 공시
KLOCAL-82eb89aae72bf48f,백령성모유치원,2016,37,0,https://e-childschoolinfo.moe.go.kr/,2016년 1차 공시
KLOCAL-732d38dc718e907c,부광유치원,2016,182,0,https://e-childschoolinfo.moe.go.kr/,2016년 1차 공시
KLOCAL-449fffc16f64b212,북포초등학교병설유치원,2016,18,0,https://e-childschoolinfo.moe.go.kr/,2016년 1차 공시
KLOCAL-33bfc1608850fe4f,산새소리유치원,2016,90,0,https://e-childschoolinfo.moe.go.kr/,2016년 1차 공시
KLOCAL-95018410bf5fd937,성바오로유치원,2016,148,0,https://e-childschoolinfo.moe.go.kr/,2016년 1차 공시
KLOCAL-70a3bf4262c4bc52,세종유치원,2016,72,0,https://e-childschoolinfo.moe.go.kr/,2016년 1차 공시
KLOCAL-a5e3ec0a43d4f841,소라유치원,2016,240,0,https://e-childschoolinfo.moe.go.kr/,2016년 1차 공시
KLOCAL-77ee1fd2c433efee,소명유치원,2016,139,0,https://e-childschoolinfo.moe.go.kr/,2016년 1차 공시
KLOCAL-50565bd642260910,솔빛유치원,2016,158,0,https://e-childschoolinfo.moe.go.kr/,2016년 1차 공시
KLOCAL-fe0db0fed48025b0,솔샘유치원,2016,154,0,https://e-childschoolinfo.moe.go.kr/,2016년 1차 공시
KLOCAL-7e04553d125db319,송현유치원,2016,149,0,https://e-childschoolinfo.moe.go.kr/,2016년 1차 공시
KLOCAL-7f4baf8d3ec9cb63,숭의유치원,2016,90,0,https://e-childschoolinfo.moe.go.kr/,2016년 1차 공시
KLOCAL-f62067ae1c1de696,신동아유치원,2016,69,0,https://e-childschoolinfo.moe.go.kr/,2016년 1차 공시
KLOCAL-1dcb5b73dd15046b,연평초등학교병설유치원,2016,14,0,https://e-childschoolinfo.moe.go.kr/,2016년 1차 공시
KLOCAL-f57b640f7d2b17de,연흥유치원,2016,107,0,https://e-childschoolinfo.moe.go.kr/,2016년 1차 공시
KLOCAL-a7594966a338574e,영종유치원,2016,266,14,https://e-childschoolinfo.moe.go.kr/,2016년 1차 공시
KLOCAL-45fd24312e405c2b,영흥초등학교병설유치원,2016,17,0,https://e-childschoolinfo.moe.go.kr/,2016년 1차 공시
KLOCAL-00df819b46080269,예원유치원,2016,38,0,https://e-childschoolinfo.moe.go.kr/,2016년 1차 공시
KLOCAL-66a6f76a70617813,용화유치원,2016,160,0,https://e-childschoolinfo.moe.go.kr/,2016년 1차 공시
KLOCAL-0fea88de34bd253a,유원유치원,2016,55,0,https://e-childschoolinfo.moe.go.kr/,2016년 1차 공시
KLOCAL-1f62e882633af92e,은별유치원,2016,96,0,https://e-childschoolinfo.moe.go.kr/,2016년 1차 공시
KLOCAL-db7e3deb88dd632a,은아유치원,2016,273,0,https://e-childschoolinfo.moe.go.kr/,2016년 1차 공시
KLOCAL-68a935d078b42a3a,이레유치원,2016,165,0,https://e-childschoolinfo.moe.go.kr/,2016년 1차 공시
KLOCAL-d943654a91207e8e,이튼유치원,2016,124,0,https://e-childschoolinfo.moe.go.kr/,2016년 1차 공시
KLOCAL-e84b45bc48e038b0,이화유치원,2016,87,0,https://e-childschoolinfo.moe.go.kr/,2016년 1차 공시
KLOCAL-85f5756001b304e3,인천경원초등학교병설유치원,2016,54,0,https://e-childschoolinfo.moe.go.kr/,2016년 1차 공시
KLOCAL-c7b1ac02486e877e,인천공항유치원,2016,126,5,https://e-childschoolinfo.moe.go.kr/,2016년 1차 공시
KLOCAL-bf23f2ab98fbb26d,인천공항초등학교신도분교장병설유치원,2016,11,0,https://e-childschoolinfo.moe.go.kr/,2016년 1차 공시
KLOCAL-7c23e3e4581c56be,인천대화초등학교병설유치원,2016,45,0,https://e-childschoolinfo.moe.go.kr/,2016년 1차 공시
KLOCAL-d937eda4414c29ee,인천도화초등학교병설유치원,2016,54,4,https://e-childschoolinfo.moe.go.kr/,2016년 1차 공시
KLOCAL-f029b3c36cc10f46,인천만석초등학교병설유치원,2016,59,0,https://e-childschoolinfo.moe.go.kr/,2016년 1차 공시
KLOCAL-9d0fbf322e58c053,인천문학초등학교병설유치원,2016,26,0,https://e-childschoolinfo.moe.go.kr/,2016년 1차 공시
KLOCAL-9a6e8bc74511dd0d,인천삼목초등학교장봉분교장병설유치원,2016,5,0,https://e-childschoolinfo.moe.go.kr/,2016년 1차 공시
KLOCAL-4738008fa5ece47e,인천서림초등학교병설유치원,2016,54,0,https://e-childschoolinfo.moe.go.kr/,2016년 1차 공시
KLOCAL-cc95b8a776d508d8,인천서화초등학교병설유치원,2016,26,0,https://e-childschoolinfo.moe.go.kr/,2016년 1차 공시
KLOCAL-380ee7c054fafc91,인천서흥초등학교병설유치원,2016,47,0,https://e-childschoolinfo.moe.go.kr/,2016년 1차 공시
KLOCAL-46db3a7a96da1ce6,인천송림초등학교병설유치원,2016,35,3,https://e-childschoolinfo.moe.go.kr/,2016년 1차 공시
KLOCAL-951ec0e0cd988c8e,인천송월초등학교병설유치원,2016,16,0,https://e-childschoolinfo.moe.go.kr/,2016년 1차 공시
KLOCAL-73ccc783a23f0675,인천송현초등학교병설유치원,2016,52,0,https://e-childschoolinfo.moe.go.kr/,2016년 1차 공시
KLOCAL-b12b61fbba266e2a,인천숭의초등학교병설유치원,2016,28,0,https://e-childschoolinfo.moe.go.kr/,2016년 1차 공시
KLOCAL-8ba02afc753343e4,인천신선초등학교병설유치원,2016,54,0,https://e-childschoolinfo.moe.go.kr/,2016년 1차 공시
KLOCAL-1ddb144d8df27d87,인천영종초등학교병설유치원,2016,100,0,https://e-childschoolinfo.moe.go.kr/,2016년 1차 공시
KLOCAL-f49918d712180a3b,인천용유초등학교병설유치원,2016,15,0,https://e-childschoolinfo.moe.go.kr/,2016년 1차 공시
KLOCAL-dbac808d955ed351,인천용일초등학교병설유치원,2016,54,0,https://e-childschoolinfo.moe.go.kr/,2016년 1차 공시
KLOCAL-835ca4886f808119,인천용정초등학교병설유치원,2016,11,0,https://e-childschoolinfo.moe.go.kr/,2016년 1차 공시
KLOCAL-03906654ce1dfdb4,인천용현남초등학교자월분교장병설유치원,2016,2,0,https://e-childschoolinfo.moe.go.kr/,2016년 1차 공시
KLOCAL-d8fda0594f1bd61a,인천유치원,2016,100,0,https://e-childschoolinfo.moe.go.kr/,2016년 1차 공시
KLOCAL-331748ca3b141540,인천인주초등학교병설유치원,2016,28,0,https://e-childschoolinfo.moe.go.kr/,2016년 1차 공시
KLOCAL-34cd4a3c1e5df434,인천창영초등학교병설유치원,2016,9,0,https://e-childschoolinfo.moe.go.kr/,2016년 1차 공시
KLOCAL-3caa8d6f764b16f7,인천하늘초등학교병설유치원,2016,72,0,https://e-childschoolinfo.moe.go.kr/,2016년 1차 공시
KLOCAL-78df8739d8df4799,인천학익초등학교병설유치원,2016,51,0,https://e-childschoolinfo.moe.go.kr/,2016년 1차 공시
KLOCAL-89a34f512aff0b8a,자유유치원,2016,141,36,https://e-childschoolinfo.moe.go.kr/,2016년 1차 공시
KLOCAL-7f0082a29bbc1873,재능대학교부속유치원,2016,199,0,https://e-childschoolinfo.moe.go.kr/,2016년 1차 공시
KLOCAL-b3e79d50babb2a89,지영유치원,2016,95,0,https://e-childschoolinfo.moe.go.kr/,2016년 1차 공시
KLOCAL-d635964a0d09b53d,진촌유치원,2016,26,0,https://e-childschoolinfo.moe.go.kr/,2016년 1차 공시
KLOCAL-860b4fda06d66205,진흥유치원,2016,119,0,https://e-childschoolinfo.moe.go.kr/,2016년 1차 공시
KLOCAL-59488b5f10bd36dd,참빛유치원,2016,108,0,https://e-childschoolinfo.moe.go.kr/,2016년 1차 공시
KLOCAL-a33ff6a4ff454116,청파유치원,2016,129,0,https://e-childschoolinfo.moe.go.kr/,2016년 1차 공시
KLOCAL-d3da11d9e1f412b4,초롱유치원,2016,115,0,https://e-childschoolinfo.moe.go.kr/,2016년 1차 공시
KLOCAL-bfbf6ed15649f16b,하늘유치원,2016,22,0,https://e-childschoolinfo.moe.go.kr/,2016년 1차 공시
KLOCAL-5ef1a9f30587f281,한빛유치원,2016,113,0,https://e-childschoolinfo.moe.go.kr/,2016년 1차 공시
KLOCAL-5291bdaab4f312eb,한울유치원,2016,144,0,https://e-childschoolinfo.moe.go.kr/,2016년 1차 공시
KLOCAL-d55991545b9ca28f,해님나라유치원,2016,145,0,https://e-childschoolinfo.moe.go.kr/,2016년 1차 공시
KLOCAL-449480036ac79522,해승유치원,2016,86,0,https://e-childschoolinfo.moe.go.kr/,2016년 1차 공시
KLOCAL-d0c67b00714a002e,간석유치원,2016,74,0,https://e-childschoolinfo.moe.go.kr/,2016년 1차 공시
KLOCAL-3a978356c1843ba3,경희유치원,2016,232,0,https://e-childschoolinfo.moe.go.kr/,2016년 1차 공시
KLOCAL-29f5f5d74751a178,근혜유치원,2016,167,0,https://e-childschoolinfo.moe.go.kr/,2016년 1차 공시
KLOCAL-5369696c6d615b3e,글로벌나래유치원,2016,237,0,https://e-childschoolinfo.moe.go.kr/,2016년 1차 공시
KLOCAL-fe703725d8c5c670,글로벌레인보우유치원,2016,434,0,https://e-childschoolinfo.moe.go.kr/,2016년 1차 공시
KLOCAL-bfd71f3d423988a5,기암유치원,2016,189,0,https://e-childschoolinfo.moe.go.kr/,2016년 1차 공시
KLOCAL-610577971bdb7e92,꿈꾸는유치원,2016,46,0,https://e-childschoolinfo.moe.go.kr/,2016년 1차 공시
KLOCAL-251be2946e3f2e1e,꿈동산유치원,2016,177,0,https://e-childschoolinfo.moe.go.kr/,2016년 1차 공시
KLOCAL-8178a2810111b4ae,꿈의보람유치원,2016,58,0,https://e-childschoolinfo.moe.go.kr/,2016년 1차 공시
KLOCAL-523238aa4d216e5d,남동리라유치원,2016,45,0,https://e-childschoolinfo.moe.go.kr/,2016년 1차 공시
KLOCAL-75d0fa4c757e5562,남양유치원,2016,50,0,https://e-childschoolinfo.moe.go.kr/,2016년 1차 공시
KLOCAL-033a97f22a8d5674,논현유치원,2016,126,10,https://e-childschoolinfo.moe.go.kr/,2016년 1차 공시
KLOCAL-d5c54935ca8ff71b,다샘유치원,2016,52,0,https://e-childschoolinfo.moe.go.kr/,2016년 1차 공시
KLOCAL-b71f83339bbf6c7f,다슬기유치원,2016,90,0,https://e-childschoolinfo.moe.go.kr/,2016년 1차 공시
KLOCAL-eb92e3c1aa814a5f,도람유치원,2016,32,0,https://e-childschoolinfo.moe.go.kr/,2016년 1차 공시
KLOCAL-6daf1b262c32a08c,동심유치원,2016,304,0,https://e-childschoolinfo.moe.go.kr/,2016년 1차 공시
KLOCAL-63399426933f9ae4,동화나라유치원,2016,120,0,https://e-childschoolinfo.moe.go.kr/,2016년 1차 공시
KLOCAL-f00d9d321a9f4277,딩동댕유치원,2016,249,0,https://e-childschoolinfo.moe.go.kr/,2016년 1차 공시
KLOCAL-7d56576ef0a5400e,무지개유치원,2016,73,0,https://e-childschoolinfo.moe.go.kr/,2016년 1차 공시
KLOCAL-65f18e0f28637028,미상지유치원,2016,133,0,https://e-childschoolinfo.moe.go.kr/,2016년 1차 공시
KLOCAL-c4161023af71f7b8,미예뜰유치원,2016,118,0,https://e-childschoolinfo.moe.go.kr/,2016년 1차 공시
KLOCAL-fd52787ce68b9cc4,바다의별유치원,2016,139,0,https://e-childschoolinfo.moe.go.kr/,2016년 1차 공시
KLOCAL-4db1d0730f341b82,반디유치원,2016,180,0,https://e-childschoolinfo.moe.go.kr/,2016년 1차 공시
KLOCAL-4a0dd0e09f7c170a,복자유치원,2016,260,0,https://e-childschoolinfo.moe.go.kr/,2016년 1차 공시
KLOCAL-a13484cce102c7ad,부광예능유치원,2016,74,0,https://e-childschoolinfo.moe.go.kr/,2016년 1차 공시
KLOCAL-8623b37927321be0,부광유치원,2016,104,0,https://e-childschoolinfo.moe.go.kr/,2016년 1차 공시
KLOCAL-7e915f13c355f440,브레인유치원,2016,236,1,https://e-childschoolinfo.moe.go.kr/,2016년 1차 공시
KLOCAL-12d27bc6e1660e9d,사랑유치원,2016,126,0,https://e-childschoolinfo.moe.go.kr/,2016년 1차 공시
KLOCAL-100df6af0fea38c9,삼성유치원,2016,116,0,https://e-childschoolinfo.moe.go.kr/,2016년 1차 공시
KLOCAL-636dd7114ca68810,상인천유치원,2016,62,0,https://e-childschoolinfo.moe.go.kr/,2016년 1차 공시
KLOCAL-6676c2bcefece192,새싹유치원,2016,149,0,https://e-childschoolinfo.moe.go.kr/,2016년 1차 공시
KLOCAL-107a8c06c18f2a60,새예지유치원,2016,160,0,https://e-childschoolinfo.moe.go.kr/,2016년 1차 공시
KLOCAL-43f7ad8ac4fd97b4,새인예유치원,2016,70,0,https://e-childschoolinfo.moe.go.kr/,2016년 1차 공시
KLOCAL-f79433e81215e45b,새하늘유치원,2016,59,0,https://e-childschoolinfo.moe.go.kr/,2016년 1차 공시
KLOCAL-ee92f238c00ca8b5,샤인유치원,2016,229,0,https://e-childschoolinfo.moe.go.kr/,2016년 1차 공시
KLOCAL-c8f9db70f7f75291,선미유치원,2016,89,0,https://e-childschoolinfo.moe.go.kr/,2016년 1차 공시
KLOCAL-44786c27116da614,성광유치원,2016,145,0,https://e-childschoolinfo.moe.go.kr/,2016년 1차 공시
KLOCAL-67e0c5eb116913d6,소담숲유치원,2016,147,0,https://e-childschoolinfo.moe.go.kr/,2016년 1차 공시
KLOCAL-e47e237956c9037b,송도국제유치원,2016,452,0,https://e-childschoolinfo.moe.go.kr/,2016년 1차 공시
KLOCAL-4d24c45e629f00af,수피아유치원,2016,143,0,https://e-childschoolinfo.moe.go.kr/,2016년 1차 공시
KLOCAL-21a7223db4562e0a,순복음유치원,2016,152,0,https://e-childschoolinfo.moe.go.kr/,2016년 1차 공시
KLOCAL-fd832db87ee2afb4,숲속의유치원,2016,147,0,https://e-childschoolinfo.moe.go.kr/,2016년 1차 공시
KLOCAL-f591f4da9fb6832b,신도유치원,2016,86,0,https://e-childschoolinfo.moe.go.kr/,2016년 1차 공시
KLOCAL-369a4964372d4b20,신명유치원,2016,49,0,https://e-childschoolinfo.moe.go.kr/,2016년 1차 공시
KLOCAL-c8f2705298b07183,아름솔유치원,2016,150,0,https://e-childschoolinfo.moe.go.kr/,2016년 1차 공시
KLOCAL-ff3c969cd7af6837,아삽유치원,2016,64,0,https://e-childschoolinfo.moe.go.kr/,2016년 1차 공시
KLOCAL-1375cec9fea0c803,아이웰유치원,2016,62,0,https://e-childschoolinfo.moe.go.kr/,2016년 1차 공시
KLOCAL-2c8aa292f224503d,아이큰별유치원,2016,95,0,https://e-childschoolinfo.moe.go.kr/,2016년 1차 공시
KLOCAL-34fbb34c9c9f34c7,에듀피아유치원,2016,193,0,https://e-childschoolinfo.moe.go.kr/,2016년 1차 공시
KLOCAL-e436b88a780add2c,에이스화인유치원,2016,363,0,https://e-childschoolinfo.moe.go.kr/,2016년 1차 공시
KLOCAL-3ab60969c7103ea6,엔젤유치원,2016,36,0,https://e-childschoolinfo.moe.go.kr/,2016년 1차 공시
KLOCAL-f9f166dfa9308d05,엘림유치원,2016,167,0,https://e-childschoolinfo.moe.go.kr/,2016년 1차 공시
KLOCAL-778bc903de10783e,연수유치원,2016,124,0,https://e-childschoolinfo.moe.go.kr/,2016년 1차 공시
KLOCAL-e939c200a4db1777,영보유치원,2016,189,0,https://e-childschoolinfo.moe.go.kr/,2016년 1차 공시
KLOCAL-117cde7db840a10e,예다원유치원,2016,271,0,https://e-childschoolinfo.moe.go.kr/,2016년 1차 공시
KLOCAL-a6c49aeb58916263,예지유치원,2016,119,0,https://e-childschoolinfo.moe.go.kr/,2016년 1차 공시
KLOCAL-d9ad116e2003fd1e,예진유치원,2016,96,0,https://e-childschoolinfo.moe.go.kr/,2016년 1차 공시
KLOCAL-a73becd81df8c04e,온누리비전유치원,2016,98,0,https://e-childschoolinfo.moe.go.kr/,2016년 1차 공시
KLOCAL-2b73eb96ef811bfa,유석화유치원,2016,181,0,https://e-childschoolinfo.moe.go.kr/,2016년 1차 공시
KLOCAL-a23bf1cd467fa082,이삭예능유치원,2016,120,0,https://e-childschoolinfo.moe.go.kr/,2016년 1차 공시
KLOCAL-6cc247e473a0dd94,인보유치원,2016,73,0,https://e-childschoolinfo.moe.go.kr/,2016년 1차 공시
KLOCAL-28e854d271c0e8e1,인천간석초등학교병설유치원,2016,16,5,https://e-childschoolinfo.moe.go.kr/,2016년 1차 공시
KLOCAL-bb78c900eca43f09,인천고잔유치원,2016,136,10,https://e-childschoolinfo.moe.go.kr/,2016년 1차 공시
KLOCAL-34f51f462724b79d,인천고잔초등학교병설유치원,2016,81,0,https://e-childschoolinfo.moe.go.kr/,2016년 1차 공시
KLOCAL-90f24a9a996ac511,인천구월서초등학교병설유치원,2016,24,0,https://e-childschoolinfo.moe.go.kr/,2016년 1차 공시
KLOCAL-c3820bd9125fc45b,인천구월유치원,2016,216,15,https://e-childschoolinfo.moe.go.kr/,2016년 1차 공시
KLOCAL-f7865938c34c572d,인천남촌초등학교병설유치원,2016,24,0,https://e-childschoolinfo.moe.go.kr/,2016년 1차 공시
KLOCAL-fc233c4e719c1c84,인천논곡초등학교병설유치원,2016,28,5,https://e-childschoolinfo.moe.go.kr/,2016년 1차 공시
KLOCAL-394d164ed7bec392,인천도림초등학교병설유치원,2016,54,0,https://e-childschoolinfo.moe.go.kr/,2016년 1차 공시
KLOCAL-c450a0dccff7fa8a,인천동방초등학교병설유치원,2016,72,0,https://e-childschoolinfo.moe.go.kr/,2016년 1차 공시
KLOCAL-d0880bc91ea3a11c,인천동부초등학교병설유치원,2016,22,0,https://e-childschoolinfo.moe.go.kr/,2016년 1차 공시
KLOCAL-32d3ae6b63e1b618,인천동춘초등학교병설유치원,2016,54,0,https://e-childschoolinfo.moe.go.kr/,2016년 1차 공시
KLOCAL-ef25cce87a4a5a4a,인천만월초등학교병설유치원,2016,72,0,https://e-childschoolinfo.moe.go.kr/,2016년 1차 공시
KLOCAL-7cd8621a409ee80e,인천먼우금초등학교병설유치원,2016,80,0,https://e-childschoolinfo.moe.go.kr/,2016년 1차 공시
KLOCAL-9e1ecde17b4153f9,인천명선초등학교병설유치원,2016,82,0,https://e-childschoolinfo.moe.go.kr/,2016년 1차 공시
KLOCAL-b77a1bafb9d14dde,인천사리울초등학교병설유치원,2016,64,0,https://e-childschoolinfo.moe.go.kr/,2016년 1차 공시
KLOCAL-fda225ae2869cf69,인천상아초등학교병설유치원,2016,82,0,https://e-childschoolinfo.moe.go.kr/,2016년 1차 공시
KLOCAL-a13112ed33df123c,인천서창초등학교병설유치원,2016,54,0,https://e-childschoolinfo.moe.go.kr/,2016년 1차 공시
KLOCAL-7b02766e15ef5760,인천성리초등학교병설유치원,2016,28,0,https://e-childschoolinfo.moe.go.kr/,2016년 1차 공시
KLOCAL-10682fedb5eb5c47,인천소래초등학교병설유치원,2016,72,0,https://e-childschoolinfo.moe.go.kr/,2016년 1차 공시
KLOCAL-4eab697aec7ffe81,인천송명초등학교병설유치원,2016,72,0,https://e-childschoolinfo.moe.go.kr/,2016년 1차 공시
KLOCAL-278a27da1c51475e,인천송원초등학교병설유치원,2016,72,0,https://e-childschoolinfo.moe.go.kr/,2016년 1차 공시
KLOCAL-c0b666f4a95885af,인천송일초등학교병설유치원,2016,122,0,https://e-childschoolinfo.moe.go.kr/,2016년 1차 공시
KLOCAL-f9615dc5f6bb8ee0,인천신송초등학교병설유치원,2016,108,0,https://e-childschoolinfo.moe.go.kr/,2016년 1차 공시
KLOCAL-217d5f1aa8131427,인천신월초등학교병설유치원,2016,54,5,https://e-childschoolinfo.moe.go.kr/,2016년 1차 공시
KLOCAL-1519f421f42d9d8a,인천신정초등학교병설유치원,2016,82,5,https://e-childschoolinfo.moe.go.kr/,2016년 1차 공시
KLOCAL-c71d186619793815,인천원동초등학교병설유치원,2016,82,0,https://e-childschoolinfo.moe.go.kr/,2016년 1차 공시
KLOCAL-96cfe3734dfe7f6f,인천인동초등학교병설유치원,2016,56,0,https://e-childschoolinfo.moe.go.kr/,2016년 1차 공시
KLOCAL-f2b56eb375536aa8,인천장도초등학교병설유치원,2016,80,0,https://e-childschoolinfo.moe.go.kr/,2016년 1차 공시
KLOCAL-6f2e5971d64c0765,인천장서초등학교병설유치원,2016,69,0,https://e-childschoolinfo.moe.go.kr/,2016년 1차 공시
KLOCAL-1cba793eaad3af21,인천장수초등학교병설유치원,2016,66,0,https://e-childschoolinfo.moe.go.kr/,2016년 1차 공시
KLOCAL-0d94659e002bb7af,인천정각초등학교병설유치원,2016,108,5,https://e-childschoolinfo.moe.go.kr/,2016년 1차 공시
KLOCAL-abb50af7d2260f86,인천주원초등학교병설유치원,2016,48,0,https://e-childschoolinfo.moe.go.kr/,2016년 1차 공시
KLOCAL-8e56ade33984c867,인천축현초등학교병설유치원,2016,54,0,https://e-childschoolinfo.moe.go.kr/,2016년 1차 공시
KLOCAL-dc5e4c9a4f7a45e8,인천한빛초등학교병설유치원,2016,100,0,https://e-childschoolinfo.moe.go.kr/,2016년 1차 공시
KLOCAL-18b3e8f4c6c007f3,인천해송초등학교병설유치원,2016,81,5,https://e-childschoolinfo.moe.go.kr/,2016년 1차 공시
KLOCAL-a243e71bda61eb84,자연발도르프유치원,2016,134,0,https://e-childschoolinfo.moe.go.kr/,2016년 1차 공시
KLOCAL-d2edb512eb6beab0,자연아이유치원,2016,79,0,https://e-childschoolinfo.moe.go.kr/,2016년 1차 공시
KLOCAL-5797361de35b1d37,작은꽃예능유치원,2016,132,0,https://e-childschoolinfo.moe.go.kr/,2016년 1차 공시
KLOCAL-89210c1d0d118cbb,제니스유치원,2016,306,0,https://e-childschoolinfo.moe.go.kr/,2016년 1차 공시
KLOCAL-d1f974afc89b04e4,조은유치원,2016,41,0,https://e-childschoolinfo.moe.go.kr/,2016년 1차 공시
KLOCAL-118ab21d4295eddf,진명유치원,2016,87,0,https://e-childschoolinfo.moe.go.kr/,2016년 1차 공시
KLOCAL-5f898a9cc2711bd4,참아름유치원,2016,172,0,https://e-childschoolinfo.moe.go.kr/,2016년 1차 공시
KLOCAL-2b07c33dd5f30eca,참조은유치원,2016,146,0,https://e-childschoolinfo.moe.go.kr/,2016년 1차 공시
KLOCAL-ae41e29b3e0ee2d0,청담숲유치원,2016,55,0,https://e-childschoolinfo.moe.go.kr/,2016년 1차 공시
KLOCAL-cb0f3434a75d79da,청송유치원,2016,221,0,https://e-childschoolinfo.moe.go.kr/,2016년 1차 공시
KLOCAL-700c16dffdf23664,청학숲유치원,2016,280,0,https://e-childschoolinfo.moe.go.kr/,2016년 1차 공시
KLOCAL-1fcc5bb819b6a357,큰별유치원,2016,199,0,https://e-childschoolinfo.moe.go.kr/,2016년 1차 공시
KLOCAL-f9c23299c9f29c92,키즈월드유치원,2016,81,0,https://e-childschoolinfo.moe.go.kr/,2016년 1차 공시
KLOCAL-b9a00b06c19a5b27,푸른마을유치원,2016,176,0,https://e-childschoolinfo.moe.go.kr/,2016년 1차 공시
KLOCAL-a0b7cbe5a91d6fc3,프라임명지유치원,2016,134,0,https://e-childschoolinfo.moe.go.kr/,2016년 1차 공시
KLOCAL-3267d41d2d4da711,프라임예지유치원,2016,399,0,https://e-childschoolinfo.moe.go.kr/,2016년 1차 공시
KLOCAL-28e51f0551b2fcfd,하늘땅유치원,2016,266,0,https://e-childschoolinfo.moe.go.kr/,2016년 1차 공시
KLOCAL-70d1490d13dd71fa,하늘향기유치원,2016,97,0,https://e-childschoolinfo.moe.go.kr/,2016년 1차 공시
KLOCAL-3bbfd5ed25e38ec1,한빛유치원,2016,80,0,https://e-childschoolinfo.moe.go.kr/,2016년 1차 공시
KLOCAL-6730ff03a24b1db6,한솔유치원,2016,59,0,https://e-childschoolinfo.moe.go.kr/,2016년 1차 공시
KLOCAL-872cb8b8d014505e,한울유치원,2016,70,0,https://e-childschoolinfo.moe.go.kr/,2016년 1차 공시
KLOCAL-c24174173a80af5d,해나라유치원,2016,166,0,https://e-childschoolinfo.moe.go.kr/,2016년 1차 공시
KLOCAL-9fd7e2d0a4c711bb,해돋이유치원,2016,36,0,https://e-childschoolinfo.moe.go.kr/,2016년 1차 공시
KLOCAL-03eaab4ac9dbb6a3,해승유치원,2016,125,0,https://e-childschoolinfo.moe.go.kr/,2016년 1차 공시
KLOCAL-1fd3e98881a11318,해와달유치원,2016,103,0,https://e-childschoolinfo.moe.go.kr/,2016년 1차 공시
KLOCAL-25a0b873b3438607,행복한유치원,2016,122,0,https://e-childschoolinfo.moe.go.kr/,2016년 1차 공시
KLOCAL-799d3765effdf6c9,The큰빛유치원,2016,247,0,https://e-childschoolinfo.moe.go.kr/,2016년 1차 공시
KLOCAL-bf4a58b2949b1422,경인여자대학교부속유치원,2016,139,0,https://e-childschoolinfo.moe.go.kr/,2016년 1차 공시
KLOCAL-ec9c24186f6f3b8f,경희동화나라유치원,2016,88,0,https://e-childschoolinfo.moe.go.kr/,2016년 1차 공시
KLOCAL-000e957d3ab6431c,근산유치원,2016,370,0,https://e-childschoolinfo.moe.go.kr/,2016년 1차 공시
KLOCAL-8ed8228b0a070bd1,꿈나라유치원,2016,161,0,https://e-childschoolinfo.moe.go.kr/,2016년 1차 공시
KLOCAL-10a79f1b1d9bbd9f,꿈나무유치원,2016,60,0,https://e-childschoolinfo.moe.go.kr/,2016년 1차 공시
KLOCAL-820463ae379873df,노틀담유치원,2016,99,0,https://e-childschoolinfo.moe.go.kr/,2016년 1차 공시
KLOCAL-477745c4f0da4531,단비유치원,2016,115,0,https://e-childschoolinfo.moe.go.kr/,2016년 1차 공시
KLOCAL-79bf4736d22026e1,대동유치원,2016,180,0,https://e-childschoolinfo.moe.go.kr/,2016년 1차 공시
KLOCAL-4d4340c9fc828cb1,동심유치원,2016,154,0,https://e-childschoolinfo.moe.go.kr/,2016년 1차 공시
KLOCAL-8dd20cefda1ca1a9,마리아유치원,2016,135,0,https://e-childschoolinfo.moe.go.kr/,2016년 1차 공시
KLOCAL-1b4643e77630943f,무지개유치원,2016,196,0,https://e-childschoolinfo.moe.go.kr/,2016년 1차 공시
KLOCAL-d6dfad898c1c6e59,미래유치원,2016,121,0,https://e-childschoolinfo.moe.go.kr/,2016년 1차 공시
KLOCAL-b1ebeb063c6b35bf,밀알유치원,2016,141,0,https://e-childschoolinfo.moe.go.kr/,2016년 1차 공시
KLOCAL-4fc071e233a4b10e,보나유치원,2016,214,0,https://e-childschoolinfo.moe.go.kr/,2016년 1차 공시
KLOCAL-cec3aed5db587e4f,보람유치원,2016,155,0,https://e-childschoolinfo.moe.go.kr/,2016년 1차 공시
KLOCAL-c23244892488770c,산곡유치원,2016,211,0,https://e-childschoolinfo.moe.go.kr/,2016년 1차 공시
KLOCAL-89f989b3e811883f,산들유치원,2016,146,0,https://e-childschoolinfo.moe.go.kr/,2016년 1차 공시
KLOCAL-d8bc2d350c1a4b3f,삼산유치원,2016,100,15,https://e-childschoolinfo.moe.go.kr/,2016년 1차 공시
KLOCAL-e9f605efb8473d0b,상아유치원,2016,65,0,https://e-childschoolinfo.moe.go.kr/,2016년 1차 공시
KLOCAL-a038d3e4ea578813,새빛솔금유치원,2016,160,0,https://e-childschoolinfo.moe.go.kr/,2016년 1차 공시
KLOCAL-7db8731930533c91,서해유치원,2016,109,0,https://e-childschoolinfo.moe.go.kr/,2016년 1차 공시
KLOCAL-f75e1b7433faa86d,석화유치원,2016,174,0,https://e-childschoolinfo.moe.go.kr/,2016년 1차 공시
KLOCAL-c539ce6d997179e4,선화유치원,2016,52,0,https://e-childschoolinfo.moe.go.kr/,2016년 1차 공시
KLOCAL-2f487e44a994a758,성심유치원,2016,138,0,https://e-childschoolinfo.moe.go.kr/,2016년 1차 공시
KLOCAL-9f6aa62c8072b43d,성아유치원,2016,59,0,https://e-childschoolinfo.moe.go.kr/,2016년 1차 공시
KLOCAL-ad69756960486f7d,숲속유치원,2016,163,0,https://e-childschoolinfo.moe.go.kr/,2016년 1차 공시
KLOCAL-93134beb67614dd4,아란유치원,2016,190,0,https://e-childschoolinfo.moe.go.kr/,2016년 1차 공시
KLOCAL-61028cac96a381f0,양지유치원,2016,88,0,https://e-childschoolinfo.moe.go.kr/,2016년 1차 공시
KLOCAL-1e0f6cb24019a829,엄지유치원,2016,83,0,https://e-childschoolinfo.moe.go.kr/,2016년 1차 공시
KLOCAL-a9d87dc7c78bb460,에코프라임유치원,2016,92,0,https://e-childschoolinfo.moe.go.kr/,2016년 1차 공시
KLOCAL-52870ab69b81e458,엔젤유치원,2016,28,0,https://e-childschoolinfo.moe.go.kr/,2016년 1차 공시
KLOCAL-688acebabf540837,여림유치원,2016,174,0,https://e-childschoolinfo.moe.go.kr/,2016년 1차 공시
KLOCAL-b40f58f5747ed00c,연세유치원,2016,141,0,https://e-childschoolinfo.moe.go.kr/,2016년 1차 공시
KLOCAL-a75ab82d043d1d3c,열림유치원,2016,136,0,https://e-childschoolinfo.moe.go.kr/,2016년 1차 공시
KLOCAL-b9f9b3b6acb3e646,열우물유치원,2016,71,0,https://e-childschoolinfo.moe.go.kr/,2016년 1차 공시
KLOCAL-1923165e7aafe096,영광유치원,2016,211,0,https://e-childschoolinfo.moe.go.kr/,2016년 1차 공시
KLOCAL-2dec811cf063913d,예그랑유치원,2016,115,0,https://e-childschoolinfo.moe.go.kr/,2016년 1차 공시
KLOCAL-28fe79464ba28534,예림유치원,2016,78,0,https://e-childschoolinfo.moe.go.kr/,2016년 1차 공시
KLOCAL-56a50a91ae4989cb,예소담유치원,2016,154,0,https://e-childschoolinfo.moe.go.kr/,2016년 1차 공시
KLOCAL-dbea3b1337a43ee7,예원유치원,2016,316,0,https://e-childschoolinfo.moe.go.kr/,2016년 1차 공시
KLOCAL-b160ba4a3527af43,은현유치원,2016,126,0,https://e-childschoolinfo.moe.go.kr/,2016년 1차 공시
KLOCAL-ab518cb95e2f0dd1,은혜유치원,2016,50,0,https://e-childschoolinfo.moe.go.kr/,2016년 1차 공시
KLOCAL-06aad668ba6db02c,이노필유치원,2016,37,0,https://e-childschoolinfo.moe.go.kr/,2016년 1차 공시
KLOCAL-d50e97c5d449d3e1,이화유치원,2016,128,0,https://e-childschoolinfo.moe.go.kr/,2016년 1차 공시
KLOCAL-00d7d85e52a053a8,인천갈월초등학교병설유치원,2016,54,0,https://e-childschoolinfo.moe.go.kr/,2016년 1차 공시
KLOCAL-02221618c55c5603,인천계양초등학교병설유치원,2016,70,0,https://e-childschoolinfo.moe.go.kr/,2016년 1차 공시
KLOCAL-27ae0beeef7a0473,인천계양초등학교상야분교장병설유치원,2016,6,0,https://e-childschoolinfo.moe.go.kr/,2016년 1차 공시
KLOCAL-795e68028ccfe327,인천굴포초등학교병설유치원,2016,72,3,https://e-childschoolinfo.moe.go.kr/,2016년 1차 공시
KLOCAL-2e27b0337e9883ca,인천귤현초등학교병설유치원,2016,71,0,https://e-childschoolinfo.moe.go.kr/,2016년 1차 공시
KLOCAL-528dcc8ceefc1f83,인천금마초등학교병설유치원,2016,54,0,https://e-childschoolinfo.moe.go.kr/,2016년 1차 공시
KLOCAL-5d2374027a21efe0,인천길주초등학교병설유치원,2016,53,0,https://e-childschoolinfo.moe.go.kr/,2016년 1차 공시
KLOCAL-0fab6c92ee3a52d6,인천당산초등학교병설유치원,2016,71,0,https://e-childschoolinfo.moe.go.kr/,2016년 1차 공시
KLOCAL-36fdf3552e15dcd7,인천동암초등학교병설유치원,2016,21,0,https://e-childschoolinfo.moe.go.kr/,2016년 1차 공시
KLOCAL-4dfa29d594589afd,인천명현초등학교병설유치원,2016,53,0,https://e-childschoolinfo.moe.go.kr/,2016년 1차 공시
KLOCAL-2ee6cf805dfe4f3f,인천미산초등학교병설유치원,2016,54,0,https://e-childschoolinfo.moe.go.kr/,2016년 1차 공시
KLOCAL-245e760a0802fd93,인천백운초등학교병설유치원,2016,54,0,https://e-childschoolinfo.moe.go.kr/,2016년 1차 공시
KLOCAL-7738df6499839a0d,인천부개서초등학교병설유치원,2016,28,0,https://e-childschoolinfo.moe.go.kr/,2016년 1차 공시
KLOCAL-43e30ed66f88da53,인천부개초등학교병설유치원,2016,28,0,https://e-childschoolinfo.moe.go.kr/,2016년 1차 공시
KLOCAL-549b4c127ea514d3,인천부광초등학교병설유치원,2016,28,0,https://e-childschoolinfo.moe.go.kr/,2016년 1차 공시
KLOCAL-106cec12938f9093,인천부마초등학교병설유치원,2016,72,9,https://e-childschoolinfo.moe.go.kr/,2016년 1차 공시
KLOCAL-5b76fc7bb28b95d2,인천부원초등학교병설유치원,2016,72,0,https://e-childschoolinfo.moe.go.kr/,2016년 1차 공시
KLOCAL-1b7dad99867a6eaf,인천부일초등학교병설유치원,2016,72,0,https://e-childschoolinfo.moe.go.kr/,2016년 1차 공시
KLOCAL-ebb7f219b7dc3c02,인천부평남초등학교병설유치원,2016,28,0,https://e-childschoolinfo.moe.go.kr/,2016년 1차 공시
KLOCAL-7268e62cbbfb14b0,인천부평동초등학교병설유치원,2016,54,2,https://e-childschoolinfo.moe.go.kr/,2016년 1차 공시
KLOCAL-e7025d490b504a01,인천부평북초등학교병설유치원,2016,28,0,https://e-childschoolinfo.moe.go.kr/,2016년 1차 공시
KLOCAL-ccc93f34c68fe601,인천부평서초등학교병설유치원,2016,28,0,https://e-childschoolinfo.moe.go.kr/,2016년 1차 공시
KLOCAL-c2742aa23baa310a,인천산곡초등학교병설유치원,2016,49,0,https://e-childschoolinfo.moe.go.kr/,2016년 1차 공시
KLOCAL-249efd582bc3c17a,인천상정초등학교병설유치원,2016,19,0,https://e-childschoolinfo.moe.go.kr/,2016년 1차 공시
KLOCAL-f772a80f44ffb1a0,인천서운초등학교병설유치원,2016,34,0,https://e-childschoolinfo.moe.go.kr/,2016년 1차 공시
KLOCAL-fec14b51fc4d9297,인천성지초등학교병설유치원,2016,54,4,https://e-childschoolinfo.moe.go.kr/,2016년 1차 공시
KLOCAL-92309078310854ad,인천소양초등학교병설유치원,2016,40,0,https://e-childschoolinfo.moe.go.kr/,2016년 1차 공시
KLOCAL-8a55755e2e4733cb,인천십정초등학교병설유치원,2016,13,0,https://e-childschoolinfo.moe.go.kr/,2016년 1차 공시
KLOCAL-7de363a40d49f18a,인천안남초등학교병설유치원,2016,72,5,https://e-childschoolinfo.moe.go.kr/,2016년 1차 공시
KLOCAL-b0f87221d172f370,인천양촌초등학교병설유치원,2016,72,0,https://e-childschoolinfo.moe.go.kr/,2016년 1차 공시
KLOCAL-d59c3c131dfc2700,인천영선초등학교병설유치원,2016,54,0,https://e-childschoolinfo.moe.go.kr/,2016년 1차 공시
KLOCAL-01a5916f0b28e44c,인천용마초등학교병설유치원,2016,54,0,https://e-childschoolinfo.moe.go.kr/,2016년 1차 공시
KLOCAL-56debb39372c4ba0,인천진산초등학교병설유치원,2016,72,0,https://e-childschoolinfo.moe.go.kr/,2016년 1차 공시
KLOCAL-281c2fad3f04d06c,인천한길초등학교병설유치원,2016,72,0,https://e-childschoolinfo.moe.go.kr/,2016년 1차 공시
KLOCAL-dcebf30aba91b8e1,인천해서초등학교병설유치원,2016,24,4,https://e-childschoolinfo.moe.go.kr/,2016년 1차 공시
KLOCAL-896263eeca0cb24e,인천화전유치원,2016,126,10,https://e-childschoolinfo.moe.go.kr/,2016년 1차 공시
KLOCAL-a458fa05dd151711,인천후정초등학교병설유치원,2016,72,0,https://e-childschoolinfo.moe.go.kr/,2016년 1차 공시
KLOCAL-96f9aeb465d9c1aa,자연과아이들유치원,2016,144,0,https://e-childschoolinfo.moe.go.kr/,2016년 1차 공시
KLOCAL-e340aa37ee0b17d0,자연유치원,2016,162,0,https://e-childschoolinfo.moe.go.kr/,2016년 1차 공시
KLOCAL-3e7958b6a4d50a61,정민유치원,2016,169,0,https://e-childschoolinfo.moe.go.kr/,2016년 1차 공시
KLOCAL-bfc36b4ee580645c,정원유치원,2016,108,0,https://e-childschoolinfo.moe.go.kr/,2016년 1차 공시
KLOCAL-008b28233ec0cee2,청담유치원,2016,181,0,https://e-childschoolinfo.moe.go.kr/,2016년 1차 공시
KLOCAL-a2d75433658bba16,청송유치원,2016,28,0,https://e-childschoolinfo.moe.go.kr/,2016년 1차 공시
KLOCAL-0308f9e9a9e42dfd,청원유치원,2016,183,0,https://e-childschoolinfo.moe.go.kr/,2016년 1차 공시
KLOCAL-3a53daf795aebc01,프렌즈유치원,2016,33,0,https://e-childschoolinfo.moe.go.kr/,2016년 1차 공시
KLOCAL-3604491d53b601b4,한빛유치원,2016,93,0,https://e-childschoolinfo.moe.go.kr/,2016년 1차 공시
KLOCAL-4beea76f3a5d4a06,한솔유치원,2016,143,0,https://e-childschoolinfo.moe.go.kr/,2016년 1차 공시
KLOCAL-ace02cf4887a0b04,해마루유치원,2016,124,0,https://e-childschoolinfo.moe.go.kr/,2016년 1차 공시
KLOCAL-c8f91a641f618071,해승유치원,2016,116,0,https://e-childschoolinfo.moe.go.kr/,2016년 1차 공시
KLOCAL-410831a720cf17a1,햇살유치원,2016,121,0,https://e-childschoolinfo.moe.go.kr/,2016년 1차 공시
KLOCAL-db47790fb79ebb49,현대유치원,2016,122,0,https://e-childschoolinfo.moe.go.kr/,2016년 1차 공시
KLOCAL-624dd65d9a69a6fd,홍익유치원,2016,99,0,https://e-childschoolinfo.moe.go.kr/,2016년 1차 공시
KLOCAL-2d7c4420d8a4f742,가람유치원,2016,209,0,https://e-childschoolinfo.moe.go.kr/,2016년 1차 공시
KLOCAL-d4bd51f655c7d518,경서유치원,2016,200,0,https://e-childschoolinfo.moe.go.kr/,2016년 1차 공시
KLOCAL-85ad7b101c5863a9,경인무지개유치원,2016,18,0,https://e-childschoolinfo.moe.go.kr/,2016년 1차 공시
KLOCAL-8a9b86e4d794522b,꼬마정원유치원,2016,109,0,https://e-childschoolinfo.moe.go.kr/,2016년 1차 공시
KLOCAL-6fa4617437939184,꿈드림유치원,2016,55,0,https://e-childschoolinfo.moe.go.kr/,2016년 1차 공시
KLOCAL-c3dd9c1d20fd07e2,다은유치원,2016,262,0,https://e-childschoolinfo.moe.go.kr/,2016년 1차 공시
KLOCAL-bf9218e3aa324e42,동진유치원,2016,91,0,https://e-childschoolinfo.moe.go.kr/,2016년 1차 공시
KLOCAL-b3e032dc919c404c,드림유치원,2016,370,0,https://e-childschoolinfo.moe.go.kr/,2016년 1차 공시
KLOCAL-9c183b9823ea39ea,리라유치원,2016,166,0,https://e-childschoolinfo.moe.go.kr/,2016년 1차 공시
KLOCAL-d73e3aece4b7ed2b,명문유치원,2016,94,0,https://e-childschoolinfo.moe.go.kr/,2016년 1차 공시
KLOCAL-8e217d7a0b8a977c,무지개유치원,2016,129,0,https://e-childschoolinfo.moe.go.kr/,2016년 1차 공시
KLOCAL-09b87808b6cff7fd,미일유치원,2016,96,0,https://e-childschoolinfo.moe.go.kr/,2016년 1차 공시
KLOCAL-25824987347b89df,바다유치원,2016,56,0,https://e-childschoolinfo.moe.go.kr/,2016년 1차 공시
KLOCAL-c97c061a2c04c5cd,뿌리유치원,2016,81,0,https://e-childschoolinfo.moe.go.kr/,2016년 1차 공시
KLOCAL-5303919996bd8142,사랑과믿음유치원,2016,191,0,https://e-childschoolinfo.moe.go.kr/,2016년 1차 공시
KLOCAL-9caec56ae5d4653c,사랑샘유치원,2016,441,0,https://e-childschoolinfo.moe.go.kr/,2016년 1차 공시
KLOCAL-71ad17ce33cac937,사랑유치원,2016,231,0,https://e-childschoolinfo.moe.go.kr/,2016년 1차 공시
KLOCAL-d19a0e7bb3217421,산새소리유치원,2016,214,0,https://e-childschoolinfo.moe.go.kr/,2016년 1차 공시
KLOCAL-266ed741dd996b8d,산울림유치원,2016,70,0,https://e-childschoolinfo.moe.go.kr/,2016년 1차 공시
KLOCAL-72fd4099e2401182,새미일유치원,2016,92,0,https://e-childschoolinfo.moe.go.kr/,2016년 1차 공시
KLOCAL-28678bbeb7c5c738,새싹유치원,2016,140,0,https://e-childschoolinfo.moe.go.kr/,2016년 1차 공시
KLOCAL-660f3e0dcf70c20f,새한신유치원,2016,61,0,https://e-childschoolinfo.moe.go.kr/,2016년 1차 공시
KLOCAL-8625dcb1f197bc4f,아름다운유치원,2016,49,0,https://e-childschoolinfo.moe.go.kr/,2016년 1차 공시
KLOCAL-5f31278c2ab82f0a,아림유치원,2016,187,0,https://e-childschoolinfo.moe.go.kr/,2016년 1차 공시
KLOCAL-7b4637c902db7d09,아이사랑유치원,2016,248,0,https://e-childschoolinfo.moe.go.kr/,2016년 1차 공시
KLOCAL-7e7fae5590e468c6,아이세상유치원,2016,78,0,https://e-childschoolinfo.moe.go.kr/,2016년 1차 공시
KLOCAL-d4ce0dfb265b45db,에녹유치원,2016,56,0,https://e-childschoolinfo.moe.go.kr/,2016년 1차 공시
KLOCAL-23e886f24f770204,엔젤유치원,2016,121,0,https://e-childschoolinfo.moe.go.kr/,2016년 1차 공시
KLOCAL-a86f6ae287b18882,연희유치원,2016,125,0,https://e-childschoolinfo.moe.go.kr/,2016년 1차 공시
KLOCAL-7a8ef99aafe1ff7b,예빛유치원,2016,133,0,https://e-childschoolinfo.moe.go.kr/,2016년 1차 공시
KLOCAL-97068fb68321a483,예인유치원,2016,152,0,https://e-childschoolinfo.moe.go.kr/,2016년 1차 공시
KLOCAL-432cd97ec470568e,예일유치원,2016,162,0,https://e-childschoolinfo.moe.go.kr/,2016년 1차 공시
KLOCAL-696372f793199769,예지유치원,2016,175,0,https://e-childschoolinfo.moe.go.kr/,2016년 1차 공시
KLOCAL-3e82cc8bc9518c92,은하유치원,2016,214,0,https://e-childschoolinfo.moe.go.kr/,2016년 1차 공시
KLOCAL-983aa403f4eb6fb5,이화유치원,2016,78,0,https://e-childschoolinfo.moe.go.kr/,2016년 1차 공시
KLOCAL-3c3f330218751057,인천가림초등학교병설유치원,2016,54,5,https://e-childschoolinfo.moe.go.kr/,2016년 1차 공시
KLOCAL-1b478ca1f5cbe41e,인천가원초등학교병설유치원,2016,71,5,https://e-childschoolinfo.moe.go.kr/,2016년 1차 공시
KLOCAL-8f015ad565f90f24,인천가정초등학교병설유치원,2016,28,0,https://e-childschoolinfo.moe.go.kr/,2016년 1차 공시
KLOCAL-0b89b3cbc388c8d7,인천가현초등학교병설유치원,2016,72,0,https://e-childschoolinfo.moe.go.kr/,2016년 1차 공시
KLOCAL-d17bb226ab52939f,인천간재울초등학교병설유치원,2016,56,0,https://e-childschoolinfo.moe.go.kr/,2016년 1차 공시
KLOCAL-0867a880c4b46df2,인천건지초등학교병설유치원,2016,71,8,https://e-childschoolinfo.moe.go.kr/,2016년 1차 공시
KLOCAL-ad2e055c24bd547e,인천검단초등학교병설유치원,2016,72,0,https://e-childschoolinfo.moe.go.kr/,2016년 1차 공시
KLOCAL-262e10d1e210408c,인천검암유치원,2016,123,10,https://e-childschoolinfo.moe.go.kr/,2016년 1차 공시
KLOCAL-0af8f94d48e29a3b,인천경명초등학교병설유치원,2016,100,0,https://e-childschoolinfo.moe.go.kr/,2016년 1차 공시
KLOCAL-daa57df0a81440cd,인천경서초등학교병설유치원,2016,82,0,https://e-childschoolinfo.moe.go.kr/,2016년 1차 공시
KLOCAL-c2e4523109105612,인천공촌초등학교병설유치원,2016,54,0,https://e-childschoolinfo.moe.go.kr/,2016년 1차 공시
KLOCAL-6a31f4d9b5c5f65d,인천금곡초등학교병설유치원,2016,66,5,https://e-childschoolinfo.moe.go.kr/,2016년 1차 공시
KLOCAL-382a4eb638edccdb,인천능내초등학교병설유치원,2016,53,1,https://e-childschoolinfo.moe.go.kr/,2016년 1차 공시
KLOCAL-de70b1ea59f110a7,인천단봉초등학교병설유치원,2016,108,0,https://e-childschoolinfo.moe.go.kr/,2016년 1차 공시
KLOCAL-710c5518488064ab,인천당하초등학교병설유치원,2016,56,0,https://e-childschoolinfo.moe.go.kr/,2016년 1차 공시
KLOCAL-e939ece928361ded,인천도담초등학교병설유치원,2016,126,0,https://e-childschoolinfo.moe.go.kr/,2016년 1차 공시
KLOCAL-ddac7c3a8a0d5a08,인천마전초등학교병설유치원,2016,56,0,https://e-childschoolinfo.moe.go.kr/,2016년 1차 공시
KLOCAL-f4753e5542369632,인천목향초등학교병설유치원,2016,54,0,https://e-childschoolinfo.moe.go.kr/,2016년 1차 공시
KLOCAL-7d5c804848608a29,인천발산초등학교병설유치원,2016,72,0,https://e-childschoolinfo.moe.go.kr/,2016년 1차 공시
KLOCAL-f9046d59bd98116e,인천백석초등학교병설유치원,2016,72,0,https://e-childschoolinfo.moe.go.kr/,2016년 1차 공시
KLOCAL-d817fae7029ed452,인천봉수초등학교병설유치원,2016,55,0,https://e-childschoolinfo.moe.go.kr/,2016년 1차 공시
KLOCAL-9cedf6cf5469db38,인천봉화초등학교병설유치원,2016,37,0,https://e-childschoolinfo.moe.go.kr/,2016년 1차 공시
KLOCAL-1c92f7fa634fb5f3,인천불로초등학교병설유치원,2016,54,0,https://e-childschoolinfo.moe.go.kr/,2016년 1차 공시
KLOCAL-2def53f46a779e53,인천석남초등학교병설유치원,2016,24,0,https://e-childschoolinfo.moe.go.kr/,2016년 1차 공시
KLOCAL-2da09589001a6ae4,인천신석초등학교병설유치원,2016,39,5,https://e-childschoolinfo.moe.go.kr/,2016년 1차 공시
KLOCAL-7e2349d1d3ce7603,인천신현북초등학교병설유치원,2016,28,0,https://e-childschoolinfo.moe.go.kr/,2016년 1차 공시
KLOCAL-6ab54af3a2193b78,인천양지초등학교병설유치원,2016,54,5,https://e-childschoolinfo.moe.go.kr/,2016년 1차 공시
KLOCAL-aa8da85a8f6b19b9,인천완정초등학교병설유치원,2016,82,0,https://e-childschoolinfo.moe.go.kr/,2016년 1차 공시
KLOCAL-0fdcd04de8b6ed6d,인천왕길초등학교병설유치원,2016,82,0,https://e-childschoolinfo.moe.go.kr/,2016년 1차 공시
KLOCAL-55058525ba8494ab,인천원당초등학교병설유치원,2016,82,0,https://e-childschoolinfo.moe.go.kr/,2016년 1차 공시
KLOCAL-4c7d06e164ffce6c,인천은지초등학교병설유치원,2016,72,0,https://e-childschoolinfo.moe.go.kr/,2016년 1차 공시
KLOCAL-1fd9f21caa124372,인천창신초등학교병설유치원,2016,72,0,https://e-childschoolinfo.moe.go.kr/,2016년 1차 공시
KLOCAL-df8423dbb089d99c,인천청라초등학교병설유치원,2016,100,0,https://e-childschoolinfo.moe.go.kr/,2016년 1차 공시
KLOCAL-55f85ae587a7a257,인천청람초등학교병설유치원,2016,100,0,https://e-childschoolinfo.moe.go.kr/,2016년 1차 공시
KLOCAL-1106537bcfb62fe4,인천청일초등학교병설유치원,2016,100,0,https://e-childschoolinfo.moe.go.kr/,2016년 1차 공시
KLOCAL-4a424ece4c3030f0,인천초은초등학교병설유치원,2016,100,0,https://e-childschoolinfo.moe.go.kr/,2016년 1차 공시
KLOCAL-bfe5172d21d17747,인천해원초등학교병설유치원,2016,100,0,https://e-childschoolinfo.moe.go.kr/,2016년 1차 공시
KLOCAL-136bbfeb0cacbeb0,일영유치원,2016,135,0,https://e-childschoolinfo.moe.go.kr/,2016년 1차 공시
KLOCAL-d8c137ce638ca39b,재은유치원,2016,117,0,https://e-childschoolinfo.moe.go.kr/,2016년 1차 공시
KLOCAL-960ae6297334b559,청라새싹유치원,2016,323,0,https://e-childschoolinfo.moe.go.kr/,2016년 1차 공시
KLOCAL-9c3128f86f9e804f,청라유치원,2016,223,20,https://e-childschoolinfo.moe.go.kr/,2016년 1차 공시
KLOCAL-287edcd5656c8d18,큰사랑유치원,2016,224,0,https://e-childschoolinfo.moe.go.kr/,2016년 1차 공시
KLOCAL-8550dfd9204474b8,프라임청라유치원,2016,312,0,https://e-childschoolinfo.moe.go.kr/,2016년 1차 공시
KLOCAL-683166512ed62d85,하늘채유치원,2016,75,0,https://e-childschoolinfo.moe.go.kr/,2016년 1차 공시
KLOCAL-6ea342592d10ee06,한샘유치원,2016,133,0,https://e-childschoolinfo.moe.go.kr/,2016년 1차 공시
KLOCAL-3bc1204022c6ac10,한신유치원,2016,58,0,https://e-childschoolinfo.moe.go.kr/,2016년 1차 공시
KLOCAL-b06acf3f676e6db2,한우리유치원,2016,84,0,https://e-childschoolinfo.moe.go.kr/,2016년 1차 공시
KLOCAL-3c0aa6a5169882ee,한울유치원,2016,153,0,https://e-childschoolinfo.moe.go.kr/,2016년 1차 공시
KLOCAL-1f328ba143036bf8,해나라유치원,2016,310,0,https://e-childschoolinfo.moe.go.kr/,2016년 1차 공시
KLOCAL-ca7704409b2eeaf2,희망찬유치원,2016,121,0,https://e-childschoolinfo.moe.go.kr/,2016년 1차 공시
KLOCAL-cc7903a205c47f13,갑룡초등학교병설유치원,2017,60,0,https://e-childschoolinfo.moe.go.kr/,2017년 1차 공시
KLOCAL-dd6dbb2a34c3a048,강화유치원,2017,45,0,https://e-childschoolinfo.moe.go.kr/,2017년 1차 공시
KLOCAL-334e28e4065f3ab6,강화초등학교병설유치원,2017,27,0,https://e-childschoolinfo.moe.go.kr/,2017년 1차 공시
KLOCAL-c17af5dbcc9e77c7,교동초등학교병설유치원,2017,10,0,https://e-childschoolinfo.moe.go.kr/,2017년 1차 공시
KLOCAL-3d4efef0184d0107,교동초등학교지석분교장병설유치원,2017,4,0,https://e-childschoolinfo.moe.go.kr/,2017년 1차 공시
KLOCAL-cc0d807663faa10f,난정초등학교병설유치원,2017,9,0,https://e-childschoolinfo.moe.go.kr/,2017년 1차 공시
KLOCAL-3c356c0a84207416,내가초등학교병설유치원,2017,16,0,https://e-childschoolinfo.moe.go.kr/,2017년 1차 공시
KLOCAL-f32b3f18c3c6667b,대월초등학교병설유치원,2017,15,0,https://e-childschoolinfo.moe.go.kr/,2017년 1차 공시
KLOCAL-51c6dc17a37cef2b,마니산유치원,2017,94,9,https://e-childschoolinfo.moe.go.kr/,2017년 1차 공시
KLOCAL-7463c2756c15c1d3,명신초등학교병설유치원,2017,6,0,https://e-childschoolinfo.moe.go.kr/,2017년 1차 공시
KLOCAL-a286fe75086d2d64,삼산초등학교병설유치원,2017,5,0,https://e-childschoolinfo.moe.go.kr/,2017년 1차 공시
KLOCAL-68fe2fb973df07e8,서도초등학교병설유치원,2017,7,0,https://e-childschoolinfo.moe.go.kr/,2017년 1차 공시
KLOCAL-5af4890425fbff3c,선원초등학교병설유치원,2017,51,0,https://e-childschoolinfo.moe.go.kr/,2017년 1차 공시
KLOCAL-08917b6afd819029,송해초등학교병설유치원,2017,8,0,https://e-childschoolinfo.moe.go.kr/,2017년 1차 공시
KLOCAL-a7c30c387636e4fd,양사초등학교병설유치원,2017,5,0,https://e-childschoolinfo.moe.go.kr/,2017년 1차 공시
KLOCAL-54a88136cf70c698,잠두유치원,2017,50,0,https://e-childschoolinfo.moe.go.kr/,2017년 1차 공시
KLOCAL-674ef65b6f0d148e,코끼리유치원,2017,89,0,https://e-childschoolinfo.moe.go.kr/,2017년 1차 공시
KLOCAL-67f73dfaccf6c54c,하점초등학교병설유치원,2017,7,0,https://e-childschoolinfo.moe.go.kr/,2017년 1차 공시
KLOCAL-edc78a00d15f9048,합일초등학교병설유치원,2017,14,3,https://e-childschoolinfo.moe.go.kr/,2017년 1차 공시
KLOCAL-2139f45193aa0f61,해명초등학교병설유치원,2017,8,0,https://e-childschoolinfo.moe.go.kr/,2017년 1차 공시
KLOCAL-eb061546857b8dda,건영유치원,2017,219,0,https://e-childschoolinfo.moe.go.kr/,2017년 1차 공시
KLOCAL-c6610ec9715bd715,관교유치원,2017,97,0,https://e-childschoolinfo.moe.go.kr/,2017년 1차 공시
KLOCAL-974da5ec0dd22c2e,국현유치원,2017,203,0,https://e-childschoolinfo.moe.go.kr/,2017년 1차 공시
KLOCAL-5d9f2a6b9a4b2843,그림나라유치원,2017,138,0,https://e-childschoolinfo.moe.go.kr/,2017년 1차 공시
KLOCAL-41f63dbead90187b,금호유치원,2017,139,0,https://e-childschoolinfo.moe.go.kr/,2017년 1차 공시
KLOCAL-58a55d858149cfe9,노벨유치원,2017,80,0,https://e-childschoolinfo.moe.go.kr/,2017년 1차 공시
KLOCAL-0cd7ba2a12988285,다솜유치원,2017,151,0,https://e-childschoolinfo.moe.go.kr/,2017년 1차 공시
KLOCAL-11084f843babf1c9,대청초등학교병설유치원,2017,12,0,https://e-childschoolinfo.moe.go.kr/,2017년 1차 공시
KLOCAL-672f25c7875a43e6,덕적초등학교병설유치원,2017,7,0,https://e-childschoolinfo.moe.go.kr/,2017년 1차 공시
KLOCAL-aaf9709671edf7be,도담유치원,2017,34,0,https://e-childschoolinfo.moe.go.kr/,2017년 1차 공시
KLOCAL-10421b7c8f5899de,동원유치원,2017,158,0,https://e-childschoolinfo.moe.go.kr/,2017년 1차 공시
KLOCAL-0bbc0fac855a7b3e,뒤나미스유치원,2017,269,0,https://e-childschoolinfo.moe.go.kr/,2017년 1차 공시
KLOCAL-e07f49c66f43976c,리틀하버드유치원,2017,23,0,https://e-childschoolinfo.moe.go.kr/,2017년 1차 공시
KLOCAL-590c99bb86999b08,무지개유치원,2017,179,0,https://e-childschoolinfo.moe.go.kr/,2017년 1차 공시
KLOCAL-b2ef58c299ec5904,미주유치원,2017,200,0,https://e-childschoolinfo.moe.go.kr/,2017년 1차 공시
KLOCAL-85120f2449c7bce0,밀알유치원,2017,116,0,https://e-childschoolinfo.moe.go.kr/,2017년 1차 공시
KLOCAL-026d832c691d3ca0,박문유치원,2017,143,0,https://e-childschoolinfo.moe.go.kr/,2017년 1차 공시
KLOCAL-f53bd21b5a623669,반디유치원,2017,142,0,https://e-childschoolinfo.moe.go.kr/,2017년 1차 공시
KLOCAL-82eb89aae72bf48f,백령성모유치원,2017,35,0,https://e-childschoolinfo.moe.go.kr/,2017년 1차 공시
KLOCAL-732d38dc718e907c,부광유치원,2017,181,0,https://e-childschoolinfo.moe.go.kr/,2017년 1차 공시
KLOCAL-449fffc16f64b212,북포초등학교병설유치원,2017,18,0,https://e-childschoolinfo.moe.go.kr/,2017년 1차 공시
KLOCAL-33bfc1608850fe4f,산새소리유치원,2017,56,0,https://e-childschoolinfo.moe.go.kr/,2017년 1차 공시
KLOCAL-95018410bf5fd937,성바오로유치원,2017,133,0,https://e-childschoolinfo.moe.go.kr/,2017년 1차 공시
KLOCAL-70a3bf4262c4bc52,세종유치원,2017,85,0,https://e-childschoolinfo.moe.go.kr/,2017년 1차 공시
KLOCAL-a5e3ec0a43d4f841,소라유치원,2017,237,0,https://e-childschoolinfo.moe.go.kr/,2017년 1차 공시
KLOCAL-77ee1fd2c433efee,소명유치원,2017,141,0,https://e-childschoolinfo.moe.go.kr/,2017년 1차 공시
KLOCAL-50565bd642260910,솔빛유치원,2017,168,0,https://e-childschoolinfo.moe.go.kr/,2017년 1차 공시
KLOCAL-fe0db0fed48025b0,솔샘유치원,2017,149,0,https://e-childschoolinfo.moe.go.kr/,2017년 1차 공시
KLOCAL-7e04553d125db319,송현유치원,2017,133,0,https://e-childschoolinfo.moe.go.kr/,2017년 1차 공시
KLOCAL-7f4baf8d3ec9cb63,숭의유치원,2017,93,0,https://e-childschoolinfo.moe.go.kr/,2017년 1차 공시
KLOCAL-f62067ae1c1de696,신동아유치원,2017,35,0,https://e-childschoolinfo.moe.go.kr/,2017년 1차 공시
KLOCAL-1dcb5b73dd15046b,연평초등학교병설유치원,2017,18,0,https://e-childschoolinfo.moe.go.kr/,2017년 1차 공시
KLOCAL-f57b640f7d2b17de,연흥유치원,2017,118,0,https://e-childschoolinfo.moe.go.kr/,2017년 1차 공시
KLOCAL-a7594966a338574e,영종유치원,2017,265,13,https://e-childschoolinfo.moe.go.kr/,2017년 1차 공시
KLOCAL-45fd24312e405c2b,영흥초등학교병설유치원,2017,15,0,https://e-childschoolinfo.moe.go.kr/,2017년 1차 공시
KLOCAL-00df819b46080269,예원유치원,2017,47,0,https://e-childschoolinfo.moe.go.kr/,2017년 1차 공시
KLOCAL-66a6f76a70617813,용화유치원,2017,171,0,https://e-childschoolinfo.moe.go.kr/,2017년 1차 공시
KLOCAL-0fea88de34bd253a,유원유치원,2017,58,0,https://e-childschoolinfo.moe.go.kr/,2017년 1차 공시
KLOCAL-1f62e882633af92e,은별유치원,2017,79,0,https://e-childschoolinfo.moe.go.kr/,2017년 1차 공시
KLOCAL-db7e3deb88dd632a,은아유치원,2017,301,0,https://e-childschoolinfo.moe.go.kr/,2017년 1차 공시
KLOCAL-68a935d078b42a3a,이레유치원,2017,171,0,https://e-childschoolinfo.moe.go.kr/,2017년 1차 공시
KLOCAL-d943654a91207e8e,이튼유치원,2017,160,0,https://e-childschoolinfo.moe.go.kr/,2017년 1차 공시
KLOCAL-e84b45bc48e038b0,이화유치원,2017,92,0,https://e-childschoolinfo.moe.go.kr/,2017년 1차 공시
KLOCAL-85f5756001b304e3,인천경원초등학교병설유치원,2017,53,0,https://e-childschoolinfo.moe.go.kr/,2017년 1차 공시
KLOCAL-c7b1ac02486e877e,인천공항유치원,2017,124,5,https://e-childschoolinfo.moe.go.kr/,2017년 1차 공시
KLOCAL-bf23f2ab98fbb26d,인천공항초등학교신도분교장병설유치원,2017,10,0,https://e-childschoolinfo.moe.go.kr/,2017년 1차 공시
KLOCAL-7c23e3e4581c56be,인천대화초등학교병설유치원,2017,42,0,https://e-childschoolinfo.moe.go.kr/,2017년 1차 공시
KLOCAL-d937eda4414c29ee,인천도화초등학교병설유치원,2017,51,5,https://e-childschoolinfo.moe.go.kr/,2017년 1차 공시
KLOCAL-f029b3c36cc10f46,인천만석초등학교병설유치원,2017,58,0,https://e-childschoolinfo.moe.go.kr/,2017년 1차 공시
KLOCAL-9d0fbf322e58c053,인천문학초등학교병설유치원,2017,20,0,https://e-childschoolinfo.moe.go.kr/,2017년 1차 공시
KLOCAL-9a6e8bc74511dd0d,인천삼목초등학교장봉분교장병설유치원,2017,5,0,https://e-childschoolinfo.moe.go.kr/,2017년 1차 공시
KLOCAL-4738008fa5ece47e,인천서림초등학교병설유치원,2017,53,0,https://e-childschoolinfo.moe.go.kr/,2017년 1차 공시
KLOCAL-cc95b8a776d508d8,인천서화초등학교병설유치원,2017,30,0,https://e-childschoolinfo.moe.go.kr/,2017년 1차 공시
KLOCAL-380ee7c054fafc91,인천서흥초등학교병설유치원,2017,49,0,https://e-childschoolinfo.moe.go.kr/,2017년 1차 공시
KLOCAL-46db3a7a96da1ce6,인천송림초등학교병설유치원,2017,42,1,https://e-childschoolinfo.moe.go.kr/,2017년 1차 공시
KLOCAL-951ec0e0cd988c8e,인천송월초등학교병설유치원,2017,15,0,https://e-childschoolinfo.moe.go.kr/,2017년 1차 공시
KLOCAL-73ccc783a23f0675,인천송현초등학교병설유치원,2017,42,0,https://e-childschoolinfo.moe.go.kr/,2017년 1차 공시
KLOCAL-b12b61fbba266e2a,인천숭의초등학교병설유치원,2017,28,0,https://e-childschoolinfo.moe.go.kr/,2017년 1차 공시
KLOCAL-8ba02afc753343e4,인천신선초등학교병설유치원,2017,52,0,https://e-childschoolinfo.moe.go.kr/,2017년 1차 공시
KLOCAL-1ddb144d8df27d87,인천영종초등학교병설유치원,2017,99,0,https://e-childschoolinfo.moe.go.kr/,2017년 1차 공시
KLOCAL-f49918d712180a3b,인천용유초등학교병설유치원,2017,20,0,https://e-childschoolinfo.moe.go.kr/,2017년 1차 공시
KLOCAL-dbac808d955ed351,인천용일초등학교병설유치원,2017,53,0,https://e-childschoolinfo.moe.go.kr/,2017년 1차 공시
KLOCAL-835ca4886f808119,인천용정초등학교병설유치원,2017,20,0,https://e-childschoolinfo.moe.go.kr/,2017년 1차 공시
KLOCAL-72edaafd1436ee88,인천용학초등학교병설유치원,2017,124,0,https://e-childschoolinfo.moe.go.kr/,2017년 1차 공시
KLOCAL-03906654ce1dfdb4,인천용현남초등학교자월분교장병설유치원,2017,2,0,https://e-childschoolinfo.moe.go.kr/,2017년 1차 공시
KLOCAL-d8fda0594f1bd61a,인천유치원,2017,84,0,https://e-childschoolinfo.moe.go.kr/,2017년 1차 공시
KLOCAL-331748ca3b141540,인천인주초등학교병설유치원,2017,28,0,https://e-childschoolinfo.moe.go.kr/,2017년 1차 공시
KLOCAL-34cd4a3c1e5df434,인천창영초등학교병설유치원,2017,16,0,https://e-childschoolinfo.moe.go.kr/,2017년 1차 공시
KLOCAL-3caa8d6f764b16f7,인천하늘초등학교병설유치원,2017,70,0,https://e-childschoolinfo.moe.go.kr/,2017년 1차 공시
KLOCAL-78df8739d8df4799,인천학익초등학교병설유치원,2017,53,3,https://e-childschoolinfo.moe.go.kr/,2017년 1차 공시
KLOCAL-89a34f512aff0b8a,자유유치원,2017,140,36,https://e-childschoolinfo.moe.go.kr/,2017년 1차 공시
KLOCAL-7f0082a29bbc1873,재능대학교부속유치원,2017,197,0,https://e-childschoolinfo.moe.go.kr/,2017년 1차 공시
KLOCAL-b3e79d50babb2a89,지영유치원,2017,102,0,https://e-childschoolinfo.moe.go.kr/,2017년 1차 공시
KLOCAL-d635964a0d09b53d,진촌유치원,2017,24,0,https://e-childschoolinfo.moe.go.kr/,2017년 1차 공시
KLOCAL-860b4fda06d66205,진흥유치원,2017,115,0,https://e-childschoolinfo.moe.go.kr/,2017년 1차 공시
KLOCAL-59488b5f10bd36dd,참빛유치원,2017,103,0,https://e-childschoolinfo.moe.go.kr/,2017년 1차 공시
KLOCAL-a33ff6a4ff454116,청파유치원,2017,118,0,https://e-childschoolinfo.moe.go.kr/,2017년 1차 공시
KLOCAL-d3da11d9e1f412b4,초롱유치원,2017,130,0,https://e-childschoolinfo.moe.go.kr/,2017년 1차 공시
KLOCAL-72698116ed206e92,프라임건영유치원,2017,95,0,https://e-childschoolinfo.moe.go.kr/,2017년 1차 공시
KLOCAL-bfbf6ed15649f16b,하늘유치원,2017,62,0,https://e-childschoolinfo.moe.go.kr/,2017년 1차 공시
KLOCAL-5ef1a9f30587f281,한빛유치원,2017,131,0,https://e-childschoolinfo.moe.go.kr/,2017년 1차 공시
KLOCAL-5291bdaab4f312eb,한울유치원,2017,148,0,https://e-childschoolinfo.moe.go.kr/,2017년 1차 공시
KLOCAL-d55991545b9ca28f,해님나라유치원,2017,132,0,https://e-childschoolinfo.moe.go.kr/,2017년 1차 공시
KLOCAL-449480036ac79522,해승유치원,2017,96,0,https://e-childschoolinfo.moe.go.kr/,2017년 1차 공시
KLOCAL-d0c67b00714a002e,간석유치원,2017,72,0,https://e-childschoolinfo.moe.go.kr/,2017년 1차 공시
KLOCAL-3a978356c1843ba3,경희유치원,2017,235,0,https://e-childschoolinfo.moe.go.kr/,2017년 1차 공시
KLOCAL-29f5f5d74751a178,근혜유치원,2017,151,0,https://e-childschoolinfo.moe.go.kr/,2017년 1차 공시
KLOCAL-5369696c6d615b3e,글로벌나래유치원,2017,229,0,https://e-childschoolinfo.moe.go.kr/,2017년 1차 공시
KLOCAL-fe703725d8c5c670,글로벌레인보우유치원,2017,500,0,https://e-childschoolinfo.moe.go.kr/,2017년 1차 공시
KLOCAL-bfd71f3d423988a5,기암유치원,2017,173,0,https://e-childschoolinfo.moe.go.kr/,2017년 1차 공시
KLOCAL-610577971bdb7e92,꿈꾸는유치원,2017,23,0,https://e-childschoolinfo.moe.go.kr/,2017년 1차 공시
KLOCAL-251be2946e3f2e1e,꿈동산유치원,2017,177,0,https://e-childschoolinfo.moe.go.kr/,2017년 1차 공시
KLOCAL-8178a2810111b4ae,꿈의보람유치원,2017,70,0,https://e-childschoolinfo.moe.go.kr/,2017년 1차 공시
KLOCAL-523238aa4d216e5d,남동리라유치원,2017,34,0,https://e-childschoolinfo.moe.go.kr/,2017년 1차 공시
KLOCAL-75d0fa4c757e5562,남양유치원,2017,31,0,https://e-childschoolinfo.moe.go.kr/,2017년 1차 공시
KLOCAL-033a97f22a8d5674,논현유치원,2017,124,10,https://e-childschoolinfo.moe.go.kr/,2017년 1차 공시
KLOCAL-d5c54935ca8ff71b,다샘유치원,2017,61,0,https://e-childschoolinfo.moe.go.kr/,2017년 1차 공시
KLOCAL-b71f83339bbf6c7f,다슬기유치원,2017,77,0,https://e-childschoolinfo.moe.go.kr/,2017년 1차 공시
KLOCAL-eb92e3c1aa814a5f,도람유치원,2017,21,0,https://e-childschoolinfo.moe.go.kr/,2017년 1차 공시
KLOCAL-6daf1b262c32a08c,동심유치원,2017,292,0,https://e-childschoolinfo.moe.go.kr/,2017년 1차 공시
KLOCAL-63399426933f9ae4,동화나라유치원,2017,109,0,https://e-childschoolinfo.moe.go.kr/,2017년 1차 공시
KLOCAL-f00d9d321a9f4277,딩동댕유치원,2017,235,0,https://e-childschoolinfo.moe.go.kr/,2017년 1차 공시
KLOCAL-7d56576ef0a5400e,무지개유치원,2017,95,0,https://e-childschoolinfo.moe.go.kr/,2017년 1차 공시
KLOCAL-65f18e0f28637028,미상지유치원,2017,136,0,https://e-childschoolinfo.moe.go.kr/,2017년 1차 공시
KLOCAL-c4161023af71f7b8,미예뜰유치원,2017,181,0,https://e-childschoolinfo.moe.go.kr/,2017년 1차 공시
KLOCAL-fd52787ce68b9cc4,바다의별유치원,2017,139,0,https://e-childschoolinfo.moe.go.kr/,2017년 1차 공시
KLOCAL-4db1d0730f341b82,반디유치원,2017,187,0,https://e-childschoolinfo.moe.go.kr/,2017년 1차 공시
KLOCAL-4a0dd0e09f7c170a,복자유치원,2017,301,0,https://e-childschoolinfo.moe.go.kr/,2017년 1차 공시
KLOCAL-a13484cce102c7ad,부광예능유치원,2017,77,0,https://e-childschoolinfo.moe.go.kr/,2017년 1차 공시
KLOCAL-8623b37927321be0,부광유치원,2017,104,0,https://e-childschoolinfo.moe.go.kr/,2017년 1차 공시
KLOCAL-7e915f13c355f440,브레인유치원,2017,250,0,https://e-childschoolinfo.moe.go.kr/,2017년 1차 공시
KLOCAL-12d27bc6e1660e9d,사랑유치원,2017,129,0,https://e-childschoolinfo.moe.go.kr/,2017년 1차 공시
KLOCAL-100df6af0fea38c9,삼성유치원,2017,120,0,https://e-childschoolinfo.moe.go.kr/,2017년 1차 공시
KLOCAL-636dd7114ca68810,상인천유치원,2017,52,0,https://e-childschoolinfo.moe.go.kr/,2017년 1차 공시
KLOCAL-6676c2bcefece192,새싹유치원,2017,112,0,https://e-childschoolinfo.moe.go.kr/,2017년 1차 공시
KLOCAL-107a8c06c18f2a60,새예지유치원,2017,160,0,https://e-childschoolinfo.moe.go.kr/,2017년 1차 공시
KLOCAL-43f7ad8ac4fd97b4,새인예유치원,2017,70,0,https://e-childschoolinfo.moe.go.kr/,2017년 1차 공시
KLOCAL-f79433e81215e45b,새하늘유치원,2017,38,0,https://e-childschoolinfo.moe.go.kr/,2017년 1차 공시
KLOCAL-ee92f238c00ca8b5,샤인유치원,2017,229,0,https://e-childschoolinfo.moe.go.kr/,2017년 1차 공시
KLOCAL-c8f9db70f7f75291,선미유치원,2017,62,0,https://e-childschoolinfo.moe.go.kr/,2017년 1차 공시
KLOCAL-44786c27116da614,성광유치원,2017,129,0,https://e-childschoolinfo.moe.go.kr/,2017년 1차 공시
KLOCAL-67e0c5eb116913d6,소담숲유치원,2017,139,0,https://e-childschoolinfo.moe.go.kr/,2017년 1차 공시
KLOCAL-e47e237956c9037b,송도국제유치원,2017,484,0,https://e-childschoolinfo.moe.go.kr/,2017년 1차 공시
KLOCAL-4d24c45e629f00af,수피아유치원,2017,117,0,https://e-childschoolinfo.moe.go.kr/,2017년 1차 공시
KLOCAL-21a7223db4562e0a,순복음유치원,2017,132,0,https://e-childschoolinfo.moe.go.kr/,2017년 1차 공시
KLOCAL-fd832db87ee2afb4,숲속의유치원,2017,148,0,https://e-childschoolinfo.moe.go.kr/,2017년 1차 공시
KLOCAL-f591f4da9fb6832b,신도유치원,2017,76,0,https://e-childschoolinfo.moe.go.kr/,2017년 1차 공시
KLOCAL-369a4964372d4b20,신명유치원,2017,50,0,https://e-childschoolinfo.moe.go.kr/,2017년 1차 공시
KLOCAL-c8f2705298b07183,아름솔유치원,2017,147,0,https://e-childschoolinfo.moe.go.kr/,2017년 1차 공시
KLOCAL-ff3c969cd7af6837,아삽유치원,2017,71,0,https://e-childschoolinfo.moe.go.kr/,2017년 1차 공시
KLOCAL-1375cec9fea0c803,아이웰유치원,2017,63,0,https://e-childschoolinfo.moe.go.kr/,2017년 1차 공시
KLOCAL-2c8aa292f224503d,아이큰별유치원,2017,101,0,https://e-childschoolinfo.moe.go.kr/,2017년 1차 공시
KLOCAL-34fbb34c9c9f34c7,에듀피아유치원,2017,272,0,https://e-childschoolinfo.moe.go.kr/,2017년 1차 공시
KLOCAL-e436b88a780add2c,에이스화인유치원,2017,392,0,https://e-childschoolinfo.moe.go.kr/,2017년 1차 공시
KLOCAL-3ab60969c7103ea6,엔젤유치원,2017,31,0,https://e-childschoolinfo.moe.go.kr/,2017년 1차 공시
KLOCAL-f9f166dfa9308d05,엘림유치원,2017,166,0,https://e-childschoolinfo.moe.go.kr/,2017년 1차 공시
KLOCAL-778bc903de10783e,연수유치원,2017,130,0,https://e-childschoolinfo.moe.go.kr/,2017년 1차 공시
KLOCAL-e939c200a4db1777,영보유치원,2017,185,0,https://e-childschoolinfo.moe.go.kr/,2017년 1차 공시
KLOCAL-117cde7db840a10e,예다원유치원,2017,262,0,https://e-childschoolinfo.moe.go.kr/,2017년 1차 공시
KLOCAL-a6c49aeb58916263,예지유치원,2017,111,0,https://e-childschoolinfo.moe.go.kr/,2017년 1차 공시
KLOCAL-d9ad116e2003fd1e,예진유치원,2017,91,0,https://e-childschoolinfo.moe.go.kr/,2017년 1차 공시
KLOCAL-a73becd81df8c04e,온누리비전유치원,2017,98,0,https://e-childschoolinfo.moe.go.kr/,2017년 1차 공시
KLOCAL-2b73eb96ef811bfa,유석화유치원,2017,163,0,https://e-childschoolinfo.moe.go.kr/,2017년 1차 공시
KLOCAL-a23bf1cd467fa082,이삭예능유치원,2017,67,0,https://e-childschoolinfo.moe.go.kr/,2017년 1차 공시
KLOCAL-6cc247e473a0dd94,인보유치원,2017,70,0,https://e-childschoolinfo.moe.go.kr/,2017년 1차 공시
KLOCAL-28e854d271c0e8e1,인천간석초등학교병설유치원,2017,21,4,https://e-childschoolinfo.moe.go.kr/,2017년 1차 공시
KLOCAL-bb78c900eca43f09,인천고잔유치원,2017,124,10,https://e-childschoolinfo.moe.go.kr/,2017년 1차 공시
KLOCAL-34f51f462724b79d,인천고잔초등학교병설유치원,2017,76,0,https://e-childschoolinfo.moe.go.kr/,2017년 1차 공시
KLOCAL-90f24a9a996ac511,인천구월서초등학교병설유치원,2017,28,0,https://e-childschoolinfo.moe.go.kr/,2017년 1차 공시
KLOCAL-c3820bd9125fc45b,인천구월유치원,2017,213,15,https://e-childschoolinfo.moe.go.kr/,2017년 1차 공시
KLOCAL-f7865938c34c572d,인천남촌초등학교병설유치원,2017,22,0,https://e-childschoolinfo.moe.go.kr/,2017년 1차 공시
KLOCAL-fc233c4e719c1c84,인천논곡초등학교병설유치원,2017,24,5,https://e-childschoolinfo.moe.go.kr/,2017년 1차 공시
KLOCAL-394d164ed7bec392,인천도림초등학교병설유치원,2017,51,0,https://e-childschoolinfo.moe.go.kr/,2017년 1차 공시
KLOCAL-c450a0dccff7fa8a,인천동방초등학교병설유치원,2017,67,0,https://e-childschoolinfo.moe.go.kr/,2017년 1차 공시
KLOCAL-d0880bc91ea3a11c,인천동부초등학교병설유치원,2017,17,0,https://e-childschoolinfo.moe.go.kr/,2017년 1차 공시
KLOCAL-32d3ae6b63e1b618,인천동춘초등학교병설유치원,2017,53,0,https://e-childschoolinfo.moe.go.kr/,2017년 1차 공시
KLOCAL-ef25cce87a4a5a4a,인천만월초등학교병설유치원,2017,70,0,https://e-childschoolinfo.moe.go.kr/,2017년 1차 공시
KLOCAL-7cd8621a409ee80e,인천먼우금초등학교병설유치원,2017,67,0,https://e-childschoolinfo.moe.go.kr/,2017년 1차 공시
KLOCAL-9e1ecde17b4153f9,인천명선초등학교병설유치원,2017,76,0,https://e-childschoolinfo.moe.go.kr/,2017년 1차 공시
KLOCAL-b77a1bafb9d14dde,인천사리울초등학교병설유치원,2017,73,0,https://e-childschoolinfo.moe.go.kr/,2017년 1차 공시
KLOCAL-fda225ae2869cf69,인천상아초등학교병설유치원,2017,81,0,https://e-childschoolinfo.moe.go.kr/,2017년 1차 공시
KLOCAL-a13112ed33df123c,인천서창초등학교병설유치원,2017,53,0,https://e-childschoolinfo.moe.go.kr/,2017년 1차 공시
KLOCAL-7b02766e15ef5760,인천성리초등학교병설유치원,2017,26,0,https://e-childschoolinfo.moe.go.kr/,2017년 1차 공시
KLOCAL-10682fedb5eb5c47,인천소래초등학교병설유치원,2017,71,0,https://e-childschoolinfo.moe.go.kr/,2017년 1차 공시
KLOCAL-4eab697aec7ffe81,인천송명초등학교병설유치원,2017,81,0,https://e-childschoolinfo.moe.go.kr/,2017년 1차 공시
KLOCAL-278a27da1c51475e,인천송원초등학교병설유치원,2017,71,0,https://e-childschoolinfo.moe.go.kr/,2017년 1차 공시
KLOCAL-c0b666f4a95885af,인천송일초등학교병설유치원,2017,108,0,https://e-childschoolinfo.moe.go.kr/,2017년 1차 공시
KLOCAL-f9615dc5f6bb8ee0,인천신송초등학교병설유치원,2017,106,0,https://e-childschoolinfo.moe.go.kr/,2017년 1차 공시
KLOCAL-217d5f1aa8131427,인천신월초등학교병설유치원,2017,53,5,https://e-childschoolinfo.moe.go.kr/,2017년 1차 공시
KLOCAL-1519f421f42d9d8a,인천신정초등학교병설유치원,2017,81,5,https://e-childschoolinfo.moe.go.kr/,2017년 1차 공시
KLOCAL-7d6ec0482027aa78,인천예송유치원,2017,275,14,https://e-childschoolinfo.moe.go.kr/,2017년 1차 공시
KLOCAL-c71d186619793815,인천원동초등학교병설유치원,2017,81,0,https://e-childschoolinfo.moe.go.kr/,2017년 1차 공시
KLOCAL-96cfe3734dfe7f6f,인천인동초등학교병설유치원,2017,56,0,https://e-childschoolinfo.moe.go.kr/,2017년 1차 공시
KLOCAL-f2b56eb375536aa8,인천장도초등학교병설유치원,2017,79,0,https://e-childschoolinfo.moe.go.kr/,2017년 1차 공시
KLOCAL-6f2e5971d64c0765,인천장서초등학교병설유치원,2017,116,0,https://e-childschoolinfo.moe.go.kr/,2017년 1차 공시
KLOCAL-1cba793eaad3af21,인천장수초등학교병설유치원,2017,71,0,https://e-childschoolinfo.moe.go.kr/,2017년 1차 공시
KLOCAL-0d94659e002bb7af,인천정각초등학교병설유치원,2017,106,5,https://e-childschoolinfo.moe.go.kr/,2017년 1차 공시
KLOCAL-abb50af7d2260f86,인천주원초등학교병설유치원,2017,39,0,https://e-childschoolinfo.moe.go.kr/,2017년 1차 공시
KLOCAL-61114cb3327df41f,인천첨단초등학교병설유치원,2017,124,0,https://e-childschoolinfo.moe.go.kr/,2017년 1차 공시
KLOCAL-8e56ade33984c867,인천축현초등학교병설유치원,2017,53,0,https://e-childschoolinfo.moe.go.kr/,2017년 1차 공시
KLOCAL-dc5e4c9a4f7a45e8,인천한빛초등학교병설유치원,2017,99,0,https://e-childschoolinfo.moe.go.kr/,2017년 1차 공시
KLOCAL-18b3e8f4c6c007f3,인천해송초등학교병설유치원,2017,73,5,https://e-childschoolinfo.moe.go.kr/,2017년 1차 공시
KLOCAL-a243e71bda61eb84,자연발도르프유치원,2017,132,0,https://e-childschoolinfo.moe.go.kr/,2017년 1차 공시
KLOCAL-d2edb512eb6beab0,자연아이유치원,2017,68,0,https://e-childschoolinfo.moe.go.kr/,2017년 1차 공시
KLOCAL-5797361de35b1d37,작은꽃예능유치원,2017,126,0,https://e-childschoolinfo.moe.go.kr/,2017년 1차 공시
KLOCAL-89210c1d0d118cbb,제니스유치원,2017,243,0,https://e-childschoolinfo.moe.go.kr/,2017년 1차 공시
KLOCAL-d1f974afc89b04e4,조은유치원,2017,47,0,https://e-childschoolinfo.moe.go.kr/,2017년 1차 공시
KLOCAL-118ab21d4295eddf,진명유치원,2017,80,0,https://e-childschoolinfo.moe.go.kr/,2017년 1차 공시
KLOCAL-5f898a9cc2711bd4,참아름유치원,2017,188,0,https://e-childschoolinfo.moe.go.kr/,2017년 1차 공시
KLOCAL-2b07c33dd5f30eca,참조은유치원,2017,155,0,https://e-childschoolinfo.moe.go.kr/,2017년 1차 공시
KLOCAL-ae41e29b3e0ee2d0,청담숲유치원,2017,64,0,https://e-childschoolinfo.moe.go.kr/,2017년 1차 공시
KLOCAL-cb0f3434a75d79da,청송유치원,2017,221,0,https://e-childschoolinfo.moe.go.kr/,2017년 1차 공시
KLOCAL-700c16dffdf23664,청학숲유치원,2017,259,0,https://e-childschoolinfo.moe.go.kr/,2017년 1차 공시
KLOCAL-1fcc5bb819b6a357,큰별유치원,2017,208,0,https://e-childschoolinfo.moe.go.kr/,2017년 1차 공시
KLOCAL-f9c23299c9f29c92,키즈월드유치원,2017,76,0,https://e-childschoolinfo.moe.go.kr/,2017년 1차 공시
KLOCAL-b9a00b06c19a5b27,푸른마을유치원,2017,154,0,https://e-childschoolinfo.moe.go.kr/,2017년 1차 공시
KLOCAL-a0b7cbe5a91d6fc3,프라임명지유치원,2017,160,0,https://e-childschoolinfo.moe.go.kr/,2017년 1차 공시
KLOCAL-3267d41d2d4da711,프라임예지유치원,2017,396,0,https://e-childschoolinfo.moe.go.kr/,2017년 1차 공시
KLOCAL-28e51f0551b2fcfd,하늘땅유치원,2017,255,0,https://e-childschoolinfo.moe.go.kr/,2017년 1차 공시
KLOCAL-70d1490d13dd71fa,하늘향기유치원,2017,87,0,https://e-childschoolinfo.moe.go.kr/,2017년 1차 공시
KLOCAL-3bbfd5ed25e38ec1,한빛유치원,2017,65,0,https://e-childschoolinfo.moe.go.kr/,2017년 1차 공시
KLOCAL-6730ff03a24b1db6,한솔유치원,2017,56,0,https://e-childschoolinfo.moe.go.kr/,2017년 1차 공시
KLOCAL-872cb8b8d014505e,한울유치원,2017,76,0,https://e-childschoolinfo.moe.go.kr/,2017년 1차 공시
KLOCAL-c24174173a80af5d,해나라유치원,2017,146,0,https://e-childschoolinfo.moe.go.kr/,2017년 1차 공시
KLOCAL-9fd7e2d0a4c711bb,해돋이유치원,2017,51,0,https://e-childschoolinfo.moe.go.kr/,2017년 1차 공시
KLOCAL-03eaab4ac9dbb6a3,해승유치원,2017,116,0,https://e-childschoolinfo.moe.go.kr/,2017년 1차 공시
KLOCAL-1fd3e98881a11318,해와달유치원,2017,84,0,https://e-childschoolinfo.moe.go.kr/,2017년 1차 공시
KLOCAL-25a0b873b3438607,행복한유치원,2017,108,0,https://e-childschoolinfo.moe.go.kr/,2017년 1차 공시
KLOCAL-799d3765effdf6c9,The큰빛유치원,2017,240,0,https://e-childschoolinfo.moe.go.kr/,2017년 1차 공시
KLOCAL-bf4a58b2949b1422,경인여자대학교부속유치원,2017,124,0,https://e-childschoolinfo.moe.go.kr/,2017년 1차 공시
KLOCAL-ec9c24186f6f3b8f,경희동화나라유치원,2017,83,0,https://e-childschoolinfo.moe.go.kr/,2017년 1차 공시
KLOCAL-000e957d3ab6431c,근산유치원,2017,369,0,https://e-childschoolinfo.moe.go.kr/,2017년 1차 공시
KLOCAL-8ed8228b0a070bd1,꿈나라유치원,2017,140,0,https://e-childschoolinfo.moe.go.kr/,2017년 1차 공시
KLOCAL-10a79f1b1d9bbd9f,꿈나무유치원,2017,57,0,https://e-childschoolinfo.moe.go.kr/,2017년 1차 공시
KLOCAL-820463ae379873df,노틀담유치원,2017,89,0,https://e-childschoolinfo.moe.go.kr/,2017년 1차 공시
KLOCAL-477745c4f0da4531,단비유치원,2017,86,0,https://e-childschoolinfo.moe.go.kr/,2017년 1차 공시
KLOCAL-79bf4736d22026e1,대동유치원,2017,159,0,https://e-childschoolinfo.moe.go.kr/,2017년 1차 공시
KLOCAL-4d4340c9fc828cb1,동심유치원,2017,139,0,https://e-childschoolinfo.moe.go.kr/,2017년 1차 공시
KLOCAL-d35107fb247c2293,드림유치원,2017,58,0,https://e-childschoolinfo.moe.go.kr/,2017년 1차 공시
KLOCAL-8dd20cefda1ca1a9,마리아유치원,2017,120,0,https://e-childschoolinfo.moe.go.kr/,2017년 1차 공시
KLOCAL-1b4643e77630943f,무지개유치원,2017,191,0,https://e-childschoolinfo.moe.go.kr/,2017년 1차 공시
KLOCAL-d6dfad898c1c6e59,미래유치원,2017,113,0,https://e-childschoolinfo.moe.go.kr/,2017년 1차 공시
KLOCAL-b1ebeb063c6b35bf,밀알유치원,2017,153,0,https://e-childschoolinfo.moe.go.kr/,2017년 1차 공시
KLOCAL-4fc071e233a4b10e,보나유치원,2017,220,0,https://e-childschoolinfo.moe.go.kr/,2017년 1차 공시
KLOCAL-cec3aed5db587e4f,보람유치원,2017,162,0,https://e-childschoolinfo.moe.go.kr/,2017년 1차 공시
KLOCAL-c23244892488770c,산곡유치원,2017,209,0,https://e-childschoolinfo.moe.go.kr/,2017년 1차 공시
KLOCAL-89f989b3e811883f,산들유치원,2017,138,0,https://e-childschoolinfo.moe.go.kr/,2017년 1차 공시
KLOCAL-d8bc2d350c1a4b3f,삼산유치원,2017,99,15,https://e-childschoolinfo.moe.go.kr/,2017년 1차 공시
KLOCAL-e9f605efb8473d0b,상아유치원,2017,45,0,https://e-childschoolinfo.moe.go.kr/,2017년 1차 공시
KLOCAL-a038d3e4ea578813,새빛솔금유치원,2017,164,0,https://e-childschoolinfo.moe.go.kr/,2017년 1차 공시
KLOCAL-7db8731930533c91,서해유치원,2017,96,0,https://e-childschoolinfo.moe.go.kr/,2017년 1차 공시
KLOCAL-f75e1b7433faa86d,석화유치원,2017,156,0,https://e-childschoolinfo.moe.go.kr/,2017년 1차 공시
KLOCAL-c539ce6d997179e4,선화유치원,2017,56,0,https://e-childschoolinfo.moe.go.kr/,2017년 1차 공시
KLOCAL-2f487e44a994a758,성심유치원,2017,120,0,https://e-childschoolinfo.moe.go.kr/,2017년 1차 공시
KLOCAL-9f6aa62c8072b43d,성아유치원,2017,69,0,https://e-childschoolinfo.moe.go.kr/,2017년 1차 공시
KLOCAL-ad69756960486f7d,숲속유치원,2017,157,0,https://e-childschoolinfo.moe.go.kr/,2017년 1차 공시
KLOCAL-93134beb67614dd4,아란유치원,2017,199,0,https://e-childschoolinfo.moe.go.kr/,2017년 1차 공시
KLOCAL-61028cac96a381f0,양지유치원,2017,79,0,https://e-childschoolinfo.moe.go.kr/,2017년 1차 공시
KLOCAL-1e0f6cb24019a829,엄지유치원,2017,80,0,https://e-childschoolinfo.moe.go.kr/,2017년 1차 공시
KLOCAL-a9d87dc7c78bb460,에코프라임유치원,2017,87,0,https://e-childschoolinfo.moe.go.kr/,2017년 1차 공시
KLOCAL-52870ab69b81e458,엔젤유치원,2017,21,0,https://e-childschoolinfo.moe.go.kr/,2017년 1차 공시
KLOCAL-688acebabf540837,여림유치원,2017,163,0,https://e-childschoolinfo.moe.go.kr/,2017년 1차 공시
KLOCAL-b40f58f5747ed00c,연세유치원,2017,132,0,https://e-childschoolinfo.moe.go.kr/,2017년 1차 공시
KLOCAL-a75ab82d043d1d3c,열림유치원,2017,131,0,https://e-childschoolinfo.moe.go.kr/,2017년 1차 공시
KLOCAL-b9f9b3b6acb3e646,열우물유치원,2017,78,0,https://e-childschoolinfo.moe.go.kr/,2017년 1차 공시
KLOCAL-1923165e7aafe096,영광유치원,2017,210,0,https://e-childschoolinfo.moe.go.kr/,2017년 1차 공시
KLOCAL-2dec811cf063913d,예그랑유치원,2017,87,0,https://e-childschoolinfo.moe.go.kr/,2017년 1차 공시
KLOCAL-28fe79464ba28534,예림유치원,2017,72,0,https://e-childschoolinfo.moe.go.kr/,2017년 1차 공시
KLOCAL-56a50a91ae4989cb,예소담유치원,2017,133,0,https://e-childschoolinfo.moe.go.kr/,2017년 1차 공시
KLOCAL-dbea3b1337a43ee7,예원유치원,2017,312,0,https://e-childschoolinfo.moe.go.kr/,2017년 1차 공시
KLOCAL-b160ba4a3527af43,은현유치원,2017,128,0,https://e-childschoolinfo.moe.go.kr/,2017년 1차 공시
KLOCAL-ab518cb95e2f0dd1,은혜유치원,2017,48,0,https://e-childschoolinfo.moe.go.kr/,2017년 1차 공시
KLOCAL-06aad668ba6db02c,이노필유치원,2017,38,0,https://e-childschoolinfo.moe.go.kr/,2017년 1차 공시
KLOCAL-314ae4685daf3578,이든유치원,2017,62,0,https://e-childschoolinfo.moe.go.kr/,2017년 1차 공시
KLOCAL-d50e97c5d449d3e1,이화유치원,2017,128,0,https://e-childschoolinfo.moe.go.kr/,2017년 1차 공시
KLOCAL-00d7d85e52a053a8,인천갈월초등학교병설유치원,2017,53,0,https://e-childschoolinfo.moe.go.kr/,2017년 1차 공시
KLOCAL-02221618c55c5603,인천계양초등학교병설유치원,2017,71,0,https://e-childschoolinfo.moe.go.kr/,2017년 1차 공시
KLOCAL-27ae0beeef7a0473,인천계양초등학교상야분교장병설유치원,2017,4,0,https://e-childschoolinfo.moe.go.kr/,2017년 1차 공시
KLOCAL-795e68028ccfe327,인천굴포초등학교병설유치원,2017,71,4,https://e-childschoolinfo.moe.go.kr/,2017년 1차 공시
KLOCAL-2e27b0337e9883ca,인천귤현초등학교병설유치원,2017,71,0,https://e-childschoolinfo.moe.go.kr/,2017년 1차 공시
KLOCAL-528dcc8ceefc1f83,인천금마초등학교병설유치원,2017,53,0,https://e-childschoolinfo.moe.go.kr/,2017년 1차 공시
KLOCAL-5d2374027a21efe0,인천길주초등학교병설유치원,2017,51,0,https://e-childschoolinfo.moe.go.kr/,2017년 1차 공시
KLOCAL-0fab6c92ee3a52d6,인천당산초등학교병설유치원,2017,68,0,https://e-childschoolinfo.moe.go.kr/,2017년 1차 공시
KLOCAL-36fdf3552e15dcd7,인천동암초등학교병설유치원,2017,20,0,https://e-childschoolinfo.moe.go.kr/,2017년 1차 공시
KLOCAL-4dfa29d594589afd,인천명현초등학교병설유치원,2017,53,0,https://e-childschoolinfo.moe.go.kr/,2017년 1차 공시
KLOCAL-2ee6cf805dfe4f3f,인천미산초등학교병설유치원,2017,53,0,https://e-childschoolinfo.moe.go.kr/,2017년 1차 공시
KLOCAL-245e760a0802fd93,인천백운초등학교병설유치원,2017,52,0,https://e-childschoolinfo.moe.go.kr/,2017년 1차 공시
KLOCAL-7738df6499839a0d,인천부개서초등학교병설유치원,2017,28,0,https://e-childschoolinfo.moe.go.kr/,2017년 1차 공시
KLOCAL-43e30ed66f88da53,인천부개초등학교병설유치원,2017,28,0,https://e-childschoolinfo.moe.go.kr/,2017년 1차 공시
KLOCAL-549b4c127ea514d3,인천부광초등학교병설유치원,2017,28,0,https://e-childschoolinfo.moe.go.kr/,2017년 1차 공시
KLOCAL-106cec12938f9093,인천부마초등학교병설유치원,2017,71,10,https://e-childschoolinfo.moe.go.kr/,2017년 1차 공시
KLOCAL-5b76fc7bb28b95d2,인천부원초등학교병설유치원,2017,71,0,https://e-childschoolinfo.moe.go.kr/,2017년 1차 공시
KLOCAL-1b7dad99867a6eaf,인천부일초등학교병설유치원,2017,71,0,https://e-childschoolinfo.moe.go.kr/,2017년 1차 공시
KLOCAL-ebb7f219b7dc3c02,인천부평남초등학교병설유치원,2017,28,0,https://e-childschoolinfo.moe.go.kr/,2017년 1차 공시
KLOCAL-7268e62cbbfb14b0,인천부평동초등학교병설유치원,2017,53,4,https://e-childschoolinfo.moe.go.kr/,2017년 1차 공시
KLOCAL-e7025d490b504a01,인천부평북초등학교병설유치원,2017,28,0,https://e-childschoolinfo.moe.go.kr/,2017년 1차 공시
KLOCAL-ccc93f34c68fe601,인천부평서초등학교병설유치원,2017,28,0,https://e-childschoolinfo.moe.go.kr/,2017년 1차 공시
KLOCAL-c2742aa23baa310a,인천산곡초등학교병설유치원,2017,35,0,https://e-childschoolinfo.moe.go.kr/,2017년 1차 공시
KLOCAL-249efd582bc3c17a,인천상정초등학교병설유치원,2017,17,0,https://e-childschoolinfo.moe.go.kr/,2017년 1차 공시
KLOCAL-f772a80f44ffb1a0,인천서운초등학교병설유치원,2017,34,0,https://e-childschoolinfo.moe.go.kr/,2017년 1차 공시
KLOCAL-fec14b51fc4d9297,인천성지초등학교병설유치원,2017,49,5,https://e-childschoolinfo.moe.go.kr/,2017년 1차 공시
KLOCAL-92309078310854ad,인천소양초등학교병설유치원,2017,39,0,https://e-childschoolinfo.moe.go.kr/,2017년 1차 공시
KLOCAL-8a55755e2e4733cb,인천십정초등학교병설유치원,2017,15,0,https://e-childschoolinfo.moe.go.kr/,2017년 1차 공시
KLOCAL-7de363a40d49f18a,인천안남초등학교병설유치원,2017,70,10,https://e-childschoolinfo.moe.go.kr/,2017년 1차 공시
KLOCAL-b0f87221d172f370,인천양촌초등학교병설유치원,2017,71,0,https://e-childschoolinfo.moe.go.kr/,2017년 1차 공시
KLOCAL-d59c3c131dfc2700,인천영선초등학교병설유치원,2017,53,0,https://e-childschoolinfo.moe.go.kr/,2017년 1차 공시
KLOCAL-01a5916f0b28e44c,인천용마초등학교병설유치원,2017,53,0,https://e-childschoolinfo.moe.go.kr/,2017년 1차 공시
KLOCAL-56debb39372c4ba0,인천진산초등학교병설유치원,2017,71,0,https://e-childschoolinfo.moe.go.kr/,2017년 1차 공시
KLOCAL-281c2fad3f04d06c,인천한길초등학교병설유치원,2017,71,0,https://e-childschoolinfo.moe.go.kr/,2017년 1차 공시
KLOCAL-dcebf30aba91b8e1,인천해서초등학교병설유치원,2017,22,3,https://e-childschoolinfo.moe.go.kr/,2017년 1차 공시
KLOCAL-896263eeca0cb24e,인천화전유치원,2017,124,10,https://e-childschoolinfo.moe.go.kr/,2017년 1차 공시
KLOCAL-a458fa05dd151711,인천후정초등학교병설유치원,2017,71,0,https://e-childschoolinfo.moe.go.kr/,2017년 1차 공시
KLOCAL-96f9aeb465d9c1aa,자연과아이들유치원,2017,130,0,https://e-childschoolinfo.moe.go.kr/,2017년 1차 공시
KLOCAL-e340aa37ee0b17d0,자연유치원,2017,143,0,https://e-childschoolinfo.moe.go.kr/,2017년 1차 공시
KLOCAL-3e7958b6a4d50a61,정민유치원,2017,167,0,https://e-childschoolinfo.moe.go.kr/,2017년 1차 공시
KLOCAL-bfc36b4ee580645c,정원유치원,2017,88,0,https://e-childschoolinfo.moe.go.kr/,2017년 1차 공시
KLOCAL-008b28233ec0cee2,청담유치원,2017,214,0,https://e-childschoolinfo.moe.go.kr/,2017년 1차 공시
KLOCAL-a2d75433658bba16,청송유치원,2017,35,0,https://e-childschoolinfo.moe.go.kr/,2017년 1차 공시
KLOCAL-0308f9e9a9e42dfd,청원유치원,2017,158,0,https://e-childschoolinfo.moe.go.kr/,2017년 1차 공시
KLOCAL-3a53daf795aebc01,프렌즈유치원,2017,36,0,https://e-childschoolinfo.moe.go.kr/,2017년 1차 공시
KLOCAL-3604491d53b601b4,한빛유치원,2017,82,0,https://e-childschoolinfo.moe.go.kr/,2017년 1차 공시
KLOCAL-4beea76f3a5d4a06,한솔유치원,2017,123,0,https://e-childschoolinfo.moe.go.kr/,2017년 1차 공시
KLOCAL-ace02cf4887a0b04,해마루유치원,2017,106,0,https://e-childschoolinfo.moe.go.kr/,2017년 1차 공시
KLOCAL-c8f91a641f618071,해승유치원,2017,98,0,https://e-childschoolinfo.moe.go.kr/,2017년 1차 공시
KLOCAL-410831a720cf17a1,햇살유치원,2017,114,0,https://e-childschoolinfo.moe.go.kr/,2017년 1차 공시
KLOCAL-db47790fb79ebb49,현대유치원,2017,113,0,https://e-childschoolinfo.moe.go.kr/,2017년 1차 공시
KLOCAL-624dd65d9a69a6fd,홍익유치원,2017,99,0,https://e-childschoolinfo.moe.go.kr/,2017년 1차 공시
KLOCAL-2d7c4420d8a4f742,가람유치원,2017,177,0,https://e-childschoolinfo.moe.go.kr/,2017년 1차 공시
KLOCAL-d4bd51f655c7d518,경서유치원,2017,166,0,https://e-childschoolinfo.moe.go.kr/,2017년 1차 공시
KLOCAL-85ad7b101c5863a9,경인무지개유치원,2017,22,0,https://e-childschoolinfo.moe.go.kr/,2017년 1차 공시
KLOCAL-8a9b86e4d794522b,꼬마정원유치원,2017,176,0,https://e-childschoolinfo.moe.go.kr/,2017년 1차 공시
KLOCAL-6fa4617437939184,꿈드림유치원,2017,63,0,https://e-childschoolinfo.moe.go.kr/,2017년 1차 공시
KLOCAL-c3dd9c1d20fd07e2,다은유치원,2017,285,0,https://e-childschoolinfo.moe.go.kr/,2017년 1차 공시
KLOCAL-bf9218e3aa324e42,동진유치원,2017,98,0,https://e-childschoolinfo.moe.go.kr/,2017년 1차 공시
KLOCAL-b3e032dc919c404c,드림유치원,2017,370,0,https://e-childschoolinfo.moe.go.kr/,2017년 1차 공시
KLOCAL-9c183b9823ea39ea,리라유치원,2017,116,0,https://e-childschoolinfo.moe.go.kr/,2017년 1차 공시
KLOCAL-d73e3aece4b7ed2b,명문유치원,2017,96,0,https://e-childschoolinfo.moe.go.kr/,2017년 1차 공시
KLOCAL-8e217d7a0b8a977c,무지개유치원,2017,109,0,https://e-childschoolinfo.moe.go.kr/,2017년 1차 공시
KLOCAL-09b87808b6cff7fd,미일유치원,2017,76,0,https://e-childschoolinfo.moe.go.kr/,2017년 1차 공시
KLOCAL-25824987347b89df,바다유치원,2017,65,0,https://e-childschoolinfo.moe.go.kr/,2017년 1차 공시
KLOCAL-c97c061a2c04c5cd,뿌리유치원,2017,74,0,https://e-childschoolinfo.moe.go.kr/,2017년 1차 공시
KLOCAL-5303919996bd8142,사랑과믿음유치원,2017,170,0,https://e-childschoolinfo.moe.go.kr/,2017년 1차 공시
KLOCAL-9caec56ae5d4653c,사랑샘유치원,2017,404,0,https://e-childschoolinfo.moe.go.kr/,2017년 1차 공시
KLOCAL-71ad17ce33cac937,사랑유치원,2017,208,0,https://e-childschoolinfo.moe.go.kr/,2017년 1차 공시
KLOCAL-d19a0e7bb3217421,산새소리유치원,2017,222,0,https://e-childschoolinfo.moe.go.kr/,2017년 1차 공시
KLOCAL-266ed741dd996b8d,산울림유치원,2017,70,0,https://e-childschoolinfo.moe.go.kr/,2017년 1차 공시
KLOCAL-72fd4099e2401182,새미일유치원,2017,75,0,https://e-childschoolinfo.moe.go.kr/,2017년 1차 공시
KLOCAL-28678bbeb7c5c738,새싹유치원,2017,118,0,https://e-childschoolinfo.moe.go.kr/,2017년 1차 공시
KLOCAL-8625dcb1f197bc4f,아름다운유치원,2017,48,0,https://e-childschoolinfo.moe.go.kr/,2017년 1차 공시
KLOCAL-5f31278c2ab82f0a,아림유치원,2017,197,0,https://e-childschoolinfo.moe.go.kr/,2017년 1차 공시
KLOCAL-7b4637c902db7d09,아이사랑유치원,2017,222,0,https://e-childschoolinfo.moe.go.kr/,2017년 1차 공시
KLOCAL-d4ce0dfb265b45db,에녹유치원,2017,58,0,https://e-childschoolinfo.moe.go.kr/,2017년 1차 공시
KLOCAL-23e886f24f770204,엔젤유치원,2017,122,0,https://e-childschoolinfo.moe.go.kr/,2017년 1차 공시
KLOCAL-a86f6ae287b18882,연희유치원,2017,136,0,https://e-childschoolinfo.moe.go.kr/,2017년 1차 공시
KLOCAL-7a8ef99aafe1ff7b,예빛유치원,2017,177,0,https://e-childschoolinfo.moe.go.kr/,2017년 1차 공시
KLOCAL-97068fb68321a483,예인유치원,2017,117,0,https://e-childschoolinfo.moe.go.kr/,2017년 1차 공시
KLOCAL-432cd97ec470568e,예일유치원,2017,164,0,https://e-childschoolinfo.moe.go.kr/,2017년 1차 공시
KLOCAL-696372f793199769,예지유치원,2017,167,0,https://e-childschoolinfo.moe.go.kr/,2017년 1차 공시
KLOCAL-3e82cc8bc9518c92,은하유치원,2017,201,0,https://e-childschoolinfo.moe.go.kr/,2017년 1차 공시
KLOCAL-983aa403f4eb6fb5,이화유치원,2017,61,0,https://e-childschoolinfo.moe.go.kr/,2017년 1차 공시
KLOCAL-3c3f330218751057,인천가림초등학교병설유치원,2017,53,4,https://e-childschoolinfo.moe.go.kr/,2017년 1차 공시
KLOCAL-1b478ca1f5cbe41e,인천가원초등학교병설유치원,2017,95,5,https://e-childschoolinfo.moe.go.kr/,2017년 1차 공시
KLOCAL-8f015ad565f90f24,인천가정초등학교병설유치원,2017,28,0,https://e-childschoolinfo.moe.go.kr/,2017년 1차 공시
KLOCAL-0b89b3cbc388c8d7,인천가현초등학교병설유치원,2017,71,0,https://e-childschoolinfo.moe.go.kr/,2017년 1차 공시
KLOCAL-d17bb226ab52939f,인천간재울초등학교병설유치원,2017,42,0,https://e-childschoolinfo.moe.go.kr/,2017년 1차 공시
KLOCAL-0867a880c4b46df2,인천건지초등학교병설유치원,2017,69,8,https://e-childschoolinfo.moe.go.kr/,2017년 1차 공시
KLOCAL-ad2e055c24bd547e,인천검단초등학교병설유치원,2017,71,0,https://e-childschoolinfo.moe.go.kr/,2017년 1차 공시
KLOCAL-262e10d1e210408c,인천검암유치원,2017,124,10,https://e-childschoolinfo.moe.go.kr/,2017년 1차 공시
KLOCAL-0af8f94d48e29a3b,인천경명초등학교병설유치원,2017,99,0,https://e-childschoolinfo.moe.go.kr/,2017년 1차 공시
KLOCAL-daa57df0a81440cd,인천경서초등학교병설유치원,2017,80,0,https://e-childschoolinfo.moe.go.kr/,2017년 1차 공시
KLOCAL-c2e4523109105612,인천공촌초등학교병설유치원,2017,42,0,https://e-childschoolinfo.moe.go.kr/,2017년 1차 공시
KLOCAL-6a31f4d9b5c5f65d,인천금곡초등학교병설유치원,2017,71,5,https://e-childschoolinfo.moe.go.kr/,2017년 1차 공시
KLOCAL-382a4eb638edccdb,인천능내초등학교병설유치원,2017,53,0,https://e-childschoolinfo.moe.go.kr/,2017년 1차 공시
KLOCAL-de70b1ea59f110a7,인천단봉초등학교병설유치원,2017,106,0,https://e-childschoolinfo.moe.go.kr/,2017년 1차 공시
KLOCAL-710c5518488064ab,인천당하초등학교병설유치원,2017,56,0,https://e-childschoolinfo.moe.go.kr/,2017년 1차 공시
KLOCAL-e939ece928361ded,인천도담초등학교병설유치원,2017,124,0,https://e-childschoolinfo.moe.go.kr/,2017년 1차 공시
KLOCAL-ddac7c3a8a0d5a08,인천마전초등학교병설유치원,2017,47,0,https://e-childschoolinfo.moe.go.kr/,2017년 1차 공시
KLOCAL-f4753e5542369632,인천목향초등학교병설유치원,2017,53,0,https://e-childschoolinfo.moe.go.kr/,2017년 1차 공시
KLOCAL-7d5c804848608a29,인천발산초등학교병설유치원,2017,71,0,https://e-childschoolinfo.moe.go.kr/,2017년 1차 공시
KLOCAL-f9046d59bd98116e,인천백석초등학교병설유치원,2017,71,0,https://e-childschoolinfo.moe.go.kr/,2017년 1차 공시
KLOCAL-d817fae7029ed452,인천봉수초등학교병설유치원,2017,42,0,https://e-childschoolinfo.moe.go.kr/,2017년 1차 공시
KLOCAL-9cedf6cf5469db38,인천봉화초등학교병설유치원,2017,28,0,https://e-childschoolinfo.moe.go.kr/,2017년 1차 공시
KLOCAL-1c92f7fa634fb5f3,인천불로초등학교병설유치원,2017,53,0,https://e-childschoolinfo.moe.go.kr/,2017년 1차 공시
KLOCAL-e67fb17cb81b7ac2,인천서현유치원,2017,92,5,https://e-childschoolinfo.moe.go.kr/,2017년 1차 공시
KLOCAL-2def53f46a779e53,인천석남초등학교병설유치원,2017,21,0,https://e-childschoolinfo.moe.go.kr/,2017년 1차 공시
KLOCAL-2da09589001a6ae4,인천신석초등학교병설유치원,2017,32,4,https://e-childschoolinfo.moe.go.kr/,2017년 1차 공시
KLOCAL-7e2349d1d3ce7603,인천신현북초등학교병설유치원,2017,25,0,https://e-childschoolinfo.moe.go.kr/,2017년 1차 공시
KLOCAL-6ab54af3a2193b78,인천양지초등학교병설유치원,2017,52,5,https://e-childschoolinfo.moe.go.kr/,2017년 1차 공시
KLOCAL-aa8da85a8f6b19b9,인천완정초등학교병설유치원,2017,78,0,https://e-childschoolinfo.moe.go.kr/,2017년 1차 공시
KLOCAL-0fdcd04de8b6ed6d,인천왕길초등학교병설유치원,2017,81,0,https://e-childschoolinfo.moe.go.kr/,2017년 1차 공시
KLOCAL-55058525ba8494ab,인천원당초등학교병설유치원,2017,81,0,https://e-childschoolinfo.moe.go.kr/,2017년 1차 공시
KLOCAL-4c7d06e164ffce6c,인천은지초등학교병설유치원,2017,71,0,https://e-childschoolinfo.moe.go.kr/,2017년 1차 공시
KLOCAL-1fd9f21caa124372,인천창신초등학교병설유치원,2017,70,0,https://e-childschoolinfo.moe.go.kr/,2017년 1차 공시
KLOCAL-df8423dbb089d99c,인천청라초등학교병설유치원,2017,99,0,https://e-childschoolinfo.moe.go.kr/,2017년 1차 공시
KLOCAL-55f85ae587a7a257,인천청람초등학교병설유치원,2017,99,0,https://e-childschoolinfo.moe.go.kr/,2017년 1차 공시
KLOCAL-1106537bcfb62fe4,인천청일초등학교병설유치원,2017,99,0,https://e-childschoolinfo.moe.go.kr/,2017년 1차 공시
KLOCAL-4a424ece4c3030f0,인천초은초등학교병설유치원,2017,99,0,https://e-childschoolinfo.moe.go.kr/,2017년 1차 공시
KLOCAL-bfe5172d21d17747,인천해원초등학교병설유치원,2017,99,0,https://e-childschoolinfo.moe.go.kr/,2017년 1차 공시
KLOCAL-136bbfeb0cacbeb0,일영유치원,2017,111,0,https://e-childschoolinfo.moe.go.kr/,2017년 1차 공시
KLOCAL-d8c137ce638ca39b,재은유치원,2017,120,0,https://e-childschoolinfo.moe.go.kr/,2017년 1차 공시
KLOCAL-960ae6297334b559,청라새싹유치원,2017,323,0,https://e-childschoolinfo.moe.go.kr/,2017년 1차 공시
KLOCAL-9c3128f86f9e804f,청라유치원,2017,222,20,https://e-childschoolinfo.moe.go.kr/,2017년 1차 공시
KLOCAL-287edcd5656c8d18,큰사랑유치원,2017,205,0,https://e-childschoolinfo.moe.go.kr/,2017년 1차 공시
KLOCAL-8550dfd9204474b8,프라임청라유치원,2017,310,0,https://e-childschoolinfo.moe.go.kr/,2017년 1차 공시
KLOCAL-683166512ed62d85,하늘채유치원,2017,72,0,https://e-childschoolinfo.moe.go.kr/,2017년 1차 공시
KLOCAL-6ea342592d10ee06,한샘유치원,2017,140,0,https://e-childschoolinfo.moe.go.kr/,2017년 1차 공시
KLOCAL-3bc1204022c6ac10,한신유치원,2017,55,0,https://e-childschoolinfo.moe.go.kr/,2017년 1차 공시
KLOCAL-b06acf3f676e6db2,한우리유치원,2017,78,0,https://e-childschoolinfo.moe.go.kr/,2017년 1차 공시
KLOCAL-3c0aa6a5169882ee,한울유치원,2017,183,0,https://e-childschoolinfo.moe.go.kr/,2017년 1차 공시
KLOCAL-1f328ba143036bf8,해나라유치원,2017,302,0,https://e-childschoolinfo.moe.go.kr/,2017년 1차 공시
KLOCAL-ca7704409b2eeaf2,희망찬유치원,2017,90,0,https://e-childschoolinfo.moe.go.kr/,2017년 1차 공시
KLOCAL-cc7903a205c47f13,갑룡초등학교병설유치원,2018,63,3,https://e-childschoolinfo.moe.go.kr/,2018년 1차 공시
KLOCAL-dd6dbb2a34c3a048,강화유치원,2018,48,0,https://e-childschoolinfo.moe.go.kr/,2018년 1차 공시
KLOCAL-334e28e4065f3ab6,강화초등학교병설유치원,2018,27,0,https://e-childschoolinfo.moe.go.kr/,2018년 1차 공시
KLOCAL-c17af5dbcc9e77c7,교동초등학교병설유치원,2018,12,0,https://e-childschoolinfo.moe.go.kr/,2018년 1차 공시
KLOCAL-3d4efef0184d0107,교동초등학교지석분교장병설유치원,2018,3,0,https://e-childschoolinfo.moe.go.kr/,2018년 1차 공시
KLOCAL-cc0d807663faa10f,난정초등학교병설유치원,2018,7,0,https://e-childschoolinfo.moe.go.kr/,2018년 1차 공시
KLOCAL-3c356c0a84207416,내가초등학교병설유치원,2018,9,0,https://e-childschoolinfo.moe.go.kr/,2018년 1차 공시
KLOCAL-f32b3f18c3c6667b,대월초등학교병설유치원,2018,17,0,https://e-childschoolinfo.moe.go.kr/,2018년 1차 공시
KLOCAL-51c6dc17a37cef2b,마니산유치원,2018,87,9,https://e-childschoolinfo.moe.go.kr/,2018년 1차 공시
KLOCAL-7463c2756c15c1d3,명신초등학교병설유치원,2018,7,0,https://e-childschoolinfo.moe.go.kr/,2018년 1차 공시
KLOCAL-a286fe75086d2d64,삼산초등학교병설유치원,2018,5,0,https://e-childschoolinfo.moe.go.kr/,2018년 1차 공시
KLOCAL-68fe2fb973df07e8,서도초등학교병설유치원,2018,3,0,https://e-childschoolinfo.moe.go.kr/,2018년 1차 공시
KLOCAL-5af4890425fbff3c,선원초등학교병설유치원,2018,48,0,https://e-childschoolinfo.moe.go.kr/,2018년 1차 공시
KLOCAL-08917b6afd819029,송해초등학교병설유치원,2018,12,0,https://e-childschoolinfo.moe.go.kr/,2018년 1차 공시
KLOCAL-a7c30c387636e4fd,양사초등학교병설유치원,2018,5,0,https://e-childschoolinfo.moe.go.kr/,2018년 1차 공시
KLOCAL-54a88136cf70c698,잠두유치원,2018,59,0,https://e-childschoolinfo.moe.go.kr/,2018년 1차 공시
KLOCAL-674ef65b6f0d148e,코끼리유치원,2018,87,0,https://e-childschoolinfo.moe.go.kr/,2018년 1차 공시
KLOCAL-67f73dfaccf6c54c,하점초등학교병설유치원,2018,10,0,https://e-childschoolinfo.moe.go.kr/,2018년 1차 공시
KLOCAL-edc78a00d15f9048,합일초등학교병설유치원,2018,18,4,https://e-childschoolinfo.moe.go.kr/,2018년 1차 공시
KLOCAL-2139f45193aa0f61,해명초등학교병설유치원,2018,2,0,https://e-childschoolinfo.moe.go.kr/,2018년 1차 공시
KLOCAL-eb061546857b8dda,건영유치원,2018,211,0,https://e-childschoolinfo.moe.go.kr/,2018년 1차 공시
KLOCAL-c6610ec9715bd715,관교유치원,2018,60,0,https://e-childschoolinfo.moe.go.kr/,2018년 1차 공시
KLOCAL-974da5ec0dd22c2e,국현유치원,2018,206,0,https://e-childschoolinfo.moe.go.kr/,2018년 1차 공시
KLOCAL-5d9f2a6b9a4b2843,그림나라유치원,2018,129,0,https://e-childschoolinfo.moe.go.kr/,2018년 1차 공시
KLOCAL-41f63dbead90187b,금호유치원,2018,135,0,https://e-childschoolinfo.moe.go.kr/,2018년 1차 공시
KLOCAL-58a55d858149cfe9,노벨유치원,2018,69,0,https://e-childschoolinfo.moe.go.kr/,2018년 1차 공시
KLOCAL-0cd7ba2a12988285,다솜유치원,2018,129,0,https://e-childschoolinfo.moe.go.kr/,2018년 1차 공시
KLOCAL-11084f843babf1c9,대청초등학교병설유치원,2018,10,0,https://e-childschoolinfo.moe.go.kr/,2018년 1차 공시
KLOCAL-672f25c7875a43e6,덕적초등학교병설유치원,2018,6,0,https://e-childschoolinfo.moe.go.kr/,2018년 1차 공시
KLOCAL-aaf9709671edf7be,도담유치원,2018,20,0,https://e-childschoolinfo.moe.go.kr/,2018년 1차 공시
KLOCAL-10421b7c8f5899de,동원유치원,2018,157,0,https://e-childschoolinfo.moe.go.kr/,2018년 1차 공시
KLOCAL-0bbc0fac855a7b3e,뒤나미스유치원,2018,291,0,https://e-childschoolinfo.moe.go.kr/,2018년 1차 공시
KLOCAL-e07f49c66f43976c,리틀하버드유치원,2018,18,0,https://e-childschoolinfo.moe.go.kr/,2018년 1차 공시
KLOCAL-590c99bb86999b08,무지개유치원,2018,140,0,https://e-childschoolinfo.moe.go.kr/,2018년 1차 공시
KLOCAL-b2ef58c299ec5904,미주유치원,2018,182,0,https://e-childschoolinfo.moe.go.kr/,2018년 1차 공시
KLOCAL-85120f2449c7bce0,밀알유치원,2018,172,0,https://e-childschoolinfo.moe.go.kr/,2018년 1차 공시
KLOCAL-026d832c691d3ca0,박문유치원,2018,131,0,https://e-childschoolinfo.moe.go.kr/,2018년 1차 공시
KLOCAL-f53bd21b5a623669,반디유치원,2018,149,0,https://e-childschoolinfo.moe.go.kr/,2018년 1차 공시
KLOCAL-82eb89aae72bf48f,백령성모유치원,2018,44,0,https://e-childschoolinfo.moe.go.kr/,2018년 1차 공시
KLOCAL-732d38dc718e907c,부광유치원,2018,175,0,https://e-childschoolinfo.moe.go.kr/,2018년 1차 공시
KLOCAL-449fffc16f64b212,북포초등학교병설유치원,2018,16,0,https://e-childschoolinfo.moe.go.kr/,2018년 1차 공시
KLOCAL-33bfc1608850fe4f,산새소리유치원,2018,43,0,https://e-childschoolinfo.moe.go.kr/,2018년 1차 공시
KLOCAL-95018410bf5fd937,성바오로유치원,2018,146,0,https://e-childschoolinfo.moe.go.kr/,2018년 1차 공시
KLOCAL-70a3bf4262c4bc52,세종유치원,2018,78,0,https://e-childschoolinfo.moe.go.kr/,2018년 1차 공시
KLOCAL-a5e3ec0a43d4f841,소라유치원,2018,229,0,https://e-childschoolinfo.moe.go.kr/,2018년 1차 공시
KLOCAL-77ee1fd2c433efee,소명유치원,2018,145,0,https://e-childschoolinfo.moe.go.kr/,2018년 1차 공시
KLOCAL-50565bd642260910,솔빛유치원,2018,167,0,https://e-childschoolinfo.moe.go.kr/,2018년 1차 공시
KLOCAL-fe0db0fed48025b0,솔샘유치원,2018,144,0,https://e-childschoolinfo.moe.go.kr/,2018년 1차 공시
KLOCAL-7e04553d125db319,송현유치원,2018,129,0,https://e-childschoolinfo.moe.go.kr/,2018년 1차 공시
KLOCAL-7f4baf8d3ec9cb63,숭의유치원,2018,88,0,https://e-childschoolinfo.moe.go.kr/,2018년 1차 공시
KLOCAL-f62067ae1c1de696,신동아유치원,2018,31,0,https://e-childschoolinfo.moe.go.kr/,2018년 1차 공시
KLOCAL-1dcb5b73dd15046b,연평초등학교병설유치원,2018,15,0,https://e-childschoolinfo.moe.go.kr/,2018년 1차 공시
KLOCAL-f57b640f7d2b17de,연흥유치원,2018,97,0,https://e-childschoolinfo.moe.go.kr/,2018년 1차 공시
KLOCAL-a7594966a338574e,영종유치원,2018,246,12,https://e-childschoolinfo.moe.go.kr/,2018년 1차 공시
KLOCAL-45fd24312e405c2b,영흥초등학교병설유치원,2018,14,0,https://e-childschoolinfo.moe.go.kr/,2018년 1차 공시
KLOCAL-00df819b46080269,예원유치원,2018,51,0,https://e-childschoolinfo.moe.go.kr/,2018년 1차 공시
KLOCAL-66a6f76a70617813,용화유치원,2018,160,0,https://e-childschoolinfo.moe.go.kr/,2018년 1차 공시
KLOCAL-0fea88de34bd253a,유원유치원,2018,59,0,https://e-childschoolinfo.moe.go.kr/,2018년 1차 공시
KLOCAL-1f62e882633af92e,은별유치원,2018,98,0,https://e-childschoolinfo.moe.go.kr/,2018년 1차 공시
KLOCAL-db7e3deb88dd632a,은아유치원,2018,254,0,https://e-childschoolinfo.moe.go.kr/,2018년 1차 공시
KLOCAL-68a935d078b42a3a,이레유치원,2018,165,0,https://e-childschoolinfo.moe.go.kr/,2018년 1차 공시
KLOCAL-d943654a91207e8e,이튼유치원,2018,192,0,https://e-childschoolinfo.moe.go.kr/,2018년 1차 공시
KLOCAL-e84b45bc48e038b0,이화유치원,2018,53,0,https://e-childschoolinfo.moe.go.kr/,2018년 1차 공시
KLOCAL-85f5756001b304e3,인천경원초등학교병설유치원,2018,52,0,https://e-childschoolinfo.moe.go.kr/,2018년 1차 공시
KLOCAL-c7b1ac02486e877e,인천공항유치원,2018,120,2,https://e-childschoolinfo.moe.go.kr/,2018년 1차 공시
KLOCAL-bf23f2ab98fbb26d,인천공항초등학교신도분교장병설유치원,2018,9,0,https://e-childschoolinfo.moe.go.kr/,2018년 1차 공시
KLOCAL-7c23e3e4581c56be,인천대화초등학교병설유치원,2018,45,0,https://e-childschoolinfo.moe.go.kr/,2018년 1차 공시
KLOCAL-d937eda4414c29ee,인천도화초등학교병설유치원,2018,49,2,https://e-childschoolinfo.moe.go.kr/,2018년 1차 공시
KLOCAL-f029b3c36cc10f46,인천만석초등학교병설유치원,2018,62,0,https://e-childschoolinfo.moe.go.kr/,2018년 1차 공시
KLOCAL-9d0fbf322e58c053,인천문학초등학교병설유치원,2018,12,0,https://e-childschoolinfo.moe.go.kr/,2018년 1차 공시
KLOCAL-9a6e8bc74511dd0d,인천삼목초등학교장봉분교장병설유치원,2018,4,0,https://e-childschoolinfo.moe.go.kr/,2018년 1차 공시
KLOCAL-4738008fa5ece47e,인천서림초등학교병설유치원,2018,51,0,https://e-childschoolinfo.moe.go.kr/,2018년 1차 공시
KLOCAL-cc95b8a776d508d8,인천서화초등학교병설유치원,2018,69,0,https://e-childschoolinfo.moe.go.kr/,2018년 1차 공시
KLOCAL-380ee7c054fafc91,인천서흥초등학교병설유치원,2018,41,0,https://e-childschoolinfo.moe.go.kr/,2018년 1차 공시
KLOCAL-46db3a7a96da1ce6,인천송림초등학교병설유치원,2018,31,4,https://e-childschoolinfo.moe.go.kr/,2018년 1차 공시
KLOCAL-951ec0e0cd988c8e,인천송월초등학교병설유치원,2018,21,0,https://e-childschoolinfo.moe.go.kr/,2018년 1차 공시
KLOCAL-73ccc783a23f0675,인천송현초등학교병설유치원,2018,47,0,https://e-childschoolinfo.moe.go.kr/,2018년 1차 공시
KLOCAL-b12b61fbba266e2a,인천숭의초등학교병설유치원,2018,28,0,https://e-childschoolinfo.moe.go.kr/,2018년 1차 공시
KLOCAL-8ba02afc753343e4,인천신선초등학교병설유치원,2018,50,0,https://e-childschoolinfo.moe.go.kr/,2018년 1차 공시
KLOCAL-1ddb144d8df27d87,인천영종초등학교병설유치원,2018,98,0,https://e-childschoolinfo.moe.go.kr/,2018년 1차 공시
KLOCAL-f49918d712180a3b,인천용유초등학교병설유치원,2018,16,0,https://e-childschoolinfo.moe.go.kr/,2018년 1차 공시
KLOCAL-dbac808d955ed351,인천용일초등학교병설유치원,2018,40,0,https://e-childschoolinfo.moe.go.kr/,2018년 1차 공시
KLOCAL-835ca4886f808119,인천용정초등학교병설유치원,2018,23,0,https://e-childschoolinfo.moe.go.kr/,2018년 1차 공시
KLOCAL-72edaafd1436ee88,인천용학초등학교병설유치원,2018,122,0,https://e-childschoolinfo.moe.go.kr/,2018년 1차 공시
KLOCAL-03906654ce1dfdb4,인천용현남초등학교자월분교장병설유치원,2018,3,0,https://e-childschoolinfo.moe.go.kr/,2018년 1차 공시
KLOCAL-d8fda0594f1bd61a,인천유치원,2018,54,0,https://e-childschoolinfo.moe.go.kr/,2018년 1차 공시
KLOCAL-331748ca3b141540,인천인주초등학교병설유치원,2018,28,0,https://e-childschoolinfo.moe.go.kr/,2018년 1차 공시
KLOCAL-1be9ec6cbd10709a,인천주안초등학교병설유치원,2018,43,0,https://e-childschoolinfo.moe.go.kr/,2018년 1차 공시
KLOCAL-34cd4a3c1e5df434,인천창영초등학교병설유치원,2018,15,0,https://e-childschoolinfo.moe.go.kr/,2018년 1차 공시
KLOCAL-3caa8d6f764b16f7,인천하늘초등학교병설유치원,2018,68,0,https://e-childschoolinfo.moe.go.kr/,2018년 1차 공시
KLOCAL-78df8739d8df4799,인천학익초등학교병설유치원,2018,41,4,https://e-childschoolinfo.moe.go.kr/,2018년 1차 공시
KLOCAL-89a34f512aff0b8a,자유유치원,2018,134,33,https://e-childschoolinfo.moe.go.kr/,2018년 1차 공시
KLOCAL-7f0082a29bbc1873,재능대학교부속유치원,2018,198,0,https://e-childschoolinfo.moe.go.kr/,2018년 1차 공시
KLOCAL-b3e79d50babb2a89,지영유치원,2018,74,0,https://e-childschoolinfo.moe.go.kr/,2018년 1차 공시
KLOCAL-d635964a0d09b53d,진촌유치원,2018,25,0,https://e-childschoolinfo.moe.go.kr/,2018년 1차 공시
KLOCAL-860b4fda06d66205,진흥유치원,2018,103,0,https://e-childschoolinfo.moe.go.kr/,2018년 1차 공시
KLOCAL-59488b5f10bd36dd,참빛유치원,2018,126,0,https://e-childschoolinfo.moe.go.kr/,2018년 1차 공시
KLOCAL-a33ff6a4ff454116,청파유치원,2018,123,0,https://e-childschoolinfo.moe.go.kr/,2018년 1차 공시
KLOCAL-d3da11d9e1f412b4,초롱유치원,2018,98,0,https://e-childschoolinfo.moe.go.kr/,2018년 1차 공시
KLOCAL-72698116ed206e92,프라임건영유치원,2018,116,0,https://e-childschoolinfo.moe.go.kr/,2018년 1차 공시
KLOCAL-bfbf6ed15649f16b,하늘유치원,2018,68,0,https://e-childschoolinfo.moe.go.kr/,2018년 1차 공시
KLOCAL-5ef1a9f30587f281,한빛유치원,2018,124,0,https://e-childschoolinfo.moe.go.kr/,2018년 1차 공시
KLOCAL-5291bdaab4f312eb,한울유치원,2018,162,0,https://e-childschoolinfo.moe.go.kr/,2018년 1차 공시
KLOCAL-d55991545b9ca28f,해님나라유치원,2018,136,0,https://e-childschoolinfo.moe.go.kr/,2018년 1차 공시
KLOCAL-449480036ac79522,해승유치원,2018,90,0,https://e-childschoolinfo.moe.go.kr/,2018년 1차 공시
KLOCAL-d0c67b00714a002e,간석유치원,2018,105,0,https://e-childschoolinfo.moe.go.kr/,2018년 1차 공시
KLOCAL-3a978356c1843ba3,경희유치원,2018,203,0,https://e-childschoolinfo.moe.go.kr/,2018년 1차 공시
KLOCAL-29f5f5d74751a178,근혜유치원,2018,123,0,https://e-childschoolinfo.moe.go.kr/,2018년 1차 공시
KLOCAL-5369696c6d615b3e,글로벌나래유치원,2018,245,0,https://e-childschoolinfo.moe.go.kr/,2018년 1차 공시
KLOCAL-fe703725d8c5c670,글로벌레인보우유치원,2018,529,0,https://e-childschoolinfo.moe.go.kr/,2018년 1차 공시
KLOCAL-bfd71f3d423988a5,기암유치원,2018,148,0,https://e-childschoolinfo.moe.go.kr/,2018년 1차 공시
KLOCAL-610577971bdb7e92,꿈꾸는유치원,2018,15,0,https://e-childschoolinfo.moe.go.kr/,2018년 1차 공시
KLOCAL-251be2946e3f2e1e,꿈동산유치원,2018,177,0,https://e-childschoolinfo.moe.go.kr/,2018년 1차 공시
KLOCAL-8178a2810111b4ae,꿈의보람유치원,2018,62,0,https://e-childschoolinfo.moe.go.kr/,2018년 1차 공시
KLOCAL-523238aa4d216e5d,남동리라유치원,2018,37,0,https://e-childschoolinfo.moe.go.kr/,2018년 1차 공시
KLOCAL-75d0fa4c757e5562,남양유치원,2018,33,0,https://e-childschoolinfo.moe.go.kr/,2018년 1차 공시
KLOCAL-033a97f22a8d5674,논현유치원,2018,114,8,https://e-childschoolinfo.moe.go.kr/,2018년 1차 공시
KLOCAL-d5c54935ca8ff71b,다샘유치원,2018,90,0,https://e-childschoolinfo.moe.go.kr/,2018년 1차 공시
KLOCAL-b71f83339bbf6c7f,다슬기유치원,2018,81,0,https://e-childschoolinfo.moe.go.kr/,2018년 1차 공시
KLOCAL-eb92e3c1aa814a5f,도람유치원,2018,22,0,https://e-childschoolinfo.moe.go.kr/,2018년 1차 공시
KLOCAL-6daf1b262c32a08c,동심유치원,2018,226,0,https://e-childschoolinfo.moe.go.kr/,2018년 1차 공시
KLOCAL-63399426933f9ae4,동화나라유치원,2018,91,0,https://e-childschoolinfo.moe.go.kr/,2018년 1차 공시
KLOCAL-f00d9d321a9f4277,딩동댕유치원,2018,232,0,https://e-childschoolinfo.moe.go.kr/,2018년 1차 공시
KLOCAL-7d56576ef0a5400e,무지개유치원,2018,78,0,https://e-childschoolinfo.moe.go.kr/,2018년 1차 공시
KLOCAL-65f18e0f28637028,미상지유치원,2018,143,0,https://e-childschoolinfo.moe.go.kr/,2018년 1차 공시
KLOCAL-c4161023af71f7b8,미예뜰유치원,2018,175,0,https://e-childschoolinfo.moe.go.kr/,2018년 1차 공시
KLOCAL-fd52787ce68b9cc4,바다의별유치원,2018,139,0,https://e-childschoolinfo.moe.go.kr/,2018년 1차 공시
KLOCAL-4db1d0730f341b82,반디유치원,2018,343,0,https://e-childschoolinfo.moe.go.kr/,2018년 1차 공시
KLOCAL-4a0dd0e09f7c170a,복자유치원,2018,282,0,https://e-childschoolinfo.moe.go.kr/,2018년 1차 공시
KLOCAL-a13484cce102c7ad,부광예능유치원,2018,77,0,https://e-childschoolinfo.moe.go.kr/,2018년 1차 공시
KLOCAL-8623b37927321be0,부광유치원,2018,90,0,https://e-childschoolinfo.moe.go.kr/,2018년 1차 공시
KLOCAL-7e915f13c355f440,브레인유치원,2018,213,0,https://e-childschoolinfo.moe.go.kr/,2018년 1차 공시
KLOCAL-12d27bc6e1660e9d,사랑유치원,2018,135,0,https://e-childschoolinfo.moe.go.kr/,2018년 1차 공시
KLOCAL-100df6af0fea38c9,삼성유치원,2018,115,0,https://e-childschoolinfo.moe.go.kr/,2018년 1차 공시
KLOCAL-636dd7114ca68810,상인천유치원,2018,62,0,https://e-childschoolinfo.moe.go.kr/,2018년 1차 공시
KLOCAL-6676c2bcefece192,새싹유치원,2018,108,0,https://e-childschoolinfo.moe.go.kr/,2018년 1차 공시
KLOCAL-107a8c06c18f2a60,새예지유치원,2018,159,0,https://e-childschoolinfo.moe.go.kr/,2018년 1차 공시
KLOCAL-43f7ad8ac4fd97b4,새인예유치원,2018,65,0,https://e-childschoolinfo.moe.go.kr/,2018년 1차 공시
KLOCAL-f79433e81215e45b,새하늘유치원,2018,44,0,https://e-childschoolinfo.moe.go.kr/,2018년 1차 공시
KLOCAL-ee92f238c00ca8b5,샤인유치원,2018,224,0,https://e-childschoolinfo.moe.go.kr/,2018년 1차 공시
KLOCAL-c8f9db70f7f75291,선미유치원,2018,42,0,https://e-childschoolinfo.moe.go.kr/,2018년 1차 공시
KLOCAL-44786c27116da614,성광유치원,2018,113,0,https://e-childschoolinfo.moe.go.kr/,2018년 1차 공시
KLOCAL-67e0c5eb116913d6,소담숲유치원,2018,145,0,https://e-childschoolinfo.moe.go.kr/,2018년 1차 공시
KLOCAL-e47e237956c9037b,송도국제유치원,2018,490,0,https://e-childschoolinfo.moe.go.kr/,2018년 1차 공시
KLOCAL-4d24c45e629f00af,수피아유치원,2018,104,0,https://e-childschoolinfo.moe.go.kr/,2018년 1차 공시
KLOCAL-21a7223db4562e0a,순복음유치원,2018,116,0,https://e-childschoolinfo.moe.go.kr/,2018년 1차 공시
KLOCAL-fd832db87ee2afb4,숲속의유치원,2018,112,0,https://e-childschoolinfo.moe.go.kr/,2018년 1차 공시
KLOCAL-f591f4da9fb6832b,신도유치원,2018,67,0,https://e-childschoolinfo.moe.go.kr/,2018년 1차 공시
KLOCAL-369a4964372d4b20,신명유치원,2018,50,0,https://e-childschoolinfo.moe.go.kr/,2018년 1차 공시
KLOCAL-c8f2705298b07183,아름솔유치원,2018,149,0,https://e-childschoolinfo.moe.go.kr/,2018년 1차 공시
KLOCAL-ff3c969cd7af6837,아삽유치원,2018,78,0,https://e-childschoolinfo.moe.go.kr/,2018년 1차 공시
KLOCAL-1375cec9fea0c803,아이웰유치원,2018,57,0,https://e-childschoolinfo.moe.go.kr/,2018년 1차 공시
KLOCAL-2c8aa292f224503d,아이큰별유치원,2018,164,0,https://e-childschoolinfo.moe.go.kr/,2018년 1차 공시
KLOCAL-34fbb34c9c9f34c7,에듀피아유치원,2018,400,0,https://e-childschoolinfo.moe.go.kr/,2018년 1차 공시
KLOCAL-e436b88a780add2c,에이스화인유치원,2018,374,0,https://e-childschoolinfo.moe.go.kr/,2018년 1차 공시
KLOCAL-3ab60969c7103ea6,엔젤유치원,2018,21,0,https://e-childschoolinfo.moe.go.kr/,2018년 1차 공시
KLOCAL-f9f166dfa9308d05,엘림유치원,2018,136,0,https://e-childschoolinfo.moe.go.kr/,2018년 1차 공시
KLOCAL-778bc903de10783e,연수유치원,2018,112,0,https://e-childschoolinfo.moe.go.kr/,2018년 1차 공시
KLOCAL-e939c200a4db1777,영보유치원,2018,185,0,https://e-childschoolinfo.moe.go.kr/,2018년 1차 공시
KLOCAL-117cde7db840a10e,예다원유치원,2018,239,0,https://e-childschoolinfo.moe.go.kr/,2018년 1차 공시
KLOCAL-a6c49aeb58916263,예지유치원,2018,83,0,https://e-childschoolinfo.moe.go.kr/,2018년 1차 공시
KLOCAL-d9ad116e2003fd1e,예진유치원,2018,72,0,https://e-childschoolinfo.moe.go.kr/,2018년 1차 공시
KLOCAL-a73becd81df8c04e,온누리비전유치원,2018,97,0,https://e-childschoolinfo.moe.go.kr/,2018년 1차 공시
KLOCAL-2b73eb96ef811bfa,유석화유치원,2018,186,0,https://e-childschoolinfo.moe.go.kr/,2018년 1차 공시
KLOCAL-a23bf1cd467fa082,이삭예능유치원,2018,57,0,https://e-childschoolinfo.moe.go.kr/,2018년 1차 공시
KLOCAL-6cc247e473a0dd94,인보유치원,2018,72,0,https://e-childschoolinfo.moe.go.kr/,2018년 1차 공시
KLOCAL-28e854d271c0e8e1,인천간석초등학교병설유치원,2018,20,3,https://e-childschoolinfo.moe.go.kr/,2018년 1차 공시
KLOCAL-bb78c900eca43f09,인천고잔유치원,2018,113,9,https://e-childschoolinfo.moe.go.kr/,2018년 1차 공시
KLOCAL-34f51f462724b79d,인천고잔초등학교병설유치원,2018,80,0,https://e-childschoolinfo.moe.go.kr/,2018년 1차 공시
KLOCAL-90f24a9a996ac511,인천구월서초등학교병설유치원,2018,26,0,https://e-childschoolinfo.moe.go.kr/,2018년 1차 공시
KLOCAL-c3820bd9125fc45b,인천구월유치원,2018,196,12,https://e-childschoolinfo.moe.go.kr/,2018년 1차 공시
KLOCAL-f7865938c34c572d,인천남촌초등학교병설유치원,2018,14,0,https://e-childschoolinfo.moe.go.kr/,2018년 1차 공시
KLOCAL-fc233c4e719c1c84,인천논곡초등학교병설유치원,2018,27,1,https://e-childschoolinfo.moe.go.kr/,2018년 1차 공시
KLOCAL-394d164ed7bec392,인천도림초등학교병설유치원,2018,52,0,https://e-childschoolinfo.moe.go.kr/,2018년 1차 공시
KLOCAL-c450a0dccff7fa8a,인천동방초등학교병설유치원,2018,69,0,https://e-childschoolinfo.moe.go.kr/,2018년 1차 공시
KLOCAL-d0880bc91ea3a11c,인천동부초등학교병설유치원,2018,28,0,https://e-childschoolinfo.moe.go.kr/,2018년 1차 공시
KLOCAL-32d3ae6b63e1b618,인천동춘초등학교병설유치원,2018,68,0,https://e-childschoolinfo.moe.go.kr/,2018년 1차 공시
KLOCAL-ef25cce87a4a5a4a,인천만월초등학교병설유치원,2018,70,0,https://e-childschoolinfo.moe.go.kr/,2018년 1차 공시
KLOCAL-7cd8621a409ee80e,인천먼우금초등학교병설유치원,2018,71,0,https://e-childschoolinfo.moe.go.kr/,2018년 1차 공시
KLOCAL-9e1ecde17b4153f9,인천명선초등학교병설유치원,2018,80,0,https://e-childschoolinfo.moe.go.kr/,2018년 1차 공시
KLOCAL-b77a1bafb9d14dde,인천사리울초등학교병설유치원,2018,77,0,https://e-childschoolinfo.moe.go.kr/,2018년 1차 공시
KLOCAL-fda225ae2869cf69,인천상아초등학교병설유치원,2018,80,0,https://e-childschoolinfo.moe.go.kr/,2018년 1차 공시
KLOCAL-a13112ed33df123c,인천서창초등학교병설유치원,2018,52,0,https://e-childschoolinfo.moe.go.kr/,2018년 1차 공시
KLOCAL-7b02766e15ef5760,인천성리초등학교병설유치원,2018,28,0,https://e-childschoolinfo.moe.go.kr/,2018년 1차 공시
KLOCAL-10682fedb5eb5c47,인천소래초등학교병설유치원,2018,70,0,https://e-childschoolinfo.moe.go.kr/,2018년 1차 공시
KLOCAL-4eab697aec7ffe81,인천송명초등학교병설유치원,2018,80,0,https://e-childschoolinfo.moe.go.kr/,2018년 1차 공시
KLOCAL-278a27da1c51475e,인천송원초등학교병설유치원,2018,70,0,https://e-childschoolinfo.moe.go.kr/,2018년 1차 공시
KLOCAL-c0b666f4a95885af,인천송일초등학교병설유치원,2018,122,0,https://e-childschoolinfo.moe.go.kr/,2018년 1차 공시
KLOCAL-f9615dc5f6bb8ee0,인천신송초등학교병설유치원,2018,103,0,https://e-childschoolinfo.moe.go.kr/,2018년 1차 공시
KLOCAL-217d5f1aa8131427,인천신월초등학교병설유치원,2018,47,3,https://e-childschoolinfo.moe.go.kr/,2018년 1차 공시
KLOCAL-1519f421f42d9d8a,인천신정초등학교병설유치원,2018,76,3,https://e-childschoolinfo.moe.go.kr/,2018년 1차 공시
KLOCAL-7d6ec0482027aa78,인천예송유치원,2018,268,12,https://e-childschoolinfo.moe.go.kr/,2018년 1차 공시
KLOCAL-e6f561eea690e9ea,인천예송초등학교병설유치원,2018,95,4,https://e-childschoolinfo.moe.go.kr/,2018년 1차 공시
KLOCAL-c71d186619793815,인천원동초등학교병설유치원,2018,80,0,https://e-childschoolinfo.moe.go.kr/,2018년 1차 공시
KLOCAL-96cfe3734dfe7f6f,인천인동초등학교병설유치원,2018,56,0,https://e-childschoolinfo.moe.go.kr/,2018년 1차 공시
KLOCAL-f2b56eb375536aa8,인천장도초등학교병설유치원,2018,78,0,https://e-childschoolinfo.moe.go.kr/,2018년 1차 공시
KLOCAL-6f2e5971d64c0765,인천장서초등학교병설유치원,2018,122,0,https://e-childschoolinfo.moe.go.kr/,2018년 1차 공시
KLOCAL-1cba793eaad3af21,인천장수초등학교병설유치원,2018,69,0,https://e-childschoolinfo.moe.go.kr/,2018년 1차 공시
KLOCAL-0d94659e002bb7af,인천정각초등학교병설유치원,2018,100,4,https://e-childschoolinfo.moe.go.kr/,2018년 1차 공시
KLOCAL-abb50af7d2260f86,인천주원초등학교병설유치원,2018,39,0,https://e-childschoolinfo.moe.go.kr/,2018년 1차 공시
KLOCAL-61114cb3327df41f,인천첨단초등학교병설유치원,2018,122,0,https://e-childschoolinfo.moe.go.kr/,2018년 1차 공시
KLOCAL-8e56ade33984c867,인천축현초등학교병설유치원,2018,44,0,https://e-childschoolinfo.moe.go.kr/,2018년 1차 공시
KLOCAL-dc5e4c9a4f7a45e8,인천한빛초등학교병설유치원,2018,98,0,https://e-childschoolinfo.moe.go.kr/,2018년 1차 공시
KLOCAL-18b3e8f4c6c007f3,인천해송초등학교병설유치원,2018,72,4,https://e-childschoolinfo.moe.go.kr/,2018년 1차 공시
KLOCAL-a243e71bda61eb84,자연발도르프유치원,2018,124,0,https://e-childschoolinfo.moe.go.kr/,2018년 1차 공시
KLOCAL-d2edb512eb6beab0,자연아이유치원,2018,43,0,https://e-childschoolinfo.moe.go.kr/,2018년 1차 공시
KLOCAL-5797361de35b1d37,작은꽃예능유치원,2018,133,0,https://e-childschoolinfo.moe.go.kr/,2018년 1차 공시
KLOCAL-89210c1d0d118cbb,제니스유치원,2018,358,0,https://e-childschoolinfo.moe.go.kr/,2018년 1차 공시
KLOCAL-d1f974afc89b04e4,조은유치원,2018,33,0,https://e-childschoolinfo.moe.go.kr/,2018년 1차 공시
KLOCAL-118ab21d4295eddf,진명유치원,2018,84,0,https://e-childschoolinfo.moe.go.kr/,2018년 1차 공시
KLOCAL-5f898a9cc2711bd4,참아름유치원,2018,185,0,https://e-childschoolinfo.moe.go.kr/,2018년 1차 공시
KLOCAL-2b07c33dd5f30eca,참조은유치원,2018,154,0,https://e-childschoolinfo.moe.go.kr/,2018년 1차 공시
KLOCAL-ae41e29b3e0ee2d0,청담숲유치원,2018,45,0,https://e-childschoolinfo.moe.go.kr/,2018년 1차 공시
KLOCAL-cb0f3434a75d79da,청송유치원,2018,173,0,https://e-childschoolinfo.moe.go.kr/,2018년 1차 공시
KLOCAL-700c16dffdf23664,청학숲유치원,2018,235,0,https://e-childschoolinfo.moe.go.kr/,2018년 1차 공시
KLOCAL-1fcc5bb819b6a357,큰별유치원,2018,198,0,https://e-childschoolinfo.moe.go.kr/,2018년 1차 공시
KLOCAL-f9c23299c9f29c92,키즈월드유치원,2018,70,0,https://e-childschoolinfo.moe.go.kr/,2018년 1차 공시
KLOCAL-b9a00b06c19a5b27,푸른마을유치원,2018,167,0,https://e-childschoolinfo.moe.go.kr/,2018년 1차 공시
KLOCAL-a0b7cbe5a91d6fc3,프라임명지유치원,2018,181,0,https://e-childschoolinfo.moe.go.kr/,2018년 1차 공시
KLOCAL-3267d41d2d4da711,프라임예지유치원,2018,392,0,https://e-childschoolinfo.moe.go.kr/,2018년 1차 공시
KLOCAL-28e51f0551b2fcfd,하늘땅유치원,2018,261,0,https://e-childschoolinfo.moe.go.kr/,2018년 1차 공시
KLOCAL-70d1490d13dd71fa,하늘향기유치원,2018,96,0,https://e-childschoolinfo.moe.go.kr/,2018년 1차 공시
KLOCAL-3bbfd5ed25e38ec1,한빛유치원,2018,56,0,https://e-childschoolinfo.moe.go.kr/,2018년 1차 공시
KLOCAL-6730ff03a24b1db6,한솔유치원,2018,57,0,https://e-childschoolinfo.moe.go.kr/,2018년 1차 공시
KLOCAL-872cb8b8d014505e,한울유치원,2018,77,0,https://e-childschoolinfo.moe.go.kr/,2018년 1차 공시
KLOCAL-c24174173a80af5d,해나라유치원,2018,129,0,https://e-childschoolinfo.moe.go.kr/,2018년 1차 공시
KLOCAL-9fd7e2d0a4c711bb,해돋이유치원,2018,54,0,https://e-childschoolinfo.moe.go.kr/,2018년 1차 공시
KLOCAL-03eaab4ac9dbb6a3,해승유치원,2018,124,0,https://e-childschoolinfo.moe.go.kr/,2018년 1차 공시
KLOCAL-1fd3e98881a11318,해와달유치원,2018,69,0,https://e-childschoolinfo.moe.go.kr/,2018년 1차 공시
KLOCAL-25a0b873b3438607,행복한유치원,2018,96,0,https://e-childschoolinfo.moe.go.kr/,2018년 1차 공시
KLOCAL-799d3765effdf6c9,The큰빛유치원,2018,245,0,https://e-childschoolinfo.moe.go.kr/,2018년 1차 공시
KLOCAL-bf4a58b2949b1422,경인여자대학교부속유치원,2018,138,0,https://e-childschoolinfo.moe.go.kr/,2018년 1차 공시
KLOCAL-ec9c24186f6f3b8f,경희동화나라유치원,2018,99,0,https://e-childschoolinfo.moe.go.kr/,2018년 1차 공시
KLOCAL-aa56465393a9dbf8,계양유치원,2018,34,0,https://e-childschoolinfo.moe.go.kr/,2018년 1차 공시
KLOCAL-000e957d3ab6431c,근산유치원,2018,370,0,https://e-childschoolinfo.moe.go.kr/,2018년 1차 공시
KLOCAL-8ed8228b0a070bd1,꿈나라유치원,2018,105,0,https://e-childschoolinfo.moe.go.kr/,2018년 1차 공시
KLOCAL-10a79f1b1d9bbd9f,꿈나무유치원,2018,53,0,https://e-childschoolinfo.moe.go.kr/,2018년 1차 공시
KLOCAL-820463ae379873df,노틀담유치원,2018,67,0,https://e-childschoolinfo.moe.go.kr/,2018년 1차 공시
KLOCAL-477745c4f0da4531,단비유치원,2018,60,0,https://e-childschoolinfo.moe.go.kr/,2018년 1차 공시
KLOCAL-79bf4736d22026e1,대동유치원,2018,147,0,https://e-childschoolinfo.moe.go.kr/,2018년 1차 공시
KLOCAL-4d4340c9fc828cb1,동심유치원,2018,128,0,https://e-childschoolinfo.moe.go.kr/,2018년 1차 공시
KLOCAL-d35107fb247c2293,드림유치원,2018,144,0,https://e-childschoolinfo.moe.go.kr/,2018년 1차 공시
KLOCAL-8dd20cefda1ca1a9,마리아유치원,2018,89,0,https://e-childschoolinfo.moe.go.kr/,2018년 1차 공시
KLOCAL-1b4643e77630943f,무지개유치원,2018,197,0,https://e-childschoolinfo.moe.go.kr/,2018년 1차 공시
KLOCAL-d6dfad898c1c6e59,미래유치원,2018,108,0,https://e-childschoolinfo.moe.go.kr/,2018년 1차 공시
KLOCAL-b1ebeb063c6b35bf,밀알유치원,2018,166,0,https://e-childschoolinfo.moe.go.kr/,2018년 1차 공시
KLOCAL-4fc071e233a4b10e,보나유치원,2018,212,0,https://e-childschoolinfo.moe.go.kr/,2018년 1차 공시
KLOCAL-cec3aed5db587e4f,보람유치원,2018,164,0,https://e-childschoolinfo.moe.go.kr/,2018년 1차 공시
KLOCAL-c23244892488770c,산곡유치원,2018,211,0,https://e-childschoolinfo.moe.go.kr/,2018년 1차 공시
KLOCAL-89f989b3e811883f,산들유치원,2018,118,0,https://e-childschoolinfo.moe.go.kr/,2018년 1차 공시
KLOCAL-d8bc2d350c1a4b3f,삼산유치원,2018,85,13,https://e-childschoolinfo.moe.go.kr/,2018년 1차 공시
KLOCAL-e9f605efb8473d0b,상아유치원,2018,34,0,https://e-childschoolinfo.moe.go.kr/,2018년 1차 공시
KLOCAL-a038d3e4ea578813,새빛솔금유치원,2018,152,0,https://e-childschoolinfo.moe.go.kr/,2018년 1차 공시
KLOCAL-7db8731930533c91,서해유치원,2018,109,0,https://e-childschoolinfo.moe.go.kr/,2018년 1차 공시
KLOCAL-f75e1b7433faa86d,석화유치원,2018,132,0,https://e-childschoolinfo.moe.go.kr/,2018년 1차 공시
KLOCAL-c539ce6d997179e4,선화유치원,2018,47,0,https://e-childschoolinfo.moe.go.kr/,2018년 1차 공시
KLOCAL-2f487e44a994a758,성심유치원,2018,106,0,https://e-childschoolinfo.moe.go.kr/,2018년 1차 공시
KLOCAL-9f6aa62c8072b43d,성아유치원,2018,61,0,https://e-childschoolinfo.moe.go.kr/,2018년 1차 공시
KLOCAL-ad69756960486f7d,숲속유치원,2018,140,0,https://e-childschoolinfo.moe.go.kr/,2018년 1차 공시
KLOCAL-93134beb67614dd4,아란유치원,2018,198,0,https://e-childschoolinfo.moe.go.kr/,2018년 1차 공시
KLOCAL-61028cac96a381f0,양지유치원,2018,84,0,https://e-childschoolinfo.moe.go.kr/,2018년 1차 공시
KLOCAL-1e0f6cb24019a829,엄지유치원,2018,69,0,https://e-childschoolinfo.moe.go.kr/,2018년 1차 공시
KLOCAL-a9d87dc7c78bb460,에코프라임유치원,2018,85,0,https://e-childschoolinfo.moe.go.kr/,2018년 1차 공시
KLOCAL-52870ab69b81e458,엔젤유치원,2018,17,0,https://e-childschoolinfo.moe.go.kr/,2018년 1차 공시
KLOCAL-688acebabf540837,여림유치원,2018,142,0,https://e-childschoolinfo.moe.go.kr/,2018년 1차 공시
KLOCAL-b40f58f5747ed00c,연세유치원,2018,112,0,https://e-childschoolinfo.moe.go.kr/,2018년 1차 공시
KLOCAL-a75ab82d043d1d3c,열림유치원,2018,130,0,https://e-childschoolinfo.moe.go.kr/,2018년 1차 공시
KLOCAL-b9f9b3b6acb3e646,열우물유치원,2018,51,0,https://e-childschoolinfo.moe.go.kr/,2018년 1차 공시
KLOCAL-1923165e7aafe096,영광유치원,2018,180,0,https://e-childschoolinfo.moe.go.kr/,2018년 1차 공시
KLOCAL-2dec811cf063913d,예그랑유치원,2018,68,0,https://e-childschoolinfo.moe.go.kr/,2018년 1차 공시
KLOCAL-28fe79464ba28534,예림유치원,2018,69,0,https://e-childschoolinfo.moe.go.kr/,2018년 1차 공시
KLOCAL-56a50a91ae4989cb,예소담유치원,2018,141,0,https://e-childschoolinfo.moe.go.kr/,2018년 1차 공시
KLOCAL-dbea3b1337a43ee7,예원유치원,2018,263,0,https://e-childschoolinfo.moe.go.kr/,2018년 1차 공시
KLOCAL-b160ba4a3527af43,은현유치원,2018,97,0,https://e-childschoolinfo.moe.go.kr/,2018년 1차 공시
KLOCAL-ab518cb95e2f0dd1,은혜유치원,2018,36,0,https://e-childschoolinfo.moe.go.kr/,2018년 1차 공시
KLOCAL-06aad668ba6db02c,이노필유치원,2018,27,0,https://e-childschoolinfo.moe.go.kr/,2018년 1차 공시
KLOCAL-314ae4685daf3578,이든유치원,2018,114,0,https://e-childschoolinfo.moe.go.kr/,2018년 1차 공시
KLOCAL-2a7e08fead8ef96b,이바유치원,2018,49,0,https://e-childschoolinfo.moe.go.kr/,2018년 1차 공시
KLOCAL-d50e97c5d449d3e1,이화유치원,2018,128,0,https://e-childschoolinfo.moe.go.kr/,2018년 1차 공시
KLOCAL-00d7d85e52a053a8,인천갈월초등학교병설유치원,2018,52,0,https://e-childschoolinfo.moe.go.kr/,2018년 1차 공시
KLOCAL-02221618c55c5603,인천계양초등학교병설유치원,2018,61,0,https://e-childschoolinfo.moe.go.kr/,2018년 1차 공시
KLOCAL-27ae0beeef7a0473,인천계양초등학교상야분교장병설유치원,2018,3,0,https://e-childschoolinfo.moe.go.kr/,2018년 1차 공시
KLOCAL-795e68028ccfe327,인천굴포초등학교병설유치원,2018,66,4,https://e-childschoolinfo.moe.go.kr/,2018년 1차 공시
KLOCAL-2e27b0337e9883ca,인천귤현초등학교병설유치원,2018,70,0,https://e-childschoolinfo.moe.go.kr/,2018년 1차 공시
KLOCAL-528dcc8ceefc1f83,인천금마초등학교병설유치원,2018,51,0,https://e-childschoolinfo.moe.go.kr/,2018년 1차 공시
KLOCAL-5d2374027a21efe0,인천길주초등학교병설유치원,2018,49,0,https://e-childschoolinfo.moe.go.kr/,2018년 1차 공시
KLOCAL-0fab6c92ee3a52d6,인천당산초등학교병설유치원,2018,65,0,https://e-childschoolinfo.moe.go.kr/,2018년 1차 공시
KLOCAL-36fdf3552e15dcd7,인천동암초등학교병설유치원,2018,20,0,https://e-childschoolinfo.moe.go.kr/,2018년 1차 공시
KLOCAL-4dfa29d594589afd,인천명현초등학교병설유치원,2018,48,0,https://e-childschoolinfo.moe.go.kr/,2018년 1차 공시
KLOCAL-2ee6cf805dfe4f3f,인천미산초등학교병설유치원,2018,51,0,https://e-childschoolinfo.moe.go.kr/,2018년 1차 공시
KLOCAL-245e760a0802fd93,인천백운초등학교병설유치원,2018,52,0,https://e-childschoolinfo.moe.go.kr/,2018년 1차 공시
KLOCAL-7738df6499839a0d,인천부개서초등학교병설유치원,2018,28,0,https://e-childschoolinfo.moe.go.kr/,2018년 1차 공시
KLOCAL-43e30ed66f88da53,인천부개초등학교병설유치원,2018,22,0,https://e-childschoolinfo.moe.go.kr/,2018년 1차 공시
KLOCAL-549b4c127ea514d3,인천부광초등학교병설유치원,2018,28,0,https://e-childschoolinfo.moe.go.kr/,2018년 1차 공시
KLOCAL-106cec12938f9093,인천부마초등학교병설유치원,2018,63,7,https://e-childschoolinfo.moe.go.kr/,2018년 1차 공시
KLOCAL-5b76fc7bb28b95d2,인천부원초등학교병설유치원,2018,70,0,https://e-childschoolinfo.moe.go.kr/,2018년 1차 공시
KLOCAL-1b7dad99867a6eaf,인천부일초등학교병설유치원,2018,66,4,https://e-childschoolinfo.moe.go.kr/,2018년 1차 공시
KLOCAL-ebb7f219b7dc3c02,인천부평남초등학교병설유치원,2018,21,0,https://e-childschoolinfo.moe.go.kr/,2018년 1차 공시
KLOCAL-7268e62cbbfb14b0,인천부평동초등학교병설유치원,2018,48,4,https://e-childschoolinfo.moe.go.kr/,2018년 1차 공시
KLOCAL-e7025d490b504a01,인천부평북초등학교병설유치원,2018,28,0,https://e-childschoolinfo.moe.go.kr/,2018년 1차 공시
KLOCAL-ccc93f34c68fe601,인천부평서초등학교병설유치원,2018,28,0,https://e-childschoolinfo.moe.go.kr/,2018년 1차 공시
KLOCAL-c2742aa23baa310a,인천산곡초등학교병설유치원,2018,35,0,https://e-childschoolinfo.moe.go.kr/,2018년 1차 공시
KLOCAL-249efd582bc3c17a,인천상정초등학교병설유치원,2018,15,0,https://e-childschoolinfo.moe.go.kr/,2018년 1차 공시
KLOCAL-f772a80f44ffb1a0,인천서운초등학교병설유치원,2018,26,0,https://e-childschoolinfo.moe.go.kr/,2018년 1차 공시
KLOCAL-fec14b51fc4d9297,인천성지초등학교병설유치원,2018,40,4,https://e-childschoolinfo.moe.go.kr/,2018년 1차 공시
KLOCAL-92309078310854ad,인천소양초등학교병설유치원,2018,33,0,https://e-childschoolinfo.moe.go.kr/,2018년 1차 공시
KLOCAL-8a55755e2e4733cb,인천십정초등학교병설유치원,2018,15,0,https://e-childschoolinfo.moe.go.kr/,2018년 1차 공시
KLOCAL-7de363a40d49f18a,인천안남초등학교병설유치원,2018,57,12,https://e-childschoolinfo.moe.go.kr/,2018년 1차 공시
KLOCAL-b0f87221d172f370,인천양촌초등학교병설유치원,2018,70,0,https://e-childschoolinfo.moe.go.kr/,2018년 1차 공시
KLOCAL-d59c3c131dfc2700,인천영선초등학교병설유치원,2018,52,0,https://e-childschoolinfo.moe.go.kr/,2018년 1차 공시
KLOCAL-01a5916f0b28e44c,인천용마초등학교병설유치원,2018,52,0,https://e-childschoolinfo.moe.go.kr/,2018년 1차 공시
KLOCAL-56debb39372c4ba0,인천진산초등학교병설유치원,2018,70,0,https://e-childschoolinfo.moe.go.kr/,2018년 1차 공시
KLOCAL-281c2fad3f04d06c,인천한길초등학교병설유치원,2018,70,0,https://e-childschoolinfo.moe.go.kr/,2018년 1차 공시
KLOCAL-dcebf30aba91b8e1,인천해서초등학교병설유치원,2018,20,4,https://e-childschoolinfo.moe.go.kr/,2018년 1차 공시
KLOCAL-896263eeca0cb24e,인천화전유치원,2018,114,0,https://e-childschoolinfo.moe.go.kr/,2018년 1차 공시
KLOCAL-a458fa05dd151711,인천후정초등학교병설유치원,2018,70,0,https://e-childschoolinfo.moe.go.kr/,2018년 1차 공시
KLOCAL-96f9aeb465d9c1aa,자연과아이들유치원,2018,118,0,https://e-childschoolinfo.moe.go.kr/,2018년 1차 공시
KLOCAL-e340aa37ee0b17d0,자연유치원,2018,123,0,https://e-childschoolinfo.moe.go.kr/,2018년 1차 공시
KLOCAL-3e7958b6a4d50a61,정민유치원,2018,167,0,https://e-childschoolinfo.moe.go.kr/,2018년 1차 공시
KLOCAL-bfc36b4ee580645c,정원유치원,2018,107,0,https://e-childschoolinfo.moe.go.kr/,2018년 1차 공시
KLOCAL-008b28233ec0cee2,청담유치원,2018,185,0,https://e-childschoolinfo.moe.go.kr/,2018년 1차 공시
KLOCAL-a2d75433658bba16,청송유치원,2018,33,0,https://e-childschoolinfo.moe.go.kr/,2018년 1차 공시
KLOCAL-0308f9e9a9e42dfd,청원유치원,2018,146,0,https://e-childschoolinfo.moe.go.kr/,2018년 1차 공시
KLOCAL-3a53daf795aebc01,프렌즈유치원,2018,77,0,https://e-childschoolinfo.moe.go.kr/,2018년 1차 공시
KLOCAL-3604491d53b601b4,한빛유치원,2018,84,0,https://e-childschoolinfo.moe.go.kr/,2018년 1차 공시
KLOCAL-4beea76f3a5d4a06,한솔유치원,2018,107,0,https://e-childschoolinfo.moe.go.kr/,2018년 1차 공시
KLOCAL-ace02cf4887a0b04,해마루유치원,2018,85,0,https://e-childschoolinfo.moe.go.kr/,2018년 1차 공시
KLOCAL-c8f91a641f618071,해승유치원,2018,89,0,https://e-childschoolinfo.moe.go.kr/,2018년 1차 공시
KLOCAL-410831a720cf17a1,햇살유치원,2018,113,0,https://e-childschoolinfo.moe.go.kr/,2018년 1차 공시
KLOCAL-db47790fb79ebb49,현대유치원,2018,88,0,https://e-childschoolinfo.moe.go.kr/,2018년 1차 공시
KLOCAL-624dd65d9a69a6fd,홍익유치원,2018,99,0,https://e-childschoolinfo.moe.go.kr/,2018년 1차 공시
KLOCAL-2d7c4420d8a4f742,가람유치원,2018,144,0,https://e-childschoolinfo.moe.go.kr/,2018년 1차 공시
KLOCAL-d4bd51f655c7d518,경서유치원,2018,146,0,https://e-childschoolinfo.moe.go.kr/,2018년 1차 공시
KLOCAL-85ad7b101c5863a9,경인무지개유치원,2018,24,0,https://e-childschoolinfo.moe.go.kr/,2018년 1차 공시
KLOCAL-8a9b86e4d794522b,꼬마정원유치원,2018,183,0,https://e-childschoolinfo.moe.go.kr/,2018년 1차 공시
KLOCAL-6fa4617437939184,꿈드림유치원,2018,54,0,https://e-childschoolinfo.moe.go.kr/,2018년 1차 공시
KLOCAL-c3dd9c1d20fd07e2,다은유치원,2018,283,0,https://e-childschoolinfo.moe.go.kr/,2018년 1차 공시
KLOCAL-bf9218e3aa324e42,동진유치원,2018,86,0,https://e-childschoolinfo.moe.go.kr/,2018년 1차 공시
KLOCAL-b3e032dc919c404c,드림유치원,2018,354,0,https://e-childschoolinfo.moe.go.kr/,2018년 1차 공시
KLOCAL-9c183b9823ea39ea,리라유치원,2018,64,0,https://e-childschoolinfo.moe.go.kr/,2018년 1차 공시
KLOCAL-d73e3aece4b7ed2b,명문유치원,2018,81,0,https://e-childschoolinfo.moe.go.kr/,2018년 1차 공시
KLOCAL-8e217d7a0b8a977c,무지개유치원,2018,66,0,https://e-childschoolinfo.moe.go.kr/,2018년 1차 공시
KLOCAL-09b87808b6cff7fd,미일유치원,2018,78,0,https://e-childschoolinfo.moe.go.kr/,2018년 1차 공시
KLOCAL-25824987347b89df,바다유치원,2018,69,0,https://e-childschoolinfo.moe.go.kr/,2018년 1차 공시
KLOCAL-c97c061a2c04c5cd,뿌리유치원,2018,84,0,https://e-childschoolinfo.moe.go.kr/,2018년 1차 공시
KLOCAL-5303919996bd8142,사랑과믿음유치원,2018,128,0,https://e-childschoolinfo.moe.go.kr/,2018년 1차 공시
KLOCAL-e7b2e54679f46271,사랑나무유치원,2018,3,0,https://e-childschoolinfo.moe.go.kr/,2018년 1차 공시
KLOCAL-9caec56ae5d4653c,사랑샘유치원,2018,340,0,https://e-childschoolinfo.moe.go.kr/,2018년 1차 공시
KLOCAL-71ad17ce33cac937,사랑유치원,2018,198,0,https://e-childschoolinfo.moe.go.kr/,2018년 1차 공시
KLOCAL-d19a0e7bb3217421,산새소리유치원,2018,186,0,https://e-childschoolinfo.moe.go.kr/,2018년 1차 공시
KLOCAL-266ed741dd996b8d,산울림유치원,2018,70,0,https://e-childschoolinfo.moe.go.kr/,2018년 1차 공시
KLOCAL-72fd4099e2401182,새미일유치원,2018,78,0,https://e-childschoolinfo.moe.go.kr/,2018년 1차 공시
KLOCAL-28678bbeb7c5c738,새싹유치원,2018,93,0,https://e-childschoolinfo.moe.go.kr/,2018년 1차 공시
KLOCAL-660f3e0dcf70c20f,새한신유치원,2018,108,0,https://e-childschoolinfo.moe.go.kr/,2018년 1차 공시
KLOCAL-3e73ad45d397e6b0,세라유치원,2018,144,0,https://e-childschoolinfo.moe.go.kr/,2018년 1차 공시
KLOCAL-8625dcb1f197bc4f,아름다운유치원,2018,42,0,https://e-childschoolinfo.moe.go.kr/,2018년 1차 공시
KLOCAL-5f31278c2ab82f0a,아림유치원,2018,160,0,https://e-childschoolinfo.moe.go.kr/,2018년 1차 공시
KLOCAL-7b4637c902db7d09,아이사랑유치원,2018,245,0,https://e-childschoolinfo.moe.go.kr/,2018년 1차 공시
KLOCAL-d4ce0dfb265b45db,에녹유치원,2018,52,0,https://e-childschoolinfo.moe.go.kr/,2018년 1차 공시
KLOCAL-23e886f24f770204,엔젤유치원,2018,122,0,https://e-childschoolinfo.moe.go.kr/,2018년 1차 공시
KLOCAL-a86f6ae287b18882,연희유치원,2018,105,0,https://e-childschoolinfo.moe.go.kr/,2018년 1차 공시
KLOCAL-7a8ef99aafe1ff7b,예빛유치원,2018,181,0,https://e-childschoolinfo.moe.go.kr/,2018년 1차 공시
KLOCAL-97068fb68321a483,예인유치원,2018,140,0,https://e-childschoolinfo.moe.go.kr/,2018년 1차 공시
KLOCAL-432cd97ec470568e,예일유치원,2018,176,0,https://e-childschoolinfo.moe.go.kr/,2018년 1차 공시
KLOCAL-696372f793199769,예지유치원,2018,169,0,https://e-childschoolinfo.moe.go.kr/,2018년 1차 공시
KLOCAL-3e82cc8bc9518c92,은하유치원,2018,184,0,https://e-childschoolinfo.moe.go.kr/,2018년 1차 공시
KLOCAL-983aa403f4eb6fb5,이화유치원,2018,52,0,https://e-childschoolinfo.moe.go.kr/,2018년 1차 공시
KLOCAL-3c3f330218751057,인천가림초등학교병설유치원,2018,43,4,https://e-childschoolinfo.moe.go.kr/,2018년 1차 공시
KLOCAL-1b478ca1f5cbe41e,인천가원초등학교병설유치원,2018,118,4,https://e-childschoolinfo.moe.go.kr/,2018년 1차 공시
KLOCAL-8f015ad565f90f24,인천가정초등학교병설유치원,2018,42,0,https://e-childschoolinfo.moe.go.kr/,2018년 1차 공시
KLOCAL-0b89b3cbc388c8d7,인천가현초등학교병설유치원,2018,69,0,https://e-childschoolinfo.moe.go.kr/,2018년 1차 공시
KLOCAL-d17bb226ab52939f,인천간재울초등학교병설유치원,2018,43,0,https://e-childschoolinfo.moe.go.kr/,2018년 1차 공시
KLOCAL-0867a880c4b46df2,인천건지초등학교병설유치원,2018,58,8,https://e-childschoolinfo.moe.go.kr/,2018년 1차 공시
KLOCAL-ad2e055c24bd547e,인천검단초등학교병설유치원,2018,70,0,https://e-childschoolinfo.moe.go.kr/,2018년 1차 공시
KLOCAL-262e10d1e210408c,인천검암유치원,2018,114,8,https://e-childschoolinfo.moe.go.kr/,2018년 1차 공시
KLOCAL-0af8f94d48e29a3b,인천경명초등학교병설유치원,2018,98,0,https://e-childschoolinfo.moe.go.kr/,2018년 1차 공시
KLOCAL-daa57df0a81440cd,인천경서초등학교병설유치원,2018,77,0,https://e-childschoolinfo.moe.go.kr/,2018년 1차 공시
KLOCAL-c2e4523109105612,인천공촌초등학교병설유치원,2018,43,0,https://e-childschoolinfo.moe.go.kr/,2018년 1차 공시
KLOCAL-6a31f4d9b5c5f65d,인천금곡초등학교병설유치원,2018,66,4,https://e-childschoolinfo.moe.go.kr/,2018년 1차 공시
KLOCAL-382a4eb638edccdb,인천능내초등학교병설유치원,2018,49,0,https://e-childschoolinfo.moe.go.kr/,2018년 1차 공시
KLOCAL-de70b1ea59f110a7,인천단봉초등학교병설유치원,2018,104,0,https://e-childschoolinfo.moe.go.kr/,2018년 1차 공시
KLOCAL-710c5518488064ab,인천당하초등학교병설유치원,2018,56,0,https://e-childschoolinfo.moe.go.kr/,2018년 1차 공시
KLOCAL-e939ece928361ded,인천도담초등학교병설유치원,2018,122,0,https://e-childschoolinfo.moe.go.kr/,2018년 1차 공시
KLOCAL-ddac7c3a8a0d5a08,인천마전초등학교병설유치원,2018,50,0,https://e-childschoolinfo.moe.go.kr/,2018년 1차 공시
KLOCAL-f4753e5542369632,인천목향초등학교병설유치원,2018,50,2,https://e-childschoolinfo.moe.go.kr/,2018년 1차 공시
KLOCAL-7d5c804848608a29,인천발산초등학교병설유치원,2018,70,0,https://e-childschoolinfo.moe.go.kr/,2018년 1차 공시
KLOCAL-f9046d59bd98116e,인천백석초등학교병설유치원,2018,70,0,https://e-childschoolinfo.moe.go.kr/,2018년 1차 공시
KLOCAL-d817fae7029ed452,인천봉수초등학교병설유치원,2018,27,0,https://e-childschoolinfo.moe.go.kr/,2018년 1차 공시
KLOCAL-9cedf6cf5469db38,인천봉화초등학교병설유치원,2018,26,0,https://e-childschoolinfo.moe.go.kr/,2018년 1차 공시
KLOCAL-1c92f7fa634fb5f3,인천불로초등학교병설유치원,2018,51,0,https://e-childschoolinfo.moe.go.kr/,2018년 1차 공시
KLOCAL-e67fb17cb81b7ac2,인천서현유치원,2018,198,9,https://e-childschoolinfo.moe.go.kr/,2018년 1차 공시
KLOCAL-2def53f46a779e53,인천석남초등학교병설유치원,2018,18,0,https://e-childschoolinfo.moe.go.kr/,2018년 1차 공시
KLOCAL-2da09589001a6ae4,인천신석초등학교병설유치원,2018,34,3,https://e-childschoolinfo.moe.go.kr/,2018년 1차 공시
KLOCAL-7e2349d1d3ce7603,인천신현북초등학교병설유치원,2018,22,0,https://e-childschoolinfo.moe.go.kr/,2018년 1차 공시
KLOCAL-6ab54af3a2193b78,인천양지초등학교병설유치원,2018,42,4,https://e-childschoolinfo.moe.go.kr/,2018년 1차 공시
KLOCAL-aa8da85a8f6b19b9,인천완정초등학교병설유치원,2018,73,0,https://e-childschoolinfo.moe.go.kr/,2018년 1차 공시
KLOCAL-0fdcd04de8b6ed6d,인천왕길초등학교병설유치원,2018,74,4,https://e-childschoolinfo.moe.go.kr/,2018년 1차 공시
KLOCAL-55058525ba8494ab,인천원당초등학교병설유치원,2018,80,0,https://e-childschoolinfo.moe.go.kr/,2018년 1차 공시
KLOCAL-4c7d06e164ffce6c,인천은지초등학교병설유치원,2018,70,0,https://e-childschoolinfo.moe.go.kr/,2018년 1차 공시
KLOCAL-1fd9f21caa124372,인천창신초등학교병설유치원,2018,68,0,https://e-childschoolinfo.moe.go.kr/,2018년 1차 공시
KLOCAL-df8423dbb089d99c,인천청라초등학교병설유치원,2018,98,0,https://e-childschoolinfo.moe.go.kr/,2018년 1차 공시
KLOCAL-55f85ae587a7a257,인천청람초등학교병설유치원,2018,98,0,https://e-childschoolinfo.moe.go.kr/,2018년 1차 공시
KLOCAL-1106537bcfb62fe4,인천청일초등학교병설유치원,2018,98,0,https://e-childschoolinfo.moe.go.kr/,2018년 1차 공시
KLOCAL-4a424ece4c3030f0,인천초은초등학교병설유치원,2018,98,0,https://e-childschoolinfo.moe.go.kr/,2018년 1차 공시
KLOCAL-bfe5172d21d17747,인천해원초등학교병설유치원,2018,98,0,https://e-childschoolinfo.moe.go.kr/,2018년 1차 공시
KLOCAL-136bbfeb0cacbeb0,일영유치원,2018,108,0,https://e-childschoolinfo.moe.go.kr/,2018년 1차 공시
KLOCAL-d8c137ce638ca39b,재은유치원,2018,114,0,https://e-childschoolinfo.moe.go.kr/,2018년 1차 공시
KLOCAL-960ae6297334b559,청라새싹유치원,2018,332,0,https://e-childschoolinfo.moe.go.kr/,2018년 1차 공시
KLOCAL-9c3128f86f9e804f,청라유치원,2018,198,12,https://e-childschoolinfo.moe.go.kr/,2018년 1차 공시
KLOCAL-287edcd5656c8d18,큰사랑유치원,2018,187,0,https://e-childschoolinfo.moe.go.kr/,2018년 1차 공시
KLOCAL-8550dfd9204474b8,프라임청라유치원,2018,337,0,https://e-childschoolinfo.moe.go.kr/,2018년 1차 공시
KLOCAL-683166512ed62d85,하늘채유치원,2018,67,0,https://e-childschoolinfo.moe.go.kr/,2018년 1차 공시
KLOCAL-6ea342592d10ee06,한샘유치원,2018,150,0,https://e-childschoolinfo.moe.go.kr/,2018년 1차 공시
KLOCAL-b06acf3f676e6db2,한우리유치원,2018,85,0,https://e-childschoolinfo.moe.go.kr/,2018년 1차 공시
KLOCAL-3c0aa6a5169882ee,한울유치원,2018,148,0,https://e-childschoolinfo.moe.go.kr/,2018년 1차 공시
KLOCAL-1f328ba143036bf8,해나라유치원,2018,298,0,https://e-childschoolinfo.moe.go.kr/,2018년 1차 공시
KLOCAL-ca7704409b2eeaf2,희망찬유치원,2018,73,0,https://e-childschoolinfo.moe.go.kr/,2018년 1차 공시
KLOCAL-cc7903a205c47f13,갑룡초등학교병설유치원,2019,58,2,https://e-childschoolinfo.moe.go.kr/,2019년 1차 공시
KLOCAL-dd6dbb2a34c3a048,강화유치원,2019,31,0,https://e-childschoolinfo.moe.go.kr/,2019년 1차 공시
KLOCAL-334e28e4065f3ab6,강화초등학교병설유치원,2019,21,0,https://e-childschoolinfo.moe.go.kr/,2019년 1차 공시
KLOCAL-c17af5dbcc9e77c7,교동초등학교병설유치원,2019,19,0,https://e-childschoolinfo.moe.go.kr/,2019년 1차 공시
KLOCAL-3c356c0a84207416,내가초등학교병설유치원,2019,13,0,https://e-childschoolinfo.moe.go.kr/,2019년 1차 공시
KLOCAL-f32b3f18c3c6667b,대월초등학교병설유치원,2019,22,0,https://e-childschoolinfo.moe.go.kr/,2019년 1차 공시
KLOCAL-51c6dc17a37cef2b,마니산유치원,2019,77,8,https://e-childschoolinfo.moe.go.kr/,2019년 1차 공시
KLOCAL-7463c2756c15c1d3,명신초등학교병설유치원,2019,2,0,https://e-childschoolinfo.moe.go.kr/,2019년 1차 공시
KLOCAL-a286fe75086d2d64,삼산초등학교병설유치원,2019,6,0,https://e-childschoolinfo.moe.go.kr/,2019년 1차 공시
KLOCAL-68fe2fb973df07e8,서도초등학교병설유치원,2019,3,0,https://e-childschoolinfo.moe.go.kr/,2019년 1차 공시
KLOCAL-5af4890425fbff3c,선원초등학교병설유치원,2019,39,0,https://e-childschoolinfo.moe.go.kr/,2019년 1차 공시
KLOCAL-08917b6afd819029,송해초등학교병설유치원,2019,10,0,https://e-childschoolinfo.moe.go.kr/,2019년 1차 공시
KLOCAL-a7c30c387636e4fd,양사초등학교병설유치원,2019,6,0,https://e-childschoolinfo.moe.go.kr/,2019년 1차 공시
KLOCAL-54a88136cf70c698,잠두유치원,2019,41,0,https://e-childschoolinfo.moe.go.kr/,2019년 1차 공시
KLOCAL-674ef65b6f0d148e,코끼리유치원,2019,70,0,https://e-childschoolinfo.moe.go.kr/,2019년 1차 공시
KLOCAL-67f73dfaccf6c54c,하점초등학교병설유치원,2019,7,0,https://e-childschoolinfo.moe.go.kr/,2019년 1차 공시
KLOCAL-edc78a00d15f9048,합일초등학교병설유치원,2019,19,3,https://e-childschoolinfo.moe.go.kr/,2019년 1차 공시
KLOCAL-2139f45193aa0f61,해명초등학교병설유치원,2019,3,0,https://e-childschoolinfo.moe.go.kr/,2019년 1차 공시
KLOCAL-eb061546857b8dda,건영유치원,2019,192,0,https://e-childschoolinfo.moe.go.kr/,2019년 1차 공시
KLOCAL-974da5ec0dd22c2e,국현유치원,2019,200,0,https://e-childschoolinfo.moe.go.kr/,2019년 1차 공시
KLOCAL-5d9f2a6b9a4b2843,그림나라유치원,2019,117,0,https://e-childschoolinfo.moe.go.kr/,2019년 1차 공시
KLOCAL-41f63dbead90187b,금호유치원,2019,137,0,https://e-childschoolinfo.moe.go.kr/,2019년 1차 공시
KLOCAL-58a55d858149cfe9,노벨유치원,2019,60,0,https://e-childschoolinfo.moe.go.kr/,2019년 1차 공시
KLOCAL-0cd7ba2a12988285,다솜유치원,2019,39,0,https://e-childschoolinfo.moe.go.kr/,2019년 1차 공시
KLOCAL-11084f843babf1c9,대청초등학교병설유치원,2019,7,0,https://e-childschoolinfo.moe.go.kr/,2019년 1차 공시
KLOCAL-672f25c7875a43e6,덕적초등학교병설유치원,2019,4,0,https://e-childschoolinfo.moe.go.kr/,2019년 1차 공시
KLOCAL-aaf9709671edf7be,도담유치원,2019,21,0,https://e-childschoolinfo.moe.go.kr/,2019년 1차 공시
KLOCAL-10421b7c8f5899de,동원유치원,2019,141,0,https://e-childschoolinfo.moe.go.kr/,2019년 1차 공시
KLOCAL-0bbc0fac855a7b3e,뒤나미스유치원,2019,316,0,https://e-childschoolinfo.moe.go.kr/,2019년 1차 공시
KLOCAL-e07f49c66f43976c,리틀하버드유치원,2019,23,0,https://e-childschoolinfo.moe.go.kr/,2019년 1차 공시
KLOCAL-590c99bb86999b08,무지개유치원,2019,143,0,https://e-childschoolinfo.moe.go.kr/,2019년 1차 공시
KLOCAL-b2ef58c299ec5904,미주유치원,2019,164,0,https://e-childschoolinfo.moe.go.kr/,2019년 1차 공시
KLOCAL-85120f2449c7bce0,밀알유치원,2019,161,0,https://e-childschoolinfo.moe.go.kr/,2019년 1차 공시
KLOCAL-026d832c691d3ca0,박문유치원,2019,145,0,https://e-childschoolinfo.moe.go.kr/,2019년 1차 공시
KLOCAL-f53bd21b5a623669,반디유치원,2019,142,0,https://e-childschoolinfo.moe.go.kr/,2019년 1차 공시
KLOCAL-82eb89aae72bf48f,백령성모유치원,2019,38,0,https://e-childschoolinfo.moe.go.kr/,2019년 1차 공시
KLOCAL-732d38dc718e907c,부광유치원,2019,130,0,https://e-childschoolinfo.moe.go.kr/,2019년 1차 공시
KLOCAL-449fffc16f64b212,북포초등학교병설유치원,2019,25,0,https://e-childschoolinfo.moe.go.kr/,2019년 1차 공시
KLOCAL-33bfc1608850fe4f,산새소리유치원,2019,32,0,https://e-childschoolinfo.moe.go.kr/,2019년 1차 공시
KLOCAL-95018410bf5fd937,성바오로유치원,2019,147,0,https://e-childschoolinfo.moe.go.kr/,2019년 1차 공시
KLOCAL-70a3bf4262c4bc52,세종유치원,2019,57,0,https://e-childschoolinfo.moe.go.kr/,2019년 1차 공시
KLOCAL-a5e3ec0a43d4f841,소라유치원,2019,199,0,https://e-childschoolinfo.moe.go.kr/,2019년 1차 공시
KLOCAL-77ee1fd2c433efee,소명유치원,2019,134,0,https://e-childschoolinfo.moe.go.kr/,2019년 1차 공시
KLOCAL-50565bd642260910,솔빛유치원,2019,165,0,https://e-childschoolinfo.moe.go.kr/,2019년 1차 공시
KLOCAL-fe0db0fed48025b0,솔샘유치원,2019,152,0,https://e-childschoolinfo.moe.go.kr/,2019년 1차 공시
KLOCAL-7e04553d125db319,송현유치원,2019,152,0,https://e-childschoolinfo.moe.go.kr/,2019년 1차 공시
KLOCAL-7f4baf8d3ec9cb63,숭의유치원,2019,87,0,https://e-childschoolinfo.moe.go.kr/,2019년 1차 공시
KLOCAL-f62067ae1c1de696,신동아유치원,2019,37,0,https://e-childschoolinfo.moe.go.kr/,2019년 1차 공시
KLOCAL-1dcb5b73dd15046b,연평초등학교병설유치원,2019,22,0,https://e-childschoolinfo.moe.go.kr/,2019년 1차 공시
KLOCAL-f57b640f7d2b17de,연흥유치원,2019,100,0,https://e-childschoolinfo.moe.go.kr/,2019년 1차 공시
KLOCAL-a7594966a338574e,영종유치원,2019,264,10,https://e-childschoolinfo.moe.go.kr/,2019년 1차 공시
KLOCAL-45fd24312e405c2b,영흥초등학교병설유치원,2019,10,0,https://e-childschoolinfo.moe.go.kr/,2019년 1차 공시
KLOCAL-00df819b46080269,예원유치원,2019,45,0,https://e-childschoolinfo.moe.go.kr/,2019년 1차 공시
KLOCAL-66a6f76a70617813,용화유치원,2019,166,0,https://e-childschoolinfo.moe.go.kr/,2019년 1차 공시
KLOCAL-0fea88de34bd253a,유원유치원,2019,77,0,https://e-childschoolinfo.moe.go.kr/,2019년 1차 공시
KLOCAL-d943654a91207e8e,이튼유치원,2019,254,0,https://e-childschoolinfo.moe.go.kr/,2019년 1차 공시
KLOCAL-e84b45bc48e038b0,이화유치원,2019,83,0,https://e-childschoolinfo.moe.go.kr/,2019년 1차 공시
KLOCAL-85f5756001b304e3,인천경원초등학교병설유치원,2019,52,0,https://e-childschoolinfo.moe.go.kr/,2019년 1차 공시
KLOCAL-c7b1ac02486e877e,인천공항유치원,2019,107,4,https://e-childschoolinfo.moe.go.kr/,2019년 1차 공시
KLOCAL-bf23f2ab98fbb26d,인천공항초등학교신도분교장병설유치원,2019,4,0,https://e-childschoolinfo.moe.go.kr/,2019년 1차 공시
KLOCAL-7c23e3e4581c56be,인천대화초등학교병설유치원,2019,41,0,https://e-childschoolinfo.moe.go.kr/,2019년 1차 공시
KLOCAL-d937eda4414c29ee,인천도화초등학교병설유치원,2019,48,4,https://e-childschoolinfo.moe.go.kr/,2019년 1차 공시
KLOCAL-f029b3c36cc10f46,인천만석초등학교병설유치원,2019,47,0,https://e-childschoolinfo.moe.go.kr/,2019년 1차 공시
KLOCAL-9d0fbf322e58c053,인천문학초등학교병설유치원,2019,27,0,https://e-childschoolinfo.moe.go.kr/,2019년 1차 공시
KLOCAL-9a6e8bc74511dd0d,인천삼목초등학교장봉분교장병설유치원,2019,4,0,https://e-childschoolinfo.moe.go.kr/,2019년 1차 공시
KLOCAL-4738008fa5ece47e,인천서림초등학교병설유치원,2019,51,0,https://e-childschoolinfo.moe.go.kr/,2019년 1차 공시
KLOCAL-cc95b8a776d508d8,인천서화초등학교병설유치원,2019,52,0,https://e-childschoolinfo.moe.go.kr/,2019년 1차 공시
KLOCAL-380ee7c054fafc91,인천서흥초등학교병설유치원,2019,36,0,https://e-childschoolinfo.moe.go.kr/,2019년 1차 공시
KLOCAL-46db3a7a96da1ce6,인천송림초등학교병설유치원,2019,20,3,https://e-childschoolinfo.moe.go.kr/,2019년 1차 공시
KLOCAL-951ec0e0cd988c8e,인천송월초등학교병설유치원,2019,13,0,https://e-childschoolinfo.moe.go.kr/,2019년 1차 공시
KLOCAL-73ccc783a23f0675,인천송현초등학교병설유치원,2019,48,0,https://e-childschoolinfo.moe.go.kr/,2019년 1차 공시
KLOCAL-b12b61fbba266e2a,인천숭의초등학교병설유치원,2019,28,0,https://e-childschoolinfo.moe.go.kr/,2019년 1차 공시
KLOCAL-8ba02afc753343e4,인천신선초등학교병설유치원,2019,67,0,https://e-childschoolinfo.moe.go.kr/,2019년 1차 공시
KLOCAL-74d6accdee6575bd,인천연안초등학교병설유치원,2019,55,0,https://e-childschoolinfo.moe.go.kr/,2019년 1차 공시
KLOCAL-1ddb144d8df27d87,인천영종초등학교병설유치원,2019,92,0,https://e-childschoolinfo.moe.go.kr/,2019년 1차 공시
KLOCAL-f49918d712180a3b,인천용유초등학교병설유치원,2019,13,0,https://e-childschoolinfo.moe.go.kr/,2019년 1차 공시
KLOCAL-dbac808d955ed351,인천용일초등학교병설유치원,2019,29,0,https://e-childschoolinfo.moe.go.kr/,2019년 1차 공시
KLOCAL-835ca4886f808119,인천용정초등학교병설유치원,2019,24,0,https://e-childschoolinfo.moe.go.kr/,2019년 1차 공시
KLOCAL-72edaafd1436ee88,인천용학초등학교병설유치원,2019,122,0,https://e-childschoolinfo.moe.go.kr/,2019년 1차 공시
KLOCAL-03906654ce1dfdb4,인천용현남초등학교자월분교장병설유치원,2019,4,0,https://e-childschoolinfo.moe.go.kr/,2019년 1차 공시
KLOCAL-331748ca3b141540,인천인주초등학교병설유치원,2019,28,0,https://e-childschoolinfo.moe.go.kr/,2019년 1차 공시
KLOCAL-1be9ec6cbd10709a,인천주안초등학교병설유치원,2019,60,0,https://e-childschoolinfo.moe.go.kr/,2019년 1차 공시
KLOCAL-b28bba23e63bc43f,인천중산초등학교병설유치원,2019,122,0,https://e-childschoolinfo.moe.go.kr/,2019년 1차 공시
KLOCAL-34cd4a3c1e5df434,인천창영초등학교병설유치원,2019,6,0,https://e-childschoolinfo.moe.go.kr/,2019년 1차 공시
KLOCAL-3caa8d6f764b16f7,인천하늘초등학교병설유치원,2019,65,0,https://e-childschoolinfo.moe.go.kr/,2019년 1차 공시
KLOCAL-78df8739d8df4799,인천학익초등학교병설유치원,2019,49,4,https://e-childschoolinfo.moe.go.kr/,2019년 1차 공시
KLOCAL-89a34f512aff0b8a,자유유치원,2019,136,36,https://e-childschoolinfo.moe.go.kr/,2019년 1차 공시
KLOCAL-7f0082a29bbc1873,재능대학교부속유치원,2019,204,0,https://e-childschoolinfo.moe.go.kr/,2019년 1차 공시
KLOCAL-b3e79d50babb2a89,지영유치원,2019,91,0,https://e-childschoolinfo.moe.go.kr/,2019년 1차 공시
KLOCAL-860b4fda06d66205,진흥유치원,2019,127,0,https://e-childschoolinfo.moe.go.kr/,2019년 1차 공시
KLOCAL-59488b5f10bd36dd,참빛유치원,2019,107,0,https://e-childschoolinfo.moe.go.kr/,2019년 1차 공시
KLOCAL-a33ff6a4ff454116,청파유치원,2019,82,0,https://e-childschoolinfo.moe.go.kr/,2019년 1차 공시
KLOCAL-d3da11d9e1f412b4,초롱유치원,2019,88,0,https://e-childschoolinfo.moe.go.kr/,2019년 1차 공시
KLOCAL-72698116ed206e92,프라임건영유치원,2019,119,0,https://e-childschoolinfo.moe.go.kr/,2019년 1차 공시
KLOCAL-bfbf6ed15649f16b,하늘유치원,2019,68,0,https://e-childschoolinfo.moe.go.kr/,2019년 1차 공시
KLOCAL-5ef1a9f30587f281,한빛유치원,2019,124,0,https://e-childschoolinfo.moe.go.kr/,2019년 1차 공시
KLOCAL-5291bdaab4f312eb,한울유치원,2019,157,0,https://e-childschoolinfo.moe.go.kr/,2019년 1차 공시
KLOCAL-d55991545b9ca28f,해님나라유치원,2019,178,0,https://e-childschoolinfo.moe.go.kr/,2019년 1차 공시
KLOCAL-449480036ac79522,해승유치원,2019,86,0,https://e-childschoolinfo.moe.go.kr/,2019년 1차 공시
KLOCAL-d0c67b00714a002e,간석유치원,2019,60,0,https://e-childschoolinfo.moe.go.kr/,2019년 1차 공시
KLOCAL-3a978356c1843ba3,경희유치원,2019,236,0,https://e-childschoolinfo.moe.go.kr/,2019년 1차 공시
KLOCAL-29f5f5d74751a178,근혜유치원,2019,96,0,https://e-childschoolinfo.moe.go.kr/,2019년 1차 공시
KLOCAL-5369696c6d615b3e,글로벌나래유치원,2019,245,0,https://e-childschoolinfo.moe.go.kr/,2019년 1차 공시
KLOCAL-fe703725d8c5c670,글로벌레인보우유치원,2019,518,0,https://e-childschoolinfo.moe.go.kr/,2019년 1차 공시
KLOCAL-bfd71f3d423988a5,기암유치원,2019,119,0,https://e-childschoolinfo.moe.go.kr/,2019년 1차 공시
KLOCAL-251be2946e3f2e1e,꿈동산유치원,2019,177,0,https://e-childschoolinfo.moe.go.kr/,2019년 1차 공시
KLOCAL-8178a2810111b4ae,꿈의보람유치원,2019,60,0,https://e-childschoolinfo.moe.go.kr/,2019년 1차 공시
KLOCAL-033a97f22a8d5674,논현유치원,2019,114,8,https://e-childschoolinfo.moe.go.kr/,2019년 1차 공시
KLOCAL-d5c54935ca8ff71b,다샘유치원,2019,87,0,https://e-childschoolinfo.moe.go.kr/,2019년 1차 공시
KLOCAL-b71f83339bbf6c7f,다슬기유치원,2019,66,0,https://e-childschoolinfo.moe.go.kr/,2019년 1차 공시
KLOCAL-eb92e3c1aa814a5f,도람유치원,2019,35,0,https://e-childschoolinfo.moe.go.kr/,2019년 1차 공시
KLOCAL-6daf1b262c32a08c,동심유치원,2019,241,0,https://e-childschoolinfo.moe.go.kr/,2019년 1차 공시
KLOCAL-63399426933f9ae4,동화나라유치원,2019,106,0,https://e-childschoolinfo.moe.go.kr/,2019년 1차 공시
KLOCAL-f00d9d321a9f4277,딩동댕유치원,2019,239,0,https://e-childschoolinfo.moe.go.kr/,2019년 1차 공시
KLOCAL-65f18e0f28637028,미상지유치원,2019,144,0,https://e-childschoolinfo.moe.go.kr/,2019년 1차 공시
KLOCAL-c4161023af71f7b8,미예뜰유치원,2019,167,0,https://e-childschoolinfo.moe.go.kr/,2019년 1차 공시
KLOCAL-fd52787ce68b9cc4,바다의별유치원,2019,137,0,https://e-childschoolinfo.moe.go.kr/,2019년 1차 공시
KLOCAL-4db1d0730f341b82,반디유치원,2019,289,0,https://e-childschoolinfo.moe.go.kr/,2019년 1차 공시
KLOCAL-4a0dd0e09f7c170a,복자유치원,2019,267,0,https://e-childschoolinfo.moe.go.kr/,2019년 1차 공시
KLOCAL-a13484cce102c7ad,부광예능유치원,2019,85,0,https://e-childschoolinfo.moe.go.kr/,2019년 1차 공시
KLOCAL-8623b37927321be0,부광유치원,2019,98,0,https://e-childschoolinfo.moe.go.kr/,2019년 1차 공시
KLOCAL-7e915f13c355f440,브레인유치원,2019,184,0,https://e-childschoolinfo.moe.go.kr/,2019년 1차 공시
KLOCAL-12d27bc6e1660e9d,사랑유치원,2019,132,0,https://e-childschoolinfo.moe.go.kr/,2019년 1차 공시
KLOCAL-100df6af0fea38c9,삼성유치원,2019,105,0,https://e-childschoolinfo.moe.go.kr/,2019년 1차 공시
KLOCAL-6676c2bcefece192,새싹유치원,2019,88,0,https://e-childschoolinfo.moe.go.kr/,2019년 1차 공시
KLOCAL-107a8c06c18f2a60,새예지유치원,2019,158,0,https://e-childschoolinfo.moe.go.kr/,2019년 1차 공시
KLOCAL-43f7ad8ac4fd97b4,새인예유치원,2019,64,0,https://e-childschoolinfo.moe.go.kr/,2019년 1차 공시
KLOCAL-f79433e81215e45b,새하늘유치원,2019,46,0,https://e-childschoolinfo.moe.go.kr/,2019년 1차 공시
KLOCAL-ee92f238c00ca8b5,샤인유치원,2019,214,0,https://e-childschoolinfo.moe.go.kr/,2019년 1차 공시
KLOCAL-44786c27116da614,성광유치원,2019,107,0,https://e-childschoolinfo.moe.go.kr/,2019년 1차 공시
KLOCAL-a1b3d1bb7ec36c47,소나무유치원,2019,105,0,https://e-childschoolinfo.moe.go.kr/,2019년 1차 공시
KLOCAL-67e0c5eb116913d6,소담숲유치원,2019,147,0,https://e-childschoolinfo.moe.go.kr/,2019년 1차 공시
KLOCAL-e47e237956c9037b,송도국제유치원,2019,485,0,https://e-childschoolinfo.moe.go.kr/,2019년 1차 공시
KLOCAL-4d24c45e629f00af,수피아유치원,2019,151,0,https://e-childschoolinfo.moe.go.kr/,2019년 1차 공시
KLOCAL-fd832db87ee2afb4,숲속의유치원,2019,109,0,https://e-childschoolinfo.moe.go.kr/,2019년 1차 공시
KLOCAL-f591f4da9fb6832b,신도유치원,2019,72,0,https://e-childschoolinfo.moe.go.kr/,2019년 1차 공시
KLOCAL-369a4964372d4b20,신명유치원,2019,47,0,https://e-childschoolinfo.moe.go.kr/,2019년 1차 공시
KLOCAL-c8f2705298b07183,아름솔유치원,2019,146,0,https://e-childschoolinfo.moe.go.kr/,2019년 1차 공시
KLOCAL-ff3c969cd7af6837,아삽유치원,2019,58,0,https://e-childschoolinfo.moe.go.kr/,2019년 1차 공시
KLOCAL-1375cec9fea0c803,아이웰유치원,2019,43,0,https://e-childschoolinfo.moe.go.kr/,2019년 1차 공시
KLOCAL-2c8aa292f224503d,아이큰별유치원,2019,163,0,https://e-childschoolinfo.moe.go.kr/,2019년 1차 공시
KLOCAL-34fbb34c9c9f34c7,에듀피아유치원,2019,348,0,https://e-childschoolinfo.moe.go.kr/,2019년 1차 공시
KLOCAL-e436b88a780add2c,에이스화인유치원,2019,349,0,https://e-childschoolinfo.moe.go.kr/,2019년 1차 공시
KLOCAL-f9f166dfa9308d05,엘림유치원,2019,130,0,https://e-childschoolinfo.moe.go.kr/,2019년 1차 공시
KLOCAL-778bc903de10783e,연수유치원,2019,100,0,https://e-childschoolinfo.moe.go.kr/,2019년 1차 공시
KLOCAL-e939c200a4db1777,영보유치원,2019,172,0,https://e-childschoolinfo.moe.go.kr/,2019년 1차 공시
KLOCAL-117cde7db840a10e,예다원유치원,2019,269,0,https://e-childschoolinfo.moe.go.kr/,2019년 1차 공시
KLOCAL-a6c49aeb58916263,예지유치원,2019,65,0,https://e-childschoolinfo.moe.go.kr/,2019년 1차 공시
KLOCAL-d9ad116e2003fd1e,예진유치원,2019,72,0,https://e-childschoolinfo.moe.go.kr/,2019년 1차 공시
KLOCAL-a73becd81df8c04e,온누리비전유치원,2019,98,0,https://e-childschoolinfo.moe.go.kr/,2019년 1차 공시
KLOCAL-2b73eb96ef811bfa,유석화유치원,2019,187,0,https://e-childschoolinfo.moe.go.kr/,2019년 1차 공시
KLOCAL-41ab9125b086444d,유엔유치원,2019,87,0,https://e-childschoolinfo.moe.go.kr/,2019년 1차 공시
KLOCAL-6cc247e473a0dd94,인보유치원,2019,77,0,https://e-childschoolinfo.moe.go.kr/,2019년 1차 공시
KLOCAL-28e854d271c0e8e1,인천간석초등학교병설유치원,2019,45,4,https://e-childschoolinfo.moe.go.kr/,2019년 1차 공시
KLOCAL-bb78c900eca43f09,인천고잔유치원,2019,132,8,https://e-childschoolinfo.moe.go.kr/,2019년 1차 공시
KLOCAL-34f51f462724b79d,인천고잔초등학교병설유치원,2019,78,0,https://e-childschoolinfo.moe.go.kr/,2019년 1차 공시
KLOCAL-90f24a9a996ac511,인천구월서초등학교병설유치원,2019,24,0,https://e-childschoolinfo.moe.go.kr/,2019년 1차 공시
KLOCAL-c3820bd9125fc45b,인천구월유치원,2019,197,12,https://e-childschoolinfo.moe.go.kr/,2019년 1차 공시
KLOCAL-f7865938c34c572d,인천남촌초등학교병설유치원,2019,16,0,https://e-childschoolinfo.moe.go.kr/,2019년 1차 공시
KLOCAL-fc233c4e719c1c84,인천논곡초등학교병설유치원,2019,25,2,https://e-childschoolinfo.moe.go.kr/,2019년 1차 공시
KLOCAL-394d164ed7bec392,인천도림초등학교병설유치원,2019,42,0,https://e-childschoolinfo.moe.go.kr/,2019년 1차 공시
KLOCAL-c450a0dccff7fa8a,인천동방초등학교병설유치원,2019,70,0,https://e-childschoolinfo.moe.go.kr/,2019년 1차 공시
KLOCAL-d0880bc91ea3a11c,인천동부초등학교병설유치원,2019,25,0,https://e-childschoolinfo.moe.go.kr/,2019년 1차 공시
KLOCAL-32d3ae6b63e1b618,인천동춘초등학교병설유치원,2019,56,0,https://e-childschoolinfo.moe.go.kr/,2019년 1차 공시
KLOCAL-ef25cce87a4a5a4a,인천만월초등학교병설유치원,2019,68,0,https://e-childschoolinfo.moe.go.kr/,2019년 1차 공시
KLOCAL-7cd8621a409ee80e,인천먼우금초등학교병설유치원,2019,62,0,https://e-childschoolinfo.moe.go.kr/,2019년 1차 공시
KLOCAL-9e1ecde17b4153f9,인천명선초등학교병설유치원,2019,49,0,https://e-childschoolinfo.moe.go.kr/,2019년 1차 공시
KLOCAL-5a6e8949c07c2398,인천미송초등학교병설유치원,2019,122,0,https://e-childschoolinfo.moe.go.kr/,2019년 1차 공시
KLOCAL-b77a1bafb9d14dde,인천사리울초등학교병설유치원,2019,73,0,https://e-childschoolinfo.moe.go.kr/,2019년 1차 공시
KLOCAL-fda225ae2869cf69,인천상아초등학교병설유치원,2019,80,0,https://e-childschoolinfo.moe.go.kr/,2019년 1차 공시
KLOCAL-a13112ed33df123c,인천서창초등학교병설유치원,2019,52,0,https://e-childschoolinfo.moe.go.kr/,2019년 1차 공시
KLOCAL-7b02766e15ef5760,인천성리초등학교병설유치원,2019,19,0,https://e-childschoolinfo.moe.go.kr/,2019년 1차 공시
KLOCAL-10682fedb5eb5c47,인천소래초등학교병설유치원,2019,70,0,https://e-childschoolinfo.moe.go.kr/,2019년 1차 공시
KLOCAL-4eab697aec7ffe81,인천송명초등학교병설유치원,2019,80,0,https://e-childschoolinfo.moe.go.kr/,2019년 1차 공시
KLOCAL-278a27da1c51475e,인천송원초등학교병설유치원,2019,70,0,https://e-childschoolinfo.moe.go.kr/,2019년 1차 공시
KLOCAL-c0b666f4a95885af,인천송일초등학교병설유치원,2019,116,0,https://e-childschoolinfo.moe.go.kr/,2019년 1차 공시
KLOCAL-f9615dc5f6bb8ee0,인천신송초등학교병설유치원,2019,98,0,https://e-childschoolinfo.moe.go.kr/,2019년 1차 공시
KLOCAL-217d5f1aa8131427,인천신월초등학교병설유치원,2019,44,3,https://e-childschoolinfo.moe.go.kr/,2019년 1차 공시
KLOCAL-1519f421f42d9d8a,인천신정초등학교병설유치원,2019,75,4,https://e-childschoolinfo.moe.go.kr/,2019년 1차 공시
KLOCAL-7d6ec0482027aa78,인천예송유치원,2019,268,12,https://e-childschoolinfo.moe.go.kr/,2019년 1차 공시
KLOCAL-e6f561eea690e9ea,인천예송초등학교병설유치원,2019,101,4,https://e-childschoolinfo.moe.go.kr/,2019년 1차 공시
KLOCAL-c71d186619793815,인천원동초등학교병설유치원,2019,80,0,https://e-childschoolinfo.moe.go.kr/,2019년 1차 공시
KLOCAL-96cfe3734dfe7f6f,인천인동초등학교병설유치원,2019,56,0,https://e-childschoolinfo.moe.go.kr/,2019년 1차 공시
KLOCAL-f2b56eb375536aa8,인천장도초등학교병설유치원,2019,66,0,https://e-childschoolinfo.moe.go.kr/,2019년 1차 공시
KLOCAL-6f2e5971d64c0765,인천장서초등학교병설유치원,2019,122,0,https://e-childschoolinfo.moe.go.kr/,2019년 1차 공시
KLOCAL-1cba793eaad3af21,인천장수초등학교병설유치원,2019,56,0,https://e-childschoolinfo.moe.go.kr/,2019년 1차 공시
KLOCAL-0d94659e002bb7af,인천정각초등학교병설유치원,2019,100,4,https://e-childschoolinfo.moe.go.kr/,2019년 1차 공시
KLOCAL-abb50af7d2260f86,인천주원초등학교병설유치원,2019,38,0,https://e-childschoolinfo.moe.go.kr/,2019년 1차 공시
KLOCAL-61114cb3327df41f,인천첨단초등학교병설유치원,2019,122,0,https://e-childschoolinfo.moe.go.kr/,2019년 1차 공시
KLOCAL-8e56ade33984c867,인천축현초등학교병설유치원,2019,44,0,https://e-childschoolinfo.moe.go.kr/,2019년 1차 공시
KLOCAL-dc5e4c9a4f7a45e8,인천한빛초등학교병설유치원,2019,98,0,https://e-childschoolinfo.moe.go.kr/,2019년 1차 공시
KLOCAL-18b3e8f4c6c007f3,인천해송초등학교병설유치원,2019,76,4,https://e-childschoolinfo.moe.go.kr/,2019년 1차 공시
KLOCAL-a243e71bda61eb84,자연발도르프유치원,2019,137,0,https://e-childschoolinfo.moe.go.kr/,2019년 1차 공시
KLOCAL-5797361de35b1d37,작은꽃예능유치원,2019,138,0,https://e-childschoolinfo.moe.go.kr/,2019년 1차 공시
KLOCAL-89210c1d0d118cbb,제니스유치원,2019,355,0,https://e-childschoolinfo.moe.go.kr/,2019년 1차 공시
KLOCAL-d1f974afc89b04e4,조은유치원,2019,38,0,https://e-childschoolinfo.moe.go.kr/,2019년 1차 공시
KLOCAL-118ab21d4295eddf,진명유치원,2019,64,0,https://e-childschoolinfo.moe.go.kr/,2019년 1차 공시
KLOCAL-5f898a9cc2711bd4,참아름유치원,2019,178,0,https://e-childschoolinfo.moe.go.kr/,2019년 1차 공시
KLOCAL-2b07c33dd5f30eca,참조은유치원,2019,155,0,https://e-childschoolinfo.moe.go.kr/,2019년 1차 공시
KLOCAL-ae41e29b3e0ee2d0,청담숲유치원,2019,80,0,https://e-childschoolinfo.moe.go.kr/,2019년 1차 공시
KLOCAL-cb0f3434a75d79da,청송유치원,2019,140,0,https://e-childschoolinfo.moe.go.kr/,2019년 1차 공시
KLOCAL-700c16dffdf23664,청학숲유치원,2019,126,0,https://e-childschoolinfo.moe.go.kr/,2019년 1차 공시
KLOCAL-1fcc5bb819b6a357,큰별유치원,2019,173,0,https://e-childschoolinfo.moe.go.kr/,2019년 1차 공시
KLOCAL-f9c23299c9f29c92,키즈월드유치원,2019,97,0,https://e-childschoolinfo.moe.go.kr/,2019년 1차 공시
KLOCAL-b9a00b06c19a5b27,푸른마을유치원,2019,145,0,https://e-childschoolinfo.moe.go.kr/,2019년 1차 공시
KLOCAL-a0b7cbe5a91d6fc3,프라임명지유치원,2019,176,0,https://e-childschoolinfo.moe.go.kr/,2019년 1차 공시
KLOCAL-3267d41d2d4da711,프라임예지유치원,2019,345,0,https://e-childschoolinfo.moe.go.kr/,2019년 1차 공시
KLOCAL-28e51f0551b2fcfd,하늘땅유치원,2019,266,0,https://e-childschoolinfo.moe.go.kr/,2019년 1차 공시
KLOCAL-70d1490d13dd71fa,하늘향기유치원,2019,98,0,https://e-childschoolinfo.moe.go.kr/,2019년 1차 공시
KLOCAL-3bbfd5ed25e38ec1,한빛유치원,2019,61,0,https://e-childschoolinfo.moe.go.kr/,2019년 1차 공시
KLOCAL-6730ff03a24b1db6,한솔유치원,2019,44,0,https://e-childschoolinfo.moe.go.kr/,2019년 1차 공시
KLOCAL-872cb8b8d014505e,한울유치원,2019,70,0,https://e-childschoolinfo.moe.go.kr/,2019년 1차 공시
KLOCAL-c24174173a80af5d,해나라유치원,2019,110,0,https://e-childschoolinfo.moe.go.kr/,2019년 1차 공시
KLOCAL-9fd7e2d0a4c711bb,해돋이유치원,2019,14,0,https://e-childschoolinfo.moe.go.kr/,2019년 1차 공시
KLOCAL-03eaab4ac9dbb6a3,해승유치원,2019,114,0,https://e-childschoolinfo.moe.go.kr/,2019년 1차 공시
KLOCAL-1fd3e98881a11318,해와달유치원,2019,70,0,https://e-childschoolinfo.moe.go.kr/,2019년 1차 공시
KLOCAL-25a0b873b3438607,행복한유치원,2019,90,0,https://e-childschoolinfo.moe.go.kr/,2019년 1차 공시
KLOCAL-799d3765effdf6c9,The큰빛유치원,2019,247,0,https://e-childschoolinfo.moe.go.kr/,2019년 1차 공시
KLOCAL-bf4a58b2949b1422,경인여자대학교부속유치원,2019,140,0,https://e-childschoolinfo.moe.go.kr/,2019년 1차 공시
KLOCAL-ec9c24186f6f3b8f,경희동화나라유치원,2019,90,0,https://e-childschoolinfo.moe.go.kr/,2019년 1차 공시
KLOCAL-aa56465393a9dbf8,계양유치원,2019,50,0,https://e-childschoolinfo.moe.go.kr/,2019년 1차 공시
KLOCAL-000e957d3ab6431c,근산유치원,2019,262,0,https://e-childschoolinfo.moe.go.kr/,2019년 1차 공시
KLOCAL-8ed8228b0a070bd1,꿈나라유치원,2019,127,0,https://e-childschoolinfo.moe.go.kr/,2019년 1차 공시
KLOCAL-10a79f1b1d9bbd9f,꿈나무유치원,2019,59,0,https://e-childschoolinfo.moe.go.kr/,2019년 1차 공시
KLOCAL-820463ae379873df,노틀담유치원,2019,64,0,https://e-childschoolinfo.moe.go.kr/,2019년 1차 공시
KLOCAL-79bf4736d22026e1,대동유치원,2019,112,0,https://e-childschoolinfo.moe.go.kr/,2019년 1차 공시
KLOCAL-4d4340c9fc828cb1,동심유치원,2019,117,0,https://e-childschoolinfo.moe.go.kr/,2019년 1차 공시
KLOCAL-d35107fb247c2293,드림유치원,2019,220,0,https://e-childschoolinfo.moe.go.kr/,2019년 1차 공시
KLOCAL-8dd20cefda1ca1a9,마리아유치원,2019,120,0,https://e-childschoolinfo.moe.go.kr/,2019년 1차 공시
KLOCAL-1b4643e77630943f,무지개유치원,2019,180,0,https://e-childschoolinfo.moe.go.kr/,2019년 1차 공시
KLOCAL-d6dfad898c1c6e59,미래유치원,2019,101,0,https://e-childschoolinfo.moe.go.kr/,2019년 1차 공시
KLOCAL-b1ebeb063c6b35bf,밀알유치원,2019,155,0,https://e-childschoolinfo.moe.go.kr/,2019년 1차 공시
KLOCAL-4fc071e233a4b10e,보나유치원,2019,199,0,https://e-childschoolinfo.moe.go.kr/,2019년 1차 공시
KLOCAL-cec3aed5db587e4f,보람유치원,2019,161,0,https://e-childschoolinfo.moe.go.kr/,2019년 1차 공시
KLOCAL-c23244892488770c,산곡유치원,2019,166,0,https://e-childschoolinfo.moe.go.kr/,2019년 1차 공시
KLOCAL-89f989b3e811883f,산들유치원,2019,76,0,https://e-childschoolinfo.moe.go.kr/,2019년 1차 공시
KLOCAL-d8bc2d350c1a4b3f,삼산유치원,2019,85,12,https://e-childschoolinfo.moe.go.kr/,2019년 1차 공시
KLOCAL-e9f605efb8473d0b,상아유치원,2019,23,0,https://e-childschoolinfo.moe.go.kr/,2019년 1차 공시
KLOCAL-a038d3e4ea578813,새빛솔금유치원,2019,148,0,https://e-childschoolinfo.moe.go.kr/,2019년 1차 공시
KLOCAL-7db8731930533c91,서해유치원,2019,102,0,https://e-childschoolinfo.moe.go.kr/,2019년 1차 공시
KLOCAL-f75e1b7433faa86d,석화유치원,2019,128,0,https://e-childschoolinfo.moe.go.kr/,2019년 1차 공시
KLOCAL-2f487e44a994a758,성심유치원,2019,116,0,https://e-childschoolinfo.moe.go.kr/,2019년 1차 공시
KLOCAL-9f6aa62c8072b43d,성아유치원,2019,69,0,https://e-childschoolinfo.moe.go.kr/,2019년 1차 공시
KLOCAL-ad69756960486f7d,숲속유치원,2019,119,0,https://e-childschoolinfo.moe.go.kr/,2019년 1차 공시
KLOCAL-93134beb67614dd4,아란유치원,2019,147,0,https://e-childschoolinfo.moe.go.kr/,2019년 1차 공시
KLOCAL-61028cac96a381f0,양지유치원,2019,94,0,https://e-childschoolinfo.moe.go.kr/,2019년 1차 공시
KLOCAL-1e0f6cb24019a829,엄지유치원,2019,70,0,https://e-childschoolinfo.moe.go.kr/,2019년 1차 공시
KLOCAL-a9d87dc7c78bb460,에코프라임유치원,2019,77,0,https://e-childschoolinfo.moe.go.kr/,2019년 1차 공시
KLOCAL-52870ab69b81e458,엔젤유치원,2019,15,0,https://e-childschoolinfo.moe.go.kr/,2019년 1차 공시
KLOCAL-b40f58f5747ed00c,연세유치원,2019,91,0,https://e-childschoolinfo.moe.go.kr/,2019년 1차 공시
KLOCAL-a75ab82d043d1d3c,열림유치원,2019,101,0,https://e-childschoolinfo.moe.go.kr/,2019년 1차 공시
KLOCAL-b9f9b3b6acb3e646,열우물유치원,2019,53,0,https://e-childschoolinfo.moe.go.kr/,2019년 1차 공시
KLOCAL-1923165e7aafe096,영광유치원,2019,191,0,https://e-childschoolinfo.moe.go.kr/,2019년 1차 공시
KLOCAL-2dec811cf063913d,예그랑유치원,2019,56,0,https://e-childschoolinfo.moe.go.kr/,2019년 1차 공시
KLOCAL-28fe79464ba28534,예림유치원,2019,63,0,https://e-childschoolinfo.moe.go.kr/,2019년 1차 공시
KLOCAL-56a50a91ae4989cb,예소담유치원,2019,123,0,https://e-childschoolinfo.moe.go.kr/,2019년 1차 공시
KLOCAL-dbea3b1337a43ee7,예원유치원,2019,187,0,https://e-childschoolinfo.moe.go.kr/,2019년 1차 공시
KLOCAL-b160ba4a3527af43,은현유치원,2019,98,0,https://e-childschoolinfo.moe.go.kr/,2019년 1차 공시
KLOCAL-ab518cb95e2f0dd1,은혜유치원,2019,30,0,https://e-childschoolinfo.moe.go.kr/,2019년 1차 공시
KLOCAL-06aad668ba6db02c,이노필유치원,2019,29,0,https://e-childschoolinfo.moe.go.kr/,2019년 1차 공시
KLOCAL-314ae4685daf3578,이든유치원,2019,149,0,https://e-childschoolinfo.moe.go.kr/,2019년 1차 공시
KLOCAL-2a7e08fead8ef96b,이바유치원,2019,77,0,https://e-childschoolinfo.moe.go.kr/,2019년 1차 공시
KLOCAL-d50e97c5d449d3e1,이화유치원,2019,111,0,https://e-childschoolinfo.moe.go.kr/,2019년 1차 공시
KLOCAL-00d7d85e52a053a8,인천갈월초등학교병설유치원,2019,52,0,https://e-childschoolinfo.moe.go.kr/,2019년 1차 공시
KLOCAL-02221618c55c5603,인천계양초등학교병설유치원,2019,66,0,https://e-childschoolinfo.moe.go.kr/,2019년 1차 공시
KLOCAL-27ae0beeef7a0473,인천계양초등학교상야분교장병설유치원,2019,3,0,https://e-childschoolinfo.moe.go.kr/,2019년 1차 공시
KLOCAL-795e68028ccfe327,인천굴포초등학교병설유치원,2019,66,4,https://e-childschoolinfo.moe.go.kr/,2019년 1차 공시
KLOCAL-2e27b0337e9883ca,인천귤현초등학교병설유치원,2019,68,0,https://e-childschoolinfo.moe.go.kr/,2019년 1차 공시
KLOCAL-528dcc8ceefc1f83,인천금마초등학교병설유치원,2019,50,0,https://e-childschoolinfo.moe.go.kr/,2019년 1차 공시
KLOCAL-5d2374027a21efe0,인천길주초등학교병설유치원,2019,52,0,https://e-childschoolinfo.moe.go.kr/,2019년 1차 공시
KLOCAL-0fab6c92ee3a52d6,인천당산초등학교병설유치원,2019,69,0,https://e-childschoolinfo.moe.go.kr/,2019년 1차 공시
KLOCAL-36fdf3552e15dcd7,인천동암초등학교병설유치원,2019,21,0,https://e-childschoolinfo.moe.go.kr/,2019년 1차 공시
KLOCAL-4dfa29d594589afd,인천명현초등학교병설유치원,2019,48,0,https://e-childschoolinfo.moe.go.kr/,2019년 1차 공시
KLOCAL-2ee6cf805dfe4f3f,인천미산초등학교병설유치원,2019,52,0,https://e-childschoolinfo.moe.go.kr/,2019년 1차 공시
KLOCAL-245e760a0802fd93,인천백운초등학교병설유치원,2019,52,0,https://e-childschoolinfo.moe.go.kr/,2019년 1차 공시
KLOCAL-7738df6499839a0d,인천부개서초등학교병설유치원,2019,28,0,https://e-childschoolinfo.moe.go.kr/,2019년 1차 공시
KLOCAL-43e30ed66f88da53,인천부개초등학교병설유치원,2019,24,0,https://e-childschoolinfo.moe.go.kr/,2019년 1차 공시
KLOCAL-549b4c127ea514d3,인천부광초등학교병설유치원,2019,28,0,https://e-childschoolinfo.moe.go.kr/,2019년 1차 공시
KLOCAL-106cec12938f9093,인천부마초등학교병설유치원,2019,62,8,https://e-childschoolinfo.moe.go.kr/,2019년 1차 공시
KLOCAL-5b76fc7bb28b95d2,인천부원초등학교병설유치원,2019,70,0,https://e-childschoolinfo.moe.go.kr/,2019년 1차 공시
KLOCAL-1b7dad99867a6eaf,인천부일초등학교병설유치원,2019,66,4,https://e-childschoolinfo.moe.go.kr/,2019년 1차 공시
KLOCAL-ebb7f219b7dc3c02,인천부평남초등학교병설유치원,2019,25,0,https://e-childschoolinfo.moe.go.kr/,2019년 1차 공시
KLOCAL-7268e62cbbfb14b0,인천부평동초등학교병설유치원,2019,48,4,https://e-childschoolinfo.moe.go.kr/,2019년 1차 공시
KLOCAL-e7025d490b504a01,인천부평북초등학교병설유치원,2019,27,0,https://e-childschoolinfo.moe.go.kr/,2019년 1차 공시
KLOCAL-ccc93f34c68fe601,인천부평서초등학교병설유치원,2019,26,0,https://e-childschoolinfo.moe.go.kr/,2019년 1차 공시
KLOCAL-c2742aa23baa310a,인천산곡초등학교병설유치원,2019,37,0,https://e-childschoolinfo.moe.go.kr/,2019년 1차 공시
KLOCAL-249efd582bc3c17a,인천상정초등학교병설유치원,2019,13,0,https://e-childschoolinfo.moe.go.kr/,2019년 1차 공시
KLOCAL-f772a80f44ffb1a0,인천서운초등학교병설유치원,2019,23,0,https://e-childschoolinfo.moe.go.kr/,2019년 1차 공시
KLOCAL-fec14b51fc4d9297,인천성지초등학교병설유치원,2019,48,3,https://e-childschoolinfo.moe.go.kr/,2019년 1차 공시
KLOCAL-92309078310854ad,인천소양초등학교병설유치원,2019,30,0,https://e-childschoolinfo.moe.go.kr/,2019년 1차 공시
KLOCAL-8a55755e2e4733cb,인천십정초등학교병설유치원,2019,6,0,https://e-childschoolinfo.moe.go.kr/,2019년 1차 공시
KLOCAL-7de363a40d49f18a,인천안남초등학교병설유치원,2019,58,11,https://e-childschoolinfo.moe.go.kr/,2019년 1차 공시
KLOCAL-b0f87221d172f370,인천양촌초등학교병설유치원,2019,70,0,https://e-childschoolinfo.moe.go.kr/,2019년 1차 공시
KLOCAL-d59c3c131dfc2700,인천영선초등학교병설유치원,2019,52,0,https://e-childschoolinfo.moe.go.kr/,2019년 1차 공시
KLOCAL-01a5916f0b28e44c,인천용마초등학교병설유치원,2019,50,0,https://e-childschoolinfo.moe.go.kr/,2019년 1차 공시
KLOCAL-56debb39372c4ba0,인천진산초등학교병설유치원,2019,70,0,https://e-childschoolinfo.moe.go.kr/,2019년 1차 공시
KLOCAL-281c2fad3f04d06c,인천한길초등학교병설유치원,2019,68,0,https://e-childschoolinfo.moe.go.kr/,2019년 1차 공시
KLOCAL-dcebf30aba91b8e1,인천해서초등학교병설유치원,2019,17,3,https://e-childschoolinfo.moe.go.kr/,2019년 1차 공시
KLOCAL-896263eeca0cb24e,인천화전유치원,2019,127,7,https://e-childschoolinfo.moe.go.kr/,2019년 1차 공시
KLOCAL-a458fa05dd151711,인천후정초등학교병설유치원,2019,70,0,https://e-childschoolinfo.moe.go.kr/,2019년 1차 공시
KLOCAL-96f9aeb465d9c1aa,자연과아이들유치원,2019,89,0,https://e-childschoolinfo.moe.go.kr/,2019년 1차 공시
KLOCAL-e340aa37ee0b17d0,자연유치원,2019,120,0,https://e-childschoolinfo.moe.go.kr/,2019년 1차 공시
KLOCAL-3e7958b6a4d50a61,정민유치원,2019,152,0,https://e-childschoolinfo.moe.go.kr/,2019년 1차 공시
KLOCAL-bfc36b4ee580645c,정원유치원,2019,87,0,https://e-childschoolinfo.moe.go.kr/,2019년 1차 공시
KLOCAL-008b28233ec0cee2,청담유치원,2019,151,0,https://e-childschoolinfo.moe.go.kr/,2019년 1차 공시
KLOCAL-a2d75433658bba16,청송유치원,2019,28,0,https://e-childschoolinfo.moe.go.kr/,2019년 1차 공시
KLOCAL-0308f9e9a9e42dfd,청원유치원,2019,115,0,https://e-childschoolinfo.moe.go.kr/,2019년 1차 공시
KLOCAL-3a53daf795aebc01,프렌즈유치원,2019,96,0,https://e-childschoolinfo.moe.go.kr/,2019년 1차 공시
KLOCAL-3604491d53b601b4,한빛유치원,2019,51,0,https://e-childschoolinfo.moe.go.kr/,2019년 1차 공시
KLOCAL-4beea76f3a5d4a06,한솔유치원,2019,90,0,https://e-childschoolinfo.moe.go.kr/,2019년 1차 공시
KLOCAL-ace02cf4887a0b04,해마루유치원,2019,77,0,https://e-childschoolinfo.moe.go.kr/,2019년 1차 공시
KLOCAL-c8f91a641f618071,해승유치원,2019,80,0,https://e-childschoolinfo.moe.go.kr/,2019년 1차 공시
KLOCAL-410831a720cf17a1,햇살유치원,2019,111,0,https://e-childschoolinfo.moe.go.kr/,2019년 1차 공시
KLOCAL-db47790fb79ebb49,현대유치원,2019,62,0,https://e-childschoolinfo.moe.go.kr/,2019년 1차 공시
KLOCAL-624dd65d9a69a6fd,홍익유치원,2019,97,0,https://e-childschoolinfo.moe.go.kr/,2019년 1차 공시
KLOCAL-d4bd51f655c7d518,경서유치원,2019,143,0,https://e-childschoolinfo.moe.go.kr/,2019년 1차 공시
KLOCAL-85ad7b101c5863a9,경인무지개유치원,2019,21,0,https://e-childschoolinfo.moe.go.kr/,2019년 1차 공시
KLOCAL-8a9b86e4d794522b,꼬마정원유치원,2019,183,0,https://e-childschoolinfo.moe.go.kr/,2019년 1차 공시
KLOCAL-6fa4617437939184,꿈드림유치원,2019,56,0,https://e-childschoolinfo.moe.go.kr/,2019년 1차 공시
KLOCAL-c3dd9c1d20fd07e2,다은유치원,2019,239,0,https://e-childschoolinfo.moe.go.kr/,2019년 1차 공시
KLOCAL-bf9218e3aa324e42,동진유치원,2019,75,0,https://e-childschoolinfo.moe.go.kr/,2019년 1차 공시
KLOCAL-b3e032dc919c404c,드림유치원,2019,368,0,https://e-childschoolinfo.moe.go.kr/,2019년 1차 공시
KLOCAL-9c183b9823ea39ea,리라유치원,2019,76,0,https://e-childschoolinfo.moe.go.kr/,2019년 1차 공시
KLOCAL-d73e3aece4b7ed2b,명문유치원,2019,76,0,https://e-childschoolinfo.moe.go.kr/,2019년 1차 공시
KLOCAL-8e217d7a0b8a977c,무지개유치원,2019,95,0,https://e-childschoolinfo.moe.go.kr/,2019년 1차 공시
KLOCAL-09b87808b6cff7fd,미일유치원,2019,82,0,https://e-childschoolinfo.moe.go.kr/,2019년 1차 공시
KLOCAL-25824987347b89df,바다유치원,2019,71,0,https://e-childschoolinfo.moe.go.kr/,2019년 1차 공시
KLOCAL-c97c061a2c04c5cd,뿌리유치원,2019,81,0,https://e-childschoolinfo.moe.go.kr/,2019년 1차 공시
KLOCAL-5303919996bd8142,사랑과믿음유치원,2019,84,0,https://e-childschoolinfo.moe.go.kr/,2019년 1차 공시
KLOCAL-e7b2e54679f46271,사랑나무유치원,2019,34,0,https://e-childschoolinfo.moe.go.kr/,2019년 1차 공시
KLOCAL-9caec56ae5d4653c,사랑샘유치원,2019,311,0,https://e-childschoolinfo.moe.go.kr/,2019년 1차 공시
KLOCAL-71ad17ce33cac937,사랑유치원,2019,97,0,https://e-childschoolinfo.moe.go.kr/,2019년 1차 공시
KLOCAL-d19a0e7bb3217421,산새소리유치원,2019,187,0,https://e-childschoolinfo.moe.go.kr/,2019년 1차 공시
KLOCAL-266ed741dd996b8d,산울림유치원,2019,70,0,https://e-childschoolinfo.moe.go.kr/,2019년 1차 공시
KLOCAL-72fd4099e2401182,새미일유치원,2019,86,0,https://e-childschoolinfo.moe.go.kr/,2019년 1차 공시
KLOCAL-660f3e0dcf70c20f,새한신유치원,2019,142,0,https://e-childschoolinfo.moe.go.kr/,2019년 1차 공시
KLOCAL-3e73ad45d397e6b0,세라유치원,2019,202,0,https://e-childschoolinfo.moe.go.kr/,2019년 1차 공시
KLOCAL-5f31278c2ab82f0a,아림유치원,2019,186,0,https://e-childschoolinfo.moe.go.kr/,2019년 1차 공시
KLOCAL-7b4637c902db7d09,아이사랑유치원,2019,236,0,https://e-childschoolinfo.moe.go.kr/,2019년 1차 공시
KLOCAL-d4ce0dfb265b45db,에녹유치원,2019,53,0,https://e-childschoolinfo.moe.go.kr/,2019년 1차 공시
KLOCAL-23e886f24f770204,엔젤유치원,2019,122,0,https://e-childschoolinfo.moe.go.kr/,2019년 1차 공시
KLOCAL-a86f6ae287b18882,연희유치원,2019,114,0,https://e-childschoolinfo.moe.go.kr/,2019년 1차 공시
KLOCAL-7a8ef99aafe1ff7b,예빛유치원,2019,180,0,https://e-childschoolinfo.moe.go.kr/,2019년 1차 공시
KLOCAL-97068fb68321a483,예인유치원,2019,74,0,https://e-childschoolinfo.moe.go.kr/,2019년 1차 공시
KLOCAL-432cd97ec470568e,예일유치원,2019,171,0,https://e-childschoolinfo.moe.go.kr/,2019년 1차 공시
KLOCAL-696372f793199769,예지유치원,2019,166,0,https://e-childschoolinfo.moe.go.kr/,2019년 1차 공시
KLOCAL-3e82cc8bc9518c92,은하유치원,2019,163,0,https://e-childschoolinfo.moe.go.kr/,2019년 1차 공시
KLOCAL-983aa403f4eb6fb5,이화유치원,2019,71,0,https://e-childschoolinfo.moe.go.kr/,2019년 1차 공시
KLOCAL-3c3f330218751057,인천가림초등학교병설유치원,2019,39,3,https://e-childschoolinfo.moe.go.kr/,2019년 1차 공시
KLOCAL-1b478ca1f5cbe41e,인천가원초등학교병설유치원,2019,103,4,https://e-childschoolinfo.moe.go.kr/,2019년 1차 공시
KLOCAL-8f015ad565f90f24,인천가정초등학교병설유치원,2019,39,0,https://e-childschoolinfo.moe.go.kr/,2019년 1차 공시
KLOCAL-0b89b3cbc388c8d7,인천가현초등학교병설유치원,2019,70,0,https://e-childschoolinfo.moe.go.kr/,2019년 1차 공시
KLOCAL-d17bb226ab52939f,인천간재울초등학교병설유치원,2019,36,0,https://e-childschoolinfo.moe.go.kr/,2019년 1차 공시
KLOCAL-0867a880c4b46df2,인천건지초등학교병설유치원,2019,52,10,https://e-childschoolinfo.moe.go.kr/,2019년 1차 공시
KLOCAL-ad2e055c24bd547e,인천검단초등학교병설유치원,2019,69,0,https://e-childschoolinfo.moe.go.kr/,2019년 1차 공시
KLOCAL-262e10d1e210408c,인천검암유치원,2019,105,8,https://e-childschoolinfo.moe.go.kr/,2019년 1차 공시
KLOCAL-0af8f94d48e29a3b,인천경명초등학교병설유치원,2019,98,0,https://e-childschoolinfo.moe.go.kr/,2019년 1차 공시
KLOCAL-daa57df0a81440cd,인천경서초등학교병설유치원,2019,76,0,https://e-childschoolinfo.moe.go.kr/,2019년 1차 공시
KLOCAL-c2e4523109105612,인천공촌초등학교병설유치원,2019,36,0,https://e-childschoolinfo.moe.go.kr/,2019년 1차 공시
KLOCAL-6a31f4d9b5c5f65d,인천금곡초등학교병설유치원,2019,58,4,https://e-childschoolinfo.moe.go.kr/,2019년 1차 공시
KLOCAL-382a4eb638edccdb,인천능내초등학교병설유치원,2019,52,0,https://e-childschoolinfo.moe.go.kr/,2019년 1차 공시
KLOCAL-de70b1ea59f110a7,인천단봉초등학교병설유치원,2019,86,0,https://e-childschoolinfo.moe.go.kr/,2019년 1차 공시
KLOCAL-710c5518488064ab,인천당하초등학교병설유치원,2019,55,0,https://e-childschoolinfo.moe.go.kr/,2019년 1차 공시
KLOCAL-e939ece928361ded,인천도담초등학교병설유치원,2019,119,0,https://e-childschoolinfo.moe.go.kr/,2019년 1차 공시
KLOCAL-ddac7c3a8a0d5a08,인천마전초등학교병설유치원,2019,52,0,https://e-childschoolinfo.moe.go.kr/,2019년 1차 공시
KLOCAL-f4753e5542369632,인천목향초등학교병설유치원,2019,49,3,https://e-childschoolinfo.moe.go.kr/,2019년 1차 공시
KLOCAL-7d5c804848608a29,인천발산초등학교병설유치원,2019,70,0,https://e-childschoolinfo.moe.go.kr/,2019년 1차 공시
KLOCAL-f9046d59bd98116e,인천백석초등학교병설유치원,2019,68,0,https://e-childschoolinfo.moe.go.kr/,2019년 1차 공시
KLOCAL-d817fae7029ed452,인천봉수초등학교병설유치원,2019,34,0,https://e-childschoolinfo.moe.go.kr/,2019년 1차 공시
KLOCAL-9cedf6cf5469db38,인천봉화초등학교병설유치원,2019,23,0,https://e-childschoolinfo.moe.go.kr/,2019년 1차 공시
KLOCAL-1c92f7fa634fb5f3,인천불로초등학교병설유치원,2019,52,0,https://e-childschoolinfo.moe.go.kr/,2019년 1차 공시
KLOCAL-e67fb17cb81b7ac2,인천서현유치원,2019,196,11,https://e-childschoolinfo.moe.go.kr/,2019년 1차 공시
KLOCAL-2def53f46a779e53,인천석남초등학교병설유치원,2019,21,0,https://e-childschoolinfo.moe.go.kr/,2019년 1차 공시
KLOCAL-2da09589001a6ae4,인천신석초등학교병설유치원,2019,30,3,https://e-childschoolinfo.moe.go.kr/,2019년 1차 공시
KLOCAL-7e2349d1d3ce7603,인천신현북초등학교병설유치원,2019,28,0,https://e-childschoolinfo.moe.go.kr/,2019년 1차 공시
KLOCAL-6ab54af3a2193b78,인천양지초등학교병설유치원,2019,46,4,https://e-childschoolinfo.moe.go.kr/,2019년 1차 공시
KLOCAL-aa8da85a8f6b19b9,인천완정초등학교병설유치원,2019,72,0,https://e-childschoolinfo.moe.go.kr/,2019년 1차 공시
KLOCAL-0fdcd04de8b6ed6d,인천왕길초등학교병설유치원,2019,69,3,https://e-childschoolinfo.moe.go.kr/,2019년 1차 공시
KLOCAL-55058525ba8494ab,인천원당초등학교병설유치원,2019,56,0,https://e-childschoolinfo.moe.go.kr/,2019년 1차 공시
KLOCAL-4c7d06e164ffce6c,인천은지초등학교병설유치원,2019,65,0,https://e-childschoolinfo.moe.go.kr/,2019년 1차 공시
KLOCAL-1fd9f21caa124372,인천창신초등학교병설유치원,2019,70,0,https://e-childschoolinfo.moe.go.kr/,2019년 1차 공시
KLOCAL-df8423dbb089d99c,인천청라초등학교병설유치원,2019,98,0,https://e-childschoolinfo.moe.go.kr/,2019년 1차 공시
KLOCAL-55f85ae587a7a257,인천청람초등학교병설유치원,2019,99,0,https://e-childschoolinfo.moe.go.kr/,2019년 1차 공시
KLOCAL-1106537bcfb62fe4,인천청일초등학교병설유치원,2019,98,0,https://e-childschoolinfo.moe.go.kr/,2019년 1차 공시
KLOCAL-4a424ece4c3030f0,인천초은초등학교병설유치원,2019,98,0,https://e-childschoolinfo.moe.go.kr/,2019년 1차 공시
KLOCAL-bfe5172d21d17747,인천해원초등학교병설유치원,2019,98,0,https://e-childschoolinfo.moe.go.kr/,2019년 1차 공시
KLOCAL-136bbfeb0cacbeb0,일영유치원,2019,124,0,https://e-childschoolinfo.moe.go.kr/,2019년 1차 공시
KLOCAL-d8c137ce638ca39b,재은유치원,2019,106,0,https://e-childschoolinfo.moe.go.kr/,2019년 1차 공시
KLOCAL-960ae6297334b559,청라새싹유치원,2019,258,0,https://e-childschoolinfo.moe.go.kr/,2019년 1차 공시
KLOCAL-9c3128f86f9e804f,청라유치원,2019,198,11,https://e-childschoolinfo.moe.go.kr/,2019년 1차 공시
KLOCAL-287edcd5656c8d18,큰사랑유치원,2019,195,0,https://e-childschoolinfo.moe.go.kr/,2019년 1차 공시
KLOCAL-8550dfd9204474b8,프라임청라유치원,2019,249,0,https://e-childschoolinfo.moe.go.kr/,2019년 1차 공시
KLOCAL-6ea342592d10ee06,한샘유치원,2019,154,0,https://e-childschoolinfo.moe.go.kr/,2019년 1차 공시
KLOCAL-b06acf3f676e6db2,한우리유치원,2019,36,0,https://e-childschoolinfo.moe.go.kr/,2019년 1차 공시
KLOCAL-3c0aa6a5169882ee,한울유치원,2019,140,0,https://e-childschoolinfo.moe.go.kr/,2019년 1차 공시
KLOCAL-1f328ba143036bf8,해나라유치원,2019,237,0,https://e-childschoolinfo.moe.go.kr/,2019년 1차 공시
KLOCAL-ca7704409b2eeaf2,희망찬유치원,2019,72,0,https://e-childschoolinfo.moe.go.kr/,2019년 1차 공시
KLOCAL-cc7903a205c47f13,갑룡초등학교병설유치원,2020,58,4,https://e-childschoolinfo.moe.go.kr/,2020년 1차 공시
KLOCAL-dd6dbb2a34c3a048,강화유치원,2020,34,0,https://e-childschoolinfo.moe.go.kr/,2020년 1차 공시
KLOCAL-334e28e4065f3ab6,강화초등학교병설유치원,2020,22,0,https://e-childschoolinfo.moe.go.kr/,2020년 1차 공시
KLOCAL-c17af5dbcc9e77c7,교동초등학교병설유치원,2020,11,0,https://e-childschoolinfo.moe.go.kr/,2020년 1차 공시
KLOCAL-3c356c0a84207416,내가초등학교병설유치원,2020,9,0,https://e-childschoolinfo.moe.go.kr/,2020년 1차 공시
KLOCAL-f32b3f18c3c6667b,대월초등학교병설유치원,2020,21,0,https://e-childschoolinfo.moe.go.kr/,2020년 1차 공시
KLOCAL-51c6dc17a37cef2b,마니산유치원,2020,80,9,https://e-childschoolinfo.moe.go.kr/,2020년 1차 공시
KLOCAL-7463c2756c15c1d3,명신초등학교병설유치원,2020,5,0,https://e-childschoolinfo.moe.go.kr/,2020년 1차 공시
KLOCAL-a286fe75086d2d64,삼산초등학교병설유치원,2020,4,0,https://e-childschoolinfo.moe.go.kr/,2020년 1차 공시
KLOCAL-68fe2fb973df07e8,서도초등학교병설유치원,2020,1,0,https://e-childschoolinfo.moe.go.kr/,2020년 1차 공시
KLOCAL-5af4890425fbff3c,선원초등학교병설유치원,2020,33,0,https://e-childschoolinfo.moe.go.kr/,2020년 1차 공시
KLOCAL-08917b6afd819029,송해초등학교병설유치원,2020,7,0,https://e-childschoolinfo.moe.go.kr/,2020년 1차 공시
KLOCAL-a7c30c387636e4fd,양사초등학교병설유치원,2020,12,0,https://e-childschoolinfo.moe.go.kr/,2020년 1차 공시
KLOCAL-54a88136cf70c698,잠두유치원,2020,46,0,https://e-childschoolinfo.moe.go.kr/,2020년 1차 공시
KLOCAL-674ef65b6f0d148e,코끼리유치원,2020,92,0,https://e-childschoolinfo.moe.go.kr/,2020년 1차 공시
KLOCAL-67f73dfaccf6c54c,하점초등학교병설유치원,2020,10,0,https://e-childschoolinfo.moe.go.kr/,2020년 1차 공시
KLOCAL-edc78a00d15f9048,합일초등학교병설유치원,2020,14,4,https://e-childschoolinfo.moe.go.kr/,2020년 1차 공시
KLOCAL-2139f45193aa0f61,해명초등학교병설유치원,2020,7,0,https://e-childschoolinfo.moe.go.kr/,2020년 1차 공시
KLOCAL-eb061546857b8dda,건영유치원,2020,207,0,https://e-childschoolinfo.moe.go.kr/,2020년 1차 공시
KLOCAL-974da5ec0dd22c2e,국현유치원,2020,151,0,https://e-childschoolinfo.moe.go.kr/,2020년 1차 공시
KLOCAL-5d9f2a6b9a4b2843,그림나라유치원,2020,130,0,https://e-childschoolinfo.moe.go.kr/,2020년 1차 공시
KLOCAL-41f63dbead90187b,금호유치원,2020,142,0,https://e-childschoolinfo.moe.go.kr/,2020년 1차 공시
KLOCAL-58a55d858149cfe9,노벨유치원,2020,74,0,https://e-childschoolinfo.moe.go.kr/,2020년 1차 공시
KLOCAL-0cd7ba2a12988285,다솜유치원,2020,35,0,https://e-childschoolinfo.moe.go.kr/,2020년 1차 공시
KLOCAL-11084f843babf1c9,대청초등학교병설유치원,2020,4,0,https://e-childschoolinfo.moe.go.kr/,2020년 1차 공시
KLOCAL-10421b7c8f5899de,동원유치원,2020,143,0,https://e-childschoolinfo.moe.go.kr/,2020년 1차 공시
KLOCAL-0bbc0fac855a7b3e,뒤나미스유치원,2020,347,0,https://e-childschoolinfo.moe.go.kr/,2020년 1차 공시
KLOCAL-e07f49c66f43976c,리틀하버드유치원,2020,22,0,https://e-childschoolinfo.moe.go.kr/,2020년 1차 공시
KLOCAL-590c99bb86999b08,무지개유치원,2020,156,0,https://e-childschoolinfo.moe.go.kr/,2020년 1차 공시
KLOCAL-b2ef58c299ec5904,미주유치원,2020,184,0,https://e-childschoolinfo.moe.go.kr/,2020년 1차 공시
KLOCAL-85120f2449c7bce0,밀알유치원,2020,162,0,https://e-childschoolinfo.moe.go.kr/,2020년 1차 공시
KLOCAL-026d832c691d3ca0,박문유치원,2020,145,0,https://e-childschoolinfo.moe.go.kr/,2020년 1차 공시
KLOCAL-f53bd21b5a623669,반디유치원,2020,143,0,https://e-childschoolinfo.moe.go.kr/,2020년 1차 공시
KLOCAL-82eb89aae72bf48f,백령성모유치원,2020,30,0,https://e-childschoolinfo.moe.go.kr/,2020년 1차 공시
KLOCAL-449fffc16f64b212,북포초등학교병설유치원,2020,24,0,https://e-childschoolinfo.moe.go.kr/,2020년 1차 공시
KLOCAL-33bfc1608850fe4f,산새소리유치원,2020,40,0,https://e-childschoolinfo.moe.go.kr/,2020년 1차 공시
KLOCAL-95018410bf5fd937,성바오로유치원,2020,148,0,https://e-childschoolinfo.moe.go.kr/,2020년 1차 공시
KLOCAL-70a3bf4262c4bc52,세종유치원,2020,82,0,https://e-childschoolinfo.moe.go.kr/,2020년 1차 공시
KLOCAL-a5e3ec0a43d4f841,소라유치원,2020,201,0,https://e-childschoolinfo.moe.go.kr/,2020년 1차 공시
KLOCAL-77ee1fd2c433efee,소명유치원,2020,147,0,https://e-childschoolinfo.moe.go.kr/,2020년 1차 공시
KLOCAL-50565bd642260910,솔빛유치원,2020,159,0,https://e-childschoolinfo.moe.go.kr/,2020년 1차 공시
KLOCAL-fe0db0fed48025b0,솔샘유치원,2020,139,0,https://e-childschoolinfo.moe.go.kr/,2020년 1차 공시
KLOCAL-7e04553d125db319,송현유치원,2020,149,0,https://e-childschoolinfo.moe.go.kr/,2020년 1차 공시
KLOCAL-7f4baf8d3ec9cb63,숭의유치원,2020,89,0,https://e-childschoolinfo.moe.go.kr/,2020년 1차 공시
KLOCAL-f62067ae1c1de696,신동아유치원,2020,47,0,https://e-childschoolinfo.moe.go.kr/,2020년 1차 공시
KLOCAL-1dcb5b73dd15046b,연평초등학교병설유치원,2020,11,0,https://e-childschoolinfo.moe.go.kr/,2020년 1차 공시
KLOCAL-f57b640f7d2b17de,연흥유치원,2020,79,0,https://e-childschoolinfo.moe.go.kr/,2020년 1차 공시
KLOCAL-a7594966a338574e,영종유치원,2020,256,12,https://e-childschoolinfo.moe.go.kr/,2020년 1차 공시
KLOCAL-45fd24312e405c2b,영흥초등학교병설유치원,2020,7,0,https://e-childschoolinfo.moe.go.kr/,2020년 1차 공시
KLOCAL-00df819b46080269,예원유치원,2020,35,0,https://e-childschoolinfo.moe.go.kr/,2020년 1차 공시
KLOCAL-66a6f76a70617813,용화유치원,2020,153,0,https://e-childschoolinfo.moe.go.kr/,2020년 1차 공시
KLOCAL-0fea88de34bd253a,유원유치원,2020,88,0,https://e-childschoolinfo.moe.go.kr/,2020년 1차 공시
KLOCAL-d943654a91207e8e,이튼유치원,2020,250,0,https://e-childschoolinfo.moe.go.kr/,2020년 1차 공시
KLOCAL-e84b45bc48e038b0,이화유치원,2020,80,0,https://e-childschoolinfo.moe.go.kr/,2020년 1차 공시
KLOCAL-85f5756001b304e3,인천경원초등학교병설유치원,2020,49,0,https://e-childschoolinfo.moe.go.kr/,2020년 1차 공시
KLOCAL-c7b1ac02486e877e,인천공항유치원,2020,106,4,https://e-childschoolinfo.moe.go.kr/,2020년 1차 공시
KLOCAL-bf23f2ab98fbb26d,인천공항초등학교신도분교장병설유치원,2020,6,0,https://e-childschoolinfo.moe.go.kr/,2020년 1차 공시
KLOCAL-7c23e3e4581c56be,인천대화초등학교병설유치원,2020,25,0,https://e-childschoolinfo.moe.go.kr/,2020년 1차 공시
KLOCAL-d937eda4414c29ee,인천도화초등학교병설유치원,2020,45,4,https://e-childschoolinfo.moe.go.kr/,2020년 1차 공시
KLOCAL-f029b3c36cc10f46,인천만석초등학교병설유치원,2020,35,0,https://e-childschoolinfo.moe.go.kr/,2020년 1차 공시
KLOCAL-9d0fbf322e58c053,인천문학초등학교병설유치원,2020,22,0,https://e-childschoolinfo.moe.go.kr/,2020년 1차 공시
KLOCAL-9a6e8bc74511dd0d,인천삼목초등학교장봉분교장병설유치원,2020,4,0,https://e-childschoolinfo.moe.go.kr/,2020년 1차 공시
KLOCAL-4738008fa5ece47e,인천서림초등학교병설유치원,2020,42,0,https://e-childschoolinfo.moe.go.kr/,2020년 1차 공시
KLOCAL-cc95b8a776d508d8,인천서화초등학교병설유치원,2020,43,0,https://e-childschoolinfo.moe.go.kr/,2020년 1차 공시
KLOCAL-380ee7c054fafc91,인천서흥초등학교병설유치원,2020,34,0,https://e-childschoolinfo.moe.go.kr/,2020년 1차 공시
KLOCAL-46db3a7a96da1ce6,인천송림초등학교병설유치원,2020,20,4,https://e-childschoolinfo.moe.go.kr/,2020년 1차 공시
KLOCAL-951ec0e0cd988c8e,인천송월초등학교병설유치원,2020,4,0,https://e-childschoolinfo.moe.go.kr/,2020년 1차 공시
KLOCAL-73ccc783a23f0675,인천송현초등학교병설유치원,2020,31,0,https://e-childschoolinfo.moe.go.kr/,2020년 1차 공시
KLOCAL-b12b61fbba266e2a,인천숭의초등학교병설유치원,2020,24,0,https://e-childschoolinfo.moe.go.kr/,2020년 1차 공시
KLOCAL-8ba02afc753343e4,인천신선초등학교병설유치원,2020,33,0,https://e-childschoolinfo.moe.go.kr/,2020년 1차 공시
KLOCAL-2f2ce39905da65f8,인천신흥초등학교병설유치원,2020,14,0,https://e-childschoolinfo.moe.go.kr/,2020년 1차 공시
KLOCAL-74d6accdee6575bd,인천연안초등학교병설유치원,2020,55,0,https://e-childschoolinfo.moe.go.kr/,2020년 1차 공시
KLOCAL-f1560b9f1d29c37d,인천연학초등학교병설유치원,2020,21,0,https://e-childschoolinfo.moe.go.kr/,2020년 1차 공시
KLOCAL-1ddb144d8df27d87,인천영종초등학교병설유치원,2020,94,0,https://e-childschoolinfo.moe.go.kr/,2020년 1차 공시
KLOCAL-f49918d712180a3b,인천용유초등학교병설유치원,2020,12,0,https://e-childschoolinfo.moe.go.kr/,2020년 1차 공시
KLOCAL-dbac808d955ed351,인천용일초등학교병설유치원,2020,22,0,https://e-childschoolinfo.moe.go.kr/,2020년 1차 공시
KLOCAL-835ca4886f808119,인천용정초등학교병설유치원,2020,22,0,https://e-childschoolinfo.moe.go.kr/,2020년 1차 공시
KLOCAL-72edaafd1436ee88,인천용학초등학교병설유치원,2020,116,0,https://e-childschoolinfo.moe.go.kr/,2020년 1차 공시
KLOCAL-03906654ce1dfdb4,인천용현남초등학교자월분교장병설유치원,2020,2,0,https://e-childschoolinfo.moe.go.kr/,2020년 1차 공시
KLOCAL-331748ca3b141540,인천인주초등학교병설유치원,2020,21,0,https://e-childschoolinfo.moe.go.kr/,2020년 1차 공시
KLOCAL-1be9ec6cbd10709a,인천주안초등학교병설유치원,2020,36,3,https://e-childschoolinfo.moe.go.kr/,2020년 1차 공시
KLOCAL-b28bba23e63bc43f,인천중산초등학교병설유치원,2020,116,0,https://e-childschoolinfo.moe.go.kr/,2020년 1차 공시
KLOCAL-34cd4a3c1e5df434,인천창영초등학교병설유치원,2020,5,0,https://e-childschoolinfo.moe.go.kr/,2020년 1차 공시
KLOCAL-3caa8d6f764b16f7,인천하늘초등학교병설유치원,2020,67,0,https://e-childschoolinfo.moe.go.kr/,2020년 1차 공시
KLOCAL-78df8739d8df4799,인천학익초등학교병설유치원,2020,34,4,https://e-childschoolinfo.moe.go.kr/,2020년 1차 공시
KLOCAL-89a34f512aff0b8a,자유유치원,2020,118,35,https://e-childschoolinfo.moe.go.kr/,2020년 1차 공시
KLOCAL-7f0082a29bbc1873,재능대학교부속유치원,2020,205,0,https://e-childschoolinfo.moe.go.kr/,2020년 1차 공시
KLOCAL-b3e79d50babb2a89,지영유치원,2020,123,0,https://e-childschoolinfo.moe.go.kr/,2020년 1차 공시
KLOCAL-860b4fda06d66205,진흥유치원,2020,118,0,https://e-childschoolinfo.moe.go.kr/,2020년 1차 공시
KLOCAL-59488b5f10bd36dd,참빛유치원,2020,112,0,https://e-childschoolinfo.moe.go.kr/,2020년 1차 공시
KLOCAL-d3da11d9e1f412b4,초롱유치원,2020,93,0,https://e-childschoolinfo.moe.go.kr/,2020년 1차 공시
KLOCAL-72698116ed206e92,프라임건영유치원,2020,118,0,https://e-childschoolinfo.moe.go.kr/,2020년 1차 공시
KLOCAL-bfbf6ed15649f16b,하늘유치원,2020,68,0,https://e-childschoolinfo.moe.go.kr/,2020년 1차 공시
KLOCAL-5ef1a9f30587f281,한빛유치원,2020,133,0,https://e-childschoolinfo.moe.go.kr/,2020년 1차 공시
KLOCAL-5291bdaab4f312eb,한울유치원,2020,160,0,https://e-childschoolinfo.moe.go.kr/,2020년 1차 공시
KLOCAL-d55991545b9ca28f,해님나라유치원,2020,175,0,https://e-childschoolinfo.moe.go.kr/,2020년 1차 공시
KLOCAL-449480036ac79522,해승유치원,2020,87,0,https://e-childschoolinfo.moe.go.kr/,2020년 1차 공시
KLOCAL-d0c67b00714a002e,간석유치원,2020,52,0,https://e-childschoolinfo.moe.go.kr/,2020년 1차 공시
KLOCAL-3a978356c1843ba3,경희유치원,2020,211,0,https://e-childschoolinfo.moe.go.kr/,2020년 1차 공시
KLOCAL-5369696c6d615b3e,글로벌나래유치원,2020,208,0,https://e-childschoolinfo.moe.go.kr/,2020년 1차 공시
KLOCAL-fe703725d8c5c670,글로벌레인보우유치원,2020,572,0,https://e-childschoolinfo.moe.go.kr/,2020년 1차 공시
KLOCAL-bfd71f3d423988a5,기암유치원,2020,91,0,https://e-childschoolinfo.moe.go.kr/,2020년 1차 공시
KLOCAL-251be2946e3f2e1e,꿈동산유치원,2020,177,0,https://e-childschoolinfo.moe.go.kr/,2020년 1차 공시
KLOCAL-8178a2810111b4ae,꿈의보람유치원,2020,63,0,https://e-childschoolinfo.moe.go.kr/,2020년 1차 공시
KLOCAL-033a97f22a8d5674,논현유치원,2020,102,8,https://e-childschoolinfo.moe.go.kr/,2020년 1차 공시
KLOCAL-d5c54935ca8ff71b,다샘유치원,2020,75,0,https://e-childschoolinfo.moe.go.kr/,2020년 1차 공시
KLOCAL-b71f83339bbf6c7f,다슬기유치원,2020,68,0,https://e-childschoolinfo.moe.go.kr/,2020년 1차 공시
KLOCAL-6daf1b262c32a08c,동심유치원,2020,189,0,https://e-childschoolinfo.moe.go.kr/,2020년 1차 공시
KLOCAL-63399426933f9ae4,동화나라유치원,2020,112,0,https://e-childschoolinfo.moe.go.kr/,2020년 1차 공시
KLOCAL-f00d9d321a9f4277,딩동댕유치원,2020,224,0,https://e-childschoolinfo.moe.go.kr/,2020년 1차 공시
KLOCAL-65f18e0f28637028,미상지유치원,2020,142,0,https://e-childschoolinfo.moe.go.kr/,2020년 1차 공시
KLOCAL-c4161023af71f7b8,미예뜰유치원,2020,165,0,https://e-childschoolinfo.moe.go.kr/,2020년 1차 공시
KLOCAL-fd52787ce68b9cc4,바다의별유치원,2020,139,0,https://e-childschoolinfo.moe.go.kr/,2020년 1차 공시
KLOCAL-4db1d0730f341b82,반디유치원,2020,276,0,https://e-childschoolinfo.moe.go.kr/,2020년 1차 공시
KLOCAL-4a0dd0e09f7c170a,복자유치원,2020,200,0,https://e-childschoolinfo.moe.go.kr/,2020년 1차 공시
KLOCAL-a13484cce102c7ad,부광예능유치원,2020,62,0,https://e-childschoolinfo.moe.go.kr/,2020년 1차 공시
KLOCAL-8623b37927321be0,부광유치원,2020,74,0,https://e-childschoolinfo.moe.go.kr/,2020년 1차 공시
KLOCAL-7e915f13c355f440,브레인유치원,2020,183,0,https://e-childschoolinfo.moe.go.kr/,2020년 1차 공시
KLOCAL-12d27bc6e1660e9d,사랑유치원,2020,135,0,https://e-childschoolinfo.moe.go.kr/,2020년 1차 공시
KLOCAL-100df6af0fea38c9,삼성유치원,2020,103,0,https://e-childschoolinfo.moe.go.kr/,2020년 1차 공시
KLOCAL-6676c2bcefece192,새싹유치원,2020,122,0,https://e-childschoolinfo.moe.go.kr/,2020년 1차 공시
KLOCAL-107a8c06c18f2a60,새예지유치원,2020,150,0,https://e-childschoolinfo.moe.go.kr/,2020년 1차 공시
KLOCAL-43f7ad8ac4fd97b4,새인예유치원,2020,60,0,https://e-childschoolinfo.moe.go.kr/,2020년 1차 공시
KLOCAL-f79433e81215e45b,새하늘유치원,2020,50,0,https://e-childschoolinfo.moe.go.kr/,2020년 1차 공시
KLOCAL-ee92f238c00ca8b5,샤인유치원,2020,204,0,https://e-childschoolinfo.moe.go.kr/,2020년 1차 공시
KLOCAL-44786c27116da614,성광유치원,2020,94,0,https://e-childschoolinfo.moe.go.kr/,2020년 1차 공시
KLOCAL-a1b3d1bb7ec36c47,소나무유치원,2020,93,0,https://e-childschoolinfo.moe.go.kr/,2020년 1차 공시
KLOCAL-67e0c5eb116913d6,소담숲유치원,2020,147,0,https://e-childschoolinfo.moe.go.kr/,2020년 1차 공시
KLOCAL-e47e237956c9037b,송도국제유치원,2020,495,0,https://e-childschoolinfo.moe.go.kr/,2020년 1차 공시
KLOCAL-4d24c45e629f00af,수피아유치원,2020,143,0,https://e-childschoolinfo.moe.go.kr/,2020년 1차 공시
KLOCAL-fd832db87ee2afb4,숲속의유치원,2020,119,0,https://e-childschoolinfo.moe.go.kr/,2020년 1차 공시
KLOCAL-f591f4da9fb6832b,신도유치원,2020,60,0,https://e-childschoolinfo.moe.go.kr/,2020년 1차 공시
KLOCAL-369a4964372d4b20,신명유치원,2020,54,0,https://e-childschoolinfo.moe.go.kr/,2020년 1차 공시
KLOCAL-c8f2705298b07183,아름솔유치원,2020,150,0,https://e-childschoolinfo.moe.go.kr/,2020년 1차 공시
KLOCAL-ff3c969cd7af6837,아삽유치원,2020,77,0,https://e-childschoolinfo.moe.go.kr/,2020년 1차 공시
KLOCAL-1375cec9fea0c803,아이웰유치원,2020,47,0,https://e-childschoolinfo.moe.go.kr/,2020년 1차 공시
KLOCAL-2c8aa292f224503d,아이큰별유치원,2020,197,0,https://e-childschoolinfo.moe.go.kr/,2020년 1차 공시
KLOCAL-34fbb34c9c9f34c7,에듀피아유치원,2020,326,0,https://e-childschoolinfo.moe.go.kr/,2020년 1차 공시
KLOCAL-e436b88a780add2c,에이스화인유치원,2020,391,0,https://e-childschoolinfo.moe.go.kr/,2020년 1차 공시
KLOCAL-f9f166dfa9308d05,엘림유치원,2020,142,0,https://e-childschoolinfo.moe.go.kr/,2020년 1차 공시
KLOCAL-778bc903de10783e,연수유치원,2020,104,0,https://e-childschoolinfo.moe.go.kr/,2020년 1차 공시
KLOCAL-e939c200a4db1777,영보유치원,2020,164,0,https://e-childschoolinfo.moe.go.kr/,2020년 1차 공시
KLOCAL-117cde7db840a10e,예다원유치원,2020,324,0,https://e-childschoolinfo.moe.go.kr/,2020년 1차 공시
KLOCAL-d9ad116e2003fd1e,예진유치원,2020,52,0,https://e-childschoolinfo.moe.go.kr/,2020년 1차 공시
KLOCAL-a73becd81df8c04e,온누리비전유치원,2020,99,0,https://e-childschoolinfo.moe.go.kr/,2020년 1차 공시
KLOCAL-2b73eb96ef811bfa,유석화유치원,2020,187,0,https://e-childschoolinfo.moe.go.kr/,2020년 1차 공시
KLOCAL-41ab9125b086444d,유엔유치원,2020,350,0,https://e-childschoolinfo.moe.go.kr/,2020년 1차 공시
KLOCAL-6cc247e473a0dd94,인보유치원,2020,76,0,https://e-childschoolinfo.moe.go.kr/,2020년 1차 공시
KLOCAL-28e854d271c0e8e1,인천간석초등학교병설유치원,2020,55,3,https://e-childschoolinfo.moe.go.kr/,2020년 1차 공시
KLOCAL-bb78c900eca43f09,인천고잔유치원,2020,126,8,https://e-childschoolinfo.moe.go.kr/,2020년 1차 공시
KLOCAL-34f51f462724b79d,인천고잔초등학교병설유치원,2020,75,0,https://e-childschoolinfo.moe.go.kr/,2020년 1차 공시
KLOCAL-90f24a9a996ac511,인천구월서초등학교병설유치원,2020,13,0,https://e-childschoolinfo.moe.go.kr/,2020년 1차 공시
KLOCAL-c3820bd9125fc45b,인천구월유치원,2020,186,12,https://e-childschoolinfo.moe.go.kr/,2020년 1차 공시
KLOCAL-f7865938c34c572d,인천남촌초등학교병설유치원,2020,14,0,https://e-childschoolinfo.moe.go.kr/,2020년 1차 공시
KLOCAL-fc233c4e719c1c84,인천논곡초등학교병설유치원,2020,20,4,https://e-childschoolinfo.moe.go.kr/,2020년 1차 공시
KLOCAL-394d164ed7bec392,인천도림초등학교병설유치원,2020,33,0,https://e-childschoolinfo.moe.go.kr/,2020년 1차 공시
KLOCAL-c450a0dccff7fa8a,인천동방초등학교병설유치원,2020,60,0,https://e-childschoolinfo.moe.go.kr/,2020년 1차 공시
KLOCAL-d0880bc91ea3a11c,인천동부초등학교병설유치원,2020,13,0,https://e-childschoolinfo.moe.go.kr/,2020년 1차 공시
KLOCAL-32d3ae6b63e1b618,인천동춘초등학교병설유치원,2020,52,0,https://e-childschoolinfo.moe.go.kr/,2020년 1차 공시
KLOCAL-f03b39efeda7c1e2,인천만수초등학교병설유치원,2020,20,0,https://e-childschoolinfo.moe.go.kr/,2020년 1차 공시
KLOCAL-ef25cce87a4a5a4a,인천만월초등학교병설유치원,2020,64,0,https://e-childschoolinfo.moe.go.kr/,2020년 1차 공시
KLOCAL-7cd8621a409ee80e,인천먼우금초등학교병설유치원,2020,57,0,https://e-childschoolinfo.moe.go.kr/,2020년 1차 공시
KLOCAL-9e1ecde17b4153f9,인천명선초등학교병설유치원,2020,65,0,https://e-childschoolinfo.moe.go.kr/,2020년 1차 공시
KLOCAL-5a6e8949c07c2398,인천미송초등학교병설유치원,2020,116,0,https://e-childschoolinfo.moe.go.kr/,2020년 1차 공시
KLOCAL-b77a1bafb9d14dde,인천사리울초등학교병설유치원,2020,55,0,https://e-childschoolinfo.moe.go.kr/,2020년 1차 공시
KLOCAL-fda225ae2869cf69,인천상아초등학교병설유치원,2020,71,0,https://e-childschoolinfo.moe.go.kr/,2020년 1차 공시
KLOCAL-a13112ed33df123c,인천서창초등학교병설유치원,2020,49,0,https://e-childschoolinfo.moe.go.kr/,2020년 1차 공시
KLOCAL-7b02766e15ef5760,인천성리초등학교병설유치원,2020,7,0,https://e-childschoolinfo.moe.go.kr/,2020년 1차 공시
KLOCAL-10682fedb5eb5c47,인천소래초등학교병설유치원,2020,67,0,https://e-childschoolinfo.moe.go.kr/,2020년 1차 공시
KLOCAL-4eab697aec7ffe81,인천송명초등학교병설유치원,2020,75,0,https://e-childschoolinfo.moe.go.kr/,2020년 1차 공시
KLOCAL-278a27da1c51475e,인천송원초등학교병설유치원,2020,67,0,https://e-childschoolinfo.moe.go.kr/,2020년 1차 공시
KLOCAL-c0b666f4a95885af,인천송일초등학교병설유치원,2020,107,0,https://e-childschoolinfo.moe.go.kr/,2020년 1차 공시
KLOCAL-f9615dc5f6bb8ee0,인천신송초등학교병설유치원,2020,97,0,https://e-childschoolinfo.moe.go.kr/,2020년 1차 공시
KLOCAL-217d5f1aa8131427,인천신월초등학교병설유치원,2020,25,4,https://e-childschoolinfo.moe.go.kr/,2020년 1차 공시
KLOCAL-1519f421f42d9d8a,인천신정초등학교병설유치원,2020,65,3,https://e-childschoolinfo.moe.go.kr/,2020년 1차 공시
KLOCAL-7d6ec0482027aa78,인천예송유치원,2020,255,12,https://e-childschoolinfo.moe.go.kr/,2020년 1차 공시
KLOCAL-e6f561eea690e9ea,인천예송초등학교병설유치원,2020,112,4,https://e-childschoolinfo.moe.go.kr/,2020년 1차 공시
KLOCAL-c71d186619793815,인천원동초등학교병설유치원,2020,67,0,https://e-childschoolinfo.moe.go.kr/,2020년 1차 공시
KLOCAL-b97d990836849b04,인천은송초등학교병설유치원,2020,89,4,https://e-childschoolinfo.moe.go.kr/,2020년 1차 공시
KLOCAL-96cfe3734dfe7f6f,인천인동초등학교병설유치원,2020,50,0,https://e-childschoolinfo.moe.go.kr/,2020년 1차 공시
KLOCAL-f2b56eb375536aa8,인천장도초등학교병설유치원,2020,48,0,https://e-childschoolinfo.moe.go.kr/,2020년 1차 공시
KLOCAL-6f2e5971d64c0765,인천장서초등학교병설유치원,2020,111,0,https://e-childschoolinfo.moe.go.kr/,2020년 1차 공시
KLOCAL-1cba793eaad3af21,인천장수초등학교병설유치원,2020,35,0,https://e-childschoolinfo.moe.go.kr/,2020년 1차 공시
KLOCAL-439127f6b925d297,인천장아초등학교병설유치원,2020,87,0,https://e-childschoolinfo.moe.go.kr/,2020년 1차 공시
KLOCAL-0d94659e002bb7af,인천정각초등학교병설유치원,2020,94,4,https://e-childschoolinfo.moe.go.kr/,2020년 1차 공시
KLOCAL-abb50af7d2260f86,인천주원초등학교병설유치원,2020,35,0,https://e-childschoolinfo.moe.go.kr/,2020년 1차 공시
KLOCAL-61114cb3327df41f,인천첨단초등학교병설유치원,2020,116,0,https://e-childschoolinfo.moe.go.kr/,2020년 1차 공시
KLOCAL-bf2a1d84ff1f0be4,인천청학초등학교병설유치원,2020,28,0,https://e-childschoolinfo.moe.go.kr/,2020년 1차 공시
KLOCAL-8e56ade33984c867,인천축현초등학교병설유치원,2020,43,0,https://e-childschoolinfo.moe.go.kr/,2020년 1차 공시
KLOCAL-dc5e4c9a4f7a45e8,인천한빛초등학교병설유치원,2020,93,0,https://e-childschoolinfo.moe.go.kr/,2020년 1차 공시
KLOCAL-18b3e8f4c6c007f3,인천해송초등학교병설유치원,2020,62,4,https://e-childschoolinfo.moe.go.kr/,2020년 1차 공시
KLOCAL-a243e71bda61eb84,자연발도르프유치원,2020,147,0,https://e-childschoolinfo.moe.go.kr/,2020년 1차 공시
KLOCAL-5797361de35b1d37,작은꽃예능유치원,2020,133,0,https://e-childschoolinfo.moe.go.kr/,2020년 1차 공시
KLOCAL-89210c1d0d118cbb,제니스유치원,2020,321,0,https://e-childschoolinfo.moe.go.kr/,2020년 1차 공시
KLOCAL-d1f974afc89b04e4,조은유치원,2020,45,0,https://e-childschoolinfo.moe.go.kr/,2020년 1차 공시
KLOCAL-118ab21d4295eddf,진명유치원,2020,58,0,https://e-childschoolinfo.moe.go.kr/,2020년 1차 공시
KLOCAL-5f898a9cc2711bd4,참아름유치원,2020,169,0,https://e-childschoolinfo.moe.go.kr/,2020년 1차 공시
KLOCAL-2b07c33dd5f30eca,참조은유치원,2020,155,0,https://e-childschoolinfo.moe.go.kr/,2020년 1차 공시
KLOCAL-ae41e29b3e0ee2d0,청담숲유치원,2020,94,0,https://e-childschoolinfo.moe.go.kr/,2020년 1차 공시
KLOCAL-cb0f3434a75d79da,청송유치원,2020,160,0,https://e-childschoolinfo.moe.go.kr/,2020년 1차 공시
KLOCAL-700c16dffdf23664,청학숲유치원,2020,131,0,https://e-childschoolinfo.moe.go.kr/,2020년 1차 공시
KLOCAL-1fcc5bb819b6a357,큰별유치원,2020,153,0,https://e-childschoolinfo.moe.go.kr/,2020년 1차 공시
KLOCAL-f9c23299c9f29c92,키즈월드유치원,2020,93,0,https://e-childschoolinfo.moe.go.kr/,2020년 1차 공시
KLOCAL-b9a00b06c19a5b27,푸른마을유치원,2020,169,0,https://e-childschoolinfo.moe.go.kr/,2020년 1차 공시
KLOCAL-a0b7cbe5a91d6fc3,프라임명지유치원,2020,184,0,https://e-childschoolinfo.moe.go.kr/,2020년 1차 공시
KLOCAL-3267d41d2d4da711,프라임예지유치원,2020,379,0,https://e-childschoolinfo.moe.go.kr/,2020년 1차 공시
KLOCAL-28e51f0551b2fcfd,하늘땅유치원,2020,266,0,https://e-childschoolinfo.moe.go.kr/,2020년 1차 공시
KLOCAL-3bbfd5ed25e38ec1,한빛유치원,2020,41,0,https://e-childschoolinfo.moe.go.kr/,2020년 1차 공시
KLOCAL-6730ff03a24b1db6,한솔유치원,2020,45,0,https://e-childschoolinfo.moe.go.kr/,2020년 1차 공시
KLOCAL-872cb8b8d014505e,한울유치원,2020,51,0,https://e-childschoolinfo.moe.go.kr/,2020년 1차 공시
KLOCAL-c24174173a80af5d,해나라유치원,2020,120,0,https://e-childschoolinfo.moe.go.kr/,2020년 1차 공시
KLOCAL-9fd7e2d0a4c711bb,해돋이유치원,2020,14,0,https://e-childschoolinfo.moe.go.kr/,2020년 1차 공시
KLOCAL-03eaab4ac9dbb6a3,해승유치원,2020,112,0,https://e-childschoolinfo.moe.go.kr/,2020년 1차 공시
KLOCAL-1fd3e98881a11318,해와달유치원,2020,82,0,https://e-childschoolinfo.moe.go.kr/,2020년 1차 공시
KLOCAL-25a0b873b3438607,행복한유치원,2020,88,0,https://e-childschoolinfo.moe.go.kr/,2020년 1차 공시
KLOCAL-799d3765effdf6c9,The큰빛유치원,2020,238,0,https://e-childschoolinfo.moe.go.kr/,2020년 1차 공시
KLOCAL-bf4a58b2949b1422,경인여자대학교부속유치원,2020,139,0,https://e-childschoolinfo.moe.go.kr/,2020년 1차 공시
KLOCAL-ec9c24186f6f3b8f,경희동화나라유치원,2020,101,0,https://e-childschoolinfo.moe.go.kr/,2020년 1차 공시
KLOCAL-aa56465393a9dbf8,계양유치원,2020,57,0,https://e-childschoolinfo.moe.go.kr/,2020년 1차 공시
KLOCAL-000e957d3ab6431c,근산유치원,2020,253,0,https://e-childschoolinfo.moe.go.kr/,2020년 1차 공시
KLOCAL-8ed8228b0a070bd1,꿈나라유치원,2020,128,0,https://e-childschoolinfo.moe.go.kr/,2020년 1차 공시
KLOCAL-10a79f1b1d9bbd9f,꿈나무유치원,2020,60,0,https://e-childschoolinfo.moe.go.kr/,2020년 1차 공시
KLOCAL-820463ae379873df,노틀담유치원,2020,50,0,https://e-childschoolinfo.moe.go.kr/,2020년 1차 공시
KLOCAL-79bf4736d22026e1,대동유치원,2020,91,0,https://e-childschoolinfo.moe.go.kr/,2020년 1차 공시
KLOCAL-4d4340c9fc828cb1,동심유치원,2020,122,0,https://e-childschoolinfo.moe.go.kr/,2020년 1차 공시
KLOCAL-d35107fb247c2293,드림유치원,2020,247,0,https://e-childschoolinfo.moe.go.kr/,2020년 1차 공시
KLOCAL-8dd20cefda1ca1a9,마리아유치원,2020,112,0,https://e-childschoolinfo.moe.go.kr/,2020년 1차 공시
KLOCAL-1b4643e77630943f,무지개유치원,2020,180,0,https://e-childschoolinfo.moe.go.kr/,2020년 1차 공시
KLOCAL-d6dfad898c1c6e59,미래유치원,2020,113,0,https://e-childschoolinfo.moe.go.kr/,2020년 1차 공시
KLOCAL-b1ebeb063c6b35bf,밀알유치원,2020,166,0,https://e-childschoolinfo.moe.go.kr/,2020년 1차 공시
KLOCAL-4fc071e233a4b10e,보나유치원,2020,201,0,https://e-childschoolinfo.moe.go.kr/,2020년 1차 공시
KLOCAL-cec3aed5db587e4f,보람유치원,2020,154,0,https://e-childschoolinfo.moe.go.kr/,2020년 1차 공시
KLOCAL-c23244892488770c,산곡유치원,2020,168,0,https://e-childschoolinfo.moe.go.kr/,2020년 1차 공시
KLOCAL-89f989b3e811883f,산들유치원,2020,86,0,https://e-childschoolinfo.moe.go.kr/,2020년 1차 공시
KLOCAL-d8bc2d350c1a4b3f,삼산유치원,2020,79,12,https://e-childschoolinfo.moe.go.kr/,2020년 1차 공시
KLOCAL-e9f605efb8473d0b,상아유치원,2020,79,0,https://e-childschoolinfo.moe.go.kr/,2020년 1차 공시
KLOCAL-a038d3e4ea578813,새빛솔금유치원,2020,142,0,https://e-childschoolinfo.moe.go.kr/,2020년 1차 공시
KLOCAL-7db8731930533c91,서해유치원,2020,68,0,https://e-childschoolinfo.moe.go.kr/,2020년 1차 공시
KLOCAL-f75e1b7433faa86d,석화유치원,2020,95,0,https://e-childschoolinfo.moe.go.kr/,2020년 1차 공시
KLOCAL-2f487e44a994a758,성심유치원,2020,111,0,https://e-childschoolinfo.moe.go.kr/,2020년 1차 공시
KLOCAL-9f6aa62c8072b43d,성아유치원,2020,52,0,https://e-childschoolinfo.moe.go.kr/,2020년 1차 공시
KLOCAL-ad69756960486f7d,숲속유치원,2020,125,0,https://e-childschoolinfo.moe.go.kr/,2020년 1차 공시
KLOCAL-93134beb67614dd4,아란유치원,2020,135,0,https://e-childschoolinfo.moe.go.kr/,2020년 1차 공시
KLOCAL-61028cac96a381f0,양지유치원,2020,91,0,https://e-childschoolinfo.moe.go.kr/,2020년 1차 공시
KLOCAL-1e0f6cb24019a829,엄지유치원,2020,72,0,https://e-childschoolinfo.moe.go.kr/,2020년 1차 공시
KLOCAL-a9d87dc7c78bb460,에코프라임유치원,2020,89,0,https://e-childschoolinfo.moe.go.kr/,2020년 1차 공시
KLOCAL-52870ab69b81e458,엔젤유치원,2020,13,0,https://e-childschoolinfo.moe.go.kr/,2020년 1차 공시
KLOCAL-b40f58f5747ed00c,연세유치원,2020,98,0,https://e-childschoolinfo.moe.go.kr/,2020년 1차 공시
KLOCAL-a75ab82d043d1d3c,열림유치원,2020,108,0,https://e-childschoolinfo.moe.go.kr/,2020년 1차 공시
KLOCAL-b9f9b3b6acb3e646,열우물유치원,2020,51,0,https://e-childschoolinfo.moe.go.kr/,2020년 1차 공시
KLOCAL-1923165e7aafe096,영광유치원,2020,182,0,https://e-childschoolinfo.moe.go.kr/,2020년 1차 공시
KLOCAL-2dec811cf063913d,예그랑유치원,2020,53,0,https://e-childschoolinfo.moe.go.kr/,2020년 1차 공시
KLOCAL-28fe79464ba28534,예림유치원,2020,62,0,https://e-childschoolinfo.moe.go.kr/,2020년 1차 공시
KLOCAL-56a50a91ae4989cb,예소담유치원,2020,120,0,https://e-childschoolinfo.moe.go.kr/,2020년 1차 공시
KLOCAL-dbea3b1337a43ee7,예원유치원,2020,175,0,https://e-childschoolinfo.moe.go.kr/,2020년 1차 공시
KLOCAL-b160ba4a3527af43,은현유치원,2020,115,0,https://e-childschoolinfo.moe.go.kr/,2020년 1차 공시
KLOCAL-ab518cb95e2f0dd1,은혜유치원,2020,16,0,https://e-childschoolinfo.moe.go.kr/,2020년 1차 공시
KLOCAL-06aad668ba6db02c,이노필유치원,2020,33,0,https://e-childschoolinfo.moe.go.kr/,2020년 1차 공시
KLOCAL-314ae4685daf3578,이든유치원,2020,125,0,https://e-childschoolinfo.moe.go.kr/,2020년 1차 공시
KLOCAL-2a7e08fead8ef96b,이바유치원,2020,93,0,https://e-childschoolinfo.moe.go.kr/,2020년 1차 공시
KLOCAL-d50e97c5d449d3e1,이화유치원,2020,116,0,https://e-childschoolinfo.moe.go.kr/,2020년 1차 공시
KLOCAL-00d7d85e52a053a8,인천갈월초등학교병설유치원,2020,45,0,https://e-childschoolinfo.moe.go.kr/,2020년 1차 공시
KLOCAL-02221618c55c5603,인천계양초등학교병설유치원,2020,67,0,https://e-childschoolinfo.moe.go.kr/,2020년 1차 공시
KLOCAL-795e68028ccfe327,인천굴포초등학교병설유치원,2020,63,4,https://e-childschoolinfo.moe.go.kr/,2020년 1차 공시
KLOCAL-2e27b0337e9883ca,인천귤현초등학교병설유치원,2020,66,0,https://e-childschoolinfo.moe.go.kr/,2020년 1차 공시
KLOCAL-528dcc8ceefc1f83,인천금마초등학교병설유치원,2020,43,4,https://e-childschoolinfo.moe.go.kr/,2020년 1차 공시
KLOCAL-5d2374027a21efe0,인천길주초등학교병설유치원,2020,47,0,https://e-childschoolinfo.moe.go.kr/,2020년 1차 공시
KLOCAL-0fab6c92ee3a52d6,인천당산초등학교병설유치원,2020,62,0,https://e-childschoolinfo.moe.go.kr/,2020년 1차 공시
KLOCAL-36fdf3552e15dcd7,인천동암초등학교병설유치원,2020,10,0,https://e-childschoolinfo.moe.go.kr/,2020년 1차 공시
KLOCAL-fa0b23e1b953919a,인천마곡초등학교병설유치원,2020,15,4,https://e-childschoolinfo.moe.go.kr/,2020년 1차 공시
KLOCAL-4dfa29d594589afd,인천명현초등학교병설유치원,2020,31,0,https://e-childschoolinfo.moe.go.kr/,2020년 1차 공시
KLOCAL-2ee6cf805dfe4f3f,인천미산초등학교병설유치원,2020,36,0,https://e-childschoolinfo.moe.go.kr/,2020년 1차 공시
KLOCAL-245e760a0802fd93,인천백운초등학교병설유치원,2020,36,0,https://e-childschoolinfo.moe.go.kr/,2020년 1차 공시
KLOCAL-7738df6499839a0d,인천부개서초등학교병설유치원,2020,23,0,https://e-childschoolinfo.moe.go.kr/,2020년 1차 공시
KLOCAL-43e30ed66f88da53,인천부개초등학교병설유치원,2020,16,0,https://e-childschoolinfo.moe.go.kr/,2020년 1차 공시
KLOCAL-549b4c127ea514d3,인천부광초등학교병설유치원,2020,14,0,https://e-childschoolinfo.moe.go.kr/,2020년 1차 공시
KLOCAL-106cec12938f9093,인천부마초등학교병설유치원,2020,59,8,https://e-childschoolinfo.moe.go.kr/,2020년 1차 공시
KLOCAL-5b76fc7bb28b95d2,인천부원초등학교병설유치원,2020,66,0,https://e-childschoolinfo.moe.go.kr/,2020년 1차 공시
KLOCAL-1b7dad99867a6eaf,인천부일초등학교병설유치원,2020,62,4,https://e-childschoolinfo.moe.go.kr/,2020년 1차 공시
KLOCAL-ebb7f219b7dc3c02,인천부평남초등학교병설유치원,2020,25,0,https://e-childschoolinfo.moe.go.kr/,2020년 1차 공시
KLOCAL-7268e62cbbfb14b0,인천부평동초등학교병설유치원,2020,42,4,https://e-childschoolinfo.moe.go.kr/,2020년 1차 공시
KLOCAL-e7025d490b504a01,인천부평북초등학교병설유치원,2020,31,4,https://e-childschoolinfo.moe.go.kr/,2020년 1차 공시
KLOCAL-ccc93f34c68fe601,인천부평서초등학교병설유치원,2020,17,0,https://e-childschoolinfo.moe.go.kr/,2020년 1차 공시
KLOCAL-036b8dcaab889693,인천부현초등학교병설유치원,2020,20,0,https://e-childschoolinfo.moe.go.kr/,2020년 1차 공시
KLOCAL-c2742aa23baa310a,인천산곡초등학교병설유치원,2020,28,0,https://e-childschoolinfo.moe.go.kr/,2020년 1차 공시
KLOCAL-249efd582bc3c17a,인천상정초등학교병설유치원,2020,17,2,https://e-childschoolinfo.moe.go.kr/,2020년 1차 공시
KLOCAL-f772a80f44ffb1a0,인천서운초등학교병설유치원,2020,9,0,https://e-childschoolinfo.moe.go.kr/,2020년 1차 공시
KLOCAL-fec14b51fc4d9297,인천성지초등학교병설유치원,2020,33,3,https://e-childschoolinfo.moe.go.kr/,2020년 1차 공시
KLOCAL-92309078310854ad,인천소양초등학교병설유치원,2020,25,0,https://e-childschoolinfo.moe.go.kr/,2020년 1차 공시
KLOCAL-8a55755e2e4733cb,인천십정초등학교병설유치원,2020,8,0,https://e-childschoolinfo.moe.go.kr/,2020년 1차 공시
KLOCAL-7de363a40d49f18a,인천안남초등학교병설유치원,2020,50,11,https://e-childschoolinfo.moe.go.kr/,2020년 1차 공시
KLOCAL-1e7e2df89b52dc62,인천안산초등학교병설유치원,2020,29,0,https://e-childschoolinfo.moe.go.kr/,2020년 1차 공시
KLOCAL-b0f87221d172f370,인천양촌초등학교병설유치원,2020,55,0,https://e-childschoolinfo.moe.go.kr/,2020년 1차 공시
KLOCAL-d59c3c131dfc2700,인천영선초등학교병설유치원,2020,47,0,https://e-childschoolinfo.moe.go.kr/,2020년 1차 공시
KLOCAL-01a5916f0b28e44c,인천용마초등학교병설유치원,2020,37,0,https://e-childschoolinfo.moe.go.kr/,2020년 1차 공시
KLOCAL-56debb39372c4ba0,인천진산초등학교병설유치원,2020,59,0,https://e-childschoolinfo.moe.go.kr/,2020년 1차 공시
KLOCAL-281c2fad3f04d06c,인천한길초등학교병설유치원,2020,47,0,https://e-childschoolinfo.moe.go.kr/,2020년 1차 공시
KLOCAL-dcebf30aba91b8e1,인천해서초등학교병설유치원,2020,17,2,https://e-childschoolinfo.moe.go.kr/,2020년 1차 공시
KLOCAL-896263eeca0cb24e,인천화전유치원,2020,114,11,https://e-childschoolinfo.moe.go.kr/,2020년 1차 공시
KLOCAL-a458fa05dd151711,인천후정초등학교병설유치원,2020,65,0,https://e-childschoolinfo.moe.go.kr/,2020년 1차 공시
KLOCAL-96f9aeb465d9c1aa,자연과아이들유치원,2020,61,0,https://e-childschoolinfo.moe.go.kr/,2020년 1차 공시
KLOCAL-e340aa37ee0b17d0,자연유치원,2020,104,0,https://e-childschoolinfo.moe.go.kr/,2020년 1차 공시
KLOCAL-3e7958b6a4d50a61,정민유치원,2020,153,0,https://e-childschoolinfo.moe.go.kr/,2020년 1차 공시
KLOCAL-bfc36b4ee580645c,정원유치원,2020,89,0,https://e-childschoolinfo.moe.go.kr/,2020년 1차 공시
KLOCAL-008b28233ec0cee2,청담유치원,2020,93,0,https://e-childschoolinfo.moe.go.kr/,2020년 1차 공시
KLOCAL-a2d75433658bba16,청송유치원,2020,34,0,https://e-childschoolinfo.moe.go.kr/,2020년 1차 공시
KLOCAL-0308f9e9a9e42dfd,청원유치원,2020,117,0,https://e-childschoolinfo.moe.go.kr/,2020년 1차 공시
KLOCAL-3a53daf795aebc01,프렌즈유치원,2020,96,0,https://e-childschoolinfo.moe.go.kr/,2020년 1차 공시
KLOCAL-3604491d53b601b4,한빛유치원,2020,44,0,https://e-childschoolinfo.moe.go.kr/,2020년 1차 공시
KLOCAL-ace02cf4887a0b04,해마루유치원,2020,91,0,https://e-childschoolinfo.moe.go.kr/,2020년 1차 공시
KLOCAL-c8f91a641f618071,해승유치원,2020,97,0,https://e-childschoolinfo.moe.go.kr/,2020년 1차 공시
KLOCAL-410831a720cf17a1,햇살유치원,2020,113,0,https://e-childschoolinfo.moe.go.kr/,2020년 1차 공시
KLOCAL-db47790fb79ebb49,현대유치원,2020,75,0,https://e-childschoolinfo.moe.go.kr/,2020년 1차 공시
KLOCAL-624dd65d9a69a6fd,홍익유치원,2020,92,0,https://e-childschoolinfo.moe.go.kr/,2020년 1차 공시
KLOCAL-d4bd51f655c7d518,경서유치원,2020,192,0,https://e-childschoolinfo.moe.go.kr/,2020년 1차 공시
KLOCAL-85ad7b101c5863a9,경인무지개유치원,2020,19,0,https://e-childschoolinfo.moe.go.kr/,2020년 1차 공시
KLOCAL-8a9b86e4d794522b,꼬마정원유치원,2020,187,0,https://e-childschoolinfo.moe.go.kr/,2020년 1차 공시
KLOCAL-6fa4617437939184,꿈드림유치원,2020,33,0,https://e-childschoolinfo.moe.go.kr/,2020년 1차 공시
KLOCAL-c3dd9c1d20fd07e2,다은유치원,2020,283,0,https://e-childschoolinfo.moe.go.kr/,2020년 1차 공시
KLOCAL-bf9218e3aa324e42,동진유치원,2020,75,0,https://e-childschoolinfo.moe.go.kr/,2020년 1차 공시
KLOCAL-b3e032dc919c404c,드림유치원,2020,369,0,https://e-childschoolinfo.moe.go.kr/,2020년 1차 공시
KLOCAL-9c183b9823ea39ea,리라유치원,2020,49,0,https://e-childschoolinfo.moe.go.kr/,2020년 1차 공시
KLOCAL-d73e3aece4b7ed2b,명문유치원,2020,78,0,https://e-childschoolinfo.moe.go.kr/,2020년 1차 공시
KLOCAL-8e217d7a0b8a977c,무지개유치원,2020,90,0,https://e-childschoolinfo.moe.go.kr/,2020년 1차 공시
KLOCAL-09b87808b6cff7fd,미일유치원,2020,106,0,https://e-childschoolinfo.moe.go.kr/,2020년 1차 공시
KLOCAL-25824987347b89df,바다유치원,2020,64,0,https://e-childschoolinfo.moe.go.kr/,2020년 1차 공시
KLOCAL-c97c061a2c04c5cd,뿌리유치원,2020,75,0,https://e-childschoolinfo.moe.go.kr/,2020년 1차 공시
KLOCAL-e7b2e54679f46271,사랑나무유치원,2020,21,0,https://e-childschoolinfo.moe.go.kr/,2020년 1차 공시
KLOCAL-9caec56ae5d4653c,사랑샘유치원,2020,356,0,https://e-childschoolinfo.moe.go.kr/,2020년 1차 공시
KLOCAL-d19a0e7bb3217421,산새소리유치원,2020,228,0,https://e-childschoolinfo.moe.go.kr/,2020년 1차 공시
KLOCAL-266ed741dd996b8d,산울림유치원,2020,70,0,https://e-childschoolinfo.moe.go.kr/,2020년 1차 공시
KLOCAL-660f3e0dcf70c20f,새한신유치원,2020,145,0,https://e-childschoolinfo.moe.go.kr/,2020년 1차 공시
KLOCAL-3e73ad45d397e6b0,세라유치원,2020,225,0,https://e-childschoolinfo.moe.go.kr/,2020년 1차 공시
KLOCAL-5f31278c2ab82f0a,아림유치원,2020,159,0,https://e-childschoolinfo.moe.go.kr/,2020년 1차 공시
KLOCAL-7b4637c902db7d09,아이사랑유치원,2020,241,0,https://e-childschoolinfo.moe.go.kr/,2020년 1차 공시
KLOCAL-d4ce0dfb265b45db,에녹유치원,2020,51,0,https://e-childschoolinfo.moe.go.kr/,2020년 1차 공시
KLOCAL-23e886f24f770204,엔젤유치원,2020,122,0,https://e-childschoolinfo.moe.go.kr/,2020년 1차 공시
KLOCAL-a86f6ae287b18882,연희유치원,2020,110,0,https://e-childschoolinfo.moe.go.kr/,2020년 1차 공시
KLOCAL-7a8ef99aafe1ff7b,예빛유치원,2020,179,0,https://e-childschoolinfo.moe.go.kr/,2020년 1차 공시
KLOCAL-97068fb68321a483,예인유치원,2020,52,0,https://e-childschoolinfo.moe.go.kr/,2020년 1차 공시
KLOCAL-432cd97ec470568e,예일유치원,2020,169,0,https://e-childschoolinfo.moe.go.kr/,2020년 1차 공시
KLOCAL-696372f793199769,예지유치원,2020,163,0,https://e-childschoolinfo.moe.go.kr/,2020년 1차 공시
KLOCAL-3e82cc8bc9518c92,은하유치원,2020,171,0,https://e-childschoolinfo.moe.go.kr/,2020년 1차 공시
KLOCAL-983aa403f4eb6fb5,이화유치원,2020,44,0,https://e-childschoolinfo.moe.go.kr/,2020년 1차 공시
KLOCAL-3c3f330218751057,인천가림초등학교병설유치원,2020,33,4,https://e-childschoolinfo.moe.go.kr/,2020년 1차 공시
KLOCAL-1b478ca1f5cbe41e,인천가원초등학교병설유치원,2020,88,4,https://e-childschoolinfo.moe.go.kr/,2020년 1차 공시
KLOCAL-8f015ad565f90f24,인천가정초등학교병설유치원,2020,41,0,https://e-childschoolinfo.moe.go.kr/,2020년 1차 공시
KLOCAL-0b89b3cbc388c8d7,인천가현초등학교병설유치원,2020,67,0,https://e-childschoolinfo.moe.go.kr/,2020년 1차 공시
KLOCAL-d17bb226ab52939f,인천간재울초등학교병설유치원,2020,43,0,https://e-childschoolinfo.moe.go.kr/,2020년 1차 공시
KLOCAL-0867a880c4b46df2,인천건지초등학교병설유치원,2020,33,9,https://e-childschoolinfo.moe.go.kr/,2020년 1차 공시
KLOCAL-ad2e055c24bd547e,인천검단초등학교병설유치원,2020,57,0,https://e-childschoolinfo.moe.go.kr/,2020년 1차 공시
KLOCAL-262e10d1e210408c,인천검암유치원,2020,91,8,https://e-childschoolinfo.moe.go.kr/,2020년 1차 공시
KLOCAL-0af8f94d48e29a3b,인천경명초등학교병설유치원,2020,93,0,https://e-childschoolinfo.moe.go.kr/,2020년 1차 공시
KLOCAL-daa57df0a81440cd,인천경서초등학교병설유치원,2020,66,0,https://e-childschoolinfo.moe.go.kr/,2020년 1차 공시
KLOCAL-ba11a51bc0806260,인천경연초등학교병설유치원,2020,65,0,https://e-childschoolinfo.moe.go.kr/,2020년 1차 공시
KLOCAL-c2e4523109105612,인천공촌초등학교병설유치원,2020,31,0,https://e-childschoolinfo.moe.go.kr/,2020년 1차 공시
KLOCAL-6a31f4d9b5c5f65d,인천금곡초등학교병설유치원,2020,60,3,https://e-childschoolinfo.moe.go.kr/,2020년 1차 공시
KLOCAL-382a4eb638edccdb,인천능내초등학교병설유치원,2020,49,0,https://e-childschoolinfo.moe.go.kr/,2020년 1차 공시
KLOCAL-de70b1ea59f110a7,인천단봉초등학교병설유치원,2020,103,0,https://e-childschoolinfo.moe.go.kr/,2020년 1차 공시
KLOCAL-710c5518488064ab,인천당하초등학교병설유치원,2020,44,0,https://e-childschoolinfo.moe.go.kr/,2020년 1차 공시
KLOCAL-e939ece928361ded,인천도담초등학교병설유치원,2020,116,0,https://e-childschoolinfo.moe.go.kr/,2020년 1차 공시
KLOCAL-ddac7c3a8a0d5a08,인천마전초등학교병설유치원,2020,48,0,https://e-childschoolinfo.moe.go.kr/,2020년 1차 공시
KLOCAL-f4753e5542369632,인천목향초등학교병설유치원,2020,38,3,https://e-childschoolinfo.moe.go.kr/,2020년 1차 공시
KLOCAL-7d5c804848608a29,인천발산초등학교병설유치원,2020,67,0,https://e-childschoolinfo.moe.go.kr/,2020년 1차 공시
KLOCAL-f9046d59bd98116e,인천백석초등학교병설유치원,2020,67,0,https://e-childschoolinfo.moe.go.kr/,2020년 1차 공시
KLOCAL-d817fae7029ed452,인천봉수초등학교병설유치원,2020,36,0,https://e-childschoolinfo.moe.go.kr/,2020년 1차 공시
KLOCAL-9cedf6cf5469db38,인천봉화초등학교병설유치원,2020,9,0,https://e-childschoolinfo.moe.go.kr/,2020년 1차 공시
KLOCAL-1c92f7fa634fb5f3,인천불로초등학교병설유치원,2020,49,0,https://e-childschoolinfo.moe.go.kr/,2020년 1차 공시
KLOCAL-7eca59cf2b27adeb,인천서곶초등학교병설유치원,2020,28,0,https://e-childschoolinfo.moe.go.kr/,2020년 1차 공시
KLOCAL-e67fb17cb81b7ac2,인천서현유치원,2020,189,12,https://e-childschoolinfo.moe.go.kr/,2020년 1차 공시
KLOCAL-2def53f46a779e53,인천석남초등학교병설유치원,2020,8,0,https://e-childschoolinfo.moe.go.kr/,2020년 1차 공시
KLOCAL-2da09589001a6ae4,인천신석초등학교병설유치원,2020,18,4,https://e-childschoolinfo.moe.go.kr/,2020년 1차 공시
KLOCAL-7e2349d1d3ce7603,인천신현북초등학교병설유치원,2020,15,0,https://e-childschoolinfo.moe.go.kr/,2020년 1차 공시
KLOCAL-6ab54af3a2193b78,인천양지초등학교병설유치원,2020,37,4,https://e-childschoolinfo.moe.go.kr/,2020년 1차 공시
KLOCAL-aa8da85a8f6b19b9,인천완정초등학교병설유치원,2020,75,0,https://e-childschoolinfo.moe.go.kr/,2020년 1차 공시
KLOCAL-0fdcd04de8b6ed6d,인천왕길초등학교병설유치원,2020,64,3,https://e-childschoolinfo.moe.go.kr/,2020년 1차 공시
KLOCAL-55058525ba8494ab,인천원당초등학교병설유치원,2020,60,0,https://e-childschoolinfo.moe.go.kr/,2020년 1차 공시
KLOCAL-4c7d06e164ffce6c,인천은지초등학교병설유치원,2020,66,0,https://e-childschoolinfo.moe.go.kr/,2020년 1차 공시
KLOCAL-1fd9f21caa124372,인천창신초등학교병설유치원,2020,64,0,https://e-childschoolinfo.moe.go.kr/,2020년 1차 공시
KLOCAL-df8423dbb089d99c,인천청라초등학교병설유치원,2020,93,0,https://e-childschoolinfo.moe.go.kr/,2020년 1차 공시
KLOCAL-55f85ae587a7a257,인천청람초등학교병설유치원,2020,93,0,https://e-childschoolinfo.moe.go.kr/,2020년 1차 공시
KLOCAL-1106537bcfb62fe4,인천청일초등학교병설유치원,2020,93,0,https://e-childschoolinfo.moe.go.kr/,2020년 1차 공시
KLOCAL-4a424ece4c3030f0,인천초은초등학교병설유치원,2020,93,0,https://e-childschoolinfo.moe.go.kr/,2020년 1차 공시
KLOCAL-bfe5172d21d17747,인천해원초등학교병설유치원,2020,93,0,https://e-childschoolinfo.moe.go.kr/,2020년 1차 공시
KLOCAL-136bbfeb0cacbeb0,일영유치원,2020,141,0,https://e-childschoolinfo.moe.go.kr/,2020년 1차 공시
KLOCAL-d8c137ce638ca39b,재은유치원,2020,104,0,https://e-childschoolinfo.moe.go.kr/,2020년 1차 공시
KLOCAL-960ae6297334b559,청라새싹유치원,2020,298,0,https://e-childschoolinfo.moe.go.kr/,2020년 1차 공시
KLOCAL-9c3128f86f9e804f,청라유치원,2020,189,11,https://e-childschoolinfo.moe.go.kr/,2020년 1차 공시
KLOCAL-287edcd5656c8d18,큰사랑유치원,2020,186,0,https://e-childschoolinfo.moe.go.kr/,2020년 1차 공시
KLOCAL-8550dfd9204474b8,프라임청라유치원,2020,290,0,https://e-childschoolinfo.moe.go.kr/,2020년 1차 공시
KLOCAL-6ea342592d10ee06,한샘유치원,2020,125,0,https://e-childschoolinfo.moe.go.kr/,2020년 1차 공시
KLOCAL-3c0aa6a5169882ee,한울유치원,2020,151,0,https://e-childschoolinfo.moe.go.kr/,2020년 1차 공시
KLOCAL-1f328ba143036bf8,해나라유치원,2020,259,0,https://e-childschoolinfo.moe.go.kr/,2020년 1차 공시
KLOCAL-ca7704409b2eeaf2,희망찬유치원,2020,78,0,https://e-childschoolinfo.moe.go.kr/,2020년 1차 공시
KLOCAL-cc7903a205c47f13,갑룡초등학교병설유치원,2021,50,3,https://e-childschoolinfo.moe.go.kr/,2021년 1차 공시
KLOCAL-dd6dbb2a34c3a048,강화유치원,2021,34,0,https://e-childschoolinfo.moe.go.kr/,2021년 1차 공시
KLOCAL-334e28e4065f3ab6,강화초등학교병설유치원,2021,15,0,https://e-childschoolinfo.moe.go.kr/,2021년 1차 공시
KLOCAL-c17af5dbcc9e77c7,교동초등학교병설유치원,2021,4,0,https://e-childschoolinfo.moe.go.kr/,2021년 1차 공시
KLOCAL-3c356c0a84207416,내가초등학교병설유치원,2021,10,0,https://e-childschoolinfo.moe.go.kr/,2021년 1차 공시
KLOCAL-f32b3f18c3c6667b,대월초등학교병설유치원,2021,13,0,https://e-childschoolinfo.moe.go.kr/,2021년 1차 공시
KLOCAL-51c6dc17a37cef2b,마니산유치원,2021,63,10,https://e-childschoolinfo.moe.go.kr/,2021년 1차 공시
KLOCAL-7463c2756c15c1d3,명신초등학교병설유치원,2021,4,0,https://e-childschoolinfo.moe.go.kr/,2021년 1차 공시
KLOCAL-a286fe75086d2d64,삼산초등학교병설유치원,2021,6,0,https://e-childschoolinfo.moe.go.kr/,2021년 1차 공시
KLOCAL-68fe2fb973df07e8,서도초등학교병설유치원,2021,3,0,https://e-childschoolinfo.moe.go.kr/,2021년 1차 공시
KLOCAL-5af4890425fbff3c,선원초등학교병설유치원,2021,31,0,https://e-childschoolinfo.moe.go.kr/,2021년 1차 공시
KLOCAL-08917b6afd819029,송해초등학교병설유치원,2021,8,0,https://e-childschoolinfo.moe.go.kr/,2021년 1차 공시
KLOCAL-a7c30c387636e4fd,양사초등학교병설유치원,2021,9,0,https://e-childschoolinfo.moe.go.kr/,2021년 1차 공시
KLOCAL-54a88136cf70c698,잠두유치원,2021,49,0,https://e-childschoolinfo.moe.go.kr/,2021년 1차 공시
KLOCAL-674ef65b6f0d148e,코끼리유치원,2021,93,0,https://e-childschoolinfo.moe.go.kr/,2021년 1차 공시
KLOCAL-67f73dfaccf6c54c,하점초등학교병설유치원,2021,8,0,https://e-childschoolinfo.moe.go.kr/,2021년 1차 공시
KLOCAL-edc78a00d15f9048,합일초등학교병설유치원,2021,9,4,https://e-childschoolinfo.moe.go.kr/,2021년 1차 공시
KLOCAL-2139f45193aa0f61,해명초등학교병설유치원,2021,12,0,https://e-childschoolinfo.moe.go.kr/,2021년 1차 공시
KLOCAL-eb061546857b8dda,건영유치원,2021,206,0,https://e-childschoolinfo.moe.go.kr/,2021년 1차 공시
KLOCAL-974da5ec0dd22c2e,국현유치원,2021,134,0,https://e-childschoolinfo.moe.go.kr/,2021년 1차 공시
KLOCAL-5d9f2a6b9a4b2843,그림나라유치원,2021,114,0,https://e-childschoolinfo.moe.go.kr/,2021년 1차 공시
KLOCAL-41f63dbead90187b,금호유치원,2021,140,0,https://e-childschoolinfo.moe.go.kr/,2021년 1차 공시
KLOCAL-58a55d858149cfe9,노벨유치원,2021,69,0,https://e-childschoolinfo.moe.go.kr/,2021년 1차 공시
KLOCAL-0cd7ba2a12988285,다솜유치원,2021,40,0,https://e-childschoolinfo.moe.go.kr/,2021년 1차 공시
KLOCAL-11084f843babf1c9,대청초등학교병설유치원,2021,7,0,https://e-childschoolinfo.moe.go.kr/,2021년 1차 공시
KLOCAL-10421b7c8f5899de,동원유치원,2021,178,0,https://e-childschoolinfo.moe.go.kr/,2021년 1차 공시
KLOCAL-0bbc0fac855a7b3e,뒤나미스유치원,2021,358,0,https://e-childschoolinfo.moe.go.kr/,2021년 1차 공시
KLOCAL-e07f49c66f43976c,리틀하버드유치원,2021,15,0,https://e-childschoolinfo.moe.go.kr/,2021년 1차 공시
KLOCAL-590c99bb86999b08,무지개유치원,2021,137,0,https://e-childschoolinfo.moe.go.kr/,2021년 1차 공시
KLOCAL-b2ef58c299ec5904,미주유치원,2021,185,0,https://e-childschoolinfo.moe.go.kr/,2021년 1차 공시
KLOCAL-85120f2449c7bce0,밀알유치원,2021,213,0,https://e-childschoolinfo.moe.go.kr/,2021년 1차 공시
KLOCAL-026d832c691d3ca0,박문유치원,2021,138,0,https://e-childschoolinfo.moe.go.kr/,2021년 1차 공시
KLOCAL-f53bd21b5a623669,반디유치원,2021,141,0,https://e-childschoolinfo.moe.go.kr/,2021년 1차 공시
KLOCAL-82eb89aae72bf48f,백령성모유치원,2021,27,0,https://e-childschoolinfo.moe.go.kr/,2021년 1차 공시
KLOCAL-449fffc16f64b212,북포초등학교병설유치원,2021,19,0,https://e-childschoolinfo.moe.go.kr/,2021년 1차 공시
KLOCAL-33bfc1608850fe4f,산새소리유치원,2021,28,0,https://e-childschoolinfo.moe.go.kr/,2021년 1차 공시
KLOCAL-95018410bf5fd937,성바오로유치원,2021,149,0,https://e-childschoolinfo.moe.go.kr/,2021년 1차 공시
KLOCAL-70a3bf4262c4bc52,세종유치원,2021,73,0,https://e-childschoolinfo.moe.go.kr/,2021년 1차 공시
KLOCAL-a5e3ec0a43d4f841,소라유치원,2021,189,0,https://e-childschoolinfo.moe.go.kr/,2021년 1차 공시
KLOCAL-77ee1fd2c433efee,소명유치원,2021,132,0,https://e-childschoolinfo.moe.go.kr/,2021년 1차 공시
KLOCAL-50565bd642260910,솔빛유치원,2021,162,0,https://e-childschoolinfo.moe.go.kr/,2021년 1차 공시
KLOCAL-fe0db0fed48025b0,솔샘유치원,2021,144,0,https://e-childschoolinfo.moe.go.kr/,2021년 1차 공시
KLOCAL-7e04553d125db319,송현유치원,2021,122,0,https://e-childschoolinfo.moe.go.kr/,2021년 1차 공시
KLOCAL-7f4baf8d3ec9cb63,숭의유치원,2021,81,0,https://e-childschoolinfo.moe.go.kr/,2021년 1차 공시
KLOCAL-f62067ae1c1de696,신동아유치원,2021,34,0,https://e-childschoolinfo.moe.go.kr/,2021년 1차 공시
KLOCAL-1dcb5b73dd15046b,연평초등학교병설유치원,2021,13,0,https://e-childschoolinfo.moe.go.kr/,2021년 1차 공시
KLOCAL-f57b640f7d2b17de,연흥유치원,2021,72,0,https://e-childschoolinfo.moe.go.kr/,2021년 1차 공시
KLOCAL-a7594966a338574e,영종유치원,2021,245,12,https://e-childschoolinfo.moe.go.kr/,2021년 1차 공시
KLOCAL-45fd24312e405c2b,영흥초등학교병설유치원,2021,8,0,https://e-childschoolinfo.moe.go.kr/,2021년 1차 공시
KLOCAL-00df819b46080269,예원유치원,2021,25,0,https://e-childschoolinfo.moe.go.kr/,2021년 1차 공시
KLOCAL-66a6f76a70617813,용화유치원,2021,148,0,https://e-childschoolinfo.moe.go.kr/,2021년 1차 공시
KLOCAL-0fea88de34bd253a,유원유치원,2021,93,0,https://e-childschoolinfo.moe.go.kr/,2021년 1차 공시
KLOCAL-d943654a91207e8e,이튼유치원,2021,231,0,https://e-childschoolinfo.moe.go.kr/,2021년 1차 공시
KLOCAL-e84b45bc48e038b0,이화유치원,2021,33,0,https://e-childschoolinfo.moe.go.kr/,2021년 1차 공시
KLOCAL-85f5756001b304e3,인천경원초등학교병설유치원,2021,49,0,https://e-childschoolinfo.moe.go.kr/,2021년 1차 공시
KLOCAL-c7b1ac02486e877e,인천공항유치원,2021,87,4,https://e-childschoolinfo.moe.go.kr/,2021년 1차 공시
KLOCAL-bf23f2ab98fbb26d,인천공항초등학교신도분교장병설유치원,2021,7,0,https://e-childschoolinfo.moe.go.kr/,2021년 1차 공시
KLOCAL-7c23e3e4581c56be,인천대화초등학교병설유치원,2021,20,0,https://e-childschoolinfo.moe.go.kr/,2021년 1차 공시
KLOCAL-d937eda4414c29ee,인천도화초등학교병설유치원,2021,44,4,https://e-childschoolinfo.moe.go.kr/,2021년 1차 공시
KLOCAL-f029b3c36cc10f46,인천만석초등학교병설유치원,2021,22,0,https://e-childschoolinfo.moe.go.kr/,2021년 1차 공시
KLOCAL-9d0fbf322e58c053,인천문학초등학교병설유치원,2021,12,0,https://e-childschoolinfo.moe.go.kr/,2021년 1차 공시
KLOCAL-6a49f1cfda01f663,인천별빛초등학교병설유치원,2021,86,4,https://e-childschoolinfo.moe.go.kr/,2021년 1차 공시
KLOCAL-9a6e8bc74511dd0d,인천삼목초등학교장봉분교장병설유치원,2021,3,0,https://e-childschoolinfo.moe.go.kr/,2021년 1차 공시
KLOCAL-4738008fa5ece47e,인천서림초등학교병설유치원,2021,34,0,https://e-childschoolinfo.moe.go.kr/,2021년 1차 공시
KLOCAL-cc95b8a776d508d8,인천서화초등학교병설유치원,2021,61,0,https://e-childschoolinfo.moe.go.kr/,2021년 1차 공시
KLOCAL-380ee7c054fafc91,인천서흥초등학교병설유치원,2021,29,0,https://e-childschoolinfo.moe.go.kr/,2021년 1차 공시
KLOCAL-46db3a7a96da1ce6,인천송림초등학교병설유치원,2021,17,4,https://e-childschoolinfo.moe.go.kr/,2021년 1차 공시
KLOCAL-951ec0e0cd988c8e,인천송월초등학교병설유치원,2021,3,0,https://e-childschoolinfo.moe.go.kr/,2021년 1차 공시
KLOCAL-73ccc783a23f0675,인천송현초등학교병설유치원,2021,21,0,https://e-childschoolinfo.moe.go.kr/,2021년 1차 공시
KLOCAL-b12b61fbba266e2a,인천숭의초등학교병설유치원,2021,26,0,https://e-childschoolinfo.moe.go.kr/,2021년 1차 공시
KLOCAL-8ba02afc753343e4,인천신선초등학교병설유치원,2021,33,0,https://e-childschoolinfo.moe.go.kr/,2021년 1차 공시
KLOCAL-2f2ce39905da65f8,인천신흥초등학교병설유치원,2021,20,0,https://e-childschoolinfo.moe.go.kr/,2021년 1차 공시
KLOCAL-74d6accdee6575bd,인천연안초등학교병설유치원,2021,43,0,https://e-childschoolinfo.moe.go.kr/,2021년 1차 공시
KLOCAL-f1560b9f1d29c37d,인천연학초등학교병설유치원,2021,22,0,https://e-childschoolinfo.moe.go.kr/,2021년 1차 공시
KLOCAL-1ddb144d8df27d87,인천영종초등학교병설유치원,2021,64,0,https://e-childschoolinfo.moe.go.kr/,2021년 1차 공시
KLOCAL-f49918d712180a3b,인천용유초등학교병설유치원,2021,9,0,https://e-childschoolinfo.moe.go.kr/,2021년 1차 공시
KLOCAL-dbac808d955ed351,인천용일초등학교병설유치원,2021,30,0,https://e-childschoolinfo.moe.go.kr/,2021년 1차 공시
KLOCAL-835ca4886f808119,인천용정초등학교병설유치원,2021,15,0,https://e-childschoolinfo.moe.go.kr/,2021년 1차 공시
KLOCAL-72edaafd1436ee88,인천용학초등학교병설유치원,2021,109,0,https://e-childschoolinfo.moe.go.kr/,2021년 1차 공시
KLOCAL-03906654ce1dfdb4,인천용현남초등학교자월분교장병설유치원,2021,5,0,https://e-childschoolinfo.moe.go.kr/,2021년 1차 공시
KLOCAL-331748ca3b141540,인천인주초등학교병설유치원,2021,10,0,https://e-childschoolinfo.moe.go.kr/,2021년 1차 공시
KLOCAL-1be9ec6cbd10709a,인천주안초등학교병설유치원,2021,17,3,https://e-childschoolinfo.moe.go.kr/,2021년 1차 공시
KLOCAL-b28bba23e63bc43f,인천중산초등학교병설유치원,2021,108,0,https://e-childschoolinfo.moe.go.kr/,2021년 1차 공시
KLOCAL-34cd4a3c1e5df434,인천창영초등학교병설유치원,2021,5,0,https://e-childschoolinfo.moe.go.kr/,2021년 1차 공시
KLOCAL-3caa8d6f764b16f7,인천하늘초등학교병설유치원,2021,56,0,https://e-childschoolinfo.moe.go.kr/,2021년 1차 공시
KLOCAL-78df8739d8df4799,인천학익초등학교병설유치원,2021,20,4,https://e-childschoolinfo.moe.go.kr/,2021년 1차 공시
KLOCAL-89a34f512aff0b8a,자유유치원,2021,108,33,https://e-childschoolinfo.moe.go.kr/,2021년 1차 공시
KLOCAL-7f0082a29bbc1873,재능대학교부속유치원,2021,203,0,https://e-childschoolinfo.moe.go.kr/,2021년 1차 공시
KLOCAL-b3e79d50babb2a89,지영유치원,2021,120,0,https://e-childschoolinfo.moe.go.kr/,2021년 1차 공시
KLOCAL-860b4fda06d66205,진흥유치원,2021,112,0,https://e-childschoolinfo.moe.go.kr/,2021년 1차 공시
KLOCAL-59488b5f10bd36dd,참빛유치원,2021,105,0,https://e-childschoolinfo.moe.go.kr/,2021년 1차 공시
KLOCAL-d3da11d9e1f412b4,초롱유치원,2021,72,0,https://e-childschoolinfo.moe.go.kr/,2021년 1차 공시
KLOCAL-72698116ed206e92,프라임건영유치원,2021,118,0,https://e-childschoolinfo.moe.go.kr/,2021년 1차 공시
KLOCAL-bfbf6ed15649f16b,하늘유치원,2021,66,0,https://e-childschoolinfo.moe.go.kr/,2021년 1차 공시
KLOCAL-5ef1a9f30587f281,한빛유치원,2021,133,0,https://e-childschoolinfo.moe.go.kr/,2021년 1차 공시
KLOCAL-5291bdaab4f312eb,한울유치원,2021,141,0,https://e-childschoolinfo.moe.go.kr/,2021년 1차 공시
KLOCAL-d55991545b9ca28f,해님나라유치원,2021,172,0,https://e-childschoolinfo.moe.go.kr/,2021년 1차 공시
KLOCAL-449480036ac79522,해승유치원,2021,75,0,https://e-childschoolinfo.moe.go.kr/,2021년 1차 공시
KLOCAL-d0c67b00714a002e,간석유치원,2021,43,0,https://e-childschoolinfo.moe.go.kr/,2021년 1차 공시
KLOCAL-3a978356c1843ba3,경희유치원,2021,200,0,https://e-childschoolinfo.moe.go.kr/,2021년 1차 공시
KLOCAL-fe703725d8c5c670,글로벌레인보우유치원,2021,566,0,https://e-childschoolinfo.moe.go.kr/,2021년 1차 공시
KLOCAL-bfd71f3d423988a5,기암유치원,2021,72,0,https://e-childschoolinfo.moe.go.kr/,2021년 1차 공시
KLOCAL-251be2946e3f2e1e,꿈동산유치원,2021,177,0,https://e-childschoolinfo.moe.go.kr/,2021년 1차 공시
KLOCAL-8178a2810111b4ae,꿈의보람유치원,2021,51,0,https://e-childschoolinfo.moe.go.kr/,2021년 1차 공시
KLOCAL-033a97f22a8d5674,논현유치원,2021,97,8,https://e-childschoolinfo.moe.go.kr/,2021년 1차 공시
KLOCAL-d5c54935ca8ff71b,다샘유치원,2021,66,0,https://e-childschoolinfo.moe.go.kr/,2021년 1차 공시
KLOCAL-b71f83339bbf6c7f,다슬기유치원,2021,64,0,https://e-childschoolinfo.moe.go.kr/,2021년 1차 공시
KLOCAL-6daf1b262c32a08c,동심유치원,2021,173,0,https://e-childschoolinfo.moe.go.kr/,2021년 1차 공시
KLOCAL-63399426933f9ae4,동화나라유치원,2021,104,0,https://e-childschoolinfo.moe.go.kr/,2021년 1차 공시
KLOCAL-f00d9d321a9f4277,딩동댕유치원,2021,206,0,https://e-childschoolinfo.moe.go.kr/,2021년 1차 공시
KLOCAL-65f18e0f28637028,미상지유치원,2021,140,0,https://e-childschoolinfo.moe.go.kr/,2021년 1차 공시
KLOCAL-c4161023af71f7b8,미예뜰유치원,2021,142,0,https://e-childschoolinfo.moe.go.kr/,2021년 1차 공시
KLOCAL-fd52787ce68b9cc4,바다의별유치원,2021,139,0,https://e-childschoolinfo.moe.go.kr/,2021년 1차 공시
KLOCAL-4db1d0730f341b82,반디유치원,2021,208,0,https://e-childschoolinfo.moe.go.kr/,2021년 1차 공시
KLOCAL-4a0dd0e09f7c170a,복자유치원,2021,166,0,https://e-childschoolinfo.moe.go.kr/,2021년 1차 공시
KLOCAL-a13484cce102c7ad,부광예능유치원,2021,82,0,https://e-childschoolinfo.moe.go.kr/,2021년 1차 공시
KLOCAL-8623b37927321be0,부광유치원,2021,60,0,https://e-childschoolinfo.moe.go.kr/,2021년 1차 공시
KLOCAL-7e915f13c355f440,브레인유치원,2021,192,0,https://e-childschoolinfo.moe.go.kr/,2021년 1차 공시
KLOCAL-12d27bc6e1660e9d,사랑유치원,2021,123,0,https://e-childschoolinfo.moe.go.kr/,2021년 1차 공시
KLOCAL-100df6af0fea38c9,삼성유치원,2021,96,0,https://e-childschoolinfo.moe.go.kr/,2021년 1차 공시
KLOCAL-6676c2bcefece192,새싹유치원,2021,122,0,https://e-childschoolinfo.moe.go.kr/,2021년 1차 공시
KLOCAL-107a8c06c18f2a60,새예지유치원,2021,138,0,https://e-childschoolinfo.moe.go.kr/,2021년 1차 공시
KLOCAL-43f7ad8ac4fd97b4,새인예유치원,2021,53,0,https://e-childschoolinfo.moe.go.kr/,2021년 1차 공시
KLOCAL-f79433e81215e45b,새하늘유치원,2021,53,0,https://e-childschoolinfo.moe.go.kr/,2021년 1차 공시
KLOCAL-ee92f238c00ca8b5,샤인유치원,2021,207,0,https://e-childschoolinfo.moe.go.kr/,2021년 1차 공시
KLOCAL-44786c27116da614,성광유치원,2021,75,0,https://e-childschoolinfo.moe.go.kr/,2021년 1차 공시
KLOCAL-a1b3d1bb7ec36c47,소나무유치원,2021,97,0,https://e-childschoolinfo.moe.go.kr/,2021년 1차 공시
KLOCAL-67e0c5eb116913d6,소담숲유치원,2021,145,0,https://e-childschoolinfo.moe.go.kr/,2021년 1차 공시
KLOCAL-e47e237956c9037b,송도국제유치원,2021,505,0,https://e-childschoolinfo.moe.go.kr/,2021년 1차 공시
KLOCAL-4d24c45e629f00af,수피아유치원,2021,114,0,https://e-childschoolinfo.moe.go.kr/,2021년 1차 공시
KLOCAL-fd832db87ee2afb4,숲속의유치원,2021,113,0,https://e-childschoolinfo.moe.go.kr/,2021년 1차 공시
KLOCAL-f591f4da9fb6832b,신도유치원,2021,44,0,https://e-childschoolinfo.moe.go.kr/,2021년 1차 공시
KLOCAL-369a4964372d4b20,신명유치원,2021,92,0,https://e-childschoolinfo.moe.go.kr/,2021년 1차 공시
KLOCAL-c8f2705298b07183,아름솔유치원,2021,149,0,https://e-childschoolinfo.moe.go.kr/,2021년 1차 공시
KLOCAL-ff3c969cd7af6837,아삽유치원,2021,72,0,https://e-childschoolinfo.moe.go.kr/,2021년 1차 공시
KLOCAL-1375cec9fea0c803,아이웰유치원,2021,75,0,https://e-childschoolinfo.moe.go.kr/,2021년 1차 공시
KLOCAL-2c8aa292f224503d,아이큰별유치원,2021,174,0,https://e-childschoolinfo.moe.go.kr/,2021년 1차 공시
KLOCAL-34fbb34c9c9f34c7,에듀피아유치원,2021,298,0,https://e-childschoolinfo.moe.go.kr/,2021년 1차 공시
KLOCAL-e436b88a780add2c,에이스화인유치원,2021,384,0,https://e-childschoolinfo.moe.go.kr/,2021년 1차 공시
KLOCAL-f9f166dfa9308d05,엘림유치원,2021,126,0,https://e-childschoolinfo.moe.go.kr/,2021년 1차 공시
KLOCAL-778bc903de10783e,연수유치원,2021,89,0,https://e-childschoolinfo.moe.go.kr/,2021년 1차 공시
KLOCAL-e939c200a4db1777,영보유치원,2021,166,0,https://e-childschoolinfo.moe.go.kr/,2021년 1차 공시
KLOCAL-117cde7db840a10e,예다원유치원,2021,351,0,https://e-childschoolinfo.moe.go.kr/,2021년 1차 공시
KLOCAL-a73becd81df8c04e,온누리비전유치원,2021,93,0,https://e-childschoolinfo.moe.go.kr/,2021년 1차 공시
KLOCAL-2b73eb96ef811bfa,유석화유치원,2021,164,0,https://e-childschoolinfo.moe.go.kr/,2021년 1차 공시
KLOCAL-41ab9125b086444d,유엔유치원,2021,361,0,https://e-childschoolinfo.moe.go.kr/,2021년 1차 공시
KLOCAL-6cc247e473a0dd94,인보유치원,2021,70,0,https://e-childschoolinfo.moe.go.kr/,2021년 1차 공시
KLOCAL-28e854d271c0e8e1,인천간석초등학교병설유치원,2021,44,4,https://e-childschoolinfo.moe.go.kr/,2021년 1차 공시
KLOCAL-bb78c900eca43f09,인천고잔유치원,2021,125,6,https://e-childschoolinfo.moe.go.kr/,2021년 1차 공시
KLOCAL-34f51f462724b79d,인천고잔초등학교병설유치원,2021,75,0,https://e-childschoolinfo.moe.go.kr/,2021년 1차 공시
KLOCAL-90f24a9a996ac511,인천구월서초등학교병설유치원,2021,9,0,https://e-childschoolinfo.moe.go.kr/,2021년 1차 공시
KLOCAL-c3820bd9125fc45b,인천구월유치원,2021,175,10,https://e-childschoolinfo.moe.go.kr/,2021년 1차 공시
KLOCAL-f7865938c34c572d,인천남촌초등학교병설유치원,2021,2,0,https://e-childschoolinfo.moe.go.kr/,2021년 1차 공시
KLOCAL-fc233c4e719c1c84,인천논곡초등학교병설유치원,2021,14,2,https://e-childschoolinfo.moe.go.kr/,2021년 1차 공시
KLOCAL-394d164ed7bec392,인천도림초등학교병설유치원,2021,27,0,https://e-childschoolinfo.moe.go.kr/,2021년 1차 공시
KLOCAL-c450a0dccff7fa8a,인천동방초등학교병설유치원,2021,34,0,https://e-childschoolinfo.moe.go.kr/,2021년 1차 공시
KLOCAL-d0880bc91ea3a11c,인천동부초등학교병설유치원,2021,10,0,https://e-childschoolinfo.moe.go.kr/,2021년 1차 공시
KLOCAL-32d3ae6b63e1b618,인천동춘초등학교병설유치원,2021,32,0,https://e-childschoolinfo.moe.go.kr/,2021년 1차 공시
KLOCAL-f03b39efeda7c1e2,인천만수초등학교병설유치원,2021,30,4,https://e-childschoolinfo.moe.go.kr/,2021년 1차 공시
KLOCAL-ef25cce87a4a5a4a,인천만월초등학교병설유치원,2021,58,0,https://e-childschoolinfo.moe.go.kr/,2021년 1차 공시
KLOCAL-7cd8621a409ee80e,인천먼우금초등학교병설유치원,2021,52,0,https://e-childschoolinfo.moe.go.kr/,2021년 1차 공시
KLOCAL-9e1ecde17b4153f9,인천명선초등학교병설유치원,2021,57,0,https://e-childschoolinfo.moe.go.kr/,2021년 1차 공시
KLOCAL-5a6e8949c07c2398,인천미송초등학교병설유치원,2021,116,0,https://e-childschoolinfo.moe.go.kr/,2021년 1차 공시
KLOCAL-b77a1bafb9d14dde,인천사리울초등학교병설유치원,2021,56,0,https://e-childschoolinfo.moe.go.kr/,2021년 1차 공시
KLOCAL-fda225ae2869cf69,인천상아초등학교병설유치원,2021,66,0,https://e-childschoolinfo.moe.go.kr/,2021년 1차 공시
KLOCAL-a6f87c22e938f04d,인천새봄초등학교병설유치원,2021,64,0,https://e-childschoolinfo.moe.go.kr/,2021년 1차 공시
KLOCAL-a13112ed33df123c,인천서창초등학교병설유치원,2021,45,0,https://e-childschoolinfo.moe.go.kr/,2021년 1차 공시
KLOCAL-7b02766e15ef5760,인천성리초등학교병설유치원,2021,6,0,https://e-childschoolinfo.moe.go.kr/,2021년 1차 공시
KLOCAL-10682fedb5eb5c47,인천소래초등학교병설유치원,2021,64,0,https://e-childschoolinfo.moe.go.kr/,2021년 1차 공시
KLOCAL-edd263eb4f557278,인천송담초등학교병설유치원,2021,89,3,https://e-childschoolinfo.moe.go.kr/,2021년 1차 공시
KLOCAL-a30030402106c616,인천송도꿈유치원,2021,390,11,https://e-childschoolinfo.moe.go.kr/,2021년 1차 공시
KLOCAL-4eab697aec7ffe81,인천송명초등학교병설유치원,2021,75,0,https://e-childschoolinfo.moe.go.kr/,2021년 1차 공시
KLOCAL-278a27da1c51475e,인천송원초등학교병설유치원,2021,65,0,https://e-childschoolinfo.moe.go.kr/,2021년 1차 공시
KLOCAL-c0b666f4a95885af,인천송일초등학교병설유치원,2021,90,0,https://e-childschoolinfo.moe.go.kr/,2021년 1차 공시
KLOCAL-f9615dc5f6bb8ee0,인천신송초등학교병설유치원,2021,71,0,https://e-childschoolinfo.moe.go.kr/,2021년 1차 공시
KLOCAL-217d5f1aa8131427,인천신월초등학교병설유치원,2021,13,4,https://e-childschoolinfo.moe.go.kr/,2021년 1차 공시
KLOCAL-1519f421f42d9d8a,인천신정초등학교병설유치원,2021,59,3,https://e-childschoolinfo.moe.go.kr/,2021년 1차 공시
KLOCAL-7d6ec0482027aa78,인천예송유치원,2021,252,12,https://e-childschoolinfo.moe.go.kr/,2021년 1차 공시
KLOCAL-e6f561eea690e9ea,인천예송초등학교병설유치원,2021,87,4,https://e-childschoolinfo.moe.go.kr/,2021년 1차 공시
KLOCAL-c71d186619793815,인천원동초등학교병설유치원,2021,66,0,https://e-childschoolinfo.moe.go.kr/,2021년 1차 공시
KLOCAL-b97d990836849b04,인천은송초등학교병설유치원,2021,89,4,https://e-childschoolinfo.moe.go.kr/,2021년 1차 공시
KLOCAL-96cfe3734dfe7f6f,인천인동초등학교병설유치원,2021,40,0,https://e-childschoolinfo.moe.go.kr/,2021년 1차 공시
KLOCAL-f2b56eb375536aa8,인천장도초등학교병설유치원,2021,39,0,https://e-childschoolinfo.moe.go.kr/,2021년 1차 공시
KLOCAL-6f2e5971d64c0765,인천장서초등학교병설유치원,2021,100,0,https://e-childschoolinfo.moe.go.kr/,2021년 1차 공시
KLOCAL-1cba793eaad3af21,인천장수초등학교병설유치원,2021,25,0,https://e-childschoolinfo.moe.go.kr/,2021년 1차 공시
KLOCAL-439127f6b925d297,인천장아초등학교병설유치원,2021,59,0,https://e-childschoolinfo.moe.go.kr/,2021년 1차 공시
KLOCAL-0d94659e002bb7af,인천정각초등학교병설유치원,2021,81,4,https://e-childschoolinfo.moe.go.kr/,2021년 1차 공시
KLOCAL-abb50af7d2260f86,인천주원초등학교병설유치원,2021,25,0,https://e-childschoolinfo.moe.go.kr/,2021년 1차 공시
KLOCAL-61114cb3327df41f,인천첨단초등학교병설유치원,2021,113,0,https://e-childschoolinfo.moe.go.kr/,2021년 1차 공시
KLOCAL-bf2a1d84ff1f0be4,인천청학초등학교병설유치원,2021,23,0,https://e-childschoolinfo.moe.go.kr/,2021년 1차 공시
KLOCAL-8e56ade33984c867,인천축현초등학교병설유치원,2021,36,0,https://e-childschoolinfo.moe.go.kr/,2021년 1차 공시
KLOCAL-dc5e4c9a4f7a45e8,인천한빛초등학교병설유치원,2021,85,0,https://e-childschoolinfo.moe.go.kr/,2021년 1차 공시
KLOCAL-18b3e8f4c6c007f3,인천해송초등학교병설유치원,2021,58,0,https://e-childschoolinfo.moe.go.kr/,2021년 1차 공시
KLOCAL-10995438901baf02,인천현송초등학교병설유치원,2021,71,0,https://e-childschoolinfo.moe.go.kr/,2021년 1차 공시
KLOCAL-a243e71bda61eb84,자연발도르프유치원,2021,134,0,https://e-childschoolinfo.moe.go.kr/,2021년 1차 공시
KLOCAL-5797361de35b1d37,작은꽃예능유치원,2021,112,0,https://e-childschoolinfo.moe.go.kr/,2021년 1차 공시
KLOCAL-89210c1d0d118cbb,제니스유치원,2021,301,0,https://e-childschoolinfo.moe.go.kr/,2021년 1차 공시
KLOCAL-d1f974afc89b04e4,조은유치원,2021,45,0,https://e-childschoolinfo.moe.go.kr/,2021년 1차 공시
KLOCAL-5f898a9cc2711bd4,참아름유치원,2021,165,0,https://e-childschoolinfo.moe.go.kr/,2021년 1차 공시
KLOCAL-2b07c33dd5f30eca,참조은유치원,2021,155,0,https://e-childschoolinfo.moe.go.kr/,2021년 1차 공시
KLOCAL-ae41e29b3e0ee2d0,청담숲유치원,2021,84,0,https://e-childschoolinfo.moe.go.kr/,2021년 1차 공시
KLOCAL-cb0f3434a75d79da,청송유치원,2021,148,0,https://e-childschoolinfo.moe.go.kr/,2021년 1차 공시
KLOCAL-700c16dffdf23664,청학숲유치원,2021,208,0,https://e-childschoolinfo.moe.go.kr/,2021년 1차 공시
KLOCAL-1fcc5bb819b6a357,큰별유치원,2021,145,0,https://e-childschoolinfo.moe.go.kr/,2021년 1차 공시
KLOCAL-f9c23299c9f29c92,키즈월드유치원,2021,82,0,https://e-childschoolinfo.moe.go.kr/,2021년 1차 공시
KLOCAL-b9a00b06c19a5b27,푸른마을유치원,2021,173,0,https://e-childschoolinfo.moe.go.kr/,2021년 1차 공시
KLOCAL-a0b7cbe5a91d6fc3,프라임명지유치원,2021,141,0,https://e-childschoolinfo.moe.go.kr/,2021년 1차 공시
KLOCAL-3267d41d2d4da711,프라임예지유치원,2021,380,0,https://e-childschoolinfo.moe.go.kr/,2021년 1차 공시
KLOCAL-28e51f0551b2fcfd,하늘땅유치원,2021,266,0,https://e-childschoolinfo.moe.go.kr/,2021년 1차 공시
KLOCAL-872cb8b8d014505e,한울유치원,2021,47,0,https://e-childschoolinfo.moe.go.kr/,2021년 1차 공시
KLOCAL-c24174173a80af5d,해나라유치원,2021,131,0,https://e-childschoolinfo.moe.go.kr/,2021년 1차 공시
KLOCAL-9fd7e2d0a4c711bb,해돋이유치원,2021,11,0,https://e-childschoolinfo.moe.go.kr/,2021년 1차 공시
KLOCAL-03eaab4ac9dbb6a3,해승유치원,2021,112,0,https://e-childschoolinfo.moe.go.kr/,2021년 1차 공시
KLOCAL-1fd3e98881a11318,해와달유치원,2021,82,0,https://e-childschoolinfo.moe.go.kr/,2021년 1차 공시
KLOCAL-25a0b873b3438607,행복한유치원,2021,67,0,https://e-childschoolinfo.moe.go.kr/,2021년 1차 공시
KLOCAL-799d3765effdf6c9,The큰빛유치원,2021,242,0,https://e-childschoolinfo.moe.go.kr/,2021년 1차 공시
KLOCAL-bf4a58b2949b1422,경인여자대학교부속유치원,2021,138,0,https://e-childschoolinfo.moe.go.kr/,2021년 1차 공시
KLOCAL-ec9c24186f6f3b8f,경희동화나라유치원,2021,85,0,https://e-childschoolinfo.moe.go.kr/,2021년 1차 공시
KLOCAL-aa56465393a9dbf8,계양유치원,2021,57,0,https://e-childschoolinfo.moe.go.kr/,2021년 1차 공시
KLOCAL-000e957d3ab6431c,근산유치원,2021,243,0,https://e-childschoolinfo.moe.go.kr/,2021년 1차 공시
KLOCAL-8ed8228b0a070bd1,꿈나라유치원,2021,130,0,https://e-childschoolinfo.moe.go.kr/,2021년 1차 공시
KLOCAL-10a79f1b1d9bbd9f,꿈나무유치원,2021,60,0,https://e-childschoolinfo.moe.go.kr/,2021년 1차 공시
KLOCAL-820463ae379873df,노틀담유치원,2021,47,0,https://e-childschoolinfo.moe.go.kr/,2021년 1차 공시
KLOCAL-4d4340c9fc828cb1,동심유치원,2021,122,0,https://e-childschoolinfo.moe.go.kr/,2021년 1차 공시
KLOCAL-d35107fb247c2293,드림유치원,2021,206,0,https://e-childschoolinfo.moe.go.kr/,2021년 1차 공시
KLOCAL-8dd20cefda1ca1a9,마리아유치원,2021,91,0,https://e-childschoolinfo.moe.go.kr/,2021년 1차 공시
KLOCAL-1b4643e77630943f,무지개유치원,2021,171,0,https://e-childschoolinfo.moe.go.kr/,2021년 1차 공시
KLOCAL-d6dfad898c1c6e59,미래유치원,2021,109,0,https://e-childschoolinfo.moe.go.kr/,2021년 1차 공시
KLOCAL-b1ebeb063c6b35bf,밀알유치원,2021,148,0,https://e-childschoolinfo.moe.go.kr/,2021년 1차 공시
KLOCAL-4fc071e233a4b10e,보나유치원,2021,187,0,https://e-childschoolinfo.moe.go.kr/,2021년 1차 공시
KLOCAL-cec3aed5db587e4f,보람유치원,2021,164,0,https://e-childschoolinfo.moe.go.kr/,2021년 1차 공시
KLOCAL-c23244892488770c,산곡유치원,2021,148,0,https://e-childschoolinfo.moe.go.kr/,2021년 1차 공시
KLOCAL-89f989b3e811883f,산들유치원,2021,128,0,https://e-childschoolinfo.moe.go.kr/,2021년 1차 공시
KLOCAL-d8bc2d350c1a4b3f,삼산유치원,2021,68,11,https://e-childschoolinfo.moe.go.kr/,2021년 1차 공시
KLOCAL-e9f605efb8473d0b,상아유치원,2021,74,0,https://e-childschoolinfo.moe.go.kr/,2021년 1차 공시
KLOCAL-a038d3e4ea578813,새빛솔금유치원,2021,128,0,https://e-childschoolinfo.moe.go.kr/,2021년 1차 공시
KLOCAL-7db8731930533c91,서해유치원,2021,65,0,https://e-childschoolinfo.moe.go.kr/,2021년 1차 공시
KLOCAL-f75e1b7433faa86d,석화유치원,2021,68,0,https://e-childschoolinfo.moe.go.kr/,2021년 1차 공시
KLOCAL-2f487e44a994a758,성심유치원,2021,105,0,https://e-childschoolinfo.moe.go.kr/,2021년 1차 공시
KLOCAL-9f6aa62c8072b43d,성아유치원,2021,46,0,https://e-childschoolinfo.moe.go.kr/,2021년 1차 공시
KLOCAL-ad69756960486f7d,숲속유치원,2021,99,0,https://e-childschoolinfo.moe.go.kr/,2021년 1차 공시
KLOCAL-93134beb67614dd4,아란유치원,2021,96,0,https://e-childschoolinfo.moe.go.kr/,2021년 1차 공시
KLOCAL-61028cac96a381f0,양지유치원,2021,84,0,https://e-childschoolinfo.moe.go.kr/,2021년 1차 공시
KLOCAL-1e0f6cb24019a829,엄지유치원,2021,77,0,https://e-childschoolinfo.moe.go.kr/,2021년 1차 공시
KLOCAL-a9d87dc7c78bb460,에코프라임유치원,2021,54,0,https://e-childschoolinfo.moe.go.kr/,2021년 1차 공시
KLOCAL-52870ab69b81e458,엔젤유치원,2021,11,0,https://e-childschoolinfo.moe.go.kr/,2021년 1차 공시
KLOCAL-b40f58f5747ed00c,연세유치원,2021,90,0,https://e-childschoolinfo.moe.go.kr/,2021년 1차 공시
KLOCAL-a75ab82d043d1d3c,열림유치원,2021,94,0,https://e-childschoolinfo.moe.go.kr/,2021년 1차 공시
KLOCAL-b9f9b3b6acb3e646,열우물유치원,2021,52,0,https://e-childschoolinfo.moe.go.kr/,2021년 1차 공시
KLOCAL-1923165e7aafe096,영광유치원,2021,189,0,https://e-childschoolinfo.moe.go.kr/,2021년 1차 공시
KLOCAL-2dec811cf063913d,예그랑유치원,2021,34,0,https://e-childschoolinfo.moe.go.kr/,2021년 1차 공시
KLOCAL-28fe79464ba28534,예림유치원,2021,49,0,https://e-childschoolinfo.moe.go.kr/,2021년 1차 공시
KLOCAL-56a50a91ae4989cb,예소담유치원,2021,104,0,https://e-childschoolinfo.moe.go.kr/,2021년 1차 공시
KLOCAL-dbea3b1337a43ee7,예원유치원,2021,194,0,https://e-childschoolinfo.moe.go.kr/,2021년 1차 공시
KLOCAL-b160ba4a3527af43,은현유치원,2021,124,0,https://e-childschoolinfo.moe.go.kr/,2021년 1차 공시
KLOCAL-06aad668ba6db02c,이노필유치원,2021,23,0,https://e-childschoolinfo.moe.go.kr/,2021년 1차 공시
KLOCAL-314ae4685daf3578,이든유치원,2021,142,0,https://e-childschoolinfo.moe.go.kr/,2021년 1차 공시
KLOCAL-2a7e08fead8ef96b,이바유치원,2021,96,0,https://e-childschoolinfo.moe.go.kr/,2021년 1차 공시
KLOCAL-d50e97c5d449d3e1,이화유치원,2021,129,0,https://e-childschoolinfo.moe.go.kr/,2021년 1차 공시
KLOCAL-00d7d85e52a053a8,인천갈월초등학교병설유치원,2021,30,0,https://e-childschoolinfo.moe.go.kr/,2021년 1차 공시
KLOCAL-02221618c55c5603,인천계양초등학교병설유치원,2021,41,0,https://e-childschoolinfo.moe.go.kr/,2021년 1차 공시
KLOCAL-795e68028ccfe327,인천굴포초등학교병설유치원,2021,63,4,https://e-childschoolinfo.moe.go.kr/,2021년 1차 공시
KLOCAL-2e27b0337e9883ca,인천귤현초등학교병설유치원,2021,51,0,https://e-childschoolinfo.moe.go.kr/,2021년 1차 공시
KLOCAL-528dcc8ceefc1f83,인천금마초등학교병설유치원,2021,32,1,https://e-childschoolinfo.moe.go.kr/,2021년 1차 공시
KLOCAL-5d2374027a21efe0,인천길주초등학교병설유치원,2021,49,0,https://e-childschoolinfo.moe.go.kr/,2021년 1차 공시
KLOCAL-0fab6c92ee3a52d6,인천당산초등학교병설유치원,2021,50,0,https://e-childschoolinfo.moe.go.kr/,2021년 1차 공시
KLOCAL-36fdf3552e15dcd7,인천동암초등학교병설유치원,2021,9,0,https://e-childschoolinfo.moe.go.kr/,2021년 1차 공시
KLOCAL-fa0b23e1b953919a,인천마곡초등학교병설유치원,2021,14,4,https://e-childschoolinfo.moe.go.kr/,2021년 1차 공시
KLOCAL-4dfa29d594589afd,인천명현초등학교병설유치원,2021,16,0,https://e-childschoolinfo.moe.go.kr/,2021년 1차 공시
KLOCAL-2ee6cf805dfe4f3f,인천미산초등학교병설유치원,2021,13,4,https://e-childschoolinfo.moe.go.kr/,2021년 1차 공시
KLOCAL-245e760a0802fd93,인천백운초등학교병설유치원,2021,17,0,https://e-childschoolinfo.moe.go.kr/,2021년 1차 공시
KLOCAL-7738df6499839a0d,인천부개서초등학교병설유치원,2021,15,0,https://e-childschoolinfo.moe.go.kr/,2021년 1차 공시
KLOCAL-43e30ed66f88da53,인천부개초등학교병설유치원,2021,16,0,https://e-childschoolinfo.moe.go.kr/,2021년 1차 공시
KLOCAL-549b4c127ea514d3,인천부광초등학교병설유치원,2021,15,0,https://e-childschoolinfo.moe.go.kr/,2021년 1차 공시
KLOCAL-106cec12938f9093,인천부마초등학교병설유치원,2021,59,6,https://e-childschoolinfo.moe.go.kr/,2021년 1차 공시
KLOCAL-5b76fc7bb28b95d2,인천부원초등학교병설유치원,2021,48,4,https://e-childschoolinfo.moe.go.kr/,2021년 1차 공시
KLOCAL-1b7dad99867a6eaf,인천부일초등학교병설유치원,2021,59,4,https://e-childschoolinfo.moe.go.kr/,2021년 1차 공시
KLOCAL-ebb7f219b7dc3c02,인천부평남초등학교병설유치원,2021,17,0,https://e-childschoolinfo.moe.go.kr/,2021년 1차 공시
KLOCAL-7268e62cbbfb14b0,인천부평동초등학교병설유치원,2021,45,4,https://e-childschoolinfo.moe.go.kr/,2021년 1차 공시
KLOCAL-e7025d490b504a01,인천부평북초등학교병설유치원,2021,12,4,https://e-childschoolinfo.moe.go.kr/,2021년 1차 공시
KLOCAL-ccc93f34c68fe601,인천부평서초등학교병설유치원,2021,12,0,https://e-childschoolinfo.moe.go.kr/,2021년 1차 공시
KLOCAL-036b8dcaab889693,인천부현초등학교병설유치원,2021,18,0,https://e-childschoolinfo.moe.go.kr/,2021년 1차 공시
KLOCAL-c2742aa23baa310a,인천산곡초등학교병설유치원,2021,12,0,https://e-childschoolinfo.moe.go.kr/,2021년 1차 공시
KLOCAL-249efd582bc3c17a,인천상정초등학교병설유치원,2021,19,4,https://e-childschoolinfo.moe.go.kr/,2021년 1차 공시
KLOCAL-f772a80f44ffb1a0,인천서운초등학교병설유치원,2021,31,0,https://e-childschoolinfo.moe.go.kr/,2021년 1차 공시
KLOCAL-fec14b51fc4d9297,인천성지초등학교병설유치원,2021,22,4,https://e-childschoolinfo.moe.go.kr/,2021년 1차 공시
KLOCAL-92309078310854ad,인천소양초등학교병설유치원,2021,22,0,https://e-childschoolinfo.moe.go.kr/,2021년 1차 공시
KLOCAL-8a55755e2e4733cb,인천십정초등학교병설유치원,2021,12,0,https://e-childschoolinfo.moe.go.kr/,2021년 1차 공시
KLOCAL-7de363a40d49f18a,인천안남초등학교병설유치원,2021,51,10,https://e-childschoolinfo.moe.go.kr/,2021년 1차 공시
KLOCAL-1e7e2df89b52dc62,인천안산초등학교병설유치원,2021,30,0,https://e-childschoolinfo.moe.go.kr/,2021년 1차 공시
KLOCAL-b0f87221d172f370,인천양촌초등학교병설유치원,2021,29,0,https://e-childschoolinfo.moe.go.kr/,2021년 1차 공시
KLOCAL-d59c3c131dfc2700,인천영선초등학교병설유치원,2021,37,0,https://e-childschoolinfo.moe.go.kr/,2021년 1차 공시
KLOCAL-01a5916f0b28e44c,인천용마초등학교병설유치원,2021,35,0,https://e-childschoolinfo.moe.go.kr/,2021년 1차 공시
KLOCAL-56debb39372c4ba0,인천진산초등학교병설유치원,2021,45,0,https://e-childschoolinfo.moe.go.kr/,2021년 1차 공시
KLOCAL-281c2fad3f04d06c,인천한길초등학교병설유치원,2021,44,0,https://e-childschoolinfo.moe.go.kr/,2021년 1차 공시
KLOCAL-dcebf30aba91b8e1,인천해서초등학교병설유치원,2021,10,2,https://e-childschoolinfo.moe.go.kr/,2021년 1차 공시
KLOCAL-896263eeca0cb24e,인천화전유치원,2021,108,8,https://e-childschoolinfo.moe.go.kr/,2021년 1차 공시
KLOCAL-a458fa05dd151711,인천후정초등학교병설유치원,2021,66,0,https://e-childschoolinfo.moe.go.kr/,2021년 1차 공시
KLOCAL-e340aa37ee0b17d0,자연유치원,2021,94,0,https://e-childschoolinfo.moe.go.kr/,2021년 1차 공시
KLOCAL-3e7958b6a4d50a61,정민유치원,2021,143,0,https://e-childschoolinfo.moe.go.kr/,2021년 1차 공시
KLOCAL-bfc36b4ee580645c,정원유치원,2021,99,0,https://e-childschoolinfo.moe.go.kr/,2021년 1차 공시
KLOCAL-008b28233ec0cee2,청담유치원,2021,73,0,https://e-childschoolinfo.moe.go.kr/,2021년 1차 공시
KLOCAL-a2d75433658bba16,청송유치원,2021,40,0,https://e-childschoolinfo.moe.go.kr/,2021년 1차 공시
KLOCAL-0308f9e9a9e42dfd,청원유치원,2021,87,0,https://e-childschoolinfo.moe.go.kr/,2021년 1차 공시
KLOCAL-3a53daf795aebc01,프렌즈유치원,2021,96,0,https://e-childschoolinfo.moe.go.kr/,2021년 1차 공시
KLOCAL-3604491d53b601b4,한빛유치원,2021,41,0,https://e-childschoolinfo.moe.go.kr/,2021년 1차 공시
KLOCAL-ace02cf4887a0b04,해마루유치원,2021,82,0,https://e-childschoolinfo.moe.go.kr/,2021년 1차 공시
KLOCAL-c8f91a641f618071,해승유치원,2021,104,0,https://e-childschoolinfo.moe.go.kr/,2021년 1차 공시
KLOCAL-410831a720cf17a1,햇살유치원,2021,117,0,https://e-childschoolinfo.moe.go.kr/,2021년 1차 공시
KLOCAL-db47790fb79ebb49,현대유치원,2021,79,0,https://e-childschoolinfo.moe.go.kr/,2021년 1차 공시
KLOCAL-624dd65d9a69a6fd,홍익유치원,2021,78,0,https://e-childschoolinfo.moe.go.kr/,2021년 1차 공시
KLOCAL-d4bd51f655c7d518,경서유치원,2021,205,0,https://e-childschoolinfo.moe.go.kr/,2021년 1차 공시
KLOCAL-85ad7b101c5863a9,경인무지개유치원,2021,15,0,https://e-childschoolinfo.moe.go.kr/,2021년 1차 공시
KLOCAL-8a9b86e4d794522b,꼬마정원유치원,2021,229,0,https://e-childschoolinfo.moe.go.kr/,2021년 1차 공시
KLOCAL-6fa4617437939184,꿈드림유치원,2021,52,0,https://e-childschoolinfo.moe.go.kr/,2021년 1차 공시
KLOCAL-c3dd9c1d20fd07e2,다은유치원,2021,231,0,https://e-childschoolinfo.moe.go.kr/,2021년 1차 공시
KLOCAL-bf9218e3aa324e42,동진유치원,2021,66,0,https://e-childschoolinfo.moe.go.kr/,2021년 1차 공시
KLOCAL-b3e032dc919c404c,드림유치원,2021,370,0,https://e-childschoolinfo.moe.go.kr/,2021년 1차 공시
KLOCAL-9c183b9823ea39ea,리라유치원,2021,46,0,https://e-childschoolinfo.moe.go.kr/,2021년 1차 공시
KLOCAL-d73e3aece4b7ed2b,명문유치원,2021,67,0,https://e-childschoolinfo.moe.go.kr/,2021년 1차 공시
KLOCAL-8e217d7a0b8a977c,무지개유치원,2021,80,0,https://e-childschoolinfo.moe.go.kr/,2021년 1차 공시
KLOCAL-25824987347b89df,바다유치원,2021,60,0,https://e-childschoolinfo.moe.go.kr/,2021년 1차 공시
KLOCAL-c97c061a2c04c5cd,뿌리유치원,2021,62,0,https://e-childschoolinfo.moe.go.kr/,2021년 1차 공시
KLOCAL-e7b2e54679f46271,사랑나무유치원,2021,16,0,https://e-childschoolinfo.moe.go.kr/,2021년 1차 공시
KLOCAL-9caec56ae5d4653c,사랑샘유치원,2021,393,0,https://e-childschoolinfo.moe.go.kr/,2021년 1차 공시
KLOCAL-d19a0e7bb3217421,산새소리유치원,2021,243,0,https://e-childschoolinfo.moe.go.kr/,2021년 1차 공시
KLOCAL-266ed741dd996b8d,산울림유치원,2021,55,0,https://e-childschoolinfo.moe.go.kr/,2021년 1차 공시
KLOCAL-660f3e0dcf70c20f,새한신유치원,2021,140,0,https://e-childschoolinfo.moe.go.kr/,2021년 1차 공시
KLOCAL-3e73ad45d397e6b0,세라유치원,2021,197,0,https://e-childschoolinfo.moe.go.kr/,2021년 1차 공시
KLOCAL-5f31278c2ab82f0a,아림유치원,2021,147,0,https://e-childschoolinfo.moe.go.kr/,2021년 1차 공시
KLOCAL-7b4637c902db7d09,아이사랑유치원,2021,236,0,https://e-childschoolinfo.moe.go.kr/,2021년 1차 공시
KLOCAL-d4ce0dfb265b45db,에녹유치원,2021,18,0,https://e-childschoolinfo.moe.go.kr/,2021년 1차 공시
KLOCAL-23e886f24f770204,엔젤유치원,2021,114,0,https://e-childschoolinfo.moe.go.kr/,2021년 1차 공시
KLOCAL-a86f6ae287b18882,연희유치원,2021,115,0,https://e-childschoolinfo.moe.go.kr/,2021년 1차 공시
KLOCAL-7a8ef99aafe1ff7b,예빛유치원,2021,169,0,https://e-childschoolinfo.moe.go.kr/,2021년 1차 공시
KLOCAL-97068fb68321a483,예인유치원,2021,44,0,https://e-childschoolinfo.moe.go.kr/,2021년 1차 공시
KLOCAL-432cd97ec470568e,예일유치원,2021,175,0,https://e-childschoolinfo.moe.go.kr/,2021년 1차 공시
KLOCAL-696372f793199769,예지유치원,2021,138,0,https://e-childschoolinfo.moe.go.kr/,2021년 1차 공시
KLOCAL-3e82cc8bc9518c92,은하유치원,2021,149,0,https://e-childschoolinfo.moe.go.kr/,2021년 1차 공시
KLOCAL-3c3f330218751057,인천가림초등학교병설유치원,2021,21,2,https://e-childschoolinfo.moe.go.kr/,2021년 1차 공시
KLOCAL-1b478ca1f5cbe41e,인천가원초등학교병설유치원,2021,73,4,https://e-childschoolinfo.moe.go.kr/,2021년 1차 공시
KLOCAL-8f015ad565f90f24,인천가정초등학교병설유치원,2021,34,0,https://e-childschoolinfo.moe.go.kr/,2021년 1차 공시
KLOCAL-0b89b3cbc388c8d7,인천가현초등학교병설유치원,2021,64,0,https://e-childschoolinfo.moe.go.kr/,2021년 1차 공시
KLOCAL-d17bb226ab52939f,인천간재울초등학교병설유치원,2021,43,0,https://e-childschoolinfo.moe.go.kr/,2021년 1차 공시
KLOCAL-0867a880c4b46df2,인천건지초등학교병설유치원,2021,17,10,https://e-childschoolinfo.moe.go.kr/,2021년 1차 공시
KLOCAL-ad2e055c24bd547e,인천검단초등학교병설유치원,2021,47,0,https://e-childschoolinfo.moe.go.kr/,2021년 1차 공시
KLOCAL-262e10d1e210408c,인천검암유치원,2021,86,8,https://e-childschoolinfo.moe.go.kr/,2021년 1차 공시
KLOCAL-0af8f94d48e29a3b,인천경명초등학교병설유치원,2021,88,0,https://e-childschoolinfo.moe.go.kr/,2021년 1차 공시
KLOCAL-daa57df0a81440cd,인천경서초등학교병설유치원,2021,54,0,https://e-childschoolinfo.moe.go.kr/,2021년 1차 공시
KLOCAL-ba11a51bc0806260,인천경연초등학교병설유치원,2021,67,0,https://e-childschoolinfo.moe.go.kr/,2021년 1차 공시
KLOCAL-c2e4523109105612,인천공촌초등학교병설유치원,2021,17,0,https://e-childschoolinfo.moe.go.kr/,2021년 1차 공시
KLOCAL-6a31f4d9b5c5f65d,인천금곡초등학교병설유치원,2021,53,2,https://e-childschoolinfo.moe.go.kr/,2021년 1차 공시
KLOCAL-382a4eb638edccdb,인천능내초등학교병설유치원,2021,40,0,https://e-childschoolinfo.moe.go.kr/,2021년 1차 공시
KLOCAL-de70b1ea59f110a7,인천단봉초등학교병설유치원,2021,95,0,https://e-childschoolinfo.moe.go.kr/,2021년 1차 공시
KLOCAL-710c5518488064ab,인천당하초등학교병설유치원,2021,37,0,https://e-childschoolinfo.moe.go.kr/,2021년 1차 공시
KLOCAL-e939ece928361ded,인천도담초등학교병설유치원,2021,114,0,https://e-childschoolinfo.moe.go.kr/,2021년 1차 공시
KLOCAL-ddac7c3a8a0d5a08,인천마전초등학교병설유치원,2021,38,0,https://e-childschoolinfo.moe.go.kr/,2021년 1차 공시
KLOCAL-f4753e5542369632,인천목향초등학교병설유치원,2021,40,3,https://e-childschoolinfo.moe.go.kr/,2021년 1차 공시
KLOCAL-7d5c804848608a29,인천발산초등학교병설유치원,2021,60,0,https://e-childschoolinfo.moe.go.kr/,2021년 1차 공시
KLOCAL-f9046d59bd98116e,인천백석초등학교병설유치원,2021,57,0,https://e-childschoolinfo.moe.go.kr/,2021년 1차 공시
KLOCAL-d817fae7029ed452,인천봉수초등학교병설유치원,2021,28,0,https://e-childschoolinfo.moe.go.kr/,2021년 1차 공시
KLOCAL-9cedf6cf5469db38,인천봉화초등학교병설유치원,2021,17,0,https://e-childschoolinfo.moe.go.kr/,2021년 1차 공시
KLOCAL-1c92f7fa634fb5f3,인천불로초등학교병설유치원,2021,44,0,https://e-childschoolinfo.moe.go.kr/,2021년 1차 공시
KLOCAL-7eca59cf2b27adeb,인천서곶초등학교병설유치원,2021,29,0,https://e-childschoolinfo.moe.go.kr/,2021년 1차 공시
KLOCAL-e67fb17cb81b7ac2,인천서현유치원,2021,186,12,https://e-childschoolinfo.moe.go.kr/,2021년 1차 공시
KLOCAL-2def53f46a779e53,인천석남초등학교병설유치원,2021,6,0,https://e-childschoolinfo.moe.go.kr/,2021년 1차 공시
KLOCAL-2da09589001a6ae4,인천신석초등학교병설유치원,2021,16,3,https://e-childschoolinfo.moe.go.kr/,2021년 1차 공시
KLOCAL-7e2349d1d3ce7603,인천신현북초등학교병설유치원,2021,9,0,https://e-childschoolinfo.moe.go.kr/,2021년 1차 공시
KLOCAL-6ab54af3a2193b78,인천양지초등학교병설유치원,2021,30,2,https://e-childschoolinfo.moe.go.kr/,2021년 1차 공시
KLOCAL-aa8da85a8f6b19b9,인천완정초등학교병설유치원,2021,50,0,https://e-childschoolinfo.moe.go.kr/,2021년 1차 공시
KLOCAL-0fdcd04de8b6ed6d,인천왕길초등학교병설유치원,2021,43,1,https://e-childschoolinfo.moe.go.kr/,2021년 1차 공시
KLOCAL-55058525ba8494ab,인천원당초등학교병설유치원,2021,46,0,https://e-childschoolinfo.moe.go.kr/,2021년 1차 공시
KLOCAL-4c7d06e164ffce6c,인천은지초등학교병설유치원,2021,49,0,https://e-childschoolinfo.moe.go.kr/,2021년 1차 공시
KLOCAL-1fd9f21caa124372,인천창신초등학교병설유치원,2021,52,0,https://e-childschoolinfo.moe.go.kr/,2021년 1차 공시
KLOCAL-df8423dbb089d99c,인천청라초등학교병설유치원,2021,93,0,https://e-childschoolinfo.moe.go.kr/,2021년 1차 공시
KLOCAL-55f85ae587a7a257,인천청람초등학교병설유치원,2021,92,0,https://e-childschoolinfo.moe.go.kr/,2021년 1차 공시
KLOCAL-1106537bcfb62fe4,인천청일초등학교병설유치원,2021,92,0,https://e-childschoolinfo.moe.go.kr/,2021년 1차 공시
KLOCAL-4a424ece4c3030f0,인천초은초등학교병설유치원,2021,84,0,https://e-childschoolinfo.moe.go.kr/,2021년 1차 공시
KLOCAL-b71b3fb614f2b85a,인천푸른빛유치원,2021,193,6,https://e-childschoolinfo.moe.go.kr/,2021년 1차 공시
KLOCAL-bfe5172d21d17747,인천해원초등학교병설유치원,2021,89,2,https://e-childschoolinfo.moe.go.kr/,2021년 1차 공시
KLOCAL-136bbfeb0cacbeb0,일영유치원,2021,132,0,https://e-childschoolinfo.moe.go.kr/,2021년 1차 공시
KLOCAL-d8c137ce638ca39b,재은유치원,2021,83,0,https://e-childschoolinfo.moe.go.kr/,2021년 1차 공시
KLOCAL-960ae6297334b559,청라새싹유치원,2021,259,0,https://e-childschoolinfo.moe.go.kr/,2021년 1차 공시
KLOCAL-9c3128f86f9e804f,청라유치원,2021,187,13,https://e-childschoolinfo.moe.go.kr/,2021년 1차 공시
KLOCAL-287edcd5656c8d18,큰사랑유치원,2021,189,0,https://e-childschoolinfo.moe.go.kr/,2021년 1차 공시
KLOCAL-8550dfd9204474b8,프라임청라유치원,2021,262,0,https://e-childschoolinfo.moe.go.kr/,2021년 1차 공시
KLOCAL-6ea342592d10ee06,한샘유치원,2021,138,0,https://e-childschoolinfo.moe.go.kr/,2021년 1차 공시
KLOCAL-3c0aa6a5169882ee,한울유치원,2021,151,0,https://e-childschoolinfo.moe.go.kr/,2021년 1차 공시
KLOCAL-1f328ba143036bf8,해나라유치원,2021,266,0,https://e-childschoolinfo.moe.go.kr/,2021년 1차 공시
KLOCAL-ca7704409b2eeaf2,희망찬유치원,2021,55,0,https://e-childschoolinfo.moe.go.kr/,2021년 1차 공시
KLOCAL-cc7903a205c47f13,갑룡초등학교병설유치원,2022,38,5,https://e-childschoolinfo.moe.go.kr/,2022년 1차 공시
KLOCAL-dd6dbb2a34c3a048,강화유치원,2022,29,0,https://e-childschoolinfo.moe.go.kr/,2022년 1차 공시
KLOCAL-334e28e4065f3ab6,강화초등학교병설유치원,2022,8,0,https://e-childschoolinfo.moe.go.kr/,2022년 1차 공시
KLOCAL-c17af5dbcc9e77c7,교동초등학교병설유치원,2022,4,0,https://e-childschoolinfo.moe.go.kr/,2022년 1차 공시
KLOCAL-3c356c0a84207416,내가초등학교병설유치원,2022,12,0,https://e-childschoolinfo.moe.go.kr/,2022년 1차 공시
KLOCAL-f32b3f18c3c6667b,대월초등학교병설유치원,2022,10,0,https://e-childschoolinfo.moe.go.kr/,2022년 1차 공시
KLOCAL-51c6dc17a37cef2b,마니산유치원,2022,64,9,https://e-childschoolinfo.moe.go.kr/,2022년 1차 공시
KLOCAL-7463c2756c15c1d3,명신초등학교병설유치원,2022,4,0,https://e-childschoolinfo.moe.go.kr/,2022년 1차 공시
KLOCAL-a286fe75086d2d64,삼산초등학교병설유치원,2022,5,0,https://e-childschoolinfo.moe.go.kr/,2022년 1차 공시
KLOCAL-68fe2fb973df07e8,서도초등학교병설유치원,2022,3,0,https://e-childschoolinfo.moe.go.kr/,2022년 1차 공시
KLOCAL-5af4890425fbff3c,선원초등학교병설유치원,2022,23,0,https://e-childschoolinfo.moe.go.kr/,2022년 1차 공시
KLOCAL-08917b6afd819029,송해초등학교병설유치원,2022,8,0,https://e-childschoolinfo.moe.go.kr/,2022년 1차 공시
KLOCAL-a7c30c387636e4fd,양사초등학교병설유치원,2022,7,0,https://e-childschoolinfo.moe.go.kr/,2022년 1차 공시
KLOCAL-54a88136cf70c698,잠두유치원,2022,44,0,https://e-childschoolinfo.moe.go.kr/,2022년 1차 공시
KLOCAL-674ef65b6f0d148e,코끼리유치원,2022,96,0,https://e-childschoolinfo.moe.go.kr/,2022년 1차 공시
KLOCAL-67f73dfaccf6c54c,하점초등학교병설유치원,2022,8,0,https://e-childschoolinfo.moe.go.kr/,2022년 1차 공시
KLOCAL-edc78a00d15f9048,합일초등학교병설유치원,2022,7,4,https://e-childschoolinfo.moe.go.kr/,2022년 1차 공시
KLOCAL-2139f45193aa0f61,해명초등학교병설유치원,2022,9,0,https://e-childschoolinfo.moe.go.kr/,2022년 1차 공시
KLOCAL-eb061546857b8dda,건영유치원,2022,213,0,https://e-childschoolinfo.moe.go.kr/,2022년 1차 공시
KLOCAL-974da5ec0dd22c2e,국현유치원,2022,124,0,https://e-childschoolinfo.moe.go.kr/,2022년 1차 공시
KLOCAL-5d9f2a6b9a4b2843,그림나라유치원,2022,110,0,https://e-childschoolinfo.moe.go.kr/,2022년 1차 공시
KLOCAL-41f63dbead90187b,금호유치원,2022,138,0,https://e-childschoolinfo.moe.go.kr/,2022년 1차 공시
KLOCAL-58a55d858149cfe9,노벨유치원,2022,74,0,https://e-childschoolinfo.moe.go.kr/,2022년 1차 공시
KLOCAL-0cd7ba2a12988285,다솜유치원,2022,32,0,https://e-childschoolinfo.moe.go.kr/,2022년 1차 공시
KLOCAL-11084f843babf1c9,대청초등학교병설유치원,2022,5,0,https://e-childschoolinfo.moe.go.kr/,2022년 1차 공시
KLOCAL-aaf9709671edf7be,도담유치원,2022,0,0,https://e-childschoolinfo.moe.go.kr/,2022년 1차 공시
KLOCAL-10421b7c8f5899de,동원유치원,2022,170,0,https://e-childschoolinfo.moe.go.kr/,2022년 1차 공시
KLOCAL-0bbc0fac855a7b3e,뒤나미스유치원,2022,358,0,https://e-childschoolinfo.moe.go.kr/,2022년 1차 공시
KLOCAL-590c99bb86999b08,무지개유치원,2022,201,0,https://e-childschoolinfo.moe.go.kr/,2022년 1차 공시
KLOCAL-b2ef58c299ec5904,미주유치원,2022,194,0,https://e-childschoolinfo.moe.go.kr/,2022년 1차 공시
KLOCAL-85120f2449c7bce0,밀알유치원,2022,221,0,https://e-childschoolinfo.moe.go.kr/,2022년 1차 공시
KLOCAL-026d832c691d3ca0,박문유치원,2022,145,0,https://e-childschoolinfo.moe.go.kr/,2022년 1차 공시
KLOCAL-f53bd21b5a623669,반디유치원,2022,139,0,https://e-childschoolinfo.moe.go.kr/,2022년 1차 공시
KLOCAL-82eb89aae72bf48f,백령성모유치원,2022,21,0,https://e-childschoolinfo.moe.go.kr/,2022년 1차 공시
KLOCAL-449fffc16f64b212,북포초등학교병설유치원,2022,6,0,https://e-childschoolinfo.moe.go.kr/,2022년 1차 공시
KLOCAL-33bfc1608850fe4f,산새소리유치원,2022,25,0,https://e-childschoolinfo.moe.go.kr/,2022년 1차 공시
KLOCAL-95018410bf5fd937,성바오로유치원,2022,148,0,https://e-childschoolinfo.moe.go.kr/,2022년 1차 공시
KLOCAL-70a3bf4262c4bc52,세종유치원,2022,67,0,https://e-childschoolinfo.moe.go.kr/,2022년 1차 공시
KLOCAL-a5e3ec0a43d4f841,소라유치원,2022,131,0,https://e-childschoolinfo.moe.go.kr/,2022년 1차 공시
KLOCAL-77ee1fd2c433efee,소명유치원,2022,127,0,https://e-childschoolinfo.moe.go.kr/,2022년 1차 공시
KLOCAL-50565bd642260910,솔빛유치원,2022,138,0,https://e-childschoolinfo.moe.go.kr/,2022년 1차 공시
KLOCAL-fe0db0fed48025b0,솔샘유치원,2022,156,0,https://e-childschoolinfo.moe.go.kr/,2022년 1차 공시
KLOCAL-7e04553d125db319,송현유치원,2022,101,0,https://e-childschoolinfo.moe.go.kr/,2022년 1차 공시
KLOCAL-7f4baf8d3ec9cb63,숭의유치원,2022,90,0,https://e-childschoolinfo.moe.go.kr/,2022년 1차 공시
KLOCAL-f62067ae1c1de696,신동아유치원,2022,35,0,https://e-childschoolinfo.moe.go.kr/,2022년 1차 공시
KLOCAL-1dcb5b73dd15046b,연평초등학교병설유치원,2022,16,0,https://e-childschoolinfo.moe.go.kr/,2022년 1차 공시
KLOCAL-f57b640f7d2b17de,연흥유치원,2022,66,0,https://e-childschoolinfo.moe.go.kr/,2022년 1차 공시
KLOCAL-a7594966a338574e,영종유치원,2022,239,12,https://e-childschoolinfo.moe.go.kr/,2022년 1차 공시
KLOCAL-45fd24312e405c2b,영흥초등학교병설유치원,2022,7,0,https://e-childschoolinfo.moe.go.kr/,2022년 1차 공시
KLOCAL-00df819b46080269,예원유치원,2022,36,0,https://e-childschoolinfo.moe.go.kr/,2022년 1차 공시
KLOCAL-66a6f76a70617813,용화유치원,2022,140,0,https://e-childschoolinfo.moe.go.kr/,2022년 1차 공시
KLOCAL-0fea88de34bd253a,유원유치원,2022,89,0,https://e-childschoolinfo.moe.go.kr/,2022년 1차 공시
KLOCAL-d943654a91207e8e,이튼유치원,2022,260,0,https://e-childschoolinfo.moe.go.kr/,2022년 1차 공시
KLOCAL-85f5756001b304e3,인천경원초등학교병설유치원,2022,35,0,https://e-childschoolinfo.moe.go.kr/,2022년 1차 공시
KLOCAL-c7b1ac02486e877e,인천공항유치원,2022,74,4,https://e-childschoolinfo.moe.go.kr/,2022년 1차 공시
KLOCAL-bf23f2ab98fbb26d,인천공항초등학교신도분교장병설유치원,2022,9,0,https://e-childschoolinfo.moe.go.kr/,2022년 1차 공시
KLOCAL-7c23e3e4581c56be,인천대화초등학교병설유치원,2022,16,0,https://e-childschoolinfo.moe.go.kr/,2022년 1차 공시
KLOCAL-d937eda4414c29ee,인천도화초등학교병설유치원,2022,33,3,https://e-childschoolinfo.moe.go.kr/,2022년 1차 공시
KLOCAL-f029b3c36cc10f46,인천만석초등학교병설유치원,2022,15,0,https://e-childschoolinfo.moe.go.kr/,2022년 1차 공시
KLOCAL-9d0fbf322e58c053,인천문학초등학교병설유치원,2022,15,0,https://e-childschoolinfo.moe.go.kr/,2022년 1차 공시
KLOCAL-6a49f1cfda01f663,인천별빛초등학교병설유치원,2022,87,4,https://e-childschoolinfo.moe.go.kr/,2022년 1차 공시
KLOCAL-9a6e8bc74511dd0d,인천삼목초등학교장봉분교장병설유치원,2022,2,0,https://e-childschoolinfo.moe.go.kr/,2022년 1차 공시
KLOCAL-4738008fa5ece47e,인천서림초등학교병설유치원,2022,29,0,https://e-childschoolinfo.moe.go.kr/,2022년 1차 공시
KLOCAL-cc95b8a776d508d8,인천서화초등학교병설유치원,2022,46,0,https://e-childschoolinfo.moe.go.kr/,2022년 1차 공시
KLOCAL-380ee7c054fafc91,인천서흥초등학교병설유치원,2022,17,0,https://e-childschoolinfo.moe.go.kr/,2022년 1차 공시
KLOCAL-46db3a7a96da1ce6,인천송림초등학교병설유치원,2022,8,4,https://e-childschoolinfo.moe.go.kr/,2022년 1차 공시
KLOCAL-951ec0e0cd988c8e,인천송월초등학교병설유치원,2022,4,0,https://e-childschoolinfo.moe.go.kr/,2022년 1차 공시
KLOCAL-73ccc783a23f0675,인천송현초등학교병설유치원,2022,11,0,https://e-childschoolinfo.moe.go.kr/,2022년 1차 공시
KLOCAL-b12b61fbba266e2a,인천숭의초등학교병설유치원,2022,16,0,https://e-childschoolinfo.moe.go.kr/,2022년 1차 공시
KLOCAL-8ba02afc753343e4,인천신선초등학교병설유치원,2022,22,0,https://e-childschoolinfo.moe.go.kr/,2022년 1차 공시
KLOCAL-2f2ce39905da65f8,인천신흥초등학교병설유치원,2022,25,0,https://e-childschoolinfo.moe.go.kr/,2022년 1차 공시
KLOCAL-74d6accdee6575bd,인천연안초등학교병설유치원,2022,45,0,https://e-childschoolinfo.moe.go.kr/,2022년 1차 공시
KLOCAL-f1560b9f1d29c37d,인천연학초등학교병설유치원,2022,16,0,https://e-childschoolinfo.moe.go.kr/,2022년 1차 공시
KLOCAL-1ddb144d8df27d87,인천영종초등학교병설유치원,2022,63,0,https://e-childschoolinfo.moe.go.kr/,2022년 1차 공시
KLOCAL-f49918d712180a3b,인천용유초등학교병설유치원,2022,9,0,https://e-childschoolinfo.moe.go.kr/,2022년 1차 공시
KLOCAL-dbac808d955ed351,인천용일초등학교병설유치원,2022,25,0,https://e-childschoolinfo.moe.go.kr/,2022년 1차 공시
KLOCAL-835ca4886f808119,인천용정초등학교병설유치원,2022,12,0,https://e-childschoolinfo.moe.go.kr/,2022년 1차 공시
KLOCAL-72edaafd1436ee88,인천용학초등학교병설유치원,2022,94,0,https://e-childschoolinfo.moe.go.kr/,2022년 1차 공시
KLOCAL-03906654ce1dfdb4,인천용현남초등학교자월분교장병설유치원,2022,6,0,https://e-childschoolinfo.moe.go.kr/,2022년 1차 공시
KLOCAL-331748ca3b141540,인천인주초등학교병설유치원,2022,7,0,https://e-childschoolinfo.moe.go.kr/,2022년 1차 공시
KLOCAL-1be9ec6cbd10709a,인천주안초등학교병설유치원,2022,20,2,https://e-childschoolinfo.moe.go.kr/,2022년 1차 공시
KLOCAL-b28bba23e63bc43f,인천중산초등학교병설유치원,2022,101,0,https://e-childschoolinfo.moe.go.kr/,2022년 1차 공시
KLOCAL-34cd4a3c1e5df434,인천창영초등학교병설유치원,2022,2,0,https://e-childschoolinfo.moe.go.kr/,2022년 1차 공시
KLOCAL-3caa8d6f764b16f7,인천하늘초등학교병설유치원,2022,46,0,https://e-childschoolinfo.moe.go.kr/,2022년 1차 공시
KLOCAL-78df8739d8df4799,인천학익초등학교병설유치원,2022,20,4,https://e-childschoolinfo.moe.go.kr/,2022년 1차 공시
KLOCAL-89a34f512aff0b8a,자유유치원,2022,89,34,https://e-childschoolinfo.moe.go.kr/,2022년 1차 공시
KLOCAL-7f0082a29bbc1873,재능대학교부속유치원,2022,203,0,https://e-childschoolinfo.moe.go.kr/,2022년 1차 공시
KLOCAL-b3e79d50babb2a89,지영유치원,2022,101,0,https://e-childschoolinfo.moe.go.kr/,2022년 1차 공시
KLOCAL-860b4fda06d66205,진흥유치원,2022,93,0,https://e-childschoolinfo.moe.go.kr/,2022년 1차 공시
KLOCAL-59488b5f10bd36dd,참빛유치원,2022,80,0,https://e-childschoolinfo.moe.go.kr/,2022년 1차 공시
KLOCAL-d3da11d9e1f412b4,초롱유치원,2022,68,0,https://e-childschoolinfo.moe.go.kr/,2022년 1차 공시
KLOCAL-72698116ed206e92,프라임건영유치원,2022,122,0,https://e-childschoolinfo.moe.go.kr/,2022년 1차 공시
KLOCAL-bfbf6ed15649f16b,하늘유치원,2022,68,0,https://e-childschoolinfo.moe.go.kr/,2022년 1차 공시
KLOCAL-5ef1a9f30587f281,한빛유치원,2022,131,0,https://e-childschoolinfo.moe.go.kr/,2022년 1차 공시
KLOCAL-5291bdaab4f312eb,한울유치원,2022,111,0,https://e-childschoolinfo.moe.go.kr/,2022년 1차 공시
KLOCAL-d55991545b9ca28f,해님나라유치원,2022,175,0,https://e-childschoolinfo.moe.go.kr/,2022년 1차 공시
KLOCAL-449480036ac79522,해승유치원,2022,75,0,https://e-childschoolinfo.moe.go.kr/,2022년 1차 공시
KLOCAL-d0c67b00714a002e,간석유치원,2022,75,0,https://e-childschoolinfo.moe.go.kr/,2022년 1차 공시
KLOCAL-3a978356c1843ba3,경희유치원,2022,200,0,https://e-childschoolinfo.moe.go.kr/,2022년 1차 공시
KLOCAL-fe703725d8c5c670,글로벌레인보우유치원,2022,562,0,https://e-childschoolinfo.moe.go.kr/,2022년 1차 공시
KLOCAL-bfd71f3d423988a5,기암유치원,2022,83,0,https://e-childschoolinfo.moe.go.kr/,2022년 1차 공시
KLOCAL-251be2946e3f2e1e,꿈동산유치원,2022,175,0,https://e-childschoolinfo.moe.go.kr/,2022년 1차 공시
KLOCAL-8178a2810111b4ae,꿈의보람유치원,2022,63,0,https://e-childschoolinfo.moe.go.kr/,2022년 1차 공시
KLOCAL-033a97f22a8d5674,논현유치원,2022,81,8,https://e-childschoolinfo.moe.go.kr/,2022년 1차 공시
KLOCAL-d5c54935ca8ff71b,다샘유치원,2022,54,0,https://e-childschoolinfo.moe.go.kr/,2022년 1차 공시
KLOCAL-b71f83339bbf6c7f,다슬기유치원,2022,64,0,https://e-childschoolinfo.moe.go.kr/,2022년 1차 공시
KLOCAL-6daf1b262c32a08c,동심유치원,2022,179,0,https://e-childschoolinfo.moe.go.kr/,2022년 1차 공시
KLOCAL-63399426933f9ae4,동화나라유치원,2022,96,0,https://e-childschoolinfo.moe.go.kr/,2022년 1차 공시
KLOCAL-f00d9d321a9f4277,딩동댕유치원,2022,136,0,https://e-childschoolinfo.moe.go.kr/,2022년 1차 공시
KLOCAL-65f18e0f28637028,미상지유치원,2022,147,0,https://e-childschoolinfo.moe.go.kr/,2022년 1차 공시
KLOCAL-c4161023af71f7b8,미예뜰유치원,2022,183,0,https://e-childschoolinfo.moe.go.kr/,2022년 1차 공시
KLOCAL-fd52787ce68b9cc4,바다의별유치원,2022,120,0,https://e-childschoolinfo.moe.go.kr/,2022년 1차 공시
KLOCAL-4db1d0730f341b82,반디유치원,2022,270,0,https://e-childschoolinfo.moe.go.kr/,2022년 1차 공시
KLOCAL-4a0dd0e09f7c170a,복자유치원,2022,146,0,https://e-childschoolinfo.moe.go.kr/,2022년 1차 공시
KLOCAL-a13484cce102c7ad,부광예능유치원,2022,84,0,https://e-childschoolinfo.moe.go.kr/,2022년 1차 공시
KLOCAL-8623b37927321be0,부광유치원,2022,82,0,https://e-childschoolinfo.moe.go.kr/,2022년 1차 공시
KLOCAL-7e915f13c355f440,브레인유치원,2022,224,0,https://e-childschoolinfo.moe.go.kr/,2022년 1차 공시
KLOCAL-12d27bc6e1660e9d,사랑유치원,2022,121,0,https://e-childschoolinfo.moe.go.kr/,2022년 1차 공시
KLOCAL-100df6af0fea38c9,삼성유치원,2022,93,0,https://e-childschoolinfo.moe.go.kr/,2022년 1차 공시
KLOCAL-6676c2bcefece192,새싹유치원,2022,104,0,https://e-childschoolinfo.moe.go.kr/,2022년 1차 공시
KLOCAL-107a8c06c18f2a60,새예지유치원,2022,137,0,https://e-childschoolinfo.moe.go.kr/,2022년 1차 공시
KLOCAL-43f7ad8ac4fd97b4,새인예유치원,2022,54,0,https://e-childschoolinfo.moe.go.kr/,2022년 1차 공시
KLOCAL-f79433e81215e45b,새하늘유치원,2022,68,0,https://e-childschoolinfo.moe.go.kr/,2022년 1차 공시
KLOCAL-ee92f238c00ca8b5,샤인유치원,2022,193,0,https://e-childschoolinfo.moe.go.kr/,2022년 1차 공시
KLOCAL-67e0c5eb116913d6,소담숲유치원,2022,146,0,https://e-childschoolinfo.moe.go.kr/,2022년 1차 공시
KLOCAL-e47e237956c9037b,송도국제유치원,2022,532,0,https://e-childschoolinfo.moe.go.kr/,2022년 1차 공시
KLOCAL-4d24c45e629f00af,수피아유치원,2022,174,0,https://e-childschoolinfo.moe.go.kr/,2022년 1차 공시
KLOCAL-fd832db87ee2afb4,숲속의유치원,2022,87,0,https://e-childschoolinfo.moe.go.kr/,2022년 1차 공시
KLOCAL-f591f4da9fb6832b,신도유치원,2022,59,0,https://e-childschoolinfo.moe.go.kr/,2022년 1차 공시
KLOCAL-369a4964372d4b20,신명유치원,2022,109,0,https://e-childschoolinfo.moe.go.kr/,2022년 1차 공시
KLOCAL-c8f2705298b07183,아름솔유치원,2022,136,0,https://e-childschoolinfo.moe.go.kr/,2022년 1차 공시
KLOCAL-ff3c969cd7af6837,아삽유치원,2022,80,0,https://e-childschoolinfo.moe.go.kr/,2022년 1차 공시
KLOCAL-1375cec9fea0c803,아이웰유치원,2022,109,0,https://e-childschoolinfo.moe.go.kr/,2022년 1차 공시
KLOCAL-2c8aa292f224503d,아이큰별유치원,2022,163,0,https://e-childschoolinfo.moe.go.kr/,2022년 1차 공시
KLOCAL-34fbb34c9c9f34c7,에듀피아유치원,2022,321,0,https://e-childschoolinfo.moe.go.kr/,2022년 1차 공시
KLOCAL-e436b88a780add2c,에이스화인유치원,2022,388,0,https://e-childschoolinfo.moe.go.kr/,2022년 1차 공시
KLOCAL-778bc903de10783e,연수유치원,2022,81,0,https://e-childschoolinfo.moe.go.kr/,2022년 1차 공시
KLOCAL-117cde7db840a10e,예다원유치원,2022,390,0,https://e-childschoolinfo.moe.go.kr/,2022년 1차 공시
KLOCAL-a73becd81df8c04e,온누리비전유치원,2022,85,0,https://e-childschoolinfo.moe.go.kr/,2022년 1차 공시
KLOCAL-2b73eb96ef811bfa,유석화유치원,2022,81,0,https://e-childschoolinfo.moe.go.kr/,2022년 1차 공시
KLOCAL-41ab9125b086444d,유엔유치원,2022,340,0,https://e-childschoolinfo.moe.go.kr/,2022년 1차 공시
KLOCAL-6cc247e473a0dd94,인보유치원,2022,74,0,https://e-childschoolinfo.moe.go.kr/,2022년 1차 공시
KLOCAL-28e854d271c0e8e1,인천간석초등학교병설유치원,2022,45,4,https://e-childschoolinfo.moe.go.kr/,2022년 1차 공시
KLOCAL-bb78c900eca43f09,인천고잔유치원,2022,107,8,https://e-childschoolinfo.moe.go.kr/,2022년 1차 공시
KLOCAL-34f51f462724b79d,인천고잔초등학교병설유치원,2022,40,0,https://e-childschoolinfo.moe.go.kr/,2022년 1차 공시
KLOCAL-90f24a9a996ac511,인천구월서초등학교병설유치원,2022,5,0,https://e-childschoolinfo.moe.go.kr/,2022년 1차 공시
KLOCAL-c3820bd9125fc45b,인천구월유치원,2022,140,12,https://e-childschoolinfo.moe.go.kr/,2022년 1차 공시
KLOCAL-f7865938c34c572d,인천남촌초등학교병설유치원,2022,4,0,https://e-childschoolinfo.moe.go.kr/,2022년 1차 공시
KLOCAL-fc233c4e719c1c84,인천논곡초등학교병설유치원,2022,14,2,https://e-childschoolinfo.moe.go.kr/,2022년 1차 공시
KLOCAL-394d164ed7bec392,인천도림초등학교병설유치원,2022,15,0,https://e-childschoolinfo.moe.go.kr/,2022년 1차 공시
KLOCAL-c450a0dccff7fa8a,인천동방초등학교병설유치원,2022,30,0,https://e-childschoolinfo.moe.go.kr/,2022년 1차 공시
KLOCAL-d0880bc91ea3a11c,인천동부초등학교병설유치원,2022,10,0,https://e-childschoolinfo.moe.go.kr/,2022년 1차 공시
KLOCAL-32d3ae6b63e1b618,인천동춘초등학교병설유치원,2022,19,0,https://e-childschoolinfo.moe.go.kr/,2022년 1차 공시
KLOCAL-f03b39efeda7c1e2,인천만수초등학교병설유치원,2022,27,4,https://e-childschoolinfo.moe.go.kr/,2022년 1차 공시
KLOCAL-ef25cce87a4a5a4a,인천만월초등학교병설유치원,2022,39,0,https://e-childschoolinfo.moe.go.kr/,2022년 1차 공시
KLOCAL-7cd8621a409ee80e,인천먼우금초등학교병설유치원,2022,45,0,https://e-childschoolinfo.moe.go.kr/,2022년 1차 공시
KLOCAL-9e1ecde17b4153f9,인천명선초등학교병설유치원,2022,53,0,https://e-childschoolinfo.moe.go.kr/,2022년 1차 공시
KLOCAL-6c86da3feb44d69f,인천미송유치원,2022,365,11,https://e-childschoolinfo.moe.go.kr/,2022년 1차 공시
KLOCAL-5a6e8949c07c2398,인천미송초등학교병설유치원,2022,78,0,https://e-childschoolinfo.moe.go.kr/,2022년 1차 공시
KLOCAL-b77a1bafb9d14dde,인천사리울초등학교병설유치원,2022,38,0,https://e-childschoolinfo.moe.go.kr/,2022년 1차 공시
KLOCAL-fda225ae2869cf69,인천상아초등학교병설유치원,2022,39,0,https://e-childschoolinfo.moe.go.kr/,2022년 1차 공시
KLOCAL-a6f87c22e938f04d,인천새봄초등학교병설유치원,2022,65,0,https://e-childschoolinfo.moe.go.kr/,2022년 1차 공시
KLOCAL-a13112ed33df123c,인천서창초등학교병설유치원,2022,31,0,https://e-childschoolinfo.moe.go.kr/,2022년 1차 공시
KLOCAL-7b02766e15ef5760,인천성리초등학교병설유치원,2022,3,0,https://e-childschoolinfo.moe.go.kr/,2022년 1차 공시
KLOCAL-10682fedb5eb5c47,인천소래초등학교병설유치원,2022,41,4,https://e-childschoolinfo.moe.go.kr/,2022년 1차 공시
KLOCAL-edd263eb4f557278,인천송담초등학교병설유치원,2022,66,4,https://e-childschoolinfo.moe.go.kr/,2022년 1차 공시
KLOCAL-a30030402106c616,인천송도꿈유치원,2022,379,12,https://e-childschoolinfo.moe.go.kr/,2022년 1차 공시
KLOCAL-4eab697aec7ffe81,인천송명초등학교병설유치원,2022,51,0,https://e-childschoolinfo.moe.go.kr/,2022년 1차 공시
KLOCAL-278a27da1c51475e,인천송원초등학교병설유치원,2022,66,0,https://e-childschoolinfo.moe.go.kr/,2022년 1차 공시
KLOCAL-c0b666f4a95885af,인천송일초등학교병설유치원,2022,50,0,https://e-childschoolinfo.moe.go.kr/,2022년 1차 공시
KLOCAL-f9615dc5f6bb8ee0,인천신송초등학교병설유치원,2022,44,0,https://e-childschoolinfo.moe.go.kr/,2022년 1차 공시
KLOCAL-217d5f1aa8131427,인천신월초등학교병설유치원,2022,9,4,https://e-childschoolinfo.moe.go.kr/,2022년 1차 공시
KLOCAL-1519f421f42d9d8a,인천신정초등학교병설유치원,2022,57,3,https://e-childschoolinfo.moe.go.kr/,2022년 1차 공시
KLOCAL-7d6ec0482027aa78,인천예송유치원,2022,247,12,https://e-childschoolinfo.moe.go.kr/,2022년 1차 공시
KLOCAL-e6f561eea690e9ea,인천예송초등학교병설유치원,2022,72,4,https://e-childschoolinfo.moe.go.kr/,2022년 1차 공시
KLOCAL-c71d186619793815,인천원동초등학교병설유치원,2022,53,0,https://e-childschoolinfo.moe.go.kr/,2022년 1차 공시
KLOCAL-b97d990836849b04,인천은송초등학교병설유치원,2022,71,4,https://e-childschoolinfo.moe.go.kr/,2022년 1차 공시
KLOCAL-96cfe3734dfe7f6f,인천인동초등학교병설유치원,2022,22,0,https://e-childschoolinfo.moe.go.kr/,2022년 1차 공시
KLOCAL-f2b56eb375536aa8,인천장도초등학교병설유치원,2022,32,0,https://e-childschoolinfo.moe.go.kr/,2022년 1차 공시
KLOCAL-6f2e5971d64c0765,인천장서초등학교병설유치원,2022,75,0,https://e-childschoolinfo.moe.go.kr/,2022년 1차 공시
KLOCAL-1cba793eaad3af21,인천장수초등학교병설유치원,2022,9,2,https://e-childschoolinfo.moe.go.kr/,2022년 1차 공시
KLOCAL-439127f6b925d297,인천장아초등학교병설유치원,2022,38,0,https://e-childschoolinfo.moe.go.kr/,2022년 1차 공시
KLOCAL-0d94659e002bb7af,인천정각초등학교병설유치원,2022,46,4,https://e-childschoolinfo.moe.go.kr/,2022년 1차 공시
KLOCAL-abb50af7d2260f86,인천주원초등학교병설유치원,2022,15,0,https://e-childschoolinfo.moe.go.kr/,2022년 1차 공시
KLOCAL-61114cb3327df41f,인천첨단초등학교병설유치원,2022,94,0,https://e-childschoolinfo.moe.go.kr/,2022년 1차 공시
KLOCAL-bf2a1d84ff1f0be4,인천청학초등학교병설유치원,2022,19,0,https://e-childschoolinfo.moe.go.kr/,2022년 1차 공시
KLOCAL-8e56ade33984c867,인천축현초등학교병설유치원,2022,18,0,https://e-childschoolinfo.moe.go.kr/,2022년 1차 공시
KLOCAL-dc5e4c9a4f7a45e8,인천한빛초등학교병설유치원,2022,77,0,https://e-childschoolinfo.moe.go.kr/,2022년 1차 공시
KLOCAL-18b3e8f4c6c007f3,인천해송초등학교병설유치원,2022,35,1,https://e-childschoolinfo.moe.go.kr/,2022년 1차 공시
KLOCAL-10995438901baf02,인천현송초등학교병설유치원,2022,50,4,https://e-childschoolinfo.moe.go.kr/,2022년 1차 공시
KLOCAL-a243e71bda61eb84,자연발도르프유치원,2022,150,0,https://e-childschoolinfo.moe.go.kr/,2022년 1차 공시
KLOCAL-5797361de35b1d37,작은꽃예능유치원,2022,104,0,https://e-childschoolinfo.moe.go.kr/,2022년 1차 공시
KLOCAL-89210c1d0d118cbb,제니스유치원,2022,353,0,https://e-childschoolinfo.moe.go.kr/,2022년 1차 공시
KLOCAL-d1f974afc89b04e4,조은유치원,2022,49,0,https://e-childschoolinfo.moe.go.kr/,2022년 1차 공시
KLOCAL-5f898a9cc2711bd4,참아름유치원,2022,150,0,https://e-childschoolinfo.moe.go.kr/,2022년 1차 공시
KLOCAL-2b07c33dd5f30eca,참조은유치원,2022,155,0,https://e-childschoolinfo.moe.go.kr/,2022년 1차 공시
KLOCAL-ae41e29b3e0ee2d0,청담숲유치원,2022,136,0,https://e-childschoolinfo.moe.go.kr/,2022년 1차 공시
KLOCAL-cb0f3434a75d79da,청송유치원,2022,92,0,https://e-childschoolinfo.moe.go.kr/,2022년 1차 공시
KLOCAL-700c16dffdf23664,청학숲유치원,2022,226,0,https://e-childschoolinfo.moe.go.kr/,2022년 1차 공시
KLOCAL-1fcc5bb819b6a357,큰별유치원,2022,151,0,https://e-childschoolinfo.moe.go.kr/,2022년 1차 공시
KLOCAL-f9c23299c9f29c92,키즈월드유치원,2022,76,0,https://e-childschoolinfo.moe.go.kr/,2022년 1차 공시
KLOCAL-b9a00b06c19a5b27,푸른마을유치원,2022,161,0,https://e-childschoolinfo.moe.go.kr/,2022년 1차 공시
KLOCAL-a0b7cbe5a91d6fc3,프라임명지유치원,2022,207,0,https://e-childschoolinfo.moe.go.kr/,2022년 1차 공시
KLOCAL-3267d41d2d4da711,프라임예지유치원,2022,401,0,https://e-childschoolinfo.moe.go.kr/,2022년 1차 공시
KLOCAL-28e51f0551b2fcfd,하늘땅유치원,2022,266,0,https://e-childschoolinfo.moe.go.kr/,2022년 1차 공시
KLOCAL-c24174173a80af5d,해나라유치원,2022,146,0,https://e-childschoolinfo.moe.go.kr/,2022년 1차 공시
KLOCAL-9fd7e2d0a4c711bb,해돋이유치원,2022,13,0,https://e-childschoolinfo.moe.go.kr/,2022년 1차 공시
KLOCAL-03eaab4ac9dbb6a3,해승유치원,2022,143,0,https://e-childschoolinfo.moe.go.kr/,2022년 1차 공시
KLOCAL-1fd3e98881a11318,해와달유치원,2022,73,0,https://e-childschoolinfo.moe.go.kr/,2022년 1차 공시
KLOCAL-25a0b873b3438607,행복한유치원,2022,54,0,https://e-childschoolinfo.moe.go.kr/,2022년 1차 공시
KLOCAL-799d3765effdf6c9,The큰빛유치원,2022,247,0,https://e-childschoolinfo.moe.go.kr/,2022년 1차 공시
KLOCAL-bf4a58b2949b1422,경인여자대학교부속유치원,2022,140,0,https://e-childschoolinfo.moe.go.kr/,2022년 1차 공시
KLOCAL-ec9c24186f6f3b8f,경희동화나라유치원,2022,85,0,https://e-childschoolinfo.moe.go.kr/,2022년 1차 공시
KLOCAL-aa56465393a9dbf8,계양유치원,2022,74,0,https://e-childschoolinfo.moe.go.kr/,2022년 1차 공시
KLOCAL-000e957d3ab6431c,근산유치원,2022,249,0,https://e-childschoolinfo.moe.go.kr/,2022년 1차 공시
KLOCAL-8ed8228b0a070bd1,꿈나라유치원,2022,128,0,https://e-childschoolinfo.moe.go.kr/,2022년 1차 공시
KLOCAL-10a79f1b1d9bbd9f,꿈나무유치원,2022,52,0,https://e-childschoolinfo.moe.go.kr/,2022년 1차 공시
KLOCAL-820463ae379873df,노틀담유치원,2022,50,0,https://e-childschoolinfo.moe.go.kr/,2022년 1차 공시
KLOCAL-4d4340c9fc828cb1,동심유치원,2022,97,0,https://e-childschoolinfo.moe.go.kr/,2022년 1차 공시
KLOCAL-d35107fb247c2293,드림유치원,2022,283,0,https://e-childschoolinfo.moe.go.kr/,2022년 1차 공시
KLOCAL-8dd20cefda1ca1a9,마리아유치원,2022,86,0,https://e-childschoolinfo.moe.go.kr/,2022년 1차 공시
KLOCAL-1b4643e77630943f,무지개유치원,2022,201,0,https://e-childschoolinfo.moe.go.kr/,2022년 1차 공시
KLOCAL-d6dfad898c1c6e59,미래유치원,2022,106,0,https://e-childschoolinfo.moe.go.kr/,2022년 1차 공시
KLOCAL-b1ebeb063c6b35bf,밀알유치원,2022,155,0,https://e-childschoolinfo.moe.go.kr/,2022년 1차 공시
KLOCAL-4fc071e233a4b10e,보나유치원,2022,173,0,https://e-childschoolinfo.moe.go.kr/,2022년 1차 공시
KLOCAL-cec3aed5db587e4f,보람유치원,2022,164,0,https://e-childschoolinfo.moe.go.kr/,2022년 1차 공시
KLOCAL-c23244892488770c,산곡유치원,2022,147,0,https://e-childschoolinfo.moe.go.kr/,2022년 1차 공시
KLOCAL-89f989b3e811883f,산들유치원,2022,138,0,https://e-childschoolinfo.moe.go.kr/,2022년 1차 공시
KLOCAL-d8bc2d350c1a4b3f,삼산유치원,2022,59,12,https://e-childschoolinfo.moe.go.kr/,2022년 1차 공시
KLOCAL-e9f605efb8473d0b,상아유치원,2022,49,0,https://e-childschoolinfo.moe.go.kr/,2022년 1차 공시
KLOCAL-a038d3e4ea578813,새빛솔금유치원,2022,112,0,https://e-childschoolinfo.moe.go.kr/,2022년 1차 공시
KLOCAL-7db8731930533c91,서해유치원,2022,76,0,https://e-childschoolinfo.moe.go.kr/,2022년 1차 공시
KLOCAL-f75e1b7433faa86d,석화유치원,2022,55,0,https://e-childschoolinfo.moe.go.kr/,2022년 1차 공시
KLOCAL-2f487e44a994a758,성심유치원,2022,98,0,https://e-childschoolinfo.moe.go.kr/,2022년 1차 공시
KLOCAL-9f6aa62c8072b43d,성아유치원,2022,42,0,https://e-childschoolinfo.moe.go.kr/,2022년 1차 공시
KLOCAL-ad69756960486f7d,숲속유치원,2022,112,0,https://e-childschoolinfo.moe.go.kr/,2022년 1차 공시
KLOCAL-93134beb67614dd4,아란유치원,2022,93,0,https://e-childschoolinfo.moe.go.kr/,2022년 1차 공시
KLOCAL-1e0f6cb24019a829,엄지유치원,2022,73,0,https://e-childschoolinfo.moe.go.kr/,2022년 1차 공시
KLOCAL-a9d87dc7c78bb460,에코프라임유치원,2022,48,0,https://e-childschoolinfo.moe.go.kr/,2022년 1차 공시
KLOCAL-52870ab69b81e458,엔젤유치원,2022,10,0,https://e-childschoolinfo.moe.go.kr/,2022년 1차 공시
KLOCAL-b40f58f5747ed00c,연세유치원,2022,88,0,https://e-childschoolinfo.moe.go.kr/,2022년 1차 공시
KLOCAL-a75ab82d043d1d3c,열림유치원,2022,119,0,https://e-childschoolinfo.moe.go.kr/,2022년 1차 공시
KLOCAL-b9f9b3b6acb3e646,열우물유치원,2022,49,0,https://e-childschoolinfo.moe.go.kr/,2022년 1차 공시
KLOCAL-1923165e7aafe096,영광유치원,2022,191,0,https://e-childschoolinfo.moe.go.kr/,2022년 1차 공시
KLOCAL-2dec811cf063913d,예그랑유치원,2022,36,0,https://e-childschoolinfo.moe.go.kr/,2022년 1차 공시
KLOCAL-28fe79464ba28534,예림유치원,2022,57,0,https://e-childschoolinfo.moe.go.kr/,2022년 1차 공시
KLOCAL-56a50a91ae4989cb,예소담유치원,2022,117,0,https://e-childschoolinfo.moe.go.kr/,2022년 1차 공시
KLOCAL-dbea3b1337a43ee7,예원유치원,2022,179,0,https://e-childschoolinfo.moe.go.kr/,2022년 1차 공시
KLOCAL-b160ba4a3527af43,은현유치원,2022,120,0,https://e-childschoolinfo.moe.go.kr/,2022년 1차 공시
KLOCAL-06aad668ba6db02c,이노필유치원,2022,19,0,https://e-childschoolinfo.moe.go.kr/,2022년 1차 공시
KLOCAL-314ae4685daf3578,이든유치원,2022,125,0,https://e-childschoolinfo.moe.go.kr/,2022년 1차 공시
KLOCAL-2a7e08fead8ef96b,이바유치원,2022,95,0,https://e-childschoolinfo.moe.go.kr/,2022년 1차 공시
KLOCAL-d50e97c5d449d3e1,이화유치원,2022,146,0,https://e-childschoolinfo.moe.go.kr/,2022년 1차 공시
KLOCAL-00d7d85e52a053a8,인천갈월초등학교병설유치원,2022,15,0,https://e-childschoolinfo.moe.go.kr/,2022년 1차 공시
KLOCAL-02221618c55c5603,인천계양초등학교병설유치원,2022,24,0,https://e-childschoolinfo.moe.go.kr/,2022년 1차 공시
KLOCAL-795e68028ccfe327,인천굴포초등학교병설유치원,2022,54,4,https://e-childschoolinfo.moe.go.kr/,2022년 1차 공시
KLOCAL-2e27b0337e9883ca,인천귤현초등학교병설유치원,2022,42,0,https://e-childschoolinfo.moe.go.kr/,2022년 1차 공시
KLOCAL-528dcc8ceefc1f83,인천금마초등학교병설유치원,2022,27,4,https://e-childschoolinfo.moe.go.kr/,2022년 1차 공시
KLOCAL-5d2374027a21efe0,인천길주초등학교병설유치원,2022,39,0,https://e-childschoolinfo.moe.go.kr/,2022년 1차 공시
KLOCAL-0fab6c92ee3a52d6,인천당산초등학교병설유치원,2022,33,0,https://e-childschoolinfo.moe.go.kr/,2022년 1차 공시
KLOCAL-36fdf3552e15dcd7,인천동암초등학교병설유치원,2022,18,0,https://e-childschoolinfo.moe.go.kr/,2022년 1차 공시
KLOCAL-fa0b23e1b953919a,인천마곡초등학교병설유치원,2022,10,3,https://e-childschoolinfo.moe.go.kr/,2022년 1차 공시
KLOCAL-4dfa29d594589afd,인천명현초등학교병설유치원,2022,17,0,https://e-childschoolinfo.moe.go.kr/,2022년 1차 공시
KLOCAL-2ee6cf805dfe4f3f,인천미산초등학교병설유치원,2022,8,3,https://e-childschoolinfo.moe.go.kr/,2022년 1차 공시
KLOCAL-245e760a0802fd93,인천백운초등학교병설유치원,2022,16,0,https://e-childschoolinfo.moe.go.kr/,2022년 1차 공시
KLOCAL-7738df6499839a0d,인천부개서초등학교병설유치원,2022,25,0,https://e-childschoolinfo.moe.go.kr/,2022년 1차 공시
KLOCAL-43e30ed66f88da53,인천부개초등학교병설유치원,2022,11,0,https://e-childschoolinfo.moe.go.kr/,2022년 1차 공시
KLOCAL-549b4c127ea514d3,인천부광초등학교병설유치원,2022,13,0,https://e-childschoolinfo.moe.go.kr/,2022년 1차 공시
KLOCAL-106cec12938f9093,인천부마초등학교병설유치원,2022,51,8,https://e-childschoolinfo.moe.go.kr/,2022년 1차 공시
KLOCAL-5b76fc7bb28b95d2,인천부원초등학교병설유치원,2022,51,4,https://e-childschoolinfo.moe.go.kr/,2022년 1차 공시
KLOCAL-1b7dad99867a6eaf,인천부일초등학교병설유치원,2022,48,2,https://e-childschoolinfo.moe.go.kr/,2022년 1차 공시
KLOCAL-ebb7f219b7dc3c02,인천부평남초등학교병설유치원,2022,15,0,https://e-childschoolinfo.moe.go.kr/,2022년 1차 공시
KLOCAL-7268e62cbbfb14b0,인천부평동초등학교병설유치원,2022,37,4,https://e-childschoolinfo.moe.go.kr/,2022년 1차 공시
KLOCAL-e7025d490b504a01,인천부평북초등학교병설유치원,2022,9,4,https://e-childschoolinfo.moe.go.kr/,2022년 1차 공시
KLOCAL-ccc93f34c68fe601,인천부평서초등학교병설유치원,2022,12,0,https://e-childschoolinfo.moe.go.kr/,2022년 1차 공시
KLOCAL-036b8dcaab889693,인천부현초등학교병설유치원,2022,10,0,https://e-childschoolinfo.moe.go.kr/,2022년 1차 공시
KLOCAL-c2742aa23baa310a,인천산곡초등학교병설유치원,2022,8,0,https://e-childschoolinfo.moe.go.kr/,2022년 1차 공시
KLOCAL-249efd582bc3c17a,인천상정초등학교병설유치원,2022,15,4,https://e-childschoolinfo.moe.go.kr/,2022년 1차 공시
KLOCAL-f772a80f44ffb1a0,인천서운초등학교병설유치원,2022,21,0,https://e-childschoolinfo.moe.go.kr/,2022년 1차 공시
KLOCAL-fec14b51fc4d9297,인천성지초등학교병설유치원,2022,17,3,https://e-childschoolinfo.moe.go.kr/,2022년 1차 공시
KLOCAL-92309078310854ad,인천소양초등학교병설유치원,2022,21,0,https://e-childschoolinfo.moe.go.kr/,2022년 1차 공시
KLOCAL-8a55755e2e4733cb,인천십정초등학교병설유치원,2022,2,0,https://e-childschoolinfo.moe.go.kr/,2022년 1차 공시
KLOCAL-7de363a40d49f18a,인천안남초등학교병설유치원,2022,38,10,https://e-childschoolinfo.moe.go.kr/,2022년 1차 공시
KLOCAL-1e7e2df89b52dc62,인천안산초등학교병설유치원,2022,18,0,https://e-childschoolinfo.moe.go.kr/,2022년 1차 공시
KLOCAL-b0f87221d172f370,인천양촌초등학교병설유치원,2022,14,0,https://e-childschoolinfo.moe.go.kr/,2022년 1차 공시
KLOCAL-d59c3c131dfc2700,인천영선초등학교병설유치원,2022,29,0,https://e-childschoolinfo.moe.go.kr/,2022년 1차 공시
KLOCAL-01a5916f0b28e44c,인천용마초등학교병설유치원,2022,26,0,https://e-childschoolinfo.moe.go.kr/,2022년 1차 공시
KLOCAL-56debb39372c4ba0,인천진산초등학교병설유치원,2022,25,0,https://e-childschoolinfo.moe.go.kr/,2022년 1차 공시
KLOCAL-281c2fad3f04d06c,인천한길초등학교병설유치원,2022,29,0,https://e-childschoolinfo.moe.go.kr/,2022년 1차 공시
KLOCAL-dcebf30aba91b8e1,인천해서초등학교병설유치원,2022,5,4,https://e-childschoolinfo.moe.go.kr/,2022년 1차 공시
KLOCAL-896263eeca0cb24e,인천화전유치원,2022,82,10,https://e-childschoolinfo.moe.go.kr/,2022년 1차 공시
KLOCAL-a458fa05dd151711,인천후정초등학교병설유치원,2022,45,0,https://e-childschoolinfo.moe.go.kr/,2022년 1차 공시
KLOCAL-e340aa37ee0b17d0,자연유치원,2022,97,0,https://e-childschoolinfo.moe.go.kr/,2022년 1차 공시
KLOCAL-3e7958b6a4d50a61,정민유치원,2022,152,0,https://e-childschoolinfo.moe.go.kr/,2022년 1차 공시
KLOCAL-bfc36b4ee580645c,정원유치원,2022,90,0,https://e-childschoolinfo.moe.go.kr/,2022년 1차 공시
KLOCAL-a2d75433658bba16,청송유치원,2022,32,0,https://e-childschoolinfo.moe.go.kr/,2022년 1차 공시
KLOCAL-0308f9e9a9e42dfd,청원유치원,2022,87,0,https://e-childschoolinfo.moe.go.kr/,2022년 1차 공시
KLOCAL-3a53daf795aebc01,프렌즈유치원,2022,96,0,https://e-childschoolinfo.moe.go.kr/,2022년 1차 공시
KLOCAL-3604491d53b601b4,한빛유치원,2022,45,0,https://e-childschoolinfo.moe.go.kr/,2022년 1차 공시
KLOCAL-ace02cf4887a0b04,해마루유치원,2022,93,0,https://e-childschoolinfo.moe.go.kr/,2022년 1차 공시
KLOCAL-c8f91a641f618071,해승유치원,2022,100,0,https://e-childschoolinfo.moe.go.kr/,2022년 1차 공시
KLOCAL-410831a720cf17a1,햇살유치원,2022,110,0,https://e-childschoolinfo.moe.go.kr/,2022년 1차 공시
KLOCAL-db47790fb79ebb49,현대유치원,2022,97,0,https://e-childschoolinfo.moe.go.kr/,2022년 1차 공시
KLOCAL-624dd65d9a69a6fd,홍익유치원,2022,74,0,https://e-childschoolinfo.moe.go.kr/,2022년 1차 공시
KLOCAL-d4bd51f655c7d518,경서유치원,2022,184,0,https://e-childschoolinfo.moe.go.kr/,2022년 1차 공시
KLOCAL-85ad7b101c5863a9,경인무지개유치원,2022,14,0,https://e-childschoolinfo.moe.go.kr/,2022년 1차 공시
KLOCAL-8a9b86e4d794522b,꼬마정원유치원,2022,215,0,https://e-childschoolinfo.moe.go.kr/,2022년 1차 공시
KLOCAL-6fa4617437939184,꿈드림유치원,2022,63,0,https://e-childschoolinfo.moe.go.kr/,2022년 1차 공시
KLOCAL-c3dd9c1d20fd07e2,다은유치원,2022,250,0,https://e-childschoolinfo.moe.go.kr/,2022년 1차 공시
KLOCAL-bf9218e3aa324e42,동진유치원,2022,47,0,https://e-childschoolinfo.moe.go.kr/,2022년 1차 공시
KLOCAL-b3e032dc919c404c,드림유치원,2022,367,0,https://e-childschoolinfo.moe.go.kr/,2022년 1차 공시
KLOCAL-9c183b9823ea39ea,리라유치원,2022,91,0,https://e-childschoolinfo.moe.go.kr/,2022년 1차 공시
KLOCAL-d73e3aece4b7ed2b,명문유치원,2022,98,0,https://e-childschoolinfo.moe.go.kr/,2022년 1차 공시
KLOCAL-8e217d7a0b8a977c,무지개유치원,2022,93,0,https://e-childschoolinfo.moe.go.kr/,2022년 1차 공시
KLOCAL-25824987347b89df,바다유치원,2022,70,0,https://e-childschoolinfo.moe.go.kr/,2022년 1차 공시
KLOCAL-c97c061a2c04c5cd,뿌리유치원,2022,75,0,https://e-childschoolinfo.moe.go.kr/,2022년 1차 공시
KLOCAL-e7b2e54679f46271,사랑나무유치원,2022,20,0,https://e-childschoolinfo.moe.go.kr/,2022년 1차 공시
KLOCAL-9caec56ae5d4653c,사랑샘유치원,2022,442,0,https://e-childschoolinfo.moe.go.kr/,2022년 1차 공시
KLOCAL-d19a0e7bb3217421,산새소리유치원,2022,254,0,https://e-childschoolinfo.moe.go.kr/,2022년 1차 공시
KLOCAL-266ed741dd996b8d,산울림유치원,2022,64,0,https://e-childschoolinfo.moe.go.kr/,2022년 1차 공시
KLOCAL-660f3e0dcf70c20f,새한신유치원,2022,145,0,https://e-childschoolinfo.moe.go.kr/,2022년 1차 공시
KLOCAL-3e73ad45d397e6b0,세라유치원,2022,246,0,https://e-childschoolinfo.moe.go.kr/,2022년 1차 공시
KLOCAL-5f31278c2ab82f0a,아림유치원,2022,150,0,https://e-childschoolinfo.moe.go.kr/,2022년 1차 공시
KLOCAL-7b4637c902db7d09,아이사랑유치원,2022,224,0,https://e-childschoolinfo.moe.go.kr/,2022년 1차 공시
KLOCAL-d4ce0dfb265b45db,에녹유치원,2022,38,0,https://e-childschoolinfo.moe.go.kr/,2022년 1차 공시
KLOCAL-23e886f24f770204,엔젤유치원,2022,122,0,https://e-childschoolinfo.moe.go.kr/,2022년 1차 공시
KLOCAL-a86f6ae287b18882,연희유치원,2022,136,0,https://e-childschoolinfo.moe.go.kr/,2022년 1차 공시
KLOCAL-7a8ef99aafe1ff7b,예빛유치원,2022,178,0,https://e-childschoolinfo.moe.go.kr/,2022년 1차 공시
KLOCAL-97068fb68321a483,예인유치원,2022,115,0,https://e-childschoolinfo.moe.go.kr/,2022년 1차 공시
KLOCAL-432cd97ec470568e,예일유치원,2022,154,0,https://e-childschoolinfo.moe.go.kr/,2022년 1차 공시
KLOCAL-696372f793199769,예지유치원,2022,123,0,https://e-childschoolinfo.moe.go.kr/,2022년 1차 공시
KLOCAL-3e82cc8bc9518c92,은하유치원,2022,144,0,https://e-childschoolinfo.moe.go.kr/,2022년 1차 공시
KLOCAL-3c3f330218751057,인천가림초등학교병설유치원,2022,6,3,https://e-childschoolinfo.moe.go.kr/,2022년 1차 공시
KLOCAL-2eee87a9fad3f959,인천가석초등학교병설유치원,2022,17,1,https://e-childschoolinfo.moe.go.kr/,2022년 1차 공시
KLOCAL-1b478ca1f5cbe41e,인천가원초등학교병설유치원,2022,53,4,https://e-childschoolinfo.moe.go.kr/,2022년 1차 공시
KLOCAL-8f015ad565f90f24,인천가정초등학교병설유치원,2022,17,0,https://e-childschoolinfo.moe.go.kr/,2022년 1차 공시
KLOCAL-0b89b3cbc388c8d7,인천가현초등학교병설유치원,2022,66,0,https://e-childschoolinfo.moe.go.kr/,2022년 1차 공시
KLOCAL-d17bb226ab52939f,인천간재울초등학교병설유치원,2022,32,0,https://e-childschoolinfo.moe.go.kr/,2022년 1차 공시
KLOCAL-0867a880c4b46df2,인천건지초등학교병설유치원,2022,14,9,https://e-childschoolinfo.moe.go.kr/,2022년 1차 공시
KLOCAL-ad2e055c24bd547e,인천검단초등학교병설유치원,2022,54,0,https://e-childschoolinfo.moe.go.kr/,2022년 1차 공시
KLOCAL-262e10d1e210408c,인천검암유치원,2022,61,7,https://e-childschoolinfo.moe.go.kr/,2022년 1차 공시
KLOCAL-0af8f94d48e29a3b,인천경명초등학교병설유치원,2022,65,0,https://e-childschoolinfo.moe.go.kr/,2022년 1차 공시
KLOCAL-daa57df0a81440cd,인천경서초등학교병설유치원,2022,66,0,https://e-childschoolinfo.moe.go.kr/,2022년 1차 공시
KLOCAL-ba11a51bc0806260,인천경연초등학교병설유치원,2022,66,0,https://e-childschoolinfo.moe.go.kr/,2022년 1차 공시
KLOCAL-c2e4523109105612,인천공촌초등학교병설유치원,2022,17,0,https://e-childschoolinfo.moe.go.kr/,2022년 1차 공시
KLOCAL-6a31f4d9b5c5f65d,인천금곡초등학교병설유치원,2022,27,4,https://e-childschoolinfo.moe.go.kr/,2022년 1차 공시
KLOCAL-382a4eb638edccdb,인천능내초등학교병설유치원,2022,29,0,https://e-childschoolinfo.moe.go.kr/,2022년 1차 공시
KLOCAL-de70b1ea59f110a7,인천단봉초등학교병설유치원,2022,65,0,https://e-childschoolinfo.moe.go.kr/,2022년 1차 공시
KLOCAL-710c5518488064ab,인천당하초등학교병설유치원,2022,11,0,https://e-childschoolinfo.moe.go.kr/,2022년 1차 공시
KLOCAL-e939ece928361ded,인천도담초등학교병설유치원,2022,87,0,https://e-childschoolinfo.moe.go.kr/,2022년 1차 공시
KLOCAL-ddac7c3a8a0d5a08,인천마전초등학교병설유치원,2022,29,0,https://e-childschoolinfo.moe.go.kr/,2022년 1차 공시
KLOCAL-f4753e5542369632,인천목향초등학교병설유치원,2022,35,4,https://e-childschoolinfo.moe.go.kr/,2022년 1차 공시
KLOCAL-7d5c804848608a29,인천발산초등학교병설유치원,2022,54,0,https://e-childschoolinfo.moe.go.kr/,2022년 1차 공시
KLOCAL-f9046d59bd98116e,인천백석초등학교병설유치원,2022,52,0,https://e-childschoolinfo.moe.go.kr/,2022년 1차 공시
KLOCAL-d817fae7029ed452,인천봉수초등학교병설유치원,2022,20,0,https://e-childschoolinfo.moe.go.kr/,2022년 1차 공시
KLOCAL-9cedf6cf5469db38,인천봉화초등학교병설유치원,2022,10,0,https://e-childschoolinfo.moe.go.kr/,2022년 1차 공시
KLOCAL-1c92f7fa634fb5f3,인천불로초등학교병설유치원,2022,34,0,https://e-childschoolinfo.moe.go.kr/,2022년 1차 공시
KLOCAL-7eca59cf2b27adeb,인천서곶초등학교병설유치원,2022,28,0,https://e-childschoolinfo.moe.go.kr/,2022년 1차 공시
KLOCAL-e67fb17cb81b7ac2,인천서현유치원,2022,182,11,https://e-childschoolinfo.moe.go.kr/,2022년 1차 공시
KLOCAL-2def53f46a779e53,인천석남초등학교병설유치원,2022,9,0,https://e-childschoolinfo.moe.go.kr/,2022년 1차 공시
KLOCAL-2da09589001a6ae4,인천신석초등학교병설유치원,2022,8,1,https://e-childschoolinfo.moe.go.kr/,2022년 1차 공시
KLOCAL-7e2349d1d3ce7603,인천신현북초등학교병설유치원,2022,13,0,https://e-childschoolinfo.moe.go.kr/,2022년 1차 공시
KLOCAL-b833eeda1290da9f,인천아라꿈유치원,2022,361,11,https://e-childschoolinfo.moe.go.kr/,2022년 1차 공시
KLOCAL-6ab54af3a2193b78,인천양지초등학교병설유치원,2022,15,2,https://e-childschoolinfo.moe.go.kr/,2022년 1차 공시
KLOCAL-aa8da85a8f6b19b9,인천완정초등학교병설유치원,2022,30,0,https://e-childschoolinfo.moe.go.kr/,2022년 1차 공시
KLOCAL-0fdcd04de8b6ed6d,인천왕길초등학교병설유치원,2022,25,2,https://e-childschoolinfo.moe.go.kr/,2022년 1차 공시
KLOCAL-55058525ba8494ab,인천원당초등학교병설유치원,2022,24,0,https://e-childschoolinfo.moe.go.kr/,2022년 1차 공시
KLOCAL-4c7d06e164ffce6c,인천은지초등학교병설유치원,2022,33,0,https://e-childschoolinfo.moe.go.kr/,2022년 1차 공시
KLOCAL-1fd9f21caa124372,인천창신초등학교병설유치원,2022,39,0,https://e-childschoolinfo.moe.go.kr/,2022년 1차 공시
KLOCAL-df8423dbb089d99c,인천청라초등학교병설유치원,2022,78,0,https://e-childschoolinfo.moe.go.kr/,2022년 1차 공시
KLOCAL-55f85ae587a7a257,인천청람초등학교병설유치원,2022,64,0,https://e-childschoolinfo.moe.go.kr/,2022년 1차 공시
KLOCAL-1106537bcfb62fe4,인천청일초등학교병설유치원,2022,69,0,https://e-childschoolinfo.moe.go.kr/,2022년 1차 공시
KLOCAL-4a424ece4c3030f0,인천초은초등학교병설유치원,2022,74,0,https://e-childschoolinfo.moe.go.kr/,2022년 1차 공시
KLOCAL-b71b3fb614f2b85a,인천푸른빛유치원,2022,190,8,https://e-childschoolinfo.moe.go.kr/,2022년 1차 공시
KLOCAL-4ff73e805db03cdf,인천한별초등학교병설유치원,2022,87,4,https://e-childschoolinfo.moe.go.kr/,2022년 1차 공시
KLOCAL-2b9a80a829c012d7,인천해든초등학교병설유치원,2022,76,2,https://e-childschoolinfo.moe.go.kr/,2022년 1차 공시
KLOCAL-bfe5172d21d17747,인천해원초등학교병설유치원,2022,86,4,https://e-childschoolinfo.moe.go.kr/,2022년 1차 공시
KLOCAL-136bbfeb0cacbeb0,일영유치원,2022,174,0,https://e-childschoolinfo.moe.go.kr/,2022년 1차 공시
KLOCAL-d8c137ce638ca39b,재은유치원,2022,64,0,https://e-childschoolinfo.moe.go.kr/,2022년 1차 공시
KLOCAL-960ae6297334b559,청라새싹유치원,2022,349,0,https://e-childschoolinfo.moe.go.kr/,2022년 1차 공시
KLOCAL-9c3128f86f9e804f,청라유치원,2022,185,12,https://e-childschoolinfo.moe.go.kr/,2022년 1차 공시
KLOCAL-287edcd5656c8d18,큰사랑유치원,2022,190,0,https://e-childschoolinfo.moe.go.kr/,2022년 1차 공시
KLOCAL-8550dfd9204474b8,프라임청라유치원,2022,306,0,https://e-childschoolinfo.moe.go.kr/,2022년 1차 공시
KLOCAL-6ea342592d10ee06,한샘유치원,2022,154,0,https://e-childschoolinfo.moe.go.kr/,2022년 1차 공시
KLOCAL-3c0aa6a5169882ee,한울유치원,2022,144,0,https://e-childschoolinfo.moe.go.kr/,2022년 1차 공시
KLOCAL-1f328ba143036bf8,해나라유치원,2022,303,0,https://e-childschoolinfo.moe.go.kr/,2022년 1차 공시
KLOCAL-ca7704409b2eeaf2,희망찬유치원,2022,91,0,https://e-childschoolinfo.moe.go.kr/,2022년 1차 공시
KLOCAL-cc7903a205c47f13,갑룡초등학교병설유치원,2023,30,4,https://e-childschoolinfo.moe.go.kr/,2023년 1차 공시
KLOCAL-dd6dbb2a34c3a048,강화유치원,2023,37,0,https://e-childschoolinfo.moe.go.kr/,2023년 1차 공시
KLOCAL-334e28e4065f3ab6,강화초등학교병설유치원,2023,8,0,https://e-childschoolinfo.moe.go.kr/,2023년 1차 공시
KLOCAL-c17af5dbcc9e77c7,교동초등학교병설유치원,2023,1,0,https://e-childschoolinfo.moe.go.kr/,2023년 1차 공시
KLOCAL-3c356c0a84207416,내가초등학교병설유치원,2023,13,0,https://e-childschoolinfo.moe.go.kr/,2023년 1차 공시
KLOCAL-f32b3f18c3c6667b,대월초등학교병설유치원,2023,7,0,https://e-childschoolinfo.moe.go.kr/,2023년 1차 공시
KLOCAL-51c6dc17a37cef2b,마니산유치원,2023,45,6,https://e-childschoolinfo.moe.go.kr/,2023년 1차 공시
KLOCAL-7463c2756c15c1d3,명신초등학교병설유치원,2023,3,0,https://e-childschoolinfo.moe.go.kr/,2023년 1차 공시
KLOCAL-a286fe75086d2d64,삼산초등학교병설유치원,2023,4,0,https://e-childschoolinfo.moe.go.kr/,2023년 1차 공시
KLOCAL-68fe2fb973df07e8,서도초등학교병설유치원,2023,2,0,https://e-childschoolinfo.moe.go.kr/,2023년 1차 공시
KLOCAL-5af4890425fbff3c,선원초등학교병설유치원,2023,16,0,https://e-childschoolinfo.moe.go.kr/,2023년 1차 공시
KLOCAL-08917b6afd819029,송해초등학교병설유치원,2023,3,0,https://e-childschoolinfo.moe.go.kr/,2023년 1차 공시
KLOCAL-a7c30c387636e4fd,양사초등학교병설유치원,2023,4,0,https://e-childschoolinfo.moe.go.kr/,2023년 1차 공시
KLOCAL-54a88136cf70c698,잠두유치원,2023,46,0,https://e-childschoolinfo.moe.go.kr/,2023년 1차 공시
KLOCAL-674ef65b6f0d148e,코끼리유치원,2023,95,0,https://e-childschoolinfo.moe.go.kr/,2023년 1차 공시
KLOCAL-67f73dfaccf6c54c,하점초등학교병설유치원,2023,6,0,https://e-childschoolinfo.moe.go.kr/,2023년 1차 공시
KLOCAL-edc78a00d15f9048,합일초등학교병설유치원,2023,5,2,https://e-childschoolinfo.moe.go.kr/,2023년 1차 공시
KLOCAL-2139f45193aa0f61,해명초등학교병설유치원,2023,8,0,https://e-childschoolinfo.moe.go.kr/,2023년 1차 공시
KLOCAL-eb061546857b8dda,건영유치원,2023,215,0,https://e-childschoolinfo.moe.go.kr/,2023년 1차 공시
KLOCAL-974da5ec0dd22c2e,국현유치원,2023,197,0,https://e-childschoolinfo.moe.go.kr/,2023년 1차 공시
KLOCAL-5d9f2a6b9a4b2843,그림나라유치원,2023,101,0,https://e-childschoolinfo.moe.go.kr/,2023년 1차 공시
KLOCAL-41f63dbead90187b,금호유치원,2023,133,0,https://e-childschoolinfo.moe.go.kr/,2023년 1차 공시
KLOCAL-58a55d858149cfe9,노벨유치원,2023,67,0,https://e-childschoolinfo.moe.go.kr/,2023년 1차 공시
KLOCAL-0cd7ba2a12988285,다솜유치원,2023,43,0,https://e-childschoolinfo.moe.go.kr/,2023년 1차 공시
KLOCAL-11084f843babf1c9,대청초등학교병설유치원,2023,7,0,https://e-childschoolinfo.moe.go.kr/,2023년 1차 공시
KLOCAL-672f25c7875a43e6,덕적초등학교병설유치원,2023,6,0,https://e-childschoolinfo.moe.go.kr/,2023년 1차 공시
KLOCAL-aaf9709671edf7be,도담유치원,2023,0,0,https://e-childschoolinfo.moe.go.kr/,2023년 1차 공시
KLOCAL-10421b7c8f5899de,동원유치원,2023,168,0,https://e-childschoolinfo.moe.go.kr/,2023년 1차 공시
KLOCAL-0bbc0fac855a7b3e,뒤나미스유치원,2023,366,0,https://e-childschoolinfo.moe.go.kr/,2023년 1차 공시
KLOCAL-590c99bb86999b08,무지개유치원,2023,216,0,https://e-childschoolinfo.moe.go.kr/,2023년 1차 공시
KLOCAL-b2ef58c299ec5904,미주유치원,2023,191,0,https://e-childschoolinfo.moe.go.kr/,2023년 1차 공시
KLOCAL-85120f2449c7bce0,밀알유치원,2023,220,0,https://e-childschoolinfo.moe.go.kr/,2023년 1차 공시
KLOCAL-026d832c691d3ca0,박문유치원,2023,146,0,https://e-childschoolinfo.moe.go.kr/,2023년 1차 공시
KLOCAL-f53bd21b5a623669,반디유치원,2023,145,0,https://e-childschoolinfo.moe.go.kr/,2023년 1차 공시
KLOCAL-82eb89aae72bf48f,백령성모유치원,2023,14,0,https://e-childschoolinfo.moe.go.kr/,2023년 1차 공시
KLOCAL-449fffc16f64b212,북포초등학교병설유치원,2023,12,0,https://e-childschoolinfo.moe.go.kr/,2023년 1차 공시
KLOCAL-33bfc1608850fe4f,산새소리유치원,2023,19,0,https://e-childschoolinfo.moe.go.kr/,2023년 1차 공시
KLOCAL-95018410bf5fd937,성바오로유치원,2023,95,0,https://e-childschoolinfo.moe.go.kr/,2023년 1차 공시
KLOCAL-70a3bf4262c4bc52,세종유치원,2023,78,0,https://e-childschoolinfo.moe.go.kr/,2023년 1차 공시
KLOCAL-77ee1fd2c433efee,소명유치원,2023,117,0,https://e-childschoolinfo.moe.go.kr/,2023년 1차 공시
KLOCAL-50565bd642260910,솔빛유치원,2023,140,0,https://e-childschoolinfo.moe.go.kr/,2023년 1차 공시
KLOCAL-fe0db0fed48025b0,솔샘유치원,2023,144,0,https://e-childschoolinfo.moe.go.kr/,2023년 1차 공시
KLOCAL-7e04553d125db319,송현유치원,2023,100,0,https://e-childschoolinfo.moe.go.kr/,2023년 1차 공시
KLOCAL-7f4baf8d3ec9cb63,숭의유치원,2023,79,0,https://e-childschoolinfo.moe.go.kr/,2023년 1차 공시
KLOCAL-f62067ae1c1de696,신동아유치원,2023,24,0,https://e-childschoolinfo.moe.go.kr/,2023년 1차 공시
KLOCAL-1dcb5b73dd15046b,연평초등학교병설유치원,2023,8,0,https://e-childschoolinfo.moe.go.kr/,2023년 1차 공시
KLOCAL-f57b640f7d2b17de,연흥유치원,2023,84,0,https://e-childschoolinfo.moe.go.kr/,2023년 1차 공시
KLOCAL-a7594966a338574e,영종유치원,2023,214,12,https://e-childschoolinfo.moe.go.kr/,2023년 1차 공시
KLOCAL-45fd24312e405c2b,영흥초등학교병설유치원,2023,9,0,https://e-childschoolinfo.moe.go.kr/,2023년 1차 공시
KLOCAL-00df819b46080269,예원유치원,2023,51,0,https://e-childschoolinfo.moe.go.kr/,2023년 1차 공시
KLOCAL-66a6f76a70617813,용화유치원,2023,125,0,https://e-childschoolinfo.moe.go.kr/,2023년 1차 공시
KLOCAL-0fea88de34bd253a,유원유치원,2023,91,0,https://e-childschoolinfo.moe.go.kr/,2023년 1차 공시
KLOCAL-d943654a91207e8e,이튼유치원,2023,269,0,https://e-childschoolinfo.moe.go.kr/,2023년 1차 공시
KLOCAL-85f5756001b304e3,인천경원초등학교병설유치원,2023,28,0,https://e-childschoolinfo.moe.go.kr/,2023년 1차 공시
KLOCAL-c7b1ac02486e877e,인천공항유치원,2023,74,4,https://e-childschoolinfo.moe.go.kr/,2023년 1차 공시
KLOCAL-bf23f2ab98fbb26d,인천공항초등학교신도분교장병설유치원,2023,4,0,https://e-childschoolinfo.moe.go.kr/,2023년 1차 공시
KLOCAL-492e9aeb4ad8b6e1,인천남부초등학교이작분교장병설유치원,2023,1,0,https://e-childschoolinfo.moe.go.kr/,2023년 1차 공시
KLOCAL-7c23e3e4581c56be,인천대화초등학교병설유치원,2023,15,0,https://e-childschoolinfo.moe.go.kr/,2023년 1차 공시
KLOCAL-d937eda4414c29ee,인천도화초등학교병설유치원,2023,25,4,https://e-childschoolinfo.moe.go.kr/,2023년 1차 공시
KLOCAL-f029b3c36cc10f46,인천만석초등학교병설유치원,2023,11,0,https://e-childschoolinfo.moe.go.kr/,2023년 1차 공시
KLOCAL-9d0fbf322e58c053,인천문학초등학교병설유치원,2023,5,0,https://e-childschoolinfo.moe.go.kr/,2023년 1차 공시
KLOCAL-6a49f1cfda01f663,인천별빛초등학교병설유치원,2023,75,4,https://e-childschoolinfo.moe.go.kr/,2023년 1차 공시
KLOCAL-9a6e8bc74511dd0d,인천삼목초등학교장봉분교장병설유치원,2023,1,0,https://e-childschoolinfo.moe.go.kr/,2023년 1차 공시
KLOCAL-4738008fa5ece47e,인천서림초등학교병설유치원,2023,16,0,https://e-childschoolinfo.moe.go.kr/,2023년 1차 공시
KLOCAL-cc95b8a776d508d8,인천서화초등학교병설유치원,2023,36,0,https://e-childschoolinfo.moe.go.kr/,2023년 1차 공시
KLOCAL-380ee7c054fafc91,인천서흥초등학교병설유치원,2023,7,0,https://e-childschoolinfo.moe.go.kr/,2023년 1차 공시
KLOCAL-46db3a7a96da1ce6,인천송림초등학교병설유치원,2023,11,4,https://e-childschoolinfo.moe.go.kr/,2023년 1차 공시
KLOCAL-951ec0e0cd988c8e,인천송월초등학교병설유치원,2023,6,0,https://e-childschoolinfo.moe.go.kr/,2023년 1차 공시
KLOCAL-73ccc783a23f0675,인천송현초등학교병설유치원,2023,6,0,https://e-childschoolinfo.moe.go.kr/,2023년 1차 공시
KLOCAL-b12b61fbba266e2a,인천숭의초등학교병설유치원,2023,14,0,https://e-childschoolinfo.moe.go.kr/,2023년 1차 공시
KLOCAL-8ba02afc753343e4,인천신선초등학교병설유치원,2023,15,0,https://e-childschoolinfo.moe.go.kr/,2023년 1차 공시
KLOCAL-2f2ce39905da65f8,인천신흥초등학교병설유치원,2023,24,0,https://e-childschoolinfo.moe.go.kr/,2023년 1차 공시
KLOCAL-74d6accdee6575bd,인천연안초등학교병설유치원,2023,31,0,https://e-childschoolinfo.moe.go.kr/,2023년 1차 공시
KLOCAL-f1560b9f1d29c37d,인천연학초등학교병설유치원,2023,26,0,https://e-childschoolinfo.moe.go.kr/,2023년 1차 공시
KLOCAL-1ddb144d8df27d87,인천영종초등학교병설유치원,2023,57,0,https://e-childschoolinfo.moe.go.kr/,2023년 1차 공시
KLOCAL-f49918d712180a3b,인천용유초등학교병설유치원,2023,2,0,https://e-childschoolinfo.moe.go.kr/,2023년 1차 공시
KLOCAL-dbac808d955ed351,인천용일초등학교병설유치원,2023,15,0,https://e-childschoolinfo.moe.go.kr/,2023년 1차 공시
KLOCAL-835ca4886f808119,인천용정초등학교병설유치원,2023,18,0,https://e-childschoolinfo.moe.go.kr/,2023년 1차 공시
KLOCAL-72edaafd1436ee88,인천용학초등학교병설유치원,2023,63,0,https://e-childschoolinfo.moe.go.kr/,2023년 1차 공시
KLOCAL-03906654ce1dfdb4,인천용현남초등학교자월분교장병설유치원,2023,2,0,https://e-childschoolinfo.moe.go.kr/,2023년 1차 공시
KLOCAL-331748ca3b141540,인천인주초등학교병설유치원,2023,7,0,https://e-childschoolinfo.moe.go.kr/,2023년 1차 공시
KLOCAL-1be9ec6cbd10709a,인천주안초등학교병설유치원,2023,19,3,https://e-childschoolinfo.moe.go.kr/,2023년 1차 공시
KLOCAL-b28bba23e63bc43f,인천중산초등학교병설유치원,2023,96,0,https://e-childschoolinfo.moe.go.kr/,2023년 1차 공시
KLOCAL-34cd4a3c1e5df434,인천창영초등학교병설유치원,2023,2,0,https://e-childschoolinfo.moe.go.kr/,2023년 1차 공시
KLOCAL-3caa8d6f764b16f7,인천하늘초등학교병설유치원,2023,55,0,https://e-childschoolinfo.moe.go.kr/,2023년 1차 공시
KLOCAL-78df8739d8df4799,인천학익초등학교병설유치원,2023,8,3,https://e-childschoolinfo.moe.go.kr/,2023년 1차 공시
KLOCAL-89a34f512aff0b8a,자유유치원,2023,64,35,https://e-childschoolinfo.moe.go.kr/,2023년 1차 공시
KLOCAL-7f0082a29bbc1873,재능대학교부속유치원,2023,193,0,https://e-childschoolinfo.moe.go.kr/,2023년 1차 공시
KLOCAL-b3e79d50babb2a89,지영유치원,2023,93,0,https://e-childschoolinfo.moe.go.kr/,2023년 1차 공시
KLOCAL-860b4fda06d66205,진흥유치원,2023,97,0,https://e-childschoolinfo.moe.go.kr/,2023년 1차 공시
KLOCAL-59488b5f10bd36dd,참빛유치원,2023,82,0,https://e-childschoolinfo.moe.go.kr/,2023년 1차 공시
KLOCAL-d3da11d9e1f412b4,초롱유치원,2023,116,0,https://e-childschoolinfo.moe.go.kr/,2023년 1차 공시
KLOCAL-72698116ed206e92,프라임건영유치원,2023,120,0,https://e-childschoolinfo.moe.go.kr/,2023년 1차 공시
KLOCAL-bfbf6ed15649f16b,하늘유치원,2023,68,0,https://e-childschoolinfo.moe.go.kr/,2023년 1차 공시
KLOCAL-5ef1a9f30587f281,한빛유치원,2023,132,0,https://e-childschoolinfo.moe.go.kr/,2023년 1차 공시
KLOCAL-5291bdaab4f312eb,한울유치원,2023,93,0,https://e-childschoolinfo.moe.go.kr/,2023년 1차 공시
KLOCAL-d55991545b9ca28f,해님나라유치원,2023,193,0,https://e-childschoolinfo.moe.go.kr/,2023년 1차 공시
KLOCAL-449480036ac79522,해승유치원,2023,66,0,https://e-childschoolinfo.moe.go.kr/,2023년 1차 공시
KLOCAL-d0c67b00714a002e,간석유치원,2023,71,0,https://e-childschoolinfo.moe.go.kr/,2023년 1차 공시
KLOCAL-3a978356c1843ba3,경희유치원,2023,219,0,https://e-childschoolinfo.moe.go.kr/,2023년 1차 공시
KLOCAL-fe703725d8c5c670,글로벌레인보우유치원,2023,601,0,https://e-childschoolinfo.moe.go.kr/,2023년 1차 공시
KLOCAL-bfd71f3d423988a5,기암유치원,2023,75,0,https://e-childschoolinfo.moe.go.kr/,2023년 1차 공시
KLOCAL-251be2946e3f2e1e,꿈동산유치원,2023,177,0,https://e-childschoolinfo.moe.go.kr/,2023년 1차 공시
KLOCAL-8178a2810111b4ae,꿈의보람유치원,2023,61,0,https://e-childschoolinfo.moe.go.kr/,2023년 1차 공시
KLOCAL-033a97f22a8d5674,논현유치원,2023,69,8,https://e-childschoolinfo.moe.go.kr/,2023년 1차 공시
KLOCAL-d5c54935ca8ff71b,다샘유치원,2023,45,0,https://e-childschoolinfo.moe.go.kr/,2023년 1차 공시
KLOCAL-b71f83339bbf6c7f,다슬기유치원,2023,79,0,https://e-childschoolinfo.moe.go.kr/,2023년 1차 공시
KLOCAL-6daf1b262c32a08c,동심유치원,2023,163,0,https://e-childschoolinfo.moe.go.kr/,2023년 1차 공시
KLOCAL-63399426933f9ae4,동화나라유치원,2023,77,0,https://e-childschoolinfo.moe.go.kr/,2023년 1차 공시
KLOCAL-65f18e0f28637028,미상지유치원,2023,148,0,https://e-childschoolinfo.moe.go.kr/,2023년 1차 공시
KLOCAL-c4161023af71f7b8,미예뜰유치원,2023,186,0,https://e-childschoolinfo.moe.go.kr/,2023년 1차 공시
KLOCAL-fd52787ce68b9cc4,바다의별유치원,2023,118,0,https://e-childschoolinfo.moe.go.kr/,2023년 1차 공시
KLOCAL-4db1d0730f341b82,반디유치원,2023,296,0,https://e-childschoolinfo.moe.go.kr/,2023년 1차 공시
KLOCAL-4a0dd0e09f7c170a,복자유치원,2023,126,0,https://e-childschoolinfo.moe.go.kr/,2023년 1차 공시
KLOCAL-a13484cce102c7ad,부광예능유치원,2023,75,0,https://e-childschoolinfo.moe.go.kr/,2023년 1차 공시
KLOCAL-8623b37927321be0,부광유치원,2023,97,0,https://e-childschoolinfo.moe.go.kr/,2023년 1차 공시
KLOCAL-7e915f13c355f440,브레인유치원,2023,206,0,https://e-childschoolinfo.moe.go.kr/,2023년 1차 공시
KLOCAL-12d27bc6e1660e9d,사랑유치원,2023,109,0,https://e-childschoolinfo.moe.go.kr/,2023년 1차 공시
KLOCAL-100df6af0fea38c9,삼성유치원,2023,86,0,https://e-childschoolinfo.moe.go.kr/,2023년 1차 공시
KLOCAL-6676c2bcefece192,새싹유치원,2023,91,0,https://e-childschoolinfo.moe.go.kr/,2023년 1차 공시
KLOCAL-107a8c06c18f2a60,새예지유치원,2023,132,0,https://e-childschoolinfo.moe.go.kr/,2023년 1차 공시
KLOCAL-43f7ad8ac4fd97b4,새인예유치원,2023,64,0,https://e-childschoolinfo.moe.go.kr/,2023년 1차 공시
KLOCAL-f79433e81215e45b,새하늘유치원,2023,52,0,https://e-childschoolinfo.moe.go.kr/,2023년 1차 공시
KLOCAL-ee92f238c00ca8b5,샤인유치원,2023,211,0,https://e-childschoolinfo.moe.go.kr/,2023년 1차 공시
KLOCAL-67e0c5eb116913d6,소담숲유치원,2023,121,0,https://e-childschoolinfo.moe.go.kr/,2023년 1차 공시
KLOCAL-e47e237956c9037b,송도국제유치원,2023,510,0,https://e-childschoolinfo.moe.go.kr/,2023년 1차 공시
KLOCAL-4d24c45e629f00af,수피아유치원,2023,172,0,https://e-childschoolinfo.moe.go.kr/,2023년 1차 공시
KLOCAL-f591f4da9fb6832b,신도유치원,2023,56,0,https://e-childschoolinfo.moe.go.kr/,2023년 1차 공시
KLOCAL-369a4964372d4b20,신명유치원,2023,106,0,https://e-childschoolinfo.moe.go.kr/,2023년 1차 공시
KLOCAL-c8f2705298b07183,아름솔유치원,2023,139,0,https://e-childschoolinfo.moe.go.kr/,2023년 1차 공시
KLOCAL-ff3c969cd7af6837,아삽유치원,2023,70,0,https://e-childschoolinfo.moe.go.kr/,2023년 1차 공시
KLOCAL-1375cec9fea0c803,아이웰유치원,2023,135,0,https://e-childschoolinfo.moe.go.kr/,2023년 1차 공시
KLOCAL-2c8aa292f224503d,아이큰별유치원,2023,176,0,https://e-childschoolinfo.moe.go.kr/,2023년 1차 공시
KLOCAL-34fbb34c9c9f34c7,에듀피아유치원,2023,358,0,https://e-childschoolinfo.moe.go.kr/,2023년 1차 공시
KLOCAL-e436b88a780add2c,에이스화인유치원,2023,395,0,https://e-childschoolinfo.moe.go.kr/,2023년 1차 공시
KLOCAL-778bc903de10783e,연수유치원,2023,97,0,https://e-childschoolinfo.moe.go.kr/,2023년 1차 공시
KLOCAL-117cde7db840a10e,예다원유치원,2023,383,0,https://e-childschoolinfo.moe.go.kr/,2023년 1차 공시
KLOCAL-a73becd81df8c04e,온누리비전유치원,2023,80,0,https://e-childschoolinfo.moe.go.kr/,2023년 1차 공시
KLOCAL-41ab9125b086444d,유엔유치원,2023,350,0,https://e-childschoolinfo.moe.go.kr/,2023년 1차 공시
KLOCAL-6cc247e473a0dd94,인보유치원,2023,67,0,https://e-childschoolinfo.moe.go.kr/,2023년 1차 공시
KLOCAL-28e854d271c0e8e1,인천간석초등학교병설유치원,2023,33,4,https://e-childschoolinfo.moe.go.kr/,2023년 1차 공시
KLOCAL-bb78c900eca43f09,인천고잔유치원,2023,84,8,https://e-childschoolinfo.moe.go.kr/,2023년 1차 공시
KLOCAL-34f51f462724b79d,인천고잔초등학교병설유치원,2023,28,0,https://e-childschoolinfo.moe.go.kr/,2023년 1차 공시
KLOCAL-90f24a9a996ac511,인천구월서초등학교병설유치원,2023,4,0,https://e-childschoolinfo.moe.go.kr/,2023년 1차 공시
KLOCAL-c3820bd9125fc45b,인천구월유치원,2023,133,12,https://e-childschoolinfo.moe.go.kr/,2023년 1차 공시
KLOCAL-fc233c4e719c1c84,인천논곡초등학교병설유치원,2023,2,1,https://e-childschoolinfo.moe.go.kr/,2023년 1차 공시
KLOCAL-394d164ed7bec392,인천도림초등학교병설유치원,2023,19,0,https://e-childschoolinfo.moe.go.kr/,2023년 1차 공시
KLOCAL-c450a0dccff7fa8a,인천동방초등학교병설유치원,2023,26,0,https://e-childschoolinfo.moe.go.kr/,2023년 1차 공시
KLOCAL-d0880bc91ea3a11c,인천동부초등학교병설유치원,2023,4,0,https://e-childschoolinfo.moe.go.kr/,2023년 1차 공시
KLOCAL-32d3ae6b63e1b618,인천동춘초등학교병설유치원,2023,23,0,https://e-childschoolinfo.moe.go.kr/,2023년 1차 공시
KLOCAL-f03b39efeda7c1e2,인천만수초등학교병설유치원,2023,27,0,https://e-childschoolinfo.moe.go.kr/,2023년 1차 공시
KLOCAL-ef25cce87a4a5a4a,인천만월초등학교병설유치원,2023,20,0,https://e-childschoolinfo.moe.go.kr/,2023년 1차 공시
KLOCAL-7cd8621a409ee80e,인천먼우금초등학교병설유치원,2023,35,0,https://e-childschoolinfo.moe.go.kr/,2023년 1차 공시
KLOCAL-9e1ecde17b4153f9,인천명선초등학교병설유치원,2023,51,0,https://e-childschoolinfo.moe.go.kr/,2023년 1차 공시
KLOCAL-6c86da3feb44d69f,인천미송유치원,2023,330,12,https://e-childschoolinfo.moe.go.kr/,2023년 1차 공시
KLOCAL-5a6e8949c07c2398,인천미송초등학교병설유치원,2023,85,0,https://e-childschoolinfo.moe.go.kr/,2023년 1차 공시
KLOCAL-b77a1bafb9d14dde,인천사리울초등학교병설유치원,2023,24,0,https://e-childschoolinfo.moe.go.kr/,2023년 1차 공시
KLOCAL-fda225ae2869cf69,인천상아초등학교병설유치원,2023,26,0,https://e-childschoolinfo.moe.go.kr/,2023년 1차 공시
KLOCAL-a6f87c22e938f04d,인천새봄초등학교병설유치원,2023,52,0,https://e-childschoolinfo.moe.go.kr/,2023년 1차 공시
KLOCAL-a13112ed33df123c,인천서창초등학교병설유치원,2023,29,0,https://e-childschoolinfo.moe.go.kr/,2023년 1차 공시
KLOCAL-10682fedb5eb5c47,인천소래초등학교병설유치원,2023,38,4,https://e-childschoolinfo.moe.go.kr/,2023년 1차 공시
KLOCAL-edd263eb4f557278,인천송담초등학교병설유치원,2023,61,4,https://e-childschoolinfo.moe.go.kr/,2023년 1차 공시
KLOCAL-a30030402106c616,인천송도꿈유치원,2023,330,12,https://e-childschoolinfo.moe.go.kr/,2023년 1차 공시
KLOCAL-4eab697aec7ffe81,인천송명초등학교병설유치원,2023,57,0,https://e-childschoolinfo.moe.go.kr/,2023년 1차 공시
KLOCAL-278a27da1c51475e,인천송원초등학교병설유치원,2023,56,0,https://e-childschoolinfo.moe.go.kr/,2023년 1차 공시
KLOCAL-c0b666f4a95885af,인천송일초등학교병설유치원,2023,47,0,https://e-childschoolinfo.moe.go.kr/,2023년 1차 공시
KLOCAL-f9615dc5f6bb8ee0,인천신송초등학교병설유치원,2023,35,0,https://e-childschoolinfo.moe.go.kr/,2023년 1차 공시
KLOCAL-217d5f1aa8131427,인천신월초등학교병설유치원,2023,10,4,https://e-childschoolinfo.moe.go.kr/,2023년 1차 공시
KLOCAL-1519f421f42d9d8a,인천신정초등학교병설유치원,2023,60,4,https://e-childschoolinfo.moe.go.kr/,2023년 1차 공시
KLOCAL-7d6ec0482027aa78,인천예송유치원,2023,202,11,https://e-childschoolinfo.moe.go.kr/,2023년 1차 공시
KLOCAL-e6f561eea690e9ea,인천예송초등학교병설유치원,2023,83,4,https://e-childschoolinfo.moe.go.kr/,2023년 1차 공시
KLOCAL-c71d186619793815,인천원동초등학교병설유치원,2023,43,0,https://e-childschoolinfo.moe.go.kr/,2023년 1차 공시
KLOCAL-b97d990836849b04,인천은송초등학교병설유치원,2023,75,4,https://e-childschoolinfo.moe.go.kr/,2023년 1차 공시
KLOCAL-96cfe3734dfe7f6f,인천인동초등학교병설유치원,2023,9,0,https://e-childschoolinfo.moe.go.kr/,2023년 1차 공시
KLOCAL-f2b56eb375536aa8,인천장도초등학교병설유치원,2023,25,0,https://e-childschoolinfo.moe.go.kr/,2023년 1차 공시
KLOCAL-6f2e5971d64c0765,인천장서초등학교병설유치원,2023,47,0,https://e-childschoolinfo.moe.go.kr/,2023년 1차 공시
KLOCAL-1cba793eaad3af21,인천장수초등학교병설유치원,2023,6,4,https://e-childschoolinfo.moe.go.kr/,2023년 1차 공시
KLOCAL-439127f6b925d297,인천장아초등학교병설유치원,2023,31,0,https://e-childschoolinfo.moe.go.kr/,2023년 1차 공시
KLOCAL-0d94659e002bb7af,인천정각초등학교병설유치원,2023,50,4,https://e-childschoolinfo.moe.go.kr/,2023년 1차 공시
KLOCAL-abb50af7d2260f86,인천주원초등학교병설유치원,2023,9,0,https://e-childschoolinfo.moe.go.kr/,2023년 1차 공시
KLOCAL-61114cb3327df41f,인천첨단초등학교병설유치원,2023,87,0,https://e-childschoolinfo.moe.go.kr/,2023년 1차 공시
KLOCAL-bf2a1d84ff1f0be4,인천청학초등학교병설유치원,2023,12,0,https://e-childschoolinfo.moe.go.kr/,2023년 1차 공시
KLOCAL-8e56ade33984c867,인천축현초등학교병설유치원,2023,15,0,https://e-childschoolinfo.moe.go.kr/,2023년 1차 공시
KLOCAL-dc5e4c9a4f7a45e8,인천한빛초등학교병설유치원,2023,59,0,https://e-childschoolinfo.moe.go.kr/,2023년 1차 공시
KLOCAL-18b3e8f4c6c007f3,인천해송초등학교병설유치원,2023,45,4,https://e-childschoolinfo.moe.go.kr/,2023년 1차 공시
KLOCAL-10995438901baf02,인천현송초등학교병설유치원,2023,47,4,https://e-childschoolinfo.moe.go.kr/,2023년 1차 공시
KLOCAL-a243e71bda61eb84,자연발도르프유치원,2023,137,0,https://e-childschoolinfo.moe.go.kr/,2023년 1차 공시
KLOCAL-5797361de35b1d37,작은꽃예능유치원,2023,129,0,https://e-childschoolinfo.moe.go.kr/,2023년 1차 공시
KLOCAL-89210c1d0d118cbb,제니스유치원,2023,364,0,https://e-childschoolinfo.moe.go.kr/,2023년 1차 공시
KLOCAL-d1f974afc89b04e4,조은유치원,2023,37,0,https://e-childschoolinfo.moe.go.kr/,2023년 1차 공시
KLOCAL-5f898a9cc2711bd4,참아름유치원,2023,152,0,https://e-childschoolinfo.moe.go.kr/,2023년 1차 공시
KLOCAL-2b07c33dd5f30eca,참조은유치원,2023,155,0,https://e-childschoolinfo.moe.go.kr/,2023년 1차 공시
KLOCAL-ae41e29b3e0ee2d0,청담숲유치원,2023,114,0,https://e-childschoolinfo.moe.go.kr/,2023년 1차 공시
KLOCAL-cb0f3434a75d79da,청송유치원,2023,80,0,https://e-childschoolinfo.moe.go.kr/,2023년 1차 공시
KLOCAL-700c16dffdf23664,청학숲유치원,2023,225,0,https://e-childschoolinfo.moe.go.kr/,2023년 1차 공시
KLOCAL-1fcc5bb819b6a357,큰별유치원,2023,145,0,https://e-childschoolinfo.moe.go.kr/,2023년 1차 공시
KLOCAL-f9c23299c9f29c92,키즈월드유치원,2023,79,0,https://e-childschoolinfo.moe.go.kr/,2023년 1차 공시
KLOCAL-b9a00b06c19a5b27,푸른마을유치원,2023,152,0,https://e-childschoolinfo.moe.go.kr/,2023년 1차 공시
KLOCAL-a0b7cbe5a91d6fc3,프라임명지유치원,2023,163,0,https://e-childschoolinfo.moe.go.kr/,2023년 1차 공시
KLOCAL-3267d41d2d4da711,프라임예지유치원,2023,394,0,https://e-childschoolinfo.moe.go.kr/,2023년 1차 공시
KLOCAL-28e51f0551b2fcfd,하늘땅유치원,2023,266,0,https://e-childschoolinfo.moe.go.kr/,2023년 1차 공시
KLOCAL-c24174173a80af5d,해나라유치원,2023,156,0,https://e-childschoolinfo.moe.go.kr/,2023년 1차 공시
KLOCAL-9fd7e2d0a4c711bb,해돋이유치원,2023,13,0,https://e-childschoolinfo.moe.go.kr/,2023년 1차 공시
KLOCAL-03eaab4ac9dbb6a3,해승유치원,2023,145,0,https://e-childschoolinfo.moe.go.kr/,2023년 1차 공시
KLOCAL-1fd3e98881a11318,해와달유치원,2023,70,0,https://e-childschoolinfo.moe.go.kr/,2023년 1차 공시
KLOCAL-25a0b873b3438607,행복한유치원,2023,55,0,https://e-childschoolinfo.moe.go.kr/,2023년 1차 공시
KLOCAL-799d3765effdf6c9,The큰빛유치원,2023,246,0,https://e-childschoolinfo.moe.go.kr/,2023년 1차 공시
KLOCAL-bf4a58b2949b1422,경인여자대학교부속유치원,2023,138,0,https://e-childschoolinfo.moe.go.kr/,2023년 1차 공시
KLOCAL-ec9c24186f6f3b8f,경희동화나라유치원,2023,71,0,https://e-childschoolinfo.moe.go.kr/,2023년 1차 공시
KLOCAL-aa56465393a9dbf8,계양유치원,2023,80,0,https://e-childschoolinfo.moe.go.kr/,2023년 1차 공시
KLOCAL-000e957d3ab6431c,근산유치원,2023,189,0,https://e-childschoolinfo.moe.go.kr/,2023년 1차 공시
KLOCAL-8ed8228b0a070bd1,꿈나라유치원,2023,138,0,https://e-childschoolinfo.moe.go.kr/,2023년 1차 공시
KLOCAL-10a79f1b1d9bbd9f,꿈나무유치원,2023,33,0,https://e-childschoolinfo.moe.go.kr/,2023년 1차 공시
KLOCAL-820463ae379873df,노틀담유치원,2023,53,0,https://e-childschoolinfo.moe.go.kr/,2023년 1차 공시
KLOCAL-4d4340c9fc828cb1,동심유치원,2023,98,0,https://e-childschoolinfo.moe.go.kr/,2023년 1차 공시
KLOCAL-d35107fb247c2293,드림유치원,2023,277,0,https://e-childschoolinfo.moe.go.kr/,2023년 1차 공시
KLOCAL-8dd20cefda1ca1a9,마리아유치원,2023,85,0,https://e-childschoolinfo.moe.go.kr/,2023년 1차 공시
KLOCAL-1b4643e77630943f,무지개유치원,2023,195,0,https://e-childschoolinfo.moe.go.kr/,2023년 1차 공시
KLOCAL-d6dfad898c1c6e59,미래유치원,2023,93,0,https://e-childschoolinfo.moe.go.kr/,2023년 1차 공시
KLOCAL-b1ebeb063c6b35bf,밀알유치원,2023,162,0,https://e-childschoolinfo.moe.go.kr/,2023년 1차 공시
KLOCAL-4fc071e233a4b10e,보나유치원,2023,139,0,https://e-childschoolinfo.moe.go.kr/,2023년 1차 공시
KLOCAL-cec3aed5db587e4f,보람유치원,2023,164,0,https://e-childschoolinfo.moe.go.kr/,2023년 1차 공시
KLOCAL-c23244892488770c,산곡유치원,2023,152,0,https://e-childschoolinfo.moe.go.kr/,2023년 1차 공시
KLOCAL-89f989b3e811883f,산들유치원,2023,148,0,https://e-childschoolinfo.moe.go.kr/,2023년 1차 공시
KLOCAL-d8bc2d350c1a4b3f,삼산유치원,2023,49,12,https://e-childschoolinfo.moe.go.kr/,2023년 1차 공시
KLOCAL-e9f605efb8473d0b,상아유치원,2023,56,0,https://e-childschoolinfo.moe.go.kr/,2023년 1차 공시
KLOCAL-a038d3e4ea578813,새빛솔금유치원,2023,118,0,https://e-childschoolinfo.moe.go.kr/,2023년 1차 공시
KLOCAL-7db8731930533c91,서해유치원,2023,52,0,https://e-childschoolinfo.moe.go.kr/,2023년 1차 공시
KLOCAL-f75e1b7433faa86d,석화유치원,2023,64,0,https://e-childschoolinfo.moe.go.kr/,2023년 1차 공시
KLOCAL-2f487e44a994a758,성심유치원,2023,82,0,https://e-childschoolinfo.moe.go.kr/,2023년 1차 공시
KLOCAL-9f6aa62c8072b43d,성아유치원,2023,38,0,https://e-childschoolinfo.moe.go.kr/,2023년 1차 공시
KLOCAL-ad69756960486f7d,숲속유치원,2023,97,0,https://e-childschoolinfo.moe.go.kr/,2023년 1차 공시
KLOCAL-93134beb67614dd4,아란유치원,2023,106,0,https://e-childschoolinfo.moe.go.kr/,2023년 1차 공시
KLOCAL-1e0f6cb24019a829,엄지유치원,2023,67,0,https://e-childschoolinfo.moe.go.kr/,2023년 1차 공시
KLOCAL-a9d87dc7c78bb460,에코프라임유치원,2023,46,0,https://e-childschoolinfo.moe.go.kr/,2023년 1차 공시
KLOCAL-b40f58f5747ed00c,연세유치원,2023,80,0,https://e-childschoolinfo.moe.go.kr/,2023년 1차 공시
KLOCAL-a75ab82d043d1d3c,열림유치원,2023,109,0,https://e-childschoolinfo.moe.go.kr/,2023년 1차 공시
KLOCAL-b9f9b3b6acb3e646,열우물유치원,2023,37,0,https://e-childschoolinfo.moe.go.kr/,2023년 1차 공시
KLOCAL-1923165e7aafe096,영광유치원,2023,181,0,https://e-childschoolinfo.moe.go.kr/,2023년 1차 공시
KLOCAL-2dec811cf063913d,예그랑유치원,2023,37,0,https://e-childschoolinfo.moe.go.kr/,2023년 1차 공시
KLOCAL-28fe79464ba28534,예림유치원,2023,79,0,https://e-childschoolinfo.moe.go.kr/,2023년 1차 공시
KLOCAL-56a50a91ae4989cb,예소담유치원,2023,111,0,https://e-childschoolinfo.moe.go.kr/,2023년 1차 공시
KLOCAL-dbea3b1337a43ee7,예원유치원,2023,250,0,https://e-childschoolinfo.moe.go.kr/,2023년 1차 공시
KLOCAL-b160ba4a3527af43,은현유치원,2023,83,0,https://e-childschoolinfo.moe.go.kr/,2023년 1차 공시
KLOCAL-06aad668ba6db02c,이노필유치원,2023,17,0,https://e-childschoolinfo.moe.go.kr/,2023년 1차 공시
KLOCAL-314ae4685daf3578,이든유치원,2023,154,0,https://e-childschoolinfo.moe.go.kr/,2023년 1차 공시
KLOCAL-2a7e08fead8ef96b,이바유치원,2023,96,0,https://e-childschoolinfo.moe.go.kr/,2023년 1차 공시
KLOCAL-d50e97c5d449d3e1,이화유치원,2023,144,0,https://e-childschoolinfo.moe.go.kr/,2023년 1차 공시
KLOCAL-00d7d85e52a053a8,인천갈월초등학교병설유치원,2023,8,0,https://e-childschoolinfo.moe.go.kr/,2023년 1차 공시
KLOCAL-02221618c55c5603,인천계양초등학교병설유치원,2023,22,0,https://e-childschoolinfo.moe.go.kr/,2023년 1차 공시
KLOCAL-795e68028ccfe327,인천굴포초등학교병설유치원,2023,47,4,https://e-childschoolinfo.moe.go.kr/,2023년 1차 공시
KLOCAL-2e27b0337e9883ca,인천귤현초등학교병설유치원,2023,36,0,https://e-childschoolinfo.moe.go.kr/,2023년 1차 공시
KLOCAL-528dcc8ceefc1f83,인천금마초등학교병설유치원,2023,16,4,https://e-childschoolinfo.moe.go.kr/,2023년 1차 공시
KLOCAL-5d2374027a21efe0,인천길주초등학교병설유치원,2023,26,0,https://e-childschoolinfo.moe.go.kr/,2023년 1차 공시
KLOCAL-0fab6c92ee3a52d6,인천당산초등학교병설유치원,2023,19,0,https://e-childschoolinfo.moe.go.kr/,2023년 1차 공시
KLOCAL-36fdf3552e15dcd7,인천동암초등학교병설유치원,2023,11,0,https://e-childschoolinfo.moe.go.kr/,2023년 1차 공시
KLOCAL-fa0b23e1b953919a,인천마곡초등학교병설유치원,2023,6,4,https://e-childschoolinfo.moe.go.kr/,2023년 1차 공시
KLOCAL-4dfa29d594589afd,인천명현초등학교병설유치원,2023,14,0,https://e-childschoolinfo.moe.go.kr/,2023년 1차 공시
KLOCAL-2ee6cf805dfe4f3f,인천미산초등학교병설유치원,2023,6,4,https://e-childschoolinfo.moe.go.kr/,2023년 1차 공시
KLOCAL-245e760a0802fd93,인천백운초등학교병설유치원,2023,23,0,https://e-childschoolinfo.moe.go.kr/,2023년 1차 공시
KLOCAL-7738df6499839a0d,인천부개서초등학교병설유치원,2023,10,0,https://e-childschoolinfo.moe.go.kr/,2023년 1차 공시
KLOCAL-43e30ed66f88da53,인천부개초등학교병설유치원,2023,10,0,https://e-childschoolinfo.moe.go.kr/,2023년 1차 공시
KLOCAL-549b4c127ea514d3,인천부광초등학교병설유치원,2023,6,0,https://e-childschoolinfo.moe.go.kr/,2023년 1차 공시
KLOCAL-106cec12938f9093,인천부마초등학교병설유치원,2023,46,8,https://e-childschoolinfo.moe.go.kr/,2023년 1차 공시
KLOCAL-5b76fc7bb28b95d2,인천부원초등학교병설유치원,2023,38,4,https://e-childschoolinfo.moe.go.kr/,2023년 1차 공시
KLOCAL-1b7dad99867a6eaf,인천부일초등학교병설유치원,2023,35,4,https://e-childschoolinfo.moe.go.kr/,2023년 1차 공시
KLOCAL-ebb7f219b7dc3c02,인천부평남초등학교병설유치원,2023,12,0,https://e-childschoolinfo.moe.go.kr/,2023년 1차 공시
KLOCAL-7268e62cbbfb14b0,인천부평동초등학교병설유치원,2023,27,4,https://e-childschoolinfo.moe.go.kr/,2023년 1차 공시
KLOCAL-e7025d490b504a01,인천부평북초등학교병설유치원,2023,5,3,https://e-childschoolinfo.moe.go.kr/,2023년 1차 공시
KLOCAL-ccc93f34c68fe601,인천부평서초등학교병설유치원,2023,14,0,https://e-childschoolinfo.moe.go.kr/,2023년 1차 공시
KLOCAL-036b8dcaab889693,인천부현초등학교병설유치원,2023,10,0,https://e-childschoolinfo.moe.go.kr/,2023년 1차 공시
KLOCAL-c2742aa23baa310a,인천산곡초등학교병설유치원,2023,10,0,https://e-childschoolinfo.moe.go.kr/,2023년 1차 공시
KLOCAL-249efd582bc3c17a,인천상정초등학교병설유치원,2023,11,3,https://e-childschoolinfo.moe.go.kr/,2023년 1차 공시
KLOCAL-f772a80f44ffb1a0,인천서운초등학교병설유치원,2023,14,0,https://e-childschoolinfo.moe.go.kr/,2023년 1차 공시
KLOCAL-fec14b51fc4d9297,인천성지초등학교병설유치원,2023,14,3,https://e-childschoolinfo.moe.go.kr/,2023년 1차 공시
KLOCAL-92309078310854ad,인천소양초등학교병설유치원,2023,17,0,https://e-childschoolinfo.moe.go.kr/,2023년 1차 공시
KLOCAL-7de363a40d49f18a,인천안남초등학교병설유치원,2023,33,12,https://e-childschoolinfo.moe.go.kr/,2023년 1차 공시
KLOCAL-1e7e2df89b52dc62,인천안산초등학교병설유치원,2023,19,0,https://e-childschoolinfo.moe.go.kr/,2023년 1차 공시
KLOCAL-b0f87221d172f370,인천양촌초등학교병설유치원,2023,8,0,https://e-childschoolinfo.moe.go.kr/,2023년 1차 공시
KLOCAL-d59c3c131dfc2700,인천영선초등학교병설유치원,2023,21,0,https://e-childschoolinfo.moe.go.kr/,2023년 1차 공시
KLOCAL-01a5916f0b28e44c,인천용마초등학교병설유치원,2023,19,0,https://e-childschoolinfo.moe.go.kr/,2023년 1차 공시
KLOCAL-56debb39372c4ba0,인천진산초등학교병설유치원,2023,14,0,https://e-childschoolinfo.moe.go.kr/,2023년 1차 공시
KLOCAL-281c2fad3f04d06c,인천한길초등학교병설유치원,2023,14,0,https://e-childschoolinfo.moe.go.kr/,2023년 1차 공시
KLOCAL-dcebf30aba91b8e1,인천해서초등학교병설유치원,2023,1,4,https://e-childschoolinfo.moe.go.kr/,2023년 1차 공시
KLOCAL-896263eeca0cb24e,인천화전유치원,2023,62,12,https://e-childschoolinfo.moe.go.kr/,2023년 1차 공시
KLOCAL-a458fa05dd151711,인천후정초등학교병설유치원,2023,27,0,https://e-childschoolinfo.moe.go.kr/,2023년 1차 공시
KLOCAL-e340aa37ee0b17d0,자연유치원,2023,113,0,https://e-childschoolinfo.moe.go.kr/,2023년 1차 공시
KLOCAL-3e7958b6a4d50a61,정민유치원,2023,157,0,https://e-childschoolinfo.moe.go.kr/,2023년 1차 공시
KLOCAL-bfc36b4ee580645c,정원유치원,2023,100,0,https://e-childschoolinfo.moe.go.kr/,2023년 1차 공시
KLOCAL-008b28233ec0cee2,청담유치원,2023,66,0,https://e-childschoolinfo.moe.go.kr/,2023년 1차 공시
KLOCAL-a2d75433658bba16,청송유치원,2023,27,0,https://e-childschoolinfo.moe.go.kr/,2023년 1차 공시
KLOCAL-0308f9e9a9e42dfd,청원유치원,2023,110,0,https://e-childschoolinfo.moe.go.kr/,2023년 1차 공시
KLOCAL-3a53daf795aebc01,프렌즈유치원,2023,96,0,https://e-childschoolinfo.moe.go.kr/,2023년 1차 공시
KLOCAL-3604491d53b601b4,한빛유치원,2023,40,0,https://e-childschoolinfo.moe.go.kr/,2023년 1차 공시
KLOCAL-ace02cf4887a0b04,해마루유치원,2023,90,0,https://e-childschoolinfo.moe.go.kr/,2023년 1차 공시
KLOCAL-c8f91a641f618071,해승유치원,2023,109,0,https://e-childschoolinfo.moe.go.kr/,2023년 1차 공시
KLOCAL-410831a720cf17a1,햇살유치원,2023,120,0,https://e-childschoolinfo.moe.go.kr/,2023년 1차 공시
KLOCAL-db47790fb79ebb49,현대유치원,2023,89,0,https://e-childschoolinfo.moe.go.kr/,2023년 1차 공시
KLOCAL-624dd65d9a69a6fd,홍익유치원,2023,61,0,https://e-childschoolinfo.moe.go.kr/,2023년 1차 공시
KLOCAL-d4bd51f655c7d518,경서유치원,2023,206,0,https://e-childschoolinfo.moe.go.kr/,2023년 1차 공시
KLOCAL-85ad7b101c5863a9,경인무지개유치원,2023,18,0,https://e-childschoolinfo.moe.go.kr/,2023년 1차 공시
KLOCAL-8a9b86e4d794522b,꼬마정원유치원,2023,211,0,https://e-childschoolinfo.moe.go.kr/,2023년 1차 공시
KLOCAL-6fa4617437939184,꿈드림유치원,2023,78,0,https://e-childschoolinfo.moe.go.kr/,2023년 1차 공시
KLOCAL-c3dd9c1d20fd07e2,다은유치원,2023,262,0,https://e-childschoolinfo.moe.go.kr/,2023년 1차 공시
KLOCAL-b3e032dc919c404c,드림유치원,2023,370,0,https://e-childschoolinfo.moe.go.kr/,2023년 1차 공시
KLOCAL-9c183b9823ea39ea,리라유치원,2023,146,0,https://e-childschoolinfo.moe.go.kr/,2023년 1차 공시
KLOCAL-d73e3aece4b7ed2b,명문유치원,2023,99,0,https://e-childschoolinfo.moe.go.kr/,2023년 1차 공시
KLOCAL-8e217d7a0b8a977c,무지개유치원,2023,111,0,https://e-childschoolinfo.moe.go.kr/,2023년 1차 공시
KLOCAL-25824987347b89df,바다유치원,2023,80,0,https://e-childschoolinfo.moe.go.kr/,2023년 1차 공시
KLOCAL-c97c061a2c04c5cd,뿌리유치원,2023,79,0,https://e-childschoolinfo.moe.go.kr/,2023년 1차 공시
KLOCAL-e7b2e54679f46271,사랑나무유치원,2023,21,0,https://e-childschoolinfo.moe.go.kr/,2023년 1차 공시
KLOCAL-9caec56ae5d4653c,사랑샘유치원,2023,450,0,https://e-childschoolinfo.moe.go.kr/,2023년 1차 공시
KLOCAL-d19a0e7bb3217421,산새소리유치원,2023,258,0,https://e-childschoolinfo.moe.go.kr/,2023년 1차 공시
KLOCAL-266ed741dd996b8d,산울림유치원,2023,59,0,https://e-childschoolinfo.moe.go.kr/,2023년 1차 공시
KLOCAL-660f3e0dcf70c20f,새한신유치원,2023,163,0,https://e-childschoolinfo.moe.go.kr/,2023년 1차 공시
KLOCAL-3e73ad45d397e6b0,세라유치원,2023,247,0,https://e-childschoolinfo.moe.go.kr/,2023년 1차 공시
KLOCAL-5f31278c2ab82f0a,아림유치원,2023,164,0,https://e-childschoolinfo.moe.go.kr/,2023년 1차 공시
KLOCAL-7b4637c902db7d09,아이사랑유치원,2023,222,0,https://e-childschoolinfo.moe.go.kr/,2023년 1차 공시
KLOCAL-d4ce0dfb265b45db,에녹유치원,2023,29,0,https://e-childschoolinfo.moe.go.kr/,2023년 1차 공시
KLOCAL-23e886f24f770204,엔젤유치원,2023,114,0,https://e-childschoolinfo.moe.go.kr/,2023년 1차 공시
KLOCAL-a86f6ae287b18882,연희유치원,2023,148,0,https://e-childschoolinfo.moe.go.kr/,2023년 1차 공시
KLOCAL-7a8ef99aafe1ff7b,예빛유치원,2023,182,0,https://e-childschoolinfo.moe.go.kr/,2023년 1차 공시
KLOCAL-97068fb68321a483,예인유치원,2023,244,0,https://e-childschoolinfo.moe.go.kr/,2023년 1차 공시
KLOCAL-432cd97ec470568e,예일유치원,2023,178,0,https://e-childschoolinfo.moe.go.kr/,2023년 1차 공시
KLOCAL-696372f793199769,예지유치원,2023,174,0,https://e-childschoolinfo.moe.go.kr/,2023년 1차 공시
KLOCAL-3e82cc8bc9518c92,은하유치원,2023,162,0,https://e-childschoolinfo.moe.go.kr/,2023년 1차 공시
KLOCAL-3c3f330218751057,인천가림초등학교병설유치원,2023,7,3,https://e-childschoolinfo.moe.go.kr/,2023년 1차 공시
KLOCAL-2eee87a9fad3f959,인천가석초등학교병설유치원,2023,20,3,https://e-childschoolinfo.moe.go.kr/,2023년 1차 공시
KLOCAL-1b478ca1f5cbe41e,인천가원초등학교병설유치원,2023,52,4,https://e-childschoolinfo.moe.go.kr/,2023년 1차 공시
KLOCAL-8f015ad565f90f24,인천가정초등학교병설유치원,2023,8,0,https://e-childschoolinfo.moe.go.kr/,2023년 1차 공시
KLOCAL-0b89b3cbc388c8d7,인천가현초등학교병설유치원,2023,57,0,https://e-childschoolinfo.moe.go.kr/,2023년 1차 공시
KLOCAL-d17bb226ab52939f,인천간재울초등학교병설유치원,2023,27,0,https://e-childschoolinfo.moe.go.kr/,2023년 1차 공시
KLOCAL-0867a880c4b46df2,인천건지초등학교병설유치원,2023,17,11,https://e-childschoolinfo.moe.go.kr/,2023년 1차 공시
KLOCAL-ad2e055c24bd547e,인천검단초등학교병설유치원,2023,51,0,https://e-childschoolinfo.moe.go.kr/,2023년 1차 공시
KLOCAL-262e10d1e210408c,인천검암유치원,2023,53,8,https://e-childschoolinfo.moe.go.kr/,2023년 1차 공시
KLOCAL-0af8f94d48e29a3b,인천경명초등학교병설유치원,2023,62,0,https://e-childschoolinfo.moe.go.kr/,2023년 1차 공시
KLOCAL-daa57df0a81440cd,인천경서초등학교병설유치원,2023,51,0,https://e-childschoolinfo.moe.go.kr/,2023년 1차 공시
KLOCAL-ba11a51bc0806260,인천경연초등학교병설유치원,2023,58,0,https://e-childschoolinfo.moe.go.kr/,2023년 1차 공시
KLOCAL-c2e4523109105612,인천공촌초등학교병설유치원,2023,20,0,https://e-childschoolinfo.moe.go.kr/,2023년 1차 공시
KLOCAL-6a31f4d9b5c5f65d,인천금곡초등학교병설유치원,2023,22,4,https://e-childschoolinfo.moe.go.kr/,2023년 1차 공시
KLOCAL-382a4eb638edccdb,인천능내초등학교병설유치원,2023,14,0,https://e-childschoolinfo.moe.go.kr/,2023년 1차 공시
KLOCAL-de70b1ea59f110a7,인천단봉초등학교병설유치원,2023,65,0,https://e-childschoolinfo.moe.go.kr/,2023년 1차 공시
KLOCAL-710c5518488064ab,인천당하초등학교병설유치원,2023,12,0,https://e-childschoolinfo.moe.go.kr/,2023년 1차 공시
KLOCAL-e939ece928361ded,인천도담초등학교병설유치원,2023,81,0,https://e-childschoolinfo.moe.go.kr/,2023년 1차 공시
KLOCAL-ddac7c3a8a0d5a08,인천마전초등학교병설유치원,2023,17,0,https://e-childschoolinfo.moe.go.kr/,2023년 1차 공시
KLOCAL-f4753e5542369632,인천목향초등학교병설유치원,2023,21,7,https://e-childschoolinfo.moe.go.kr/,2023년 1차 공시
KLOCAL-7d5c804848608a29,인천발산초등학교병설유치원,2023,51,0,https://e-childschoolinfo.moe.go.kr/,2023년 1차 공시
KLOCAL-f9046d59bd98116e,인천백석초등학교병설유치원,2023,41,0,https://e-childschoolinfo.moe.go.kr/,2023년 1차 공시
KLOCAL-d817fae7029ed452,인천봉수초등학교병설유치원,2023,57,0,https://e-childschoolinfo.moe.go.kr/,2023년 1차 공시
KLOCAL-9cedf6cf5469db38,인천봉화초등학교병설유치원,2023,13,0,https://e-childschoolinfo.moe.go.kr/,2023년 1차 공시
KLOCAL-1c92f7fa634fb5f3,인천불로초등학교병설유치원,2023,19,0,https://e-childschoolinfo.moe.go.kr/,2023년 1차 공시
KLOCAL-7eca59cf2b27adeb,인천서곶초등학교병설유치원,2023,23,0,https://e-childschoolinfo.moe.go.kr/,2023년 1차 공시
KLOCAL-d1881d2f856ac1b3,인천서로꿈유치원,2023,273,12,https://e-childschoolinfo.moe.go.kr/,2023년 1차 공시
KLOCAL-e67fb17cb81b7ac2,인천서현유치원,2023,159,12,https://e-childschoolinfo.moe.go.kr/,2023년 1차 공시
KLOCAL-2def53f46a779e53,인천석남초등학교병설유치원,2023,4,0,https://e-childschoolinfo.moe.go.kr/,2023년 1차 공시
KLOCAL-2da09589001a6ae4,인천신석초등학교병설유치원,2023,8,4,https://e-childschoolinfo.moe.go.kr/,2023년 1차 공시
KLOCAL-7e2349d1d3ce7603,인천신현북초등학교병설유치원,2023,7,0,https://e-childschoolinfo.moe.go.kr/,2023년 1차 공시
KLOCAL-b833eeda1290da9f,인천아라꿈유치원,2023,388,11,https://e-childschoolinfo.moe.go.kr/,2023년 1차 공시
KLOCAL-cc5ca2ff5c2c1840,인천아람초등학교병설유치원,2023,75,4,https://e-childschoolinfo.moe.go.kr/,2023년 1차 공시
KLOCAL-6ab54af3a2193b78,인천양지초등학교병설유치원,2023,7,4,https://e-childschoolinfo.moe.go.kr/,2023년 1차 공시
KLOCAL-aa8da85a8f6b19b9,인천완정초등학교병설유치원,2023,13,0,https://e-childschoolinfo.moe.go.kr/,2023년 1차 공시
KLOCAL-0fdcd04de8b6ed6d,인천왕길초등학교병설유치원,2023,25,4,https://e-childschoolinfo.moe.go.kr/,2023년 1차 공시
KLOCAL-55058525ba8494ab,인천원당초등학교병설유치원,2023,23,0,https://e-childschoolinfo.moe.go.kr/,2023년 1차 공시
KLOCAL-4c7d06e164ffce6c,인천은지초등학교병설유치원,2023,20,0,https://e-childschoolinfo.moe.go.kr/,2023년 1차 공시
KLOCAL-7b7d4c15574d22f9,인천이음초등학교병설유치원,2023,110,4,https://e-childschoolinfo.moe.go.kr/,2023년 1차 공시
KLOCAL-1fd9f21caa124372,인천창신초등학교병설유치원,2023,28,0,https://e-childschoolinfo.moe.go.kr/,2023년 1차 공시
KLOCAL-df8423dbb089d99c,인천청라초등학교병설유치원,2023,68,0,https://e-childschoolinfo.moe.go.kr/,2023년 1차 공시
KLOCAL-55f85ae587a7a257,인천청람초등학교병설유치원,2023,55,0,https://e-childschoolinfo.moe.go.kr/,2023년 1차 공시
KLOCAL-1106537bcfb62fe4,인천청일초등학교병설유치원,2023,55,0,https://e-childschoolinfo.moe.go.kr/,2023년 1차 공시
KLOCAL-4a424ece4c3030f0,인천초은초등학교병설유치원,2023,63,0,https://e-childschoolinfo.moe.go.kr/,2023년 1차 공시
KLOCAL-b71b3fb614f2b85a,인천푸른빛유치원,2023,159,12,https://e-childschoolinfo.moe.go.kr/,2023년 1차 공시
KLOCAL-4ff73e805db03cdf,인천한별초등학교병설유치원,2023,75,4,https://e-childschoolinfo.moe.go.kr/,2023년 1차 공시
KLOCAL-2b9a80a829c012d7,인천해든초등학교병설유치원,2023,75,4,https://e-childschoolinfo.moe.go.kr/,2023년 1차 공시
KLOCAL-bfe5172d21d17747,인천해원초등학교병설유치원,2023,70,4,https://e-childschoolinfo.moe.go.kr/,2023년 1차 공시
KLOCAL-136bbfeb0cacbeb0,일영유치원,2023,176,0,https://e-childschoolinfo.moe.go.kr/,2023년 1차 공시
KLOCAL-d8c137ce638ca39b,재은유치원,2023,89,0,https://e-childschoolinfo.moe.go.kr/,2023년 1차 공시
KLOCAL-960ae6297334b559,청라새싹유치원,2023,348,0,https://e-childschoolinfo.moe.go.kr/,2023년 1차 공시
KLOCAL-9c3128f86f9e804f,청라유치원,2023,159,12,https://e-childschoolinfo.moe.go.kr/,2023년 1차 공시
KLOCAL-287edcd5656c8d18,큰사랑유치원,2023,185,0,https://e-childschoolinfo.moe.go.kr/,2023년 1차 공시
KLOCAL-8550dfd9204474b8,프라임청라유치원,2023,283,0,https://e-childschoolinfo.moe.go.kr/,2023년 1차 공시
KLOCAL-6ea342592d10ee06,한샘유치원,2023,158,0,https://e-childschoolinfo.moe.go.kr/,2023년 1차 공시
KLOCAL-3c0aa6a5169882ee,한울유치원,2023,147,0,https://e-childschoolinfo.moe.go.kr/,2023년 1차 공시
KLOCAL-1f328ba143036bf8,해나라유치원,2023,308,0,https://e-childschoolinfo.moe.go.kr/,2023년 1차 공시
KLOCAL-ca7704409b2eeaf2,희망찬유치원,2023,95,0,https://e-childschoolinfo.moe.go.kr/,2023년 1차 공시
KLOCAL-cc7903a205c47f13,갑룡초등학교병설유치원,2024,40,4,https://e-childschoolinfo.moe.go.kr/,2024년 1차 공시
KLOCAL-dd6dbb2a34c3a048,강화유치원,2024,39,0,https://e-childschoolinfo.moe.go.kr/,2024년 1차 공시
KLOCAL-334e28e4065f3ab6,강화초등학교병설유치원,2024,5,0,https://e-childschoolinfo.moe.go.kr/,2024년 1차 공시
KLOCAL-c17af5dbcc9e77c7,교동초등학교병설유치원,2024,4,0,https://e-childschoolinfo.moe.go.kr/,2024년 1차 공시
KLOCAL-3c356c0a84207416,내가초등학교병설유치원,2024,9,0,https://e-childschoolinfo.moe.go.kr/,2024년 1차 공시
KLOCAL-f32b3f18c3c6667b,대월초등학교병설유치원,2024,2,0,https://e-childschoolinfo.moe.go.kr/,2024년 1차 공시
KLOCAL-51c6dc17a37cef2b,마니산유치원,2024,47,7,https://e-childschoolinfo.moe.go.kr/,2024년 1차 공시
KLOCAL-7463c2756c15c1d3,명신초등학교병설유치원,2024,3,0,https://e-childschoolinfo.moe.go.kr/,2024년 1차 공시
KLOCAL-a286fe75086d2d64,삼산초등학교병설유치원,2024,6,0,https://e-childschoolinfo.moe.go.kr/,2024년 1차 공시
KLOCAL-5af4890425fbff3c,선원초등학교병설유치원,2024,24,0,https://e-childschoolinfo.moe.go.kr/,2024년 1차 공시
KLOCAL-08917b6afd819029,송해초등학교병설유치원,2024,4,0,https://e-childschoolinfo.moe.go.kr/,2024년 1차 공시
KLOCAL-a7c30c387636e4fd,양사초등학교병설유치원,2024,3,0,https://e-childschoolinfo.moe.go.kr/,2024년 1차 공시
KLOCAL-54a88136cf70c698,잠두유치원,2024,45,0,https://e-childschoolinfo.moe.go.kr/,2024년 1차 공시
KLOCAL-674ef65b6f0d148e,코끼리유치원,2024,83,0,https://e-childschoolinfo.moe.go.kr/,2024년 1차 공시
KLOCAL-67f73dfaccf6c54c,하점초등학교병설유치원,2024,5,0,https://e-childschoolinfo.moe.go.kr/,2024년 1차 공시
KLOCAL-edc78a00d15f9048,합일초등학교병설유치원,2024,6,4,https://e-childschoolinfo.moe.go.kr/,2024년 1차 공시
KLOCAL-eb061546857b8dda,건영유치원,2024,204,0,https://e-childschoolinfo.moe.go.kr/,2024년 1차 공시
KLOCAL-974da5ec0dd22c2e,국현유치원,2024,201,0,https://e-childschoolinfo.moe.go.kr/,2024년 1차 공시
KLOCAL-5d9f2a6b9a4b2843,그림나라유치원,2024,95,0,https://e-childschoolinfo.moe.go.kr/,2024년 1차 공시
KLOCAL-41f63dbead90187b,금호유치원,2024,142,0,https://e-childschoolinfo.moe.go.kr/,2024년 1차 공시
KLOCAL-58a55d858149cfe9,노벨유치원,2024,76,0,https://e-childschoolinfo.moe.go.kr/,2024년 1차 공시
KLOCAL-0cd7ba2a12988285,다솜유치원,2024,44,0,https://e-childschoolinfo.moe.go.kr/,2024년 1차 공시
KLOCAL-11084f843babf1c9,대청초등학교병설유치원,2024,2,0,https://e-childschoolinfo.moe.go.kr/,2024년 1차 공시
KLOCAL-672f25c7875a43e6,덕적초등학교병설유치원,2024,2,0,https://e-childschoolinfo.moe.go.kr/,2024년 1차 공시
KLOCAL-aaf9709671edf7be,도담유치원,2024,0,0,https://e-childschoolinfo.moe.go.kr/,2024년 1차 공시
KLOCAL-10421b7c8f5899de,동원유치원,2024,181,0,https://e-childschoolinfo.moe.go.kr/,2024년 1차 공시
KLOCAL-0bbc0fac855a7b3e,뒤나미스유치원,2024,370,0,https://e-childschoolinfo.moe.go.kr/,2024년 1차 공시
KLOCAL-590c99bb86999b08,무지개유치원,2024,228,0,https://e-childschoolinfo.moe.go.kr/,2024년 1차 공시
KLOCAL-b2ef58c299ec5904,미주유치원,2024,178,0,https://e-childschoolinfo.moe.go.kr/,2024년 1차 공시
KLOCAL-85120f2449c7bce0,밀알유치원,2024,219,0,https://e-childschoolinfo.moe.go.kr/,2024년 1차 공시
KLOCAL-026d832c691d3ca0,박문유치원,2024,145,0,https://e-childschoolinfo.moe.go.kr/,2024년 1차 공시
KLOCAL-f53bd21b5a623669,반디유치원,2024,149,0,https://e-childschoolinfo.moe.go.kr/,2024년 1차 공시
KLOCAL-82eb89aae72bf48f,백령성모유치원,2024,27,0,https://e-childschoolinfo.moe.go.kr/,2024년 1차 공시
KLOCAL-449fffc16f64b212,북포초등학교병설유치원,2024,5,0,https://e-childschoolinfo.moe.go.kr/,2024년 1차 공시
KLOCAL-33bfc1608850fe4f,산새소리유치원,2024,24,0,https://e-childschoolinfo.moe.go.kr/,2024년 1차 공시
KLOCAL-95018410bf5fd937,성바오로유치원,2024,117,0,https://e-childschoolinfo.moe.go.kr/,2024년 1차 공시
KLOCAL-70a3bf4262c4bc52,세종유치원,2024,106,0,https://e-childschoolinfo.moe.go.kr/,2024년 1차 공시
KLOCAL-77ee1fd2c433efee,소명유치원,2024,170,0,https://e-childschoolinfo.moe.go.kr/,2024년 1차 공시
KLOCAL-50565bd642260910,솔빛유치원,2024,123,0,https://e-childschoolinfo.moe.go.kr/,2024년 1차 공시
KLOCAL-fe0db0fed48025b0,솔샘유치원,2024,135,0,https://e-childschoolinfo.moe.go.kr/,2024년 1차 공시
KLOCAL-7e04553d125db319,송현유치원,2024,93,0,https://e-childschoolinfo.moe.go.kr/,2024년 1차 공시
KLOCAL-7f4baf8d3ec9cb63,숭의유치원,2024,87,0,https://e-childschoolinfo.moe.go.kr/,2024년 1차 공시
KLOCAL-f62067ae1c1de696,신동아유치원,2024,26,0,https://e-childschoolinfo.moe.go.kr/,2024년 1차 공시
KLOCAL-1dcb5b73dd15046b,연평초등학교병설유치원,2024,11,0,https://e-childschoolinfo.moe.go.kr/,2024년 1차 공시
KLOCAL-f57b640f7d2b17de,연흥유치원,2024,90,0,https://e-childschoolinfo.moe.go.kr/,2024년 1차 공시
KLOCAL-a7594966a338574e,영종유치원,2024,187,11,https://e-childschoolinfo.moe.go.kr/,2024년 1차 공시
KLOCAL-45fd24312e405c2b,영흥초등학교병설유치원,2024,6,0,https://e-childschoolinfo.moe.go.kr/,2024년 1차 공시
KLOCAL-00df819b46080269,예원유치원,2024,36,0,https://e-childschoolinfo.moe.go.kr/,2024년 1차 공시
KLOCAL-66a6f76a70617813,용화유치원,2024,102,0,https://e-childschoolinfo.moe.go.kr/,2024년 1차 공시
KLOCAL-0fea88de34bd253a,유원유치원,2024,93,0,https://e-childschoolinfo.moe.go.kr/,2024년 1차 공시
KLOCAL-d943654a91207e8e,이튼유치원,2024,269,0,https://e-childschoolinfo.moe.go.kr/,2024년 1차 공시
KLOCAL-85f5756001b304e3,인천경원초등학교병설유치원,2024,21,0,https://e-childschoolinfo.moe.go.kr/,2024년 1차 공시
KLOCAL-c7b1ac02486e877e,인천공항유치원,2024,60,4,https://e-childschoolinfo.moe.go.kr/,2024년 1차 공시
KLOCAL-bf23f2ab98fbb26d,인천공항초등학교신도분교장병설유치원,2024,3,0,https://e-childschoolinfo.moe.go.kr/,2024년 1차 공시
KLOCAL-7c23e3e4581c56be,인천대화초등학교병설유치원,2024,15,0,https://e-childschoolinfo.moe.go.kr/,2024년 1차 공시
KLOCAL-d937eda4414c29ee,인천도화초등학교병설유치원,2024,25,4,https://e-childschoolinfo.moe.go.kr/,2024년 1차 공시
KLOCAL-f029b3c36cc10f46,인천만석초등학교병설유치원,2024,2,0,https://e-childschoolinfo.moe.go.kr/,2024년 1차 공시
KLOCAL-9d0fbf322e58c053,인천문학초등학교병설유치원,2024,3,0,https://e-childschoolinfo.moe.go.kr/,2024년 1차 공시
KLOCAL-6a49f1cfda01f663,인천별빛초등학교병설유치원,2024,67,4,https://e-childschoolinfo.moe.go.kr/,2024년 1차 공시
KLOCAL-9a6e8bc74511dd0d,인천삼목초등학교장봉분교장병설유치원,2024,2,0,https://e-childschoolinfo.moe.go.kr/,2024년 1차 공시
KLOCAL-4738008fa5ece47e,인천서림초등학교병설유치원,2024,10,0,https://e-childschoolinfo.moe.go.kr/,2024년 1차 공시
KLOCAL-cc95b8a776d508d8,인천서화초등학교병설유치원,2024,22,0,https://e-childschoolinfo.moe.go.kr/,2024년 1차 공시
KLOCAL-380ee7c054fafc91,인천서흥초등학교병설유치원,2024,10,0,https://e-childschoolinfo.moe.go.kr/,2024년 1차 공시
KLOCAL-46db3a7a96da1ce6,인천송림초등학교병설유치원,2024,12,4,https://e-childschoolinfo.moe.go.kr/,2024년 1차 공시
KLOCAL-73ccc783a23f0675,인천송현초등학교병설유치원,2024,4,0,https://e-childschoolinfo.moe.go.kr/,2024년 1차 공시
KLOCAL-b12b61fbba266e2a,인천숭의초등학교병설유치원,2024,15,0,https://e-childschoolinfo.moe.go.kr/,2024년 1차 공시
KLOCAL-8ba02afc753343e4,인천신선초등학교병설유치원,2024,27,0,https://e-childschoolinfo.moe.go.kr/,2024년 1차 공시
KLOCAL-2f2ce39905da65f8,인천신흥초등학교병설유치원,2024,20,0,https://e-childschoolinfo.moe.go.kr/,2024년 1차 공시
KLOCAL-74d6accdee6575bd,인천연안초등학교병설유치원,2024,34,0,https://e-childschoolinfo.moe.go.kr/,2024년 1차 공시
KLOCAL-f1560b9f1d29c37d,인천연학초등학교병설유치원,2024,36,0,https://e-childschoolinfo.moe.go.kr/,2024년 1차 공시
KLOCAL-1ddb144d8df27d87,인천영종초등학교병설유치원,2024,51,0,https://e-childschoolinfo.moe.go.kr/,2024년 1차 공시
KLOCAL-f49918d712180a3b,인천용유초등학교병설유치원,2024,8,0,https://e-childschoolinfo.moe.go.kr/,2024년 1차 공시
KLOCAL-dbac808d955ed351,인천용일초등학교병설유치원,2024,15,0,https://e-childschoolinfo.moe.go.kr/,2024년 1차 공시
KLOCAL-835ca4886f808119,인천용정초등학교병설유치원,2024,16,0,https://e-childschoolinfo.moe.go.kr/,2024년 1차 공시
KLOCAL-72edaafd1436ee88,인천용학초등학교병설유치원,2024,78,0,https://e-childschoolinfo.moe.go.kr/,2024년 1차 공시
KLOCAL-03906654ce1dfdb4,인천용현남초등학교자월분교장병설유치원,2024,3,0,https://e-childschoolinfo.moe.go.kr/,2024년 1차 공시
KLOCAL-1be9ec6cbd10709a,인천주안초등학교병설유치원,2024,23,4,https://e-childschoolinfo.moe.go.kr/,2024년 1차 공시
KLOCAL-b28bba23e63bc43f,인천중산초등학교병설유치원,2024,85,0,https://e-childschoolinfo.moe.go.kr/,2024년 1차 공시
KLOCAL-34cd4a3c1e5df434,인천창영초등학교병설유치원,2024,4,0,https://e-childschoolinfo.moe.go.kr/,2024년 1차 공시
KLOCAL-3caa8d6f764b16f7,인천하늘초등학교병설유치원,2024,48,0,https://e-childschoolinfo.moe.go.kr/,2024년 1차 공시
KLOCAL-78df8739d8df4799,인천학익초등학교병설유치원,2024,5,4,https://e-childschoolinfo.moe.go.kr/,2024년 1차 공시
KLOCAL-89a34f512aff0b8a,자유유치원,2024,55,33,https://e-childschoolinfo.moe.go.kr/,2024년 1차 공시
KLOCAL-7f0082a29bbc1873,재능대학교부속유치원,2024,187,0,https://e-childschoolinfo.moe.go.kr/,2024년 1차 공시
KLOCAL-b3e79d50babb2a89,지영유치원,2024,77,0,https://e-childschoolinfo.moe.go.kr/,2024년 1차 공시
KLOCAL-860b4fda06d66205,진흥유치원,2024,103,0,https://e-childschoolinfo.moe.go.kr/,2024년 1차 공시
KLOCAL-59488b5f10bd36dd,참빛유치원,2024,67,0,https://e-childschoolinfo.moe.go.kr/,2024년 1차 공시
KLOCAL-d3da11d9e1f412b4,초롱유치원,2024,116,0,https://e-childschoolinfo.moe.go.kr/,2024년 1차 공시
KLOCAL-72698116ed206e92,프라임건영유치원,2024,93,0,https://e-childschoolinfo.moe.go.kr/,2024년 1차 공시
KLOCAL-bfbf6ed15649f16b,하늘유치원,2024,66,0,https://e-childschoolinfo.moe.go.kr/,2024년 1차 공시
KLOCAL-5ef1a9f30587f281,한빛유치원,2024,128,0,https://e-childschoolinfo.moe.go.kr/,2024년 1차 공시
KLOCAL-5291bdaab4f312eb,한울유치원,2024,105,0,https://e-childschoolinfo.moe.go.kr/,2024년 1차 공시
KLOCAL-d55991545b9ca28f,해님나라유치원,2024,195,0,https://e-childschoolinfo.moe.go.kr/,2024년 1차 공시
KLOCAL-449480036ac79522,해승유치원,2024,75,0,https://e-childschoolinfo.moe.go.kr/,2024년 1차 공시
KLOCAL-d0c67b00714a002e,간석유치원,2024,47,0,https://e-childschoolinfo.moe.go.kr/,2024년 1차 공시
KLOCAL-3a978356c1843ba3,경희유치원,2024,220,0,https://e-childschoolinfo.moe.go.kr/,2024년 1차 공시
KLOCAL-fe703725d8c5c670,글로벌레인보우유치원,2024,600,0,https://e-childschoolinfo.moe.go.kr/,2024년 1차 공시
KLOCAL-bfd71f3d423988a5,기암유치원,2024,66,0,https://e-childschoolinfo.moe.go.kr/,2024년 1차 공시
KLOCAL-251be2946e3f2e1e,꿈동산유치원,2024,167,0,https://e-childschoolinfo.moe.go.kr/,2024년 1차 공시
KLOCAL-8178a2810111b4ae,꿈의보람유치원,2024,70,0,https://e-childschoolinfo.moe.go.kr/,2024년 1차 공시
KLOCAL-033a97f22a8d5674,논현유치원,2024,66,8,https://e-childschoolinfo.moe.go.kr/,2024년 1차 공시
KLOCAL-d5c54935ca8ff71b,다샘유치원,2024,51,0,https://e-childschoolinfo.moe.go.kr/,2024년 1차 공시
KLOCAL-b71f83339bbf6c7f,다슬기유치원,2024,48,0,https://e-childschoolinfo.moe.go.kr/,2024년 1차 공시
KLOCAL-6daf1b262c32a08c,동심유치원,2024,146,0,https://e-childschoolinfo.moe.go.kr/,2024년 1차 공시
KLOCAL-63399426933f9ae4,동화나라유치원,2024,80,0,https://e-childschoolinfo.moe.go.kr/,2024년 1차 공시
KLOCAL-65f18e0f28637028,미상지유치원,2024,151,0,https://e-childschoolinfo.moe.go.kr/,2024년 1차 공시
KLOCAL-c4161023af71f7b8,미예뜰유치원,2024,191,0,https://e-childschoolinfo.moe.go.kr/,2024년 1차 공시
KLOCAL-fd52787ce68b9cc4,바다의별유치원,2024,110,0,https://e-childschoolinfo.moe.go.kr/,2024년 1차 공시
KLOCAL-4db1d0730f341b82,반디유치원,2024,217,0,https://e-childschoolinfo.moe.go.kr/,2024년 1차 공시
KLOCAL-4a0dd0e09f7c170a,복자유치원,2024,107,0,https://e-childschoolinfo.moe.go.kr/,2024년 1차 공시
KLOCAL-a13484cce102c7ad,부광예능유치원,2024,85,0,https://e-childschoolinfo.moe.go.kr/,2024년 1차 공시
KLOCAL-8623b37927321be0,부광유치원,2024,112,0,https://e-childschoolinfo.moe.go.kr/,2024년 1차 공시
KLOCAL-7e915f13c355f440,브레인유치원,2024,185,0,https://e-childschoolinfo.moe.go.kr/,2024년 1차 공시
KLOCAL-12d27bc6e1660e9d,사랑유치원,2024,106,0,https://e-childschoolinfo.moe.go.kr/,2024년 1차 공시
KLOCAL-100df6af0fea38c9,삼성유치원,2024,84,0,https://e-childschoolinfo.moe.go.kr/,2024년 1차 공시
KLOCAL-6676c2bcefece192,새싹유치원,2024,83,0,https://e-childschoolinfo.moe.go.kr/,2024년 1차 공시
KLOCAL-107a8c06c18f2a60,새예지유치원,2024,143,0,https://e-childschoolinfo.moe.go.kr/,2024년 1차 공시
KLOCAL-43f7ad8ac4fd97b4,새인예유치원,2024,52,0,https://e-childschoolinfo.moe.go.kr/,2024년 1차 공시
KLOCAL-f79433e81215e45b,새하늘유치원,2024,49,0,https://e-childschoolinfo.moe.go.kr/,2024년 1차 공시
KLOCAL-ee92f238c00ca8b5,샤인유치원,2024,210,0,https://e-childschoolinfo.moe.go.kr/,2024년 1차 공시
KLOCAL-67e0c5eb116913d6,소담숲유치원,2024,121,0,https://e-childschoolinfo.moe.go.kr/,2024년 1차 공시
KLOCAL-e47e237956c9037b,송도국제유치원,2024,521,0,https://e-childschoolinfo.moe.go.kr/,2024년 1차 공시
KLOCAL-4d24c45e629f00af,수피아유치원,2024,144,0,https://e-childschoolinfo.moe.go.kr/,2024년 1차 공시
KLOCAL-f591f4da9fb6832b,신도유치원,2024,56,0,https://e-childschoolinfo.moe.go.kr/,2024년 1차 공시
KLOCAL-369a4964372d4b20,신명유치원,2024,94,0,https://e-childschoolinfo.moe.go.kr/,2024년 1차 공시
KLOCAL-c8f2705298b07183,아름솔유치원,2024,147,0,https://e-childschoolinfo.moe.go.kr/,2024년 1차 공시
KLOCAL-ff3c969cd7af6837,아삽유치원,2024,58,0,https://e-childschoolinfo.moe.go.kr/,2024년 1차 공시
KLOCAL-1375cec9fea0c803,아이웰유치원,2024,123,0,https://e-childschoolinfo.moe.go.kr/,2024년 1차 공시
KLOCAL-2c8aa292f224503d,아이큰별유치원,2024,155,0,https://e-childschoolinfo.moe.go.kr/,2024년 1차 공시
KLOCAL-34fbb34c9c9f34c7,에듀피아유치원,2024,367,0,https://e-childschoolinfo.moe.go.kr/,2024년 1차 공시
KLOCAL-e436b88a780add2c,에이스화인유치원,2024,363,0,https://e-childschoolinfo.moe.go.kr/,2024년 1차 공시
KLOCAL-778bc903de10783e,연수유치원,2024,98,0,https://e-childschoolinfo.moe.go.kr/,2024년 1차 공시
KLOCAL-117cde7db840a10e,예다원유치원,2024,384,0,https://e-childschoolinfo.moe.go.kr/,2024년 1차 공시
KLOCAL-a73becd81df8c04e,온누리비전유치원,2024,70,0,https://e-childschoolinfo.moe.go.kr/,2024년 1차 공시
KLOCAL-41ab9125b086444d,유엔유치원,2024,370,0,https://e-childschoolinfo.moe.go.kr/,2024년 1차 공시
KLOCAL-6cc247e473a0dd94,인보유치원,2024,55,0,https://e-childschoolinfo.moe.go.kr/,2024년 1차 공시
KLOCAL-28e854d271c0e8e1,인천간석초등학교병설유치원,2024,35,4,https://e-childschoolinfo.moe.go.kr/,2024년 1차 공시
KLOCAL-bb78c900eca43f09,인천고잔유치원,2024,70,7,https://e-childschoolinfo.moe.go.kr/,2024년 1차 공시
KLOCAL-34f51f462724b79d,인천고잔초등학교병설유치원,2024,43,0,https://e-childschoolinfo.moe.go.kr/,2024년 1차 공시
KLOCAL-c3820bd9125fc45b,인천구월유치원,2024,134,12,https://e-childschoolinfo.moe.go.kr/,2024년 1차 공시
KLOCAL-fc233c4e719c1c84,인천논곡초등학교병설유치원,2024,4,3,https://e-childschoolinfo.moe.go.kr/,2024년 1차 공시
KLOCAL-394d164ed7bec392,인천도림초등학교병설유치원,2024,30,0,https://e-childschoolinfo.moe.go.kr/,2024년 1차 공시
KLOCAL-c450a0dccff7fa8a,인천동방초등학교병설유치원,2024,21,0,https://e-childschoolinfo.moe.go.kr/,2024년 1차 공시
KLOCAL-d0880bc91ea3a11c,인천동부초등학교병설유치원,2024,3,0,https://e-childschoolinfo.moe.go.kr/,2024년 1차 공시
KLOCAL-32d3ae6b63e1b618,인천동춘초등학교병설유치원,2024,19,0,https://e-childschoolinfo.moe.go.kr/,2024년 1차 공시
KLOCAL-f03b39efeda7c1e2,인천만수초등학교병설유치원,2024,23,4,https://e-childschoolinfo.moe.go.kr/,2024년 1차 공시
KLOCAL-ef25cce87a4a5a4a,인천만월초등학교병설유치원,2024,28,0,https://e-childschoolinfo.moe.go.kr/,2024년 1차 공시
KLOCAL-7cd8621a409ee80e,인천먼우금초등학교병설유치원,2024,30,0,https://e-childschoolinfo.moe.go.kr/,2024년 1차 공시
KLOCAL-9e1ecde17b4153f9,인천명선초등학교병설유치원,2024,51,0,https://e-childschoolinfo.moe.go.kr/,2024년 1차 공시
KLOCAL-6c86da3feb44d69f,인천미송유치원,2024,294,12,https://e-childschoolinfo.moe.go.kr/,2024년 1차 공시
KLOCAL-5a6e8949c07c2398,인천미송초등학교병설유치원,2024,89,0,https://e-childschoolinfo.moe.go.kr/,2024년 1차 공시
KLOCAL-b77a1bafb9d14dde,인천사리울초등학교병설유치원,2024,18,0,https://e-childschoolinfo.moe.go.kr/,2024년 1차 공시
KLOCAL-fda225ae2869cf69,인천상아초등학교병설유치원,2024,29,0,https://e-childschoolinfo.moe.go.kr/,2024년 1차 공시
KLOCAL-a6f87c22e938f04d,인천새봄초등학교병설유치원,2024,51,0,https://e-childschoolinfo.moe.go.kr/,2024년 1차 공시
KLOCAL-a13112ed33df123c,인천서창초등학교병설유치원,2024,20,0,https://e-childschoolinfo.moe.go.kr/,2024년 1차 공시
KLOCAL-10682fedb5eb5c47,인천소래초등학교병설유치원,2024,35,4,https://e-childschoolinfo.moe.go.kr/,2024년 1차 공시
KLOCAL-edd263eb4f557278,인천송담초등학교병설유치원,2024,67,4,https://e-childschoolinfo.moe.go.kr/,2024년 1차 공시
KLOCAL-a30030402106c616,인천송도꿈유치원,2024,294,12,https://e-childschoolinfo.moe.go.kr/,2024년 1차 공시
KLOCAL-4eab697aec7ffe81,인천송명초등학교병설유치원,2024,51,0,https://e-childschoolinfo.moe.go.kr/,2024년 1차 공시
KLOCAL-278a27da1c51475e,인천송원초등학교병설유치원,2024,51,0,https://e-childschoolinfo.moe.go.kr/,2024년 1차 공시
KLOCAL-c0b666f4a95885af,인천송일초등학교병설유치원,2024,76,0,https://e-childschoolinfo.moe.go.kr/,2024년 1차 공시
KLOCAL-f9615dc5f6bb8ee0,인천신송초등학교병설유치원,2024,40,0,https://e-childschoolinfo.moe.go.kr/,2024년 1차 공시
KLOCAL-217d5f1aa8131427,인천신월초등학교병설유치원,2024,5,4,https://e-childschoolinfo.moe.go.kr/,2024년 1차 공시
KLOCAL-1519f421f42d9d8a,인천신정초등학교병설유치원,2024,54,4,https://e-childschoolinfo.moe.go.kr/,2024년 1차 공시
KLOCAL-7d6ec0482027aa78,인천예송유치원,2024,192,12,https://e-childschoolinfo.moe.go.kr/,2024년 1차 공시
KLOCAL-e6f561eea690e9ea,인천예송초등학교병설유치원,2024,85,4,https://e-childschoolinfo.moe.go.kr/,2024년 1차 공시
KLOCAL-c71d186619793815,인천원동초등학교병설유치원,2024,30,0,https://e-childschoolinfo.moe.go.kr/,2024년 1차 공시
KLOCAL-b97d990836849b04,인천은송초등학교병설유치원,2024,67,4,https://e-childschoolinfo.moe.go.kr/,2024년 1차 공시
KLOCAL-96cfe3734dfe7f6f,인천인동초등학교병설유치원,2024,18,0,https://e-childschoolinfo.moe.go.kr/,2024년 1차 공시
KLOCAL-f2b56eb375536aa8,인천장도초등학교병설유치원,2024,34,0,https://e-childschoolinfo.moe.go.kr/,2024년 1차 공시
KLOCAL-6f2e5971d64c0765,인천장서초등학교병설유치원,2024,52,0,https://e-childschoolinfo.moe.go.kr/,2024년 1차 공시
KLOCAL-1cba793eaad3af21,인천장수초등학교병설유치원,2024,8,4,https://e-childschoolinfo.moe.go.kr/,2024년 1차 공시
KLOCAL-439127f6b925d297,인천장아초등학교병설유치원,2024,44,4,https://e-childschoolinfo.moe.go.kr/,2024년 1차 공시
KLOCAL-0d94659e002bb7af,인천정각초등학교병설유치원,2024,59,4,https://e-childschoolinfo.moe.go.kr/,2024년 1차 공시
KLOCAL-abb50af7d2260f86,인천주원초등학교병설유치원,2024,16,0,https://e-childschoolinfo.moe.go.kr/,2024년 1차 공시
KLOCAL-61114cb3327df41f,인천첨단초등학교병설유치원,2024,89,0,https://e-childschoolinfo.moe.go.kr/,2024년 1차 공시
KLOCAL-bf2a1d84ff1f0be4,인천청학초등학교병설유치원,2024,16,0,https://e-childschoolinfo.moe.go.kr/,2024년 1차 공시
KLOCAL-8e56ade33984c867,인천축현초등학교병설유치원,2024,14,0,https://e-childschoolinfo.moe.go.kr/,2024년 1차 공시
KLOCAL-dc5e4c9a4f7a45e8,인천한빛초등학교병설유치원,2024,52,0,https://e-childschoolinfo.moe.go.kr/,2024년 1차 공시
KLOCAL-18b3e8f4c6c007f3,인천해송초등학교병설유치원,2024,41,4,https://e-childschoolinfo.moe.go.kr/,2024년 1차 공시
KLOCAL-10995438901baf02,인천현송초등학교병설유치원,2024,67,3,https://e-childschoolinfo.moe.go.kr/,2024년 1차 공시
KLOCAL-a243e71bda61eb84,자연발도르프유치원,2024,124,0,https://e-childschoolinfo.moe.go.kr/,2024년 1차 공시
KLOCAL-5797361de35b1d37,작은꽃예능유치원,2024,115,0,https://e-childschoolinfo.moe.go.kr/,2024년 1차 공시
KLOCAL-89210c1d0d118cbb,제니스유치원,2024,291,0,https://e-childschoolinfo.moe.go.kr/,2024년 1차 공시
KLOCAL-d1f974afc89b04e4,조은유치원,2024,24,0,https://e-childschoolinfo.moe.go.kr/,2024년 1차 공시
KLOCAL-5f898a9cc2711bd4,참아름유치원,2024,156,0,https://e-childschoolinfo.moe.go.kr/,2024년 1차 공시
KLOCAL-2b07c33dd5f30eca,참조은유치원,2024,155,0,https://e-childschoolinfo.moe.go.kr/,2024년 1차 공시
KLOCAL-ae41e29b3e0ee2d0,청담숲유치원,2024,123,0,https://e-childschoolinfo.moe.go.kr/,2024년 1차 공시
KLOCAL-cb0f3434a75d79da,청송유치원,2024,71,0,https://e-childschoolinfo.moe.go.kr/,2024년 1차 공시
KLOCAL-700c16dffdf23664,청학숲유치원,2024,258,0,https://e-childschoolinfo.moe.go.kr/,2024년 1차 공시
KLOCAL-1fcc5bb819b6a357,큰별유치원,2024,160,0,https://e-childschoolinfo.moe.go.kr/,2024년 1차 공시
KLOCAL-f9c23299c9f29c92,키즈월드유치원,2024,63,0,https://e-childschoolinfo.moe.go.kr/,2024년 1차 공시
KLOCAL-b9a00b06c19a5b27,푸른마을유치원,2024,120,0,https://e-childschoolinfo.moe.go.kr/,2024년 1차 공시
KLOCAL-a0b7cbe5a91d6fc3,프라임명지유치원,2024,123,0,https://e-childschoolinfo.moe.go.kr/,2024년 1차 공시
KLOCAL-3267d41d2d4da711,프라임예지유치원,2024,352,0,https://e-childschoolinfo.moe.go.kr/,2024년 1차 공시
KLOCAL-28e51f0551b2fcfd,하늘땅유치원,2024,266,0,https://e-childschoolinfo.moe.go.kr/,2024년 1차 공시
KLOCAL-c24174173a80af5d,해나라유치원,2024,158,0,https://e-childschoolinfo.moe.go.kr/,2024년 1차 공시
KLOCAL-9fd7e2d0a4c711bb,해돋이유치원,2024,10,0,https://e-childschoolinfo.moe.go.kr/,2024년 1차 공시
KLOCAL-03eaab4ac9dbb6a3,해승유치원,2024,142,0,https://e-childschoolinfo.moe.go.kr/,2024년 1차 공시
KLOCAL-1fd3e98881a11318,해와달유치원,2024,61,0,https://e-childschoolinfo.moe.go.kr/,2024년 1차 공시
KLOCAL-25a0b873b3438607,행복한유치원,2024,71,0,https://e-childschoolinfo.moe.go.kr/,2024년 1차 공시
KLOCAL-799d3765effdf6c9,The큰빛유치원,2024,242,0,https://e-childschoolinfo.moe.go.kr/,2024년 1차 공시
KLOCAL-bf4a58b2949b1422,경인여자대학교부속유치원,2024,137,0,https://e-childschoolinfo.moe.go.kr/,2024년 1차 공시
KLOCAL-ec9c24186f6f3b8f,경희동화나라유치원,2024,56,0,https://e-childschoolinfo.moe.go.kr/,2024년 1차 공시
KLOCAL-aa56465393a9dbf8,계양유치원,2024,70,0,https://e-childschoolinfo.moe.go.kr/,2024년 1차 공시
KLOCAL-000e957d3ab6431c,근산유치원,2024,136,0,https://e-childschoolinfo.moe.go.kr/,2024년 1차 공시
KLOCAL-8ed8228b0a070bd1,꿈나라유치원,2024,135,0,https://e-childschoolinfo.moe.go.kr/,2024년 1차 공시
KLOCAL-10a79f1b1d9bbd9f,꿈나무유치원,2024,33,0,https://e-childschoolinfo.moe.go.kr/,2024년 1차 공시
KLOCAL-820463ae379873df,노틀담유치원,2024,49,0,https://e-childschoolinfo.moe.go.kr/,2024년 1차 공시
KLOCAL-4d4340c9fc828cb1,동심유치원,2024,138,0,https://e-childschoolinfo.moe.go.kr/,2024년 1차 공시
KLOCAL-d35107fb247c2293,드림유치원,2024,276,0,https://e-childschoolinfo.moe.go.kr/,2024년 1차 공시
KLOCAL-8dd20cefda1ca1a9,마리아유치원,2024,81,0,https://e-childschoolinfo.moe.go.kr/,2024년 1차 공시
KLOCAL-1b4643e77630943f,무지개유치원,2024,192,0,https://e-childschoolinfo.moe.go.kr/,2024년 1차 공시
KLOCAL-d6dfad898c1c6e59,미래유치원,2024,97,0,https://e-childschoolinfo.moe.go.kr/,2024년 1차 공시
KLOCAL-b1ebeb063c6b35bf,밀알유치원,2024,144,0,https://e-childschoolinfo.moe.go.kr/,2024년 1차 공시
KLOCAL-4fc071e233a4b10e,보나유치원,2024,119,0,https://e-childschoolinfo.moe.go.kr/,2024년 1차 공시
KLOCAL-cec3aed5db587e4f,보람유치원,2024,160,0,https://e-childschoolinfo.moe.go.kr/,2024년 1차 공시
KLOCAL-c23244892488770c,산곡유치원,2024,191,0,https://e-childschoolinfo.moe.go.kr/,2024년 1차 공시
KLOCAL-89f989b3e811883f,산들유치원,2024,150,0,https://e-childschoolinfo.moe.go.kr/,2024년 1차 공시
KLOCAL-d8bc2d350c1a4b3f,삼산유치원,2024,51,12,https://e-childschoolinfo.moe.go.kr/,2024년 1차 공시
KLOCAL-e9f605efb8473d0b,상아유치원,2024,79,0,https://e-childschoolinfo.moe.go.kr/,2024년 1차 공시
KLOCAL-a038d3e4ea578813,새빛솔금유치원,2024,114,0,https://e-childschoolinfo.moe.go.kr/,2024년 1차 공시
KLOCAL-7db8731930533c91,서해유치원,2024,53,0,https://e-childschoolinfo.moe.go.kr/,2024년 1차 공시
KLOCAL-f75e1b7433faa86d,석화유치원,2024,54,0,https://e-childschoolinfo.moe.go.kr/,2024년 1차 공시
KLOCAL-2f487e44a994a758,성심유치원,2024,55,0,https://e-childschoolinfo.moe.go.kr/,2024년 1차 공시
KLOCAL-9f6aa62c8072b43d,성아유치원,2024,34,0,https://e-childschoolinfo.moe.go.kr/,2024년 1차 공시
KLOCAL-ad69756960486f7d,숲속유치원,2024,143,0,https://e-childschoolinfo.moe.go.kr/,2024년 1차 공시
KLOCAL-93134beb67614dd4,아란유치원,2024,139,0,https://e-childschoolinfo.moe.go.kr/,2024년 1차 공시
KLOCAL-1e0f6cb24019a829,엄지유치원,2024,52,0,https://e-childschoolinfo.moe.go.kr/,2024년 1차 공시
KLOCAL-a9d87dc7c78bb460,에코프라임유치원,2024,35,0,https://e-childschoolinfo.moe.go.kr/,2024년 1차 공시
KLOCAL-b40f58f5747ed00c,연세유치원,2024,117,0,https://e-childschoolinfo.moe.go.kr/,2024년 1차 공시
KLOCAL-a75ab82d043d1d3c,열림유치원,2024,103,0,https://e-childschoolinfo.moe.go.kr/,2024년 1차 공시
KLOCAL-b9f9b3b6acb3e646,열우물유치원,2024,23,0,https://e-childschoolinfo.moe.go.kr/,2024년 1차 공시
KLOCAL-1923165e7aafe096,영광유치원,2024,205,0,https://e-childschoolinfo.moe.go.kr/,2024년 1차 공시
KLOCAL-2dec811cf063913d,예그랑유치원,2024,39,0,https://e-childschoolinfo.moe.go.kr/,2024년 1차 공시
KLOCAL-28fe79464ba28534,예림유치원,2024,81,0,https://e-childschoolinfo.moe.go.kr/,2024년 1차 공시
KLOCAL-56a50a91ae4989cb,예소담유치원,2024,111,0,https://e-childschoolinfo.moe.go.kr/,2024년 1차 공시
KLOCAL-dbea3b1337a43ee7,예원유치원,2024,273,0,https://e-childschoolinfo.moe.go.kr/,2024년 1차 공시
KLOCAL-b160ba4a3527af43,은현유치원,2024,62,0,https://e-childschoolinfo.moe.go.kr/,2024년 1차 공시
KLOCAL-06aad668ba6db02c,이노필유치원,2024,9,0,https://e-childschoolinfo.moe.go.kr/,2024년 1차 공시
KLOCAL-314ae4685daf3578,이든유치원,2024,158,0,https://e-childschoolinfo.moe.go.kr/,2024년 1차 공시
KLOCAL-2a7e08fead8ef96b,이바유치원,2024,96,0,https://e-childschoolinfo.moe.go.kr/,2024년 1차 공시
KLOCAL-d50e97c5d449d3e1,이화유치원,2024,125,0,https://e-childschoolinfo.moe.go.kr/,2024년 1차 공시
KLOCAL-00d7d85e52a053a8,인천갈월초등학교병설유치원,2024,2,0,https://e-childschoolinfo.moe.go.kr/,2024년 1차 공시
KLOCAL-02221618c55c5603,인천계양초등학교병설유치원,2024,16,0,https://e-childschoolinfo.moe.go.kr/,2024년 1차 공시
KLOCAL-795e68028ccfe327,인천굴포초등학교병설유치원,2024,36,4,https://e-childschoolinfo.moe.go.kr/,2024년 1차 공시
KLOCAL-2e27b0337e9883ca,인천귤현초등학교병설유치원,2024,22,0,https://e-childschoolinfo.moe.go.kr/,2024년 1차 공시
KLOCAL-528dcc8ceefc1f83,인천금마초등학교병설유치원,2024,7,1,https://e-childschoolinfo.moe.go.kr/,2024년 1차 공시
KLOCAL-5d2374027a21efe0,인천길주초등학교병설유치원,2024,20,0,https://e-childschoolinfo.moe.go.kr/,2024년 1차 공시
KLOCAL-0fab6c92ee3a52d6,인천당산초등학교병설유치원,2024,21,0,https://e-childschoolinfo.moe.go.kr/,2024년 1차 공시
KLOCAL-fa0b23e1b953919a,인천마곡초등학교병설유치원,2024,13,4,https://e-childschoolinfo.moe.go.kr/,2024년 1차 공시
KLOCAL-4dfa29d594589afd,인천명현초등학교병설유치원,2024,14,0,https://e-childschoolinfo.moe.go.kr/,2024년 1차 공시
KLOCAL-2ee6cf805dfe4f3f,인천미산초등학교병설유치원,2024,2,3,https://e-childschoolinfo.moe.go.kr/,2024년 1차 공시
KLOCAL-245e760a0802fd93,인천백운초등학교병설유치원,2024,18,0,https://e-childschoolinfo.moe.go.kr/,2024년 1차 공시
KLOCAL-7738df6499839a0d,인천부개서초등학교병설유치원,2024,11,0,https://e-childschoolinfo.moe.go.kr/,2024년 1차 공시
KLOCAL-43e30ed66f88da53,인천부개초등학교병설유치원,2024,11,0,https://e-childschoolinfo.moe.go.kr/,2024년 1차 공시
KLOCAL-549b4c127ea514d3,인천부광초등학교병설유치원,2024,5,0,https://e-childschoolinfo.moe.go.kr/,2024년 1차 공시
KLOCAL-106cec12938f9093,인천부마초등학교병설유치원,2024,42,8,https://e-childschoolinfo.moe.go.kr/,2024년 1차 공시
KLOCAL-5b76fc7bb28b95d2,인천부원초등학교병설유치원,2024,28,4,https://e-childschoolinfo.moe.go.kr/,2024년 1차 공시
KLOCAL-1b7dad99867a6eaf,인천부일초등학교병설유치원,2024,28,3,https://e-childschoolinfo.moe.go.kr/,2024년 1차 공시
KLOCAL-ebb7f219b7dc3c02,인천부평남초등학교병설유치원,2024,11,0,https://e-childschoolinfo.moe.go.kr/,2024년 1차 공시
KLOCAL-7268e62cbbfb14b0,인천부평동초등학교병설유치원,2024,24,4,https://e-childschoolinfo.moe.go.kr/,2024년 1차 공시
KLOCAL-e7025d490b504a01,인천부평북초등학교병설유치원,2024,1,3,https://e-childschoolinfo.moe.go.kr/,2024년 1차 공시
KLOCAL-ccc93f34c68fe601,인천부평서초등학교병설유치원,2024,12,0,https://e-childschoolinfo.moe.go.kr/,2024년 1차 공시
KLOCAL-036b8dcaab889693,인천부현초등학교병설유치원,2024,10,0,https://e-childschoolinfo.moe.go.kr/,2024년 1차 공시
KLOCAL-c2742aa23baa310a,인천산곡초등학교병설유치원,2024,11,0,https://e-childschoolinfo.moe.go.kr/,2024년 1차 공시
KLOCAL-249efd582bc3c17a,인천상정초등학교병설유치원,2024,6,4,https://e-childschoolinfo.moe.go.kr/,2024년 1차 공시
KLOCAL-f772a80f44ffb1a0,인천서운초등학교병설유치원,2024,7,0,https://e-childschoolinfo.moe.go.kr/,2024년 1차 공시
KLOCAL-fec14b51fc4d9297,인천성지초등학교병설유치원,2024,13,4,https://e-childschoolinfo.moe.go.kr/,2024년 1차 공시
KLOCAL-92309078310854ad,인천소양초등학교병설유치원,2024,10,0,https://e-childschoolinfo.moe.go.kr/,2024년 1차 공시
KLOCAL-7de363a40d49f18a,인천안남초등학교병설유치원,2024,23,9,https://e-childschoolinfo.moe.go.kr/,2024년 1차 공시
KLOCAL-1e7e2df89b52dc62,인천안산초등학교병설유치원,2024,11,0,https://e-childschoolinfo.moe.go.kr/,2024년 1차 공시
KLOCAL-b0f87221d172f370,인천양촌초등학교병설유치원,2024,8,0,https://e-childschoolinfo.moe.go.kr/,2024년 1차 공시
KLOCAL-d59c3c131dfc2700,인천영선초등학교병설유치원,2024,20,0,https://e-childschoolinfo.moe.go.kr/,2024년 1차 공시
KLOCAL-01a5916f0b28e44c,인천용마초등학교병설유치원,2024,12,0,https://e-childschoolinfo.moe.go.kr/,2024년 1차 공시
KLOCAL-56debb39372c4ba0,인천진산초등학교병설유치원,2024,4,0,https://e-childschoolinfo.moe.go.kr/,2024년 1차 공시
KLOCAL-78746bcfc6086f14,인천청천초등학교병설유치원,2024,67,4,https://e-childschoolinfo.moe.go.kr/,2024년 1차 공시
KLOCAL-281c2fad3f04d06c,인천한길초등학교병설유치원,2024,2,0,https://e-childschoolinfo.moe.go.kr/,2024년 1차 공시
KLOCAL-dcebf30aba91b8e1,인천해서초등학교병설유치원,2024,5,4,https://e-childschoolinfo.moe.go.kr/,2024년 1차 공시
KLOCAL-896263eeca0cb24e,인천화전유치원,2024,61,12,https://e-childschoolinfo.moe.go.kr/,2024년 1차 공시
KLOCAL-a458fa05dd151711,인천후정초등학교병설유치원,2024,30,0,https://e-childschoolinfo.moe.go.kr/,2024년 1차 공시
KLOCAL-e340aa37ee0b17d0,자연유치원,2024,103,0,https://e-childschoolinfo.moe.go.kr/,2024년 1차 공시
KLOCAL-3e7958b6a4d50a61,정민유치원,2024,160,0,https://e-childschoolinfo.moe.go.kr/,2024년 1차 공시
KLOCAL-bfc36b4ee580645c,정원유치원,2024,101,0,https://e-childschoolinfo.moe.go.kr/,2024년 1차 공시
KLOCAL-008b28233ec0cee2,청담유치원,2024,77,0,https://e-childschoolinfo.moe.go.kr/,2024년 1차 공시
KLOCAL-a2d75433658bba16,청송유치원,2024,18,0,https://e-childschoolinfo.moe.go.kr/,2024년 1차 공시
KLOCAL-0308f9e9a9e42dfd,청원유치원,2024,99,0,https://e-childschoolinfo.moe.go.kr/,2024년 1차 공시
KLOCAL-3a53daf795aebc01,프렌즈유치원,2024,90,0,https://e-childschoolinfo.moe.go.kr/,2024년 1차 공시
KLOCAL-3604491d53b601b4,한빛유치원,2024,66,0,https://e-childschoolinfo.moe.go.kr/,2024년 1차 공시
KLOCAL-ace02cf4887a0b04,해마루유치원,2024,107,0,https://e-childschoolinfo.moe.go.kr/,2024년 1차 공시
KLOCAL-c8f91a641f618071,해승유치원,2024,120,0,https://e-childschoolinfo.moe.go.kr/,2024년 1차 공시
KLOCAL-410831a720cf17a1,햇살유치원,2024,121,0,https://e-childschoolinfo.moe.go.kr/,2024년 1차 공시
KLOCAL-db47790fb79ebb49,현대유치원,2024,87,0,https://e-childschoolinfo.moe.go.kr/,2024년 1차 공시
KLOCAL-624dd65d9a69a6fd,홍익유치원,2024,68,0,https://e-childschoolinfo.moe.go.kr/,2024년 1차 공시
KLOCAL-d4bd51f655c7d518,경서유치원,2024,189,0,https://e-childschoolinfo.moe.go.kr/,2024년 1차 공시
KLOCAL-8a9b86e4d794522b,꼬마정원유치원,2024,206,0,https://e-childschoolinfo.moe.go.kr/,2024년 1차 공시
KLOCAL-6fa4617437939184,꿈드림유치원,2024,75,0,https://e-childschoolinfo.moe.go.kr/,2024년 1차 공시
KLOCAL-c3dd9c1d20fd07e2,다은유치원,2024,266,0,https://e-childschoolinfo.moe.go.kr/,2024년 1차 공시
KLOCAL-b3e032dc919c404c,드림유치원,2024,369,0,https://e-childschoolinfo.moe.go.kr/,2024년 1차 공시
KLOCAL-9c183b9823ea39ea,리라유치원,2024,162,0,https://e-childschoolinfo.moe.go.kr/,2024년 1차 공시
KLOCAL-d73e3aece4b7ed2b,명문유치원,2024,98,0,https://e-childschoolinfo.moe.go.kr/,2024년 1차 공시
KLOCAL-8e217d7a0b8a977c,무지개유치원,2024,111,0,https://e-childschoolinfo.moe.go.kr/,2024년 1차 공시
KLOCAL-25824987347b89df,바다유치원,2024,80,0,https://e-childschoolinfo.moe.go.kr/,2024년 1차 공시
KLOCAL-c97c061a2c04c5cd,뿌리유치원,2024,58,0,https://e-childschoolinfo.moe.go.kr/,2024년 1차 공시
KLOCAL-9caec56ae5d4653c,사랑샘유치원,2024,447,0,https://e-childschoolinfo.moe.go.kr/,2024년 1차 공시
KLOCAL-d19a0e7bb3217421,산새소리유치원,2024,259,0,https://e-childschoolinfo.moe.go.kr/,2024년 1차 공시
KLOCAL-266ed741dd996b8d,산울림유치원,2024,51,0,https://e-childschoolinfo.moe.go.kr/,2024년 1차 공시
KLOCAL-660f3e0dcf70c20f,새한신유치원,2024,167,0,https://e-childschoolinfo.moe.go.kr/,2024년 1차 공시
KLOCAL-3e73ad45d397e6b0,세라유치원,2024,247,0,https://e-childschoolinfo.moe.go.kr/,2024년 1차 공시
KLOCAL-5f31278c2ab82f0a,아림유치원,2024,182,0,https://e-childschoolinfo.moe.go.kr/,2024년 1차 공시
KLOCAL-7b4637c902db7d09,아이사랑유치원,2024,245,0,https://e-childschoolinfo.moe.go.kr/,2024년 1차 공시
KLOCAL-23e886f24f770204,엔젤유치원,2024,117,0,https://e-childschoolinfo.moe.go.kr/,2024년 1차 공시
KLOCAL-a86f6ae287b18882,연희유치원,2024,132,0,https://e-childschoolinfo.moe.go.kr/,2024년 1차 공시
KLOCAL-7a8ef99aafe1ff7b,예빛유치원,2024,182,0,https://e-childschoolinfo.moe.go.kr/,2024년 1차 공시
KLOCAL-97068fb68321a483,예인유치원,2024,260,0,https://e-childschoolinfo.moe.go.kr/,2024년 1차 공시
KLOCAL-432cd97ec470568e,예일유치원,2024,177,0,https://e-childschoolinfo.moe.go.kr/,2024년 1차 공시
KLOCAL-696372f793199769,예지유치원,2024,176,0,https://e-childschoolinfo.moe.go.kr/,2024년 1차 공시
KLOCAL-3e82cc8bc9518c92,은하유치원,2024,182,0,https://e-childschoolinfo.moe.go.kr/,2024년 1차 공시
KLOCAL-3c3f330218751057,인천가림초등학교병설유치원,2024,13,4,https://e-childschoolinfo.moe.go.kr/,2024년 1차 공시
KLOCAL-2eee87a9fad3f959,인천가석초등학교병설유치원,2024,15,4,https://e-childschoolinfo.moe.go.kr/,2024년 1차 공시
KLOCAL-1b478ca1f5cbe41e,인천가원초등학교병설유치원,2024,71,3,https://e-childschoolinfo.moe.go.kr/,2024년 1차 공시
KLOCAL-8f015ad565f90f24,인천가정초등학교병설유치원,2024,11,0,https://e-childschoolinfo.moe.go.kr/,2024년 1차 공시
KLOCAL-0b89b3cbc388c8d7,인천가현초등학교병설유치원,2024,51,0,https://e-childschoolinfo.moe.go.kr/,2024년 1차 공시
KLOCAL-d17bb226ab52939f,인천간재울초등학교병설유치원,2024,13,0,https://e-childschoolinfo.moe.go.kr/,2024년 1차 공시
KLOCAL-0867a880c4b46df2,인천건지초등학교병설유치원,2024,25,10,https://e-childschoolinfo.moe.go.kr/,2024년 1차 공시
KLOCAL-19767c56f265491f,인천검단꿈유치원,2024,241,12,https://e-childschoolinfo.moe.go.kr/,2024년 1차 공시
KLOCAL-ad2e055c24bd547e,인천검단초등학교병설유치원,2024,44,0,https://e-childschoolinfo.moe.go.kr/,2024년 1차 공시
KLOCAL-262e10d1e210408c,인천검암유치원,2024,64,8,https://e-childschoolinfo.moe.go.kr/,2024년 1차 공시
KLOCAL-0af8f94d48e29a3b,인천경명초등학교병설유치원,2024,53,0,https://e-childschoolinfo.moe.go.kr/,2024년 1차 공시
KLOCAL-daa57df0a81440cd,인천경서초등학교병설유치원,2024,48,0,https://e-childschoolinfo.moe.go.kr/,2024년 1차 공시
KLOCAL-ba11a51bc0806260,인천경연초등학교병설유치원,2024,51,0,https://e-childschoolinfo.moe.go.kr/,2024년 1차 공시
KLOCAL-c2e4523109105612,인천공촌초등학교병설유치원,2024,11,0,https://e-childschoolinfo.moe.go.kr/,2024년 1차 공시
KLOCAL-6a31f4d9b5c5f65d,인천금곡초등학교병설유치원,2024,24,4,https://e-childschoolinfo.moe.go.kr/,2024년 1차 공시
KLOCAL-382a4eb638edccdb,인천능내초등학교병설유치원,2024,9,0,https://e-childschoolinfo.moe.go.kr/,2024년 1차 공시
KLOCAL-de70b1ea59f110a7,인천단봉초등학교병설유치원,2024,69,0,https://e-childschoolinfo.moe.go.kr/,2024년 1차 공시
KLOCAL-710c5518488064ab,인천당하초등학교병설유치원,2024,14,0,https://e-childschoolinfo.moe.go.kr/,2024년 1차 공시
KLOCAL-e939ece928361ded,인천도담초등학교병설유치원,2024,75,0,https://e-childschoolinfo.moe.go.kr/,2024년 1차 공시
KLOCAL-ddac7c3a8a0d5a08,인천마전초등학교병설유치원,2024,10,0,https://e-childschoolinfo.moe.go.kr/,2024년 1차 공시
KLOCAL-f4753e5542369632,인천목향초등학교병설유치원,2024,21,7,https://e-childschoolinfo.moe.go.kr/,2024년 1차 공시
KLOCAL-7d5c804848608a29,인천발산초등학교병설유치원,2024,48,0,https://e-childschoolinfo.moe.go.kr/,2024년 1차 공시
KLOCAL-f9046d59bd98116e,인천백석초등학교병설유치원,2024,44,0,https://e-childschoolinfo.moe.go.kr/,2024년 1차 공시
KLOCAL-d817fae7029ed452,인천봉수초등학교병설유치원,2024,51,0,https://e-childschoolinfo.moe.go.kr/,2024년 1차 공시
KLOCAL-9cedf6cf5469db38,인천봉화초등학교병설유치원,2024,15,0,https://e-childschoolinfo.moe.go.kr/,2024년 1차 공시
KLOCAL-1c92f7fa634fb5f3,인천불로초등학교병설유치원,2024,20,0,https://e-childschoolinfo.moe.go.kr/,2024년 1차 공시
KLOCAL-7eca59cf2b27adeb,인천서곶초등학교병설유치원,2024,15,0,https://e-childschoolinfo.moe.go.kr/,2024년 1차 공시
KLOCAL-d1881d2f856ac1b3,인천서로꿈유치원,2024,242,12,https://e-childschoolinfo.moe.go.kr/,2024년 1차 공시
KLOCAL-e67fb17cb81b7ac2,인천서현유치원,2024,141,12,https://e-childschoolinfo.moe.go.kr/,2024년 1차 공시
KLOCAL-2def53f46a779e53,인천석남초등학교병설유치원,2024,6,0,https://e-childschoolinfo.moe.go.kr/,2024년 1차 공시
KLOCAL-2da09589001a6ae4,인천신석초등학교병설유치원,2024,8,4,https://e-childschoolinfo.moe.go.kr/,2024년 1차 공시
KLOCAL-7e2349d1d3ce7603,인천신현북초등학교병설유치원,2024,5,0,https://e-childschoolinfo.moe.go.kr/,2024년 1차 공시
KLOCAL-b833eeda1290da9f,인천아라꿈유치원,2024,344,12,https://e-childschoolinfo.moe.go.kr/,2024년 1차 공시
KLOCAL-f32ece23bc8b2d5a,인천아라초등학교병설유치원,2024,62,4,https://e-childschoolinfo.moe.go.kr/,2024년 1차 공시
KLOCAL-cc5ca2ff5c2c1840,인천아람초등학교병설유치원,2024,67,4,https://e-childschoolinfo.moe.go.kr/,2024년 1차 공시
KLOCAL-6ab54af3a2193b78,인천양지초등학교병설유치원,2024,14,4,https://e-childschoolinfo.moe.go.kr/,2024년 1차 공시
KLOCAL-aa8da85a8f6b19b9,인천완정초등학교병설유치원,2024,25,0,https://e-childschoolinfo.moe.go.kr/,2024년 1차 공시
KLOCAL-0fdcd04de8b6ed6d,인천왕길초등학교병설유치원,2024,30,4,https://e-childschoolinfo.moe.go.kr/,2024년 1차 공시
KLOCAL-55058525ba8494ab,인천원당초등학교병설유치원,2024,27,0,https://e-childschoolinfo.moe.go.kr/,2024년 1차 공시
KLOCAL-4c7d06e164ffce6c,인천은지초등학교병설유치원,2024,20,0,https://e-childschoolinfo.moe.go.kr/,2024년 1차 공시
KLOCAL-7b7d4c15574d22f9,인천이음초등학교병설유치원,2024,98,4,https://e-childschoolinfo.moe.go.kr/,2024년 1차 공시
KLOCAL-1fd9f21caa124372,인천창신초등학교병설유치원,2024,27,0,https://e-childschoolinfo.moe.go.kr/,2024년 1차 공시
KLOCAL-df8423dbb089d99c,인천청라초등학교병설유치원,2024,58,0,https://e-childschoolinfo.moe.go.kr/,2024년 1차 공시
KLOCAL-55f85ae587a7a257,인천청람초등학교병설유치원,2024,49,0,https://e-childschoolinfo.moe.go.kr/,2024년 1차 공시
KLOCAL-1106537bcfb62fe4,인천청일초등학교병설유치원,2024,57,0,https://e-childschoolinfo.moe.go.kr/,2024년 1차 공시
KLOCAL-4a424ece4c3030f0,인천초은초등학교병설유치원,2024,57,0,https://e-childschoolinfo.moe.go.kr/,2024년 1차 공시
KLOCAL-b71b3fb614f2b85a,인천푸른빛유치원,2024,141,11,https://e-childschoolinfo.moe.go.kr/,2024년 1차 공시
KLOCAL-a89bac762d6f5efb,인천한들초등학교병설유치원,2024,98,4,https://e-childschoolinfo.moe.go.kr/,2024년 1차 공시
KLOCAL-4ff73e805db03cdf,인천한별초등학교병설유치원,2024,67,4,https://e-childschoolinfo.moe.go.kr/,2024년 1차 공시
KLOCAL-2b9a80a829c012d7,인천해든초등학교병설유치원,2024,67,4,https://e-childschoolinfo.moe.go.kr/,2024년 1차 공시
KLOCAL-bfe5172d21d17747,인천해원초등학교병설유치원,2024,65,4,https://e-childschoolinfo.moe.go.kr/,2024년 1차 공시
KLOCAL-136bbfeb0cacbeb0,일영유치원,2024,179,0,https://e-childschoolinfo.moe.go.kr/,2024년 1차 공시
KLOCAL-d8c137ce638ca39b,재은유치원,2024,119,0,https://e-childschoolinfo.moe.go.kr/,2024년 1차 공시
KLOCAL-960ae6297334b559,청라새싹유치원,2024,349,0,https://e-childschoolinfo.moe.go.kr/,2024년 1차 공시
KLOCAL-9c3128f86f9e804f,청라유치원,2024,141,12,https://e-childschoolinfo.moe.go.kr/,2024년 1차 공시
KLOCAL-287edcd5656c8d18,큰사랑유치원,2024,204,0,https://e-childschoolinfo.moe.go.kr/,2024년 1차 공시
KLOCAL-8550dfd9204474b8,프라임청라유치원,2024,278,0,https://e-childschoolinfo.moe.go.kr/,2024년 1차 공시
KLOCAL-6ea342592d10ee06,한샘유치원,2024,156,0,https://e-childschoolinfo.moe.go.kr/,2024년 1차 공시
KLOCAL-3c0aa6a5169882ee,한울유치원,2024,147,0,https://e-childschoolinfo.moe.go.kr/,2024년 1차 공시
KLOCAL-1f328ba143036bf8,해나라유치원,2024,307,0,https://e-childschoolinfo.moe.go.kr/,2024년 1차 공시
KLOCAL-ca7704409b2eeaf2,희망찬유치원,2024,130,0,https://e-childschoolinfo.moe.go.kr/,2024년 1차 공시
KLOCAL-cc7903a205c47f13,갑룡초등학교병설유치원,2025,37,4,https://e-childschoolinfo.moe.go.kr/,2025년 1차 공시
KLOCAL-dd6dbb2a34c3a048,강화유치원,2025,41,0,https://e-childschoolinfo.moe.go.kr/,2025년 1차 공시
KLOCAL-334e28e4065f3ab6,강화초등학교병설유치원,2025,3,0,https://e-childschoolinfo.moe.go.kr/,2025년 1차 공시
KLOCAL-c17af5dbcc9e77c7,교동초등학교병설유치원,2025,6,0,https://e-childschoolinfo.moe.go.kr/,2025년 1차 공시
KLOCAL-3c356c0a84207416,내가초등학교병설유치원,2025,8,0,https://e-childschoolinfo.moe.go.kr/,2025년 1차 공시
KLOCAL-f32b3f18c3c6667b,대월초등학교병설유치원,2025,4,0,https://e-childschoolinfo.moe.go.kr/,2025년 1차 공시
KLOCAL-51c6dc17a37cef2b,마니산유치원,2025,42,6,https://e-childschoolinfo.moe.go.kr/,2025년 1차 공시
KLOCAL-7463c2756c15c1d3,명신초등학교병설유치원,2025,1,0,https://e-childschoolinfo.moe.go.kr/,2025년 1차 공시
KLOCAL-a286fe75086d2d64,삼산초등학교병설유치원,2025,4,0,https://e-childschoolinfo.moe.go.kr/,2025년 1차 공시
KLOCAL-5af4890425fbff3c,선원초등학교병설유치원,2025,23,0,https://e-childschoolinfo.moe.go.kr/,2025년 1차 공시
KLOCAL-08917b6afd819029,송해초등학교병설유치원,2025,5,0,https://e-childschoolinfo.moe.go.kr/,2025년 1차 공시
KLOCAL-a7c30c387636e4fd,양사초등학교병설유치원,2025,1,0,https://e-childschoolinfo.moe.go.kr/,2025년 1차 공시
KLOCAL-54a88136cf70c698,잠두유치원,2025,49,0,https://e-childschoolinfo.moe.go.kr/,2025년 1차 공시
KLOCAL-674ef65b6f0d148e,코끼리유치원,2025,89,0,https://e-childschoolinfo.moe.go.kr/,2025년 1차 공시
KLOCAL-67f73dfaccf6c54c,하점초등학교병설유치원,2025,6,0,https://e-childschoolinfo.moe.go.kr/,2025년 1차 공시
KLOCAL-edc78a00d15f9048,합일초등학교병설유치원,2025,5,4,https://e-childschoolinfo.moe.go.kr/,2025년 1차 공시
KLOCAL-2139f45193aa0f61,해명초등학교병설유치원,2025,2,0,https://e-childschoolinfo.moe.go.kr/,2025년 1차 공시
KLOCAL-eb061546857b8dda,건영유치원,2025,203,0,https://e-childschoolinfo.moe.go.kr/,2025년 1차 공시
KLOCAL-974da5ec0dd22c2e,국현유치원,2025,178,0,https://e-childschoolinfo.moe.go.kr/,2025년 1차 공시
KLOCAL-5d9f2a6b9a4b2843,그림나라유치원,2025,88,0,https://e-childschoolinfo.moe.go.kr/,2025년 1차 공시
KLOCAL-41f63dbead90187b,금호유치원,2025,142,0,https://e-childschoolinfo.moe.go.kr/,2025년 1차 공시
KLOCAL-58a55d858149cfe9,노벨유치원,2025,70,0,https://e-childschoolinfo.moe.go.kr/,2025년 1차 공시
KLOCAL-0cd7ba2a12988285,다솜유치원,2025,42,0,https://e-childschoolinfo.moe.go.kr/,2025년 1차 공시
KLOCAL-11084f843babf1c9,대청초등학교병설유치원,2025,6,0,https://e-childschoolinfo.moe.go.kr/,2025년 1차 공시
KLOCAL-672f25c7875a43e6,덕적초등학교병설유치원,2025,5,0,https://e-childschoolinfo.moe.go.kr/,2025년 1차 공시
KLOCAL-aaf9709671edf7be,도담유치원,2025,0,0,https://e-childschoolinfo.moe.go.kr/,2025년 1차 공시
KLOCAL-10421b7c8f5899de,동원유치원,2025,182,0,https://e-childschoolinfo.moe.go.kr/,2025년 1차 공시
KLOCAL-0bbc0fac855a7b3e,뒤나미스유치원,2025,370,0,https://e-childschoolinfo.moe.go.kr/,2025년 1차 공시
KLOCAL-590c99bb86999b08,무지개유치원,2025,227,0,https://e-childschoolinfo.moe.go.kr/,2025년 1차 공시
KLOCAL-b2ef58c299ec5904,미주유치원,2025,168,0,https://e-childschoolinfo.moe.go.kr/,2025년 1차 공시
KLOCAL-85120f2449c7bce0,밀알유치원,2025,219,0,https://e-childschoolinfo.moe.go.kr/,2025년 1차 공시
KLOCAL-026d832c691d3ca0,박문유치원,2025,146,0,https://e-childschoolinfo.moe.go.kr/,2025년 1차 공시
KLOCAL-f53bd21b5a623669,반디유치원,2025,148,0,https://e-childschoolinfo.moe.go.kr/,2025년 1차 공시
KLOCAL-82eb89aae72bf48f,백령성모유치원,2025,13,0,https://e-childschoolinfo.moe.go.kr/,2025년 1차 공시
KLOCAL-449fffc16f64b212,북포초등학교병설유치원,2025,3,0,https://e-childschoolinfo.moe.go.kr/,2025년 1차 공시
KLOCAL-33bfc1608850fe4f,산새소리유치원,2025,19,0,https://e-childschoolinfo.moe.go.kr/,2025년 1차 공시
KLOCAL-95018410bf5fd937,성바오로유치원,2025,127,0,https://e-childschoolinfo.moe.go.kr/,2025년 1차 공시
KLOCAL-70a3bf4262c4bc52,세종유치원,2025,105,0,https://e-childschoolinfo.moe.go.kr/,2025년 1차 공시
KLOCAL-77ee1fd2c433efee,소명유치원,2025,163,0,https://e-childschoolinfo.moe.go.kr/,2025년 1차 공시
KLOCAL-50565bd642260910,솔빛유치원,2025,103,0,https://e-childschoolinfo.moe.go.kr/,2025년 1차 공시
KLOCAL-fe0db0fed48025b0,솔샘유치원,2025,139,0,https://e-childschoolinfo.moe.go.kr/,2025년 1차 공시
KLOCAL-7e04553d125db319,송현유치원,2025,96,0,https://e-childschoolinfo.moe.go.kr/,2025년 1차 공시
KLOCAL-7f4baf8d3ec9cb63,숭의유치원,2025,76,0,https://e-childschoolinfo.moe.go.kr/,2025년 1차 공시
KLOCAL-f62067ae1c1de696,신동아유치원,2025,17,0,https://e-childschoolinfo.moe.go.kr/,2025년 1차 공시
KLOCAL-1dcb5b73dd15046b,연평초등학교병설유치원,2025,11,0,https://e-childschoolinfo.moe.go.kr/,2025년 1차 공시
KLOCAL-f57b640f7d2b17de,연흥유치원,2025,82,0,https://e-childschoolinfo.moe.go.kr/,2025년 1차 공시
KLOCAL-a7594966a338574e,영종유치원,2025,180,12,https://e-childschoolinfo.moe.go.kr/,2025년 1차 공시
KLOCAL-45fd24312e405c2b,영흥초등학교병설유치원,2025,8,0,https://e-childschoolinfo.moe.go.kr/,2025년 1차 공시
KLOCAL-00df819b46080269,예원유치원,2025,28,0,https://e-childschoolinfo.moe.go.kr/,2025년 1차 공시
KLOCAL-66a6f76a70617813,용화유치원,2025,88,0,https://e-childschoolinfo.moe.go.kr/,2025년 1차 공시
KLOCAL-0fea88de34bd253a,유원유치원,2025,92,0,https://e-childschoolinfo.moe.go.kr/,2025년 1차 공시
KLOCAL-d943654a91207e8e,이튼유치원,2025,269,0,https://e-childschoolinfo.moe.go.kr/,2025년 1차 공시
KLOCAL-85f5756001b304e3,인천경원초등학교병설유치원,2025,16,0,https://e-childschoolinfo.moe.go.kr/,2025년 1차 공시
KLOCAL-c7b1ac02486e877e,인천공항유치원,2025,80,4,https://e-childschoolinfo.moe.go.kr/,2025년 1차 공시
KLOCAL-bf23f2ab98fbb26d,인천공항초등학교신도분교장병설유치원,2025,2,0,https://e-childschoolinfo.moe.go.kr/,2025년 1차 공시
KLOCAL-492e9aeb4ad8b6e1,인천남부초등학교이작분교장병설유치원,2025,1,0,https://e-childschoolinfo.moe.go.kr/,2025년 1차 공시
KLOCAL-7c23e3e4581c56be,인천대화초등학교병설유치원,2025,8,0,https://e-childschoolinfo.moe.go.kr/,2025년 1차 공시
KLOCAL-d937eda4414c29ee,인천도화초등학교병설유치원,2025,21,0,https://e-childschoolinfo.moe.go.kr/,2025년 1차 공시
KLOCAL-f029b3c36cc10f46,인천만석초등학교병설유치원,2025,1,0,https://e-childschoolinfo.moe.go.kr/,2025년 1차 공시
KLOCAL-9d0fbf322e58c053,인천문학초등학교병설유치원,2025,6,0,https://e-childschoolinfo.moe.go.kr/,2025년 1차 공시
KLOCAL-6a49f1cfda01f663,인천별빛초등학교병설유치원,2025,63,4,https://e-childschoolinfo.moe.go.kr/,2025년 1차 공시
KLOCAL-4738008fa5ece47e,인천서림초등학교병설유치원,2025,14,0,https://e-childschoolinfo.moe.go.kr/,2025년 1차 공시
KLOCAL-cc95b8a776d508d8,인천서화초등학교병설유치원,2025,15,0,https://e-childschoolinfo.moe.go.kr/,2025년 1차 공시
KLOCAL-380ee7c054fafc91,인천서흥초등학교병설유치원,2025,5,0,https://e-childschoolinfo.moe.go.kr/,2025년 1차 공시
KLOCAL-46db3a7a96da1ce6,인천송림초등학교병설유치원,2025,10,4,https://e-childschoolinfo.moe.go.kr/,2025년 1차 공시
KLOCAL-73ccc783a23f0675,인천송현초등학교병설유치원,2025,6,0,https://e-childschoolinfo.moe.go.kr/,2025년 1차 공시
KLOCAL-b12b61fbba266e2a,인천숭의초등학교병설유치원,2025,15,0,https://e-childschoolinfo.moe.go.kr/,2025년 1차 공시
KLOCAL-8ba02afc753343e4,인천신선초등학교병설유치원,2025,30,0,https://e-childschoolinfo.moe.go.kr/,2025년 1차 공시
KLOCAL-2f2ce39905da65f8,인천신흥초등학교병설유치원,2025,17,0,https://e-childschoolinfo.moe.go.kr/,2025년 1차 공시
KLOCAL-74d6accdee6575bd,인천연안초등학교병설유치원,2025,27,0,https://e-childschoolinfo.moe.go.kr/,2025년 1차 공시
KLOCAL-f1560b9f1d29c37d,인천연학초등학교병설유치원,2025,34,0,https://e-childschoolinfo.moe.go.kr/,2025년 1차 공시
KLOCAL-1ddb144d8df27d87,인천영종초등학교병설유치원,2025,48,0,https://e-childschoolinfo.moe.go.kr/,2025년 1차 공시
KLOCAL-f49918d712180a3b,인천용유초등학교병설유치원,2025,10,0,https://e-childschoolinfo.moe.go.kr/,2025년 1차 공시
KLOCAL-dbac808d955ed351,인천용일초등학교병설유치원,2025,9,3,https://e-childschoolinfo.moe.go.kr/,2025년 1차 공시
KLOCAL-835ca4886f808119,인천용정초등학교병설유치원,2025,10,0,https://e-childschoolinfo.moe.go.kr/,2025년 1차 공시
KLOCAL-72edaafd1436ee88,인천용학초등학교병설유치원,2025,83,0,https://e-childschoolinfo.moe.go.kr/,2025년 1차 공시
KLOCAL-03906654ce1dfdb4,인천용현남초등학교자월분교장병설유치원,2025,1,0,https://e-childschoolinfo.moe.go.kr/,2025년 1차 공시
KLOCAL-1be9ec6cbd10709a,인천주안초등학교병설유치원,2025,30,4,https://e-childschoolinfo.moe.go.kr/,2025년 1차 공시
KLOCAL-b28bba23e63bc43f,인천중산초등학교병설유치원,2025,84,0,https://e-childschoolinfo.moe.go.kr/,2025년 1차 공시
KLOCAL-34cd4a3c1e5df434,인천창영초등학교병설유치원,2025,3,0,https://e-childschoolinfo.moe.go.kr/,2025년 1차 공시
KLOCAL-3caa8d6f764b16f7,인천하늘초등학교병설유치원,2025,48,0,https://e-childschoolinfo.moe.go.kr/,2025년 1차 공시
KLOCAL-78df8739d8df4799,인천학익초등학교병설유치원,2025,5,4,https://e-childschoolinfo.moe.go.kr/,2025년 1차 공시
KLOCAL-89a34f512aff0b8a,자유유치원,2025,86,35,https://e-childschoolinfo.moe.go.kr/,2025년 1차 공시
KLOCAL-7f0082a29bbc1873,재능대학교부속유치원,2025,173,0,https://e-childschoolinfo.moe.go.kr/,2025년 1차 공시
KLOCAL-b3e79d50babb2a89,지영유치원,2025,72,0,https://e-childschoolinfo.moe.go.kr/,2025년 1차 공시
KLOCAL-860b4fda06d66205,진흥유치원,2025,112,0,https://e-childschoolinfo.moe.go.kr/,2025년 1차 공시
KLOCAL-59488b5f10bd36dd,참빛유치원,2025,77,0,https://e-childschoolinfo.moe.go.kr/,2025년 1차 공시
KLOCAL-d3da11d9e1f412b4,초롱유치원,2025,105,0,https://e-childschoolinfo.moe.go.kr/,2025년 1차 공시
KLOCAL-72698116ed206e92,프라임건영유치원,2025,85,0,https://e-childschoolinfo.moe.go.kr/,2025년 1차 공시
KLOCAL-bfbf6ed15649f16b,하늘유치원,2025,68,0,https://e-childschoolinfo.moe.go.kr/,2025년 1차 공시
KLOCAL-5ef1a9f30587f281,한빛유치원,2025,133,0,https://e-childschoolinfo.moe.go.kr/,2025년 1차 공시
KLOCAL-5291bdaab4f312eb,한울유치원,2025,102,0,https://e-childschoolinfo.moe.go.kr/,2025년 1차 공시
KLOCAL-d55991545b9ca28f,해님나라유치원,2025,199,0,https://e-childschoolinfo.moe.go.kr/,2025년 1차 공시
KLOCAL-449480036ac79522,해승유치원,2025,91,0,https://e-childschoolinfo.moe.go.kr/,2025년 1차 공시
KLOCAL-d0c67b00714a002e,간석유치원,2025,44,0,https://e-childschoolinfo.moe.go.kr/,2025년 1차 공시
KLOCAL-3a978356c1843ba3,경희유치원,2025,186,0,https://e-childschoolinfo.moe.go.kr/,2025년 1차 공시
KLOCAL-fe703725d8c5c670,글로벌레인보우유치원,2025,605,0,https://e-childschoolinfo.moe.go.kr/,2025년 1차 공시
KLOCAL-bfd71f3d423988a5,기암유치원,2025,60,0,https://e-childschoolinfo.moe.go.kr/,2025년 1차 공시
KLOCAL-251be2946e3f2e1e,꿈동산유치원,2025,168,0,https://e-childschoolinfo.moe.go.kr/,2025년 1차 공시
KLOCAL-8178a2810111b4ae,꿈의보람유치원,2025,63,0,https://e-childschoolinfo.moe.go.kr/,2025년 1차 공시
KLOCAL-033a97f22a8d5674,논현유치원,2025,59,8,https://e-childschoolinfo.moe.go.kr/,2025년 1차 공시
KLOCAL-d5c54935ca8ff71b,다샘유치원,2025,67,0,https://e-childschoolinfo.moe.go.kr/,2025년 1차 공시
KLOCAL-b71f83339bbf6c7f,다슬기유치원,2025,74,0,https://e-childschoolinfo.moe.go.kr/,2025년 1차 공시
KLOCAL-6daf1b262c32a08c,동심유치원,2025,120,0,https://e-childschoolinfo.moe.go.kr/,2025년 1차 공시
KLOCAL-63399426933f9ae4,동화나라유치원,2025,83,0,https://e-childschoolinfo.moe.go.kr/,2025년 1차 공시
KLOCAL-65f18e0f28637028,미상지유치원,2025,153,0,https://e-childschoolinfo.moe.go.kr/,2025년 1차 공시
KLOCAL-c4161023af71f7b8,미예뜰유치원,2025,180,0,https://e-childschoolinfo.moe.go.kr/,2025년 1차 공시
KLOCAL-fd52787ce68b9cc4,바다의별유치원,2025,119,0,https://e-childschoolinfo.moe.go.kr/,2025년 1차 공시
KLOCAL-4db1d0730f341b82,반디유치원,2025,208,0,https://e-childschoolinfo.moe.go.kr/,2025년 1차 공시
KLOCAL-4a0dd0e09f7c170a,복자유치원,2025,109,0,https://e-childschoolinfo.moe.go.kr/,2025년 1차 공시
KLOCAL-a13484cce102c7ad,부광예능유치원,2025,71,0,https://e-childschoolinfo.moe.go.kr/,2025년 1차 공시
KLOCAL-8623b37927321be0,부광유치원,2025,103,0,https://e-childschoolinfo.moe.go.kr/,2025년 1차 공시
KLOCAL-7e915f13c355f440,브레인유치원,2025,138,0,https://e-childschoolinfo.moe.go.kr/,2025년 1차 공시
KLOCAL-12d27bc6e1660e9d,사랑유치원,2025,101,0,https://e-childschoolinfo.moe.go.kr/,2025년 1차 공시
KLOCAL-100df6af0fea38c9,삼성유치원,2025,69,0,https://e-childschoolinfo.moe.go.kr/,2025년 1차 공시
KLOCAL-6676c2bcefece192,새싹유치원,2025,109,0,https://e-childschoolinfo.moe.go.kr/,2025년 1차 공시
KLOCAL-107a8c06c18f2a60,새예지유치원,2025,144,0,https://e-childschoolinfo.moe.go.kr/,2025년 1차 공시
KLOCAL-43f7ad8ac4fd97b4,새인예유치원,2025,60,0,https://e-childschoolinfo.moe.go.kr/,2025년 1차 공시
KLOCAL-f79433e81215e45b,새하늘유치원,2025,71,0,https://e-childschoolinfo.moe.go.kr/,2025년 1차 공시
KLOCAL-ee92f238c00ca8b5,샤인유치원,2025,176,0,https://e-childschoolinfo.moe.go.kr/,2025년 1차 공시
KLOCAL-67e0c5eb116913d6,소담숲유치원,2025,136,0,https://e-childschoolinfo.moe.go.kr/,2025년 1차 공시
KLOCAL-e47e237956c9037b,송도국제유치원,2025,442,0,https://e-childschoolinfo.moe.go.kr/,2025년 1차 공시
KLOCAL-4d24c45e629f00af,수피아유치원,2025,184,0,https://e-childschoolinfo.moe.go.kr/,2025년 1차 공시
KLOCAL-f591f4da9fb6832b,신도유치원,2025,78,0,https://e-childschoolinfo.moe.go.kr/,2025년 1차 공시
KLOCAL-369a4964372d4b20,신명유치원,2025,80,0,https://e-childschoolinfo.moe.go.kr/,2025년 1차 공시
KLOCAL-c8f2705298b07183,아름솔유치원,2025,121,0,https://e-childschoolinfo.moe.go.kr/,2025년 1차 공시
KLOCAL-ff3c969cd7af6837,아삽유치원,2025,44,0,https://e-childschoolinfo.moe.go.kr/,2025년 1차 공시
KLOCAL-1375cec9fea0c803,아이웰유치원,2025,142,0,https://e-childschoolinfo.moe.go.kr/,2025년 1차 공시
KLOCAL-2c8aa292f224503d,아이큰별유치원,2025,146,0,https://e-childschoolinfo.moe.go.kr/,2025년 1차 공시
KLOCAL-34fbb34c9c9f34c7,에듀피아유치원,2025,303,0,https://e-childschoolinfo.moe.go.kr/,2025년 1차 공시
KLOCAL-e436b88a780add2c,에이스화인유치원,2025,398,0,https://e-childschoolinfo.moe.go.kr/,2025년 1차 공시
KLOCAL-778bc903de10783e,연수유치원,2025,99,0,https://e-childschoolinfo.moe.go.kr/,2025년 1차 공시
KLOCAL-117cde7db840a10e,예다원유치원,2025,331,0,https://e-childschoolinfo.moe.go.kr/,2025년 1차 공시
KLOCAL-a73becd81df8c04e,온누리비전유치원,2025,85,0,https://e-childschoolinfo.moe.go.kr/,2025년 1차 공시
KLOCAL-41ab9125b086444d,유엔유치원,2025,370,0,https://e-childschoolinfo.moe.go.kr/,2025년 1차 공시
KLOCAL-6cc247e473a0dd94,인보유치원,2025,49,0,https://e-childschoolinfo.moe.go.kr/,2025년 1차 공시
KLOCAL-28e854d271c0e8e1,인천간석초등학교병설유치원,2025,27,4,https://e-childschoolinfo.moe.go.kr/,2025년 1차 공시
KLOCAL-bb78c900eca43f09,인천고잔유치원,2025,86,8,https://e-childschoolinfo.moe.go.kr/,2025년 1차 공시
KLOCAL-34f51f462724b79d,인천고잔초등학교병설유치원,2025,42,0,https://e-childschoolinfo.moe.go.kr/,2025년 1차 공시
KLOCAL-c3820bd9125fc45b,인천구월유치원,2025,125,12,https://e-childschoolinfo.moe.go.kr/,2025년 1차 공시
KLOCAL-fc233c4e719c1c84,인천논곡초등학교병설유치원,2025,7,3,https://e-childschoolinfo.moe.go.kr/,2025년 1차 공시
KLOCAL-394d164ed7bec392,인천도림초등학교병설유치원,2025,25,0,https://e-childschoolinfo.moe.go.kr/,2025년 1차 공시
KLOCAL-c450a0dccff7fa8a,인천동방초등학교병설유치원,2025,27,0,https://e-childschoolinfo.moe.go.kr/,2025년 1차 공시
KLOCAL-d0880bc91ea3a11c,인천동부초등학교병설유치원,2025,5,0,https://e-childschoolinfo.moe.go.kr/,2025년 1차 공시
KLOCAL-32d3ae6b63e1b618,인천동춘초등학교병설유치원,2025,17,0,https://e-childschoolinfo.moe.go.kr/,2025년 1차 공시
KLOCAL-f03b39efeda7c1e2,인천만수초등학교병설유치원,2025,30,3,https://e-childschoolinfo.moe.go.kr/,2025년 1차 공시
KLOCAL-ef25cce87a4a5a4a,인천만월초등학교병설유치원,2025,31,0,https://e-childschoolinfo.moe.go.kr/,2025년 1차 공시
KLOCAL-7cd8621a409ee80e,인천먼우금초등학교병설유치원,2025,36,0,https://e-childschoolinfo.moe.go.kr/,2025년 1차 공시
KLOCAL-9e1ecde17b4153f9,인천명선초등학교병설유치원,2025,48,0,https://e-childschoolinfo.moe.go.kr/,2025년 1차 공시
KLOCAL-6c86da3feb44d69f,인천미송유치원,2025,276,12,https://e-childschoolinfo.moe.go.kr/,2025년 1차 공시
KLOCAL-5a6e8949c07c2398,인천미송초등학교병설유치원,2025,84,0,https://e-childschoolinfo.moe.go.kr/,2025년 1차 공시
KLOCAL-b77a1bafb9d14dde,인천사리울초등학교병설유치원,2025,11,0,https://e-childschoolinfo.moe.go.kr/,2025년 1차 공시
KLOCAL-fda225ae2869cf69,인천상아초등학교병설유치원,2025,27,0,https://e-childschoolinfo.moe.go.kr/,2025년 1차 공시
KLOCAL-a6f87c22e938f04d,인천새봄초등학교병설유치원,2025,37,0,https://e-childschoolinfo.moe.go.kr/,2025년 1차 공시
KLOCAL-a13112ed33df123c,인천서창초등학교병설유치원,2025,19,0,https://e-childschoolinfo.moe.go.kr/,2025년 1차 공시
KLOCAL-10682fedb5eb5c47,인천소래초등학교병설유치원,2025,43,4,https://e-childschoolinfo.moe.go.kr/,2025년 1차 공시
KLOCAL-edd263eb4f557278,인천송담초등학교병설유치원,2025,60,1,https://e-childschoolinfo.moe.go.kr/,2025년 1차 공시
KLOCAL-a30030402106c616,인천송도꿈유치원,2025,276,12,https://e-childschoolinfo.moe.go.kr/,2025년 1차 공시
KLOCAL-4eab697aec7ffe81,인천송명초등학교병설유치원,2025,48,0,https://e-childschoolinfo.moe.go.kr/,2025년 1차 공시
KLOCAL-08ae9c9dfac2e013,인천송빛초등학교병설유치원,2025,63,3,https://e-childschoolinfo.moe.go.kr/,2025년 1차 공시
KLOCAL-278a27da1c51475e,인천송원초등학교병설유치원,2025,48,0,https://e-childschoolinfo.moe.go.kr/,2025년 1차 공시
KLOCAL-c0b666f4a95885af,인천송일초등학교병설유치원,2025,79,0,https://e-childschoolinfo.moe.go.kr/,2025년 1차 공시
KLOCAL-f9615dc5f6bb8ee0,인천신송초등학교병설유치원,2025,52,0,https://e-childschoolinfo.moe.go.kr/,2025년 1차 공시
KLOCAL-217d5f1aa8131427,인천신월초등학교병설유치원,2025,9,3,https://e-childschoolinfo.moe.go.kr/,2025년 1차 공시
KLOCAL-1519f421f42d9d8a,인천신정초등학교병설유치원,2025,48,4,https://e-childschoolinfo.moe.go.kr/,2025년 1차 공시
KLOCAL-7d6ec0482027aa78,인천예송유치원,2025,180,12,https://e-childschoolinfo.moe.go.kr/,2025년 1차 공시
KLOCAL-e6f561eea690e9ea,인천예송초등학교병설유치원,2025,80,4,https://e-childschoolinfo.moe.go.kr/,2025년 1차 공시
KLOCAL-c71d186619793815,인천원동초등학교병설유치원,2025,39,0,https://e-childschoolinfo.moe.go.kr/,2025년 1차 공시
KLOCAL-b97d990836849b04,인천은송초등학교병설유치원,2025,63,3,https://e-childschoolinfo.moe.go.kr/,2025년 1차 공시
KLOCAL-96cfe3734dfe7f6f,인천인동초등학교병설유치원,2025,9,0,https://e-childschoolinfo.moe.go.kr/,2025년 1차 공시
KLOCAL-f2b56eb375536aa8,인천장도초등학교병설유치원,2025,21,0,https://e-childschoolinfo.moe.go.kr/,2025년 1차 공시
KLOCAL-6f2e5971d64c0765,인천장서초등학교병설유치원,2025,63,0,https://e-childschoolinfo.moe.go.kr/,2025년 1차 공시
KLOCAL-1cba793eaad3af21,인천장수초등학교병설유치원,2025,7,4,https://e-childschoolinfo.moe.go.kr/,2025년 1차 공시
KLOCAL-439127f6b925d297,인천장아초등학교병설유치원,2025,41,4,https://e-childschoolinfo.moe.go.kr/,2025년 1차 공시
KLOCAL-0d94659e002bb7af,인천정각초등학교병설유치원,2025,50,4,https://e-childschoolinfo.moe.go.kr/,2025년 1차 공시
KLOCAL-abb50af7d2260f86,인천주원초등학교병설유치원,2025,25,0,https://e-childschoolinfo.moe.go.kr/,2025년 1차 공시
KLOCAL-61114cb3327df41f,인천첨단초등학교병설유치원,2025,84,0,https://e-childschoolinfo.moe.go.kr/,2025년 1차 공시
KLOCAL-bf2a1d84ff1f0be4,인천청학초등학교병설유치원,2025,8,0,https://e-childschoolinfo.moe.go.kr/,2025년 1차 공시
KLOCAL-8e56ade33984c867,인천축현초등학교병설유치원,2025,22,0,https://e-childschoolinfo.moe.go.kr/,2025년 1차 공시
KLOCAL-dc5e4c9a4f7a45e8,인천한빛초등학교병설유치원,2025,45,0,https://e-childschoolinfo.moe.go.kr/,2025년 1차 공시
KLOCAL-18b3e8f4c6c007f3,인천해송초등학교병설유치원,2025,44,3,https://e-childschoolinfo.moe.go.kr/,2025년 1차 공시
KLOCAL-10995438901baf02,인천현송초등학교병설유치원,2025,63,3,https://e-childschoolinfo.moe.go.kr/,2025년 1차 공시
KLOCAL-a243e71bda61eb84,자연발도르프유치원,2025,116,0,https://e-childschoolinfo.moe.go.kr/,2025년 1차 공시
KLOCAL-5797361de35b1d37,작은꽃예능유치원,2025,99,0,https://e-childschoolinfo.moe.go.kr/,2025년 1차 공시
KLOCAL-89210c1d0d118cbb,제니스유치원,2025,271,0,https://e-childschoolinfo.moe.go.kr/,2025년 1차 공시
KLOCAL-5f898a9cc2711bd4,참아름유치원,2025,156,0,https://e-childschoolinfo.moe.go.kr/,2025년 1차 공시
KLOCAL-2b07c33dd5f30eca,참조은유치원,2025,155,0,https://e-childschoolinfo.moe.go.kr/,2025년 1차 공시
KLOCAL-ae41e29b3e0ee2d0,청담숲유치원,2025,116,0,https://e-childschoolinfo.moe.go.kr/,2025년 1차 공시
KLOCAL-cb0f3434a75d79da,청송유치원,2025,74,0,https://e-childschoolinfo.moe.go.kr/,2025년 1차 공시
KLOCAL-700c16dffdf23664,청학숲유치원,2025,272,0,https://e-childschoolinfo.moe.go.kr/,2025년 1차 공시
KLOCAL-1fcc5bb819b6a357,큰별유치원,2025,160,0,https://e-childschoolinfo.moe.go.kr/,2025년 1차 공시
KLOCAL-f9c23299c9f29c92,키즈월드유치원,2025,47,0,https://e-childschoolinfo.moe.go.kr/,2025년 1차 공시
KLOCAL-b9a00b06c19a5b27,푸른마을유치원,2025,122,0,https://e-childschoolinfo.moe.go.kr/,2025년 1차 공시
KLOCAL-a0b7cbe5a91d6fc3,프라임명지유치원,2025,130,0,https://e-childschoolinfo.moe.go.kr/,2025년 1차 공시
KLOCAL-3267d41d2d4da711,프라임예지유치원,2025,321,0,https://e-childschoolinfo.moe.go.kr/,2025년 1차 공시
KLOCAL-28e51f0551b2fcfd,하늘땅유치원,2025,266,0,https://e-childschoolinfo.moe.go.kr/,2025년 1차 공시
KLOCAL-c24174173a80af5d,해나라유치원,2025,157,0,https://e-childschoolinfo.moe.go.kr/,2025년 1차 공시
KLOCAL-9fd7e2d0a4c711bb,해돋이유치원,2025,9,0,https://e-childschoolinfo.moe.go.kr/,2025년 1차 공시
KLOCAL-03eaab4ac9dbb6a3,해승유치원,2025,148,0,https://e-childschoolinfo.moe.go.kr/,2025년 1차 공시
KLOCAL-1fd3e98881a11318,해와달유치원,2025,39,0,https://e-childschoolinfo.moe.go.kr/,2025년 1차 공시
KLOCAL-25a0b873b3438607,행복한유치원,2025,51,0,https://e-childschoolinfo.moe.go.kr/,2025년 1차 공시
KLOCAL-799d3765effdf6c9,The큰빛유치원,2025,247,0,https://e-childschoolinfo.moe.go.kr/,2025년 1차 공시
KLOCAL-bf4a58b2949b1422,경인여자대학교부속유치원,2025,121,0,https://e-childschoolinfo.moe.go.kr/,2025년 1차 공시
KLOCAL-aa56465393a9dbf8,계양유치원,2025,58,0,https://e-childschoolinfo.moe.go.kr/,2025년 1차 공시
KLOCAL-000e957d3ab6431c,근산유치원,2025,119,0,https://e-childschoolinfo.moe.go.kr/,2025년 1차 공시
KLOCAL-8ed8228b0a070bd1,꿈나라유치원,2025,116,0,https://e-childschoolinfo.moe.go.kr/,2025년 1차 공시
KLOCAL-10a79f1b1d9bbd9f,꿈나무유치원,2025,44,0,https://e-childschoolinfo.moe.go.kr/,2025년 1차 공시
KLOCAL-820463ae379873df,노틀담유치원,2025,57,0,https://e-childschoolinfo.moe.go.kr/,2025년 1차 공시
KLOCAL-4d4340c9fc828cb1,동심유치원,2025,140,0,https://e-childschoolinfo.moe.go.kr/,2025년 1차 공시
KLOCAL-d35107fb247c2293,드림유치원,2025,260,0,https://e-childschoolinfo.moe.go.kr/,2025년 1차 공시
KLOCAL-8dd20cefda1ca1a9,마리아유치원,2025,85,0,https://e-childschoolinfo.moe.go.kr/,2025년 1차 공시
KLOCAL-1b4643e77630943f,무지개유치원,2025,201,0,https://e-childschoolinfo.moe.go.kr/,2025년 1차 공시
KLOCAL-d6dfad898c1c6e59,미래유치원,2025,87,0,https://e-childschoolinfo.moe.go.kr/,2025년 1차 공시
KLOCAL-b1ebeb063c6b35bf,밀알유치원,2025,134,0,https://e-childschoolinfo.moe.go.kr/,2025년 1차 공시
KLOCAL-4fc071e233a4b10e,보나유치원,2025,154,0,https://e-childschoolinfo.moe.go.kr/,2025년 1차 공시
KLOCAL-cec3aed5db587e4f,보람유치원,2025,134,0,https://e-childschoolinfo.moe.go.kr/,2025년 1차 공시
KLOCAL-c23244892488770c,산곡유치원,2025,183,0,https://e-childschoolinfo.moe.go.kr/,2025년 1차 공시
KLOCAL-89f989b3e811883f,산들유치원,2025,161,0,https://e-childschoolinfo.moe.go.kr/,2025년 1차 공시
KLOCAL-d8bc2d350c1a4b3f,삼산유치원,2025,52,12,https://e-childschoolinfo.moe.go.kr/,2025년 1차 공시
KLOCAL-e9f605efb8473d0b,상아유치원,2025,73,0,https://e-childschoolinfo.moe.go.kr/,2025년 1차 공시
KLOCAL-a038d3e4ea578813,새빛솔금유치원,2025,104,0,https://e-childschoolinfo.moe.go.kr/,2025년 1차 공시
KLOCAL-7db8731930533c91,서해유치원,2025,55,0,https://e-childschoolinfo.moe.go.kr/,2025년 1차 공시
KLOCAL-2f487e44a994a758,성심유치원,2025,43,0,https://e-childschoolinfo.moe.go.kr/,2025년 1차 공시
KLOCAL-9f6aa62c8072b43d,성아유치원,2025,25,0,https://e-childschoolinfo.moe.go.kr/,2025년 1차 공시
KLOCAL-ad69756960486f7d,숲속유치원,2025,106,0,https://e-childschoolinfo.moe.go.kr/,2025년 1차 공시
KLOCAL-93134beb67614dd4,아란유치원,2025,147,0,https://e-childschoolinfo.moe.go.kr/,2025년 1차 공시
KLOCAL-1e0f6cb24019a829,엄지유치원,2025,35,0,https://e-childschoolinfo.moe.go.kr/,2025년 1차 공시
KLOCAL-a9d87dc7c78bb460,에코프라임유치원,2025,24,0,https://e-childschoolinfo.moe.go.kr/,2025년 1차 공시
KLOCAL-b40f58f5747ed00c,연세유치원,2025,121,0,https://e-childschoolinfo.moe.go.kr/,2025년 1차 공시
KLOCAL-a75ab82d043d1d3c,열림유치원,2025,109,0,https://e-childschoolinfo.moe.go.kr/,2025년 1차 공시
KLOCAL-b9f9b3b6acb3e646,열우물유치원,2025,11,0,https://e-childschoolinfo.moe.go.kr/,2025년 1차 공시
KLOCAL-1923165e7aafe096,영광유치원,2025,200,0,https://e-childschoolinfo.moe.go.kr/,2025년 1차 공시
KLOCAL-2dec811cf063913d,예그랑유치원,2025,75,0,https://e-childschoolinfo.moe.go.kr/,2025년 1차 공시
KLOCAL-28fe79464ba28534,예림유치원,2025,79,0,https://e-childschoolinfo.moe.go.kr/,2025년 1차 공시
KLOCAL-56a50a91ae4989cb,예소담유치원,2025,100,0,https://e-childschoolinfo.moe.go.kr/,2025년 1차 공시
KLOCAL-dbea3b1337a43ee7,예원유치원,2025,259,0,https://e-childschoolinfo.moe.go.kr/,2025년 1차 공시
KLOCAL-b160ba4a3527af43,은현유치원,2025,50,0,https://e-childschoolinfo.moe.go.kr/,2025년 1차 공시
KLOCAL-314ae4685daf3578,이든유치원,2025,160,0,https://e-childschoolinfo.moe.go.kr/,2025년 1차 공시
KLOCAL-2a7e08fead8ef96b,이바유치원,2025,96,0,https://e-childschoolinfo.moe.go.kr/,2025년 1차 공시
KLOCAL-d50e97c5d449d3e1,이화유치원,2025,125,0,https://e-childschoolinfo.moe.go.kr/,2025년 1차 공시
KLOCAL-00d7d85e52a053a8,인천갈월초등학교병설유치원,2025,5,0,https://e-childschoolinfo.moe.go.kr/,2025년 1차 공시
KLOCAL-02221618c55c5603,인천계양초등학교병설유치원,2025,18,0,https://e-childschoolinfo.moe.go.kr/,2025년 1차 공시
KLOCAL-795e68028ccfe327,인천굴포초등학교병설유치원,2025,36,4,https://e-childschoolinfo.moe.go.kr/,2025년 1차 공시
KLOCAL-2e27b0337e9883ca,인천귤현초등학교병설유치원,2025,13,0,https://e-childschoolinfo.moe.go.kr/,2025년 1차 공시
KLOCAL-528dcc8ceefc1f83,인천금마초등학교병설유치원,2025,2,2,https://e-childschoolinfo.moe.go.kr/,2025년 1차 공시
KLOCAL-5d2374027a21efe0,인천길주초등학교병설유치원,2025,25,0,https://e-childschoolinfo.moe.go.kr/,2025년 1차 공시
KLOCAL-0fab6c92ee3a52d6,인천당산초등학교병설유치원,2025,17,3,https://e-childschoolinfo.moe.go.kr/,2025년 1차 공시
KLOCAL-36fdf3552e15dcd7,인천동암초등학교병설유치원,2025,3,0,https://e-childschoolinfo.moe.go.kr/,2025년 1차 공시
KLOCAL-fa0b23e1b953919a,인천마곡초등학교병설유치원,2025,8,4,https://e-childschoolinfo.moe.go.kr/,2025년 1차 공시
KLOCAL-4dfa29d594589afd,인천명현초등학교병설유치원,2025,14,0,https://e-childschoolinfo.moe.go.kr/,2025년 1차 공시
KLOCAL-2ee6cf805dfe4f3f,인천미산초등학교병설유치원,2025,3,4,https://e-childschoolinfo.moe.go.kr/,2025년 1차 공시
KLOCAL-245e760a0802fd93,인천백운초등학교병설유치원,2025,18,0,https://e-childschoolinfo.moe.go.kr/,2025년 1차 공시
KLOCAL-7738df6499839a0d,인천부개서초등학교병설유치원,2025,10,0,https://e-childschoolinfo.moe.go.kr/,2025년 1차 공시
KLOCAL-43e30ed66f88da53,인천부개초등학교병설유치원,2025,11,0,https://e-childschoolinfo.moe.go.kr/,2025년 1차 공시
KLOCAL-549b4c127ea514d3,인천부광초등학교병설유치원,2025,5,0,https://e-childschoolinfo.moe.go.kr/,2025년 1차 공시
KLOCAL-106cec12938f9093,인천부마초등학교병설유치원,2025,37,8,https://e-childschoolinfo.moe.go.kr/,2025년 1차 공시
KLOCAL-5b76fc7bb28b95d2,인천부원초등학교병설유치원,2025,22,4,https://e-childschoolinfo.moe.go.kr/,2025년 1차 공시
KLOCAL-1b7dad99867a6eaf,인천부일초등학교병설유치원,2025,27,4,https://e-childschoolinfo.moe.go.kr/,2025년 1차 공시
KLOCAL-ebb7f219b7dc3c02,인천부평남초등학교병설유치원,2025,14,0,https://e-childschoolinfo.moe.go.kr/,2025년 1차 공시
KLOCAL-7268e62cbbfb14b0,인천부평동초등학교병설유치원,2025,15,4,https://e-childschoolinfo.moe.go.kr/,2025년 1차 공시
KLOCAL-e7025d490b504a01,인천부평북초등학교병설유치원,2025,3,3,https://e-childschoolinfo.moe.go.kr/,2025년 1차 공시
KLOCAL-ccc93f34c68fe601,인천부평서초등학교병설유치원,2025,15,0,https://e-childschoolinfo.moe.go.kr/,2025년 1차 공시
KLOCAL-036b8dcaab889693,인천부현초등학교병설유치원,2025,6,0,https://e-childschoolinfo.moe.go.kr/,2025년 1차 공시
KLOCAL-c2742aa23baa310a,인천산곡초등학교병설유치원,2025,12,0,https://e-childschoolinfo.moe.go.kr/,2025년 1차 공시
KLOCAL-249efd582bc3c17a,인천상정초등학교병설유치원,2025,10,4,https://e-childschoolinfo.moe.go.kr/,2025년 1차 공시
KLOCAL-f772a80f44ffb1a0,인천서운초등학교병설유치원,2025,12,0,https://e-childschoolinfo.moe.go.kr/,2025년 1차 공시
KLOCAL-fec14b51fc4d9297,인천성지초등학교병설유치원,2025,5,4,https://e-childschoolinfo.moe.go.kr/,2025년 1차 공시
KLOCAL-92309078310854ad,인천소양초등학교병설유치원,2025,6,0,https://e-childschoolinfo.moe.go.kr/,2025년 1차 공시
KLOCAL-7de363a40d49f18a,인천안남초등학교병설유치원,2025,12,8,https://e-childschoolinfo.moe.go.kr/,2025년 1차 공시
KLOCAL-1e7e2df89b52dc62,인천안산초등학교병설유치원,2025,8,0,https://e-childschoolinfo.moe.go.kr/,2025년 1차 공시
KLOCAL-b0f87221d172f370,인천양촌초등학교병설유치원,2025,5,0,https://e-childschoolinfo.moe.go.kr/,2025년 1차 공시
KLOCAL-d59c3c131dfc2700,인천영선초등학교병설유치원,2025,18,0,https://e-childschoolinfo.moe.go.kr/,2025년 1차 공시
KLOCAL-01a5916f0b28e44c,인천용마초등학교병설유치원,2025,18,0,https://e-childschoolinfo.moe.go.kr/,2025년 1차 공시
KLOCAL-78746bcfc6086f14,인천청천초등학교병설유치원,2025,54,4,https://e-childschoolinfo.moe.go.kr/,2025년 1차 공시
KLOCAL-dcebf30aba91b8e1,인천해서초등학교병설유치원,2025,6,4,https://e-childschoolinfo.moe.go.kr/,2025년 1차 공시
KLOCAL-896263eeca0cb24e,인천화전유치원,2025,58,12,https://e-childschoolinfo.moe.go.kr/,2025년 1차 공시
KLOCAL-a458fa05dd151711,인천후정초등학교병설유치원,2025,34,4,https://e-childschoolinfo.moe.go.kr/,2025년 1차 공시
KLOCAL-e340aa37ee0b17d0,자연유치원,2025,78,0,https://e-childschoolinfo.moe.go.kr/,2025년 1차 공시
KLOCAL-3e7958b6a4d50a61,정민유치원,2025,157,0,https://e-childschoolinfo.moe.go.kr/,2025년 1차 공시
KLOCAL-bfc36b4ee580645c,정원유치원,2025,88,0,https://e-childschoolinfo.moe.go.kr/,2025년 1차 공시
KLOCAL-008b28233ec0cee2,청담유치원,2025,67,0,https://e-childschoolinfo.moe.go.kr/,2025년 1차 공시
KLOCAL-a2d75433658bba16,청송유치원,2025,20,0,https://e-childschoolinfo.moe.go.kr/,2025년 1차 공시
KLOCAL-0308f9e9a9e42dfd,청원유치원,2025,110,0,https://e-childschoolinfo.moe.go.kr/,2025년 1차 공시
KLOCAL-3a53daf795aebc01,프렌즈유치원,2025,96,0,https://e-childschoolinfo.moe.go.kr/,2025년 1차 공시
KLOCAL-3604491d53b601b4,한빛유치원,2025,61,0,https://e-childschoolinfo.moe.go.kr/,2025년 1차 공시
KLOCAL-ace02cf4887a0b04,해마루유치원,2025,102,0,https://e-childschoolinfo.moe.go.kr/,2025년 1차 공시
KLOCAL-c8f91a641f618071,해승유치원,2025,123,0,https://e-childschoolinfo.moe.go.kr/,2025년 1차 공시
KLOCAL-410831a720cf17a1,햇살유치원,2025,121,0,https://e-childschoolinfo.moe.go.kr/,2025년 1차 공시
KLOCAL-db47790fb79ebb49,현대유치원,2025,112,0,https://e-childschoolinfo.moe.go.kr/,2025년 1차 공시
KLOCAL-624dd65d9a69a6fd,홍익유치원,2025,63,0,https://e-childschoolinfo.moe.go.kr/,2025년 1차 공시
KLOCAL-d4bd51f655c7d518,경서유치원,2025,189,0,https://e-childschoolinfo.moe.go.kr/,2025년 1차 공시
KLOCAL-8a9b86e4d794522b,꼬마정원유치원,2025,181,0,https://e-childschoolinfo.moe.go.kr/,2025년 1차 공시
KLOCAL-6fa4617437939184,꿈드림유치원,2025,63,0,https://e-childschoolinfo.moe.go.kr/,2025년 1차 공시
KLOCAL-c3dd9c1d20fd07e2,다은유치원,2025,266,0,https://e-childschoolinfo.moe.go.kr/,2025년 1차 공시
KLOCAL-b3e032dc919c404c,드림유치원,2025,370,0,https://e-childschoolinfo.moe.go.kr/,2025년 1차 공시
KLOCAL-9c183b9823ea39ea,리라유치원,2025,140,0,https://e-childschoolinfo.moe.go.kr/,2025년 1차 공시
KLOCAL-d73e3aece4b7ed2b,명문유치원,2025,99,0,https://e-childschoolinfo.moe.go.kr/,2025년 1차 공시
KLOCAL-8e217d7a0b8a977c,무지개유치원,2025,109,0,https://e-childschoolinfo.moe.go.kr/,2025년 1차 공시
KLOCAL-25824987347b89df,바다유치원,2025,64,0,https://e-childschoolinfo.moe.go.kr/,2025년 1차 공시
KLOCAL-c97c061a2c04c5cd,뿌리유치원,2025,34,0,https://e-childschoolinfo.moe.go.kr/,2025년 1차 공시
KLOCAL-9caec56ae5d4653c,사랑샘유치원,2025,448,0,https://e-childschoolinfo.moe.go.kr/,2025년 1차 공시
KLOCAL-d19a0e7bb3217421,산새소리유치원,2025,256,0,https://e-childschoolinfo.moe.go.kr/,2025년 1차 공시
KLOCAL-266ed741dd996b8d,산울림유치원,2025,37,0,https://e-childschoolinfo.moe.go.kr/,2025년 1차 공시
KLOCAL-660f3e0dcf70c20f,새한신유치원,2025,170,0,https://e-childschoolinfo.moe.go.kr/,2025년 1차 공시
KLOCAL-3e73ad45d397e6b0,세라유치원,2025,247,0,https://e-childschoolinfo.moe.go.kr/,2025년 1차 공시
KLOCAL-5f31278c2ab82f0a,아림유치원,2025,199,0,https://e-childschoolinfo.moe.go.kr/,2025년 1차 공시
KLOCAL-7b4637c902db7d09,아이사랑유치원,2025,247,0,https://e-childschoolinfo.moe.go.kr/,2025년 1차 공시
KLOCAL-23e886f24f770204,엔젤유치원,2025,117,0,https://e-childschoolinfo.moe.go.kr/,2025년 1차 공시
KLOCAL-a86f6ae287b18882,연희유치원,2025,129,0,https://e-childschoolinfo.moe.go.kr/,2025년 1차 공시
KLOCAL-7a8ef99aafe1ff7b,예빛유치원,2025,163,0,https://e-childschoolinfo.moe.go.kr/,2025년 1차 공시
KLOCAL-97068fb68321a483,예인유치원,2025,273,0,https://e-childschoolinfo.moe.go.kr/,2025년 1차 공시
KLOCAL-432cd97ec470568e,예일유치원,2025,166,0,https://e-childschoolinfo.moe.go.kr/,2025년 1차 공시
KLOCAL-696372f793199769,예지유치원,2025,178,0,https://e-childschoolinfo.moe.go.kr/,2025년 1차 공시
KLOCAL-3e82cc8bc9518c92,은하유치원,2025,188,0,https://e-childschoolinfo.moe.go.kr/,2025년 1차 공시
KLOCAL-3c3f330218751057,인천가림초등학교병설유치원,2025,17,4,https://e-childschoolinfo.moe.go.kr/,2025년 1차 공시
KLOCAL-2eee87a9fad3f959,인천가석초등학교병설유치원,2025,15,3,https://e-childschoolinfo.moe.go.kr/,2025년 1차 공시
KLOCAL-1b478ca1f5cbe41e,인천가원초등학교병설유치원,2025,83,4,https://e-childschoolinfo.moe.go.kr/,2025년 1차 공시
KLOCAL-8f015ad565f90f24,인천가정초등학교병설유치원,2025,21,0,https://e-childschoolinfo.moe.go.kr/,2025년 1차 공시
KLOCAL-0b89b3cbc388c8d7,인천가현초등학교병설유치원,2025,48,0,https://e-childschoolinfo.moe.go.kr/,2025년 1차 공시
KLOCAL-d17bb226ab52939f,인천간재울초등학교병설유치원,2025,7,0,https://e-childschoolinfo.moe.go.kr/,2025년 1차 공시
KLOCAL-0867a880c4b46df2,인천건지초등학교병설유치원,2025,16,11,https://e-childschoolinfo.moe.go.kr/,2025년 1차 공시
KLOCAL-19767c56f265491f,인천검단꿈유치원,2025,228,12,https://e-childschoolinfo.moe.go.kr/,2025년 1차 공시
KLOCAL-7be51d44cb858bb5,인천검단나래유치원,2025,228,12,https://e-childschoolinfo.moe.go.kr/,2025년 1차 공시
KLOCAL-ad2e055c24bd547e,인천검단초등학교병설유치원,2025,44,0,https://e-childschoolinfo.moe.go.kr/,2025년 1차 공시
KLOCAL-262e10d1e210408c,인천검암유치원,2025,67,8,https://e-childschoolinfo.moe.go.kr/,2025년 1차 공시
KLOCAL-0af8f94d48e29a3b,인천경명초등학교병설유치원,2025,55,0,https://e-childschoolinfo.moe.go.kr/,2025년 1차 공시
KLOCAL-daa57df0a81440cd,인천경서초등학교병설유치원,2025,41,0,https://e-childschoolinfo.moe.go.kr/,2025년 1차 공시
KLOCAL-ba11a51bc0806260,인천경연초등학교병설유치원,2025,47,0,https://e-childschoolinfo.moe.go.kr/,2025년 1차 공시
KLOCAL-c2e4523109105612,인천공촌초등학교병설유치원,2025,11,0,https://e-childschoolinfo.moe.go.kr/,2025년 1차 공시
KLOCAL-6a31f4d9b5c5f65d,인천금곡초등학교병설유치원,2025,26,4,https://e-childschoolinfo.moe.go.kr/,2025년 1차 공시
KLOCAL-382a4eb638edccdb,인천능내초등학교병설유치원,2025,7,0,https://e-childschoolinfo.moe.go.kr/,2025년 1차 공시
KLOCAL-de70b1ea59f110a7,인천단봉초등학교병설유치원,2025,59,0,https://e-childschoolinfo.moe.go.kr/,2025년 1차 공시
KLOCAL-710c5518488064ab,인천당하초등학교병설유치원,2025,7,0,https://e-childschoolinfo.moe.go.kr/,2025년 1차 공시
KLOCAL-e939ece928361ded,인천도담초등학교병설유치원,2025,62,0,https://e-childschoolinfo.moe.go.kr/,2025년 1차 공시
KLOCAL-ddac7c3a8a0d5a08,인천마전초등학교병설유치원,2025,5,0,https://e-childschoolinfo.moe.go.kr/,2025년 1차 공시
KLOCAL-f4753e5542369632,인천목향초등학교병설유치원,2025,25,6,https://e-childschoolinfo.moe.go.kr/,2025년 1차 공시
KLOCAL-7d5c804848608a29,인천발산초등학교병설유치원,2025,44,0,https://e-childschoolinfo.moe.go.kr/,2025년 1차 공시
KLOCAL-f9046d59bd98116e,인천백석초등학교병설유치원,2025,46,0,https://e-childschoolinfo.moe.go.kr/,2025년 1차 공시
KLOCAL-d817fae7029ed452,인천봉수초등학교병설유치원,2025,48,0,https://e-childschoolinfo.moe.go.kr/,2025년 1차 공시
KLOCAL-9cedf6cf5469db38,인천봉화초등학교병설유치원,2025,13,0,https://e-childschoolinfo.moe.go.kr/,2025년 1차 공시
KLOCAL-1c92f7fa634fb5f3,인천불로초등학교병설유치원,2025,32,0,https://e-childschoolinfo.moe.go.kr/,2025년 1차 공시
KLOCAL-7eca59cf2b27adeb,인천서곶초등학교병설유치원,2025,15,0,https://e-childschoolinfo.moe.go.kr/,2025년 1차 공시
KLOCAL-d1881d2f856ac1b3,인천서로꿈유치원,2025,228,12,https://e-childschoolinfo.moe.go.kr/,2025년 1차 공시
KLOCAL-e67fb17cb81b7ac2,인천서현유치원,2025,132,11,https://e-childschoolinfo.moe.go.kr/,2025년 1차 공시
KLOCAL-2def53f46a779e53,인천석남초등학교병설유치원,2025,8,0,https://e-childschoolinfo.moe.go.kr/,2025년 1차 공시
KLOCAL-2da09589001a6ae4,인천신석초등학교병설유치원,2025,4,3,https://e-childschoolinfo.moe.go.kr/,2025년 1차 공시
KLOCAL-7e2349d1d3ce7603,인천신현북초등학교병설유치원,2025,6,0,https://e-childschoolinfo.moe.go.kr/,2025년 1차 공시
KLOCAL-b833eeda1290da9f,인천아라꿈유치원,2025,326,12,https://e-childschoolinfo.moe.go.kr/,2025년 1차 공시
KLOCAL-f32ece23bc8b2d5a,인천아라초등학교병설유치원,2025,64,4,https://e-childschoolinfo.moe.go.kr/,2025년 1차 공시
KLOCAL-cc5ca2ff5c2c1840,인천아람초등학교병설유치원,2025,63,4,https://e-childschoolinfo.moe.go.kr/,2025년 1차 공시
KLOCAL-6ab54af3a2193b78,인천양지초등학교병설유치원,2025,17,4,https://e-childschoolinfo.moe.go.kr/,2025년 1차 공시
KLOCAL-aa8da85a8f6b19b9,인천완정초등학교병설유치원,2025,22,0,https://e-childschoolinfo.moe.go.kr/,2025년 1차 공시
KLOCAL-0fdcd04de8b6ed6d,인천왕길초등학교병설유치원,2025,29,4,https://e-childschoolinfo.moe.go.kr/,2025년 1차 공시
KLOCAL-55058525ba8494ab,인천원당초등학교병설유치원,2025,25,0,https://e-childschoolinfo.moe.go.kr/,2025년 1차 공시
KLOCAL-4c7d06e164ffce6c,인천은지초등학교병설유치원,2025,28,0,https://e-childschoolinfo.moe.go.kr/,2025년 1차 공시
KLOCAL-7b7d4c15574d22f9,인천이음초등학교병설유치원,2025,92,4,https://e-childschoolinfo.moe.go.kr/,2025년 1차 공시
KLOCAL-1fd9f21caa124372,인천창신초등학교병설유치원,2025,38,0,https://e-childschoolinfo.moe.go.kr/,2025년 1차 공시
KLOCAL-df8423dbb089d99c,인천청라초등학교병설유치원,2025,65,0,https://e-childschoolinfo.moe.go.kr/,2025년 1차 공시
KLOCAL-55f85ae587a7a257,인천청람초등학교병설유치원,2025,39,0,https://e-childschoolinfo.moe.go.kr/,2025년 1차 공시
KLOCAL-1106537bcfb62fe4,인천청일초등학교병설유치원,2025,44,0,https://e-childschoolinfo.moe.go.kr/,2025년 1차 공시
KLOCAL-4a424ece4c3030f0,인천초은초등학교병설유치원,2025,59,0,https://e-childschoolinfo.moe.go.kr/,2025년 1차 공시
KLOCAL-b71b3fb614f2b85a,인천푸른빛유치원,2025,132,11,https://e-childschoolinfo.moe.go.kr/,2025년 1차 공시
KLOCAL-a89bac762d6f5efb,인천한들초등학교병설유치원,2025,92,4,https://e-childschoolinfo.moe.go.kr/,2025년 1차 공시
KLOCAL-4ff73e805db03cdf,인천한별초등학교병설유치원,2025,63,4,https://e-childschoolinfo.moe.go.kr/,2025년 1차 공시
KLOCAL-2b9a80a829c012d7,인천해든초등학교병설유치원,2025,63,4,https://e-childschoolinfo.moe.go.kr/,2025년 1차 공시
KLOCAL-bfe5172d21d17747,인천해원초등학교병설유치원,2025,55,4,https://e-childschoolinfo.moe.go.kr/,2025년 1차 공시
KLOCAL-136bbfeb0cacbeb0,일영유치원,2025,182,0,https://e-childschoolinfo.moe.go.kr/,2025년 1차 공시
KLOCAL-d8c137ce638ca39b,재은유치원,2025,112,0,https://e-childschoolinfo.moe.go.kr/,2025년 1차 공시
KLOCAL-960ae6297334b559,청라새싹유치원,2025,348,0,https://e-childschoolinfo.moe.go.kr/,2025년 1차 공시
KLOCAL-9c3128f86f9e804f,청라유치원,2025,130,11,https://e-childschoolinfo.moe.go.kr/,2025년 1차 공시
KLOCAL-287edcd5656c8d18,큰사랑유치원,2025,207,0,https://e-childschoolinfo.moe.go.kr/,2025년 1차 공시
KLOCAL-8550dfd9204474b8,프라임청라유치원,2025,265,0,https://e-childschoolinfo.moe.go.kr/,2025년 1차 공시
KLOCAL-6ea342592d10ee06,한샘유치원,2025,141,0,https://e-childschoolinfo.moe.go.kr/,2025년 1차 공시
KLOCAL-3c0aa6a5169882ee,한울유치원,2025,154,0,https://e-childschoolinfo.moe.go.kr/,2025년 1차 공시
KLOCAL-1f328ba143036bf8,해나라유치원,2025,309,0,https://e-childschoolinfo.moe.go.kr/,2025년 1차 공시
KLOCAL-ca7704409b2eeaf2,희망찬유치원,2025,170,0,https://e-childschoolinfo.moe.go.kr/,2025년 1차 공시
KLOCAL-cc7903a205c47f13,갑룡초등학교병설유치원,2026,32,4,https://e-childschoolinfo.moe.go.kr/,2026년 1차 공시
KLOCAL-dd6dbb2a34c3a048,강화유치원,2026,30,0,https://e-childschoolinfo.moe.go.kr/,2026년 1차 공시
KLOCAL-c17af5dbcc9e77c7,교동초등학교병설유치원,2026,6,0,https://e-childschoolinfo.moe.go.kr/,2026년 1차 공시
KLOCAL-3c356c0a84207416,내가초등학교병설유치원,2026,10,0,https://e-childschoolinfo.moe.go.kr/,2026년 1차 공시
KLOCAL-f32b3f18c3c6667b,대월초등학교병설유치원,2026,5,0,https://e-childschoolinfo.moe.go.kr/,2026년 1차 공시
KLOCAL-51c6dc17a37cef2b,마니산유치원,2026,27,6,https://e-childschoolinfo.moe.go.kr/,2026년 1차 공시
KLOCAL-7463c2756c15c1d3,명신초등학교병설유치원,2026,2,0,https://e-childschoolinfo.moe.go.kr/,2026년 1차 공시
KLOCAL-a286fe75086d2d64,삼산초등학교병설유치원,2026,1,0,https://e-childschoolinfo.moe.go.kr/,2026년 1차 공시
KLOCAL-5af4890425fbff3c,선원초등학교병설유치원,2026,25,0,https://e-childschoolinfo.moe.go.kr/,2026년 1차 공시
KLOCAL-08917b6afd819029,송해초등학교병설유치원,2026,4,0,https://e-childschoolinfo.moe.go.kr/,2026년 1차 공시
KLOCAL-54a88136cf70c698,잠두유치원,2026,40,0,https://e-childschoolinfo.moe.go.kr/,2026년 1차 공시
KLOCAL-674ef65b6f0d148e,코끼리유치원,2026,75,0,https://e-childschoolinfo.moe.go.kr/,2026년 1차 공시
KLOCAL-67f73dfaccf6c54c,하점초등학교병설유치원,2026,8,0,https://e-childschoolinfo.moe.go.kr/,2026년 1차 공시
KLOCAL-edc78a00d15f9048,합일초등학교병설유치원,2026,10,3,https://e-childschoolinfo.moe.go.kr/,2026년 1차 공시
KLOCAL-2139f45193aa0f61,해명초등학교병설유치원,2026,2,0,https://e-childschoolinfo.moe.go.kr/,2026년 1차 공시
KLOCAL-eb061546857b8dda,건영유치원,2026,172,0,https://e-childschoolinfo.moe.go.kr/,2026년 1차 공시
KLOCAL-974da5ec0dd22c2e,국현유치원,2026,159,0,https://e-childschoolinfo.moe.go.kr/,2026년 1차 공시
KLOCAL-5d9f2a6b9a4b2843,그림나라유치원,2026,88,0,https://e-childschoolinfo.moe.go.kr/,2026년 1차 공시
KLOCAL-41f63dbead90187b,금호유치원,2026,142,0,https://e-childschoolinfo.moe.go.kr/,2026년 1차 공시
KLOCAL-58a55d858149cfe9,노벨유치원,2026,64,0,https://e-childschoolinfo.moe.go.kr/,2026년 1차 공시
KLOCAL-0cd7ba2a12988285,다솜유치원,2026,46,0,https://e-childschoolinfo.moe.go.kr/,2026년 1차 공시
KLOCAL-11084f843babf1c9,대청초등학교병설유치원,2026,3,0,https://e-childschoolinfo.moe.go.kr/,2026년 1차 공시
KLOCAL-672f25c7875a43e6,덕적초등학교병설유치원,2026,2,0,https://e-childschoolinfo.moe.go.kr/,2026년 1차 공시
KLOCAL-aaf9709671edf7be,도담유치원,2026,29,0,https://e-childschoolinfo.moe.go.kr/,2026년 1차 공시
KLOCAL-10421b7c8f5899de,동원유치원,2026,166,0,https://e-childschoolinfo.moe.go.kr/,2026년 1차 공시
KLOCAL-0bbc0fac855a7b3e,뒤나미스유치원,2026,370,0,https://e-childschoolinfo.moe.go.kr/,2026년 1차 공시
KLOCAL-590c99bb86999b08,무지개유치원,2026,220,0,https://e-childschoolinfo.moe.go.kr/,2026년 1차 공시
KLOCAL-b2ef58c299ec5904,미주유치원,2026,188,0,https://e-childschoolinfo.moe.go.kr/,2026년 1차 공시
KLOCAL-85120f2449c7bce0,밀알유치원,2026,197,0,https://e-childschoolinfo.moe.go.kr/,2026년 1차 공시
KLOCAL-026d832c691d3ca0,박문유치원,2026,140,0,https://e-childschoolinfo.moe.go.kr/,2026년 1차 공시
KLOCAL-f53bd21b5a623669,반디유치원,2026,149,0,https://e-childschoolinfo.moe.go.kr/,2026년 1차 공시
KLOCAL-82eb89aae72bf48f,백령성모유치원,2026,12,0,https://e-childschoolinfo.moe.go.kr/,2026년 1차 공시
KLOCAL-449fffc16f64b212,북포초등학교병설유치원,2026,5,0,https://e-childschoolinfo.moe.go.kr/,2026년 1차 공시
KLOCAL-33bfc1608850fe4f,산새소리유치원,2026,7,0,https://e-childschoolinfo.moe.go.kr/,2026년 1차 공시
KLOCAL-95018410bf5fd937,성바오로유치원,2026,123,0,https://e-childschoolinfo.moe.go.kr/,2026년 1차 공시
KLOCAL-70a3bf4262c4bc52,세종유치원,2026,106,0,https://e-childschoolinfo.moe.go.kr/,2026년 1차 공시
KLOCAL-77ee1fd2c433efee,소명유치원,2026,163,0,https://e-childschoolinfo.moe.go.kr/,2026년 1차 공시
KLOCAL-50565bd642260910,솔빛유치원,2026,104,0,https://e-childschoolinfo.moe.go.kr/,2026년 1차 공시
KLOCAL-fe0db0fed48025b0,솔샘유치원,2026,142,0,https://e-childschoolinfo.moe.go.kr/,2026년 1차 공시
KLOCAL-7e04553d125db319,송현유치원,2026,80,0,https://e-childschoolinfo.moe.go.kr/,2026년 1차 공시
KLOCAL-7f4baf8d3ec9cb63,숭의유치원,2026,88,0,https://e-childschoolinfo.moe.go.kr/,2026년 1차 공시
KLOCAL-1dcb5b73dd15046b,연평초등학교병설유치원,2026,7,0,https://e-childschoolinfo.moe.go.kr/,2026년 1차 공시
KLOCAL-f57b640f7d2b17de,연흥유치원,2026,83,0,https://e-childschoolinfo.moe.go.kr/,2026년 1차 공시
KLOCAL-a7594966a338574e,영종유치원,2026,175,12,https://e-childschoolinfo.moe.go.kr/,2026년 1차 공시
KLOCAL-45fd24312e405c2b,영흥초등학교병설유치원,2026,4,0,https://e-childschoolinfo.moe.go.kr/,2026년 1차 공시
KLOCAL-00df819b46080269,예원유치원,2026,41,0,https://e-childschoolinfo.moe.go.kr/,2026년 1차 공시
KLOCAL-66a6f76a70617813,용화유치원,2026,84,0,https://e-childschoolinfo.moe.go.kr/,2026년 1차 공시
KLOCAL-0fea88de34bd253a,유원유치원,2026,83,0,https://e-childschoolinfo.moe.go.kr/,2026년 1차 공시
KLOCAL-d943654a91207e8e,이튼유치원,2026,263,0,https://e-childschoolinfo.moe.go.kr/,2026년 1차 공시
KLOCAL-85f5756001b304e3,인천경원초등학교병설유치원,2026,8,0,https://e-childschoolinfo.moe.go.kr/,2026년 1차 공시
KLOCAL-c7b1ac02486e877e,인천공항유치원,2026,75,4,https://e-childschoolinfo.moe.go.kr/,2026년 1차 공시
KLOCAL-bf23f2ab98fbb26d,인천공항초등학교신도분교장병설유치원,2026,1,0,https://e-childschoolinfo.moe.go.kr/,2026년 1차 공시
KLOCAL-492e9aeb4ad8b6e1,인천남부초등학교이작분교장병설유치원,2026,2,0,https://e-childschoolinfo.moe.go.kr/,2026년 1차 공시
KLOCAL-e136e3f6335e2476,인천달빛초등학교병설유치원,2026,43,4,https://e-childschoolinfo.moe.go.kr/,2026년 1차 공시
KLOCAL-7c23e3e4581c56be,인천대화초등학교병설유치원,2026,7,0,https://e-childschoolinfo.moe.go.kr/,2026년 1차 공시
KLOCAL-d937eda4414c29ee,인천도화초등학교병설유치원,2026,21,0,https://e-childschoolinfo.moe.go.kr/,2026년 1차 공시
KLOCAL-9d0fbf322e58c053,인천문학초등학교병설유치원,2026,6,0,https://e-childschoolinfo.moe.go.kr/,2026년 1차 공시
KLOCAL-6a49f1cfda01f663,인천별빛초등학교병설유치원,2026,63,4,https://e-childschoolinfo.moe.go.kr/,2026년 1차 공시
KLOCAL-4738008fa5ece47e,인천서림초등학교병설유치원,2026,19,0,https://e-childschoolinfo.moe.go.kr/,2026년 1차 공시
KLOCAL-cc95b8a776d508d8,인천서화초등학교병설유치원,2026,19,0,https://e-childschoolinfo.moe.go.kr/,2026년 1차 공시
KLOCAL-380ee7c054fafc91,인천서흥초등학교병설유치원,2026,7,0,https://e-childschoolinfo.moe.go.kr/,2026년 1차 공시
KLOCAL-46db3a7a96da1ce6,인천송림초등학교병설유치원,2026,5,2,https://e-childschoolinfo.moe.go.kr/,2026년 1차 공시
KLOCAL-73ccc783a23f0675,인천송현초등학교병설유치원,2026,2,0,https://e-childschoolinfo.moe.go.kr/,2026년 1차 공시
KLOCAL-b12b61fbba266e2a,인천숭의초등학교병설유치원,2026,17,0,https://e-childschoolinfo.moe.go.kr/,2026년 1차 공시
KLOCAL-8ba02afc753343e4,인천신선초등학교병설유치원,2026,25,0,https://e-childschoolinfo.moe.go.kr/,2026년 1차 공시
KLOCAL-2f2ce39905da65f8,인천신흥초등학교병설유치원,2026,15,0,https://e-childschoolinfo.moe.go.kr/,2026년 1차 공시
KLOCAL-74d6accdee6575bd,인천연안초등학교병설유치원,2026,21,0,https://e-childschoolinfo.moe.go.kr/,2026년 1차 공시
KLOCAL-f1560b9f1d29c37d,인천연학초등학교병설유치원,2026,30,0,https://e-childschoolinfo.moe.go.kr/,2026년 1차 공시
KLOCAL-1ddb144d8df27d87,인천영종초등학교병설유치원,2026,48,0,https://e-childschoolinfo.moe.go.kr/,2026년 1차 공시
KLOCAL-f49918d712180a3b,인천용유초등학교병설유치원,2026,4,4,https://e-childschoolinfo.moe.go.kr/,2026년 1차 공시
KLOCAL-dbac808d955ed351,인천용일초등학교병설유치원,2026,6,4,https://e-childschoolinfo.moe.go.kr/,2026년 1차 공시
KLOCAL-835ca4886f808119,인천용정초등학교병설유치원,2026,11,0,https://e-childschoolinfo.moe.go.kr/,2026년 1차 공시
KLOCAL-72edaafd1436ee88,인천용학초등학교병설유치원,2026,64,0,https://e-childschoolinfo.moe.go.kr/,2026년 1차 공시
KLOCAL-03906654ce1dfdb4,인천용현남초등학교자월분교장병설유치원,2026,2,0,https://e-childschoolinfo.moe.go.kr/,2026년 1차 공시
KLOCAL-33f5b9ae439b5105,인천윤슬초등학교병설유치원,2026,43,3,https://e-childschoolinfo.moe.go.kr/,2026년 1차 공시
KLOCAL-1be9ec6cbd10709a,인천주안초등학교병설유치원,2026,29,4,https://e-childschoolinfo.moe.go.kr/,2026년 1차 공시
KLOCAL-b28bba23e63bc43f,인천중산초등학교병설유치원,2026,84,0,https://e-childschoolinfo.moe.go.kr/,2026년 1차 공시
KLOCAL-34cd4a3c1e5df434,인천창영초등학교병설유치원,2026,4,0,https://e-childschoolinfo.moe.go.kr/,2026년 1차 공시
KLOCAL-3caa8d6f764b16f7,인천하늘초등학교병설유치원,2026,47,0,https://e-childschoolinfo.moe.go.kr/,2026년 1차 공시
KLOCAL-78df8739d8df4799,인천학익초등학교병설유치원,2026,9,4,https://e-childschoolinfo.moe.go.kr/,2026년 1차 공시
KLOCAL-89a34f512aff0b8a,자유유치원,2026,89,30,https://e-childschoolinfo.moe.go.kr/,2026년 1차 공시
KLOCAL-7f0082a29bbc1873,재능대학교부속유치원,2026,163,0,https://e-childschoolinfo.moe.go.kr/,2026년 1차 공시
KLOCAL-b3e79d50babb2a89,지영유치원,2026,63,0,https://e-childschoolinfo.moe.go.kr/,2026년 1차 공시
KLOCAL-860b4fda06d66205,진흥유치원,2026,96,0,https://e-childschoolinfo.moe.go.kr/,2026년 1차 공시
KLOCAL-59488b5f10bd36dd,참빛유치원,2026,66,0,https://e-childschoolinfo.moe.go.kr/,2026년 1차 공시
KLOCAL-d3da11d9e1f412b4,초롱유치원,2026,132,0,https://e-childschoolinfo.moe.go.kr/,2026년 1차 공시
KLOCAL-72698116ed206e92,프라임건영유치원,2026,81,0,https://e-childschoolinfo.moe.go.kr/,2026년 1차 공시
KLOCAL-bfbf6ed15649f16b,하늘유치원,2026,67,0,https://e-childschoolinfo.moe.go.kr/,2026년 1차 공시
KLOCAL-5ef1a9f30587f281,한빛유치원,2026,133,0,https://e-childschoolinfo.moe.go.kr/,2026년 1차 공시
KLOCAL-5291bdaab4f312eb,한울유치원,2026,98,0,https://e-childschoolinfo.moe.go.kr/,2026년 1차 공시
KLOCAL-d55991545b9ca28f,해님나라유치원,2026,193,0,https://e-childschoolinfo.moe.go.kr/,2026년 1차 공시
KLOCAL-449480036ac79522,해승유치원,2026,97,0,https://e-childschoolinfo.moe.go.kr/,2026년 1차 공시
KLOCAL-d0c67b00714a002e,간석유치원,2026,34,0,https://e-childschoolinfo.moe.go.kr/,2026년 1차 공시
KLOCAL-3a978356c1843ba3,경희유치원,2026,174,0,https://e-childschoolinfo.moe.go.kr/,2026년 1차 공시
KLOCAL-fe703725d8c5c670,글로벌레인보우유치원,2026,604,0,https://e-childschoolinfo.moe.go.kr/,2026년 1차 공시
KLOCAL-bfd71f3d423988a5,기암유치원,2026,48,0,https://e-childschoolinfo.moe.go.kr/,2026년 1차 공시
KLOCAL-251be2946e3f2e1e,꿈동산유치원,2026,168,0,https://e-childschoolinfo.moe.go.kr/,2026년 1차 공시
KLOCAL-8178a2810111b4ae,꿈의보람유치원,2026,62,0,https://e-childschoolinfo.moe.go.kr/,2026년 1차 공시
KLOCAL-033a97f22a8d5674,논현유치원,2026,68,8,https://e-childschoolinfo.moe.go.kr/,2026년 1차 공시
KLOCAL-d5c54935ca8ff71b,다샘유치원,2026,83,0,https://e-childschoolinfo.moe.go.kr/,2026년 1차 공시
KLOCAL-b71f83339bbf6c7f,다슬기유치원,2026,85,0,https://e-childschoolinfo.moe.go.kr/,2026년 1차 공시
KLOCAL-6daf1b262c32a08c,동심유치원,2026,141,0,https://e-childschoolinfo.moe.go.kr/,2026년 1차 공시
KLOCAL-63399426933f9ae4,동화나라유치원,2026,91,0,https://e-childschoolinfo.moe.go.kr/,2026년 1차 공시
KLOCAL-c4161023af71f7b8,미예뜰유치원,2026,168,0,https://e-childschoolinfo.moe.go.kr/,2026년 1차 공시
KLOCAL-fd52787ce68b9cc4,바다의별유치원,2026,132,0,https://e-childschoolinfo.moe.go.kr/,2026년 1차 공시
KLOCAL-4db1d0730f341b82,반디유치원,2026,212,0,https://e-childschoolinfo.moe.go.kr/,2026년 1차 공시
KLOCAL-4a0dd0e09f7c170a,복자유치원,2026,109,0,https://e-childschoolinfo.moe.go.kr/,2026년 1차 공시
KLOCAL-a13484cce102c7ad,부광예능유치원,2026,102,0,https://e-childschoolinfo.moe.go.kr/,2026년 1차 공시
KLOCAL-8623b37927321be0,부광유치원,2026,106,0,https://e-childschoolinfo.moe.go.kr/,2026년 1차 공시
KLOCAL-7e915f13c355f440,브레인유치원,2026,129,0,https://e-childschoolinfo.moe.go.kr/,2026년 1차 공시
KLOCAL-12d27bc6e1660e9d,사랑유치원,2026,93,0,https://e-childschoolinfo.moe.go.kr/,2026년 1차 공시
KLOCAL-100df6af0fea38c9,삼성유치원,2026,71,0,https://e-childschoolinfo.moe.go.kr/,2026년 1차 공시
KLOCAL-6676c2bcefece192,새싹유치원,2026,100,0,https://e-childschoolinfo.moe.go.kr/,2026년 1차 공시
KLOCAL-107a8c06c18f2a60,새예지유치원,2026,130,0,https://e-childschoolinfo.moe.go.kr/,2026년 1차 공시
KLOCAL-43f7ad8ac4fd97b4,새인예유치원,2026,47,0,https://e-childschoolinfo.moe.go.kr/,2026년 1차 공시
KLOCAL-f79433e81215e45b,새하늘유치원,2026,68,0,https://e-childschoolinfo.moe.go.kr/,2026년 1차 공시
KLOCAL-ee92f238c00ca8b5,샤인유치원,2026,155,0,https://e-childschoolinfo.moe.go.kr/,2026년 1차 공시
KLOCAL-67e0c5eb116913d6,소담숲유치원,2026,142,0,https://e-childschoolinfo.moe.go.kr/,2026년 1차 공시
KLOCAL-e47e237956c9037b,송도국제유치원,2026,487,0,https://e-childschoolinfo.moe.go.kr/,2026년 1차 공시
KLOCAL-4d24c45e629f00af,수피아유치원,2026,258,0,https://e-childschoolinfo.moe.go.kr/,2026년 1차 공시
KLOCAL-f591f4da9fb6832b,신도유치원,2026,82,0,https://e-childschoolinfo.moe.go.kr/,2026년 1차 공시
KLOCAL-369a4964372d4b20,신명유치원,2026,78,0,https://e-childschoolinfo.moe.go.kr/,2026년 1차 공시
KLOCAL-c8f2705298b07183,아름솔유치원,2026,130,0,https://e-childschoolinfo.moe.go.kr/,2026년 1차 공시
KLOCAL-ff3c969cd7af6837,아삽유치원,2026,34,0,https://e-childschoolinfo.moe.go.kr/,2026년 1차 공시
KLOCAL-1375cec9fea0c803,아이웰유치원,2026,137,0,https://e-childschoolinfo.moe.go.kr/,2026년 1차 공시
KLOCAL-2c8aa292f224503d,아이큰별유치원,2026,139,0,https://e-childschoolinfo.moe.go.kr/,2026년 1차 공시
KLOCAL-34fbb34c9c9f34c7,에듀피아유치원,2026,238,0,https://e-childschoolinfo.moe.go.kr/,2026년 1차 공시
KLOCAL-e436b88a780add2c,에이스화인유치원,2026,400,0,https://e-childschoolinfo.moe.go.kr/,2026년 1차 공시
KLOCAL-778bc903de10783e,연수유치원,2026,99,0,https://e-childschoolinfo.moe.go.kr/,2026년 1차 공시
KLOCAL-117cde7db840a10e,예다원유치원,2026,303,0,https://e-childschoolinfo.moe.go.kr/,2026년 1차 공시
KLOCAL-a73becd81df8c04e,온누리비전유치원,2026,85,0,https://e-childschoolinfo.moe.go.kr/,2026년 1차 공시
KLOCAL-41ab9125b086444d,유엔유치원,2026,370,0,https://e-childschoolinfo.moe.go.kr/,2026년 1차 공시
KLOCAL-6cc247e473a0dd94,인보유치원,2026,48,0,https://e-childschoolinfo.moe.go.kr/,2026년 1차 공시
KLOCAL-28e854d271c0e8e1,인천간석초등학교병설유치원,2026,29,0,https://e-childschoolinfo.moe.go.kr/,2026년 1차 공시
KLOCAL-bb78c900eca43f09,인천고잔유치원,2026,79,7,https://e-childschoolinfo.moe.go.kr/,2026년 1차 공시
KLOCAL-34f51f462724b79d,인천고잔초등학교병설유치원,2026,37,0,https://e-childschoolinfo.moe.go.kr/,2026년 1차 공시
KLOCAL-c3820bd9125fc45b,인천구월유치원,2026,136,0,https://e-childschoolinfo.moe.go.kr/,2026년 1차 공시
KLOCAL-fc233c4e719c1c84,인천논곡초등학교병설유치원,2026,8,3,https://e-childschoolinfo.moe.go.kr/,2026년 1차 공시
KLOCAL-394d164ed7bec392,인천도림초등학교병설유치원,2026,27,4,https://e-childschoolinfo.moe.go.kr/,2026년 1차 공시
KLOCAL-c450a0dccff7fa8a,인천동방초등학교병설유치원,2026,11,0,https://e-childschoolinfo.moe.go.kr/,2026년 1차 공시
KLOCAL-d0880bc91ea3a11c,인천동부초등학교병설유치원,2026,3,0,https://e-childschoolinfo.moe.go.kr/,2026년 1차 공시
KLOCAL-32d3ae6b63e1b618,인천동춘초등학교병설유치원,2026,21,0,https://e-childschoolinfo.moe.go.kr/,2026년 1차 공시
KLOCAL-f03b39efeda7c1e2,인천만수초등학교병설유치원,2026,38,3,https://e-childschoolinfo.moe.go.kr/,2026년 1차 공시
KLOCAL-ef25cce87a4a5a4a,인천만월초등학교병설유치원,2026,24,0,https://e-childschoolinfo.moe.go.kr/,2026년 1차 공시
KLOCAL-7cd8621a409ee80e,인천먼우금초등학교병설유치원,2026,44,0,https://e-childschoolinfo.moe.go.kr/,2026년 1차 공시
KLOCAL-9e1ecde17b4153f9,인천명선초등학교병설유치원,2026,47,0,https://e-childschoolinfo.moe.go.kr/,2026년 1차 공시
KLOCAL-6c86da3feb44d69f,인천미송유치원,2026,288,12,https://e-childschoolinfo.moe.go.kr/,2026년 1차 공시
KLOCAL-5a6e8949c07c2398,인천미송초등학교병설유치원,2026,84,0,https://e-childschoolinfo.moe.go.kr/,2026년 1차 공시
KLOCAL-b77a1bafb9d14dde,인천사리울초등학교병설유치원,2026,16,0,https://e-childschoolinfo.moe.go.kr/,2026년 1차 공시
KLOCAL-fda225ae2869cf69,인천상아초등학교병설유치원,2026,36,0,https://e-childschoolinfo.moe.go.kr/,2026년 1차 공시
KLOCAL-a6f87c22e938f04d,인천새봄초등학교병설유치원,2026,39,0,https://e-childschoolinfo.moe.go.kr/,2026년 1차 공시
KLOCAL-a13112ed33df123c,인천서창초등학교병설유치원,2026,22,0,https://e-childschoolinfo.moe.go.kr/,2026년 1차 공시
KLOCAL-10682fedb5eb5c47,인천소래초등학교병설유치원,2026,31,4,https://e-childschoolinfo.moe.go.kr/,2026년 1차 공시
KLOCAL-edd263eb4f557278,인천송담초등학교병설유치원,2026,58,3,https://e-childschoolinfo.moe.go.kr/,2026년 1차 공시
KLOCAL-a30030402106c616,인천송도꿈유치원,2026,276,12,https://e-childschoolinfo.moe.go.kr/,2026년 1차 공시
KLOCAL-4eab697aec7ffe81,인천송명초등학교병설유치원,2026,48,0,https://e-childschoolinfo.moe.go.kr/,2026년 1차 공시
KLOCAL-08ae9c9dfac2e013,인천송빛초등학교병설유치원,2026,63,3,https://e-childschoolinfo.moe.go.kr/,2026년 1차 공시
KLOCAL-278a27da1c51475e,인천송원초등학교병설유치원,2026,48,0,https://e-childschoolinfo.moe.go.kr/,2026년 1차 공시
KLOCAL-c0b666f4a95885af,인천송일초등학교병설유치원,2026,75,0,https://e-childschoolinfo.moe.go.kr/,2026년 1차 공시
KLOCAL-f9615dc5f6bb8ee0,인천신송초등학교병설유치원,2026,54,0,https://e-childschoolinfo.moe.go.kr/,2026년 1차 공시
KLOCAL-217d5f1aa8131427,인천신월초등학교병설유치원,2026,7,4,https://e-childschoolinfo.moe.go.kr/,2026년 1차 공시
KLOCAL-1519f421f42d9d8a,인천신정초등학교병설유치원,2026,48,3,https://e-childschoolinfo.moe.go.kr/,2026년 1차 공시
KLOCAL-7d6ec0482027aa78,인천예송유치원,2026,176,14,https://e-childschoolinfo.moe.go.kr/,2026년 1차 공시
KLOCAL-e6f561eea690e9ea,인천예송초등학교병설유치원,2026,80,3,https://e-childschoolinfo.moe.go.kr/,2026년 1차 공시
KLOCAL-c71d186619793815,인천원동초등학교병설유치원,2026,43,0,https://e-childschoolinfo.moe.go.kr/,2026년 1차 공시
KLOCAL-b97d990836849b04,인천은송초등학교병설유치원,2026,63,4,https://e-childschoolinfo.moe.go.kr/,2026년 1차 공시
KLOCAL-96cfe3734dfe7f6f,인천인동초등학교병설유치원,2026,9,0,https://e-childschoolinfo.moe.go.kr/,2026년 1차 공시
KLOCAL-f2b56eb375536aa8,인천장도초등학교병설유치원,2026,26,0,https://e-childschoolinfo.moe.go.kr/,2026년 1차 공시
KLOCAL-6f2e5971d64c0765,인천장서초등학교병설유치원,2026,50,0,https://e-childschoolinfo.moe.go.kr/,2026년 1차 공시
KLOCAL-439127f6b925d297,인천장아초등학교병설유치원,2026,29,2,https://e-childschoolinfo.moe.go.kr/,2026년 1차 공시
KLOCAL-0d94659e002bb7af,인천정각초등학교병설유치원,2026,53,3,https://e-childschoolinfo.moe.go.kr/,2026년 1차 공시
KLOCAL-abb50af7d2260f86,인천주원초등학교병설유치원,2026,12,0,https://e-childschoolinfo.moe.go.kr/,2026년 1차 공시
KLOCAL-61114cb3327df41f,인천첨단초등학교병설유치원,2026,83,0,https://e-childschoolinfo.moe.go.kr/,2026년 1차 공시
KLOCAL-bf2a1d84ff1f0be4,인천청학초등학교병설유치원,2026,11,0,https://e-childschoolinfo.moe.go.kr/,2026년 1차 공시
KLOCAL-8e56ade33984c867,인천축현초등학교병설유치원,2026,20,0,https://e-childschoolinfo.moe.go.kr/,2026년 1차 공시
KLOCAL-dc5e4c9a4f7a45e8,인천한빛초등학교병설유치원,2026,42,0,https://e-childschoolinfo.moe.go.kr/,2026년 1차 공시
KLOCAL-18b3e8f4c6c007f3,인천해송초등학교병설유치원,2026,44,2,https://e-childschoolinfo.moe.go.kr/,2026년 1차 공시
KLOCAL-10995438901baf02,인천현송초등학교병설유치원,2026,63,2,https://e-childschoolinfo.moe.go.kr/,2026년 1차 공시
KLOCAL-a243e71bda61eb84,자연발도르프유치원,2026,92,0,https://e-childschoolinfo.moe.go.kr/,2026년 1차 공시
KLOCAL-5797361de35b1d37,작은꽃예능유치원,2026,139,0,https://e-childschoolinfo.moe.go.kr/,2026년 1차 공시
KLOCAL-89210c1d0d118cbb,제니스유치원,2026,317,0,https://e-childschoolinfo.moe.go.kr/,2026년 1차 공시
KLOCAL-5f898a9cc2711bd4,참아름유치원,2026,158,0,https://e-childschoolinfo.moe.go.kr/,2026년 1차 공시
KLOCAL-2b07c33dd5f30eca,참조은유치원,2026,155,0,https://e-childschoolinfo.moe.go.kr/,2026년 1차 공시
KLOCAL-ae41e29b3e0ee2d0,청담숲유치원,2026,90,0,https://e-childschoolinfo.moe.go.kr/,2026년 1차 공시
KLOCAL-cb0f3434a75d79da,청송유치원,2026,87,0,https://e-childschoolinfo.moe.go.kr/,2026년 1차 공시
KLOCAL-700c16dffdf23664,청학숲유치원,2026,280,0,https://e-childschoolinfo.moe.go.kr/,2026년 1차 공시
KLOCAL-1fcc5bb819b6a357,큰별유치원,2026,155,0,https://e-childschoolinfo.moe.go.kr/,2026년 1차 공시
KLOCAL-f9c23299c9f29c92,키즈월드유치원,2026,64,0,https://e-childschoolinfo.moe.go.kr/,2026년 1차 공시
KLOCAL-b9a00b06c19a5b27,푸른마을유치원,2026,123,0,https://e-childschoolinfo.moe.go.kr/,2026년 1차 공시
KLOCAL-a0b7cbe5a91d6fc3,프라임명지유치원,2026,145,0,https://e-childschoolinfo.moe.go.kr/,2026년 1차 공시
KLOCAL-3267d41d2d4da711,프라임예지유치원,2026,336,0,https://e-childschoolinfo.moe.go.kr/,2026년 1차 공시
KLOCAL-28e51f0551b2fcfd,하늘땅유치원,2026,266,0,https://e-childschoolinfo.moe.go.kr/,2026년 1차 공시
KLOCAL-c24174173a80af5d,해나라유치원,2026,159,0,https://e-childschoolinfo.moe.go.kr/,2026년 1차 공시
KLOCAL-9fd7e2d0a4c711bb,해돋이유치원,2026,4,0,https://e-childschoolinfo.moe.go.kr/,2026년 1차 공시
KLOCAL-03eaab4ac9dbb6a3,해승유치원,2026,150,0,https://e-childschoolinfo.moe.go.kr/,2026년 1차 공시
KLOCAL-1fd3e98881a11318,해와달유치원,2026,38,0,https://e-childschoolinfo.moe.go.kr/,2026년 1차 공시
KLOCAL-25a0b873b3438607,행복한유치원,2026,36,0,https://e-childschoolinfo.moe.go.kr/,2026년 1차 공시
KLOCAL-799d3765effdf6c9,The큰빛유치원,2026,213,0,https://e-childschoolinfo.moe.go.kr/,2026년 1차 공시
KLOCAL-bf4a58b2949b1422,경인여자대학교부속유치원,2026,120,0,https://e-childschoolinfo.moe.go.kr/,2026년 1차 공시
KLOCAL-aa56465393a9dbf8,계양유치원,2026,90,0,https://e-childschoolinfo.moe.go.kr/,2026년 1차 공시
KLOCAL-000e957d3ab6431c,근산유치원,2026,91,0,https://e-childschoolinfo.moe.go.kr/,2026년 1차 공시
KLOCAL-8ed8228b0a070bd1,꿈나라유치원,2026,85,0,https://e-childschoolinfo.moe.go.kr/,2026년 1차 공시
KLOCAL-10a79f1b1d9bbd9f,꿈나무유치원,2026,39,0,https://e-childschoolinfo.moe.go.kr/,2026년 1차 공시
KLOCAL-820463ae379873df,노틀담유치원,2026,60,0,https://e-childschoolinfo.moe.go.kr/,2026년 1차 공시
KLOCAL-4d4340c9fc828cb1,동심유치원,2026,164,0,https://e-childschoolinfo.moe.go.kr/,2026년 1차 공시
KLOCAL-d35107fb247c2293,드림유치원,2026,230,0,https://e-childschoolinfo.moe.go.kr/,2026년 1차 공시
KLOCAL-8dd20cefda1ca1a9,마리아유치원,2026,84,0,https://e-childschoolinfo.moe.go.kr/,2026년 1차 공시
KLOCAL-1b4643e77630943f,무지개유치원,2026,201,0,https://e-childschoolinfo.moe.go.kr/,2026년 1차 공시
KLOCAL-d6dfad898c1c6e59,미래유치원,2026,76,0,https://e-childschoolinfo.moe.go.kr/,2026년 1차 공시
KLOCAL-b1ebeb063c6b35bf,밀알유치원,2026,118,0,https://e-childschoolinfo.moe.go.kr/,2026년 1차 공시
KLOCAL-4fc071e233a4b10e,보나유치원,2026,157,0,https://e-childschoolinfo.moe.go.kr/,2026년 1차 공시
KLOCAL-cec3aed5db587e4f,보람유치원,2026,140,0,https://e-childschoolinfo.moe.go.kr/,2026년 1차 공시
KLOCAL-c23244892488770c,산곡유치원,2026,190,0,https://e-childschoolinfo.moe.go.kr/,2026년 1차 공시
KLOCAL-89f989b3e811883f,산들유치원,2026,161,0,https://e-childschoolinfo.moe.go.kr/,2026년 1차 공시
KLOCAL-d8bc2d350c1a4b3f,삼산유치원,2026,54,12,https://e-childschoolinfo.moe.go.kr/,2026년 1차 공시
KLOCAL-e9f605efb8473d0b,상아유치원,2026,107,0,https://e-childschoolinfo.moe.go.kr/,2026년 1차 공시
KLOCAL-a038d3e4ea578813,새빛솔금유치원,2026,114,0,https://e-childschoolinfo.moe.go.kr/,2026년 1차 공시
KLOCAL-7db8731930533c91,서해유치원,2026,47,0,https://e-childschoolinfo.moe.go.kr/,2026년 1차 공시
KLOCAL-2f487e44a994a758,성심유치원,2026,30,0,https://e-childschoolinfo.moe.go.kr/,2026년 1차 공시
KLOCAL-ad69756960486f7d,숲속유치원,2026,82,0,https://e-childschoolinfo.moe.go.kr/,2026년 1차 공시
KLOCAL-93134beb67614dd4,아란유치원,2026,149,0,https://e-childschoolinfo.moe.go.kr/,2026년 1차 공시
KLOCAL-1e0f6cb24019a829,엄지유치원,2026,30,0,https://e-childschoolinfo.moe.go.kr/,2026년 1차 공시
KLOCAL-a9d87dc7c78bb460,에코프라임유치원,2026,80,0,https://e-childschoolinfo.moe.go.kr/,2026년 1차 공시
KLOCAL-b40f58f5747ed00c,연세유치원,2026,121,0,https://e-childschoolinfo.moe.go.kr/,2026년 1차 공시
KLOCAL-a75ab82d043d1d3c,열림유치원,2026,113,0,https://e-childschoolinfo.moe.go.kr/,2026년 1차 공시
KLOCAL-b9f9b3b6acb3e646,열우물유치원,2026,10,0,https://e-childschoolinfo.moe.go.kr/,2026년 1차 공시
KLOCAL-1923165e7aafe096,영광유치원,2026,199,0,https://e-childschoolinfo.moe.go.kr/,2026년 1차 공시
KLOCAL-2dec811cf063913d,예그랑유치원,2026,53,0,https://e-childschoolinfo.moe.go.kr/,2026년 1차 공시
KLOCAL-28fe79464ba28534,예림유치원,2026,83,0,https://e-childschoolinfo.moe.go.kr/,2026년 1차 공시
KLOCAL-56a50a91ae4989cb,예소담유치원,2026,102,0,https://e-childschoolinfo.moe.go.kr/,2026년 1차 공시
KLOCAL-dbea3b1337a43ee7,예원유치원,2026,197,0,https://e-childschoolinfo.moe.go.kr/,2026년 1차 공시
KLOCAL-b160ba4a3527af43,은현유치원,2026,48,0,https://e-childschoolinfo.moe.go.kr/,2026년 1차 공시
KLOCAL-314ae4685daf3578,이든유치원,2026,138,0,https://e-childschoolinfo.moe.go.kr/,2026년 1차 공시
KLOCAL-2a7e08fead8ef96b,이바유치원,2026,96,0,https://e-childschoolinfo.moe.go.kr/,2026년 1차 공시
KLOCAL-d50e97c5d449d3e1,이화유치원,2026,125,0,https://e-childschoolinfo.moe.go.kr/,2026년 1차 공시
KLOCAL-00d7d85e52a053a8,인천갈월초등학교병설유치원,2026,6,0,https://e-childschoolinfo.moe.go.kr/,2026년 1차 공시
KLOCAL-02221618c55c5603,인천계양초등학교병설유치원,2026,23,0,https://e-childschoolinfo.moe.go.kr/,2026년 1차 공시
KLOCAL-795e68028ccfe327,인천굴포초등학교병설유치원,2026,37,4,https://e-childschoolinfo.moe.go.kr/,2026년 1차 공시
KLOCAL-2e27b0337e9883ca,인천귤현초등학교병설유치원,2026,8,0,https://e-childschoolinfo.moe.go.kr/,2026년 1차 공시
KLOCAL-528dcc8ceefc1f83,인천금마초등학교병설유치원,2026,1,1,https://e-childschoolinfo.moe.go.kr/,2026년 1차 공시
KLOCAL-5d2374027a21efe0,인천길주초등학교병설유치원,2026,24,0,https://e-childschoolinfo.moe.go.kr/,2026년 1차 공시
KLOCAL-0fab6c92ee3a52d6,인천당산초등학교병설유치원,2026,13,2,https://e-childschoolinfo.moe.go.kr/,2026년 1차 공시
KLOCAL-36fdf3552e15dcd7,인천동암초등학교병설유치원,2026,6,0,https://e-childschoolinfo.moe.go.kr/,2026년 1차 공시
KLOCAL-fa0b23e1b953919a,인천마곡초등학교병설유치원,2026,1,3,https://e-childschoolinfo.moe.go.kr/,2026년 1차 공시
KLOCAL-4dfa29d594589afd,인천명현초등학교병설유치원,2026,15,0,https://e-childschoolinfo.moe.go.kr/,2026년 1차 공시
KLOCAL-2ee6cf805dfe4f3f,인천미산초등학교병설유치원,2026,4,4,https://e-childschoolinfo.moe.go.kr/,2026년 1차 공시
KLOCAL-245e760a0802fd93,인천백운초등학교병설유치원,2026,3,0,https://e-childschoolinfo.moe.go.kr/,2026년 1차 공시
KLOCAL-7738df6499839a0d,인천부개서초등학교병설유치원,2026,14,0,https://e-childschoolinfo.moe.go.kr/,2026년 1차 공시
KLOCAL-43e30ed66f88da53,인천부개초등학교병설유치원,2026,9,0,https://e-childschoolinfo.moe.go.kr/,2026년 1차 공시
KLOCAL-549b4c127ea514d3,인천부광초등학교병설유치원,2026,9,0,https://e-childschoolinfo.moe.go.kr/,2026년 1차 공시
KLOCAL-106cec12938f9093,인천부마초등학교병설유치원,2026,32,8,https://e-childschoolinfo.moe.go.kr/,2026년 1차 공시
KLOCAL-5b76fc7bb28b95d2,인천부원초등학교병설유치원,2026,15,4,https://e-childschoolinfo.moe.go.kr/,2026년 1차 공시
KLOCAL-1b7dad99867a6eaf,인천부일초등학교병설유치원,2026,35,4,https://e-childschoolinfo.moe.go.kr/,2026년 1차 공시
KLOCAL-ebb7f219b7dc3c02,인천부평남초등학교병설유치원,2026,12,0,https://e-childschoolinfo.moe.go.kr/,2026년 1차 공시
KLOCAL-7268e62cbbfb14b0,인천부평동초등학교병설유치원,2026,13,4,https://e-childschoolinfo.moe.go.kr/,2026년 1차 공시
KLOCAL-e7025d490b504a01,인천부평북초등학교병설유치원,2026,5,4,https://e-childschoolinfo.moe.go.kr/,2026년 1차 공시
KLOCAL-ccc93f34c68fe601,인천부평서초등학교병설유치원,2026,13,0,https://e-childschoolinfo.moe.go.kr/,2026년 1차 공시
KLOCAL-036b8dcaab889693,인천부현초등학교병설유치원,2026,4,0,https://e-childschoolinfo.moe.go.kr/,2026년 1차 공시
KLOCAL-c2742aa23baa310a,인천산곡초등학교병설유치원,2026,15,0,https://e-childschoolinfo.moe.go.kr/,2026년 1차 공시
KLOCAL-249efd582bc3c17a,인천상정초등학교병설유치원,2026,7,4,https://e-childschoolinfo.moe.go.kr/,2026년 1차 공시
KLOCAL-f772a80f44ffb1a0,인천서운초등학교병설유치원,2026,18,0,https://e-childschoolinfo.moe.go.kr/,2026년 1차 공시
KLOCAL-fec14b51fc4d9297,인천성지초등학교병설유치원,2026,4,3,https://e-childschoolinfo.moe.go.kr/,2026년 1차 공시
KLOCAL-92309078310854ad,인천소양초등학교병설유치원,2026,6,0,https://e-childschoolinfo.moe.go.kr/,2026년 1차 공시
KLOCAL-7de363a40d49f18a,인천안남초등학교병설유치원,2026,7,8,https://e-childschoolinfo.moe.go.kr/,2026년 1차 공시
KLOCAL-1e7e2df89b52dc62,인천안산초등학교병설유치원,2026,5,0,https://e-childschoolinfo.moe.go.kr/,2026년 1차 공시
KLOCAL-b0f87221d172f370,인천양촌초등학교병설유치원,2026,3,0,https://e-childschoolinfo.moe.go.kr/,2026년 1차 공시
KLOCAL-d59c3c131dfc2700,인천영선초등학교병설유치원,2026,15,0,https://e-childschoolinfo.moe.go.kr/,2026년 1차 공시
KLOCAL-01a5916f0b28e44c,인천용마초등학교병설유치원,2026,24,0,https://e-childschoolinfo.moe.go.kr/,2026년 1차 공시
KLOCAL-78746bcfc6086f14,인천청천초등학교병설유치원,2026,58,3,https://e-childschoolinfo.moe.go.kr/,2026년 1차 공시
KLOCAL-dcebf30aba91b8e1,인천해서초등학교병설유치원,2026,2,3,https://e-childschoolinfo.moe.go.kr/,2026년 1차 공시
KLOCAL-896263eeca0cb24e,인천화전유치원,2026,71,12,https://e-childschoolinfo.moe.go.kr/,2026년 1차 공시
KLOCAL-a458fa05dd151711,인천후정초등학교병설유치원,2026,25,4,https://e-childschoolinfo.moe.go.kr/,2026년 1차 공시
KLOCAL-e340aa37ee0b17d0,자연유치원,2026,62,0,https://e-childschoolinfo.moe.go.kr/,2026년 1차 공시
KLOCAL-3e7958b6a4d50a61,정민유치원,2026,159,0,https://e-childschoolinfo.moe.go.kr/,2026년 1차 공시
KLOCAL-bfc36b4ee580645c,정원유치원,2026,117,0,https://e-childschoolinfo.moe.go.kr/,2026년 1차 공시
KLOCAL-008b28233ec0cee2,청담유치원,2026,35,0,https://e-childschoolinfo.moe.go.kr/,2026년 1차 공시
KLOCAL-0308f9e9a9e42dfd,청원유치원,2026,130,0,https://e-childschoolinfo.moe.go.kr/,2026년 1차 공시
KLOCAL-3a53daf795aebc01,프렌즈유치원,2026,96,0,https://e-childschoolinfo.moe.go.kr/,2026년 1차 공시
KLOCAL-3604491d53b601b4,한빛유치원,2026,48,0,https://e-childschoolinfo.moe.go.kr/,2026년 1차 공시
KLOCAL-ace02cf4887a0b04,해마루유치원,2026,93,0,https://e-childschoolinfo.moe.go.kr/,2026년 1차 공시
KLOCAL-c8f91a641f618071,해승유치원,2026,104,0,https://e-childschoolinfo.moe.go.kr/,2026년 1차 공시
KLOCAL-410831a720cf17a1,햇살유치원,2026,121,0,https://e-childschoolinfo.moe.go.kr/,2026년 1차 공시
KLOCAL-db47790fb79ebb49,현대유치원,2026,131,0,https://e-childschoolinfo.moe.go.kr/,2026년 1차 공시
KLOCAL-624dd65d9a69a6fd,홍익유치원,2026,58,0,https://e-childschoolinfo.moe.go.kr/,2026년 1차 공시
KLOCAL-d4bd51f655c7d518,경서유치원,2026,189,0,https://e-childschoolinfo.moe.go.kr/,2026년 1차 공시
KLOCAL-8a9b86e4d794522b,꼬마정원유치원,2026,181,0,https://e-childschoolinfo.moe.go.kr/,2026년 1차 공시
KLOCAL-6fa4617437939184,꿈드림유치원,2026,56,0,https://e-childschoolinfo.moe.go.kr/,2026년 1차 공시
KLOCAL-c3dd9c1d20fd07e2,다은유치원,2026,258,0,https://e-childschoolinfo.moe.go.kr/,2026년 1차 공시
KLOCAL-b3e032dc919c404c,드림유치원,2026,369,0,https://e-childschoolinfo.moe.go.kr/,2026년 1차 공시
KLOCAL-9c183b9823ea39ea,리라유치원,2026,140,0,https://e-childschoolinfo.moe.go.kr/,2026년 1차 공시
KLOCAL-d73e3aece4b7ed2b,명문유치원,2026,99,0,https://e-childschoolinfo.moe.go.kr/,2026년 1차 공시
KLOCAL-8e217d7a0b8a977c,무지개유치원,2026,137,0,https://e-childschoolinfo.moe.go.kr/,2026년 1차 공시
KLOCAL-25824987347b89df,바다유치원,2026,57,0,https://e-childschoolinfo.moe.go.kr/,2026년 1차 공시
KLOCAL-9caec56ae5d4653c,사랑샘유치원,2026,450,0,https://e-childschoolinfo.moe.go.kr/,2026년 1차 공시
KLOCAL-d19a0e7bb3217421,산새소리유치원,2026,257,0,https://e-childschoolinfo.moe.go.kr/,2026년 1차 공시
KLOCAL-266ed741dd996b8d,산울림유치원,2026,33,0,https://e-childschoolinfo.moe.go.kr/,2026년 1차 공시
KLOCAL-660f3e0dcf70c20f,새한신유치원,2026,170,0,https://e-childschoolinfo.moe.go.kr/,2026년 1차 공시
KLOCAL-3e73ad45d397e6b0,세라유치원,2026,247,0,https://e-childschoolinfo.moe.go.kr/,2026년 1차 공시
KLOCAL-5f31278c2ab82f0a,아림유치원,2026,215,0,https://e-childschoolinfo.moe.go.kr/,2026년 1차 공시
KLOCAL-7b4637c902db7d09,아이사랑유치원,2026,242,0,https://e-childschoolinfo.moe.go.kr/,2026년 1차 공시
KLOCAL-23e886f24f770204,엔젤유치원,2026,120,0,https://e-childschoolinfo.moe.go.kr/,2026년 1차 공시
KLOCAL-a86f6ae287b18882,연희유치원,2026,107,0,https://e-childschoolinfo.moe.go.kr/,2026년 1차 공시
KLOCAL-7a8ef99aafe1ff7b,예빛유치원,2026,177,0,https://e-childschoolinfo.moe.go.kr/,2026년 1차 공시
KLOCAL-97068fb68321a483,예인유치원,2026,278,0,https://e-childschoolinfo.moe.go.kr/,2026년 1차 공시
KLOCAL-432cd97ec470568e,예일유치원,2026,184,0,https://e-childschoolinfo.moe.go.kr/,2026년 1차 공시
KLOCAL-696372f793199769,예지유치원,2026,178,0,https://e-childschoolinfo.moe.go.kr/,2026년 1차 공시
KLOCAL-3e82cc8bc9518c92,은하유치원,2026,185,0,https://e-childschoolinfo.moe.go.kr/,2026년 1차 공시
KLOCAL-3c3f330218751057,인천가림초등학교병설유치원,2026,15,2,https://e-childschoolinfo.moe.go.kr/,2026년 1차 공시
KLOCAL-2eee87a9fad3f959,인천가석초등학교병설유치원,2026,9,2,https://e-childschoolinfo.moe.go.kr/,2026년 1차 공시
KLOCAL-1b478ca1f5cbe41e,인천가원초등학교병설유치원,2026,78,0,https://e-childschoolinfo.moe.go.kr/,2026년 1차 공시
KLOCAL-8f015ad565f90f24,인천가정초등학교병설유치원,2026,15,0,https://e-childschoolinfo.moe.go.kr/,2026년 1차 공시
KLOCAL-0b89b3cbc388c8d7,인천가현초등학교병설유치원,2026,48,0,https://e-childschoolinfo.moe.go.kr/,2026년 1차 공시
KLOCAL-0867a880c4b46df2,인천건지초등학교병설유치원,2026,22,10,https://e-childschoolinfo.moe.go.kr/,2026년 1차 공시
KLOCAL-19767c56f265491f,인천검단꿈유치원,2026,228,11,https://e-childschoolinfo.moe.go.kr/,2026년 1차 공시
KLOCAL-7be51d44cb858bb5,인천검단나래유치원,2026,228,11,https://e-childschoolinfo.moe.go.kr/,2026년 1차 공시
KLOCAL-ad2e055c24bd547e,인천검단초등학교병설유치원,2026,43,0,https://e-childschoolinfo.moe.go.kr/,2026년 1차 공시
KLOCAL-7934e4a94676471a,인천검단호수초등학교병설유치원,2026,54,0,https://e-childschoolinfo.moe.go.kr/,2026년 1차 공시
KLOCAL-262e10d1e210408c,인천검암유치원,2026,69,8,https://e-childschoolinfo.moe.go.kr/,2026년 1차 공시
KLOCAL-0af8f94d48e29a3b,인천경명초등학교병설유치원,2026,53,0,https://e-childschoolinfo.moe.go.kr/,2026년 1차 공시
KLOCAL-daa57df0a81440cd,인천경서초등학교병설유치원,2026,47,0,https://e-childschoolinfo.moe.go.kr/,2026년 1차 공시
KLOCAL-ba11a51bc0806260,인천경연초등학교병설유치원,2026,47,0,https://e-childschoolinfo.moe.go.kr/,2026년 1차 공시
KLOCAL-c2e4523109105612,인천공촌초등학교병설유치원,2026,20,0,https://e-childschoolinfo.moe.go.kr/,2026년 1차 공시
KLOCAL-6a31f4d9b5c5f65d,인천금곡초등학교병설유치원,2026,22,4,https://e-childschoolinfo.moe.go.kr/,2026년 1차 공시
KLOCAL-382a4eb638edccdb,인천능내초등학교병설유치원,2026,5,0,https://e-childschoolinfo.moe.go.kr/,2026년 1차 공시
KLOCAL-de70b1ea59f110a7,인천단봉초등학교병설유치원,2026,63,0,https://e-childschoolinfo.moe.go.kr/,2026년 1차 공시
KLOCAL-710c5518488064ab,인천당하초등학교병설유치원,2026,12,0,https://e-childschoolinfo.moe.go.kr/,2026년 1차 공시
KLOCAL-e939ece928361ded,인천도담초등학교병설유치원,2026,49,0,https://e-childschoolinfo.moe.go.kr/,2026년 1차 공시
KLOCAL-ddac7c3a8a0d5a08,인천마전초등학교병설유치원,2026,10,0,https://e-childschoolinfo.moe.go.kr/,2026년 1차 공시
KLOCAL-f4753e5542369632,인천목향초등학교병설유치원,2026,23,5,https://e-childschoolinfo.moe.go.kr/,2026년 1차 공시
KLOCAL-7d5c804848608a29,인천발산초등학교병설유치원,2026,40,0,https://e-childschoolinfo.moe.go.kr/,2026년 1차 공시
KLOCAL-f9046d59bd98116e,인천백석초등학교병설유치원,2026,30,0,https://e-childschoolinfo.moe.go.kr/,2026년 1차 공시
KLOCAL-d817fae7029ed452,인천봉수초등학교병설유치원,2026,48,0,https://e-childschoolinfo.moe.go.kr/,2026년 1차 공시
KLOCAL-9cedf6cf5469db38,인천봉화초등학교병설유치원,2026,8,0,https://e-childschoolinfo.moe.go.kr/,2026년 1차 공시
KLOCAL-1c92f7fa634fb5f3,인천불로초등학교병설유치원,2026,23,0,https://e-childschoolinfo.moe.go.kr/,2026년 1차 공시
KLOCAL-7eca59cf2b27adeb,인천서곶초등학교병설유치원,2026,19,0,https://e-childschoolinfo.moe.go.kr/,2026년 1차 공시
KLOCAL-d1881d2f856ac1b3,인천서로꿈유치원,2026,228,12,https://e-childschoolinfo.moe.go.kr/,2026년 1차 공시
KLOCAL-e67fb17cb81b7ac2,인천서현유치원,2026,144,0,https://e-childschoolinfo.moe.go.kr/,2026년 1차 공시
KLOCAL-2def53f46a779e53,인천석남초등학교병설유치원,2026,8,0,https://e-childschoolinfo.moe.go.kr/,2026년 1차 공시
KLOCAL-2da09589001a6ae4,인천신석초등학교병설유치원,2026,10,1,https://e-childschoolinfo.moe.go.kr/,2026년 1차 공시
KLOCAL-7e2349d1d3ce7603,인천신현북초등학교병설유치원,2026,5,0,https://e-childschoolinfo.moe.go.kr/,2026년 1차 공시
KLOCAL-b833eeda1290da9f,인천아라꿈유치원,2026,324,12,https://e-childschoolinfo.moe.go.kr/,2026년 1차 공시
KLOCAL-f32ece23bc8b2d5a,인천아라초등학교병설유치원,2026,57,4,https://e-childschoolinfo.moe.go.kr/,2026년 1차 공시
KLOCAL-cc5ca2ff5c2c1840,인천아람초등학교병설유치원,2026,60,2,https://e-childschoolinfo.moe.go.kr/,2026년 1차 공시
KLOCAL-6ab54af3a2193b78,인천양지초등학교병설유치원,2026,5,3,https://e-childschoolinfo.moe.go.kr/,2026년 1차 공시
KLOCAL-aa8da85a8f6b19b9,인천완정초등학교병설유치원,2026,28,0,https://e-childschoolinfo.moe.go.kr/,2026년 1차 공시
KLOCAL-0fdcd04de8b6ed6d,인천왕길초등학교병설유치원,2026,31,4,https://e-childschoolinfo.moe.go.kr/,2026년 1차 공시
KLOCAL-55058525ba8494ab,인천원당초등학교병설유치원,2026,38,0,https://e-childschoolinfo.moe.go.kr/,2026년 1차 공시
KLOCAL-4c7d06e164ffce6c,인천은지초등학교병설유치원,2026,37,0,https://e-childschoolinfo.moe.go.kr/,2026년 1차 공시
KLOCAL-7b7d4c15574d22f9,인천이음초등학교병설유치원,2026,92,4,https://e-childschoolinfo.moe.go.kr/,2026년 1차 공시
KLOCAL-1fd9f21caa124372,인천창신초등학교병설유치원,2026,43,0,https://e-childschoolinfo.moe.go.kr/,2026년 1차 공시
KLOCAL-df8423dbb089d99c,인천청라초등학교병설유치원,2026,54,0,https://e-childschoolinfo.moe.go.kr/,2026년 1차 공시
KLOCAL-55f85ae587a7a257,인천청람초등학교병설유치원,2026,47,0,https://e-childschoolinfo.moe.go.kr/,2026년 1차 공시
KLOCAL-1106537bcfb62fe4,인천청일초등학교병설유치원,2026,54,0,https://e-childschoolinfo.moe.go.kr/,2026년 1차 공시
KLOCAL-4a424ece4c3030f0,인천초은초등학교병설유치원,2026,55,0,https://e-childschoolinfo.moe.go.kr/,2026년 1차 공시
KLOCAL-b71b3fb614f2b85a,인천푸른빛유치원,2026,132,10,https://e-childschoolinfo.moe.go.kr/,2026년 1차 공시
KLOCAL-a89bac762d6f5efb,인천한들초등학교병설유치원,2026,91,4,https://e-childschoolinfo.moe.go.kr/,2026년 1차 공시
KLOCAL-4ff73e805db03cdf,인천한별초등학교병설유치원,2026,62,4,https://e-childschoolinfo.moe.go.kr/,2026년 1차 공시
KLOCAL-2b9a80a829c012d7,인천해든초등학교병설유치원,2026,63,4,https://e-childschoolinfo.moe.go.kr/,2026년 1차 공시
KLOCAL-bfe5172d21d17747,인천해원초등학교병설유치원,2026,59,4,https://e-childschoolinfo.moe.go.kr/,2026년 1차 공시
KLOCAL-136bbfeb0cacbeb0,일영유치원,2026,183,0,https://e-childschoolinfo.moe.go.kr/,2026년 1차 공시
KLOCAL-d8c137ce638ca39b,재은유치원,2026,112,0,https://e-childschoolinfo.moe.go.kr/,2026년 1차 공시
KLOCAL-960ae6297334b559,청라새싹유치원,2026,325,0,https://e-childschoolinfo.moe.go.kr/,2026년 1차 공시
KLOCAL-9c3128f86f9e804f,청라유치원,2026,132,12,https://e-childschoolinfo.moe.go.kr/,2026년 1차 공시
KLOCAL-287edcd5656c8d18,큰사랑유치원,2026,194,0,https://e-childschoolinfo.moe.go.kr/,2026년 1차 공시
KLOCAL-8550dfd9204474b8,프라임청라유치원,2026,255,0,https://e-childschoolinfo.moe.go.kr/,2026년 1차 공시
KLOCAL-6ea342592d10ee06,한샘유치원,2026,147,0,https://e-childschoolinfo.moe.go.kr/,2026년 1차 공시
KLOCAL-3c0aa6a5169882ee,한울유치원,2026,157,0,https://e-childschoolinfo.moe.go.kr/,2026년 1차 공시
KLOCAL-1f328ba143036bf8,해나라유치원,2026,310,0,https://e-childschoolinfo.moe.go.kr/,2026년 1차 공시
KLOCAL-ca7704409b2eeaf2,희망찬유치원,2026,184,0,https://e-childschoolinfo.moe.go.kr/,2026년 1차 공시
