학교ID,학교명,학교급,원자료_지역명,학교명_학교급_대조,원자료_기준일,앱_분석,확장_환경_분석,확장_KNN_비교기관수,확장_학교수요_모형,확장_지역전망_연결,확장_공원경로_상태,확장_후보격자수,학원_환경_연결,연결_공시행수,연결_공시항목수,연결_공시항목코드,연결_공시연도,과학전람회_확인기록수,학생발명대회_확인기록수,수능_학교점수,학업성취_학교수치,진로_연결_조사연도,진로_최근_상태,확장_직선권_연령인구_상태,확장_보행권_연령인구_상태,55_최신공시_상태,55_최신공시_연도,56_최신공시_상태,56_최신공시_연도,59_최신공시_상태,59_최신공시_연도,90_최신공시_상태,90_최신공시_연도
B000011417,인천여자상업고등학교,고등학교,중구,명칭상 불일치 없음,2026-03-20,확장 분석,available,4,weighted_trend_lightgbm,중구,available,77,geocoded_observations_only,194,31,0|08|09|10|16|17|18|20|21|22|24|30|34|35|38|43|44|51|55|56|58|59|61|62|63|64|67|68|73|90|94,2020|2021|2022|2023|2024|2025|2026,0,0,미확보,미확보,2025|2026,progression_pending_publication,estimated,estimated,available,2026,available,2026,available,2026,available,2026
B000011418,인천반도체고등학교,고등학교,중구,명칭상 불일치 없음,2026-03-20,확장 분석,available,4,weighted_trend_lightgbm,중구,available,101,geocoded_observations_only,224,31,0|08|09|10|16|17|18|20|21|22|24|30|34|35|38|43|44|51|55|56|58|59|61|62|63|64|67|68|73|90|94,2020|2021|2022|2023|2024|2025|2026,0,0,미확보,미확보,2025|2026,progression_pending_publication,estimated,estimated,available,2026,available,2026,available,2026,available,2026
B000011419,영종국제물류고등학교,고등학교,중구,명칭상 불일치 없음,2026-03-20,확장 분석,available,4,weighted_trend_lightgbm,중구,available,38,geocoded_observations_only,169,31,0|08|09|10|16|17|18|20|21|22|24|30|34|35|38|43|44|51|55|56|58|59|61|62|63|64|67|68|73|90|94,2020|2021|2022|2023|2024|2025|2026,0,0,미확보,미확보,2025|2026,progression_pending_publication,missing_age_observations,estimated,available,2026,available,2026,available,2026,available,2026
B000011420,인천중앙여자고등학교,고등학교,중구,명칭상 불일치 없음,2026-03-20,확장 분석,available,4,weighted_trend_lightgbm,중구,available,100,geocoded_observations_only,193,31,0|08|09|10|16|17|18|20|21|22|24|30|34|35|38|43|44|51|55|56|58|59|61|62|63|64|67|68|73|90|94,2020|2021|2022|2023|2024|2025|2026,0,0,미확보,미확보,2025|2026,progression_pending_publication,estimated,estimated,available,2026,available,2026,available,2026,available,2026
B000011421,인천재능고등학교,고등학교,동구,명칭상 불일치 없음,2026-03-20,확장 분석,available,4,weighted_trend_lightgbm,동구,available,80,geocoded_observations_only,235,31,0|08|09|10|16|17|18|20|21|22|24|30|34|35|38|43|44|51|55|56|58|59|61|62|63|64|67|68|73|90|94,2020|2021|2022|2023|2024|2025|2026,0,0,미확보,미확보,2025|2026,progression_pending_publication,estimated,estimated,available,2026,available,2026,available,2026,available,2026
B000011422,영화국제관광고등학교,고등학교,동구,명칭상 불일치 없음,2026-03-20,확장 분석,available,4,weighted_trend_lightgbm,동구,available,109,geocoded_observations_only,206,31,0|08|09|10|16|17|18|20|21|22|24|30|34|35|38|43|44|51|55|56|58|59|61|62|63|64|67|68|73|90|94,2020|2021|2022|2023|2024|2025|2026,0,0,미확보,미확보,2025|2026,progression_pending_publication,estimated,estimated,available,2026,available,2026,available,2026,available,2026
B000011424,인천기계공업고등학교,고등학교,미추홀구,명칭상 불일치 없음,2026-03-20,확장 분석,available,4,weighted_trend_lightgbm,미추홀구,available,100,geocoded_observations_only,233,31,0|08|09|10|16|17|18|20|21|22|24|30|34|35|38|43|44|51|55|56|58|59|61|62|63|64|67|68|73|90|94,2020|2021|2022|2023|2024|2025|2026,0,0,미확보,미확보,2025|2026,progression_pending_publication,estimated,estimated,available,2026,available,2026,available,2026,available,2026
B000011425,인천소방고등학교,고등학교,미추홀구,명칭상 불일치 없음,2026-03-20,확장 분석,available,4,weighted_trend_lightgbm,미추홀구,available,90,geocoded_observations_only,186,31,0|08|09|10|16|17|18|20|21|22|24|30|34|35|38|43|44|51|55|56|58|59|61|62|63|64|67|68|73|90|94,2020|2021|2022|2023|2024|2025|2026,0,0,미확보,미확보,2025|2026,progression_pending_publication,estimated,estimated,available,2026,available,2026,available,2026,available,2026
B000011426,인천비즈니스고등학교,고등학교,미추홀구,명칭상 불일치 없음,2026-03-20,확장 분석,available,4,weighted_trend_lightgbm,미추홀구,available,69,geocoded_observations_only,188,31,0|08|09|10|16|17|18|20|21|22|24|30|34|35|38|43|44|51|55|56|58|59|61|62|63|64|67|68|73|90|94,2020|2021|2022|2023|2024|2025|2026,0,0,미확보,미확보,2025|2026,progression_pending_publication,estimated,estimated,available,2026,available,2026,available,2026,available,2026
B000011427,문학정보고등학교,고등학교,미추홀구,명칭상 불일치 없음,2026-03-20,확장 분석,available,4,weighted_trend_lightgbm,미추홀구,available,70,geocoded_observations_only,202,31,0|08|09|10|16|17|18|20|21|22|24|30|34|35|38|43|44|51|55|56|58|59|61|62|63|64|67|68|73|90|94,2020|2021|2022|2023|2024|2025|2026,0,0,미확보,미확보,2025|2026,progression_pending_publication,estimated,estimated,exempt_or_unconfirmed,2026,available,2026,available,2026,available,2026
B000011428,정석항공과학고등학교,고등학교,미추홀구,명칭상 불일치 없음,2026-03-20,확장 분석,available,4,weighted_trend_lightgbm,미추홀구,available,97,geocoded_observations_only,185,31,0|08|09|10|16|17|18|20|21|22|24|30|34|35|38|43|44|51|55|56|58|59|61|62|63|64|67|68|73|90|94,2020|2021|2022|2023|2024|2025|2026,0,0,미확보,미확보,2025|2026,progression_pending_publication,estimated,estimated,available,2026,available,2026,available,2026,available,2026
B000011429,인천해양과학고등학교,고등학교,연수구,명칭상 불일치 없음,2026-03-20,확장 분석,available,4,weighted_trend_lightgbm,연수구,available,49,geocoded_observations_only,202,31,0|08|09|10|16|17|18|20|21|22|24|30|34|35|38|43|44|51|55|56|58|59|61|62|63|64|67|68|73|90|94,2020|2021|2022|2023|2024|2025|2026,0,0,미확보,미확보,2025|2026,progression_pending_publication,estimated,estimated,available,2026,available,2026,available,2026,available,2026
B000011430,인천바이오과학고등학교,고등학교,연수구,명칭상 불일치 없음,2026-03-20,확장 분석,available,4,weighted_trend_lightgbm,연수구,available,100,geocoded_observations_only,217,31,0|08|09|10|16|17|18|20|21|22|24|30|34|35|38|43|44|51|55|56|58|59|61|62|63|64|67|68|73|90|94,2020|2021|2022|2023|2024|2025|2026,0,0,미확보,미확보,2025|2026,progression_pending_publication,estimated,estimated,available,2026,available,2026,available,2026,available,2026
B000011431,인천뷰티예술고등학교,고등학교,연수구,명칭상 불일치 없음,2026-03-20,확장 분석,available,4,weighted_trend_lightgbm,연수구,available,62,geocoded_observations_only,202,31,0|08|09|10|16|17|18|20|21|22|24|30|34|35|38|43|44|51|55|56|58|59|61|62|63|64|67|68|73|90|94,2020|2021|2022|2023|2024|2025|2026,0,0,미확보,미확보,2025|2026,progression_pending_publication,estimated,estimated,available,2026,available,2026,available,2026,available,2026
B000011432,인천생활과학고등학교,고등학교,연수구,명칭상 불일치 없음,2026-03-20,확장 분석,available,4,weighted_trend_lightgbm,연수구,available,92,geocoded_observations_only,205,31,0|08|09|10|16|17|18|20|21|22|24|30|34|35|38|43|44|51|55|56|58|59|61|62|63|64|67|68|73|90|94,2020|2021|2022|2023|2024|2025|2026,0,0,미확보,미확보,2025|2026,progression_pending_publication,estimated,estimated,available,2026,available,2026,available,2026,available,2026
B000011433,인천금융고등학교,고등학교,남동구,명칭상 불일치 없음,2026-03-20,확장 분석,available,4,weighted_trend_lightgbm,남동구,available,52,geocoded_observations_only,208,31,0|08|09|10|16|17|18|20|21|22|24|30|34|35|38|43|44|51|55|56|58|59|61|62|63|64|67|68|73|90|94,2020|2021|2022|2023|2024|2025|2026,0,0,미확보,미확보,2025|2026,progression_pending_publication,estimated,estimated,available,2026,available,2026,available,2026,available,2026
B000011434,부평공업고등학교,고등학교,부평구,명칭상 불일치 없음,2026-03-20,확장 분석,available,4,weighted_trend_lightgbm,부평구,available,96,geocoded_observations_only,204,31,0|08|09|10|16|17|18|20|21|22|24|30|34|35|38|43|44|51|55|56|58|59|61|62|63|64|67|68|73|90|94,2020|2021|2022|2023|2024|2025|2026,0,0,미확보,미확보,2025|2026,progression_pending_publication,estimated,estimated,available,2026,available,2026,available,2026,available,2026
B000011435,인천미래생활고등학교,고등학교,부평구,명칭상 불일치 없음,2026-03-20,확장 분석,available,4,weighted_trend_lightgbm,부평구,available,65,geocoded_observations_only,225,31,0|08|09|10|16|17|18|20|21|22|24|30|34|35|38|43|44|51|55|56|58|59|61|62|63|64|67|68|73|90|94,2020|2021|2022|2023|2024|2025|2026,0,0,미확보,미확보,2025|2026,progression_pending_publication,estimated,estimated,available,2026,available,2026,available,2026,available,2026
B000011437,인평자동차고등학교,고등학교,부평구,명칭상 불일치 없음,2026-03-20,확장 분석,available,4,weighted_trend_lightgbm,부평구,available,97,geocoded_observations_only,184,31,0|08|09|10|16|17|18|20|21|22|24|30|34|35|38|43|44|51|55|56|58|59|61|62|63|64|67|68|73|90|94,2020|2021|2022|2023|2024|2025|2026,0,0,미확보,미확보,2025|2026,progression_pending_publication,estimated,estimated,available,2026,available,2026,available,2026,available,2026
B000011438,계산공업고등학교,고등학교,계양구,명칭상 불일치 없음,2026-03-20,확장 분석,available,4,weighted_trend_lightgbm,계양구,available,89,geocoded_observations_only,214,31,0|08|09|10|16|17|18|20|21|22|24|30|34|35|38|43|44|51|55|56|58|59|61|62|63|64|67|68|73|90|94,2020|2021|2022|2023|2024|2025|2026,0,0,미확보,미확보,2025|2026,progression_pending_publication,estimated,estimated,available,2026,available,2026,available,2026,available,2026
B000011439,인천디자인고등학교,고등학교,서구,명칭상 불일치 없음,2026-03-20,확장 분석,available,4,weighted_trend_lightgbm,서구,available,70,geocoded_observations_only,217,31,0|08|09|10|16|17|18|20|21|22|24|30|34|35|38|43|44|51|55|56|58|59|61|62|63|64|67|68|73|90|94,2020|2021|2022|2023|2024|2025|2026,0,0,미확보,미확보,2025|2026,progression_pending_publication,estimated,estimated,exempt_or_unconfirmed,2026,available,2026,available,2026,available,2026
B000011440,인천보건고등학교,고등학교,서구,명칭상 불일치 없음,2026-03-20,확장 분석,available,4,weighted_trend_lightgbm,서구,available,80,geocoded_observations_only,187,31,0|08|09|10|16|17|18|20|21|22|24|30|34|35|38|43|44|51|55|56|58|59|61|62|63|64|67|68|73|90|94,2020|2021|2022|2023|2024|2025|2026,0,0,미확보,미확보,2025|2026,progression_pending_publication,estimated,estimated,available,2026,available,2026,available,2026,available,2026
B000011441,한국주얼리고등학교,고등학교,서구,명칭상 불일치 없음,2026-03-20,확장 분석,available,4,weighted_trend_lightgbm,서구,available,36,geocoded_observations_only,173,31,0|08|09|10|16|17|18|20|21|22|24|30|34|35|38|43|44|51|55|56|58|59|61|62|63|64|67|68|73|90|94,2020|2021|2022|2023|2024|2025|2026,0,0,미확보,미확보,2025|2026,progression_pending_publication,estimated,estimated,available,2026,available,2026,available,2026,available,2026
B000011442,강남영상미디어고등학교,고등학교,강화군,명칭상 불일치 없음,2026-03-20,확장 분석,available,4,weighted_trend_lightgbm,강화군,available,16,geocoded_observations_only,152,31,0|08|09|10|16|17|18|20|21|22|24|30|34|35|38|43|44|51|55|56|58|59|61|62|63|64|67|68|73|90|94,2020|2021|2022|2023|2024|2025|2026,0,0,미확보,미확보,2025|2026,progression_pending_publication,estimated,estimated,available,2026,available,2026,available,2026,available,2026
B000011443,산마을고등학교,고등학교,강화군,명칭상 불일치 없음,2026-03-20,확장 분석,available,4,weighted_trend_lightgbm,강화군,available,5,geocoded_observations_only,132,31,0|08|09|10|16|17|18|20|21|22|24|30|34|35|38|43|44|51|55|56|58|59|61|62|63|64|67|68|73|90|94,2020|2021|2022|2023|2024|2025|2026,0,3,미확보,미확보,2025|2026,progression_pending_publication,missing_age_observations,estimated,available,2026,available,2026,available,2026,available,2026
B000011827,인천해사고등학교,고등학교,중구,명칭상 불일치 없음,2026-03-20,확장 분석,available,4,weighted_trend_lightgbm,중구,available,12,geocoded_observations_only,191,31,0|08|09|10|16|17|18|20|21|22|24|30|34|35|38|43|44|51|55|56|58|59|61|62|63|64|67|68|73|90|94,2020|2021|2022|2023|2024|2025|2026,0,0,미확보,미확보,2025|2026,progression_pending_publication,estimated,estimated,available,2026,available,2026,available,2026,available,2026
B000011828,인천과학고등학교,고등학교,중구,명칭상 불일치 없음,2026-03-20,확장 분석,available,4,weighted_trend_lightgbm,중구,available,38,geocoded_observations_only,173,31,0|08|09|10|16|17|18|20|21|22|24|30|34|35|38|43|44|51|55|56|58|59|61|62|63|64|67|68|73|90|94,2020|2021|2022|2023|2024|2025|2026,15,5,미확보,미확보,2025|2026,progression_pending_publication,estimated,estimated,available,2026,available,2026,available,2026,available,2026
B000011829,인천국제고등학교,고등학교,중구,명칭상 불일치 없음,2026-03-20,확장 분석,available,4,weighted_trend_lightgbm,중구,no_valid_route_within_search_scope,39,geocoded_observations_only,183,31,0|08|09|10|16|17|18|20|21|22|24|30|34|35|38|43|44|51|55|56|58|59|61|62|63|64|67|68|73|90|94,2020|2021|2022|2023|2024|2025|2026,0,0,미확보,미확보,2025|2026,progression_pending_publication,estimated,estimated,exempt_or_unconfirmed,2026,available,2026,available,2026,available,2026
B000011832,인천예술고등학교,고등학교,남동구,명칭상 불일치 없음,2026-03-20,확장 분석,available,4,weighted_trend_lightgbm,남동구,available,108,geocoded_observations_only,201,31,0|08|09|10|16|17|18|20|21|22|24|30|34|35|38|43|44|51|55|56|58|59|61|62|63|64|67|68|73|90|94,2020|2021|2022|2023|2024|2025|2026,0,0,미확보,미확보,2025|2026,progression_pending_publication,estimated,estimated,available,2026,available,2026,available,2026,available,2026
B000011833,미추홀외국어고등학교,고등학교,남동구,명칭상 불일치 없음,2026-03-20,확장 분석,available,4,weighted_trend_lightgbm,남동구,available,47,geocoded_observations_only,197,31,0|08|09|10|16|17|18|20|21|22|24|30|34|35|38|43|44|51|55|56|58|59|61|62|63|64|67|68|73|90|94,2020|2021|2022|2023|2024|2025|2026,0,0,미확보,미확보,2025|2026,progression_pending_publication,estimated,estimated,available,2026,available,2026,available,2026,available,2026
B000011834,인천외국어고등학교,고등학교,부평구,명칭상 불일치 없음,2026-03-20,확장 분석,available,4,weighted_trend_lightgbm,부평구,available,80,geocoded_observations_only,204,31,0|08|09|10|16|17|18|20|21|22|24|30|34|35|38|43|44|51|55|56|58|59|61|62|63|64|67|68|73|90|94,2020|2021|2022|2023|2024|2025|2026,0,0,미확보,미확보,2025|2026,progression_pending_publication,estimated,estimated,available,2026,available,2026,available,2026,available,2026
B000012228,제물포고등학교,고등학교,중구,명칭상 불일치 없음,2026-03-20,확장 분석,available,4,weighted_trend_lightgbm,중구,available,67,geocoded_observations_only,182,31,0|08|09|10|16|17|18|20|21|22|24|30|34|35|38|43|44|51|55|56|58|59|61|62|63|64|67|68|73|90|94,2020|2021|2022|2023|2024|2025|2026,0,0,미확보,미확보,2025|2026,progression_pending_publication,estimated,estimated,available,2026,available,2026,available,2026,available,2026
B000012229,인일여자고등학교,고등학교,중구,명칭상 불일치 없음,2026-03-20,확장 분석,available,4,weighted_trend_lightgbm,중구,available,74,geocoded_observations_only,199,31,0|08|09|10|16|17|18|20|21|22|24|30|34|35|38|43|44|51|55|56|58|59|61|62|63|64|67|68|73|90|94,2020|2021|2022|2023|2024|2025|2026,0,0,미확보,미확보,2025|2026,progression_pending_publication,estimated,estimated,available,2026,available,2026,available,2026,available,2026
B000012230,광성고등학교,고등학교,중구,명칭상 불일치 없음,2026-03-20,확장 분석,available,4,weighted_trend_lightgbm,중구,available,101,geocoded_observations_only,184,31,0|08|09|10|16|17|18|20|21|22|24|30|34|35|38|43|44|51|55|56|58|59|61|62|63|64|67|68|73|90|94,2020|2021|2022|2023|2024|2025|2026,0,0,미확보,미확보,2025|2026,progression_pending_publication,estimated,estimated,available,2026,available,2026,available,2026,available,2026
B000012231,인성여자고등학교,고등학교,중구,명칭상 불일치 없음,2026-03-20,확장 분석,available,4,weighted_trend_lightgbm,중구,available,68,geocoded_observations_only,183,31,0|08|09|10|16|17|18|20|21|22|24|30|34|35|38|43|44|51|55|56|58|59|61|62|63|64|67|68|73|90|94,2020|2021|2022|2023|2024|2025|2026,0,0,미확보,미확보,2025|2026,progression_pending_publication,estimated,estimated,available,2026,available,2026,available,2026,available,2026
B000012232,동산고등학교,고등학교,동구,명칭상 불일치 없음,2026-03-20,확장 분석,available,4,weighted_trend_lightgbm,동구,available,91,geocoded_observations_only,190,31,0|08|09|10|16|17|18|20|21|22|24|30|34|35|38|43|44|51|55|56|58|59|61|62|63|64|67|68|73|90|94,2020|2021|2022|2023|2024|2025|2026,0,0,미확보,미확보,2025|2026,progression_pending_publication,estimated,estimated,available,2026,available,2026,available,2026,available,2026
B000012234,학익고등학교,고등학교,미추홀구,명칭상 불일치 없음,2026-03-20,확장 분석,available,4,weighted_trend_lightgbm,미추홀구,available,80,geocoded_observations_only,180,31,0|08|09|10|16|17|18|20|21|22|24|30|34|35|38|43|44|51|55|56|58|59|61|62|63|64|67|68|73|90|94,2020|2021|2022|2023|2024|2025|2026,0,0,미확보,미확보,2025|2026,progression_pending_publication,estimated,estimated,available,2026,available,2026,available,2026,available,2026
B000012235,선인고등학교,고등학교,미추홀구,명칭상 불일치 없음,2026-03-20,확장 분석,available,4,weighted_trend_lightgbm,미추홀구,available,90,geocoded_observations_only,188,31,0|08|09|10|16|17|18|20|21|22|24|30|34|35|38|43|44|51|55|56|58|59|61|62|63|64|67|68|73|90|94,2020|2021|2022|2023|2024|2025|2026,0,0,미확보,미확보,2025|2026,progression_pending_publication,estimated,estimated,available,2026,available,2026,available,2026,available,2026
B000012236,인천고등학교,고등학교,미추홀구,명칭상 불일치 없음,2026-03-20,확장 분석,available,4,weighted_trend_lightgbm,미추홀구,available,99,geocoded_observations_only,198,31,0|08|09|10|16|17|18|20|21|22|24|30|34|35|38|43|44|51|55|56|58|59|61|62|63|64|67|68|73|90|94,2020|2021|2022|2023|2024|2025|2026,0,0,미확보,미확보,2025|2026,progression_pending_publication,estimated,estimated,available,2026,available,2026,available,2026,available,2026
B000012237,학익여자고등학교,고등학교,미추홀구,명칭상 불일치 없음,2026-03-20,확장 분석,available,4,weighted_trend_lightgbm,미추홀구,available,97,geocoded_observations_only,200,31,0|08|09|10|16|17|18|20|21|22|24|30|34|35|38|43|44|51|55|56|58|59|61|62|63|64|67|68|73|90|94,2020|2021|2022|2023|2024|2025|2026,0,0,미확보,미확보,2025|2026,progression_pending_publication,estimated,estimated,available,2026,available,2026,available,2026,available,2026
B000012238,인화여자고등학교,고등학교,미추홀구,명칭상 불일치 없음,2026-03-20,확장 분석,available,4,weighted_trend_lightgbm,미추홀구,available,90,geocoded_observations_only,187,31,0|08|09|10|16|17|18|20|21|22|24|30|34|35|38|43|44|51|55|56|58|59|61|62|63|64|67|68|73|90|94,2020|2021|2022|2023|2024|2025|2026,0,0,미확보,미확보,2025|2026,progression_pending_publication,estimated,estimated,available,2026,available,2026,available,2026,available,2026
B000012239,인항고등학교,고등학교,미추홀구,명칭상 불일치 없음,2026-03-20,확장 분석,available,4,weighted_trend_lightgbm,미추홀구,available,64,geocoded_observations_only,180,31,0|08|09|10|16|17|18|20|21|22|24|30|34|35|38|43|44|51|55|56|58|59|61|62|63|64|67|68|73|90|94,2020|2021|2022|2023|2024|2025|2026,0,0,미확보,미확보,2025|2026,progression_pending_publication,estimated,estimated,available,2026,available,2026,available,2026,available,2026
B000012240,인하대학교사범대학부속고등학교,고등학교,미추홀구,명칭상 불일치 없음,2026-03-20,확장 분석,available,4,weighted_trend_lightgbm,미추홀구,available,89,geocoded_observations_only,184,31,0|08|09|10|16|17|18|20|21|22|24|30|34|35|38|43|44|51|55|56|58|59|61|62|63|64|67|68|73|90|94,2020|2021|2022|2023|2024|2025|2026,0,0,미확보,미확보,2025|2026,progression_pending_publication,estimated,estimated,available,2026,available,2026,available,2026,available,2026
B000012241,인명여자고등학교,고등학교,미추홀구,명칭상 불일치 없음,2026-03-20,확장 분석,available,4,weighted_trend_lightgbm,미추홀구,available,77,geocoded_observations_only,204,31,0|08|09|10|16|17|18|20|21|22|24|30|34|35|38|43|44|51|55|56|58|59|61|62|63|64|67|68|73|90|94,2020|2021|2022|2023|2024|2025|2026,0,0,미확보,미확보,2025|2026,progression_pending_publication,estimated,estimated,available,2026,available,2026,available,2026,available,2026
B000012242,연수고등학교,고등학교,연수구,명칭상 불일치 없음,2026-03-20,확장 분석,available,4,weighted_trend_lightgbm,연수구,available,88,geocoded_observations_only,213,31,0|08|09|10|16|17|18|20|21|22|24|30|34|35|38|43|44|51|55|56|58|59|61|62|63|64|67|68|73|90|94,2020|2021|2022|2023|2024|2025|2026,0,0,미확보,미확보,2025|2026,progression_pending_publication,estimated,estimated,exempt_or_unconfirmed,2026,available,2026,available,2026,available,2026
B000012243,인천여자고등학교,고등학교,연수구,명칭상 불일치 없음,2026-03-20,확장 분석,available,4,weighted_trend_lightgbm,연수구,available,71,geocoded_observations_only,208,31,0|08|09|10|16|17|18|20|21|22|24|30|34|35|38|43|44|51|55|56|58|59|61|62|63|64|67|68|73|90|94,2020|2021|2022|2023|2024|2025|2026,0,0,미확보,미확보,2025|2026,progression_pending_publication,estimated,estimated,available,2026,available,2026,available,2026,available,2026
B000012244,연수여자고등학교,고등학교,연수구,명칭상 불일치 없음,2026-03-20,확장 분석,available,4,weighted_trend_lightgbm,연수구,available,95,geocoded_observations_only,215,31,0|08|09|10|16|17|18|20|21|22|24|30|34|35|38|43|44|51|55|56|58|59|61|62|63|64|67|68|73|90|94,2020|2021|2022|2023|2024|2025|2026,0,0,미확보,미확보,2025|2026,progression_pending_publication,estimated,estimated,available,2026,available,2026,available,2026,available,2026
B000012245,옥련여자고등학교,고등학교,연수구,명칭상 불일치 없음,2026-03-20,확장 분석,available,4,weighted_trend_lightgbm,연수구,available,65,geocoded_observations_only,202,31,0|08|09|10|16|17|18|20|21|22|24|30|34|35|38|43|44|51|55|56|58|59|61|62|63|64|67|68|73|90|94,2020|2021|2022|2023|2024|2025|2026,0,0,미확보,미확보,2025|2026,progression_pending_publication,estimated,estimated,available,2026,available,2026,available,2026,available,2026
B000012246,인천해송고등학교,고등학교,연수구,명칭상 불일치 없음,2026-03-20,확장 분석,available,4,weighted_trend_lightgbm,연수구,available,59,geocoded_observations_only,194,31,0|08|09|10|16|17|18|20|21|22|24|30|34|35|38|43|44|51|55|56|58|59|61|62|63|64|67|68|73|90|94,2020|2021|2022|2023|2024|2025|2026,0,0,미확보,미확보,2025|2026,progression_pending_publication,estimated,estimated,available,2026,available,2026,available,2026,available,2026
B000012247,신송고등학교,고등학교,연수구,명칭상 불일치 없음,2026-03-20,확장 분석,available,4,weighted_trend_lightgbm,연수구,available,66,geocoded_observations_only,198,31,0|08|09|10|16|17|18|20|21|22|24|30|34|35|38|43|44|51|55|56|58|59|61|62|63|64|67|68|73|90|94,2020|2021|2022|2023|2024|2025|2026,0,2,미확보,미확보,2025|2026,progression_pending_publication,estimated,estimated,exempt_or_unconfirmed,2026,available,2026,available,2026,available,2026
B000012248,송도고등학교,고등학교,연수구,명칭상 불일치 없음,2026-03-20,확장 분석,available,4,weighted_trend_lightgbm,연수구,available,50,geocoded_observations_only,206,31,0|08|09|10|16|17|18|20|21|22|24|30|34|35|38|43|44|51|55|56|58|59|61|62|63|64|67|68|73|90|94,2020|2021|2022|2023|2024|2025|2026,0,0,미확보,미확보,2025|2026,progression_pending_publication,estimated,estimated,available,2026,available,2026,available,2026,available,2026
B000012249,인천대건고등학교,고등학교,연수구,명칭상 불일치 없음,2026-03-20,확장 분석,available,4,weighted_trend_lightgbm,연수구,available,68,geocoded_observations_only,200,31,0|08|09|10|16|17|18|20|21|22|24|30|34|35|38|43|44|51|55|56|58|59|61|62|63|64|67|68|73|90|94,2020|2021|2022|2023|2024|2025|2026,0,0,미확보,미확보,2025|2026,progression_pending_publication,estimated,estimated,available,2026,available,2026,available,2026,available,2026
B000012250,인천남고등학교,고등학교,남동구,명칭상 불일치 없음,2026-03-20,확장 분석,available,4,weighted_trend_lightgbm,남동구,available,92,geocoded_observations_only,188,31,0|08|09|10|16|17|18|20|21|22|24|30|34|35|38|43|44|51|55|56|58|59|61|62|63|64|67|68|73|90|94,2020|2021|2022|2023|2024|2025|2026,1,0,미확보,미확보,2025|2026,progression_pending_publication,estimated,estimated,available,2026,available,2026,available,2026,available,2026
B000012251,인천만수고등학교,고등학교,남동구,명칭상 불일치 없음,2026-03-20,확장 분석,available,4,weighted_trend_lightgbm,남동구,no_valid_route_within_search_scope,64,geocoded_observations_only,191,31,0|08|09|10|16|17|18|20|21|22|24|30|34|35|38|43|44|51|55|56|58|59|61|62|63|64|67|68|73|90|94,2020|2021|2022|2023|2024|2025|2026,1,0,미확보,미확보,2025|2026,progression_pending_publication,estimated,estimated,available,2026,available,2026,available,2026,available,2026
B000012253,인천송천고등학교,고등학교,남동구,명칭상 불일치 없음,2026-03-20,확장 분석,available,4,weighted_trend_lightgbm,남동구,available,73,geocoded_observations_only,191,31,0|08|09|10|16|17|18|20|21|22|24|30|34|35|38|43|44|51|55|56|58|59|61|62|63|64|67|68|73|90|94,2020|2021|2022|2023|2024|2025|2026,0,0,미확보,미확보,2025|2026,progression_pending_publication,estimated,estimated,available,2026,available,2026,available,2026,available,2026
B000012254,인천남동고등학교,고등학교,남동구,명칭상 불일치 없음,2026-03-20,확장 분석,available,4,weighted_trend_lightgbm,남동구,available,83,geocoded_observations_only,198,31,0|08|09|10|16|17|18|20|21|22|24|30|34|35|38|43|44|51|55|56|58|59|61|62|63|64|67|68|73|90|94,2020|2021|2022|2023|2024|2025|2026,0,0,미확보,미확보,2025|2026,progression_pending_publication,estimated,estimated,available,2026,available,2026,available,2026,available,2026
B000012255,석정여자고등학교,고등학교,남동구,명칭상 불일치 없음,2026-03-20,확장 분석,available,4,weighted_trend_lightgbm,남동구,available,84,geocoded_observations_only,198,31,0|08|09|10|16|17|18|20|21|22|24|30|34|35|38|43|44|51|55|56|58|59|61|62|63|64|67|68|73|90|94,2020|2021|2022|2023|2024|2025|2026,0,0,미확보,미확보,2025|2026,progression_pending_publication,estimated,estimated,available,2026,available,2026,available,2026,available,2026
B000012256,인천고잔고등학교,고등학교,남동구,명칭상 불일치 없음,2026-03-20,확장 분석,available,4,weighted_trend_lightgbm,남동구,available,45,geocoded_observations_only,190,31,0|08|09|10|16|17|18|20|21|22|24|30|34|35|38|43|44|51|55|56|58|59|61|62|63|64|67|68|73|90|94,2020|2021|2022|2023|2024|2025|2026,0,0,미확보,미확보,2025|2026,progression_pending_publication,estimated,estimated,available,2026,available,2026,available,2026,available,2026
B000012257,인천논현고등학교,고등학교,남동구,명칭상 불일치 없음,2026-03-20,확장 분석,available,4,weighted_trend_lightgbm,남동구,available,84,geocoded_observations_only,190,31,0|08|09|10|16|17|18|20|21|22|24|30|34|35|38|43|44|51|55|56|58|59|61|62|63|64|67|68|73|90|94,2020|2021|2022|2023|2024|2025|2026,0,0,미확보,미확보,2025|2026,progression_pending_publication,estimated,estimated,available,2026,available,2026,available,2026,available,2026
B000012258,인제고등학교,고등학교,남동구,명칭상 불일치 없음,2026-03-20,확장 분석,available,4,weighted_trend_lightgbm,남동구,available,101,geocoded_observations_only,196,31,0|08|09|10|16|17|18|20|21|22|24|30|34|35|38|43|44|51|55|56|58|59|61|62|63|64|67|68|73|90|94,2020|2021|2022|2023|2024|2025|2026,0,0,미확보,미확보,2025|2026,progression_pending_publication,estimated,estimated,available,2026,available,2026,available,2026,available,2026
B000012259,신명여자고등학교,고등학교,남동구,명칭상 불일치 없음,2026-03-20,확장 분석,available,4,weighted_trend_lightgbm,남동구,available,79,geocoded_observations_only,186,31,0|08|09|10|16|17|18|20|21|22|24|30|34|35|38|43|44|51|55|56|58|59|61|62|63|64|67|68|73|90|94,2020|2021|2022|2023|2024|2025|2026,0,0,미확보,미확보,2025|2026,progression_pending_publication,estimated,estimated,available,2026,available,2026,available,2026,available,2026
B000012260,숭덕여자고등학교,고등학교,남동구,명칭상 불일치 없음,2026-03-20,확장 분석,available,4,weighted_trend_lightgbm,남동구,available,62,geocoded_observations_only,206,31,0|08|09|10|16|17|18|20|21|22|24|30|34|35|38|43|44|51|55|56|58|59|61|62|63|64|67|68|73|90|94,2020|2021|2022|2023|2024|2025|2026,0,0,미확보,미확보,2025|2026,progression_pending_publication,missing_age_observations,estimated,available,2026,available,2026,available,2026,available,2026
B000012261,문일여자고등학교,고등학교,남동구,명칭상 불일치 없음,2026-03-20,확장 분석,available,4,weighted_trend_lightgbm,남동구,available,105,geocoded_observations_only,204,31,0|08|09|10|16|17|18|20|21|22|24|30|34|35|38|43|44|51|55|56|58|59|61|62|63|64|67|68|73|90|94,2020|2021|2022|2023|2024|2025|2026,0,0,미확보,미확보,2025|2026,progression_pending_publication,estimated,estimated,available,2026,available,2026,available,2026,available,2026
B000012262,부평고등학교,고등학교,부평구,명칭상 불일치 없음,2026-03-20,확장 분석,available,4,weighted_trend_lightgbm,부평구,available,112,geocoded_observations_only,187,31,0|08|09|10|16|17|18|20|21|22|24|30|34|35|38|43|44|51|55|56|58|59|61|62|63|64|67|68|73|90|94,2020|2021|2022|2023|2024|2025|2026,0,1,미확보,미확보,2025|2026,progression_pending_publication,estimated,estimated,available,2026,available,2026,available,2026,available,2026
B000012263,부광고등학교,고등학교,부평구,명칭상 불일치 없음,2026-03-20,확장 분석,available,4,weighted_trend_lightgbm,부평구,available,95,geocoded_observations_only,185,31,0|08|09|10|16|17|18|20|21|22|24|30|34|35|38|43|44|51|55|56|58|59|61|62|63|64|67|68|73|90|94,2020|2021|2022|2023|2024|2025|2026,0,0,미확보,미확보,2025|2026,progression_pending_publication,estimated,estimated,available,2026,available,2026,available,2026,available,2026
B000012264,인천상정고등학교,고등학교,부평구,명칭상 불일치 없음,2026-03-20,확장 분석,available,4,weighted_trend_lightgbm,부평구,available,83,geocoded_observations_only,185,31,0|08|09|10|16|17|18|20|21|22|24|30|34|35|38|43|44|51|55|56|58|59|61|62|63|64|67|68|73|90|94,2020|2021|2022|2023|2024|2025|2026,0,0,미확보,미확보,2025|2026,progression_pending_publication,estimated,estimated,available,2026,available,2026,available,2026,available,2026
B000012265,부개여자고등학교,고등학교,부평구,명칭상 불일치 없음,2026-03-20,확장 분석,available,4,weighted_trend_lightgbm,부평구,available,71,geocoded_observations_only,183,31,0|08|09|10|16|17|18|20|21|22|24|30|34|35|38|43|44|51|55|56|58|59|61|62|63|64|67|68|73|90|94,2020|2021|2022|2023|2024|2025|2026,0,0,미확보,미확보,2025|2026,progression_pending_publication,estimated,estimated,available,2026,available,2026,available,2026,available,2026
B000012266,부광여자고등학교,고등학교,부평구,명칭상 불일치 없음,2026-03-20,확장 분석,available,4,weighted_trend_lightgbm,부평구,available,94,geocoded_observations_only,183,31,0|08|09|10|16|17|18|20|21|22|24|30|34|35|38|43|44|51|55|56|58|59|61|62|63|64|67|68|73|90|94,2020|2021|2022|2023|2024|2025|2026,0,0,미확보,미확보,2025|2026,progression_pending_publication,estimated,estimated,available,2026,available,2026,available,2026,available,2026
B000012267,부평여자고등학교,고등학교,부평구,명칭상 불일치 없음,2026-03-20,확장 분석,available,4,weighted_trend_lightgbm,부평구,available,109,geocoded_observations_only,183,31,0|08|09|10|16|17|18|20|21|22|24|30|34|35|38|43|44|51|55|56|58|59|61|62|63|64|67|68|73|90|94,2020|2021|2022|2023|2024|2025|2026,0,0,미확보,미확보,2025|2026,progression_pending_publication,estimated,estimated,exempt_or_unconfirmed,2026,available,2026,available,2026,available,2026
B000012268,인천산곡고등학교,고등학교,부평구,명칭상 불일치 없음,2026-03-20,확장 분석,available,4,weighted_trend_lightgbm,부평구,available,103,geocoded_observations_only,199,31,0|08|09|10|16|17|18|20|21|22|24|30|34|35|38|43|44|51|55|56|58|59|61|62|63|64|67|68|73|90|94,2020|2021|2022|2023|2024|2025|2026,0,0,미확보,미확보,2025|2026,progression_pending_publication,estimated,estimated,available,2026,available,2026,available,2026,available,2026
B000012269,인천진산과학고등학교,고등학교,부평구,명칭상 불일치 없음,2026-03-20,확장 분석,available,4,weighted_trend_lightgbm,부평구,available,71,geocoded_observations_only,174,31,0|08|09|10|16|17|18|20|21|22|24|30|34|35|38|43|44|51|55|56|58|59|61|62|63|64|67|68|73|90|94,2020|2021|2022|2023|2024|2025|2026,16,4,미확보,미확보,2025|2026,progression_pending_publication,estimated,estimated,available,2026,available,2026,available,2026,available,2026
B000012270,인천부흥고등학교,고등학교,부평구,명칭상 불일치 없음,2026-03-20,확장 분석,available,4,weighted_trend_lightgbm,부평구,available,86,geocoded_observations_only,190,31,0|08|09|10|16|17|18|20|21|22|24|30|34|35|38|43|44|51|55|56|58|59|61|62|63|64|67|68|73|90|94,2020|2021|2022|2023|2024|2025|2026,0,0,미확보,미확보,2025|2026,progression_pending_publication,estimated,estimated,available,2026,available,2026,available,2026,available,2026
B000012271,부개고등학교,고등학교,부평구,명칭상 불일치 없음,2026-03-20,확장 분석,available,4,weighted_trend_lightgbm,부평구,available,81,geocoded_observations_only,190,31,0|08|09|10|16|17|18|20|21|22|24|30|34|35|38|43|44|51|55|56|58|59|61|62|63|64|67|68|73|90|94,2020|2021|2022|2023|2024|2025|2026,0,0,미확보,미확보,2025|2026,progression_pending_publication,estimated,estimated,available,2026,available,2026,available,2026,available,2026
B000012272,삼산고등학교,고등학교,부평구,명칭상 불일치 없음,2026-03-20,확장 분석,available,4,weighted_trend_lightgbm,부평구,available,68,geocoded_observations_only,201,31,0|08|09|10|16|17|18|20|21|22|24|30|34|35|38|43|44|51|55|56|58|59|61|62|63|64|67|68|73|90|94,2020|2021|2022|2023|2024|2025|2026,0,0,미확보,미확보,2025|2026,progression_pending_publication,estimated,estimated,available,2026,available,2026,available,2026,available,2026
B000012273,인천영선고등학교,고등학교,부평구,명칭상 불일치 없음,2026-03-20,확장 분석,available,4,weighted_trend_lightgbm,부평구,available,73,geocoded_observations_only,200,31,0|08|09|10|16|17|18|20|21|22|24|30|34|35|38|43|44|51|55|56|58|59|61|62|63|64|67|68|73|90|94,2020|2021|2022|2023|2024|2025|2026,0,0,미확보,미확보,2025|2026,progression_pending_publication,estimated,estimated,available,2026,available,2026,available,2026,available,2026
B000012274,세일고등학교,고등학교,부평구,명칭상 불일치 없음,2026-03-20,확장 분석,available,4,weighted_trend_lightgbm,부평구,available,81,geocoded_observations_only,187,31,0|08|09|10|16|17|18|20|21|22|24|30|34|35|38|43|44|51|55|56|58|59|61|62|63|64|67|68|73|90|94,2020|2021|2022|2023|2024|2025|2026,0,0,미확보,미확보,2025|2026,progression_pending_publication,estimated,estimated,available,2026,available,2026,available,2026,available,2026
B000012275,제일고등학교,고등학교,부평구,명칭상 불일치 없음,2026-03-20,확장 분석,available,4,weighted_trend_lightgbm,부평구,available,82,geocoded_observations_only,188,31,0|08|09|10|16|17|18|20|21|22|24|30|34|35|38|43|44|51|55|56|58|59|61|62|63|64|67|68|73|90|94,2020|2021|2022|2023|2024|2025|2026,0,0,미확보,미확보,2025|2026,progression_pending_publication,estimated,estimated,available,2026,available,2026,available,2026,available,2026
B000012276,명신여자고등학교,고등학교,부평구,명칭상 불일치 없음,2026-03-20,확장 분석,available,4,weighted_trend_lightgbm,부평구,available,81,geocoded_observations_only,188,31,0|08|09|10|16|17|18|20|21|22|24|30|34|35|38|43|44|51|55|56|58|59|61|62|63|64|67|68|73|90|94,2020|2021|2022|2023|2024|2025|2026,0,0,미확보,미확보,2025|2026,progression_pending_publication,estimated,estimated,available,2026,available,2026,available,2026,available,2026
B000012277,계양고등학교,고등학교,계양구,명칭상 불일치 없음,2026-03-20,확장 분석,available,4,weighted_trend_lightgbm,계양구,available,76,geocoded_observations_only,178,31,0|08|09|10|16|17|18|20|21|22|24|30|34|35|38|43|44|51|55|56|58|59|61|62|63|64|67|68|73|90|94,2020|2021|2022|2023|2024|2025|2026,2,0,미확보,미확보,2025|2026,progression_pending_publication,estimated,estimated,available,2026,available,2026,available,2026,available,2026
B000012278,계산고등학교,고등학교,계양구,명칭상 불일치 없음,2026-03-20,확장 분석,available,4,weighted_trend_lightgbm,계양구,available,88,geocoded_observations_only,179,31,0|08|09|10|16|17|18|20|21|22|24|30|34|35|38|43|44|51|55|56|58|59|61|62|63|64|67|68|73|90|94,2020|2021|2022|2023|2024|2025|2026,0,0,미확보,미확보,2025|2026,progression_pending_publication,estimated,estimated,available,2026,available,2026,available,2026,available,2026
B000012279,작전고등학교,고등학교,계양구,명칭상 불일치 없음,2026-03-20,확장 분석,available,4,weighted_trend_lightgbm,계양구,available,108,geocoded_observations_only,180,31,0|08|09|10|16|17|18|20|21|22|24|30|34|35|38|43|44|51|55|56|58|59|61|62|63|64|67|68|73|90|94,2020|2021|2022|2023|2024|2025|2026,0,0,미확보,미확보,2025|2026,progression_pending_publication,estimated,estimated,exempt_or_unconfirmed,2026,available,2026,available,2026,available,2026
B000012280,계산여자고등학교,고등학교,계양구,명칭상 불일치 없음,2026-03-20,확장 분석,available,4,weighted_trend_lightgbm,계양구,available,85,geocoded_observations_only,182,31,0|08|09|10|16|17|18|20|21|22|24|30|34|35|38|43|44|51|55|56|58|59|61|62|63|64|67|68|73|90|94,2020|2021|2022|2023|2024|2025|2026,0,0,미확보,미확보,2025|2026,progression_pending_publication,estimated,estimated,available,2026,available,2026,available,2026,available,2026
B000012281,인천세원고등학교,고등학교,계양구,명칭상 불일치 없음,2026-03-20,확장 분석,available,4,weighted_trend_lightgbm,계양구,available,60,geocoded_observations_only,184,31,0|08|09|10|16|17|18|20|21|22|24|30|34|35|38|43|44|51|55|56|58|59|61|62|63|64|67|68|73|90|94,2020|2021|2022|2023|2024|2025|2026,0,0,미확보,미확보,2025|2026,progression_pending_publication,estimated,estimated,available,2026,available,2026,available,2026,available,2026
B000012282,작전여자고등학교,고등학교,계양구,명칭상 불일치 없음,2026-03-20,확장 분석,available,4,weighted_trend_lightgbm,계양구,available,103,geocoded_observations_only,191,31,0|08|09|10|16|17|18|20|21|22|24|30|34|35|38|43|44|51|55|56|58|59|61|62|63|64|67|68|73|90|94,2020|2021|2022|2023|2024|2025|2026,0,0,미확보,미확보,2025|2026,progression_pending_publication,estimated,estimated,exempt_or_unconfirmed,2026,available,2026,available,2026,available,2026
B000012283,인천효성고등학교,고등학교,계양구,명칭상 불일치 없음,2026-03-20,확장 분석,available,4,weighted_trend_lightgbm,계양구,available,88,geocoded_observations_only,198,31,0|08|09|10|16|17|18|20|21|22|24|30|34|35|38|43|44|51|55|56|58|59|61|62|63|64|67|68|73|90|94,2020|2021|2022|2023|2024|2025|2026,0,0,미확보,미확보,2025|2026,progression_pending_publication,estimated,estimated,available,2026,available,2026,available,2026,available,2026
B000012284,서운고등학교,고등학교,계양구,명칭상 불일치 없음,2026-03-20,확장 분석,available,4,weighted_trend_lightgbm,계양구,available,72,geocoded_observations_only,199,31,0|08|09|10|16|17|18|20|21|22|24|30|34|35|38|43|44|51|55|56|58|59|61|62|63|64|67|68|73|90|94,2020|2021|2022|2023|2024|2025|2026,0,0,미확보,미확보,2025|2026,progression_pending_publication,estimated,estimated,exempt_or_unconfirmed,2026,available,2026,available,2026,available,2026
B000012285,안남고등학교,고등학교,계양구,명칭상 불일치 없음,2026-03-20,확장 분석,available,4,weighted_trend_lightgbm,계양구,available,92,geocoded_observations_only,192,31,0|08|09|10|16|17|18|20|21|22|24|30|34|35|38|43|44|51|55|56|58|59|61|62|63|64|67|68|73|90|94,2020|2021|2022|2023|2024|2025|2026,0,0,미확보,미확보,2025|2026,progression_pending_publication,estimated,estimated,exempt_or_unconfirmed,2026,available,2026,available,2026,available,2026
B000012286,인천청라고등학교,고등학교,서구,명칭상 불일치 없음,2026-03-20,확장 분석,available,4,weighted_trend_lightgbm,서구,available,79,geocoded_observations_only,196,31,0|08|09|10|16|17|18|20|21|22|24|30|34|35|38|43|44|51|55|56|58|59|61|62|63|64|67|68|73|90|94,2020|2021|2022|2023|2024|2025|2026,1,0,미확보,미확보,2025|2026,progression_pending_publication,estimated,estimated,exempt_or_unconfirmed,2026,available,2026,available,2026,available,2026
B000012287,인천초은고등학교,고등학교,서구,명칭상 불일치 없음,2026-03-20,확장 분석,available,4,weighted_trend_lightgbm,서구,available,83,geocoded_observations_only,205,31,0|08|09|10|16|17|18|20|21|22|24|30|34|35|38|43|44|51|55|56|58|59|61|62|63|64|67|68|73|90|94,2020|2021|2022|2023|2024|2025|2026,0,0,미확보,미확보,2025|2026,progression_pending_publication,estimated,estimated,available,2026,available,2026,available,2026,available,2026
B000012288,백석고등학교,고등학교,서구,명칭상 불일치 없음,2026-03-20,확장 분석,available,4,weighted_trend_lightgbm,서구,available,36,geocoded_observations_only,214,31,0|08|09|10|16|17|18|20|21|22|24|30|34|35|38|43|44|51|55|56|58|59|61|62|63|64|67|68|73|90|94,2020|2021|2022|2023|2024|2025|2026,0,0,미확보,미확보,2025|2026,progression_pending_publication,estimated,estimated,available,2026,available,2026,available,2026,available,2026
B000012289,가정고등학교,고등학교,서구,명칭상 불일치 없음,2026-03-20,확장 분석,available,4,weighted_trend_lightgbm,서구,available,70,geocoded_observations_only,219,31,0|08|09|10|16|17|18|20|21|22|24|30|34|35|38|43|44|51|55|56|58|59|61|62|63|64|67|68|73|90|94,2020|2021|2022|2023|2024|2025|2026,0,0,미확보,미확보,2025|2026,progression_pending_publication,estimated,estimated,available,2026,available,2026,available,2026,available,2026
B000012290,가림고등학교,고등학교,서구,명칭상 불일치 없음,2026-03-20,확장 분석,available,4,weighted_trend_lightgbm,서구,available,71,geocoded_observations_only,202,31,0|08|09|10|16|17|18|20|21|22|24|30|34|35|38|43|44|51|55|56|58|59|61|62|63|64|67|68|73|90|94,2020|2021|2022|2023|2024|2025|2026,0,0,미확보,미확보,2025|2026,progression_pending_publication,estimated,estimated,available,2026,available,2026,available,2026,available,2026
B000012291,가좌고등학교,고등학교,서구,명칭상 불일치 없음,2026-03-20,확장 분석,available,4,weighted_trend_lightgbm,서구,available,64,geocoded_observations_only,207,31,0|08|09|10|16|17|18|20|21|22|24|30|34|35|38|43|44|51|55|56|58|59|61|62|63|64|67|68|73|90|94,2020|2021|2022|2023|2024|2025|2026,0,0,미확보,미확보,2025|2026,progression_pending_publication,estimated,estimated,available,2026,available,2026,available,2026,available,2026
B000012292,검단고등학교,고등학교,서구,명칭상 불일치 없음,2026-03-20,확장 분석,available,4,weighted_trend_lightgbm,서구,available,68,geocoded_observations_only,192,31,0|08|09|10|16|17|18|20|21|22|24|30|34|35|38|43|44|51|55|56|58|59|61|62|63|64|67|68|73|90|94,2020|2021|2022|2023|2024|2025|2026,0,0,미확보,미확보,2025|2026,progression_pending_publication,estimated,estimated,available,2026,available,2026,available,2026,available,2026
B000012293,인천원당고등학교,고등학교,서구,명칭상 불일치 없음,2026-03-20,확장 분석,available,4,weighted_trend_lightgbm,서구,available,84,geocoded_observations_only,207,31,0|08|09|10|16|17|18|20|21|22|24|30|34|35|38|43|44|51|55|56|58|59|61|62|63|64|67|68|73|90|94,2020|2021|2022|2023|2024|2025|2026,1,0,미확보,미확보,2025|2026,progression_pending_publication,estimated,estimated,available,2026,available,2026,available,2026,available,2026
B000012294,대인고등학교,고등학교,서구,명칭상 불일치 없음,2026-03-20,확장 분석,available,4,weighted_trend_lightgbm,서구,available,66,geocoded_observations_only,196,31,0|08|09|10|16|17|18|20|21|22|24|30|34|35|38|43|44|51|55|56|58|59|61|62|63|64|67|68|73|90|94,2020|2021|2022|2023|2024|2025|2026,0,0,미확보,미확보,2025|2026,progression_pending_publication,estimated,estimated,available,2026,available,2026,available,2026,available,2026
B000012295,서인천고등학교,고등학교,서구,명칭상 불일치 없음,2026-03-20,확장 분석,available,4,weighted_trend_lightgbm,서구,available,57,geocoded_observations_only,202,31,0|08|09|10|16|17|18|20|21|22|24|30|34|35|38|43|44|51|55|56|58|59|61|62|63|64|67|68|73|90|94,2020|2021|2022|2023|2024|2025|2026,0,0,미확보,미확보,2025|2026,progression_pending_publication,estimated,estimated,available,2026,available,2026,available,2026,available,2026
B000012296,강화고등학교,고등학교,강화군,명칭상 불일치 없음,2026-03-20,확장 분석,available,4,weighted_trend_lightgbm,강화군,available,41,geocoded_observations_only,186,31,0|08|09|10|16|17|18|20|21|22|24|30|34|35|38|43|44|51|55|56|58|59|61|62|63|64|67|68|73|90|94,2020|2021|2022|2023|2024|2025|2026,0,0,미확보,미확보,2025|2026,progression_pending_publication,estimated,estimated,available,2026,available,2026,available,2026,available,2026
B000012297,강화여자고등학교,고등학교,강화군,명칭상 불일치 없음,2026-03-20,확장 분석,available,4,weighted_trend_lightgbm,강화군,available,50,geocoded_observations_only,184,31,0|08|09|10|16|17|18|20|21|22|24|30|34|35|38|43|44|51|55|56|58|59|61|62|63|64|67|68|73|90|94,2020|2021|2022|2023|2024|2025|2026,0,0,미확보,미확보,2025|2026,progression_pending_publication,estimated,estimated,available,2026,available,2026,available,2026,available,2026
B000012298,교동고등학교,고등학교,강화군,명칭상 불일치 없음,2026-03-20,확장 분석,available,4,weighted_trend_lightgbm,강화군,no_valid_route_within_search_scope,17,geocoded_observations_only,133,31,0|08|09|10|16|17|18|20|21|22|24|30|34|35|38|43|44|51|55|56|58|59|61|62|63|64|67|68|73|90|94,2020|2021|2022|2023|2024|2025|2026,0,0,미확보,미확보,2025|2026,progression_pending_publication,estimated,estimated,available,2026,available,2026,available,2026,available,2026
B000012299,서도고등학교,고등학교,강화군,명칭상 불일치 없음,2026-03-20,확장 분석,available,4,weighted_trend_lightgbm,강화군,no_valid_route_within_search_scope,5,geocoded_observations_only,110,31,0|08|09|10|16|17|18|20|21|22|24|30|34|35|38|43|44|51|55|56|58|59|61|62|63|64|67|68|73|90|94,2020|2021|2022|2023|2024|2025|2026,0,0,미확보,미확보,2025|2026,progression_pending_publication,estimated,estimated,available,2026,available,2026,available,2026,available,2026
B000012300,덕신고등학교,고등학교,강화군,명칭상 불일치 없음,2026-03-20,확장 분석,available,4,weighted_trend_lightgbm,강화군,available,43,geocoded_observations_only,165,31,0|08|09|10|16|17|18|20|21|22|24|30|34|35|38|43|44|51|55|56|58|59|61|62|63|64|67|68|73|90|94,2020|2021|2022|2023|2024|2025|2026,0,0,미확보,미확보,2025|2026,progression_pending_publication,estimated,estimated,available,2026,available,2026,available,2026,available,2026
B000012301,한국글로벌셰프고등학교,고등학교,강화군,명칭상 불일치 없음,2026-03-20,확장 분석,available,4,weighted_trend_lightgbm,강화군,no_valid_route_within_search_scope,18,geocoded_observations_only,161,31,0|08|09|10|16|17|18|20|21|22|24|30|34|35|38|43|44|51|55|56|58|59|61|62|63|64|67|68|73|90|94,2020|2021|2022|2023|2024|2025|2026,0,0,미확보,미확보,2025|2026,progression_pending_publication,missing_age_observations,estimated,available,2026,available,2026,available,2026,available,2026
B000012302,인천영흥고등학교,고등학교,옹진군,명칭상 불일치 없음,2026-03-20,확장 분석,available,4,weighted_trend_lightgbm,옹진군,no_valid_route_within_search_scope,12,geocoded_observations_only,146,31,0|08|09|10|16|17|18|20|21|22|24|30|34|35|38|43|44|51|55|56|58|59|61|62|63|64|67|68|73|90|94,2020|2021|2022|2023|2024|2025|2026,0,0,미확보,미확보,2025|2026,progression_pending_publication,estimated,estimated,available,2026,available,2026,available,2026,available,2026
B000012303,연평고등학교,고등학교,옹진군,명칭상 불일치 없음,2026-03-20,확장 분석,available,4,weighted_trend_lightgbm,옹진군,no_valid_route_within_search_scope,8,geocoded_observations_only,129,31,0|08|09|10|16|17|18|20|21|22|24|30|34|35|38|43|44|51|55|56|58|59|61|62|63|64|67|68|73|90|94,2020|2021|2022|2023|2024|2025|2026,0,0,미확보,미확보,2025|2026,progression_pending_publication,missing_age_observations,estimated,available,2026,available,2026,available,2026,available,2026
B000012304,대청고등학교,고등학교,옹진군,명칭상 불일치 없음,2026-03-20,확장 분석,available,4,weighted_trend_lightgbm,옹진군,no_valid_route_within_search_scope,11,geocoded_observations_only,129,31,0|08|09|10|16|17|18|20|21|22|24|30|34|35|38|43|44|51|55|56|58|59|61|62|63|64|67|68|73|90|94,2020|2021|2022|2023|2024|2025|2026,0,0,미확보,미확보,2025|2026,progression_pending_publication,missing_age_observations,missing_age_observations,available,2026,available,2026,available,2026,available,2026
B000012305,덕적고등학교,고등학교,옹진군,명칭상 불일치 없음,2026-03-20,확장 분석,available,4,weighted_trend_lightgbm,옹진군,no_valid_route_within_search_scope,10,geocoded_observations_only,129,31,0|08|09|10|16|17|18|20|21|22|24|30|34|35|38|43|44|51|55|56|58|59|61|62|63|64|67|68|73|90|94,2020|2021|2022|2023|2024|2025|2026,0,0,미확보,미확보,2025|2026,progression_pending_publication,estimated,estimated,available,2026,available,2026,available,2026,available,2026
B000013521,인천공항고등학교,고등학교,중구,명칭상 불일치 없음,2026-03-20,확장 분석,available,4,weighted_trend_lightgbm,중구,available,34,geocoded_observations_only,198,31,0|08|09|10|16|17|18|20|21|22|24|30|34|35|38|43|44|51|55|56|58|59|61|62|63|64|67|68|73|90|94,2020|2021|2022|2023|2024|2025|2026,0,0,미확보,미확보,2025|2026,progression_pending_publication,estimated,estimated,available,2026,available,2026,available,2026,available,2026
B000013522,인천하늘고등학교,고등학교,중구,명칭상 불일치 없음,2026-03-20,확장 분석,available,4,weighted_trend_lightgbm,중구,available,33,geocoded_observations_only,188,31,0|08|09|10|16|17|18|20|21|22|24|30|34|35|38|43|44|51|55|56|58|59|61|62|63|64|67|68|73|90|94,2020|2021|2022|2023|2024|2025|2026,0,0,미확보,미확보,2025|2026,progression_pending_publication,estimated,estimated,available,2026,available,2026,available,2026,available,2026
B000013523,동인천고등학교,고등학교,남동구,명칭상 불일치 없음,2026-03-20,확장 분석,available,4,weighted_trend_lightgbm,남동구,available,52,geocoded_observations_only,190,31,0|08|09|10|16|17|18|20|21|22|24|30|34|35|38|43|44|51|55|56|58|59|61|62|63|64|67|68|73|90|94,2020|2021|2022|2023|2024|2025|2026,0,0,미확보,미확보,2025|2026,progression_pending_publication,estimated,estimated,available,2026,available,2026,available,2026,available,2026
B000013524,인천예일고등학교,고등학교,계양구,명칭상 불일치 없음,2026-03-20,확장 분석,available,4,weighted_trend_lightgbm,계양구,available,60,geocoded_observations_only,198,31,0|08|09|10|16|17|18|20|21|22|24|30|34|35|38|43|44|51|55|56|58|59|61|62|63|64|67|68|73|90|94,2020|2021|2022|2023|2024|2025|2026,0,0,미확보,미확보,2025|2026,progression_pending_publication,estimated,estimated,exempt_or_unconfirmed,2026,available,2026,available,2026,available,2026
B000013525,인천신현고등학교,고등학교,서구,명칭상 불일치 없음,2026-03-20,확장 분석,available,4,weighted_trend_lightgbm,서구,available,78,geocoded_observations_only,204,31,0|08|09|10|16|17|18|20|21|22|24|30|34|35|38|43|44|51|55|56|58|59|61|62|63|64|67|68|73|90|94,2020|2021|2022|2023|2024|2025|2026,0,0,미확보,미확보,2025|2026,progression_pending_publication,estimated,estimated,available,2026,available,2026,available,2026,available,2026
B000022827,인천대중예술고등학교,고등학교,미추홀구,명칭상 불일치 없음,2026-03-20,확장 분석,available,4,weighted_trend_lightgbm,미추홀구,available,90,geocoded_observations_only,199,31,0|08|09|10|16|17|18|20|21|22|24|30|34|35|38|43|44|51|55|56|58|59|61|62|63|64|67|68|73|90|94,2020|2021|2022|2023|2024|2025|2026,0,0,미확보,미확보,2025|2026,progression_pending_publication,estimated,estimated,available,2026,available,2026,available,2026,available,2026
B000022835,인천해원고등학교,고등학교,서구,명칭상 불일치 없음,2026-03-20,확장 분석,available,4,weighted_trend_lightgbm,서구,available,58,geocoded_observations_only,209,31,0|08|09|10|16|17|18|20|21|22|24|30|34|35|38|43|44|51|55|56|58|59|61|62|63|64|67|68|73|90|94,2020|2021|2022|2023|2024|2025|2026,0,0,미확보,미확보,2025|2026,progression_pending_publication,estimated,estimated,exempt_or_unconfirmed,2026,available,2026,available,2026,available,2026
B000022837,인천체육고등학교,고등학교,서구,명칭상 불일치 없음,2026-03-20,확장 분석,available,4,weighted_trend_lightgbm,서구,available,11,geocoded_observations_only,172,31,0|08|09|10|16|17|18|20|21|22|24|30|34|35|38|43|44|51|55|56|58|59|61|62|63|64|67|68|73|90|94,2020|2021|2022|2023|2024|2025|2026,0,0,미확보,미확보,2025|2026,progression_pending_publication,estimated,estimated,exempt_or_unconfirmed,2026,available,2026,available,2026,available,2026
B000022846,백령고등학교,고등학교,옹진군,명칭상 불일치 없음,2026-03-20,확장 분석,available,4,weighted_trend_lightgbm,옹진군,no_valid_route_within_search_scope,12,geocoded_observations_only,150,31,0|08|09|10|16|17|18|20|21|22|24|30|34|35|38|43|44|51|55|56|58|59|61|62|63|64|67|68|73|90|94,2020|2021|2022|2023|2024|2025|2026,0,0,미확보,미확보,2025|2026,progression_pending_publication,missing_age_observations,missing_age_observations,available,2026,available,2026,available,2026,available,2026
B000023258,인천전자마이스터고등학교,고등학교,미추홀구,명칭상 불일치 없음,2026-03-20,확장 분석,available,4,weighted_trend_lightgbm,미추홀구,available,90,geocoded_observations_only,203,31,0|08|09|10|16|17|18|20|21|22|24|30|34|35|38|43|44|51|55|56|58|59|61|62|63|64|67|68|73|90|94,2020|2021|2022|2023|2024|2025|2026,0,0,미확보,미확보,2025|2026,progression_pending_publication,estimated,estimated,available,2026,available,2026,available,2026,available,2026
B000024855,문곡고등학교,고등학교,서구,명칭상 불일치 없음,2026-03-20,확장 분석,available,4,weighted_trend_lightgbm,서구,available,52,geocoded_observations_only,206,31,0|08|09|10|16|17|18|20|21|22|24|30|34|35|38|43|44|51|55|56|58|59|61|62|63|64|67|68|73|90|94,2020|2021|2022|2023|2024|2025|2026,0,0,미확보,미확보,2025|2026,progression_pending_publication,estimated,estimated,available,2026,available,2026,available,2026,available,2026
B000025205,도림고등학교,고등학교,남동구,명칭상 불일치 없음,2026-03-20,확장 분석,available,4,weighted_trend_lightgbm,남동구,available,38,geocoded_observations_only,193,31,0|08|09|10|16|17|18|20|21|22|24|30|34|35|38|43|44|51|55|56|58|59|61|62|63|64|67|68|73|90|94,2020|2021|2022|2023|2024|2025|2026,0,0,미확보,미확보,2025|2026,progression_pending_publication,estimated,estimated,available,2026,available,2026,available,2026,available,2026
B000025211,인천연송고등학교,고등학교,연수구,명칭상 불일치 없음,2026-03-20,확장 분석,available,4,weighted_trend_lightgbm,연수구,available,51,geocoded_observations_only,206,31,0|08|09|10|16|17|18|20|21|22|24|30|34|35|38|43|44|51|55|56|58|59|61|62|63|64|67|68|73|90|94,2020|2021|2022|2023|2024|2025|2026,0,0,미확보,미확보,2025|2026,progression_pending_publication,estimated,estimated,exempt_or_unconfirmed,2026,available,2026,available,2026,available,2026
B000025212,인천포스코고등학교,고등학교,연수구,명칭상 불일치 없음,2026-03-20,확장 분석,available,4,weighted_trend_lightgbm,연수구,available,56,geocoded_observations_only,191,31,0|08|09|10|16|17|18|20|21|22|24|30|34|35|38|43|44|51|55|56|58|59|61|62|63|64|67|68|73|90|94,2020|2021|2022|2023|2024|2025|2026,0,0,미확보,미확보,2025|2026,progression_pending_publication,estimated,estimated,available,2026,available,2026,available,2026,available,2026
B000025229,박문여자고등학교,고등학교,연수구,명칭상 불일치 없음,2026-03-20,확장 분석,available,4,weighted_trend_lightgbm,연수구,available,54,geocoded_observations_only,205,31,0|08|09|10|16|17|18|20|21|22|24|30|34|35|38|43|44|51|55|56|58|59|61|62|63|64|67|68|73|90|94,2020|2021|2022|2023|2024|2025|2026,0,0,미확보,미확보,2025|2026,progression_pending_publication,estimated,estimated,available,2026,available,2026,available,2026,available,2026
B000025234,인천과학예술영재학교,고등학교,연수구,명칭상 불일치 없음,2026-03-20,확장 분석,available,4,weighted_trend_lightgbm,연수구,available,46,geocoded_observations_only,175,31,0|08|09|10|16|17|18|20|21|22|24|30|34|35|38|43|44|51|55|56|58|59|61|62|63|64|67|68|73|90|94,2020|2021|2022|2023|2024|2025|2026,0,2,미확보,미확보,2025|2026,progression_pending_publication,estimated,estimated,available,2026,available,2026,available,2026,available,2026
B000025678,인천영종고등학교,고등학교,중구,명칭상 불일치 없음,2026-03-20,확장 분석,available,4,weighted_trend_lightgbm,중구,available,40,geocoded_observations_only,206,31,0|08|09|10|16|17|18|20|21|22|24|30|34|35|38|43|44|51|55|56|58|59|61|62|63|64|67|68|73|90|94,2020|2021|2022|2023|2024|2025|2026,0,0,미확보,미확보,2025|2026,progression_pending_publication,estimated,estimated,available,2026,available,2026,available,2026,available,2026
B000025679,인천운남고등학교,고등학교,,명칭상 불일치 없음,2026-03-20,확장 분석,available,0,insufficient_history,해당 산출물 없음,available,43,geocoded_observations_only,53,30,0|08|09|10|16|17|18|20|21|22|24|30|34|35|38|43|44|51|55|56|58|59|61|62|63|64|67|68|90|94,2026,0,0,미확보,미확보,2026,progression_pending_publication,estimated,estimated,exempt_or_unconfirmed,2026,available,2026,available,2026,exempt_or_unconfirmed,2026
B000025680,인천중산고등학교,고등학교,중구,명칭상 불일치 없음,2026-03-20,확장 분석,available,4,weighted_trend_lightgbm,중구,available,35,geocoded_observations_only,207,31,0|08|09|10|16|17|18|20|21|22|24|30|34|35|38|43|44|51|55|56|58|59|61|62|63|64|67|68|73|90|94,2021|2022|2023|2024|2025|2026,0,0,미확보,미확보,2025|2026,progression_pending_publication,estimated,estimated,available,2026,available,2026,available,2026,available,2026
B000025768,인천마전고등학교,고등학교,서구,명칭상 불일치 없음,2026-03-20,확장 분석,available,4,weighted_trend_lightgbm,서구,available,47,geocoded_observations_only,189,31,0|08|09|10|16|17|18|20|21|22|24|30|34|35|38|43|44|51|55|56|58|59|61|62|63|64|67|68|73|90|94,2020|2021|2022|2023|2024|2025|2026,0,0,미확보,미확보,2025|2026,progression_pending_publication,estimated,estimated,available,2026,available,2026,available,2026,available,2026
B000026476,인천이음고등학교,고등학교,서구,명칭상 불일치 없음,2026-03-20,확장 분석,available,4,insufficient_history,서구,available,63,geocoded_observations_only,173,31,0|08|09|10|16|17|18|20|21|22|24|30|34|35|38|43|44|51|55|56|58|59|61|62|63|64|67|68|73|90|94,2025|2026,0,0,미확보,미확보,2025|2026,progression_pending_publication,estimated,estimated,exempt_or_unconfirmed,2026,available,2026,available,2026,available,2026
B000026479,인천아라고등학교,고등학교,서구,명칭상 불일치 없음,2026-03-20,확장 분석,available,4,weighted_trend_lightgbm,서구,available,64,geocoded_observations_only,219,31,0|08|09|10|16|17|18|20|21|22|24|30|34|35|38|43|44|51|55|56|58|59|61|62|63|64|67|68|73|90|94,2022|2023|2024|2025|2026,0,0,미확보,미확보,2025|2026,progression_pending_publication,estimated,estimated,available,2026,available,2026,available,2026,available,2026
KLOCAL-000e957d3ab6431c,근산유치원,유치원,부평구,명칭상 불일치 없음,2026년 1차 공시,확장 분석,available,4,weighted_trend_lightgbm,부평구,available,71,geocoded_observations_only,44,14,KG041|KG042|KG05|KG06|KG07|KG10|KG111|KG14|KG15|KG171|KG172|KG19|KG21|KG22,2016|2017|2018|2019|2020|2021|2022|2023|2024|2025|2026,0,0,미확보,미확보,,미확보 또는 해당 학교급 아님,estimated,estimated,no_records,,no_records,,no_records,,no_records,
KLOCAL-008b28233ec0cee2,청담유치원,유치원,부평구,명칭상 불일치 없음,2026년 1차 공시,확장 분석,available,4,weighted_trend_lightgbm,부평구,available,84,geocoded_observations_only,43,14,KG041|KG042|KG05|KG06|KG07|KG10|KG111|KG14|KG15|KG171|KG172|KG19|KG21|KG22,2016|2017|2018|2019|2020|2021|2023|2024|2025|2026,0,0,미확보,미확보,,미확보 또는 해당 학교급 아님,estimated,estimated,no_records,,no_records,,no_records,,no_records,
KLOCAL-00d7d85e52a053a8,인천갈월초등학교병설유치원,유치원,부평구,명칭상 불일치 없음,2026년 1차 공시,확장 분석,available,4,weighted_trend_lightgbm,부평구,available,99,geocoded_observations_only,44,14,KG041|KG042|KG05|KG06|KG07|KG10|KG111|KG14|KG15|KG171|KG172|KG19|KG21|KG22,2016|2017|2018|2019|2020|2021|2022|2023|2024|2025|2026,0,0,미확보,미확보,,미확보 또는 해당 학교급 아님,estimated,estimated,no_records,,no_records,,no_records,,no_records,
KLOCAL-00df819b46080269,예원유치원,유치원,제물포구,명칭상 불일치 없음,2026년 1차 공시,확장 분석,available,4,weighted_trend_lightgbm,동구,available,78,geocoded_observations_only,44,14,KG041|KG042|KG05|KG06|KG07|KG10|KG111|KG14|KG15|KG171|KG172|KG19|KG21|KG22,2016|2017|2018|2019|2020|2021|2022|2023|2024|2025|2026,0,0,미확보,미확보,,미확보 또는 해당 학교급 아님,missing_age_observations,missing_age_observations,no_records,,no_records,,no_records,,no_records,
KLOCAL-01a5916f0b28e44c,인천용마초등학교병설유치원,유치원,부평구,명칭상 불일치 없음,2026년 1차 공시,확장 분석,available,4,weighted_trend_lightgbm,부평구,available,84,geocoded_observations_only,44,14,KG041|KG042|KG05|KG06|KG07|KG10|KG111|KG14|KG15|KG171|KG172|KG19|KG21|KG22,2016|2017|2018|2019|2020|2021|2022|2023|2024|2025|2026,0,0,미확보,미확보,,미확보 또는 해당 학교급 아님,estimated,estimated,no_records,,no_records,,no_records,,no_records,
KLOCAL-02221618c55c5603,인천계양초등학교병설유치원,유치원,계양구,명칭상 불일치 없음,2026년 1차 공시,확장 분석,available,4,weighted_trend_lightgbm,계양구,available,32,geocoded_observations_only,44,14,KG041|KG042|KG05|KG06|KG07|KG10|KG111|KG14|KG15|KG171|KG172|KG19|KG21|KG22,2016|2017|2018|2019|2020|2021|2022|2023|2024|2025|2026,0,0,미확보,미확보,,미확보 또는 해당 학교급 아님,missing_age_observations,missing_age_observations,no_records,,no_records,,no_records,,no_records,
KLOCAL-026d832c691d3ca0,박문유치원,유치원,제물포구,명칭상 불일치 없음,2026년 1차 공시,확장 분석,available,4,weighted_trend_lightgbm,중구,available,87,geocoded_observations_only,44,14,KG041|KG042|KG05|KG06|KG07|KG10|KG111|KG14|KG15|KG171|KG172|KG19|KG21|KG22,2016|2017|2018|2019|2020|2021|2022|2023|2024|2025|2026,0,0,미확보,미확보,,미확보 또는 해당 학교급 아님,estimated,estimated,no_records,,no_records,,no_records,,no_records,
KLOCAL-0308f9e9a9e42dfd,청원유치원,유치원,부평구,명칭상 불일치 없음,2026년 1차 공시,확장 분석,available,4,weighted_trend_lightgbm,부평구,available,98,geocoded_observations_only,44,14,KG041|KG042|KG05|KG06|KG07|KG10|KG111|KG14|KG15|KG171|KG172|KG19|KG21|KG22,2016|2017|2018|2019|2020|2021|2022|2023|2024|2025|2026,0,0,미확보,미확보,,미확보 또는 해당 학교급 아님,estimated,estimated,no_records,,no_records,,no_records,,no_records,
KLOCAL-033a97f22a8d5674,논현유치원,유치원,남동구,명칭상 불일치 없음,2026년 1차 공시,확장 분석,available,4,weighted_trend_lightgbm,남동구,available,50,geocoded_observations_only,44,14,KG041|KG042|KG05|KG06|KG07|KG10|KG111|KG14|KG15|KG171|KG172|KG19|KG21|KG22,2016|2017|2018|2019|2020|2021|2022|2023|2024|2025|2026,0,0,미확보,미확보,,미확보 또는 해당 학교급 아님,estimated,estimated,no_records,,no_records,,no_records,,no_records,
KLOCAL-036b8dcaab889693,인천부현초등학교병설유치원,유치원,계양구,명칭상 불일치 없음,2026년 1차 공시,확장 분석,available,4,weighted_trend_lightgbm,계양구,available,104,geocoded_observations_only,40,14,KG041|KG042|KG05|KG06|KG07|KG10|KG111|KG14|KG15|KG171|KG172|KG19|KG21|KG22,2020|2021|2022|2023|2024|2025|2026,0,0,미확보,미확보,,미확보 또는 해당 학교급 아님,estimated,estimated,no_records,,no_records,,no_records,,no_records,
KLOCAL-03906654ce1dfdb4,인천용현남초등학교자월분교장병설유치원,유치원,옹진군,명칭상 불일치 없음,2026년 1차 공시,확장 분석,available,4,weighted_trend_lightgbm,옹진군,no_valid_route_within_search_scope,12,geocoded_observations_only,44,14,KG041|KG042|KG05|KG06|KG07|KG10|KG111|KG14|KG15|KG171|KG172|KG19|KG21|KG22,2016|2017|2018|2019|2020|2021|2022|2023|2024|2025|2026,0,0,미확보,미확보,,미확보 또는 해당 학교급 아님,missing_age_observations,missing_age_observations,no_records,,no_records,,no_records,,no_records,
KLOCAL-03eaab4ac9dbb6a3,해승유치원,유치원,남동구,명칭상 불일치 없음,2026년 1차 공시,확장 분석,available,4,weighted_trend_lightgbm,남동구,available,88,geocoded_observations_only,44,14,KG041|KG042|KG05|KG06|KG07|KG10|KG111|KG14|KG15|KG171|KG172|KG19|KG21|KG22,2016|2017|2018|2019|2020|2021|2022|2023|2024|2025|2026,0,0,미확보,미확보,,미확보 또는 해당 학교급 아님,estimated,estimated,no_records,,no_records,,no_records,,no_records,
KLOCAL-0867a880c4b46df2,인천건지초등학교병설유치원,유치원,서해구,명칭상 불일치 없음,2026년 1차 공시,확장 분석,available,4,weighted_trend_lightgbm,서구,available,73,geocoded_observations_only,44,14,KG041|KG042|KG05|KG06|KG07|KG10|KG111|KG14|KG15|KG171|KG172|KG19|KG21|KG22,2016|2017|2018|2019|2020|2021|2022|2023|2024|2025|2026,0,0,미확보,미확보,,미확보 또는 해당 학교급 아님,estimated,estimated,no_records,,no_records,,no_records,,no_records,
KLOCAL-08917b6afd819029,송해초등학교병설유치원,유치원,강화군,명칭상 불일치 없음,2026년 1차 공시,확장 분석,available,4,weighted_trend_lightgbm,강화군,available,6,geocoded_observations_only,44,14,KG041|KG042|KG05|KG06|KG07|KG10|KG111|KG14|KG15|KG171|KG172|KG19|KG21|KG22,2016|2017|2018|2019|2020|2021|2022|2023|2024|2025|2026,0,0,미확보,미확보,,미확보 또는 해당 학교급 아님,missing_age_observations,missing_age_observations,no_records,,no_records,,no_records,,no_records,
KLOCAL-08ae9c9dfac2e013,인천송빛초등학교병설유치원,유치원,연수구,명칭상 불일치 없음,2026년 1차 공시,확장 분석,available,4,insufficient_history,연수구,available,28,geocoded_observations_only,35,14,KG041|KG042|KG05|KG06|KG07|KG10|KG111|KG14|KG15|KG171|KG172|KG19|KG21|KG22,2025|2026,0,0,미확보,미확보,,미확보 또는 해당 학교급 아님,estimated,estimated,no_records,,no_records,,no_records,,no_records,
KLOCAL-0af8f94d48e29a3b,인천경명초등학교병설유치원,유치원,서해구,명칭상 불일치 없음,2026년 1차 공시,확장 분석,available,4,weighted_trend_lightgbm,서구,available,78,geocoded_observations_only,44,14,KG041|KG042|KG05|KG06|KG07|KG10|KG111|KG14|KG15|KG171|KG172|KG19|KG21|KG22,2016|2017|2018|2019|2020|2021|2022|2023|2024|2025|2026,0,0,미확보,미확보,,미확보 또는 해당 학교급 아님,estimated,estimated,no_records,,no_records,,no_records,,no_records,
KLOCAL-0b89b3cbc388c8d7,인천가현초등학교병설유치원,유치원,서해구,명칭상 불일치 없음,2026년 1차 공시,확장 분석,available,4,weighted_trend_lightgbm,서구,available,82,geocoded_observations_only,44,14,KG041|KG042|KG05|KG06|KG07|KG10|KG111|KG14|KG15|KG171|KG172|KG19|KG21|KG22,2016|2017|2018|2019|2020|2021|2022|2023|2024|2025|2026,0,0,미확보,미확보,,미확보 또는 해당 학교급 아님,estimated,estimated,no_records,,no_records,,no_records,,no_records,
KLOCAL-0bbc0fac855a7b3e,뒤나미스유치원,유치원,영종구,명칭상 불일치 없음,2026년 1차 공시,확장 분석,available,4,weighted_trend_lightgbm,중구,available,38,geocoded_observations_only,46,14,KG041|KG042|KG05|KG06|KG07|KG10|KG111|KG14|KG15|KG171|KG172|KG19|KG21|KG22,2016|2017|2018|2019|2020|2021|2022|2023|2024|2025|2026,0,0,미확보,미확보,,미확보 또는 해당 학교급 아님,estimated,estimated,no_records,,no_records,,no_records,,no_records,
KLOCAL-0cd7ba2a12988285,다솜유치원,유치원,미추홀구,명칭상 불일치 없음,2026년 1차 공시,확장 분석,available,4,weighted_trend_lightgbm,미추홀구,available,102,geocoded_observations_only,44,14,KG041|KG042|KG05|KG06|KG07|KG10|KG111|KG14|KG15|KG171|KG172|KG19|KG21|KG22,2016|2017|2018|2019|2020|2021|2022|2023|2024|2025|2026,0,0,미확보,미확보,,미확보 또는 해당 학교급 아님,estimated,estimated,no_records,,no_records,,no_records,,no_records,
KLOCAL-0d94659e002bb7af,인천정각초등학교병설유치원,유치원,남동구,명칭상 불일치 없음,2026년 1차 공시,확장 분석,available,4,weighted_trend_lightgbm,남동구,available,108,geocoded_observations_only,44,14,KG041|KG042|KG05|KG06|KG07|KG10|KG111|KG14|KG15|KG171|KG172|KG19|KG21|KG22,2016|2017|2018|2019|2020|2021|2022|2023|2024|2025|2026,0,0,미확보,미확보,,미확보 또는 해당 학교급 아님,estimated,estimated,no_records,,no_records,,no_records,,no_records,
KLOCAL-0fab6c92ee3a52d6,인천당산초등학교병설유치원,유치원,계양구,명칭상 불일치 없음,2026년 1차 공시,확장 분석,available,4,weighted_trend_lightgbm,계양구,available,35,geocoded_observations_only,44,14,KG041|KG042|KG05|KG06|KG07|KG10|KG111|KG14|KG15|KG171|KG172|KG19|KG21|KG22,2016|2017|2018|2019|2020|2021|2022|2023|2024|2025|2026,0,0,미확보,미확보,,미확보 또는 해당 학교급 아님,estimated,estimated,no_records,,no_records,,no_records,,no_records,
KLOCAL-0fdcd04de8b6ed6d,인천왕길초등학교병설유치원,유치원,검단구,명칭상 불일치 없음,2026년 1차 공시,확장 분석,available,4,weighted_trend_lightgbm,서구,available,64,geocoded_observations_only,44,14,KG041|KG042|KG05|KG06|KG07|KG10|KG111|KG14|KG15|KG171|KG172|KG19|KG21|KG22,2016|2017|2018|2019|2020|2021|2022|2023|2024|2025|2026,0,0,미확보,미확보,,미확보 또는 해당 학교급 아님,estimated,estimated,no_records,,no_records,,no_records,,no_records,
KLOCAL-0fea88de34bd253a,유원유치원,유치원,미추홀구,명칭상 불일치 없음,2026년 1차 공시,확장 분석,available,4,weighted_trend_lightgbm,미추홀구,available,91,geocoded_observations_only,46,14,KG041|KG042|KG05|KG06|KG07|KG10|KG111|KG14|KG15|KG171|KG172|KG19|KG21|KG22,2016|2017|2018|2019|2020|2021|2022|2023|2024|2025|2026,0,0,미확보,미확보,,미확보 또는 해당 학교급 아님,estimated,estimated,no_records,,no_records,,no_records,,no_records,
KLOCAL-100df6af0fea38c9,삼성유치원,유치원,남동구,명칭상 불일치 없음,2026년 1차 공시,확장 분석,available,4,weighted_trend_lightgbm,남동구,available,111,geocoded_observations_only,44,14,KG041|KG042|KG05|KG06|KG07|KG10|KG111|KG14|KG15|KG171|KG172|KG19|KG21|KG22,2016|2017|2018|2019|2020|2021|2022|2023|2024|2025|2026,0,0,미확보,미확보,,미확보 또는 해당 학교급 아님,estimated,estimated,no_records,,no_records,,no_records,,no_records,
KLOCAL-10421b7c8f5899de,동원유치원,유치원,미추홀구,명칭상 불일치 없음,2026년 1차 공시,확장 분석,available,4,weighted_trend_lightgbm,미추홀구,available,106,geocoded_observations_only,44,14,KG041|KG042|KG05|KG06|KG07|KG10|KG111|KG14|KG15|KG171|KG172|KG19|KG21|KG22,2016|2017|2018|2019|2020|2021|2022|2023|2024|2025|2026,0,0,미확보,미확보,,미확보 또는 해당 학교급 아님,estimated,estimated,no_records,,no_records,,no_records,,no_records,
KLOCAL-10682fedb5eb5c47,인천소래초등학교병설유치원,유치원,남동구,명칭상 불일치 없음,2026년 1차 공시,확장 분석,available,4,weighted_trend_lightgbm,남동구,available,65,geocoded_observations_only,44,14,KG041|KG042|KG05|KG06|KG07|KG10|KG111|KG14|KG15|KG171|KG172|KG19|KG21|KG22,2016|2017|2018|2019|2020|2021|2022|2023|2024|2025|2026,0,0,미확보,미확보,,미확보 또는 해당 학교급 아님,estimated,estimated,no_records,,no_records,,no_records,,no_records,
KLOCAL-106cec12938f9093,인천부마초등학교병설유치원,유치원,부평구,명칭상 불일치 없음,2026년 1차 공시,확장 분석,available,4,weighted_trend_lightgbm,부평구,available,95,geocoded_observations_only,44,14,KG041|KG042|KG05|KG06|KG07|KG10|KG111|KG14|KG15|KG171|KG172|KG19|KG21|KG22,2016|2017|2018|2019|2020|2021|2022|2023|2024|2025|2026,0,0,미확보,미확보,,미확보 또는 해당 학교급 아님,estimated,estimated,no_records,,no_records,,no_records,,no_records,
KLOCAL-107a8c06c18f2a60,새예지유치원,유치원,남동구,명칭상 불일치 없음,2026년 1차 공시,확장 분석,available,4,weighted_trend_lightgbm,남동구,available,109,geocoded_observations_only,46,14,KG041|KG042|KG05|KG06|KG07|KG10|KG111|KG14|KG15|KG171|KG172|KG19|KG21|KG22,2016|2017|2018|2019|2020|2021|2022|2023|2024|2025|2026,0,0,미확보,미확보,,미확보 또는 해당 학교급 아님,estimated,estimated,no_records,,no_records,,no_records,,no_records,
KLOCAL-10995438901baf02,인천현송초등학교병설유치원,유치원,연수구,명칭상 불일치 없음,2026년 1차 공시,확장 분석,available,4,weighted_trend_lightgbm,연수구,available,42,geocoded_observations_only,39,14,KG041|KG042|KG05|KG06|KG07|KG10|KG111|KG14|KG15|KG171|KG172|KG19|KG21|KG22,2021|2022|2023|2024|2025|2026,0,0,미확보,미확보,,미확보 또는 해당 학교급 아님,estimated,estimated,no_records,,no_records,,no_records,,no_records,
KLOCAL-10a79f1b1d9bbd9f,꿈나무유치원,유치원,부평구,명칭상 불일치 없음,2026년 1차 공시,확장 분석,available,4,weighted_trend_lightgbm,부평구,available,70,geocoded_observations_only,44,14,KG041|KG042|KG05|KG06|KG07|KG10|KG111|KG14|KG15|KG171|KG172|KG19|KG21|KG22,2016|2017|2018|2019|2020|2021|2022|2023|2024|2025|2026,0,0,미확보,미확보,,미확보 또는 해당 학교급 아님,estimated,estimated,no_records,,no_records,,no_records,,no_records,
KLOCAL-1106537bcfb62fe4,인천청일초등학교병설유치원,유치원,서해구,명칭상 불일치 없음,2026년 1차 공시,확장 분석,available,4,weighted_trend_lightgbm,서구,available,75,geocoded_observations_only,44,14,KG041|KG042|KG05|KG06|KG07|KG10|KG111|KG14|KG15|KG171|KG172|KG19|KG21|KG22,2016|2017|2018|2019|2020|2021|2022|2023|2024|2025|2026,0,0,미확보,미확보,,미확보 또는 해당 학교급 아님,estimated,estimated,no_records,,no_records,,no_records,,no_records,
KLOCAL-11084f843babf1c9,대청초등학교병설유치원,유치원,옹진군,명칭상 불일치 없음,2026년 1차 공시,확장 분석,available,4,weighted_trend_lightgbm,옹진군,no_valid_route_within_search_scope,11,geocoded_observations_only,44,14,KG041|KG042|KG05|KG06|KG07|KG10|KG111|KG14|KG15|KG171|KG172|KG19|KG21|KG22,2016|2017|2018|2019|2020|2021|2022|2023|2024|2025|2026,0,0,미확보,미확보,,미확보 또는 해당 학교급 아님,missing_age_observations,missing_age_observations,no_records,,no_records,,no_records,,no_records,
KLOCAL-117cde7db840a10e,예다원유치원,유치원,남동구,명칭상 불일치 없음,2026년 1차 공시,확장 분석,available,4,weighted_trend_lightgbm,남동구,available,65,geocoded_observations_only,46,14,KG041|KG042|KG05|KG06|KG07|KG10|KG111|KG14|KG15|KG171|KG172|KG19|KG21|KG22,2016|2017|2018|2019|2020|2021|2022|2023|2024|2025|2026,0,0,미확보,미확보,,미확보 또는 해당 학교급 아님,estimated,estimated,no_records,,no_records,,no_records,,no_records,
KLOCAL-12d27bc6e1660e9d,사랑유치원,유치원,연수구,명칭상 불일치 없음,2026년 1차 공시,확장 분석,available,4,weighted_trend_lightgbm,연수구,available,52,geocoded_observations_only,44,14,KG041|KG042|KG05|KG06|KG07|KG10|KG111|KG14|KG15|KG171|KG172|KG19|KG21|KG22,2016|2017|2018|2019|2020|2021|2022|2023|2024|2025|2026,0,0,미확보,미확보,,미확보 또는 해당 학교급 아님,estimated,estimated,no_records,,no_records,,no_records,,no_records,
KLOCAL-136bbfeb0cacbeb0,일영유치원,유치원,검단구,명칭상 불일치 없음,2026년 1차 공시,확장 분석,available,4,weighted_trend_lightgbm,서구,available,74,geocoded_observations_only,44,14,KG041|KG042|KG05|KG06|KG07|KG10|KG111|KG14|KG15|KG171|KG172|KG19|KG21|KG22,2016|2017|2018|2019|2020|2021|2022|2023|2024|2025|2026,0,0,미확보,미확보,,미확보 또는 해당 학교급 아님,estimated,estimated,no_records,,no_records,,no_records,,no_records,
KLOCAL-1375cec9fea0c803,아이웰유치원,유치원,연수구,명칭상 불일치 없음,2026년 1차 공시,확장 분석,available,4,weighted_trend_lightgbm,연수구,available,80,geocoded_observations_only,46,14,KG041|KG042|KG05|KG06|KG07|KG10|KG111|KG14|KG15|KG171|KG172|KG19|KG21|KG22,2016|2017|2018|2019|2020|2021|2022|2023|2024|2025|2026,0,0,미확보,미확보,,미확보 또는 해당 학교급 아님,estimated,estimated,no_records,,no_records,,no_records,,no_records,
KLOCAL-1519f421f42d9d8a,인천신정초등학교병설유치원,유치원,연수구,명칭상 불일치 없음,2026년 1차 공시,확장 분석,available,4,weighted_trend_lightgbm,연수구,available,59,geocoded_observations_only,44,14,KG041|KG042|KG05|KG06|KG07|KG10|KG111|KG14|KG15|KG171|KG172|KG19|KG21|KG22,2016|2017|2018|2019|2020|2021|2022|2023|2024|2025|2026,0,0,미확보,미확보,,미확보 또는 해당 학교급 아님,estimated,estimated,no_records,,no_records,,no_records,,no_records,
KLOCAL-18b3e8f4c6c007f3,인천해송초등학교병설유치원,유치원,연수구,명칭상 불일치 없음,2026년 1차 공시,확장 분석,available,4,weighted_trend_lightgbm,연수구,available,56,geocoded_observations_only,44,14,KG041|KG042|KG05|KG06|KG07|KG10|KG111|KG14|KG15|KG171|KG172|KG19|KG21|KG22,2016|2017|2018|2019|2020|2021|2022|2023|2024|2025|2026,0,0,미확보,미확보,,미확보 또는 해당 학교급 아님,estimated,estimated,no_records,,no_records,,no_records,,no_records,
KLOCAL-1923165e7aafe096,영광유치원,유치원,계양구,명칭상 불일치 없음,2026년 1차 공시,확장 분석,available,4,weighted_trend_lightgbm,계양구,available,78,geocoded_observations_only,46,14,KG041|KG042|KG05|KG06|KG07|KG10|KG111|KG14|KG15|KG171|KG172|KG19|KG21|KG22,2016|2017|2018|2019|2020|2021|2022|2023|2024|2025|2026,0,0,미확보,미확보,,미확보 또는 해당 학교급 아님,estimated,estimated,no_records,,no_records,,no_records,,no_records,
KLOCAL-19767c56f265491f,인천검단꿈유치원,유치원,검단구,명칭상 불일치 없음,2026년 1차 공시,확장 분석,available,4,weighted_trend_lightgbm,서구,available,53,geocoded_observations_only,36,14,KG041|KG042|KG05|KG06|KG07|KG10|KG111|KG14|KG15|KG171|KG172|KG19|KG21|KG22,2024|2025|2026,0,0,미확보,미확보,,미확보 또는 해당 학교급 아님,estimated,estimated,no_records,,no_records,,no_records,,no_records,
KLOCAL-1b4643e77630943f,무지개유치원,유치원,부평구,명칭상 불일치 없음,2026년 1차 공시,확장 분석,available,4,weighted_trend_lightgbm,부평구,available,94,geocoded_observations_only,44,14,KG041|KG042|KG05|KG06|KG07|KG10|KG111|KG14|KG15|KG171|KG172|KG19|KG21|KG22,2016|2017|2018|2019|2020|2021|2022|2023|2024|2025|2026,0,0,미확보,미확보,,미확보 또는 해당 학교급 아님,estimated,estimated,no_records,,no_records,,no_records,,no_records,
KLOCAL-1b478ca1f5cbe41e,인천가원초등학교병설유치원,유치원,서해구,명칭상 불일치 없음,2026년 1차 공시,확장 분석,available,4,weighted_trend_lightgbm,서구,available,87,geocoded_observations_only,44,14,KG041|KG042|KG05|KG06|KG07|KG10|KG111|KG14|KG15|KG171|KG172|KG19|KG21|KG22,2016|2017|2018|2019|2020|2021|2022|2023|2024|2025|2026,0,0,미확보,미확보,,미확보 또는 해당 학교급 아님,estimated,estimated,no_records,,no_records,,no_records,,no_records,
KLOCAL-1b7dad99867a6eaf,인천부일초등학교병설유치원,유치원,부평구,명칭상 불일치 없음,2026년 1차 공시,확장 분석,available,4,weighted_trend_lightgbm,부평구,available,70,geocoded_observations_only,44,14,KG041|KG042|KG05|KG06|KG07|KG10|KG111|KG14|KG15|KG171|KG172|KG19|KG21|KG22,2016|2017|2018|2019|2020|2021|2022|2023|2024|2025|2026,0,0,미확보,미확보,,미확보 또는 해당 학교급 아님,estimated,estimated,no_records,,no_records,,no_records,,no_records,
KLOCAL-1be9ec6cbd10709a,인천주안초등학교병설유치원,유치원,미추홀구,명칭상 불일치 없음,2026년 1차 공시,확장 분석,available,4,weighted_trend_lightgbm,미추홀구,available,99,geocoded_observations_only,42,14,KG041|KG042|KG05|KG06|KG07|KG10|KG111|KG14|KG15|KG171|KG172|KG19|KG21|KG22,2018|2019|2020|2021|2022|2023|2024|2025|2026,0,0,미확보,미확보,,미확보 또는 해당 학교급 아님,estimated,estimated,no_records,,no_records,,no_records,,no_records,
KLOCAL-1c92f7fa634fb5f3,인천불로초등학교병설유치원,유치원,검단구,명칭상 불일치 없음,2026년 1차 공시,확장 분석,available,4,weighted_trend_lightgbm,서구,available,42,geocoded_observations_only,44,14,KG041|KG042|KG05|KG06|KG07|KG10|KG111|KG14|KG15|KG171|KG172|KG19|KG21|KG22,2016|2017|2018|2019|2020|2021|2022|2023|2024|2025|2026,0,0,미확보,미확보,,미확보 또는 해당 학교급 아님,estimated,estimated,no_records,,no_records,,no_records,,no_records,
KLOCAL-1dcb5b73dd15046b,연평초등학교병설유치원,유치원,옹진군,명칭상 불일치 없음,2026년 1차 공시,확장 분석,available,4,weighted_trend_lightgbm,옹진군,no_valid_route_within_search_scope,8,geocoded_observations_only,44,14,KG041|KG042|KG05|KG06|KG07|KG10|KG111|KG14|KG15|KG171|KG172|KG19|KG21|KG22,2016|2017|2018|2019|2020|2021|2022|2023|2024|2025|2026,0,0,미확보,미확보,,미확보 또는 해당 학교급 아님,missing_age_observations,estimated,no_records,,no_records,,no_records,,no_records,
KLOCAL-1ddb144d8df27d87,인천영종초등학교병설유치원,유치원,영종구,명칭상 불일치 없음,2026년 1차 공시,확장 분석,available,4,weighted_trend_lightgbm,중구,available,49,geocoded_observations_only,44,14,KG041|KG042|KG05|KG06|KG07|KG10|KG111|KG14|KG15|KG171|KG172|KG19|KG21|KG22,2016|2017|2018|2019|2020|2021|2022|2023|2024|2025|2026,0,0,미확보,미확보,,미확보 또는 해당 학교급 아님,estimated,estimated,no_records,,no_records,,no_records,,no_records,
KLOCAL-1e0f6cb24019a829,엄지유치원,유치원,부평구,명칭상 불일치 없음,2026년 1차 공시,확장 분석,available,4,weighted_trend_lightgbm,부평구,available,68,geocoded_observations_only,44,14,KG041|KG042|KG05|KG06|KG07|KG10|KG111|KG14|KG15|KG171|KG172|KG19|KG21|KG22,2016|2017|2018|2019|2020|2021|2022|2023|2024|2025|2026,0,0,미확보,미확보,,미확보 또는 해당 학교급 아님,estimated,estimated,no_records,,no_records,,no_records,,no_records,
KLOCAL-1e7e2df89b52dc62,인천안산초등학교병설유치원,유치원,계양구,명칭상 불일치 없음,2026년 1차 공시,확장 분석,available,4,weighted_trend_lightgbm,계양구,available,93,geocoded_observations_only,40,14,KG041|KG042|KG05|KG06|KG07|KG10|KG111|KG14|KG15|KG171|KG172|KG19|KG21|KG22,2020|2021|2022|2023|2024|2025|2026,0,0,미확보,미확보,,미확보 또는 해당 학교급 아님,estimated,estimated,no_records,,no_records,,no_records,,no_records,
KLOCAL-1f328ba143036bf8,해나라유치원,유치원,검단구,명칭상 불일치 없음,2026년 1차 공시,확장 분석,available,4,weighted_trend_lightgbm,서구,available,70,geocoded_observations_only,47,14,KG041|KG042|KG05|KG06|KG07|KG10|KG111|KG14|KG15|KG171|KG172|KG19|KG21|KG22,2016|2017|2018|2019|2020|2021|2022|2023|2024|2025|2026,0,0,미확보,미확보,,미확보 또는 해당 학교급 아님,estimated,estimated,no_records,,no_records,,no_records,,no_records,
KLOCAL-1fcc5bb819b6a357,큰별유치원,유치원,연수구,명칭상 불일치 없음,2026년 1차 공시,확장 분석,available,4,weighted_trend_lightgbm,연수구,available,81,geocoded_observations_only,44,14,KG041|KG042|KG05|KG06|KG07|KG10|KG111|KG14|KG15|KG171|KG172|KG19|KG21|KG22,2016|2017|2018|2019|2020|2021|2022|2023|2024|2025|2026,0,0,미확보,미확보,,미확보 또는 해당 학교급 아님,estimated,estimated,no_records,,no_records,,no_records,,no_records,
KLOCAL-1fd3e98881a11318,해와달유치원,유치원,남동구,명칭상 불일치 없음,2026년 1차 공시,확장 분석,available,4,weighted_trend_lightgbm,남동구,available,47,geocoded_observations_only,44,14,KG041|KG042|KG05|KG06|KG07|KG10|KG111|KG14|KG15|KG171|KG172|KG19|KG21|KG22,2016|2017|2018|2019|2020|2021|2022|2023|2024|2025|2026,0,0,미확보,미확보,,미확보 또는 해당 학교급 아님,estimated,estimated,no_records,,no_records,,no_records,,no_records,
KLOCAL-1fd9f21caa124372,인천창신초등학교병설유치원,유치원,검단구,명칭상 불일치 없음,2026년 1차 공시,확장 분석,available,4,weighted_trend_lightgbm,서구,available,70,geocoded_observations_only,44,14,KG041|KG042|KG05|KG06|KG07|KG10|KG111|KG14|KG15|KG171|KG172|KG19|KG21|KG22,2016|2017|2018|2019|2020|2021|2022|2023|2024|2025|2026,0,0,미확보,미확보,,미확보 또는 해당 학교급 아님,estimated,estimated,no_records,,no_records,,no_records,,no_records,
KLOCAL-2139f45193aa0f61,해명초등학교병설유치원,유치원,강화군,명칭상 불일치 없음,2026년 1차 공시,확장 분석,available,4,insufficient_history,강화군,no_valid_route_within_search_scope,12,geocoded_observations_only,43,14,KG041|KG042|KG05|KG06|KG07|KG10|KG111|KG14|KG15|KG171|KG172|KG19|KG21|KG22,2016|2017|2018|2019|2020|2021|2022|2023|2025|2026,0,0,미확보,미확보,,미확보 또는 해당 학교급 아님,missing_age_observations,missing_age_observations,no_records,,no_records,,no_records,,no_records,
KLOCAL-217d5f1aa8131427,인천신월초등학교병설유치원,유치원,남동구,명칭상 불일치 없음,2026년 1차 공시,확장 분석,available,4,weighted_trend_lightgbm,남동구,available,104,geocoded_observations_only,44,14,KG041|KG042|KG05|KG06|KG07|KG10|KG111|KG14|KG15|KG171|KG172|KG19|KG21|KG22,2016|2017|2018|2019|2020|2021|2022|2023|2024|2025|2026,0,0,미확보,미확보,,미확보 또는 해당 학교급 아님,estimated,estimated,no_records,,no_records,,no_records,,no_records,
KLOCAL-23e886f24f770204,엔젤유치원,유치원,서해구,명칭상 불일치 없음,2026년 1차 공시,확장 분석,available,4,weighted_trend_lightgbm,서구,available,71,geocoded_observations_only,46,14,KG041|KG042|KG05|KG06|KG07|KG10|KG111|KG14|KG15|KG171|KG172|KG19|KG21|KG22,2016|2017|2018|2019|2020|2021|2022|2023|2024|2025|2026,0,0,미확보,미확보,,미확보 또는 해당 학교급 아님,estimated,estimated,no_records,,no_records,,no_records,,no_records,
KLOCAL-245e760a0802fd93,인천백운초등학교병설유치원,유치원,부평구,명칭상 불일치 없음,2026년 1차 공시,확장 분석,available,4,weighted_trend_lightgbm,부평구,available,82,geocoded_observations_only,44,14,KG041|KG042|KG05|KG06|KG07|KG10|KG111|KG14|KG15|KG171|KG172|KG19|KG21|KG22,2016|2017|2018|2019|2020|2021|2022|2023|2024|2025|2026,0,0,미확보,미확보,,미확보 또는 해당 학교급 아님,estimated,estimated,no_records,,no_records,,no_records,,no_records,
KLOCAL-249efd582bc3c17a,인천상정초등학교병설유치원,유치원,부평구,명칭상 불일치 없음,2026년 1차 공시,확장 분석,available,4,weighted_trend_lightgbm,부평구,available,84,geocoded_observations_only,44,14,KG041|KG042|KG05|KG06|KG07|KG10|KG111|KG14|KG15|KG171|KG172|KG19|KG21|KG22,2016|2017|2018|2019|2020|2021|2022|2023|2024|2025|2026,0,0,미확보,미확보,,미확보 또는 해당 학교급 아님,estimated,estimated,no_records,,no_records,,no_records,,no_records,
KLOCAL-251be2946e3f2e1e,꿈동산유치원,유치원,연수구,명칭상 불일치 없음,2026년 1차 공시,확장 분석,available,4,weighted_trend_lightgbm,연수구,available,89,geocoded_observations_only,44,14,KG041|KG042|KG05|KG06|KG07|KG10|KG111|KG14|KG15|KG171|KG172|KG19|KG21|KG22,2016|2017|2018|2019|2020|2021|2022|2023|2024|2025|2026,0,0,미확보,미확보,,미확보 또는 해당 학교급 아님,estimated,estimated,no_records,,no_records,,no_records,,no_records,
KLOCAL-25824987347b89df,바다유치원,유치원,서해구,명칭상 불일치 없음,2026년 1차 공시,확장 분석,available,4,weighted_trend_lightgbm,서구,available,64,geocoded_observations_only,44,14,KG041|KG042|KG05|KG06|KG07|KG10|KG111|KG14|KG15|KG171|KG172|KG19|KG21|KG22,2016|2017|2018|2019|2020|2021|2022|2023|2024|2025|2026,0,0,미확보,미확보,,미확보 또는 해당 학교급 아님,estimated,estimated,no_records,,no_records,,no_records,,no_records,
KLOCAL-25a0b873b3438607,행복한유치원,유치원,남동구,명칭상 불일치 없음,2026년 1차 공시,확장 분석,available,4,weighted_trend_lightgbm,남동구,available,53,geocoded_observations_only,48,14,KG041|KG042|KG05|KG06|KG07|KG10|KG111|KG14|KG15|KG171|KG172|KG19|KG21|KG22,2016|2017|2018|2019|2020|2021|2022|2023|2024|2025|2026,0,0,미확보,미확보,,미확보 또는 해당 학교급 아님,estimated,estimated,no_records,,no_records,,no_records,,no_records,
KLOCAL-262e10d1e210408c,인천검암유치원,유치원,서해구,명칭상 불일치 없음,2026년 1차 공시,확장 분석,available,4,weighted_trend_lightgbm,서구,available,43,geocoded_observations_only,46,14,KG041|KG042|KG05|KG06|KG07|KG10|KG111|KG14|KG15|KG171|KG172|KG19|KG21|KG22,2016|2017|2018|2019|2020|2021|2022|2023|2024|2025|2026,0,0,미확보,미확보,,미확보 또는 해당 학교급 아님,estimated,estimated,no_records,,no_records,,no_records,,no_records,
KLOCAL-266ed741dd996b8d,산울림유치원,유치원,검단구,명칭상 불일치 없음,2026년 1차 공시,확장 분석,available,4,weighted_trend_lightgbm,서구,available,35,geocoded_observations_only,44,14,KG041|KG042|KG05|KG06|KG07|KG10|KG111|KG14|KG15|KG171|KG172|KG19|KG21|KG22,2016|2017|2018|2019|2020|2021|2022|2023|2024|2025|2026,0,0,미확보,미확보,,미확보 또는 해당 학교급 아님,missing_age_observations,missing_age_observations,no_records,,no_records,,no_records,,no_records,
KLOCAL-278a27da1c51475e,인천송원초등학교병설유치원,유치원,연수구,명칭상 불일치 없음,2026년 1차 공시,확장 분석,available,4,weighted_trend_lightgbm,연수구,available,45,geocoded_observations_only,44,14,KG041|KG042|KG05|KG06|KG07|KG10|KG111|KG14|KG15|KG171|KG172|KG19|KG21|KG22,2016|2017|2018|2019|2020|2021|2022|2023|2024|2025|2026,0,0,미확보,미확보,,미확보 또는 해당 학교급 아님,estimated,estimated,no_records,,no_records,,no_records,,no_records,
KLOCAL-287edcd5656c8d18,큰사랑유치원,유치원,검단구,명칭상 불일치 없음,2026년 1차 공시,확장 분석,available,4,weighted_trend_lightgbm,서구,available,67,geocoded_observations_only,44,14,KG041|KG042|KG05|KG06|KG07|KG10|KG111|KG14|KG15|KG171|KG172|KG19|KG21|KG22,2016|2017|2018|2019|2020|2021|2022|2023|2024|2025|2026,0,0,미확보,미확보,,미확보 또는 해당 학교급 아님,estimated,estimated,no_records,,no_records,,no_records,,no_records,
KLOCAL-28e51f0551b2fcfd,하늘땅유치원,유치원,연수구,명칭상 불일치 없음,2026년 1차 공시,확장 분석,available,4,weighted_trend_lightgbm,연수구,available,78,geocoded_observations_only,44,14,KG041|KG042|KG05|KG06|KG07|KG10|KG111|KG14|KG15|KG171|KG172|KG19|KG21|KG22,2016|2017|2018|2019|2020|2021|2022|2023|2024|2025|2026,0,0,미확보,미확보,,미확보 또는 해당 학교급 아님,estimated,estimated,no_records,,no_records,,no_records,,no_records,
KLOCAL-28e854d271c0e8e1,인천간석초등학교병설유치원,유치원,남동구,명칭상 불일치 없음,2026년 1차 공시,확장 분석,available,4,weighted_trend_lightgbm,남동구,available,103,geocoded_observations_only,44,14,KG041|KG042|KG05|KG06|KG07|KG10|KG111|KG14|KG15|KG171|KG172|KG19|KG21|KG22,2016|2017|2018|2019|2020|2021|2022|2023|2024|2025|2026,0,0,미확보,미확보,,미확보 또는 해당 학교급 아님,estimated,estimated,no_records,,no_records,,no_records,,no_records,
KLOCAL-28fe79464ba28534,예림유치원,유치원,계양구,명칭상 불일치 없음,2026년 1차 공시,확장 분석,available,4,weighted_trend_lightgbm,계양구,available,90,geocoded_observations_only,44,14,KG041|KG042|KG05|KG06|KG07|KG10|KG111|KG14|KG15|KG171|KG172|KG19|KG21|KG22,2016|2017|2018|2019|2020|2021|2022|2023|2024|2025|2026,0,0,미확보,미확보,,미확보 또는 해당 학교급 아님,estimated,estimated,no_records,,no_records,,no_records,,no_records,
KLOCAL-2a7e08fead8ef96b,이바유치원,유치원,부평구,명칭상 불일치 없음,2026년 1차 공시,확장 분석,available,4,weighted_trend_lightgbm,부평구,available,92,geocoded_observations_only,42,14,KG041|KG042|KG05|KG06|KG07|KG10|KG111|KG14|KG15|KG171|KG172|KG19|KG21|KG22,2018|2019|2020|2021|2022|2023|2024|2025|2026,0,0,미확보,미확보,,미확보 또는 해당 학교급 아님,estimated,estimated,no_records,,no_records,,no_records,,no_records,
KLOCAL-2b07c33dd5f30eca,참조은유치원,유치원,남동구,명칭상 불일치 없음,2026년 1차 공시,확장 분석,available,4,weighted_trend_lightgbm,남동구,available,109,geocoded_observations_only,44,14,KG041|KG042|KG05|KG06|KG07|KG10|KG111|KG14|KG15|KG171|KG172|KG19|KG21|KG22,2016|2017|2018|2019|2020|2021|2022|2023|2024|2025|2026,0,0,미확보,미확보,,미확보 또는 해당 학교급 아님,estimated,estimated,no_records,,no_records,,no_records,,no_records,
KLOCAL-2b9a80a829c012d7,인천해든초등학교병설유치원,유치원,검단구,명칭상 불일치 없음,2026년 1차 공시,확장 분석,available,4,weighted_trend_lightgbm,서구,available,56,geocoded_observations_only,38,14,KG041|KG042|KG05|KG06|KG07|KG10|KG111|KG14|KG15|KG171|KG172|KG19|KG21|KG22,2022|2023|2024|2025|2026,0,0,미확보,미확보,,미확보 또는 해당 학교급 아님,estimated,estimated,no_records,,no_records,,no_records,,no_records,
KLOCAL-2c8aa292f224503d,아이큰별유치원,유치원,남동구,명칭상 불일치 없음,2026년 1차 공시,확장 분석,available,4,weighted_trend_lightgbm,남동구,available,94,geocoded_observations_only,48,14,KG041|KG042|KG05|KG06|KG07|KG10|KG111|KG14|KG15|KG171|KG172|KG19|KG21|KG22,2016|2017|2018|2019|2020|2021|2022|2023|2024|2025|2026,0,0,미확보,미확보,,미확보 또는 해당 학교급 아님,estimated,estimated,no_records,,no_records,,no_records,,no_records,
KLOCAL-2da09589001a6ae4,인천신석초등학교병설유치원,유치원,서해구,명칭상 불일치 없음,2026년 1차 공시,확장 분석,available,4,weighted_trend_lightgbm,서구,available,52,geocoded_observations_only,44,14,KG041|KG042|KG05|KG06|KG07|KG10|KG111|KG14|KG15|KG171|KG172|KG19|KG21|KG22,2016|2017|2018|2019|2020|2021|2022|2023|2024|2025|2026,0,0,미확보,미확보,,미확보 또는 해당 학교급 아님,estimated,estimated,no_records,,no_records,,no_records,,no_records,
KLOCAL-2dec811cf063913d,예그랑유치원,유치원,계양구,명칭상 불일치 없음,2026년 1차 공시,확장 분석,available,4,weighted_trend_lightgbm,계양구,available,89,geocoded_observations_only,44,14,KG041|KG042|KG05|KG06|KG07|KG10|KG111|KG14|KG15|KG171|KG172|KG19|KG21|KG22,2016|2017|2018|2019|2020|2021|2022|2023|2024|2025|2026,0,0,미확보,미확보,,미확보 또는 해당 학교급 아님,estimated,estimated,no_records,,no_records,,no_records,,no_records,
KLOCAL-2def53f46a779e53,인천석남초등학교병설유치원,유치원,서해구,명칭상 불일치 없음,2026년 1차 공시,확장 분석,available,4,weighted_trend_lightgbm,서구,available,71,geocoded_observations_only,44,14,KG041|KG042|KG05|KG06|KG07|KG10|KG111|KG14|KG15|KG171|KG172|KG19|KG21|KG22,2016|2017|2018|2019|2020|2021|2022|2023|2024|2025|2026,0,0,미확보,미확보,,미확보 또는 해당 학교급 아님,estimated,estimated,no_records,,no_records,,no_records,,no_records,
KLOCAL-2e27b0337e9883ca,인천귤현초등학교병설유치원,유치원,계양구,명칭상 불일치 없음,2026년 1차 공시,확장 분석,available,4,weighted_trend_lightgbm,계양구,available,45,geocoded_observations_only,44,14,KG041|KG042|KG05|KG06|KG07|KG10|KG111|KG14|KG15|KG171|KG172|KG19|KG21|KG22,2016|2017|2018|2019|2020|2021|2022|2023|2024|2025|2026,0,0,미확보,미확보,,미확보 또는 해당 학교급 아님,missing_age_observations,estimated,no_records,,no_records,,no_records,,no_records,
KLOCAL-2ee6cf805dfe4f3f,인천미산초등학교병설유치원,유치원,부평구,명칭상 불일치 없음,2026년 1차 공시,확장 분석,available,4,weighted_trend_lightgbm,부평구,available,100,geocoded_observations_only,44,14,KG041|KG042|KG05|KG06|KG07|KG10|KG111|KG14|KG15|KG171|KG172|KG19|KG21|KG22,2016|2017|2018|2019|2020|2021|2022|2023|2024|2025|2026,0,0,미확보,미확보,,미확보 또는 해당 학교급 아님,estimated,estimated,no_records,,no_records,,no_records,,no_records,
KLOCAL-2eee87a9fad3f959,인천가석초등학교병설유치원,유치원,서해구,명칭상 불일치 없음,2026년 1차 공시,확장 분석,available,4,weighted_trend_lightgbm,서구,available,70,geocoded_observations_only,38,14,KG041|KG042|KG05|KG06|KG07|KG10|KG111|KG14|KG15|KG171|KG172|KG19|KG21|KG22,2022|2023|2024|2025|2026,0,0,미확보,미확보,,미확보 또는 해당 학교급 아님,estimated,estimated,no_records,,no_records,,no_records,,no_records,
KLOCAL-2f2ce39905da65f8,인천신흥초등학교병설유치원,유치원,제물포구,명칭상 불일치 없음,2026년 1차 공시,확장 분석,available,4,weighted_trend_lightgbm,중구,available,80,geocoded_observations_only,40,14,KG041|KG042|KG05|KG06|KG07|KG10|KG111|KG14|KG15|KG171|KG172|KG19|KG21|KG22,2020|2021|2022|2023|2024|2025|2026,0,0,미확보,미확보,,미확보 또는 해당 학교급 아님,estimated,estimated,no_records,,no_records,,no_records,,no_records,
KLOCAL-2f487e44a994a758,성심유치원,유치원,부평구,명칭상 불일치 없음,2026년 1차 공시,확장 분석,available,4,weighted_trend_lightgbm,부평구,available,110,geocoded_observations_only,45,14,KG041|KG042|KG05|KG06|KG07|KG10|KG111|KG14|KG15|KG171|KG172|KG19|KG21|KG22,2016|2017|2018|2019|2020|2021|2022|2023|2024|2025|2026,0,0,미확보,미확보,,미확보 또는 해당 학교급 아님,estimated,estimated,no_records,,no_records,,no_records,,no_records,
KLOCAL-314ae4685daf3578,이든유치원,유치원,부평구,명칭상 불일치 없음,2026년 1차 공시,확장 분석,available,4,weighted_trend_lightgbm,부평구,available,75,geocoded_observations_only,43,14,KG041|KG042|KG05|KG06|KG07|KG10|KG111|KG14|KG15|KG171|KG172|KG19|KG21|KG22,2017|2018|2019|2020|2021|2022|2023|2024|2025|2026,0,0,미확보,미확보,,미확보 또는 해당 학교급 아님,estimated,estimated,no_records,,no_records,,no_records,,no_records,
KLOCAL-3267d41d2d4da711,프라임예지유치원,유치원,남동구,명칭상 불일치 없음,2026년 1차 공시,확장 분석,available,4,weighted_trend_lightgbm,남동구,available,61,geocoded_observations_only,44,14,KG041|KG042|KG05|KG06|KG07|KG10|KG111|KG14|KG15|KG171|KG172|KG19|KG21|KG22,2016|2017|2018|2019|2020|2021|2022|2023|2024|2025|2026,0,0,미확보,미확보,,미확보 또는 해당 학교급 아님,estimated,estimated,no_records,,no_records,,no_records,,no_records,
KLOCAL-32d3ae6b63e1b618,인천동춘초등학교병설유치원,유치원,연수구,명칭상 불일치 없음,2026년 1차 공시,확장 분석,available,4,weighted_trend_lightgbm,연수구,available,87,geocoded_observations_only,44,14,KG041|KG042|KG05|KG06|KG07|KG10|KG111|KG14|KG15|KG171|KG172|KG19|KG21|KG22,2016|2017|2018|2019|2020|2021|2022|2023|2024|2025|2026,0,0,미확보,미확보,,미확보 또는 해당 학교급 아님,estimated,estimated,no_records,,no_records,,no_records,,no_records,
KLOCAL-33bfc1608850fe4f,산새소리유치원,유치원,제물포구,명칭상 불일치 없음,2026년 1차 공시,확장 분석,available,4,weighted_trend_lightgbm,동구,available,79,geocoded_observations_only,44,14,KG041|KG042|KG05|KG06|KG07|KG10|KG111|KG14|KG15|KG171|KG172|KG19|KG21|KG22,2016|2017|2018|2019|2020|2021|2022|2023|2024|2025|2026,0,0,미확보,미확보,,미확보 또는 해당 학교급 아님,estimated,estimated,no_records,,no_records,,no_records,,no_records,
KLOCAL-33f5b9ae439b5105,인천윤슬초등학교병설유치원,유치원,영종구,명칭상 불일치 없음,2026년 1차 공시,확장 분석,available,0,insufficient_history,해당 산출물 없음,available,40,geocoded_observations_only,20,14,KG041|KG042|KG05|KG06|KG07|KG10|KG111|KG14|KG15|KG171|KG172|KG19|KG21|KG22,2026,0,0,미확보,미확보,,미확보 또는 해당 학교급 아님,estimated,estimated,no_records,,no_records,,no_records,,no_records,
KLOCAL-34cd4a3c1e5df434,인천창영초등학교병설유치원,유치원,제물포구,명칭상 불일치 없음,2026년 1차 공시,확장 분석,available,4,weighted_trend_lightgbm,동구,available,106,geocoded_observations_only,44,14,KG041|KG042|KG05|KG06|KG07|KG10|KG111|KG14|KG15|KG171|KG172|KG19|KG21|KG22,2016|2017|2018|2019|2020|2021|2022|2023|2024|2025|2026,0,0,미확보,미확보,,미확보 또는 해당 학교급 아님,estimated,estimated,no_records,,no_records,,no_records,,no_records,
KLOCAL-34f51f462724b79d,인천고잔초등학교병설유치원,유치원,남동구,명칭상 불일치 없음,2026년 1차 공시,확장 분석,available,4,weighted_trend_lightgbm,남동구,available,58,geocoded_observations_only,44,14,KG041|KG042|KG05|KG06|KG07|KG10|KG111|KG14|KG15|KG171|KG172|KG19|KG21|KG22,2016|2017|2018|2019|2020|2021|2022|2023|2024|2025|2026,0,0,미확보,미확보,,미확보 또는 해당 학교급 아님,estimated,estimated,no_records,,no_records,,no_records,,no_records,
KLOCAL-34fbb34c9c9f34c7,에듀피아유치원,유치원,남동구,명칭상 불일치 없음,2026년 1차 공시,확장 분석,available,4,weighted_trend_lightgbm,남동구,available,49,geocoded_observations_only,44,14,KG041|KG042|KG05|KG06|KG07|KG10|KG111|KG14|KG15|KG171|KG172|KG19|KG21|KG22,2016|2017|2018|2019|2020|2021|2022|2023|2024|2025|2026,0,0,미확보,미확보,,미확보 또는 해당 학교급 아님,estimated,estimated,no_records,,no_records,,no_records,,no_records,
KLOCAL-3604491d53b601b4,한빛유치원,유치원,부평구,명칭상 불일치 없음,2026년 1차 공시,확장 분석,available,4,weighted_trend_lightgbm,부평구,available,103,geocoded_observations_only,44,14,KG041|KG042|KG05|KG06|KG07|KG10|KG111|KG14|KG15|KG171|KG172|KG19|KG21|KG22,2016|2017|2018|2019|2020|2021|2022|2023|2024|2025|2026,0,0,미확보,미확보,,미확보 또는 해당 학교급 아님,estimated,estimated,no_records,,no_records,,no_records,,no_records,
KLOCAL-369a4964372d4b20,신명유치원,유치원,남동구,명칭상 불일치 없음,2026년 1차 공시,확장 분석,available,4,weighted_trend_lightgbm,남동구,available,98,geocoded_observations_only,44,14,KG041|KG042|KG05|KG06|KG07|KG10|KG111|KG14|KG15|KG171|KG172|KG19|KG21|KG22,2016|2017|2018|2019|2020|2021|2022|2023|2024|2025|2026,0,0,미확보,미확보,,미확보 또는 해당 학교급 아님,estimated,estimated,no_records,,no_records,,no_records,,no_records,
KLOCAL-36fdf3552e15dcd7,인천동암초등학교병설유치원,유치원,부평구,명칭상 불일치 없음,2026년 1차 공시,확장 분석,available,4,insufficient_history,부평구,available,83,geocoded_observations_only,43,14,KG041|KG042|KG05|KG06|KG07|KG10|KG111|KG14|KG15|KG171|KG172|KG19|KG21|KG22,2016|2017|2018|2019|2020|2021|2022|2023|2025|2026,0,0,미확보,미확보,,미확보 또는 해당 학교급 아님,estimated,estimated,no_records,,no_records,,no_records,,no_records,
KLOCAL-380ee7c054fafc91,인천서흥초등학교병설유치원,유치원,제물포구,명칭상 불일치 없음,2026년 1차 공시,확장 분석,available,4,weighted_trend_lightgbm,동구,available,72,geocoded_observations_only,44,14,KG041|KG042|KG05|KG06|KG07|KG10|KG111|KG14|KG15|KG171|KG172|KG19|KG21|KG22,2016|2017|2018|2019|2020|2021|2022|2023|2024|2025|2026,0,0,미확보,미확보,,미확보 또는 해당 학교급 아님,missing_age_observations,estimated,no_records,,no_records,,no_records,,no_records,
KLOCAL-382a4eb638edccdb,인천능내초등학교병설유치원,유치원,검단구,명칭상 불일치 없음,2026년 1차 공시,확장 분석,available,4,weighted_trend_lightgbm,서구,available,65,geocoded_observations_only,44,14,KG041|KG042|KG05|KG06|KG07|KG10|KG111|KG14|KG15|KG171|KG172|KG19|KG21|KG22,2016|2017|2018|2019|2020|2021|2022|2023|2024|2025|2026,0,0,미확보,미확보,,미확보 또는 해당 학교급 아님,estimated,estimated,no_records,,no_records,,no_records,,no_records,
KLOCAL-394d164ed7bec392,인천도림초등학교병설유치원,유치원,남동구,명칭상 불일치 없음,2026년 1차 공시,확장 분석,available,4,weighted_trend_lightgbm,남동구,available,39,geocoded_observations_only,44,14,KG041|KG042|KG05|KG06|KG07|KG10|KG111|KG14|KG15|KG171|KG172|KG19|KG21|KG22,2016|2017|2018|2019|2020|2021|2022|2023|2024|2025|2026,0,0,미확보,미확보,,미확보 또는 해당 학교급 아님,estimated,estimated,no_records,,no_records,,no_records,,no_records,
KLOCAL-3a53daf795aebc01,프렌즈유치원,유치원,부평구,명칭상 불일치 없음,2026년 1차 공시,확장 분석,available,4,weighted_trend_lightgbm,부평구,available,95,geocoded_observations_only,44,14,KG041|KG042|KG05|KG06|KG07|KG10|KG111|KG14|KG15|KG171|KG172|KG19|KG21|KG22,2016|2017|2018|2019|2020|2021|2022|2023|2024|2025|2026,0,0,미확보,미확보,,미확보 또는 해당 학교급 아님,estimated,estimated,no_records,,no_records,,no_records,,no_records,
KLOCAL-3a978356c1843ba3,경희유치원,유치원,남동구,명칭상 불일치 없음,2026년 1차 공시,확장 분석,available,4,weighted_trend_lightgbm,남동구,available,71,geocoded_observations_only,44,14,KG041|KG042|KG05|KG06|KG07|KG10|KG111|KG14|KG15|KG171|KG172|KG19|KG21|KG22,2016|2017|2018|2019|2020|2021|2022|2023|2024|2025|2026,0,0,미확보,미확보,,미확보 또는 해당 학교급 아님,estimated,estimated,no_records,,no_records,,no_records,,no_records,
KLOCAL-3c0aa6a5169882ee,한울유치원,유치원,검단구,명칭상 불일치 없음,2026년 1차 공시,확장 분석,available,4,weighted_trend_lightgbm,서구,available,52,geocoded_observations_only,44,14,KG041|KG042|KG05|KG06|KG07|KG10|KG111|KG14|KG15|KG171|KG172|KG19|KG21|KG22,2016|2017|2018|2019|2020|2021|2022|2023|2024|2025|2026,0,0,미확보,미확보,,미확보 또는 해당 학교급 아님,estimated,estimated,no_records,,no_records,,no_records,,no_records,
KLOCAL-3c356c0a84207416,내가초등학교병설유치원,유치원,강화군,명칭상 불일치 없음,2026년 1차 공시,확장 분석,available,4,weighted_trend_lightgbm,강화군,available,21,geocoded_observations_only,44,14,KG041|KG042|KG05|KG06|KG07|KG10|KG111|KG14|KG15|KG171|KG172|KG19|KG21|KG22,2016|2017|2018|2019|2020|2021|2022|2023|2024|2025|2026,0,0,미확보,미확보,,미확보 또는 해당 학교급 아님,estimated,estimated,no_records,,no_records,,no_records,,no_records,
KLOCAL-3c3f330218751057,인천가림초등학교병설유치원,유치원,서해구,명칭상 불일치 없음,2026년 1차 공시,확장 분석,available,4,weighted_trend_lightgbm,서구,available,66,geocoded_observations_only,44,14,KG041|KG042|KG05|KG06|KG07|KG10|KG111|KG14|KG15|KG171|KG172|KG19|KG21|KG22,2016|2017|2018|2019|2020|2021|2022|2023|2024|2025|2026,0,0,미확보,미확보,,미확보 또는 해당 학교급 아님,estimated,estimated,no_records,,no_records,,no_records,,no_records,
KLOCAL-3caa8d6f764b16f7,인천하늘초등학교병설유치원,유치원,영종구,명칭상 불일치 없음,2026년 1차 공시,확장 분석,available,4,weighted_trend_lightgbm,중구,available,53,geocoded_observations_only,44,14,KG041|KG042|KG05|KG06|KG07|KG10|KG111|KG14|KG15|KG171|KG172|KG19|KG21|KG22,2016|2017|2018|2019|2020|2021|2022|2023|2024|2025|2026,0,0,미확보,미확보,,미확보 또는 해당 학교급 아님,estimated,estimated,no_records,,no_records,,no_records,,no_records,
KLOCAL-3e73ad45d397e6b0,세라유치원,유치원,서해구,명칭상 불일치 없음,2026년 1차 공시,확장 분석,available,4,weighted_trend_lightgbm,서구,available,23,geocoded_observations_only,44,14,KG041|KG042|KG05|KG06|KG07|KG10|KG111|KG14|KG15|KG171|KG172|KG19|KG21|KG22,2018|2019|2020|2021|2022|2023|2024|2025|2026,0,0,미확보,미확보,,미확보 또는 해당 학교급 아님,estimated,estimated,no_records,,no_records,,no_records,,no_records,
KLOCAL-3e7958b6a4d50a61,정민유치원,유치원,부평구,명칭상 불일치 없음,2026년 1차 공시,확장 분석,available,4,weighted_trend_lightgbm,부평구,available,98,geocoded_observations_only,47,14,KG041|KG042|KG05|KG06|KG07|KG10|KG111|KG14|KG15|KG171|KG172|KG19|KG21|KG22,2016|2017|2018|2019|2020|2021|2022|2023|2024|2025|2026,0,0,미확보,미확보,,미확보 또는 해당 학교급 아님,estimated,estimated,no_records,,no_records,,no_records,,no_records,
KLOCAL-3e82cc8bc9518c92,은하유치원,유치원,검단구,명칭상 불일치 없음,2026년 1차 공시,확장 분석,available,4,weighted_trend_lightgbm,서구,available,54,geocoded_observations_only,44,14,KG041|KG042|KG05|KG06|KG07|KG10|KG111|KG14|KG15|KG171|KG172|KG19|KG21|KG22,2016|2017|2018|2019|2020|2021|2022|2023|2024|2025|2026,0,0,미확보,미확보,,미확보 또는 해당 학교급 아님,estimated,estimated,no_records,,no_records,,no_records,,no_records,
KLOCAL-410831a720cf17a1,햇살유치원,유치원,부평구,명칭상 불일치 없음,2026년 1차 공시,확장 분석,available,4,weighted_trend_lightgbm,부평구,available,98,geocoded_observations_only,44,14,KG041|KG042|KG05|KG06|KG07|KG10|KG111|KG14|KG15|KG171|KG172|KG19|KG21|KG22,2016|2017|2018|2019|2020|2021|2022|2023|2024|2025|2026,0,0,미확보,미확보,,미확보 또는 해당 학교급 아님,estimated,estimated,no_records,,no_records,,no_records,,no_records,
KLOCAL-41ab9125b086444d,유엔유치원,유치원,연수구,명칭상 불일치 없음,2026년 1차 공시,확장 분석,available,4,weighted_trend_lightgbm,연수구,available,30,geocoded_observations_only,45,14,KG041|KG042|KG05|KG06|KG07|KG10|KG111|KG14|KG15|KG171|KG172|KG19|KG21|KG22,2019|2020|2021|2022|2023|2024|2025|2026,0,0,미확보,미확보,,미확보 또는 해당 학교급 아님,estimated,estimated,no_records,,no_records,,no_records,,no_records,
KLOCAL-41f63dbead90187b,금호유치원,유치원,미추홀구,명칭상 불일치 없음,2026년 1차 공시,확장 분석,available,4,weighted_trend_lightgbm,미추홀구,available,52,geocoded_observations_only,44,14,KG041|KG042|KG05|KG06|KG07|KG10|KG111|KG14|KG15|KG171|KG172|KG19|KG21|KG22,2016|2017|2018|2019|2020|2021|2022|2023|2024|2025|2026,0,0,미확보,미확보,,미확보 또는 해당 학교급 아님,estimated,estimated,no_records,,no_records,,no_records,,no_records,
KLOCAL-432cd97ec470568e,예일유치원,유치원,서해구,명칭상 불일치 없음,2026년 1차 공시,확장 분석,available,4,weighted_trend_lightgbm,서구,available,81,geocoded_observations_only,44,14,KG041|KG042|KG05|KG06|KG07|KG10|KG111|KG14|KG15|KG171|KG172|KG19|KG21|KG22,2016|2017|2018|2019|2020|2021|2022|2023|2024|2025|2026,0,0,미확보,미확보,,미확보 또는 해당 학교급 아님,estimated,estimated,no_records,,no_records,,no_records,,no_records,
KLOCAL-439127f6b925d297,인천장아초등학교병설유치원,유치원,남동구,명칭상 불일치 없음,2026년 1차 공시,확장 분석,available,4,weighted_trend_lightgbm,남동구,no_valid_route_within_search_scope,44,geocoded_observations_only,40,14,KG041|KG042|KG05|KG06|KG07|KG10|KG111|KG14|KG15|KG171|KG172|KG19|KG21|KG22,2020|2021|2022|2023|2024|2025|2026,0,0,미확보,미확보,,미확보 또는 해당 학교급 아님,estimated,estimated,no_records,,no_records,,no_records,,no_records,
KLOCAL-43e30ed66f88da53,인천부개초등학교병설유치원,유치원,부평구,명칭상 불일치 없음,2026년 1차 공시,확장 분석,available,4,weighted_trend_lightgbm,부평구,available,69,geocoded_observations_only,44,14,KG041|KG042|KG05|KG06|KG07|KG10|KG111|KG14|KG15|KG171|KG172|KG19|KG21|KG22,2016|2017|2018|2019|2020|2021|2022|2023|2024|2025|2026,0,0,미확보,미확보,,미확보 또는 해당 학교급 아님,estimated,estimated,no_records,,no_records,,no_records,,no_records,
KLOCAL-43f7ad8ac4fd97b4,새인예유치원,유치원,남동구,명칭상 불일치 없음,2026년 1차 공시,확장 분석,available,4,weighted_trend_lightgbm,남동구,available,105,geocoded_observations_only,44,14,KG041|KG042|KG05|KG06|KG07|KG10|KG111|KG14|KG15|KG171|KG172|KG19|KG21|KG22,2016|2017|2018|2019|2020|2021|2022|2023|2024|2025|2026,0,0,미확보,미확보,,미확보 또는 해당 학교급 아님,estimated,estimated,no_records,,no_records,,no_records,,no_records,
KLOCAL-449480036ac79522,해승유치원,유치원,미추홀구,명칭상 불일치 없음,2026년 1차 공시,확장 분석,available,4,weighted_trend_lightgbm,미추홀구,available,99,geocoded_observations_only,44,14,KG041|KG042|KG05|KG06|KG07|KG10|KG111|KG14|KG15|KG171|KG172|KG19|KG21|KG22,2016|2017|2018|2019|2020|2021|2022|2023|2024|2025|2026,0,0,미확보,미확보,,미확보 또는 해당 학교급 아님,estimated,estimated,no_records,,no_records,,no_records,,no_records,
KLOCAL-449fffc16f64b212,북포초등학교병설유치원,유치원,옹진군,명칭상 불일치 없음,2026년 1차 공시,확장 분석,available,4,weighted_trend_lightgbm,옹진군,no_valid_route_within_search_scope,13,geocoded_observations_only,44,14,KG041|KG042|KG05|KG06|KG07|KG10|KG111|KG14|KG15|KG171|KG172|KG19|KG21|KG22,2016|2017|2018|2019|2020|2021|2022|2023|2024|2025|2026,0,0,미확보,미확보,,미확보 또는 해당 학교급 아님,missing_age_observations,missing_age_observations,no_records,,no_records,,no_records,,no_records,
KLOCAL-45fd24312e405c2b,영흥초등학교병설유치원,유치원,옹진군,명칭상 불일치 없음,2026년 1차 공시,확장 분석,available,4,weighted_trend_lightgbm,옹진군,no_valid_route_within_search_scope,10,geocoded_observations_only,44,14,KG041|KG042|KG05|KG06|KG07|KG10|KG111|KG14|KG15|KG171|KG172|KG19|KG21|KG22,2016|2017|2018|2019|2020|2021|2022|2023|2024|2025|2026,0,0,미확보,미확보,,미확보 또는 해당 학교급 아님,missing_age_observations,estimated,no_records,,no_records,,no_records,,no_records,
KLOCAL-46db3a7a96da1ce6,인천송림초등학교병설유치원,유치원,제물포구,명칭상 불일치 없음,2026년 1차 공시,확장 분석,available,4,weighted_trend_lightgbm,동구,available,105,geocoded_observations_only,46,14,KG041|KG042|KG05|KG06|KG07|KG10|KG111|KG14|KG15|KG171|KG172|KG19|KG21|KG22,2016|2017|2018|2019|2020|2021|2022|2023|2024|2025|2026,0,0,미확보,미확보,,미확보 또는 해당 학교급 아님,estimated,estimated,no_records,,no_records,,no_records,,no_records,
KLOCAL-4738008fa5ece47e,인천서림초등학교병설유치원,유치원,제물포구,명칭상 불일치 없음,2026년 1차 공시,확장 분석,available,4,weighted_trend_lightgbm,동구,available,87,geocoded_observations_only,44,14,KG041|KG042|KG05|KG06|KG07|KG10|KG111|KG14|KG15|KG171|KG172|KG19|KG21|KG22,2016|2017|2018|2019|2020|2021|2022|2023|2024|2025|2026,0,0,미확보,미확보,,미확보 또는 해당 학교급 아님,estimated,estimated,no_records,,no_records,,no_records,,no_records,
KLOCAL-492e9aeb4ad8b6e1,인천남부초등학교이작분교장병설유치원,유치원,옹진군,명칭상 불일치 없음,2026년 1차 공시,확장 분석,available,4,insufficient_history,옹진군,no_valid_route_within_search_scope,11,geocoded_observations_only,36,14,KG041|KG042|KG05|KG06|KG07|KG10|KG111|KG14|KG15|KG171|KG172|KG19|KG21|KG22,2023|2025|2026,0,0,미확보,미확보,,미확보 또는 해당 학교급 아님,missing_age_observations,missing_age_observations,no_records,,no_records,,no_records,,no_records,
KLOCAL-4a0dd0e09f7c170a,복자유치원,유치원,남동구,명칭상 불일치 없음,2026년 1차 공시,확장 분석,available,4,weighted_trend_lightgbm,남동구,available,102,geocoded_observations_only,44,14,KG041|KG042|KG05|KG06|KG07|KG10|KG111|KG14|KG15|KG171|KG172|KG19|KG21|KG22,2016|2017|2018|2019|2020|2021|2022|2023|2024|2025|2026,0,0,미확보,미확보,,미확보 또는 해당 학교급 아님,estimated,estimated,no_records,,no_records,,no_records,,no_records,
KLOCAL-4a424ece4c3030f0,인천초은초등학교병설유치원,유치원,서해구,명칭상 불일치 없음,2026년 1차 공시,확장 분석,available,4,weighted_trend_lightgbm,서구,available,78,geocoded_observations_only,44,14,KG041|KG042|KG05|KG06|KG07|KG10|KG111|KG14|KG15|KG171|KG172|KG19|KG21|KG22,2016|2017|2018|2019|2020|2021|2022|2023|2024|2025|2026,0,0,미확보,미확보,,미확보 또는 해당 학교급 아님,estimated,estimated,no_records,,no_records,,no_records,,no_records,
KLOCAL-4c7d06e164ffce6c,인천은지초등학교병설유치원,유치원,서해구,명칭상 불일치 없음,2026년 1차 공시,확장 분석,available,4,weighted_trend_lightgbm,서구,available,40,geocoded_observations_only,44,14,KG041|KG042|KG05|KG06|KG07|KG10|KG111|KG14|KG15|KG171|KG172|KG19|KG21|KG22,2016|2017|2018|2019|2020|2021|2022|2023|2024|2025|2026,0,0,미확보,미확보,,미확보 또는 해당 학교급 아님,estimated,estimated,no_records,,no_records,,no_records,,no_records,
KLOCAL-4d24c45e629f00af,수피아유치원,유치원,남동구,명칭상 불일치 없음,2026년 1차 공시,확장 분석,available,4,weighted_trend_lightgbm,남동구,available,69,geocoded_observations_only,44,14,KG041|KG042|KG05|KG06|KG07|KG10|KG111|KG14|KG15|KG171|KG172|KG19|KG21|KG22,2016|2017|2018|2019|2020|2021|2022|2023|2024|2025|2026,0,0,미확보,미확보,,미확보 또는 해당 학교급 아님,estimated,estimated,no_records,,no_records,,no_records,,no_records,
KLOCAL-4d4340c9fc828cb1,동심유치원,유치원,부평구,명칭상 불일치 없음,2026년 1차 공시,확장 분석,available,4,weighted_trend_lightgbm,부평구,available,103,geocoded_observations_only,44,14,KG041|KG042|KG05|KG06|KG07|KG10|KG111|KG14|KG15|KG171|KG172|KG19|KG21|KG22,2016|2017|2018|2019|2020|2021|2022|2023|2024|2025|2026,0,0,미확보,미확보,,미확보 또는 해당 학교급 아님,estimated,estimated,no_records,,no_records,,no_records,,no_records,
KLOCAL-4db1d0730f341b82,반디유치원,유치원,남동구,명칭상 불일치 없음,2026년 1차 공시,확장 분석,available,4,weighted_trend_lightgbm,남동구,available,54,geocoded_observations_only,44,14,KG041|KG042|KG05|KG06|KG07|KG10|KG111|KG14|KG15|KG171|KG172|KG19|KG21|KG22,2016|2017|2018|2019|2020|2021|2022|2023|2024|2025|2026,0,0,미확보,미확보,,미확보 또는 해당 학교급 아님,estimated,estimated,no_records,,no_records,,no_records,,no_records,
KLOCAL-4dfa29d594589afd,인천명현초등학교병설유치원,유치원,계양구,명칭상 불일치 없음,2026년 1차 공시,확장 분석,available,4,weighted_trend_lightgbm,계양구,available,86,geocoded_observations_only,44,14,KG041|KG042|KG05|KG06|KG07|KG10|KG111|KG14|KG15|KG171|KG172|KG19|KG21|KG22,2016|2017|2018|2019|2020|2021|2022|2023|2024|2025|2026,0,0,미확보,미확보,,미확보 또는 해당 학교급 아님,estimated,estimated,no_records,,no_records,,no_records,,no_records,
KLOCAL-4eab697aec7ffe81,인천송명초등학교병설유치원,유치원,연수구,명칭상 불일치 없음,2026년 1차 공시,확장 분석,available,4,weighted_trend_lightgbm,연수구,no_valid_route_within_search_scope,50,geocoded_observations_only,44,14,KG041|KG042|KG05|KG06|KG07|KG10|KG111|KG14|KG15|KG171|KG172|KG19|KG21|KG22,2016|2017|2018|2019|2020|2021|2022|2023|2024|2025|2026,0,0,미확보,미확보,,미확보 또는 해당 학교급 아님,estimated,estimated,no_records,,no_records,,no_records,,no_records,
KLOCAL-4fc071e233a4b10e,보나유치원,유치원,계양구,명칭상 불일치 없음,2026년 1차 공시,확장 분석,available,4,weighted_trend_lightgbm,계양구,available,91,geocoded_observations_only,44,14,KG041|KG042|KG05|KG06|KG07|KG10|KG111|KG14|KG15|KG171|KG172|KG19|KG21|KG22,2016|2017|2018|2019|2020|2021|2022|2023|2024|2025|2026,0,0,미확보,미확보,,미확보 또는 해당 학교급 아님,estimated,estimated,no_records,,no_records,,no_records,,no_records,
KLOCAL-4ff73e805db03cdf,인천한별초등학교병설유치원,유치원,검단구,명칭상 불일치 없음,2026년 1차 공시,확장 분석,available,4,weighted_trend_lightgbm,서구,available,79,geocoded_observations_only,38,14,KG041|KG042|KG05|KG06|KG07|KG10|KG111|KG14|KG15|KG171|KG172|KG19|KG21|KG22,2022|2023|2024|2025|2026,0,0,미확보,미확보,,미확보 또는 해당 학교급 아님,estimated,estimated,no_records,,no_records,,no_records,,no_records,
KLOCAL-50565bd642260910,솔빛유치원,유치원,제물포구,명칭상 불일치 없음,2026년 1차 공시,확장 분석,available,4,weighted_trend_lightgbm,동구,available,80,geocoded_observations_only,44,14,KG041|KG042|KG05|KG06|KG07|KG10|KG111|KG14|KG15|KG171|KG172|KG19|KG21|KG22,2016|2017|2018|2019|2020|2021|2022|2023|2024|2025|2026,0,0,미확보,미확보,,미확보 또는 해당 학교급 아님,estimated,estimated,no_records,,no_records,,no_records,,no_records,
KLOCAL-51c6dc17a37cef2b,마니산유치원,유치원,강화군,명칭상 불일치 없음,2026년 1차 공시,확장 분석,available,4,weighted_trend_lightgbm,강화군,available,13,geocoded_observations_only,44,14,KG041|KG042|KG05|KG06|KG07|KG10|KG111|KG14|KG15|KG171|KG172|KG19|KG21|KG22,2016|2017|2018|2019|2020|2021|2022|2023|2024|2025|2026,0,0,미확보,미확보,,미확보 또는 해당 학교급 아님,missing_age_observations,missing_age_observations,no_records,,no_records,,no_records,,no_records,
KLOCAL-528dcc8ceefc1f83,인천금마초등학교병설유치원,유치원,부평구,명칭상 불일치 없음,2026년 1차 공시,확장 분석,available,4,weighted_trend_lightgbm,부평구,available,29,geocoded_observations_only,44,14,KG041|KG042|KG05|KG06|KG07|KG10|KG111|KG14|KG15|KG171|KG172|KG19|KG21|KG22,2016|2017|2018|2019|2020|2021|2022|2023|2024|2025|2026,0,0,미확보,미확보,,미확보 또는 해당 학교급 아님,estimated,estimated,no_records,,no_records,,no_records,,no_records,
KLOCAL-5291bdaab4f312eb,한울유치원,유치원,제물포구,명칭상 불일치 없음,2026년 1차 공시,확장 분석,available,4,weighted_trend_lightgbm,동구,available,98,geocoded_observations_only,46,14,KG041|KG042|KG05|KG06|KG07|KG10|KG111|KG14|KG15|KG171|KG172|KG19|KG21|KG22,2016|2017|2018|2019|2020|2021|2022|2023|2024|2025|2026,0,0,미확보,미확보,,미확보 또는 해당 학교급 아님,estimated,estimated,no_records,,no_records,,no_records,,no_records,
KLOCAL-549b4c127ea514d3,인천부광초등학교병설유치원,유치원,부평구,명칭상 불일치 없음,2026년 1차 공시,확장 분석,available,4,weighted_trend_lightgbm,부평구,available,91,geocoded_observations_only,44,14,KG041|KG042|KG05|KG06|KG07|KG10|KG111|KG14|KG15|KG171|KG172|KG19|KG21|KG22,2016|2017|2018|2019|2020|2021|2022|2023|2024|2025|2026,0,0,미확보,미확보,,미확보 또는 해당 학교급 아님,estimated,estimated,no_records,,no_records,,no_records,,no_records,
KLOCAL-54a88136cf70c698,잠두유치원,유치원,강화군,명칭상 불일치 없음,2026년 1차 공시,확장 분석,available,4,weighted_trend_lightgbm,강화군,available,64,geocoded_observations_only,46,14,KG041|KG042|KG05|KG06|KG07|KG10|KG111|KG14|KG15|KG171|KG172|KG19|KG21|KG22,2016|2017|2018|2019|2020|2021|2022|2023|2024|2025|2026,0,0,미확보,미확보,,미확보 또는 해당 학교급 아님,missing_age_observations,missing_age_observations,no_records,,no_records,,no_records,,no_records,
KLOCAL-55058525ba8494ab,인천원당초등학교병설유치원,유치원,검단구,명칭상 불일치 없음,2026년 1차 공시,확장 분석,available,4,weighted_trend_lightgbm,서구,available,60,geocoded_observations_only,44,14,KG041|KG042|KG05|KG06|KG07|KG10|KG111|KG14|KG15|KG171|KG172|KG19|KG21|KG22,2016|2017|2018|2019|2020|2021|2022|2023|2024|2025|2026,0,0,미확보,미확보,,미확보 또는 해당 학교급 아님,estimated,estimated,no_records,,no_records,,no_records,,no_records,
KLOCAL-55f85ae587a7a257,인천청람초등학교병설유치원,유치원,서해구,명칭상 불일치 없음,2026년 1차 공시,확장 분석,available,4,weighted_trend_lightgbm,서구,available,70,geocoded_observations_only,44,14,KG041|KG042|KG05|KG06|KG07|KG10|KG111|KG14|KG15|KG171|KG172|KG19|KG21|KG22,2016|2017|2018|2019|2020|2021|2022|2023|2024|2025|2026,0,0,미확보,미확보,,미확보 또는 해당 학교급 아님,estimated,estimated,no_records,,no_records,,no_records,,no_records,
KLOCAL-56a50a91ae4989cb,예소담유치원,유치원,계양구,명칭상 불일치 없음,2026년 1차 공시,확장 분석,available,4,weighted_trend_lightgbm,계양구,available,44,geocoded_observations_only,47,14,KG041|KG042|KG05|KG06|KG07|KG10|KG111|KG14|KG15|KG171|KG172|KG19|KG21|KG22,2016|2017|2018|2019|2020|2021|2022|2023|2024|2025|2026,0,0,미확보,미확보,,미확보 또는 해당 학교급 아님,missing_age_observations,missing_age_observations,no_records,,no_records,,no_records,,no_records,
KLOCAL-5797361de35b1d37,작은꽃예능유치원,유치원,연수구,명칭상 불일치 없음,2026년 1차 공시,확장 분석,available,4,weighted_trend_lightgbm,연수구,available,98,geocoded_observations_only,44,14,KG041|KG042|KG05|KG06|KG07|KG10|KG111|KG14|KG15|KG171|KG172|KG19|KG21|KG22,2016|2017|2018|2019|2020|2021|2022|2023|2024|2025|2026,0,0,미확보,미확보,,미확보 또는 해당 학교급 아님,estimated,estimated,no_records,,no_records,,no_records,,no_records,
KLOCAL-58a55d858149cfe9,노벨유치원,유치원,미추홀구,명칭상 불일치 없음,2026년 1차 공시,확장 분석,available,4,weighted_trend_lightgbm,미추홀구,available,85,geocoded_observations_only,44,14,KG041|KG042|KG05|KG06|KG07|KG10|KG111|KG14|KG15|KG171|KG172|KG19|KG21|KG22,2016|2017|2018|2019|2020|2021|2022|2023|2024|2025|2026,0,0,미확보,미확보,,미확보 또는 해당 학교급 아님,estimated,estimated,no_records,,no_records,,no_records,,no_records,
KLOCAL-590c99bb86999b08,무지개유치원,유치원,영종구,명칭상 불일치 없음,2026년 1차 공시,확장 분석,available,4,weighted_trend_lightgbm,중구,available,36,geocoded_observations_only,44,14,KG041|KG042|KG05|KG06|KG07|KG10|KG111|KG14|KG15|KG171|KG172|KG19|KG21|KG22,2016|2017|2018|2019|2020|2021|2022|2023|2024|2025|2026,0,0,미확보,미확보,,미확보 또는 해당 학교급 아님,missing_age_observations,estimated,no_records,,no_records,,no_records,,no_records,
KLOCAL-59488b5f10bd36dd,참빛유치원,유치원,미추홀구,명칭상 불일치 없음,2026년 1차 공시,확장 분석,available,4,weighted_trend_lightgbm,미추홀구,available,101,geocoded_observations_only,44,14,KG041|KG042|KG05|KG06|KG07|KG10|KG111|KG14|KG15|KG171|KG172|KG19|KG21|KG22,2016|2017|2018|2019|2020|2021|2022|2023|2024|2025|2026,0,0,미확보,미확보,,미확보 또는 해당 학교급 아님,estimated,estimated,no_records,,no_records,,no_records,,no_records,
KLOCAL-5a6e8949c07c2398,인천미송초등학교병설유치원,유치원,연수구,명칭상 불일치 없음,2026년 1차 공시,확장 분석,available,4,weighted_trend_lightgbm,연수구,available,28,geocoded_observations_only,41,14,KG041|KG042|KG05|KG06|KG07|KG10|KG111|KG14|KG15|KG171|KG172|KG19|KG21|KG22,2019|2020|2021|2022|2023|2024|2025|2026,0,0,미확보,미확보,,미확보 또는 해당 학교급 아님,estimated,estimated,no_records,,no_records,,no_records,,no_records,
KLOCAL-5af4890425fbff3c,선원초등학교병설유치원,유치원,강화군,명칭상 불일치 없음,2026년 1차 공시,확장 분석,available,4,weighted_trend_lightgbm,강화군,available,12,geocoded_observations_only,44,14,KG041|KG042|KG05|KG06|KG07|KG10|KG111|KG14|KG15|KG171|KG172|KG19|KG21|KG22,2016|2017|2018|2019|2020|2021|2022|2023|2024|2025|2026,0,0,미확보,미확보,,미확보 또는 해당 학교급 아님,estimated,estimated,no_records,,no_records,,no_records,,no_records,
KLOCAL-5b76fc7bb28b95d2,인천부원초등학교병설유치원,유치원,부평구,명칭상 불일치 없음,2026년 1차 공시,확장 분석,available,4,weighted_trend_lightgbm,부평구,available,107,geocoded_observations_only,44,14,KG041|KG042|KG05|KG06|KG07|KG10|KG111|KG14|KG15|KG171|KG172|KG19|KG21|KG22,2016|2017|2018|2019|2020|2021|2022|2023|2024|2025|2026,0,0,미확보,미확보,,미확보 또는 해당 학교급 아님,estimated,estimated,no_records,,no_records,,no_records,,no_records,
KLOCAL-5d2374027a21efe0,인천길주초등학교병설유치원,유치원,계양구,명칭상 불일치 없음,2026년 1차 공시,확장 분석,available,4,weighted_trend_lightgbm,계양구,available,79,geocoded_observations_only,44,14,KG041|KG042|KG05|KG06|KG07|KG10|KG111|KG14|KG15|KG171|KG172|KG19|KG21|KG22,2016|2017|2018|2019|2020|2021|2022|2023|2024|2025|2026,0,0,미확보,미확보,,미확보 또는 해당 학교급 아님,estimated,estimated,no_records,,no_records,,no_records,,no_records,
KLOCAL-5d9f2a6b9a4b2843,그림나라유치원,유치원,미추홀구,명칭상 불일치 없음,2026년 1차 공시,확장 분석,available,4,weighted_trend_lightgbm,미추홀구,available,73,geocoded_observations_only,44,14,KG041|KG042|KG05|KG06|KG07|KG10|KG111|KG14|KG15|KG171|KG172|KG19|KG21|KG22,2016|2017|2018|2019|2020|2021|2022|2023|2024|2025|2026,0,0,미확보,미확보,,미확보 또는 해당 학교급 아님,estimated,estimated,no_records,,no_records,,no_records,,no_records,
KLOCAL-5ef1a9f30587f281,한빛유치원,유치원,미추홀구,명칭상 불일치 없음,2026년 1차 공시,확장 분석,available,4,weighted_trend_lightgbm,미추홀구,available,84,geocoded_observations_only,44,14,KG041|KG042|KG05|KG06|KG07|KG10|KG111|KG14|KG15|KG171|KG172|KG19|KG21|KG22,2016|2017|2018|2019|2020|2021|2022|2023|2024|2025|2026,0,0,미확보,미확보,,미확보 또는 해당 학교급 아님,estimated,estimated,no_records,,no_records,,no_records,,no_records,
KLOCAL-5f31278c2ab82f0a,아림유치원,유치원,서해구,명칭상 불일치 없음,2026년 1차 공시,확장 분석,available,4,weighted_trend_lightgbm,서구,available,89,geocoded_observations_only,44,14,KG041|KG042|KG05|KG06|KG07|KG10|KG111|KG14|KG15|KG171|KG172|KG19|KG21|KG22,2016|2017|2018|2019|2020|2021|2022|2023|2024|2025|2026,0,0,미확보,미확보,,미확보 또는 해당 학교급 아님,estimated,estimated,no_records,,no_records,,no_records,,no_records,
KLOCAL-5f898a9cc2711bd4,참아름유치원,유치원,연수구,명칭상 불일치 없음,2026년 1차 공시,확장 분석,available,4,weighted_trend_lightgbm,연수구,available,57,geocoded_observations_only,44,14,KG041|KG042|KG05|KG06|KG07|KG10|KG111|KG14|KG15|KG171|KG172|KG19|KG21|KG22,2016|2017|2018|2019|2020|2021|2022|2023|2024|2025|2026,0,0,미확보,미확보,,미확보 또는 해당 학교급 아님,missing_age_observations,missing_age_observations,no_records,,no_records,,no_records,,no_records,
KLOCAL-61114cb3327df41f,인천첨단초등학교병설유치원,유치원,연수구,명칭상 불일치 없음,2026년 1차 공시,확장 분석,available,4,weighted_trend_lightgbm,연수구,no_valid_route_within_search_scope,43,geocoded_observations_only,43,14,KG041|KG042|KG05|KG06|KG07|KG10|KG111|KG14|KG15|KG171|KG172|KG19|KG21|KG22,2017|2018|2019|2020|2021|2022|2023|2024|2025|2026,0,0,미확보,미확보,,미확보 또는 해당 학교급 아님,estimated,estimated,no_records,,no_records,,no_records,,no_records,
KLOCAL-624dd65d9a69a6fd,홍익유치원,유치원,부평구,명칭상 불일치 없음,2026년 1차 공시,확장 분석,available,4,weighted_trend_lightgbm,부평구,available,98,geocoded_observations_only,44,14,KG041|KG042|KG05|KG06|KG07|KG10|KG111|KG14|KG15|KG171|KG172|KG19|KG21|KG22,2016|2017|2018|2019|2020|2021|2022|2023|2024|2025|2026,0,0,미확보,미확보,,미확보 또는 해당 학교급 아님,estimated,estimated,no_records,,no_records,,no_records,,no_records,
KLOCAL-63399426933f9ae4,동화나라유치원,유치원,연수구,명칭상 불일치 없음,2026년 1차 공시,확장 분석,available,4,weighted_trend_lightgbm,연수구,available,62,geocoded_observations_only,44,14,KG041|KG042|KG05|KG06|KG07|KG10|KG111|KG14|KG15|KG171|KG172|KG19|KG21|KG22,2016|2017|2018|2019|2020|2021|2022|2023|2024|2025|2026,0,0,미확보,미확보,,미확보 또는 해당 학교급 아님,estimated,estimated,no_records,,no_records,,no_records,,no_records,
KLOCAL-660f3e0dcf70c20f,새한신유치원,유치원,서해구,명칭상 불일치 없음,2026년 1차 공시,확장 분석,available,4,weighted_trend_lightgbm,서구,available,70,geocoded_observations_only,45,14,KG041|KG042|KG05|KG06|KG07|KG10|KG111|KG14|KG15|KG171|KG172|KG19|KG21|KG22,2016|2018|2019|2020|2021|2022|2023|2024|2025|2026,0,0,미확보,미확보,,미확보 또는 해당 학교급 아님,estimated,estimated,no_records,,no_records,,no_records,,no_records,
KLOCAL-6676c2bcefece192,새싹유치원,유치원,연수구,명칭상 불일치 없음,2026년 1차 공시,확장 분석,available,4,weighted_trend_lightgbm,연수구,available,78,geocoded_observations_only,44,14,KG041|KG042|KG05|KG06|KG07|KG10|KG111|KG14|KG15|KG171|KG172|KG19|KG21|KG22,2016|2017|2018|2019|2020|2021|2022|2023|2024|2025|2026,0,0,미확보,미확보,,미확보 또는 해당 학교급 아님,estimated,estimated,no_records,,no_records,,no_records,,no_records,
KLOCAL-66a6f76a70617813,용화유치원,유치원,미추홀구,명칭상 불일치 없음,2026년 1차 공시,확장 분석,available,4,weighted_trend_lightgbm,미추홀구,available,65,geocoded_observations_only,44,14,KG041|KG042|KG05|KG06|KG07|KG10|KG111|KG14|KG15|KG171|KG172|KG19|KG21|KG22,2016|2017|2018|2019|2020|2021|2022|2023|2024|2025|2026,0,0,미확보,미확보,,미확보 또는 해당 학교급 아님,estimated,estimated,no_records,,no_records,,no_records,,no_records,
KLOCAL-672f25c7875a43e6,덕적초등학교병설유치원,유치원,옹진군,명칭상 불일치 없음,2026년 1차 공시,확장 분석,available,4,weighted_trend_lightgbm,옹진군,no_valid_route_within_search_scope,10,geocoded_observations_only,41,14,KG041|KG042|KG05|KG06|KG07|KG10|KG111|KG14|KG15|KG171|KG172|KG19|KG21|KG22,2016|2017|2018|2019|2023|2024|2025|2026,0,0,미확보,미확보,,미확보 또는 해당 학교급 아님,missing_age_observations,missing_age_observations,no_records,,no_records,,no_records,,no_records,
KLOCAL-674ef65b6f0d148e,코끼리유치원,유치원,강화군,명칭상 불일치 없음,2026년 1차 공시,확장 분석,available,4,weighted_trend_lightgbm,강화군,available,42,geocoded_observations_only,44,14,KG041|KG042|KG05|KG06|KG07|KG10|KG111|KG14|KG15|KG171|KG172|KG19|KG21|KG22,2016|2017|2018|2019|2020|2021|2022|2023|2024|2025|2026,0,0,미확보,미확보,,미확보 또는 해당 학교급 아님,missing_age_observations,estimated,no_records,,no_records,,no_records,,no_records,
KLOCAL-67e0c5eb116913d6,소담숲유치원,유치원,남동구,명칭상 불일치 없음,2026년 1차 공시,확장 분석,available,4,weighted_trend_lightgbm,남동구,available,110,geocoded_observations_only,46,14,KG041|KG042|KG05|KG06|KG07|KG10|KG111|KG14|KG15|KG171|KG172|KG19|KG21|KG22,2016|2017|2018|2019|2020|2021|2022|2023|2024|2025|2026,0,0,미확보,미확보,,미확보 또는 해당 학교급 아님,estimated,estimated,no_records,,no_records,,no_records,,no_records,
KLOCAL-67f73dfaccf6c54c,하점초등학교병설유치원,유치원,강화군,명칭상 불일치 없음,2026년 1차 공시,확장 분석,available,4,weighted_trend_lightgbm,강화군,available,12,geocoded_observations_only,44,14,KG041|KG042|KG05|KG06|KG07|KG10|KG111|KG14|KG15|KG171|KG172|KG19|KG21|KG22,2016|2017|2018|2019|2020|2021|2022|2023|2024|2025|2026,0,0,미확보,미확보,,미확보 또는 해당 학교급 아님,missing_age_observations,missing_age_observations,no_records,,no_records,,no_records,,no_records,
KLOCAL-696372f793199769,예지유치원,유치원,검단구,명칭상 불일치 없음,2026년 1차 공시,확장 분석,available,4,weighted_trend_lightgbm,서구,available,38,geocoded_observations_only,45,14,KG041|KG042|KG05|KG06|KG07|KG10|KG111|KG14|KG15|KG171|KG172|KG19|KG21|KG22,2016|2017|2018|2019|2020|2021|2022|2023|2024|2025|2026,0,0,미확보,미확보,,미확보 또는 해당 학교급 아님,estimated,estimated,no_records,,no_records,,no_records,,no_records,
KLOCAL-6a31f4d9b5c5f65d,인천금곡초등학교병설유치원,유치원,검단구,명칭상 불일치 없음,2026년 1차 공시,확장 분석,available,4,weighted_trend_lightgbm,서구,available,59,geocoded_observations_only,44,14,KG041|KG042|KG05|KG06|KG07|KG10|KG111|KG14|KG15|KG171|KG172|KG19|KG21|KG22,2016|2017|2018|2019|2020|2021|2022|2023|2024|2025|2026,0,0,미확보,미확보,,미확보 또는 해당 학교급 아님,missing_age_observations,missing_age_observations,no_records,,no_records,,no_records,,no_records,
KLOCAL-6a49f1cfda01f663,인천별빛초등학교병설유치원,유치원,영종구,명칭상 불일치 없음,2026년 1차 공시,확장 분석,available,4,weighted_trend_lightgbm,중구,available,54,geocoded_observations_only,39,14,KG041|KG042|KG05|KG06|KG07|KG10|KG111|KG14|KG15|KG171|KG172|KG19|KG21|KG22,2021|2022|2023|2024|2025|2026,0,0,미확보,미확보,,미확보 또는 해당 학교급 아님,estimated,estimated,no_records,,no_records,,no_records,,no_records,
KLOCAL-6ab54af3a2193b78,인천양지초등학교병설유치원,유치원,서해구,명칭상 불일치 없음,2026년 1차 공시,확장 분석,available,4,weighted_trend_lightgbm,서구,available,76,geocoded_observations_only,44,14,KG041|KG042|KG05|KG06|KG07|KG10|KG111|KG14|KG15|KG171|KG172|KG19|KG21|KG22,2016|2017|2018|2019|2020|2021|2022|2023|2024|2025|2026,0,0,미확보,미확보,,미확보 또는 해당 학교급 아님,estimated,estimated,no_records,,no_records,,no_records,,no_records,
KLOCAL-6c86da3feb44d69f,인천미송유치원,유치원,연수구,명칭상 불일치 없음,2026년 1차 공시,확장 분석,available,4,weighted_trend_lightgbm,연수구,available,28,geocoded_observations_only,38,14,KG041|KG042|KG05|KG06|KG07|KG10|KG111|KG14|KG15|KG171|KG172|KG19|KG21|KG22,2022|2023|2024|2025|2026,0,0,미확보,미확보,,미확보 또는 해당 학교급 아님,estimated,estimated,no_records,,no_records,,no_records,,no_records,
KLOCAL-6cc247e473a0dd94,인보유치원,유치원,연수구,명칭상 불일치 없음,2026년 1차 공시,확장 분석,available,4,weighted_trend_lightgbm,연수구,available,56,geocoded_observations_only,44,14,KG041|KG042|KG05|KG06|KG07|KG10|KG111|KG14|KG15|KG171|KG172|KG19|KG21|KG22,2016|2017|2018|2019|2020|2021|2022|2023|2024|2025|2026,0,0,미확보,미확보,,미확보 또는 해당 학교급 아님,estimated,estimated,no_records,,no_records,,no_records,,no_records,
KLOCAL-6daf1b262c32a08c,동심유치원,유치원,남동구,명칭상 불일치 없음,2026년 1차 공시,확장 분석,available,4,weighted_trend_lightgbm,남동구,available,100,geocoded_observations_only,44,14,KG041|KG042|KG05|KG06|KG07|KG10|KG111|KG14|KG15|KG171|KG172|KG19|KG21|KG22,2016|2017|2018|2019|2020|2021|2022|2023|2024|2025|2026,0,0,미확보,미확보,,미확보 또는 해당 학교급 아님,estimated,estimated,no_records,,no_records,,no_records,,no_records,
KLOCAL-6ea342592d10ee06,한샘유치원,유치원,서해구,명칭상 불일치 없음,2026년 1차 공시,확장 분석,available,4,weighted_trend_lightgbm,서구,available,62,geocoded_observations_only,49,14,KG041|KG042|KG05|KG06|KG07|KG10|KG111|KG14|KG15|KG171|KG172|KG19|KG21|KG22,2016|2017|2018|2019|2020|2021|2022|2023|2024|2025|2026,0,0,미확보,미확보,,미확보 또는 해당 학교급 아님,missing_age_observations,estimated,no_records,,no_records,,no_records,,no_records,
KLOCAL-6f2e5971d64c0765,인천장서초등학교병설유치원,유치원,남동구,명칭상 불일치 없음,2026년 1차 공시,확장 분석,available,4,weighted_trend_lightgbm,남동구,available,53,geocoded_observations_only,44,14,KG041|KG042|KG05|KG06|KG07|KG10|KG111|KG14|KG15|KG171|KG172|KG19|KG21|KG22,2016|2017|2018|2019|2020|2021|2022|2023|2024|2025|2026,0,0,미확보,미확보,,미확보 또는 해당 학교급 아님,estimated,estimated,no_records,,no_records,,no_records,,no_records,
KLOCAL-6fa4617437939184,꿈드림유치원,유치원,서해구,명칭상 불일치 없음,2026년 1차 공시,확장 분석,available,4,weighted_trend_lightgbm,서구,available,66,geocoded_observations_only,44,14,KG041|KG042|KG05|KG06|KG07|KG10|KG111|KG14|KG15|KG171|KG172|KG19|KG21|KG22,2016|2017|2018|2019|2020|2021|2022|2023|2024|2025|2026,0,0,미확보,미확보,,미확보 또는 해당 학교급 아님,estimated,estimated,no_records,,no_records,,no_records,,no_records,
KLOCAL-700c16dffdf23664,청학숲유치원,유치원,연수구,명칭상 불일치 없음,2026년 1차 공시,확장 분석,available,4,weighted_trend_lightgbm,연수구,available,83,geocoded_observations_only,44,14,KG041|KG042|KG05|KG06|KG07|KG10|KG111|KG14|KG15|KG171|KG172|KG19|KG21|KG22,2016|2017|2018|2019|2020|2021|2022|2023|2024|2025|2026,0,0,미확보,미확보,,미확보 또는 해당 학교급 아님,estimated,estimated,no_records,,no_records,,no_records,,no_records,
KLOCAL-70a3bf4262c4bc52,세종유치원,유치원,미추홀구,명칭상 불일치 없음,2026년 1차 공시,확장 분석,available,4,weighted_trend_lightgbm,미추홀구,available,85,geocoded_observations_only,44,14,KG041|KG042|KG05|KG06|KG07|KG10|KG111|KG14|KG15|KG171|KG172|KG19|KG21|KG22,2016|2017|2018|2019|2020|2021|2022|2023|2024|2025|2026,0,0,미확보,미확보,,미확보 또는 해당 학교급 아님,estimated,estimated,no_records,,no_records,,no_records,,no_records,
KLOCAL-710c5518488064ab,인천당하초등학교병설유치원,유치원,검단구,명칭상 불일치 없음,2026년 1차 공시,확장 분석,available,4,weighted_trend_lightgbm,서구,available,54,geocoded_observations_only,44,14,KG041|KG042|KG05|KG06|KG07|KG10|KG111|KG14|KG15|KG171|KG172|KG19|KG21|KG22,2016|2017|2018|2019|2020|2021|2022|2023|2024|2025|2026,0,0,미확보,미확보,,미확보 또는 해당 학교급 아님,estimated,estimated,no_records,,no_records,,no_records,,no_records,
KLOCAL-7268e62cbbfb14b0,인천부평동초등학교병설유치원,유치원,부평구,명칭상 불일치 없음,2026년 1차 공시,확장 분석,available,4,weighted_trend_lightgbm,부평구,available,109,geocoded_observations_only,44,14,KG041|KG042|KG05|KG06|KG07|KG10|KG111|KG14|KG15|KG171|KG172|KG19|KG21|KG22,2016|2017|2018|2019|2020|2021|2022|2023|2024|2025|2026,0,0,미확보,미확보,,미확보 또는 해당 학교급 아님,estimated,estimated,no_records,,no_records,,no_records,,no_records,
KLOCAL-72698116ed206e92,프라임건영유치원,유치원,미추홀구,명칭상 불일치 없음,2026년 1차 공시,확장 분석,available,4,weighted_trend_lightgbm,미추홀구,available,96,geocoded_observations_only,43,14,KG041|KG042|KG05|KG06|KG07|KG10|KG111|KG14|KG15|KG171|KG172|KG19|KG21|KG22,2017|2018|2019|2020|2021|2022|2023|2024|2025|2026,0,0,미확보,미확보,,미확보 또는 해당 학교급 아님,estimated,estimated,no_records,,no_records,,no_records,,no_records,
KLOCAL-72edaafd1436ee88,인천용학초등학교병설유치원,유치원,미추홀구,명칭상 불일치 없음,2026년 1차 공시,확장 분석,available,4,weighted_trend_lightgbm,미추홀구,available,68,geocoded_observations_only,43,14,KG041|KG042|KG05|KG06|KG07|KG10|KG111|KG14|KG15|KG171|KG172|KG19|KG21|KG22,2017|2018|2019|2020|2021|2022|2023|2024|2025|2026,0,0,미확보,미확보,,미확보 또는 해당 학교급 아님,estimated,estimated,no_records,,no_records,,no_records,,no_records,
KLOCAL-73ccc783a23f0675,인천송현초등학교병설유치원,유치원,제물포구,명칭상 불일치 없음,2026년 1차 공시,확장 분석,available,4,weighted_trend_lightgbm,동구,available,70,geocoded_observations_only,44,14,KG041|KG042|KG05|KG06|KG07|KG10|KG111|KG14|KG15|KG171|KG172|KG19|KG21|KG22,2016|2017|2018|2019|2020|2021|2022|2023|2024|2025|2026,0,0,미확보,미확보,,미확보 또는 해당 학교급 아님,estimated,estimated,no_records,,no_records,,no_records,,no_records,
KLOCAL-7463c2756c15c1d3,명신초등학교병설유치원,유치원,강화군,명칭상 불일치 없음,2026년 1차 공시,확장 분석,available,4,weighted_trend_lightgbm,강화군,available,14,geocoded_observations_only,44,14,KG041|KG042|KG05|KG06|KG07|KG10|KG111|KG14|KG15|KG171|KG172|KG19|KG21|KG22,2016|2017|2018|2019|2020|2021|2022|2023|2024|2025|2026,0,0,미확보,미확보,,미확보 또는 해당 학교급 아님,missing_age_observations,missing_age_observations,no_records,,no_records,,no_records,,no_records,
KLOCAL-74d6accdee6575bd,인천연안초등학교병설유치원,유치원,제물포구,명칭상 불일치 없음,2026년 1차 공시,확장 분석,available,4,weighted_trend_lightgbm,중구,available,15,geocoded_observations_only,41,14,KG041|KG042|KG05|KG06|KG07|KG10|KG111|KG14|KG15|KG171|KG172|KG19|KG21|KG22,2019|2020|2021|2022|2023|2024|2025|2026,0,0,미확보,미확보,,미확보 또는 해당 학교급 아님,estimated,estimated,no_records,,no_records,,no_records,,no_records,
KLOCAL-7738df6499839a0d,인천부개서초등학교병설유치원,유치원,부평구,명칭상 불일치 없음,2026년 1차 공시,확장 분석,available,4,weighted_trend_lightgbm,부평구,available,85,geocoded_observations_only,44,14,KG041|KG042|KG05|KG06|KG07|KG10|KG111|KG14|KG15|KG171|KG172|KG19|KG21|KG22,2016|2017|2018|2019|2020|2021|2022|2023|2024|2025|2026,0,0,미확보,미확보,,미확보 또는 해당 학교급 아님,estimated,estimated,no_records,,no_records,,no_records,,no_records,
KLOCAL-778bc903de10783e,연수유치원,유치원,연수구,명칭상 불일치 없음,2026년 1차 공시,확장 분석,available,4,weighted_trend_lightgbm,연수구,available,87,geocoded_observations_only,44,14,KG041|KG042|KG05|KG06|KG07|KG10|KG111|KG14|KG15|KG171|KG172|KG19|KG21|KG22,2016|2017|2018|2019|2020|2021|2022|2023|2024|2025|2026,0,0,미확보,미확보,,미확보 또는 해당 학교급 아님,estimated,estimated,no_records,,no_records,,no_records,,no_records,
KLOCAL-77ee1fd2c433efee,소명유치원,유치원,미추홀구,명칭상 불일치 없음,2026년 1차 공시,확장 분석,available,4,weighted_trend_lightgbm,미추홀구,available,81,geocoded_observations_only,44,14,KG041|KG042|KG05|KG06|KG07|KG10|KG111|KG14|KG15|KG171|KG172|KG19|KG21|KG22,2016|2017|2018|2019|2020|2021|2022|2023|2024|2025|2026,0,0,미확보,미확보,,미확보 또는 해당 학교급 아님,estimated,estimated,no_records,,no_records,,no_records,,no_records,
KLOCAL-78746bcfc6086f14,인천청천초등학교병설유치원,유치원,부평구,명칭상 불일치 없음,2026년 1차 공시,확장 분석,available,4,weighted_trend_lightgbm,부평구,available,71,geocoded_observations_only,36,14,KG041|KG042|KG05|KG06|KG07|KG10|KG111|KG14|KG15|KG171|KG172|KG19|KG21|KG22,2024|2025|2026,0,0,미확보,미확보,,미확보 또는 해당 학교급 아님,estimated,estimated,no_records,,no_records,,no_records,,no_records,
KLOCAL-78df8739d8df4799,인천학익초등학교병설유치원,유치원,미추홀구,명칭상 불일치 없음,2026년 1차 공시,확장 분석,available,4,weighted_trend_lightgbm,미추홀구,available,85,geocoded_observations_only,44,14,KG041|KG042|KG05|KG06|KG07|KG10|KG111|KG14|KG15|KG171|KG172|KG19|KG21|KG22,2016|2017|2018|2019|2020|2021|2022|2023|2024|2025|2026,0,0,미확보,미확보,,미확보 또는 해당 학교급 아님,estimated,estimated,no_records,,no_records,,no_records,,no_records,
KLOCAL-7934e4a94676471a,인천검단호수초등학교병설유치원,유치원,검단구,명칭상 불일치 없음,2026년 1차 공시,확장 분석,available,0,insufficient_history,해당 산출물 없음,no_valid_route_within_search_scope,44,geocoded_observations_only,20,14,KG041|KG042|KG05|KG06|KG07|KG10|KG111|KG14|KG15|KG171|KG172|KG19|KG21|KG22,2026,0,0,미확보,미확보,,미확보 또는 해당 학교급 아님,estimated,estimated,no_records,,no_records,,no_records,,no_records,
KLOCAL-795e68028ccfe327,인천굴포초등학교병설유치원,유치원,부평구,명칭상 불일치 없음,2026년 1차 공시,확장 분석,available,4,weighted_trend_lightgbm,부평구,available,96,geocoded_observations_only,44,14,KG041|KG042|KG05|KG06|KG07|KG10|KG111|KG14|KG15|KG171|KG172|KG19|KG21|KG22,2016|2017|2018|2019|2020|2021|2022|2023|2024|2025|2026,0,0,미확보,미확보,,미확보 또는 해당 학교급 아님,estimated,estimated,no_records,,no_records,,no_records,,no_records,
KLOCAL-799d3765effdf6c9,The큰빛유치원,유치원,부평구,명칭상 불일치 없음,2026년 1차 공시,확장 분석,available,4,weighted_trend_lightgbm,부평구,available,112,geocoded_observations_only,44,14,KG041|KG042|KG05|KG06|KG07|KG10|KG111|KG14|KG15|KG171|KG172|KG19|KG21|KG22,2016|2017|2018|2019|2020|2021|2022|2023|2024|2025|2026,0,0,미확보,미확보,,미확보 또는 해당 학교급 아님,estimated,estimated,no_records,,no_records,,no_records,,no_records,
KLOCAL-7a8ef99aafe1ff7b,예빛유치원,유치원,서해구,명칭상 불일치 없음,2026년 1차 공시,확장 분석,available,4,weighted_trend_lightgbm,서구,available,33,geocoded_observations_only,45,14,KG041|KG042|KG05|KG06|KG07|KG10|KG111|KG14|KG15|KG171|KG172|KG19|KG21|KG22,2016|2017|2018|2019|2020|2021|2022|2023|2024|2025|2026,0,0,미확보,미확보,,미확보 또는 해당 학교급 아님,estimated,estimated,no_records,,no_records,,no_records,,no_records,
KLOCAL-7b4637c902db7d09,아이사랑유치원,유치원,서해구,명칭상 불일치 없음,2026년 1차 공시,확장 분석,available,4,weighted_trend_lightgbm,서구,available,67,geocoded_observations_only,45,14,KG041|KG042|KG05|KG06|KG07|KG10|KG111|KG14|KG15|KG171|KG172|KG19|KG21|KG22,2016|2017|2018|2019|2020|2021|2022|2023|2024|2025|2026,0,0,미확보,미확보,,미확보 또는 해당 학교급 아님,estimated,estimated,no_records,,no_records,,no_records,,no_records,
KLOCAL-7b7d4c15574d22f9,인천이음초등학교병설유치원,유치원,검단구,명칭상 불일치 없음,2026년 1차 공시,확장 분석,available,4,weighted_trend_lightgbm,서구,no_valid_route_within_search_scope,65,geocoded_observations_only,37,14,KG041|KG042|KG05|KG06|KG07|KG10|KG111|KG14|KG15|KG171|KG172|KG19|KG21|KG22,2023|2024|2025|2026,0,0,미확보,미확보,,미확보 또는 해당 학교급 아님,estimated,estimated,no_records,,no_records,,no_records,,no_records,
KLOCAL-7be51d44cb858bb5,인천검단나래유치원,유치원,검단구,명칭상 불일치 없음,2026년 1차 공시,확장 분석,available,4,insufficient_history,서구,available,52,geocoded_observations_only,35,14,KG041|KG042|KG05|KG06|KG07|KG10|KG111|KG14|KG15|KG171|KG172|KG19|KG21|KG22,2025|2026,0,0,미확보,미확보,,미확보 또는 해당 학교급 아님,estimated,missing_age_observations,no_records,,no_records,,no_records,,no_records,
KLOCAL-7c23e3e4581c56be,인천대화초등학교병설유치원,유치원,미추홀구,명칭상 불일치 없음,2026년 1차 공시,확장 분석,available,4,weighted_trend_lightgbm,미추홀구,available,75,geocoded_observations_only,44,14,KG041|KG042|KG05|KG06|KG07|KG10|KG111|KG14|KG15|KG171|KG172|KG19|KG21|KG22,2016|2017|2018|2019|2020|2021|2022|2023|2024|2025|2026,0,0,미확보,미확보,,미확보 또는 해당 학교급 아님,estimated,estimated,no_records,,no_records,,no_records,,no_records,
KLOCAL-7cd8621a409ee80e,인천먼우금초등학교병설유치원,유치원,연수구,명칭상 불일치 없음,2026년 1차 공시,확장 분석,available,4,weighted_trend_lightgbm,연수구,available,66,geocoded_observations_only,44,14,KG041|KG042|KG05|KG06|KG07|KG10|KG111|KG14|KG15|KG171|KG172|KG19|KG21|KG22,2016|2017|2018|2019|2020|2021|2022|2023|2024|2025|2026,0,0,미확보,미확보,,미확보 또는 해당 학교급 아님,estimated,estimated,no_records,,no_records,,no_records,,no_records,
KLOCAL-7d5c804848608a29,인천발산초등학교병설유치원,유치원,검단구,명칭상 불일치 없음,2026년 1차 공시,확장 분석,available,4,weighted_trend_lightgbm,서구,available,65,geocoded_observations_only,44,14,KG041|KG042|KG05|KG06|KG07|KG10|KG111|KG14|KG15|KG171|KG172|KG19|KG21|KG22,2016|2017|2018|2019|2020|2021|2022|2023|2024|2025|2026,0,0,미확보,미확보,,미확보 또는 해당 학교급 아님,estimated,estimated,no_records,,no_records,,no_records,,no_records,
KLOCAL-7d6ec0482027aa78,인천예송유치원,유치원,연수구,명칭상 불일치 없음,2026년 1차 공시,확장 분석,available,4,weighted_trend_lightgbm,연수구,available,42,geocoded_observations_only,43,14,KG041|KG042|KG05|KG06|KG07|KG10|KG111|KG14|KG15|KG171|KG172|KG19|KG21|KG22,2017|2018|2019|2020|2021|2022|2023|2024|2025|2026,0,0,미확보,미확보,,미확보 또는 해당 학교급 아님,estimated,estimated,no_records,,no_records,,no_records,,no_records,
KLOCAL-7db8731930533c91,서해유치원,유치원,계양구,명칭상 불일치 없음,2026년 1차 공시,확장 분석,available,4,weighted_trend_lightgbm,계양구,available,108,geocoded_observations_only,44,14,KG041|KG042|KG05|KG06|KG07|KG10|KG111|KG14|KG15|KG171|KG172|KG19|KG21|KG22,2016|2017|2018|2019|2020|2021|2022|2023|2024|2025|2026,0,0,미확보,미확보,,미확보 또는 해당 학교급 아님,estimated,estimated,no_records,,no_records,,no_records,,no_records,
KLOCAL-7de363a40d49f18a,인천안남초등학교병설유치원,유치원,계양구,명칭상 불일치 없음,2026년 1차 공시,확장 분석,available,4,weighted_trend_lightgbm,계양구,available,105,geocoded_observations_only,44,14,KG041|KG042|KG05|KG06|KG07|KG10|KG111|KG14|KG15|KG171|KG172|KG19|KG21|KG22,2016|2017|2018|2019|2020|2021|2022|2023|2024|2025|2026,0,0,미확보,미확보,,미확보 또는 해당 학교급 아님,estimated,estimated,no_records,,no_records,,no_records,,no_records,
KLOCAL-7e04553d125db319,송현유치원,유치원,제물포구,명칭상 불일치 없음,2026년 1차 공시,확장 분석,available,4,weighted_trend_lightgbm,동구,available,65,geocoded_observations_only,44,14,KG041|KG042|KG05|KG06|KG07|KG10|KG111|KG14|KG15|KG171|KG172|KG19|KG21|KG22,2016|2017|2018|2019|2020|2021|2022|2023|2024|2025|2026,0,0,미확보,미확보,,미확보 또는 해당 학교급 아님,estimated,estimated,no_records,,no_records,,no_records,,no_records,
KLOCAL-7e2349d1d3ce7603,인천신현북초등학교병설유치원,유치원,서해구,명칭상 불일치 없음,2026년 1차 공시,확장 분석,available,4,weighted_trend_lightgbm,서구,available,73,geocoded_observations_only,44,14,KG041|KG042|KG05|KG06|KG07|KG10|KG111|KG14|KG15|KG171|KG172|KG19|KG21|KG22,2016|2017|2018|2019|2020|2021|2022|2023|2024|2025|2026,0,0,미확보,미확보,,미확보 또는 해당 학교급 아님,missing_age_observations,estimated,no_records,,no_records,,no_records,,no_records,
KLOCAL-7e915f13c355f440,브레인유치원,유치원,남동구,명칭상 불일치 없음,2026년 1차 공시,확장 분석,available,4,weighted_trend_lightgbm,남동구,available,81,geocoded_observations_only,44,14,KG041|KG042|KG05|KG06|KG07|KG10|KG111|KG14|KG15|KG171|KG172|KG19|KG21|KG22,2016|2017|2018|2019|2020|2021|2022|2023|2024|2025|2026,0,0,미확보,미확보,,미확보 또는 해당 학교급 아님,estimated,estimated,no_records,,no_records,,no_records,,no_records,
KLOCAL-7eca59cf2b27adeb,인천서곶초등학교병설유치원,유치원,서해구,명칭상 불일치 없음,2026년 1차 공시,확장 분석,available,4,weighted_trend_lightgbm,서구,available,74,geocoded_observations_only,40,14,KG041|KG042|KG05|KG06|KG07|KG10|KG111|KG14|KG15|KG171|KG172|KG19|KG21|KG22,2020|2021|2022|2023|2024|2025|2026,0,0,미확보,미확보,,미확보 또는 해당 학교급 아님,estimated,estimated,no_records,,no_records,,no_records,,no_records,
KLOCAL-7f0082a29bbc1873,재능대학교부속유치원,유치원,제물포구,명칭상 불일치 없음,2026년 1차 공시,확장 분석,available,4,weighted_trend_lightgbm,동구,available,83,geocoded_observations_only,54,14,KG041|KG042|KG05|KG06|KG07|KG10|KG111|KG14|KG15|KG171|KG172|KG19|KG21|KG22,2016|2017|2018|2019|2020|2021|2022|2023|2024|2025|2026,0,0,미확보,미확보,,미확보 또는 해당 학교급 아님,estimated,estimated,no_records,,no_records,,no_records,,no_records,
KLOCAL-7f4baf8d3ec9cb63,숭의유치원,유치원,미추홀구,명칭상 불일치 없음,2026년 1차 공시,확장 분석,available,4,weighted_trend_lightgbm,미추홀구,available,101,geocoded_observations_only,44,14,KG041|KG042|KG05|KG06|KG07|KG10|KG111|KG14|KG15|KG171|KG172|KG19|KG21|KG22,2016|2017|2018|2019|2020|2021|2022|2023|2024|2025|2026,0,0,미확보,미확보,,미확보 또는 해당 학교급 아님,estimated,estimated,no_records,,no_records,,no_records,,no_records,
KLOCAL-8178a2810111b4ae,꿈의보람유치원,유치원,남동구,명칭상 불일치 없음,2026년 1차 공시,확장 분석,available,4,weighted_trend_lightgbm,남동구,available,112,geocoded_observations_only,44,14,KG041|KG042|KG05|KG06|KG07|KG10|KG111|KG14|KG15|KG171|KG172|KG19|KG21|KG22,2016|2017|2018|2019|2020|2021|2022|2023|2024|2025|2026,0,0,미확보,미확보,,미확보 또는 해당 학교급 아님,estimated,estimated,no_records,,no_records,,no_records,,no_records,
KLOCAL-820463ae379873df,노틀담유치원,유치원,계양구,명칭상 불일치 없음,2026년 1차 공시,확장 분석,available,4,weighted_trend_lightgbm,계양구,available,63,geocoded_observations_only,45,14,KG041|KG042|KG05|KG06|KG07|KG10|KG111|KG14|KG15|KG171|KG172|KG19|KG21|KG22,2016|2017|2018|2019|2020|2021|2022|2023|2024|2025|2026,0,0,미확보,미확보,,미확보 또는 해당 학교급 아님,estimated,estimated,no_records,,no_records,,no_records,,no_records,
KLOCAL-82eb89aae72bf48f,백령성모유치원,유치원,옹진군,명칭상 불일치 없음,2026년 1차 공시,확장 분석,available,4,weighted_trend_lightgbm,옹진군,no_valid_route_within_search_scope,17,geocoded_observations_only,44,14,KG041|KG042|KG05|KG06|KG07|KG10|KG111|KG14|KG15|KG171|KG172|KG19|KG21|KG22,2016|2017|2018|2019|2020|2021|2022|2023|2024|2025|2026,0,0,미확보,미확보,,미확보 또는 해당 학교급 아님,missing_age_observations,missing_age_observations,no_records,,no_records,,no_records,,no_records,
KLOCAL-835ca4886f808119,인천용정초등학교병설유치원,유치원,미추홀구,명칭상 불일치 없음,2026년 1차 공시,확장 분석,available,4,weighted_trend_lightgbm,미추홀구,available,101,geocoded_observations_only,44,14,KG041|KG042|KG05|KG06|KG07|KG10|KG111|KG14|KG15|KG171|KG172|KG19|KG21|KG22,2016|2017|2018|2019|2020|2021|2022|2023|2024|2025|2026,0,0,미확보,미확보,,미확보 또는 해당 학교급 아님,estimated,estimated,no_records,,no_records,,no_records,,no_records,
KLOCAL-85120f2449c7bce0,밀알유치원,유치원,미추홀구,명칭상 불일치 없음,2026년 1차 공시,확장 분석,available,4,weighted_trend_lightgbm,미추홀구,available,71,geocoded_observations_only,45,14,KG041|KG042|KG05|KG06|KG07|KG10|KG111|KG14|KG15|KG171|KG172|KG19|KG21|KG22,2016|2017|2018|2019|2020|2021|2022|2023|2024|2025|2026,0,0,미확보,미확보,,미확보 또는 해당 학교급 아님,estimated,estimated,no_records,,no_records,,no_records,,no_records,
KLOCAL-8550dfd9204474b8,프라임청라유치원,유치원,서해구,명칭상 불일치 없음,2026년 1차 공시,확장 분석,available,4,weighted_trend_lightgbm,서구,available,69,geocoded_observations_only,44,14,KG041|KG042|KG05|KG06|KG07|KG10|KG111|KG14|KG15|KG171|KG172|KG19|KG21|KG22,2016|2017|2018|2019|2020|2021|2022|2023|2024|2025|2026,0,0,미확보,미확보,,미확보 또는 해당 학교급 아님,estimated,estimated,no_records,,no_records,,no_records,,no_records,
KLOCAL-85f5756001b304e3,인천경원초등학교병설유치원,유치원,미추홀구,명칭상 불일치 없음,2026년 1차 공시,확장 분석,available,4,weighted_trend_lightgbm,미추홀구,available,99,geocoded_observations_only,44,14,KG041|KG042|KG05|KG06|KG07|KG10|KG111|KG14|KG15|KG171|KG172|KG19|KG21|KG22,2016|2017|2018|2019|2020|2021|2022|2023|2024|2025|2026,0,0,미확보,미확보,,미확보 또는 해당 학교급 아님,estimated,estimated,no_records,,no_records,,no_records,,no_records,
KLOCAL-860b4fda06d66205,진흥유치원,유치원,미추홀구,명칭상 불일치 없음,2026년 1차 공시,확장 분석,available,4,weighted_trend_lightgbm,미추홀구,available,99,geocoded_observations_only,44,14,KG041|KG042|KG05|KG06|KG07|KG10|KG111|KG14|KG15|KG171|KG172|KG19|KG21|KG22,2016|2017|2018|2019|2020|2021|2022|2023|2024|2025|2026,0,0,미확보,미확보,,미확보 또는 해당 학교급 아님,estimated,estimated,no_records,,no_records,,no_records,,no_records,
KLOCAL-8623b37927321be0,부광유치원,유치원,연수구,명칭상 불일치 없음,2026년 1차 공시,확장 분석,available,4,weighted_trend_lightgbm,연수구,available,81,geocoded_observations_only,44,14,KG041|KG042|KG05|KG06|KG07|KG10|KG111|KG14|KG15|KG171|KG172|KG19|KG21|KG22,2016|2017|2018|2019|2020|2021|2022|2023|2024|2025|2026,0,0,미확보,미확보,,미확보 또는 해당 학교급 아님,estimated,estimated,no_records,,no_records,,no_records,,no_records,
KLOCAL-89210c1d0d118cbb,제니스유치원,유치원,남동구,명칭상 불일치 없음,2026년 1차 공시,확장 분석,available,4,weighted_trend_lightgbm,남동구,no_valid_route_within_search_scope,44,geocoded_observations_only,44,14,KG041|KG042|KG05|KG06|KG07|KG10|KG111|KG14|KG15|KG171|KG172|KG19|KG21|KG22,2016|2017|2018|2019|2020|2021|2022|2023|2024|2025|2026,0,0,미확보,미확보,,미확보 또는 해당 학교급 아님,estimated,estimated,no_records,,no_records,,no_records,,no_records,
KLOCAL-896263eeca0cb24e,인천화전유치원,유치원,계양구,명칭상 불일치 없음,2026년 1차 공시,확장 분석,available,4,weighted_trend_lightgbm,계양구,available,99,geocoded_observations_only,44,14,KG041|KG042|KG05|KG06|KG07|KG10|KG111|KG14|KG15|KG171|KG172|KG19|KG21|KG22,2016|2017|2018|2019|2020|2021|2022|2023|2024|2025|2026,0,0,미확보,미확보,,미확보 또는 해당 학교급 아님,estimated,estimated,no_records,,no_records,,no_records,,no_records,
KLOCAL-89a34f512aff0b8a,자유유치원,유치원,제물포구,명칭상 불일치 없음,2026년 1차 공시,확장 분석,available,4,weighted_trend_lightgbm,중구,available,60,geocoded_observations_only,44,14,KG041|KG042|KG05|KG06|KG07|KG10|KG111|KG14|KG15|KG171|KG172|KG19|KG21|KG22,2016|2017|2018|2019|2020|2021|2022|2023|2024|2025|2026,0,0,미확보,미확보,,미확보 또는 해당 학교급 아님,estimated,estimated,no_records,,no_records,,no_records,,no_records,
KLOCAL-89f989b3e811883f,산들유치원,유치원,계양구,명칭상 불일치 없음,2026년 1차 공시,확장 분석,available,4,weighted_trend_lightgbm,계양구,available,32,geocoded_observations_only,46,14,KG041|KG042|KG05|KG06|KG07|KG10|KG111|KG14|KG15|KG171|KG172|KG19|KG21|KG22,2016|2017|2018|2019|2020|2021|2022|2023|2024|2025|2026,0,0,미확보,미확보,,미확보 또는 해당 학교급 아님,missing_age_observations,estimated,no_records,,no_records,,no_records,,no_records,
KLOCAL-8a9b86e4d794522b,꼬마정원유치원,유치원,검단구,명칭상 불일치 없음,2026년 1차 공시,확장 분석,available,4,weighted_trend_lightgbm,서구,available,21,geocoded_observations_only,48,14,KG041|KG042|KG05|KG06|KG07|KG10|KG111|KG14|KG15|KG171|KG172|KG19|KG21|KG22,2016|2017|2018|2019|2020|2021|2022|2023|2024|2025|2026,0,0,미확보,미확보,,미확보 또는 해당 학교급 아님,estimated,estimated,no_records,,no_records,,no_records,,no_records,
KLOCAL-8ba02afc753343e4,인천신선초등학교병설유치원,유치원,제물포구,명칭상 불일치 없음,2026년 1차 공시,확장 분석,available,4,weighted_trend_lightgbm,중구,available,43,geocoded_observations_only,44,14,KG041|KG042|KG05|KG06|KG07|KG10|KG111|KG14|KG15|KG171|KG172|KG19|KG21|KG22,2016|2017|2018|2019|2020|2021|2022|2023|2024|2025|2026,0,0,미확보,미확보,,미확보 또는 해당 학교급 아님,estimated,estimated,no_records,,no_records,,no_records,,no_records,
KLOCAL-8dd20cefda1ca1a9,마리아유치원,유치원,계양구,명칭상 불일치 없음,2026년 1차 공시,확장 분석,available,4,weighted_trend_lightgbm,계양구,available,90,geocoded_observations_only,44,14,KG041|KG042|KG05|KG06|KG07|KG10|KG111|KG14|KG15|KG171|KG172|KG19|KG21|KG22,2016|2017|2018|2019|2020|2021|2022|2023|2024|2025|2026,0,0,미확보,미확보,,미확보 또는 해당 학교급 아님,estimated,estimated,no_records,,no_records,,no_records,,no_records,
KLOCAL-8e217d7a0b8a977c,무지개유치원,유치원,검단구,명칭상 불일치 없음,2026년 1차 공시,확장 분석,available,4,weighted_trend_lightgbm,서구,available,66,geocoded_observations_only,44,14,KG041|KG042|KG05|KG06|KG07|KG10|KG111|KG14|KG15|KG171|KG172|KG19|KG21|KG22,2016|2017|2018|2019|2020|2021|2022|2023|2024|2025|2026,0,0,미확보,미확보,,미확보 또는 해당 학교급 아님,estimated,estimated,no_records,,no_records,,no_records,,no_records,
KLOCAL-8e56ade33984c867,인천축현초등학교병설유치원,유치원,연수구,명칭상 불일치 없음,2026년 1차 공시,확장 분석,available,4,weighted_trend_lightgbm,연수구,available,86,geocoded_observations_only,44,14,KG041|KG042|KG05|KG06|KG07|KG10|KG111|KG14|KG15|KG171|KG172|KG19|KG21|KG22,2016|2017|2018|2019|2020|2021|2022|2023|2024|2025|2026,0,0,미확보,미확보,,미확보 또는 해당 학교급 아님,estimated,estimated,no_records,,no_records,,no_records,,no_records,
KLOCAL-8ed8228b0a070bd1,꿈나라유치원,유치원,부평구,명칭상 불일치 없음,2026년 1차 공시,확장 분석,available,4,weighted_trend_lightgbm,부평구,available,96,geocoded_observations_only,44,14,KG041|KG042|KG05|KG06|KG07|KG10|KG111|KG14|KG15|KG171|KG172|KG19|KG21|KG22,2016|2017|2018|2019|2020|2021|2022|2023|2024|2025|2026,0,0,미확보,미확보,,미확보 또는 해당 학교급 아님,estimated,estimated,no_records,,no_records,,no_records,,no_records,
KLOCAL-8f015ad565f90f24,인천가정초등학교병설유치원,유치원,서해구,명칭상 불일치 없음,2026년 1차 공시,확장 분석,available,4,weighted_trend_lightgbm,서구,available,82,geocoded_observations_only,44,14,KG041|KG042|KG05|KG06|KG07|KG10|KG111|KG14|KG15|KG171|KG172|KG19|KG21|KG22,2016|2017|2018|2019|2020|2021|2022|2023|2024|2025|2026,0,0,미확보,미확보,,미확보 또는 해당 학교급 아님,estimated,estimated,no_records,,no_records,,no_records,,no_records,
KLOCAL-92309078310854ad,인천소양초등학교병설유치원,유치원,계양구,명칭상 불일치 없음,2026년 1차 공시,확장 분석,available,4,weighted_trend_lightgbm,계양구,available,58,geocoded_observations_only,44,14,KG041|KG042|KG05|KG06|KG07|KG10|KG111|KG14|KG15|KG171|KG172|KG19|KG21|KG22,2016|2017|2018|2019|2020|2021|2022|2023|2024|2025|2026,0,0,미확보,미확보,,미확보 또는 해당 학교급 아님,estimated,estimated,no_records,,no_records,,no_records,,no_records,
KLOCAL-93134beb67614dd4,아란유치원,유치원,부평구,명칭상 불일치 없음,2026년 1차 공시,확장 분석,available,4,weighted_trend_lightgbm,부평구,available,99,geocoded_observations_only,44,14,KG041|KG042|KG05|KG06|KG07|KG10|KG111|KG14|KG15|KG171|KG172|KG19|KG21|KG22,2016|2017|2018|2019|2020|2021|2022|2023|2024|2025|2026,0,0,미확보,미확보,,미확보 또는 해당 학교급 아님,estimated,estimated,no_records,,no_records,,no_records,,no_records,
KLOCAL-95018410bf5fd937,성바오로유치원,유치원,미추홀구,명칭상 불일치 없음,2026년 1차 공시,확장 분석,available,4,weighted_trend_lightgbm,미추홀구,available,102,geocoded_observations_only,46,14,KG041|KG042|KG05|KG06|KG07|KG10|KG111|KG14|KG15|KG171|KG172|KG19|KG21|KG22,2016|2017|2018|2019|2020|2021|2022|2023|2024|2025|2026,0,0,미확보,미확보,,미확보 또는 해당 학교급 아님,estimated,estimated,no_records,,no_records,,no_records,,no_records,
KLOCAL-960ae6297334b559,청라새싹유치원,유치원,서해구,명칭상 불일치 없음,2026년 1차 공시,확장 분석,available,4,weighted_trend_lightgbm,서구,available,73,geocoded_observations_only,48,14,KG041|KG042|KG05|KG06|KG07|KG10|KG111|KG14|KG15|KG171|KG172|KG19|KG21|KG22,2016|2017|2018|2019|2020|2021|2022|2023|2024|2025|2026,0,0,미확보,미확보,,미확보 또는 해당 학교급 아님,estimated,estimated,no_records,,no_records,,no_records,,no_records,
KLOCAL-96cfe3734dfe7f6f,인천인동초등학교병설유치원,유치원,남동구,명칭상 불일치 없음,2026년 1차 공시,확장 분석,available,4,weighted_trend_lightgbm,남동구,available,88,geocoded_observations_only,44,14,KG041|KG042|KG05|KG06|KG07|KG10|KG111|KG14|KG15|KG171|KG172|KG19|KG21|KG22,2016|2017|2018|2019|2020|2021|2022|2023|2024|2025|2026,0,0,미확보,미확보,,미확보 또는 해당 학교급 아님,estimated,estimated,no_records,,no_records,,no_records,,no_records,
KLOCAL-97068fb68321a483,예인유치원,유치원,검단구,명칭상 불일치 없음,2026년 1차 공시,확장 분석,available,4,weighted_trend_lightgbm,서구,available,61,geocoded_observations_only,44,14,KG041|KG042|KG05|KG06|KG07|KG10|KG111|KG14|KG15|KG171|KG172|KG19|KG21|KG22,2016|2017|2018|2019|2020|2021|2022|2023|2024|2025|2026,0,0,미확보,미확보,,미확보 또는 해당 학교급 아님,estimated,estimated,no_records,,no_records,,no_records,,no_records,
KLOCAL-974da5ec0dd22c2e,국현유치원,유치원,미추홀구,명칭상 불일치 없음,2026년 1차 공시,확장 분석,available,4,weighted_trend_lightgbm,미추홀구,available,102,geocoded_observations_only,45,14,KG041|KG042|KG05|KG06|KG07|KG10|KG111|KG14|KG15|KG171|KG172|KG19|KG21|KG22,2016|2017|2018|2019|2020|2021|2022|2023|2024|2025|2026,0,0,미확보,미확보,,미확보 또는 해당 학교급 아님,estimated,estimated,no_records,,no_records,,no_records,,no_records,
KLOCAL-9c183b9823ea39ea,리라유치원,유치원,검단구,명칭상 불일치 없음,2026년 1차 공시,확장 분석,available,4,weighted_trend_lightgbm,서구,available,63,geocoded_observations_only,44,14,KG041|KG042|KG05|KG06|KG07|KG10|KG111|KG14|KG15|KG171|KG172|KG19|KG21|KG22,2016|2017|2018|2019|2020|2021|2022|2023|2024|2025|2026,0,0,미확보,미확보,,미확보 또는 해당 학교급 아님,estimated,estimated,no_records,,no_records,,no_records,,no_records,
KLOCAL-9c3128f86f9e804f,청라유치원,유치원,서해구,명칭상 불일치 없음,2026년 1차 공시,확장 분석,available,4,weighted_trend_lightgbm,서구,available,46,geocoded_observations_only,44,14,KG041|KG042|KG05|KG06|KG07|KG10|KG111|KG14|KG15|KG171|KG172|KG19|KG21|KG22,2016|2017|2018|2019|2020|2021|2022|2023|2024|2025|2026,0,0,미확보,미확보,,미확보 또는 해당 학교급 아님,estimated,estimated,no_records,,no_records,,no_records,,no_records,
KLOCAL-9caec56ae5d4653c,사랑샘유치원,유치원,검단구,명칭상 불일치 없음,2026년 1차 공시,확장 분석,available,4,weighted_trend_lightgbm,서구,available,57,geocoded_observations_only,44,14,KG041|KG042|KG05|KG06|KG07|KG10|KG111|KG14|KG15|KG171|KG172|KG19|KG21|KG22,2016|2017|2018|2019|2020|2021|2022|2023|2024|2025|2026,0,0,미확보,미확보,,미확보 또는 해당 학교급 아님,estimated,estimated,no_records,,no_records,,no_records,,no_records,
KLOCAL-9cedf6cf5469db38,인천봉화초등학교병설유치원,유치원,서해구,명칭상 불일치 없음,2026년 1차 공시,확장 분석,available,4,weighted_trend_lightgbm,서구,available,51,geocoded_observations_only,44,14,KG041|KG042|KG05|KG06|KG07|KG10|KG111|KG14|KG15|KG171|KG172|KG19|KG21|KG22,2016|2017|2018|2019|2020|2021|2022|2023|2024|2025|2026,0,0,미확보,미확보,,미확보 또는 해당 학교급 아님,estimated,estimated,no_records,,no_records,,no_records,,no_records,
KLOCAL-9d0fbf322e58c053,인천문학초등학교병설유치원,유치원,미추홀구,명칭상 불일치 없음,2026년 1차 공시,확장 분석,available,4,weighted_trend_lightgbm,미추홀구,available,80,geocoded_observations_only,44,14,KG041|KG042|KG05|KG06|KG07|KG10|KG111|KG14|KG15|KG171|KG172|KG19|KG21|KG22,2016|2017|2018|2019|2020|2021|2022|2023|2024|2025|2026,0,0,미확보,미확보,,미확보 또는 해당 학교급 아님,estimated,estimated,no_records,,no_records,,no_records,,no_records,
KLOCAL-9e1ecde17b4153f9,인천명선초등학교병설유치원,유치원,연수구,명칭상 불일치 없음,2026년 1차 공시,확장 분석,available,4,weighted_trend_lightgbm,연수구,available,55,geocoded_observations_only,44,14,KG041|KG042|KG05|KG06|KG07|KG10|KG111|KG14|KG15|KG171|KG172|KG19|KG21|KG22,2016|2017|2018|2019|2020|2021|2022|2023|2024|2025|2026,0,0,미확보,미확보,,미확보 또는 해당 학교급 아님,estimated,estimated,no_records,,no_records,,no_records,,no_records,
KLOCAL-9fd7e2d0a4c711bb,해돋이유치원,유치원,남동구,명칭상 불일치 없음,2026년 1차 공시,확장 분석,available,4,weighted_trend_lightgbm,남동구,available,93,geocoded_observations_only,44,14,KG041|KG042|KG05|KG06|KG07|KG10|KG111|KG14|KG15|KG171|KG172|KG19|KG21|KG22,2016|2017|2018|2019|2020|2021|2022|2023|2024|2025|2026,0,0,미확보,미확보,,미확보 또는 해당 학교급 아님,estimated,estimated,no_records,,no_records,,no_records,,no_records,
KLOCAL-a038d3e4ea578813,새빛솔금유치원,유치원,부평구,명칭상 불일치 없음,2026년 1차 공시,확장 분석,available,4,weighted_trend_lightgbm,부평구,available,99,geocoded_observations_only,44,14,KG041|KG042|KG05|KG06|KG07|KG10|KG111|KG14|KG15|KG171|KG172|KG19|KG21|KG22,2016|2017|2018|2019|2020|2021|2022|2023|2024|2025|2026,0,0,미확보,미확보,,미확보 또는 해당 학교급 아님,estimated,estimated,no_records,,no_records,,no_records,,no_records,
KLOCAL-a0b7cbe5a91d6fc3,프라임명지유치원,유치원,남동구,명칭상 불일치 없음,2026년 1차 공시,확장 분석,available,4,weighted_trend_lightgbm,남동구,available,80,geocoded_observations_only,44,14,KG041|KG042|KG05|KG06|KG07|KG10|KG111|KG14|KG15|KG171|KG172|KG19|KG21|KG22,2016|2017|2018|2019|2020|2021|2022|2023|2024|2025|2026,0,0,미확보,미확보,,미확보 또는 해당 학교급 아님,estimated,estimated,no_records,,no_records,,no_records,,no_records,
KLOCAL-a13112ed33df123c,인천서창초등학교병설유치원,유치원,남동구,명칭상 불일치 없음,2026년 1차 공시,확장 분석,available,4,weighted_trend_lightgbm,남동구,available,50,geocoded_observations_only,44,14,KG041|KG042|KG05|KG06|KG07|KG10|KG111|KG14|KG15|KG171|KG172|KG19|KG21|KG22,2016|2017|2018|2019|2020|2021|2022|2023|2024|2025|2026,0,0,미확보,미확보,,미확보 또는 해당 학교급 아님,missing_age_observations,estimated,no_records,,no_records,,no_records,,no_records,
KLOCAL-a13484cce102c7ad,부광예능유치원,유치원,연수구,명칭상 불일치 없음,2026년 1차 공시,확장 분석,available,4,weighted_trend_lightgbm,연수구,available,58,geocoded_observations_only,44,14,KG041|KG042|KG05|KG06|KG07|KG10|KG111|KG14|KG15|KG171|KG172|KG19|KG21|KG22,2016|2017|2018|2019|2020|2021|2022|2023|2024|2025|2026,0,0,미확보,미확보,,미확보 또는 해당 학교급 아님,estimated,estimated,no_records,,no_records,,no_records,,no_records,
KLOCAL-a243e71bda61eb84,자연발도르프유치원,유치원,남동구,명칭상 불일치 없음,2026년 1차 공시,확장 분석,available,4,weighted_trend_lightgbm,남동구,available,98,geocoded_observations_only,44,14,KG041|KG042|KG05|KG06|KG07|KG10|KG111|KG14|KG15|KG171|KG172|KG19|KG21|KG22,2016|2017|2018|2019|2020|2021|2022|2023|2024|2025|2026,0,0,미확보,미확보,,미확보 또는 해당 학교급 아님,estimated,estimated,no_records,,no_records,,no_records,,no_records,
KLOCAL-a286fe75086d2d64,삼산초등학교병설유치원,유치원,강화군,명칭상 불일치 없음,2026년 1차 공시,확장 분석,available,4,weighted_trend_lightgbm,강화군,no_valid_route_within_search_scope,22,geocoded_observations_only,44,14,KG041|KG042|KG05|KG06|KG07|KG10|KG111|KG14|KG15|KG171|KG172|KG19|KG21|KG22,2016|2017|2018|2019|2020|2021|2022|2023|2024|2025|2026,0,0,미확보,미확보,,미확보 또는 해당 학교급 아님,missing_age_observations,estimated,no_records,,no_records,,no_records,,no_records,
KLOCAL-a30030402106c616,인천송도꿈유치원,유치원,연수구,명칭상 불일치 없음,2026년 1차 공시,확장 분석,available,4,weighted_trend_lightgbm,연수구,available,33,geocoded_observations_only,39,14,KG041|KG042|KG05|KG06|KG07|KG10|KG111|KG14|KG15|KG171|KG172|KG19|KG21|KG22,2021|2022|2023|2024|2025|2026,0,0,미확보,미확보,,미확보 또는 해당 학교급 아님,estimated,estimated,no_records,,no_records,,no_records,,no_records,
KLOCAL-a458fa05dd151711,인천후정초등학교병설유치원,유치원,부평구,명칭상 불일치 없음,2026년 1차 공시,확장 분석,available,4,weighted_trend_lightgbm,부평구,available,78,geocoded_observations_only,44,14,KG041|KG042|KG05|KG06|KG07|KG10|KG111|KG14|KG15|KG171|KG172|KG19|KG21|KG22,2016|2017|2018|2019|2020|2021|2022|2023|2024|2025|2026,0,0,미확보,미확보,,미확보 또는 해당 학교급 아님,estimated,estimated,no_records,,no_records,,no_records,,no_records,
KLOCAL-a6f87c22e938f04d,인천새봄초등학교병설유치원,유치원,연수구,명칭상 불일치 없음,2026년 1차 공시,확장 분석,available,4,weighted_trend_lightgbm,연수구,no_valid_route_within_search_scope,72,geocoded_observations_only,39,14,KG041|KG042|KG05|KG06|KG07|KG10|KG111|KG14|KG15|KG171|KG172|KG19|KG21|KG22,2021|2022|2023|2024|2025|2026,0,0,미확보,미확보,,미확보 또는 해당 학교급 아님,estimated,estimated,no_records,,no_records,,no_records,,no_records,
KLOCAL-a73becd81df8c04e,온누리비전유치원,유치원,연수구,명칭상 불일치 없음,2026년 1차 공시,확장 분석,available,4,weighted_trend_lightgbm,연수구,available,79,geocoded_observations_only,44,14,KG041|KG042|KG05|KG06|KG07|KG10|KG111|KG14|KG15|KG171|KG172|KG19|KG21|KG22,2016|2017|2018|2019|2020|2021|2022|2023|2024|2025|2026,0,0,미확보,미확보,,미확보 또는 해당 학교급 아님,estimated,estimated,no_records,,no_records,,no_records,,no_records,
KLOCAL-a7594966a338574e,영종유치원,유치원,영종구,명칭상 불일치 없음,2026년 1차 공시,확장 분석,available,4,weighted_trend_lightgbm,중구,available,39,geocoded_observations_only,44,14,KG041|KG042|KG05|KG06|KG07|KG10|KG111|KG14|KG15|KG171|KG172|KG19|KG21|KG22,2016|2017|2018|2019|2020|2021|2022|2023|2024|2025|2026,0,0,미확보,미확보,,미확보 또는 해당 학교급 아님,estimated,estimated,no_records,,no_records,,no_records,,no_records,
KLOCAL-a75ab82d043d1d3c,열림유치원,유치원,부평구,명칭상 불일치 없음,2026년 1차 공시,확장 분석,available,4,weighted_trend_lightgbm,부평구,available,45,geocoded_observations_only,44,14,KG041|KG042|KG05|KG06|KG07|KG10|KG111|KG14|KG15|KG171|KG172|KG19|KG21|KG22,2016|2017|2018|2019|2020|2021|2022|2023|2024|2025|2026,0,0,미확보,미확보,,미확보 또는 해당 학교급 아님,estimated,estimated,no_records,,no_records,,no_records,,no_records,
KLOCAL-a86f6ae287b18882,연희유치원,유치원,서해구,명칭상 불일치 없음,2026년 1차 공시,확장 분석,available,4,weighted_trend_lightgbm,서구,available,56,geocoded_observations_only,44,14,KG041|KG042|KG05|KG06|KG07|KG10|KG111|KG14|KG15|KG171|KG172|KG19|KG21|KG22,2016|2017|2018|2019|2020|2021|2022|2023|2024|2025|2026,0,0,미확보,미확보,,미확보 또는 해당 학교급 아님,estimated,estimated,no_records,,no_records,,no_records,,no_records,
KLOCAL-a89bac762d6f5efb,인천한들초등학교병설유치원,유치원,검단구,명칭상 불일치 없음,2026년 1차 공시,확장 분석,available,4,weighted_trend_lightgbm,서구,available,34,geocoded_observations_only,36,14,KG041|KG042|KG05|KG06|KG07|KG10|KG111|KG14|KG15|KG171|KG172|KG19|KG21|KG22,2024|2025|2026,0,0,미확보,미확보,,미확보 또는 해당 학교급 아님,missing_age_observations,missing_age_observations,no_records,,no_records,,no_records,,no_records,
KLOCAL-a9d87dc7c78bb460,에코프라임유치원,유치원,부평구,명칭상 불일치 없음,2026년 1차 공시,확장 분석,available,4,weighted_trend_lightgbm,부평구,available,96,geocoded_observations_only,44,14,KG041|KG042|KG05|KG06|KG07|KG10|KG111|KG14|KG15|KG171|KG172|KG19|KG21|KG22,2016|2017|2018|2019|2020|2021|2022|2023|2024|2025|2026,0,0,미확보,미확보,,미확보 또는 해당 학교급 아님,estimated,estimated,no_records,,no_records,,no_records,,no_records,
KLOCAL-aa56465393a9dbf8,계양유치원,유치원,계양구,명칭상 불일치 없음,2026년 1차 공시,확장 분석,available,4,weighted_trend_lightgbm,계양구,available,76,geocoded_observations_only,42,14,KG041|KG042|KG05|KG06|KG07|KG10|KG111|KG14|KG15|KG171|KG172|KG19|KG21|KG22,2018|2019|2020|2021|2022|2023|2024|2025|2026,0,0,미확보,미확보,,미확보 또는 해당 학교급 아님,estimated,estimated,no_records,,no_records,,no_records,,no_records,
KLOCAL-aa8da85a8f6b19b9,인천완정초등학교병설유치원,유치원,검단구,명칭상 불일치 없음,2026년 1차 공시,확장 분석,available,4,weighted_trend_lightgbm,서구,available,68,geocoded_observations_only,44,14,KG041|KG042|KG05|KG06|KG07|KG10|KG111|KG14|KG15|KG171|KG172|KG19|KG21|KG22,2016|2017|2018|2019|2020|2021|2022|2023|2024|2025|2026,0,0,미확보,미확보,,미확보 또는 해당 학교급 아님,estimated,estimated,no_records,,no_records,,no_records,,no_records,
KLOCAL-aaf9709671edf7be,도담유치원,유치원,미추홀구,명칭상 불일치 없음,2026년 1차 공시,확장 분석,available,4,weighted_trend_lightgbm,미추홀구,available,103,geocoded_observations_only,42,14,KG041|KG042|KG05|KG06|KG07|KG10|KG111|KG14|KG15|KG171|KG172|KG19|KG21|KG22,2016|2017|2018|2019|2022|2023|2024|2025|2026,0,0,미확보,미확보,,미확보 또는 해당 학교급 아님,estimated,estimated,no_records,,no_records,,no_records,,no_records,
KLOCAL-abb50af7d2260f86,인천주원초등학교병설유치원,유치원,남동구,명칭상 불일치 없음,2026년 1차 공시,확장 분석,available,4,weighted_trend_lightgbm,남동구,available,99,geocoded_observations_only,44,14,KG041|KG042|KG05|KG06|KG07|KG10|KG111|KG14|KG15|KG171|KG172|KG19|KG21|KG22,2016|2017|2018|2019|2020|2021|2022|2023|2024|2025|2026,0,0,미확보,미확보,,미확보 또는 해당 학교급 아님,estimated,estimated,no_records,,no_records,,no_records,,no_records,
KLOCAL-ace02cf4887a0b04,해마루유치원,유치원,부평구,명칭상 불일치 없음,2026년 1차 공시,확장 분석,available,4,weighted_trend_lightgbm,부평구,available,24,geocoded_observations_only,44,14,KG041|KG042|KG05|KG06|KG07|KG10|KG111|KG14|KG15|KG171|KG172|KG19|KG21|KG22,2016|2017|2018|2019|2020|2021|2022|2023|2024|2025|2026,0,0,미확보,미확보,,미확보 또는 해당 학교급 아님,estimated,estimated,no_records,,no_records,,no_records,,no_records,
KLOCAL-ad2e055c24bd547e,인천검단초등학교병설유치원,유치원,검단구,명칭상 불일치 없음,2026년 1차 공시,확장 분석,available,4,weighted_trend_lightgbm,서구,available,44,geocoded_observations_only,44,14,KG041|KG042|KG05|KG06|KG07|KG10|KG111|KG14|KG15|KG171|KG172|KG19|KG21|KG22,2016|2017|2018|2019|2020|2021|2022|2023|2024|2025|2026,0,0,미확보,미확보,,미확보 또는 해당 학교급 아님,estimated,estimated,no_records,,no_records,,no_records,,no_records,
KLOCAL-ad69756960486f7d,숲속유치원,유치원,부평구,명칭상 불일치 없음,2026년 1차 공시,확장 분석,available,4,weighted_trend_lightgbm,부평구,available,82,geocoded_observations_only,45,14,KG041|KG042|KG05|KG06|KG07|KG10|KG111|KG14|KG15|KG171|KG172|KG19|KG21|KG22,2016|2017|2018|2019|2020|2021|2022|2023|2024|2025|2026,0,0,미확보,미확보,,미확보 또는 해당 학교급 아님,estimated,estimated,no_records,,no_records,,no_records,,no_records,
KLOCAL-ae41e29b3e0ee2d0,청담숲유치원,유치원,남동구,명칭상 불일치 없음,2026년 1차 공시,확장 분석,available,4,weighted_trend_lightgbm,남동구,available,104,geocoded_observations_only,44,14,KG041|KG042|KG05|KG06|KG07|KG10|KG111|KG14|KG15|KG171|KG172|KG19|KG21|KG22,2016|2017|2018|2019|2020|2021|2022|2023|2024|2025|2026,0,0,미확보,미확보,,미확보 또는 해당 학교급 아님,estimated,estimated,no_records,,no_records,,no_records,,no_records,
KLOCAL-b0f87221d172f370,인천양촌초등학교병설유치원,유치원,계양구,명칭상 불일치 없음,2026년 1차 공시,확장 분석,available,4,weighted_trend_lightgbm,계양구,available,61,geocoded_observations_only,44,14,KG041|KG042|KG05|KG06|KG07|KG10|KG111|KG14|KG15|KG171|KG172|KG19|KG21|KG22,2016|2017|2018|2019|2020|2021|2022|2023|2024|2025|2026,0,0,미확보,미확보,,미확보 또는 해당 학교급 아님,estimated,estimated,no_records,,no_records,,no_records,,no_records,
KLOCAL-b12b61fbba266e2a,인천숭의초등학교병설유치원,유치원,미추홀구,명칭상 불일치 없음,2026년 1차 공시,확장 분석,available,4,weighted_trend_lightgbm,미추홀구,available,103,geocoded_observations_only,44,14,KG041|KG042|KG05|KG06|KG07|KG10|KG111|KG14|KG15|KG171|KG172|KG19|KG21|KG22,2016|2017|2018|2019|2020|2021|2022|2023|2024|2025|2026,0,0,미확보,미확보,,미확보 또는 해당 학교급 아님,estimated,estimated,no_records,,no_records,,no_records,,no_records,
KLOCAL-b160ba4a3527af43,은현유치원,유치원,부평구,명칭상 불일치 없음,2026년 1차 공시,확장 분석,available,4,weighted_trend_lightgbm,부평구,available,94,geocoded_observations_only,44,14,KG041|KG042|KG05|KG06|KG07|KG10|KG111|KG14|KG15|KG171|KG172|KG19|KG21|KG22,2016|2017|2018|2019|2020|2021|2022|2023|2024|2025|2026,0,0,미확보,미확보,,미확보 또는 해당 학교급 아님,estimated,estimated,no_records,,no_records,,no_records,,no_records,
KLOCAL-b1ebeb063c6b35bf,밀알유치원,유치원,계양구,명칭상 불일치 없음,2026년 1차 공시,확장 분석,available,4,weighted_trend_lightgbm,계양구,available,87,geocoded_observations_only,44,14,KG041|KG042|KG05|KG06|KG07|KG10|KG111|KG14|KG15|KG171|KG172|KG19|KG21|KG22,2016|2017|2018|2019|2020|2021|2022|2023|2024|2025|2026,0,0,미확보,미확보,,미확보 또는 해당 학교급 아님,estimated,estimated,no_records,,no_records,,no_records,,no_records,
KLOCAL-b28bba23e63bc43f,인천중산초등학교병설유치원,유치원,영종구,명칭상 불일치 없음,2026년 1차 공시,확장 분석,available,4,weighted_trend_lightgbm,중구,available,45,geocoded_observations_only,41,14,KG041|KG042|KG05|KG06|KG07|KG10|KG111|KG14|KG15|KG171|KG172|KG19|KG21|KG22,2019|2020|2021|2022|2023|2024|2025|2026,0,0,미확보,미확보,,미확보 또는 해당 학교급 아님,estimated,estimated,no_records,,no_records,,no_records,,no_records,
KLOCAL-b2ef58c299ec5904,미주유치원,유치원,미추홀구,명칭상 불일치 없음,2026년 1차 공시,확장 분석,available,4,weighted_trend_lightgbm,미추홀구,available,72,geocoded_observations_only,45,14,KG041|KG042|KG05|KG06|KG07|KG10|KG111|KG14|KG15|KG171|KG172|KG19|KG21|KG22,2016|2017|2018|2019|2020|2021|2022|2023|2024|2025|2026,0,0,미확보,미확보,,미확보 또는 해당 학교급 아님,estimated,estimated,no_records,,no_records,,no_records,,no_records,
KLOCAL-b3e032dc919c404c,드림유치원,유치원,서해구,명칭상 불일치 없음,2026년 1차 공시,확장 분석,available,4,weighted_trend_lightgbm,서구,available,71,geocoded_observations_only,44,14,KG041|KG042|KG05|KG06|KG07|KG10|KG111|KG14|KG15|KG171|KG172|KG19|KG21|KG22,2016|2017|2018|2019|2020|2021|2022|2023|2024|2025|2026,0,0,미확보,미확보,,미확보 또는 해당 학교급 아님,estimated,estimated,no_records,,no_records,,no_records,,no_records,
KLOCAL-b3e79d50babb2a89,지영유치원,유치원,제물포구,명칭상 불일치 없음,2026년 1차 공시,확장 분석,available,4,weighted_trend_lightgbm,중구,available,97,geocoded_observations_only,44,14,KG041|KG042|KG05|KG06|KG07|KG10|KG111|KG14|KG15|KG171|KG172|KG19|KG21|KG22,2016|2017|2018|2019|2020|2021|2022|2023|2024|2025|2026,0,0,미확보,미확보,,미확보 또는 해당 학교급 아님,estimated,estimated,no_records,,no_records,,no_records,,no_records,
KLOCAL-b40f58f5747ed00c,연세유치원,유치원,부평구,명칭상 불일치 없음,2026년 1차 공시,확장 분석,available,4,weighted_trend_lightgbm,부평구,available,90,geocoded_observations_only,45,14,KG041|KG042|KG05|KG06|KG07|KG10|KG111|KG14|KG15|KG171|KG172|KG19|KG21|KG22,2016|2017|2018|2019|2020|2021|2022|2023|2024|2025|2026,0,0,미확보,미확보,,미확보 또는 해당 학교급 아님,estimated,estimated,no_records,,no_records,,no_records,,no_records,
KLOCAL-b71b3fb614f2b85a,인천푸른빛유치원,유치원,서해구,명칭상 불일치 없음,2026년 1차 공시,확장 분석,available,4,weighted_trend_lightgbm,서구,available,54,geocoded_observations_only,39,14,KG041|KG042|KG05|KG06|KG07|KG10|KG111|KG14|KG15|KG171|KG172|KG19|KG21|KG22,2021|2022|2023|2024|2025|2026,0,0,미확보,미확보,,미확보 또는 해당 학교급 아님,estimated,estimated,no_records,,no_records,,no_records,,no_records,
KLOCAL-b71f83339bbf6c7f,다슬기유치원,유치원,연수구,명칭상 불일치 없음,2026년 1차 공시,확장 분석,available,4,weighted_trend_lightgbm,연수구,available,89,geocoded_observations_only,44,14,KG041|KG042|KG05|KG06|KG07|KG10|KG111|KG14|KG15|KG171|KG172|KG19|KG21|KG22,2016|2017|2018|2019|2020|2021|2022|2023|2024|2025|2026,0,0,미확보,미확보,,미확보 또는 해당 학교급 아님,estimated,estimated,no_records,,no_records,,no_records,,no_records,
KLOCAL-b77a1bafb9d14dde,인천사리울초등학교병설유치원,유치원,남동구,명칭상 불일치 없음,2026년 1차 공시,확장 분석,available,4,weighted_trend_lightgbm,남동구,available,44,geocoded_observations_only,44,14,KG041|KG042|KG05|KG06|KG07|KG10|KG111|KG14|KG15|KG171|KG172|KG19|KG21|KG22,2016|2017|2018|2019|2020|2021|2022|2023|2024|2025|2026,0,0,미확보,미확보,,미확보 또는 해당 학교급 아님,estimated,estimated,no_records,,no_records,,no_records,,no_records,
KLOCAL-b833eeda1290da9f,인천아라꿈유치원,유치원,검단구,명칭상 불일치 없음,2026년 1차 공시,확장 분석,available,4,weighted_trend_lightgbm,서구,available,49,geocoded_observations_only,38,14,KG041|KG042|KG05|KG06|KG07|KG10|KG111|KG14|KG15|KG171|KG172|KG19|KG21|KG22,2022|2023|2024|2025|2026,0,0,미확보,미확보,,미확보 또는 해당 학교급 아님,estimated,estimated,no_records,,no_records,,no_records,,no_records,
KLOCAL-b97d990836849b04,인천은송초등학교병설유치원,유치원,연수구,명칭상 불일치 없음,2026년 1차 공시,확장 분석,available,4,weighted_trend_lightgbm,연수구,available,31,geocoded_observations_only,40,14,KG041|KG042|KG05|KG06|KG07|KG10|KG111|KG14|KG15|KG171|KG172|KG19|KG21|KG22,2020|2021|2022|2023|2024|2025|2026,0,0,미확보,미확보,,미확보 또는 해당 학교급 아님,estimated,estimated,no_records,,no_records,,no_records,,no_records,
KLOCAL-b9a00b06c19a5b27,푸른마을유치원,유치원,남동구,명칭상 불일치 없음,2026년 1차 공시,확장 분석,available,4,weighted_trend_lightgbm,남동구,available,107,geocoded_observations_only,45,14,KG041|KG042|KG05|KG06|KG07|KG10|KG111|KG14|KG15|KG171|KG172|KG19|KG21|KG22,2016|2017|2018|2019|2020|2021|2022|2023|2024|2025|2026,0,0,미확보,미확보,,미확보 또는 해당 학교급 아님,estimated,estimated,no_records,,no_records,,no_records,,no_records,
KLOCAL-b9f9b3b6acb3e646,열우물유치원,유치원,부평구,명칭상 불일치 없음,2026년 1차 공시,확장 분석,available,4,weighted_trend_lightgbm,부평구,available,86,geocoded_observations_only,45,14,KG041|KG042|KG05|KG06|KG07|KG10|KG111|KG14|KG15|KG171|KG172|KG19|KG21|KG22,2016|2017|2018|2019|2020|2021|2022|2023|2024|2025|2026,0,0,미확보,미확보,,미확보 또는 해당 학교급 아님,estimated,estimated,no_records,,no_records,,no_records,,no_records,
KLOCAL-ba11a51bc0806260,인천경연초등학교병설유치원,유치원,서해구,명칭상 불일치 없음,2026년 1차 공시,확장 분석,available,4,weighted_trend_lightgbm,서구,available,48,geocoded_observations_only,40,14,KG041|KG042|KG05|KG06|KG07|KG10|KG111|KG14|KG15|KG171|KG172|KG19|KG21|KG22,2020|2021|2022|2023|2024|2025|2026,0,0,미확보,미확보,,미확보 또는 해당 학교급 아님,estimated,estimated,no_records,,no_records,,no_records,,no_records,
KLOCAL-bb78c900eca43f09,인천고잔유치원,유치원,남동구,명칭상 불일치 없음,2026년 1차 공시,확장 분석,available,4,weighted_trend_lightgbm,남동구,available,77,geocoded_observations_only,44,14,KG041|KG042|KG05|KG06|KG07|KG10|KG111|KG14|KG15|KG171|KG172|KG19|KG21|KG22,2016|2017|2018|2019|2020|2021|2022|2023|2024|2025|2026,0,0,미확보,미확보,,미확보 또는 해당 학교급 아님,estimated,estimated,no_records,,no_records,,no_records,,no_records,
KLOCAL-bf23f2ab98fbb26d,인천공항초등학교신도분교장병설유치원,유치원,옹진군,명칭상 불일치 없음,2026년 1차 공시,확장 분석,available,4,weighted_trend_lightgbm,옹진군,no_valid_route_within_search_scope,9,geocoded_observations_only,44,14,KG041|KG042|KG05|KG06|KG07|KG10|KG111|KG14|KG15|KG171|KG172|KG19|KG21|KG22,2016|2017|2018|2019|2020|2021|2022|2023|2024|2025|2026,0,0,미확보,미확보,,미확보 또는 해당 학교급 아님,missing_age_observations,missing_age_observations,no_records,,no_records,,no_records,,no_records,
KLOCAL-bf2a1d84ff1f0be4,인천청학초등학교병설유치원,유치원,연수구,명칭상 불일치 없음,2026년 1차 공시,확장 분석,available,4,weighted_trend_lightgbm,연수구,available,102,geocoded_observations_only,40,14,KG041|KG042|KG05|KG06|KG07|KG10|KG111|KG14|KG15|KG171|KG172|KG19|KG21|KG22,2020|2021|2022|2023|2024|2025|2026,0,0,미확보,미확보,,미확보 또는 해당 학교급 아님,estimated,estimated,no_records,,no_records,,no_records,,no_records,
KLOCAL-bf4a58b2949b1422,경인여자대학교부속유치원,유치원,계양구,명칭상 불일치 없음,2026년 1차 공시,확장 분석,available,4,weighted_trend_lightgbm,계양구,available,67,geocoded_observations_only,44,14,KG041|KG042|KG05|KG06|KG07|KG10|KG111|KG14|KG15|KG171|KG172|KG19|KG21|KG22,2016|2017|2018|2019|2020|2021|2022|2023|2024|2025|2026,0,0,미확보,미확보,,미확보 또는 해당 학교급 아님,estimated,estimated,no_records,,no_records,,no_records,,no_records,
KLOCAL-bfbf6ed15649f16b,하늘유치원,유치원,미추홀구,명칭상 불일치 없음,2026년 1차 공시,확장 분석,available,4,weighted_trend_lightgbm,미추홀구,available,98,geocoded_observations_only,44,14,KG041|KG042|KG05|KG06|KG07|KG10|KG111|KG14|KG15|KG171|KG172|KG19|KG21|KG22,2016|2017|2018|2019|2020|2021|2022|2023|2024|2025|2026,0,0,미확보,미확보,,미확보 또는 해당 학교급 아님,estimated,estimated,no_records,,no_records,,no_records,,no_records,
KLOCAL-bfc36b4ee580645c,정원유치원,유치원,계양구,명칭상 불일치 없음,2026년 1차 공시,확장 분석,available,4,weighted_trend_lightgbm,계양구,available,104,geocoded_observations_only,44,14,KG041|KG042|KG05|KG06|KG07|KG10|KG111|KG14|KG15|KG171|KG172|KG19|KG21|KG22,2016|2017|2018|2019|2020|2021|2022|2023|2024|2025|2026,0,0,미확보,미확보,,미확보 또는 해당 학교급 아님,estimated,estimated,no_records,,no_records,,no_records,,no_records,
KLOCAL-bfd71f3d423988a5,기암유치원,유치원,남동구,명칭상 불일치 없음,2026년 1차 공시,확장 분석,available,4,weighted_trend_lightgbm,남동구,available,80,geocoded_observations_only,44,14,KG041|KG042|KG05|KG06|KG07|KG10|KG111|KG14|KG15|KG171|KG172|KG19|KG21|KG22,2016|2017|2018|2019|2020|2021|2022|2023|2024|2025|2026,0,0,미확보,미확보,,미확보 또는 해당 학교급 아님,estimated,estimated,no_records,,no_records,,no_records,,no_records,
KLOCAL-bfe5172d21d17747,인천해원초등학교병설유치원,유치원,서해구,명칭상 불일치 없음,2026년 1차 공시,확장 분석,available,4,weighted_trend_lightgbm,서구,available,48,geocoded_observations_only,44,14,KG041|KG042|KG05|KG06|KG07|KG10|KG111|KG14|KG15|KG171|KG172|KG19|KG21|KG22,2016|2017|2018|2019|2020|2021|2022|2023|2024|2025|2026,0,0,미확보,미확보,,미확보 또는 해당 학교급 아님,estimated,estimated,no_records,,no_records,,no_records,,no_records,
KLOCAL-c0b666f4a95885af,인천송일초등학교병설유치원,유치원,연수구,명칭상 불일치 없음,2026년 1차 공시,확장 분석,available,4,weighted_trend_lightgbm,연수구,available,54,geocoded_observations_only,44,14,KG041|KG042|KG05|KG06|KG07|KG10|KG111|KG14|KG15|KG171|KG172|KG19|KG21|KG22,2016|2017|2018|2019|2020|2021|2022|2023|2024|2025|2026,0,0,미확보,미확보,,미확보 또는 해당 학교급 아님,estimated,estimated,no_records,,no_records,,no_records,,no_records,
KLOCAL-c17af5dbcc9e77c7,교동초등학교병설유치원,유치원,강화군,명칭상 불일치 없음,2026년 1차 공시,확장 분석,available,4,weighted_trend_lightgbm,강화군,no_valid_route_within_search_scope,17,geocoded_observations_only,44,14,KG041|KG042|KG05|KG06|KG07|KG10|KG111|KG14|KG15|KG171|KG172|KG19|KG21|KG22,2016|2017|2018|2019|2020|2021|2022|2023|2024|2025|2026,0,0,미확보,미확보,,미확보 또는 해당 학교급 아님,missing_age_observations,missing_age_observations,no_records,,no_records,,no_records,,no_records,
KLOCAL-c23244892488770c,산곡유치원,유치원,부평구,명칭상 불일치 없음,2026년 1차 공시,확장 분석,available,4,weighted_trend_lightgbm,부평구,available,95,geocoded_observations_only,44,14,KG041|KG042|KG05|KG06|KG07|KG10|KG111|KG14|KG15|KG171|KG172|KG19|KG21|KG22,2016|2017|2018|2019|2020|2021|2022|2023|2024|2025|2026,0,0,미확보,미확보,,미확보 또는 해당 학교급 아님,estimated,estimated,no_records,,no_records,,no_records,,no_records,
KLOCAL-c24174173a80af5d,해나라유치원,유치원,연수구,명칭상 불일치 없음,2026년 1차 공시,확장 분석,available,4,weighted_trend_lightgbm,연수구,available,90,geocoded_observations_only,44,14,KG041|KG042|KG05|KG06|KG07|KG10|KG111|KG14|KG15|KG171|KG172|KG19|KG21|KG22,2016|2017|2018|2019|2020|2021|2022|2023|2024|2025|2026,0,0,미확보,미확보,,미확보 또는 해당 학교급 아님,estimated,estimated,no_records,,no_records,,no_records,,no_records,
KLOCAL-c2742aa23baa310a,인천산곡초등학교병설유치원,유치원,부평구,명칭상 불일치 없음,2026년 1차 공시,확장 분석,available,4,weighted_trend_lightgbm,부평구,available,84,geocoded_observations_only,44,14,KG041|KG042|KG05|KG06|KG07|KG10|KG111|KG14|KG15|KG171|KG172|KG19|KG21|KG22,2016|2017|2018|2019|2020|2021|2022|2023|2024|2025|2026,0,0,미확보,미확보,,미확보 또는 해당 학교급 아님,estimated,estimated,no_records,,no_records,,no_records,,no_records,
KLOCAL-c2e4523109105612,인천공촌초등학교병설유치원,유치원,서해구,명칭상 불일치 없음,2026년 1차 공시,확장 분석,available,4,weighted_trend_lightgbm,서구,available,50,geocoded_observations_only,44,14,KG041|KG042|KG05|KG06|KG07|KG10|KG111|KG14|KG15|KG171|KG172|KG19|KG21|KG22,2016|2017|2018|2019|2020|2021|2022|2023|2024|2025|2026,0,0,미확보,미확보,,미확보 또는 해당 학교급 아님,missing_age_observations,estimated,no_records,,no_records,,no_records,,no_records,
KLOCAL-c3820bd9125fc45b,인천구월유치원,유치원,남동구,명칭상 불일치 없음,2026년 1차 공시,확장 분석,available,4,weighted_trend_lightgbm,남동구,available,85,geocoded_observations_only,44,14,KG041|KG042|KG05|KG06|KG07|KG10|KG111|KG14|KG15|KG171|KG172|KG19|KG21|KG22,2016|2017|2018|2019|2020|2021|2022|2023|2024|2025|2026,0,0,미확보,미확보,,미확보 또는 해당 학교급 아님,estimated,estimated,no_records,,no_records,,no_records,,no_records,
KLOCAL-c3dd9c1d20fd07e2,다은유치원,유치원,서해구,명칭상 불일치 없음,2026년 1차 공시,확장 분석,available,4,weighted_trend_lightgbm,서구,available,85,geocoded_observations_only,44,14,KG041|KG042|KG05|KG06|KG07|KG10|KG111|KG14|KG15|KG171|KG172|KG19|KG21|KG22,2016|2017|2018|2019|2020|2021|2022|2023|2024|2025|2026,0,0,미확보,미확보,,미확보 또는 해당 학교급 아님,estimated,estimated,no_records,,no_records,,no_records,,no_records,
KLOCAL-c4161023af71f7b8,미예뜰유치원,유치원,남동구,명칭상 불일치 없음,2026년 1차 공시,확장 분석,available,4,weighted_trend_lightgbm,남동구,available,79,geocoded_observations_only,46,14,KG041|KG042|KG05|KG06|KG07|KG10|KG111|KG14|KG15|KG171|KG172|KG19|KG21|KG22,2016|2017|2018|2019|2020|2021|2022|2023|2024|2025|2026,0,0,미확보,미확보,,미확보 또는 해당 학교급 아님,estimated,estimated,no_records,,no_records,,no_records,,no_records,
KLOCAL-c450a0dccff7fa8a,인천동방초등학교병설유치원,유치원,남동구,명칭상 불일치 없음,2026년 1차 공시,확장 분석,available,4,weighted_trend_lightgbm,남동구,available,80,geocoded_observations_only,44,14,KG041|KG042|KG05|KG06|KG07|KG10|KG111|KG14|KG15|KG171|KG172|KG19|KG21|KG22,2016|2017|2018|2019|2020|2021|2022|2023|2024|2025|2026,0,0,미확보,미확보,,미확보 또는 해당 학교급 아님,estimated,estimated,no_records,,no_records,,no_records,,no_records,
KLOCAL-c71d186619793815,인천원동초등학교병설유치원,유치원,남동구,명칭상 불일치 없음,2026년 1차 공시,확장 분석,available,4,weighted_trend_lightgbm,남동구,available,70,geocoded_observations_only,44,14,KG041|KG042|KG05|KG06|KG07|KG10|KG111|KG14|KG15|KG171|KG172|KG19|KG21|KG22,2016|2017|2018|2019|2020|2021|2022|2023|2024|2025|2026,0,0,미확보,미확보,,미확보 또는 해당 학교급 아님,estimated,estimated,no_records,,no_records,,no_records,,no_records,
KLOCAL-c7b1ac02486e877e,인천공항유치원,유치원,영종구,명칭상 불일치 없음,2026년 1차 공시,확장 분석,available,4,weighted_trend_lightgbm,중구,available,38,geocoded_observations_only,44,14,KG041|KG042|KG05|KG06|KG07|KG10|KG111|KG14|KG15|KG171|KG172|KG19|KG21|KG22,2016|2017|2018|2019|2020|2021|2022|2023|2024|2025|2026,0,0,미확보,미확보,,미확보 또는 해당 학교급 아님,estimated,estimated,no_records,,no_records,,no_records,,no_records,
KLOCAL-c8f2705298b07183,아름솔유치원,유치원,연수구,명칭상 불일치 없음,2026년 1차 공시,확장 분석,available,4,weighted_trend_lightgbm,연수구,available,89,geocoded_observations_only,44,14,KG041|KG042|KG05|KG06|KG07|KG10|KG111|KG14|KG15|KG171|KG172|KG19|KG21|KG22,2016|2017|2018|2019|2020|2021|2022|2023|2024|2025|2026,0,0,미확보,미확보,,미확보 또는 해당 학교급 아님,estimated,estimated,no_records,,no_records,,no_records,,no_records,
KLOCAL-c8f91a641f618071,해승유치원,유치원,계양구,명칭상 불일치 없음,2026년 1차 공시,확장 분석,available,4,weighted_trend_lightgbm,계양구,available,89,geocoded_observations_only,44,14,KG041|KG042|KG05|KG06|KG07|KG10|KG111|KG14|KG15|KG171|KG172|KG19|KG21|KG22,2016|2017|2018|2019|2020|2021|2022|2023|2024|2025|2026,0,0,미확보,미확보,,미확보 또는 해당 학교급 아님,estimated,estimated,no_records,,no_records,,no_records,,no_records,
KLOCAL-ca7704409b2eeaf2,희망찬유치원,유치원,검단구,명칭상 불일치 없음,2026년 1차 공시,확장 분석,available,4,weighted_trend_lightgbm,서구,available,28,geocoded_observations_only,44,14,KG041|KG042|KG05|KG06|KG07|KG10|KG111|KG14|KG15|KG171|KG172|KG19|KG21|KG22,2016|2017|2018|2019|2020|2021|2022|2023|2024|2025|2026,0,0,미확보,미확보,,미확보 또는 해당 학교급 아님,estimated,estimated,no_records,,no_records,,no_records,,no_records,
KLOCAL-cb0f3434a75d79da,청송유치원,유치원,연수구,명칭상 불일치 없음,2026년 1차 공시,확장 분석,available,4,weighted_trend_lightgbm,연수구,available,73,geocoded_observations_only,44,14,KG041|KG042|KG05|KG06|KG07|KG10|KG111|KG14|KG15|KG171|KG172|KG19|KG21|KG22,2016|2017|2018|2019|2020|2021|2022|2023|2024|2025|2026,0,0,미확보,미확보,,미확보 또는 해당 학교급 아님,estimated,estimated,no_records,,no_records,,no_records,,no_records,
KLOCAL-cc5ca2ff5c2c1840,인천아람초등학교병설유치원,유치원,검단구,명칭상 불일치 없음,2026년 1차 공시,확장 분석,available,4,weighted_trend_lightgbm,서구,available,54,geocoded_observations_only,37,14,KG041|KG042|KG05|KG06|KG07|KG10|KG111|KG14|KG15|KG171|KG172|KG19|KG21|KG22,2023|2024|2025|2026,0,0,미확보,미확보,,미확보 또는 해당 학교급 아님,estimated,estimated,no_records,,no_records,,no_records,,no_records,
KLOCAL-cc7903a205c47f13,갑룡초등학교병설유치원,유치원,강화군,명칭상 불일치 없음,2026년 1차 공시,확장 분석,available,4,weighted_trend_lightgbm,강화군,available,30,geocoded_observations_only,44,14,KG041|KG042|KG05|KG06|KG07|KG10|KG111|KG14|KG15|KG171|KG172|KG19|KG21|KG22,2016|2017|2018|2019|2020|2021|2022|2023|2024|2025|2026,0,0,미확보,미확보,,미확보 또는 해당 학교급 아님,estimated,estimated,no_records,,no_records,,no_records,,no_records,
KLOCAL-cc95b8a776d508d8,인천서화초등학교병설유치원,유치원,미추홀구,명칭상 불일치 없음,2026년 1차 공시,확장 분석,available,4,weighted_trend_lightgbm,미추홀구,available,69,geocoded_observations_only,45,14,KG041|KG042|KG05|KG06|KG07|KG10|KG111|KG14|KG15|KG171|KG172|KG19|KG21|KG22,2016|2017|2018|2019|2020|2021|2022|2023|2024|2025|2026,0,0,미확보,미확보,,미확보 또는 해당 학교급 아님,estimated,estimated,no_records,,no_records,,no_records,,no_records,
KLOCAL-ccc93f34c68fe601,인천부평서초등학교병설유치원,유치원,부평구,명칭상 불일치 없음,2026년 1차 공시,확장 분석,available,4,weighted_trend_lightgbm,부평구,available,110,geocoded_observations_only,44,14,KG041|KG042|KG05|KG06|KG07|KG10|KG111|KG14|KG15|KG171|KG172|KG19|KG21|KG22,2016|2017|2018|2019|2020|2021|2022|2023|2024|2025|2026,0,0,미확보,미확보,,미확보 또는 해당 학교급 아님,estimated,estimated,no_records,,no_records,,no_records,,no_records,
KLOCAL-cec3aed5db587e4f,보람유치원,유치원,계양구,명칭상 불일치 없음,2026년 1차 공시,확장 분석,available,4,weighted_trend_lightgbm,계양구,available,68,geocoded_observations_only,44,14,KG041|KG042|KG05|KG06|KG07|KG10|KG111|KG14|KG15|KG171|KG172|KG19|KG21|KG22,2016|2017|2018|2019|2020|2021|2022|2023|2024|2025|2026,0,0,미확보,미확보,,미확보 또는 해당 학교급 아님,estimated,estimated,no_records,,no_records,,no_records,,no_records,
KLOCAL-d0880bc91ea3a11c,인천동부초등학교병설유치원,유치원,남동구,명칭상 불일치 없음,2026년 1차 공시,확장 분석,available,4,weighted_trend_lightgbm,남동구,available,82,geocoded_observations_only,44,14,KG041|KG042|KG05|KG06|KG07|KG10|KG111|KG14|KG15|KG171|KG172|KG19|KG21|KG22,2016|2017|2018|2019|2020|2021|2022|2023|2024|2025|2026,0,0,미확보,미확보,,미확보 또는 해당 학교급 아님,estimated,estimated,no_records,,no_records,,no_records,,no_records,
KLOCAL-d0c67b00714a002e,간석유치원,유치원,남동구,명칭상 불일치 없음,2026년 1차 공시,확장 분석,available,4,weighted_trend_lightgbm,남동구,available,103,geocoded_observations_only,44,14,KG041|KG042|KG05|KG06|KG07|KG10|KG111|KG14|KG15|KG171|KG172|KG19|KG21|KG22,2016|2017|2018|2019|2020|2021|2022|2023|2024|2025|2026,0,0,미확보,미확보,,미확보 또는 해당 학교급 아님,estimated,estimated,no_records,,no_records,,no_records,,no_records,
KLOCAL-d1881d2f856ac1b3,인천서로꿈유치원,유치원,검단구,명칭상 불일치 없음,2026년 1차 공시,확장 분석,available,4,weighted_trend_lightgbm,서구,available,46,geocoded_observations_only,38,14,KG041|KG042|KG05|KG06|KG07|KG10|KG111|KG14|KG15|KG171|KG172|KG19|KG21|KG22,2023|2024|2025|2026,0,0,미확보,미확보,,미확보 또는 해당 학교급 아님,estimated,estimated,no_records,,no_records,,no_records,,no_records,
KLOCAL-d19a0e7bb3217421,산새소리유치원,유치원,서해구,명칭상 불일치 없음,2026년 1차 공시,확장 분석,available,4,weighted_trend_lightgbm,서구,available,69,geocoded_observations_only,46,14,KG041|KG042|KG05|KG06|KG07|KG10|KG111|KG14|KG15|KG171|KG172|KG19|KG21|KG22,2016|2017|2018|2019|2020|2021|2022|2023|2024|2025|2026,0,0,미확보,미확보,,미확보 또는 해당 학교급 아님,estimated,estimated,no_records,,no_records,,no_records,,no_records,
KLOCAL-d35107fb247c2293,드림유치원,유치원,부평구,명칭상 불일치 없음,2026년 1차 공시,확장 분석,available,4,weighted_trend_lightgbm,부평구,available,89,geocoded_observations_only,43,14,KG041|KG042|KG05|KG06|KG07|KG10|KG111|KG14|KG15|KG171|KG172|KG19|KG21|KG22,2017|2018|2019|2020|2021|2022|2023|2024|2025|2026,0,0,미확보,미확보,,미확보 또는 해당 학교급 아님,estimated,estimated,no_records,,no_records,,no_records,,no_records,
KLOCAL-d3da11d9e1f412b4,초롱유치원,유치원,영종구,명칭상 불일치 없음,2026년 1차 공시,확장 분석,available,4,weighted_trend_lightgbm,중구,available,33,geocoded_observations_only,44,14,KG041|KG042|KG05|KG06|KG07|KG10|KG111|KG14|KG15|KG171|KG172|KG19|KG21|KG22,2016|2017|2018|2019|2020|2021|2022|2023|2024|2025|2026,0,0,미확보,미확보,,미확보 또는 해당 학교급 아님,missing_age_observations,estimated,no_records,,no_records,,no_records,,no_records,
KLOCAL-d4bd51f655c7d518,경서유치원,유치원,서해구,명칭상 불일치 없음,2026년 1차 공시,확장 분석,available,4,weighted_trend_lightgbm,서구,available,25,geocoded_observations_only,44,14,KG041|KG042|KG05|KG06|KG07|KG10|KG111|KG14|KG15|KG171|KG172|KG19|KG21|KG22,2016|2017|2018|2019|2020|2021|2022|2023|2024|2025|2026,0,0,미확보,미확보,,미확보 또는 해당 학교급 아님,estimated,estimated,no_records,,no_records,,no_records,,no_records,
KLOCAL-d50e97c5d449d3e1,이화유치원,유치원,부평구,명칭상 불일치 없음,2026년 1차 공시,확장 분석,available,4,weighted_trend_lightgbm,부평구,available,99,geocoded_observations_only,46,14,KG041|KG042|KG05|KG06|KG07|KG10|KG111|KG14|KG15|KG171|KG172|KG19|KG21|KG22,2016|2017|2018|2019|2020|2021|2022|2023|2024|2025|2026,0,0,미확보,미확보,,미확보 또는 해당 학교급 아님,estimated,estimated,no_records,,no_records,,no_records,,no_records,
KLOCAL-d55991545b9ca28f,해님나라유치원,유치원,영종구,명칭상 불일치 없음,2026년 1차 공시,확장 분석,available,4,weighted_trend_lightgbm,중구,available,46,geocoded_observations_only,44,14,KG041|KG042|KG05|KG06|KG07|KG10|KG111|KG14|KG15|KG171|KG172|KG19|KG21|KG22,2016|2017|2018|2019|2020|2021|2022|2023|2024|2025|2026,0,0,미확보,미확보,,미확보 또는 해당 학교급 아님,estimated,estimated,no_records,,no_records,,no_records,,no_records,
KLOCAL-d59c3c131dfc2700,인천영선초등학교병설유치원,유치원,부평구,명칭상 불일치 없음,2026년 1차 공시,확장 분석,available,4,weighted_trend_lightgbm,부평구,available,99,geocoded_observations_only,44,14,KG041|KG042|KG05|KG06|KG07|KG10|KG111|KG14|KG15|KG171|KG172|KG19|KG21|KG22,2016|2017|2018|2019|2020|2021|2022|2023|2024|2025|2026,0,0,미확보,미확보,,미확보 또는 해당 학교급 아님,estimated,estimated,no_records,,no_records,,no_records,,no_records,
KLOCAL-d5c54935ca8ff71b,다샘유치원,유치원,연수구,명칭상 불일치 없음,2026년 1차 공시,확장 분석,available,4,weighted_trend_lightgbm,연수구,available,76,geocoded_observations_only,44,14,KG041|KG042|KG05|KG06|KG07|KG10|KG111|KG14|KG15|KG171|KG172|KG19|KG21|KG22,2016|2017|2018|2019|2020|2021|2022|2023|2024|2025|2026,0,0,미확보,미확보,,미확보 또는 해당 학교급 아님,estimated,estimated,no_records,,no_records,,no_records,,no_records,
KLOCAL-d6dfad898c1c6e59,미래유치원,유치원,계양구,명칭상 불일치 없음,2026년 1차 공시,확장 분석,available,4,weighted_trend_lightgbm,계양구,available,96,geocoded_observations_only,44,14,KG041|KG042|KG05|KG06|KG07|KG10|KG111|KG14|KG15|KG171|KG172|KG19|KG21|KG22,2016|2017|2018|2019|2020|2021|2022|2023|2024|2025|2026,0,0,미확보,미확보,,미확보 또는 해당 학교급 아님,estimated,estimated,no_records,,no_records,,no_records,,no_records,
KLOCAL-d73e3aece4b7ed2b,명문유치원,유치원,검단구,명칭상 불일치 없음,2026년 1차 공시,확장 분석,available,4,weighted_trend_lightgbm,서구,available,80,geocoded_observations_only,44,14,KG041|KG042|KG05|KG06|KG07|KG10|KG111|KG14|KG15|KG171|KG172|KG19|KG21|KG22,2016|2017|2018|2019|2020|2021|2022|2023|2024|2025|2026,0,0,미확보,미확보,,미확보 또는 해당 학교급 아님,estimated,estimated,no_records,,no_records,,no_records,,no_records,
KLOCAL-d817fae7029ed452,인천봉수초등학교병설유치원,유치원,서해구,명칭상 불일치 없음,2026년 1차 공시,확장 분석,available,4,weighted_trend_lightgbm,서구,available,58,geocoded_observations_only,44,14,KG041|KG042|KG05|KG06|KG07|KG10|KG111|KG14|KG15|KG171|KG172|KG19|KG21|KG22,2016|2017|2018|2019|2020|2021|2022|2023|2024|2025|2026,0,0,미확보,미확보,,미확보 또는 해당 학교급 아님,estimated,estimated,no_records,,no_records,,no_records,,no_records,
KLOCAL-d8bc2d350c1a4b3f,삼산유치원,유치원,부평구,명칭상 불일치 없음,2026년 1차 공시,확장 분석,available,4,weighted_trend_lightgbm,부평구,available,95,geocoded_observations_only,44,14,KG041|KG042|KG05|KG06|KG07|KG10|KG111|KG14|KG15|KG171|KG172|KG19|KG21|KG22,2016|2017|2018|2019|2020|2021|2022|2023|2024|2025|2026,0,0,미확보,미확보,,미확보 또는 해당 학교급 아님,estimated,estimated,no_records,,no_records,,no_records,,no_records,
KLOCAL-d8c137ce638ca39b,재은유치원,유치원,검단구,명칭상 불일치 없음,2026년 1차 공시,확장 분석,available,4,weighted_trend_lightgbm,서구,available,60,geocoded_observations_only,44,14,KG041|KG042|KG05|KG06|KG07|KG10|KG111|KG14|KG15|KG171|KG172|KG19|KG21|KG22,2016|2017|2018|2019|2020|2021|2022|2023|2024|2025|2026,0,0,미확보,미확보,,미확보 또는 해당 학교급 아님,estimated,estimated,no_records,,no_records,,no_records,,no_records,
KLOCAL-d937eda4414c29ee,인천도화초등학교병설유치원,유치원,미추홀구,명칭상 불일치 없음,2026년 1차 공시,확장 분석,available,4,weighted_trend_lightgbm,미추홀구,available,95,geocoded_observations_only,44,14,KG041|KG042|KG05|KG06|KG07|KG10|KG111|KG14|KG15|KG171|KG172|KG19|KG21|KG22,2016|2017|2018|2019|2020|2021|2022|2023|2024|2025|2026,0,0,미확보,미확보,,미확보 또는 해당 학교급 아님,estimated,estimated,no_records,,no_records,,no_records,,no_records,
KLOCAL-d943654a91207e8e,이튼유치원,유치원,영종구,명칭상 불일치 없음,2026년 1차 공시,확장 분석,available,4,weighted_trend_lightgbm,중구,available,38,geocoded_observations_only,48,14,KG041|KG042|KG05|KG06|KG07|KG10|KG111|KG14|KG15|KG171|KG172|KG19|KG21|KG22,2016|2017|2018|2019|2020|2021|2022|2023|2024|2025|2026,0,0,미확보,미확보,,미확보 또는 해당 학교급 아님,missing_age_observations,missing_age_observations,no_records,,no_records,,no_records,,no_records,
KLOCAL-daa57df0a81440cd,인천경서초등학교병설유치원,유치원,서해구,명칭상 불일치 없음,2026년 1차 공시,확장 분석,available,4,weighted_trend_lightgbm,서구,available,21,geocoded_observations_only,44,14,KG041|KG042|KG05|KG06|KG07|KG10|KG111|KG14|KG15|KG171|KG172|KG19|KG21|KG22,2016|2017|2018|2019|2020|2021|2022|2023|2024|2025|2026,0,0,미확보,미확보,,미확보 또는 해당 학교급 아님,missing_age_observations,estimated,no_records,,no_records,,no_records,,no_records,
KLOCAL-db47790fb79ebb49,현대유치원,유치원,부평구,명칭상 불일치 없음,2026년 1차 공시,확장 분석,available,4,weighted_trend_lightgbm,부평구,available,96,geocoded_observations_only,44,14,KG041|KG042|KG05|KG06|KG07|KG10|KG111|KG14|KG15|KG171|KG172|KG19|KG21|KG22,2016|2017|2018|2019|2020|2021|2022|2023|2024|2025|2026,0,0,미확보,미확보,,미확보 또는 해당 학교급 아님,estimated,estimated,no_records,,no_records,,no_records,,no_records,
KLOCAL-dbac808d955ed351,인천용일초등학교병설유치원,유치원,미추홀구,명칭상 불일치 없음,2026년 1차 공시,확장 분석,available,4,weighted_trend_lightgbm,미추홀구,available,106,geocoded_observations_only,44,14,KG041|KG042|KG05|KG06|KG07|KG10|KG111|KG14|KG15|KG171|KG172|KG19|KG21|KG22,2016|2017|2018|2019|2020|2021|2022|2023|2024|2025|2026,0,0,미확보,미확보,,미확보 또는 해당 학교급 아님,estimated,estimated,no_records,,no_records,,no_records,,no_records,
KLOCAL-dbea3b1337a43ee7,예원유치원,유치원,부평구,명칭상 불일치 없음,2026년 1차 공시,확장 분석,available,4,weighted_trend_lightgbm,부평구,available,97,geocoded_observations_only,44,14,KG041|KG042|KG05|KG06|KG07|KG10|KG111|KG14|KG15|KG171|KG172|KG19|KG21|KG22,2016|2017|2018|2019|2020|2021|2022|2023|2024|2025|2026,0,0,미확보,미확보,,미확보 또는 해당 학교급 아님,estimated,estimated,no_records,,no_records,,no_records,,no_records,
KLOCAL-dc5e4c9a4f7a45e8,인천한빛초등학교병설유치원,유치원,남동구,명칭상 불일치 없음,2026년 1차 공시,확장 분석,available,4,weighted_trend_lightgbm,남동구,available,49,geocoded_observations_only,44,14,KG041|KG042|KG05|KG06|KG07|KG10|KG111|KG14|KG15|KG171|KG172|KG19|KG21|KG22,2016|2017|2018|2019|2020|2021|2022|2023|2024|2025|2026,0,0,미확보,미확보,,미확보 또는 해당 학교급 아님,estimated,estimated,no_records,,no_records,,no_records,,no_records,
KLOCAL-dcebf30aba91b8e1,인천해서초등학교병설유치원,유치원,계양구,명칭상 불일치 없음,2026년 1차 공시,확장 분석,available,4,weighted_trend_lightgbm,계양구,available,83,geocoded_observations_only,44,14,KG041|KG042|KG05|KG06|KG07|KG10|KG111|KG14|KG15|KG171|KG172|KG19|KG21|KG22,2016|2017|2018|2019|2020|2021|2022|2023|2024|2025|2026,0,0,미확보,미확보,,미확보 또는 해당 학교급 아님,estimated,estimated,no_records,,no_records,,no_records,,no_records,
KLOCAL-dd6dbb2a34c3a048,강화유치원,유치원,강화군,명칭상 불일치 없음,2026년 1차 공시,확장 분석,available,4,weighted_trend_lightgbm,강화군,available,62,geocoded_observations_only,44,14,KG041|KG042|KG05|KG06|KG07|KG10|KG111|KG14|KG15|KG171|KG172|KG19|KG21|KG22,2016|2017|2018|2019|2020|2021|2022|2023|2024|2025|2026,0,0,미확보,미확보,,미확보 또는 해당 학교급 아님,estimated,estimated,no_records,,no_records,,no_records,,no_records,
KLOCAL-ddac7c3a8a0d5a08,인천마전초등학교병설유치원,유치원,검단구,명칭상 불일치 없음,2026년 1차 공시,확장 분석,available,4,weighted_trend_lightgbm,서구,available,65,geocoded_observations_only,44,14,KG041|KG042|KG05|KG06|KG07|KG10|KG111|KG14|KG15|KG171|KG172|KG19|KG21|KG22,2016|2017|2018|2019|2020|2021|2022|2023|2024|2025|2026,0,0,미확보,미확보,,미확보 또는 해당 학교급 아님,estimated,estimated,no_records,,no_records,,no_records,,no_records,
KLOCAL-de70b1ea59f110a7,인천단봉초등학교병설유치원,유치원,검단구,명칭상 불일치 없음,2026년 1차 공시,확장 분석,available,4,weighted_trend_lightgbm,서구,available,36,geocoded_observations_only,44,14,KG041|KG042|KG05|KG06|KG07|KG10|KG111|KG14|KG15|KG171|KG172|KG19|KG21|KG22,2016|2017|2018|2019|2020|2021|2022|2023|2024|2025|2026,0,0,미확보,미확보,,미확보 또는 해당 학교급 아님,estimated,estimated,no_records,,no_records,,no_records,,no_records,
KLOCAL-df8423dbb089d99c,인천청라초등학교병설유치원,유치원,서해구,명칭상 불일치 없음,2026년 1차 공시,확장 분석,available,4,weighted_trend_lightgbm,서구,available,74,geocoded_observations_only,44,14,KG041|KG042|KG05|KG06|KG07|KG10|KG111|KG14|KG15|KG171|KG172|KG19|KG21|KG22,2016|2017|2018|2019|2020|2021|2022|2023|2024|2025|2026,0,0,미확보,미확보,,미확보 또는 해당 학교급 아님,estimated,estimated,no_records,,no_records,,no_records,,no_records,
KLOCAL-e136e3f6335e2476,인천달빛초등학교병설유치원,유치원,영종구,명칭상 불일치 없음,2026년 1차 공시,확장 분석,available,0,insufficient_history,해당 산출물 없음,available,35,geocoded_observations_only,20,14,KG041|KG042|KG05|KG06|KG07|KG10|KG111|KG14|KG15|KG171|KG172|KG19|KG21|KG22,2026,0,0,미확보,미확보,,미확보 또는 해당 학교급 아님,estimated,estimated,no_records,,no_records,,no_records,,no_records,
KLOCAL-e340aa37ee0b17d0,자연유치원,유치원,계양구,명칭상 불일치 없음,2026년 1차 공시,확장 분석,available,4,weighted_trend_lightgbm,계양구,available,62,geocoded_observations_only,44,14,KG041|KG042|KG05|KG06|KG07|KG10|KG111|KG14|KG15|KG171|KG172|KG19|KG21|KG22,2016|2017|2018|2019|2020|2021|2022|2023|2024|2025|2026,0,0,미확보,미확보,,미확보 또는 해당 학교급 아님,estimated,estimated,no_records,,no_records,,no_records,,no_records,
KLOCAL-e436b88a780add2c,에이스화인유치원,유치원,남동구,명칭상 불일치 없음,2026년 1차 공시,확장 분석,available,4,weighted_trend_lightgbm,남동구,available,37,geocoded_observations_only,46,14,KG041|KG042|KG05|KG06|KG07|KG10|KG111|KG14|KG15|KG171|KG172|KG19|KG21|KG22,2016|2017|2018|2019|2020|2021|2022|2023|2024|2025|2026,0,0,미확보,미확보,,미확보 또는 해당 학교급 아님,estimated,estimated,no_records,,no_records,,no_records,,no_records,
KLOCAL-e47e237956c9037b,송도국제유치원,유치원,연수구,명칭상 불일치 없음,2026년 1차 공시,확장 분석,available,4,weighted_trend_lightgbm,연수구,no_valid_route_within_search_scope,45,geocoded_observations_only,46,14,KG041|KG042|KG05|KG06|KG07|KG10|KG111|KG14|KG15|KG171|KG172|KG19|KG21|KG22,2016|2017|2018|2019|2020|2021|2022|2023|2024|2025|2026,0,0,미확보,미확보,,미확보 또는 해당 학교급 아님,estimated,estimated,no_records,,no_records,,no_records,,no_records,
KLOCAL-e67fb17cb81b7ac2,인천서현유치원,유치원,서해구,명칭상 불일치 없음,2026년 1차 공시,확장 분석,available,4,weighted_trend_lightgbm,서구,available,76,geocoded_observations_only,43,14,KG041|KG042|KG05|KG06|KG07|KG10|KG111|KG14|KG15|KG171|KG172|KG19|KG21|KG22,2017|2018|2019|2020|2021|2022|2023|2024|2025|2026,0,0,미확보,미확보,,미확보 또는 해당 학교급 아님,missing_age_observations,estimated,no_records,,no_records,,no_records,,no_records,
KLOCAL-e6f561eea690e9ea,인천예송초등학교병설유치원,유치원,연수구,명칭상 불일치 없음,2026년 1차 공시,확장 분석,available,4,weighted_trend_lightgbm,연수구,available,60,geocoded_observations_only,42,14,KG041|KG042|KG05|KG06|KG07|KG10|KG111|KG14|KG15|KG171|KG172|KG19|KG21|KG22,2018|2019|2020|2021|2022|2023|2024|2025|2026,0,0,미확보,미확보,,미확보 또는 해당 학교급 아님,estimated,estimated,no_records,,no_records,,no_records,,no_records,
KLOCAL-e7025d490b504a01,인천부평북초등학교병설유치원,유치원,부평구,명칭상 불일치 없음,2026년 1차 공시,확장 분석,available,4,weighted_trend_lightgbm,부평구,available,95,geocoded_observations_only,44,14,KG041|KG042|KG05|KG06|KG07|KG10|KG111|KG14|KG15|KG171|KG172|KG19|KG21|KG22,2016|2017|2018|2019|2020|2021|2022|2023|2024|2025|2026,0,0,미확보,미확보,,미확보 또는 해당 학교급 아님,estimated,estimated,no_records,,no_records,,no_records,,no_records,
KLOCAL-e939ece928361ded,인천도담초등학교병설유치원,유치원,서해구,명칭상 불일치 없음,2026년 1차 공시,확장 분석,available,4,weighted_trend_lightgbm,서구,available,66,geocoded_observations_only,44,14,KG041|KG042|KG05|KG06|KG07|KG10|KG111|KG14|KG15|KG171|KG172|KG19|KG21|KG22,2016|2017|2018|2019|2020|2021|2022|2023|2024|2025|2026,0,0,미확보,미확보,,미확보 또는 해당 학교급 아님,estimated,estimated,no_records,,no_records,,no_records,,no_records,
KLOCAL-e9f605efb8473d0b,상아유치원,유치원,계양구,명칭상 불일치 없음,2026년 1차 공시,확장 분석,available,4,weighted_trend_lightgbm,계양구,available,81,geocoded_observations_only,44,14,KG041|KG042|KG05|KG06|KG07|KG10|KG111|KG14|KG15|KG171|KG172|KG19|KG21|KG22,2016|2017|2018|2019|2020|2021|2022|2023|2024|2025|2026,0,0,미확보,미확보,,미확보 또는 해당 학교급 아님,estimated,estimated,no_records,,no_records,,no_records,,no_records,
KLOCAL-eb061546857b8dda,건영유치원,유치원,미추홀구,명칭상 불일치 없음,2026년 1차 공시,확장 분석,available,4,weighted_trend_lightgbm,미추홀구,available,108,geocoded_observations_only,44,14,KG041|KG042|KG05|KG06|KG07|KG10|KG111|KG14|KG15|KG171|KG172|KG19|KG21|KG22,2016|2017|2018|2019|2020|2021|2022|2023|2024|2025|2026,0,0,미확보,미확보,,미확보 또는 해당 학교급 아님,estimated,estimated,no_records,,no_records,,no_records,,no_records,
KLOCAL-ebb7f219b7dc3c02,인천부평남초등학교병설유치원,유치원,부평구,명칭상 불일치 없음,2026년 1차 공시,확장 분석,available,4,weighted_trend_lightgbm,부평구,available,91,geocoded_observations_only,44,14,KG041|KG042|KG05|KG06|KG07|KG10|KG111|KG14|KG15|KG171|KG172|KG19|KG21|KG22,2016|2017|2018|2019|2020|2021|2022|2023|2024|2025|2026,0,0,미확보,미확보,,미확보 또는 해당 학교급 아님,estimated,estimated,no_records,,no_records,,no_records,,no_records,
KLOCAL-edc78a00d15f9048,합일초등학교병설유치원,유치원,강화군,명칭상 불일치 없음,2026년 1차 공시,확장 분석,available,4,weighted_trend_lightgbm,강화군,available,64,geocoded_observations_only,44,14,KG041|KG042|KG05|KG06|KG07|KG10|KG111|KG14|KG15|KG171|KG172|KG19|KG21|KG22,2016|2017|2018|2019|2020|2021|2022|2023|2024|2025|2026,0,0,미확보,미확보,,미확보 또는 해당 학교급 아님,missing_age_observations,missing_age_observations,no_records,,no_records,,no_records,,no_records,
KLOCAL-edd263eb4f557278,인천송담초등학교병설유치원,유치원,연수구,명칭상 불일치 없음,2026년 1차 공시,확장 분석,available,4,weighted_trend_lightgbm,연수구,no_valid_route_within_search_scope,31,geocoded_observations_only,39,14,KG041|KG042|KG05|KG06|KG07|KG10|KG111|KG14|KG15|KG171|KG172|KG19|KG21|KG22,2021|2022|2023|2024|2025|2026,0,0,미확보,미확보,,미확보 또는 해당 학교급 아님,estimated,estimated,no_records,,no_records,,no_records,,no_records,
KLOCAL-ee92f238c00ca8b5,샤인유치원,유치원,남동구,명칭상 불일치 없음,2026년 1차 공시,확장 분석,available,4,weighted_trend_lightgbm,남동구,available,67,geocoded_observations_only,45,14,KG041|KG042|KG05|KG06|KG07|KG10|KG111|KG14|KG15|KG171|KG172|KG19|KG21|KG22,2016|2017|2018|2019|2020|2021|2022|2023|2024|2025|2026,0,0,미확보,미확보,,미확보 또는 해당 학교급 아님,estimated,estimated,no_records,,no_records,,no_records,,no_records,
KLOCAL-ef25cce87a4a5a4a,인천만월초등학교병설유치원,유치원,남동구,명칭상 불일치 없음,2026년 1차 공시,확장 분석,available,4,weighted_trend_lightgbm,남동구,available,84,geocoded_observations_only,44,14,KG041|KG042|KG05|KG06|KG07|KG10|KG111|KG14|KG15|KG171|KG172|KG19|KG21|KG22,2016|2017|2018|2019|2020|2021|2022|2023|2024|2025|2026,0,0,미확보,미확보,,미확보 또는 해당 학교급 아님,estimated,estimated,no_records,,no_records,,no_records,,no_records,
KLOCAL-f03b39efeda7c1e2,인천만수초등학교병설유치원,유치원,남동구,명칭상 불일치 없음,2026년 1차 공시,확장 분석,available,4,weighted_trend_lightgbm,남동구,available,81,geocoded_observations_only,40,14,KG041|KG042|KG05|KG06|KG07|KG10|KG111|KG14|KG15|KG171|KG172|KG19|KG21|KG22,2020|2021|2022|2023|2024|2025|2026,0,0,미확보,미확보,,미확보 또는 해당 학교급 아님,estimated,estimated,no_records,,no_records,,no_records,,no_records,
KLOCAL-f1560b9f1d29c37d,인천연학초등학교병설유치원,유치원,미추홀구,명칭상 불일치 없음,2026년 1차 공시,확장 분석,available,4,weighted_trend_lightgbm,미추홀구,available,99,geocoded_observations_only,40,14,KG041|KG042|KG05|KG06|KG07|KG10|KG111|KG14|KG15|KG171|KG172|KG19|KG21|KG22,2020|2021|2022|2023|2024|2025|2026,0,0,미확보,미확보,,미확보 또는 해당 학교급 아님,estimated,estimated,no_records,,no_records,,no_records,,no_records,
KLOCAL-f2b56eb375536aa8,인천장도초등학교병설유치원,유치원,남동구,명칭상 불일치 없음,2026년 1차 공시,확장 분석,available,4,weighted_trend_lightgbm,남동구,available,63,geocoded_observations_only,44,14,KG041|KG042|KG05|KG06|KG07|KG10|KG111|KG14|KG15|KG171|KG172|KG19|KG21|KG22,2016|2017|2018|2019|2020|2021|2022|2023|2024|2025|2026,0,0,미확보,미확보,,미확보 또는 해당 학교급 아님,estimated,estimated,no_records,,no_records,,no_records,,no_records,
KLOCAL-f32b3f18c3c6667b,대월초등학교병설유치원,유치원,강화군,명칭상 불일치 없음,2026년 1차 공시,확장 분석,available,4,weighted_trend_lightgbm,강화군,available,26,geocoded_observations_only,44,14,KG041|KG042|KG05|KG06|KG07|KG10|KG111|KG14|KG15|KG171|KG172|KG19|KG21|KG22,2016|2017|2018|2019|2020|2021|2022|2023|2024|2025|2026,0,0,미확보,미확보,,미확보 또는 해당 학교급 아님,estimated,estimated,no_records,,no_records,,no_records,,no_records,
KLOCAL-f32ece23bc8b2d5a,인천아라초등학교병설유치원,유치원,검단구,명칭상 불일치 없음,2026년 1차 공시,확장 분석,available,4,weighted_trend_lightgbm,서구,available,54,geocoded_observations_only,36,14,KG041|KG042|KG05|KG06|KG07|KG10|KG111|KG14|KG15|KG171|KG172|KG19|KG21|KG22,2024|2025|2026,0,0,미확보,미확보,,미확보 또는 해당 학교급 아님,estimated,estimated,no_records,,no_records,,no_records,,no_records,
KLOCAL-f4753e5542369632,인천목향초등학교병설유치원,유치원,검단구,명칭상 불일치 없음,2026년 1차 공시,확장 분석,available,4,weighted_trend_lightgbm,서구,available,39,geocoded_observations_only,44,14,KG041|KG042|KG05|KG06|KG07|KG10|KG111|KG14|KG15|KG171|KG172|KG19|KG21|KG22,2016|2017|2018|2019|2020|2021|2022|2023|2024|2025|2026,0,0,미확보,미확보,,미확보 또는 해당 학교급 아님,estimated,estimated,no_records,,no_records,,no_records,,no_records,
KLOCAL-f49918d712180a3b,인천용유초등학교병설유치원,유치원,영종구,명칭상 불일치 없음,2026년 1차 공시,확장 분석,available,4,weighted_trend_lightgbm,중구,available,11,geocoded_observations_only,44,14,KG041|KG042|KG05|KG06|KG07|KG10|KG111|KG14|KG15|KG171|KG172|KG19|KG21|KG22,2016|2017|2018|2019|2020|2021|2022|2023|2024|2025|2026,0,0,미확보,미확보,,미확보 또는 해당 학교급 아님,missing_age_observations,missing_age_observations,no_records,,no_records,,no_records,,no_records,
KLOCAL-f53bd21b5a623669,반디유치원,유치원,미추홀구,명칭상 불일치 없음,2026년 1차 공시,확장 분석,available,4,weighted_trend_lightgbm,미추홀구,available,82,geocoded_observations_only,48,14,KG041|KG042|KG05|KG06|KG07|KG10|KG111|KG14|KG15|KG171|KG172|KG19|KG21|KG22,2016|2017|2018|2019|2020|2021|2022|2023|2024|2025|2026,0,0,미확보,미확보,,미확보 또는 해당 학교급 아님,estimated,estimated,no_records,,no_records,,no_records,,no_records,
KLOCAL-f57b640f7d2b17de,연흥유치원,유치원,미추홀구,명칭상 불일치 없음,2026년 1차 공시,확장 분석,available,4,weighted_trend_lightgbm,미추홀구,available,79,geocoded_observations_only,46,14,KG041|KG042|KG05|KG06|KG07|KG10|KG111|KG14|KG15|KG171|KG172|KG19|KG21|KG22,2016|2017|2018|2019|2020|2021|2022|2023|2024|2025|2026,0,0,미확보,미확보,,미확보 또는 해당 학교급 아님,estimated,estimated,no_records,,no_records,,no_records,,no_records,
KLOCAL-f591f4da9fb6832b,신도유치원,유치원,연수구,명칭상 불일치 없음,2026년 1차 공시,확장 분석,available,4,weighted_trend_lightgbm,연수구,available,90,geocoded_observations_only,44,14,KG041|KG042|KG05|KG06|KG07|KG10|KG111|KG14|KG15|KG171|KG172|KG19|KG21|KG22,2016|2017|2018|2019|2020|2021|2022|2023|2024|2025|2026,0,0,미확보,미확보,,미확보 또는 해당 학교급 아님,estimated,estimated,no_records,,no_records,,no_records,,no_records,
KLOCAL-f772a80f44ffb1a0,인천서운초등학교병설유치원,유치원,계양구,명칭상 불일치 없음,2026년 1차 공시,확장 분석,available,4,weighted_trend_lightgbm,계양구,available,77,geocoded_observations_only,44,14,KG041|KG042|KG05|KG06|KG07|KG10|KG111|KG14|KG15|KG171|KG172|KG19|KG21|KG22,2016|2017|2018|2019|2020|2021|2022|2023|2024|2025|2026,0,0,미확보,미확보,,미확보 또는 해당 학교급 아님,estimated,estimated,no_records,,no_records,,no_records,,no_records,
KLOCAL-f79433e81215e45b,새하늘유치원,유치원,연수구,명칭상 불일치 없음,2026년 1차 공시,확장 분석,available,4,weighted_trend_lightgbm,연수구,available,71,geocoded_observations_only,44,14,KG041|KG042|KG05|KG06|KG07|KG10|KG111|KG14|KG15|KG171|KG172|KG19|KG21|KG22,2016|2017|2018|2019|2020|2021|2022|2023|2024|2025|2026,0,0,미확보,미확보,,미확보 또는 해당 학교급 아님,estimated,estimated,no_records,,no_records,,no_records,,no_records,
KLOCAL-f9046d59bd98116e,인천백석초등학교병설유치원,유치원,검단구,명칭상 불일치 없음,2026년 1차 공시,확장 분석,available,4,weighted_trend_lightgbm,서구,available,51,geocoded_observations_only,44,14,KG041|KG042|KG05|KG06|KG07|KG10|KG111|KG14|KG15|KG171|KG172|KG19|KG21|KG22,2016|2017|2018|2019|2020|2021|2022|2023|2024|2025|2026,0,0,미확보,미확보,,미확보 또는 해당 학교급 아님,estimated,estimated,no_records,,no_records,,no_records,,no_records,
KLOCAL-f9615dc5f6bb8ee0,인천신송초등학교병설유치원,유치원,연수구,명칭상 불일치 없음,2026년 1차 공시,확장 분석,available,4,weighted_trend_lightgbm,연수구,available,66,geocoded_observations_only,44,14,KG041|KG042|KG05|KG06|KG07|KG10|KG111|KG14|KG15|KG171|KG172|KG19|KG21|KG22,2016|2017|2018|2019|2020|2021|2022|2023|2024|2025|2026,0,0,미확보,미확보,,미확보 또는 해당 학교급 아님,estimated,estimated,no_records,,no_records,,no_records,,no_records,
KLOCAL-f9c23299c9f29c92,키즈월드유치원,유치원,연수구,명칭상 불일치 없음,2026년 1차 공시,확장 분석,available,4,weighted_trend_lightgbm,연수구,available,74,geocoded_observations_only,44,14,KG041|KG042|KG05|KG06|KG07|KG10|KG111|KG14|KG15|KG171|KG172|KG19|KG21|KG22,2016|2017|2018|2019|2020|2021|2022|2023|2024|2025|2026,0,0,미확보,미확보,,미확보 또는 해당 학교급 아님,estimated,estimated,no_records,,no_records,,no_records,,no_records,
KLOCAL-fa0b23e1b953919a,인천마곡초등학교병설유치원,유치원,부평구,명칭상 불일치 없음,2026년 1차 공시,확장 분석,available,4,weighted_trend_lightgbm,부평구,available,80,geocoded_observations_only,40,14,KG041|KG042|KG05|KG06|KG07|KG10|KG111|KG14|KG15|KG171|KG172|KG19|KG21|KG22,2020|2021|2022|2023|2024|2025|2026,0,0,미확보,미확보,,미확보 또는 해당 학교급 아님,estimated,estimated,no_records,,no_records,,no_records,,no_records,
KLOCAL-fc233c4e719c1c84,인천논곡초등학교병설유치원,유치원,남동구,명칭상 불일치 없음,2026년 1차 공시,확장 분석,available,4,weighted_trend_lightgbm,남동구,available,49,geocoded_observations_only,44,14,KG041|KG042|KG05|KG06|KG07|KG10|KG111|KG14|KG15|KG171|KG172|KG19|KG21|KG22,2016|2017|2018|2019|2020|2021|2022|2023|2024|2025|2026,0,0,미확보,미확보,,미확보 또는 해당 학교급 아님,estimated,estimated,no_records,,no_records,,no_records,,no_records,
KLOCAL-fd52787ce68b9cc4,바다의별유치원,유치원,연수구,명칭상 불일치 없음,2026년 1차 공시,확장 분석,available,4,weighted_trend_lightgbm,연수구,available,52,geocoded_observations_only,45,14,KG041|KG042|KG05|KG06|KG07|KG10|KG111|KG14|KG15|KG171|KG172|KG19|KG21|KG22,2016|2017|2018|2019|2020|2021|2022|2023|2024|2025|2026,0,0,미확보,미확보,,미확보 또는 해당 학교급 아님,estimated,estimated,no_records,,no_records,,no_records,,no_records,
KLOCAL-fda225ae2869cf69,인천상아초등학교병설유치원,유치원,남동구,명칭상 불일치 없음,2026년 1차 공시,확장 분석,available,4,weighted_trend_lightgbm,남동구,available,108,geocoded_observations_only,44,14,KG041|KG042|KG05|KG06|KG07|KG10|KG111|KG14|KG15|KG171|KG172|KG19|KG21|KG22,2016|2017|2018|2019|2020|2021|2022|2023|2024|2025|2026,0,0,미확보,미확보,,미확보 또는 해당 학교급 아님,estimated,estimated,no_records,,no_records,,no_records,,no_records,
KLOCAL-fe0db0fed48025b0,솔샘유치원,유치원,미추홀구,명칭상 불일치 없음,2026년 1차 공시,확장 분석,available,4,weighted_trend_lightgbm,미추홀구,available,101,geocoded_observations_only,46,14,KG041|KG042|KG05|KG06|KG07|KG10|KG111|KG14|KG15|KG171|KG172|KG19|KG21|KG22,2016|2017|2018|2019|2020|2021|2022|2023|2024|2025|2026,0,0,미확보,미확보,,미확보 또는 해당 학교급 아님,estimated,estimated,no_records,,no_records,,no_records,,no_records,
KLOCAL-fe703725d8c5c670,글로벌레인보우유치원,유치원,연수구,명칭상 불일치 없음,2026년 1차 공시,확장 분석,available,4,weighted_trend_lightgbm,연수구,available,59,geocoded_observations_only,44,14,KG041|KG042|KG05|KG06|KG07|KG10|KG111|KG14|KG15|KG171|KG172|KG19|KG21|KG22,2016|2017|2018|2019|2020|2021|2022|2023|2024|2025|2026,0,0,미확보,미확보,,미확보 또는 해당 학교급 아님,estimated,estimated,no_records,,no_records,,no_records,,no_records,
KLOCAL-fec14b51fc4d9297,인천성지초등학교병설유치원,유치원,계양구,명칭상 불일치 없음,2026년 1차 공시,확장 분석,available,4,weighted_trend_lightgbm,계양구,available,92,geocoded_observations_only,44,14,KG041|KG042|KG05|KG06|KG07|KG10|KG111|KG14|KG15|KG171|KG172|KG19|KG21|KG22,2016|2017|2018|2019|2020|2021|2022|2023|2024|2025|2026,0,0,미확보,미확보,,미확보 또는 해당 학교급 아님,estimated,estimated,no_records,,no_records,,no_records,,no_records,
KLOCAL-ff3c969cd7af6837,아삽유치원,유치원,남동구,명칭상 불일치 없음,2026년 1차 공시,확장 분석,available,4,weighted_trend_lightgbm,남동구,available,104,geocoded_observations_only,45,14,KG041|KG042|KG05|KG06|KG07|KG10|KG111|KG14|KG15|KG171|KG172|KG19|KG21|KG22,2016|2017|2018|2019|2020|2021|2022|2023|2024|2025|2026,0,0,미확보,미확보,,미확보 또는 해당 학교급 아님,estimated,estimated,no_records,,no_records,,no_records,,no_records,
B000008759,신흥중학교,중학교,중구,명칭상 불일치 없음,2026-03-20,확장 분석,available,4,weighted_trend_lightgbm,중구,available,58,geocoded_observations_only,169,32,0|04|08|09|10|16|17|18|20|21|22|24|30|34|35|38|43|44|51|55|56|58|59|61|62|63|64|67|68|73|90|94,2020|2021|2022|2023|2024|2025|2026,0,0,미확보,미확보,2025|2026,available,estimated,estimated,exempt_or_unconfirmed,2026,available,2026,available,2026,available,2026
B000008760,신흥여자중학교,중학교,중구,명칭상 불일치 없음,2026-03-20,확장 분석,available,4,weighted_trend_lightgbm,중구,available,65,geocoded_observations_only,171,32,0|04|08|09|10|16|17|18|20|21|22|24|30|34|35|38|43|44|51|55|56|58|59|61|62|63|64|67|68|73|90|94,2020|2021|2022|2023|2024|2025|2026,0,0,미확보,미확보,2025|2026,available,estimated,estimated,available,2026,available,2026,available,2026,available,2026
B000008761,영종중학교,중학교,중구,명칭상 불일치 없음,2026-03-20,확장 분석,available,4,weighted_trend_lightgbm,중구,available,40,geocoded_observations_only,181,32,0|04|08|09|10|16|17|18|20|21|22|24|30|34|35|38|43|44|51|55|56|58|59|61|62|63|64|67|68|73|90|94,2020|2021|2022|2023|2024|2025|2026,0,0,미확보,미확보,2025|2026,available,estimated,estimated,exempt_or_unconfirmed,2026,available,2026,available,2026,available,2026
B000008762,용유중학교,중학교,중구,명칭상 불일치 없음,2026-03-20,확장 분석,available,4,weighted_trend_lightgbm,중구,available,11,geocoded_observations_only,141,32,0|04|08|09|10|16|17|18|20|21|22|24|30|34|35|38|43|44|51|55|56|58|59|61|62|63|64|67|68|73|90|94,2020|2021|2022|2023|2024|2025|2026,0,0,미확보,미확보,2025|2026,available,missing_age_observations,estimated,exempt_or_unconfirmed,2026,available,2026,available,2026,available,2026
B000008763,인천공항중학교,중학교,중구,명칭상 불일치 없음,2026-03-20,확장 분석,available,4,weighted_trend_lightgbm,중구,available,33,geocoded_observations_only,180,32,0|04|08|09|10|16|17|18|20|21|22|24|30|34|35|38|43|44|51|55|56|58|59|61|62|63|64|67|68|73|90|94,2020|2021|2022|2023|2024|2025|2026,0,0,미확보,미확보,2025|2026,available,missing_age_observations,missing_age_observations,exempt_or_unconfirmed,2026,available,2026,available,2026,available,2026
B000008764,송도중학교,중학교,중구,명칭상 불일치 없음,2026-03-20,확장 분석,available,4,weighted_trend_lightgbm,중구,available,78,geocoded_observations_only,152,32,0|04|08|09|10|16|17|18|20|21|22|24|30|34|35|38|43|44|51|55|56|58|59|61|62|63|64|67|68|73|90|94,2020|2021|2022|2023|2024|2025|2026,0,0,미확보,미확보,2025|2026,available,estimated,estimated,available,2026,available,2026,available,2026,available,2026
B000008765,광성중학교,중학교,중구,명칭상 불일치 없음,2026-03-20,확장 분석,available,4,weighted_trend_lightgbm,중구,available,102,geocoded_observations_only,163,32,0|04|08|09|10|16|17|18|20|21|22|24|30|34|35|38|43|44|51|55|56|58|59|61|62|63|64|67|68|73|90|94,2020|2021|2022|2023|2024|2025|2026,0,0,미확보,미확보,2025|2026,available,estimated,estimated,available,2026,available,2026,available,2026,available,2026
B000008766,인성여자중학교,중학교,중구,명칭상 불일치 없음,2026-03-20,확장 분석,available,4,weighted_trend_lightgbm,중구,available,68,geocoded_observations_only,148,32,0|04|08|09|10|16|17|18|20|21|22|24|30|34|35|38|43|44|51|55|56|58|59|61|62|63|64|67|68|73|90|94,2020|2021|2022|2023|2024|2025|2026,0,0,미확보,미확보,2025|2026,available,estimated,estimated,available,2026,available,2026,available,2026,available,2026
B000008767,화도진중학교,중학교,동구,명칭상 불일치 없음,2026-03-20,확장 분석,available,4,weighted_trend_lightgbm,동구,available,56,geocoded_observations_only,177,32,0|04|08|09|10|16|17|18|20|21|22|24|30|34|35|38|43|44|51|55|56|58|59|61|62|63|64|67|68|73|90|94,2020|2021|2022|2023|2024|2025|2026,0,0,미확보,미확보,2025|2026,available,estimated,estimated,available,2026,available,2026,available,2026,available,2026
B000008768,동산중학교,중학교,동구,명칭상 불일치 없음,2026-03-20,확장 분석,available,4,weighted_trend_lightgbm,동구,available,91,geocoded_observations_only,169,32,0|04|08|09|10|16|17|18|20|21|22|24|30|34|35|38|43|44|51|55|56|58|59|61|62|63|64|67|68|73|90|94,2020|2021|2022|2023|2024|2025|2026,0,0,미확보,미확보,2025|2026,available,estimated,estimated,available,2026,available,2026,available,2026,available,2026
B000008769,인천재능중학교,중학교,동구,명칭상 불일치 없음,2026-03-20,확장 분석,available,4,weighted_trend_lightgbm,동구,available,80,geocoded_observations_only,158,32,0|04|08|09|10|16|17|18|20|21|22|24|30|34|35|38|43|44|51|55|56|58|59|61|62|63|64|67|68|73|90|94,2020|2021|2022|2023|2024|2025|2026,0,0,미확보,미확보,2025|2026,available,estimated,estimated,available,2026,available,2026,available,2026,available,2026
B000008771,선인중학교,중학교,미추홀구,명칭상 불일치 없음,2026-03-20,확장 분석,available,4,weighted_trend_lightgbm,미추홀구,available,90,geocoded_observations_only,154,32,0|04|08|09|10|16|17|18|20|21|22|24|30|34|35|38|43|44|51|55|56|58|59|61|62|63|64|67|68|73|90|94,2020|2021|2022|2023|2024|2025|2026,0,0,미확보,미확보,2025|2026,available,estimated,estimated,available,2026,available,2026,available,2026,available,2026
B000008772,관교중학교,중학교,미추홀구,명칭상 불일치 없음,2026-03-20,확장 분석,available,4,weighted_trend_lightgbm,미추홀구,available,95,geocoded_observations_only,173,32,0|04|08|09|10|16|17|18|20|21|22|24|30|34|35|38|43|44|51|55|56|58|59|61|62|63|64|67|68|73|90|94,2020|2021|2022|2023|2024|2025|2026,0,0,미확보,미확보,2025|2026,available,estimated,estimated,available,2026,available,2026,available,2026,available,2026
B000008773,인천남중학교,중학교,미추홀구,명칭상 불일치 없음,2026-03-20,확장 분석,available,4,weighted_trend_lightgbm,미추홀구,available,102,geocoded_observations_only,175,32,0|04|08|09|10|16|17|18|20|21|22|24|30|34|35|38|43|44|51|55|56|58|59|61|62|63|64|67|68|73|90|94,2020|2021|2022|2023|2024|2025|2026,0,0,미확보,미확보,2025|2026,available,estimated,estimated,available,2026,available,2026,available,2026,available,2026
B000008774,용현중학교,중학교,미추홀구,명칭상 불일치 없음,2026-03-20,확장 분석,available,4,weighted_trend_lightgbm,미추홀구,available,63,geocoded_observations_only,170,32,0|04|08|09|10|16|17|18|20|21|22|24|30|34|35|38|43|44|51|55|56|58|59|61|62|63|64|67|68|73|90|94,2020|2021|2022|2023|2024|2025|2026,0,0,미확보,미확보,2025|2026,available,estimated,estimated,exempt_or_unconfirmed,2026,available,2026,available,2026,available,2026
B000008775,선화여자중학교,중학교,미추홀구,명칭상 불일치 없음,2026-03-20,확장 분석,available,4,weighted_trend_lightgbm,미추홀구,available,90,geocoded_observations_only,170,32,0|04|08|09|10|16|17|18|20|21|22|24|30|34|35|38|43|44|51|55|56|58|59|61|62|63|64|67|68|73|90|94,2020|2021|2022|2023|2024|2025|2026,0,0,미확보,미확보,2025|2026,available,estimated,estimated,available,2026,available,2026,available,2026,available,2026
B000008776,관교여자중학교,중학교,미추홀구,명칭상 불일치 없음,2026-03-20,확장 분석,available,4,weighted_trend_lightgbm,미추홀구,available,98,geocoded_observations_only,174,32,0|04|08|09|10|16|17|18|20|21|22|24|30|34|35|38|43|44|51|55|56|58|59|61|62|63|64|67|68|73|90|94,2020|2021|2022|2023|2024|2025|2026,0,0,미확보,미확보,2025|2026,available,estimated,estimated,available,2026,available,2026,available,2026,available,2026
B000008777,남인천여자중학교,중학교,미추홀구,명칭상 불일치 없음,2026-03-20,확장 분석,available,4,weighted_trend_lightgbm,미추홀구,available,96,geocoded_observations_only,176,32,0|04|08|09|10|16|17|18|20|21|22|24|30|34|35|38|43|44|51|55|56|58|59|61|62|63|64|67|68|73|90|94,2020|2021|2022|2023|2024|2025|2026,0,0,미확보,미확보,2025|2026,available,estimated,estimated,available,2026,available,2026,available,2026,available,2026
B000008778,인화여자중학교,중학교,미추홀구,명칭상 불일치 없음,2026-03-20,확장 분석,available,4,weighted_trend_lightgbm,미추홀구,available,90,geocoded_observations_only,179,32,0|04|08|09|10|16|17|18|20|21|22|24|30|34|35|38|43|44|51|55|56|58|59|61|62|63|64|67|68|73|90|94,2020|2021|2022|2023|2024|2025|2026,0,0,미확보,미확보,2025|2026,available,estimated,estimated,available,2026,available,2026,available,2026,available,2026
B000008779,용현여자중학교,중학교,미추홀구,명칭상 불일치 없음,2026-03-20,확장 분석,available,4,weighted_trend_lightgbm,미추홀구,available,68,geocoded_observations_only,169,32,0|04|08|09|10|16|17|18|20|21|22|24|30|34|35|38|43|44|51|55|56|58|59|61|62|63|64|67|68|73|90|94,2020|2021|2022|2023|2024|2025|2026,0,0,미확보,미확보,2025|2026,available,estimated,estimated,exempt_or_unconfirmed,2026,available,2026,available,2026,available,2026
B000008780,제물포여자중학교,중학교,미추홀구,명칭상 불일치 없음,2026-03-20,확장 분석,available,4,weighted_trend_lightgbm,미추홀구,available,101,geocoded_observations_only,163,32,0|04|08|09|10|16|17|18|20|21|22|24|30|34|35|38|43|44|51|55|56|58|59|61|62|63|64|67|68|73|90|94,2020|2021|2022|2023|2024|2025|2026,0,0,미확보,미확보,2025|2026,available,estimated,estimated,exempt_or_unconfirmed,2026,available,2026,available,2026,available,2026
B000008781,인주중학교,중학교,미추홀구,명칭상 불일치 없음,2026-03-20,확장 분석,available,4,weighted_trend_lightgbm,미추홀구,available,84,geocoded_observations_only,179,32,0|04|08|09|10|16|17|18|20|21|22|24|30|34|35|38|43|44|51|55|56|58|59|61|62|63|64|67|68|73|90|94,2020|2021|2022|2023|2024|2025|2026,0,0,미확보,미확보,2025|2026,available,estimated,estimated,exempt_or_unconfirmed,2026,available,2026,available,2026,available,2026
B000008782,인하대학교사범대학부속중학교,중학교,미추홀구,명칭상 불일치 없음,2026-03-20,확장 분석,available,4,weighted_trend_lightgbm,미추홀구,available,89,geocoded_observations_only,167,32,0|04|08|09|10|16|17|18|20|21|22|24|30|34|35|38|43|44|51|55|56|58|59|61|62|63|64|67|68|73|90|94,2020|2021|2022|2023|2024|2025|2026,0,0,미확보,미확보,2025|2026,available,estimated,estimated,available,2026,available,2026,available,2026,available,2026
B000008783,연평중학교,중학교,옹진군,명칭상 불일치 없음,2026-03-20,확장 분석,available,4,weighted_trend_lightgbm,옹진군,no_valid_route_within_search_scope,8,geocoded_observations_only,115,32,0|04|08|09|10|16|17|18|20|21|22|24|30|34|35|38|43|44|51|55|56|58|59|61|62|63|64|67|68|73|90|94,2020|2021|2022|2023|2024|2025|2026,0,0,미확보,미확보,2025|2026,available,missing_age_observations,estimated,available,2026,available,2026,available,2026,available,2026
B000008784,대청중학교,중학교,옹진군,명칭상 불일치 없음,2026-03-20,확장 분석,available,4,weighted_trend_lightgbm,옹진군,no_valid_route_within_search_scope,11,geocoded_observations_only,119,32,0|04|08|09|10|16|17|18|20|21|22|24|30|34|35|38|43|44|51|55|56|58|59|61|62|63|64|67|68|73|90|94,2020|2021|2022|2023|2024|2025|2026,0,0,미확보,미확보,2025|2026,available,missing_age_observations,missing_age_observations,available,2026,available,2026,available,2026,available,2026
B000008785,영흥중학교,중학교,옹진군,명칭상 불일치 없음,2026-03-20,확장 분석,available,4,weighted_trend_lightgbm,옹진군,no_valid_route_within_search_scope,12,geocoded_observations_only,139,32,0|04|08|09|10|16|17|18|20|21|22|24|30|34|35|38|43|44|51|55|56|58|59|61|62|63|64|67|68|73|90|94,2020|2021|2022|2023|2024|2025|2026,0,0,미확보,미확보,2025|2026,available,estimated,estimated,available,2026,available,2026,available,2026,available,2026
B000008786,덕적중학교,중학교,옹진군,명칭상 불일치 없음,2026-03-20,확장 분석,available,4,weighted_trend_lightgbm,옹진군,no_valid_route_within_search_scope,10,geocoded_observations_only,118,32,0|04|08|09|10|16|17|18|20|21|22|24|30|34|35|38|43|44|51|55|56|58|59|61|62|63|64|67|68|73|90|94,2020|2021|2022|2023|2024|2025|2026,0,0,미확보,미확보,2025|2026,available,estimated,estimated,available,2026,available,2026,available,2026,available,2026
B000008787,백령중학교,중학교,옹진군,명칭상 불일치 없음,2026-03-20,확장 분석,available,4,weighted_trend_lightgbm,옹진군,no_valid_route_within_search_scope,12,geocoded_observations_only,143,32,0|04|08|09|10|16|17|18|20|21|22|24|30|34|35|38|43|44|51|55|56|58|59|61|62|63|64|67|68|73|90|94,2020|2021|2022|2023|2024|2025|2026,0,0,미확보,미확보,2025|2026,available,missing_age_observations,missing_age_observations,available,2026,available,2026,available,2026,available,2026
B000008788,부평동중학교,중학교,부평구,명칭상 불일치 없음,2026-03-20,확장 분석,available,4,weighted_trend_lightgbm,부평구,available,73,geocoded_observations_only,163,32,0|04|08|09|10|16|17|18|20|21|22|24|30|34|35|38|43|44|51|55|56|58|59|61|62|63|64|67|68|73|90|94,2020|2021|2022|2023|2024|2025|2026,0,0,미확보,미확보,2025|2026,available,estimated,estimated,available,2026,available,2026,available,2026,available,2026
B000008789,부원중학교,중학교,부평구,명칭상 불일치 없음,2026-03-20,확장 분석,available,4,weighted_trend_lightgbm,부평구,available,107,geocoded_observations_only,175,32,0|04|08|09|10|16|17|18|20|21|22|24|30|34|35|38|43|44|51|55|56|58|59|61|62|63|64|67|68|73|90|94,2020|2021|2022|2023|2024|2025|2026,2,0,미확보,미확보,2025|2026,available,estimated,estimated,available,2026,available,2026,available,2026,available,2026
B000008790,부평중학교,중학교,부평구,명칭상 불일치 없음,2026-03-20,확장 분석,available,4,weighted_trend_lightgbm,부평구,available,109,geocoded_observations_only,162,32,0|04|08|09|10|16|17|18|20|21|22|24|30|34|35|38|43|44|51|55|56|58|59|61|62|63|64|67|68|73|90|94,2020|2021|2022|2023|2024|2025|2026,0,0,미확보,미확보,2025|2026,available,estimated,estimated,exempt_or_unconfirmed,2026,available,2026,available,2026,available,2026
B000008791,산곡중학교,중학교,부평구,명칭상 불일치 없음,2026-03-20,확장 분석,available,4,weighted_trend_lightgbm,부평구,available,86,geocoded_observations_only,160,32,0|04|08|09|10|16|17|18|20|21|22|24|30|34|35|38|43|44|51|55|56|58|59|61|62|63|64|67|68|73|90|94,2020|2021|2022|2023|2024|2025|2026,0,0,미확보,미확보,2025|2026,available,estimated,estimated,available,2026,available,2026,available,2026,available,2026
B000008792,산곡남중학교,중학교,부평구,명칭상 불일치 없음,2026-03-20,확장 분석,available,4,weighted_trend_lightgbm,부평구,available,102,geocoded_observations_only,173,32,0|04|08|09|10|16|17|18|20|21|22|24|30|34|35|38|43|44|51|55|56|58|59|61|62|63|64|67|68|73|90|94,2020|2021|2022|2023|2024|2025|2026,0,0,미확보,미확보,2025|2026,available,estimated,estimated,exempt_or_unconfirmed,2026,available,2026,available,2026,available,2026
B000008793,부평서중학교,중학교,부평구,명칭상 불일치 없음,2026-03-20,확장 분석,available,4,weighted_trend_lightgbm,부평구,available,91,geocoded_observations_only,162,32,0|04|08|09|10|16|17|18|20|21|22|24|30|34|35|38|43|44|51|55|56|58|59|61|62|63|64|67|68|73|90|94,2020|2021|2022|2023|2024|2025|2026,0,2,미확보,미확보,2025|2026,available,estimated,estimated,available,2026,available,2026,available,2026,available,2026
B000008794,동암중학교,중학교,부평구,명칭상 불일치 없음,2026-03-20,확장 분석,available,4,weighted_trend_lightgbm,부평구,available,86,geocoded_observations_only,163,32,0|04|08|09|10|16|17|18|20|21|22|24|30|34|35|38|43|44|51|55|56|58|59|61|62|63|64|67|68|73|90|94,2020|2021|2022|2023|2024|2025|2026,0,0,미확보,미확보,2025|2026,available,estimated,estimated,available,2026,available,2026,available,2026,available,2026
B000008795,부원여자중학교,중학교,부평구,명칭상 불일치 없음,2026-03-20,확장 분석,available,4,weighted_trend_lightgbm,부평구,available,105,geocoded_observations_only,173,32,0|04|08|09|10|16|17|18|20|21|22|24|30|34|35|38|43|44|51|55|56|58|59|61|62|63|64|67|68|73|90|94,2020|2021|2022|2023|2024|2025|2026,0,0,미확보,미확보,2025|2026,available,estimated,estimated,exempt_or_unconfirmed,2026,available,2026,available,2026,available,2026
B000008796,부평여자중학교,중학교,부평구,명칭상 불일치 없음,2026-03-20,확장 분석,available,4,weighted_trend_lightgbm,부평구,available,83,geocoded_observations_only,168,32,0|04|08|09|10|16|17|18|20|21|22|24|30|34|35|38|43|44|51|55|56|58|59|61|62|63|64|67|68|73|90|94,2020|2021|2022|2023|2024|2025|2026,0,0,미확보,미확보,2025|2026,available,estimated,estimated,available,2026,available,2026,available,2026,available,2026
B000008797,인천동수중학교,중학교,부평구,명칭상 불일치 없음,2026-03-20,확장 분석,available,4,weighted_trend_lightgbm,부평구,available,80,geocoded_observations_only,167,32,0|04|08|09|10|16|17|18|20|21|22|24|30|34|35|38|43|44|51|55|56|58|59|61|62|63|64|67|68|73|90|94,2020|2021|2022|2023|2024|2025|2026,0,0,미확보,미확보,2025|2026,available,estimated,estimated,exempt_or_unconfirmed,2026,available,2026,available,2026,available,2026
B000008798,산곡여자중학교,중학교,부평구,명칭상 불일치 없음,2026-03-20,확장 분석,available,4,weighted_trend_lightgbm,부평구,available,100,geocoded_observations_only,173,32,0|04|08|09|10|16|17|18|20|21|22|24|30|34|35|38|43|44|51|55|56|58|59|61|62|63|64|67|68|73|90|94,2020|2021|2022|2023|2024|2025|2026,0,0,미확보,미확보,2025|2026,available,estimated,estimated,available,2026,available,2026,available,2026,available,2026
B000008799,부평서여자중학교,중학교,부평구,명칭상 불일치 없음,2026-03-20,확장 분석,available,4,weighted_trend_lightgbm,부평구,available,91,geocoded_observations_only,158,32,0|04|08|09|10|16|17|18|20|21|22|24|30|34|35|38|43|44|51|55|56|58|59|61|62|63|64|67|68|73|90|94,2020|2021|2022|2023|2024|2025|2026,0,0,미확보,미확보,2025|2026,available,estimated,estimated,available,2026,available,2026,available,2026,available,2026
B000008800,청천중학교,중학교,부평구,명칭상 불일치 없음,2026-03-20,확장 분석,available,4,weighted_trend_lightgbm,부평구,available,81,geocoded_observations_only,178,32,0|04|08|09|10|16|17|18|20|21|22|24|30|34|35|38|43|44|51|55|56|58|59|61|62|63|64|67|68|73|90|94,2020|2021|2022|2023|2024|2025|2026,0,0,미확보,미확보,2025|2026,available,estimated,estimated,exempt_or_unconfirmed,2026,available,2026,available,2026,available,2026
B000008801,갈산중학교,중학교,부평구,명칭상 불일치 없음,2026-03-20,확장 분석,available,4,weighted_trend_lightgbm,부평구,available,96,geocoded_observations_only,174,32,0|04|08|09|10|16|17|18|20|21|22|24|30|34|35|38|43|44|51|55|56|58|59|61|62|63|64|67|68|73|90|94,2020|2021|2022|2023|2024|2025|2026,0,0,미확보,미확보,2025|2026,available,estimated,estimated,exempt_or_unconfirmed,2026,available,2026,available,2026,available,2026
B000008802,삼산중학교,중학교,부평구,명칭상 불일치 없음,2026-03-20,확장 분석,available,4,weighted_trend_lightgbm,부평구,available,95,geocoded_observations_only,176,32,0|04|08|09|10|16|17|18|20|21|22|24|30|34|35|38|43|44|51|55|56|58|59|61|62|63|64|67|68|73|90|94,2020|2021|2022|2023|2024|2025|2026,0,0,미확보,미확보,2025|2026,available,estimated,estimated,available,2026,available,2026,available,2026,available,2026
B000008803,부흥중학교,중학교,부평구,명칭상 불일치 없음,2026-03-20,확장 분석,available,4,weighted_trend_lightgbm,부평구,available,89,geocoded_observations_only,177,32,0|04|08|09|10|16|17|18|20|21|22|24|30|34|35|38|43|44|51|55|56|58|59|61|62|63|64|67|68|73|90|94,2020|2021|2022|2023|2024|2025|2026,0,0,미확보,미확보,2025|2026,available,estimated,estimated,exempt_or_unconfirmed,2026,available,2026,available,2026,available,2026
B000008804,부광중학교,중학교,부평구,명칭상 불일치 없음,2026-03-20,확장 분석,available,4,weighted_trend_lightgbm,부평구,available,87,geocoded_observations_only,175,32,0|04|08|09|10|16|17|18|20|21|22|24|30|34|35|38|43|44|51|55|56|58|59|61|62|63|64|67|68|73|90|94,2020|2021|2022|2023|2024|2025|2026,0,0,미확보,미확보,2025|2026,available,estimated,estimated,exempt_or_unconfirmed,2026,available,2026,available,2026,available,2026
B000008805,구산중학교,중학교,부평구,명칭상 불일치 없음,2026-03-20,확장 분석,available,4,weighted_trend_lightgbm,부평구,available,74,geocoded_observations_only,178,32,0|04|08|09|10|16|17|18|20|21|22|24|30|34|35|38|43|44|51|55|56|58|59|61|62|63|64|67|68|73|90|94,2020|2021|2022|2023|2024|2025|2026,0,0,미확보,미확보,2025|2026,available,estimated,estimated,available,2026,available,2026,available,2026,available,2026
B000008806,인천상정중학교,중학교,부평구,명칭상 불일치 없음,2026-03-20,확장 분석,available,4,weighted_trend_lightgbm,부평구,available,79,geocoded_observations_only,169,32,0|04|08|09|10|16|17|18|20|21|22|24|30|34|35|38|43|44|51|55|56|58|59|61|62|63|64|67|68|73|90|94,2020|2021|2022|2023|2024|2025|2026,0,0,미확보,미확보,2025|2026,available,estimated,estimated,available,2026,available,2026,available,2026,available,2026
B000008807,부일중학교,중학교,부평구,명칭상 불일치 없음,2026-03-20,확장 분석,available,4,weighted_trend_lightgbm,부평구,available,90,geocoded_observations_only,170,32,0|04|08|09|10|16|17|18|20|21|22|24|30|34|35|38|43|44|51|55|56|58|59|61|62|63|64|67|68|73|90|94,2020|2021|2022|2023|2024|2025|2026,0,0,미확보,미확보,2025|2026,available,estimated,estimated,exempt_or_unconfirmed,2026,available,2026,available,2026,available,2026
B000008808,진산중학교,중학교,부평구,명칭상 불일치 없음,2026-03-20,확장 분석,available,4,weighted_trend_lightgbm,부평구,available,84,geocoded_observations_only,176,32,0|04|08|09|10|16|17|18|20|21|22|24|30|34|35|38|43|44|51|55|56|58|59|61|62|63|64|67|68|73|90|94,2020|2021|2022|2023|2024|2025|2026,0,0,미확보,미확보,2025|2026,available,estimated,estimated,available,2026,available,2026,available,2026,available,2026
B000008809,인천중학교,중학교,연수구,명칭상 불일치 없음,2026-03-20,확장 분석,available,4,weighted_trend_lightgbm,연수구,available,74,geocoded_observations_only,150,32,0|04|08|09|10|16|17|18|20|21|22|24|30|34|35|38|43|44|51|55|56|58|59|61|62|63|64|67|68|73|90|94,2020|2021|2022|2023|2024|2025|2026,0,0,미확보,미확보,2025|2026,available,estimated,estimated,available,2026,available,2026,available,2026,available,2026
B000008810,인천여자중학교,중학교,연수구,명칭상 불일치 없음,2026-03-20,확장 분석,available,4,weighted_trend_lightgbm,연수구,available,63,geocoded_observations_only,167,32,0|04|08|09|10|16|17|18|20|21|22|24|30|34|35|38|43|44|51|55|56|58|59|61|62|63|64|67|68|73|90|94,2020|2021|2022|2023|2024|2025|2026,0,0,미확보,미확보,2025|2026,available,estimated,estimated,exempt_or_unconfirmed,2026,available,2026,available,2026,available,2026
B000008812,선학중학교,중학교,연수구,명칭상 불일치 없음,2026-03-20,확장 분석,available,4,weighted_trend_lightgbm,연수구,available,54,geocoded_observations_only,175,32,0|04|08|09|10|16|17|18|20|21|22|24|30|34|35|38|43|44|51|55|56|58|59|61|62|63|64|67|68|73|90|94,2020|2021|2022|2023|2024|2025|2026,0,0,미확보,미확보,2025|2026,available,estimated,estimated,available,2026,available,2026,available,2026,available,2026
B000008813,연수중학교,중학교,연수구,명칭상 불일치 없음,2026-03-20,확장 분석,available,4,weighted_trend_lightgbm,연수구,available,79,geocoded_observations_only,173,32,0|04|08|09|10|16|17|18|20|21|22|24|30|34|35|38|43|44|51|55|56|58|59|61|62|63|64|67|68|73|90|94,2020|2021|2022|2023|2024|2025|2026,0,0,미확보,미확보,2025|2026,available,estimated,estimated,exempt_or_unconfirmed,2026,available,2026,available,2026,available,2026
B000008814,청학중학교,중학교,연수구,명칭상 불일치 없음,2026-03-20,확장 분석,available,4,weighted_trend_lightgbm,연수구,available,102,geocoded_observations_only,164,32,0|04|08|09|10|16|17|18|20|21|22|24|30|34|35|38|43|44|51|55|56|58|59|61|62|63|64|67|68|73|90|94,2020|2021|2022|2023|2024|2025|2026,0,0,미확보,미확보,2025|2026,available,estimated,estimated,exempt_or_unconfirmed,2026,available,2026,available,2026,available,2026
B000008815,청량중학교,중학교,연수구,명칭상 불일치 없음,2026-03-20,확장 분석,available,4,weighted_trend_lightgbm,연수구,available,90,geocoded_observations_only,179,32,0|04|08|09|10|16|17|18|20|21|22|24|30|34|35|38|43|44|51|55|56|58|59|61|62|63|64|67|68|73|90|94,2020|2021|2022|2023|2024|2025|2026,0,0,미확보,미확보,2025|2026,available,estimated,estimated,available,2026,available,2026,available,2026,available,2026
B000008816,신송중학교,중학교,연수구,명칭상 불일치 없음,2026-03-20,확장 분석,available,4,weighted_trend_lightgbm,연수구,available,69,geocoded_observations_only,178,32,0|04|08|09|10|16|17|18|20|21|22|24|30|34|35|38|43|44|51|55|56|58|59|61|62|63|64|67|68|73|90|94,2020|2021|2022|2023|2024|2025|2026,0,2,미확보,미확보,2025|2026,available,estimated,estimated,exempt_or_unconfirmed,2026,available,2026,available,2026,available,2026
B000008817,연화중학교,중학교,연수구,명칭상 불일치 없음,2026-03-20,확장 분석,available,4,weighted_trend_lightgbm,연수구,available,88,geocoded_observations_only,176,32,0|04|08|09|10|16|17|18|20|21|22|24|30|34|35|38|43|44|51|55|56|58|59|61|62|63|64|67|68|73|90|94,2020|2021|2022|2023|2024|2025|2026,0,0,미확보,미확보,2025|2026,available,estimated,estimated,exempt_or_unconfirmed,2026,available,2026,available,2026,available,2026
B000008818,연성중학교,중학교,연수구,명칭상 불일치 없음,2026-03-20,확장 분석,available,4,weighted_trend_lightgbm,연수구,available,81,geocoded_observations_only,180,32,0|04|08|09|10|16|17|18|20|21|22|24|30|34|35|38|43|44|51|55|56|58|59|61|62|63|64|67|68|73|90|94,2020|2021|2022|2023|2024|2025|2026,0,0,미확보,미확보,2025|2026,available,estimated,estimated,available,2026,available,2026,available,2026,available,2026
B000008819,함박중학교,중학교,연수구,명칭상 불일치 없음,2026-03-20,확장 분석,available,4,weighted_trend_lightgbm,연수구,available,94,geocoded_observations_only,163,32,0|04|08|09|10|16|17|18|20|21|22|24|30|34|35|38|43|44|51|55|56|58|59|61|62|63|64|67|68|73|90|94,2020|2021|2022|2023|2024|2025|2026,0,0,미확보,미확보,2025|2026,available,estimated,estimated,exempt_or_unconfirmed,2026,available,2026,available,2026,available,2026
B000008820,옥련중학교,중학교,연수구,명칭상 불일치 없음,2026-03-20,확장 분석,available,4,weighted_trend_lightgbm,연수구,available,84,geocoded_observations_only,170,32,0|04|08|09|10|16|17|18|20|21|22|24|30|34|35|38|43|44|51|55|56|58|59|61|62|63|64|67|68|73|90|94,2020|2021|2022|2023|2024|2025|2026,0,0,미확보,미확보,2025|2026,available,estimated,estimated,exempt_or_unconfirmed,2026,available,2026,available,2026,available,2026
B000008821,인송중학교,중학교,연수구,명칭상 불일치 없음,2026-03-20,확장 분석,available,4,weighted_trend_lightgbm,연수구,available,49,geocoded_observations_only,176,32,0|04|08|09|10|16|17|18|20|21|22|24|30|34|35|38|43|44|51|55|56|58|59|61|62|63|64|67|68|73|90|94,2020|2021|2022|2023|2024|2025|2026,0,0,미확보,미확보,2025|2026,available,estimated,estimated,available,2026,available,2026,available,2026,available,2026
B000008822,인천해송중학교,중학교,연수구,명칭상 불일치 없음,2026-03-20,확장 분석,available,4,weighted_trend_lightgbm,연수구,available,51,geocoded_observations_only,175,32,0|04|08|09|10|16|17|18|20|21|22|24|30|34|35|38|43|44|51|55|56|58|59|61|62|63|64|67|68|73|90|94,2020|2021|2022|2023|2024|2025|2026,0,4,미확보,미확보,2025|2026,available,estimated,estimated,available,2026,available,2026,available,2026,available,2026
B000008823,인천신정중학교,중학교,연수구,명칭상 불일치 없음,2026-03-20,확장 분석,available,4,weighted_trend_lightgbm,연수구,available,50,geocoded_observations_only,175,32,0|04|08|09|10|16|17|18|20|21|22|24|30|34|35|38|43|44|51|55|56|58|59|61|62|63|64|67|68|73|90|94,2020|2021|2022|2023|2024|2025|2026,1,6,미확보,미확보,2025|2026,available,estimated,estimated,exempt_or_unconfirmed,2026,available,2026,available,2026,available,2026
B000008824,동인천중학교,중학교,남동구,명칭상 불일치 없음,2026-03-20,확장 분석,available,4,weighted_trend_lightgbm,남동구,available,108,geocoded_observations_only,166,32,0|04|08|09|10|16|17|18|20|21|22|24|30|34|35|38|43|44|51|55|56|58|59|61|62|63|64|67|68|73|90|94,2020|2021|2022|2023|2024|2025|2026,0,0,미확보,미확보,2025|2026,available,estimated,estimated,available,2026,available,2026,available,2026,available,2026
B000008825,상인천중학교,중학교,남동구,명칭상 불일치 없음,2026-03-20,확장 분석,available,4,weighted_trend_lightgbm,남동구,available,98,geocoded_observations_only,163,32,0|04|08|09|10|16|17|18|20|21|22|24|30|34|35|38|43|44|51|55|56|58|59|61|62|63|64|67|68|73|90|94,2020|2021|2022|2023|2024|2025|2026,0,0,미확보,미확보,2025|2026,available,estimated,estimated,available,2026,available,2026,available,2026,available,2026
B000008826,만수중학교,중학교,남동구,명칭상 불일치 없음,2026-03-20,확장 분석,available,4,weighted_trend_lightgbm,남동구,available,87,geocoded_observations_only,157,32,0|04|08|09|10|16|17|18|20|21|22|24|30|34|35|38|43|44|51|55|56|58|59|61|62|63|64|67|68|73|90|94,2020|2021|2022|2023|2024|2025|2026,0,0,미확보,미확보,2025|2026,available,estimated,estimated,available,2026,available,2026,available,2026,available,2026
B000008827,구월중학교,중학교,남동구,명칭상 불일치 없음,2026-03-20,확장 분석,available,4,weighted_trend_lightgbm,남동구,available,110,geocoded_observations_only,171,32,0|04|08|09|10|16|17|18|20|21|22|24|30|34|35|38|43|44|51|55|56|58|59|61|62|63|64|67|68|73|90|94,2020|2021|2022|2023|2024|2025|2026,0,2,미확보,미확보,2025|2026,available,estimated,estimated,exempt_or_unconfirmed,2026,available,2026,available,2026,available,2026
B000008828,만수북중학교,중학교,남동구,명칭상 불일치 없음,2026-03-20,확장 분석,available,4,weighted_trend_lightgbm,남동구,available,58,geocoded_observations_only,169,32,0|04|08|09|10|16|17|18|20|21|22|24|30|34|35|38|43|44|51|55|56|58|59|61|62|63|64|67|68|73|90|94,2020|2021|2022|2023|2024|2025|2026,0,0,미확보,미확보,2025|2026,available,estimated,estimated,exempt_or_unconfirmed,2026,available,2026,available,2026,available,2026
B000008829,상인천여자중학교,중학교,남동구,명칭상 불일치 없음,2026-03-20,확장 분석,available,4,weighted_trend_lightgbm,남동구,available,105,geocoded_observations_only,164,32,0|04|08|09|10|16|17|18|20|21|22|24|30|34|35|38|43|44|51|55|56|58|59|61|62|63|64|67|68|73|90|94,2020|2021|2022|2023|2024|2025|2026,0,0,미확보,미확보,2025|2026,available,estimated,estimated,available,2026,available,2026,available,2026,available,2026
B000008830,간석여자중학교,중학교,남동구,명칭상 불일치 없음,2026-03-20,확장 분석,available,4,weighted_trend_lightgbm,남동구,available,86,geocoded_observations_only,161,32,0|04|08|09|10|16|17|18|20|21|22|24|30|34|35|38|43|44|51|55|56|58|59|61|62|63|64|67|68|73|90|94,2020|2021|2022|2023|2024|2025|2026,0,0,미확보,미확보,2025|2026,available,estimated,estimated,available,2026,available,2026,available,2026,available,2026
B000008831,구월여자중학교,중학교,남동구,명칭상 불일치 없음,2026-03-20,확장 분석,available,4,weighted_trend_lightgbm,남동구,available,100,geocoded_observations_only,168,32,0|04|08|09|10|16|17|18|20|21|22|24|30|34|35|38|43|44|51|55|56|58|59|61|62|63|64|67|68|73|90|94,2020|2021|2022|2023|2024|2025|2026,0,0,미확보,미확보,2025|2026,available,estimated,estimated,exempt_or_unconfirmed,2026,available,2026,available,2026,available,2026
B000008832,만수여자중학교,중학교,남동구,명칭상 불일치 없음,2026-03-20,확장 분석,available,4,weighted_trend_lightgbm,남동구,available,82,geocoded_observations_only,166,32,0|04|08|09|10|16|17|18|20|21|22|24|30|34|35|38|43|44|51|55|56|58|59|61|62|63|64|67|68|73|90|94,2020|2021|2022|2023|2024|2025|2026,0,0,미확보,미확보,2025|2026,available,estimated,estimated,exempt_or_unconfirmed,2026,available,2026,available,2026,available,2026
B000008833,남동중학교,중학교,남동구,명칭상 불일치 없음,2026-03-20,확장 분석,available,4,weighted_trend_lightgbm,남동구,available,67,geocoded_observations_only,177,32,0|04|08|09|10|16|17|18|20|21|22|24|30|34|35|38|43|44|51|55|56|58|59|61|62|63|64|67|68|73|90|94,2020|2021|2022|2023|2024|2025|2026,0,3,미확보,미확보,2025|2026,available,estimated,estimated,exempt_or_unconfirmed,2026,available,2026,available,2026,available,2026
B000008834,인천서창중학교,중학교,남동구,명칭상 불일치 없음,2026-03-20,확장 분석,available,4,weighted_trend_lightgbm,남동구,available,51,geocoded_observations_only,176,32,0|04|08|09|10|16|17|18|20|21|22|24|30|34|35|38|43|44|51|55|56|58|59|61|62|63|64|67|68|73|90|94,2020|2021|2022|2023|2024|2025|2026,0,0,미확보,미확보,2025|2026,available,estimated,estimated,available,2026,available,2026,available,2026,available,2026
B000008835,인천사리울중학교,중학교,남동구,명칭상 불일치 없음,2026-03-20,확장 분석,available,4,weighted_trend_lightgbm,남동구,available,33,geocoded_observations_only,173,32,0|04|08|09|10|16|17|18|20|21|22|24|30|34|35|38|43|44|51|55|56|58|59|61|62|63|64|67|68|73|90|94,2020|2021|2022|2023|2024|2025|2026,0,0,미확보,미확보,2025|2026,available,estimated,estimated,available,2026,available,2026,available,2026,available,2026
B000008836,석정중학교,중학교,남동구,명칭상 불일치 없음,2026-03-20,확장 분석,available,4,weighted_trend_lightgbm,남동구,available,82,geocoded_observations_only,175,32,0|04|08|09|10|16|17|18|20|21|22|24|30|34|35|38|43|44|51|55|56|58|59|61|62|63|64|67|68|73|90|94,2020|2021|2022|2023|2024|2025|2026,0,0,미확보,미확보,2025|2026,available,estimated,estimated,available,2026,available,2026,available,2026,available,2026
B000008837,인천정각중학교,중학교,남동구,명칭상 불일치 없음,2026-03-20,확장 분석,available,4,weighted_trend_lightgbm,남동구,available,108,geocoded_observations_only,174,32,0|04|08|09|10|16|17|18|20|21|22|24|30|34|35|38|43|44|51|55|56|58|59|61|62|63|64|67|68|73|90|94,2020|2021|2022|2023|2024|2025|2026,0,0,미확보,미확보,2025|2026,available,estimated,estimated,available,2026,available,2026,available,2026,available,2026
B000008838,인천동방중학교,중학교,남동구,명칭상 불일치 없음,2026-03-20,확장 분석,available,4,weighted_trend_lightgbm,남동구,available,78,geocoded_observations_only,179,32,0|04|08|09|10|16|17|18|20|21|22|24|30|34|35|38|43|44|51|55|56|58|59|61|62|63|64|67|68|73|90|94,2020|2021|2022|2023|2024|2025|2026,0,1,미확보,미확보,2025|2026,available,estimated,estimated,exempt_or_unconfirmed,2026,available,2026,available,2026,available,2026
B000008839,인천성리중학교,중학교,남동구,명칭상 불일치 없음,2026-03-20,확장 분석,available,4,weighted_trend_lightgbm,남동구,available,93,geocoded_observations_only,184,32,0|04|08|09|10|16|17|18|20|21|22|24|30|34|35|38|43|44|51|55|56|58|59|61|62|63|64|67|68|73|90|94,2020|2021|2022|2023|2024|2025|2026,0,0,미확보,미확보,2025|2026,available,estimated,estimated,exempt_or_unconfirmed,2026,available,2026,available,2026,available,2026
B000008840,인천고잔중학교,중학교,남동구,명칭상 불일치 없음,2026-03-20,확장 분석,available,4,weighted_trend_lightgbm,남동구,available,67,geocoded_observations_only,173,32,0|04|08|09|10|16|17|18|20|21|22|24|30|34|35|38|43|44|51|55|56|58|59|61|62|63|64|67|68|73|90|94,2020|2021|2022|2023|2024|2025|2026,0,0,미확보,미확보,2025|2026,available,estimated,estimated,available,2026,available,2026,available,2026,available,2026
B000008841,인천논현중학교,중학교,남동구,명칭상 불일치 없음,2026-03-20,확장 분석,available,4,weighted_trend_lightgbm,남동구,available,65,geocoded_observations_only,178,32,0|04|08|09|10|16|17|18|20|21|22|24|30|34|35|38|43|44|51|55|56|58|59|61|62|63|64|67|68|73|90|94,2020|2021|2022|2023|2024|2025|2026,0,1,미확보,미확보,2025|2026,available,estimated,estimated,exempt_or_unconfirmed,2026,available,2026,available,2026,available,2026
B000008842,논곡중학교,중학교,남동구,명칭상 불일치 없음,2026-03-20,확장 분석,available,4,weighted_trend_lightgbm,남동구,available,53,geocoded_observations_only,165,32,0|04|08|09|10|16|17|18|20|21|22|24|30|34|35|38|43|44|51|55|56|58|59|61|62|63|64|67|68|73|90|94,2020|2021|2022|2023|2024|2025|2026,0,0,미확보,미확보,2025|2026,available,estimated,estimated,available,2026,available,2026,available,2026,available,2026
B000008843,만성중학교,중학교,남동구,명칭상 불일치 없음,2026-03-20,확장 분석,available,4,weighted_trend_lightgbm,남동구,available,79,geocoded_observations_only,176,32,0|04|08|09|10|16|17|18|20|21|22|24|30|34|35|38|43|44|51|55|56|58|59|61|62|63|64|67|68|73|90|94,2020|2021|2022|2023|2024|2025|2026,0,0,미확보,미확보,2025|2026,available,estimated,estimated,available,2026,available,2026,available,2026,available,2026
B000008845,숭덕여자중학교,중학교,남동구,명칭상 불일치 없음,2026-03-20,확장 분석,available,4,weighted_trend_lightgbm,남동구,available,62,geocoded_observations_only,154,32,0|04|08|09|10|16|17|18|20|21|22|24|30|34|35|38|43|44|51|55|56|58|59|61|62|63|64|67|68|73|90|94,2020|2021|2022|2023|2024|2025|2026,1,0,미확보,미확보,2025|2026,available,missing_age_observations,estimated,exempt_or_unconfirmed,2026,available,2026,available,2026,available,2026
B000008846,계산중학교,중학교,계양구,명칭상 불일치 없음,2026-03-20,확장 분석,available,4,weighted_trend_lightgbm,계양구,available,79,geocoded_observations_only,161,32,0|04|08|09|10|16|17|18|20|21|22|24|30|34|35|38|43|44|51|55|56|58|59|61|62|63|64|67|68|73|90|94,2020|2021|2022|2023|2024|2025|2026,0,0,미확보,미확보,2025|2026,available,estimated,estimated,available,2026,available,2026,available,2026,available,2026
B000008847,인천효성중학교,중학교,계양구,명칭상 불일치 없음,2026-03-20,확장 분석,available,4,weighted_trend_lightgbm,계양구,available,74,geocoded_observations_only,159,32,0|04|08|09|10|16|17|18|20|21|22|24|30|34|35|38|43|44|51|55|56|58|59|61|62|63|64|67|68|73|90|94,2020|2021|2022|2023|2024|2025|2026,0,0,미확보,미확보,2025|2026,available,estimated,estimated,available,2026,available,2026,available,2026,available,2026
B000008848,북인천여자중학교,중학교,계양구,명칭상 불일치 없음,2026-03-20,확장 분석,available,4,weighted_trend_lightgbm,계양구,available,69,geocoded_observations_only,160,32,0|04|08|09|10|16|17|18|20|21|22|24|30|34|35|38|43|44|51|55|56|58|59|61|62|63|64|67|68|73|90|94,2020|2021|2022|2023|2024|2025|2026,0,0,미확보,미확보,2025|2026,available,estimated,estimated,available,2026,available,2026,available,2026,available,2026
B000008849,계산여자중학교,중학교,계양구,명칭상 불일치 없음,2026-03-20,확장 분석,available,4,weighted_trend_lightgbm,계양구,available,104,geocoded_observations_only,166,32,0|04|08|09|10|16|17|18|20|21|22|24|30|34|35|38|43|44|51|55|56|58|59|61|62|63|64|67|68|73|90|94,2020|2021|2022|2023|2024|2025|2026,0,0,미확보,미확보,2025|2026,available,estimated,estimated,exempt_or_unconfirmed,2026,available,2026,available,2026,available,2026
B000008850,북인천중학교,중학교,계양구,명칭상 불일치 없음,2026-03-20,확장 분석,available,4,weighted_trend_lightgbm,계양구,available,72,geocoded_observations_only,165,32,0|04|08|09|10|16|17|18|20|21|22|24|30|34|35|38|43|44|51|55|56|58|59|61|62|63|64|67|68|73|90|94,2020|2021|2022|2023|2024|2025|2026,0,0,미확보,미확보,2025|2026,available,estimated,estimated,available,2026,available,2026,available,2026,available,2026
B000008851,인천계수중학교,중학교,계양구,명칭상 불일치 없음,2026-03-20,확장 분석,available,4,weighted_trend_lightgbm,계양구,available,75,geocoded_observations_only,179,32,0|04|08|09|10|16|17|18|20|21|22|24|30|34|35|38|43|44|51|55|56|58|59|61|62|63|64|67|68|73|90|94,2020|2021|2022|2023|2024|2025|2026,0,0,미확보,미확보,2025|2026,available,estimated,estimated,exempt_or_unconfirmed,2026,available,2026,available,2026,available,2026
B000008852,서운중학교,중학교,계양구,명칭상 불일치 없음,2026-03-20,확장 분석,available,4,weighted_trend_lightgbm,계양구,available,77,geocoded_observations_only,180,32,0|04|08|09|10|16|17|18|20|21|22|24|30|34|35|38|43|44|51|55|56|58|59|61|62|63|64|67|68|73|90|94,2020|2021|2022|2023|2024|2025|2026,0,0,미확보,미확보,2025|2026,available,estimated,estimated,available,2026,available,2026,available,2026,available,2026
B000008853,임학중학교,중학교,계양구,명칭상 불일치 없음,2026-03-20,확장 분석,available,4,weighted_trend_lightgbm,계양구,available,80,geocoded_observations_only,167,32,0|04|08|09|10|16|17|18|20|21|22|24|30|34|35|38|43|44|51|55|56|58|59|61|62|63|64|67|68|73|90|94,2020|2021|2022|2023|2024|2025|2026,0,0,미확보,미확보,2025|2026,available,estimated,estimated,available,2026,available,2026,available,2026,available,2026
B000008854,인천양촌중학교,중학교,계양구,명칭상 불일치 없음,2026-03-20,확장 분석,available,4,weighted_trend_lightgbm,계양구,available,60,geocoded_observations_only,158,32,0|04|08|09|10|16|17|18|20|21|22|24|30|34|35|38|43|44|51|55|56|58|59|61|62|63|64|67|68|73|90|94,2020|2021|2022|2023|2024|2025|2026,0,0,미확보,미확보,2025|2026,available,estimated,estimated,available,2026,available,2026,available,2026,available,2026
B000008855,인천동양중학교,중학교,계양구,명칭상 불일치 없음,2026-03-20,확장 분석,available,4,weighted_trend_lightgbm,계양구,available,33,geocoded_observations_only,177,32,0|04|08|09|10|16|17|18|20|21|22|24|30|34|35|38|43|44|51|55|56|58|59|61|62|63|64|67|68|73|90|94,2020|2021|2022|2023|2024|2025|2026,0,0,미확보,미확보,2025|2026,available,estimated,estimated,exempt_or_unconfirmed,2026,available,2026,available,2026,available,2026
B000008856,계양중학교,중학교,계양구,명칭상 불일치 없음,2026-03-20,확장 분석,available,4,weighted_trend_lightgbm,계양구,available,49,geocoded_observations_only,173,32,0|04|08|09|10|16|17|18|20|21|22|24|30|34|35|38|43|44|51|55|56|58|59|61|62|63|64|67|68|73|90|94,2020|2021|2022|2023|2024|2025|2026,0,0,미확보,미확보,2025|2026,available,estimated,estimated,available,2026,available,2026,available,2026,available,2026
B000008857,인천예일중학교,중학교,계양구,명칭상 불일치 없음,2026-03-20,확장 분석,available,4,weighted_trend_lightgbm,계양구,available,58,geocoded_observations_only,159,32,0|04|08|09|10|16|17|18|20|21|22|24|30|34|35|38|43|44|51|55|56|58|59|61|62|63|64|67|68|73|90|94,2020|2021|2022|2023|2024|2025|2026,0,0,미확보,미확보,2025|2026,available,estimated,estimated,available,2026,available,2026,available,2026,available,2026
B000008858,인천안남중학교,중학교,계양구,명칭상 불일치 없음,2026-03-20,확장 분석,available,4,weighted_trend_lightgbm,계양구,available,106,geocoded_observations_only,167,32,0|04|08|09|10|16|17|18|20|21|22|24|30|34|35|38|43|44|51|55|56|58|59|61|62|63|64|67|68|73|90|94,2020|2021|2022|2023|2024|2025|2026,0,0,미확보,미확보,2025|2026,available,estimated,estimated,exempt_or_unconfirmed,2026,available,2026,available,2026,available,2026
B000008859,작전중학교,중학교,계양구,명칭상 불일치 없음,2026-03-20,확장 분석,available,4,weighted_trend_lightgbm,계양구,available,107,geocoded_observations_only,169,32,0|04|08|09|10|16|17|18|20|21|22|24|30|34|35|38|43|44|51|55|56|58|59|61|62|63|64|67|68|73|90|94,2020|2021|2022|2023|2024|2025|2026,0,0,미확보,미확보,2025|2026,available,estimated,estimated,exempt_or_unconfirmed,2026,available,2026,available,2026,available,2026
B000008860,명현중학교,중학교,계양구,명칭상 불일치 없음,2026-03-20,확장 분석,available,4,weighted_trend_lightgbm,계양구,available,88,geocoded_observations_only,179,32,0|04|08|09|10|16|17|18|20|21|22|24|30|34|35|38|43|44|51|55|56|58|59|61|62|63|64|67|68|73|90|94,2020|2021|2022|2023|2024|2025|2026,0,0,미확보,미확보,2025|2026,available,estimated,estimated,exempt_or_unconfirmed,2026,available,2026,available,2026,available,2026
B000008861,인천해원중학교,중학교,서구,명칭상 불일치 없음,2026-03-20,확장 분석,available,4,weighted_trend_lightgbm,서구,available,54,geocoded_observations_only,180,32,0|04|08|09|10|16|17|18|20|21|22|24|30|34|35|38|43|44|51|55|56|58|59|61|62|63|64|67|68|73|90|94,2020|2021|2022|2023|2024|2025|2026,1,2,미확보,미확보,2025|2026,available,estimated,estimated,available,2026,available,2026,available,2026,available,2026
B000008862,인천초은중학교,중학교,서구,명칭상 불일치 없음,2026-03-20,확장 분석,available,4,weighted_trend_lightgbm,서구,available,78,geocoded_observations_only,178,32,0|04|08|09|10|16|17|18|20|21|22|24|30|34|35|38|43|44|51|55|56|58|59|61|62|63|64|67|68|73|90|94,2020|2021|2022|2023|2024|2025|2026,1,0,미확보,미확보,2025|2026,available,estimated,estimated,exempt_or_unconfirmed,2026,available,2026,available,2026,available,2026
B000008863,신현중학교,중학교,서구,명칭상 불일치 없음,2026-03-20,확장 분석,available,4,weighted_trend_lightgbm,서구,available,72,geocoded_observations_only,164,32,0|04|08|09|10|16|17|18|20|21|22|24|30|34|35|38|43|44|51|55|56|58|59|61|62|63|64|67|68|73|90|94,2020|2021|2022|2023|2024|2025|2026,0,0,미확보,미확보,2025|2026,available,estimated,estimated,available,2026,available,2026,available,2026,available,2026
B000008864,가좌중학교,중학교,서구,명칭상 불일치 없음,2026-03-20,확장 분석,available,4,weighted_trend_lightgbm,서구,available,75,geocoded_observations_only,160,32,0|04|08|09|10|16|17|18|20|21|22|24|30|34|35|38|43|44|51|55|56|58|59|61|62|63|64|67|68|73|90|94,2020|2021|2022|2023|2024|2025|2026,0,0,미확보,미확보,2025|2026,available,estimated,estimated,available,2026,available,2026,available,2026,available,2026
B000008865,제물포중학교,중학교,서구,명칭상 불일치 없음,2026-03-20,확장 분석,available,4,weighted_trend_lightgbm,서구,available,74,geocoded_observations_only,160,32,0|04|08|09|10|16|17|18|20|21|22|24|30|34|35|38|43|44|51|55|56|58|59|61|62|63|64|67|68|73|90|94,2020|2021|2022|2023|2024|2025|2026,0,0,미확보,미확보,2025|2026,available,estimated,estimated,exempt_or_unconfirmed,2026,available,2026,available,2026,available,2026
B000008866,검암중학교,중학교,서구,명칭상 불일치 없음,2026-03-20,확장 분석,available,4,weighted_trend_lightgbm,서구,available,44,geocoded_observations_only,155,32,0|04|08|09|10|16|17|18|20|21|22|24|30|34|35|38|43|44|51|55|56|58|59|61|62|63|64|67|68|73|90|94,2020|2021|2022|2023|2024|2025|2026,1,0,미확보,미확보,2025|2026,available,estimated,estimated,available,2026,available,2026,available,2026,available,2026
B000008867,인천가좌여자중학교,중학교,서구,명칭상 불일치 없음,2026-03-20,확장 분석,available,4,weighted_trend_lightgbm,서구,available,72,geocoded_observations_only,162,32,0|04|08|09|10|16|17|18|20|21|22|24|30|34|35|38|43|44|51|55|56|58|59|61|62|63|64|67|68|73|90|94,2020|2021|2022|2023|2024|2025|2026,0,0,미확보,미확보,2025|2026,available,estimated,estimated,available,2026,available,2026,available,2026,available,2026
B000008868,가정여자중학교,중학교,서구,명칭상 불일치 없음,2026-03-20,확장 분석,available,4,weighted_trend_lightgbm,서구,available,65,geocoded_observations_only,148,32,0|04|08|09|10|16|17|18|20|21|22|24|30|34|35|38|43|44|51|55|56|58|59|61|62|63|64|67|68|73|90|94,2020|2021|2022|2023|2024|2025|2026,0,0,미확보,미확보,2025|2026,available,estimated,estimated,exempt_or_unconfirmed,2026,available,2026,available,2026,available,2026
B000008869,동인천여자중학교,중학교,서구,명칭상 불일치 없음,2026-03-20,확장 분석,available,4,weighted_trend_lightgbm,서구,available,77,geocoded_observations_only,151,32,0|04|08|09|10|16|17|18|20|21|22|24|30|34|35|38|43|44|51|55|56|58|59|61|62|63|64|67|68|73|90|94,2020|2021|2022|2023|2024|2025|2026,0,0,미확보,미확보,2025|2026,available,estimated,estimated,available,2026,available,2026,available,2026,available,2026
B000008870,신현여자중학교,중학교,서구,명칭상 불일치 없음,2026-03-20,확장 분석,available,4,weighted_trend_lightgbm,서구,available,74,geocoded_observations_only,167,32,0|04|08|09|10|16|17|18|20|21|22|24|30|34|35|38|43|44|51|55|56|58|59|61|62|63|64|67|68|73|90|94,2020|2021|2022|2023|2024|2025|2026,0,0,미확보,미확보,2025|2026,available,estimated,estimated,exempt_or_unconfirmed,2026,available,2026,available,2026,available,2026
B000008871,백석중학교,중학교,서구,명칭상 불일치 없음,2026-03-20,확장 분석,available,4,weighted_trend_lightgbm,서구,available,35,geocoded_observations_only,175,32,0|04|08|09|10|16|17|18|20|21|22|24|30|34|35|38|43|44|51|55|56|58|59|61|62|63|64|67|68|73|90|94,2020|2021|2022|2023|2024|2025|2026,0,0,미확보,미확보,2025|2026,available,missing_age_observations,missing_age_observations,available,2026,available,2026,available,2026,available,2026
B000008872,인천청라중학교,중학교,서구,명칭상 불일치 없음,2026-03-20,확장 분석,available,4,weighted_trend_lightgbm,서구,available,76,geocoded_observations_only,184,32,0|04|08|09|10|16|17|18|20|21|22|24|30|34|35|38|43|44|51|55|56|58|59|61|62|63|64|67|68|73|90|94,2020|2021|2022|2023|2024|2025|2026,0,1,미확보,미확보,2025|2026,available,estimated,estimated,exempt_or_unconfirmed,2026,available,2026,available,2026,available,2026
B000008873,인천석남중학교,중학교,서구,명칭상 불일치 없음,2026-03-20,확장 분석,available,4,weighted_trend_lightgbm,서구,available,81,geocoded_observations_only,167,32,0|04|08|09|10|16|17|18|20|21|22|24|30|34|35|38|43|44|51|55|56|58|59|61|62|63|64|67|68|73|90|94,2020|2021|2022|2023|2024|2025|2026,1,0,미확보,미확보,2025|2026,available,estimated,estimated,available,2026,available,2026,available,2026,available,2026
B000008874,검단중학교,중학교,서구,명칭상 불일치 없음,2026-03-20,확장 분석,available,4,weighted_trend_lightgbm,서구,available,68,geocoded_observations_only,181,32,0|04|08|09|10|16|17|18|20|21|22|24|30|34|35|38|43|44|51|55|56|58|59|61|62|63|64|67|68|73|90|94,2020|2021|2022|2023|2024|2025|2026,0,0,미확보,미확보,2025|2026,available,estimated,estimated,available,2026,available,2026,available,2026,available,2026
B000008875,불로중학교,중학교,서구,명칭상 불일치 없음,2026-03-20,확장 분석,available,4,weighted_trend_lightgbm,서구,available,39,geocoded_observations_only,177,32,0|04|08|09|10|16|17|18|20|21|22|24|30|34|35|38|43|44|51|55|56|58|59|61|62|63|64|67|68|73|90|94,2020|2021|2022|2023|2024|2025|2026,0,0,미확보,미확보,2025|2026,available,estimated,estimated,available,2026,available,2026,available,2026,available,2026
B000008876,인천당하중학교,중학교,서구,명칭상 불일치 없음,2026-03-20,확장 분석,available,4,weighted_trend_lightgbm,서구,available,52,geocoded_observations_only,179,32,0|04|08|09|10|16|17|18|20|21|22|24|30|34|35|38|43|44|51|55|56|58|59|61|62|63|64|67|68|73|90|94,2020|2021|2022|2023|2024|2025|2026,0,0,미확보,미확보,2025|2026,available,estimated,estimated,available,2026,available,2026,available,2026,available,2026
B000008877,원당중학교,중학교,서구,명칭상 불일치 없음,2026-03-20,확장 분석,available,4,weighted_trend_lightgbm,서구,available,82,geocoded_observations_only,179,32,0|04|08|09|10|16|17|18|20|21|22|24|30|34|35|38|43|44|51|55|56|58|59|61|62|63|64|67|68|73|90|94,2020|2021|2022|2023|2024|2025|2026,0,0,미확보,미확보,2025|2026,available,estimated,estimated,available,2026,available,2026,available,2026,available,2026
B000008878,마전중학교,중학교,서구,명칭상 불일치 없음,2026-03-20,확장 분석,available,4,weighted_trend_lightgbm,서구,available,68,geocoded_observations_only,177,32,0|04|08|09|10|16|17|18|20|21|22|24|30|34|35|38|43|44|51|55|56|58|59|61|62|63|64|67|68|73|90|94,2020|2021|2022|2023|2024|2025|2026,0,2,미확보,미확보,2025|2026,available,estimated,estimated,available,2026,available,2026,available,2026,available,2026
B000008879,인천가현중학교,중학교,서구,명칭상 불일치 없음,2026-03-20,확장 분석,available,4,weighted_trend_lightgbm,서구,available,83,geocoded_observations_only,178,32,0|04|08|09|10|16|17|18|20|21|22|24|30|34|35|38|43|44|51|55|56|58|59|61|62|63|64|67|68|73|90|94,2020|2021|2022|2023|2024|2025|2026,0,0,미확보,미확보,2025|2026,available,estimated,estimated,exempt_or_unconfirmed,2026,available,2026,available,2026,available,2026
B000008880,서곶중학교,중학교,서구,명칭상 불일치 없음,2026-03-20,확장 분석,available,4,weighted_trend_lightgbm,서구,available,71,geocoded_observations_only,178,32,0|04|08|09|10|16|17|18|20|21|22|24|30|34|35|38|43|44|51|55|56|58|59|61|62|63|64|67|68|73|90|94,2020|2021|2022|2023|2024|2025|2026,0,0,미확보,미확보,2025|2026,available,estimated,estimated,available,2026,available,2026,available,2026,available,2026
B000008881,간재울중학교,중학교,서구,명칭상 불일치 없음,2026-03-20,확장 분석,available,4,weighted_trend_lightgbm,서구,available,52,geocoded_observations_only,182,32,0|04|08|09|10|16|17|18|20|21|22|24|30|34|35|38|43|44|51|55|56|58|59|61|62|63|64|67|68|73|90|94,2020|2021|2022|2023|2024|2025|2026,0,0,미확보,미확보,2025|2026,available,estimated,estimated,available,2026,available,2026,available,2026,available,2026
B000008882,강남중학교,중학교,강화군,명칭상 불일치 없음,2026-03-20,확장 분석,available,4,weighted_trend_lightgbm,강화군,available,16,geocoded_observations_only,147,32,0|04|08|09|10|16|17|18|20|21|22|24|30|34|35|38|43|44|51|55|56|58|59|61|62|63|64|67|68|73|90|94,2020|2021|2022|2023|2024|2025|2026,0,0,미확보,미확보,2025|2026,available,estimated,estimated,available,2026,available,2026,available,2026,available,2026
B000008883,심도중학교,중학교,강화군,명칭상 불일치 없음,2026-03-20,확장 분석,available,4,weighted_trend_lightgbm,강화군,no_valid_route_within_search_scope,9,geocoded_observations_only,136,32,0|04|08|09|10|16|17|18|20|21|22|24|30|34|35|38|43|44|51|55|56|58|59|61|62|63|64|67|68|73|90|94,2020|2021|2022|2023|2024|2025|2026,0,0,미확보,미확보,2025|2026,available,missing_age_observations,missing_age_observations,available,2026,available,2026,available,2026,available,2026
B000008884,동광중학교,중학교,강화군,명칭상 불일치 없음,2026-03-20,확장 분석,available,4,weighted_trend_lightgbm,강화군,available,9,geocoded_observations_only,131,32,0|04|08|09|10|16|17|18|20|21|22|24|30|34|35|38|43|44|51|55|56|58|59|61|62|63|64|67|68|73|90|94,2020|2021|2022|2023|2024|2025|2026,0,0,미확보,미확보,2025|2026,available,missing_age_observations,missing_age_observations,available,2026,available,2026,available,2026,available,2026
B000008885,강화중학교,중학교,강화군,명칭상 불일치 없음,2026-03-20,확장 분석,available,4,weighted_trend_lightgbm,강화군,available,61,geocoded_observations_only,164,32,0|04|08|09|10|16|17|18|20|21|22|24|30|34|35|38|43|44|51|55|56|58|59|61|62|63|64|67|68|73|90|94,2020|2021|2022|2023|2024|2025|2026,0,0,미확보,미확보,2025|2026,available,estimated,estimated,available,2026,available,2026,available,2026,available,2026
B000008886,강화여자중학교,중학교,강화군,명칭상 불일치 없음,2026-03-20,확장 분석,available,4,weighted_trend_lightgbm,강화군,available,52,geocoded_observations_only,166,32,0|04|08|09|10|16|17|18|20|21|22|24|30|34|35|38|43|44|51|55|56|58|59|61|62|63|64|67|68|73|90|94,2020|2021|2022|2023|2024|2025|2026,0,0,미확보,미확보,2025|2026,available,estimated,estimated,available,2026,available,2026,available,2026,available,2026
B000008887,강서중학교,중학교,강화군,명칭상 불일치 없음,2026-03-20,확장 분석,available,4,weighted_trend_lightgbm,강화군,available,4,geocoded_observations_only,140,32,0|04|08|09|10|16|17|18|20|21|22|24|30|34|35|38|43|44|51|55|56|58|59|61|62|63|64|67|68|73|90|94,2020|2021|2022|2023|2024|2025|2026,0,0,미확보,미확보,2025|2026,available,missing_age_observations,estimated,available,2026,available,2026,available,2026,available,2026
B000008888,교동중학교,중학교,강화군,명칭상 불일치 없음,2026-03-20,확장 분석,available,4,weighted_trend_lightgbm,강화군,no_valid_route_within_search_scope,17,geocoded_observations_only,122,32,0|04|08|09|10|16|17|18|20|21|22|24|30|34|35|38|43|44|51|55|56|58|59|61|62|63|64|67|68|73|90|94,2020|2021|2022|2023|2024|2025|2026,0,0,미확보,미확보,2025|2026,available,missing_age_observations,missing_age_observations,available,2026,available,2026,available,2026,available,2026
B000008889,서도중학교,중학교,강화군,명칭상 불일치 없음,2026-03-20,확장 분석,available,4,weighted_trend_lightgbm,강화군,no_valid_route_within_search_scope,5,geocoded_observations_only,105,32,0|04|08|09|10|16|17|18|20|21|22|24|30|34|35|38|43|44|51|55|56|58|59|61|62|63|64|67|68|73|90|94,2020|2021|2022|2023|2024|2025|2026,0,0,미확보,미확보,2025|2026,no_graduates,estimated,estimated,exempt_or_unconfirmed,2026,available,2026,available,2026,available,2026
B000008891,승영중학교,중학교,강화군,명칭상 불일치 없음,2026-03-20,확장 분석,available,4,weighted_trend_lightgbm,강화군,no_valid_route_within_search_scope,22,geocoded_observations_only,135,32,0|04|08|09|10|16|17|18|20|21|22|24|30|34|35|38|43|44|51|55|56|58|59|61|62|63|64|67|68|73|90|94,2020|2021|2022|2023|2024|2025|2026,0,0,미확보,미확보,2025|2026,available,missing_age_observations,estimated,available,2026,available,2026,available,2026,available,2026
B000025201,만월중학교,중학교,남동구,명칭상 불일치 없음,2026-03-20,확장 분석,available,4,weighted_trend_lightgbm,남동구,available,46,geocoded_observations_only,178,32,0|04|08|09|10|16|17|18|20|21|22|24|30|34|35|38|43|44|51|55|56|58|59|61|62|63|64|67|68|73|90|94,2020|2021|2022|2023|2024|2025|2026,0,0,미확보,미확보,2025|2026,available,estimated,estimated,exempt_or_unconfirmed,2026,available,2026,available,2026,available,2026
B000025223,인천현송중학교,중학교,연수구,명칭상 불일치 없음,2026-03-20,확장 분석,available,4,weighted_trend_lightgbm,연수구,available,42,geocoded_observations_only,180,32,0|04|08|09|10|16|17|18|20|21|22|24|30|34|35|38|43|44|51|55|56|58|59|61|62|63|64|67|68|73|90|94,2022|2023|2024|2025|2026,0,4,미확보,미확보,2025|2026,available,estimated,estimated,available,2026,available,2026,available,2026,available,2026
B000025230,박문중학교,중학교,연수구,명칭상 불일치 없음,2026-03-20,확장 분석,available,4,weighted_trend_lightgbm,연수구,available,36,geocoded_observations_only,173,32,0|04|08|09|10|16|17|18|20|21|22|24|30|34|35|38|43|44|51|55|56|58|59|61|62|63|64|67|68|73|90|94,2020|2021|2022|2023|2024|2025|2026,0,2,미확보,미확보,2025|2026,available,estimated,estimated,available,2026,available,2026,available,2026,available,2026
B000025231,인천예송중학교,중학교,연수구,명칭상 불일치 없음,2026-03-20,확장 분석,available,4,weighted_trend_lightgbm,연수구,available,52,geocoded_observations_only,177,32,0|04|08|09|10|16|17|18|20|21|22|24|30|34|35|38|43|44|51|55|56|58|59|61|62|63|64|67|68|73|90|94,2020|2021|2022|2023|2024|2025|2026,0,1,미확보,미확보,2025|2026,available,estimated,estimated,exempt_or_unconfirmed,2026,available,2026,available,2026,available,2026
B000025237,능허대중학교,중학교,연수구,명칭상 불일치 없음,2026-03-20,확장 분석,available,4,weighted_trend_lightgbm,연수구,no_valid_route_within_search_scope,45,geocoded_observations_only,180,32,0|04|08|09|10|16|17|18|20|21|22|24|30|34|35|38|43|44|51|55|56|58|59|61|62|63|64|67|68|73|90|94,2020|2021|2022|2023|2024|2025|2026,1,1,미확보,미확보,2025|2026,available,estimated,estimated,exempt_or_unconfirmed,2026,available,2026,available,2026,available,2026
B000025245,인천미송중학교,중학교,연수구,명칭상 불일치 없음,2026-03-20,확장 분석,available,4,weighted_trend_lightgbm,연수구,available,27,geocoded_observations_only,177,32,0|04|08|09|10|16|17|18|20|21|22|24|30|34|35|38|43|44|51|55|56|58|59|61|62|63|64|67|68|73|90|94,2021|2022|2023|2024|2025|2026,0,1,미확보,미확보,2025|2026,available,estimated,estimated,exempt_or_unconfirmed,2026,available,2026,available,2026,available,2026
B000025682,인천운서중학교,중학교,중구,명칭상 불일치 없음,2026-03-20,확장 분석,available,4,weighted_trend_lightgbm,중구,available,40,geocoded_observations_only,167,32,0|04|08|09|10|16|17|18|20|21|22|24|30|34|35|38|43|44|51|55|56|58|59|61|62|63|64|67|68|73|90|94,2024|2025|2026,0,0,미확보,미확보,2025|2026,available,estimated,estimated,exempt_or_unconfirmed,2026,available,2026,available,2026,available,2026
B000025683,인천하늘중학교,중학교,중구,명칭상 불일치 없음,2026-03-20,확장 분석,available,4,weighted_trend_lightgbm,중구,available,41,geocoded_observations_only,176,32,0|04|08|09|10|16|17|18|20|21|22|24|30|34|35|38|43|44|51|55|56|58|59|61|62|63|64|67|68|73|90|94,2021|2022|2023|2024|2025|2026,0,0,미확보,미확보,2025|2026,available,estimated,estimated,available,2026,available,2026,available,2026,available,2026
B000025754,인천경연중학교,중학교,서구,명칭상 불일치 없음,2026-03-20,확장 분석,available,4,weighted_trend_lightgbm,서구,available,48,geocoded_observations_only,176,32,0|04|08|09|10|16|17|18|20|21|22|24|30|34|35|38|43|44|51|55|56|58|59|61|62|63|64|67|68|73|90|94,2020|2021|2022|2023|2024|2025|2026,0,0,미확보,미확보,2025|2026,available,estimated,estimated,exempt_or_unconfirmed,2026,available,2026,available,2026,available,2026
B000025755,인천청람중학교,중학교,서구,명칭상 불일치 없음,2026-03-20,확장 분석,available,4,weighted_trend_lightgbm,서구,available,70,geocoded_observations_only,178,32,0|04|08|09|10|16|17|18|20|21|22|24|30|34|35|38|43|44|51|55|56|58|59|61|62|63|64|67|68|73|90|94,2020|2021|2022|2023|2024|2025|2026,2,2,미확보,미확보,2025|2026,available,estimated,estimated,exempt_or_unconfirmed,2026,available,2026,available,2026,available,2026
B000025767,인천단봉중학교,중학교,서구,명칭상 불일치 없음,2026-03-20,확장 분석,available,0,insufficient_history,서구,available,22,geocoded_observations_only,61,31,0|04|08|09|10|16|17|18|20|21|22|24|30|34|35|38|43|44|51|55|56|58|59|61|62|63|64|67|68|90|94,2026,0,0,미확보,미확보,2026,no_graduates,estimated,estimated,exempt_or_unconfirmed,2026,available,2026,available,2026,exempt_or_unconfirmed,2026
B000026475,인천아라중학교,중학교,서구,명칭상 불일치 없음,2026-03-20,확장 분석,available,4,weighted_trend_lightgbm,서구,available,56,geocoded_observations_only,174,32,0|04|08|09|10|16|17|18|20|21|22|24|30|34|35|38|43|44|51|55|56|58|59|61|62|63|64|67|68|73|90|94,2022|2023|2024|2025|2026,0,0,미확보,미확보,2025|2026,available,estimated,estimated,exempt_or_unconfirmed,2026,available,2026,available,2026,available,2026
B000026480,인천이음중학교,중학교,서구,명칭상 불일치 없음,2026-03-20,확장 분석,available,4,weighted_trend_lightgbm,서구,no_valid_route_within_search_scope,64,geocoded_observations_only,177,32,0|04|08|09|10|16|17|18|20|21|22|24|30|34|35|38|43|44|51|55|56|58|59|61|62|63|64|67|68|73|90|94,2022|2023|2024|2025|2026,0,0,미확보,미확보,2025|2026,available,estimated,estimated,available,2026,available,2026,available,2026,available,2026
B000026513,인천루원중학교,중학교,서구,명칭상 불일치 없음,2026-03-20,확장 분석,available,4,weighted_trend_lightgbm,서구,available,83,geocoded_observations_only,177,32,0|04|08|09|10|16|17|18|20|21|22|24|30|34|35|38|43|44|51|55|56|58|59|61|62|63|64|67|68|73|90|94,2023|2024|2025|2026,0,0,미확보,미확보,2025|2026,available,estimated,estimated,available,2026,available,2026,available,2026,available,2026
B000027506,인천중산중학교,중학교,중구,명칭상 불일치 없음,2026-03-20,확장 분석,available,4,weighted_trend_lightgbm,중구,available,32,geocoded_observations_only,181,32,0|04|08|09|10|16|17|18|20|21|22|24|30|34|35|38|43|44|51|55|56|58|59|61|62|63|64|67|68|73|90|94,2020|2021|2022|2023|2024|2025|2026,0,0,미확보,미확보,2025|2026,available,estimated,estimated,exempt_or_unconfirmed,2026,available,2026,available,2026,available,2026
B000030434,인천청호중학교,중학교,서구,명칭상 불일치 없음,2026-03-20,확장 분석,available,4,weighted_trend_lightgbm,서구,available,71,geocoded_observations_only,164,32,0|04|08|09|10|16|17|18|20|21|22|24|30|34|35|38|43|44|51|55|56|58|59|61|62|63|64|67|68|73|90|94,2021|2022|2023|2024|2025|2026,0,0,미확보,미확보,2025|2026,available,estimated,estimated,available,2026,available,2026,available,2026,available,2026
B000030812,인천은송중학교,중학교,연수구,명칭상 불일치 없음,2026-03-20,확장 분석,available,4,insufficient_history,연수구,available,32,geocoded_observations_only,155,32,0|04|08|09|10|16|17|18|20|21|22|24|30|34|35|38|43|44|51|55|56|58|59|61|62|63|64|67|68|73|90|94,2025|2026,0,1,미확보,미확보,2025|2026,available,estimated,estimated,exempt_or_unconfirmed,2026,available,2026,available,2026,available,2026
B000002949,인천신흥초등학교,초등학교,중구,명칭상 불일치 없음,2026-03-20,기존 초등 분석,기존 초등 별도 기준,,해당 산출물 없음,해당 산출물 없음,해당 산출물 없음,,geocoded_observations_only,92,30,0|08|09|10|16|17|18|20|21|22|24|30|34|35|38|43|44|51|56|58|59|61|62|63|64|67|68|73|90|94,2020|2021|2022|2023|2024|2025|2026,0,0,미확보,미확보,,미확보 또는 해당 학교급 아님,해당 산출물 없음,해당 산출물 없음,no_records,,available,2026,available,2026,available,2026
B000002950,인천신광초등학교,초등학교,중구,명칭상 불일치 없음,2026-03-20,기존 초등 분석,기존 초등 별도 기준,,해당 산출물 없음,해당 산출물 없음,해당 산출물 없음,,geocoded_observations_only,90,30,0|08|09|10|16|17|18|20|21|22|24|30|34|35|38|43|44|51|56|58|59|61|62|63|64|67|68|73|90|94,2020|2021|2022|2023|2024|2025|2026,0,0,미확보,미확보,,미확보 또는 해당 학교급 아님,해당 산출물 없음,해당 산출물 없음,no_records,,available,2026,available,2026,available,2026
B000002951,인천신선초등학교,초등학교,중구,명칭상 불일치 없음,2026-03-20,기존 초등 분석,기존 초등 별도 기준,,해당 산출물 없음,해당 산출물 없음,해당 산출물 없음,,geocoded_observations_only,90,30,0|08|09|10|16|17|18|20|21|22|24|30|34|35|38|43|44|51|56|58|59|61|62|63|64|67|68|73|90|94,2020|2021|2022|2023|2024|2025|2026,0,0,미확보,미확보,,미확보 또는 해당 학교급 아님,해당 산출물 없음,해당 산출물 없음,no_records,,available,2026,available,2026,available,2026
B000002952,인천송월초등학교,초등학교,중구,명칭상 불일치 없음,2026-03-20,기존 초등 분석,기존 초등 별도 기준,,해당 산출물 없음,해당 산출물 없음,해당 산출물 없음,,geocoded_observations_only,90,30,0|08|09|10|16|17|18|20|21|22|24|30|34|35|38|43|44|51|56|58|59|61|62|63|64|67|68|73|90|94,2020|2021|2022|2023|2024|2025|2026,0,0,미확보,미확보,,미확보 또는 해당 학교급 아님,해당 산출물 없음,해당 산출물 없음,no_records,,available,2026,available,2026,available,2026
B000002953,인천운서초등학교,초등학교,중구,명칭상 불일치 없음,2026-03-20,기존 초등 분석,기존 초등 별도 기준,,해당 산출물 없음,해당 산출물 없음,해당 산출물 없음,,geocoded_observations_only,92,30,0|08|09|10|16|17|18|20|21|22|24|30|34|35|38|43|44|51|56|58|59|61|62|63|64|67|68|73|90|94,2020|2021|2022|2023|2024|2025|2026,0,0,미확보,미확보,,미확보 또는 해당 학교급 아님,해당 산출물 없음,해당 산출물 없음,no_records,,available,2026,available,2026,available,2026
B000002954,인천용유초등학교,초등학교,중구,명칭상 불일치 없음,2026-03-20,기존 초등 분석,기존 초등 별도 기준,,해당 산출물 없음,해당 산출물 없음,해당 산출물 없음,,geocoded_observations_only,94,30,0|08|09|10|16|17|18|20|21|22|24|30|34|35|38|43|44|51|56|58|59|61|62|63|64|67|68|73|90|94,2020|2021|2022|2023|2024|2025|2026,0,0,미확보,미확보,,미확보 또는 해당 학교급 아님,해당 산출물 없음,해당 산출물 없음,no_records,,available,2026,available,2026,available,2026
B000002955,인천연안초등학교,초등학교,중구,명칭상 불일치 없음,2026-03-20,기존 초등 분석,기존 초등 별도 기준,,해당 산출물 없음,해당 산출물 없음,해당 산출물 없음,,geocoded_observations_only,92,30,0|08|09|10|16|17|18|20|21|22|24|30|34|35|38|43|44|51|56|58|59|61|62|63|64|67|68|73|90|94,2020|2021|2022|2023|2024|2025|2026,0,0,미확보,미확보,,미확보 또는 해당 학교급 아님,해당 산출물 없음,해당 산출물 없음,no_records,,available,2026,available,2026,available,2026
B000002956,인천운남초등학교,초등학교,중구,명칭상 불일치 없음,2026-03-20,기존 초등 분석,기존 초등 별도 기준,,해당 산출물 없음,해당 산출물 없음,해당 산출물 없음,,geocoded_observations_only,94,30,0|08|09|10|16|17|18|20|21|22|24|30|34|35|38|43|44|51|56|58|59|61|62|63|64|67|68|73|90|94,2020|2021|2022|2023|2024|2025|2026,0,0,미확보,미확보,,미확보 또는 해당 학교급 아님,해당 산출물 없음,해당 산출물 없음,no_records,,available,2026,available,2026,available,2026
B000002957,인천공항초등학교,초등학교,중구,명칭상 불일치 없음,2026-03-20,기존 초등 분석,기존 초등 별도 기준,,해당 산출물 없음,해당 산출물 없음,해당 산출물 없음,,geocoded_observations_only,92,30,0|08|09|10|16|17|18|20|21|22|24|30|34|35|38|43|44|51|56|58|59|61|62|63|64|67|68|73|90|94,2020|2021|2022|2023|2024|2025|2026,0,0,미확보,미확보,,미확보 또는 해당 학교급 아님,해당 산출물 없음,해당 산출물 없음,no_records,,available,2026,available,2026,available,2026
B000002958,인천삼목초등학교,초등학교,중구,명칭상 불일치 없음,2026-03-20,기존 초등 분석,기존 초등 별도 기준,,해당 산출물 없음,해당 산출물 없음,해당 산출물 없음,,geocoded_observations_only,92,30,0|08|09|10|16|17|18|20|21|22|24|30|34|35|38|43|44|51|56|58|59|61|62|63|64|67|68|73|90|94,2020|2021|2022|2023|2024|2025|2026,0,0,미확보,미확보,,미확보 또는 해당 학교급 아님,해당 산출물 없음,해당 산출물 없음,no_records,,available,2026,available,2026,available,2026
B000002959,인천영종초등학교,초등학교,중구,명칭상 불일치 없음,2026-03-20,기존 초등 분석,기존 초등 별도 기준,,해당 산출물 없음,해당 산출물 없음,해당 산출물 없음,,geocoded_observations_only,90,30,0|08|09|10|16|17|18|20|21|22|24|30|34|35|38|43|44|51|56|58|59|61|62|63|64|67|68|73|90|94,2020|2021|2022|2023|2024|2025|2026,0,0,미확보,미확보,,미확보 또는 해당 학교급 아님,해당 산출물 없음,해당 산출물 없음,no_records,,available,2026,available,2026,available,2026
B000002960,인성초등학교,초등학교,중구,명칭상 불일치 없음,2026-03-20,기존 초등 분석,기존 초등 별도 기준,,해당 산출물 없음,해당 산출물 없음,해당 산출물 없음,,geocoded_observations_only,92,30,0|08|09|10|16|17|18|20|21|22|24|30|34|35|38|43|44|51|56|58|59|61|62|63|64|67|68|73|90|94,2020|2021|2022|2023|2024|2025|2026,0,0,미확보,미확보,,미확보 또는 해당 학교급 아님,해당 산출물 없음,해당 산출물 없음,no_records,,available,2026,available,2026,available,2026
B000002962,인천영종초등학교금산분교장,초등학교,중구,명칭상 불일치 없음,2026-03-20,기존 초등 분석,기존 초등 별도 기준,,해당 산출물 없음,해당 산출물 없음,해당 산출물 없음,,geocoded_observations_only,88,29,0|08|09|10|16|17|18|20|21|22|24|30|34|35|38|43|44|51|56|58|59|61|62|63|64|67|68|90|94,2020|2021|2022|2023|2024|2025|2026,0,0,미확보,미확보,,미확보 또는 해당 학교급 아님,해당 산출물 없음,해당 산출물 없음,no_records,,available,2026,available,2026,available,2026
B000002963,인천만석초등학교,초등학교,동구,명칭상 불일치 없음,2026-03-20,기존 초등 분석,기존 초등 별도 기준,,해당 산출물 없음,해당 산출물 없음,해당 산출물 없음,,geocoded_observations_only,92,30,0|08|09|10|16|17|18|20|21|22|24|30|34|35|38|43|44|51|56|58|59|61|62|63|64|67|68|73|90|94,2020|2021|2022|2023|2024|2025|2026,0,0,미확보,미확보,,미확보 또는 해당 학교급 아님,해당 산출물 없음,해당 산출물 없음,no_records,,available,2026,available,2026,available,2026
B000002964,인천송현초등학교,초등학교,동구,명칭상 불일치 없음,2026-03-20,기존 초등 분석,기존 초등 별도 기준,,해당 산출물 없음,해당 산출물 없음,해당 산출물 없음,,geocoded_observations_only,90,30,0|08|09|10|16|17|18|20|21|22|24|30|34|35|38|43|44|51|56|58|59|61|62|63|64|67|68|73|90|94,2020|2021|2022|2023|2024|2025|2026,0,0,미확보,미확보,,미확보 또는 해당 학교급 아님,해당 산출물 없음,해당 산출물 없음,no_records,,available,2026,available,2026,available,2026
B000002965,인천창영초등학교,초등학교,동구,명칭상 불일치 없음,2026-03-20,기존 초등 분석,기존 초등 별도 기준,,해당 산출물 없음,해당 산출물 없음,해당 산출물 없음,,geocoded_observations_only,94,30,0|08|09|10|16|17|18|20|21|22|24|30|34|35|38|43|44|51|56|58|59|61|62|63|64|67|68|73|90|94,2020|2021|2022|2023|2024|2025|2026,0,0,미확보,미확보,,미확보 또는 해당 학교급 아님,해당 산출물 없음,해당 산출물 없음,no_records,,available,2026,available,2026,available,2026
B000002966,인천송림초등학교,초등학교,동구,명칭상 불일치 없음,2026-03-20,기존 초등 분석,기존 초등 별도 기준,,해당 산출물 없음,해당 산출물 없음,해당 산출물 없음,,geocoded_observations_only,90,30,0|08|09|10|16|17|18|20|21|22|24|30|34|35|38|43|44|51|56|58|59|61|62|63|64|67|68|73|90|94,2020|2021|2022|2023|2024|2025|2026,0,0,미확보,미확보,,미확보 또는 해당 학교급 아님,해당 산출물 없음,해당 산출물 없음,no_records,,available,2026,available,2026,available,2026
B000002967,인천서흥초등학교,초등학교,동구,명칭상 불일치 없음,2026-03-20,기존 초등 분석,기존 초등 별도 기준,,해당 산출물 없음,해당 산출물 없음,해당 산출물 없음,,geocoded_observations_only,90,30,0|08|09|10|16|17|18|20|21|22|24|30|34|35|38|43|44|51|56|58|59|61|62|63|64|67|68|73|90|94,2020|2021|2022|2023|2024|2025|2026,0,0,미확보,미확보,,미확보 또는 해당 학교급 아님,해당 산출물 없음,해당 산출물 없음,no_records,,available,2026,available,2026,available,2026
B000002968,인천서림초등학교,초등학교,동구,명칭상 불일치 없음,2026-03-20,기존 초등 분석,기존 초등 별도 기준,,해당 산출물 없음,해당 산출물 없음,해당 산출물 없음,,geocoded_observations_only,90,30,0|08|09|10|16|17|18|20|21|22|24|30|34|35|38|43|44|51|56|58|59|61|62|63|64|67|68|73|90|94,2020|2021|2022|2023|2024|2025|2026,0,0,미확보,미확보,,미확보 또는 해당 학교급 아님,해당 산출물 없음,해당 산출물 없음,no_records,,available,2026,available,2026,available,2026
B000002969,인천동명초등학교,초등학교,동구,명칭상 불일치 없음,2026-03-20,기존 초등 분석,기존 초등 별도 기준,,해당 산출물 없음,해당 산출물 없음,해당 산출물 없음,,geocoded_observations_only,92,30,0|08|09|10|16|17|18|20|21|22|24|30|34|35|38|43|44|51|56|58|59|61|62|63|64|67|68|73|90|94,2020|2021|2022|2023|2024|2025|2026,0,0,미확보,미확보,,미확보 또는 해당 학교급 아님,해당 산출물 없음,해당 산출물 없음,no_records,,available,2026,available,2026,available,2026
B000002970,영화초등학교,초등학교,동구,명칭상 불일치 없음,2026-03-20,기존 초등 분석,기존 초등 별도 기준,,해당 산출물 없음,해당 산출물 없음,해당 산출물 없음,,geocoded_observations_only,92,30,0|08|09|10|16|17|18|20|21|22|24|30|34|35|38|43|44|51|56|58|59|61|62|63|64|67|68|73|90|94,2020|2021|2022|2023|2024|2025|2026,0,0,미확보,미확보,,미확보 또는 해당 학교급 아님,해당 산출물 없음,해당 산출물 없음,no_records,,available,2026,available,2026,available,2026
B000002971,인천숭의초등학교,초등학교,미추홀구,명칭상 불일치 없음,2026-03-20,기존 초등 분석,기존 초등 별도 기준,,해당 산출물 없음,해당 산출물 없음,해당 산출물 없음,,geocoded_observations_only,92,30,0|08|09|10|16|17|18|20|21|22|24|30|34|35|38|43|44|51|56|58|59|61|62|63|64|67|68|73|90|94,2020|2021|2022|2023|2024|2025|2026,0,0,미확보,미확보,,미확보 또는 해당 학교급 아님,해당 산출물 없음,해당 산출물 없음,no_records,,available,2026,available,2026,available,2026
B000002972,인천용정초등학교,초등학교,미추홀구,명칭상 불일치 없음,2026-03-20,기존 초등 분석,기존 초등 별도 기준,,해당 산출물 없음,해당 산출물 없음,해당 산출물 없음,,geocoded_observations_only,92,30,0|08|09|10|16|17|18|20|21|22|24|30|34|35|38|43|44|51|56|58|59|61|62|63|64|67|68|73|90|94,2020|2021|2022|2023|2024|2025|2026,0,0,미확보,미확보,,미확보 또는 해당 학교급 아님,해당 산출물 없음,해당 산출물 없음,no_records,,available,2026,available,2026,available,2026
B000002973,인천용일초등학교,초등학교,미추홀구,명칭상 불일치 없음,2026-03-20,기존 초등 분석,기존 초등 별도 기준,,해당 산출물 없음,해당 산출물 없음,해당 산출물 없음,,geocoded_observations_only,90,30,0|08|09|10|16|17|18|20|21|22|24|30|34|35|38|43|44|51|56|58|59|61|62|63|64|67|68|73|90|94,2020|2021|2022|2023|2024|2025|2026,0,0,미확보,미확보,,미확보 또는 해당 학교급 아님,해당 산출물 없음,해당 산출물 없음,no_records,,available,2026,available,2026,available,2026
B000002974,인천용현초등학교,초등학교,미추홀구,명칭상 불일치 없음,2026-03-20,기존 초등 분석,기존 초등 별도 기준,,해당 산출물 없음,해당 산출물 없음,해당 산출물 없음,,geocoded_observations_only,92,30,0|08|09|10|16|17|18|20|21|22|24|30|34|35|38|43|44|51|56|58|59|61|62|63|64|67|68|73|90|94,2020|2021|2022|2023|2024|2025|2026,0,0,미확보,미확보,,미확보 또는 해당 학교급 아님,해당 산출물 없음,해당 산출물 없음,no_records,,available,2026,available,2026,available,2026
B000002975,인천용현남초등학교,초등학교,미추홀구,명칭상 불일치 없음,2026-03-20,기존 초등 분석,기존 초등 별도 기준,,해당 산출물 없음,해당 산출물 없음,해당 산출물 없음,,geocoded_observations_only,90,30,0|08|09|10|16|17|18|20|21|22|24|30|34|35|38|43|44|51|56|58|59|61|62|63|64|67|68|73|90|94,2020|2021|2022|2023|2024|2025|2026,0,0,미확보,미확보,,미확보 또는 해당 학교급 아님,해당 산출물 없음,해당 산출물 없음,no_records,,available,2026,available,2026,available,2026
B000002976,인천학산초등학교,초등학교,미추홀구,명칭상 불일치 없음,2026-03-20,기존 초등 분석,기존 초등 별도 기준,,해당 산출물 없음,해당 산출물 없음,해당 산출물 없음,,geocoded_observations_only,92,30,0|08|09|10|16|17|18|20|21|22|24|30|34|35|38|43|44|51|56|58|59|61|62|63|64|67|68|73|90|94,2020|2021|2022|2023|2024|2025|2026,0,0,미확보,미확보,,미확보 또는 해당 학교급 아님,해당 산출물 없음,해당 산출물 없음,no_records,,available,2026,available,2026,available,2026
B000002977,인천백학초등학교,초등학교,미추홀구,명칭상 불일치 없음,2026-03-20,기존 초등 분석,기존 초등 별도 기준,,해당 산출물 없음,해당 산출물 없음,해당 산출물 없음,,geocoded_observations_only,90,30,0|08|09|10|16|17|18|20|21|22|24|30|34|35|38|43|44|51|56|58|59|61|62|63|64|67|68|73|90|94,2020|2021|2022|2023|2024|2025|2026,0,0,미확보,미확보,,미확보 또는 해당 학교급 아님,해당 산출물 없음,해당 산출물 없음,no_records,,available,2026,available,2026,available,2026
B000002978,인천도화초등학교,초등학교,미추홀구,명칭상 불일치 없음,2026-03-20,기존 초등 분석,기존 초등 별도 기준,,해당 산출물 없음,해당 산출물 없음,해당 산출물 없음,,geocoded_observations_only,92,30,0|08|09|10|16|17|18|20|21|22|24|30|34|35|38|43|44|51|56|58|59|61|62|63|64|67|68|73|90|94,2020|2021|2022|2023|2024|2025|2026,0,0,미확보,미확보,,미확보 또는 해당 학교급 아님,해당 산출물 없음,해당 산출물 없음,no_records,,available,2026,available,2026,available,2026
B000002979,인천문학초등학교,초등학교,미추홀구,명칭상 불일치 없음,2026-03-20,기존 초등 분석,기존 초등 별도 기준,,해당 산출물 없음,해당 산출물 없음,해당 산출물 없음,,geocoded_observations_only,94,30,0|08|09|10|16|17|18|20|21|22|24|30|34|35|38|43|44|51|56|58|59|61|62|63|64|67|68|73|90|94,2020|2021|2022|2023|2024|2025|2026,0,0,미확보,미확보,,미확보 또는 해당 학교급 아님,해당 산출물 없음,해당 산출물 없음,no_records,,available,2026,available,2026,available,2026
B000002980,인천관교초등학교,초등학교,미추홀구,명칭상 불일치 없음,2026-03-20,기존 초등 분석,기존 초등 별도 기준,,해당 산출물 없음,해당 산출물 없음,해당 산출물 없음,,geocoded_observations_only,92,30,0|08|09|10|16|17|18|20|21|22|24|30|34|35|38|43|44|51|56|58|59|61|62|63|64|67|68|73|90|94,2020|2021|2022|2023|2024|2025|2026,0,0,미확보,미확보,,미확보 또는 해당 학교급 아님,해당 산출물 없음,해당 산출물 없음,no_records,,available,2026,available,2026,available,2026
B000002981,인천경원초등학교,초등학교,미추홀구,명칭상 불일치 없음,2026-03-20,기존 초등 분석,기존 초등 별도 기준,,해당 산출물 없음,해당 산출물 없음,해당 산출물 없음,,geocoded_observations_only,90,30,0|08|09|10|16|17|18|20|21|22|24|30|34|35|38|43|44|51|56|58|59|61|62|63|64|67|68|73|90|94,2020|2021|2022|2023|2024|2025|2026,0,0,미확보,미확보,,미확보 또는 해당 학교급 아님,해당 산출물 없음,해당 산출물 없음,no_records,,available,2026,available,2026,available,2026
B000002982,인천석암초등학교,초등학교,미추홀구,명칭상 불일치 없음,2026-03-20,기존 초등 분석,기존 초등 별도 기준,,해당 산출물 없음,해당 산출물 없음,해당 산출물 없음,,geocoded_observations_only,92,30,0|08|09|10|16|17|18|20|21|22|24|30|34|35|38|43|44|51|56|58|59|61|62|63|64|67|68|73|90|94,2020|2021|2022|2023|2024|2025|2026,0,0,미확보,미확보,,미확보 또는 해당 학교급 아님,해당 산출물 없음,해당 산출물 없음,no_records,,available,2026,available,2026,available,2026
B000002983,인천남부초등학교,초등학교,미추홀구,명칭상 불일치 없음,2026-03-20,기존 초등 분석,기존 초등 별도 기준,,해당 산출물 없음,해당 산출물 없음,해당 산출물 없음,,geocoded_observations_only,94,30,0|08|09|10|16|17|18|20|21|22|24|30|34|35|38|43|44|51|56|58|59|61|62|63|64|67|68|73|90|94,2020|2021|2022|2023|2024|2025|2026,0,0,미확보,미확보,,미확보 또는 해당 학교급 아님,해당 산출물 없음,해당 산출물 없음,no_records,,available,2026,available,2026,available,2026
B000002984,인천승학초등학교,초등학교,미추홀구,명칭상 불일치 없음,2026-03-20,기존 초등 분석,기존 초등 별도 기준,,해당 산출물 없음,해당 산출물 없음,해당 산출물 없음,,geocoded_observations_only,92,30,0|08|09|10|16|17|18|20|21|22|24|30|34|35|38|43|44|51|56|58|59|61|62|63|64|67|68|73|90|94,2020|2021|2022|2023|2024|2025|2026,0,0,미확보,미확보,,미확보 또는 해당 학교급 아님,해당 산출물 없음,해당 산출물 없음,no_records,,available,2026,available,2026,available,2026
B000002985,인천서화초등학교,초등학교,미추홀구,명칭상 불일치 없음,2026-03-20,기존 초등 분석,기존 초등 별도 기준,,해당 산출물 없음,해당 산출물 없음,해당 산출물 없음,,geocoded_observations_only,92,30,0|08|09|10|16|17|18|20|21|22|24|30|34|35|38|43|44|51|56|58|59|61|62|63|64|67|68|73|90|94,2020|2021|2022|2023|2024|2025|2026,0,0,미확보,미확보,,미확보 또는 해당 학교급 아님,해당 산출물 없음,해당 산출물 없음,no_records,,available,2026,available,2026,available,2026
B000002986,인천대화초등학교,초등학교,미추홀구,명칭상 불일치 없음,2026-03-20,기존 초등 분석,기존 초등 별도 기준,,해당 산출물 없음,해당 산출물 없음,해당 산출물 없음,,geocoded_observations_only,90,30,0|08|09|10|16|17|18|20|21|22|24|30|34|35|38|43|44|51|56|58|59|61|62|63|64|67|68|73|90|94,2020|2021|2022|2023|2024|2025|2026,0,0,미확보,미확보,,미확보 또는 해당 학교급 아님,해당 산출물 없음,해당 산출물 없음,no_records,,available,2026,available,2026,available,2026
B000002987,인천주안북초등학교,초등학교,미추홀구,명칭상 불일치 없음,2026-03-20,기존 초등 분석,기존 초등 별도 기준,,해당 산출물 없음,해당 산출물 없음,해당 산출물 없음,,geocoded_observations_only,94,30,0|08|09|10|16|17|18|20|21|22|24|30|34|35|38|43|44|51|56|58|59|61|62|63|64|67|68|73|90|94,2020|2021|2022|2023|2024|2025|2026,0,0,미확보,미확보,,미확보 또는 해당 학교급 아님,해당 산출물 없음,해당 산출물 없음,no_records,,available,2026,available,2026,available,2026
B000002989,인천주안남초등학교,초등학교,미추홀구,명칭상 불일치 없음,2026-03-20,기존 초등 분석,기존 초등 별도 기준,,해당 산출물 없음,해당 산출물 없음,해당 산출물 없음,,geocoded_observations_only,92,30,0|08|09|10|16|17|18|20|21|22|24|30|34|35|38|43|44|51|56|58|59|61|62|63|64|67|68|73|90|94,2020|2021|2022|2023|2024|2025|2026,0,0,미확보,미확보,,미확보 또는 해당 학교급 아님,해당 산출물 없음,해당 산출물 없음,no_records,,available,2026,available,2026,available,2026
B000002990,인천학익초등학교,초등학교,미추홀구,명칭상 불일치 없음,2026-03-20,기존 초등 분석,기존 초등 별도 기준,,해당 산출물 없음,해당 산출물 없음,해당 산출물 없음,,geocoded_observations_only,90,30,0|08|09|10|16|17|18|20|21|22|24|30|34|35|38|43|44|51|56|58|59|61|62|63|64|67|68|73|90|94,2020|2021|2022|2023|2024|2025|2026,0,1,미확보,미확보,,미확보 또는 해당 학교급 아님,해당 산출물 없음,해당 산출물 없음,no_records,,available,2026,available,2026,available,2026
B000002991,인천인주초등학교,초등학교,미추홀구,명칭상 불일치 없음,2026-03-20,기존 초등 분석,기존 초등 별도 기준,,해당 산출물 없음,해당 산출물 없음,해당 산출물 없음,,geocoded_observations_only,92,30,0|08|09|10|16|17|18|20|21|22|24|30|34|35|38|43|44|51|56|58|59|61|62|63|64|67|68|73|90|94,2020|2021|2022|2023|2024|2025|2026,0,0,미확보,미확보,,미확보 또는 해당 학교급 아님,해당 산출물 없음,해당 산출물 없음,no_records,,available,2026,available,2026,available,2026
B000002992,인천연학초등학교,초등학교,미추홀구,명칭상 불일치 없음,2026-03-20,기존 초등 분석,기존 초등 별도 기준,,해당 산출물 없음,해당 산출물 없음,해당 산출물 없음,,geocoded_observations_only,92,30,0|08|09|10|16|17|18|20|21|22|24|30|34|35|38|43|44|51|56|58|59|61|62|63|64|67|68|73|90|94,2020|2021|2022|2023|2024|2025|2026,0,0,미확보,미확보,,미확보 또는 해당 학교급 아님,해당 산출물 없음,해당 산출물 없음,no_records,,available,2026,available,2026,available,2026
B000002993,연평초등학교,초등학교,옹진군,명칭상 불일치 없음,2026-03-20,기존 초등 분석,기존 초등 별도 기준,,해당 산출물 없음,해당 산출물 없음,해당 산출물 없음,,geocoded_observations_only,91,30,0|08|09|10|16|17|18|20|21|22|24|30|34|35|38|43|44|51|56|58|59|61|62|63|64|67|68|73|90|94,2020|2021|2022|2023|2024|2025|2026,0,0,미확보,미확보,,미확보 또는 해당 학교급 아님,해당 산출물 없음,해당 산출물 없음,no_records,,available,2026,available,2026,available,2026
B000002994,대청초등학교,초등학교,옹진군,명칭상 불일치 없음,2026-03-20,기존 초등 분석,기존 초등 별도 기준,,해당 산출물 없음,해당 산출물 없음,해당 산출물 없음,,geocoded_observations_only,87,30,0|08|09|10|16|17|18|20|21|22|24|30|34|35|38|43|44|51|56|58|59|61|62|63|64|67|68|73|90|94,2020|2021|2022|2023|2024|2025|2026,0,0,미확보,미확보,,미확보 또는 해당 학교급 아님,해당 산출물 없음,해당 산출물 없음,no_records,,available,2026,available,2026,available,2026
B000002995,영흥초등학교,초등학교,옹진군,명칭상 불일치 없음,2026-03-20,기존 초등 분석,기존 초등 별도 기준,,해당 산출물 없음,해당 산출물 없음,해당 산출물 없음,,geocoded_observations_only,92,30,0|08|09|10|16|17|18|20|21|22|24|30|34|35|38|43|44|51|56|58|59|61|62|63|64|67|68|73|90|94,2020|2021|2022|2023|2024|2025|2026,0,0,미확보,미확보,,미확보 또는 해당 학교급 아님,해당 산출물 없음,해당 산출물 없음,no_records,,available,2026,available,2026,available,2026
B000002996,덕적초등학교,초등학교,옹진군,명칭상 불일치 없음,2026-03-20,기존 초등 분석,기존 초등 별도 기준,,해당 산출물 없음,해당 산출물 없음,해당 산출물 없음,,geocoded_observations_only,92,30,0|08|09|10|16|17|18|20|21|22|24|30|34|35|38|43|44|51|56|58|59|61|62|63|64|67|68|73|90|94,2020|2021|2022|2023|2024|2025|2026,0,0,미확보,미확보,,미확보 또는 해당 학교급 아님,해당 산출물 없음,해당 산출물 없음,no_records,,available,2026,available,2026,available,2026
B000002997,북포초등학교,초등학교,옹진군,명칭상 불일치 없음,2026-03-20,기존 초등 분석,기존 초등 별도 기준,,해당 산출물 없음,해당 산출물 없음,해당 산출물 없음,,geocoded_observations_only,92,30,0|08|09|10|16|17|18|20|21|22|24|30|34|35|38|43|44|51|56|58|59|61|62|63|64|67|68|73|90|94,2020|2021|2022|2023|2024|2025|2026,0,0,미확보,미확보,,미확보 또는 해당 학교급 아님,해당 산출물 없음,해당 산출물 없음,no_records,,available,2026,available,2026,available,2026
B000002998,백령초등학교,초등학교,옹진군,명칭상 불일치 없음,2026-03-20,기존 초등 분석,기존 초등 별도 기준,,해당 산출물 없음,해당 산출물 없음,해당 산출물 없음,,geocoded_observations_only,94,30,0|08|09|10|16|17|18|20|21|22|24|30|34|35|38|43|44|51|56|58|59|61|62|63|64|67|68|73|90|94,2020|2021|2022|2023|2024|2025|2026,0,0,미확보,미확보,,미확보 또는 해당 학교급 아님,해당 산출물 없음,해당 산출물 없음,no_records,,available,2026,available,2026,available,2026
B000002999,인천공항초등학교신도분교장,초등학교,옹진군,명칭상 불일치 없음,2026-03-20,기존 초등 분석,기존 초등 별도 기준,,해당 산출물 없음,해당 산출물 없음,해당 산출물 없음,,geocoded_observations_only,82,29,0|08|09|10|16|17|18|20|21|22|24|30|34|35|38|43|44|51|56|58|59|61|62|63|64|67|68|90|94,2020|2021|2022|2023|2024|2025|2026,0,0,미확보,미확보,,미확보 또는 해당 학교급 아님,해당 산출물 없음,해당 산출물 없음,no_records,,exempt_or_unconfirmed,2026,available,2026,available,2026
B000003000,인천삼목초등학교장봉분교장,초등학교,옹진군,명칭상 불일치 없음,2026-03-20,기존 초등 분석,기존 초등 별도 기준,,해당 산출물 없음,해당 산출물 없음,해당 산출물 없음,,geocoded_observations_only,47,29,0|08|09|10|16|17|18|20|21|22|24|30|34|35|38|43|44|51|56|58|59|61|62|63|64|67|68|90|94,2020|2021|2022|2023|2024|2025|2026,0,0,미확보,미확보,,미확보 또는 해당 학교급 아님,해당 산출물 없음,해당 산출물 없음,no_records,,available,2025,available,2025,available,2025
B000003004,인천남부초등학교이작분교장,초등학교,옹진군,명칭상 불일치 없음,2026-03-20,기존 초등 분석,기존 초등 별도 기준,,해당 산출물 없음,해당 산출물 없음,해당 산출물 없음,,geocoded_observations_only,80,29,0|08|09|10|16|17|18|20|21|22|24|30|34|35|38|43|44|51|56|58|59|61|62|63|64|67|68|90|94,2020|2021|2022|2023|2024|2025|2026,0,0,미확보,미확보,,미확보 또는 해당 학교급 아님,해당 산출물 없음,해당 산출물 없음,no_records,,available,2026,available,2026,available,2026
B000003005,인천용현남초등학교자월분교장,초등학교,옹진군,명칭상 불일치 없음,2026-03-20,기존 초등 분석,기존 초등 별도 기준,,해당 산출물 없음,해당 산출물 없음,해당 산출물 없음,,geocoded_observations_only,83,29,0|08|09|10|16|17|18|20|21|22|24|30|34|35|38|43|44|51|56|58|59|61|62|63|64|67|68|90|94,2020|2021|2022|2023|2024|2025|2026,0,0,미확보,미확보,,미확보 또는 해당 학교급 아님,해당 산출물 없음,해당 산출물 없음,no_records,,available,2026,available,2026,available,2026
B000003006,인천부평서초등학교,초등학교,부평구,명칭상 불일치 없음,2026-03-20,기존 초등 분석,기존 초등 별도 기준,,해당 산출물 없음,해당 산출물 없음,해당 산출물 없음,,geocoded_observations_only,90,30,0|08|09|10|16|17|18|20|21|22|24|30|34|35|38|43|44|51|56|58|59|61|62|63|64|67|68|73|90|94,2020|2021|2022|2023|2024|2025|2026,0,0,미확보,미확보,,미확보 또는 해당 학교급 아님,해당 산출물 없음,해당 산출물 없음,no_records,,available,2026,available,2026,available,2026
B000003007,인천부곡초등학교,초등학교,부평구,명칭상 불일치 없음,2026-03-20,기존 초등 분석,기존 초등 별도 기준,,해당 산출물 없음,해당 산출물 없음,해당 산출물 없음,,geocoded_observations_only,90,30,0|08|09|10|16|17|18|20|21|22|24|30|34|35|38|43|44|51|56|58|59|61|62|63|64|67|68|73|90|94,2020|2021|2022|2023|2024|2025|2026,3,0,미확보,미확보,,미확보 또는 해당 학교급 아님,해당 산출물 없음,해당 산출물 없음,no_records,,available,2026,available,2026,available,2026
B000003008,인천마곡초등학교,초등학교,부평구,명칭상 불일치 없음,2026-03-20,기존 초등 분석,기존 초등 별도 기준,,해당 산출물 없음,해당 산출물 없음,해당 산출물 없음,,geocoded_observations_only,92,30,0|08|09|10|16|17|18|20|21|22|24|30|34|35|38|43|44|51|56|58|59|61|62|63|64|67|68|73|90|94,2020|2021|2022|2023|2024|2025|2026,0,0,미확보,미확보,,미확보 또는 해당 학교급 아님,해당 산출물 없음,해당 산출물 없음,no_records,,available,2026,available,2026,available,2026
B000003009,인천대정초등학교,초등학교,부평구,명칭상 불일치 없음,2026-03-20,기존 초등 분석,기존 초등 별도 기준,,해당 산출물 없음,해당 산출물 없음,해당 산출물 없음,,geocoded_observations_only,94,30,0|08|09|10|16|17|18|20|21|22|24|30|34|35|38|43|44|51|56|58|59|61|62|63|64|67|68|73|90|94,2020|2021|2022|2023|2024|2025|2026,0,0,미확보,미확보,,미확보 또는 해당 학교급 아님,해당 산출물 없음,해당 산출물 없음,no_records,,available,2026,available,2026,available,2026
B000003010,인천청천초등학교,초등학교,부평구,명칭상 불일치 없음,2026-03-20,기존 초등 분석,기존 초등 별도 기준,,해당 산출물 없음,해당 산출물 없음,해당 산출물 없음,,geocoded_observations_only,90,30,0|08|09|10|16|17|18|20|21|22|24|30|34|35|38|43|44|51|56|58|59|61|62|63|64|67|68|73|90|94,2020|2021|2022|2023|2024|2025|2026,0,0,미확보,미확보,,미확보 또는 해당 학교급 아님,해당 산출물 없음,해당 산출물 없음,no_records,,available,2026,available,2026,available,2026
B000003011,인천갈산초등학교,초등학교,부평구,명칭상 불일치 없음,2026-03-20,기존 초등 분석,기존 초등 별도 기준,,해당 산출물 없음,해당 산출물 없음,해당 산출물 없음,,geocoded_observations_only,92,30,0|08|09|10|16|17|18|20|21|22|24|30|34|35|38|43|44|51|56|58|59|61|62|63|64|67|68|73|90|94,2020|2021|2022|2023|2024|2025|2026,0,0,미확보,미확보,,미확보 또는 해당 학교급 아님,해당 산출물 없음,해당 산출물 없음,no_records,,available,2026,available,2026,available,2026
B000003012,인천후정초등학교,초등학교,부평구,명칭상 불일치 없음,2026-03-20,기존 초등 분석,기존 초등 별도 기준,,해당 산출물 없음,해당 산출물 없음,해당 산출물 없음,,geocoded_observations_only,92,30,0|08|09|10|16|17|18|20|21|22|24|30|34|35|38|43|44|51|56|58|59|61|62|63|64|67|68|73|90|94,2020|2021|2022|2023|2024|2025|2026,0,0,미확보,미확보,,미확보 또는 해당 학교급 아님,해당 산출물 없음,해당 산출물 없음,no_records,,available,2026,available,2026,available,2026
B000003013,인천영선초등학교,초등학교,부평구,명칭상 불일치 없음,2026-03-20,기존 초등 분석,기존 초등 별도 기준,,해당 산출물 없음,해당 산출물 없음,해당 산출물 없음,,geocoded_observations_only,92,30,0|08|09|10|16|17|18|20|21|22|24|30|34|35|38|43|44|51|56|58|59|61|62|63|64|67|68|73|90|94,2020|2021|2022|2023|2024|2025|2026,0,0,미확보,미확보,,미확보 또는 해당 학교급 아님,해당 산출물 없음,해당 산출물 없음,no_records,,available,2026,available,2026,available,2026
B000003014,인천진산초등학교,초등학교,부평구,명칭상 불일치 없음,2026-03-20,기존 초등 분석,기존 초등 별도 기준,,해당 산출물 없음,해당 산출물 없음,해당 산출물 없음,,geocoded_observations_only,94,30,0|08|09|10|16|17|18|20|21|22|24|30|34|35|38|43|44|51|56|58|59|61|62|63|64|67|68|73|90|94,2020|2021|2022|2023|2024|2025|2026,0,0,미확보,미확보,,미확보 또는 해당 학교급 아님,해당 산출물 없음,해당 산출물 없음,no_records,,available,2026,available,2026,available,2026
B000003015,인천구산초등학교,초등학교,부평구,명칭상 불일치 없음,2026-03-20,기존 초등 분석,기존 초등 별도 기준,,해당 산출물 없음,해당 산출물 없음,해당 산출물 없음,,geocoded_observations_only,92,30,0|08|09|10|16|17|18|20|21|22|24|30|34|35|38|43|44|51|56|58|59|61|62|63|64|67|68|73|90|94,2020|2021|2022|2023|2024|2025|2026,0,0,미확보,미확보,,미확보 또는 해당 학교급 아님,해당 산출물 없음,해당 산출물 없음,no_records,,available,2026,available,2026,available,2026
B000003016,인천부일초등학교,초등학교,부평구,명칭상 불일치 없음,2026-03-20,기존 초등 분석,기존 초등 별도 기준,,해당 산출물 없음,해당 산출물 없음,해당 산출물 없음,,geocoded_observations_only,94,30,0|08|09|10|16|17|18|20|21|22|24|30|34|35|38|43|44|51|56|58|59|61|62|63|64|67|68|73|90|94,2020|2021|2022|2023|2024|2025|2026,0,0,미확보,미확보,,미확보 또는 해당 학교급 아님,해당 산출물 없음,해당 산출물 없음,no_records,,available,2026,available,2026,available,2026
B000003017,인천부내초등학교,초등학교,부평구,명칭상 불일치 없음,2026-03-20,기존 초등 분석,기존 초등 별도 기준,,해당 산출물 없음,해당 산출물 없음,해당 산출물 없음,,geocoded_observations_only,90,30,0|08|09|10|16|17|18|20|21|22|24|30|34|35|38|43|44|51|56|58|59|61|62|63|64|67|68|73|90|94,2020|2021|2022|2023|2024|2025|2026,0,0,미확보,미확보,,미확보 또는 해당 학교급 아님,해당 산출물 없음,해당 산출물 없음,no_records,,available,2026,available,2026,available,2026
B000003018,인천부개서초등학교,초등학교,부평구,명칭상 불일치 없음,2026-03-20,기존 초등 분석,기존 초등 별도 기준,,해당 산출물 없음,해당 산출물 없음,해당 산출물 없음,,geocoded_observations_only,92,30,0|08|09|10|16|17|18|20|21|22|24|30|34|35|38|43|44|51|56|58|59|61|62|63|64|67|68|73|90|94,2020|2021|2022|2023|2024|2025|2026,0,0,미확보,미확보,,미확보 또는 해당 학교급 아님,해당 산출물 없음,해당 산출물 없음,no_records,,available,2026,available,2026,available,2026
B000003019,인천부광초등학교,초등학교,부평구,명칭상 불일치 없음,2026-03-20,기존 초등 분석,기존 초등 별도 기준,,해당 산출물 없음,해당 산출물 없음,해당 산출물 없음,,geocoded_observations_only,94,30,0|08|09|10|16|17|18|20|21|22|24|30|34|35|38|43|44|51|56|58|59|61|62|63|64|67|68|73|90|94,2020|2021|2022|2023|2024|2025|2026,0,0,미확보,미확보,,미확보 또는 해당 학교급 아님,해당 산출물 없음,해당 산출물 없음,no_records,,available,2026,available,2026,available,2026
B000003020,인천일신초등학교,초등학교,부평구,명칭상 불일치 없음,2026-03-20,기존 초등 분석,기존 초등 별도 기준,,해당 산출물 없음,해당 산출물 없음,해당 산출물 없음,,geocoded_observations_only,94,30,0|08|09|10|16|17|18|20|21|22|24|30|34|35|38|43|44|51|56|58|59|61|62|63|64|67|68|73|90|94,2020|2021|2022|2023|2024|2025|2026,0,0,미확보,미확보,,미확보 또는 해당 학교급 아님,해당 산출물 없음,해당 산출물 없음,no_records,,available,2026,available,2026,available,2026
B000003021,인천금마초등학교,초등학교,부평구,명칭상 불일치 없음,2026-03-20,기존 초등 분석,기존 초등 별도 기준,,해당 산출물 없음,해당 산출물 없음,해당 산출물 없음,,geocoded_observations_only,92,30,0|08|09|10|16|17|18|20|21|22|24|30|34|35|38|43|44|51|56|58|59|61|62|63|64|67|68|73|90|94,2020|2021|2022|2023|2024|2025|2026,0,0,미확보,미확보,,미확보 또는 해당 학교급 아님,해당 산출물 없음,해당 산출물 없음,no_records,,available,2026,available,2026,available,2026
B000003022,인천상정초등학교,초등학교,부평구,명칭상 불일치 없음,2026-03-20,기존 초등 분석,기존 초등 별도 기준,,해당 산출물 없음,해당 산출물 없음,해당 산출물 없음,,geocoded_observations_only,90,30,0|08|09|10|16|17|18|20|21|22|24|30|34|35|38|43|44|51|56|58|59|61|62|63|64|67|68|73|90|94,2020|2021|2022|2023|2024|2025|2026,0,0,미확보,미확보,,미확보 또는 해당 학교급 아님,해당 산출물 없음,해당 산출물 없음,no_records,,available,2026,available,2026,available,2026
B000003023,인천부평북초등학교,초등학교,부평구,명칭상 불일치 없음,2026-03-20,기존 초등 분석,기존 초등 별도 기준,,해당 산출물 없음,해당 산출물 없음,해당 산출물 없음,,geocoded_observations_only,94,30,0|08|09|10|16|17|18|20|21|22|24|30|34|35|38|43|44|51|56|58|59|61|62|63|64|67|68|73|90|94,2020|2021|2022|2023|2024|2025|2026,0,0,미확보,미확보,,미확보 또는 해당 학교급 아님,해당 산출물 없음,해당 산출물 없음,no_records,,available,2026,available,2026,available,2026
B000003024,인천갈월초등학교,초등학교,부평구,명칭상 불일치 없음,2026-03-20,기존 초등 분석,기존 초등 별도 기준,,해당 산출물 없음,해당 산출물 없음,해당 산출물 없음,,geocoded_observations_only,92,30,0|08|09|10|16|17|18|20|21|22|24|30|34|35|38|43|44|51|56|58|59|61|62|63|64|67|68|73|90|94,2020|2021|2022|2023|2024|2025|2026,0,0,미확보,미확보,,미확보 또는 해당 학교급 아님,해당 산출물 없음,해당 산출물 없음,no_records,,available,2026,available,2026,available,2026
B000003025,인천부개초등학교,초등학교,부평구,명칭상 불일치 없음,2026-03-20,기존 초등 분석,기존 초등 별도 기준,,해당 산출물 없음,해당 산출물 없음,해당 산출물 없음,,geocoded_observations_only,90,30,0|08|09|10|16|17|18|20|21|22|24|30|34|35|38|43|44|51|56|58|59|61|62|63|64|67|68|73|90|94,2020|2021|2022|2023|2024|2025|2026,0,0,미확보,미확보,,미확보 또는 해당 학교급 아님,해당 산출물 없음,해당 산출물 없음,no_records,,available,2026,available,2026,available,2026
B000003026,인천동수초등학교,초등학교,부평구,명칭상 불일치 없음,2026-03-20,기존 초등 분석,기존 초등 별도 기준,,해당 산출물 없음,해당 산출물 없음,해당 산출물 없음,,geocoded_observations_only,90,30,0|08|09|10|16|17|18|20|21|22|24|30|34|35|38|43|44|51|56|58|59|61|62|63|64|67|68|73|90|94,2020|2021|2022|2023|2024|2025|2026,0,0,미확보,미확보,,미확보 또는 해당 학교급 아님,해당 산출물 없음,해당 산출물 없음,no_records,,available,2026,available,2026,available,2026
B000003027,인천부원초등학교,초등학교,부평구,명칭상 불일치 없음,2026-03-20,기존 초등 분석,기존 초등 별도 기준,,해당 산출물 없음,해당 산출물 없음,해당 산출물 없음,,geocoded_observations_only,92,30,0|08|09|10|16|17|18|20|21|22|24|30|34|35|38|43|44|51|56|58|59|61|62|63|64|67|68|73|90|94,2020|2021|2022|2023|2024|2025|2026,0,0,미확보,미확보,,미확보 또는 해당 학교급 아님,해당 산출물 없음,해당 산출물 없음,no_records,,available,2026,available,2026,available,2026
B000003028,인천부흥초등학교,초등학교,부평구,명칭상 불일치 없음,2026-03-20,기존 초등 분석,기존 초등 별도 기준,,해당 산출물 없음,해당 산출물 없음,해당 산출물 없음,,geocoded_observations_only,90,30,0|08|09|10|16|17|18|20|21|22|24|30|34|35|38|43|44|51|56|58|59|61|62|63|64|67|68|73|90|94,2020|2021|2022|2023|2024|2025|2026,0,0,미확보,미확보,,미확보 또는 해당 학교급 아님,해당 산출물 없음,해당 산출물 없음,no_records,,available,2026,available,2026,available,2026
B000003029,인천부평동초등학교,초등학교,부평구,명칭상 불일치 없음,2026-03-20,기존 초등 분석,기존 초등 별도 기준,,해당 산출물 없음,해당 산출물 없음,해당 산출물 없음,,geocoded_observations_only,92,30,0|08|09|10|16|17|18|20|21|22|24|30|34|35|38|43|44|51|56|58|59|61|62|63|64|67|68|73|90|94,2020|2021|2022|2023|2024|2025|2026,0,0,미확보,미확보,,미확보 또는 해당 학교급 아님,해당 산출물 없음,해당 산출물 없음,no_records,,available,2026,available,2026,available,2026
B000003030,인천부평남초등학교,초등학교,부평구,명칭상 불일치 없음,2026-03-20,기존 초등 분석,기존 초등 별도 기준,,해당 산출물 없음,해당 산출물 없음,해당 산출물 없음,,geocoded_observations_only,92,30,0|08|09|10|16|17|18|20|21|22|24|30|34|35|38|43|44|51|56|58|59|61|62|63|64|67|68|73|90|94,2020|2021|2022|2023|2024|2025|2026,0,0,미확보,미확보,,미확보 또는 해당 학교급 아님,해당 산출물 없음,해당 산출물 없음,no_records,,available,2026,available,2026,available,2026
B000003031,인천산곡북초등학교,초등학교,부평구,명칭상 불일치 없음,2026-03-20,기존 초등 분석,기존 초등 별도 기준,,해당 산출물 없음,해당 산출물 없음,해당 산출물 없음,,geocoded_observations_only,92,30,0|08|09|10|16|17|18|20|21|22|24|30|34|35|38|43|44|51|56|58|59|61|62|63|64|67|68|73|90|94,2020|2021|2022|2023|2024|2025|2026,0,0,미확보,미확보,,미확보 또는 해당 학교급 아님,해당 산출물 없음,해당 산출물 없음,no_records,,available,2026,available,2026,available,2026
B000003032,인천산곡초등학교,초등학교,부평구,명칭상 불일치 없음,2026-03-20,기존 초등 분석,기존 초등 별도 기준,,해당 산출물 없음,해당 산출물 없음,해당 산출물 없음,,geocoded_observations_only,90,30,0|08|09|10|16|17|18|20|21|22|24|30|34|35|38|43|44|51|56|58|59|61|62|63|64|67|68|73|90|94,2020|2021|2022|2023|2024|2025|2026,0,0,미확보,미확보,,미확보 또는 해당 학교급 아님,해당 산출물 없음,해당 산출물 없음,no_records,,available,2026,available,2026,available,2026
B000003033,인천부마초등학교,초등학교,부평구,명칭상 불일치 없음,2026-03-20,기존 초등 분석,기존 초등 별도 기준,,해당 산출물 없음,해당 산출물 없음,해당 산출물 없음,,geocoded_observations_only,90,30,0|08|09|10|16|17|18|20|21|22|24|30|34|35|38|43|44|51|56|58|59|61|62|63|64|67|68|73|90|94,2020|2021|2022|2023|2024|2025|2026,0,0,미확보,미확보,,미확보 또는 해당 학교급 아님,해당 산출물 없음,해당 산출물 없음,no_records,,available,2026,available,2026,available,2026
B000003034,인천미산초등학교,초등학교,부평구,명칭상 불일치 없음,2026-03-20,기존 초등 분석,기존 초등 별도 기준,,해당 산출물 없음,해당 산출물 없음,해당 산출물 없음,,geocoded_observations_only,94,30,0|08|09|10|16|17|18|20|21|22|24|30|34|35|38|43|44|51|56|58|59|61|62|63|64|67|68|73|90|94,2020|2021|2022|2023|2024|2025|2026,0,0,미확보,미확보,,미확보 또는 해당 학교급 아님,해당 산출물 없음,해당 산출물 없음,no_records,,available,2026,available,2026,available,2026
B000003035,인천산곡남초등학교,초등학교,부평구,명칭상 불일치 없음,2026-03-20,기존 초등 분석,기존 초등 별도 기준,,해당 산출물 없음,해당 산출물 없음,해당 산출물 없음,,geocoded_observations_only,92,30,0|08|09|10|16|17|18|20|21|22|24|30|34|35|38|43|44|51|56|58|59|61|62|63|64|67|68|73|90|94,2020|2021|2022|2023|2024|2025|2026,0,0,미확보,미확보,,미확보 또는 해당 학교급 아님,해당 산출물 없음,해당 산출물 없음,no_records,,available,2026,available,2026,available,2026
B000003036,인천신촌초등학교,초등학교,부평구,명칭상 불일치 없음,2026-03-20,기존 초등 분석,기존 초등 별도 기준,,해당 산출물 없음,해당 산출물 없음,해당 산출물 없음,,geocoded_observations_only,92,30,0|08|09|10|16|17|18|20|21|22|24|30|34|35|38|43|44|51|56|58|59|61|62|63|64|67|68|73|90|94,2020|2021|2022|2023|2024|2025|2026,0,0,미확보,미확보,,미확보 또는 해당 학교급 아님,해당 산출물 없음,해당 산출물 없음,no_records,,available,2026,available,2026,available,2026
B000003037,인천하정초등학교,초등학교,부평구,명칭상 불일치 없음,2026-03-20,기존 초등 분석,기존 초등 별도 기준,,해당 산출물 없음,해당 산출물 없음,해당 산출물 없음,,geocoded_observations_only,92,30,0|08|09|10|16|17|18|20|21|22|24|30|34|35|38|43|44|51|56|58|59|61|62|63|64|67|68|73|90|94,2020|2021|2022|2023|2024|2025|2026,0,0,미확보,미확보,,미확보 또는 해당 학교급 아님,해당 산출물 없음,해당 산출물 없음,no_records,,available,2026,available,2026,available,2026
B000003038,인천십정초등학교,초등학교,부평구,명칭상 불일치 없음,2026-03-20,기존 초등 분석,기존 초등 별도 기준,,해당 산출물 없음,해당 산출물 없음,해당 산출물 없음,,geocoded_observations_only,92,30,0|08|09|10|16|17|18|20|21|22|24|30|34|35|38|43|44|51|56|58|59|61|62|63|64|67|68|73|90|94,2020|2021|2022|2023|2024|2025|2026,0,0,미확보,미확보,,미확보 또는 해당 학교급 아님,해당 산출물 없음,해당 산출물 없음,no_records,,available,2026,available,2026,available,2026
B000003039,인천백운초등학교,초등학교,부평구,명칭상 불일치 없음,2026-03-20,기존 초등 분석,기존 초등 별도 기준,,해당 산출물 없음,해당 산출물 없음,해당 산출물 없음,,geocoded_observations_only,90,30,0|08|09|10|16|17|18|20|21|22|24|30|34|35|38|43|44|51|56|58|59|61|62|63|64|67|68|73|90|94,2020|2021|2022|2023|2024|2025|2026,0,0,미확보,미확보,,미확보 또는 해당 학교급 아님,해당 산출물 없음,해당 산출물 없음,no_records,,available,2026,available,2026,available,2026
B000003040,인천동암초등학교,초등학교,부평구,명칭상 불일치 없음,2026-03-20,기존 초등 분석,기존 초등 별도 기준,,해당 산출물 없음,해당 산출물 없음,해당 산출물 없음,,geocoded_observations_only,92,30,0|08|09|10|16|17|18|20|21|22|24|30|34|35|38|43|44|51|56|58|59|61|62|63|64|67|68|73|90|94,2020|2021|2022|2023|2024|2025|2026,0,0,미확보,미확보,,미확보 또는 해당 학교급 아님,해당 산출물 없음,해당 산출물 없음,no_records,,available,2026,available,2026,available,2026
B000003041,인천용마초등학교,초등학교,부평구,명칭상 불일치 없음,2026-03-20,기존 초등 분석,기존 초등 별도 기준,,해당 산출물 없음,해당 산출물 없음,해당 산출물 없음,,geocoded_observations_only,92,30,0|08|09|10|16|17|18|20|21|22|24|30|34|35|38|43|44|51|56|58|59|61|62|63|64|67|68|73|90|94,2020|2021|2022|2023|2024|2025|2026,0,0,미확보,미확보,,미확보 또는 해당 학교급 아님,해당 산출물 없음,해당 산출물 없음,no_records,,available,2026,available,2026,available,2026
B000003042,인천마장초등학교,초등학교,부평구,명칭상 불일치 없음,2026-03-20,기존 초등 분석,기존 초등 별도 기준,,해당 산출물 없음,해당 산출물 없음,해당 산출물 없음,,geocoded_observations_only,92,30,0|08|09|10|16|17|18|20|21|22|24|30|34|35|38|43|44|51|56|58|59|61|62|63|64|67|68|73|90|94,2020|2021|2022|2023|2024|2025|2026,0,0,미확보,미확보,,미확보 또는 해당 학교급 아님,해당 산출물 없음,해당 산출물 없음,no_records,,available,2026,available,2026,available,2026
B000003043,인천개흥초등학교,초등학교,부평구,명칭상 불일치 없음,2026-03-20,기존 초등 분석,기존 초등 별도 기준,,해당 산출물 없음,해당 산출물 없음,해당 산출물 없음,,geocoded_observations_only,90,30,0|08|09|10|16|17|18|20|21|22|24|30|34|35|38|43|44|51|56|58|59|61|62|63|64|67|68|73|90|94,2020|2021|2022|2023|2024|2025|2026,0,0,미확보,미확보,,미확보 또는 해당 학교급 아님,해당 산출물 없음,해당 산출물 없음,no_records,,available,2026,available,2026,available,2026
B000003044,인천삼산초등학교,초등학교,부평구,명칭상 불일치 없음,2026-03-20,기존 초등 분석,기존 초등 별도 기준,,해당 산출물 없음,해당 산출물 없음,해당 산출물 없음,,geocoded_observations_only,90,30,0|08|09|10|16|17|18|20|21|22|24|30|34|35|38|43|44|51|56|58|59|61|62|63|64|67|68|73|90|94,2020|2021|2022|2023|2024|2025|2026,0,0,미확보,미확보,,미확보 또는 해당 학교급 아님,해당 산출물 없음,해당 산출물 없음,no_records,,available,2026,available,2026,available,2026
B000003045,인천한길초등학교,초등학교,부평구,명칭상 불일치 없음,2026-03-20,기존 초등 분석,기존 초등 별도 기준,,해당 산출물 없음,해당 산출물 없음,해당 산출물 없음,,geocoded_observations_only,94,30,0|08|09|10|16|17|18|20|21|22|24|30|34|35|38|43|44|51|56|58|59|61|62|63|64|67|68|73|90|94,2020|2021|2022|2023|2024|2025|2026,0,0,미확보,미확보,,미확보 또는 해당 학교급 아님,해당 산출물 없음,해당 산출물 없음,no_records,,available,2026,available,2026,available,2026
B000003046,인천굴포초등학교,초등학교,부평구,명칭상 불일치 없음,2026-03-20,기존 초등 분석,기존 초등 별도 기준,,해당 산출물 없음,해당 산출물 없음,해당 산출물 없음,,geocoded_observations_only,90,30,0|08|09|10|16|17|18|20|21|22|24|30|34|35|38|43|44|51|56|58|59|61|62|63|64|67|68|73|90|94,2020|2021|2022|2023|2024|2025|2026,0,0,미확보,미확보,,미확보 또는 해당 학교급 아님,해당 산출물 없음,해당 산출물 없음,no_records,,available,2026,available,2026,available,2026
B000003047,한일초등학교,초등학교,부평구,명칭상 불일치 없음,2026-03-20,기존 초등 분석,기존 초등 별도 기준,,해당 산출물 없음,해당 산출물 없음,해당 산출물 없음,,geocoded_observations_only,92,30,0|08|09|10|16|17|18|20|21|22|24|30|34|35|38|43|44|51|56|58|59|61|62|63|64|67|68|73|90|94,2020|2021|2022|2023|2024|2025|2026,0,0,미확보,미확보,,미확보 또는 해당 학교급 아님,해당 산출물 없음,해당 산출물 없음,no_records,,available,2026,available,2026,available,2026
B000003048,인천명선초등학교,초등학교,연수구,명칭상 불일치 없음,2026-03-20,기존 초등 분석,기존 초등 별도 기준,,해당 산출물 없음,해당 산출물 없음,해당 산출물 없음,,geocoded_observations_only,90,30,0|08|09|10|16|17|18|20|21|22|24|30|34|35|38|43|44|51|56|58|59|61|62|63|64|67|68|73|90|94,2020|2021|2022|2023|2024|2025|2026,0,2,미확보,미확보,,미확보 또는 해당 학교급 아님,해당 산출물 없음,해당 산출물 없음,no_records,,available,2026,available,2026,available,2026
B000003049,인천축현초등학교,초등학교,연수구,명칭상 불일치 없음,2026-03-20,기존 초등 분석,기존 초등 별도 기준,,해당 산출물 없음,해당 산출물 없음,해당 산출물 없음,,geocoded_observations_only,90,30,0|08|09|10|16|17|18|20|21|22|24|30|34|35|38|43|44|51|56|58|59|61|62|63|64|67|68|73|90|94,2020|2021|2022|2023|2024|2025|2026,0,0,미확보,미확보,,미확보 또는 해당 학교급 아님,해당 산출물 없음,해당 산출물 없음,no_records,,available,2026,available,2026,available,2026
B000003050,인천송도초등학교,초등학교,연수구,명칭상 불일치 없음,2026-03-20,기존 초등 분석,기존 초등 별도 기준,,해당 산출물 없음,해당 산출물 없음,해당 산출물 없음,,geocoded_observations_only,90,30,0|08|09|10|16|17|18|20|21|22|24|30|34|35|38|43|44|51|56|58|59|61|62|63|64|67|68|73|90|94,2020|2021|2022|2023|2024|2025|2026,0,0,미확보,미확보,,미확보 또는 해당 학교급 아님,해당 산출물 없음,해당 산출물 없음,no_records,,available,2026,available,2026,available,2026
B000003051,인천능허대초등학교,초등학교,연수구,명칭상 불일치 없음,2026-03-20,기존 초등 분석,기존 초등 별도 기준,,해당 산출물 없음,해당 산출물 없음,해당 산출물 없음,,geocoded_observations_only,90,30,0|08|09|10|16|17|18|20|21|22|24|30|34|35|38|43|44|51|56|58|59|61|62|63|64|67|68|73|90|94,2020|2021|2022|2023|2024|2025|2026,0,0,미확보,미확보,,미확보 또는 해당 학교급 아님,해당 산출물 없음,해당 산출물 없음,no_records,,available,2026,available,2026,available,2026
B000003052,인천선학초등학교,초등학교,연수구,명칭상 불일치 없음,2026-03-20,기존 초등 분석,기존 초등 별도 기준,,해당 산출물 없음,해당 산출물 없음,해당 산출물 없음,,geocoded_observations_only,90,30,0|08|09|10|16|17|18|20|21|22|24|30|34|35|38|43|44|51|56|58|59|61|62|63|64|67|68|73|90|94,2020|2021|2022|2023|2024|2025|2026,0,0,미확보,미확보,,미확보 또는 해당 학교급 아님,해당 산출물 없음,해당 산출물 없음,no_records,,available,2026,available,2026,available,2026
B000003053,인천중앙초등학교,초등학교,연수구,명칭상 불일치 없음,2026-03-20,기존 초등 분석,기존 초등 별도 기준,,해당 산출물 없음,해당 산출물 없음,해당 산출물 없음,,geocoded_observations_only,92,30,0|08|09|10|16|17|18|20|21|22|24|30|34|35|38|43|44|51|56|58|59|61|62|63|64|67|68|73|90|94,2020|2021|2022|2023|2024|2025|2026,0,0,미확보,미확보,,미확보 또는 해당 학교급 아님,해당 산출물 없음,해당 산출물 없음,no_records,,available,2026,available,2026,available,2026
B000003054,인천연화초등학교,초등학교,연수구,명칭상 불일치 없음,2026-03-20,기존 초등 분석,기존 초등 별도 기준,,해당 산출물 없음,해당 산출물 없음,해당 산출물 없음,,geocoded_observations_only,92,30,0|08|09|10|16|17|18|20|21|22|24|30|34|35|38|43|44|51|56|58|59|61|62|63|64|67|68|73|90|94,2020|2021|2022|2023|2024|2025|2026,0,0,미확보,미확보,,미확보 또는 해당 학교급 아님,해당 산출물 없음,해당 산출물 없음,no_records,,available,2026,available,2026,available,2026
B000003055,인천함박초등학교,초등학교,연수구,명칭상 불일치 없음,2026-03-20,기존 초등 분석,기존 초등 별도 기준,,해당 산출물 없음,해당 산출물 없음,해당 산출물 없음,,geocoded_observations_only,92,30,0|08|09|10|16|17|18|20|21|22|24|30|34|35|38|43|44|51|56|58|59|61|62|63|64|67|68|73|90|94,2020|2021|2022|2023|2024|2025|2026,0,0,미확보,미확보,,미확보 또는 해당 학교급 아님,해당 산출물 없음,해당 산출물 없음,no_records,,available,2026,available,2026,available,2026
B000003056,인천청학초등학교,초등학교,연수구,명칭상 불일치 없음,2026-03-20,기존 초등 분석,기존 초등 별도 기준,,해당 산출물 없음,해당 산출물 없음,해당 산출물 없음,,geocoded_observations_only,90,30,0|08|09|10|16|17|18|20|21|22|24|30|34|35|38|43|44|51|56|58|59|61|62|63|64|67|68|73|90|94,2020|2021|2022|2023|2024|2025|2026,0,0,미확보,미확보,,미확보 또는 해당 학교급 아님,해당 산출물 없음,해당 산출물 없음,no_records,,available,2026,available,2026,available,2026
B000003057,인천청량초등학교,초등학교,연수구,명칭상 불일치 없음,2026-03-20,기존 초등 분석,기존 초등 별도 기준,,해당 산출물 없음,해당 산출물 없음,해당 산출물 없음,,geocoded_observations_only,90,30,0|08|09|10|16|17|18|20|21|22|24|30|34|35|38|43|44|51|56|58|59|61|62|63|64|67|68|73|90|94,2020|2021|2022|2023|2024|2025|2026,0,0,미확보,미확보,,미확보 또는 해당 학교급 아님,해당 산출물 없음,해당 산출물 없음,no_records,,available,2026,available,2026,available,2026
B000003058,인천연성초등학교,초등학교,연수구,명칭상 불일치 없음,2026-03-20,기존 초등 분석,기존 초등 별도 기준,,해당 산출물 없음,해당 산출물 없음,해당 산출물 없음,,geocoded_observations_only,90,30,0|08|09|10|16|17|18|20|21|22|24|30|34|35|38|43|44|51|56|58|59|61|62|63|64|67|68|73|90|94,2020|2021|2022|2023|2024|2025|2026,0,0,미확보,미확보,,미확보 또는 해당 학교급 아님,해당 산출물 없음,해당 산출물 없음,no_records,,available,2026,available,2026,available,2026
B000003059,인천동춘초등학교,초등학교,연수구,명칭상 불일치 없음,2026-03-20,기존 초등 분석,기존 초등 별도 기준,,해당 산출물 없음,해당 산출물 없음,해당 산출물 없음,,geocoded_observations_only,90,30,0|08|09|10|16|17|18|20|21|22|24|30|34|35|38|43|44|51|56|58|59|61|62|63|64|67|68|73|90|94,2020|2021|2022|2023|2024|2025|2026,0,0,미확보,미확보,,미확보 또는 해당 학교급 아님,해당 산출물 없음,해당 산출물 없음,no_records,,available,2026,available,2026,available,2026
B000003060,인천동막초등학교,초등학교,연수구,명칭상 불일치 없음,2026-03-20,기존 초등 분석,기존 초등 별도 기준,,해당 산출물 없음,해당 산출물 없음,해당 산출물 없음,,geocoded_observations_only,90,30,0|08|09|10|16|17|18|20|21|22|24|30|34|35|38|43|44|51|56|58|59|61|62|63|64|67|68|73|90|94,2020|2021|2022|2023|2024|2025|2026,0,0,미확보,미확보,,미확보 또는 해당 학교급 아님,해당 산출물 없음,해당 산출물 없음,no_records,,available,2026,available,2026,available,2026
B000003061,인천서면초등학교,초등학교,연수구,명칭상 불일치 없음,2026-03-20,기존 초등 분석,기존 초등 별도 기준,,해당 산출물 없음,해당 산출물 없음,해당 산출물 없음,,geocoded_observations_only,90,30,0|08|09|10|16|17|18|20|21|22|24|30|34|35|38|43|44|51|56|58|59|61|62|63|64|67|68|73|90|94,2020|2021|2022|2023|2024|2025|2026,0,0,미확보,미확보,,미확보 또는 해당 학교급 아님,해당 산출물 없음,해당 산출물 없음,no_records,,available,2026,available,2026,available,2026
B000003062,인천연수초등학교,초등학교,연수구,명칭상 불일치 없음,2026-03-20,기존 초등 분석,기존 초등 별도 기준,,해당 산출물 없음,해당 산출물 없음,해당 산출물 없음,,geocoded_observations_only,92,30,0|08|09|10|16|17|18|20|21|22|24|30|34|35|38|43|44|51|56|58|59|61|62|63|64|67|68|73|90|94,2020|2021|2022|2023|2024|2025|2026,0,0,미확보,미확보,,미확보 또는 해당 학교급 아님,해당 산출물 없음,해당 산출물 없음,no_records,,available,2026,available,2026,available,2026
B000003063,인천문남초등학교,초등학교,연수구,명칭상 불일치 없음,2026-03-20,기존 초등 분석,기존 초등 별도 기준,,해당 산출물 없음,해당 산출물 없음,해당 산출물 없음,,geocoded_observations_only,92,30,0|08|09|10|16|17|18|20|21|22|24|30|34|35|38|43|44|51|56|58|59|61|62|63|64|67|68|73|90|94,2020|2021|2022|2023|2024|2025|2026,0,0,미확보,미확보,,미확보 또는 해당 학교급 아님,해당 산출물 없음,해당 산출물 없음,no_records,,available,2026,available,2026,available,2026
B000003064,인천옥련초등학교,초등학교,연수구,명칭상 불일치 없음,2026-03-20,기존 초등 분석,기존 초등 별도 기준,,해당 산출물 없음,해당 산출물 없음,해당 산출물 없음,,geocoded_observations_only,90,30,0|08|09|10|16|17|18|20|21|22|24|30|34|35|38|43|44|51|56|58|59|61|62|63|64|67|68|73|90|94,2020|2021|2022|2023|2024|2025|2026,0,0,미확보,미확보,,미확보 또는 해당 학교급 아님,해당 산출물 없음,해당 산출물 없음,no_records,,available,2026,available,2026,available,2026
B000003065,인천신정초등학교,초등학교,연수구,명칭상 불일치 없음,2026-03-20,기존 초등 분석,기존 초등 별도 기준,,해당 산출물 없음,해당 산출물 없음,해당 산출물 없음,,geocoded_observations_only,92,30,0|08|09|10|16|17|18|20|21|22|24|30|34|35|38|43|44|51|56|58|59|61|62|63|64|67|68|73|90|94,2020|2021|2022|2023|2024|2025|2026,0,3,미확보,미확보,,미확보 또는 해당 학교급 아님,해당 산출물 없음,해당 산출물 없음,no_records,,available,2026,available,2026,available,2026
B000003066,인천해송초등학교,초등학교,연수구,명칭상 불일치 없음,2026-03-20,기존 초등 분석,기존 초등 별도 기준,,해당 산출물 없음,해당 산출물 없음,해당 산출물 없음,,geocoded_observations_only,92,30,0|08|09|10|16|17|18|20|21|22|24|30|34|35|38|43|44|51|56|58|59|61|62|63|64|67|68|73|90|94,2020|2021|2022|2023|2024|2025|2026,0,0,미확보,미확보,,미확보 또는 해당 학교급 아님,해당 산출물 없음,해당 산출물 없음,no_records,,available,2026,available,2026,available,2026
B000003067,인천신송초등학교,초등학교,연수구,명칭상 불일치 없음,2026-03-20,기존 초등 분석,기존 초등 별도 기준,,해당 산출물 없음,해당 산출물 없음,해당 산출물 없음,,geocoded_observations_only,94,30,0|08|09|10|16|17|18|20|21|22|24|30|34|35|38|43|44|51|56|58|59|61|62|63|64|67|68|73|90|94,2020|2021|2022|2023|2024|2025|2026,0,0,미확보,미확보,,미확보 또는 해당 학교급 아님,해당 산출물 없음,해당 산출물 없음,no_records,,available,2026,available,2026,available,2026
B000003068,인천먼우금초등학교,초등학교,연수구,명칭상 불일치 없음,2026-03-20,기존 초등 분석,기존 초등 별도 기준,,해당 산출물 없음,해당 산출물 없음,해당 산출물 없음,,geocoded_observations_only,92,30,0|08|09|10|16|17|18|20|21|22|24|30|34|35|38|43|44|51|56|58|59|61|62|63|64|67|68|73|90|94,2020|2021|2022|2023|2024|2025|2026,0,2,미확보,미확보,,미확보 또는 해당 학교급 아님,해당 산출물 없음,해당 산출물 없음,no_records,,available,2026,available,2026,available,2026
B000003069,인천박문초등학교,초등학교,연수구,명칭상 불일치 없음,2026-03-20,기존 초등 분석,기존 초등 별도 기준,,해당 산출물 없음,해당 산출물 없음,해당 산출물 없음,,geocoded_observations_only,90,30,0|08|09|10|16|17|18|20|21|22|24|30|34|35|38|43|44|51|56|58|59|61|62|63|64|67|68|73|90|94,2020|2021|2022|2023|2024|2025|2026,0,0,미확보,미확보,,미확보 또는 해당 학교급 아님,해당 산출물 없음,해당 산출물 없음,no_records,,available,2026,available,2026,available,2026
B000003070,인천남촌초등학교,초등학교,남동구,명칭상 불일치 없음,2026-03-20,기존 초등 분석,기존 초등 별도 기준,,해당 산출물 없음,해당 산출물 없음,해당 산출물 없음,,geocoded_observations_only,90,30,0|08|09|10|16|17|18|20|21|22|24|30|34|35|38|43|44|51|56|58|59|61|62|63|64|67|68|73|90|94,2020|2021|2022|2023|2024|2025|2026,0,0,미확보,미확보,,미확보 또는 해당 학교급 아님,해당 산출물 없음,해당 산출물 없음,no_records,,available,2026,available,2026,available,2026
B000003071,인천성리초등학교,초등학교,남동구,명칭상 불일치 없음,2026-03-20,기존 초등 분석,기존 초등 별도 기준,,해당 산출물 없음,해당 산출물 없음,해당 산출물 없음,,geocoded_observations_only,90,30,0|08|09|10|16|17|18|20|21|22|24|30|34|35|38|43|44|51|56|58|59|61|62|63|64|67|68|73|90|94,2020|2021|2022|2023|2024|2025|2026,0,0,미확보,미확보,,미확보 또는 해당 학교급 아님,해당 산출물 없음,해당 산출물 없음,no_records,,available,2026,available,2026,available,2026
B000003073,인천정각초등학교,초등학교,남동구,명칭상 불일치 없음,2026-03-20,기존 초등 분석,기존 초등 별도 기준,,해당 산출물 없음,해당 산출물 없음,해당 산출물 없음,,geocoded_observations_only,92,30,0|08|09|10|16|17|18|20|21|22|24|30|34|35|38|43|44|51|56|58|59|61|62|63|64|67|68|73|90|94,2020|2021|2022|2023|2024|2025|2026,0,0,미확보,미확보,,미확보 또는 해당 학교급 아님,해당 산출물 없음,해당 산출물 없음,no_records,,available,2026,available,2026,available,2026
B000003074,인천간석초등학교,초등학교,남동구,명칭상 불일치 없음,2026-03-20,기존 초등 분석,기존 초등 별도 기준,,해당 산출물 없음,해당 산출물 없음,해당 산출물 없음,,geocoded_observations_only,90,30,0|08|09|10|16|17|18|20|21|22|24|30|34|35|38|43|44|51|56|58|59|61|62|63|64|67|68|73|90|94,2020|2021|2022|2023|2024|2025|2026,0,0,미확보,미확보,,미확보 또는 해당 학교급 아님,해당 산출물 없음,해당 산출물 없음,no_records,,available,2026,available,2026,available,2026
B000003075,인천구월서초등학교,초등학교,남동구,명칭상 불일치 없음,2026-03-20,기존 초등 분석,기존 초등 별도 기준,,해당 산출물 없음,해당 산출물 없음,해당 산출물 없음,,geocoded_observations_only,92,30,0|08|09|10|16|17|18|20|21|22|24|30|34|35|38|43|44|51|56|58|59|61|62|63|64|67|68|73|90|94,2020|2021|2022|2023|2024|2025|2026,0,0,미확보,미확보,,미확보 또는 해당 학교급 아님,해당 산출물 없음,해당 산출물 없음,no_records,,available,2026,available,2026,available,2026
B000003076,인천상아초등학교,초등학교,남동구,명칭상 불일치 없음,2026-03-20,기존 초등 분석,기존 초등 별도 기준,,해당 산출물 없음,해당 산출물 없음,해당 산출물 없음,,geocoded_observations_only,90,30,0|08|09|10|16|17|18|20|21|22|24|30|34|35|38|43|44|51|56|58|59|61|62|63|64|67|68|73|90|94,2020|2021|2022|2023|2024|2025|2026,0,0,미확보,미확보,,미확보 또는 해당 학교급 아님,해당 산출물 없음,해당 산출물 없음,no_records,,available,2026,available,2026,available,2026
B000003077,상인천초등학교,초등학교,남동구,명칭상 불일치 없음,2026-03-20,기존 초등 분석,기존 초등 별도 기준,,해당 산출물 없음,해당 산출물 없음,해당 산출물 없음,,geocoded_observations_only,90,30,0|08|09|10|16|17|18|20|21|22|24|30|34|35|38|43|44|51|56|58|59|61|62|63|64|67|68|73|90|94,2020|2021|2022|2023|2024|2025|2026,0,0,미확보,미확보,,미확보 또는 해당 학교급 아님,해당 산출물 없음,해당 산출물 없음,no_records,,available,2026,available,2026,available,2026
B000003078,인천석정초등학교,초등학교,남동구,명칭상 불일치 없음,2026-03-20,기존 초등 분석,기존 초등 별도 기준,,해당 산출물 없음,해당 산출물 없음,해당 산출물 없음,,geocoded_observations_only,91,30,0|08|09|10|16|17|18|20|21|22|24|30|34|35|38|43|44|51|56|58|59|61|62|63|64|67|68|73|90|94,2020|2021|2022|2023|2024|2025|2026,0,0,미확보,미확보,,미확보 또는 해당 학교급 아님,해당 산출물 없음,해당 산출물 없음,no_records,,available,2026,available,2026,available,2026
B000003079,인천만수북초등학교,초등학교,남동구,명칭상 불일치 없음,2026-03-20,기존 초등 분석,기존 초등 별도 기준,,해당 산출물 없음,해당 산출물 없음,해당 산출물 없음,,geocoded_observations_only,92,30,0|08|09|10|16|17|18|20|21|22|24|30|34|35|38|43|44|51|56|58|59|61|62|63|64|67|68|73|90|94,2020|2021|2022|2023|2024|2025|2026,0,0,미확보,미확보,,미확보 또는 해당 학교급 아님,해당 산출물 없음,해당 산출물 없음,no_records,,available,2026,available,2026,available,2026
B000003080,인천동부초등학교,초등학교,남동구,명칭상 불일치 없음,2026-03-20,기존 초등 분석,기존 초등 별도 기준,,해당 산출물 없음,해당 산출물 없음,해당 산출물 없음,,geocoded_observations_only,92,30,0|08|09|10|16|17|18|20|21|22|24|30|34|35|38|43|44|51|56|58|59|61|62|63|64|67|68|73|90|94,2020|2021|2022|2023|2024|2025|2026,0,0,미확보,미확보,,미확보 또는 해당 학교급 아님,해당 산출물 없음,해당 산출물 없음,no_records,,available,2026,available,2026,available,2026
B000003081,인천인수초등학교,초등학교,남동구,명칭상 불일치 없음,2026-03-20,기존 초등 분석,기존 초등 별도 기준,,해당 산출물 없음,해당 산출물 없음,해당 산출물 없음,,geocoded_observations_only,92,30,0|08|09|10|16|17|18|20|21|22|24|30|34|35|38|43|44|51|56|58|59|61|62|63|64|67|68|73|90|94,2020|2021|2022|2023|2024|2025|2026,0,0,미확보,미확보,,미확보 또는 해당 학교급 아님,해당 산출물 없음,해당 산출물 없음,no_records,,available,2026,available,2026,available,2026
B000003082,인천만수초등학교,초등학교,남동구,명칭상 불일치 없음,2026-03-20,기존 초등 분석,기존 초등 별도 기준,,해당 산출물 없음,해당 산출물 없음,해당 산출물 없음,,geocoded_observations_only,92,30,0|08|09|10|16|17|18|20|21|22|24|30|34|35|38|43|44|51|56|58|59|61|62|63|64|67|68|73|90|94,2020|2021|2022|2023|2024|2025|2026,0,0,미확보,미확보,,미확보 또는 해당 학교급 아님,해당 산출물 없음,해당 산출물 없음,no_records,,available,2026,available,2026,available,2026
B000003083,인천도림초등학교,초등학교,남동구,명칭상 불일치 없음,2026-03-20,기존 초등 분석,기존 초등 별도 기준,,해당 산출물 없음,해당 산출물 없음,해당 산출물 없음,,geocoded_observations_only,92,30,0|08|09|10|16|17|18|20|21|22|24|30|34|35|38|43|44|51|56|58|59|61|62|63|64|67|68|73|90|94,2020|2021|2022|2023|2024|2025|2026,0,0,미확보,미확보,,미확보 또는 해당 학교급 아님,해당 산출물 없음,해당 산출물 없음,no_records,,available,2026,available,2026,available,2026
B000003084,인천은봉초등학교,초등학교,남동구,명칭상 불일치 없음,2026-03-20,기존 초등 분석,기존 초등 별도 기준,,해당 산출물 없음,해당 산출물 없음,해당 산출물 없음,,geocoded_observations_only,92,30,0|08|09|10|16|17|18|20|21|22|24|30|34|35|38|43|44|51|56|58|59|61|62|63|64|67|68|73|90|94,2020|2021|2022|2023|2024|2025|2026,0,0,미확보,미확보,,미확보 또는 해당 학교급 아님,해당 산출물 없음,해당 산출물 없음,no_records,,available,2026,available,2026,available,2026
B000003085,인천장도초등학교,초등학교,남동구,명칭상 불일치 없음,2026-03-20,기존 초등 분석,기존 초등 별도 기준,,해당 산출물 없음,해당 산출물 없음,해당 산출물 없음,,geocoded_observations_only,92,30,0|08|09|10|16|17|18|20|21|22|24|30|34|35|38|43|44|51|56|58|59|61|62|63|64|67|68|73|90|94,2020|2021|2022|2023|2024|2025|2026,0,0,미확보,미확보,,미확보 또는 해당 학교급 아님,해당 산출물 없음,해당 산출물 없음,no_records,,available,2026,available,2026,available,2026
B000003086,인천동방초등학교,초등학교,남동구,명칭상 불일치 없음,2026-03-20,기존 초등 분석,기존 초등 별도 기준,,해당 산출물 없음,해당 산출물 없음,해당 산출물 없음,,geocoded_observations_only,92,30,0|08|09|10|16|17|18|20|21|22|24|30|34|35|38|43|44|51|56|58|59|61|62|63|64|67|68|73|90|94,2020|2021|2022|2023|2024|2025|2026,0,0,미확보,미확보,,미확보 또는 해당 학교급 아님,해당 산출물 없음,해당 산출물 없음,no_records,,available,2026,available,2026,available,2026
B000003087,인천원동초등학교,초등학교,남동구,명칭상 불일치 없음,2026-03-20,기존 초등 분석,기존 초등 별도 기준,,해당 산출물 없음,해당 산출물 없음,해당 산출물 없음,,geocoded_observations_only,90,30,0|08|09|10|16|17|18|20|21|22|24|30|34|35|38|43|44|51|56|58|59|61|62|63|64|67|68|73|90|94,2020|2021|2022|2023|2024|2025|2026,0,0,미확보,미확보,,미확보 또는 해당 학교급 아님,해당 산출물 없음,해당 산출물 없음,no_records,,available,2026,available,2026,available,2026
B000003088,인천사리울초등학교,초등학교,남동구,명칭상 불일치 없음,2026-03-20,기존 초등 분석,기존 초등 별도 기준,,해당 산출물 없음,해당 산출물 없음,해당 산출물 없음,,geocoded_observations_only,92,30,0|08|09|10|16|17|18|20|21|22|24|30|34|35|38|43|44|51|56|58|59|61|62|63|64|67|68|73|90|94,2020|2021|2022|2023|2024|2025|2026,0,0,미확보,미확보,,미확보 또는 해당 학교급 아님,해당 산출물 없음,해당 산출물 없음,no_records,,available,2026,available,2026,available,2026
B000003089,인천고잔초등학교,초등학교,남동구,명칭상 불일치 없음,2026-03-20,기존 초등 분석,기존 초등 별도 기준,,해당 산출물 없음,해당 산출물 없음,해당 산출물 없음,,geocoded_observations_only,92,30,0|08|09|10|16|17|18|20|21|22|24|30|34|35|38|43|44|51|56|58|59|61|62|63|64|67|68|73|90|94,2020|2021|2022|2023|2024|2025|2026,0,0,미확보,미확보,,미확보 또는 해당 학교급 아님,해당 산출물 없음,해당 산출물 없음,no_records,,available,2026,available,2026,available,2026
B000003090,인천약산초등학교,초등학교,남동구,명칭상 불일치 없음,2026-03-20,기존 초등 분석,기존 초등 별도 기준,,해당 산출물 없음,해당 산출물 없음,해당 산출물 없음,,geocoded_observations_only,94,30,0|08|09|10|16|17|18|20|21|22|24|30|34|35|38|43|44|51|56|58|59|61|62|63|64|67|68|73|90|94,2020|2021|2022|2023|2024|2025|2026,0,0,미확보,미확보,,미확보 또는 해당 학교급 아님,해당 산출물 없음,해당 산출물 없음,no_records,,available,2026,available,2026,available,2026
B000003091,인천주원초등학교,초등학교,남동구,명칭상 불일치 없음,2026-03-20,기존 초등 분석,기존 초등 별도 기준,,해당 산출물 없음,해당 산출물 없음,해당 산출물 없음,,geocoded_observations_only,92,30,0|08|09|10|16|17|18|20|21|22|24|30|34|35|38|43|44|51|56|58|59|61|62|63|64|67|68|73|90|94,2020|2021|2022|2023|2024|2025|2026,0,0,미확보,미확보,,미확보 또는 해당 학교급 아님,해당 산출물 없음,해당 산출물 없음,no_records,,available,2026,available,2026,available,2026
B000003092,인천송천초등학교,초등학교,남동구,명칭상 불일치 없음,2026-03-20,기존 초등 분석,기존 초등 별도 기준,,해당 산출물 없음,해당 산출물 없음,해당 산출물 없음,,geocoded_observations_only,94,30,0|08|09|10|16|17|18|20|21|22|24|30|34|35|38|43|44|51|56|58|59|61|62|63|64|67|68|73|90|94,2020|2021|2022|2023|2024|2025|2026,0,0,미확보,미확보,,미확보 또는 해당 학교급 아님,해당 산출물 없음,해당 산출물 없음,no_records,,available,2026,available,2026,available,2026
B000003093,인천석천초등학교,초등학교,남동구,명칭상 불일치 없음,2026-03-20,기존 초등 분석,기존 초등 별도 기준,,해당 산출물 없음,해당 산출물 없음,해당 산출물 없음,,geocoded_observations_only,90,30,0|08|09|10|16|17|18|20|21|22|24|30|34|35|38|43|44|51|56|58|59|61|62|63|64|67|68|73|90|94,2020|2021|2022|2023|2024|2025|2026,0,0,미확보,미확보,,미확보 또는 해당 학교급 아님,해당 산출물 없음,해당 산출물 없음,no_records,,available,2026,available,2026,available,2026
B000003094,인천신월초등학교,초등학교,남동구,명칭상 불일치 없음,2026-03-20,기존 초등 분석,기존 초등 별도 기준,,해당 산출물 없음,해당 산출물 없음,해당 산출물 없음,,geocoded_observations_only,90,30,0|08|09|10|16|17|18|20|21|22|24|30|34|35|38|43|44|51|56|58|59|61|62|63|64|67|68|73|90|94,2020|2021|2022|2023|2024|2025|2026,0,0,미확보,미확보,,미확보 또는 해당 학교급 아님,해당 산출물 없음,해당 산출물 없음,no_records,,available,2026,available,2026,available,2026
B000003095,인천구월초등학교,초등학교,남동구,명칭상 불일치 없음,2026-03-20,기존 초등 분석,기존 초등 별도 기준,,해당 산출물 없음,해당 산출물 없음,해당 산출물 없음,,geocoded_observations_only,90,30,0|08|09|10|16|17|18|20|21|22|24|30|34|35|38|43|44|51|56|58|59|61|62|63|64|67|68|73|90|94,2020|2021|2022|2023|2024|2025|2026,0,0,미확보,미확보,,미확보 또는 해당 학교급 아님,해당 산출물 없음,해당 산출물 없음,no_records,,available,2026,available,2026,available,2026
B000003096,인천소래초등학교,초등학교,남동구,명칭상 불일치 없음,2026-03-20,기존 초등 분석,기존 초등 별도 기준,,해당 산출물 없음,해당 산출물 없음,해당 산출물 없음,,geocoded_observations_only,90,30,0|08|09|10|16|17|18|20|21|22|24|30|34|35|38|43|44|51|56|58|59|61|62|63|64|67|68|73|90|94,2020|2021|2022|2023|2024|2025|2026,0,0,미확보,미확보,,미확보 또는 해당 학교급 아님,해당 산출물 없음,해당 산출물 없음,no_records,,available,2026,available,2026,available,2026
B000003097,인천논현초등학교,초등학교,남동구,명칭상 불일치 없음,2026-03-20,기존 초등 분석,기존 초등 별도 기준,,해당 산출물 없음,해당 산출물 없음,해당 산출물 없음,,geocoded_observations_only,92,30,0|08|09|10|16|17|18|20|21|22|24|30|34|35|38|43|44|51|56|58|59|61|62|63|64|67|68|73|90|94,2020|2021|2022|2023|2024|2025|2026,0,0,미확보,미확보,,미확보 또는 해당 학교급 아님,해당 산출물 없음,해당 산출물 없음,no_records,,available,2026,available,2026,available,2026
B000003098,인천논곡초등학교,초등학교,남동구,명칭상 불일치 없음,2026-03-20,기존 초등 분석,기존 초등 별도 기준,,해당 산출물 없음,해당 산출물 없음,해당 산출물 없음,,geocoded_observations_only,90,30,0|08|09|10|16|17|18|20|21|22|24|30|34|35|38|43|44|51|56|58|59|61|62|63|64|67|68|73|90|94,2020|2021|2022|2023|2024|2025|2026,0,0,미확보,미확보,,미확보 또는 해당 학교급 아님,해당 산출물 없음,해당 산출물 없음,no_records,,available,2026,available,2026,available,2026
B000003099,인천새말초등학교,초등학교,남동구,명칭상 불일치 없음,2026-03-20,기존 초등 분석,기존 초등 별도 기준,,해당 산출물 없음,해당 산출물 없음,해당 산출물 없음,,geocoded_observations_only,96,30,0|08|09|10|16|17|18|20|21|22|24|30|34|35|38|43|44|51|56|58|59|61|62|63|64|67|68|73|90|94,2020|2021|2022|2023|2024|2025|2026,0,0,미확보,미확보,,미확보 또는 해당 학교급 아님,해당 산출물 없음,해당 산출물 없음,no_records,,available,2026,available,2026,available,2026
B000003100,인천조동초등학교,초등학교,남동구,명칭상 불일치 없음,2026-03-20,기존 초등 분석,기존 초등 별도 기준,,해당 산출물 없음,해당 산출물 없음,해당 산출물 없음,,geocoded_observations_only,92,30,0|08|09|10|16|17|18|20|21|22|24|30|34|35|38|43|44|51|56|58|59|61|62|63|64|67|68|73|90|94,2020|2021|2022|2023|2024|2025|2026,0,0,미확보,미확보,,미확보 또는 해당 학교급 아님,해당 산출물 없음,해당 산출물 없음,no_records,,available,2026,available,2026,available,2026
B000003101,인천인동초등학교,초등학교,남동구,명칭상 불일치 없음,2026-03-20,기존 초등 분석,기존 초등 별도 기준,,해당 산출물 없음,해당 산출물 없음,해당 산출물 없음,,geocoded_observations_only,90,30,0|08|09|10|16|17|18|20|21|22|24|30|34|35|38|43|44|51|56|58|59|61|62|63|64|67|68|73|90|94,2020|2021|2022|2023|2024|2025|2026,0,0,미확보,미확보,,미확보 또는 해당 학교급 아님,해당 산출물 없음,해당 산출물 없음,no_records,,available,2026,available,2026,available,2026
B000003102,인천장수초등학교,초등학교,남동구,명칭상 불일치 없음,2026-03-20,기존 초등 분석,기존 초등 별도 기준,,해당 산출물 없음,해당 산출물 없음,해당 산출물 없음,,geocoded_observations_only,92,30,0|08|09|10|16|17|18|20|21|22|24|30|34|35|38|43|44|51|56|58|59|61|62|63|64|67|68|73|90|94,2020|2021|2022|2023|2024|2025|2026,0,0,미확보,미확보,,미확보 또는 해당 학교급 아님,해당 산출물 없음,해당 산출물 없음,no_records,,available,2026,available,2026,available,2026
B000003103,인천담방초등학교,초등학교,남동구,명칭상 불일치 없음,2026-03-20,기존 초등 분석,기존 초등 별도 기준,,해당 산출물 없음,해당 산출물 없음,해당 산출물 없음,,geocoded_observations_only,92,30,0|08|09|10|16|17|18|20|21|22|24|30|34|35|38|43|44|51|56|58|59|61|62|63|64|67|68|73|90|94,2020|2021|2022|2023|2024|2025|2026,0,0,미확보,미확보,,미확보 또는 해당 학교급 아님,해당 산출물 없음,해당 산출물 없음,no_records,,available,2026,available,2026,available,2026
B000003104,인천남동초등학교,초등학교,남동구,명칭상 불일치 없음,2026-03-20,기존 초등 분석,기존 초등 별도 기준,,해당 산출물 없음,해당 산출물 없음,해당 산출물 없음,,geocoded_observations_only,92,30,0|08|09|10|16|17|18|20|21|22|24|30|34|35|38|43|44|51|56|58|59|61|62|63|64|67|68|73|90|94,2020|2021|2022|2023|2024|2025|2026,0,0,미확보,미확보,,미확보 또는 해당 학교급 아님,해당 산출물 없음,해당 산출물 없음,no_records,,available,2026,available,2026,available,2026
B000003105,인천서창초등학교,초등학교,남동구,명칭상 불일치 없음,2026-03-20,기존 초등 분석,기존 초등 별도 기준,,해당 산출물 없음,해당 산출물 없음,해당 산출물 없음,,geocoded_observations_only,92,30,0|08|09|10|16|17|18|20|21|22|24|30|34|35|38|43|44|51|56|58|59|61|62|63|64|67|68|73|90|94,2020|2021|2022|2023|2024|2025|2026,0,1,미확보,미확보,,미확보 또는 해당 학교급 아님,해당 산출물 없음,해당 산출물 없음,no_records,,available,2026,available,2026,available,2026
B000003106,경인교육대학교부설초등학교,초등학교,계양구,명칭상 불일치 없음,2026-03-20,기존 초등 분석,기존 초등 별도 기준,,해당 산출물 없음,해당 산출물 없음,해당 산출물 없음,,geocoded_observations_only,92,30,0|08|09|10|16|17|18|20|21|22|24|30|34|35|38|43|44|51|56|58|59|61|62|63|64|67|68|73|90|94,2020|2021|2022|2023|2024|2025|2026,0,1,미확보,미확보,,미확보 또는 해당 학교급 아님,해당 산출물 없음,해당 산출물 없음,no_records,,available,2026,available,2026,available,2026
B000003107,인천효성동초등학교,초등학교,계양구,명칭상 불일치 없음,2026-03-20,기존 초등 분석,기존 초등 별도 기준,,해당 산출물 없음,해당 산출물 없음,해당 산출물 없음,,geocoded_observations_only,92,30,0|08|09|10|16|17|18|20|21|22|24|30|34|35|38|43|44|51|56|58|59|61|62|63|64|67|68|73|90|94,2020|2021|2022|2023|2024|2025|2026,0,0,미확보,미확보,,미확보 또는 해당 학교급 아님,해당 산출물 없음,해당 산출물 없음,no_records,,available,2026,available,2026,available,2026
B000003108,인천효성남초등학교,초등학교,계양구,명칭상 불일치 없음,2026-03-20,기존 초등 분석,기존 초등 별도 기준,,해당 산출물 없음,해당 산출물 없음,해당 산출물 없음,,geocoded_observations_only,92,30,0|08|09|10|16|17|18|20|21|22|24|30|34|35|38|43|44|51|56|58|59|61|62|63|64|67|68|73|90|94,2020|2021|2022|2023|2024|2025|2026,0,0,미확보,미확보,,미확보 또는 해당 학교급 아님,해당 산출물 없음,해당 산출물 없음,no_records,,available,2026,available,2026,available,2026
B000003109,인천효성초등학교,초등학교,계양구,명칭상 불일치 없음,2026-03-20,기존 초등 분석,기존 초등 별도 기준,,해당 산출물 없음,해당 산출물 없음,해당 산출물 없음,,geocoded_observations_only,90,30,0|08|09|10|16|17|18|20|21|22|24|30|34|35|38|43|44|51|56|58|59|61|62|63|64|67|68|73|90|94,2020|2021|2022|2023|2024|2025|2026,0,0,미확보,미확보,,미확보 또는 해당 학교급 아님,해당 산출물 없음,해당 산출물 없음,no_records,,available,2026,available,2026,available,2026
B000003110,인천해서초등학교,초등학교,계양구,명칭상 불일치 없음,2026-03-20,기존 초등 분석,기존 초등 별도 기준,,해당 산출물 없음,해당 산출물 없음,해당 산출물 없음,,geocoded_observations_only,90,30,0|08|09|10|16|17|18|20|21|22|24|30|34|35|38|43|44|51|56|58|59|61|62|63|64|67|68|73|90|94,2020|2021|2022|2023|2024|2025|2026,0,0,미확보,미확보,,미확보 또는 해당 학교급 아님,해당 산출물 없음,해당 산출물 없음,no_records,,available,2026,available,2026,available,2026
B000003111,인천안남초등학교,초등학교,계양구,명칭상 불일치 없음,2026-03-20,기존 초등 분석,기존 초등 별도 기준,,해당 산출물 없음,해당 산출물 없음,해당 산출물 없음,,geocoded_observations_only,94,30,0|08|09|10|16|17|18|20|21|22|24|30|34|35|38|43|44|51|56|58|59|61|62|63|64|67|68|73|90|94,2020|2021|2022|2023|2024|2025|2026,0,0,미확보,미확보,,미확보 또는 해당 학교급 아님,해당 산출물 없음,해당 산출물 없음,no_records,,available,2026,available,2026,available,2026
B000003112,인천성지초등학교,초등학교,계양구,명칭상 불일치 없음,2026-03-20,기존 초등 분석,기존 초등 별도 기준,,해당 산출물 없음,해당 산출물 없음,해당 산출물 없음,,geocoded_observations_only,94,30,0|08|09|10|16|17|18|20|21|22|24|30|34|35|38|43|44|51|56|58|59|61|62|63|64|67|68|73|90|94,2020|2021|2022|2023|2024|2025|2026,0,0,미확보,미확보,,미확보 또는 해당 학교급 아님,해당 산출물 없음,해당 산출물 없음,no_records,,available,2026,available,2026,available,2026
B000003113,인천화전초등학교,초등학교,계양구,명칭상 불일치 없음,2026-03-20,기존 초등 분석,기존 초등 별도 기준,,해당 산출물 없음,해당 산출물 없음,해당 산출물 없음,,geocoded_observations_only,90,30,0|08|09|10|16|17|18|20|21|22|24|30|34|35|38|43|44|51|56|58|59|61|62|63|64|67|68|73|90|94,2020|2021|2022|2023|2024|2025|2026,0,0,미확보,미확보,,미확보 또는 해당 학교급 아님,해당 산출물 없음,해당 산출물 없음,no_records,,available,2026,available,2026,available,2026
B000003114,인천서운초등학교,초등학교,계양구,명칭상 불일치 없음,2026-03-20,기존 초등 분석,기존 초등 별도 기준,,해당 산출물 없음,해당 산출물 없음,해당 산출물 없음,,geocoded_observations_only,92,30,0|08|09|10|16|17|18|20|21|22|24|30|34|35|38|43|44|51|56|58|59|61|62|63|64|67|68|73|90|94,2020|2021|2022|2023|2024|2025|2026,0,0,미확보,미확보,,미확보 또는 해당 학교급 아님,해당 산출물 없음,해당 산출물 없음,no_records,,available,2026,available,2026,available,2026
B000003115,인천신대초등학교,초등학교,계양구,명칭상 불일치 없음,2026-03-20,기존 초등 분석,기존 초등 별도 기준,,해당 산출물 없음,해당 산출물 없음,해당 산출물 없음,,geocoded_observations_only,90,30,0|08|09|10|16|17|18|20|21|22|24|30|34|35|38|43|44|51|56|58|59|61|62|63|64|67|68|73|90|94,2020|2021|2022|2023|2024|2025|2026,0,0,미확보,미확보,,미확보 또는 해당 학교급 아님,해당 산출물 없음,해당 산출물 없음,no_records,,available,2026,available,2026,available,2026
B000003116,인천길주초등학교,초등학교,계양구,명칭상 불일치 없음,2026-03-20,기존 초등 분석,기존 초등 별도 기준,,해당 산출물 없음,해당 산출물 없음,해당 산출물 없음,,geocoded_observations_only,91,30,0|08|09|10|16|17|18|20|21|22|24|30|34|35|38|43|44|51|56|58|59|61|62|63|64|67|68|73|90|94,2020|2021|2022|2023|2024|2025|2026,0,0,미확보,미확보,,미확보 또는 해당 학교급 아님,해당 산출물 없음,해당 산출물 없음,no_records,,available,2026,available,2026,available,2026
B000003117,인천병방초등학교,초등학교,계양구,명칭상 불일치 없음,2026-03-20,기존 초등 분석,기존 초등 별도 기준,,해당 산출물 없음,해당 산출물 없음,해당 산출물 없음,,geocoded_observations_only,92,30,0|08|09|10|16|17|18|20|21|22|24|30|34|35|38|43|44|51|56|58|59|61|62|63|64|67|68|73|90|94,2020|2021|2022|2023|2024|2025|2026,0,0,미확보,미확보,,미확보 또는 해당 학교급 아님,해당 산출물 없음,해당 산출물 없음,no_records,,available,2026,available,2026,available,2026
B000003118,인천양촌초등학교,초등학교,계양구,명칭상 불일치 없음,2026-03-20,기존 초등 분석,기존 초등 별도 기준,,해당 산출물 없음,해당 산출물 없음,해당 산출물 없음,,geocoded_observations_only,92,30,0|08|09|10|16|17|18|20|21|22|24|30|34|35|38|43|44|51|56|58|59|61|62|63|64|67|68|73|90|94,2020|2021|2022|2023|2024|2025|2026,0,0,미확보,미확보,,미확보 또는 해당 학교급 아님,해당 산출물 없음,해당 산출물 없음,no_records,,available,2026,available,2026,available,2026
B000003119,인천소양초등학교,초등학교,계양구,명칭상 불일치 없음,2026-03-20,기존 초등 분석,기존 초등 별도 기준,,해당 산출물 없음,해당 산출물 없음,해당 산출물 없음,,geocoded_observations_only,92,30,0|08|09|10|16|17|18|20|21|22|24|30|34|35|38|43|44|51|56|58|59|61|62|63|64|67|68|73|90|94,2020|2021|2022|2023|2024|2025|2026,0,0,미확보,미확보,,미확보 또는 해당 학교급 아님,해당 산출물 없음,해당 산출물 없음,no_records,,available,2026,available,2026,available,2026
B000003120,인천당산초등학교,초등학교,계양구,명칭상 불일치 없음,2026-03-20,기존 초등 분석,기존 초등 별도 기준,,해당 산출물 없음,해당 산출물 없음,해당 산출물 없음,,geocoded_observations_only,90,30,0|08|09|10|16|17|18|20|21|22|24|30|34|35|38|43|44|51|56|58|59|61|62|63|64|67|68|73|90|94,2020|2021|2022|2023|2024|2025|2026,0,0,미확보,미확보,,미확보 또는 해당 학교급 아님,해당 산출물 없음,해당 산출물 없음,no_records,,available,2026,available,2026,available,2026
B000003121,인천귤현초등학교,초등학교,계양구,명칭상 불일치 없음,2026-03-20,기존 초등 분석,기존 초등 별도 기준,,해당 산출물 없음,해당 산출물 없음,해당 산출물 없음,,geocoded_observations_only,92,30,0|08|09|10|16|17|18|20|21|22|24|30|34|35|38|43|44|51|56|58|59|61|62|63|64|67|68|73|90|94,2020|2021|2022|2023|2024|2025|2026,0,0,미확보,미확보,,미확보 또는 해당 학교급 아님,해당 산출물 없음,해당 산출물 없음,no_records,,available,2026,available,2026,available,2026
B000003122,인천계양초등학교,초등학교,계양구,명칭상 불일치 없음,2026-03-20,기존 초등 분석,기존 초등 별도 기준,,해당 산출물 없음,해당 산출물 없음,해당 산출물 없음,,geocoded_observations_only,92,30,0|08|09|10|16|17|18|20|21|22|24|30|34|35|38|43|44|51|56|58|59|61|62|63|64|67|68|73|90|94,2020|2021|2022|2023|2024|2025|2026,0,0,미확보,미확보,,미확보 또는 해당 학교급 아님,해당 산출물 없음,해당 산출물 없음,no_records,,available,2026,available,2026,available,2026
B000003123,인천계산초등학교,초등학교,계양구,명칭상 불일치 없음,2026-03-20,기존 초등 분석,기존 초등 별도 기준,,해당 산출물 없음,해당 산출물 없음,해당 산출물 없음,,geocoded_observations_only,92,30,0|08|09|10|16|17|18|20|21|22|24|30|34|35|38|43|44|51|56|58|59|61|62|63|64|67|68|73|90|94,2020|2021|2022|2023|2024|2025|2026,0,0,미확보,미확보,,미확보 또는 해당 학교급 아님,해당 산출물 없음,해당 산출물 없음,no_records,,available,2026,available,2026,available,2026
B000003124,인천안산초등학교,초등학교,계양구,명칭상 불일치 없음,2026-03-20,기존 초등 분석,기존 초등 별도 기준,,해당 산출물 없음,해당 산출물 없음,해당 산출물 없음,,geocoded_observations_only,92,30,0|08|09|10|16|17|18|20|21|22|24|30|34|35|38|43|44|51|56|58|59|61|62|63|64|67|68|73|90|94,2020|2021|2022|2023|2024|2025|2026,0,0,미확보,미확보,,미확보 또는 해당 학교급 아님,해당 산출물 없음,해당 산출물 없음,no_records,,available,2026,available,2026,available,2026
B000003125,인천부평초등학교,초등학교,계양구,명칭상 불일치 없음,2026-03-20,기존 초등 분석,기존 초등 별도 기준,,해당 산출물 없음,해당 산출물 없음,해당 산출물 없음,,geocoded_observations_only,90,30,0|08|09|10|16|17|18|20|21|22|24|30|34|35|38|43|44|51|56|58|59|61|62|63|64|67|68|73|90|94,2020|2021|2022|2023|2024|2025|2026,0,0,미확보,미확보,,미확보 또는 해당 학교급 아님,해당 산출물 없음,해당 산출물 없음,no_records,,available,2026,available,2026,available,2026
B000003126,인천부현초등학교,초등학교,계양구,명칭상 불일치 없음,2026-03-20,기존 초등 분석,기존 초등 별도 기준,,해당 산출물 없음,해당 산출물 없음,해당 산출물 없음,,geocoded_observations_only,92,30,0|08|09|10|16|17|18|20|21|22|24|30|34|35|38|43|44|51|56|58|59|61|62|63|64|67|68|73|90|94,2020|2021|2022|2023|2024|2025|2026,0,0,미확보,미확보,,미확보 또는 해당 학교급 아님,해당 산출물 없음,해당 산출물 없음,no_records,,available,2026,available,2026,available,2026
B000003127,인천부현동초등학교,초등학교,계양구,명칭상 불일치 없음,2026-03-20,기존 초등 분석,기존 초등 별도 기준,,해당 산출물 없음,해당 산출물 없음,해당 산출물 없음,,geocoded_observations_only,92,30,0|08|09|10|16|17|18|20|21|22|24|30|34|35|38|43|44|51|56|58|59|61|62|63|64|67|68|73|90|94,2020|2021|2022|2023|2024|2025|2026,0,0,미확보,미확보,,미확보 또는 해당 학교급 아님,해당 산출물 없음,해당 산출물 없음,no_records,,available,2026,available,2026,available,2026
B000003128,인천작전초등학교,초등학교,계양구,명칭상 불일치 없음,2026-03-20,기존 초등 분석,기존 초등 별도 기준,,해당 산출물 없음,해당 산출물 없음,해당 산출물 없음,,geocoded_observations_only,92,30,0|08|09|10|16|17|18|20|21|22|24|30|34|35|38|43|44|51|56|58|59|61|62|63|64|67|68|73|90|94,2020|2021|2022|2023|2024|2025|2026,0,0,미확보,미확보,,미확보 또는 해당 학교급 아님,해당 산출물 없음,해당 산출물 없음,no_records,,available,2026,available,2026,available,2026
B000003129,인천작동초등학교,초등학교,계양구,명칭상 불일치 없음,2026-03-20,기존 초등 분석,기존 초등 별도 기준,,해당 산출물 없음,해당 산출물 없음,해당 산출물 없음,,geocoded_observations_only,90,30,0|08|09|10|16|17|18|20|21|22|24|30|34|35|38|43|44|51|56|58|59|61|62|63|64|67|68|73|90|94,2020|2021|2022|2023|2024|2025|2026,0,0,미확보,미확보,,미확보 또는 해당 학교급 아님,해당 산출물 없음,해당 산출물 없음,no_records,,available,2026,available,2026,available,2026
B000003130,인천명현초등학교,초등학교,계양구,명칭상 불일치 없음,2026-03-20,기존 초등 분석,기존 초등 별도 기준,,해당 산출물 없음,해당 산출물 없음,해당 산출물 없음,,geocoded_observations_only,94,30,0|08|09|10|16|17|18|20|21|22|24|30|34|35|38|43|44|51|56|58|59|61|62|63|64|67|68|73|90|94,2020|2021|2022|2023|2024|2025|2026,0,0,미확보,미확보,,미확보 또는 해당 학교급 아님,해당 산출물 없음,해당 산출물 없음,no_records,,available,2026,available,2026,available,2026
B000003131,인천효성서초등학교,초등학교,계양구,명칭상 불일치 없음,2026-03-20,기존 초등 분석,기존 초등 별도 기준,,해당 산출물 없음,해당 산출물 없음,해당 산출물 없음,,geocoded_observations_only,92,30,0|08|09|10|16|17|18|20|21|22|24|30|34|35|38|43|44|51|56|58|59|61|62|63|64|67|68|73|90|94,2020|2021|2022|2023|2024|2025|2026,0,0,미확보,미확보,,미확보 또는 해당 학교급 아님,해당 산출물 없음,해당 산출물 없음,no_records,,available,2026,available,2026,available,2026
B000003132,인천계양초등학교상야분교장,초등학교,계양구,명칭상 불일치 없음,2026-03-20,기존 초등 분석,기존 초등 별도 기준,,해당 산출물 없음,해당 산출물 없음,해당 산출물 없음,,geocoded_observations_only,80,29,0|08|09|10|16|17|18|20|21|22|24|30|34|35|38|43|44|51|56|58|59|61|62|63|64|67|68|90|94,2020|2021|2022|2023|2024|2025|2026,0,0,미확보,미확보,,미확보 또는 해당 학교급 아님,해당 산출물 없음,해당 산출물 없음,no_records,,exempt_or_unconfirmed,2026,available,2026,available,2026
B000003133,인천해원초등학교,초등학교,서구,명칭상 불일치 없음,2026-03-20,기존 초등 분석,기존 초등 별도 기준,,해당 산출물 없음,해당 산출물 없음,해당 산출물 없음,,geocoded_observations_only,92,30,0|08|09|10|16|17|18|20|21|22|24|30|34|35|38|43|44|51|56|58|59|61|62|63|64|67|68|73|90|94,2020|2021|2022|2023|2024|2025|2026,0,0,미확보,미확보,,미확보 또는 해당 학교급 아님,해당 산출물 없음,해당 산출물 없음,no_records,,available,2026,available,2026,available,2026
B000003134,인천경명초등학교,초등학교,서구,명칭상 불일치 없음,2026-03-20,기존 초등 분석,기존 초등 별도 기준,,해당 산출물 없음,해당 산출물 없음,해당 산출물 없음,,geocoded_observations_only,90,30,0|08|09|10|16|17|18|20|21|22|24|30|34|35|38|43|44|51|56|58|59|61|62|63|64|67|68|73|90|94,2020|2021|2022|2023|2024|2025|2026,0,0,미확보,미확보,,미확보 또는 해당 학교급 아님,해당 산출물 없음,해당 산출물 없음,no_records,,available,2026,available,2026,available,2026
B000003135,인천공촌초등학교,초등학교,서구,명칭상 불일치 없음,2026-03-20,기존 초등 분석,기존 초등 별도 기준,,해당 산출물 없음,해당 산출물 없음,해당 산출물 없음,,geocoded_observations_only,92,30,0|08|09|10|16|17|18|20|21|22|24|30|34|35|38|43|44|51|56|58|59|61|62|63|64|67|68|73|90|94,2020|2021|2022|2023|2024|2025|2026,0,0,미확보,미확보,,미확보 또는 해당 학교급 아님,해당 산출물 없음,해당 산출물 없음,no_records,,available,2026,available,2026,available,2026
B000003137,인천간재울초등학교,초등학교,서구,명칭상 불일치 없음,2026-03-20,기존 초등 분석,기존 초등 별도 기준,,해당 산출물 없음,해당 산출물 없음,해당 산출물 없음,,geocoded_observations_only,90,30,0|08|09|10|16|17|18|20|21|22|24|30|34|35|38|43|44|51|56|58|59|61|62|63|64|67|68|73|90|94,2020|2021|2022|2023|2024|2025|2026,0,0,미확보,미확보,,미확보 또는 해당 학교급 아님,해당 산출물 없음,해당 산출물 없음,no_records,,available,2026,available,2026,available,2026
B000003138,인천경서초등학교,초등학교,서구,명칭상 불일치 없음,2026-03-20,기존 초등 분석,기존 초등 별도 기준,,해당 산출물 없음,해당 산출물 없음,해당 산출물 없음,,geocoded_observations_only,92,30,0|08|09|10|16|17|18|20|21|22|24|30|34|35|38|43|44|51|56|58|59|61|62|63|64|67|68|73|90|94,2020|2021|2022|2023|2024|2025|2026,0,0,미확보,미확보,,미확보 또는 해당 학교급 아님,해당 산출물 없음,해당 산출물 없음,no_records,,available,2026,available,2026,available,2026
B000003139,인천청라초등학교,초등학교,서구,명칭상 불일치 없음,2026-03-20,기존 초등 분석,기존 초등 별도 기준,,해당 산출물 없음,해당 산출물 없음,해당 산출물 없음,,geocoded_observations_only,92,30,0|08|09|10|16|17|18|20|21|22|24|30|34|35|38|43|44|51|56|58|59|61|62|63|64|67|68|73|90|94,2020|2021|2022|2023|2024|2025|2026,0,0,미확보,미확보,,미확보 또는 해당 학교급 아님,해당 산출물 없음,해당 산출물 없음,no_records,,available,2026,available,2026,available,2026
B000003140,인천초은초등학교,초등학교,서구,명칭상 불일치 없음,2026-03-20,기존 초등 분석,기존 초등 별도 기준,,해당 산출물 없음,해당 산출물 없음,해당 산출물 없음,,geocoded_observations_only,92,30,0|08|09|10|16|17|18|20|21|22|24|30|34|35|38|43|44|51|56|58|59|61|62|63|64|67|68|73|90|94,2020|2021|2022|2023|2024|2025|2026,0,0,미확보,미확보,,미확보 또는 해당 학교급 아님,해당 산출물 없음,해당 산출물 없음,no_records,,available,2026,available,2026,available,2026
B000003141,인천양지초등학교,초등학교,서구,명칭상 불일치 없음,2026-03-20,기존 초등 분석,기존 초등 별도 기준,,해당 산출물 없음,해당 산출물 없음,해당 산출물 없음,,geocoded_observations_only,92,30,0|08|09|10|16|17|18|20|21|22|24|30|34|35|38|43|44|51|56|58|59|61|62|63|64|67|68|73|90|94,2020|2021|2022|2023|2024|2025|2026,0,0,미확보,미확보,,미확보 또는 해당 학교급 아님,해당 산출물 없음,해당 산출물 없음,no_records,,available,2026,available,2026,available,2026
B000003142,인천심곡초등학교,초등학교,서구,명칭상 불일치 없음,2026-03-20,기존 초등 분석,기존 초등 별도 기준,,해당 산출물 없음,해당 산출물 없음,해당 산출물 없음,,geocoded_observations_only,90,30,0|08|09|10|16|17|18|20|21|22|24|30|34|35|38|43|44|51|56|58|59|61|62|63|64|67|68|73|90|94,2020|2021|2022|2023|2024|2025|2026,0,0,미확보,미확보,,미확보 또는 해당 학교급 아님,해당 산출물 없음,해당 산출물 없음,no_records,,available,2026,available,2026,available,2026
B000003143,인천신석초등학교,초등학교,서구,명칭상 불일치 없음,2026-03-20,기존 초등 분석,기존 초등 별도 기준,,해당 산출물 없음,해당 산출물 없음,해당 산출물 없음,,geocoded_observations_only,92,30,0|08|09|10|16|17|18|20|21|22|24|30|34|35|38|43|44|51|56|58|59|61|62|63|64|67|68|73|90|94,2020|2021|2022|2023|2024|2025|2026,0,0,미확보,미확보,,미확보 또는 해당 학교급 아님,해당 산출물 없음,해당 산출물 없음,no_records,,available,2026,available,2026,available,2026
B000003144,인천석남초등학교,초등학교,서구,명칭상 불일치 없음,2026-03-20,기존 초등 분석,기존 초등 별도 기준,,해당 산출물 없음,해당 산출물 없음,해당 산출물 없음,,geocoded_observations_only,92,30,0|08|09|10|16|17|18|20|21|22|24|30|34|35|38|43|44|51|56|58|59|61|62|63|64|67|68|73|90|94,2020|2021|2022|2023|2024|2025|2026,0,0,미확보,미확보,,미확보 또는 해당 학교급 아님,해당 산출물 없음,해당 산출물 없음,no_records,,available,2026,available,2026,available,2026
B000003145,인천천마초등학교,초등학교,서구,명칭상 불일치 없음,2026-03-20,기존 초등 분석,기존 초등 별도 기준,,해당 산출물 없음,해당 산출물 없음,해당 산출물 없음,,geocoded_observations_only,90,30,0|08|09|10|16|17|18|20|21|22|24|30|34|35|38|43|44|51|56|58|59|61|62|63|64|67|68|73|90|94,2020|2021|2022|2023|2024|2025|2026,0,0,미확보,미확보,,미확보 또는 해당 학교급 아님,해당 산출물 없음,해당 산출물 없음,no_records,,available,2026,available,2026,available,2026
B000003146,인천봉수초등학교,초등학교,서구,명칭상 불일치 없음,2026-03-20,기존 초등 분석,기존 초등 별도 기준,,해당 산출물 없음,해당 산출물 없음,해당 산출물 없음,,geocoded_observations_only,92,30,0|08|09|10|16|17|18|20|21|22|24|30|34|35|38|43|44|51|56|58|59|61|62|63|64|67|68|73|90|94,2020|2021|2022|2023|2024|2025|2026,0,0,미확보,미확보,,미확보 또는 해당 학교급 아님,해당 산출물 없음,해당 산출물 없음,no_records,,available,2026,available,2026,available,2026
B000003147,인천신현북초등학교,초등학교,서구,명칭상 불일치 없음,2026-03-20,기존 초등 분석,기존 초등 별도 기준,,해당 산출물 없음,해당 산출물 없음,해당 산출물 없음,,geocoded_observations_only,92,30,0|08|09|10|16|17|18|20|21|22|24|30|34|35|38|43|44|51|56|58|59|61|62|63|64|67|68|73|90|94,2020|2021|2022|2023|2024|2025|2026,0,0,미확보,미확보,,미확보 또는 해당 학교급 아님,해당 산출물 없음,해당 산출물 없음,no_records,,available,2026,available,2026,available,2026
B000003148,인천가림초등학교,초등학교,서구,명칭상 불일치 없음,2026-03-20,기존 초등 분석,기존 초등 별도 기준,,해당 산출물 없음,해당 산출물 없음,해당 산출물 없음,,geocoded_observations_only,94,30,0|08|09|10|16|17|18|20|21|22|24|30|34|35|38|43|44|51|56|58|59|61|62|63|64|67|68|73|90|94,2020|2021|2022|2023|2024|2025|2026,0,0,미확보,미확보,,미확보 또는 해당 학교급 아님,해당 산출물 없음,해당 산출물 없음,no_records,,available,2026,available,2026,available,2026
B000003149,인천봉화초등학교,초등학교,서구,명칭상 불일치 없음,2026-03-20,기존 초등 분석,기존 초등 별도 기준,,해당 산출물 없음,해당 산출물 없음,해당 산출물 없음,,geocoded_observations_only,92,30,0|08|09|10|16|17|18|20|21|22|24|30|34|35|38|43|44|51|56|58|59|61|62|63|64|67|68|73|90|94,2020|2021|2022|2023|2024|2025|2026,0,0,미확보,미확보,,미확보 또는 해당 학교급 아님,해당 산출물 없음,해당 산출물 없음,no_records,,available,2026,available,2026,available,2026
B000003150,인천건지초등학교,초등학교,서구,명칭상 불일치 없음,2026-03-20,기존 초등 분석,기존 초등 별도 기준,,해당 산출물 없음,해당 산출물 없음,해당 산출물 없음,,geocoded_observations_only,94,30,0|08|09|10|16|17|18|20|21|22|24|30|34|35|38|43|44|51|56|58|59|61|62|63|64|67|68|73|90|94,2020|2021|2022|2023|2024|2025|2026,0,0,미확보,미확보,,미확보 또는 해당 학교급 아님,해당 산출물 없음,해당 산출물 없음,no_records,,available,2026,available,2026,available,2026
B000003151,인천능내초등학교,초등학교,서구,명칭상 불일치 없음,2026-03-20,기존 초등 분석,기존 초등 별도 기준,,해당 산출물 없음,해당 산출물 없음,해당 산출물 없음,,geocoded_observations_only,92,30,0|08|09|10|16|17|18|20|21|22|24|30|34|35|38|43|44|51|56|58|59|61|62|63|64|67|68|73|90|94,2020|2021|2022|2023|2024|2025|2026,0,0,미확보,미확보,,미확보 또는 해당 학교급 아님,해당 산출물 없음,해당 산출물 없음,no_records,,available,2026,available,2026,available,2026
B000003152,인천검단초등학교,초등학교,서구,명칭상 불일치 없음,2026-03-20,기존 초등 분석,기존 초등 별도 기준,,해당 산출물 없음,해당 산출물 없음,해당 산출물 없음,,geocoded_observations_only,92,30,0|08|09|10|16|17|18|20|21|22|24|30|34|35|38|43|44|51|56|58|59|61|62|63|64|67|68|73|90|94,2020|2021|2022|2023|2024|2025|2026,0,0,미확보,미확보,,미확보 또는 해당 학교급 아님,해당 산출물 없음,해당 산출물 없음,no_records,,available,2026,available,2026,available,2026
B000003153,인천완정초등학교,초등학교,서구,명칭상 불일치 없음,2026-03-20,기존 초등 분석,기존 초등 별도 기준,,해당 산출물 없음,해당 산출물 없음,해당 산출물 없음,,geocoded_observations_only,94,30,0|08|09|10|16|17|18|20|21|22|24|30|34|35|38|43|44|51|56|58|59|61|62|63|64|67|68|73|90|94,2020|2021|2022|2023|2024|2025|2026,0,0,미확보,미확보,,미확보 또는 해당 학교급 아님,해당 산출물 없음,해당 산출물 없음,no_records,,available,2026,available,2026,available,2026
B000003154,인천불로초등학교,초등학교,서구,명칭상 불일치 없음,2026-03-20,기존 초등 분석,기존 초등 별도 기준,,해당 산출물 없음,해당 산출물 없음,해당 산출물 없음,,geocoded_observations_only,94,30,0|08|09|10|16|17|18|20|21|22|24|30|34|35|38|43|44|51|56|58|59|61|62|63|64|67|68|73|90|94,2020|2021|2022|2023|2024|2025|2026,0,0,미확보,미확보,,미확보 또는 해당 학교급 아님,해당 산출물 없음,해당 산출물 없음,no_records,,available,2026,available,2026,available,2026
B000003155,인천목향초등학교,초등학교,서구,명칭상 불일치 없음,2026-03-20,기존 초등 분석,기존 초등 별도 기준,,해당 산출물 없음,해당 산출물 없음,해당 산출물 없음,,geocoded_observations_only,92,30,0|08|09|10|16|17|18|20|21|22|24|30|34|35|38|43|44|51|56|58|59|61|62|63|64|67|68|73|90|94,2020|2021|2022|2023|2024|2025|2026,0,0,미확보,미확보,,미확보 또는 해당 학교급 아님,해당 산출물 없음,해당 산출물 없음,no_records,,available,2026,available,2026,available,2026
B000003156,인천왕길초등학교,초등학교,서구,명칭상 불일치 없음,2026-03-20,기존 초등 분석,기존 초등 별도 기준,,해당 산출물 없음,해당 산출물 없음,해당 산출물 없음,,geocoded_observations_only,92,30,0|08|09|10|16|17|18|20|21|22|24|30|34|35|38|43|44|51|56|58|59|61|62|63|64|67|68|73|90|94,2020|2021|2022|2023|2024|2025|2026,0,0,미확보,미확보,,미확보 또는 해당 학교급 아님,해당 산출물 없음,해당 산출물 없음,no_records,,available,2026,available,2026,available,2026
B000003157,인천단봉초등학교,초등학교,서구,명칭상 불일치 없음,2026-03-20,기존 초등 분석,기존 초등 별도 기준,,해당 산출물 없음,해당 산출물 없음,해당 산출물 없음,,geocoded_observations_only,90,30,0|08|09|10|16|17|18|20|21|22|24|30|34|35|38|43|44|51|56|58|59|61|62|63|64|67|68|73|90|94,2020|2021|2022|2023|2024|2025|2026,0,0,미확보,미확보,,미확보 또는 해당 학교급 아님,해당 산출물 없음,해당 산출물 없음,no_records,,available,2026,available,2026,available,2026
B000003158,인천원당초등학교,초등학교,서구,명칭상 불일치 없음,2026-03-20,기존 초등 분석,기존 초등 별도 기준,,해당 산출물 없음,해당 산출물 없음,해당 산출물 없음,,geocoded_observations_only,90,30,0|08|09|10|16|17|18|20|21|22|24|30|34|35|38|43|44|51|56|58|59|61|62|63|64|67|68|73|90|94,2020|2021|2022|2023|2024|2025|2026,0,0,미확보,미확보,,미확보 또는 해당 학교급 아님,해당 산출물 없음,해당 산출물 없음,no_records,,available,2026,available,2026,available,2026
B000003159,인천발산초등학교,초등학교,서구,명칭상 불일치 없음,2026-03-20,기존 초등 분석,기존 초등 별도 기준,,해당 산출물 없음,해당 산출물 없음,해당 산출물 없음,,geocoded_observations_only,90,30,0|08|09|10|16|17|18|20|21|22|24|30|34|35|38|43|44|51|56|58|59|61|62|63|64|67|68|73|90|94,2020|2021|2022|2023|2024|2025|2026,0,0,미확보,미확보,,미확보 또는 해당 학교급 아님,해당 산출물 없음,해당 산출물 없음,no_records,,available,2026,available,2026,available,2026
B000003160,인천창신초등학교,초등학교,서구,명칭상 불일치 없음,2026-03-20,기존 초등 분석,기존 초등 별도 기준,,해당 산출물 없음,해당 산출물 없음,해당 산출물 없음,,geocoded_observations_only,90,30,0|08|09|10|16|17|18|20|21|22|24|30|34|35|38|43|44|51|56|58|59|61|62|63|64|67|68|73|90|94,2020|2021|2022|2023|2024|2025|2026,0,0,미확보,미확보,,미확보 또는 해당 학교급 아님,해당 산출물 없음,해당 산출물 없음,no_records,,available,2026,available,2026,available,2026
B000003161,인천금곡초등학교,초등학교,서구,명칭상 불일치 없음,2026-03-20,기존 초등 분석,기존 초등 별도 기준,,해당 산출물 없음,해당 산출물 없음,해당 산출물 없음,,geocoded_observations_only,92,30,0|08|09|10|16|17|18|20|21|22|24|30|34|35|38|43|44|51|56|58|59|61|62|63|64|67|68|73|90|94,2020|2021|2022|2023|2024|2025|2026,0,0,미확보,미확보,,미확보 또는 해당 학교급 아님,해당 산출물 없음,해당 산출물 없음,no_records,,available,2026,available,2026,available,2026
B000003162,인천가석초등학교,초등학교,서구,명칭상 불일치 없음,2026-03-20,기존 초등 분석,기존 초등 별도 기준,,해당 산출물 없음,해당 산출물 없음,해당 산출물 없음,,geocoded_observations_only,92,30,0|08|09|10|16|17|18|20|21|22|24|30|34|35|38|43|44|51|56|58|59|61|62|63|64|67|68|73|90|94,2020|2021|2022|2023|2024|2025|2026,0,0,미확보,미확보,,미확보 또는 해당 학교급 아님,해당 산출물 없음,해당 산출물 없음,no_records,,available,2026,available,2026,available,2026
B000003163,인천가좌초등학교,초등학교,서구,명칭상 불일치 없음,2026-03-20,기존 초등 분석,기존 초등 별도 기준,,해당 산출물 없음,해당 산출물 없음,해당 산출물 없음,,geocoded_observations_only,92,30,0|08|09|10|16|17|18|20|21|22|24|30|34|35|38|43|44|51|56|58|59|61|62|63|64|67|68|73|90|94,2020|2021|2022|2023|2024|2025|2026,0,0,미확보,미확보,,미확보 또는 해당 학교급 아님,해당 산출물 없음,해당 산출물 없음,no_records,,available,2026,available,2026,available,2026
B000003164,인천가정초등학교,초등학교,서구,명칭상 불일치 없음,2026-03-20,기존 초등 분석,기존 초등 별도 기준,,해당 산출물 없음,해당 산출물 없음,해당 산출물 없음,,geocoded_observations_only,92,30,0|08|09|10|16|17|18|20|21|22|24|30|34|35|38|43|44|51|56|58|59|61|62|63|64|67|68|73|90|94,2020|2021|2022|2023|2024|2025|2026,0,0,미확보,미확보,,미확보 또는 해당 학교급 아님,해당 산출물 없음,해당 산출물 없음,no_records,,available,2026,available,2026,available,2026
B000003165,인천당하초등학교,초등학교,서구,명칭상 불일치 없음,2026-03-20,기존 초등 분석,기존 초등 별도 기준,,해당 산출물 없음,해당 산출물 없음,해당 산출물 없음,,geocoded_observations_only,90,30,0|08|09|10|16|17|18|20|21|22|24|30|34|35|38|43|44|51|56|58|59|61|62|63|64|67|68|73|90|94,2020|2021|2022|2023|2024|2025|2026,0,0,미확보,미확보,,미확보 또는 해당 학교급 아님,해당 산출물 없음,해당 산출물 없음,no_records,,available,2026,available,2026,available,2026
B000003166,인천마전초등학교,초등학교,서구,명칭상 불일치 없음,2026-03-20,기존 초등 분석,기존 초등 별도 기준,,해당 산출물 없음,해당 산출물 없음,해당 산출물 없음,,geocoded_observations_only,92,30,0|08|09|10|16|17|18|20|21|22|24|30|34|35|38|43|44|51|56|58|59|61|62|63|64|67|68|73|90|94,2020|2021|2022|2023|2024|2025|2026,0,0,미확보,미확보,,미확보 또는 해당 학교급 아님,해당 산출물 없음,해당 산출물 없음,no_records,,available,2026,available,2026,available,2026
B000003167,인천석남서초등학교,초등학교,서구,명칭상 불일치 없음,2026-03-20,기존 초등 분석,기존 초등 별도 기준,,해당 산출물 없음,해당 산출물 없음,해당 산출물 없음,,geocoded_observations_only,92,30,0|08|09|10|16|17|18|20|21|22|24|30|34|35|38|43|44|51|56|58|59|61|62|63|64|67|68|73|90|94,2020|2021|2022|2023|2024|2025|2026,0,0,미확보,미확보,,미확보 또는 해당 학교급 아님,해당 산출물 없음,해당 산출물 없음,no_records,,available,2026,available,2026,available,2026
B000003168,인천가현초등학교,초등학교,서구,명칭상 불일치 없음,2026-03-20,기존 초등 분석,기존 초등 별도 기준,,해당 산출물 없음,해당 산출물 없음,해당 산출물 없음,,geocoded_observations_only,92,30,0|08|09|10|16|17|18|20|21|22|24|30|34|35|38|43|44|51|56|58|59|61|62|63|64|67|68|73|90|94,2020|2021|2022|2023|2024|2025|2026,0,0,미확보,미확보,,미확보 또는 해당 학교급 아님,해당 산출물 없음,해당 산출물 없음,no_records,,available,2026,available,2026,available,2026
B000003169,인천신현초등학교,초등학교,서구,명칭상 불일치 없음,2026-03-20,기존 초등 분석,기존 초등 별도 기준,,해당 산출물 없음,해당 산출물 없음,해당 산출물 없음,,geocoded_observations_only,90,30,0|08|09|10|16|17|18|20|21|22|24|30|34|35|38|43|44|51|56|58|59|61|62|63|64|67|68|73|90|94,2020|2021|2022|2023|2024|2025|2026,0,0,미확보,미확보,,미확보 또는 해당 학교급 아님,해당 산출물 없음,해당 산출물 없음,no_records,,available,2026,available,2026,available,2026
B000003170,인천서곶초등학교,초등학교,서구,명칭상 불일치 없음,2026-03-20,기존 초등 분석,기존 초등 별도 기준,,해당 산출물 없음,해당 산출물 없음,해당 산출물 없음,,geocoded_observations_only,92,30,0|08|09|10|16|17|18|20|21|22|24|30|34|35|38|43|44|51|56|58|59|61|62|63|64|67|68|73|90|94,2020|2021|2022|2023|2024|2025|2026,0,0,미확보,미확보,,미확보 또는 해당 학교급 아님,해당 산출물 없음,해당 산출물 없음,no_records,,available,2026,available,2026,available,2026
B000003171,인천검암초등학교,초등학교,서구,명칭상 불일치 없음,2026-03-20,기존 초등 분석,기존 초등 별도 기준,,해당 산출물 없음,해당 산출물 없음,해당 산출물 없음,,geocoded_observations_only,92,30,0|08|09|10|16|17|18|20|21|22|24|30|34|35|38|43|44|51|56|58|59|61|62|63|64|67|68|73|90|94,2020|2021|2022|2023|2024|2025|2026,0,0,미확보,미확보,,미확보 또는 해당 학교급 아님,해당 산출물 없음,해당 산출물 없음,no_records,,available,2026,available,2026,available,2026
B000003172,인천은지초등학교,초등학교,서구,명칭상 불일치 없음,2026-03-20,기존 초등 분석,기존 초등 별도 기준,,해당 산출물 없음,해당 산출물 없음,해당 산출물 없음,,geocoded_observations_only,92,30,0|08|09|10|16|17|18|20|21|22|24|30|34|35|38|43|44|51|56|58|59|61|62|63|64|67|68|73|90|94,2020|2021|2022|2023|2024|2025|2026,0,0,미확보,미확보,,미확보 또는 해당 학교급 아님,해당 산출물 없음,해당 산출물 없음,no_records,,available,2026,available,2026,available,2026
B000003173,길상초등학교,초등학교,강화군,명칭상 불일치 없음,2026-03-20,기존 초등 분석,기존 초등 별도 기준,,해당 산출물 없음,해당 산출물 없음,해당 산출물 없음,,geocoded_observations_only,90,30,0|08|09|10|16|17|18|20|21|22|24|30|34|35|38|43|44|51|56|58|59|61|62|63|64|67|68|73|90|94,2020|2021|2022|2023|2024|2025|2026,0,0,미확보,미확보,,미확보 또는 해당 학교급 아님,해당 산출물 없음,해당 산출물 없음,no_records,,available,2026,available,2026,available,2026
B000003174,양도초등학교,초등학교,강화군,명칭상 불일치 없음,2026-03-20,기존 초등 분석,기존 초등 별도 기준,,해당 산출물 없음,해당 산출물 없음,해당 산출물 없음,,geocoded_observations_only,90,30,0|08|09|10|16|17|18|20|21|22|24|30|34|35|38|43|44|51|56|58|59|61|62|63|64|67|68|73|90|94,2020|2021|2022|2023|2024|2025|2026,0,0,미확보,미확보,,미확보 또는 해당 학교급 아님,해당 산출물 없음,해당 산출물 없음,no_records,,available,2026,available,2026,available,2026
B000003175,조산초등학교,초등학교,강화군,명칭상 불일치 없음,2026-03-20,기존 초등 분석,기존 초등 별도 기준,,해당 산출물 없음,해당 산출물 없음,해당 산출물 없음,,geocoded_observations_only,90,30,0|08|09|10|16|17|18|20|21|22|24|30|34|35|38|43|44|51|56|58|59|61|62|63|64|67|68|73|90|94,2020|2021|2022|2023|2024|2025|2026,0,0,미확보,미확보,,미확보 또는 해당 학교급 아님,해당 산출물 없음,해당 산출물 없음,no_records,,available,2026,available,2026,available,2026
B000003176,화도초등학교,초등학교,강화군,명칭상 불일치 없음,2026-03-20,기존 초등 분석,기존 초등 별도 기준,,해당 산출물 없음,해당 산출물 없음,해당 산출물 없음,,geocoded_observations_only,92,30,0|08|09|10|16|17|18|20|21|22|24|30|34|35|38|43|44|51|56|58|59|61|62|63|64|67|68|73|90|94,2020|2021|2022|2023|2024|2025|2026,0,0,미확보,미확보,,미확보 또는 해당 학교급 아님,해당 산출물 없음,해당 산출물 없음,no_records,,available,2026,available,2026,available,2026
B000003177,대월초등학교,초등학교,강화군,명칭상 불일치 없음,2026-03-20,기존 초등 분석,기존 초등 별도 기준,,해당 산출물 없음,해당 산출물 없음,해당 산출물 없음,,geocoded_observations_only,94,30,0|08|09|10|16|17|18|20|21|22|24|30|34|35|38|43|44|51|56|58|59|61|62|63|64|67|68|73|90|94,2020|2021|2022|2023|2024|2025|2026,0,0,미확보,미확보,,미확보 또는 해당 학교급 아님,해당 산출물 없음,해당 산출물 없음,no_records,,available,2026,available,2026,available,2026
B000003178,갑룡초등학교,초등학교,강화군,명칭상 불일치 없음,2026-03-20,기존 초등 분석,기존 초등 별도 기준,,해당 산출물 없음,해당 산출물 없음,해당 산출물 없음,,geocoded_observations_only,94,30,0|08|09|10|16|17|18|20|21|22|24|30|34|35|38|43|44|51|56|58|59|61|62|63|64|67|68|73|90|94,2020|2021|2022|2023|2024|2025|2026,0,0,미확보,미확보,,미확보 또는 해당 학교급 아님,해당 산출물 없음,해당 산출물 없음,no_records,,available,2026,available,2026,available,2026
B000003179,강화초등학교,초등학교,강화군,명칭상 불일치 없음,2026-03-20,기존 초등 분석,기존 초등 별도 기준,,해당 산출물 없음,해당 산출물 없음,해당 산출물 없음,,geocoded_observations_only,92,30,0|08|09|10|16|17|18|20|21|22|24|30|34|35|38|43|44|51|56|58|59|61|62|63|64|67|68|73|90|94,2020|2021|2022|2023|2024|2025|2026,0,0,미확보,미확보,,미확보 또는 해당 학교급 아님,해당 산출물 없음,해당 산출물 없음,no_records,,available,2026,available,2026,available,2026
B000003180,합일초등학교,초등학교,강화군,명칭상 불일치 없음,2026-03-20,기존 초등 분석,기존 초등 별도 기준,,해당 산출물 없음,해당 산출물 없음,해당 산출물 없음,,geocoded_observations_only,90,30,0|08|09|10|16|17|18|20|21|22|24|30|34|35|38|43|44|51|56|58|59|61|62|63|64|67|68|73|90|94,2020|2021|2022|2023|2024|2025|2026,0,0,미확보,미확보,,미확보 또는 해당 학교급 아님,해당 산출물 없음,해당 산출물 없음,no_records,,available,2026,available,2026,available,2026
B000003181,송해초등학교,초등학교,강화군,명칭상 불일치 없음,2026-03-20,기존 초등 분석,기존 초등 별도 기준,,해당 산출물 없음,해당 산출물 없음,해당 산출물 없음,,geocoded_observations_only,94,30,0|08|09|10|16|17|18|20|21|22|24|30|34|35|38|43|44|51|56|58|59|61|62|63|64|67|68|73|90|94,2020|2021|2022|2023|2024|2025|2026,0,0,미확보,미확보,,미확보 또는 해당 학교급 아님,해당 산출물 없음,해당 산출물 없음,no_records,,available,2026,available,2026,available,2026
B000003182,선원초등학교,초등학교,강화군,명칭상 불일치 없음,2026-03-20,기존 초등 분석,기존 초등 별도 기준,,해당 산출물 없음,해당 산출물 없음,해당 산출물 없음,,geocoded_observations_only,90,30,0|08|09|10|16|17|18|20|21|22|24|30|34|35|38|43|44|51|56|58|59|61|62|63|64|67|68|73|90|94,2020|2021|2022|2023|2024|2025|2026,0,0,미확보,미확보,,미확보 또는 해당 학교급 아님,해당 산출물 없음,해당 산출물 없음,no_records,,available,2026,available,2026,available,2026
B000003183,불은초등학교,초등학교,강화군,명칭상 불일치 없음,2026-03-20,기존 초등 분석,기존 초등 별도 기준,,해당 산출물 없음,해당 산출물 없음,해당 산출물 없음,,geocoded_observations_only,92,30,0|08|09|10|16|17|18|20|21|22|24|30|34|35|38|43|44|51|56|58|59|61|62|63|64|67|68|73|90|94,2020|2021|2022|2023|2024|2025|2026,0,0,미확보,미확보,,미확보 또는 해당 학교급 아님,해당 산출물 없음,해당 산출물 없음,no_records,,available,2026,available,2026,available,2026
B000003184,삼성초등학교,초등학교,강화군,명칭상 불일치 없음,2026-03-20,기존 초등 분석,기존 초등 별도 기준,,해당 산출물 없음,해당 산출물 없음,해당 산출물 없음,,geocoded_observations_only,90,30,0|08|09|10|16|17|18|20|21|22|24|30|34|35|38|43|44|51|56|58|59|61|62|63|64|67|68|73|90|94,2020|2021|2022|2023|2024|2025|2026,0,0,미확보,미확보,,미확보 또는 해당 학교급 아님,해당 산출물 없음,해당 산출물 없음,no_records,,available,2026,available,2026,available,2026
B000003185,하점초등학교,초등학교,강화군,명칭상 불일치 없음,2026-03-20,기존 초등 분석,기존 초등 별도 기준,,해당 산출물 없음,해당 산출물 없음,해당 산출물 없음,,geocoded_observations_only,92,30,0|08|09|10|16|17|18|20|21|22|24|30|34|35|38|43|44|51|56|58|59|61|62|63|64|67|68|73|90|94,2020|2021|2022|2023|2024|2025|2026,0,0,미확보,미확보,,미확보 또는 해당 학교급 아님,해당 산출물 없음,해당 산출물 없음,no_records,,available,2026,available,2026,available,2026
B000003186,명신초등학교,초등학교,강화군,명칭상 불일치 없음,2026-03-20,기존 초등 분석,기존 초등 별도 기준,,해당 산출물 없음,해당 산출물 없음,해당 산출물 없음,,geocoded_observations_only,91,30,0|08|09|10|16|17|18|20|21|22|24|30|34|35|38|43|44|51|56|58|59|61|62|63|64|67|68|73|90|94,2020|2021|2022|2023|2024|2025|2026,0,0,미확보,미확보,,미확보 또는 해당 학교급 아님,해당 산출물 없음,해당 산출물 없음,no_records,,available,2026,available,2026,available,2026
B000003187,양사초등학교,초등학교,강화군,명칭상 불일치 없음,2026-03-20,기존 초등 분석,기존 초등 별도 기준,,해당 산출물 없음,해당 산출물 없음,해당 산출물 없음,,geocoded_observations_only,92,30,0|08|09|10|16|17|18|20|21|22|24|30|34|35|38|43|44|51|56|58|59|61|62|63|64|67|68|73|90|94,2020|2021|2022|2023|2024|2025|2026,0,0,미확보,미확보,,미확보 또는 해당 학교급 아님,해당 산출물 없음,해당 산출물 없음,no_records,,available,2026,available,2026,available,2026
B000003188,내가초등학교,초등학교,강화군,명칭상 불일치 없음,2026-03-20,기존 초등 분석,기존 초등 별도 기준,,해당 산출물 없음,해당 산출물 없음,해당 산출물 없음,,geocoded_observations_only,93,30,0|08|09|10|16|17|18|20|21|22|24|30|34|35|38|43|44|51|56|58|59|61|62|63|64|67|68|73|90|94,2020|2021|2022|2023|2024|2025|2026,0,0,미확보,미확보,,미확보 또는 해당 학교급 아님,해당 산출물 없음,해당 산출물 없음,no_records,,available,2026,available,2026,available,2026
B000003189,해명초등학교,초등학교,강화군,명칭상 불일치 없음,2026-03-20,기존 초등 분석,기존 초등 별도 기준,,해당 산출물 없음,해당 산출물 없음,해당 산출물 없음,,geocoded_observations_only,86,30,0|08|09|10|16|17|18|20|21|22|24|30|34|35|38|43|44|51|56|58|59|61|62|63|64|67|68|73|90|94,2020|2021|2022|2023|2024|2025|2026,0,0,미확보,미확보,,미확보 또는 해당 학교급 아님,해당 산출물 없음,해당 산출물 없음,no_records,,available,2026,available,2026,available,2026
B000003190,삼산초등학교,초등학교,강화군,명칭상 불일치 없음,2026-03-20,기존 초등 분석,기존 초등 별도 기준,,해당 산출물 없음,해당 산출물 없음,해당 산출물 없음,,geocoded_observations_only,84,30,0|08|09|10|16|17|18|20|21|22|24|30|34|35|38|43|44|51|56|58|59|61|62|63|64|67|68|73|90|94,2020|2021|2022|2023|2024|2025|2026,0,0,미확보,미확보,,미확보 또는 해당 학교급 아님,해당 산출물 없음,해당 산출물 없음,no_records,,available,2026,available,2026,available,2026
B000003192,교동초등학교,초등학교,강화군,명칭상 불일치 없음,2026-03-20,기존 초등 분석,기존 초등 별도 기준,,해당 산출물 없음,해당 산출물 없음,해당 산출물 없음,,geocoded_observations_only,91,30,0|08|09|10|16|17|18|20|21|22|24|30|34|35|38|43|44|51|56|58|59|61|62|63|64|67|68|73|90|94,2020|2021|2022|2023|2024|2025|2026,0,0,미확보,미확보,,미확보 또는 해당 학교급 아님,해당 산출물 없음,해당 산출물 없음,no_records,,available,2026,available,2026,available,2026
B000003194,서도초등학교,초등학교,강화군,명칭상 불일치 없음,2026-03-20,기존 초등 분석,기존 초등 별도 기준,,해당 산출물 없음,해당 산출물 없음,해당 산출물 없음,,geocoded_observations_only,82,30,0|08|09|10|16|17|18|20|21|22|24|30|34|35|38|43|44|51|56|58|59|61|62|63|64|67|68|73|90|94,2020|2021|2022|2023|2024|2025|2026,0,0,미확보,미확보,,미확보 또는 해당 학교급 아님,해당 산출물 없음,해당 산출물 없음,no_records,,available,2026,available,2026,exempt_or_unconfirmed,2026
B000022832,인천한빛초등학교,초등학교,남동구,명칭상 불일치 없음,2026-03-20,기존 초등 분석,기존 초등 별도 기준,,해당 산출물 없음,해당 산출물 없음,해당 산출물 없음,,geocoded_observations_only,93,30,0|08|09|10|16|17|18|20|21|22|24|30|34|35|38|43|44|51|56|58|59|61|62|63|64|67|68|73|90|94,2020|2021|2022|2023|2024|2025|2026,0,0,미확보,미확보,,미확보 또는 해당 학교급 아님,해당 산출물 없음,해당 산출물 없음,no_records,,available,2026,available,2026,available,2026
B000022834,인천청람초등학교,초등학교,서구,명칭상 불일치 없음,2026-03-20,기존 초등 분석,기존 초등 별도 기준,,해당 산출물 없음,해당 산출물 없음,해당 산출물 없음,,geocoded_observations_only,92,30,0|08|09|10|16|17|18|20|21|22|24|30|34|35|38|43|44|51|56|58|59|61|62|63|64|67|68|73|90|94,2020|2021|2022|2023|2024|2025|2026,1,1,미확보,미확보,,미확보 또는 해당 학교급 아님,해당 산출물 없음,해당 산출물 없음,no_records,,available,2026,available,2026,available,2026
B000022839,인천청일초등학교,초등학교,서구,명칭상 불일치 없음,2026-03-20,기존 초등 분석,기존 초등 별도 기준,,해당 산출물 없음,해당 산출물 없음,해당 산출물 없음,,geocoded_observations_only,92,30,0|08|09|10|16|17|18|20|21|22|24|30|34|35|38|43|44|51|56|58|59|61|62|63|64|67|68|73|90|94,2020|2021|2022|2023|2024|2025|2026,0,0,미확보,미확보,,미확보 또는 해당 학교급 아님,해당 산출물 없음,해당 산출물 없음,no_records,,available,2026,available,2026,available,2026
B000024924,인천하늘초등학교,초등학교,중구,명칭상 불일치 없음,2026-03-20,기존 초등 분석,기존 초등 별도 기준,,해당 산출물 없음,해당 산출물 없음,해당 산출물 없음,,geocoded_observations_only,92,30,0|08|09|10|16|17|18|20|21|22|24|30|34|35|38|43|44|51|56|58|59|61|62|63|64|67|68|73|90|94,2020|2021|2022|2023|2024|2025|2026,0,0,미확보,미확보,,미확보 또는 해당 학교급 아님,해당 산출물 없음,해당 산출물 없음,no_records,,available,2026,available,2026,available,2026
B000025189,인천송명초등학교,초등학교,연수구,명칭상 불일치 없음,2026-03-20,기존 초등 분석,기존 초등 별도 기준,,해당 산출물 없음,해당 산출물 없음,해당 산출물 없음,,geocoded_observations_only,90,30,0|08|09|10|16|17|18|20|21|22|24|30|34|35|38|43|44|51|56|58|59|61|62|63|64|67|68|73|90|94,2020|2021|2022|2023|2024|2025|2026,0,0,미확보,미확보,,미확보 또는 해당 학교급 아님,해당 산출물 없음,해당 산출물 없음,no_records,,available,2026,available,2026,available,2026
B000025193,인천만월초등학교,초등학교,남동구,명칭상 불일치 없음,2026-03-20,기존 초등 분석,기존 초등 별도 기준,,해당 산출물 없음,해당 산출물 없음,해당 산출물 없음,,geocoded_observations_only,90,30,0|08|09|10|16|17|18|20|21|22|24|30|34|35|38|43|44|51|56|58|59|61|62|63|64|67|68|73|90|94,2020|2021|2022|2023|2024|2025|2026,0,0,미확보,미확보,,미확보 또는 해당 학교급 아님,해당 산출물 없음,해당 산출물 없음,no_records,,available,2026,available,2026,available,2026
B000025196,인천장서초등학교,초등학교,남동구,명칭상 불일치 없음,2026-03-20,기존 초등 분석,기존 초등 별도 기준,,해당 산출물 없음,해당 산출물 없음,해당 산출물 없음,,geocoded_observations_only,92,30,0|08|09|10|16|17|18|20|21|22|24|30|34|35|38|43|44|51|56|58|59|61|62|63|64|67|68|73|90|94,2020|2021|2022|2023|2024|2025|2026,0,0,미확보,미확보,,미확보 또는 해당 학교급 아님,해당 산출물 없음,해당 산출물 없음,no_records,,available,2026,available,2026,available,2026
B000025202,인천장아초등학교,초등학교,남동구,명칭상 불일치 없음,2026-03-20,기존 초등 분석,기존 초등 별도 기준,,해당 산출물 없음,해당 산출물 없음,해당 산출물 없음,,geocoded_observations_only,92,30,0|08|09|10|16|17|18|20|21|22|24|30|34|35|38|43|44|51|56|58|59|61|62|63|64|67|68|73|90|94,2020|2021|2022|2023|2024|2025|2026,0,0,미확보,미확보,,미확보 또는 해당 학교급 아님,해당 산출물 없음,해당 산출물 없음,no_records,,available,2026,available,2026,available,2026
B000025206,인천새봄초등학교,초등학교,연수구,명칭상 불일치 없음,2026-03-20,기존 초등 분석,기존 초등 별도 기준,,해당 산출물 없음,해당 산출물 없음,해당 산출물 없음,,geocoded_observations_only,89,30,0|08|09|10|16|17|18|20|21|22|24|30|34|35|38|43|44|51|56|58|59|61|62|63|64|67|68|73|90|94,2021|2022|2023|2024|2025|2026,0,0,미확보,미확보,,미확보 또는 해당 학교급 아님,해당 산출물 없음,해당 산출물 없음,no_records,,available,2026,available,2026,available,2026
B000025210,인천연송초등학교,초등학교,연수구,명칭상 불일치 없음,2026-03-20,기존 초등 분석,기존 초등 별도 기준,,해당 산출물 없음,해당 산출물 없음,해당 산출물 없음,,geocoded_observations_only,90,30,0|08|09|10|16|17|18|20|21|22|24|30|34|35|38|43|44|51|56|58|59|61|62|63|64|67|68|73|90|94,2020|2021|2022|2023|2024|2025|2026,0,0,미확보,미확보,,미확보 또는 해당 학교급 아님,해당 산출물 없음,해당 산출물 없음,no_records,,available,2026,available,2026,available,2026
B000025222,인천현송초등학교,초등학교,연수구,명칭상 불일치 없음,2026-03-20,기존 초등 분석,기존 초등 별도 기준,,해당 산출물 없음,해당 산출물 없음,해당 산출물 없음,,geocoded_observations_only,89,30,0|08|09|10|16|17|18|20|21|22|24|30|34|35|38|43|44|51|56|58|59|61|62|63|64|67|68|73|90|94,2021|2022|2023|2024|2025|2026,0,2,미확보,미확보,,미확보 또는 해당 학교급 아님,해당 산출물 없음,해당 산출물 없음,no_records,,available,2026,available,2026,available,2026
B000025225,인천송빛초등학교,초등학교,연수구,명칭상 불일치 없음,2026-03-20,기존 초등 분석,기존 초등 별도 기준,,해당 산출물 없음,해당 산출물 없음,해당 산출물 없음,,geocoded_observations_only,82,30,0|08|09|10|16|17|18|20|21|22|24|30|34|35|38|43|44|51|56|58|59|61|62|63|64|67|68|73|90|94,2025|2026,0,0,미확보,미확보,,미확보 또는 해당 학교급 아님,해당 산출물 없음,해당 산출물 없음,no_records,,available,2026,available,2026,available,2026
B000025226,인천송일초등학교,초등학교,연수구,명칭상 불일치 없음,2026-03-20,기존 초등 분석,기존 초등 별도 기준,,해당 산출물 없음,해당 산출물 없음,해당 산출물 없음,,geocoded_observations_only,90,30,0|08|09|10|16|17|18|20|21|22|24|30|34|35|38|43|44|51|56|58|59|61|62|63|64|67|68|73|90|94,2020|2021|2022|2023|2024|2025|2026,0,0,미확보,미확보,,미확보 또는 해당 학교급 아님,해당 산출물 없음,해당 산출물 없음,no_records,,available,2026,available,2026,available,2026
B000025228,인천예송초등학교,초등학교,연수구,명칭상 불일치 없음,2026-03-20,기존 초등 분석,기존 초등 별도 기준,,해당 산출물 없음,해당 산출물 없음,해당 산출물 없음,,geocoded_observations_only,92,30,0|08|09|10|16|17|18|20|21|22|24|30|34|35|38|43|44|51|56|58|59|61|62|63|64|67|68|73|90|94,2020|2021|2022|2023|2024|2025|2026,0,0,미확보,미확보,,미확보 또는 해당 학교급 아님,해당 산출물 없음,해당 산출물 없음,no_records,,available,2026,available,2026,available,2026
B000025236,인천첨단초등학교,초등학교,연수구,명칭상 불일치 없음,2026-03-20,기존 초등 분석,기존 초등 별도 기준,,해당 산출물 없음,해당 산출물 없음,해당 산출물 없음,,geocoded_observations_only,94,30,0|08|09|10|16|17|18|20|21|22|24|30|34|35|38|43|44|51|56|58|59|61|62|63|64|67|68|73|90|94,2020|2021|2022|2023|2024|2025|2026,0,0,미확보,미확보,,미확보 또는 해당 학교급 아님,해당 산출물 없음,해당 산출물 없음,no_records,,available,2026,available,2026,available,2026
B000025246,인천미송초등학교,초등학교,연수구,명칭상 불일치 없음,2026-03-20,기존 초등 분석,기존 초등 별도 기준,,해당 산출물 없음,해당 산출물 없음,해당 산출물 없음,,geocoded_observations_only,94,30,0|08|09|10|16|17|18|20|21|22|24|30|34|35|38|43|44|51|56|58|59|61|62|63|64|67|68|73|90|94,2020|2021|2022|2023|2024|2025|2026,0,0,미확보,미확보,,미확보 또는 해당 학교급 아님,해당 산출물 없음,해당 산출물 없음,no_records,,available,2026,available,2026,available,2026
B000025248,인천은송초등학교,초등학교,연수구,명칭상 불일치 없음,2026-03-20,기존 초등 분석,기존 초등 별도 기준,,해당 산출물 없음,해당 산출물 없음,해당 산출물 없음,,geocoded_observations_only,90,30,0|08|09|10|16|17|18|20|21|22|24|30|34|35|38|43|44|51|56|58|59|61|62|63|64|67|68|73|90|94,2020|2021|2022|2023|2024|2025|2026,0,0,미확보,미확보,,미확보 또는 해당 학교급 아님,해당 산출물 없음,해당 산출물 없음,no_records,,available,2026,available,2026,available,2026
B000025256,인천송원초등학교,초등학교,연수구,명칭상 불일치 없음,2026-03-20,기존 초등 분석,기존 초등 별도 기준,,해당 산출물 없음,해당 산출물 없음,해당 산출물 없음,,geocoded_observations_only,90,30,0|08|09|10|16|17|18|20|21|22|24|30|34|35|38|43|44|51|56|58|59|61|62|63|64|67|68|73|90|94,2020|2021|2022|2023|2024|2025|2026,0,0,미확보,미확보,,미확보 또는 해당 학교급 아님,해당 산출물 없음,해당 산출물 없음,no_records,,available,2026,available,2026,available,2026
B000025512,인천용학초등학교,초등학교,미추홀구,명칭상 불일치 없음,2026-03-20,기존 초등 분석,기존 초등 별도 기준,,해당 산출물 없음,해당 산출물 없음,해당 산출물 없음,,geocoded_observations_only,90,30,0|08|09|10|16|17|18|20|21|22|24|30|34|35|38|43|44|51|56|58|59|61|62|63|64|67|68|73|90|94,2020|2021|2022|2023|2024|2025|2026,0,0,미확보,미확보,,미확보 또는 해당 학교급 아님,해당 산출물 없음,해당 산출물 없음,no_records,,available,2026,available,2026,available,2026
B000025677,인천주안초등학교,초등학교,미추홀구,명칭상 불일치 없음,2026-03-20,기존 초등 분석,기존 초등 별도 기준,,해당 산출물 없음,해당 산출물 없음,해당 산출물 없음,,geocoded_observations_only,92,30,0|08|09|10|16|17|18|20|21|22|24|30|34|35|38|43|44|51|56|58|59|61|62|63|64|67|68|73|90|94,2020|2021|2022|2023|2024|2025|2026,0,0,미확보,미확보,,미확보 또는 해당 학교급 아님,해당 산출물 없음,해당 산출물 없음,no_records,,available,2026,available,2026,available,2026
B000025685,인천윤슬초등학교,초등학교,,명칭상 불일치 없음,2026-03-20,미편입,미편입,,해당 산출물 없음,해당 산출물 없음,해당 산출물 없음,,geocoded_observations_only,32,29,0|08|09|10|16|17|18|20|21|22|24|30|34|35|38|43|44|51|56|58|59|61|62|63|64|67|68|90|94,2026,0,0,미확보,미확보,,미확보 또는 해당 학교급 아님,해당 산출물 없음,해당 산출물 없음,no_records,,available,2026,available,2026,exempt_or_unconfirmed,2026
B000025690,인천별빛초등학교,초등학교,중구,명칭상 불일치 없음,2026-03-20,기존 초등 분석,기존 초등 별도 기준,,해당 산출물 없음,해당 산출물 없음,해당 산출물 없음,,geocoded_observations_only,89,30,0|08|09|10|16|17|18|20|21|22|24|30|34|35|38|43|44|51|56|58|59|61|62|63|64|67|68|73|90|94,2021|2022|2023|2024|2025|2026,0,0,미확보,미확보,,미확보 또는 해당 학교급 아님,해당 산출물 없음,해당 산출물 없음,no_records,,available,2026,available,2026,available,2026
B000025751,인천경연초등학교,초등학교,서구,명칭상 불일치 없음,2026-03-20,기존 초등 분석,기존 초등 별도 기준,,해당 산출물 없음,해당 산출물 없음,해당 산출물 없음,,geocoded_observations_only,92,30,0|08|09|10|16|17|18|20|21|22|24|30|34|35|38|43|44|51|56|58|59|61|62|63|64|67|68|73|90|94,2020|2021|2022|2023|2024|2025|2026,1,0,미확보,미확보,,미확보 또는 해당 학교급 아님,해당 산출물 없음,해당 산출물 없음,no_records,,available,2026,available,2026,available,2026
B000025752,인천도담초등학교,초등학교,서구,명칭상 불일치 없음,2026-03-20,기존 초등 분석,기존 초등 별도 기준,,해당 산출물 없음,해당 산출물 없음,해당 산출물 없음,,geocoded_observations_only,94,30,0|08|09|10|16|17|18|20|21|22|24|30|34|35|38|43|44|51|56|58|59|61|62|63|64|67|68|73|90|94,2020|2021|2022|2023|2024|2025|2026,0,0,미확보,미확보,,미확보 또는 해당 학교급 아님,해당 산출물 없음,해당 산출물 없음,no_records,,available,2026,available,2026,available,2026
B000025756,인천청호초등학교,초등학교,서구,명칭상 불일치 없음,2026-03-20,기존 초등 분석,기존 초등 별도 기준,,해당 산출물 없음,해당 산출물 없음,해당 산출물 없음,,geocoded_observations_only,91,30,0|08|09|10|16|17|18|20|21|22|24|30|34|35|38|43|44|51|56|58|59|61|62|63|64|67|68|73|90|94,2021|2022|2023|2024|2025|2026,0,0,미확보,미확보,,미확보 또는 해당 학교급 아님,해당 산출물 없음,해당 산출물 없음,no_records,,available,2026,available,2026,available,2026
B000026155,인천한들초등학교,초등학교,서구,명칭상 불일치 없음,2026-03-20,기존 초등 분석,기존 초등 별도 기준,,해당 산출물 없음,해당 산출물 없음,해당 산출물 없음,,geocoded_observations_only,90,30,0|08|09|10|16|17|18|20|21|22|24|30|34|35|38|43|44|51|56|58|59|61|62|63|64|67|68|73|90|94,2024|2025|2026,0,0,미확보,미확보,,미확보 또는 해당 학교급 아님,해당 산출물 없음,해당 산출물 없음,no_records,,available,2026,available,2026,available,2026
B000026332,인천백석초등학교,초등학교,서구,명칭상 불일치 없음,2026-03-20,기존 초등 분석,기존 초등 별도 기준,,해당 산출물 없음,해당 산출물 없음,해당 산출물 없음,,geocoded_observations_only,90,30,0|08|09|10|16|17|18|20|21|22|24|30|34|35|38|43|44|51|56|58|59|61|62|63|64|67|68|73|90|94,2020|2021|2022|2023|2024|2025|2026,0,0,미확보,미확보,,미확보 또는 해당 학교급 아님,해당 산출물 없음,해당 산출물 없음,no_records,,available,2026,available,2026,available,2026
B000026333,인천가원초등학교,초등학교,서구,명칭상 불일치 없음,2026-03-20,기존 초등 분석,기존 초등 별도 기준,,해당 산출물 없음,해당 산출물 없음,해당 산출물 없음,,geocoded_observations_only,92,30,0|08|09|10|16|17|18|20|21|22|24|30|34|35|38|43|44|51|56|58|59|61|62|63|64|67|68|73|90|94,2020|2021|2022|2023|2024|2025|2026,0,0,미확보,미확보,,미확보 또는 해당 학교급 아님,해당 산출물 없음,해당 산출물 없음,no_records,,available,2026,available,2026,available,2026
B000026466,인천아라초등학교,초등학교,서구,명칭상 불일치 없음,2026-03-20,기존 초등 분석,기존 초등 별도 기준,,해당 산출물 없음,해당 산출물 없음,해당 산출물 없음,,geocoded_observations_only,86,30,0|08|09|10|16|17|18|20|21|22|24|30|34|35|38|43|44|51|56|58|59|61|62|63|64|67|68|73|90|94,2024|2025|2026,0,0,미확보,미확보,,미확보 또는 해당 학교급 아님,해당 산출물 없음,해당 산출물 없음,no_records,,available,2026,available,2026,available,2026
B000026467,인천해든초등학교,초등학교,서구,명칭상 불일치 없음,2026-03-20,기존 초등 분석,기존 초등 별도 기준,,해당 산출물 없음,해당 산출물 없음,해당 산출물 없음,,geocoded_observations_only,90,30,0|08|09|10|16|17|18|20|21|22|24|30|34|35|38|43|44|51|56|58|59|61|62|63|64|67|68|73|90|94,2022|2023|2024|2025|2026,0,0,미확보,미확보,,미확보 또는 해당 학교급 아님,해당 산출물 없음,해당 산출물 없음,no_records,,available,2026,available,2026,available,2026
B000026468,인천아람초등학교,초등학교,서구,명칭상 불일치 없음,2026-03-20,기존 초등 분석,기존 초등 별도 기준,,해당 산출물 없음,해당 산출물 없음,해당 산출물 없음,,geocoded_observations_only,89,30,0|08|09|10|16|17|18|20|21|22|24|30|34|35|38|43|44|51|56|58|59|61|62|63|64|67|68|73|90|94,2023|2024|2025|2026,0,0,미확보,미확보,,미확보 또는 해당 학교급 아님,해당 산출물 없음,해당 산출물 없음,no_records,,available,2026,available,2026,available,2026
B000026469,인천한별초등학교,초등학교,서구,명칭상 불일치 없음,2026-03-20,기존 초등 분석,기존 초등 별도 기준,,해당 산출물 없음,해당 산출물 없음,해당 산출물 없음,,geocoded_observations_only,90,30,0|08|09|10|16|17|18|20|21|22|24|30|34|35|38|43|44|51|56|58|59|61|62|63|64|67|68|73|90|94,2022|2023|2024|2025|2026,0,0,미확보,미확보,,미확보 또는 해당 학교급 아님,해당 산출물 없음,해당 산출물 없음,no_records,,available,2026,available,2026,available,2026
B000026470,인천이음초등학교,초등학교,서구,명칭상 불일치 없음,2026-03-20,기존 초등 분석,기존 초등 별도 기준,,해당 산출물 없음,해당 산출물 없음,해당 산출물 없음,,geocoded_observations_only,89,30,0|08|09|10|16|17|18|20|21|22|24|30|34|35|38|43|44|51|56|58|59|61|62|63|64|67|68|73|90|94,2023|2024|2025|2026,0,0,미확보,미확보,,미확보 또는 해당 학교급 아님,해당 산출물 없음,해당 산출물 없음,no_records,,available,2026,available,2026,available,2026
B000026471,인천신검단초등학교,초등학교,서구,명칭상 불일치 없음,2026-03-20,기존 초등 분석,기존 초등 별도 기준,,해당 산출물 없음,해당 산출물 없음,해당 산출물 없음,,geocoded_observations_only,45,30,0|08|09|10|16|17|18|20|21|22|24|30|34|35|38|43|44|51|56|58|59|61|62|63|64|67|68|73|90|94,2025|2026,0,0,미확보,미확보,,미확보 또는 해당 학교급 아님,해당 산출물 없음,해당 산출물 없음,no_records,,available,2026,available,2026,available,2026
B000026473,인천검단호수초등학교,초등학교,,명칭상 불일치 없음,2026-03-20,미편입,미편입,,해당 산출물 없음,해당 산출물 없음,해당 산출물 없음,,geocoded_observations_only,32,29,0|08|09|10|16|17|18|20|21|22|24|30|34|35|38|43|44|51|56|58|59|61|62|63|64|67|68|90|94,2026,0,0,미확보,미확보,,미확보 또는 해당 학교급 아님,해당 산출물 없음,해당 산출물 없음,no_records,,available,2026,available,2026,exempt_or_unconfirmed,2026
B000026504,인천송담초등학교,초등학교,연수구,명칭상 불일치 없음,2026-03-20,기존 초등 분석,기존 초등 별도 기준,,해당 산출물 없음,해당 산출물 없음,해당 산출물 없음,,geocoded_observations_only,89,30,0|08|09|10|16|17|18|20|21|22|24|30|34|35|38|43|44|51|56|58|59|61|62|63|64|67|68|73|90|94,2021|2022|2023|2024|2025|2026,0,0,미확보,미확보,,미확보 또는 해당 학교급 아님,해당 산출물 없음,해당 산출물 없음,no_records,,available,2026,available,2026,available,2026
B000027505,인천중산초등학교,초등학교,중구,명칭상 불일치 없음,2026-03-20,기존 초등 분석,기존 초등 별도 기준,,해당 산출물 없음,해당 산출물 없음,해당 산출물 없음,,geocoded_observations_only,90,30,0|08|09|10|16|17|18|20|21|22|24|30|34|35|38|43|44|51|56|58|59|61|62|63|64|67|68|73|90|94,2020|2021|2022|2023|2024|2025|2026,0,0,미확보,미확보,,미확보 또는 해당 학교급 아님,해당 산출물 없음,해당 산출물 없음,no_records,,available,2026,available,2026,available,2026
B000030907,인천달빛초등학교,초등학교,,명칭상 불일치 없음,2026-03-20,미편입,미편입,,해당 산출물 없음,해당 산출물 없음,해당 산출물 없음,,geocoded_observations_only,32,29,0|08|09|10|16|17|18|20|21|22|24|30|34|35|38|43|44|51|56|58|59|61|62|63|64|67|68|90|94,2026,0,0,미확보,미확보,,미확보 또는 해당 학교급 아님,해당 산출물 없음,해당 산출물 없음,no_records,,available,2026,available,2026,exempt_or_unconfirmed,2026
B000030928,인천신검단중학교,초등학교,,불일치 검토 필요,2026-03-20,미편입,미편입,,해당 산출물 없음,해당 산출물 없음,해당 산출물 없음,,geocoded_observations_only,0,0,,,0,0,미확보,미확보,,미확보 또는 해당 학교급 아님,해당 산출물 없음,해당 산출물 없음,no_records,,no_records,,no_records,,no_records,
