grid_id,cx,cy,pred_beneficiary_2029,pred_beneficiary_2031,parent_1km_code,w_hat,gu,priority_score,candidate_rank,nearest_park_dist,nearest_pg_dist,worst_case_type,avg_park_dist_m,avg_playground_count,land_feasibility_level,linked_schools,linked_school_count,candidate_child_current,priority_score_mixed,candidate_rank_mixed,demand_model_version,redev_flag,redev_level,redev_warning_text,avg_green_ratio,demand_scope,demand_status,resident_children_current,straight_500m_children_current,demand_label,demand_note,xgb_predicted_2029,forecast_2029,potential_demand_2029,xgb_predicted_2031,forecast_2031,potential_demand_2031
CG_01293,126.72067830000049,37.49837889999981,47.08,42.18,다사3144,0.04343501703456894,남동구,777.702,243,148.5,824.1,1.0,488.4,0.0,high,"[""['인천부원초등학교' '인천부평동초등학교' '인천부평서초등학교']""]",3,58.95,777.702,243,source_allocation_v2_20260911,False,none,,0.216309,straight_500m,estimated,58.95,1016.03,직선 500m 거주 아동 시나리오,2024년 6~11세 배분 추정에 인천 전체 연령인구 성장률 적용. 보행권·실제 이용자·신규 수혜가 아님. 후보끼리 합산하지 않음.,47.08,47.08,811.47,42.18,42.18,727.05
CG_01323,126.72292830000049,37.49837889999981,40.19,36.01,다사3144,0.035924799263528,남동구,830.6320000000001,199,197.0,521.3,1.0,488.4,0.0,high,"[""['인천부원초등학교' '인천부평동초등학교' '인천부평서초등학교']""]",3,50.32,830.6320000000001,199,source_allocation_v2_20260911,False,none,,0.216309,straight_500m,estimated,50.32,1085.18,직선 500m 거주 아동 시나리오,2024년 6~11세 배분 추정에 인천 전체 연령인구 성장률 적용. 보행권·실제 이용자·신규 수혜가 아님. 후보끼리 합산하지 않음.,40.19,40.19,866.7,36.01,36.01,776.53
CG_01354,126.7251783000005,37.5028788999998,84.44,75.66,다사3145,0.004204781252568274,계양구,893.05,162,675.3,14688.9,1.0,460.4,0.0,high,"[""['인천부원초등학교' '인천개흥초등학교' '인천부평동초등학교']""]",3,105.73,893.05,162,source_allocation_v2_20260911,True,completed,"500m 내 재개발 2건: unknown(290m), completed(363m)",1.281666,straight_500m,estimated,105.73,1166.72,직선 500m 거주 아동 시나리오,2024년 6~11세 배분 추정에 인천 전체 연령인구 성장률 적용. 보행권·실제 이용자·신규 수혜가 아님. 후보끼리 합산하지 않음.,84.44,84.44,931.83,75.66,75.66,834.88
CG_01353,126.7251783000005,37.5006288999998,103.16,92.42,다사3144,0.009708347085248568,계양구,977.9879999999999,126,455.6,9791.1,1.0,460.4,0.0,high,"[""['인천부원초등학교' '인천개흥초등학교' '인천부평동초등학교']""]",3,129.16,977.9879999999999,126,source_allocation_v2_20260911,True,completed,500m 내 재개발 1건: completed(441m),1.281666,straight_500m,estimated,129.16,1277.69,직선 500m 거주 아동 시나리오,2024년 6~11세 배분 추정에 인천 전체 연령인구 성장률 적용. 보행권·실제 이용자·신규 수혜가 아님. 후보끼리 합산하지 않음.,103.16,103.16,1020.46,92.42,92.42,914.28
CG_01325,126.72292830000049,37.5028788999998,77.33,69.28,다사3145,0.14189600316235787,남동구,812.076,218,312.3,631.5,1.0,460.4,0.0,high,"[""['인천부원초등학교' '인천개흥초등학교' '인천부평동초등학교']""]",3,96.82,812.076,218,source_allocation_v2_20260911,True,unknown,"500m 내 재개발 3건: unknown(267m), unknown(464m), unknown(439m)",1.281666,straight_500m,estimated,96.82,1060.94,직선 500m 거주 아동 시나리오,2024년 6~11세 배분 추정에 인천 전체 연령인구 성장률 적용. 보행권·실제 이용자·신규 수혜가 아님. 후보끼리 합산하지 않음.,77.33,77.33,847.34,69.28,69.28,759.18
CG_01384,126.7274283000005,37.49612889999981,65.26,58.47,다사3144,0.04782202608602636,부평구,917.764,151,488.9,6476.1,2.0,291.7,0.0,medium,"[""['인천부흥초등학교' '인천부평동초등학교' '인천부평서초등학교']""]",3,81.71,917.764,151,source_allocation_v2_20260911,False,none,,0.42476,straight_500m,estimated,81.71,1199.01,직선 500m 거주 아동 시나리오,2024년 6~11세 배분 추정에 인천 전체 연령인구 성장률 적용. 보행권·실제 이용자·신규 수혜가 아님. 후보끼리 합산하지 않음.,65.26,65.26,957.62,58.47,58.47,857.98
CG_01386,126.7274283000005,37.5006288999998,87.15,78.08,다사3144,0.085494834561899,계양구,1057.804,94,538.8,7483.2,2.0,263.7,0.0,medium,"[""['인천개흥초등학교' '인천부흥초등학교' '인천부평동초등학교']""]",3,109.12,1057.804,94,source_allocation_v2_20260911,True,completed,500m 내 재개발 1건: completed(299m),1.490117,straight_500m,estimated,109.12,1381.97,직선 500m 거주 아동 시나리오,2024년 6~11세 배분 추정에 인천 전체 연령인구 성장률 적용. 보행권·실제 이용자·신규 수혜가 아님. 후보끼리 합산하지 않음.,87.15,87.15,1103.74,78.08,78.08,988.9
CG_01424,126.7296783000005,37.5006288999998,94.99,85.11,다사3144,0.0694674093462378,부평구,985.7719999999999,123,362.7,6073.6,2.0,263.7,0.0,medium,"[""['인천개흥초등학교' '인천부흥초등학교' '인천부평동초등학교']""]",3,118.94,985.7719999999999,123,source_allocation_v2_20260911,True,completed,"500m 내 재개발 2건: unknown(493m), completed(252m)",1.490117,straight_500m,estimated,118.94,1287.86,직선 500m 거주 아동 시나리오,2024년 6~11세 배분 추정에 인천 전체 연령인구 성장률 적용. 보행권·실제 이용자·신규 수혜가 아님. 후보끼리 합산하지 않음.,94.99,94.99,1028.58,85.11,85.11,921.56
CG_00524,126.6689283000004,37.518628899999776,50.51,45.25,다사2646,0.0837611306314517,서구,1049.428,96,218.7,7338.5,2.0,351.367,0.333,high,"[""['인천신현초등학교' '인천가현초등학교' '인천신현북초등학교']""]",3,63.24,1049.428,96,source_allocation_v2_20260911,True,unknown,500m 내 재개발 1건: unknown(378m),0.862417,straight_500m,estimated,63.24,1371.03,직선 500m 거주 아동 시나리오,2024년 6~11세 배분 추정에 인천 전체 연령인구 성장률 적용. 보행권·실제 이용자·신규 수혜가 아님. 후보끼리 합산하지 않음.,50.51,50.51,1095.0,45.25,45.25,981.07
CG_00242,126.64192830000036,37.47137889999985,15.54,13.93,다사2441,0.06269920323895699,연수구,210.248,1232,281.2,3136.3,1.0,357.9,0.4,high,"[""['인천서림초등학교' '인천창영초등학교' '인천동명초등학교' '인천송림초등학교' '영화초등학교']""]",5,19.46,210.248,1232,source_allocation_v2_20260911,True,planned,"500m 내 재개발 5건: unknown(277m), planned(298m), unknown(258m)",1.214391,straight_500m,estimated,19.46,274.68,직선 500m 거주 아동 시나리오,2024년 6~11세 배분 추정에 인천 전체 연령인구 성장률 적용. 보행권·실제 이용자·신규 수혜가 아님. 후보끼리 합산하지 않음.,15.54,15.54,219.38,13.93,13.93,196.55
CG_00243,126.64192830000036,37.473628899999845,27.55,24.68,다사2441,0.07094938725827529,미추홀구,253.694,1145,992.7,1843.8,1.0,357.9,0.4,high,"[""['인천서림초등학교' '인천창영초등학교' '인천동명초등학교' '인천송림초등학교' '영화초등학교']""]",5,34.49,253.694,1145,source_allocation_v2_20260911,True,planned,"500m 내 재개발 3건: planned(339m), unknown(403m), unknown(287m)",1.214391,straight_500m,estimated,34.49,331.44,직선 500m 거주 아동 시나리오,2024년 6~11세 배분 추정에 인천 전체 연령인구 성장률 적용. 보행권·실제 이용자·신규 수혜가 아님. 후보끼리 합산하지 않음.,27.55,27.55,264.71,24.68,24.68,237.17
CG_00244,126.64192830000036,37.47587889999984,9.94,8.9,다사2442,0.01395098054997475,미추홀구,324.336,1009,0.0,1558.4,1.0,412.25,0.5,high,"[""['인천서림초등학교' '인천서흥초등학교' '인천동명초등학교' '인천송림초등학교']""]",4,12.44,324.336,1009,source_allocation_v2_20260911,True,unknown,500m 내 재개발 1건: unknown(356m),1.376876,straight_500m,estimated,12.44,423.73,직선 500m 거주 아동 시나리오,2024년 6~11세 배분 추정에 인천 전체 연령인구 성장률 적용. 보행권·실제 이용자·신규 수혜가 아님. 후보끼리 합산하지 않음.,9.94,9.94,338.42,8.9,8.9,303.21
CG_01078,126.70717830000046,37.5051288999998,155.1,138.96,다사2945,0.12795915253869578,남동구,1201.034,57,204.8,330.9,1.0,928.033,0.0,high,"[""['인천부마초등학교' '인천마장초등학교' '인천미산초등학교']""]",3,194.2,1201.034,57,source_allocation_v2_20260911,True,planned,500m 내 재개발 1건: planned(476m),0.0,straight_500m,estimated,194.2,1569.09,직선 500m 거주 아동 시나리오,2024년 6~11세 배분 추정에 인천 전체 연령인구 성장률 적용. 보행권·실제 이용자·신규 수혜가 아님. 후보끼리 합산하지 않음.,155.1,155.1,1253.19,138.96,138.96,1122.8
CG_01079,126.70717830000046,37.50737889999979,85.35,76.47,다사2945,0.08478161224822224,남동구,869.11,181,279.8,413.1,1.0,928.033,0.0,high,"[""['인천부마초등학교' '인천마장초등학교' '인천미산초등학교']""]",3,106.86,869.11,181,source_allocation_v2_20260911,True,planned,500m 내 재개발 1건: planned(462m),0.0,straight_500m,estimated,106.86,1135.45,직선 500m 거주 아동 시나리오,2024년 6~11세 배분 추정에 인천 전체 연령인구 성장률 적용. 보행권·실제 이용자·신규 수혜가 아님. 후보끼리 합산하지 않음.,85.35,85.35,906.85,76.47,76.47,812.5
CG_01122,126.70942830000047,37.50737889999979,43.16,38.67,다사3045,0.1605238970850922,계양구,883.83,168,750.5,8139.4,1.0,928.033,0.0,high,"[""['인천부마초등학교' '인천마장초등학교' '인천미산초등학교']""]",3,54.04,883.83,168,source_allocation_v2_20260911,False,none,,0.0,straight_500m,estimated,54.04,1154.68,직선 500m 거주 아동 시나리오,2024년 6~11세 배분 추정에 인천 전체 연령인구 성장률 적용. 보행권·실제 이용자·신규 수혜가 아님. 후보끼리 합산하지 않음.,43.16,43.16,922.21,38.67,38.67,826.26
CG_01121,126.70942830000047,37.5051288999998,54.92,49.2,다사3045,0.0699233142229081,계양구,1181.5059999999999,61,594.2,7983.1,1.0,928.033,0.0,high,"[""['인천부마초등학교' '인천마장초등학교' '인천미산초등학교']""]",3,68.76,1181.5059999999999,61,source_allocation_v2_20260911,False,none,,0.0,straight_500m,estimated,68.76,1543.58,직선 500m 거주 아동 시나리오,2024년 6~11세 배분 추정에 인천 전체 연령인구 성장률 적용. 보행권·실제 이용자·신규 수혜가 아님. 후보끼리 합산하지 않음.,54.92,54.92,1232.81,49.2,49.2,1104.55
CG_01247,126.71842830000048,37.460128899999866,50.43,45.18,다사3040,0.12387563428736842,부평구,739.164,276,38.0,6139.0,2.0,245.7,0.0,low,"[""['인천간석초등학교' '인천인동초등학교' '인천정각초등학교']""]",3,63.14,739.164,276,source_allocation_v2_20260911,False,none,,0.633451,straight_500m,estimated,63.14,965.68,직선 500m 거주 아동 시나리오,2024년 6~11세 배분 추정에 인천 전체 연령인구 성장률 적용. 보행권·실제 이용자·신규 수혜가 아님. 후보끼리 합산하지 않음.,50.43,50.43,771.26,45.18,45.18,691.02
CG_01245,126.71842830000048,37.45562889999987,56.38,50.51,다사3039,0.011967902901275513,부평구,945.0999999999999,137,278.2,5420.5,2.0,266.333,0.0,low,"[""['인천구월초등학교' '인천간석초등학교' '인천정각초등학교']""]",3,70.59,945.0999999999999,137,source_allocation_v2_20260911,False,none,,1.754351,straight_500m,estimated,70.59,1234.73,직선 500m 거주 아동 시나리오,2024년 6~11세 배분 추정에 인천 전체 연령인구 성장률 적용. 보행권·실제 이용자·신규 수혜가 아님. 후보끼리 합산하지 않음.,56.38,56.38,986.14,50.51,50.51,883.54
CG_01044,126.70492830000046,37.5051288999998,104.36,93.5,다사2945,0.1272241092007783,남동구,1034.996,101,456.4,456.4,1.0,613.7,0.0,high,"[""['인천부마초등학교' '인천마장초등학교' '인천산곡초등학교']""]",3,130.67,1034.996,101,source_allocation_v2_20260911,True,planned,500m 내 재개발 1건: planned(295m),0.0,straight_500m,estimated,130.67,1352.17,직선 500m 거주 아동 시나리오,2024년 6~11세 배분 추정에 인천 전체 연령인구 성장률 적용. 보행권·실제 이용자·신규 수혜가 아님. 후보끼리 합산하지 않음.,104.36,104.36,1079.94,93.5,93.5,967.58
CG_01045,126.70492830000046,37.50737889999979,45.73,40.97,다사2945,0.06073129755737468,남동구,789.1320000000001,236,596.8,645.2,1.0,613.7,0.0,high,"[""['인천부마초등학교' '인천마장초등학교' '인천산곡초등학교']""]",3,57.26,789.1320000000001,236,source_allocation_v2_20260911,True,planned,500m 내 재개발 1건: planned(271m),0.0,straight_500m,estimated,57.26,1030.96,직선 500m 거주 아동 시나리오,2024년 6~11세 배분 추정에 인천 전체 연령인구 성장률 적용. 보행권·실제 이용자·신규 수혜가 아님. 후보끼리 합산하지 않음.,45.73,45.73,823.4,40.97,40.97,737.73
CG_01294,126.72067830000049,37.5006288999998,36.83,33.0,다사3144,0.07335006515626535,남동구,972.25,131,0.0,501.3,1.0,580.6,0.0,high,"[""['인천부원초등학교' '인천부평동초등학교']""]",2,46.11,972.25,131,source_allocation_v2_20260911,True,unknown,500m 내 재개발 1건: unknown(477m),0.221542,straight_500m,estimated,46.11,1270.19,직선 500m 거주 아동 시나리오,2024년 6~11세 배분 추정에 인천 전체 연령인구 성장률 적용. 보행권·실제 이용자·신규 수혜가 아님. 후보끼리 합산하지 않음.,36.83,36.83,1014.47,33.0,33.0,908.92
CG_01324,126.72292830000049,37.5006288999998,74.11,66.4,다사3144,0.06466944038408698,남동구,907.1279999999999,156,373.0,720.0,1.0,580.6,0.0,high,"[""['인천부원초등학교' '인천부평동초등학교']""]",2,92.79,907.1279999999999,156,source_allocation_v2_20260911,False,none,,0.221542,straight_500m,estimated,92.79,1185.12,직선 500m 거주 아동 시나리오,2024년 6~11세 배분 추정에 인천 전체 연령인구 성장률 적용. 보행권·실제 이용자·신규 수혜가 아님. 후보끼리 합산하지 않음.,74.11,74.11,946.52,66.4,66.4,848.04
CG_01012,126.70267830000046,37.50962889999979,18.11,16.23,다사2945,0.015943787091305506,남동구,587.038,445,447.0,532.8,1.0,491.133,0.0,high,"[""['인천부마초등학교' '인천산곡초등학교' '인천산곡북초등학교']""]",3,22.68,587.038,445,source_allocation_v2_20260911,True,planned,500m 내 재개발 1건: planned(352m),0.297186,straight_500m,estimated,22.68,766.94,직선 500m 거주 아동 시나리오,2024년 6~11세 배분 추정에 인천 전체 연령인구 성장률 적용. 보행권·실제 이용자·신규 수혜가 아님. 후보끼리 합산하지 않음.,18.11,18.11,612.53,16.23,16.23,548.8
CG_01326,126.72292830000049,37.5051288999998,61.25,54.88,다사3145,0.11790673189181,남동구,654.784,357,607.6,819.5,1.0,486.1,0.0,high,"[""['인천부원초등학교' '인천개흥초등학교']""]",2,76.69,654.784,357,source_allocation_v2_20260911,True,unknown,"500m 내 재개발 3건: unknown(67m), unknown(441m), unknown(382m)",1.700957,straight_500m,estimated,76.69,855.44,직선 500m 거주 아동 시나리오,2024년 6~11세 배분 추정에 인천 전체 연령인구 성장률 적용. 보행권·실제 이용자·신규 수혜가 아님. 후보끼리 합산하지 않음.,61.25,61.25,683.22,54.88,54.88,612.13
CG_00483,126.6666783000004,37.51412889999978,31.97,28.64,다사2646,0.005987417137802294,서구,430.438,772,1147.7,5146.9,2.0,311.367,0.0,high,"[""['인천신현초등학교' '인천신석초등학교' '인천신현북초등학교']""]",3,40.03,430.438,772,source_allocation_v2_20260911,True,unknown,"500m 내 재개발 3건: unknown(19m), unknown(329m), unknown(307m)",3.281259,straight_500m,estimated,40.03,562.35,직선 500m 거주 아동 시나리오,2024년 6~11세 배분 추정에 인천 전체 연령인구 성장률 적용. 보행권·실제 이용자·신규 수혜가 아님. 후보끼리 합산하지 않음.,31.97,31.97,449.13,28.64,28.64,402.4
CG_01423,126.7296783000005,37.49837889999981,68.87,61.7,다사3144,0.07734540850650252,부평구,1084.1,85,204.2,5029.5,2.0,285.55,0.0,medium,"[""['인천부흥초등학교' '인천부평동초등학교']""]",2,86.23,1084.1,85,source_allocation_v2_20260911,True,unknown,500m 내 재개발 1건: unknown(345m),0.534219,straight_500m,estimated,86.23,1416.32,직선 500m 거주 아동 시나리오,2024년 6~11세 배분 추정에 인천 전체 연령인구 성장률 적용. 보행권·실제 이용자·신규 수혜가 아님. 후보끼리 합산하지 않음.,68.87,68.87,1131.18,61.7,61.7,1013.48
CG_01385,126.7274283000005,37.49837889999981,65.08,58.31,다사3144,0.038725856044485446,계양구,1073.12,89,608.1,7383.0,2.0,285.55,0.0,medium,"[""['인천부흥초등학교' '인천부평동초등학교']""]",2,81.48,1073.12,89,source_allocation_v2_20260911,False,none,,0.534219,straight_500m,estimated,81.48,1401.98,직선 500m 거주 아동 시나리오,2024년 6~11세 배분 추정에 인천 전체 연령인구 성장률 적용. 보행권·실제 이용자·신규 수혜가 아님. 후보끼리 합산하지 않음.,65.08,65.08,1119.72,58.31,58.31,1003.22
CG_01383,126.7274283000005,37.493878899999814,47.5,42.56,다사3144,0.004985328857459416,부평구,833.398,196,257.6,6036.7,2.0,233.05,0.0,medium,"[""['인천부흥초등학교' '인천부평서초등학교']""]",2,59.47,833.398,196,source_allocation_v2_20260911,False,none,,0.415598,straight_500m,estimated,59.47,1088.79,직선 500m 거주 아동 시나리오,2024년 6~11세 배분 추정에 인천 전체 연령인구 성장률 적용. 보행권·실제 이용자·신규 수혜가 아님. 후보끼리 합산하지 않음.,47.5,47.5,869.59,42.56,42.56,779.11
CG_01154,126.71167830000047,37.46237889999986,54.15,48.52,다사3040,0.06142753757613233,서구,806.708,223,158.1,16131.3,2.0,364.133,0.0,medium,"[""['인천간석초등학교' '상인천초등학교' '인천상아초등학교']""]",3,67.8,806.708,223,source_allocation_v2_20260911,True,planned,"500m 내 재개발 2건: planned(440m), unknown(151m)",0.658553,straight_500m,estimated,67.8,1053.92,직선 500m 거주 아동 시나리오,2024년 6~11세 배분 추정에 인천 전체 연령인구 성장률 적용. 보행권·실제 이용자·신규 수혜가 아님. 후보끼리 합산하지 않음.,54.15,54.15,841.74,48.52,48.52,754.16
CG_01153,126.71167830000047,37.460128899999866,63.87,57.22,다사3040,0.0025541499375055033,계양구,898.51,159,874.8,10146.4,2.0,364.133,0.0,medium,"[""['인천간석초등학교' '상인천초등학교' '인천상아초등학교']""]",3,79.97,898.51,159,source_allocation_v2_20260911,True,unknown,"500m 내 재개발 2건: unknown(205m), unknown(467m)",0.658553,straight_500m,estimated,79.97,1173.86,직선 500m 거주 아동 시나리오,2024년 6~11세 배분 추정에 인천 전체 연령인구 성장률 적용. 보행권·실제 이용자·신규 수혜가 아님. 후보끼리 합산하지 않음.,63.87,63.87,937.53,57.22,57.22,839.98
CG_01213,126.71617830000048,37.45787889999987,41.7,37.36,다사3040,0.06681688724716277,부평구,1003.302,115,759.9,4444.1,2.0,318.4,0.0,medium,"[""['인천간석초등학교' '인천상아초등학교' '인천정각초등학교']""]",3,52.21,1003.302,115,source_allocation_v2_20260911,False,none,,0.480092,straight_500m,estimated,52.21,1310.76,직선 500m 거주 아동 시나리오,2024년 6~11세 배분 추정에 인천 전체 연령인구 성장률 적용. 보행권·실제 이용자·신규 수혜가 아님. 후보끼리 합산하지 않음.,41.7,41.7,1046.87,37.36,37.36,937.95
CG_01189,126.71392830000048,37.460128899999866,65.99,59.13,다사3040,0.042959001672862325,계양구,832.2860000000001,198,809.8,10054.4,2.0,318.4,0.0,medium,"[""['인천간석초등학교' '인천상아초등학교' '인천정각초등학교']""]",3,82.63,832.2860000000001,198,source_allocation_v2_20260911,True,unknown,500m 내 재개발 1건: unknown(362m),0.480092,straight_500m,estimated,82.63,1087.34,직선 500m 거주 아동 시나리오,2024년 6~11세 배분 추정에 인천 전체 연령인구 성장률 적용. 보행권·실제 이용자·신규 수혜가 아님. 후보끼리 합산하지 않음.,65.99,65.99,868.43,59.13,59.13,778.07
CG_01188,126.71392830000048,37.45787889999987,79.74,71.44,다사3040,0.03410509404344948,계양구,1168.126,66,414.8,9535.1,2.0,318.4,0.0,medium,"[""['인천간석초등학교' '인천상아초등학교' '인천정각초등학교']""]",3,99.84,1168.126,66,source_allocation_v2_20260911,False,none,,0.480092,straight_500m,estimated,99.84,1526.1,직선 500m 거주 아동 시나리오,2024년 6~11세 배분 추정에 인천 전체 연령인구 성장률 적용. 보행권·실제 이용자·신규 수혜가 아님. 후보끼리 합산하지 않음.,79.74,79.74,1218.85,71.44,71.44,1092.04
CG_01214,126.71617830000048,37.460128899999866,45.87,41.1,다사3040,0.0956919849073177,부평구,722.2660000000001,291,752.2,4705.5,2.0,318.4,0.0,medium,"[""['인천간석초등학교' '인천상아초등학교' '인천정각초등학교']""]",3,57.43,722.2660000000001,291,source_allocation_v2_20260911,False,none,,0.480092,straight_500m,estimated,57.43,943.61,직선 500m 거주 아동 시나리오,2024년 6~11세 배분 추정에 인천 전체 연령인구 성장률 적용. 보행권·실제 이용자·신규 수혜가 아님. 후보끼리 합산하지 않음.,45.87,45.87,753.63,41.1,41.1,675.22
CG_01187,126.71392830000048,37.45562889999987,112.97,101.22,다사3039,0.04021505646791107,계양구,1452.4180000000001,23,293.7,9370.4,2.0,318.4,0.0,medium,"[""['인천간석초등학교' '인천상아초등학교' '인천정각초등학교']""]",3,141.45,1452.4180000000001,23,source_allocation_v2_20260911,True,unknown,500m 내 재개발 1건: unknown(485m),0.480092,straight_500m,estimated,141.45,1897.51,직선 500m 거주 아동 시나리오,2024년 6~11세 배분 추정에 인천 전체 연령인구 성장률 적용. 보행권·실제 이용자·신규 수혜가 아님. 후보끼리 합산하지 않음.,112.97,112.97,1515.49,101.22,101.22,1357.81
CG_01411,126.7296783000005,37.460128899999866,66.7,59.76,다사3140,0.05622946864791777,남동구,758.712,258,325.4,584.9,2.0,224.133,0.667,medium,"[""['인천만수북초등학교' '인천새말초등학교' '인천동부초등학교']""]",3,83.51,758.712,258,source_allocation_v2_20260911,True,unknown,"500m 내 재개발 2건: unknown(341m), unknown(303m)",1.11231,straight_500m,estimated,83.51,991.22,직선 500m 거주 아동 시나리오,2024년 6~11세 배분 추정에 인천 전체 연령인구 성장률 적용. 보행권·실제 이용자·신규 수혜가 아님. 후보끼리 합산하지 않음.,66.7,66.7,791.66,59.76,59.76,709.29
CG_00262,126.64417830000036,37.47137889999985,3.85,3.45,다사2441,0.024725352429111537,연수구,199.35399999999998,1249,1381.2,3977.9,1.0,377.125,0.0,high,"[""['인천서림초등학교' '인천창영초등학교' '인천동명초등학교' '영화초등학교']""]",4,4.82,199.35399999999998,1249,source_allocation_v2_20260911,True,planned,"500m 내 재개발 6건: unknown(409m), planned(115m), planned(467m)",0.589459,straight_500m,estimated,4.82,260.45,직선 500m 거주 아동 시나리오,2024년 6~11세 배분 추정에 인천 전체 연령인구 성장률 적용. 보행권·실제 이용자·신규 수혜가 아님. 후보끼리 합산하지 않음.,3.85,3.85,208.01,3.45,3.45,186.37
CG_00453,126.6644283000004,37.51637889999978,46.06,41.27,다사2646,0.05724675887205533,미추홀구,,,799.5,2906.6,2.0,407.05,0.0,high,"[""['인천신현초등학교' '인천신현북초등학교']""]",2,57.67,,,source_allocation_v2_20260911,True,unknown,"500m 내 재개발 2건: unknown(301m), unknown(388m)",1.249538,straight_500m,missing_age_observations,57.67,,직선 500m 거주 아동 시나리오,2024년 6~11세 배분 추정에 인천 전체 연령인구 성장률 적용. 보행권·실제 이용자·신규 수혜가 아님. 후보끼리 합산하지 않음.,46.06,46.06,,41.27,41.27,
CG_00573,126.6711783000004,37.51637889999978,34.93,31.3,다사2646,0.028003261876964128,연수구,651.462,362,751.0,973.1,2.0,407.05,0.0,high,"[""['인천신현초등학교' '인천신현북초등학교']""]",2,43.74,651.462,362,source_allocation_v2_20260911,True,unknown,"500m 내 재개발 3건: unknown(468m), unknown(371m), unknown(150m)",1.249538,straight_500m,estimated,43.74,851.1,직선 500m 거주 아동 시나리오,2024년 6~11세 배분 추정에 인천 전체 연령인구 성장률 적용. 보행권·실제 이용자·신규 수혜가 아님. 후보끼리 합산하지 않음.,34.93,34.93,679.75,31.3,31.3,609.03
CG_00574,126.6711783000004,37.518628899999776,87.02,77.97,다사2646,0.07346991466383831,연수구,1089.73,84,604.9,838.7,2.0,407.05,0.0,high,"[""['인천신현초등학교' '인천신현북초등학교']""]",2,108.96,1089.73,84,source_allocation_v2_20260911,True,unknown,"500m 내 재개발 2건: unknown(404m), unknown(377m)",1.249538,straight_500m,estimated,108.96,1423.68,직선 500m 거주 아동 시나리오,2024년 6~11세 배분 추정에 인천 전체 연령인구 성장률 적용. 보행권·실제 이용자·신규 수혜가 아님. 후보끼리 합산하지 않음.,87.02,87.02,1137.05,77.97,77.97,1018.75
CG_00484,126.6666783000004,37.51637889999978,36.91,33.07,다사2646,0.005430671128662011,서구,511.57399999999996,588,923.5,5130.8,2.0,407.05,0.0,high,"[""['인천신현초등학교' '인천신현북초등학교']""]",2,46.22,511.57399999999996,588,source_allocation_v2_20260911,True,unknown,"500m 내 재개발 3건: unknown(233m), unknown(321m), unknown(471m)",1.249538,straight_500m,estimated,46.22,668.35,직선 500m 거주 아동 시나리오,2024년 6~11세 배분 추정에 인천 전체 연령인구 성장률 적용. 보행권·실제 이용자·신규 수혜가 아님. 후보끼리 합산하지 않음.,36.91,36.91,533.79,33.07,33.07,478.25
CG_00522,126.6689283000004,37.51412889999978,18.31,16.4,다사2646,0.06967818433980381,서구,493.498,632,587.1,6862.2,2.0,407.05,0.0,high,"[""['인천신현초등학교' '인천신현북초등학교']""]",2,22.92,493.498,632,source_allocation_v2_20260911,True,unknown,"500m 내 재개발 3건: unknown(208m), unknown(169m), unknown(495m)",1.249538,straight_500m,estimated,22.92,644.73,직선 500m 거주 아동 시나리오,2024년 6~11세 배분 추정에 인천 전체 연령인구 성장률 적용. 보행권·실제 이용자·신규 수혜가 아님. 후보끼리 합산하지 않음.,18.31,18.31,514.93,16.4,16.4,461.35
CG_00523,126.6689283000004,37.51637889999978,26.92,24.11,다사2646,0.04605107817470511,서구,657.766,350,1124.6,7419.2,2.0,407.05,0.0,high,"[""['인천신현초등학교' '인천신현북초등학교']""]",2,33.7,657.766,350,source_allocation_v2_20260911,True,unknown,"500m 내 재개발 2건: unknown(311m), unknown(153m)",1.249538,straight_500m,estimated,33.7,859.34,직선 500m 거주 아동 시나리오,2024년 6~11세 배분 추정에 인천 전체 연령인구 성장률 적용. 보행권·실제 이용자·신규 수혜가 아님. 후보끼리 합산하지 않음.,26.92,26.92,686.33,24.11,24.11,614.92
CG_01499,126.73417830000051,37.493878899999814,50.44,45.2,다사3244,0.04092258753970745,부평구,1051.88,95,89.1,4091.4,2.0,197.05,0.0,low,"[""['인천부개서초등학교' '인천부흥초등학교']""]",2,63.16,1051.88,95,source_allocation_v2_20260911,True,unknown,500m 내 재개발 1건: unknown(383m),1.482688,straight_500m,estimated,63.16,1374.23,직선 500m 거주 아동 시나리오,2024년 6~11세 배분 추정에 인천 전체 연령인구 성장률 적용. 보행권·실제 이용자·신규 수혜가 아님. 후보끼리 합산하지 않음.,50.44,50.44,1097.56,45.2,45.2,983.36
CG_01460,126.7319283000005,37.493878899999814,93.54,83.81,다사3244,0.10774875031412022,부평구,1150.904,69,530.2,4267.8,2.0,197.05,0.0,low,"[""['인천부개서초등학교' '인천부흥초등학교']""]",2,117.12,1150.904,69,source_allocation_v2_20260911,True,unknown,500m 내 재개발 1건: unknown(396m),1.482688,straight_500m,estimated,117.12,1503.6,직선 500m 거주 아동 시나리오,2024년 6~11세 배분 추정에 인천 전체 연령인구 성장률 적용. 보행권·실제 이용자·신규 수혜가 아님. 후보끼리 합산하지 않음.,93.54,93.54,1200.88,83.81,83.81,1075.94
CG_01046,126.70492830000046,37.50962889999979,3.87,3.46,다사2945,0.047793824581713086,남동구,591.482,439,356.5,472.3,1.0,636.7,0.0,high,"[""['인천부마초등학교' '인천산곡북초등학교']""]",2,4.84,591.482,439,source_allocation_v2_20260911,True,planned,500m 내 재개발 1건: planned(430m),0.445779,straight_500m,estimated,4.84,772.74,직선 500m 거주 아동 시나리오,2024년 6~11세 배분 추정에 인천 전체 연령인구 성장률 적용. 보행권·실제 이용자·신규 수혜가 아님. 후보끼리 합산하지 않음.,3.87,3.87,617.17,3.46,3.46,552.95
CG_01506,126.73417830000051,37.532128899999755,13.98,12.52,다사3248,0.0468872909231554,계양구,518.5999999999999,568,183.2,8937.4,2.0,388.0,0.0,medium,"[""['인천화전초등학교' '인천작동초등학교' '인천부현초등학교']""]",3,17.5,518.5999999999999,568,source_allocation_v2_20260911,True,unknown,500m 내 재개발 1건: unknown(476m),0.626167,straight_500m,estimated,17.5,677.52,직선 500m 거주 아동 시나리오,2024년 6~11세 배분 추정에 인천 전체 연령인구 성장률 적용. 보행권·실제 이용자·신규 수혜가 아님. 후보끼리 합산하지 않음.,13.98,13.98,541.12,12.52,12.52,484.82
CG_00245,126.64192830000036,37.47812889999984,4.3,3.85,다사2442,0.06783648946858943,미추홀구,356.08000000000004,928,294.0,1278.3,1.0,456.0,0.0,high,"[""['인천서림초등학교' '인천서흥초등학교' '인천동명초등학교']""]",3,5.38,356.08000000000004,928,source_allocation_v2_20260911,False,none,,0.597794,straight_500m,estimated,5.38,465.2,직선 500m 거주 아동 시나리오,2024년 6~11세 배분 추정에 인천 전체 연령인구 성장률 적용. 보행권·실제 이용자·신규 수혜가 아님. 후보끼리 합산하지 않음.,4.3,4.3,371.54,3.85,3.85,332.89
CG_00265,126.64417830000036,37.47812889999984,9.54,8.55,다사2442,0.07197389900169394,연수구,232.216,1185,855.8,1076.4,1.0,456.0,0.0,high,"[""['인천서림초등학교' '인천서흥초등학교' '인천동명초등학교']""]",3,11.95,232.216,1185,source_allocation_v2_20260911,True,planned,"500m 내 재개발 3건: planned(491m), unknown(416m), unknown(471m)",0.597794,straight_500m,estimated,11.95,303.38,직선 500m 거주 아동 시나리오,2024년 6~11세 배분 추정에 인천 전체 연령인구 성장률 적용. 보행권·실제 이용자·신규 수혜가 아님. 후보끼리 합산하지 않음.,9.54,9.54,242.3,8.55,8.55,217.09
CG_00264,126.64417830000036,37.47587889999984,14.1,12.63,다사2442,0.08966317977979288,연수구,215.358,1221,539.0,663.2,1.0,456.0,0.0,high,"[""['인천서림초등학교' '인천서흥초등학교' '인천동명초등학교']""]",3,17.65,215.358,1221,source_allocation_v2_20260911,True,planned,"500m 내 재개발 4건: planned(437m), planned(329m), unknown(495m)",0.597794,straight_500m,estimated,17.65,281.35,직선 500m 거주 아동 시나리오,2024년 6~11세 배분 추정에 인천 전체 연령인구 성장률 적용. 보행권·실제 이용자·신규 수혜가 아님. 후보끼리 합산하지 않음.,14.1,14.1,224.71,12.63,12.63,201.33
CG_00335,126.65317830000038,37.4241289,55.86,50.05,다사2536,0.11204455537771589,연수구,507.692,596,205.3,629.9,2.0,247.567,1.333,medium,"[""['인천옥련초등학교' '인천능허대초등학교' '인천축현초등학교']""]",3,69.94,507.692,596,source_allocation_v2_20260911,True,unknown,500m 내 재개발 1건: unknown(375m),1.21433,straight_500m,estimated,69.94,663.27,직선 500m 거주 아동 시나리오,2024년 6~11세 배분 추정에 인천 전체 연령인구 성장률 적용. 보행권·실제 이용자·신규 수혜가 아님. 후보끼리 합산하지 않음.,55.86,55.86,529.74,50.05,50.05,474.62
CG_00312,126.65092830000037,37.4241289,109.08,97.73,다사2436,0.09457932816362417,연수구,747.278,269,97.9,577.6,2.0,247.567,1.333,medium,"[""['인천옥련초등학교' '인천능허대초등학교' '인천축현초등학교']""]",3,136.58,747.278,269,source_allocation_v2_20260911,True,unknown,500m 내 재개발 1건: unknown(461m),1.21433,straight_500m,estimated,136.58,976.28,직선 500m 거주 아동 시나리오,2024년 6~11세 배분 추정에 인천 전체 연령인구 성장률 적용. 보행권·실제 이용자·신규 수혜가 아님. 후보끼리 합산하지 않음.,109.08,109.08,779.73,97.73,97.73,698.6
CG_00311,126.65092830000037,37.4218789,31.31,28.05,다사2436,0.1444231293893407,연수구,515.5620000000001,577,293.8,401.9,2.0,247.567,1.333,medium,"[""['인천옥련초등학교' '인천능허대초등학교' '인천축현초등학교']""]",3,39.2,515.5620000000001,577,source_allocation_v2_20260911,False,none,,1.21433,straight_500m,estimated,39.2,673.56,직선 500m 거주 아동 시나리오,2024년 6~11세 배분 추정에 인천 전체 연령인구 성장률 적용. 보행권·실제 이용자·신규 수혜가 아님. 후보끼리 합산하지 않음.,31.31,31.31,537.95,28.05,28.05,481.98
CG_01322,126.72292830000049,37.49612889999981,18.95,16.98,다사3144,0.013838218718958765,남동구,657.164,352,375.0,739.9,2.0,356.5,0.0,medium,"[""['인천부평동초등학교' '인천부평서초등학교']""]",2,23.73,657.164,352,source_allocation_v2_20260911,False,none,,0.324463,straight_500m,estimated,23.73,858.55,직선 500m 거주 아동 시나리오,2024년 6~11세 배분 추정에 인천 전체 연령인구 성장률 적용. 보행권·실제 이용자·신규 수혜가 아님. 후보끼리 합산하지 않음.,18.95,18.95,685.7,16.98,16.98,614.36
CG_01292,126.72067830000049,37.49612889999981,57.13,51.19,다사3144,0.056808180174787656,남동구,656.0820000000001,355,284.4,543.9,2.0,356.5,0.0,medium,"[""['인천부평동초등학교' '인천부평서초등학교']""]",2,71.53,656.0820000000001,355,source_allocation_v2_20260911,False,none,,0.324463,straight_500m,estimated,71.53,857.14,직선 500m 거주 아동 시나리오,2024년 6~11세 배분 추정에 인천 전체 연령인구 성장률 적용. 보행권·실제 이용자·신규 수혜가 아님. 후보끼리 합산하지 않음.,57.13,57.13,684.57,51.19,51.19,613.35
CG_01352,126.7251783000005,37.49837889999981,59.76,53.55,다사3144,0.018553542375040904,계양구,921.0339999999999,150,664.8,9661.4,2.0,356.5,0.0,medium,"[""['인천부평동초등학교' '인천부평서초등학교']""]",2,74.83,921.0339999999999,150,source_allocation_v2_20260911,False,none,,0.324463,straight_500m,estimated,74.83,1203.29,직선 500m 거주 아동 시나리오,2024년 6~11세 배분 추정에 인천 전체 연령인구 성장률 적용. 보행권·실제 이용자·신규 수혜가 아님. 후보끼리 합산하지 않음.,59.76,59.76,961.03,53.55,53.55,861.04
CG_01351,126.7251783000005,37.49612889999981,38.55,34.54,다사3144,0.031455555067071206,계양구,770.414,251,338.6,9329.8,2.0,356.5,0.0,medium,"[""['인천부평동초등학교' '인천부평서초등학교']""]",2,48.27,770.414,251,source_allocation_v2_20260911,False,none,,0.324463,straight_500m,estimated,48.27,1006.51,직선 500m 거주 아동 시나리오,2024년 6~11세 배분 추정에 인천 전체 연령인구 성장률 적용. 보행권·실제 이용자·신규 수혜가 아님. 후보끼리 합산하지 않음.,38.55,38.55,803.87,34.54,34.54,720.23
CG_01387,126.7274283000005,37.5028788999998,53.47,47.91,다사3145,0.1337201953691322,계양구,915.7560000000001,152,453.5,7727.7,2.0,314.5,0.0,medium,"[""['인천개흥초등학교' '인천부평동초등학교']""]",2,66.95,915.7560000000001,152,source_allocation_v2_20260911,True,completed,"500m 내 재개발 2건: unknown(420m), completed(164m)",1.922499,straight_500m,estimated,66.95,1196.39,직선 500m 거주 아동 시나리오,2024년 6~11세 배분 추정에 인천 전체 연령인구 성장률 적용. 보행권·실제 이용자·신규 수혜가 아님. 후보끼리 합산하지 않음.,53.47,53.47,955.52,47.91,47.91,856.11
CG_01558,126.73867830000052,37.48937889999982,46.8,41.93,다사3243,0.07057722092467256,계양구,675.772,330,203.3,9775.3,2.0,268.95,0.0,medium,"[""['인천부개초등학교' '인천부개서초등학교']""]",2,58.6,675.772,330,source_allocation_v2_20260911,False,none,,1.456886,straight_500m,estimated,58.6,882.86,직선 500m 거주 아동 시나리오,2024년 6~11세 배분 추정에 인천 전체 연령인구 성장률 적용. 보행권·실제 이용자·신규 수혜가 아님. 후보끼리 합산하지 않음.,46.8,46.8,705.12,41.93,41.93,631.75
CG_01530,126.73642830000051,37.48937889999982,38.06,34.1,다사3243,0.028741755432430034,계양구,858.4699999999999,186,409.7,8596.9,2.0,268.95,0.0,medium,"[""['인천부개초등학교' '인천부개서초등학교']""]",2,47.65,858.4699999999999,186,source_allocation_v2_20260911,True,unknown,"500m 내 재개발 2건: unknown(475m), unknown(370m)",1.456886,straight_500m,estimated,47.65,1121.55,직선 500m 거주 아동 시나리오,2024년 6~11세 배분 추정에 인천 전체 연령인구 성장률 적용. 보행권·실제 이용자·신규 수혜가 아님. 후보끼리 합산하지 않음.,38.06,38.06,895.75,34.1,34.1,802.55
CG_01343,126.7251783000005,37.460128899999866,41.85,37.5,다사3140,0.04736377941357983,부평구,843.26,192,528.4,6515.6,2.0,181.75,1.0,medium,"[""['인천인동초등학교' '인천동부초등학교']""]",2,52.4,843.26,192,source_allocation_v2_20260911,True,unknown,"500m 내 재개발 2건: unknown(352m), unknown(272m)",0.662341,straight_500m,estimated,52.4,1101.68,직선 500m 거주 아동 시나리오,2024년 6~11세 배분 추정에 인천 전체 연령인구 성장률 적용. 보행권·실제 이용자·신규 수혜가 아님. 후보끼리 합산하지 않음.,41.85,41.85,879.88,37.5,37.5,788.33
CG_01345,126.7251783000005,37.46462889999986,55.62,49.83,다사3140,0.0403517802160857,계양구,,,0.0,7817.4,2.0,181.75,1.0,medium,"[""['인천인동초등학교' '인천동부초등학교']""]",2,69.64,,,source_allocation_v2_20260911,True,unknown,500m 내 재개발 1건: unknown(300m),0.662341,straight_500m,missing_age_observations,69.64,,직선 500m 거주 아동 시나리오,2024년 6~11세 배분 추정에 인천 전체 연령인구 성장률 적용. 보행권·실제 이용자·신규 수혜가 아님. 후보끼리 합산하지 않음.,55.62,55.62,,49.83,49.83,
CG_01344,126.7251783000005,37.46237889999986,79.24,71.0,다사3140,0.061560599637627424,계양구,,,392.5,7558.9,2.0,181.75,1.0,medium,"[""['인천인동초등학교' '인천동부초등학교']""]",2,99.22,,,source_allocation_v2_20260911,True,unknown,"500m 내 재개발 2건: unknown(211m), unknown(490m)",0.662341,straight_500m,missing_age_observations,99.22,,직선 500m 거주 아동 시나리오,2024년 6~11세 배분 추정에 인천 전체 연령인구 성장률 적용. 보행권·실제 이용자·신규 수혜가 아님. 후보끼리 합산하지 않음.,79.24,79.24,,71.0,71.0,
CG_01316,126.72292830000049,37.46462889999986,130.65,117.05,다사3140,0.05801665062691999,계양구,,,482.0,9621.2,2.0,181.75,1.0,medium,"[""['인천인동초등학교' '인천동부초등학교']""]",2,163.58,,,source_allocation_v2_20260911,True,unknown,500m 내 재개발 1건: unknown(461m),0.662341,straight_500m,missing_age_observations,163.58,,직선 500m 거주 아동 시나리오,2024년 6~11세 배분 추정에 인천 전체 연령인구 성장률 적용. 보행권·실제 이용자·신규 수혜가 아님. 후보끼리 합산하지 않음.,130.65,130.65,,117.05,117.05,
CG_01221,126.71617830000048,37.52987889999976,53.73,48.14,다사3048,0.056274835418989304,계양구,724.212,289,36.5,9282.6,2.0,248.0,0.0,medium,"[""['인천효성동초등학교' '인천명현초등학교' '인천효성남초등학교']""]",3,67.28,724.212,289,source_allocation_v2_20260911,True,completed,"500m 내 재개발 3건: unknown(371m), completed(331m), completed(140m)",1.475723,straight_500m,estimated,67.28,946.15,직선 500m 거주 아동 시나리오,2024년 6~11세 배분 추정에 인천 전체 연령인구 성장률 적용. 보행권·실제 이용자·신규 수혜가 아님. 후보끼리 합산하지 않음.,53.73,53.73,755.66,48.14,48.14,677.04
CG_01222,126.71617830000048,37.532128899999755,30.75,27.55,다사3048,0.06682420116401705,계양구,551.548,498,354.2,9431.2,2.0,248.0,0.0,medium,"[""['인천효성동초등학교' '인천명현초등학교' '인천효성남초등학교']""]",3,38.5,551.548,498,source_allocation_v2_20260911,True,completed,"500m 내 재개발 3건: completed(457m), completed(309m), unknown(376m)",1.475723,straight_500m,estimated,38.5,720.57,직선 500m 거주 아동 시나리오,2024년 6~11세 배분 추정에 인천 전체 연령인구 성장률 적용. 보행권·실제 이용자·신규 수혜가 아님. 후보끼리 합산하지 않음.,30.75,30.75,575.5,27.55,27.55,515.62
CG_01167,126.71167830000047,37.52987889999976,33.24,29.78,다사3048,0.029167969345226398,남동구,610.462,416,342.6,797.7,2.0,248.0,0.0,medium,"[""['인천효성동초등학교' '인천명현초등학교' '인천효성남초등학교']""]",3,41.62,610.462,416,source_allocation_v2_20260911,True,completed,"500m 내 재개발 4건: unknown(361m), completed(209m), completed(361m)",1.475723,straight_500m,estimated,41.62,797.54,직선 500m 거주 아동 시나리오,2024년 6~11세 배분 추정에 인천 전체 연령인구 성장률 적용. 보행권·실제 이용자·신규 수혜가 아님. 후보끼리 합산하지 않음.,33.24,33.24,636.97,29.78,29.78,570.7
CG_01195,126.71392830000048,37.52987889999976,61.03,54.68,다사3048,0.06133778517623348,남동구,696.344,314,352.1,747.2,2.0,248.0,0.0,medium,"[""['인천효성동초등학교' '인천명현초등학교' '인천효성남초등학교']""]",3,76.41,696.344,314,source_allocation_v2_20260911,True,completed,"500m 내 재개발 5건: unknown(436m), completed(407m), completed(284m)",1.475723,straight_500m,estimated,76.41,909.74,직선 500m 거주 아동 시나리오,2024년 6~11세 배분 추정에 인천 전체 연령인구 성장률 적용. 보행권·실제 이용자·신규 수혜가 아님. 후보끼리 합산하지 않음.,61.03,61.03,726.58,54.68,54.68,650.99
CG_00937,126.69817830000045,37.46462889999986,30.84,27.63,다사2940,0.11771038037811349,부평구,477.61600000000004,667,177.4,1071.8,2.0,143.333,0.333,medium,"[""['인천주원초등학교' '인천경원초등학교' '인천석정초등학교']""]",3,38.61,477.61600000000004,667,source_allocation_v2_20260911,True,planned,"500m 내 재개발 2건: planned(480m), unknown(397m)",1.847448,straight_500m,estimated,38.61,623.98,직선 500m 거주 아동 시나리오,2024년 6~11세 배분 추정에 인천 전체 연령인구 성장률 적용. 보행권·실제 이용자·신규 수혜가 아님. 후보끼리 합산하지 않음.,30.84,30.84,498.36,27.63,27.63,446.5
CG_01246,126.71842830000048,37.45787889999987,24.17,21.65,다사3040,0.10326321268190956,부평구,830.516,200,489.3,5990.1,2.0,260.6,0.0,low,"[""['인천간석초등학교' '인천정각초등학교']""]",2,30.26,830.516,200,source_allocation_v2_20260911,False,none,,0.427932,straight_500m,estimated,30.26,1085.03,직선 500m 거주 아동 시나리오,2024년 6~11세 배분 추정에 인천 전체 연령인구 성장률 적용. 보행권·실제 이용자·신규 수혜가 아님. 후보끼리 합산하지 않음.,24.17,24.17,866.58,21.65,21.65,776.42
CG_01494,126.73417830000051,37.48262889999983,13.43,12.04,다사3242,0.2079209307580208,부평구,359.91200000000003,922,374.7,3644.1,2.0,302.45,0.0,medium,"[""['인천부개초등학교' '인천동수초등학교']""]",2,16.82,359.91200000000003,922,source_allocation_v2_20260911,False,none,,1.915346,straight_500m,estimated,16.82,470.21,직선 500m 거주 아동 시나리오,2024년 6~11세 배분 추정에 인천 전체 연령인구 성장률 적용. 보행권·실제 이용자·신규 수혜가 아님. 후보끼리 합산하지 않음.,13.43,13.43,375.54,12.04,12.04,336.47
CG_01528,126.73642830000051,37.48487889999983,33.45,29.97,다사3243,0.09548589463681302,계양구,541.994,515,298.0,8180.9,2.0,302.45,0.0,medium,"[""['인천부개초등학교' '인천동수초등학교']""]",2,41.88,541.994,515,source_allocation_v2_20260911,True,unknown,"500m 내 재개발 2건: unknown(372m), unknown(496m)",1.915346,straight_500m,estimated,41.88,708.09,직선 500m 거주 아동 시나리오,2024년 6~11세 배분 추정에 인천 전체 연령인구 성장률 적용. 보행권·실제 이용자·신규 수혜가 아님. 후보끼리 합산하지 않음.,33.45,33.45,565.53,29.97,29.97,506.69
CG_01495,126.73417830000051,37.48487889999983,60.02,53.78,다사3243,0.038838459886403526,부평구,509.90599999999995,590,217.1,3497.0,2.0,302.45,0.0,medium,"[""['인천부개초등학교' '인천동수초등학교']""]",2,75.15,509.90599999999995,590,source_allocation_v2_20260911,True,unknown,"500m 내 재개발 2건: unknown(318m), unknown(451m)",1.915346,straight_500m,estimated,75.15,666.17,직선 500m 거주 아동 시나리오,2024년 6~11세 배분 추정에 인천 전체 연령인구 성장률 적용. 보행권·실제 이용자·신규 수혜가 아님. 후보끼리 합산하지 않음.,60.02,60.02,532.05,53.78,53.78,476.69
CG_01456,126.7319283000005,37.48487889999983,58.44,52.36,다사3243,0.04950669026488444,부평구,530.1859999999999,547,490.5,3383.5,2.0,302.45,0.0,medium,"[""['인천부개초등학교' '인천동수초등학교']""]",2,73.17,530.1859999999999,547,source_allocation_v2_20260911,True,unknown,"500m 내 재개발 3건: unknown(440m), unknown(187m), unknown(422m)",1.915346,straight_500m,estimated,73.17,692.66,직선 500m 거주 아동 시나리오,2024년 6~11세 배분 추정에 인천 전체 연령인구 성장률 적용. 보행권·실제 이용자·신규 수혜가 아님. 후보끼리 합산하지 않음.,58.44,58.44,553.21,52.36,52.36,495.65
CG_01496,126.73417830000051,37.487128899999824,40.36,36.17,다사3243,0.04929299626611069,부평구,774.1899999999999,246,349.9,3504.6,2.0,302.45,0.0,medium,"[""['인천부개초등학교' '인천동수초등학교']""]",2,50.54,774.1899999999999,246,source_allocation_v2_20260911,True,unknown,"500m 내 재개발 3건: unknown(329m), unknown(276m), unknown(236m)",1.915346,straight_500m,estimated,50.54,1011.44,직선 500m 거주 아동 시나리오,2024년 6~11세 배분 추정에 인천 전체 연령인구 성장률 적용. 보행권·실제 이용자·신규 수혜가 아님. 후보끼리 합산하지 않음.,40.36,40.36,807.81,36.17,36.17,723.76
CG_00263,126.64417830000036,37.473628899999845,21.75,19.49,다사2441,0.19083177309469584,연수구,187.592,1268,201.2,436.6,1.0,488.367,0.0,high,"[""['인천서림초등학교' '인천동명초등학교' '영화초등학교']""]",3,27.23,187.592,1268,source_allocation_v2_20260911,True,planned,"500m 내 재개발 3건: planned(199m), planned(318m), unknown(93m)",0.68171,straight_500m,estimated,27.23,245.08,직선 500m 거주 아동 시나리오,2024년 6~11세 배분 추정에 인천 전체 연령인구 성장률 적용. 보행권·실제 이용자·신규 수혜가 아님. 후보끼리 합산하지 않음.,21.75,21.75,195.74,19.49,19.49,175.37
CG_01248,126.71842830000048,37.46237889999986,43.22,38.73,다사3040,0.0062943877411833086,계양구,848.8399999999999,190,285.5,7317.0,2.0,200.65,0.0,low,"[""['인천간석초등학교' '인천인동초등학교']""]",2,54.12,848.8399999999999,190,source_allocation_v2_20260911,False,none,,0.827853,straight_500m,estimated,54.12,1108.97,직선 500m 거주 아동 시나리오,2024년 6~11세 배분 추정에 인천 전체 연령인구 성장률 적용. 보행권·실제 이용자·신규 수혜가 아님. 후보끼리 합산하지 않음.,43.22,43.22,885.7,38.73,38.73,793.55
CG_01215,126.71617830000048,37.46237889999986,36.71,32.89,다사3040,0.11248234408494118,부평구,874.2719999999999,176,482.1,5118.3,2.0,200.65,0.0,low,"[""['인천간석초등학교' '인천인동초등학교']""]",2,45.97,874.2719999999999,176,source_allocation_v2_20260911,False,none,,0.827853,straight_500m,estimated,45.97,1142.19,직선 500m 거주 아동 시나리오,2024년 6~11세 배분 추정에 인천 전체 연령인구 성장률 적용. 보행권·실제 이용자·신규 수혜가 아님. 후보끼리 합산하지 않음.,36.71,36.71,912.24,32.89,32.89,817.32
CG_00313,126.65092830000037,37.4263789,63.28,56.69,다사2436,0.04905506252813321,연수구,751.4939999999999,263,481.6,755.0,2.0,223.6,2.0,medium,"[""['인천옥련초등학교' '인천능허대초등학교']""]",2,79.23,751.4939999999999,263,source_allocation_v2_20260911,True,unknown,500m 내 재개발 1건: unknown(303m),0.70355,straight_500m,estimated,79.23,981.79,직선 500m 거주 아동 시나리오,2024년 6~11세 배분 추정에 인천 전체 연령인구 성장률 적용. 보행권·실제 이용자·신규 수혜가 아님. 후보끼리 합산하지 않음.,63.28,63.28,784.13,56.69,56.69,702.54
CG_00291,126.64867830000037,37.4263789,42.45,38.03,다사2436,0.023987934309354305,연수구,907.482,155,484.1,3315.6,2.0,223.6,2.0,medium,"[""['인천옥련초등학교' '인천능허대초등학교']""]",2,53.15,907.482,155,source_allocation_v2_20260911,True,unknown,500m 내 재개발 1건: unknown(493m),0.70355,straight_500m,estimated,53.15,1185.58,직선 500m 거주 아동 시나리오,2024년 6~11세 배분 추정에 인천 전체 연령인구 성장률 적용. 보행권·실제 이용자·신규 수혜가 아님. 후보끼리 합산하지 않음.,42.45,42.45,946.89,38.03,38.03,848.37
CG_00292,126.64867830000037,37.4286289,44.57,39.93,다사2436,0.08303508697352927,연수구,556.81,488,306.1,3319.2,2.0,223.6,2.0,medium,"[""['인천옥련초등학교' '인천능허대초등학교']""]",2,55.8,556.81,488,source_allocation_v2_20260911,True,unknown,500m 내 재개발 1건: unknown(497m),0.70355,straight_500m,estimated,55.8,727.44,직선 500m 거주 아동 시나리오,2024년 6~11세 배분 추정에 인천 전체 연령인구 성장률 적용. 보행권·실제 이용자·신규 수혜가 아님. 후보끼리 합산하지 않음.,44.57,44.57,580.99,39.93,39.93,520.54
CG_00276,126.64642830000037,37.4263789,128.46,115.09,다사2436,0.05841734224493389,연수구,896.6239999999999,160,23.7,3618.1,2.0,223.6,2.0,medium,"[""['인천옥련초등학교' '인천능허대초등학교']""]",2,160.84,896.6239999999999,160,source_allocation_v2_20260911,False,none,,0.70355,straight_500m,estimated,160.84,1171.4,직선 500m 거주 아동 시나리오,2024년 6~11세 배분 추정에 인천 전체 연령인구 성장률 적용. 보행권·실제 이용자·신규 수혜가 아님. 후보끼리 합산하지 않음.,128.46,128.46,935.56,115.09,115.09,838.22
CG_00289,126.64867830000037,37.4218789,44.48,39.85,다사2436,0.0004546918433636394,서구,599.852,427,536.0,16483.0,2.0,223.6,2.0,medium,"[""['인천옥련초등학교' '인천능허대초등학교']""]",2,55.69,599.852,427,source_allocation_v2_20260911,False,none,,0.70355,straight_500m,estimated,55.69,783.68,직선 500m 거주 아동 시나리오,2024년 6~11세 배분 추정에 인천 전체 연령인구 성장률 적용. 보행권·실제 이용자·신규 수혜가 아님. 후보끼리 합산하지 않음.,44.48,44.48,625.9,39.85,39.85,560.78
CG_00275,126.64642830000037,37.4241289,122.13,109.43,다사2436,0.0799681716539496,연수구,912.7080000000001,153,399.1,3656.7,2.0,223.6,2.0,medium,"[""['인천옥련초등학교' '인천능허대초등학교']""]",2,152.92,912.7080000000001,153,source_allocation_v2_20260911,False,none,,0.70355,straight_500m,estimated,152.92,1192.41,직선 500m 거주 아동 시나리오,2024년 6~11세 배분 추정에 인천 전체 연령인구 성장률 적용. 보행권·실제 이용자·신규 수혜가 아님. 후보끼리 합산하지 않음.,122.13,122.13,952.34,109.43,109.43,853.26
CG_00274,126.64642830000037,37.4218789,41.42,37.11,다사2436,0.03214995541678384,연수구,612.924,413,376.0,3734.7,2.0,223.6,2.0,medium,"[""['인천옥련초등학교' '인천능허대초등학교']""]",2,51.86,612.924,413,source_allocation_v2_20260911,False,none,,0.70355,straight_500m,estimated,51.86,800.75,직선 500m 거주 아동 시나리오,2024년 6~11세 배분 추정에 인천 전체 연령인구 성장률 적용. 보행권·실제 이용자·신규 수혜가 아님. 후보끼리 합산하지 않음.,41.42,41.42,639.54,37.11,37.11,573.0
CG_00256,126.64417830000036,37.4241289,71.4,63.97,다사2436,0.04336764726770182,서구,,,362.9,16522.3,2.0,223.6,2.0,medium,"[""['인천옥련초등학교' '인천능허대초등학교']""]",2,89.4,,,source_allocation_v2_20260911,False,none,,0.70355,straight_500m,missing_age_observations,89.4,,직선 500m 거주 아동 시나리오,2024년 6~11세 배분 추정에 인천 전체 연령인구 성장률 적용. 보행권·실제 이용자·신규 수혜가 아님. 후보끼리 합산하지 않음.,71.4,71.4,,63.97,63.97,
CG_01412,126.7296783000005,37.46237889999986,76.07,68.15,다사3140,0.049481609467614124,남동구,,,426.6,400.5,2.0,144.2,1.0,medium,"[""['인천새말초등학교' '인천동부초등학교']""]",2,95.24,,,source_allocation_v2_20260911,True,unknown,500m 내 재개발 1건: unknown(192m),1.668466,straight_500m,missing_age_observations,95.24,,직선 500m 거주 아동 시나리오,2024년 6~11세 배분 추정에 인천 전체 연령인구 성장률 적용. 보행권·실제 이용자·신규 수혜가 아님. 후보끼리 합산하지 않음.,76.07,76.07,,68.15,68.15,
CG_01557,126.73867830000052,37.487128899999824,47.45,42.51,다사3243,0.031740474681573594,계양구,620.572,401,316.5,9154.1,2.0,262.15,0.0,medium,"[""['인천부개초등학교' '인천일신초등학교']""]",2,59.41,620.572,401,source_allocation_v2_20260911,True,unknown,500m 내 재개발 1건: unknown(402m),0.768791,straight_500m,estimated,59.41,810.74,직선 500m 거주 아동 시나리오,2024년 6~11세 배분 추정에 인천 전체 연령인구 성장률 적용. 보행권·실제 이용자·신규 수혜가 아님. 후보끼리 합산하지 않음.,47.45,47.45,647.52,42.51,42.51,580.15
CG_01556,126.73867830000052,37.48487889999983,32.64,29.25,다사3243,0.09000359335704917,계양구,545.5020000000001,510,122.6,9032.0,2.0,262.15,0.0,medium,"[""['인천부개초등학교' '인천일신초등학교']""]",2,40.87,545.5020000000001,510,source_allocation_v2_20260911,True,unknown,500m 내 재개발 1건: unknown(196m),0.768791,straight_500m,estimated,40.87,712.67,직선 500m 거주 아동 시나리오,2024년 6~11세 배분 추정에 인천 전체 연령인구 성장률 적용. 보행권·실제 이용자·신규 수혜가 아님. 후보끼리 합산하지 않음.,32.64,32.64,569.19,29.25,29.25,509.97
CG_01555,126.73867830000052,37.48262889999983,32.09,28.75,다사3242,0.26305513433572436,계양구,389.45799999999997,861,433.8,9036.0,2.0,262.15,0.0,medium,"[""['인천부개초등학교' '인천일신초등학교']""]",2,40.18,389.45799999999997,861,source_allocation_v2_20260911,True,unknown,500m 내 재개발 1건: unknown(198m),0.768791,straight_500m,estimated,40.18,508.81,직선 500m 거주 아동 시나리오,2024년 6~11세 배분 추정에 인천 전체 연령인구 성장률 적용. 보행권·실제 이용자·신규 수혜가 아님. 후보끼리 합산하지 않음.,32.09,32.09,406.37,28.75,28.75,364.09
CG_01598,126.74317830000052,37.48487889999983,22.77,20.4,다사3343,0.7480712882880829,부평구,482.888,659,159.1,7381.4,2.0,262.15,0.0,medium,"[""['인천부개초등학교' '인천일신초등학교']""]",2,28.51,482.888,659,source_allocation_v2_20260911,True,unknown,500m 내 재개발 1건: unknown(275m),0.768791,straight_500m,estimated,28.51,630.87,직선 500m 거주 아동 시나리오,2024년 6~11세 배분 추정에 인천 전체 연령인구 성장률 적용. 보행권·실제 이용자·신규 수혜가 아님. 후보끼리 합산하지 않음.,22.77,22.77,503.86,20.4,20.4,451.43
CG_01579,126.74092830000052,37.48487889999983,43.23,38.73,다사3243,0.0009077462243864253,계양구,561.85,476,625.1,9418.6,2.0,262.15,0.0,medium,"[""['인천부개초등학교' '인천일신초등학교']""]",2,54.13,561.85,476,source_allocation_v2_20260911,True,unknown,500m 내 재개발 1건: unknown(132m),0.768791,straight_500m,estimated,54.13,734.03,직선 500m 거주 아동 시나리오,2024년 6~11세 배분 추정에 인천 전체 연령인구 성장률 적용. 보행권·실제 이용자·신규 수혜가 아님. 후보끼리 합산하지 않음.,43.23,43.23,586.25,38.73,38.73,525.25
CG_01580,126.74092830000052,37.487128899999824,55.12,49.38,다사3243,0.012915635020105789,계양구,538.6679999999999,523,656.6,9683.7,2.0,262.15,0.0,medium,"[""['인천부개초등학교' '인천일신초등학교']""]",2,69.01,538.6679999999999,523,source_allocation_v2_20260911,True,unknown,500m 내 재개발 1건: unknown(376m),0.768791,straight_500m,estimated,69.01,703.74,직선 500m 거주 아동 시나리오,2024년 6~11세 배분 추정에 인천 전체 연령인구 성장률 적용. 보행권·실제 이용자·신규 수혜가 아님. 후보끼리 합산하지 않음.,55.12,55.12,562.06,49.38,49.38,503.58
CG_01599,126.74317830000052,37.487128899999824,18.13,16.24,다사3343,0.18349521815754993,부평구,430.362,773,130.4,7597.8,2.0,262.15,0.0,medium,"[""['인천부개초등학교' '인천일신초등학교']""]",2,22.7,430.362,773,source_allocation_v2_20260911,True,unknown,500m 내 재개발 1건: unknown(446m),0.768791,straight_500m,estimated,22.7,562.25,직선 500m 거주 아동 시나리오,2024년 6~11세 배분 추정에 인천 전체 연령인구 성장률 적용. 보행권·실제 이용자·신규 수혜가 아님. 후보끼리 합산하지 않음.,18.13,18.13,449.05,16.24,16.24,402.33
CG_01578,126.74092830000052,37.48262889999983,58.09,52.04,다사3242,0.0042223985361237795,계양구,420.96000000000004,793,442.7,8575.0,2.0,262.15,0.0,medium,"[""['인천부개초등학교' '인천일신초등학교']""]",2,72.73,420.96000000000004,793,source_allocation_v2_20260911,True,unknown,500m 내 재개발 1건: unknown(135m),0.768791,straight_500m,estimated,72.73,549.96,직선 500m 거주 아동 시나리오,2024년 6~11세 배분 추정에 인천 전체 연령인구 성장률 적용. 보행권·실제 이용자·신규 수혜가 아님. 후보끼리 합산하지 않음.,58.09,58.09,439.24,52.04,52.04,393.54
CG_01491,126.73417830000051,37.45787889999987,66.11,59.24,다사3240,0.08934387260544438,남동구,511.892,585,330.0,560.0,3.0,252.2,0.667,low,"[""['인천새말초등학교' '인천조동초등학교' '인천인수초등학교']""]",3,82.78,511.892,585,source_allocation_v2_20260911,True,unknown,500m 내 재개발 1건: unknown(484m),4.317295,straight_500m,estimated,82.78,668.76,직선 500m 거주 아동 시나리오,2024년 6~11세 배분 추정에 인천 전체 연령인구 성장률 적용. 보행권·실제 이용자·신규 수혜가 아님. 후보끼리 합산하지 않음.,66.11,66.11,534.12,59.24,59.24,478.55
CG_01524,126.73642830000051,37.45787889999987,43.19,38.7,다사3240,0.1085044548864769,부평구,436.1,758,316.7,6905.5,3.0,252.2,0.667,low,"[""['인천새말초등학교' '인천조동초등학교' '인천인수초등학교']""]",3,54.08,436.1,758,source_allocation_v2_20260911,False,none,,4.317295,straight_500m,estimated,54.08,569.74,직선 500m 거주 아동 시나리오,2024년 6~11세 배분 추정에 인천 전체 연령인구 성장률 적용. 보행권·실제 이용자·신규 수혜가 아님. 후보끼리 합산하지 않음.,43.19,43.19,455.04,38.7,38.7,407.69
CG_01399,126.7274283000005,37.538878899999744,30.77,27.57,다사3149,0.07049279097228728,남동구,498.82000000000005,623,0.0,1326.4,2.0,363.333,0.0,medium,"[""['인천안남초등학교' '인천작전초등학교' '인천부현초등학교']""]",3,38.53,498.82000000000005,623,source_allocation_v2_20260911,True,unknown,500m 내 재개발 1건: unknown(359m),1.396526,straight_500m,estimated,38.53,651.68,직선 500m 거주 아동 시나리오,2024년 6~11세 배분 추정에 인천 전체 연령인구 성장률 적용. 보행권·실제 이용자·신규 수혜가 아님. 후보끼리 합산하지 않음.,30.77,30.77,520.48,27.57,27.57,466.33
CG_01438,126.7296783000005,37.538878899999744,33.85,30.33,다사3149,0.01206179784125228,계양구,557.492,486,311.4,14044.1,2.0,363.333,0.0,medium,"[""['인천안남초등학교' '인천작전초등학교' '인천부현초등학교']""]",3,42.38,557.492,486,source_allocation_v2_20260911,True,unknown,500m 내 재개발 1건: unknown(436m),1.396526,straight_500m,estimated,42.38,728.34,직선 500m 거주 아동 시나리오,2024년 6~11세 배분 추정에 인천 전체 연령인구 성장률 적용. 보행권·실제 이용자·신규 수혜가 아님. 후보끼리 합산하지 않음.,33.85,33.85,581.7,30.33,30.33,521.18
CG_01253,126.71842830000048,37.49162889999982,56.58,50.69,다사3043,0.10987112764772725,계양구,452.528,723,287.6,9069.6,2.0,351.5,0.0,medium,"[""['인천부평남초등학교' '인천부평서초등학교']""]",2,70.84,452.528,723,source_allocation_v2_20260911,False,none,,2.757928,straight_500m,estimated,70.84,591.21,직선 500m 거주 아동 시나리오,2024년 6~11세 배분 추정에 인천 전체 연령인구 성장률 적용. 보행권·실제 이용자·신규 수혜가 아님. 후보끼리 합산하지 않음.,56.58,56.58,472.18,50.69,50.69,423.05
CG_01163,126.71167830000047,37.50737889999979,100.44,89.99,다사3045,0.03929846321790898,남동구,732.068,281,586.4,832.6,1.0,991.35,0.0,high,"[""['인천마장초등학교' '인천미산초등학교']""]",2,125.76,732.068,281,source_allocation_v2_20260911,True,unknown,500m 내 재개발 1건: unknown(408m),0.0,straight_500m,estimated,125.76,956.41,직선 500m 거주 아동 시나리오,2024년 6~11세 배분 추정에 인천 전체 연령인구 성장률 적용. 보행권·실제 이용자·신규 수혜가 아님. 후보끼리 합산하지 않음.,100.44,100.44,763.86,89.99,89.99,684.38
CG_01161,126.71167830000047,37.5028788999998,72.02,64.52,다사3045,0.11091363608041385,남동구,1027.318,105,37.5,835.2,1.0,991.35,0.0,high,"[""['인천마장초등학교' '인천미산초등학교']""]",2,90.17,1027.318,105,source_allocation_v2_20260911,True,unknown,500m 내 재개발 1건: unknown(397m),0.0,straight_500m,estimated,90.17,1342.14,직선 500m 거주 아동 시나리오,2024년 6~11세 배분 추정에 인천 전체 연령인구 성장률 적용. 보행권·실제 이용자·신규 수혜가 아님. 후보끼리 합산하지 않음.,72.02,72.02,1071.93,64.52,64.52,960.4
CG_01162,126.71167830000047,37.5051288999998,89.19,79.91,다사3045,0.016375137274177096,남동구,1033.232,102,62.5,887.8,1.0,991.35,0.0,high,"[""['인천마장초등학교' '인천미산초등학교']""]",2,111.67,1033.232,102,source_allocation_v2_20260911,True,unknown,500m 내 재개발 1건: unknown(316m),0.0,straight_500m,estimated,111.67,1349.86,직선 500m 거주 아동 시나리오,2024년 6~11세 배분 추정에 인천 전체 연령인구 성장률 적용. 보행권·실제 이용자·신규 수혜가 아님. 후보끼리 합산하지 않음.,89.19,89.19,1078.1,79.91,79.91,965.93
CG_01191,126.71392830000048,37.5051288999998,53.77,48.17,다사3045,0.060179152029833316,서구,935.566,144,66.5,16122.8,1.0,991.35,0.0,high,"[""['인천마장초등학교' '인천미산초등학교']""]",2,67.32,935.566,144,source_allocation_v2_20260911,True,unknown,"500m 내 재개발 3건: unknown(117m), unknown(372m), unknown(416m)",0.0,straight_500m,estimated,67.32,1222.27,직선 500m 거주 아동 시나리오,2024년 6~11세 배분 추정에 인천 전체 연령인구 성장률 적용. 보행권·실제 이용자·신규 수혜가 아님. 후보끼리 합산하지 않음.,53.77,53.77,976.19,48.17,48.17,874.63
CG_00978,126.70042830000045,37.5051288999998,23.06,20.66,다사2945,0.0,연수구,753.566,261,576.4,1699.9,1.0,500.7,0.0,high,"[""['인천부마초등학교' '인천산곡초등학교']""]",2,28.87,753.566,261,source_allocation_v2_20260911,True,planned,"500m 내 재개발 4건: unknown(339m), planned(210m), planned(379m)",0.0,straight_500m,estimated,28.87,984.5,직선 500m 거주 아동 시나리오,2024년 6~11세 배분 추정에 인천 전체 연령인구 성장률 적용. 보행권·실제 이용자·신규 수혜가 아님. 후보끼리 합산하지 않음.,23.06,23.06,786.29,20.66,20.66,704.48
CG_00979,126.70042830000045,37.50737889999979,41.61,37.28,다사2945,0.0,연수구,517.1039999999999,572,546.0,967.0,1.0,500.7,0.0,high,"[""['인천부마초등학교' '인천산곡초등학교']""]",2,52.1,517.1039999999999,572,source_allocation_v2_20260911,True,planned,"500m 내 재개발 2건: planned(175m), unknown(246m)",0.0,straight_500m,estimated,52.1,675.57,직선 500m 거주 아동 시나리오,2024년 6~11세 배분 추정에 인천 전체 연령인구 성장률 적용. 보행권·실제 이용자·신규 수혜가 아님. 후보끼리 합산하지 않음.,41.61,41.61,539.56,37.28,37.28,483.42
CG_01010,126.70267830000046,37.5051288999998,12.02,10.77,다사2945,0.11650531127453276,남동구,1019.6200000000001,110,153.6,153.6,1.0,500.7,0.0,high,"[""['인천부마초등학교' '인천산곡초등학교']""]",2,15.05,1019.6200000000001,110,source_allocation_v2_20260911,True,planned,"500m 내 재개발 3건: unknown(495m), planned(161m), unknown(463m)",0.0,straight_500m,estimated,15.05,1332.08,직선 500m 거주 아동 시나리오,2024년 6~11세 배분 추정에 인천 전체 연령인구 성장률 적용. 보행권·실제 이용자·신규 수혜가 아님. 후보끼리 합산하지 않음.,12.02,12.02,1063.9,10.77,10.77,953.2
CG_00199,126.63742830000035,37.47137889999985,5.55,4.97,다사2341,0.09775978794405564,미추홀구,324.422,1007,115.3,1150.6,2.0,265.375,0.5,medium,"[""['인천창영초등학교' '인천동명초등학교' '인천송림초등학교' '영화초등학교']""]",4,6.95,324.422,1007,source_allocation_v2_20260911,True,unknown,"500m 내 재개발 5건: unknown(292m), unknown(315m), unknown(364m)",1.517989,straight_500m,estimated,6.95,423.84,직선 500m 거주 아동 시나리오,2024년 6~11세 배분 추정에 인천 전체 연령인구 성장률 적용. 보행권·실제 이용자·신규 수혜가 아님. 후보끼리 합산하지 않음.,5.55,5.55,338.51,4.97,4.97,303.29
CG_00222,126.63967830000036,37.473628899999845,25.15,22.53,다사2341,0.12271345230161862,미추홀구,329.462,992,349.1,1145.5,2.0,265.375,0.5,medium,"[""['인천창영초등학교' '인천동명초등학교' '인천송림초등학교' '영화초등학교']""]",4,31.49,329.462,992,source_allocation_v2_20260911,True,unknown,"500m 내 재개발 4건: unknown(492m), unknown(500m), unknown(320m)",1.517989,straight_500m,estimated,31.49,430.43,직선 500m 거주 아동 시나리오,2024년 6~11세 배분 추정에 인천 전체 연령인구 성장률 적용. 보행권·실제 이용자·신규 수혜가 아님. 후보끼리 합산하지 않음.,25.15,25.15,343.77,22.53,22.53,308.0
CG_00729,126.68017830000042,37.44887889999988,26.04,23.33,다사2739,0.022540891745437677,서구,522.836,557,708.7,7494.5,2.0,182.75,0.0,medium,"[""['인천주안남초등학교' '인천남부초등학교']""]",2,32.61,522.836,557,source_allocation_v2_20260911,True,planned,"500m 내 재개발 2건: planned(212m), unknown(193m)",0.315688,straight_500m,estimated,32.61,683.06,직선 500m 거주 아동 시나리오,2024년 6~11세 배분 추정에 인천 전체 연령인구 성장률 적용. 보행권·실제 이용자·신규 수혜가 아님. 후보끼리 합산하지 않음.,26.04,26.04,545.54,23.33,23.33,488.78
CG_00730,126.68017830000042,37.45112889999988,18.48,16.56,다사2739,0.03598079449945498,서구,538.774,522,569.5,7696.8,2.0,182.75,0.0,medium,"[""['인천주안남초등학교' '인천남부초등학교']""]",2,23.14,538.774,522,source_allocation_v2_20260911,True,planned,"500m 내 재개발 2건: planned(169m), unknown(304m)",0.315688,straight_500m,estimated,23.14,703.88,직선 500m 거주 아동 시나리오,2024년 6~11세 배분 추정에 인천 전체 연령인구 성장률 적용. 보행권·실제 이용자·신규 수혜가 아님. 후보끼리 합산하지 않음.,18.48,18.48,562.17,16.56,16.56,503.68
CG_00823,126.68692830000043,37.44887889999988,35.37,31.69,다사2839,0.09977189871270546,서구,536.322,534,390.5,3632.4,2.0,130.95,0.0,medium,"[""['인천관교초등학교' '인천주안남초등학교']""]",2,44.28,536.322,534,source_allocation_v2_20260911,True,planned,"500m 내 재개발 3건: unknown(78m), unknown(405m), planned(391m)",0.807876,straight_500m,estimated,44.28,700.68,직선 500m 거주 아동 시나리오,2024년 6~11세 배분 추정에 인천 전체 연령인구 성장률 적용. 보행권·실제 이용자·신규 수혜가 아님. 후보끼리 합산하지 않음.,35.37,35.37,559.61,31.69,31.69,501.39
CG_00822,126.68692830000043,37.44662889999989,74.76,66.98,다사2838,0.0037185826345051964,서구,491.52599999999995,634,663.1,3432.8,2.0,130.95,0.0,medium,"[""['인천관교초등학교' '인천주안남초등학교']""]",2,93.6,491.52599999999995,634,source_allocation_v2_20260911,True,planned,"500m 내 재개발 3건: unknown(279m), unknown(483m), planned(390m)",0.807876,straight_500m,estimated,93.6,642.15,직선 500m 거주 아동 시나리오,2024년 6~11세 배분 추정에 인천 전체 연령인구 성장률 적용. 보행권·실제 이용자·신규 수혜가 아님. 후보끼리 합산하지 않음.,74.76,74.76,512.87,66.98,66.98,459.51
CG_00841,126.68917830000044,37.44887889999988,27.31,24.47,다사2839,0.03041410218180221,서구,526.764,554,350.5,19742.6,2.0,130.95,0.0,medium,"[""['인천관교초등학교' '인천주안남초등학교']""]",2,34.19,526.764,554,source_allocation_v2_20260911,True,planned,"500m 내 재개발 2건: unknown(276m), planned(213m)",0.807876,straight_500m,estimated,34.19,688.19,직선 500m 거주 아동 시나리오,2024년 6~11세 배분 추정에 인천 전체 연령인구 성장률 적용. 보행권·실제 이용자·신규 수혜가 아님. 후보끼리 합산하지 않음.,27.31,27.31,549.64,24.47,24.47,492.45
CG_01401,126.7274283000005,37.54337889999974,13.94,12.49,다사3149,0.036358623984087096,남동구,406.65999999999997,825,307.1,959.0,2.0,313.4,0.0,medium,"[""['인천안산초등학교' '인천안남초등학교' '인천부평초등학교']""]",3,17.46,406.65999999999997,825,source_allocation_v2_20260911,True,unknown,"500m 내 재개발 4건: unknown(155m), unknown(284m), unknown(491m)",0.359108,straight_500m,estimated,17.46,531.28,직선 500m 거주 아동 시나리오,2024년 6~11세 배분 추정에 인천 전체 연령인구 성장률 적용. 보행권·실제 이용자·신규 수혜가 아님. 후보끼리 합산하지 않음.,13.94,13.94,424.32,12.49,12.49,380.17
CG_00904,126.69592830000045,37.46462889999986,38.18,34.2,다사2840,0.06917915992938933,남동구,639.0680000000001,382,239.7,470.0,2.0,90.5,0.0,low,"[""['인천경원초등학교' '인천석정초등학교']""]",2,47.8,639.0680000000001,382,source_allocation_v2_20260911,True,planned,"500m 내 재개발 2건: planned(451m), unknown(464m)",1.103594,straight_500m,estimated,47.8,834.91,직선 500m 거주 아동 시나리오,2024년 6~11세 배분 추정에 인천 전체 연령인구 성장률 적용. 보행권·실제 이용자·신규 수혜가 아님. 후보끼리 합산하지 않음.,38.18,38.18,666.82,34.2,34.2,597.44
CG_00882,126.69367830000044,37.46462889999986,43.17,38.68,다사2840,0.023977235383426904,부평구,818.102,209,669.8,4992.3,2.0,90.5,0.0,low,"[""['인천경원초등학교' '인천석정초등학교']""]",2,54.05,818.102,209,source_allocation_v2_20260911,True,unknown,"500m 내 재개발 2건: unknown(477m), unknown(270m)",1.103594,straight_500m,estimated,54.05,1068.81,직선 500m 거주 아동 시나리오,2024년 6~11세 배분 추정에 인천 전체 연령인구 성장률 적용. 보행권·실제 이용자·신규 수혜가 아님. 후보끼리 합산하지 않음.,43.17,43.17,853.63,38.68,38.68,764.81
CG_01377,126.7274283000005,37.460128899999866,41.63,37.3,다사3140,0.07325173587634443,부평구,803.306,224,327.1,4108.4,2.0,265.8,1.0,medium,"[""['인천만수북초등학교' '인천동부초등학교']""]",2,52.13,803.306,224,source_allocation_v2_20260911,True,unknown,"500m 내 재개발 2건: unknown(284m), unknown(209m)",0.140097,straight_500m,estimated,52.13,1049.48,직선 500m 거주 아동 시나리오,2024년 6~11세 배분 추정에 인천 전체 연령인구 성장률 적용. 보행권·실제 이용자·신규 수혜가 아님. 후보끼리 합산하지 않음.,41.63,41.63,838.19,37.3,37.3,750.98
CG_01542,126.73642830000051,37.54337889999974,26.9,24.1,다사3249,0.05107617997747515,남동구,556.7239999999999,489,305.0,1570.8,2.0,362.367,0.0,medium,"[""['인천안산초등학교' '인천안남초등학교' '인천병방초등학교']""]",3,33.68,556.7239999999999,489,source_allocation_v2_20260911,True,unknown,500m 내 재개발 1건: unknown(499m),0.417648,straight_500m,estimated,33.68,727.33,직선 500m 거주 아동 시나리오,2024년 6~11세 배분 추정에 인천 전체 연령인구 성장률 적용. 보행권·실제 이용자·신규 수혜가 아님. 후보끼리 합산하지 않음.,26.9,26.9,580.9,24.1,24.1,520.46
CG_01493,126.73417830000051,37.46237889999986,44.61,39.96,다사3240,0.07305514289919157,남동구,691.178,319,212.3,212.3,3.0,214.05,0.0,low,"[""['인천새말초등학교' '인천조동초등학교']""]",2,55.85,691.178,319,source_allocation_v2_20260911,True,completed,"500m 내 재개발 4건: completed(417m), completed(300m), completed(319m)",4.786688,straight_500m,estimated,55.85,902.99,직선 500m 거주 아동 시나리오,2024년 6~11세 배분 추정에 인천 전체 연령인구 성장률 적용. 보행권·실제 이용자·신규 수혜가 아님. 후보끼리 합산하지 않음.,44.61,44.61,721.19,39.96,39.96,646.16
CG_01553,126.73867830000052,37.460128899999866,40.84,36.59,다사3240,0.06244575835642257,계양구,474.89599999999996,671,417.6,8110.6,3.0,214.05,0.0,low,"[""['인천새말초등학교' '인천조동초등학교']""]",2,51.14,474.89599999999996,671,source_allocation_v2_20260911,True,unknown,500m 내 재개발 1건: unknown(482m),4.786688,straight_500m,estimated,51.14,620.43,직선 500m 거주 아동 시나리오,2024년 6~11세 배분 추정에 인천 전체 연령인구 성장률 적용. 보행권·실제 이용자·신규 수혜가 아님. 후보끼리 합산하지 않음.,40.84,40.84,495.52,36.59,36.59,443.96
CG_01554,126.73867830000052,37.46237889999986,47.66,42.7,다사3240,0.08772262818206934,계양구,508.24800000000005,595,559.9,8405.8,3.0,214.05,0.0,low,"[""['인천새말초등학교' '인천조동초등학교']""]",2,59.67,508.24800000000005,595,source_allocation_v2_20260911,True,completed,"500m 내 재개발 4건: completed(448m), completed(377m), completed(438m)",4.786688,straight_500m,estimated,59.67,664.0,직선 500m 거주 아동 시나리오,2024년 6~11세 배분 추정에 인천 전체 연령인구 성장률 적용. 보행권·실제 이용자·신규 수혜가 아님. 후보끼리 합산하지 않음.,47.66,47.66,530.32,42.7,42.7,475.14
CG_01525,126.73642830000051,37.460128899999866,46.4,41.57,다사3240,0.050334040833083876,부평구,628.928,389,207.4,7216.4,3.0,214.05,0.0,low,"[""['인천새말초등학교' '인천조동초등학교']""]",2,58.1,628.928,389,source_allocation_v2_20260911,True,unknown,500m 내 재개발 1건: unknown(401m),4.786688,straight_500m,estimated,58.1,821.66,직선 500m 거주 아동 시나리오,2024년 6~11세 배분 추정에 인천 전체 연령인구 성장률 적용. 보행권·실제 이용자·신규 수혜가 아님. 후보끼리 합산하지 않음.,46.4,46.4,656.24,41.57,41.57,587.96
CG_01526,126.73642830000051,37.46237889999986,40.12,35.94,다사3240,0.005808749657069608,계양구,622.018,398,393.8,7599.6,3.0,214.05,0.0,low,"[""['인천새말초등학교' '인천조동초등학교']""]",2,50.23,622.018,398,source_allocation_v2_20260911,True,completed,"500m 내 재개발 4건: completed(384m), completed(277m), completed(327m)",4.786688,straight_500m,estimated,50.23,812.64,직선 500m 거주 아동 시나리오,2024년 6~11세 배분 추정에 인천 전체 연령인구 성장률 적용. 보행권·실제 이용자·신규 수혜가 아님. 후보끼리 합산하지 않음.,40.12,40.12,649.03,35.94,35.94,581.5
CG_00223,126.63967830000036,37.47587889999984,24.6,22.04,다사2342,0.09395647295346704,미추홀구,426.62199999999996,781,213.7,954.1,2.0,307.0,0.667,medium,"[""['인천서흥초등학교' '인천동명초등학교' '인천송림초등학교']""]",3,30.8,426.62199999999996,781,source_allocation_v2_20260911,False,none,,1.835834,straight_500m,estimated,30.8,557.36,직선 500m 거주 아동 시나리오,2024년 6~11세 배분 추정에 인천 전체 연령인구 성장률 적용. 보행권·실제 이용자·신규 수혜가 아님. 후보끼리 합산하지 않음.,24.6,24.6,445.15,22.04,22.04,398.83
CG_00486,126.6666783000004,37.52087889999977,116.84,104.68,다사2647,0.0580324881385757,서구,,,726.1,6261.6,2.0,226.0,0.5,medium,"[""['인천가현초등학교' '인천신현북초등학교']""]",2,146.29,,,source_allocation_v2_20260911,False,none,,1.293625,straight_500m,missing_age_observations,146.29,,직선 500m 거주 아동 시나리오,2024년 6~11세 배분 추정에 인천 전체 연령인구 성장률 적용. 보행권·실제 이용자·신규 수혜가 아님. 후보끼리 합산하지 않음.,116.84,116.84,,104.68,104.68,
CG_01471,126.7319283000005,37.52762889999976,67.32,60.32,다사3247,0.07526631571067974,계양구,669.088,338,317.4,8786.3,2.0,418.5,0.0,medium,"[""['인천화전초등학교' '인천작동초등학교']""]",2,84.29,669.088,338,source_allocation_v2_20260911,True,unknown,"500m 내 재개발 3건: unknown(213m), unknown(449m), unknown(129m)",0.637284,straight_500m,estimated,84.29,874.13,직선 500m 거주 아동 시나리오,2024년 6~11세 배분 추정에 인천 전체 연령인구 성장률 적용. 보행권·실제 이용자·신규 수혜가 아님. 후보끼리 합산하지 않음.,67.32,67.32,698.14,60.32,60.32,625.51
CG_01505,126.73417830000051,37.52987889999976,28.27,25.33,다사3248,0.068563754217577,계양구,615.714,410,264.5,8625.1,2.0,418.5,0.0,medium,"[""['인천화전초등학교' '인천작동초등학교']""]",2,35.4,615.714,410,source_allocation_v2_20260911,True,unknown,"500m 내 재개발 3건: unknown(227m), unknown(492m), unknown(436m)",0.637284,straight_500m,estimated,35.4,804.4,직선 500m 거주 아동 시나리오,2024년 6~11세 배분 추정에 인천 전체 연령인구 성장률 적용. 보행권·실제 이용자·신규 수혜가 아님. 후보끼리 합산하지 않음.,28.27,28.27,642.45,25.33,25.33,575.61
CG_01537,126.73642830000051,37.52987889999976,24.71,22.14,다사3248,0.10461093402004248,계양구,697.3399999999999,312,42.3,10071.7,2.0,418.5,0.0,medium,"[""['인천화전초등학교' '인천작동초등학교']""]",2,30.94,697.3399999999999,312,source_allocation_v2_20260911,True,unknown,"500m 내 재개발 2건: unknown(293m), unknown(448m)",0.637284,straight_500m,estimated,30.94,911.04,직선 500m 거주 아동 시나리오,2024년 6~11세 배분 추정에 인천 전체 연령인구 성장률 적용. 보행권·실제 이용자·신규 수혜가 아님. 후보끼리 합산하지 않음.,24.71,24.71,727.62,22.14,22.14,651.92
CG_01503,126.73417830000051,37.525378899999765,56.13,50.29,다사3247,0.15798981304287427,계양구,617.822,407,0.0,8084.9,2.0,418.5,0.0,medium,"[""['인천화전초등학교' '인천작동초등학교']""]",2,70.28,617.822,407,source_allocation_v2_20260911,True,unknown,"500m 내 재개발 4건: unknown(273m), unknown(468m), unknown(210m)",0.637284,straight_500m,estimated,70.28,807.15,직선 500m 거주 아동 시나리오,2024년 6~11세 배분 추정에 인천 전체 연령인구 성장률 적용. 보행권·실제 이용자·신규 수혜가 아님. 후보끼리 합산하지 않음.,56.13,56.13,644.65,50.29,50.29,577.58
CG_01536,126.73642830000051,37.52762889999976,36.88,33.05,다사3247,0.0668962460055973,계양구,640.9079999999999,380,293.1,9742.0,2.0,418.5,0.0,medium,"[""['인천화전초등학교' '인천작동초등학교']""]",2,46.18,640.9079999999999,380,source_allocation_v2_20260911,True,unknown,"500m 내 재개발 2건: unknown(188m), unknown(199m)",0.637284,straight_500m,estimated,46.18,837.31,직선 500m 거주 아동 시나리오,2024년 6~11세 배분 추정에 인천 전체 연령인구 성장률 적용. 보행권·실제 이용자·신규 수혜가 아님. 후보끼리 합산하지 않음.,36.88,36.88,668.74,33.05,33.05,599.16
CG_01472,126.7319283000005,37.52987889999976,56.27,50.41,다사3248,0.03693034820019642,계양구,593.968,434,395.8,8851.3,2.0,418.5,0.0,medium,"[""['인천화전초등학교' '인천작동초등학교']""]",2,70.45,593.968,434,source_allocation_v2_20260911,True,unknown,"500m 내 재개발 3건: unknown(310m), unknown(482m), unknown(321m)",0.637284,straight_500m,estimated,70.45,775.99,직선 500m 거주 아동 시나리오,2024년 6~11세 배분 추정에 인천 전체 연령인구 성장률 적용. 보행권·실제 이용자·신규 수혜가 아님. 후보끼리 합산하지 않음.,56.27,56.27,619.76,50.41,50.41,555.28
CG_01504,126.73417830000051,37.52762889999976,36.37,32.59,다사3247,0.08218564058067822,계양구,648.344,368,140.3,8427.2,2.0,418.5,0.0,medium,"[""['인천화전초등학교' '인천작동초등학교']""]",2,45.54,648.344,368,source_allocation_v2_20260911,True,unknown,"500m 내 재개발 3건: unknown(26m), unknown(284m), unknown(322m)",0.637284,straight_500m,estimated,45.54,847.03,직선 500m 거주 아동 시나리오,2024년 6~11세 배분 추정에 인천 전체 연령인구 성장률 적용. 보행권·실제 이용자·신규 수혜가 아님. 후보끼리 합산하지 않음.,36.37,36.37,676.5,32.59,32.59,606.11
CG_01169,126.71167830000047,37.53437889999975,47.27,42.35,다사3048,0.03828889310051628,남동구,446.08799999999997,737,0.0,940.9,2.0,233.0,0.0,medium,"[""['인천효성초등학교' '인천효성동초등학교' '인천명현초등학교']""]",3,59.19,446.08799999999997,737,source_allocation_v2_20260911,True,completed,"500m 내 재개발 3건: unknown(302m), completed(72m), unknown(105m)",0.907942,straight_500m,estimated,59.19,582.79,직선 500m 거주 아동 시나리오,2024년 6~11세 배분 추정에 인천 전체 연령인구 성장률 적용. 보행권·실제 이용자·신규 수혜가 아님. 후보끼리 합산하지 않음.,47.27,47.27,465.46,42.35,42.35,417.03
CG_00024,126.55192830000021,37.49162889999982,108.44,97.16,다사1644,0.12312134879029446,중구,1176.75,63,0.0,393.9,3.0,389.5,3.0,high,"[""['인천영종초등학교' '인천별빛초등학교']""]",2,135.78,1176.75,63,source_allocation_v2_20260911,False,none,,2.18009,straight_500m,estimated,135.78,1537.37,직선 500m 거주 아동 시나리오,2024년 6~11세 배분 추정에 인천 전체 연령인구 성장률 적용. 보행권·실제 이용자·신규 수혜가 아님. 후보끼리 합산하지 않음.,108.44,108.44,1227.85,97.16,97.16,1100.1
CG_00020,126.54967830000021,37.48937889999982,146.45,131.21,다사1543,0.41339646604004904,중구,1201.348,56,273.7,311.3,3.0,389.5,3.0,high,"[""['인천영종초등학교' '인천별빛초등학교']""]",2,183.37,1201.348,56,source_allocation_v2_20260911,False,none,,2.18009,straight_500m,estimated,183.37,1569.5,직선 500m 거주 아동 시나리오,2024년 6~11세 배분 추정에 인천 전체 연령인구 성장률 적용. 보행권·실제 이용자·신규 수혜가 아님. 후보끼리 합산하지 않음.,146.45,146.45,1253.52,131.21,131.21,1123.09
CG_00023,126.55192830000021,37.48937889999982,141.59,126.86,다사1643,0.30143409910243263,중구,1539.594,13,208.3,208.3,3.0,389.5,3.0,high,"[""['인천영종초등학교' '인천별빛초등학교']""]",2,177.28,1539.594,13,source_allocation_v2_20260911,False,none,,2.18009,straight_500m,estimated,177.28,2011.4,직선 500m 거주 아동 시나리오,2024년 6~11세 배분 추정에 인천 전체 연령인구 성장률 적용. 보행권·실제 이용자·신규 수혜가 아님. 후보끼리 합산하지 않음.,141.59,141.59,1606.45,126.86,126.86,1439.31
CG_00271,126.64642830000037,37.4016289,134.72,120.7,다사2433,0.0430298502668553,동구,,,698.9,780.0,2.0,594.2,0.0,high,"[""['인천신정초등학교' '인천명선초등학교']""]",2,168.68,,,source_allocation_v2_20260911,False,none,,10.728536,straight_500m,missing_age_observations,168.68,,직선 500m 거주 아동 시나리오,2024년 6~11세 배분 추정에 인천 전체 연령인구 성장률 적용. 보행권·실제 이용자·신규 수혜가 아님. 후보끼리 합산하지 않음.,134.72,134.72,,120.7,120.7,
CG_00286,126.64867830000037,37.3993789,117.22,105.02,다사2433,0.015648106746499458,동구,973.3220000000001,129,688.0,1123.7,2.0,594.2,0.0,high,"[""['인천신정초등학교' '인천명선초등학교']""]",2,146.77,973.3220000000001,129,source_allocation_v2_20260911,False,none,,10.728536,straight_500m,estimated,146.77,1271.6,직선 500m 거주 아동 시나리오,2024년 6~11세 배분 추정에 인천 전체 연령인구 성장률 적용. 보행권·실제 이용자·신규 수혜가 아님. 후보끼리 합산하지 않음.,117.22,117.22,1015.59,105.02,105.02,909.92
CG_01166,126.71167830000047,37.52762889999976,38.83,34.79,다사3047,0.07867337134878478,남동구,574.558,456,400.0,1050.5,3.0,232.0,0.0,low,"[""['인천명현초등학교' '인천효성남초등학교']""]",2,48.62,574.558,456,source_allocation_v2_20260911,True,completed,"500m 내 재개발 3건: unknown(119m), completed(312m), completed(227m)",2.213585,straight_500m,estimated,48.62,750.63,직선 500m 거주 아동 시나리오,2024년 6~11세 배분 추정에 인천 전체 연령인구 성장률 적용. 보행권·실제 이용자·신규 수혜가 아님. 후보끼리 합산하지 않음.,38.83,38.83,599.51,34.79,34.79,537.13
CG_01190,126.71392830000048,37.46237889999986,34.85,31.23,다사3040,0.0031642434641404806,계양구,872.164,178,823.2,10135.9,2.0,309.7,0.0,medium,"[""['인천간석초등학교' '인천상아초등학교']""]",2,43.64,872.164,178,source_allocation_v2_20260911,True,unknown,500m 내 재개발 1건: unknown(334m),0.597815,straight_500m,estimated,43.64,1139.44,직선 500m 거주 아동 시나리오,2024년 6~11세 배분 추정에 인천 전체 연령인구 성장률 적용. 보행권·실제 이용자·신규 수혜가 아님. 후보끼리 합산하지 않음.,34.85,34.85,910.04,31.23,31.23,815.35
CG_01001,126.70267830000046,37.47137889999985,16.7,14.96,다사2941,0.05151128612480511,서구,440.356,750,616.0,14964.1,3.0,228.5,0.0,low,"[""['인천동암초등학교' '인천십정초등학교']""]",2,20.91,440.356,750,source_allocation_v2_20260911,True,unknown,"500m 내 재개발 2건: unknown(280m), unknown(374m)",2.255251,straight_500m,estimated,20.91,575.3,직선 500m 거주 아동 시나리오,2024년 6~11세 배분 추정에 인천 전체 연령인구 성장률 적용. 보행권·실제 이용자·신규 수혜가 아님. 후보끼리 합산하지 않음.,16.7,16.7,459.48,14.96,14.96,411.67
CG_01002,126.70267830000046,37.473628899999845,41.25,36.96,다사2941,0.04381052844146187,서구,561.642,477,0.0,15605.8,3.0,228.5,0.0,low,"[""['인천동암초등학교' '인천십정초등학교']""]",2,51.65,561.642,477,source_allocation_v2_20260911,True,planned,"500m 내 재개발 3건: planned(356m), unknown(171m), unknown(227m)",2.255251,straight_500m,estimated,51.65,733.76,직선 500m 거주 아동 시나리오,2024년 6~11세 배분 추정에 인천 전체 연령인구 성장률 적용. 보행권·실제 이용자·신규 수혜가 아님. 후보끼리 합산하지 않음.,41.25,41.25,586.03,36.96,36.96,525.06
CG_00279,126.64642830000037,37.473628899999845,8.88,7.96,다사2441,0.011302022772735076,연수구,246.57599999999996,1156,1285.7,3891.9,1.0,580.0,0.0,high,"[""['인천서림초등학교' '인천동명초등학교']""]",2,11.12,246.57599999999996,1156,source_allocation_v2_20260911,True,planned,"500m 내 재개발 3건: planned(209m), planned(148m), unknown(119m)",0.853889,straight_500m,estimated,11.12,322.14,직선 500m 거주 아동 시나리오,2024년 6~11세 배분 추정에 인천 전체 연령인구 성장률 적용. 보행권·실제 이용자·신규 수혜가 아님. 후보끼리 합산하지 않음.,8.88,8.88,257.28,7.96,7.96,230.52
CG_00482,126.6666783000004,37.511878899999786,31.69,28.39,다사2646,0.0034410291504584677,서구,364.254,908,1055.9,4623.0,2.0,361.05,0.0,high,"[""['인천신현초등학교' '인천신석초등학교']""]",2,39.68,364.254,908,source_allocation_v2_20260911,True,planned,"500m 내 재개발 5건: unknown(267m), unknown(488m), planned(478m)",3.67235,straight_500m,estimated,39.68,475.88,직선 500m 거주 아동 시나리오,2024년 6~11세 배분 추정에 인천 전체 연령인구 성장률 적용. 보행권·실제 이용자·신규 수혜가 아님. 후보끼리 합산하지 않음.,31.69,31.69,380.07,28.39,28.39,340.53
CG_00452,126.6644283000004,37.51412889999978,38.26,34.28,다사2646,0.04376785494141651,미추홀구,309.45,1049,450.3,2907.8,2.0,361.05,0.0,high,"[""['인천신현초등학교' '인천신석초등학교']""]",2,47.91,309.45,1049,source_allocation_v2_20260911,True,unknown,"500m 내 재개발 2건: unknown(191m), unknown(153m)",3.67235,straight_500m,estimated,47.91,404.28,직선 500m 거주 아동 시나리오,2024년 6~11세 배분 추정에 인천 전체 연령인구 성장률 적용. 보행권·실제 이용자·신규 수혜가 아님. 후보끼리 합산하지 않음.,38.26,38.26,322.89,34.28,34.28,289.29
CG_00282,126.64642830000037,37.480378899999835,14.26,12.77,다사2442,0.14575497933311923,연수구,,,597.8,631.3,1.0,468.0,0.0,high,"[""['인천서림초등학교' '인천서흥초등학교']""]",2,17.85,,,source_allocation_v2_20260911,True,planned,"500m 내 재개발 3건: unknown(316m), planned(441m), unknown(283m)",0.042803,straight_500m,missing_age_observations,17.85,,직선 500m 거주 아동 시나리오,2024년 6~11세 배분 추정에 인천 전체 연령인구 성장률 적용. 보행권·실제 이용자·신규 수혜가 아님. 후보끼리 합산하지 않음.,14.26,14.26,,12.77,12.77,
CG_00295,126.64867830000037,37.47812889999984,8.05,7.21,다사2442,0.04871738045367034,연수구,424.352,785,287.1,287.1,1.0,468.0,0.0,high,"[""['인천서림초등학교' '인천서흥초등학교']""]",2,10.08,424.352,785,source_allocation_v2_20260911,True,planned,"500m 내 재개발 5건: planned(402m), unknown(26m), planned(166m)",0.042803,straight_500m,estimated,10.08,554.4,직선 500m 거주 아동 시나리오,2024년 6~11세 배분 추정에 인천 전체 연령인구 성장률 적용. 보행권·실제 이용자·신규 수혜가 아님. 후보끼리 합산하지 않음.,8.05,8.05,442.78,7.21,7.21,396.71
CG_00281,126.64642830000037,37.47812889999984,9.87,8.84,다사2442,0.13769618463913516,연수구,341.826,964,245.0,245.0,1.0,468.0,0.0,high,"[""['인천서림초등학교' '인천서흥초등학교']""]",2,12.36,341.826,964,source_allocation_v2_20260911,True,planned,"500m 내 재개발 4건: planned(402m), unknown(217m), planned(365m)",0.042803,straight_500m,estimated,12.36,446.58,직선 500m 거주 아동 시나리오,2024년 6~11세 배분 추정에 인천 전체 연령인구 성장률 적용. 보행권·실제 이용자·신규 수혜가 아님. 후보끼리 합산하지 않음.,9.87,9.87,356.67,8.84,8.84,319.56
CG_00266,126.64417830000036,37.480378899999835,14.41,12.91,다사2442,0.03082206528253933,미추홀구,,,0.0,2156.9,1.0,468.0,0.0,high,"[""['인천서림초등학교' '인천서흥초등학교']""]",2,18.04,,,source_allocation_v2_20260911,True,unknown,"500m 내 재개발 2건: unknown(475m), unknown(429m)",0.042803,straight_500m,missing_age_observations,18.04,,직선 500m 거주 아동 시나리오,2024년 6~11세 배분 추정에 인천 전체 연령인구 성장률 적용. 보행권·실제 이용자·신규 수혜가 아님. 후보끼리 합산하지 않음.,14.41,14.41,,12.91,12.91,
CG_00610,126.67342830000041,37.46912889999985,48.2,43.18,다사2641,0.06813272302356237,서구,452.52200000000005,724,206.2,15438.0,2.0,267.0,0.0,medium,"[""['인천대화초등학교' '인천주안북초등학교']""]",2,60.35,452.52200000000005,724,source_allocation_v2_20260911,True,unknown,"500m 내 재개발 4건: unknown(256m), unknown(470m), unknown(223m)",0.448438,straight_500m,estimated,60.35,591.2,직선 500m 거주 아동 시나리오,2024년 6~11세 배분 추정에 인천 전체 연령인구 성장률 적용. 보행권·실제 이용자·신규 수혜가 아님. 후보끼리 합산하지 않음.,48.2,48.2,472.17,43.18,43.18,423.05
CG_00609,126.67342830000041,37.466878899999855,31.16,27.92,다사2641,0.006412050849662401,서구,563.346,472,580.2,14224.2,2.0,267.0,0.0,medium,"[""['인천대화초등학교' '인천주안북초등학교']""]",2,39.02,563.346,472,source_allocation_v2_20260911,True,planned,"500m 내 재개발 5건: unknown(401m), unknown(231m), unknown(153m)",0.448438,straight_500m,estimated,39.02,735.98,직선 500m 거주 아동 시나리오,2024년 6~11세 배분 추정에 인천 전체 연령인구 성장률 적용. 보행권·실제 이용자·신규 수혜가 아님. 후보끼리 합산하지 않음.,31.16,31.16,587.81,27.92,27.92,526.65
CG_01422,126.7296783000005,37.49612889999981,104.62,93.73,다사3144,0.02490254563772931,부평구,1064.542,92,213.5,4685.4,2.0,162.1,0.0,low,['인천부흥초등학교'],1,130.99,1064.542,92,source_allocation_v2_20260911,True,unknown,500m 내 재개발 1건: unknown(346m),0.625353,straight_500m,estimated,130.99,1390.77,직선 500m 거주 아동 시나리오,2024년 6~11세 배분 추정에 인천 전체 연령인구 성장률 적용. 보행권·실제 이용자·신규 수혜가 아님. 후보끼리 합산하지 않음.,104.62,104.62,1110.77,93.73,93.73,995.2
CG_01502,126.73417830000051,37.5006288999998,45.84,41.07,다사3244,0.1623112181573372,계양구,817.6659999999999,210,244.1,7959.8,2.0,162.1,0.0,low,['인천부흥초등학교'],1,57.4,817.6659999999999,210,source_allocation_v2_20260911,True,planned,"500m 내 재개발 4건: planned(341m), unknown(176m), unknown(381m)",0.625353,straight_500m,estimated,57.4,1068.24,직선 500m 거주 아동 시나리오,2024년 6~11세 배분 추정에 인천 전체 연령인구 성장률 적용. 보행권·실제 이용자·신규 수혜가 아님. 후보끼리 합산하지 않음.,45.84,45.84,853.17,41.07,41.07,764.41
CG_01462,126.7319283000005,37.49837889999981,77.62,69.55,다사3244,0.04246532456063944,부평구,1025.392,107,125.5,6104.3,2.0,162.1,0.0,low,['인천부흥초등학교'],1,97.19,1025.392,107,source_allocation_v2_20260911,True,unknown,"500m 내 재개발 2건: unknown(336m), unknown(174m)",0.625353,straight_500m,estimated,97.19,1339.62,직선 500m 거주 아동 시나리오,2024년 6~11세 배분 추정에 인천 전체 연령인구 성장률 적용. 보행권·실제 이용자·신규 수혜가 아님. 후보끼리 합산하지 않음.,77.62,77.62,1069.92,69.55,69.55,958.6
CG_01463,126.7319283000005,37.5006288999998,129.84,116.33,다사3244,0.04885282865390822,부평구,807.012,222,268.3,6309.4,2.0,162.1,0.0,low,['인천부흥초등학교'],1,162.57,807.012,222,source_allocation_v2_20260911,True,planned,"500m 내 재개발 4건: planned(468m), unknown(342m), unknown(393m)",0.625353,straight_500m,estimated,162.57,1054.32,직선 500m 거주 아동 시나리오,2024년 6~11세 배분 추정에 인천 전체 연령인구 성장률 적용. 보행권·실제 이용자·신규 수혜가 아님. 후보끼리 합산하지 않음.,129.84,129.84,842.06,116.33,116.33,754.44
CG_01500,126.73417830000051,37.49612889999981,59.93,53.7,다사3244,0.01975792398426168,계양구,980.6659999999999,125,359.2,7566.2,2.0,162.1,0.0,low,['인천부흥초등학교'],1,75.04,980.6659999999999,125,source_allocation_v2_20260911,True,unknown,"500m 내 재개발 2건: unknown(385m), unknown(147m)",0.625353,straight_500m,estimated,75.04,1281.19,직선 500m 거주 아동 시나리오,2024년 6~11세 배분 추정에 인천 전체 연령인구 성장률 적용. 보행권·실제 이용자·신규 수혜가 아님. 후보끼리 합산하지 않음.,59.93,59.93,1023.25,53.7,53.7,916.79
CG_01501,126.73417830000051,37.49837889999981,39.81,35.67,다사3244,0.08804916198801084,계양구,930.8,146,123.5,7759.3,2.0,162.1,0.0,low,['인천부흥초등학교'],1,49.85,930.8,146,source_allocation_v2_20260911,True,unknown,"500m 내 재개발 2건: unknown(165m), unknown(145m)",0.625353,straight_500m,estimated,49.85,1216.04,직선 500m 거주 아동 시나리오,2024년 6~11세 배분 추정에 인천 전체 연령인구 성장률 적용. 보행권·실제 이용자·신규 수혜가 아님. 후보끼리 합산하지 않음.,39.81,39.81,971.22,35.67,35.67,870.17
CG_01533,126.73642830000051,37.49612889999981,77.11,69.09,다사3244,0.09663389271564382,계양구,765.304,254,236.5,9271.5,2.0,162.1,0.0,low,['인천부흥초등학교'],1,96.55,765.304,254,source_allocation_v2_20260911,True,unknown,"500m 내 재개발 2건: unknown(376m), unknown(302m)",0.625353,straight_500m,estimated,96.55,999.83,직선 500m 거주 아동 시나리오,2024년 6~11세 배분 추정에 인천 전체 연령인구 성장률 적용. 보행권·실제 이용자·신규 수혜가 아님. 후보끼리 합산하지 않음.,77.11,77.11,798.54,69.09,69.09,715.45
CG_01421,126.7296783000005,37.493878899999814,94.28,84.47,다사3144,0.0661413200746437,부평구,1064.6680000000001,91,106.1,4480.9,2.0,162.1,0.0,low,['인천부흥초등학교'],1,118.05,1064.6680000000001,91,source_allocation_v2_20260911,True,unknown,500m 내 재개발 1건: unknown(495m),0.625353,straight_500m,estimated,118.05,1390.94,직선 500m 거주 아동 시나리오,2024년 6~11세 배분 추정에 인천 전체 연령인구 성장률 적용. 보행권·실제 이용자·신규 수혜가 아님. 후보끼리 합산하지 않음.,94.28,94.28,1110.9,84.47,84.47,995.32
CG_01152,126.71167830000047,37.45787889999987,67.23,60.24,다사3040,0.011089418115830639,계양구,1175.78,64,955.8,10200.4,2.0,384.9,0.0,medium,"[""['인천상아초등학교' '인천정각초등학교']""]",2,84.18,1175.78,64,source_allocation_v2_20260911,True,unknown,"500m 내 재개발 2건: unknown(432m), unknown(363m)",0.414529,straight_500m,estimated,84.18,1536.1,직선 500m 거주 아동 시나리오,2024년 6~11세 배분 추정에 인천 전체 연령인구 성장률 적용. 보행권·실제 이용자·신규 수혜가 아님. 후보끼리 합산하지 않음.,67.23,67.23,1226.84,60.24,60.24,1099.19
CG_00940,126.69817830000045,37.47137889999985,29.92,26.81,다사2941,0.01193126609911158,부평구,470.24,681,202.2,5222.7,3.0,206.35,0.0,low,"[""['인천십정초등학교' '인천석정초등학교']""]",2,37.46,470.24,681,source_allocation_v2_20260911,True,planned,"500m 내 재개발 3건: planned(342m), unknown(259m), unknown(349m)",1.507039,straight_500m,estimated,37.46,614.35,직선 500m 거주 아동 시나리오,2024년 6~11세 배분 추정에 인천 전체 연령인구 성장률 적용. 보행권·실제 이용자·신규 수혜가 아님. 후보끼리 합산하지 않음.,29.92,29.92,490.66,26.81,26.81,439.61
CG_00907,126.69592830000045,37.47137889999985,37.71,33.78,다사2841,0.09742398457481373,남동구,438.25800000000004,756,58.6,251.3,3.0,206.35,0.0,low,"[""['인천십정초등학교' '인천석정초등학교']""]",2,47.21,438.25800000000004,756,source_allocation_v2_20260911,True,planned,"500m 내 재개발 3건: planned(301m), unknown(115m), unknown(481m)",1.507039,straight_500m,estimated,47.21,572.56,직선 500m 거주 아동 시나리오,2024년 6~11세 배분 추정에 인천 전체 연령인구 성장률 적용. 보행권·실제 이용자·신규 수혜가 아님. 후보끼리 합산하지 않음.,37.71,37.71,457.29,33.78,33.78,409.71
CG_00233,126.64192830000036,37.3971289,137.62,123.3,다사2433,0.0932493280762204,서구,1532.9719999999998,15,1108.3,9730.3,2.0,245.15,0.0,medium,"[""['인천신정초등학교' '인천연송초등학교']""]",2,172.31,1532.9719999999998,15,source_allocation_v2_20260911,False,none,,0.86325,straight_500m,estimated,172.31,2002.75,직선 500m 거주 아동 시나리오,2024년 6~11세 배분 추정에 인천 전체 연령인구 성장률 적용. 보행권·실제 이용자·신규 수혜가 아님. 후보끼리 합산하지 않음.,137.62,137.62,1599.54,123.3,123.3,1433.12
CG_00234,126.64192830000036,37.3993789,144.55,129.51,다사2433,0.09324328334794495,서구,,,575.5,16381.4,2.0,245.15,0.0,medium,"[""['인천신정초등학교' '인천연송초등학교']""]",2,180.99,,,source_allocation_v2_20260911,False,none,,0.86325,straight_500m,missing_age_observations,180.99,,직선 500m 거주 아동 시나리오,2024년 6~11세 배분 추정에 인천 전체 연령인구 성장률 적용. 보행권·실제 이용자·신규 수혜가 아님. 후보끼리 합산하지 않음.,144.55,144.55,,129.51,129.51,
CG_00605,126.67342830000041,37.45112889999988,32.12,28.78,다사2639,0.08653841780553627,서구,539.674,520,146.7,12049.2,2.0,184.9,0.0,medium,"[""['인천주안초등학교' '인천남부초등학교']""]",2,40.22,539.674,520,source_allocation_v2_20260911,True,planned,"500m 내 재개발 2건: planned(464m), unknown(306m)",1.221283,straight_500m,estimated,40.22,705.06,직선 500m 거주 아동 시나리오,2024년 6~11세 배분 추정에 인천 전체 연령인구 성장률 적용. 보행권·실제 이용자·신규 수혜가 아님. 후보끼리 합산하지 않음.,32.12,32.12,563.11,28.78,28.78,504.52
CG_00606,126.67342830000041,37.453378899999876,26.02,23.31,다사2639,0.07916247383205119,서구,492.06199999999995,633,1199.2,13461.3,2.0,184.9,0.0,medium,"[""['인천주안초등학교' '인천남부초등학교']""]",2,32.58,492.06199999999995,633,source_allocation_v2_20260911,True,unknown,500m 내 재개발 1건: unknown(442m),1.221283,straight_500m,estimated,32.58,642.85,직선 500m 거주 아동 시나리오,2024년 6~11세 배분 추정에 인천 전체 연령인구 성장률 적용. 보행권·실제 이용자·신규 수혜가 아님. 후보끼리 합산하지 않음.,26.02,26.02,513.43,23.31,23.31,460.01
CG_00555,126.6711783000004,37.453378899999876,25.44,22.79,다사2639,0.11818267936442768,서구,434.244,764,395.3,6231.0,2.0,184.9,0.0,medium,"[""['인천주안초등학교' '인천남부초등학교']""]",2,31.85,434.244,764,source_allocation_v2_20260911,True,unknown,"500m 내 재개발 2건: unknown(343m), unknown(413m)",1.221283,straight_500m,estimated,31.85,567.32,직선 500m 거주 아동 시나리오,2024년 6~11세 배분 추정에 인천 전체 연령인구 성장률 적용. 보행권·실제 이용자·신규 수혜가 아님. 후보끼리 합산하지 않음.,25.44,25.44,453.1,22.79,22.79,405.96
CG_00648,126.67567830000041,37.45112889999988,35.5,31.81,다사2739,0.0,서구,511.61400000000003,587,734.9,7559.8,2.0,184.9,0.0,medium,"[""['인천주안초등학교' '인천남부초등학교']""]",2,44.45,511.61400000000003,587,source_allocation_v2_20260911,True,planned,500m 내 재개발 1건: planned(272m),1.221283,straight_500m,estimated,44.45,668.4,직선 500m 거주 아동 시나리오,2024년 6~11세 배분 추정에 인천 전체 연령인구 성장률 적용. 보행권·실제 이용자·신규 수혜가 아님. 후보끼리 합산하지 않음.,35.5,35.5,533.83,31.81,31.81,478.29
CG_00731,126.68017830000042,37.453378899999876,29.5,26.43,다사2739,0.03528928299536397,서구,570.918,463,346.4,7951.2,2.0,184.9,0.0,medium,"[""['인천주안초등학교' '인천남부초등학교']""]",2,36.94,570.918,463,source_allocation_v2_20260911,True,planned,500m 내 재개발 1건: planned(370m),1.221283,straight_500m,estimated,36.94,745.88,직선 500m 거주 아동 시나리오,2024년 6~11세 배분 추정에 인천 전체 연령인구 성장률 적용. 보행권·실제 이용자·신규 수혜가 아님. 후보끼리 합산하지 않음.,29.5,29.5,595.71,26.43,26.43,533.73
CG_00690,126.67792830000042,37.453378899999876,70.08,62.78,다사2739,0.086307448027128,서구,537.798,526,1515.7,6017.7,2.0,184.9,0.0,medium,"[""['인천주안초등학교' '인천남부초등학교']""]",2,87.74,537.798,526,source_allocation_v2_20260911,True,planned,500m 내 재개발 1건: planned(347m),1.221283,straight_500m,estimated,87.74,702.61,직선 500m 거주 아동 시나리오,2024년 6~11세 배분 추정에 인천 전체 연령인구 성장률 적용. 보행권·실제 이용자·신규 수혜가 아님. 후보끼리 합산하지 않음.,70.08,70.08,561.15,62.78,62.78,502.77
CG_00649,126.67567830000041,37.453378899999876,67.05,60.07,다사2739,8.985916076384155e-05,서구,501.894,614,184.5,7852.1,2.0,184.9,0.0,medium,"[""['인천주안초등학교' '인천남부초등학교']""]",2,83.95,501.894,614,source_allocation_v2_20260911,True,planned,500m 내 재개발 1건: planned(427m),1.221283,straight_500m,estimated,83.95,655.7,직선 500m 거주 아동 시나리오,2024년 6~11세 배분 추정에 인천 전체 연령인구 성장률 적용. 보행권·실제 이용자·신규 수혜가 아님. 후보끼리 합산하지 않음.,67.05,67.05,523.69,60.07,60.07,469.2
CG_00554,126.6711783000004,37.45112889999988,34.2,30.64,다사2639,0.08492254937975047,서구,475.058,670,381.3,5444.6,2.0,184.9,0.0,medium,"[""['인천주안초등학교' '인천남부초등학교']""]",2,42.82,475.058,670,source_allocation_v2_20260911,True,unknown,500m 내 재개발 1건: unknown(125m),1.221283,straight_500m,estimated,42.82,620.64,직선 500m 거주 아동 시나리오,2024년 6~11세 배분 추정에 인천 전체 연령인구 성장률 적용. 보행권·실제 이용자·신규 수혜가 아님. 후보끼리 합산하지 않음.,34.2,34.2,495.69,30.64,30.64,444.11
CG_01476,126.7319283000005,37.538878899999744,51.31,45.98,다사3249,0.024005534301320866,계양구,530.3879999999999,544,202.6,14210.6,2.0,411.5,0.0,medium,"[""['인천안남초등학교' '인천부현초등학교']""]",2,64.25,530.3879999999999,544,source_allocation_v2_20260911,False,none,,0.559321,straight_500m,estimated,64.25,692.93,직선 500m 거주 아동 시나리오,2024년 6~11세 배분 추정에 인천 전체 연령인구 성장률 적용. 보행권·실제 이용자·신규 수혜가 아님. 후보끼리 합산하지 않음.,51.31,51.31,553.42,45.98,45.98,495.84
CG_01509,126.73417830000051,37.538878899999744,29.31,26.26,다사3249,0.1091970181703909,계양구,483.93399999999997,655,35.5,9848.1,2.0,411.5,0.0,medium,"[""['인천안남초등학교' '인천부현초등학교']""]",2,36.7,483.93399999999997,655,source_allocation_v2_20260911,False,none,,0.559321,straight_500m,estimated,36.7,632.24,직선 500m 거주 아동 시나리오,2024년 6~11세 배분 추정에 인천 전체 연령인구 성장률 적용. 보행권·실제 이용자·신규 수혜가 아님. 후보끼리 합산하지 않음.,29.31,29.31,504.95,26.26,26.26,452.41
CG_01410,126.7296783000005,37.45787889999987,31.58,28.29,다사3140,0.03159341012672574,남동구,567.0459999999999,468,140.8,313.6,2.0,262.4,0.0,medium,"[""['인천만수북초등학교' '인천새말초등학교']""]",2,39.54,567.0459999999999,468,source_allocation_v2_20260911,True,unknown,"500m 내 재개발 3건: unknown(488m), unknown(372m), unknown(226m)",1.528369,straight_500m,estimated,39.54,740.82,직선 500m 거주 아동 시나리오,2024년 6~11세 배분 추정에 인천 전체 연령인구 성장률 적용. 보행권·실제 이용자·신규 수혜가 아님. 후보끼리 합산하지 않음.,31.58,31.58,591.67,28.29,28.29,530.11
CG_01452,126.7319283000005,37.45787889999987,38.58,34.56,다사3240,0.06715569264207304,남동구,513.1560000000001,584,143.0,0.0,2.0,262.4,0.0,medium,"[""['인천만수북초등학교' '인천새말초등학교']""]",2,48.3,513.1560000000001,584,source_allocation_v2_20260911,True,unknown,"500m 내 재개발 2건: unknown(383m), unknown(423m)",1.528369,straight_500m,estimated,48.3,670.41,직선 500m 거주 아동 시나리오,2024년 6~11세 배분 추정에 인천 전체 연령인구 성장률 적용. 보행권·실제 이용자·신규 수혜가 아님. 후보끼리 합산하지 않음.,38.58,38.58,535.44,34.56,34.56,479.73
CG_01453,126.7319283000005,37.460128899999866,30.03,26.91,다사3240,0.10490936061077547,남동구,704.858,306,399.2,256.2,2.0,262.4,0.0,medium,"[""['인천만수북초등학교' '인천새말초등학교']""]",2,37.6,704.858,306,source_allocation_v2_20260911,True,unknown,"500m 내 재개발 2건: unknown(481m), unknown(469m)",1.528369,straight_500m,estimated,37.6,920.86,직선 500m 거주 아동 시나리오,2024년 6~11세 배분 추정에 인천 전체 연령인구 성장률 적용. 보행권·실제 이용자·신규 수혜가 아님. 후보끼리 합산하지 않음.,30.03,30.03,735.47,26.91,26.91,658.94
CG_00566,126.6711783000004,37.49612889999981,33.33,29.86,다사2644,0.0633353529331136,서구,329.922,988,261.7,15511.6,1.0,335.733,0.0,high,"[""['인천건지초등학교' '인천석남서초등학교' '인천봉화초등학교']""]",3,41.73,329.922,988,source_allocation_v2_20260911,False,none,,0.642406,straight_500m,estimated,41.73,431.03,직선 500m 거주 아동 시나리오,2024년 6~11세 배분 추정에 인천 전체 연령인구 성장률 적용. 보행권·실제 이용자·신규 수혜가 아님. 후보끼리 합산하지 않음.,33.33,33.33,344.25,29.86,29.86,308.43
CG_00613,126.67342830000041,37.49837889999981,28.72,25.73,다사2644,0.025498217682600494,서구,392.152,857,972.0,17717.2,1.0,335.733,0.0,high,"[""['인천건지초등학교' '인천석남서초등학교' '인천봉화초등학교']""]",3,35.96,392.152,857,source_allocation_v2_20260911,True,unknown,500m 내 재개발 1건: unknown(264m),0.642406,straight_500m,estimated,35.96,512.33,직선 500m 거주 아동 시나리오,2024년 6~11세 배분 추정에 인천 전체 연령인구 성장률 적용. 보행권·실제 이용자·신규 수혜가 아님. 후보끼리 합산하지 않음.,28.72,28.72,409.18,25.73,25.73,366.61
CG_00936,126.69817830000045,37.46237889999986,43.77,39.21,다사2940,0.04685311414369477,부평구,501.818,615,186.6,899.5,2.0,161.1,0.5,medium,"[""['인천주원초등학교' '인천경원초등학교']""]",2,54.8,501.818,615,source_allocation_v2_20260911,True,unknown,"500m 내 재개발 3건: unknown(323m), unknown(397m), unknown(197m)",2.027038,straight_500m,estimated,54.8,655.6,직선 500m 거주 아동 시나리오,2024년 6~11세 배분 추정에 인천 전체 연령인구 성장률 적용. 보행권·실제 이용자·신규 수혜가 아님. 후보끼리 합산하지 않음.,43.77,43.77,523.61,39.21,39.21,469.13
CG_00968,126.70042830000045,37.46237889999986,10.36,9.28,다사2940,0.04936148883073304,부평구,328.006,994,810.2,5332.6,2.0,161.1,0.5,medium,"[""['인천주원초등학교' '인천경원초등학교']""]",2,12.97,328.006,994,source_allocation_v2_20260911,True,unknown,"500m 내 재개발 2건: unknown(317m), unknown(120m)",2.027038,straight_500m,estimated,12.97,428.52,직선 500m 거주 아동 시나리오,2024년 6~11세 배분 추정에 인천 전체 연령인구 성장률 적용. 보행권·실제 이용자·신규 수혜가 아님. 후보끼리 합산하지 않음.,10.36,10.36,342.25,9.28,9.28,306.64
CG_01006,126.70267830000046,37.48262889999983,8.85,7.93,다사2942,0.09844442754404278,남동구,353.164,937,273.6,396.9,4.0,311.0,0.0,medium,"[""['인천상정초등학교' '인천백운초등학교']""]",2,11.08,353.164,937,source_allocation_v2_20260911,True,planned,500m 내 재개발 1건: planned(367m),13.603726,straight_500m,estimated,11.08,461.39,직선 500m 거주 아동 시나리오,2024년 6~11세 배분 추정에 인천 전체 연령인구 성장률 적용. 보행권·실제 이용자·신규 수혜가 아님. 후보끼리 합산하지 않음.,8.85,8.85,368.5,7.93,7.93,330.16
CG_00064,126.61267830000031,37.4128789,143.67,128.72,다사2135,0.056737073627314186,연수구,1294.66,42,591.6,3424.2,2.0,617.55,0.0,high,"[""['인천미송초등학교' '인천송담초등학교']""]",2,179.88,1294.66,42,source_allocation_v2_20260911,False,none,,10.366822,straight_500m,estimated,179.88,1691.41,직선 500m 거주 아동 시나리오,2024년 6~11세 배분 추정에 인천 전체 연령인구 성장률 적용. 보행권·실제 이용자·신규 수혜가 아님. 후보끼리 합산하지 않음.,143.67,143.67,1350.88,128.72,128.72,1210.33
CG_00071,126.61492830000032,37.4128789,80.61,72.22,다사2135,0.31020739410643267,연수구,1678.998,4,1951.7,5697.3,2.0,617.55,0.0,high,"[""['인천미송초등학교' '인천송담초등학교']""]",2,100.93,1678.998,4,source_allocation_v2_20260911,False,none,,10.366822,straight_500m,estimated,100.93,2193.53,직선 500m 거주 아동 시나리오,2024년 6~11세 배분 추정에 인천 전체 연령인구 성장률 적용. 보행권·실제 이용자·신규 수혜가 아님. 후보끼리 합산하지 않음.,80.61,80.61,1751.91,72.22,72.22,1569.63
CG_01168,126.71167830000047,37.532128899999755,32.51,29.12,다사3048,0.07255549152692925,남동구,576.848,452,161.3,854.8,2.0,311.5,0.0,medium,"[""['인천효성동초등학교' '인천명현초등학교']""]",2,40.7,576.848,452,source_allocation_v2_20260911,True,completed,"500m 내 재개발 3건: completed(317m), completed(338m), unknown(257m)",0.524666,straight_500m,estimated,40.7,753.62,직선 500m 거주 아동 시나리오,2024년 6~11세 배분 추정에 인천 전체 연령인구 성장률 적용. 보행권·실제 이용자·신규 수혜가 아님. 후보끼리 합산하지 않음.,32.51,32.51,601.9,29.12,29.12,539.27
CG_01223,126.71617830000048,37.53437889999975,24.46,21.92,다사3048,0.08856301289234977,계양구,454.66600000000005,718,362.8,9763.1,2.0,311.5,0.0,medium,"[""['인천효성동초등학교' '인천명현초등학교']""]",2,30.63,454.66600000000005,718,source_allocation_v2_20260911,True,completed,"500m 내 재개발 3건: completed(475m), completed(432m), unknown(294m)",0.524666,straight_500m,estimated,30.63,594.0,직선 500m 거주 아동 시나리오,2024년 6~11세 배분 추정에 인천 전체 연령인구 성장률 적용. 보행권·실제 이용자·신규 수혜가 아님. 후보끼리 합산하지 않음.,24.46,24.46,474.41,21.92,21.92,425.05
CG_01197,126.71392830000048,37.53437889999975,56.7,50.8,다사3048,0.00267521716181002,남동구,421.688,788,375.9,1248.0,2.0,311.5,0.0,medium,"[""['인천효성동초등학교' '인천명현초등학교']""]",2,70.99,421.688,788,source_allocation_v2_20260911,True,completed,"500m 내 재개발 3건: unknown(452m), completed(238m), unknown(96m)",0.524666,straight_500m,estimated,70.99,550.92,직선 500m 거주 아동 시나리오,2024년 6~11세 배분 추정에 인천 전체 연령인구 성장률 적용. 보행권·실제 이용자·신규 수혜가 아님. 후보끼리 합산하지 않음.,56.7,56.7,440.0,50.8,50.8,394.22
CG_01129,126.70942830000047,37.532128899999755,31.65,28.36,다사3048,0.04772629392344301,남동구,505.442,601,231.2,1028.9,2.0,311.5,0.0,medium,"[""['인천효성동초등학교' '인천명현초등학교']""]",2,39.63,505.442,601,source_allocation_v2_20260911,True,completed,"500m 내 재개발 4건: unknown(489m), completed(358m), completed(266m)",0.524666,straight_500m,estimated,39.63,660.33,직선 500m 거주 아동 시나리오,2024년 6~11세 배분 추정에 인천 전체 연령인구 성장률 적용. 보행권·실제 이용자·신규 수혜가 아님. 후보끼리 합산하지 않음.,31.65,31.65,527.39,28.36,28.36,472.52
CG_00599,126.67342830000041,37.4376289,20.37,18.25,다사2637,0.3448812978901243,서구,310.86,1044,304.7,7306.2,3.0,139.7,0.0,low,"[""['인천인주초등학교' '인천백학초등학교']""]",2,25.51,310.86,1044,source_allocation_v2_20260911,False,none,,5.464179,straight_500m,estimated,25.51,406.12,직선 500m 거주 아동 시나리오,2024년 6~11세 배분 추정에 인천 전체 연령인구 성장률 적용. 보행권·실제 이용자·신규 수혜가 아님. 후보끼리 합산하지 않음.,20.37,20.37,324.36,18.25,18.25,290.61
CG_00551,126.6711783000004,37.442128899999894,18.0,16.13,다사2638,0.12260652437996024,서구,477.36199999999997,668,704.1,4613.3,3.0,139.7,0.0,low,"[""['인천인주초등학교' '인천백학초등학교']""]",2,22.54,477.36199999999997,668,source_allocation_v2_20260911,True,completed,"500m 내 재개발 2건: unknown(496m), completed(18m)",5.464179,straight_500m,estimated,22.54,623.65,직선 500m 거주 아동 시나리오,2024년 6~11세 배분 추정에 인천 전체 연령인구 성장률 적용. 보행권·실제 이용자·신규 수혜가 아님. 후보끼리 합산하지 않음.,18.0,18.0,498.09,16.13,16.13,446.27
CG_00550,126.6711783000004,37.4398788999999,39.88,35.73,다사2638,0.1284665178277131,서구,392.304,856,438.5,4345.7,3.0,139.7,0.0,low,"[""['인천인주초등학교' '인천백학초등학교']""]",2,49.93,392.304,856,source_allocation_v2_20260911,True,completed,500m 내 재개발 1건: completed(267m),5.464179,straight_500m,estimated,49.93,512.52,직선 500m 거주 아동 시나리오,2024년 6~11세 배분 추정에 인천 전체 연령인구 성장률 적용. 보행권·실제 이용자·신규 수혜가 아님. 후보끼리 합산하지 않음.,39.88,39.88,409.34,35.73,35.73,366.75
CG_00643,126.67567830000041,37.4398788999999,39.53,35.41,다사2738,0.05700420966214703,서구,500.028,620,516.8,5437.7,3.0,139.7,0.0,low,"[""['인천인주초등학교' '인천백학초등학교']""]",2,49.49,500.028,620,source_allocation_v2_20260911,True,completed,500m 내 재개발 1건: completed(483m),5.464179,straight_500m,estimated,49.49,653.26,직선 500m 거주 아동 시나리오,2024년 6~11세 배분 추정에 인천 전체 연령인구 성장률 적용. 보행권·실제 이용자·신규 수혜가 아님. 후보끼리 합산하지 않음.,39.53,39.53,521.74,35.41,35.41,467.46
CG_00642,126.67567830000041,37.4376289,23.13,20.72,다사2737,0.07763931559068146,서구,353.416,935,630.9,5094.9,3.0,139.7,0.0,low,"[""['인천인주초등학교' '인천백학초등학교']""]",2,28.96,353.416,935,source_allocation_v2_20260911,False,none,,5.464179,straight_500m,estimated,28.96,461.72,직선 500m 거주 아동 시나리오,2024년 6~11세 배분 추정에 인천 전체 연령인구 성장률 적용. 보행권·실제 이용자·신규 수혜가 아님. 후보끼리 합산하지 않음.,23.13,23.13,368.76,20.72,20.72,330.4
CG_00600,126.67342830000041,37.4398788999999,33.22,29.77,다사2638,0.0915048650544325,서구,451.58799999999997,728,557.1,7816.2,3.0,139.7,0.0,low,"[""['인천인주초등학교' '인천백학초등학교']""]",2,41.6,451.58799999999997,728,source_allocation_v2_20260911,True,completed,500m 내 재개발 1건: completed(336m),5.464179,straight_500m,estimated,41.6,589.98,직선 500m 거주 아동 시나리오,2024년 6~11세 배분 추정에 인천 전체 연령인구 성장률 적용. 보행권·실제 이용자·신규 수혜가 아님. 후보끼리 합산하지 않음.,33.22,33.22,471.2,29.77,29.77,422.17
CG_01175,126.71167830000047,37.597378899999654,118.04,105.76,다사3055,0.055058360596774616,부평구,1941.244,1,725.3,3046.7,2.0,201.5,0.0,medium,"[""['인천한별초등학교' '인천이음초등학교']""]",2,147.8,1941.244,1,source_allocation_v2_20260911,False,none,,5.040686,straight_500m,estimated,147.8,2536.14,직선 500m 거주 아동 시나리오,2024년 6~11세 배분 추정에 인천 전체 연령인구 성장률 적용. 보행권·실제 이용자·신규 수혜가 아님. 후보끼리 합산하지 않음.,118.04,118.04,2025.54,105.76,105.76,1814.8
CG_01527,126.73642830000051,37.48262889999983,12.74,11.41,다사3242,0.29551674502921604,계양구,386.42999999999995,868,0.0,7882.9,2.0,305.9,0.0,medium,['인천부개초등학교'],1,15.95,386.42999999999995,868,source_allocation_v2_20260911,True,unknown,500m 내 재개발 1건: unknown(373m),0.573749,straight_500m,estimated,15.95,504.85,직선 500m 거주 아동 시나리오,2024년 6~11세 배분 추정에 인천 전체 연령인구 성장률 적용. 보행권·실제 이용자·신규 수혜가 아님. 후보끼리 합산하지 않음.,12.74,12.74,403.21,11.41,11.41,361.26
CG_01529,126.73642830000051,37.487128899999824,45.18,40.48,다사3243,0.13843484089206998,계양구,700.692,309,602.3,8789.5,2.0,305.9,0.0,medium,['인천부개초등학교'],1,56.57,700.692,309,source_allocation_v2_20260911,True,unknown,"500m 내 재개발 2건: unknown(471m), unknown(400m)",0.573749,straight_500m,estimated,56.57,915.42,직선 500m 거주 아동 시나리오,2024년 6~11세 배분 추정에 인천 전체 연령인구 성장률 적용. 보행권·실제 이용자·신규 수혜가 아님. 후보끼리 합산하지 않음.,45.18,45.18,731.12,40.48,40.48,655.05
CG_00334,126.65317830000038,37.4218789,17.47,15.65,다사2536,0.1452818122918934,연수구,400.70000000000005,840,126.1,535.0,2.0,250.15,1.0,medium,"[""['인천능허대초등학교' '인천축현초등학교']""]",2,21.87,400.70000000000005,840,source_allocation_v2_20260911,False,none,,1.469146,straight_500m,estimated,21.87,523.5,직선 500m 거주 아동 시나리오,2024년 6~11세 배분 추정에 인천 전체 연령인구 성장률 적용. 보행권·실제 이용자·신규 수혜가 아님. 후보끼리 합산하지 않음.,17.47,17.47,418.1,15.65,15.65,374.6
CG_00685,126.67792830000042,37.442128899999894,33.96,30.43,다사2738,0.061597806032965385,서구,534.912,536,320.0,4822.0,3.0,231.95,0.5,low,"[""['인천문학초등학교' '인천인주초등학교']""]",2,42.52,534.912,536,source_allocation_v2_20260911,False,none,,2.308882,straight_500m,estimated,42.52,698.83,직선 500m 거주 아동 시나리오,2024년 6~11세 배분 추정에 인천 전체 연령인구 성장률 적용. 보행권·실제 이용자·신규 수혜가 아님. 후보끼리 합산하지 않음.,33.96,33.96,558.14,30.43,30.43,500.07
CG_00684,126.67792830000042,37.4398788999999,32.43,29.05,다사2738,0.050003607058347256,서구,489.014,646,235.3,4304.8,3.0,231.95,0.5,low,"[""['인천문학초등학교' '인천인주초등학교']""]",2,40.6,489.014,646,source_allocation_v2_20260911,True,planned,500m 내 재개발 1건: planned(443m),2.308882,straight_500m,estimated,40.6,638.87,직선 500m 거주 아동 시나리오,2024년 6~11세 배분 추정에 인천 전체 연령인구 성장률 적용. 보행권·실제 이용자·신규 수혜가 아님. 후보끼리 합산하지 않음.,32.43,32.43,510.25,29.05,29.05,457.16
CG_00161,126.63292830000034,37.47137889999985,22.16,19.85,다사2341,0.12053698012597114,서구,225.13,1202,311.3,7968.6,1.0,501.6,2.0,high,"[""['인천송림초등학교' '인천신흥초등학교']""]",2,27.74,225.13,1202,source_allocation_v2_20260911,True,unknown,"500m 내 재개발 3건: unknown(130m), unknown(184m), unknown(177m)",1.85706,straight_500m,estimated,27.74,294.12,직선 500m 거주 아동 시나리오,2024년 6~11세 배분 추정에 인천 전체 연령인구 성장률 적용. 보행권·실제 이용자·신규 수혜가 아님. 후보끼리 합산하지 않음.,22.16,22.16,234.91,19.85,19.85,210.46
CG_01295,126.72067830000049,37.5028788999998,52.21,46.78,다사3145,0.10893051069723128,남동구,889.3299999999999,165,177.7,225.3,1.0,752.2,0.0,high,['인천부원초등학교'],1,65.37,889.3299999999999,165,source_allocation_v2_20260911,True,unknown,"500m 내 재개발 3건: unknown(371m), unknown(287m), unknown(284m)",0.0,straight_500m,estimated,65.37,1161.87,직선 500m 거주 아동 시나리오,2024년 6~11세 배분 추정에 인천 전체 연령인구 성장률 적용. 보행권·실제 이용자·신규 수혜가 아님. 후보끼리 합산하지 않음.,52.21,52.21,927.95,46.78,46.78,831.4
CG_01258,126.71842830000048,37.5028788999998,46.47,41.64,다사3045,0.03294481141805015,남동구,892.3420000000001,164,502.1,565.5,1.0,752.2,0.0,high,['인천부원초등학교'],1,58.19,892.3420000000001,164,source_allocation_v2_20260911,True,unknown,"500m 내 재개발 3건: unknown(370m), unknown(170m), unknown(219m)",0.0,straight_500m,estimated,58.19,1165.8,직선 500m 거주 아동 시나리오,2024년 6~11세 배분 추정에 인천 전체 연령인구 성장률 적용. 보행권·실제 이용자·신규 수혜가 아님. 후보끼리 합산하지 않음.,46.47,46.47,931.09,41.64,41.64,834.22
CG_01257,126.71842830000048,37.5006288999998,51.11,45.79,다사3044,0.040613113206201194,남동구,826.492,205,562.7,292.4,1.0,752.2,0.0,high,['인천부원초등학교'],1,63.99,826.492,205,source_allocation_v2_20260911,True,unknown,"500m 내 재개발 2건: unknown(417m), unknown(468m)",0.0,straight_500m,estimated,63.99,1079.77,직선 500m 거주 아동 시나리오,2024년 6~11세 배분 추정에 인천 전체 연령인구 성장률 적용. 보행권·실제 이용자·신규 수혜가 아님. 후보끼리 합산하지 않음.,51.11,51.11,862.38,45.79,45.79,772.66
CG_01296,126.72067830000049,37.5051288999998,50.55,45.29,다사3145,0.0006452666968596333,남동구,701.0060000000001,308,97.4,97.4,1.0,752.2,0.0,high,['인천부원초등학교'],1,63.29,701.0060000000001,308,source_allocation_v2_20260911,True,unknown,"500m 내 재개발 4건: unknown(480m), unknown(266m), unknown(248m)",0.0,straight_500m,estimated,63.29,915.83,직선 500m 거주 아동 시나리오,2024년 6~11세 배분 추정에 인천 전체 연령인구 성장률 적용. 보행권·실제 이용자·신규 수혜가 아님. 후보끼리 합산하지 않음.,50.55,50.55,731.45,45.29,45.29,655.34
CG_01259,126.71842830000048,37.5051288999998,56.42,50.55,다사3045,0.031734609516569416,남동구,723.186,290,241.8,317.9,1.0,752.2,0.0,high,['인천부원초등학교'],1,70.64,723.186,290,source_allocation_v2_20260911,True,unknown,"500m 내 재개발 4건: unknown(281m), unknown(464m), unknown(90m)",0.0,straight_500m,estimated,70.64,944.81,직선 500m 거주 아동 시나리오,2024년 6~11세 배분 추정에 인천 전체 연령인구 성장률 적용. 보행권·실제 이용자·신규 수혜가 아님. 후보끼리 합산하지 않음.,56.42,56.42,754.59,50.55,50.55,676.08
CG_01256,126.71842830000048,37.49837889999981,64.0,57.34,다사3044,0.053749143968742676,계양구,745.68,271,387.1,9892.8,1.0,752.2,0.0,high,['인천부원초등학교'],1,80.13,745.68,271,source_allocation_v2_20260911,False,none,,0.0,straight_500m,estimated,80.13,974.19,직선 500m 거주 아동 시나리오,2024년 6~11세 배분 추정에 인천 전체 연령인구 성장률 적용. 보행권·실제 이용자·신규 수혜가 아님. 후보끼리 합산하지 않음.,64.0,64.0,778.06,57.34,57.34,697.11
CG_01400,126.7274283000005,37.54112889999974,41.3,37.0,다사3149,0.025670421629319252,남동구,409.096,821,305.0,956.9,2.0,320.1,0.0,medium,"[""['인천안남초등학교' '인천부평초등학교']""]",2,51.71,409.096,821,source_allocation_v2_20260911,True,unknown,"500m 내 재개발 2건: unknown(118m), unknown(326m)",0.538662,straight_500m,estimated,51.71,534.46,직선 500m 거주 아동 시나리오,2024년 6~11세 배분 추정에 인천 전체 연령인구 성장률 적용. 보행권·실제 이용자·신규 수혜가 아님. 후보끼리 합산하지 않음.,41.3,41.3,426.86,37.0,37.0,382.45
CG_01263,126.71842830000048,37.52987889999976,26.15,23.43,다사3048,0.07975373412115326,남동구,596.4300000000001,431,245.7,559.5,2.0,200.5,0.0,medium,"[""['인천효성동초등학교' '인천효성남초등학교']""]",2,32.74,596.4300000000001,431,source_allocation_v2_20260911,True,completed,"500m 내 재개발 4건: unknown(222m), completed(373m), completed(467m)",1.688919,straight_500m,estimated,32.74,779.2,직선 500m 거주 아동 시나리오,2024년 6~11세 배분 추정에 인천 전체 연령인구 성장률 적용. 보행권·실제 이용자·신규 수혜가 아님. 후보끼리 합산하지 않음.,26.15,26.15,622.33,23.43,23.43,557.58
CG_01264,126.71842830000048,37.532128899999755,78.49,70.33,다사3048,0.07869756424853669,남동구,458.23,706,47.3,306.6,2.0,200.5,0.0,medium,"[""['인천효성동초등학교' '인천효성남초등학교']""]",2,98.28,458.23,706,source_allocation_v2_20260911,True,completed,"500m 내 재개발 4건: unknown(451m), completed(259m), completed(284m)",1.688919,straight_500m,estimated,98.28,598.65,직선 500m 거주 아동 시나리오,2024년 6~11세 배분 추정에 인천 전체 연령인구 성장률 적용. 보행권·실제 이용자·신규 수혜가 아님. 후보끼리 합산하지 않음.,78.49,78.49,478.13,70.33,70.33,428.38
CG_01478,126.7319283000005,37.54337889999974,22.37,20.04,다사3249,0.07584375799633906,계양구,483.85799999999995,656,293.7,14743.5,2.0,398.0,0.0,medium,"[""['인천안산초등학교' '인천안남초등학교']""]",2,28.01,483.85799999999995,656,source_allocation_v2_20260911,True,unknown,"500m 내 재개발 3건: unknown(475m), unknown(334m), unknown(474m)",0.257354,straight_500m,estimated,28.01,632.14,직선 500m 거주 아동 시나리오,2024년 6~11세 배분 추정에 인천 전체 연령인구 성장률 적용. 보행권·실제 이용자·신규 수혜가 아님. 후보끼리 합산하지 않음.,22.37,22.37,504.87,20.04,20.04,452.34
CG_01440,126.7296783000005,37.54337889999974,13.23,11.86,다사3149,0.03779216456712404,계양구,456.16200000000003,709,382.6,15178.6,2.0,398.0,0.0,medium,"[""['인천안산초등학교' '인천안남초등학교']""]",2,16.57,456.16200000000003,709,source_allocation_v2_20260911,True,unknown,"500m 내 재개발 4건: unknown(292m), unknown(432m), unknown(402m)",0.257354,straight_500m,estimated,16.57,595.95,직선 500m 거주 아동 시나리오,2024년 6~11세 배분 추정에 인천 전체 연령인구 성장률 적용. 보행권·실제 이용자·신규 수혜가 아님. 후보끼리 합산하지 않음.,13.23,13.23,475.97,11.86,11.86,426.45
CG_01511,126.73417830000051,37.54337889999974,19.66,17.62,다사3249,0.0050191256122075045,계양구,540.31,518,443.1,10487.7,2.0,398.0,0.0,medium,"[""['인천안산초등학교' '인천안남초등학교']""]",2,24.62,540.31,518,source_allocation_v2_20260911,True,unknown,500m 내 재개발 1건: unknown(375m),0.257354,straight_500m,estimated,24.62,705.89,직선 500m 거주 아동 시나리오,2024년 6~11세 배분 추정에 인천 전체 연령인구 성장률 적용. 보행권·실제 이용자·신규 수혜가 아님. 후보끼리 합산하지 않음.,19.66,19.66,563.77,17.62,17.62,505.12
CG_01300,126.72067830000049,37.52987889999976,13.11,11.74,다사3148,0.12697719878632002,부평구,527.612,553,427.8,3921.3,3.0,248.5,0.0,low,"[""['인천성지초등학교' '인천효성남초등학교']""]",2,16.41,527.612,553,source_allocation_v2_20260911,True,planned,"500m 내 재개발 5건: unknown(200m), planned(461m), completed(276m)",3.269727,straight_500m,estimated,16.41,689.3,직선 500m 거주 아동 시나리오,2024년 6~11세 배분 추정에 인천 전체 연령인구 성장률 적용. 보행권·실제 이용자·신규 수혜가 아님. 후보끼리 합산하지 않음.,13.11,13.11,550.52,11.74,11.74,493.25
CG_01262,126.71842830000048,37.52762889999976,40.61,36.39,다사3047,0.08154114906008714,남동구,612.2719999999999,414,354.0,800.0,3.0,248.5,0.0,low,"[""['인천성지초등학교' '인천효성남초등학교']""]",2,50.85,612.2719999999999,414,source_allocation_v2_20260911,True,completed,"500m 내 재개발 3건: unknown(139m), completed(373m), completed(231m)",3.269727,straight_500m,estimated,50.85,799.9,직선 500m 거주 아동 시나리오,2024년 6~11세 배분 추정에 인천 전체 연령인구 성장률 적용. 보행권·실제 이용자·신규 수혜가 아님. 후보끼리 합산하지 않음.,40.61,40.61,638.86,36.39,36.39,572.39
CG_01299,126.72067830000049,37.52762889999976,24.42,21.88,다사3147,0.060585773417844394,부평구,530.292,546,469.0,3587.5,3.0,248.5,0.0,low,"[""['인천성지초등학교' '인천효성남초등학교']""]",2,30.57,530.292,546,source_allocation_v2_20260911,True,planned,"500m 내 재개발 3건: unknown(100m), planned(474m), completed(342m)",3.269727,straight_500m,estimated,30.57,692.8,직선 500m 거주 아동 시나리오,2024년 6~11세 배분 추정에 인천 전체 연령인구 성장률 적용. 보행권·실제 이용자·신규 수혜가 아님. 후보끼리 합산하지 않음.,24.42,24.42,553.32,21.88,21.88,495.75
CG_01219,126.71617830000048,37.525378899999765,68.58,61.45,다사3047,0.17437576402528726,계양구,545.7,508,131.8,8686.8,3.0,248.5,0.0,low,"[""['인천성지초등학교' '인천효성남초등학교']""]",2,85.87,545.7,508,source_allocation_v2_20260911,True,completed,"500m 내 재개발 4건: unknown(450m), unknown(471m), completed(277m)",3.269727,straight_500m,estimated,85.87,712.93,직선 500m 거주 아동 시나리오,2024년 6~11세 배분 추정에 인천 전체 연령인구 성장률 적용. 보행권·실제 이용자·신규 수혜가 아님. 후보끼리 합산하지 않음.,68.58,68.58,569.4,61.45,61.45,510.15
CG_01220,126.71617830000048,37.52762889999976,49.85,44.67,다사3047,0.16288739785946338,계양구,670.4479999999999,337,442.0,9014.2,3.0,248.5,0.0,low,"[""['인천성지초등학교' '인천효성남초등학교']""]",2,62.42,670.4479999999999,337,source_allocation_v2_20260911,True,completed,"500m 내 재개발 4건: unknown(328m), unknown(462m), completed(176m)",3.269727,straight_500m,estimated,62.42,875.91,직선 500m 거주 아동 시나리오,2024년 6~11세 배분 추정에 인천 전체 연령인구 성장률 적용. 보행권·실제 이용자·신규 수혜가 아님. 후보끼리 합산하지 않음.,49.85,49.85,699.56,44.67,44.67,626.78
CG_01261,126.71842830000048,37.525378899999765,70.28,62.96,다사3047,0.0014166335350367166,남동구,429.846,774,0.0,1160.8,3.0,248.5,0.0,low,"[""['인천성지초등학교' '인천효성남초등학교']""]",2,87.99,429.846,774,source_allocation_v2_20260911,True,completed,"500m 내 재개발 3건: unknown(338m), completed(430m), completed(476m)",3.269727,straight_500m,estimated,87.99,561.57,직선 500m 거주 아동 시나리오,2024년 6~11세 배분 추정에 인천 전체 연령인구 성장률 적용. 보행권·실제 이용자·신규 수혜가 아님. 후보끼리 합산하지 않음.,70.28,70.28,448.51,62.96,62.96,401.85
CG_00804,126.68467830000043,37.460128899999866,48.83,43.75,다사2740,0.06962340064032545,서구,643.3800000000001,375,0.0,2731.3,1.0,947.1,0.0,high,['인천석암초등학교'],1,61.14,643.3800000000001,375,source_allocation_v2_20260911,True,planned,"500m 내 재개발 2건: planned(109m), unknown(344m)",0.0,straight_500m,estimated,61.14,840.54,직선 500m 거주 아동 시나리오,2024년 6~11세 배분 추정에 인천 전체 연령인구 성장률 적용. 보행권·실제 이용자·신규 수혜가 아님. 후보끼리 합산하지 않음.,48.83,48.83,671.32,43.75,43.75,601.47
CG_00805,126.68467830000043,37.46237889999986,85.94,77.0,다사2740,0.09530081712519063,서구,692.028,316,213.1,2934.4,1.0,947.1,0.0,high,['인천석암초등학교'],1,107.6,692.028,316,source_allocation_v2_20260911,True,planned,"500m 내 재개발 6건: unknown(457m), planned(256m), planned(403m)",0.0,straight_500m,estimated,107.6,904.1,직선 500m 거주 아동 시나리오,2024년 6~11세 배분 추정에 인천 전체 연령인구 성장률 적용. 보행권·실제 이용자·신규 수혜가 아님. 후보끼리 합산하지 않음.,85.94,85.94,722.08,77.0,77.0,646.95
CG_00803,126.68467830000043,37.45787889999987,33.39,29.92,다사2740,0.11891362748022134,미추홀구,520.344,563,414.7,1235.5,1.0,947.1,0.0,high,['인천석암초등학교'],1,41.81,520.344,563,source_allocation_v2_20260911,True,planned,"500m 내 재개발 2건: planned(288m), unknown(453m)",0.0,straight_500m,estimated,41.81,679.8,직선 500m 거주 아동 시나리오,2024년 6~11세 배분 추정에 인천 전체 연령인구 성장률 적용. 보행권·실제 이용자·신규 수혜가 아님. 후보끼리 합산하지 않음.,33.39,33.39,542.94,29.92,29.92,486.45
CG_00829,126.68692830000043,37.46462889999986,59.58,53.38,다사2840,0.06865798949836995,연수구,834.768,195,205.5,1038.6,1.0,947.1,0.0,high,['인천석암초등학교'],1,74.6,834.768,195,source_allocation_v2_20260911,True,planned,"500m 내 재개발 6건: unknown(145m), unknown(348m), planned(193m)",0.0,straight_500m,estimated,74.6,1090.58,직선 500m 거주 아동 시나리오,2024년 6~11세 배분 추정에 인천 전체 연령인구 성장률 적용. 보행권·실제 이용자·신규 수혜가 아님. 후보끼리 합산하지 않음.,59.58,59.58,871.02,53.38,53.38,780.39
CG_00806,126.68467830000043,37.46462889999986,31.32,28.06,다사2740,0.1215837791852134,서구,697.992,311,400.8,3162.3,1.0,947.1,0.0,high,['인천석암초등학교'],1,39.21,697.992,311,source_allocation_v2_20260911,True,planned,"500m 내 재개발 6건: unknown(333m), planned(494m), planned(164m)",0.0,straight_500m,estimated,39.21,911.89,직선 500m 거주 아동 시나리오,2024년 6~11세 배분 추정에 인천 전체 연령인구 성장률 적용. 보행권·실제 이용자·신규 수혜가 아님. 후보끼리 합산하지 않음.,31.32,31.32,728.3,28.06,28.06,652.53
CG_00843,126.68917830000044,37.460128899999866,47.37,42.44,다사2840,0.002144768306394003,서구,785.24,238,628.3,19647.7,1.0,947.1,0.0,high,['인천석암초등학교'],1,59.31,785.24,238,source_allocation_v2_20260911,True,unknown,"500m 내 재개발 3건: unknown(439m), unknown(443m), unknown(75m)",0.0,straight_500m,estimated,59.31,1025.88,직선 500m 거주 아동 시나리오,2024년 6~11세 배분 추정에 인천 전체 연령인구 성장률 적용. 보행권·실제 이용자·신규 수혜가 아님. 후보끼리 합산하지 않음.,47.37,47.37,819.34,42.44,42.44,734.09
CG_00773,126.68242830000042,37.46237889999986,22.91,20.52,다사2740,0.07133132915041242,미추홀구,619.01,402,271.1,2117.5,1.0,947.1,0.0,high,['인천석암초등학교'],1,28.68,619.01,402,source_allocation_v2_20260911,True,planned,"500m 내 재개발 4건: planned(250m), planned(480m), completed(332m)",0.0,straight_500m,estimated,28.68,808.7,직선 500m 거주 아동 시나리오,2024년 6~11세 배분 추정에 인천 전체 연령인구 성장률 적용. 보행권·실제 이용자·신규 수혜가 아님. 후보끼리 합산하지 않음.,22.91,22.91,645.89,20.52,20.52,578.69
CG_00774,126.68242830000042,37.46462889999986,31.41,28.14,다사2740,0.08923880215842862,미추홀구,582.408,447,127.5,1986.0,1.0,947.1,0.0,high,['인천석암초등학교'],1,39.33,582.408,447,source_allocation_v2_20260911,True,planned,"500m 내 재개발 5건: planned(490m), planned(309m), completed(84m)",0.0,straight_500m,estimated,39.33,760.89,직선 500m 거주 아동 시나리오,2024년 6~11세 배분 추정에 인천 전체 연령인구 성장률 적용. 보행권·실제 이용자·신규 수혜가 아님. 후보끼리 합산하지 않음.,31.41,31.41,607.7,28.14,28.14,544.47
CG_00827,126.68692830000043,37.460128899999866,59.57,53.37,다사2840,0.04106113749087492,서구,718.384,293,292.2,19339.4,1.0,947.1,0.0,high,['인천석암초등학교'],1,74.59,718.384,293,source_allocation_v2_20260911,True,planned,"500m 내 재개발 2건: planned(307m), unknown(150m)",0.0,straight_500m,estimated,74.59,938.53,직선 500m 거주 아동 시나리오,2024년 6~11세 배분 추정에 인천 전체 연령인구 성장률 적용. 보행권·실제 이용자·신규 수혜가 아님. 후보끼리 합산하지 않음.,59.57,59.57,749.58,53.37,53.37,671.59
CG_00826,126.68692830000043,37.45787889999987,26.67,23.89,다사2840,0.07289999661960352,서구,549.8900000000001,504,65.0,19360.5,1.0,947.1,0.0,high,['인천석암초등학교'],1,33.39,549.8900000000001,504,source_allocation_v2_20260911,True,planned,"500m 내 재개발 3건: unknown(445m), planned(407m), unknown(330m)",0.0,straight_500m,estimated,33.39,718.4,직선 500m 거주 아동 시나리오,2024년 6~11세 배분 추정에 인천 전체 연령인구 성장률 적용. 보행권·실제 이용자·신규 수혜가 아님. 후보끼리 합산하지 않음.,26.67,26.67,573.77,23.89,23.89,514.07
CG_00844,126.68917830000044,37.46237889999986,74.86,67.07,다사2840,0.09098009228581279,서구,849.5880000000001,189,628.3,19647.7,1.0,947.1,0.0,high,['인천석암초등학교'],1,93.73,849.5880000000001,189,source_allocation_v2_20260911,True,completed,"500m 내 재개발 4건: unknown(330m), unknown(221m), completed(466m)",0.0,straight_500m,estimated,93.73,1109.94,직선 500m 거주 아동 시나리오,2024년 6~11세 배분 추정에 인천 전체 연령인구 성장률 적용. 보행권·실제 이용자·신규 수혜가 아님. 후보끼리 합산하지 않음.,74.86,74.86,886.48,67.07,67.07,794.25
CG_00845,126.68917830000044,37.46462889999986,52.06,46.64,다사2840,0.0488337663606109,연수구,941.4300000000001,140,477.7,1273.7,1.0,947.1,0.0,high,['인천석암초등학교'],1,65.18,941.4300000000001,140,source_allocation_v2_20260911,True,planned,"500m 내 재개발 5건: unknown(103m), unknown(161m), planned(356m)",0.0,straight_500m,estimated,65.18,1229.93,직선 500m 거주 아동 시나리오,2024년 6~11세 배분 추정에 인천 전체 연령인구 성장률 적용. 보행권·실제 이용자·신규 수혜가 아님. 후보끼리 합산하지 않음.,52.06,52.06,982.31,46.64,46.64,880.11
CG_00507,126.6689283000004,37.453378899999876,34.79,31.17,다사2639,0.07595411756147012,미추홀구,389.59,860,449.0,3352.2,2.0,198.25,0.0,low,"[""['인천주안초등학교' '인천용일초등학교']""]",2,43.56,389.59,860,source_allocation_v2_20260911,True,unknown,"500m 내 재개발 3건: unknown(345m), unknown(226m), unknown(421m)",1.395665,straight_500m,estimated,43.56,508.98,직선 500m 거주 아동 시나리오,2024년 6~11세 배분 추정에 인천 전체 연령인구 성장률 적용. 보행권·실제 이용자·신규 수혜가 아님. 후보끼리 합산하지 않음.,34.79,34.79,406.51,31.17,31.17,364.21
CG_00201,126.63742830000035,37.47587889999984,73.5,65.85,다사2342,0.12098016932161292,미추홀구,431.474,770,271.8,499.8,3.0,356.5,1.0,medium,"[""['인천동명초등학교' '인천송림초등학교']""]",2,92.03,431.474,770,source_allocation_v2_20260911,True,unknown,"500m 내 재개발 2건: unknown(455m), unknown(406m)",2.710948,straight_500m,estimated,92.03,563.7,직선 500m 거주 아동 시나리오,2024년 6~11세 배분 추정에 인천 전체 연령인구 성장률 적용. 보행권·실제 이용자·신규 수혜가 아님. 후보끼리 합산하지 않음.,73.5,73.5,450.21,65.85,65.85,403.37
CG_01436,126.7296783000005,37.53437889999975,35.03,31.39,다사3148,0.12523137787183383,계양구,588.4080000000001,444,451.1,9645.6,2.0,297.0,0.0,medium,"[""['인천작전초등학교' '인천부현초등학교']""]",2,43.86,588.4080000000001,444,source_allocation_v2_20260911,False,none,,1.837435,straight_500m,estimated,43.86,768.72,직선 500m 거주 아동 시나리오,2024년 6~11세 배분 추정에 인천 전체 연령인구 성장률 적용. 보행권·실제 이용자·신규 수혜가 아님. 후보끼리 합산하지 않음.,35.03,35.03,613.96,31.39,31.39,550.08
CG_01437,126.7296783000005,37.53662889999975,36.72,32.9,다사3148,0.1018949234143865,계양구,589.652,442,35.2,9965.4,2.0,297.0,0.0,medium,"[""['인천작전초등학교' '인천부현초등학교']""]",2,45.98,589.652,442,source_allocation_v2_20260911,False,none,,1.837435,straight_500m,estimated,45.98,770.35,직선 500m 거주 아동 시나리오,2024년 6~11세 배분 추정에 인천 전체 연령인구 성장률 적용. 보행권·실제 이용자·신규 수혜가 아님. 후보끼리 합산하지 않음.,36.72,36.72,615.26,32.9,32.9,551.24
CG_01398,126.7274283000005,37.53662889999975,27.22,24.39,다사3148,0.044944328435659875,계양구,531.03,542,176.1,14972.1,2.0,297.0,0.0,medium,"[""['인천작전초등학교' '인천부현초등학교']""]",2,34.08,531.03,542,source_allocation_v2_20260911,False,none,,1.837435,straight_500m,estimated,34.08,693.77,직선 500m 거주 아동 시나리오,2024년 6~11세 배분 추정에 인천 전체 연령인구 성장률 적용. 보행권·실제 이용자·신규 수혜가 아님. 후보끼리 합산하지 않음.,27.22,27.22,554.09,24.39,24.39,496.44
CG_00572,126.6711783000004,37.51412889999978,15.92,14.26,다사2646,0.08846185864281797,연수구,454.66600000000005,717,364.0,1514.4,2.0,602.1,0.0,high,['인천신현초등학교'],1,19.93,454.66600000000005,717,source_allocation_v2_20260911,True,unknown,"500m 내 재개발 3건: unknown(406m), unknown(376m), unknown(166m)",0.0,straight_500m,estimated,19.93,594.0,직선 500m 거주 아동 시나리오,2024년 6~11세 배분 추정에 인천 전체 연령인구 성장률 적용. 보행권·실제 이용자·신규 수혜가 아님. 후보끼리 합산하지 않음.,15.92,15.92,474.41,14.26,14.26,425.05
CG_00521,126.6689283000004,37.511878899999786,45.26,40.55,다사2646,0.05952427416980306,서구,406.706,824,498.4,6642.9,2.0,602.1,0.0,high,['인천신현초등학교'],1,56.67,406.706,824,source_allocation_v2_20260911,True,planned,"500m 내 재개발 7건: unknown(338m), unknown(398m), planned(388m)",0.0,straight_500m,estimated,56.67,531.34,직선 500m 거주 아동 시나리오,2024년 6~11세 배분 추정에 인천 전체 연령인구 성장률 적용. 보행권·실제 이용자·신규 수혜가 아님. 후보끼리 합산하지 않음.,45.26,45.26,424.37,40.55,40.55,380.21
CG_00571,126.6711783000004,37.511878899999786,35.52,31.83,다사2646,0.046237311006849705,연수구,440.87600000000003,749,115.8,1482.4,2.0,602.1,0.0,high,['인천신현초등학교'],1,44.48,440.87600000000003,749,source_allocation_v2_20260911,True,planned,"500m 내 재개발 7건: unknown(486m), unknown(397m), planned(388m)",0.0,straight_500m,estimated,44.48,575.98,직선 500m 거주 아동 시나리오,2024년 6~11세 배분 추정에 인천 전체 연령인구 성장률 적용. 보행권·실제 이용자·신규 수혜가 아님. 후보끼리 합산하지 않음.,35.52,35.52,460.02,31.83,31.83,412.16
CG_00618,126.67342830000041,37.51637889999978,27.81,24.92,다사2646,0.10005812157412589,연수구,574.3199999999999,457,435.7,1003.3,2.0,602.1,0.0,high,['인천신현초등학교'],1,34.82,574.3199999999999,457,source_allocation_v2_20260911,True,unknown,"500m 내 재개발 3건: unknown(472m), unknown(192m), unknown(318m)",0.0,straight_500m,estimated,34.82,750.32,직선 500m 거주 아동 시나리오,2024년 6~11세 배분 추정에 인천 전체 연령인구 성장률 적용. 보행권·실제 이용자·신규 수혜가 아님. 후보끼리 합산하지 않음.,27.81,27.81,599.26,24.92,24.92,536.91
CG_00616,126.67342830000041,37.511878899999786,22.5,20.16,다사2646,0.06272413455227972,연수구,487.05199999999996,652,196.9,1298.8,2.0,602.1,0.0,high,['인천신현초등학교'],1,28.17,487.05199999999996,652,source_allocation_v2_20260911,True,planned,"500m 내 재개발 12건: unknown(412m), unknown(485m), planned(480m)",0.0,straight_500m,estimated,28.17,636.31,직선 500m 거주 아동 시나리오,2024년 6~11세 배분 추정에 인천 전체 연령인구 성장률 적용. 보행권·실제 이용자·신규 수혜가 아님. 후보끼리 합산하지 않음.,22.5,22.5,508.2,20.16,20.16,455.33
CG_00617,126.67342830000041,37.51412889999978,21.07,18.88,다사2646,0.0605142914743962,연수구,428.01599999999996,777,406.1,1219.3,2.0,602.1,0.0,high,['인천신현초등학교'],1,26.38,428.01599999999996,777,source_allocation_v2_20260911,True,unknown,"500m 내 재개발 3건: unknown(203m), unknown(326m), unknown(392m)",0.0,straight_500m,estimated,26.38,559.18,직선 500m 거주 아동 시나리오,2024년 6~11세 배분 추정에 인천 전체 연령인구 성장률 적용. 보행권·실제 이용자·신규 수혜가 아님. 후보끼리 합산하지 않음.,21.07,21.07,446.6,18.88,18.88,400.14
CG_00664,126.67567830000041,37.51412889999978,29.51,26.44,다사2746,0.06302391031321822,연수구,379.302,877,518.4,891.4,2.0,602.1,0.0,high,['인천신현초등학교'],1,36.95,379.302,877,source_allocation_v2_20260911,True,unknown,"500m 내 재개발 2건: unknown(141m), unknown(265m)",0.0,straight_500m,estimated,36.95,495.54,직선 500m 거주 아동 시나리오,2024년 6~11세 배분 추정에 인천 전체 연령인구 성장률 적용. 보행권·실제 이용자·신규 수혜가 아님. 후보끼리 합산하지 않음.,29.51,29.51,395.77,26.44,26.44,354.6
CG_01413,126.7296783000005,37.46462889999986,,,다사3140,0.011924937036101195,부평구,,,179.9,5274.9,2.0,147.6,2.0,medium,['인천동부초등학교'],1,,,,source_allocation_v2_20260911,True,completed,"500m 내 재개발 2건: unknown(287m), completed(488m)",0.280193,straight_500m,missing_age_observations,,,직선 500m 거주 아동 시나리오,2024년 6~11세 배분 추정에 인천 전체 연령인구 성장률 적용. 보행권·실제 이용자·신규 수혜가 아님. 후보끼리 합산하지 않음.,,,,,,
CG_01414,126.7296783000005,37.466878899999855,,,다사3141,0.5394591326056246,부평구,,,559.9,2989.5,2.0,147.6,2.0,medium,['인천동부초등학교'],1,,,,source_allocation_v2_20260911,False,none,,0.280193,straight_500m,missing_age_observations,,,직선 500m 거주 아동 시나리오,2024년 6~11세 배분 추정에 인천 전체 연령인구 성장률 적용. 보행권·실제 이용자·신규 수혜가 아님. 후보끼리 합산하지 않음.,,,,,,
CG_01346,126.7251783000005,37.466878899999855,,,다사3141,0.14978661527053014,계양구,,,247.7,8104.4,2.0,147.6,2.0,medium,['인천동부초등학교'],1,,,,source_allocation_v2_20260911,False,none,,0.280193,straight_500m,missing_age_observations,,,직선 500m 거주 아동 시나리오,2024년 6~11세 배분 추정에 인천 전체 연령인구 성장률 적용. 보행권·실제 이용자·신규 수혜가 아님. 후보끼리 합산하지 않음.,,,,,,
CG_01379,126.7274283000005,37.46462889999986,,,다사3140,0.019825581273381587,부평구,,,234.8,4590.4,2.0,147.6,2.0,medium,['인천동부초등학교'],1,,,,source_allocation_v2_20260911,True,unknown,500m 내 재개발 1건: unknown(216m),0.280193,straight_500m,missing_age_observations,,,직선 500m 거주 아동 시나리오,2024년 6~11세 배분 추정에 인천 전체 연령인구 성장률 적용. 보행권·실제 이용자·신규 수혜가 아님. 후보끼리 합산하지 않음.,,,,,,
CG_01380,126.7274283000005,37.466878899999855,,,다사3141,0.3107542521238452,부평구,,,8.0,4817.3,2.0,147.6,2.0,medium,['인천동부초등학교'],1,,,,source_allocation_v2_20260911,True,unknown,500m 내 재개발 1건: unknown(465m),0.280193,straight_500m,missing_age_observations,,,직선 500m 거주 아동 시나리오,2024년 6~11세 배분 추정에 인천 전체 연령인구 성장률 적용. 보행권·실제 이용자·신규 수혜가 아님. 후보끼리 합산하지 않음.,,,,,,
CG_01320,126.72292830000049,37.49162889999982,9.77,8.75,다사3143,0.037192126977487174,남동구,557.346,487,181.7,605.3,2.0,304.0,0.0,medium,['인천부평서초등학교'],1,12.23,557.346,487,source_allocation_v2_20260911,False,none,,0.205842,straight_500m,estimated,12.23,728.14,직선 500m 거주 아동 시나리오,2024년 6~11세 배분 추정에 인천 전체 연령인구 성장률 적용. 보행권·실제 이용자·신규 수혜가 아님. 후보끼리 합산하지 않음.,9.77,9.77,581.55,8.75,8.75,521.04
CG_01321,126.72292830000049,37.493878899999814,10.59,9.49,다사3144,0.08495869796911956,남동구,532.3240000000001,540,312.6,881.9,2.0,304.0,0.0,medium,['인천부평서초등학교'],1,13.26,532.3240000000001,540,source_allocation_v2_20260911,False,none,,0.205842,straight_500m,estimated,13.26,695.46,직선 500m 거주 아동 시나리오,2024년 6~11세 배분 추정에 인천 전체 연령인구 성장률 적용. 보행권·실제 이용자·신규 수혜가 아님. 후보끼리 합산하지 않음.,10.59,10.59,555.44,9.49,9.49,497.65
CG_01350,126.7251783000005,37.493878899999814,20.28,18.17,다사3144,0.09727622041309109,계양구,646.5640000000001,369,669.0,9288.0,2.0,304.0,0.0,medium,['인천부평서초등학교'],1,25.39,646.5640000000001,369,source_allocation_v2_20260911,False,none,,0.205842,straight_500m,estimated,25.39,844.7,직선 500m 거주 아동 시나리오,2024년 6~11세 배분 추정에 인천 전체 연령인구 성장률 적용. 보행권·실제 이용자·신규 수혜가 아님. 후보끼리 합산하지 않음.,20.28,20.28,674.64,18.17,18.17,604.45
CG_01349,126.7251783000005,37.49162889999982,5.38,4.82,다사3143,0.07895504771830729,계양구,596.884,430,409.8,8843.1,2.0,304.0,0.0,medium,['인천부평서초등학교'],1,6.73,596.884,430,source_allocation_v2_20260911,False,none,,0.205842,straight_500m,estimated,6.73,779.8,직선 500m 거주 아동 시나리오,2024년 6~11세 배분 추정에 인천 전체 연령인구 성장률 적용. 보행권·실제 이용자·신규 수혜가 아님. 후보끼리 합산하지 않음.,5.38,5.38,622.8,4.82,4.82,558.01
CG_01255,126.71842830000048,37.49612889999981,50.67,45.4,다사3044,0.10785254856349014,계양구,559.812,481,94.7,9600.4,2.0,304.0,0.0,medium,['인천부평서초등학교'],1,63.44,559.812,481,source_allocation_v2_20260911,False,none,,0.205842,straight_500m,estimated,63.44,731.37,직선 500m 거주 아동 시나리오,2024년 6~11세 배분 추정에 인천 전체 연령인구 성장률 적용. 보행권·실제 이용자·신규 수혜가 아님. 후보끼리 합산하지 않음.,50.67,50.67,584.12,45.4,45.4,523.35
CG_01254,126.71842830000048,37.493878899999814,46.28,41.47,다사3044,0.08448244695871969,계양구,502.884,610,131.4,9329.2,2.0,304.0,0.0,medium,['인천부평서초등학교'],1,57.95,502.884,610,source_allocation_v2_20260911,False,none,,0.205842,straight_500m,estimated,57.95,656.99,직선 500m 거주 아동 시나리오,2024년 6~11세 배분 추정에 인천 전체 연령인구 성장률 적용. 보행권·실제 이용자·신규 수혜가 아님. 후보끼리 합산하지 않음.,46.28,46.28,524.72,41.47,41.47,470.13
CG_01291,126.72067830000049,37.493878899999814,36.28,32.5,다사3144,0.05513718724324939,남동구,571.828,461,0.0,448.6,2.0,304.0,0.0,medium,['인천부평서초등학교'],1,45.42,571.828,461,source_allocation_v2_20260911,False,none,,0.205842,straight_500m,estimated,45.42,747.06,직선 500m 거주 아동 시나리오,2024년 6~11세 배분 추정에 인천 전체 연령인구 성장률 적용. 보행권·실제 이용자·신규 수혜가 아님. 후보끼리 합산하지 않음.,36.28,36.28,596.66,32.5,32.5,534.58
CG_01290,126.72067830000049,37.49162889999982,58.24,52.18,다사3143,0.03085238482106768,남동구,496.35799999999995,629,262.5,627.4,2.0,304.0,0.0,medium,['인천부평서초등학교'],1,72.92,496.35799999999995,629,source_allocation_v2_20260911,False,none,,0.205842,straight_500m,estimated,72.92,648.47,직선 500m 거주 아동 시나리오,2024년 6~11세 배분 추정에 인천 전체 연령인구 성장률 적용. 보행권·실제 이용자·신규 수혜가 아님. 후보끼리 합산하지 않음.,58.24,58.24,517.91,52.18,52.18,464.03
CG_01080,126.70717830000046,37.50962889999979,8.75,7.84,다사2945,0.1072904342832415,남동구,666.946,340,628.6,1003.0,1.0,839.7,0.0,high,['인천마장초등학교'],1,10.95,666.946,340,source_allocation_v2_20260911,False,none,,0.0,straight_500m,estimated,10.95,871.33,직선 500m 거주 아동 시나리오,2024년 6~11세 배분 추정에 인천 전체 연령인구 성장률 적용. 보행권·실제 이용자·신규 수혜가 아님. 후보끼리 합산하지 않음.,8.75,8.75,695.91,7.84,7.84,623.5
CG_01120,126.70942830000047,37.5028788999998,88.96,79.7,다사3045,0.1861620798504291,계양구,1191.288,59,265.0,7664.0,1.0,839.7,0.0,high,['인천마장초등학교'],1,111.38,1191.288,59,source_allocation_v2_20260911,False,none,,0.0,straight_500m,estimated,111.38,1556.36,직선 500m 거주 아동 시나리오,2024년 6~11세 배분 추정에 인천 전체 연령인구 성장률 적용. 보행권·실제 이용자·신규 수혜가 아님. 후보끼리 합산하지 않음.,88.96,88.96,1243.02,79.7,79.7,1113.69
CG_01123,126.70942830000047,37.50962889999979,3.54,3.17,다사3045,0.07869061168964316,서구,656.346,354,109.7,15068.2,1.0,839.7,0.0,high,['인천마장초등학교'],1,4.43,656.346,354,source_allocation_v2_20260911,False,none,,0.0,straight_500m,estimated,4.43,857.48,직선 500m 거주 아동 시나리오,2024년 6~11세 배분 추정에 인천 전체 연령인구 성장률 적용. 보행권·실제 이용자·신규 수혜가 아님. 후보끼리 합산하지 않음.,3.54,3.54,684.85,3.17,3.17,613.59
CG_01164,126.71167830000047,37.50962889999979,,,다사3045,0.13240077828044639,남동구,533.926,538,323.1,656.4,1.0,839.7,0.0,high,['인천마장초등학교'],1,,533.926,538,source_allocation_v2_20260911,False,none,,0.0,straight_500m,estimated,,697.55,직선 500m 거주 아동 시나리오,2024년 6~11세 배분 추정에 인천 전체 연령인구 성장률 적용. 보행권·실제 이용자·신규 수혜가 아님. 후보끼리 합산하지 않음.,,,557.11,,,499.15
CG_01192,126.71392830000048,37.50737889999979,80.19,71.85,다사3045,0.0808535093345283,서구,635.7059999999999,386,244.9,15922.1,1.0,839.7,0.0,high,['인천마장초등학교'],1,100.41,635.7059999999999,386,source_allocation_v2_20260911,True,unknown,"500m 내 재개발 2건: unknown(284m), unknown(492m)",0.0,straight_500m,estimated,100.41,830.52,직선 500m 거주 아동 시나리오,2024년 6~11세 배분 추정에 인천 전체 연령인구 성장률 적용. 보행권·실제 이용자·신규 수혜가 아님. 후보끼리 합산하지 않음.,80.19,80.19,663.31,71.85,71.85,594.3
CG_01130,126.70942830000047,37.53437889999975,37.18,33.31,다사3048,0.0021338773781640623,남동구,404.582,829,529.3,1035.5,3.0,209.5,0.0,medium,"[""['인천효성초등학교' '인천명현초등학교']""]",2,46.55,404.582,829,source_allocation_v2_20260911,True,completed,"500m 내 재개발 3건: unknown(240m), completed(181m), unknown(304m)",1.361912,straight_500m,estimated,46.55,528.57,직선 500m 거주 아동 시나리오,2024년 6~11세 배분 추정에 인천 전체 연령인구 성장률 적용. 보행권·실제 이용자·신규 수혜가 아님. 후보끼리 합산하지 않음.,37.18,37.18,422.15,33.31,33.31,378.23
CG_01085,126.70717830000046,37.53437889999975,29.24,26.2,다사2948,0.04784069366447819,부평구,299.83000000000004,1068,484.5,1594.3,3.0,209.5,0.0,medium,"[""['인천효성초등학교' '인천명현초등학교']""]",2,36.61,299.83000000000004,1068,source_allocation_v2_20260911,True,completed,"500m 내 재개발 2건: unknown(320m), completed(374m)",1.361912,straight_500m,estimated,36.61,391.71,직선 500m 거주 아동 시나리오,2024년 6~11세 배분 추정에 인천 전체 연령인구 성장률 적용. 보행권·실제 이용자·신규 수혜가 아님. 후보끼리 합산하지 않음.,29.24,29.24,312.85,26.2,26.2,280.3
CG_01552,126.73867830000052,37.45787889999987,45.16,40.46,다사3240,0.0508769650384747,계양구,418.19,799,220.0,7950.7,3.0,307.9,1.0,low,"[""['인천조동초등학교' '인천인수초등학교']""]",2,56.54,418.19,799,source_allocation_v2_20260911,False,none,,4.947574,straight_500m,estimated,56.54,546.35,직선 500m 거주 아동 시나리오,2024년 6~11세 배분 추정에 인천 전체 연령인구 성장률 적용. 보행권·실제 이용자·신규 수혜가 아님. 후보끼리 합산하지 않음.,45.16,45.16,436.35,40.46,40.46,390.95
CG_00934,126.69817830000045,37.45787889999987,64.71,57.98,다사2940,0.04485376426539722,남동구,457.264,707,296.7,343.6,2.0,73.2,0.0,low,['인천경원초등학교'],1,81.02,457.264,707,source_allocation_v2_20260911,True,unknown,"500m 내 재개발 3건: unknown(224m), unknown(294m), unknown(418m)",0.71892,straight_500m,estimated,81.02,597.39,직선 500m 거주 아동 시나리오,2024년 6~11세 배분 추정에 인천 전체 연령인구 성장률 적용. 보행권·실제 이용자·신규 수혜가 아님. 후보끼리 합산하지 않음.,64.71,64.71,477.12,57.98,57.98,427.48
CG_00901,126.69592830000045,37.45787889999987,70.44,63.11,다사2840,0.03632454239708633,미추홀구,551.406,499,0.0,1085.4,2.0,73.2,0.0,low,['인천경원초등학교'],1,88.2,551.406,499,source_allocation_v2_20260911,True,unknown,"500m 내 재개발 3건: unknown(390m), unknown(365m), unknown(182m)",0.71892,straight_500m,estimated,88.2,720.38,직선 500m 거주 아동 시나리오,2024년 6~11세 배분 추정에 인천 전체 연령인구 성장률 적용. 보행권·실제 이용자·신규 수혜가 아님. 후보끼리 합산하지 않음.,70.44,70.44,575.35,63.11,63.11,515.49
CG_00903,126.69592830000045,37.46237889999986,71.12,63.72,다사2840,0.05622879337198554,미추홀구,648.5360000000001,367,333.0,657.4,2.0,73.2,0.0,low,['인천경원초등학교'],1,89.05,648.5360000000001,367,source_allocation_v2_20260911,True,unknown,"500m 내 재개발 4건: unknown(433m), unknown(323m), unknown(488m)",0.71892,straight_500m,estimated,89.05,847.28,직선 500m 거주 아동 시나리오,2024년 6~11세 배분 추정에 인천 전체 연령인구 성장률 적용. 보행권·실제 이용자·신규 수혜가 아님. 후보끼리 합산하지 않음.,71.12,71.12,676.7,63.72,63.72,606.29
CG_00967,126.70042830000045,37.460128899999866,11.44,10.25,다사2940,0.029585257470377983,부평구,400.71000000000004,839,432.2,5081.2,2.0,73.2,0.0,low,['인천경원초등학교'],1,14.32,400.71000000000004,839,source_allocation_v2_20260911,True,unknown,"500m 내 재개발 3건: unknown(105m), unknown(438m), unknown(141m)",0.71892,straight_500m,estimated,14.32,523.51,직선 500m 거주 아동 시나리오,2024년 6~11세 배분 추정에 인천 전체 연령인구 성장률 적용. 보행권·실제 이용자·신규 수혜가 아님. 후보끼리 합산하지 않음.,11.44,11.44,418.11,10.25,10.25,374.61
CG_00966,126.70042830000045,37.45787889999987,28.46,25.5,다사2940,0.02078534931085309,부평구,421.42,791,713.1,4912.5,2.0,73.2,0.0,low,['인천경원초등학교'],1,35.64,421.42,791,source_allocation_v2_20260911,True,unknown,"500m 내 재개발 3건: unknown(214m), unknown(468m), unknown(388m)",0.71892,straight_500m,estimated,35.64,550.57,직선 500m 거주 아동 시나리오,2024년 6~11세 배분 추정에 인천 전체 연령인구 성장률 적용. 보행권·실제 이용자·신규 수혜가 아님. 후보끼리 합산하지 않음.,28.46,28.46,439.72,25.5,25.5,393.97
CG_00859,126.69142830000044,37.460128899999866,37.87,33.93,다사2840,0.04611528431219514,부평구,786.918,237,295.2,854.6,2.0,73.2,0.0,low,['인천경원초등학교'],1,47.42,786.918,237,source_allocation_v2_20260911,True,unknown,"500m 내 재개발 4건: unknown(377m), unknown(370m), unknown(425m)",0.71892,straight_500m,estimated,47.42,1028.07,직선 500m 거주 아동 시나리오,2024년 6~11세 배분 추정에 인천 전체 연령인구 성장률 적용. 보행권·실제 이용자·신규 수혜가 아님. 후보끼리 합산하지 않음.,37.87,37.87,821.09,33.93,33.93,735.66
CG_00858,126.69142830000044,37.45787889999987,25.71,23.03,다사2840,0.03758447810476665,남동구,574.8299999999999,454,223.7,587.8,2.0,73.2,0.0,low,['인천경원초등학교'],1,32.19,574.8299999999999,454,source_allocation_v2_20260911,True,completed,"500m 내 재개발 4건: unknown(129m), completed(453m), unknown(405m)",0.71892,straight_500m,estimated,32.19,750.99,직선 500m 거주 아동 시나리오,2024년 6~11세 배분 추정에 인천 전체 연령인구 성장률 적용. 보행권·실제 이용자·신규 수혜가 아님. 후보끼리 합산하지 않음.,25.71,25.71,599.79,23.03,23.03,537.39
CG_00879,126.69367830000044,37.45787889999987,35.6,31.89,다사2840,0.05008600456827188,부평구,617.934,405,255.7,819.4,2.0,73.2,0.0,low,['인천경원초등학교'],1,44.57,617.934,405,source_allocation_v2_20260911,True,completed,"500m 내 재개발 3건: unknown(212m), completed(451m), unknown(243m)",0.71892,straight_500m,estimated,44.57,807.3,직선 500m 거주 아동 시나리오,2024년 6~11세 배분 추정에 인천 전체 연령인구 성장률 적용. 보행권·실제 이용자·신규 수혜가 아님. 후보끼리 합산하지 않음.,35.6,35.6,644.77,31.89,31.89,577.68
CG_00902,126.69592830000045,37.460128899999866,14.8,13.26,다사2840,0.10389986053472246,미추홀구,717.348,295,399.5,399.5,2.0,73.2,0.0,low,['인천경원초등학교'],1,18.53,717.348,295,source_allocation_v2_20260911,True,unknown,"500m 내 재개발 3건: unknown(313m), unknown(79m), unknown(385m)",0.71892,straight_500m,estimated,18.53,937.18,직선 500m 거주 아동 시나리오,2024년 6~11세 배분 추정에 인천 전체 연령인구 성장률 적용. 보행권·실제 이용자·신규 수혜가 아님. 후보끼리 합산하지 않음.,14.8,14.8,748.5,13.26,13.26,670.62
CG_00881,126.69367830000044,37.46237889999986,115.25,103.26,다사2840,0.12054835287662696,부평구,738.73,278,0.0,1362.3,2.0,73.2,0.0,low,['인천경원초등학교'],1,144.3,738.73,278,source_allocation_v2_20260911,True,unknown,"500m 내 재개발 3건: unknown(361m), unknown(309m), unknown(497m)",0.71892,straight_500m,estimated,144.3,965.11,직선 500m 거주 아동 시나리오,2024년 6~11세 배분 추정에 인천 전체 연령인구 성장률 적용. 보행권·실제 이용자·신규 수혜가 아님. 후보끼리 합산하지 않음.,115.25,115.25,770.81,103.26,103.26,690.61
CG_00880,126.69367830000044,37.460128899999866,29.43,26.37,다사2840,0.08837916378159504,부평구,790.108,235,94.0,980.3,2.0,73.2,0.0,low,['인천경원초등학교'],1,36.85,790.108,235,source_allocation_v2_20260911,True,unknown,"500m 내 재개발 4건: unknown(412m), unknown(179m), unknown(493m)",0.71892,straight_500m,estimated,36.85,1032.24,직선 500m 거주 아동 시나리오,2024년 6~11세 배분 추정에 인천 전체 연령인구 성장률 적용. 보행권·실제 이용자·신규 수혜가 아님. 후보끼리 합산하지 않음.,29.43,29.43,824.42,26.37,26.37,738.64
CG_00997,126.70267830000046,37.460128899999866,11.75,10.53,다사2940,0.04510320203640314,부평구,335.462,977,699.1,4898.4,2.0,73.2,0.0,low,['인천경원초등학교'],1,14.71,335.462,977,source_allocation_v2_20260911,True,unknown,"500m 내 재개발 2건: unknown(294m), unknown(273m)",0.71892,straight_500m,estimated,14.71,438.27,직선 500m 거주 아동 시나리오,2024년 6~11세 배분 추정에 인천 전체 연령인구 성장률 적용. 보행권·실제 이용자·신규 수혜가 아님. 후보끼리 합산하지 않음.,11.75,11.75,350.03,10.53,10.53,313.61
CG_00935,126.69817830000045,37.460128899999866,34.29,30.73,다사2940,0.04772073913005973,부평구,551.072,501,45.9,520.1,2.0,73.2,0.0,low,['인천경원초등학교'],1,42.94,551.072,501,source_allocation_v2_20260911,True,unknown,"500m 내 재개발 3건: unknown(122m), unknown(244m), unknown(211m)",0.71892,straight_500m,estimated,42.94,719.95,직선 500m 거주 아동 시나리오,2024년 6~11세 배분 추정에 인천 전체 연령인구 성장률 적용. 보행권·실제 이용자·신규 수혜가 아님. 후보끼리 합산하지 않음.,34.29,34.29,575.0,30.73,30.73,515.18
CG_01304,126.72067830000049,37.54337889999974,27.95,25.04,다사3149,0.06670483740010139,부평구,264.214,1124,476.5,5027.4,2.0,285.467,0.0,medium,"[""['인천해서초등학교' '인천계산초등학교' '인천부평초등학교']""]",3,34.99,264.214,1124,source_allocation_v2_20260911,True,completed,"500m 내 재개발 3건: unknown(486m), completed(194m), unknown(145m)",0.754414,straight_500m,estimated,34.99,345.18,직선 500m 거주 아동 시나리오,2024년 6~11세 배분 추정에 인천 전체 연령인구 성장률 적용. 보행권·실제 이용자·신규 수혜가 아님. 후보끼리 합산하지 않음.,27.95,27.95,275.69,25.04,25.04,247.0
CG_01303,126.72067830000049,37.54112889999974,20.83,18.66,다사3149,0.08153387005590874,부평구,247.71400000000003,1153,378.7,4735.5,2.0,285.467,0.0,medium,"[""['인천해서초등학교' '인천계산초등학교' '인천부평초등학교']""]",3,26.08,247.71400000000003,1153,source_allocation_v2_20260911,True,completed,"500m 내 재개발 2건: completed(419m), unknown(358m)",0.754414,straight_500m,estimated,26.08,323.63,직선 500m 거주 아동 시나리오,2024년 6~11세 배분 추정에 인천 전체 연령인구 성장률 적용. 보행권·실제 이용자·신규 수혜가 아님. 후보끼리 합산하지 않음.,20.83,20.83,258.47,18.66,18.66,231.58
CG_01268,126.71842830000048,37.54112889999974,14.42,12.92,다사3049,0.0013101679257873351,남동구,176.41,1284,411.1,416.8,2.0,285.467,0.0,medium,"[""['인천해서초등학교' '인천계산초등학교' '인천부평초등학교']""]",3,18.06,176.41,1284,source_allocation_v2_20260911,True,completed,"500m 내 재개발 2건: completed(408m), unknown(461m)",0.754414,straight_500m,estimated,18.06,230.47,직선 500m 거주 아동 시나리오,2024년 6~11세 배분 추정에 인천 전체 연령인구 성장률 적용. 보행권·실제 이용자·신규 수혜가 아님. 후보끼리 합산하지 않음.,14.42,14.42,184.07,12.92,12.92,164.92
CG_01269,126.71842830000048,37.54337889999974,8.35,7.48,다사3049,0.14250062718761158,부평구,184.402,1273,316.1,3108.2,2.0,285.467,0.0,medium,"[""['인천해서초등학교' '인천계산초등학교' '인천부평초등학교']""]",3,10.45,184.402,1273,source_allocation_v2_20260911,True,completed,"500m 내 재개발 2건: completed(170m), unknown(325m)",0.754414,straight_500m,estimated,10.45,240.91,직선 500m 거주 아동 시나리오,2024년 6~11세 배분 추정에 인천 전체 연령인구 성장률 적용. 보행권·실제 이용자·신규 수혜가 아님. 후보끼리 합산하지 않음.,8.35,8.35,192.41,7.48,7.48,172.39
CG_01464,126.7319283000005,37.5028788999998,7.52,6.73,다사3245,0.365947880072929,부평구,802.912,225,241.5,6743.9,3.0,220.0,0.0,low,['인천개흥초등학교'],1,9.41,802.912,225,source_allocation_v2_20260911,True,planned,"500m 내 재개발 3건: planned(362m), unknown(495m), completed(233m)",3.401915,straight_500m,estimated,9.41,1048.96,직선 500m 거주 아동 시나리오,2024년 6~11세 배분 추정에 인천 전체 연령인구 성장률 적용. 보행권·실제 이용자·신규 수혜가 아님. 후보끼리 합산하지 않음.,7.52,7.52,837.78,6.73,6.73,750.61
CG_01466,126.7319283000005,37.50737889999979,47.35,42.43,다사3245,0.3215627065962004,계양구,630.95,387,407.9,7511.4,3.0,220.0,0.0,low,['인천개흥초등학교'],1,59.29,630.95,387,source_allocation_v2_20260911,False,none,,3.401915,straight_500m,estimated,59.29,824.3,직선 500m 거주 아동 시나리오,2024년 6~11세 배분 추정에 인천 전체 연령인구 성장률 적용. 보행권·실제 이용자·신규 수혜가 아님. 후보끼리 합산하지 않음.,47.35,47.35,658.35,42.43,42.43,589.85
CG_01465,126.7319283000005,37.5051288999998,48.1,43.09,다사3245,0.31248941333087055,계양구,642.586,376,598.1,7332.0,3.0,220.0,0.0,low,['인천개흥초등학교'],1,60.22,642.586,376,source_allocation_v2_20260911,True,planned,"500m 내 재개발 2건: planned(409m), completed(342m)",3.401915,straight_500m,estimated,60.22,839.5,직선 500m 거주 아동 시나리오,2024년 6~11세 배분 추정에 인천 전체 연령인구 성장률 적용. 보행권·실제 이용자·신규 수혜가 아님. 후보끼리 합산하지 않음.,48.1,48.1,670.49,43.09,43.09,600.73
CG_01426,126.7296783000005,37.5051288999998,38.76,34.73,다사3145,0.08175452916667345,부평구,613.2280000000001,412,496.7,6483.9,3.0,220.0,0.0,low,['인천개흥초등학교'],1,48.53,613.2280000000001,412,source_allocation_v2_20260911,True,completed,500m 내 재개발 1건: completed(252m),3.401915,straight_500m,estimated,48.53,801.15,직선 500m 거주 아동 시나리오,2024년 6~11세 배분 추정에 인천 전체 연령인구 성장률 적용. 보행권·실제 이용자·신규 수혜가 아님. 후보끼리 합산하지 않음.,38.76,38.76,639.86,34.73,34.73,573.28
CG_01425,126.7296783000005,37.5028788999998,37.08,33.22,다사3145,0.028972874808759017,부평구,896.3,161,77.7,6184.5,3.0,220.0,0.0,low,['인천개흥초등학교'],1,46.43,896.3,161,source_allocation_v2_20260911,True,completed,500m 내 재개발 1건: completed(35m),3.401915,straight_500m,estimated,46.43,1170.97,직선 500m 거주 아동 시나리오,2024년 6~11세 배분 추정에 인천 전체 연령인구 성장률 적용. 보행권·실제 이용자·신규 수혜가 아님. 후보끼리 합산하지 않음.,37.08,37.08,935.22,33.22,33.22,837.92
CG_01427,126.7296783000005,37.50737889999979,28.9,25.9,다사3145,0.09932840952344249,계양구,569.836,464,726.4,7156.5,3.0,220.0,0.0,low,['인천개흥초등학교'],1,36.19,569.836,464,source_allocation_v2_20260911,False,none,,3.401915,straight_500m,estimated,36.19,744.46,직선 500m 거주 아동 시나리오,2024년 6~11세 배분 추정에 인천 전체 연령인구 성장률 적용. 보행권·실제 이용자·신규 수혜가 아님. 후보끼리 합산하지 않음.,28.9,28.9,594.58,25.9,25.9,532.72
CG_01389,126.7274283000005,37.50737889999979,21.75,19.49,다사3145,0.14839411813511685,계양구,530.934,543,265.0,8175.5,3.0,220.0,0.0,low,['인천개흥초등학교'],1,27.23,530.934,543,source_allocation_v2_20260911,True,unknown,500m 내 재개발 1건: unknown(409m),3.401915,straight_500m,estimated,27.23,693.64,직선 500m 거주 아동 시나리오,2024년 6~11세 배분 추정에 인천 전체 연령인구 성장률 적용. 보행권·실제 이용자·신규 수혜가 아님. 후보끼리 합산하지 않음.,21.75,21.75,553.99,19.49,19.49,496.35
CG_01356,126.7251783000005,37.50737889999979,14.21,12.73,다사3145,0.0007236896446757332,계양구,518.4079999999999,569,372.9,15013.2,3.0,220.0,0.0,low,['인천개흥초등학교'],1,17.79,518.4079999999999,569,source_allocation_v2_20260911,True,unknown,500m 내 재개발 1건: unknown(275m),3.401915,straight_500m,estimated,17.79,677.28,직선 500m 거주 아동 시나리오,2024년 6~11세 배분 추정에 인천 전체 연령인구 성장률 적용. 보행권·실제 이용자·신규 수혜가 아님. 후보끼리 합산하지 않음.,14.21,14.21,540.92,12.73,12.73,484.64
CG_01355,126.7251783000005,37.5051288999998,37.98,34.03,다사3145,0.0075926115696657945,계양구,671.07,336,441.7,14455.3,3.0,220.0,0.0,low,['인천개흥초등학교'],1,47.56,671.07,336,source_allocation_v2_20260911,True,completed,"500m 내 재개발 2건: unknown(133m), completed(441m)",3.401915,straight_500m,estimated,47.56,876.72,직선 500m 거주 아동 시나리오,2024년 6~11세 배분 추정에 인천 전체 연령인구 성장률 적용. 보행권·실제 이용자·신규 수혜가 아님. 후보끼리 합산하지 않음.,37.98,37.98,700.21,34.03,34.03,627.36
CG_01388,126.7274283000005,37.5051288999998,41.82,37.47,다사3145,0.12593027808170737,계양구,628.8820000000001,390,392.5,7964.5,3.0,220.0,0.0,low,['인천개흥초등학교'],1,52.36,628.8820000000001,390,source_allocation_v2_20260911,True,completed,"500m 내 재개발 2건: unknown(331m), completed(299m)",3.401915,straight_500m,estimated,52.36,821.6,직선 500m 거주 아동 시나리오,2024년 6~11세 배분 추정에 인천 전체 연령인구 성장률 적용. 보행권·실제 이용자·신규 수혜가 아님. 후보끼리 합산하지 않음.,41.82,41.82,656.19,37.47,37.47,587.92
CG_00314,126.65092830000037,37.4286289,27.19,24.36,다사2436,0.05320752914816316,동구,464.70000000000005,690,1229.5,1332.6,2.0,242.4,2.0,medium,['인천옥련초등학교'],1,34.04,464.70000000000005,690,source_allocation_v2_20260911,True,unknown,500m 내 재개발 1건: unknown(309m),0.704697,straight_500m,estimated,34.04,607.11,직선 500m 거주 아동 시나리오,2024년 6~11세 배분 추정에 인천 전체 연령인구 성장률 적용. 보행권·실제 이용자·신규 수혜가 아님. 후보끼리 합산하지 않음.,27.19,27.19,484.88,24.36,24.36,434.43
CG_00257,126.64417830000036,37.4263789,74.88,67.09,다사2436,0.0851833717976163,연수구,725.608,288,119.2,3979.2,2.0,242.4,2.0,medium,['인천옥련초등학교'],1,93.76,725.608,288,source_allocation_v2_20260911,False,none,,0.704697,straight_500m,estimated,93.76,947.97,직선 500m 거주 아동 시나리오,2024년 6~11세 배분 추정에 인천 전체 연령인구 성장률 적용. 보행권·실제 이용자·신규 수혜가 아님. 후보끼리 합산하지 않음.,74.88,74.88,757.12,67.09,67.09,678.34
CG_00277,126.64642830000037,37.4286289,44.13,39.54,다사2436,0.11704656198454085,연수구,543.414,513,401.2,3390.0,2.0,242.4,2.0,medium,['인천옥련초등학교'],1,55.25,543.414,513,source_allocation_v2_20260911,False,none,,0.704697,straight_500m,estimated,55.25,709.94,직선 500m 거주 아동 시나리오,2024년 6~11세 배분 추정에 인천 전체 연령인구 성장률 적용. 보행권·실제 이용자·신규 수혜가 아님. 후보끼리 합산하지 않음.,44.13,44.13,567.01,39.54,39.54,508.02
CG_00448,126.6644283000004,37.46912889999985,121.04,108.45,다사2641,0.09686682800597445,미추홀구,743.472,273,248.8,2858.6,2.0,254.6,0.0,medium,['인천대화초등학교'],1,151.55,743.472,273,source_allocation_v2_20260911,True,completed,"500m 내 재개발 2건: completed(284m), completed(270m)",0.467445,straight_500m,estimated,151.55,971.31,직선 500m 거주 아동 시나리오,2024년 6~11세 배분 추정에 인천 전체 연령인구 성장률 적용. 보행권·실제 이용자·신규 수혜가 아님. 후보끼리 합산하지 않음.,121.04,121.04,775.76,108.45,108.45,695.04
CG_00512,126.6689283000004,37.466878899999855,49.92,44.73,다사2641,0.07796360758109962,미추홀구,706.186,305,479.0,2828.8,2.0,254.6,0.0,medium,['인천대화초등학교'],1,62.51,706.186,305,source_allocation_v2_20260911,True,planned,"500m 내 재개발 6건: unknown(348m), unknown(372m), unknown(273m)",0.467445,straight_500m,estimated,62.51,922.6,직선 500m 거주 아동 시나리오,2024년 6~11세 배분 추정에 인천 전체 연령인구 성장률 적용. 보행권·실제 이용자·신규 수혜가 아님. 후보끼리 합산하지 않음.,49.92,49.92,736.85,44.73,44.73,660.19
CG_00514,126.6689283000004,37.47137889999985,39.0,34.94,다사2641,0.005147051830270787,서구,595.47,432,1254.0,4297.4,2.0,254.6,0.0,medium,['인천대화초등학교'],1,48.83,595.47,432,source_allocation_v2_20260911,True,planned,"500m 내 재개발 4건: planned(391m), unknown(238m), completed(229m)",0.467445,straight_500m,estimated,48.83,777.95,직선 500m 거주 아동 시나리오,2024년 6~11세 배분 추정에 인천 전체 연령인구 성장률 적용. 보행권·실제 이용자·신규 수혜가 아님. 후보끼리 합산하지 않음.,39.0,39.0,621.33,34.94,34.94,556.68
CG_00474,126.6666783000004,37.466878899999855,45.99,41.2,다사2641,0.11754024327077349,미추홀구,766.542,253,243.5,3225.6,2.0,254.6,0.0,medium,['인천대화초등학교'],1,57.58,766.542,253,source_allocation_v2_20260911,True,planned,"500m 내 재개발 5건: unknown(470m), unknown(468m), planned(353m)",0.467445,straight_500m,estimated,57.58,1001.45,직선 500m 거주 아동 시나리오,2024년 6~11세 배분 추정에 인천 전체 연령인구 성장률 적용. 보행권·실제 이용자·신규 수혜가 아님. 후보끼리 합산하지 않음.,45.99,45.99,799.83,41.2,41.2,716.61
CG_00447,126.6644283000004,37.466878899999855,46.85,41.98,다사2641,0.1391769984477195,연수구,732.74,280,39.2,442.1,2.0,254.6,0.0,medium,['인천대화초등학교'],1,58.66,732.74,280,source_allocation_v2_20260911,True,completed,"500m 내 재개발 2건: completed(412m), completed(349m)",0.467445,straight_500m,estimated,58.66,957.29,직선 500m 거주 아동 시나리오,2024년 6~11세 배분 추정에 인천 전체 연령인구 성장률 적용. 보행권·실제 이용자·신규 수혜가 아님. 후보끼리 합산하지 않음.,46.85,46.85,764.56,41.98,41.98,685.01
CG_00449,126.6644283000004,37.47137889999985,72.99,65.4,다사2641,0.09983219157672092,미추홀구,750.422,266,367.3,3028.7,2.0,254.6,0.0,medium,['인천대화초등학교'],1,91.39,750.422,266,source_allocation_v2_20260911,True,completed,"500m 내 재개발 2건: completed(340m), completed(385m)",0.467445,straight_500m,estimated,91.39,980.39,직선 500m 거주 아동 시나리오,2024년 6~11세 배분 추정에 인천 전체 연령인구 성장률 적용. 보행권·실제 이용자·신규 수혜가 아님. 후보끼리 합산하지 않음.,72.99,72.99,783.01,65.4,65.4,701.54
CG_00475,126.6666783000004,37.46912889999985,72.32,64.8,다사2641,0.12165673611174922,미추홀구,772.3499999999999,249,20.1,3229.2,2.0,254.6,0.0,medium,['인천대화초등학교'],1,90.55,772.3499999999999,249,source_allocation_v2_20260911,True,completed,"500m 내 재개발 4건: unknown(355m), unknown(495m), completed(96m)",0.467445,straight_500m,estimated,90.55,1009.04,직선 500m 거주 아동 시나리오,2024년 6~11세 배분 추정에 인천 전체 연령인구 성장률 적용. 보행권·실제 이용자·신규 수혜가 아님. 후보끼리 합산하지 않음.,72.32,72.32,805.89,64.8,64.8,722.04
CG_00562,126.6711783000004,37.46912889999985,37.9,33.96,다사2641,0.03978629541241616,서구,538.6579999999999,524,326.1,11581.9,2.0,254.6,0.0,medium,['인천대화초등학교'],1,47.46,538.6579999999999,524,source_allocation_v2_20260911,True,planned,"500m 내 재개발 7건: unknown(81m), unknown(473m), unknown(189m)",0.467445,straight_500m,estimated,47.46,703.73,직선 500m 거주 아동 시나리오,2024년 6~11세 배분 추정에 인천 전체 연령인구 성장률 적용. 보행권·실제 이용자·신규 수혜가 아님. 후보끼리 합산하지 않음.,37.9,37.9,562.05,33.96,33.96,503.57
CG_00563,126.6711783000004,37.47137889999985,2.16,1.94,다사2641,0.0,서구,395.988,846,359.6,11860.6,2.0,254.6,0.0,medium,['인천대화초등학교'],1,2.71,395.988,846,source_allocation_v2_20260911,True,planned,"500m 내 재개발 6건: planned(455m), unknown(191m), unknown(432m)",0.467445,straight_500m,estimated,2.71,517.34,직선 500m 거주 아동 시나리오,2024년 6~11세 배분 추정에 인천 전체 연령인구 성장률 적용. 보행권·실제 이용자·신규 수혜가 아님. 후보끼리 합산하지 않음.,2.16,2.16,413.18,1.94,1.94,370.2
CG_00561,126.6711783000004,37.466878899999855,46.21,41.4,다사2641,0.09983351249598835,서구,640.9739999999999,379,196.8,11257.2,2.0,254.6,0.0,medium,['인천대화초등학교'],1,57.86,640.9739999999999,379,source_allocation_v2_20260911,True,planned,"500m 내 재개발 7건: unknown(318m), unknown(237m), unknown(97m)",0.467445,straight_500m,estimated,57.86,837.4,직선 500m 거주 아동 시나리오,2024년 6~11세 배분 추정에 인천 전체 연령인구 성장률 적용. 보행권·실제 이용자·신규 수혜가 아님. 후보끼리 합산하지 않음.,46.21,46.21,668.81,41.4,41.4,599.22
CG_00772,126.68242830000042,37.453378899999876,33.06,29.62,다사2739,0.07684978520255817,미추홀구,497.42599999999993,625,40.4,2290.2,2.0,60.5,0.0,medium,['인천주안남초등학교'],1,41.39,497.42599999999993,625,source_allocation_v2_20260911,True,planned,"500m 내 재개발 2건: planned(483m), unknown(485m)",0.323837,straight_500m,estimated,41.39,649.86,직선 500m 거주 아동 시나리오,2024년 6~11세 배분 추정에 인천 전체 연령인구 성장률 적용. 보행권·실제 이용자·신규 수혜가 아님. 후보끼리 합산하지 않음.,33.06,33.06,519.03,29.62,29.62,465.02
CG_00824,126.68692830000043,37.45112889999988,15.18,13.6,다사2839,0.1522712654805206,서구,439.886,752,566.2,3969.9,2.0,60.5,0.0,medium,['인천주안남초등학교'],1,19.01,439.886,752,source_allocation_v2_20260911,True,unknown,"500m 내 재개발 2건: unknown(243m), unknown(468m)",0.323837,straight_500m,estimated,19.01,574.69,직선 500m 거주 아동 시나리오,2024년 6~11세 배분 추정에 인천 전체 연령인구 성장률 적용. 보행권·실제 이용자·신규 수혜가 아님. 후보끼리 합산하지 않음.,15.18,15.18,458.99,13.6,13.6,411.23
CG_00842,126.68917830000044,37.45112889999988,9.31,8.34,다사2839,0.023368198306947637,서구,488.22,649,84.8,19476.9,2.0,60.5,0.0,medium,['인천주안남초등학교'],1,11.66,488.22,649,source_allocation_v2_20260911,True,planned,"500m 내 재개발 3건: completed(433m), unknown(359m), planned(413m)",0.323837,straight_500m,estimated,11.66,637.83,직선 500m 거주 아동 시나리오,2024년 6~11세 배분 추정에 인천 전체 연령인구 성장률 적용. 보행권·실제 이용자·신규 수혜가 아님. 후보끼리 합산하지 않음.,9.31,9.31,509.42,8.34,8.34,456.42
CG_00799,126.68467830000043,37.44662889999989,36.51,32.71,다사2738,0.022991603277552546,미추홀구,531.424,541,0.0,1858.8,2.0,60.5,0.0,medium,['인천주안남초등학교'],1,45.71,531.424,541,source_allocation_v2_20260911,True,unknown,"500m 내 재개발 2건: unknown(295m), unknown(335m)",0.323837,straight_500m,estimated,45.71,694.28,직선 500m 거주 아동 시나리오,2024년 6~11세 배분 추정에 인천 전체 연령인구 성장률 적용. 보행권·실제 이용자·신규 수혜가 아님. 후보끼리 합산하지 않음.,36.51,36.51,554.5,32.71,32.71,496.81
CG_00769,126.68242830000042,37.44662889999989,56.95,51.02,다사2738,0.06473415110327416,미추홀구,516.806,573,165.9,1967.9,2.0,60.5,0.0,medium,['인천주안남초등학교'],1,71.3,516.806,573,source_allocation_v2_20260911,True,unknown,"500m 내 재개발 2건: unknown(419m), unknown(264m)",0.323837,straight_500m,estimated,71.3,675.18,직선 500m 거주 아동 시나리오,2024년 6~11세 배분 추정에 인천 전체 연령인구 성장률 적용. 보행권·실제 이용자·신규 수혜가 아님. 후보끼리 합산하지 않음.,56.95,56.95,539.25,51.02,51.02,483.14
CG_00770,126.68242830000042,37.44887889999988,33.41,29.93,다사2739,0.03123636908674403,미추홀구,521.84,560,61.6,2199.9,2.0,60.5,0.0,medium,['인천주안남초등학교'],1,41.83,521.84,560,source_allocation_v2_20260911,True,planned,"500m 내 재개발 3건: planned(376m), unknown(323m), unknown(16m)",0.323837,straight_500m,estimated,41.83,681.76,직선 500m 거주 아동 시나리오,2024년 6~11세 배분 추정에 인천 전체 연령인구 성장률 적용. 보행권·실제 이용자·신규 수혜가 아님. 후보끼리 합산하지 않음.,33.41,33.41,544.5,29.93,29.93,487.85
CG_00771,126.68242830000042,37.45112889999988,37.27,33.39,다사2739,0.07415691709741233,미추홀구,501.282,616,259.5,2476.1,2.0,60.5,0.0,medium,['인천주안남초등학교'],1,46.66,501.282,616,source_allocation_v2_20260911,True,planned,"500m 내 재개발 3건: planned(353m), unknown(396m), unknown(235m)",0.323837,straight_500m,estimated,46.66,654.9,직선 500m 거주 아동 시나리오,2024년 6~11세 배분 추정에 인천 전체 연령인구 성장률 적용. 보행권·실제 이용자·신규 수혜가 아님. 후보끼리 합산하지 않음.,37.27,37.27,523.05,33.39,33.39,468.63
CG_00825,126.68692830000043,37.453378899999876,8.67,7.77,다사2839,0.06572418186695982,서구,402.464,833,133.7,19195.7,2.0,60.5,0.0,medium,['인천주안남초등학교'],1,10.86,402.464,833,source_allocation_v2_20260911,True,unknown,500m 내 재개발 1건: unknown(486m),0.323837,straight_500m,estimated,10.86,525.8,직선 500m 거주 아동 시나리오,2024년 6~11세 배분 추정에 인천 전체 연령인구 성장률 적용. 보행권·실제 이용자·신규 수혜가 아님. 후보끼리 합산하지 않음.,8.67,8.67,419.94,7.77,7.77,376.25
CG_00802,126.68467830000043,37.453378899999876,37.58,33.67,다사2739,0.11631249113242574,미추홀구,393.138,855,947.1,1548.0,2.0,60.5,0.0,medium,['인천주안남초등학교'],1,47.05,393.138,855,source_allocation_v2_20260911,True,unknown,500m 내 재개발 1건: unknown(496m),0.323837,straight_500m,estimated,47.05,513.62,직선 500m 거주 아동 시나리오,2024년 6~11세 배분 추정에 인천 전체 연령인구 성장률 적용. 보행권·실제 이용자·신규 수혜가 아님. 후보끼리 합산하지 않음.,37.58,37.58,410.21,33.67,33.67,367.53
CG_00801,126.68467830000043,37.45112889999988,28.38,25.42,다사2739,0.08569377300862684,미추홀구,417.346,801,670.8,1576.0,2.0,60.5,0.0,medium,['인천주안남초등학교'],1,35.53,417.346,801,source_allocation_v2_20260911,True,unknown,"500m 내 재개발 2건: unknown(262m), unknown(312m)",0.323837,straight_500m,estimated,35.53,545.24,직선 500m 거주 아동 시나리오,2024년 6~11세 배분 추정에 인천 전체 연령인구 성장률 적용. 보행권·실제 이용자·신규 수혜가 아님. 후보끼리 합산하지 않음.,28.38,28.38,435.47,25.42,25.42,390.16
CG_00800,126.68467830000043,37.44887889999988,44.51,39.88,다사2739,0.042759813382486,미추홀구,554.348,492,459.2,1410.7,2.0,60.5,0.0,medium,['인천주안남초등학교'],1,55.73,554.348,492,source_allocation_v2_20260911,True,unknown,"500m 내 재개발 2건: unknown(125m), unknown(206m)",0.323837,straight_500m,estimated,55.73,724.23,직선 500m 거주 아동 시나리오,2024년 6~11세 배분 추정에 인천 전체 연령인구 성장률 적용. 보행권·실제 이용자·신규 수혜가 아님. 후보끼리 합산하지 않음.,44.51,44.51,578.42,39.88,39.88,518.24
CG_00728,126.68017830000042,37.44662889999989,41.8,37.45,다사2738,0.10785121577365997,서구,505.26,603,620.8,7230.3,2.0,60.5,0.0,medium,['인천주안남초등학교'],1,52.34,505.26,603,source_allocation_v2_20260911,True,planned,"500m 내 재개발 2건: planned(431m), unknown(327m)",0.323837,straight_500m,estimated,52.34,660.1,직선 500m 거주 아동 시나리오,2024년 6~11세 배분 추정에 인천 전체 연령인구 성장률 적용. 보행권·실제 이용자·신규 수혜가 아님. 후보끼리 합산하지 않음.,41.8,41.8,527.2,37.45,37.45,472.35
CG_01082,126.70717830000046,37.51637889999978,53.96,48.34,다사2946,0.09154982494045179,남동구,817.308,211,550.7,560.5,3.0,408.0,0.0,low,['인천용마초등학교'],1,67.56,817.308,211,source_allocation_v2_20260911,True,completed,"500m 내 재개발 2건: unknown(382m), completed(408m)",1.423202,straight_500m,estimated,67.56,1067.77,직선 500m 거주 아동 시나리오,2024년 6~11세 배분 추정에 인천 전체 연령인구 성장률 적용. 보행권·실제 이용자·신규 수혜가 아님. 후보끼리 합산하지 않음.,53.96,53.96,852.8,48.34,48.34,764.07
CG_01125,126.70942830000047,37.51412889999978,76.14,68.22,다사3046,0.5112512884270791,서구,545.634,509,720.4,16624.8,3.0,408.0,0.0,low,['인천용마초등학교'],1,95.33,545.634,509,source_allocation_v2_20260911,False,none,,1.423202,straight_500m,estimated,95.33,712.84,직선 500m 거주 아동 시나리오,2024년 6~11세 배분 추정에 인천 전체 연령인구 성장률 적용. 보행권·실제 이용자·신규 수혜가 아님. 후보끼리 합산하지 않음.,76.14,76.14,569.33,68.22,68.22,510.09
CG_01081,126.70717830000046,37.51412889999978,115.46,103.44,다사2946,0.11153532783932896,남동구,781.838,242,441.6,542.3,3.0,408.0,0.0,low,['인천용마초등학교'],1,144.56,781.838,242,source_allocation_v2_20260911,False,none,,1.423202,straight_500m,estimated,144.56,1021.43,직선 500m 거주 아동 시나리오,2024년 6~11세 배분 추정에 인천 전체 연령인구 성장률 적용. 보행권·실제 이용자·신규 수혜가 아님. 후보끼리 합산하지 않음.,115.46,115.46,815.79,103.44,103.44,730.91
CG_01126,126.70942830000047,37.51637889999978,31.74,28.44,다사3046,0.4232385600655932,서구,591.734,438,584.1,16593.3,3.0,408.0,0.0,low,['인천용마초등학교'],1,39.74,591.734,438,source_allocation_v2_20260911,True,completed,500m 내 재개발 1건: completed(414m),1.423202,straight_500m,estimated,39.74,773.07,직선 500m 거주 아동 시나리오,2024년 6~11세 배분 추정에 인천 전체 연령인구 성장률 적용. 보행권·실제 이용자·신규 수혜가 아님. 후보끼리 합산하지 않음.,31.74,31.74,617.43,28.44,28.44,553.19
CG_01124,126.70942830000047,37.511878899999786,36.64,32.83,다사3046,0.06551015150732774,서구,480.03599999999994,665,300.1,15318.8,3.0,408.0,0.0,low,['인천용마초등학교'],1,45.88,480.03599999999994,665,source_allocation_v2_20260911,False,none,,1.423202,straight_500m,estimated,45.88,627.14,직선 500m 거주 아동 시나리오,2024년 6~11세 배분 추정에 인천 전체 연령인구 성장률 적용. 보행권·실제 이용자·신규 수혜가 아님. 후보끼리 합산하지 않음.,36.64,36.64,500.88,32.83,32.83,448.77
CG_01543,126.73642830000051,37.545628899999734,36.26,32.49,다사3249,0.0076773709037350375,남동구,519.01,566,111.0,1308.8,2.0,295.55,0.0,medium,"[""['인천안산초등학교' '인천병방초등학교']""]",2,45.4,519.01,566,source_allocation_v2_20260911,True,unknown,500m 내 재개발 1건: unknown(381m),0.369119,straight_500m,estimated,45.4,678.06,직선 500m 거주 아동 시나리오,2024년 6~11세 배분 추정에 인천 전체 연령인구 성장률 적용. 보행권·실제 이용자·신규 수혜가 아님. 후보끼리 합산하지 않음.,36.26,36.26,541.55,32.49,32.49,485.2
CG_01032,126.70492830000046,37.46462889999986,26.08,23.36,다사2940,0.060155861726111065,서구,320.156,1019,276.7,15303.3,2.0,473.0,0.0,low,['상인천초등학교'],1,32.65,320.156,1019,source_allocation_v2_20260911,True,planned,500m 내 재개발 1건: planned(207m),0.78003,straight_500m,estimated,32.65,418.27,직선 500m 거주 아동 시나리오,2024년 6~11세 배분 추정에 인천 전체 연령인구 성장률 적용. 보행권·실제 이용자·신규 수혜가 아님. 후보끼리 합산하지 않음.,26.08,26.08,334.06,23.36,23.36,299.3
CG_01030,126.70492830000046,37.460128899999866,25.69,23.02,다사2940,0.04699347721406252,계양구,409.414,819,733.3,8006.2,2.0,473.0,0.0,low,['상인천초등학교'],1,32.17,409.414,819,source_allocation_v2_20260911,True,planned,"500m 내 재개발 4건: unknown(491m), planned(461m), unknown(456m)",0.78003,straight_500m,estimated,32.17,534.88,직선 500m 거주 아동 시나리오,2024년 6~11세 배분 추정에 인천 전체 연령인구 성장률 적용. 보행권·실제 이용자·신규 수혜가 아님. 후보끼리 합산하지 않음.,25.69,25.69,427.19,23.02,23.02,382.75
CG_01033,126.70492830000046,37.466878899999855,37.35,33.47,다사2941,0.09593011708911191,서구,417.736,800,253.2,15509.1,2.0,473.0,0.0,low,['상인천초등학교'],1,46.77,417.736,800,source_allocation_v2_20260911,True,planned,500m 내 재개발 1건: planned(381m),0.78003,straight_500m,estimated,46.77,545.75,직선 500m 거주 아동 시나리오,2024년 6~11세 배분 추정에 인천 전체 연령인구 성장률 적용. 보행권·실제 이용자·신규 수혜가 아님. 후보끼리 합산하지 않음.,37.35,37.35,435.88,33.47,33.47,390.52
CG_01063,126.70717830000046,37.460128899999866,62.83,56.29,다사2940,0.1021178248672505,부평구,569.624,465,905.5,5863.6,2.0,473.0,0.0,low,['상인천초등학교'],1,78.67,569.624,465,source_allocation_v2_20260911,True,planned,"500m 내 재개발 3건: planned(420m), unknown(319m), unknown(300m)",0.78003,straight_500m,estimated,78.67,744.18,직선 500m 거주 아동 시나리오,2024년 6~11세 배분 추정에 인천 전체 연령인구 성장률 적용. 보행권·실제 이용자·신규 수혜가 아님. 후보끼리 합산하지 않음.,62.83,62.83,594.36,56.29,56.29,532.52
CG_01031,126.70492830000046,37.46237889999986,0.34,0.31,다사2940,0.08552481336254612,서구,374.288,885,616.0,14964.1,2.0,473.0,0.0,low,['상인천초등학교'],1,0.43,374.288,885,source_allocation_v2_20260911,True,planned,"500m 내 재개발 3건: planned(256m), unknown(481m), unknown(450m)",0.78003,straight_500m,estimated,0.43,488.99,직선 500m 거주 아동 시나리오,2024년 6~11세 배분 추정에 인천 전체 연령인구 성장률 적용. 보행권·실제 이용자·신규 수혜가 아님. 후보끼리 합산하지 않음.,0.34,0.34,390.54,0.31,0.31,349.91
CG_01062,126.70717830000046,37.45787889999987,60.68,54.37,다사2940,0.040814942903414746,부평구,731.906,282,1054.5,5454.1,2.0,473.0,0.0,low,['상인천초등학교'],1,75.98,731.906,282,source_allocation_v2_20260911,True,unknown,"500m 내 재개발 2건: unknown(496m), unknown(61m)",0.78003,straight_500m,estimated,75.98,956.2,직선 500m 거주 아동 시나리오,2024년 6~11세 배분 추정에 인천 전체 연령인구 성장률 적용. 보행권·실제 이용자·신규 수혜가 아님. 후보끼리 합산하지 않음.,60.68,60.68,763.69,54.37,54.37,684.23
CG_01066,126.70717830000046,37.466878899999855,43.62,39.08,다사2941,0.06391344322129852,계양구,537.3439999999999,529,403.6,7792.5,2.0,473.0,0.0,low,['상인천초등학교'],1,54.62,537.3439999999999,529,source_allocation_v2_20260911,True,planned,500m 내 재개발 1건: planned(329m),0.78003,straight_500m,estimated,54.62,702.01,직선 500m 거주 아동 시나리오,2024년 6~11세 배분 추정에 인천 전체 연령인구 성장률 적용. 보행권·실제 이용자·신규 수혜가 아님. 후보끼리 합산하지 않음.,43.62,43.62,560.68,39.08,39.08,502.34
CG_01107,126.70942830000047,37.460128899999866,68.95,61.78,다사3040,0.06850109588875136,남동구,797.7,228,201.8,411.4,2.0,473.0,0.0,low,['상인천초등학교'],1,86.33,797.7,228,source_allocation_v2_20260911,True,planned,"500m 내 재개발 3건: planned(468m), unknown(180m), unknown(338m)",0.78003,straight_500m,estimated,86.33,1042.16,직선 500m 거주 아동 시나리오,2024년 6~11세 배분 추정에 인천 전체 연령인구 성장률 적용. 보행권·실제 이용자·신규 수혜가 아님. 후보끼리 합산하지 않음.,68.95,68.95,832.34,61.78,61.78,745.74
CG_01108,126.70942830000047,37.46237889999986,42.76,38.31,다사3040,0.05161596635947102,남동구,694.6,315,284.4,712.6,2.0,473.0,0.0,low,['상인천초등학교'],1,53.54,694.6,315,source_allocation_v2_20260911,True,planned,"500m 내 재개발 2건: planned(268m), unknown(114m)",0.78003,straight_500m,estimated,53.54,907.46,직선 500m 거주 아동 시나리오,2024년 6~11세 배분 추정에 인천 전체 연령인구 성장률 적용. 보행권·실제 이용자·신규 수혜가 아님. 후보끼리 합산하지 않음.,42.76,42.76,724.76,38.31,38.31,649.36
CG_01106,126.70942830000047,37.45787889999987,81.73,73.22,다사3040,0.04309754542091475,남동구,1041.734,99,0.0,101.5,2.0,473.0,0.0,low,['상인천초등학교'],1,102.33,1041.734,99,source_allocation_v2_20260911,True,unknown,"500m 내 재개발 2건: unknown(420m), unknown(167m)",0.78003,straight_500m,estimated,102.33,1360.97,직선 500m 거주 아동 시나리오,2024년 6~11세 배분 추정에 인천 전체 연령인구 성장률 적용. 보행권·실제 이용자·신규 수혜가 아님. 후보끼리 합산하지 않음.,81.73,81.73,1086.97,73.22,73.22,973.88
CG_01065,126.70717830000046,37.46462889999986,35.15,31.49,다사2940,0.06442955302290419,계양구,507.388,598,263.0,7546.7,2.0,473.0,0.0,low,['상인천초등학교'],1,44.01,507.388,598,source_allocation_v2_20260911,True,planned,"500m 내 재개발 2건: planned(80m), unknown(433m)",0.78003,straight_500m,estimated,44.01,662.88,직선 500m 거주 아동 시나리오,2024년 6~11세 배분 추정에 인천 전체 연령인구 성장률 적용. 보행권·실제 이용자·신규 수혜가 아님. 후보끼리 합산하지 않음.,35.15,35.15,529.42,31.49,31.49,474.34
CG_01109,126.70942830000047,37.46462889999986,28.27,25.33,다사3040,0.07428239411687511,남동구,638.1019999999999,385,67.2,785.7,2.0,473.0,0.0,low,['상인천초등학교'],1,35.4,638.1019999999999,385,source_allocation_v2_20260911,True,planned,"500m 내 재개발 2건: planned(222m), unknown(344m)",0.78003,straight_500m,estimated,35.4,833.65,직선 500m 거주 아동 시나리오,2024년 6~11세 배분 추정에 인천 전체 연령인구 성장률 적용. 보행권·실제 이용자·신규 수혜가 아님. 후보끼리 합산하지 않음.,28.27,28.27,665.81,25.33,25.33,596.54
CG_01110,126.70942830000047,37.466878899999855,52.88,47.38,다사3041,0.13123310772778057,남동구,653.5600000000001,359,338.9,435.7,2.0,473.0,0.0,low,['상인천초등학교'],1,66.21,653.5600000000001,359,source_allocation_v2_20260911,True,planned,"500m 내 재개발 2건: planned(389m), unknown(461m)",0.78003,straight_500m,estimated,66.21,853.84,직선 500m 거주 아동 시나리오,2024년 6~11세 배분 추정에 인천 전체 연령인구 성장률 적용. 보행권·실제 이용자·신규 수혜가 아님. 후보끼리 합산하지 않음.,52.88,52.88,681.94,47.38,47.38,610.99
CG_01155,126.71167830000047,37.46462889999986,62.22,55.74,다사3040,0.046378519169546856,서구,730.854,283,308.0,15722.0,2.0,473.0,0.0,low,['상인천초등학교'],1,77.9,730.854,283,source_allocation_v2_20260911,True,planned,"500m 내 재개발 3건: planned(414m), unknown(358m), unknown(406m)",0.78003,straight_500m,estimated,77.9,954.82,직선 500m 거주 아동 시나리오,2024년 6~11세 배분 추정에 인천 전체 연령인구 성장률 적용. 보행권·실제 이용자·신규 수혜가 아님. 후보끼리 합산하지 않음.,62.22,62.22,762.59,55.74,55.74,683.25
CG_00981,126.70042830000045,37.51412889999978,28.1,25.17,다사2946,0.07652869832131445,남동구,481.068,664,124.9,609.9,2.0,236.0,0.0,medium,"[""['인천산곡북초등학교' '인천마곡초등학교']""]",2,35.18,481.068,664,source_allocation_v2_20260911,True,unknown,500m 내 재개발 1건: unknown(498m),1.669451,straight_500m,estimated,35.18,628.49,직선 500m 거주 아동 시나리오,2024년 6~11세 배분 추정에 인천 전체 연령인구 성장률 적용. 보행권·실제 이용자·신규 수혜가 아님. 후보끼리 합산하지 않음.,28.1,28.1,501.96,25.17,25.17,449.73
CG_00980,126.70042830000045,37.511878899999786,65.1,58.33,다사2946,0.042491329055998846,남동구,466.56999999999994,687,322.3,785.3,2.0,236.0,0.0,medium,"[""['인천산곡북초등학교' '인천마곡초등학교']""]",2,81.51,466.56999999999994,687,source_allocation_v2_20260911,False,none,,1.669451,straight_500m,estimated,81.51,609.55,직선 500m 거주 아동 시나리오,2024년 6~11세 배분 추정에 인천 전체 연령인구 성장률 적용. 보행권·실제 이용자·신규 수혜가 아님. 후보끼리 합산하지 않음.,65.1,65.1,486.83,58.33,58.33,436.18
CG_00949,126.69817830000045,37.51412889999978,37.12,33.26,다사2946,0.003216091006880455,서구,324.362,1008,332.8,17479.0,2.0,236.0,0.0,medium,"[""['인천산곡북초등학교' '인천마곡초등학교']""]",2,46.48,324.362,1008,source_allocation_v2_20260911,False,none,,1.669451,straight_500m,estimated,46.48,423.76,직선 500m 거주 아동 시나리오,2024년 6~11세 배분 추정에 인천 전체 연령인구 성장률 적용. 보행권·실제 이용자·신규 수혜가 아님. 후보끼리 합산하지 않음.,37.12,37.12,338.45,33.26,33.26,303.23
CG_01013,126.70267830000046,37.511878899999786,37.95,34.0,다사2946,0.07527010915817484,남동구,643.88,374,238.0,323.8,2.0,236.0,0.0,medium,"[""['인천산곡북초등학교' '인천마곡초등학교']""]",2,47.52,643.88,374,source_allocation_v2_20260911,False,none,,1.669451,straight_500m,estimated,47.52,841.2,직선 500m 거주 아동 시나리오,2024년 6~11세 배분 추정에 인천 전체 연령인구 성장률 적용. 보행권·실제 이용자·신규 수혜가 아님. 후보끼리 합산하지 않음.,37.95,37.95,671.84,34.0,34.0,601.94
CG_01014,126.70267830000046,37.51412889999978,90.21,80.82,다사2946,0.12105418017280468,남동구,712.212,300,55.6,55.6,2.0,236.0,0.0,medium,"[""['인천산곡북초등학교' '인천마곡초등학교']""]",2,112.95,712.212,300,source_allocation_v2_20260911,True,unknown,500m 내 재개발 1건: unknown(430m),1.669451,straight_500m,estimated,112.95,930.47,직선 500m 거주 아동 시나리오,2024년 6~11세 배분 추정에 인천 전체 연령인구 성장률 적용. 보행권·실제 이용자·신규 수혜가 아님. 후보끼리 합산하지 않음.,90.21,90.21,743.14,80.82,80.82,665.82
CG_01341,126.7251783000005,37.4038789,17.38,15.57,다사3134,0.046648104146579925,부평구,559.6299999999999,482,0.0,5939.3,2.0,17.3,0.0,low,"[""['인천논현초등학교' '인천동방초등학교']""]",2,21.76,559.6299999999999,482,source_allocation_v2_20260911,False,none,,0.823217,straight_500m,estimated,21.76,731.13,직선 500m 거주 아동 시나리오,2024년 6~11세 배분 추정에 인천 전체 연령인구 성장률 적용. 보행권·실제 이용자·신규 수혜가 아님. 후보끼리 합산하지 않음.,17.38,17.38,583.93,15.57,15.57,523.18
CG_00250,126.64417830000036,37.3948789,90.03,80.67,다사2433,0.02267092765845129,동구,1226.596,52,180.2,180.2,2.0,270.5,0.0,medium,['인천신정초등학교'],1,112.73,1226.596,52,source_allocation_v2_20260911,False,none,,0.723429,straight_500m,estimated,112.73,1602.49,직선 500m 거주 아동 시나리오,2024년 6~11세 배분 추정에 인천 전체 연령인구 성장률 적용. 보행권·실제 이용자·신규 수혜가 아님. 후보끼리 합산하지 않음.,90.03,90.03,1279.86,80.67,80.67,1146.7
CG_00268,126.64642830000037,37.3948789,54.7,49.01,다사2433,0.09798039773325264,미추홀구,1101.852,81,553.6,1214.2,2.0,270.5,0.0,medium,['인천신정초등학교'],1,68.49,1101.852,81,source_allocation_v2_20260911,False,none,,0.723429,straight_500m,estimated,68.49,1439.51,직선 500m 거주 아동 시나리오,2024년 6~11세 배분 추정에 인천 전체 연령인구 성장률 적용. 보행권·실제 이용자·신규 수혜가 아님. 후보끼리 합산하지 않음.,54.7,54.7,1149.7,49.01,49.01,1030.08
CG_00253,126.64417830000036,37.4016289,123.04,110.24,다사2433,0.02331340712600331,동구,,,349.5,811.0,2.0,270.5,0.0,medium,['인천신정초등학교'],1,154.06,,,source_allocation_v2_20260911,False,none,,0.723429,straight_500m,missing_age_observations,154.06,,직선 500m 거주 아동 시나리오,2024년 6~11세 배분 추정에 인천 전체 연령인구 성장률 적용. 보행권·실제 이용자·신규 수혜가 아님. 후보끼리 합산하지 않음.,123.04,123.04,,110.24,110.24,
CG_00270,126.64642830000037,37.3993789,94.06,84.27,다사2433,0.0076460518425363316,동구,1316.4720000000002,39,458.4,534.9,2.0,270.5,0.0,medium,['인천신정초등학교'],1,117.77,1316.4720000000002,39,source_allocation_v2_20260911,False,none,,0.723429,straight_500m,estimated,117.77,1719.91,직선 500m 거주 아동 시나리오,2024년 6~11세 배분 추정에 인천 전체 연령인구 성장률 적용. 보행권·실제 이용자·신규 수혜가 아님. 후보끼리 합산하지 않음.,94.06,94.06,1373.64,84.27,84.27,1230.72
CG_00269,126.64642830000037,37.3971289,118.7,106.35,다사2433,0.0037236345561493258,동구,1307.54,40,380.9,380.9,2.0,270.5,0.0,medium,['인천신정초등학교'],1,148.62,1307.54,40,source_allocation_v2_20260911,False,none,,0.723429,straight_500m,estimated,148.62,1708.24,직선 500m 거주 아동 시나리오,2024년 6~11세 배분 추정에 인천 전체 연령인구 성장률 적용. 보행권·실제 이용자·신규 수혜가 아님. 후보끼리 합산하지 않음.,118.7,118.7,1364.32,106.35,106.35,1222.37
CG_00285,126.64867830000037,37.3971289,31.56,28.27,다사2433,0.015610237928218597,동구,1048.998,97,830.6,908.0,2.0,270.5,0.0,medium,['인천신정초등학교'],1,39.51,1048.998,97,source_allocation_v2_20260911,False,none,,0.723429,straight_500m,estimated,39.51,1370.46,직선 500m 거주 아동 시나리오,2024년 6~11세 배분 추정에 인천 전체 연령인구 성장률 적용. 보행권·실제 이용자·신규 수혜가 아님. 후보끼리 합산하지 않음.,31.56,31.56,1094.55,28.27,28.27,980.67
CG_00284,126.64867830000037,37.3948789,75.36,67.52,다사2433,0.027534204567892205,미추홀구,1041.79,98,278.6,2338.2,2.0,270.5,0.0,medium,['인천신정초등학교'],1,94.36,1041.79,98,source_allocation_v2_20260911,False,none,,0.723429,straight_500m,estimated,94.36,1361.05,직선 500m 거주 아동 시나리오,2024년 6~11세 배분 추정에 인천 전체 연령인구 성장률 적용. 보행권·실제 이용자·신규 수혜가 아님. 후보끼리 합산하지 않음.,75.36,75.36,1087.03,67.52,67.52,973.93
CG_00232,126.64192830000036,37.3948789,119.51,107.08,다사2433,0.07332568400767053,서구,1231.146,51,1055.5,9677.4,2.0,270.5,0.0,medium,['인천신정초등학교'],1,149.64,1231.146,51,source_allocation_v2_20260911,False,none,,0.723429,straight_500m,estimated,149.64,1608.43,직선 500m 거주 아동 시나리오,2024년 6~11세 배분 추정에 인천 전체 연령인구 성장률 적용. 보행권·실제 이용자·신규 수혜가 아님. 후보끼리 합산하지 않음.,119.51,119.51,1284.61,107.08,107.08,1150.95
CG_00341,126.65317830000038,37.46237889999986,4.66,4.17,다사2540,0.09479332323483551,서구,466.424,688,254.1,10598.2,2.0,52.0,0.0,medium,"[""['인천용정초등학교' '인천숭의초등학교']""]",2,5.83,466.424,688,source_allocation_v2_20260911,True,planned,"500m 내 재개발 4건: unknown(377m), unknown(115m), planned(322m)",2.517463,straight_500m,estimated,5.83,609.36,직선 500m 거주 아동 시나리오,2024년 6~11세 배분 추정에 인천 전체 연령인구 성장률 적용. 보행권·실제 이용자·신규 수혜가 아님. 후보끼리 합산하지 않음.,4.66,4.66,486.68,4.17,4.17,436.04
CG_00374,126.65542830000038,37.46237889999986,24.34,21.8,다사2540,0.02184583741179533,서구,462.324,698,201.7,10771.7,2.0,52.0,0.0,medium,"[""['인천용정초등학교' '인천숭의초등학교']""]",2,30.47,462.324,698,source_allocation_v2_20260911,True,planned,"500m 내 재개발 2건: unknown(121m), planned(380m)",2.517463,straight_500m,estimated,30.47,604.0,직선 500m 거주 아동 시나리오,2024년 6~11세 배분 추정에 인천 전체 연령인구 성장률 적용. 보행권·실제 이용자·신규 수혜가 아님. 후보끼리 합산하지 않음.,24.34,24.34,482.4,21.8,21.8,432.21
CG_00373,126.65542830000038,37.460128899999866,57.19,51.24,다사2540,0.08306228642971585,서구,362.86400000000003,913,120.7,10509.3,2.0,52.0,0.0,medium,"[""['인천용정초등학교' '인천숭의초등학교']""]",2,71.61,362.86400000000003,913,source_allocation_v2_20260911,True,planned,"500m 내 재개발 4건: unknown(499m), unknown(330m), planned(215m)",2.517463,straight_500m,estimated,71.61,474.06,직선 500m 거주 아동 시나리오,2024년 6~11세 배분 추정에 인천 전체 연령인구 성장률 적용. 보행권·실제 이용자·신규 수혜가 아님. 후보끼리 합산하지 않음.,57.19,57.19,378.62,51.24,51.24,339.23
CG_00420,126.65992830000039,37.46237889999986,38.02,34.06,다사2540,0.07759785759419974,미추홀구,400.002,843,745.4,2559.5,2.0,52.0,0.0,medium,"[""['인천용정초등학교' '인천숭의초등학교']""]",2,47.6,400.002,843,source_allocation_v2_20260911,False,none,,2.517463,straight_500m,estimated,47.6,522.58,직선 500m 거주 아동 시나리오,2024년 6~11세 배분 추정에 인천 전체 연령인구 성장률 적용. 보행권·실제 이용자·신규 수혜가 아님. 후보끼리 합산하지 않음.,38.02,38.02,417.37,34.06,34.06,373.95
CG_00401,126.65767830000038,37.46237889999986,24.68,22.11,다사2540,0.03230908227676281,서구,442.964,745,256.4,8095.1,2.0,52.0,0.0,medium,"[""['인천용정초등학교' '인천숭의초등학교']""]",2,30.9,442.964,745,source_allocation_v2_20260911,True,unknown,500m 내 재개발 1건: unknown(309m),2.517463,straight_500m,estimated,30.9,578.71,직선 500m 거주 아동 시나리오,2024년 6~11세 배분 추정에 인천 전체 연령인구 성장률 적용. 보행권·실제 이용자·신규 수혜가 아님. 후보끼리 합산하지 않음.,24.68,24.68,462.2,22.11,22.11,414.11
CG_00179,126.63517830000035,37.473628899999845,17.71,15.86,다사2341,0.002477669400728577,연수구,334.708,980,165.2,4037.3,2.0,162.2,1.0,medium,"[""['인천창영초등학교' '인천송림초등학교']""]",2,22.17,334.708,980,source_allocation_v2_20260911,True,unknown,"500m 내 재개발 5건: unknown(205m), unknown(136m), unknown(385m)",2.013413,straight_500m,estimated,22.17,437.28,직선 500m 거주 아동 시나리오,2024년 6~11세 배분 추정에 인천 전체 연령인구 성장률 적용. 보행권·실제 이용자·신규 수혜가 아님. 후보끼리 합산하지 않음.,17.71,17.71,349.24,15.86,15.86,312.91
CG_00912,126.69592830000045,37.48262889999983,3.63,3.25,다사2842,0.2383731553533567,부평구,90.548,1388,132.3,4867.8,4.0,300.0,0.0,medium,['인천상정초등학교'],1,4.54,90.548,1388,source_allocation_v2_20260911,True,planned,500m 내 재개발 1건: planned(377m),5.836566,straight_500m,estimated,4.54,118.3,직선 500m 거주 아동 시나리오,2024년 6~11세 배분 추정에 인천 전체 연령인구 성장률 적용. 보행권·실제 이용자·신규 수혜가 아님. 후보끼리 합산하지 않음.,3.63,3.63,94.48,3.25,3.25,84.65
CG_00944,126.69817830000045,37.480378899999835,7.23,6.48,다사2942,0.0,서구,508.93,593,460.2,15145.7,4.0,300.0,0.0,medium,['인천상정초등학교'],1,9.05,508.93,593,source_allocation_v2_20260911,True,planned,500m 내 재개발 1건: planned(109m),5.836566,straight_500m,estimated,9.05,664.89,직선 500m 거주 아동 시나리오,2024년 6~11세 배분 추정에 인천 전체 연령인구 성장률 적용. 보행권·실제 이용자·신규 수혜가 아님. 후보끼리 합산하지 않음.,7.23,7.23,531.03,6.48,6.48,475.78
CG_00976,126.70042830000045,37.480378899999835,39.01,34.95,다사2942,0.0,서구,487.51800000000003,651,1372.1,18593.8,4.0,300.0,0.0,medium,['인천상정초등학교'],1,48.84,487.51800000000003,651,source_allocation_v2_20260911,True,planned,"500m 내 재개발 2건: planned(422m), planned(98m)",5.836566,straight_500m,estimated,48.84,636.92,직선 500m 거주 아동 시나리오,2024년 6~11세 배분 추정에 인천 전체 연령인구 성장률 적용. 보행권·실제 이용자·신규 수혜가 아님. 후보끼리 합산하지 않음.,39.01,39.01,508.69,34.95,34.95,455.76
CG_00945,126.69817830000045,37.48262889999983,0.48,0.43,다사2942,0.03619101320156325,서구,187.75799999999998,1267,464.6,15807.8,4.0,300.0,0.0,medium,['인천상정초등학교'],1,0.6,187.75799999999998,1267,source_allocation_v2_20260911,True,planned,500m 내 재개발 1건: planned(245m),5.836566,straight_500m,estimated,0.6,245.3,직선 500m 거주 아동 시나리오,2024년 6~11세 배분 추정에 인천 전체 연령인구 성장률 적용. 보행권·실제 이용자·신규 수혜가 아님. 후보끼리 합산하지 않음.,0.48,0.48,195.91,0.43,0.43,175.53
CG_00910,126.69592830000045,37.47812889999984,67.64,60.6,다사2842,0.43869854609767867,부평구,539.1179999999999,521,203.1,994.3,4.0,300.0,0.0,medium,['인천상정초등학교'],1,84.69,539.1179999999999,521,source_allocation_v2_20260911,True,planned,500m 내 재개발 1건: planned(412m),5.836566,straight_500m,estimated,84.69,704.33,직선 500m 거주 아동 시나리오,2024년 6~11세 배분 추정에 인천 전체 연령인구 성장률 적용. 보행권·실제 이용자·신규 수혜가 아님. 후보끼리 합산하지 않음.,67.64,67.64,562.53,60.6,60.6,504.0
CG_00943,126.69817830000045,37.47812889999984,88.21,79.03,다사2942,0.0,서구,655.6220000000001,356,624.7,14981.1,4.0,300.0,0.0,medium,['인천상정초등학교'],1,110.44,655.6220000000001,356,source_allocation_v2_20260911,True,planned,"500m 내 재개발 3건: planned(370m), planned(297m), unknown(481m)",5.836566,straight_500m,estimated,110.44,856.54,직선 500m 거주 아동 시나리오,2024년 6~11세 배분 추정에 인천 전체 연령인구 성장률 적용. 보행권·실제 이용자·신규 수혜가 아님. 후보끼리 합산하지 않음.,88.21,88.21,684.09,79.03,79.03,612.92
CG_00977,126.70042830000045,37.48262889999983,4.51,4.04,다사2942,0.0007250921202400602,연수구,263.774,1127,167.3,1386.6,4.0,300.0,0.0,medium,['인천상정초등학교'],1,5.65,263.774,1127,source_allocation_v2_20260911,True,planned,500m 내 재개발 1건: planned(241m),5.836566,straight_500m,estimated,5.65,344.61,직선 500m 거주 아동 시나리오,2024년 6~11세 배분 추정에 인천 전체 연령인구 성장률 적용. 보행권·실제 이용자·신규 수혜가 아님. 후보끼리 합산하지 않음.,4.51,4.51,275.23,4.04,4.04,246.59
CG_01004,126.70267830000046,37.47812889999984,16.8,15.06,다사2942,0.0002646970218985622,남동구,682.52,325,535.4,876.0,4.0,300.0,0.0,medium,['인천상정초등학교'],1,21.04,682.52,325,source_allocation_v2_20260911,True,planned,"500m 내 재개발 3건: planned(159m), planned(403m), unknown(500m)",5.836566,straight_500m,estimated,21.04,891.68,직선 500m 거주 아동 시나리오,2024년 6~11세 배분 추정에 인천 전체 연령인구 성장률 적용. 보행권·실제 이용자·신규 수혜가 아님. 후보끼리 합산하지 않음.,16.8,16.8,712.16,15.06,15.06,638.06
CG_01005,126.70267830000046,37.480378899999835,78.42,70.26,다사2942,0.06090597102287863,남동구,488.05400000000003,650,354.4,602.5,4.0,300.0,0.0,medium,['인천상정초등학교'],1,98.19,488.05400000000003,650,source_allocation_v2_20260911,True,planned,"500m 내 재개발 2건: planned(402m), planned(294m)",5.836566,straight_500m,estimated,98.19,637.62,직선 500m 거주 아동 시나리오,2024년 6~11세 배분 추정에 인천 전체 연령인구 성장률 적용. 보행권·실제 이용자·신규 수혜가 아님. 후보끼리 합산하지 않음.,78.42,78.42,509.25,70.26,70.26,456.26
CG_00975,126.70042830000045,37.47812889999984,69.75,62.49,다사2942,0.001027101029999882,서구,820.79,207,141.2,17146.3,4.0,300.0,0.0,medium,['인천상정초등학교'],1,87.33,820.79,207,source_allocation_v2_20260911,True,planned,"500m 내 재개발 3건: planned(204m), planned(293m), unknown(448m)",5.836566,straight_500m,estimated,87.33,1072.32,직선 500m 거주 아동 시나리오,2024년 6~11세 배분 추정에 인천 전체 연령인구 성장률 적용. 보행권·실제 이용자·신규 수혜가 아님. 후보끼리 합산하지 않음.,69.75,69.75,856.43,62.49,62.49,767.33
CG_00414,126.65992830000039,37.44887889999988,9.49,8.5,다사2539,0.007243502989148944,연수구,181.804,1278,303.0,543.5,2.0,558.0,0.0,high,"[""['인천학익초등학교' '인천용일초등학교']""]",2,11.88,181.804,1278,source_allocation_v2_20260911,True,planned,500m 내 재개발 1건: planned(439m),0.754494,straight_500m,estimated,11.88,237.52,직선 500m 거주 아동 시나리오,2024년 6~11세 배분 추정에 인천 전체 연령인구 성장률 적용. 보행권·실제 이용자·신규 수혜가 아님. 후보끼리 합산하지 않음.,9.49,9.49,189.7,8.5,8.5,169.96
CG_01249,126.71842830000048,37.46462889999986,77.97,69.86,다사3040,0.052400583284637293,계양구,,,403.4,7501.1,3.0,215.9,0.0,low,['인천인동초등학교'],1,97.63,,,source_allocation_v2_20260911,True,unknown,500m 내 재개발 1건: unknown(462m),1.044489,straight_500m,missing_age_observations,97.63,,직선 500m 거주 아동 시나리오,2024년 6~11세 배분 추정에 인천 전체 연령인구 성장률 적용. 보행권·실제 이용자·신규 수혜가 아님. 후보끼리 합산하지 않음.,77.97,77.97,,69.86,69.86,
CG_01314,126.72292830000049,37.460128899999866,39.61,35.49,다사3140,0.0843994315470949,계양구,852.424,187,155.0,9064.8,3.0,215.9,0.0,low,['인천인동초등학교'],1,49.6,852.424,187,source_allocation_v2_20260911,True,unknown,"500m 내 재개발 2건: unknown(497m), unknown(429m)",1.044489,straight_500m,estimated,49.6,1113.65,직선 500m 거주 아동 시나리오,2024년 6~11세 배분 추정에 인천 전체 연령인구 성장률 적용. 보행권·실제 이용자·신규 수혜가 아님. 후보끼리 합산하지 않음.,39.61,39.61,889.44,35.49,35.49,796.9
CG_01283,126.72067830000049,37.45787889999987,60.35,54.07,다사3140,0.05578923711240842,계양구,626.9159999999999,392,421.1,8694.8,3.0,215.9,0.0,low,['인천인동초등학교'],1,75.56,626.9159999999999,392,source_allocation_v2_20260911,False,none,,1.044489,straight_500m,estimated,75.56,819.03,직선 500m 거주 아동 시나리오,2024년 6~11세 배분 추정에 인천 전체 연령인구 성장률 적용. 보행권·실제 이용자·신규 수혜가 아님. 후보끼리 합산하지 않음.,60.35,60.35,654.14,54.07,54.07,586.08
CG_01313,126.72292830000049,37.45787889999987,63.38,56.79,다사3140,0.05703944539212909,계양구,590.0,441,451.9,8919.3,3.0,215.9,0.0,low,['인천인동초등학교'],1,79.36,590.0,441,source_allocation_v2_20260911,True,unknown,500m 내 재개발 1건: unknown(378m),1.044489,straight_500m,estimated,79.36,770.8,직선 500m 거주 아동 시나리오,2024년 6~11세 배분 추정에 인천 전체 연령인구 성장률 적용. 보행권·실제 이용자·신규 수혜가 아님. 후보끼리 합산하지 않음.,63.38,63.38,615.62,56.79,56.79,551.57
CG_01286,126.72067830000049,37.46462889999986,79.4,71.14,다사3140,0.03115990273115646,계양구,,,123.6,9475.4,3.0,215.9,0.0,low,['인천인동초등학교'],1,99.41,,,source_allocation_v2_20260911,False,none,,1.044489,straight_500m,missing_age_observations,99.41,,직선 500m 거주 아동 시나리오,2024년 6~11세 배분 추정에 인천 전체 연령인구 성장률 적용. 보행권·실제 이용자·신규 수혜가 아님. 후보끼리 합산하지 않음.,79.4,79.4,,71.14,71.14,
CG_01285,126.72067830000049,37.46237889999986,74.68,66.91,다사3140,0.05350259067020695,계양구,888.218,166,293.5,9168.4,3.0,215.9,0.0,low,['인천인동초등학교'],1,93.5,888.218,166,source_allocation_v2_20260911,False,none,,1.044489,straight_500m,estimated,93.5,1160.41,직선 500m 거주 아동 시나리오,2024년 6~11세 배분 추정에 인천 전체 연령인구 성장률 적용. 보행권·실제 이용자·신규 수혜가 아님. 후보끼리 합산하지 않음.,74.68,74.68,926.79,66.91,66.91,830.36
CG_01284,126.72067830000049,37.460128899999866,28.69,25.7,다사3140,0.029467104358871718,계양구,783.44,239,410.9,8963.1,3.0,215.9,0.0,low,['인천인동초등학교'],1,35.92,783.44,239,source_allocation_v2_20260911,False,none,,1.044489,straight_500m,estimated,35.92,1023.52,직선 500m 거주 아동 시나리오,2024년 6~11세 배분 추정에 인천 전체 연령인구 성장률 적용. 보행권·실제 이용자·신규 수혜가 아님. 후보끼리 합산하지 않음.,28.69,28.69,817.46,25.7,25.7,732.41
CG_01186,126.71392830000048,37.453378899999876,146.14,130.94,다사3039,0.036104572856297874,계양구,1436.364,24,359.3,9169.5,3.0,277.8,0.0,low,['인천구월초등학교'],1,182.98,1436.364,24,source_allocation_v2_20260911,True,unknown,500m 내 재개발 1건: unknown(330m),4.407189,straight_500m,estimated,182.98,1876.54,직선 500m 거주 아동 시나리오,2024년 6~11세 배분 추정에 인천 전체 연령인구 성장률 적용. 보행권·실제 이용자·신규 수혜가 아님. 후보끼리 합산하지 않음.,146.14,146.14,1498.74,130.94,130.94,1342.8
CG_01209,126.71617830000048,37.44887889999988,26.96,24.15,다사3039,0.10977311901606643,부평구,869.2919999999999,180,278.0,3551.6,3.0,277.8,0.0,low,['인천구월초등학교'],1,33.75,869.2919999999999,180,source_allocation_v2_20260911,False,none,,4.407189,straight_500m,estimated,33.75,1135.69,직선 500m 거주 아동 시나리오,2024년 6~11세 배분 추정에 인천 전체 연령인구 성장률 적용. 보행권·실제 이용자·신규 수혜가 아님. 후보끼리 합산하지 않음.,26.96,26.96,907.04,24.15,24.15,812.67
CG_01211,126.71617830000048,37.453378899999876,149.42,133.87,다사3039,0.10161121758591317,부평구,1199.26,58,296.5,3980.7,3.0,277.8,0.0,low,['인천구월초등학교'],1,187.08,1199.26,58,source_allocation_v2_20260911,False,none,,4.407189,straight_500m,estimated,187.08,1566.77,직선 500m 거주 아동 시나리오,2024년 6~11세 배분 추정에 인천 전체 연령인구 성장률 적용. 보행권·실제 이용자·신규 수혜가 아님. 후보끼리 합산하지 않음.,149.42,149.42,1251.34,133.87,133.87,1121.14
CG_01244,126.71842830000048,37.453378899999876,122.53,109.78,다사3039,0.11400471784549654,부평구,961.23,134,297.1,5094.9,3.0,277.8,0.0,low,['인천구월초등학교'],1,153.42,961.23,134,source_allocation_v2_20260911,False,none,,4.407189,straight_500m,estimated,153.42,1255.8,직선 500m 거주 아동 시나리오,2024년 6~11세 배분 추정에 인천 전체 연령인구 성장률 적용. 보행권·실제 이용자·신규 수혜가 아님. 후보끼리 합산하지 않음.,122.53,122.53,1002.97,109.78,109.78,898.62
CG_01243,126.71842830000048,37.45112889999988,54.82,49.12,다사3039,0.13870751926751704,부평구,832.356,197,414.6,4805.0,3.0,277.8,0.0,low,['인천구월초등학교'],1,68.64,832.356,197,source_allocation_v2_20260911,True,unknown,500m 내 재개발 1건: unknown(398m),4.407189,straight_500m,estimated,68.64,1087.43,직선 500m 거주 아동 시나리오,2024년 6~11세 배분 추정에 인천 전체 연령인구 성장률 적용. 보행권·실제 이용자·신규 수혜가 아님. 후보끼리 합산하지 않음.,54.82,54.82,868.5,49.12,49.12,778.14
CG_01210,126.71617830000048,37.45112889999988,47.57,42.62,다사3039,0.07114292723558024,부평구,1100.7399999999998,82,75.8,3691.8,3.0,277.8,0.0,low,['인천구월초등학교'],1,59.56,1100.7399999999998,82,source_allocation_v2_20260911,False,none,,4.407189,straight_500m,estimated,59.56,1438.06,직선 500m 거주 아동 시나리오,2024년 6~11세 배분 추정에 인천 전체 연령인구 성장률 적용. 보행권·실제 이용자·신규 수혜가 아님. 후보끼리 합산하지 않음.,47.57,47.57,1148.54,42.62,42.62,1029.04
CG_01242,126.71842830000048,37.44887889999988,32.34,28.97,다사3039,0.09924595622151507,부평구,603.3199999999999,424,659.7,4555.8,3.0,277.8,0.0,low,['인천구월초등학교'],1,40.49,603.3199999999999,424,source_allocation_v2_20260911,True,unknown,500m 내 재개발 1건: unknown(432m),4.407189,straight_500m,estimated,40.49,788.21,직선 500m 거주 아동 시나리오,2024년 6~11세 배분 추정에 인천 전체 연령인구 성장률 적용. 보행권·실제 이용자·신규 수혜가 아님. 후보끼리 합산하지 않음.,32.34,32.34,629.52,28.97,28.97,564.02
CG_01280,126.72067830000049,37.44887889999988,23.24,20.82,다사3139,0.3545995101394298,부평구,385.844,869,72.7,6171.0,3.0,277.8,0.0,low,['인천구월초등학교'],1,29.1,385.844,869,source_allocation_v2_20260911,True,unknown,500m 내 재개발 1건: unknown(265m),4.407189,straight_500m,estimated,29.1,504.09,직선 500m 거주 아동 시나리오,2024년 6~11세 배분 추정에 인천 전체 연령인구 성장률 적용. 보행권·실제 이용자·신규 수혜가 아님. 후보끼리 합산하지 않음.,23.24,23.24,402.6,20.82,20.82,360.71
CG_01185,126.71392830000048,37.45112889999988,75.54,67.68,다사3039,0.05038013785971953,계양구,1354.722,35,770.7,8437.7,3.0,277.8,0.0,low,['인천구월초등학교'],1,94.58,1354.722,35,source_allocation_v2_20260911,True,unknown,500m 내 재개발 1건: unknown(326m),4.407189,straight_500m,estimated,94.58,1769.88,직선 500m 거주 아동 시나리오,2024년 6~11세 배분 추정에 인천 전체 연령인구 성장률 적용. 보행권·실제 이용자·신규 수혜가 아님. 후보끼리 합산하지 않음.,75.54,75.54,1413.55,67.68,67.68,1266.48
CG_01282,126.72067830000049,37.453378899999876,14.14,12.67,다사3139,0.3197761669265332,계양구,726.2439999999999,287,455.6,8565.7,3.0,277.8,0.0,low,['인천구월초등학교'],1,17.71,726.2439999999999,287,source_allocation_v2_20260911,True,unknown,500m 내 재개발 1건: unknown(371m),4.407189,straight_500m,estimated,17.71,948.8,직선 500m 거주 아동 시나리오,2024년 6~11세 배분 추정에 인천 전체 연령인구 성장률 적용. 보행권·실제 이용자·신규 수혜가 아님. 후보끼리 합산하지 않음.,14.14,14.14,757.78,12.67,12.67,678.94
CG_01281,126.72067830000049,37.45112889999988,28.48,25.52,다사3139,0.3256243229340369,계양구,604.674,423,247.4,7836.6,3.0,277.8,0.0,low,['인천구월초등학교'],1,35.66,604.674,423,source_allocation_v2_20260911,True,unknown,500m 내 재개발 1건: unknown(204m),4.407189,straight_500m,estimated,35.66,789.98,직선 500m 거주 아동 시나리오,2024년 6~11세 배분 추정에 인천 전체 연령인구 성장률 적용. 보행권·실제 이용자·신규 수혜가 아님. 후보끼리 합산하지 않음.,28.48,28.48,630.93,25.52,25.52,565.29
CG_01184,126.71392830000048,37.44887889999988,43.87,39.31,다사3039,0.12546676875352664,계양구,1024.0520000000001,108,684.4,8162.5,3.0,277.8,0.0,low,['인천구월초등학교'],1,54.93,1024.0520000000001,108,source_allocation_v2_20260911,True,unknown,500m 내 재개발 1건: unknown(479m),4.407189,straight_500m,estimated,54.93,1337.87,직선 500m 거주 아동 시나리오,2024년 6~11세 배분 추정에 인천 전체 연령인구 성장률 적용. 보행권·실제 이용자·신규 수혜가 아님. 후보끼리 합산하지 않음.,43.87,43.87,1068.52,39.31,39.31,957.35
CG_00159,126.63292830000034,37.466878899999855,29.32,26.27,다사2341,0.057547547750850435,동구,316.34,1028,103.4,1091.4,1.0,627.95,4.5,high,"[""['인천신광초등학교' '인천신흥초등학교']""]",2,36.71,316.34,1028,source_allocation_v2_20260911,True,unknown,"500m 내 재개발 3건: unknown(391m), unknown(229m), unknown(292m)",0.0,straight_500m,estimated,36.71,413.28,직선 500m 거주 아동 시나리오,2024년 6~11세 배분 추정에 인천 전체 연령인구 성장률 적용. 보행권·실제 이용자·신규 수혜가 아님. 후보끼리 합산하지 않음.,29.32,29.32,330.08,26.27,26.27,295.73
CG_00612,126.67342830000041,37.49612889999981,34.87,31.24,다사2644,0.024579868596682767,서구,369.102,895,533.6,16151.3,1.0,368.6,0.0,high,"[""['인천건지초등학교' '인천봉화초등학교']""]",2,43.66,369.102,895,source_allocation_v2_20260911,True,unknown,"500m 내 재개발 2건: unknown(398m), unknown(445m)",0.96361,straight_500m,estimated,43.66,482.21,직선 500m 거주 아동 시나리오,2024년 6~11세 배분 추정에 인천 전체 연령인구 성장률 적용. 보행권·실제 이용자·신규 수혜가 아님. 후보끼리 합산하지 않음.,34.87,34.87,385.13,31.24,31.24,345.06
CG_00611,126.67342830000041,37.493878899999814,27.63,24.76,다사2644,0.11945632127410312,서구,327.288,996,231.4,15875.6,1.0,368.6,0.0,high,"[""['인천건지초등학교' '인천봉화초등학교']""]",2,34.6,327.288,996,source_allocation_v2_20260911,True,completed,"500m 내 재개발 2건: completed(484m), unknown(348m)",0.96361,straight_500m,estimated,34.6,427.59,직선 500m 거주 아동 시나리오,2024년 6~11세 배분 추정에 인천 전체 연령인구 성장률 적용. 보행권·실제 이용자·신규 수혜가 아님. 후보끼리 합산하지 않음.,27.63,27.63,341.5,24.76,24.76,305.97
CG_01119,126.70942830000047,37.49837889999981,10.19,9.13,다사3044,0.15425151315498373,계양구,534.194,537,377.9,7424.9,2.0,330.0,0.0,medium,"[""['인천대정초등학교' '인천산곡남초등학교']""]",2,12.76,534.194,537,source_allocation_v2_20260911,True,completed,500m 내 재개발 1건: completed(385m),0.0,straight_500m,estimated,12.76,697.9,직선 500m 거주 아동 시나리오,2024년 6~11세 배분 추정에 인천 전체 연령인구 성장률 적용. 보행권·실제 이용자·신규 수혜가 아님. 후보끼리 합산하지 않음.,10.19,10.19,557.39,9.13,9.13,499.4
CG_01118,126.70942830000047,37.49612889999981,13.58,12.16,다사3044,0.11715702128734633,계양구,334.93600000000004,979,304.7,7194.5,2.0,330.0,0.0,medium,"[""['인천대정초등학교' '인천산곡남초등학교']""]",2,17.0,334.93600000000004,979,source_allocation_v2_20260911,True,completed,500m 내 재개발 1건: completed(424m),0.0,straight_500m,estimated,17.0,437.58,직선 500m 거주 아동 시나리오,2024년 6~11세 배분 추정에 인천 전체 연령인구 성장률 적용. 보행권·실제 이용자·신규 수혜가 아님. 후보끼리 합산하지 않음.,13.58,13.58,349.48,12.16,12.16,313.12
CG_01041,126.70492830000046,37.493878899999814,29.23,26.19,다사2944,0.07545166058141073,남동구,430.88800000000003,771,139.6,412.2,2.0,330.0,0.0,medium,"[""['인천대정초등학교' '인천산곡남초등학교']""]",2,36.6,430.88800000000003,771,source_allocation_v2_20260911,True,planned,"500m 내 재개발 3건: planned(331m), unknown(364m), completed(438m)",0.0,straight_500m,estimated,36.6,562.93,직선 500m 거주 아동 시나리오,2024년 6~11세 배분 추정에 인천 전체 연령인구 성장률 적용. 보행권·실제 이용자·신규 수혜가 아님. 후보끼리 합산하지 않음.,29.23,29.23,449.6,26.19,26.19,402.82
CG_01042,126.70492830000046,37.49612889999981,31.88,28.57,다사2944,0.1799496075132195,남동구,436.064,759,257.0,257.0,2.0,330.0,0.0,medium,"[""['인천대정초등학교' '인천산곡남초등학교']""]",2,39.92,436.064,759,source_allocation_v2_20260911,True,completed,"500m 내 재개발 2건: unknown(144m), completed(188m)",0.0,straight_500m,estimated,39.92,569.69,직선 500m 거주 아동 시나리오,2024년 6~11세 배분 추정에 인천 전체 연령인구 성장률 적용. 보행권·실제 이용자·신규 수혜가 아님. 후보끼리 합산하지 않음.,31.88,31.88,455.0,28.57,28.57,407.66
CG_01073,126.70717830000046,37.49162889999982,59.96,53.73,다사2943,0.03581665597880497,남동구,559.5240000000001,483,453.1,611.3,2.0,330.0,0.0,medium,"[""['인천대정초등학교' '인천산곡남초등학교']""]",2,75.08,559.5240000000001,483,source_allocation_v2_20260911,True,planned,500m 내 재개발 1건: planned(269m),0.0,straight_500m,estimated,75.08,730.99,직선 500m 거주 아동 시나리오,2024년 6~11세 배분 추정에 인천 전체 연령인구 성장률 적용. 보행권·실제 이용자·신규 수혜가 아님. 후보끼리 합산하지 않음.,59.96,59.96,583.82,53.73,53.73,523.08
CG_01075,126.70717830000046,37.49612889999981,29.38,26.33,다사2944,0.10165144719485182,남동구,447.392,735,344.9,1006.5,2.0,330.0,0.0,medium,"[""['인천대정초등학교' '인천산곡남초등학교']""]",2,36.79,447.392,735,source_allocation_v2_20260911,True,completed,"500m 내 재개발 2건: unknown(320m), completed(261m)",0.0,straight_500m,estimated,36.79,584.49,직선 500m 거주 아동 시나리오,2024년 6~11세 배분 추정에 인천 전체 연령인구 성장률 적용. 보행권·실제 이용자·신규 수혜가 아님. 후보끼리 합산하지 않음.,29.38,29.38,466.82,26.33,26.33,418.25
CG_01074,126.70717830000046,37.493878899999814,54.51,48.84,다사2944,0.00925741390790779,남동구,421.65200000000004,789,1160.6,1318.8,2.0,330.0,0.0,medium,"[""['인천대정초등학교' '인천산곡남초등학교']""]",2,68.25,421.65200000000004,789,source_allocation_v2_20260911,True,planned,"500m 내 재개발 3건: planned(416m), unknown(462m), completed(473m)",0.0,straight_500m,estimated,68.25,550.87,직선 500m 거주 아동 시나리오,2024년 6~11세 배분 추정에 인천 전체 연령인구 성장률 적용. 보행권·실제 이용자·신규 수혜가 아님. 후보끼리 합산하지 않음.,54.51,54.51,439.96,48.84,48.84,394.19
CG_00259,126.64417830000036,37.453378899999876,83.21,74.56,다사2439,0.11682682299064155,연수구,1131.808,77,415.4,3829.0,3.0,299.0,0.0,low,['인천용현초등학교'],1,104.19,1131.808,77,source_allocation_v2_20260911,True,unknown,500m 내 재개발 1건: unknown(484m),2.870589,straight_500m,estimated,104.19,1478.65,직선 500m 거주 아동 시나리오,2024년 6~11세 배분 추정에 인천 전체 연령인구 성장률 적용. 보행권·실제 이용자·신규 수혜가 아님. 후보끼리 합산하지 않음.,83.21,83.21,1180.96,74.56,74.56,1058.08
CG_00260,126.64417830000036,37.45562889999987,55.46,49.69,다사2439,0.20792732147707443,연수구,990.418,120,0.0,3417.5,3.0,299.0,0.0,low,['인천용현초등학교'],1,69.44,990.418,120,source_allocation_v2_20260911,True,unknown,500m 내 재개발 1건: unknown(288m),2.870589,straight_500m,estimated,69.44,1293.93,직선 500m 거주 아동 시나리오,2024년 6~11세 배분 추정에 인천 전체 연령인구 성장률 적용. 보행권·실제 이용자·신규 수혜가 아님. 후보끼리 합산하지 않음.,55.46,55.46,1033.43,49.69,49.69,925.9
CG_00194,126.63742830000035,37.45562889999987,50.23,45.0,다사2339,0.002443154404334115,서구,721.2139999999999,292,232.6,17191.5,3.0,299.0,0.0,low,['인천용현초등학교'],1,62.89,721.2139999999999,292,source_allocation_v2_20260911,True,completed,"500m 내 재개발 2건: unknown(412m), completed(190m)",2.870589,straight_500m,estimated,62.89,942.23,직선 500m 거주 아동 시나리오,2024년 6~11세 배분 추정에 인천 전체 연령인구 성장률 적용. 보행권·실제 이용자·신규 수혜가 아님. 후보끼리 합산하지 않음.,50.23,50.23,752.53,45.0,45.0,674.24
CG_00192,126.63742830000035,37.45112889999988,53.38,47.83,다사2339,0.03015639367451555,서구,759.454,257,138.7,17091.7,3.0,299.0,0.0,low,['인천용현초등학교'],1,66.84,759.454,257,source_allocation_v2_20260911,True,unknown,500m 내 재개발 1건: unknown(327m),2.870589,straight_500m,estimated,66.84,992.19,직선 500m 거주 아동 시나리오,2024년 6~11세 배분 추정에 인천 전체 연령인구 성장률 적용. 보행권·실제 이용자·신규 수혜가 아님. 후보끼리 합산하지 않음.,53.38,53.38,792.43,47.83,47.83,709.99
CG_00193,126.63742830000035,37.453378899999876,41.59,37.27,다사2339,0.057571991708032816,서구,816.1300000000001,213,225.1,17110.3,3.0,299.0,0.0,low,['인천용현초등학교'],1,52.08,816.1300000000001,213,source_allocation_v2_20260911,True,completed,"500m 내 재개발 2건: unknown(406m), completed(428m)",2.870589,straight_500m,estimated,52.08,1066.23,직선 500m 거주 아동 시나리오,2024년 6~11세 배분 추정에 인천 전체 연령인구 성장률 적용. 보행권·실제 이용자·신규 수혜가 아님. 후보끼리 합산하지 않음.,41.59,41.59,851.57,37.27,37.27,762.97
CG_00237,126.64192830000036,37.45112889999988,59.89,53.66,다사2439,0.0814630138163311,서구,1078.888,87,476.1,16885.9,3.0,299.0,0.0,low,['인천용현초등학교'],1,74.99,1078.888,87,source_allocation_v2_20260911,False,none,,2.870589,straight_500m,estimated,74.99,1409.51,직선 500m 거주 아동 시나리오,2024년 6~11세 배분 추정에 인천 전체 연령인구 성장률 적용. 보행권·실제 이용자·신규 수혜가 아님. 후보끼리 합산하지 않음.,59.89,59.89,1125.74,53.66,53.66,1008.61
CG_00173,126.63517830000035,37.45562889999987,58.07,52.03,다사2339,0.07405582857892194,중구,566.106,469,245.6,279.3,3.0,299.0,0.0,low,['인천용현초등학교'],1,72.71,566.106,469,source_allocation_v2_20260911,True,completed,500m 내 재개발 1건: completed(332m),2.870589,straight_500m,estimated,72.71,739.59,직선 500m 거주 아동 시나리오,2024년 6~11세 배분 추정에 인천 전체 연령인구 성장률 적용. 보행권·실제 이용자·신규 수혜가 아님. 후보끼리 합산하지 않음.,58.07,58.07,590.69,52.03,52.03,529.23
CG_00212,126.63967830000036,37.44887889999988,54.01,48.39,다사2339,0.14728872753422734,서구,865.714,182,180.4,16929.8,3.0,299.0,0.0,low,['인천용현초등학교'],1,67.63,865.714,182,source_allocation_v2_20260911,False,none,,2.870589,straight_500m,estimated,67.63,1131.01,직선 500m 거주 아동 시나리오,2024년 6~11세 배분 추정에 인천 전체 연령인구 성장률 적용. 보행권·실제 이용자·신규 수혜가 아님. 후보끼리 합산하지 않음.,54.01,54.01,903.31,48.39,48.39,809.32
CG_00239,126.64192830000036,37.45562889999987,109.12,97.77,다사2439,0.3462747218134138,연수구,1029.886,104,586.1,4046.2,3.0,299.0,0.0,low,['인천용현초등학교'],1,136.63,1029.886,104,source_allocation_v2_20260911,True,completed,"500m 내 재개발 2건: unknown(181m), completed(354m)",2.870589,straight_500m,estimated,136.63,1345.49,직선 500m 거주 아동 시나리오,2024년 6~11세 배분 추정에 인천 전체 연령인구 성장률 적용. 보행권·실제 이용자·신규 수혜가 아님. 후보끼리 합산하지 않음.,109.12,109.12,1074.61,97.77,97.77,962.8
CG_00172,126.63517830000035,37.453378899999876,38.71,34.68,다사2339,0.1985558915866547,중구,665.4240000000001,346,0.0,0.0,3.0,299.0,0.0,low,['인천용현초등학교'],1,48.47,665.4240000000001,346,source_allocation_v2_20260911,True,unknown,"500m 내 재개발 2건: unknown(272m), unknown(434m)",2.870589,straight_500m,estimated,48.47,869.34,직선 500m 거주 아동 시나리오,2024년 6~11세 배분 추정에 인천 전체 연령인구 성장률 적용. 보행권·실제 이용자·신규 수혜가 아님. 후보끼리 합산하지 않음.,38.71,38.71,694.32,34.68,34.68,622.08
CG_00214,126.63967830000036,37.453378899999876,42.98,38.51,다사2339,0.013251594091756035,서구,888.046,167,119.9,17125.3,3.0,299.0,0.0,low,['인천용현초등학교'],1,53.82,888.046,167,source_allocation_v2_20260911,True,completed,"500m 내 재개발 2건: unknown(462m), completed(433m)",2.870589,straight_500m,estimated,53.82,1160.19,직선 500m 거주 아동 시나리오,2024년 6~11세 배분 추정에 인천 전체 연령인구 성장률 적용. 보행권·실제 이용자·신규 수혜가 아님. 후보끼리 합산하지 않음.,42.98,42.98,926.61,38.51,38.51,830.2
CG_00215,126.63967830000036,37.45562889999987,45.65,40.9,다사2339,0.012745845974172196,서구,862.64,183,523.1,17115.7,3.0,299.0,0.0,low,['인천용현초등학교'],1,57.16,862.64,183,source_allocation_v2_20260911,True,completed,"500m 내 재개발 2건: unknown(248m), completed(203m)",2.870589,straight_500m,estimated,57.16,1127.0,직선 500m 거주 아동 시나리오,2024년 6~11세 배분 추정에 인천 전체 연령인구 성장률 적용. 보행권·실제 이용자·신규 수혜가 아님. 후보끼리 합산하지 않음.,45.65,45.65,900.1,40.9,40.9,806.45
CG_00213,126.63967830000036,37.45112889999988,74.63,66.86,다사2339,0.05915062376984387,서구,902.508,158,0.0,16885.2,3.0,299.0,0.0,low,['인천용현초등학교'],1,93.44,902.508,158,source_allocation_v2_20260911,False,none,,2.870589,straight_500m,estimated,93.44,1179.08,직선 500m 거주 아동 시나리오,2024년 6~11세 배분 추정에 인천 전체 연령인구 성장률 적용. 보행권·실제 이용자·신규 수혜가 아님. 후보끼리 합산하지 않음.,74.63,74.63,941.7,66.86,66.86,843.72
CG_01105,126.70942830000047,37.44887889999988,95.19,85.28,다사3039,0.015164223543691617,남동구,782.308,240,265.6,367.1,3.0,300.9,18.0,low,['인천성리초등학교'],1,119.18,782.308,240,source_allocation_v2_20260911,True,unknown,"500m 내 재개발 2건: unknown(425m), unknown(382m)",1.154462,straight_500m,estimated,119.18,1022.05,직선 500m 거주 아동 시나리오,2024년 6~11세 배분 추정에 인천 전체 연령인구 성장률 적용. 보행권·실제 이용자·신규 수혜가 아님. 후보끼리 합산하지 않음.,95.19,95.19,816.28,85.28,85.28,731.35
CG_01102,126.70942830000047,37.442128899999894,28.14,25.21,다사3038,0.4740037627481624,서구,474.3140000000001,672,446.8,16387.4,3.0,300.9,18.0,low,['인천성리초등학교'],1,35.23,474.3140000000001,672,source_allocation_v2_20260911,False,none,,1.154462,straight_500m,estimated,35.23,619.67,직선 500m 거주 아동 시나리오,2024년 6~11세 배분 추정에 인천 전체 연령인구 성장률 적용. 보행권·실제 이용자·신규 수혜가 아님. 후보끼리 합산하지 않음.,28.14,28.14,494.91,25.21,25.21,443.42
CG_01060,126.70717830000046,37.44887889999988,15.59,13.97,다사2939,0.37603072228410106,부평구,641.484,378,951.0,4905.8,3.0,300.9,18.0,low,['인천성리초등학교'],1,19.52,641.484,378,source_allocation_v2_20260911,True,unknown,"500m 내 재개발 2건: unknown(272m), unknown(473m)",1.154462,straight_500m,estimated,19.52,838.07,직선 500m 거주 아동 시나리오,2024년 6~11세 배분 추정에 인천 전체 연령인구 성장률 적용. 보행권·실제 이용자·신규 수혜가 아님. 후보끼리 합산하지 않음.,15.59,15.59,669.34,13.97,13.97,599.7
CG_01058,126.70717830000046,37.44437889999989,16.1,14.43,다사2938,0.22998921892445312,부평구,408.712,822,447.4,4402.2,3.0,300.9,18.0,low,['인천성리초등학교'],1,20.16,408.712,822,source_allocation_v2_20260911,True,unknown,500m 내 재개발 1건: unknown(331m),1.154462,straight_500m,estimated,20.16,533.96,직선 500m 거주 아동 시나리오,2024년 6~11세 배분 추정에 인천 전체 연령인구 성장률 적용. 보행권·실제 이용자·신규 수혜가 아님. 후보끼리 합산하지 않음.,16.1,16.1,426.46,14.43,14.43,382.09
CG_01059,126.70717830000046,37.44662889999989,19.81,17.75,다사2938,0.12020421786039306,부평구,533.6379999999999,539,1143.0,5097.8,3.0,300.9,18.0,low,['인천성리초등학교'],1,24.8,533.6379999999999,539,source_allocation_v2_20260911,True,unknown,500m 내 재개발 1건: unknown(172m),1.154462,straight_500m,estimated,24.8,697.17,직선 500m 거주 아동 시나리오,2024년 6~11세 배분 추정에 인천 전체 연령인구 성장률 적용. 보행권·실제 이용자·신규 수혜가 아님. 후보끼리 합산하지 않음.,19.81,19.81,556.81,17.75,17.75,498.88
CG_01057,126.70717830000046,37.442128899999894,0.73,0.65,다사2938,0.1668086902256648,부평구,205.88,1243,417.8,4372.6,3.0,300.9,18.0,low,['인천성리초등학교'],1,0.91,205.88,1243,source_allocation_v2_20260911,False,none,,1.154462,straight_500m,estimated,0.91,268.97,직선 500m 거주 아동 시나리오,2024년 6~11세 배분 추정에 인천 전체 연령인구 성장률 적용. 보행권·실제 이용자·신규 수혜가 아님. 후보끼리 합산하지 않음.,0.73,0.73,214.82,0.65,0.65,192.47
CG_01028,126.70492830000046,37.44887889999988,33.03,29.6,다사2939,0.4116745720840984,부평구,431.95,768,343.6,6032.9,3.0,300.9,18.0,low,['인천성리초등학교'],1,41.36,431.95,768,source_allocation_v2_20260911,True,unknown,500m 내 재개발 1건: unknown(216m),1.154462,straight_500m,estimated,41.36,564.32,직선 500m 거주 아동 시나리오,2024년 6~11세 배분 추정에 인천 전체 연령인구 성장률 적용. 보행권·실제 이용자·신규 수혜가 아님. 후보끼리 합산하지 않음.,33.03,33.03,450.71,29.6,29.6,403.81
CG_01149,126.71167830000047,37.44437889999989,47.72,42.76,다사3038,0.00756124190664831,계양구,908.1179999999999,154,622.9,8918.5,3.0,300.9,18.0,low,['인천성리초등학교'],1,59.75,908.1179999999999,154,source_allocation_v2_20260911,False,none,,1.154462,straight_500m,estimated,59.75,1186.41,직선 500m 거주 아동 시나리오,2024년 6~11세 배분 추정에 인천 전체 연령인구 성장률 적용. 보행권·실제 이용자·신규 수혜가 아님. 후보끼리 합산하지 않음.,47.72,47.72,947.55,42.76,42.76,848.97
CG_01151,126.71167830000047,37.44887889999988,93.16,83.46,다사3039,0.0012565134935688023,계양구,879.9739999999999,173,501.5,9412.5,3.0,300.9,18.0,low,['인천성리초등학교'],1,116.64,879.9739999999999,173,source_allocation_v2_20260911,True,unknown,500m 내 재개발 1건: unknown(385m),1.154462,straight_500m,estimated,116.64,1149.64,직선 500m 거주 아동 시나리오,2024년 6~11세 배분 추정에 인천 전체 연령인구 성장률 적용. 보행권·실제 이용자·신규 수혜가 아님. 후보끼리 합산하지 않음.,93.16,93.16,918.19,83.46,83.46,822.65
CG_01150,126.71167830000047,37.44662889999989,84.6,75.8,다사3038,0.006623971723142059,계양구,936.3100000000001,143,436.9,9113.3,3.0,300.9,18.0,low,['인천성리초등학교'],1,105.93,936.3100000000001,143,source_allocation_v2_20260911,False,none,,1.154462,straight_500m,estimated,105.93,1223.24,직선 500m 거주 아동 시나리오,2024년 6~11세 배분 추정에 인천 전체 연령인구 성장률 적용. 보행권·실제 이용자·신규 수혜가 아님. 후보끼리 합산하지 않음.,84.6,84.6,976.97,75.8,75.8,875.32
CG_01148,126.71167830000047,37.442128899999894,63.93,57.28,다사3038,0.026335557444464246,계양구,648.556,366,462.7,8518.6,3.0,300.9,18.0,low,['인천성리초등학교'],1,80.05,648.556,366,source_allocation_v2_20260911,False,none,,1.154462,straight_500m,estimated,80.05,847.31,직선 500m 거주 아동 시나리오,2024년 6~11세 배분 추정에 인천 전체 연령인구 성장률 적용. 보행권·실제 이용자·신규 수혜가 아님. 후보끼리 합산하지 않음.,63.93,63.93,676.72,57.28,57.28,606.31
CG_01026,126.70492830000046,37.44437889999989,18.26,16.36,다사2938,0.000674429873911513,부평구,203.762,1244,783.0,5233.1,3.0,300.9,18.0,low,['인천성리초등학교'],1,22.86,203.762,1244,source_allocation_v2_20260911,True,unknown,500m 내 재개발 1건: unknown(287m),1.154462,straight_500m,estimated,22.86,266.21,직선 500m 거주 아동 시나리오,2024년 6~11세 배분 추정에 인천 전체 연령인구 성장률 적용. 보행권·실제 이용자·신규 수혜가 아님. 후보끼리 합산하지 않음.,18.26,18.26,212.61,16.36,16.36,190.49
CG_01027,126.70492830000046,37.44662889999989,30.29,27.13,다사2938,0.19898515156218188,부평구,350.712,943,1191.4,6149.5,3.0,300.9,18.0,low,['인천성리초등학교'],1,37.92,350.712,943,source_allocation_v2_20260911,True,unknown,500m 내 재개발 1건: unknown(47m),1.154462,straight_500m,estimated,37.92,458.19,직선 500m 거주 아동 시나리오,2024년 6~11세 배분 추정에 인천 전체 연령인구 성장률 적용. 보행권·실제 이용자·신규 수혜가 아님. 후보끼리 합산하지 않음.,30.29,30.29,365.94,27.13,27.13,327.87
CG_01104,126.70942830000047,37.44662889999989,75.85,67.96,다사3038,0.4557461811365308,서구,763.9780000000001,255,222.1,17054.8,3.0,300.9,18.0,low,['인천성리초등학교'],1,94.97,763.9780000000001,255,source_allocation_v2_20260911,True,unknown,500m 내 재개발 1건: unknown(369m),1.154462,straight_500m,estimated,94.97,998.1,직선 500m 거주 아동 시나리오,2024년 6~11세 배분 추정에 인천 전체 연령인구 성장률 적용. 보행권·실제 이용자·신규 수혜가 아님. 후보끼리 합산하지 않음.,75.85,75.85,797.15,67.96,67.96,714.22
CG_00568,126.6711783000004,37.5006288999998,17.0,15.23,다사2644,0.06519085812511284,서구,346.59799999999996,950,618.5,16319.4,1.0,439.1,0.0,high,"[""['인천석남서초등학교' '인천봉화초등학교']""]",2,21.29,346.59799999999996,950,source_allocation_v2_20260911,True,planned,"500m 내 재개발 3건: unknown(498m), planned(247m), unknown(417m)",0.0,straight_500m,estimated,21.29,452.81,직선 500m 거주 아동 시나리오,2024년 6~11세 배분 추정에 인천 전체 연령인구 성장률 적용. 보행권·실제 이용자·신규 수혜가 아님. 후보끼리 합산하지 않음.,17.0,17.0,361.65,15.23,15.23,324.02
CG_00519,126.6689283000004,37.5006288999998,40.84,36.59,다사2644,0.08876591004504251,서구,281.36,1089,547.0,6336.4,1.0,439.1,0.0,high,"[""['인천석남서초등학교' '인천봉화초등학교']""]",2,51.13,281.36,1089,source_allocation_v2_20260911,True,planned,"500m 내 재개발 2건: planned(85m), unknown(365m)",0.0,straight_500m,estimated,51.13,367.58,직선 500m 거주 아동 시나리오,2024년 6~11세 배분 추정에 인천 전체 연령인구 성장률 적용. 보행권·실제 이용자·신규 수혜가 아님. 후보끼리 합산하지 않음.,40.84,40.84,293.58,36.59,36.59,263.03
CG_00518,126.6689283000004,37.49837889999981,32.2,28.85,다사2644,0.074115900155659,서구,286.394,1084,764.0,5172.1,1.0,439.1,0.0,high,"[""['인천석남서초등학교' '인천봉화초등학교']""]",2,40.32,286.394,1084,source_allocation_v2_20260911,True,planned,500m 내 재개발 1건: planned(329m),0.0,straight_500m,estimated,40.32,374.16,직선 500m 거주 아동 시나리오,2024년 6~11세 배분 추정에 인천 전체 연령인구 성장률 적용. 보행권·실제 이용자·신규 수혜가 아님. 후보끼리 합산하지 않음.,32.2,32.2,298.83,28.85,28.85,267.74
CG_00567,126.6711783000004,37.49837889999981,34.02,30.48,다사2644,0.10611095331167934,서구,363.036,911,310.4,15783.7,1.0,439.1,0.0,high,"[""['인천석남서초등학교' '인천봉화초등학교']""]",2,42.59,363.036,911,source_allocation_v2_20260911,True,planned,"500m 내 재개발 2건: unknown(461m), planned(403m)",0.0,straight_500m,estimated,42.59,474.29,직선 500m 거주 아동 시나리오,2024년 6~11세 배분 추정에 인천 전체 연령인구 성장률 적용. 보행권·실제 이용자·신규 수혜가 아님. 후보끼리 합산하지 않음.,34.02,34.02,378.8,30.48,30.48,339.39
CG_00517,126.6689283000004,37.49612889999981,24.54,21.99,다사2644,0.08938653205756154,서구,262.99600000000004,1129,1044.2,4902.7,1.0,439.1,0.0,high,"[""['인천석남서초등학교' '인천봉화초등학교']""]",2,30.73,262.99600000000004,1129,source_allocation_v2_20260911,False,none,,0.0,straight_500m,estimated,30.73,343.59,직선 500m 거주 아동 시나리오,2024년 6~11세 배분 추정에 인천 전체 연령인구 성장률 적용. 보행권·실제 이용자·신규 수혜가 아님. 후보끼리 합산하지 않음.,24.54,24.54,274.42,21.99,21.99,245.86
CG_00478,126.6666783000004,37.49837889999981,4.17,3.74,다사2644,0.06773129029023317,미추홀구,181.324,1281,730.4,2581.7,1.0,439.1,0.0,high,"[""['인천석남서초등학교' '인천봉화초등학교']""]",2,5.22,181.324,1281,source_allocation_v2_20260911,True,planned,500m 내 재개발 1건: planned(366m),0.0,straight_500m,estimated,5.22,236.89,직선 500m 거주 아동 시나리오,2024년 6~11세 배분 추정에 인천 전체 연령인구 성장률 적용. 보행권·실제 이용자·신규 수혜가 아님. 후보끼리 합산하지 않음.,4.17,4.17,189.2,3.74,3.74,169.51
CG_01454,126.7319283000005,37.46237889999986,69.46,62.23,다사3240,0.01757757745110784,부평구,,,479.1,3503.7,3.0,140.8,0.0,low,['인천새말초등학교'],1,86.97,,,source_allocation_v2_20260911,True,completed,"500m 내 재개발 4건: unknown(390m), completed(427m), completed(419m)",3.056738,straight_500m,missing_age_observations,86.97,,직선 500m 거주 아동 시나리오,2024년 6~11세 배분 추정에 인천 전체 연령인구 성장률 적용. 보행권·실제 이용자·신규 수혜가 아님. 후보끼리 합산하지 않음.,69.46,69.46,,62.23,62.23,
CG_01458,126.7319283000005,37.48937889999982,110.74,99.21,다사3243,0.05248601091457526,부평구,950.9540000000001,136,360.0,3738.5,3.0,232.0,0.0,low,['인천부개서초등학교'],1,138.65,950.9540000000001,136,source_allocation_v2_20260911,True,unknown,"500m 내 재개발 3건: unknown(97m), unknown(332m), unknown(87m)",2.340023,straight_500m,estimated,138.65,1242.37,직선 500m 거주 아동 시나리오,2024년 6~11세 배분 추정에 인천 전체 연령인구 성장률 적용. 보행권·실제 이용자·신규 수혜가 아님. 후보끼리 합산하지 않음.,110.74,110.74,992.25,99.21,99.21,889.01
CG_01459,126.7319283000005,37.49162889999982,144.58,129.53,다사3243,0.05638689694472468,부평구,1059.3,93,201.3,3938.9,3.0,232.0,0.0,low,['인천부개서초등학교'],1,181.02,1059.3,93,source_allocation_v2_20260911,True,unknown,"500m 내 재개발 2건: unknown(323m), unknown(330m)",2.340023,straight_500m,estimated,181.02,1383.92,직선 500m 거주 아동 시나리오,2024년 6~11세 배분 추정에 인천 전체 연령인구 성장률 적용. 보행권·실제 이용자·신규 수혜가 아님. 후보끼리 합산하지 않음.,144.58,144.58,1105.3,129.53,129.53,990.3
CG_01532,126.73642830000051,37.493878899999814,45.99,41.2,다사3244,0.1284393492588931,계양구,849.9780000000001,188,209.6,9047.2,3.0,232.0,0.0,low,['인천부개서초등학교'],1,57.58,849.9780000000001,188,source_allocation_v2_20260911,True,unknown,500m 내 재개발 1건: unknown(466m),2.340023,straight_500m,estimated,57.58,1110.45,직선 500m 거주 아동 시나리오,2024년 6~11세 배분 추정에 인천 전체 연령인구 성장률 적용. 보행권·실제 이용자·신규 수혜가 아님. 후보끼리 합산하지 않음.,45.99,45.99,886.89,41.2,41.2,794.61
CG_01420,126.7296783000005,37.49162889999982,62.04,55.59,다사3143,0.06003165375697497,부평구,1021.808,109,385.6,4201.3,3.0,232.0,0.0,low,['인천부개서초등학교'],1,77.68,1021.808,109,source_allocation_v2_20260911,True,unknown,"500m 내 재개발 2건: unknown(339m), unknown(404m)",2.340023,straight_500m,estimated,77.68,1334.94,직선 500m 거주 아동 시나리오,2024년 6~11세 배분 추정에 인천 전체 연령인구 성장률 적용. 보행권·실제 이용자·신규 수혜가 아님. 후보끼리 합산하지 않음.,62.04,62.04,1066.18,55.59,55.59,955.25
CG_01559,126.73867830000052,37.49162889999982,39.14,35.07,다사3243,0.030381330058859558,계양구,709.1179999999999,302,104.2,9616.7,3.0,232.0,0.0,low,['인천부개서초등학교'],1,49.01,709.1179999999999,302,source_allocation_v2_20260911,False,none,,2.340023,straight_500m,estimated,49.01,926.43,직선 500m 거주 아동 시나리오,2024년 6~11세 배분 추정에 인천 전체 연령인구 성장률 적용. 보행권·실제 이용자·신규 수혜가 아님. 후보끼리 합산하지 않음.,39.14,39.14,739.91,35.07,35.07,662.93
CG_01498,126.73417830000051,37.49162889999982,89.91,80.56,다사3243,0.04807640011046091,부평구,1015.348,111,323.4,3987.9,3.0,232.0,0.0,low,['인천부개서초등학교'],1,112.58,1015.348,111,source_allocation_v2_20260911,True,unknown,"500m 내 재개발 2건: unknown(416m), unknown(367m)",2.340023,straight_500m,estimated,112.58,1326.5,직선 500m 거주 아동 시나리오,2024년 6~11세 배분 추정에 인천 전체 연령인구 성장률 적용. 보행권·실제 이용자·신규 수혜가 아님. 후보끼리 합산하지 않음.,89.91,89.91,1059.44,80.56,80.56,949.21
CG_01419,126.7296783000005,37.48937889999982,64.21,57.53,다사3143,0.07950538152426655,부평구,904.262,157,313.2,3975.1,3.0,232.0,0.0,low,['인천부개서초등학교'],1,80.39,904.262,157,source_allocation_v2_20260911,True,unknown,"500m 내 재개발 3건: unknown(142m), unknown(351m), unknown(248m)",2.340023,straight_500m,estimated,80.39,1181.37,직선 500m 거주 아동 시나리오,2024년 6~11세 배분 추정에 인천 전체 연령인구 성장률 적용. 보행권·실제 이용자·신규 수혜가 아님. 후보끼리 합산하지 않음.,64.21,64.21,943.53,57.53,57.53,845.36
CG_01083,126.70717830000046,37.52987889999976,23.95,21.46,다사2948,0.29864883252153723,남동구,302.35200000000003,1061,223.8,299.8,3.0,343.0,0.0,low,['인천명현초등학교'],1,29.99,302.35200000000003,1061,source_allocation_v2_20260911,True,completed,"500m 내 재개발 2건: unknown(498m), completed(190m)",1.049332,straight_500m,estimated,29.99,395.01,직선 500m 거주 아동 시나리오,2024년 6~11세 배분 추정에 인천 전체 연령인구 성장률 적용. 보행권·실제 이용자·신규 수혜가 아님. 후보끼리 합산하지 않음.,23.95,23.95,315.48,21.46,21.46,282.66
CG_01084,126.70717830000046,37.532128899999755,19.4,17.38,다사2948,0.025616443563286632,부평구,342.7,961,189.5,1107.9,3.0,343.0,0.0,low,['인천명현초등학교'],1,24.29,342.7,961,source_allocation_v2_20260911,True,completed,"500m 내 재개발 2건: completed(485m), completed(327m)",1.049332,straight_500m,estimated,24.29,447.72,직선 500m 거주 아동 시나리오,2024년 6~11세 배분 추정에 인천 전체 연령인구 성장률 적용. 보행권·실제 이용자·신규 수혜가 아님. 후보끼리 합산하지 않음.,19.4,19.4,357.58,17.38,17.38,320.38
CG_01127,126.70942830000047,37.52762889999976,41.28,36.99,다사3047,0.14647772939216153,서구,468.86,684,148.4,17066.9,3.0,343.0,0.0,low,['인천명현초등학교'],1,51.69,468.86,684,source_allocation_v2_20260911,True,completed,"500m 내 재개발 3건: unknown(183m), completed(233m), completed(425m)",1.049332,straight_500m,estimated,51.69,612.54,직선 500m 거주 아동 시나리오,2024년 6~11세 배분 추정에 인천 전체 연령인구 성장률 적용. 보행권·실제 이용자·신규 수혜가 아님. 후보끼리 합산하지 않음.,41.28,41.28,489.22,36.99,36.99,438.32
CG_01128,126.70942830000047,37.52987889999976,39.76,35.62,다사3048,0.02721444094376162,남동구,462.976,696,0.0,1152.6,3.0,343.0,0.0,low,['인천명현초등학교'],1,49.78,462.976,696,source_allocation_v2_20260911,True,completed,"500m 내 재개발 2건: unknown(387m), completed(19m)",1.049332,straight_500m,estimated,49.78,604.86,직선 500m 거주 아동 시나리오,2024년 6~11세 배분 추정에 인천 전체 연령인구 성장률 적용. 보행권·실제 이용자·신규 수혜가 아님. 후보끼리 합산하지 않음.,39.76,39.76,483.08,35.62,35.62,432.82
CG_01446,126.7319283000005,37.4016289,37.34,33.45,다사3233,0.4195380107996756,남동구,817.106,212,164.0,961.0,2.0,171.35,0.0,low,"[""['인천논현초등학교' '인천소래초등학교']""]",2,46.75,817.106,212,source_allocation_v2_20260911,False,none,,0.985074,straight_500m,estimated,46.75,1067.51,직선 500m 거주 아동 시나리오,2024년 6~11세 배분 추정에 인천 전체 연령인구 성장률 적용. 보행권·실제 이용자·신규 수혜가 아님. 후보끼리 합산하지 않음.,37.34,37.34,852.59,33.45,33.45,763.88
CG_01406,126.7296783000005,37.4016289,39.61,35.49,다사3133,0.08122762051979548,남동구,772.568,248,149.2,552.7,2.0,171.35,0.0,low,"[""['인천논현초등학교' '인천소래초등학교']""]",2,49.59,772.568,248,source_allocation_v2_20260911,False,none,,0.985074,straight_500m,estimated,49.59,1009.32,직선 500m 거주 아동 시나리오,2024년 6~11세 배분 추정에 인천 전체 연령인구 성장률 적용. 보행권·실제 이용자·신규 수혜가 아님. 후보끼리 합산하지 않음.,39.61,39.61,806.12,35.49,35.49,722.24
CG_01484,126.73417830000051,37.4016289,19.45,17.42,다사3233,0.18740820485910087,남동구,815.408,215,155.4,1359.6,2.0,171.35,0.0,low,"[""['인천논현초등학교' '인천소래초등학교']""]",2,24.35,815.408,215,source_allocation_v2_20260911,False,none,,0.985074,straight_500m,estimated,24.35,1065.29,직선 500m 거주 아동 시나리오,2024년 6~11세 배분 추정에 인천 전체 연령인구 성장률 적용. 보행권·실제 이용자·신규 수혜가 아님. 후보끼리 합산하지 않음.,19.45,19.45,850.82,17.42,17.42,762.29
CG_01447,126.7319283000005,37.4038789,40.09,35.92,다사3234,0.025609805255619632,남동구,740.2059999999999,275,409.5,571.1,2.0,171.35,0.0,low,"[""['인천논현초등학교' '인천소래초등학교']""]",2,50.2,740.2059999999999,275,source_allocation_v2_20260911,False,none,,0.985074,straight_500m,estimated,50.2,967.04,직선 500m 거주 아동 시나리오,2024년 6~11세 배분 추정에 인천 전체 연령인구 성장률 적용. 보행권·실제 이용자·신규 수혜가 아님. 후보끼리 합산하지 않음.,40.09,40.09,772.35,35.92,35.92,691.99
CG_01407,126.7296783000005,37.4038789,71.43,64.0,다사3134,0.0466481991035693,남동구,675.478,331,254.7,256.7,2.0,171.35,0.0,low,"[""['인천논현초등학교' '인천소래초등학교']""]",2,89.44,675.478,331,source_allocation_v2_20260911,False,none,,0.985074,straight_500m,estimated,89.44,882.48,직선 500m 거주 아동 시나리오,2024년 6~11세 배분 추정에 인천 전체 연령인구 성장률 적용. 보행권·실제 이용자·신규 수혜가 아님. 후보끼리 합산하지 않음.,71.43,71.43,704.81,64.0,64.0,631.48
CG_01564,126.73867830000052,37.532128899999755,58.52,52.43,다사3248,0.06015600951275034,계양구,658.8620000000001,348,521.5,10611.2,3.0,437.0,0.0,medium,['인천작동초등학교'],1,73.27,658.8620000000001,348,source_allocation_v2_20260911,False,none,,1.209994,straight_500m,estimated,73.27,860.77,직선 500m 거주 아동 시나리오,2024년 6~11세 배분 추정에 인천 전체 연령인구 성장률 적용. 보행권·실제 이용자·신규 수혜가 아님. 후보끼리 합산하지 않음.,58.52,58.52,687.47,52.43,52.43,615.95
CG_01538,126.73642830000051,37.532128899999755,2.26,2.03,다사3248,0.058546461051839714,계양구,658.0540000000001,349,368.5,10413.1,3.0,437.0,0.0,medium,['인천작동초등학교'],1,2.83,658.0540000000001,349,source_allocation_v2_20260911,False,none,,1.209994,straight_500m,estimated,2.83,859.72,직선 500m 거주 아동 시나리오,2024년 6~11세 배분 추정에 인천 전체 연령인구 성장률 적용. 보행권·실제 이용자·신규 수혜가 아님. 후보끼리 합산하지 않음.,2.26,2.26,686.63,2.03,2.03,615.19
CG_01535,126.73642830000051,37.525378899999765,33.9,30.38,다사3247,0.184666877936307,계양구,622.518,397,465.6,9692.2,3.0,437.0,0.0,medium,['인천작동초등학교'],1,42.45,622.518,397,source_allocation_v2_20260911,True,unknown,"500m 내 재개발 3건: unknown(330m), unknown(310m), unknown(51m)",1.209994,straight_500m,estimated,42.45,813.29,직선 500m 거주 아동 시나리오,2024년 6~11세 배분 추정에 인천 전체 연령인구 성장률 적용. 보행권·실제 이용자·신규 수혜가 아님. 후보끼리 합산하지 않음.,33.9,33.9,649.55,30.38,30.38,581.97
CG_01581,126.74092830000052,37.52762889999976,46.45,41.62,다사3247,0.10635641179694358,계양구,673.1579999999999,334,416.3,10163.6,3.0,437.0,0.0,medium,['인천작동초등학교'],1,58.16,673.1579999999999,334,source_allocation_v2_20260911,True,unknown,500m 내 재개발 1건: unknown(440m),1.209994,straight_500m,estimated,58.16,879.45,직선 500m 거주 아동 시나리오,2024년 6~11세 배분 추정에 인천 전체 연령인구 성장률 적용. 보행권·실제 이용자·신규 수혜가 아님. 후보끼리 합산하지 않음.,46.45,46.45,702.39,41.62,41.62,629.31
CG_01582,126.74092830000052,37.52987889999976,72.12,64.62,다사3248,0.0844128012262158,계양구,762.928,256,163.5,10121.2,3.0,437.0,0.0,medium,['인천작동초등학교'],1,90.3,762.928,256,source_allocation_v2_20260911,False,none,,1.209994,straight_500m,estimated,90.3,996.73,직선 500m 거주 아동 시나리오,2024년 6~11세 배분 추정에 인천 전체 연령인구 성장률 적용. 보행권·실제 이용자·신규 수혜가 아님. 후보끼리 합산하지 않음.,72.12,72.12,796.06,64.62,64.62,713.23
CG_01562,126.73867830000052,37.52762889999976,67.2,60.21,다사3247,0.09907436354634096,계양구,626.952,391,339.4,10117.2,3.0,437.0,0.0,medium,['인천작동초등학교'],1,84.14,626.952,391,source_allocation_v2_20260911,True,unknown,"500m 내 재개발 3건: unknown(386m), unknown(478m), unknown(278m)",1.209994,straight_500m,estimated,84.14,819.08,직선 500m 거주 아동 시나리오,2024년 6~11세 배분 추정에 인천 전체 연령인구 성장률 적용. 보행권·실제 이용자·신규 수혜가 아님. 후보끼리 합산하지 않음.,67.2,67.2,654.18,60.21,60.21,586.11
CG_01561,126.73867830000052,37.525378899999765,19.23,17.23,다사3247,0.15093920838357885,계양구,638.476,383,355.2,9960.5,3.0,437.0,0.0,medium,['인천작동초등학교'],1,24.08,638.476,383,source_allocation_v2_20260911,True,unknown,"500m 내 재개발 3건: unknown(472m), unknown(228m), unknown(201m)",1.209994,straight_500m,estimated,24.08,834.14,직선 500m 거주 아동 시나리오,2024년 6~11세 배분 추정에 인천 전체 연령인구 성장률 적용. 보행권·실제 이용자·신규 수혜가 아님. 후보끼리 합산하지 않음.,19.23,19.23,666.2,17.23,17.23,596.89
CG_01563,126.73867830000052,37.52987889999976,89.75,80.41,다사3248,0.01613305114101775,계양구,717.53,294,543.9,10389.7,3.0,437.0,0.0,medium,['인천작동초등학교'],1,112.37,717.53,294,source_allocation_v2_20260911,True,unknown,"500m 내 재개발 2건: unknown(447m), unknown(489m)",1.209994,straight_500m,estimated,112.37,937.42,직선 500m 거주 아동 시나리오,2024년 6~11세 배분 추정에 인천 전체 연령인구 성장률 적용. 보행권·실제 이용자·신규 수혜가 아님. 후보끼리 합산하지 않음.,89.75,89.75,748.69,80.41,80.41,670.79
CG_00488,126.6666783000004,37.525378899999765,91.56,82.03,다사2647,0.06110462117329974,서구,1238.156,50,205.0,6532.7,2.0,240.0,1.0,medium,['인천가현초등학교'],1,114.64,1238.156,50,source_allocation_v2_20260911,False,none,,0.088174,straight_500m,estimated,114.64,1617.59,직선 500m 거주 아동 시나리오,2024년 6~11세 배분 추정에 인천 전체 연령인구 성장률 적용. 보행권·실제 이용자·신규 수혜가 아님. 후보끼리 합산하지 않음.,91.56,91.56,1291.92,82.03,82.03,1157.51
CG_00487,126.6666783000004,37.52312889999977,120.13,107.63,다사2647,0.05438529681242909,서구,1453.828,22,512.0,6320.5,2.0,240.0,1.0,medium,['인천가현초등학교'],1,150.41,1453.828,22,source_allocation_v2_20260911,False,none,,0.088174,straight_500m,estimated,150.41,1899.35,직선 500m 거주 아동 시나리오,2024년 6~11세 배분 추정에 인천 전체 연령인구 성장률 적용. 보행권·실제 이용자·신규 수혜가 아님. 후보끼리 합산하지 않음.,120.13,120.13,1516.96,107.63,107.63,1359.13
CG_00619,126.67342830000041,37.52087889999977,129.03,115.6,다사2647,0.11244590045876152,연수구,1511.2419999999997,20,707.3,1514.1,2.0,240.0,1.0,medium,['인천가현초등학교'],1,161.55,1511.2419999999997,20,source_allocation_v2_20260911,True,completed,"500m 내 재개발 2건: unknown(163m), completed(256m)",0.088174,straight_500m,estimated,161.55,1974.36,직선 500m 거주 아동 시나리오,2024년 6~11세 배분 추정에 인천 전체 연령인구 성장률 적용. 보행권·실제 이용자·신규 수혜가 아님. 후보끼리 합산하지 않음.,129.03,129.03,1576.87,115.6,115.6,1412.8
CG_00456,126.6644283000004,37.52312889999977,115.83,103.78,다사2647,0.08231909908750876,미추홀구,,,284.0,2605.2,2.0,240.0,1.0,medium,['인천가현초등학교'],1,145.03,,,source_allocation_v2_20260911,False,none,,0.088174,straight_500m,missing_age_observations,145.03,,직선 500m 거주 아동 시나리오,2024년 6~11세 배분 추정에 인천 전체 연령인구 성장률 적용. 보행권·실제 이용자·신규 수혜가 아님. 후보끼리 합산하지 않음.,115.83,115.83,,103.78,103.78,
CG_00620,126.67342830000041,37.52312889999977,126.05,112.93,다사2647,0.08842467937245405,연수구,1410.26,27,560.8,900.8,2.0,240.0,1.0,medium,['인천가현초등학교'],1,157.82,1410.26,27,source_allocation_v2_20260911,True,completed,"500m 내 재개발 2건: unknown(340m), completed(350m)",0.088174,straight_500m,estimated,157.82,1842.43,직선 500m 거주 아동 시나리오,2024년 6~11세 배분 추정에 인천 전체 연령인구 성장률 적용. 보행권·실제 이용자·신규 수혜가 아님. 후보끼리 합산하지 않음.,126.05,126.05,1471.5,112.93,112.93,1318.4
CG_00527,126.6689283000004,37.525378899999765,52.26,46.82,다사2647,0.07139127135682474,서구,1521.7559999999999,19,316.4,8182.2,2.0,240.0,1.0,medium,['인천가현초등학교'],1,65.43,1521.7559999999999,19,source_allocation_v2_20260911,False,none,,0.088174,straight_500m,estimated,65.43,1988.1,직선 500m 거주 아동 시나리오,2024년 6~11세 배분 추정에 인천 전체 연령인구 성장률 적용. 보행권·실제 이용자·신규 수혜가 아님. 후보끼리 합산하지 않음.,52.26,52.26,1587.84,46.82,46.82,1422.63
CG_00575,126.6711783000004,37.52087889999977,257.26,230.49,다사2647,0.034065948302337806,연수구,1534.358,14,407.9,1153.2,2.0,240.0,1.0,medium,['인천가현초등학교'],1,322.11,1534.358,14,source_allocation_v2_20260911,True,completed,"500m 내 재개발 2건: unknown(357m), completed(454m)",0.088174,straight_500m,estimated,322.11,2004.56,직선 500m 거주 아동 시나리오,2024년 6~11세 배분 추정에 인천 전체 연령인구 성장률 적용. 보행권·실제 이용자·신규 수혜가 아님. 후보끼리 합산하지 않음.,257.26,257.26,1600.99,230.49,230.49,1434.41
CG_00577,126.6711783000004,37.525378899999765,59.03,52.89,다사2647,0.0550277763441398,연수구,1274.476,45,195.1,853.5,2.0,240.0,1.0,medium,['인천가현초등학교'],1,73.91,1274.476,45,source_allocation_v2_20260911,False,none,,0.088174,straight_500m,estimated,73.91,1665.04,직선 500m 거주 아동 시나리오,2024년 6~11세 배분 추정에 인천 전체 연령인구 성장률 적용. 보행권·실제 이용자·신규 수혜가 아님. 후보끼리 합산하지 않음.,59.03,59.03,1329.82,52.89,52.89,1191.46
CG_00576,126.6711783000004,37.52312889999977,254.2,227.75,다사2647,0.02156519703201398,연수구,1525.8,17,360.9,1106.2,2.0,240.0,1.0,medium,['인천가현초등학교'],1,318.28,1525.8,17,source_allocation_v2_20260911,True,unknown,500m 내 재개발 1건: unknown(465m),0.088174,straight_500m,estimated,318.28,1993.38,직선 500m 거주 아동 시나리오,2024년 6~11세 배분 추정에 인천 전체 연령인구 성장률 적용. 보행권·실제 이용자·신규 수혜가 아님. 후보끼리 합산하지 않음.,254.2,254.2,1592.06,227.75,227.75,1426.41
CG_00526,126.6689283000004,37.52312889999977,127.11,113.88,다사2647,0.06619481370556028,서구,1752.116,2,274.5,7891.1,2.0,240.0,1.0,medium,['인천가현초등학교'],1,159.15,1752.116,2,source_allocation_v2_20260911,False,none,,0.088174,straight_500m,estimated,159.15,2289.05,직선 500m 거주 아동 시나리오,2024년 6~11세 배분 추정에 인천 전체 연령인구 성장률 적용. 보행권·실제 이용자·신규 수혜가 아님. 후보끼리 합산하지 않음.,127.11,127.11,1828.2,113.88,113.88,1637.99
CG_00437,126.66217830000039,37.52762889999976,6.47,5.8,다사2547,0.45320290219784576,미추홀구,747.874,268,347.9,2981.0,2.0,98.0,0.0,medium,['인천가원초등학교'],1,8.1,747.874,268,source_allocation_v2_20260911,False,none,,0.0,straight_500m,estimated,8.1,977.06,직선 500m 거주 아동 시나리오,2024년 6~11세 배분 추정에 인천 전체 연령인구 성장률 적용. 보행권·실제 이용자·신규 수혜가 아님. 후보끼리 합산하지 않음.,6.47,6.47,780.35,5.8,5.8,699.16
CG_00439,126.66217830000039,37.532128899999755,10.16,9.1,다사2548,0.31398267635316096,미추홀구,742.844,274,676.4,2710.1,2.0,98.0,0.0,medium,['인천가원초등학교'],1,12.72,742.844,274,source_allocation_v2_20260911,False,none,,0.0,straight_500m,estimated,12.72,970.49,직선 500m 거주 아동 시나리오,2024년 6~11세 배분 추정에 인천 전체 연령인구 성장률 적용. 보행권·실제 이용자·신규 수혜가 아님. 후보끼리 합산하지 않음.,10.16,10.16,775.1,9.1,9.1,694.46
CG_00438,126.66217830000039,37.52987889999976,20.24,18.13,다사2548,0.39124212169281786,미추홀구,793.934,231,441.1,2768.1,2.0,98.0,0.0,medium,['인천가원초등학교'],1,25.34,793.934,231,source_allocation_v2_20260911,False,none,,0.0,straight_500m,estimated,25.34,1037.24,직선 500m 거주 아동 시나리오,2024년 6~11세 배분 추정에 인천 전체 연령인구 성장률 적용. 보행권·실제 이용자·신규 수혜가 아님. 후보끼리 합산하지 않음.,20.24,20.24,828.41,18.13,18.13,742.22
CG_01199,126.71392830000048,37.59512889999966,166.52,149.19,다사3055,0.050266454639938084,남동구,1354.874,34,165.6,727.9,2.0,190.0,0.0,medium,['인천이음초등학교'],1,208.49,1354.874,34,source_allocation_v2_20260911,False,none,,0.737734,straight_500m,estimated,208.49,1770.08,직선 500m 거주 아동 시나리오,2024년 6~11세 배분 추정에 인천 전체 연령인구 성장률 적용. 보행권·실제 이용자·신규 수혜가 아님. 후보끼리 합산하지 않음.,166.52,166.52,1413.71,149.19,149.19,1266.62
CG_01231,126.71617830000048,37.59512889999966,53.69,48.11,다사3055,0.0663170100971069,남동구,1002.8019999999999,117,494.4,840.7,2.0,190.0,0.0,medium,['인천이음초등학교'],1,67.23,1002.8019999999999,117,source_allocation_v2_20260911,False,none,,0.737734,straight_500m,estimated,67.23,1310.11,직선 500m 거주 아동 시나리오,2024년 6~11세 배분 추정에 인천 전체 연령인구 성장률 적용. 보행권·실제 이용자·신규 수혜가 아님. 후보끼리 합산하지 않음.,53.69,53.69,1046.35,48.11,48.11,937.48
CG_00712,126.67792830000042,37.52987889999976,11.42,10.23,다사2748,0.19474710755601166,미추홀구,166.618,1298,477.2,1898.1,2.0,65.0,0.0,medium,['인천봉수초등학교'],1,14.3,166.618,1298,source_allocation_v2_20260911,False,none,,0.0,straight_500m,estimated,14.3,217.68,직선 500m 거주 아동 시나리오,2024년 6~11세 배분 추정에 인천 전체 연령인구 성장률 적용. 보행권·실제 이용자·신규 수혜가 아님. 후보끼리 합산하지 않음.,11.42,11.42,173.85,10.23,10.23,155.77
CG_00711,126.67792830000042,37.52762889999976,125.51,112.45,다사2747,0.08721952882410547,미추홀구,395.69,847,269.3,1705.6,2.0,65.0,0.0,medium,['인천봉수초등학교'],1,157.15,395.69,847,source_allocation_v2_20260911,False,none,,0.0,straight_500m,estimated,157.15,516.95,직선 500m 거주 아동 시나리오,2024년 6~11세 배분 추정에 인천 전체 연령인구 성장률 적용. 보행권·실제 이용자·신규 수혜가 아님. 후보끼리 합산하지 않음.,125.51,125.51,412.87,112.45,112.45,369.92
CG_00436,126.66217830000039,37.518628899999776,,,다사2546,0.685125923262693,미추홀구,,,557.0,3047.9,3.0,212.0,0.0,medium,['인천신현북초등학교'],1,,,,source_allocation_v2_20260911,False,none,,2.499076,straight_500m,missing_age_observations,,,직선 500m 거주 아동 시나리오,2024년 6~11세 배분 추정에 인천 전체 연령인구 성장률 적용. 보행권·실제 이용자·신규 수혜가 아님. 후보끼리 합산하지 않음.,,,,,,
CG_01202,126.71392830000048,37.60187889999965,45.2,40.49,다사3056,0.15054694921479247,남동구,1225.1860000000001,53,62.5,914.7,2.0,190.0,0.0,medium,['인천이음초등학교'],1,56.59,1225.1860000000001,53,source_allocation_v2_20260911,False,none,,0.737734,straight_500m,estimated,56.59,1600.65,직선 500m 거주 아동 시나리오,2024년 6~11세 배분 추정에 인천 전체 연령인구 성장률 적용. 보행권·실제 이용자·신규 수혜가 아님. 후보끼리 합산하지 않음.,45.2,45.2,1278.39,40.49,40.49,1145.38
CG_00435,126.66217830000039,37.51637889999978,,,다사2546,0.3148740767373071,미추홀구,,,70.6,2590.9,3.0,212.0,0.0,medium,['인천신현북초등학교'],1,,,,source_allocation_v2_20260911,True,unknown,"500m 내 재개발 2건: unknown(454m), unknown(398m)",2.499076,straight_500m,missing_age_observations,,,직선 500m 거주 아동 시나리오,2024년 6~11세 배분 추정에 인천 전체 연령인구 성장률 적용. 보행권·실제 이용자·신규 수혜가 아님. 후보끼리 합산하지 않음.,,,,,,
CG_01233,126.71617830000048,37.59962889999965,58.41,52.34,다사3055,0.0712483228570919,남동구,1255.596,48,0.0,643.2,2.0,190.0,0.0,medium,['인천이음초등학교'],1,73.14,1255.596,48,source_allocation_v2_20260911,False,none,,0.737734,straight_500m,estimated,73.14,1640.37,직선 500m 거주 아동 시나리오,2024년 6~11세 배분 추정에 인천 전체 연령인구 성장률 적용. 보행권·실제 이용자·신규 수혜가 아님. 후보끼리 합산하지 않음.,58.41,58.41,1310.12,52.34,52.34,1173.81
CG_00424,126.65992830000039,37.52987889999976,69.76,62.51,다사2548,0.29477520195402107,미추홀구,562.472,475,1020.8,1865.9,2.0,98.0,0.0,medium,['인천가원초등학교'],1,87.35,562.472,475,source_allocation_v2_20260911,False,none,,0.0,straight_500m,estimated,87.35,734.84,직선 500m 거주 아동 시나리오,2024년 6~11세 배분 추정에 인천 전체 연령인구 성장률 적용. 보행권·실제 이용자·신규 수혜가 아님. 후보끼리 합산하지 않음.,69.76,69.76,586.9,62.51,62.51,525.83
CG_00423,126.65992830000039,37.52762889999976,43.24,38.74,다사2547,0.5467970978021542,미추홀구,452.866,722,784.0,2048.4,2.0,98.0,0.0,medium,['인천가원초등학교'],1,54.14,452.866,722,source_allocation_v2_20260911,False,none,,0.0,straight_500m,estimated,54.14,591.65,직선 500m 거주 아동 시나리오,2024년 6~11세 배분 추정에 인천 전체 연령인구 성장률 적용. 보행권·실제 이용자·신규 수혜가 아님. 후보끼리 합산하지 않음.,43.24,43.24,472.53,38.74,38.74,423.37
CG_00751,126.68017830000042,37.52762889999976,22.89,20.51,다사2747,0.25215239029355646,서구,573.658,459,351.8,3331.6,2.0,65.0,0.0,medium,['인천봉수초등학교'],1,28.66,573.658,459,source_allocation_v2_20260911,False,none,,0.0,straight_500m,estimated,28.66,749.46,직선 500m 거주 아동 시나리오,2024년 6~11세 배분 추정에 인천 전체 연령인구 성장률 적용. 보행권·실제 이용자·신규 수혜가 아님. 후보끼리 합산하지 않음.,22.89,22.89,598.57,20.51,20.51,536.29
CG_00750,126.68017830000042,37.525378899999765,16.71,14.97,다사2747,0.1144310423869867,서구,862.478,184,67.5,3145.3,2.0,65.0,0.0,medium,['인천봉수초등학교'],1,20.92,862.478,184,source_allocation_v2_20260911,False,none,,0.0,straight_500m,estimated,20.92,1126.78,직선 500m 거주 아동 시나리오,2024년 6~11세 배분 추정에 인천 전체 연령인구 성장률 적용. 보행권·실제 이용자·신규 수혜가 아님. 후보끼리 합산하지 않음.,16.71,16.71,899.93,14.97,14.97,806.3
CG_00785,126.68242830000042,37.52762889999976,7.86,7.04,다사2747,0.0008751442477131734,서구,592.204,437,762.4,6750.5,2.0,65.0,0.0,medium,['인천봉수초등학교'],1,9.84,592.204,437,source_allocation_v2_20260911,False,none,,0.0,straight_500m,estimated,9.84,773.69,직선 500m 거주 아동 시나리오,2024년 6~11세 배분 추정에 인천 전체 연령인구 성장률 적용. 보행권·실제 이용자·신규 수혜가 아님. 후보끼리 합산하지 않음.,7.86,7.86,617.92,7.04,7.04,553.63
CG_00749,126.68017830000042,37.52312889999977,131.45,117.78,다사2747,0.10969079402556955,서구,1026.974,106,275.2,2850.8,2.0,65.0,0.0,medium,['인천봉수초등학교'],1,164.59,1026.974,106,source_allocation_v2_20260911,True,completed,500m 내 재개발 1건: completed(417m),0.0,straight_500m,estimated,164.59,1341.69,직선 500m 거주 아동 시나리오,2024년 6~11세 배분 추정에 인천 전체 연령인구 성장률 적용. 보행권·실제 이용자·신규 수혜가 아님. 후보끼리 합산하지 않음.,131.45,131.45,1071.57,117.78,117.78,960.08
CG_00784,126.68242830000042,37.525378899999765,105.39,94.43,다사2747,0.0,서구,776.0799999999999,244,1034.1,7514.8,2.0,65.0,0.0,medium,['인천봉수초등학교'],1,131.96,776.0799999999999,244,source_allocation_v2_20260911,False,none,,0.0,straight_500m,estimated,131.96,1013.91,직선 500m 거주 아동 시나리오,2024년 6~11세 배분 추정에 인천 전체 연령인구 성장률 적용. 보행권·실제 이용자·신규 수혜가 아님. 후보끼리 합산하지 않음.,105.39,105.39,809.78,94.43,94.43,725.53
CG_00709,126.67792830000042,37.52312889999977,127.61,114.33,다사2747,0.09427346793445833,미추홀구,1143.52,72,208.5,2220.0,2.0,65.0,0.0,medium,['인천봉수초등학교'],1,159.78,1143.52,72,source_allocation_v2_20260911,True,completed,"500m 내 재개발 2건: unknown(388m), completed(279m)",0.0,straight_500m,estimated,159.78,1493.95,직선 500m 거주 아동 시나리오,2024년 6~11세 배분 추정에 인천 전체 연령인구 성장률 적용. 보행권·실제 이용자·신규 수혜가 아님. 후보끼리 합산하지 않음.,127.61,127.61,1193.18,114.33,114.33,1069.03
CG_01234,126.71617830000048,37.60187889999965,129.87,116.36,다사3056,0.613625088889792,남동구,1076.856,88,211.5,392.7,2.0,190.0,0.0,medium,['인천이음초등학교'],1,162.61,1076.856,88,source_allocation_v2_20260911,False,none,,0.737734,straight_500m,estimated,162.61,1406.86,직선 500m 거주 아동 시나리오,2024년 6~11세 배분 추정에 인천 전체 연령인구 성장률 적용. 보행권·실제 이용자·신규 수혜가 아님. 후보끼리 합산하지 않음.,129.87,129.87,1123.62,116.36,116.36,1006.71
CG_01232,126.71617830000048,37.597378899999654,122.3,109.58,다사3055,0.04002068674463228,남동구,1243.652,49,173.5,816.7,2.0,190.0,0.0,medium,['인천이음초등학교'],1,153.13,1243.652,49,source_allocation_v2_20260911,False,none,,0.737734,straight_500m,estimated,153.13,1624.77,직선 500m 거주 아동 시나리오,2024년 6~11세 배분 추정에 인천 전체 연령인구 성장률 적용. 보행권·실제 이용자·신규 수혜가 아님. 후보끼리 합산하지 않음.,122.3,122.3,1297.66,109.58,109.58,1162.64
CG_00710,126.67792830000042,37.525378899999765,13.23,11.85,다사2747,0.05460410312898563,미추홀구,882.5260000000001,170,486.4,1878.9,2.0,65.0,0.0,medium,['인천봉수초등학교'],1,16.56,882.5260000000001,170,source_allocation_v2_20260911,False,none,,0.0,straight_500m,estimated,16.56,1152.98,직선 500m 거주 아동 시나리오,2024년 6~11세 배분 추정에 인천 전체 연령인구 성장률 적용. 보행권·실제 이용자·신규 수혜가 아님. 후보끼리 합산하지 않음.,13.23,13.23,920.85,11.85,11.85,825.04
CG_01200,126.71392830000048,37.597378899999654,151.24,135.5,다사3055,0.04018883697673244,남동구,1623.364,10,363.9,713.0,2.0,190.0,0.0,medium,['인천이음초등학교'],1,189.36,1623.364,10,source_allocation_v2_20260911,False,none,,0.737734,straight_500m,estimated,189.36,2120.84,직선 500m 거주 아동 시나리오,2024년 6~11세 배분 추정에 인천 전체 연령인구 성장률 적용. 보행권·실제 이용자·신규 수혜가 아님. 후보끼리 합산하지 않음.,151.24,151.24,1693.86,135.5,135.5,1517.62
CG_01201,126.71392830000048,37.59962889999965,159.2,142.64,다사3055,0.06431793745875855,남동구,1726.6599999999999,3,394.8,1250.3,2.0,190.0,0.0,medium,['인천이음초등학교'],1,199.33,1726.6599999999999,3,source_allocation_v2_20260911,False,none,,0.737734,straight_500m,estimated,199.33,2255.8,직선 500m 거주 아동 시나리오,2024년 6~11세 배분 추정에 인천 전체 연령인구 성장률 적용. 보행권·실제 이용자·신규 수혜가 아님. 후보끼리 합산하지 않음.,159.2,159.2,1801.64,142.64,142.64,1614.19
CG_00666,126.67567830000041,37.525378899999765,,,다사2747,0.07057752226114908,연수구,981.642,124,90.8,571.7,2.0,65.0,0.0,medium,['인천봉수초등학교'],1,,981.642,124,source_allocation_v2_20260911,True,completed,500m 내 재개발 1건: completed(492m),0.0,straight_500m,estimated,,1282.47,직선 500m 거주 아동 시나리오,2024년 6~11세 배분 추정에 인천 전체 연령인구 성장률 적용. 보행권·실제 이용자·신규 수혜가 아님. 후보끼리 합산하지 않음.,,,1024.27,,,917.7
CG_00665,126.67567830000041,37.52312889999977,7.55,6.76,다사2747,0.07276235872433943,연수구,1357.942,33,71.1,658.1,2.0,65.0,0.0,medium,['인천봉수초등학교'],1,9.45,1357.942,33,source_allocation_v2_20260911,True,completed,"500m 내 재개발 2건: unknown(306m), completed(246m)",0.0,straight_500m,estimated,9.45,1774.08,직선 500m 거주 아동 시나리오,2024년 6~11세 배분 추정에 인천 전체 연령인구 성장률 적용. 보행권·실제 이용자·신규 수혜가 아님. 후보끼리 합산하지 않음.,7.55,7.55,1416.91,6.76,6.76,1269.49
CG_00667,126.67567830000041,37.52762889999976,0.12,0.11,다사2747,0.14341364817313626,미추홀구,373.302,887,59.6,2560.6,2.0,65.0,0.0,medium,['인천봉수초등학교'],1,0.15,373.302,887,source_allocation_v2_20260911,False,none,,0.0,straight_500m,estimated,0.15,487.7,직선 500m 거주 아동 시나리오,2024년 6~11세 배분 추정에 인천 전체 연령인구 성장률 적용. 보행권·실제 이용자·신규 수혜가 아님. 후보끼리 합산하지 않음.,0.12,0.12,389.51,0.11,0.11,348.99
CG_00529,126.6689283000004,37.52987889999976,67.86,60.8,다사2648,0.0011253465692763883,서구,840.222,193,659.3,17230.7,2.0,98.0,0.0,medium,['인천가원초등학교'],1,84.96,840.222,193,source_allocation_v2_20260911,False,none,,0.0,straight_500m,estimated,84.96,1097.71,직선 500m 거주 아동 시나리오,2024년 6~11세 배분 추정에 인천 전체 연령인구 성장률 적용. 보행권·실제 이용자·신규 수혜가 아님. 후보끼리 합산하지 않음.,67.86,67.86,876.71,60.8,60.8,785.49
CG_00459,126.6644283000004,37.532128899999755,75.81,67.92,다사2648,0.1908257120801769,서구,795.764,230,276.3,6069.7,2.0,98.0,0.0,medium,['인천가원초등학교'],1,94.92,795.764,230,source_allocation_v2_20260911,False,none,,0.0,straight_500m,estimated,94.92,1039.63,직선 500m 거주 아동 시나리오,2024년 6~11세 배분 추정에 인천 전체 연령인구 성장률 적용. 보행권·실제 이용자·신규 수혜가 아님. 후보끼리 합산하지 않음.,75.81,75.81,830.32,67.92,67.92,743.93
CG_00528,126.6689283000004,37.52762889999976,87.19,78.12,다사2647,0.05484120128367206,서구,1031.346,103,299.1,16000.0,2.0,98.0,0.0,medium,['인천가원초등학교'],1,109.17,1031.346,103,source_allocation_v2_20260911,False,none,,0.0,straight_500m,estimated,109.17,1347.4,직선 500m 거주 아동 시나리오,2024년 6~11세 배분 추정에 인천 전체 연령인구 성장률 적용. 보행권·실제 이용자·신규 수혜가 아님. 후보끼리 합산하지 않음.,87.19,87.19,1076.13,78.12,78.12,964.17
CG_00489,126.6666783000004,37.52762889999976,108.8,97.48,다사2647,0.03929071665239166,서구,1036.426,100,512.9,6857.8,2.0,98.0,0.0,medium,['인천가원초등학교'],1,136.22,1036.426,100,source_allocation_v2_20260911,False,none,,0.0,straight_500m,estimated,136.22,1354.04,직선 500m 거주 아동 시나리오,2024년 6~11세 배분 추정에 인천 전체 연령인구 성장률 적용. 보행권·실제 이용자·신규 수혜가 아님. 후보끼리 합산하지 않음.,108.8,108.8,1081.43,97.48,97.48,968.92
CG_00752,126.68017830000042,37.52987889999976,5.41,4.84,다사2748,0.4410525134971446,서구,197.88799999999998,1253,515.6,3590.4,2.0,65.0,0.0,medium,['인천봉수초등학교'],1,6.77,197.88799999999998,1253,source_allocation_v2_20260911,False,none,,0.0,straight_500m,estimated,6.77,258.53,직선 500m 거주 아동 시나리오,2024년 6~11세 배분 추정에 인천 전체 연령인구 성장률 적용. 보행권·실제 이용자·신규 수혜가 아님. 후보끼리 합산하지 않음.,5.41,5.41,206.48,4.84,4.84,185.0
CG_01177,126.71167830000047,37.60187889999965,141.08,126.4,다사3056,0.2358279618954155,부평구,1369.396,32,351.7,3622.2,2.0,190.0,0.0,medium,['인천이음초등학교'],1,176.64,1369.396,32,source_allocation_v2_20260911,False,none,,0.737734,straight_500m,estimated,176.64,1789.05,직선 500m 거주 아동 시나리오,2024년 6~11세 배분 추정에 인천 전체 연령인구 성장률 적용. 보행권·실제 이용자·신규 수혜가 아님. 후보끼리 합산하지 않음.,141.08,141.08,1428.86,126.4,126.4,1280.2
CG_00490,126.6666783000004,37.52987889999976,107.57,96.38,다사2648,0.25982184168489464,서구,976.502,128,519.4,6902.4,2.0,98.0,0.0,medium,['인천가원초등학교'],1,134.69,976.502,128,source_allocation_v2_20260911,False,none,,0.0,straight_500m,estimated,134.69,1275.75,직선 500m 거주 아동 시나리오,2024년 6~11세 배분 추정에 인천 전체 연령인구 성장률 적용. 보행권·실제 이용자·신규 수혜가 아님. 후보끼리 합산하지 않음.,107.57,107.57,1018.91,96.38,96.38,912.89
CG_00668,126.67567830000041,37.52987889999976,0.26,0.23,다사2748,0.36420037894684365,미추홀구,227.798,1195,208.6,2818.0,2.0,65.0,0.0,medium,['인천봉수초등학교'],1,0.32,227.798,1195,source_allocation_v2_20260911,False,none,,0.0,straight_500m,estimated,0.32,297.61,직선 500m 거주 아동 시나리오,2024년 6~11세 배분 추정에 인천 전체 연령인구 성장률 적용. 보행권·실제 이용자·신규 수혜가 아님. 후보끼리 합산하지 않음.,0.26,0.26,237.69,0.23,0.23,212.96
CG_00491,126.6666783000004,37.532128899999755,91.69,82.15,다사2648,0.28191886680916,서구,793.48,233,26.4,7209.0,2.0,98.0,0.0,medium,['인천가원초등학교'],1,114.8,793.48,233,source_allocation_v2_20260911,False,none,,0.0,straight_500m,estimated,114.8,1036.64,직선 500m 거주 아동 시나리오,2024년 6~11세 배분 추정에 인천 전체 연령인구 성장률 적용. 보행권·실제 이용자·신규 수혜가 아님. 후보끼리 합산하지 않음.,91.69,91.69,827.94,82.15,82.15,741.79
CG_00457,126.6644283000004,37.52762889999976,109.57,98.17,다사2647,0.008142681408640913,서구,1012.9220000000001,112,664.8,6372.9,2.0,98.0,0.0,medium,['인천가원초등학교'],1,137.19,1012.9220000000001,112,source_allocation_v2_20260911,False,none,,0.0,straight_500m,estimated,137.19,1323.33,직선 500m 거주 아동 시나리오,2024년 6~11세 배분 추정에 인천 전체 연령인구 성장률 적용. 보행권·실제 이용자·신규 수혜가 아님. 후보끼리 합산하지 않음.,109.57,109.57,1056.91,98.17,98.17,946.94
CG_00454,126.6644283000004,37.518628899999776,24.79,22.21,다사2646,0.06056072389506231,미추홀구,,,938.9,2332.0,3.0,212.0,0.0,medium,['인천신현북초등학교'],1,31.04,,,source_allocation_v2_20260911,False,none,,2.499076,straight_500m,missing_age_observations,31.04,,직선 500m 거주 아동 시나리오,2024년 6~11세 배분 추정에 인천 전체 연령인구 성장률 적용. 보행권·실제 이용자·신규 수혜가 아님. 후보끼리 합산하지 않음.,24.79,24.79,,22.21,22.21,
CG_00458,126.6644283000004,37.52987889999976,52.3,46.86,다사2648,0.21653130988021282,서구,973.16,130,528.8,6303.8,2.0,98.0,0.0,medium,['인천가원초등학교'],1,65.48,973.16,130,source_allocation_v2_20260911,False,none,,0.0,straight_500m,estimated,65.48,1271.38,직선 500m 거주 아동 시나리오,2024년 6~11세 배분 추정에 인천 전체 연령인구 성장률 적용. 보행권·실제 이용자·신규 수혜가 아님. 후보끼리 합산하지 않음.,52.3,52.3,1015.42,46.86,46.86,909.77
CG_00621,126.67342830000041,37.525378899999765,39.64,35.51,다사2647,0.03098439031403834,연수구,1092.424,83,245.1,585.2,2.0,65.0,0.0,medium,['인천봉수초등학교'],1,49.63,1092.424,83,source_allocation_v2_20260911,False,none,,0.0,straight_500m,estimated,49.63,1427.2,직선 500m 거주 아동 시나리오,2024년 6~11세 배분 추정에 인천 전체 연령인구 성장률 적용. 보행권·실제 이용자·신규 수혜가 아님. 후보끼리 합산하지 않음.,39.64,39.64,1139.86,35.51,35.51,1021.27
CG_00622,126.67342830000041,37.52762889999976,30.65,27.46,다사2647,0.0159829230517669,연수구,618.1959999999999,404,133.8,346.7,2.0,65.0,0.0,medium,['인천봉수초등학교'],1,38.37,618.1959999999999,404,source_allocation_v2_20260911,False,none,,0.0,straight_500m,estimated,38.37,807.64,직선 500m 거주 아동 시나리오,2024년 6~11세 배분 추정에 인천 전체 연령인구 성장률 적용. 보행권·실제 이용자·신규 수혜가 아님. 후보끼리 합산하지 않음.,30.65,30.65,645.04,27.46,27.46,577.93
CG_01576,126.74092830000052,37.460128899999866,38.26,34.28,다사3240,0.13671670593349394,계양구,313.696,1037,527.8,8453.1,4.0,287.3,0.0,low,['인천조동초등학교'],1,47.9,313.696,1037,source_allocation_v2_20260911,False,none,,6.516638,straight_500m,estimated,47.9,409.83,직선 500m 거주 아동 시나리오,2024년 6~11세 배분 추정에 인천 전체 연령인구 성장률 적용. 보행권·실제 이용자·신규 수혜가 아님. 후보끼리 합산하지 않음.,38.26,38.26,327.32,34.28,34.28,293.26
CG_01575,126.74092830000052,37.45787889999987,9.26,8.29,다사3240,0.05748462106371593,계양구,276.416,1097,0.0,8170.7,4.0,287.3,0.0,low,['인천조동초등학교'],1,11.59,276.416,1097,source_allocation_v2_20260911,False,none,,6.516638,straight_500m,estimated,11.59,361.12,직선 500m 거주 아동 시나리오,2024년 6~11세 배분 추정에 인천 전체 연령인구 성장률 적용. 보행권·실제 이용자·신규 수혜가 아님. 후보끼리 합산하지 않음.,9.26,9.26,288.42,8.29,8.29,258.41
CG_01596,126.74317830000052,37.460128899999866,2.24,2.0,다사3340,1.0,부평구,181.788,1280,674.7,4282.6,4.0,287.3,0.0,low,['인천조동초등학교'],1,2.8,181.788,1280,source_allocation_v2_20260911,False,none,,6.516638,straight_500m,estimated,2.8,237.5,직선 500m 거주 아동 시나리오,2024년 6~11세 배분 추정에 인천 전체 연령인구 성장률 적용. 보행권·실제 이용자·신규 수혜가 아님. 후보끼리 합산하지 않음.,2.24,2.24,189.68,2.0,2.0,169.95
CG_01577,126.74092830000052,37.46237889999986,38.54,34.53,다사3240,0.0,계양구,355.57000000000005,931,669.2,8480.7,4.0,287.3,0.0,low,['인천조동초등학교'],1,48.25,355.57000000000005,931,source_allocation_v2_20260911,True,unknown,500m 내 재개발 1건: unknown(499m),6.516638,straight_500m,estimated,48.25,464.53,직선 500m 거주 아동 시나리오,2024년 6~11세 배분 추정에 인천 전체 연령인구 성장률 적용. 보행권·실제 이용자·신규 수혜가 아님. 후보끼리 합산하지 않음.,38.54,38.54,371.01,34.53,34.53,332.41
CG_01036,126.70492830000046,37.473628899999845,28.25,25.31,다사2941,8.610699132175871e-05,남동구,452.31600000000003,725,881.6,1039.8,3.0,152.1,0.0,low,['인천동암초등학교'],1,35.37,452.31600000000003,725,source_allocation_v2_20260911,True,planned,"500m 내 재개발 3건: planned(435m), unknown(40m), unknown(424m)",2.984691,straight_500m,estimated,35.37,590.93,직선 500m 거주 아동 시나리오,2024년 6~11세 배분 추정에 인천 전체 연령인구 성장률 적용. 보행권·실제 이용자·신규 수혜가 아님. 후보끼리 합산하지 않음.,28.25,28.25,471.96,25.31,25.31,422.85
CG_01034,126.70492830000046,37.46912889999985,39.26,35.18,다사2941,0.0250070993310259,서구,453.018,720,283.0,15758.3,3.0,152.1,0.0,low,['인천동암초등학교'],1,49.16,453.018,720,source_allocation_v2_20260911,True,unknown,500m 내 재개발 1건: unknown(474m),2.984691,straight_500m,estimated,49.16,591.84,직선 500m 거주 아동 시나리오,2024년 6~11세 배분 추정에 인천 전체 연령인구 성장률 적용. 보행권·실제 이용자·신규 수혜가 아님. 후보끼리 합산하지 않음.,39.26,39.26,472.69,35.18,35.18,423.51
CG_01000,126.70267830000046,37.46912889999985,22.09,19.79,다사2941,0.0688261961586021,부평구,404.53200000000004,830,426.7,5553.9,3.0,152.1,0.0,low,['인천동암초등학교'],1,27.66,404.53200000000004,830,source_allocation_v2_20260911,False,none,,2.984691,straight_500m,estimated,27.66,528.5,직선 500m 거주 아동 시나리오,2024년 6~11세 배분 추정에 인천 전체 연령인구 성장률 적용. 보행권·실제 이용자·신규 수혜가 아님. 후보끼리 합산하지 않음.,22.09,22.09,422.1,19.79,19.79,378.18
CG_01037,126.70492830000046,37.47587889999984,73.06,65.46,다사2942,0.025878178537664102,남동구,516.3960000000001,574,236.5,819.2,3.0,152.1,0.0,low,['인천동암초등학교'],1,91.48,516.3960000000001,574,source_allocation_v2_20260911,True,planned,"500m 내 재개발 3건: planned(277m), unknown(278m), unknown(465m)",2.984691,straight_500m,estimated,91.48,674.65,직선 500m 거주 아동 시나리오,2024년 6~11세 배분 추정에 인천 전체 연령인구 성장률 적용. 보행권·실제 이용자·신규 수혜가 아님. 후보끼리 합산하지 않음.,73.06,73.06,538.82,65.46,65.46,482.76
CG_01035,126.70492830000046,37.47137889999985,26.32,23.59,다사2941,0.0,남동구,412.058,814,727.0,885.2,3.0,152.1,0.0,low,['인천동암초등학교'],1,32.96,412.058,814,source_allocation_v2_20260911,True,unknown,500m 내 재개발 1건: unknown(225m),2.984691,straight_500m,estimated,32.96,538.33,직선 500m 거주 아동 시나리오,2024년 6~11세 배분 추정에 인천 전체 연령인구 성장률 적용. 보행권·실제 이용자·신규 수혜가 아님. 후보끼리 합산하지 않음.,26.32,26.32,429.95,23.59,23.59,385.22
CG_01114,126.70942830000047,37.47587889999984,17.89,16.03,다사3042,1.0,남동구,225.452,1201,245.3,586.0,3.0,152.1,0.0,low,['인천동암초등학교'],1,22.4,225.452,1201,source_allocation_v2_20260911,False,none,,2.984691,straight_500m,estimated,22.4,294.54,직선 500m 거주 아동 시나리오,2024년 6~11세 배분 추정에 인천 전체 연령인구 성장률 적용. 보행권·실제 이용자·신규 수혜가 아님. 후보끼리 합산하지 않음.,17.89,17.89,235.24,16.03,16.03,210.77
CG_01111,126.70942830000047,37.46912889999985,43.56,39.03,다사3041,0.33224503909598657,남동구,483.242,657,508.7,535.5,3.0,152.1,0.0,low,['인천동암초등학교'],1,54.54,483.242,657,source_allocation_v2_20260911,True,unknown,500m 내 재개발 1건: unknown(493m),2.984691,straight_500m,estimated,54.54,631.33,직선 500m 거주 아동 시나리오,2024년 6~11세 배분 추정에 인천 전체 연령인구 성장률 적용. 보행권·실제 이용자·신규 수혜가 아님. 후보끼리 합산하지 않음.,43.56,43.56,504.23,39.03,39.03,451.76
CG_01112,126.70942830000047,37.47137889999985,7.32,6.56,다사3041,0.2727912225581195,남동구,336.2,973,341.7,704.7,3.0,152.1,0.0,low,['인천동암초등학교'],1,9.17,336.2,973,source_allocation_v2_20260911,True,unknown,500m 내 재개발 1건: unknown(483m),2.984691,straight_500m,estimated,9.17,439.23,직선 500m 거주 아동 시나리오,2024년 6~11세 배분 추정에 인천 전체 연령인구 성장률 적용. 보행권·실제 이용자·신규 수혜가 아님. 후보끼리 합산하지 않음.,7.32,7.32,350.8,6.56,6.56,314.3
CG_01113,126.70942830000047,37.473628899999845,24.41,21.87,다사3041,0.26373063061811336,남동구,205.986,1241,130.1,759.5,3.0,152.1,0.0,low,['인천동암초등학교'],1,30.56,205.986,1241,source_allocation_v2_20260911,True,unknown,500m 내 재개발 1건: unknown(429m),2.984691,straight_500m,estimated,30.56,269.11,직선 500m 거주 아동 시나리오,2024년 6~11세 배분 추정에 인천 전체 연령인구 성장률 적용. 보행권·실제 이용자·신규 수혜가 아님. 후보끼리 합산하지 않음.,24.41,24.41,214.93,21.87,21.87,192.57
CG_01069,126.70717830000046,37.473628899999845,20.17,18.07,다사2941,0.11372178905151721,서구,359.594,923,0.0,15359.4,3.0,152.1,0.0,low,['인천동암초등학교'],1,25.25,359.594,923,source_allocation_v2_20260911,True,unknown,500m 내 재개발 1건: unknown(230m),2.984691,straight_500m,estimated,25.25,469.79,직선 500m 거주 아동 시나리오,2024년 6~11세 배분 추정에 인천 전체 연령인구 성장률 적용. 보행권·실제 이용자·신규 수혜가 아님. 후보끼리 합산하지 않음.,20.17,20.17,375.21,18.07,18.07,336.17
CG_01070,126.70717830000046,37.47587889999984,3.85,3.45,다사2942,0.13653101108915386,서구,346.648,949,95.1,15264.3,3.0,152.1,0.0,low,['인천동암초등학교'],1,4.82,346.648,949,source_allocation_v2_20260911,True,planned,"500m 내 재개발 2건: planned(467m), unknown(358m)",2.984691,straight_500m,estimated,4.82,452.88,직선 500m 거주 아동 시나리오,2024년 6~11세 배분 추정에 인천 전체 연령인구 성장률 적용. 보행권·실제 이용자·신규 수혜가 아님. 후보끼리 합산하지 않음.,3.85,3.85,361.7,3.45,3.45,324.07
CG_01067,126.70717830000046,37.46912889999985,48.05,43.05,다사2941,0.053158955039826865,계양구,489.418,642,481.7,8042.9,3.0,152.1,0.0,low,['인천동암초등학교'],1,60.16,489.418,642,source_allocation_v2_20260911,False,none,,2.984691,straight_500m,estimated,60.16,639.4,직선 500m 거주 아동 시나리오,2024년 6~11세 배분 추정에 인천 전체 연령인구 성장률 적용. 보행권·실제 이용자·신규 수혜가 아님. 후보끼리 합산하지 않음.,48.05,48.05,510.67,43.05,43.05,457.54
CG_01302,126.72067830000049,37.538878899999744,18.61,16.67,다사3149,0.1278670578885397,부평구,258.042,1138,563.1,4473.4,2.0,206.2,0.0,medium,"[""['인천해서초등학교' '인천부평초등학교']""]",2,23.3,258.042,1138,source_allocation_v2_20260911,True,completed,500m 내 재개발 1건: completed(304m),0.519747,straight_500m,estimated,23.3,337.12,직선 500m 거주 아동 시나리오,2024년 6~11세 배분 추정에 인천 전체 연령인구 성장률 적용. 보행권·실제 이용자·신규 수혜가 아님. 후보끼리 합산하지 않음.,18.61,18.61,269.25,16.67,16.67,241.23
CG_01305,126.72067830000049,37.545628899999734,33.79,30.28,다사3149,0.03208526048934094,부평구,227.61599999999999,1196,231.0,5291.8,2.0,294.1,0.0,medium,"[""['인천계산초등학교' '인천부평초등학교']""]",2,42.31,227.61599999999999,1196,source_allocation_v2_20260911,True,completed,"500m 내 재개발 3건: unknown(429m), completed(157m), unknown(196m)",0.893182,straight_500m,estimated,42.31,297.37,직선 500m 거주 아동 시나리오,2024년 6~11세 배분 추정에 인천 전체 연령인구 성장률 적용. 보행권·실제 이용자·신규 수혜가 아님. 후보끼리 합산하지 않음.,33.79,33.79,237.5,30.28,30.28,212.79
CG_01333,126.72292830000049,37.545628899999734,30.59,27.41,다사3149,0.09378072360694427,부평구,276.658,1096,526.2,3313.7,2.0,294.1,0.0,medium,"[""['인천계산초등학교' '인천부평초등학교']""]",2,38.3,276.658,1096,source_allocation_v2_20260911,True,completed,"500m 내 재개발 4건: unknown(231m), completed(336m), unknown(181m)",0.893182,straight_500m,estimated,38.3,361.44,직선 500m 거주 아동 시나리오,2024년 6~11세 배분 추정에 인천 전체 연령인구 성장률 적용. 보행권·실제 이용자·신규 수혜가 아님. 후보끼리 합산하지 않음.,30.59,30.59,288.67,27.41,27.41,258.64
CG_01332,126.72292830000049,37.54337889999974,23.22,20.8,다사3149,0.08799056292291668,부평구,359.134,924,323.0,3057.4,2.0,294.1,0.0,medium,"[""['인천계산초등학교' '인천부평초등학교']""]",2,29.07,359.134,924,source_allocation_v2_20260911,True,completed,"500m 내 재개발 5건: unknown(372m), unknown(324m), completed(355m)",0.893182,straight_500m,estimated,29.07,469.19,직선 500m 거주 아동 시나리오,2024년 6~11세 배분 추정에 인천 전체 연령인구 성장률 적용. 보행권·실제 이용자·신규 수혜가 아님. 후보끼리 합산하지 않음.,23.22,23.22,374.73,20.8,20.8,335.74
CG_00278,126.64642830000037,37.47137889999985,0.32,0.29,다사2441,0.04585370172092277,연수구,237.84199999999998,1172,1103.3,3700.1,1.0,728.0,0.0,high,['인천서림초등학교'],1,0.4,237.84199999999998,1172,source_allocation_v2_20260911,True,planned,"500m 내 재개발 4건: planned(131m), planned(372m), planned(298m)",0.0,straight_500m,estimated,0.4,310.73,직선 500m 거주 아동 시나리오,2024년 6~11세 배분 추정에 인천 전체 연령인구 성장률 적용. 보행권·실제 이용자·신규 수혜가 아님. 후보끼리 합산하지 않음.,0.32,0.32,248.17,0.29,0.29,222.35
CG_00294,126.64867830000037,37.47587889999984,29.1,26.08,다사2442,0.0,연수구,367.64599999999996,902,925.1,3531.2,1.0,728.0,0.0,high,['인천서림초등학교'],1,36.44,367.64599999999996,902,source_allocation_v2_20260911,True,planned,"500m 내 재개발 5건: planned(172m), unknown(269m), planned(301m)",0.0,straight_500m,estimated,36.44,480.31,직선 500m 거주 아동 시나리오,2024년 6~11세 배분 추정에 인천 전체 연령인구 성장률 적용. 보행권·실제 이용자·신규 수혜가 아님. 후보끼리 합산하지 않음.,29.1,29.1,383.61,26.08,26.08,343.7
CG_01394,126.7274283000005,37.52762889999976,75.76,67.88,다사3147,0.0819404506799493,계양구,644.76,372,462.5,9812.9,2.0,400.0,0.0,medium,['인천화전초등학교'],1,94.86,644.76,372,source_allocation_v2_20260911,True,planned,"500m 내 재개발 3건: planned(209m), unknown(249m), unknown(283m)",0.064573,straight_500m,estimated,94.86,842.35,직선 500m 거주 아동 시나리오,2024년 6~11세 배분 추정에 인천 전체 연령인구 성장률 적용. 보행권·실제 이용자·신규 수혜가 아님. 후보끼리 합산하지 않음.,75.76,75.76,672.76,67.88,67.88,602.76
CG_01434,126.7296783000005,37.52987889999976,33.78,30.26,다사3148,0.14913885303577662,계양구,675.388,332,364.3,8941.9,2.0,400.0,0.0,medium,['인천화전초등학교'],1,42.29,675.388,332,source_allocation_v2_20260911,True,planned,"500m 내 재개발 4건: planned(360m), unknown(469m), unknown(283m)",0.064573,straight_500m,estimated,42.29,882.36,직선 500m 거주 아동 시나리오,2024년 6~11세 배분 추정에 인천 전체 연령인구 성장률 적용. 보행권·실제 이용자·신규 수혜가 아님. 후보끼리 합산하지 않음.,33.78,33.78,704.72,30.26,30.26,631.39
CG_01432,126.7296783000005,37.525378899999765,62.06,55.61,다사3147,0.07826873312088818,계양구,630.04,388,265.7,8304.6,2.0,400.0,0.0,medium,['인천화전초등학교'],1,77.71,630.04,388,source_allocation_v2_20260911,True,planned,"500m 내 재개발 3건: planned(442m), unknown(493m), unknown(217m)",0.064573,straight_500m,estimated,77.71,823.12,직선 500m 거주 아동 시나리오,2024년 6~11세 배분 추정에 인천 전체 연령인구 성장률 적용. 보행권·실제 이용자·신규 수혜가 아님. 후보끼리 합산하지 않음.,62.06,62.06,657.4,55.61,55.61,589.0
CG_01470,126.7319283000005,37.525378899999765,41.18,36.9,다사3247,0.02237049364015489,계양구,657.25,351,461.2,8465.9,2.0,400.0,0.0,medium,['인천화전초등학교'],1,51.56,657.25,351,source_allocation_v2_20260911,True,unknown,"500m 내 재개발 3건: unknown(345m), unknown(406m), unknown(234m)",0.064573,straight_500m,estimated,51.56,858.66,직선 500m 거주 아동 시나리오,2024년 6~11세 배분 추정에 인천 전체 연령인구 성장률 적용. 보행권·실제 이용자·신규 수혜가 아님. 후보끼리 합산하지 않음.,41.18,41.18,685.79,36.9,36.9,614.44
CG_01473,126.7319283000005,37.532128899999755,52.32,46.88,다사3248,0.06956985202010921,계양구,497.92999999999995,624,540.0,9130.2,2.0,400.0,0.0,medium,['인천화전초등학교'],1,65.51,497.92999999999995,624,source_allocation_v2_20260911,False,none,,0.064573,straight_500m,estimated,65.51,650.52,직선 500m 거주 아동 시나리오,2024년 6~11세 배분 추정에 인천 전체 연령인구 성장률 적용. 보행권·실제 이용자·신규 수혜가 아님. 후보끼리 합산하지 않음.,52.32,52.32,519.55,46.88,46.88,465.5
CG_01395,126.7274283000005,37.52987889999976,28.78,25.79,다사3148,0.0686724498134836,계양구,626.31,393,172.0,9982.8,2.0,400.0,0.0,medium,['인천화전초등학교'],1,36.04,626.31,393,source_allocation_v2_20260911,True,planned,"500m 내 재개발 4건: planned(178m), unknown(85m), unknown(492m)",0.064573,straight_500m,estimated,36.04,818.24,직선 500m 거주 아동 시나리오,2024년 6~11세 배분 추정에 인천 전체 연령인구 성장률 적용. 보행권·실제 이용자·신규 수혜가 아님. 후보끼리 합산하지 않음.,28.78,28.78,653.51,25.79,25.79,585.51
CG_01433,126.7296783000005,37.52762889999976,45.52,40.78,다사3147,0.07011105994593636,계양구,706.47,304,248.0,8789.1,2.0,400.0,0.0,medium,['인천화전초등학교'],1,56.99,706.47,304,source_allocation_v2_20260911,True,planned,"500m 내 재개발 4건: planned(376m), unknown(411m), unknown(368m)",0.064573,straight_500m,estimated,56.99,922.97,직선 500m 거주 아동 시나리오,2024년 6~11세 배분 추정에 인천 전체 연령인구 성장률 적용. 보행권·실제 이용자·신규 수혜가 아님. 후보끼리 합산하지 않음.,45.52,45.52,737.15,40.78,40.78,660.45
CG_00647,126.67567830000041,37.44887889999988,30.02,26.9,다사2739,0.06556506922842978,서구,579.962,451,632.3,6456.0,2.0,305.0,0.0,medium,['인천남부초등학교'],1,37.59,579.962,451,source_allocation_v2_20260911,True,planned,500m 내 재개발 1건: planned(301m),0.30754,straight_500m,estimated,37.59,757.69,직선 500m 거주 아동 시나리오,2024년 6~11세 배분 추정에 인천 전체 연령인구 성장률 적용. 보행권·실제 이용자·신규 수혜가 아님. 후보끼리 합산하지 않음.,30.02,30.02,605.15,26.9,26.9,542.18
CG_00687,126.67792830000042,37.44662889999989,18.9,16.94,다사2738,0.03484248411356703,서구,545.962,507,751.6,5253.6,2.0,305.0,0.0,medium,['인천남부초등학교'],1,23.67,545.962,507,source_allocation_v2_20260911,True,planned,"500m 내 재개발 2건: planned(411m), unknown(473m)",0.30754,straight_500m,estimated,23.67,713.27,직선 500m 거주 아동 시나리오,2024년 6~11세 배분 추정에 인천 전체 연령인구 성장률 적용. 보행권·실제 이용자·신규 수혜가 아님. 후보끼리 합산하지 않음.,18.9,18.9,569.67,16.94,16.94,510.4
CG_00646,126.67567830000041,37.44662889999989,43.75,39.2,다사2738,0.07355986951358524,서구,544.39,512,454.3,6278.0,2.0,305.0,0.0,medium,['인천남부초등학교'],1,54.78,544.39,512,source_allocation_v2_20260911,True,planned,500m 내 재개발 1건: planned(481m),0.30754,straight_500m,estimated,54.78,711.22,직선 500m 거주 아동 시나리오,2024년 6~11세 배분 추정에 인천 전체 연령인구 성장률 적용. 보행권·실제 이용자·신규 수혜가 아님. 후보끼리 합산하지 않음.,43.75,43.75,568.03,39.2,39.2,508.93
CG_00603,126.67342830000041,37.44662889999989,61.05,54.7,다사2638,0.11668257365155077,서구,511.76,586,198.1,11541.6,2.0,305.0,0.0,medium,['인천남부초등학교'],1,76.44,511.76,586,source_allocation_v2_20260911,False,none,,0.30754,straight_500m,estimated,76.44,668.59,직선 500m 거주 아동 시나리오,2024년 6~11세 배분 추정에 인천 전체 연령인구 성장률 적용. 보행권·실제 이용자·신규 수혜가 아님. 후보끼리 합산하지 않음.,61.05,61.05,533.98,54.7,54.7,478.43
CG_00553,126.6711783000004,37.44887889999988,31.23,27.98,다사2639,0.07188844132602956,서구,478.03,666,630.0,5195.5,2.0,305.0,0.0,medium,['인천남부초등학교'],1,39.1,478.03,666,source_allocation_v2_20260911,True,unknown,"500m 내 재개발 2건: unknown(195m), unknown(451m)",0.30754,straight_500m,estimated,39.1,624.52,직선 500m 거주 아동 시나리오,2024년 6~11세 배분 추정에 인천 전체 연령인구 성장률 적용. 보행권·실제 이용자·신규 수혜가 아님. 후보끼리 합산하지 않음.,31.23,31.23,498.79,27.98,27.98,446.89
CG_00604,126.67342830000041,37.44887889999988,18.59,16.65,다사2639,0.12506379383280009,서구,553.524,495,238.0,11820.2,2.0,305.0,0.0,medium,['인천남부초등학교'],1,23.27,553.524,495,source_allocation_v2_20260911,True,planned,"500m 내 재개발 2건: planned(481m), unknown(341m)",0.30754,straight_500m,estimated,23.27,723.15,직선 500m 거주 아동 시나리오,2024년 6~11세 배분 추정에 인천 전체 연령인구 성장률 적용. 보행권·실제 이용자·신규 수혜가 아님. 후보끼리 합산하지 않음.,18.59,18.59,577.56,16.65,16.65,517.47
CG_00689,126.67792830000042,37.45112889999988,41.24,36.95,다사2739,0.0749655546600511,서구,521.006,562,1381.9,5883.9,2.0,305.0,0.0,medium,['인천남부초등학교'],1,51.64,521.006,562,source_allocation_v2_20260911,True,planned,"500m 내 재개발 2건: planned(108m), unknown(457m)",0.30754,straight_500m,estimated,51.64,680.67,직선 500m 거주 아동 시나리오,2024년 6~11세 배분 추정에 인천 전체 연령인구 성장률 적용. 보행권·실제 이용자·신규 수혜가 아님. 후보끼리 합산하지 않음.,41.24,41.24,543.63,36.95,36.95,487.07
CG_00688,126.67792830000042,37.44887889999988,28.11,25.18,다사2739,0.12249578292179052,서구,548.93,505,1065.0,5567.0,2.0,305.0,0.0,medium,['인천남부초등학교'],1,35.19,548.93,505,source_allocation_v2_20260911,True,planned,"500m 내 재개발 2건: planned(167m), unknown(392m)",0.30754,straight_500m,estimated,35.19,717.15,직선 500m 거주 아동 시나리오,2024년 6~11세 배분 추정에 인천 전체 연령인구 성장률 적용. 보행권·실제 이용자·신규 수혜가 아님. 후보끼리 합산하지 않음.,28.11,28.11,572.77,25.18,25.18,513.17
CG_01602,126.74317830000052,37.54337889999974,32.27,28.91,다사3349,0.10739728567307022,계양구,542.924,514,94.5,8265.2,2.0,180.35,0.0,medium,"[""['인천병방초등학교' '인천길주초등학교']""]",2,40.4,542.924,514,source_allocation_v2_20260911,False,none,,1.593482,straight_500m,estimated,40.4,709.3,직선 500m 거주 아동 시나리오,2024년 6~11세 배분 추정에 인천 전체 연령인구 성장률 적용. 보행권·실제 이용자·신규 수혜가 아님. 후보끼리 합산하지 않음.,32.27,32.27,566.5,28.91,28.91,507.56
CG_01603,126.74317830000052,37.545628899999734,99.98,89.58,다사3349,0.2527932561794664,계양구,504.64799999999997,605,566.9,10869.3,2.0,180.35,0.0,medium,"[""['인천병방초등학교' '인천길주초등학교']""]",2,125.18,504.64799999999997,605,source_allocation_v2_20260911,False,none,,1.593482,straight_500m,estimated,125.18,659.3,직선 500m 거주 아동 시나리오,2024년 6~11세 배분 추정에 인천 전체 연령인구 성장률 적용. 보행권·실제 이용자·신규 수혜가 아님. 후보끼리 합산하지 않음.,99.98,99.98,526.56,89.58,89.58,471.78
CG_01585,126.74092830000052,37.54337889999974,49.05,43.95,다사3249,0.07140628442456308,계양구,621.654,400,441.5,10637.9,2.0,180.35,0.0,medium,"[""['인천병방초등학교' '인천길주초등학교']""]",2,61.42,621.654,400,source_allocation_v2_20260911,False,none,,1.593482,straight_500m,estimated,61.42,812.16,직선 500m 거주 아동 시나리오,2024년 6~11세 배분 추정에 인천 전체 연령인구 성장률 적용. 보행권·실제 이용자·신규 수혜가 아님. 후보끼리 합산하지 않음.,49.05,49.05,648.65,43.95,43.95,581.16
CG_01565,126.73867830000052,37.54337889999974,48.81,43.73,다사3249,0.07453850854845016,계양구,625.076,394,186.8,10967.7,2.0,180.35,0.0,medium,"[""['인천병방초등학교' '인천길주초등학교']""]",2,61.11,625.076,394,source_allocation_v2_20260911,False,none,,1.593482,straight_500m,estimated,61.11,816.63,직선 500m 거주 아동 시나리오,2024년 6~11세 배분 추정에 인천 전체 연령인구 성장률 적용. 보행권·실제 이용자·신규 수혜가 아님. 후보끼리 합산하지 않음.,48.81,48.81,652.22,43.73,43.73,584.36
CG_00942,126.69817830000045,37.47587889999984,118.06,105.78,다사2942,0.0948334280398465,부평구,729.0699999999999,284,170.8,5803.7,3.0,304.9,0.0,low,['인천십정초등학교'],1,147.82,729.0699999999999,284,source_allocation_v2_20260911,True,planned,"500m 내 재개발 3건: planned(355m), unknown(456m), unknown(265m)",1.52581,straight_500m,estimated,147.82,952.49,직선 500m 거주 아동 시나리오,2024년 6~11세 배분 추정에 인천 전체 연령인구 성장률 적용. 보행권·실제 이용자·신규 수혜가 아님. 후보끼리 합산하지 않음.,118.06,118.06,760.73,105.78,105.78,681.58
CG_00973,126.70042830000045,37.473628899999845,27.86,24.96,다사2941,0.08482707542311299,서구,666.0,344,250.6,15593.7,3.0,304.9,0.0,low,['인천십정초등학교'],1,34.88,666.0,344,source_allocation_v2_20260911,True,planned,"500m 내 재개발 4건: planned(378m), unknown(369m), unknown(456m)",1.52581,straight_500m,estimated,34.88,870.1,직선 500m 거주 아동 시나리오,2024년 6~11세 배분 추정에 인천 전체 연령인구 성장률 적용. 보행권·실제 이용자·신규 수혜가 아님. 후보끼리 합산하지 않음.,27.86,27.86,694.92,24.96,24.96,622.62
CG_00909,126.69592830000045,37.47587889999984,64.08,57.41,다사2842,0.22011955421589205,부평구,612.034,415,125.2,718.1,3.0,304.9,0.0,low,['인천십정초등학교'],1,80.23,612.034,415,source_allocation_v2_20260911,True,unknown,"500m 내 재개발 2건: unknown(392m), unknown(425m)",1.52581,straight_500m,estimated,80.23,799.59,직선 500m 거주 아동 시나리오,2024년 6~11세 배분 추정에 인천 전체 연령인구 성장률 적용. 보행권·실제 이용자·신규 수혜가 아님. 후보끼리 합산하지 않음.,64.08,64.08,638.61,57.41,57.41,572.17
CG_00974,126.70042830000045,37.47587889999984,74.38,66.64,다사2942,0.06892997644114036,서구,846.944,191,96.7,16975.0,3.0,304.9,0.0,low,['인천십정초등학교'],1,93.13,846.944,191,source_allocation_v2_20260911,True,planned,"500m 내 재개발 3건: planned(174m), unknown(460m), unknown(199m)",1.52581,straight_500m,estimated,93.13,1106.49,직선 500m 거주 아동 시나리오,2024년 6~11세 배분 추정에 인천 전체 연령인구 성장률 적용. 보행권·실제 이용자·신규 수혜가 아님. 후보끼리 합산하지 않음.,74.38,74.38,883.72,66.64,66.64,791.78
CG_01003,126.70267830000046,37.47587889999984,41.43,37.12,다사2942,0.15273075602322134,서구,708.922,303,294.2,15728.1,3.0,304.9,0.0,low,['인천십정초등학교'],1,51.87,708.922,303,source_allocation_v2_20260911,True,planned,"500m 내 재개발 3건: planned(117m), unknown(324m), unknown(297m)",1.52581,straight_500m,estimated,51.87,926.17,직선 500m 거주 아동 시나리오,2024년 6~11세 배분 추정에 인천 전체 연령인구 성장률 적용. 보행권·실제 이용자·신규 수혜가 아님. 후보끼리 합산하지 않음.,41.43,41.43,739.71,37.12,37.12,662.74
CG_00886,126.69367830000044,37.473628899999845,39.7,35.57,다사2841,0.000394164703789127,부평구,393.442,853,417.3,6195.2,3.0,304.9,0.0,low,['인천십정초등학교'],1,49.71,393.442,853,source_allocation_v2_20260911,True,unknown,500m 내 재개발 1건: unknown(215m),1.52581,straight_500m,estimated,49.71,514.01,직선 500m 거주 아동 시나리오,2024년 6~11세 배분 추정에 인천 전체 연령인구 성장률 적용. 보행권·실제 이용자·신규 수혜가 아님. 후보끼리 합산하지 않음.,39.7,39.7,410.53,35.57,35.57,367.81
CG_00972,126.70042830000045,37.47137889999985,16.28,14.58,다사2941,0.0,서구,444.086,741,255.8,15350.1,3.0,304.9,0.0,low,['인천십정초등학교'],1,20.38,444.086,741,source_allocation_v2_20260911,True,planned,"500m 내 재개발 4건: planned(472m), unknown(431m), unknown(448m)",1.52581,straight_500m,estimated,20.38,580.17,직선 500m 거주 아동 시나리오,2024년 6~11세 배분 추정에 인천 전체 연령인구 성장률 적용. 보행권·실제 이용자·신규 수혜가 아님. 후보끼리 합산하지 않음.,16.28,16.28,463.37,14.58,14.58,415.16
CG_00941,126.69817830000045,37.473628899999845,35.15,31.49,다사2941,0.0742534753929438,부평구,697.174,313,243.2,5762.7,3.0,304.9,0.0,low,['인천십정초등학교'],1,44.01,697.174,313,source_allocation_v2_20260911,True,planned,"500m 내 재개발 3건: planned(489m), unknown(274m), unknown(184m)",1.52581,straight_500m,estimated,44.01,910.82,직선 500m 거주 아동 시나리오,2024년 6~11세 배분 추정에 인천 전체 연령인구 성장률 적용. 보행권·실제 이용자·신규 수혜가 아님. 후보끼리 합산하지 않음.,35.15,35.15,727.45,31.49,31.49,651.76
CG_00908,126.69592830000045,37.473628899999845,33.77,30.25,다사2841,0.22780951659333024,남동구,601.106,426,169.7,423.2,3.0,304.9,0.0,low,['인천십정초등학교'],1,42.28,601.106,426,source_allocation_v2_20260911,True,unknown,"500m 내 재개발 2건: unknown(145m), unknown(379m)",1.52581,straight_500m,estimated,42.28,785.31,직선 500m 거주 아동 시나리오,2024년 6~11세 배분 추정에 인천 전체 연령인구 성장률 적용. 보행권·실제 이용자·신규 수혜가 아님. 후보끼리 합산하지 않음.,33.77,33.77,627.21,30.25,30.25,561.95
CG_00887,126.69367830000044,37.47587889999984,15.89,14.23,다사2842,0.005569053656231798,부평구,448.14599999999996,734,671.7,6450.2,3.0,304.9,0.0,low,['인천십정초등학교'],1,19.89,448.14599999999996,734,source_allocation_v2_20260911,True,unknown,500m 내 재개발 1건: unknown(423m),1.52581,straight_500m,estimated,19.89,585.48,직선 500m 거주 아동 시나리오,2024년 6~11세 배분 추정에 인천 전체 연령인구 성장률 적용. 보행권·실제 이용자·신규 수혜가 아님. 후보끼리 합산하지 않음.,15.89,15.89,467.61,14.23,14.23,418.95
CG_01418,126.7296783000005,37.487128899999824,24.25,21.72,다사3143,0.0708007434886143,부평구,818.278,208,229.9,3755.4,3.0,299.0,0.0,low,['인천동수초등학교'],1,30.36,818.278,208,source_allocation_v2_20260911,True,unknown,"500m 내 재개발 3건: unknown(224m), unknown(152m), unknown(291m)",3.256944,straight_500m,estimated,30.36,1069.04,직선 500m 거주 아동 시나리오,2024년 6~11세 배분 추정에 인천 전체 연령인구 성장률 적용. 보행권·실제 이용자·신규 수혜가 아님. 후보끼리 합산하지 않음.,24.25,24.25,853.81,21.72,21.72,764.98
CG_01416,126.7296783000005,37.48262889999983,44.2,39.6,다사3142,0.5723781508749609,부평구,309.45,1050,617.2,3437.1,3.0,299.0,0.0,low,['인천동수초등학교'],1,55.34,309.45,1050,source_allocation_v2_20260911,True,unknown,500m 내 재개발 1건: unknown(444m),3.256944,straight_500m,estimated,55.34,404.28,직선 500m 거주 아동 시나리오,2024년 6~11세 배분 추정에 인천 전체 연령인구 성장률 적용. 보행권·실제 이용자·신규 수혜가 아님. 후보끼리 합산하지 않음.,44.2,44.2,322.89,39.6,39.6,289.29
CG_01417,126.7296783000005,37.48487889999983,24.62,22.05,다사3143,0.12198105521501669,부평구,514.162,582,154.7,4253.3,3.0,299.0,0.0,low,['인천동수초등학교'],1,30.82,514.162,582,source_allocation_v2_20260911,True,unknown,"500m 내 재개발 3건: unknown(452m), unknown(219m), unknown(482m)",3.256944,straight_500m,estimated,30.82,671.73,직선 500m 거주 아동 시나리오,2024년 6~11세 배분 추정에 인천 전체 연령인구 성장률 적용. 보행권·실제 이용자·신규 수혜가 아님. 후보끼리 합산하지 않음.,24.62,24.62,536.49,22.05,22.05,480.67
CG_01415,126.7296783000005,37.480378899999835,3.67,3.28,다사3142,0.42762184912503903,부평구,148.14800000000002,1325,719.0,3155.0,3.0,299.0,0.0,low,['인천동수초등학교'],1,4.59,148.14800000000002,1325,source_allocation_v2_20260911,False,none,,3.256944,straight_500m,estimated,4.59,193.55,직선 500m 거주 아동 시나리오,2024년 6~11세 배분 추정에 인천 전체 연령인구 성장률 적용. 보행권·실제 이용자·신규 수혜가 아님. 후보끼리 합산하지 않음.,3.67,3.67,154.58,3.28,3.28,138.5
CG_01457,126.7319283000005,37.487128899999824,41.16,36.88,다사3243,0.04445279244061467,부평구,835.288,194,408.2,3646.1,3.0,299.0,0.0,low,['인천동수초등학교'],1,51.54,835.288,194,source_allocation_v2_20260911,True,unknown,"500m 내 재개발 3건: unknown(199m), unknown(101m), unknown(175m)",3.256944,straight_500m,estimated,51.54,1091.26,직선 500m 거주 아동 시나리오,2024년 6~11세 배분 추정에 인천 전체 연령인구 성장률 적용. 보행권·실제 이용자·신규 수혜가 아님. 후보끼리 합산하지 않음.,41.16,41.16,871.56,36.88,36.88,780.88
CG_01382,126.7274283000005,37.487128899999824,75.95,68.04,다사3143,0.061351300555674164,부평구,665.56,345,207.3,5923.2,3.0,299.0,0.0,low,['인천동수초등학교'],1,95.09,665.56,345,source_allocation_v2_20260911,True,unknown,"500m 내 재개발 3건: unknown(374m), unknown(340m), unknown(466m)",3.256944,straight_500m,estimated,95.09,869.52,직선 500m 거주 아동 시나리오,2024년 6~11세 배분 추정에 인천 전체 연령인구 성장률 적용. 보행권·실제 이용자·신규 수혜가 아님. 후보끼리 합산하지 않음.,75.95,75.95,694.46,68.04,68.04,622.21
CG_01381,126.7274283000005,37.48487889999983,48.92,43.83,다사3143,0.055573032490334004,부평구,496.778,628,346.0,5050.6,3.0,299.0,0.0,low,['인천동수초등학교'],1,61.25,496.778,628,source_allocation_v2_20260911,True,unknown,"500m 내 재개발 2건: unknown(435m), unknown(374m)",3.256944,straight_500m,estimated,61.25,649.02,직선 500m 거주 아동 시나리오,2024년 6~11세 배분 추정에 인천 전체 연령인구 성장률 적용. 보행권·실제 이용자·신규 수혜가 아님. 후보끼리 합산하지 않음.,48.92,48.92,518.35,43.83,43.83,464.42
CG_01455,126.7319283000005,37.48262889999983,37.69,33.77,다사3242,0.22928479134091495,부평구,332.46,985,429.2,3293.4,3.0,299.0,0.0,low,['인천동수초등학교'],1,47.19,332.46,985,source_allocation_v2_20260911,True,unknown,500m 내 재개발 1건: unknown(429m),3.256944,straight_500m,estimated,47.19,434.34,직선 500m 거주 아동 시나리오,2024년 6~11세 배분 추정에 인천 전체 연령인구 성장률 적용. 보행권·실제 이용자·신규 수혜가 아님. 후보끼리 합산하지 않음.,37.69,37.69,346.9,33.77,33.77,310.8
CG_01614,126.74542830000053,37.48262889999983,58.96,52.82,다사3342,0.3027437163787657,부평구,335.578,976,85.4,7512.2,2.0,347.7,0.0,medium,"[""['인천일신초등학교' '인천금마초등학교']""]",2,73.82,335.578,976,source_allocation_v2_20260911,True,unknown,500m 내 재개발 1건: unknown(462m),0.481917,straight_500m,estimated,73.82,438.41,직선 500m 거주 아동 시나리오,2024년 6~11세 배분 추정에 인천 전체 연령인구 성장률 적용. 보행권·실제 이용자·신규 수혜가 아님. 후보끼리 합산하지 않음.,58.96,58.96,350.15,52.82,52.82,313.72
CG_01635,126.74767830000053,37.48262889999983,3.37,3.02,다사3342,0.0,,242.93200000000002,1165,,,2.0,347.7,0.0,medium,"[""['인천일신초등학교' '인천금마초등학교']""]",2,4.22,242.93200000000002,1165,source_allocation_v2_20260911,False,none,,0.481917,straight_500m,estimated,4.22,317.38,직선 500m 거주 아동 시나리오,2024년 6~11세 배분 추정에 인천 전체 연령인구 성장률 적용. 보행권·실제 이용자·신규 수혜가 아님. 후보끼리 합산하지 않음.,3.37,3.37,253.48,3.02,3.02,227.11
CG_00552,126.6711783000004,37.44437889999989,6.21,5.56,다사2638,0.07427283100132295,서구,490.924,635,916.8,4907.7,3.0,222.5,0.0,low,['인천인주초등학교'],1,7.77,490.924,635,source_allocation_v2_20260911,True,completed,"500m 내 재개발 3건: unknown(365m), unknown(464m), completed(232m)",2.397934,straight_500m,estimated,7.77,641.37,직선 500m 거주 아동 시나리오,2024년 6~11세 배분 추정에 인천 전체 연령인구 성장률 적용. 보행권·실제 이용자·신규 수혜가 아님. 후보끼리 합산하지 않음.,6.21,6.21,512.24,5.56,5.56,458.95
CG_00602,126.67342830000041,37.44437889999989,45.4,40.67,다사2638,0.13211003016628256,서구,562.8399999999999,473,174.9,11267.5,3.0,222.5,0.0,low,['인천인주초등학교'],1,56.84,562.8399999999999,473,source_allocation_v2_20260911,True,completed,500m 내 재개발 1건: completed(308m),2.397934,straight_500m,estimated,56.84,735.32,직선 500m 거주 아동 시나리오,2024년 6~11세 배분 추정에 인천 전체 연령인구 성장률 적용. 보행권·실제 이용자·신규 수혜가 아님. 후보끼리 합산하지 않음.,45.4,45.4,587.28,40.67,40.67,526.18
CG_00876,126.69367830000044,37.44662889999989,20.68,18.53,다사2838,0.0913932176839982,남동구,489.29200000000003,644,113.9,266.8,3.0,201.4,0.0,low,['인천관교초등학교'],1,25.89,489.29200000000003,644,source_allocation_v2_20260911,True,planned,500m 내 재개발 1건: planned(258m),1.291916,straight_500m,estimated,25.89,639.24,직선 500m 거주 아동 시나리오,2024년 6~11세 배분 추정에 인천 전체 연령인구 성장률 적용. 보행권·실제 이용자·신규 수혜가 아님. 후보끼리 합산하지 않음.,20.68,20.68,510.54,18.53,18.53,457.42
CG_00875,126.69367830000044,37.44437889999989,32.12,28.78,다사2838,0.07572614025281488,남동구,432.996,767,420.9,420.9,3.0,201.4,0.0,low,['인천관교초등학교'],1,40.22,432.996,767,source_allocation_v2_20260911,True,planned,500m 내 재개발 1건: planned(436m),1.291916,straight_500m,estimated,40.22,565.69,직선 500m 거주 아동 시나리오,2024년 6~11세 배분 추정에 인천 전체 연령인구 성장률 적용. 보행권·실제 이용자·신규 수혜가 아님. 후보끼리 합산하지 않음.,32.12,32.12,451.8,28.78,28.78,404.79
CG_00878,126.69367830000044,37.45112889999988,47.28,42.36,다사2839,0.12463692482804381,남동구,488.488,648,53.8,541.9,3.0,201.4,0.0,low,['인천관교초등학교'],1,59.2,488.488,648,source_allocation_v2_20260911,True,planned,"500m 내 재개발 2건: completed(322m), planned(439m)",1.291916,straight_500m,estimated,59.2,638.18,직선 500m 거주 아동 시나리오,2024년 6~11세 배분 추정에 인천 전체 연령인구 성장률 적용. 보행권·실제 이용자·신규 수혜가 아님. 후보끼리 합산하지 않음.,47.28,47.28,509.7,42.36,42.36,456.67
CG_00877,126.69367830000044,37.44887889999988,36.04,32.29,다사2839,0.08570420672363695,남동구,515.2280000000001,578,208.4,208.4,3.0,201.4,0.0,low,['인천관교초등학교'],1,45.13,515.2280000000001,578,source_allocation_v2_20260911,True,planned,500m 내 재개발 1건: planned(260m),1.291916,straight_500m,estimated,45.13,673.12,직선 500m 거주 아동 시나리오,2024년 6~11세 배분 추정에 인천 전체 연령인구 성장률 적용. 보행권·실제 이용자·신규 수혜가 아님. 후보끼리 합산하지 않음.,36.04,36.04,537.6,32.29,32.29,481.67
CG_00644,126.67567830000041,37.442128899999894,63.7,57.07,다사2738,0.10242539733944302,서구,553.024,496,312.6,5737.8,3.0,222.5,0.0,low,['인천인주초등학교'],1,79.76,553.024,496,source_allocation_v2_20260911,True,completed,500m 내 재개발 1건: completed(402m),2.397934,straight_500m,estimated,79.76,722.5,직선 500m 거주 아동 시나리오,2024년 6~11세 배분 추정에 인천 전체 연령인구 성장률 적용. 보행권·실제 이용자·신규 수혜가 아님. 후보끼리 합산하지 않음.,63.7,63.7,577.04,57.07,57.07,517.0
CG_00856,126.69142830000044,37.44887889999988,42.3,37.9,다사2839,0.18274772494967795,남동구,544.79,511,367.9,520.8,3.0,201.4,0.0,low,['인천관교초등학교'],1,52.96,544.79,511,source_allocation_v2_20260911,True,planned,"500m 내 재개발 2건: unknown(474m), planned(130m)",1.291916,straight_500m,estimated,52.96,711.74,직선 500m 거주 아동 시나리오,2024년 6~11세 배분 추정에 인천 전체 연령인구 성장률 적용. 보행권·실제 이용자·신규 수혜가 아님. 후보끼리 합산하지 않음.,42.3,42.3,568.45,37.9,37.9,509.3
CG_00855,126.69142830000044,37.44662889999989,29.58,26.5,다사2838,0.1118452941951801,남동구,502.308,613,468.1,694.7,3.0,201.4,0.0,low,['인천관교초등학교'],1,37.04,502.308,613,source_allocation_v2_20260911,True,planned,500m 내 재개발 1건: planned(126m),1.291916,straight_500m,estimated,37.04,656.24,직선 500m 거주 아동 시나리오,2024년 6~11세 배분 추정에 인천 전체 연령인구 성장률 적용. 보행권·실제 이용자·신규 수혜가 아님. 후보끼리 합산하지 않음.,29.58,29.58,524.12,26.5,26.5,469.59
CG_00857,126.69142830000044,37.45112889999988,39.57,35.46,다사2839,0.13805343666990313,남동구,464.664,691,369.6,371.7,3.0,201.4,0.0,low,['인천관교초등학교'],1,49.55,464.664,691,source_allocation_v2_20260911,True,planned,"500m 내 재개발 2건: completed(326m), planned(377m)",1.291916,straight_500m,estimated,49.55,607.06,직선 500m 거주 아동 시나리오,2024년 6~11세 배분 추정에 인천 전체 연령인구 성장률 적용. 보행권·실제 이용자·신규 수혜가 아님. 후보끼리 합산하지 않음.,39.57,39.57,484.84,35.46,35.46,434.4
CG_00686,126.67792830000042,37.44437889999989,28.68,25.7,다사2738,0.05403044707468877,서구,571.242,462,535.5,5037.5,3.0,222.5,0.0,low,['인천인주초등학교'],1,35.91,571.242,462,source_allocation_v2_20260911,False,none,,2.397934,straight_500m,estimated,35.91,746.3,직선 500m 거주 아동 시나리오,2024년 6~11세 배분 추정에 인천 전체 연령인구 성장률 적용. 보행권·실제 이용자·신규 수혜가 아님. 후보끼리 합산하지 않음.,28.68,28.68,596.05,25.7,25.7,534.03
CG_00645,126.67567830000041,37.44437889999989,41.2,36.92,다사2738,0.06292337749621348,서구,568.31,467,164.7,5991.4,3.0,222.5,0.0,low,['인천인주초등학교'],1,51.59,568.31,467,source_allocation_v2_20260911,True,completed,500m 내 재개발 1건: completed(464m),2.397934,straight_500m,estimated,51.59,742.47,직선 500m 거주 아동 시나리오,2024년 6~11세 배분 추정에 인천 전체 연령인구 성장률 적용. 보행권·실제 이용자·신규 수혜가 아님. 후보끼리 합산하지 않음.,41.2,41.2,592.99,36.92,36.92,531.29
CG_00900,126.69592830000045,37.44887889999988,41.5,37.18,다사2839,0.09730806027980245,미추홀구,424.802,783,201.6,1189.4,3.0,201.4,0.0,low,['인천관교초등학교'],1,51.96,424.802,783,source_allocation_v2_20260911,True,planned,500m 내 재개발 1건: planned(444m),1.291916,straight_500m,estimated,51.96,554.98,직선 500m 거주 아동 시나리오,2024년 6~11세 배분 추정에 인천 전체 연령인구 성장률 적용. 보행권·실제 이용자·신규 수혜가 아님. 후보끼리 합산하지 않음.,41.5,41.5,443.25,37.18,37.18,397.13
CG_00840,126.68917830000044,37.44662889999989,65.87,59.01,다사2838,0.0,부평구,464.58799999999997,692,343.9,5560.3,3.0,201.4,0.0,low,['인천관교초등학교'],1,82.47,464.58799999999997,692,source_allocation_v2_20260911,True,planned,"500m 내 재개발 2건: unknown(384m), planned(211m)",1.291916,straight_500m,estimated,82.47,606.96,직선 500m 거주 아동 시나리오,2024년 6~11세 배분 추정에 인천 전체 연령인구 성장률 적용. 보행권·실제 이용자·신규 수혜가 아님. 후보끼리 합산하지 않음.,65.87,65.87,484.76,59.01,59.01,434.33
CG_00839,126.68917830000044,37.44437889999989,9.16,8.21,다사2838,0.0032185231409021975,부평구,345.076,952,408.8,5625.2,3.0,201.4,0.0,low,['인천관교초등학교'],1,11.47,345.076,952,source_allocation_v2_20260911,True,planned,500m 내 재개발 1건: planned(410m),1.291916,straight_500m,estimated,11.47,450.82,직선 500m 거주 아동 시나리오,2024년 6~11세 배분 추정에 인천 전체 연령인구 성장률 적용. 보행권·실제 이용자·신규 수혜가 아님. 후보끼리 합산하지 않음.,9.16,9.16,360.06,8.21,8.21,322.6
CG_00933,126.69817830000045,37.44662889999989,18.2,16.31,다사2938,0.08959346500940492,남동구,300.826,1065,166.3,166.3,3.0,201.4,0.0,low,['인천관교초등학교'],1,22.79,300.826,1065,source_allocation_v2_20260911,False,none,,1.291916,straight_500m,estimated,22.79,393.01,직선 500m 거주 아동 시나리오,2024년 6~11세 배분 추정에 인천 전체 연령인구 성장률 적용. 보행권·실제 이용자·신규 수혜가 아님. 후보끼리 합산하지 않음.,18.2,18.2,313.89,16.31,16.31,281.23
CG_00899,126.69592830000045,37.44662889999989,27.81,24.92,다사2838,0.0524801090257359,미추홀구,415.49600000000004,806,250.0,1393.4,3.0,201.4,0.0,low,['인천관교초등학교'],1,34.82,415.49600000000004,806,source_allocation_v2_20260911,True,planned,500m 내 재개발 1건: planned(443m),1.291916,straight_500m,estimated,34.82,542.82,직선 500m 거주 아동 시나리오,2024년 6~11세 배분 추정에 인천 전체 연령인구 성장률 적용. 보행권·실제 이용자·신규 수혜가 아님. 후보끼리 합산하지 않음.,27.81,27.81,433.54,24.92,24.92,388.43
CG_00898,126.69592830000045,37.44437889999989,46.71,41.85,다사2838,0.06378801543946,연수구,401.372,837,192.5,343.9,3.0,201.4,0.0,low,['인천관교초등학교'],1,58.49,401.372,837,source_allocation_v2_20260911,False,none,,1.291916,straight_500m,estimated,58.49,524.37,직선 500m 거주 아동 시나리오,2024년 6~11세 배분 추정에 인천 전체 연령인구 성장률 적용. 보행권·실제 이용자·신규 수혜가 아님. 후보끼리 합산하지 않음.,46.71,46.71,418.8,41.85,41.85,375.23
CG_01194,126.71392830000048,37.52762889999976,68.33,61.22,다사3047,0.18310992643434498,남동구,668.3,339,84.2,797.6,3.0,121.0,0.0,low,['인천효성남초등학교'],1,85.55,668.3,339,source_allocation_v2_20260911,True,completed,"500m 내 재개발 4건: unknown(272m), completed(469m), completed(42m)",3.377838,straight_500m,estimated,85.55,873.1,직선 500m 거주 아동 시나리오,2024년 6~11세 배분 추정에 인천 전체 연령인구 성장률 적용. 보행권·실제 이용자·신규 수혜가 아님. 후보끼리 합산하지 않음.,68.33,68.33,697.32,61.22,61.22,624.77
CG_01193,126.71392830000048,37.525378899999765,59.68,53.47,다사3047,0.05868732552855381,서구,538.0619999999999,525,337.8,16286.2,3.0,121.0,0.0,low,['인천효성남초등학교'],1,74.73,538.0619999999999,525,source_allocation_v2_20260911,True,completed,"500m 내 재개발 2건: unknown(287m), completed(218m)",3.377838,straight_500m,estimated,74.73,702.95,직선 500m 거주 아동 시나리오,2024년 6~11세 배분 추정에 인천 전체 연령인구 성장률 적용. 보행권·실제 이용자·신규 수혜가 아님. 후보끼리 합산하지 않음.,59.68,59.68,561.43,53.47,53.47,503.01
CG_01165,126.71167830000047,37.525378899999765,42.45,38.03,다사3047,0.1065422699487418,남동구,476.726,669,543.9,995.4,3.0,121.0,0.0,low,['인천효성남초등학교'],1,53.15,476.726,669,source_allocation_v2_20260911,True,completed,"500m 내 재개발 2건: unknown(151m), completed(312m)",3.377838,straight_500m,estimated,53.15,622.82,직선 500m 거주 아동 시나리오,2024년 6~11세 배분 추정에 인천 전체 연령인구 성장률 적용. 보행권·실제 이용자·신규 수혜가 아님. 후보끼리 합산하지 않음.,42.45,42.45,497.43,38.03,38.03,445.67
CG_01218,126.71617830000048,37.49162889999982,6.33,5.67,다사3043,0.09569145054025238,계양구,377.634,881,501.7,7817.6,4.0,399.0,0.0,medium,['인천부평남초등학교'],1,7.93,377.634,881,source_allocation_v2_20260911,False,none,,5.310014,straight_500m,estimated,7.93,493.36,직선 500m 거주 아동 시나리오,2024년 6~11세 배분 추정에 인천 전체 연령인구 성장률 적용. 보행권·실제 이용자·신규 수혜가 아님. 후보끼리 합산하지 않음.,6.33,6.33,394.03,5.67,5.67,353.04
CG_01317,126.72292830000049,37.48487889999983,29.15,26.12,다사3143,0.0582699958910493,남동구,472.722,675,111.2,1028.7,4.0,399.0,0.0,medium,['인천부평남초등학교'],1,36.5,472.722,675,source_allocation_v2_20260911,True,unknown,500m 내 재개발 1건: unknown(131m),5.310014,straight_500m,estimated,36.5,617.59,직선 500m 거주 아동 시나리오,2024년 6~11세 배분 추정에 인천 전체 연령인구 성장률 적용. 보행권·실제 이용자·신규 수혜가 아님. 후보끼리 합산하지 않음.,29.15,29.15,493.25,26.12,26.12,441.93
CG_01348,126.7251783000005,37.48937889999982,36.8,32.97,다사3143,0.05907786242887279,계양구,617.888,406,531.7,8450.6,4.0,399.0,0.0,medium,['인천부평남초등학교'],1,46.08,617.888,406,source_allocation_v2_20260911,False,none,,5.310014,straight_500m,estimated,46.08,807.24,직선 500m 거주 아동 시나리오,2024년 6~11세 배분 추정에 인천 전체 연령인구 성장률 적용. 보행권·실제 이용자·신규 수혜가 아님. 후보끼리 합산하지 않음.,36.8,36.8,644.72,32.97,32.97,577.64
CG_01347,126.7251783000005,37.487128899999824,39.7,35.57,다사3143,0.04858335812518919,계양구,605.008,421,110.9,8315.6,4.0,399.0,0.0,medium,['인천부평남초등학교'],1,49.71,605.008,421,source_allocation_v2_20260911,True,unknown,500m 내 재개발 1건: unknown(437m),5.310014,straight_500m,estimated,49.71,790.41,직선 500m 거주 아동 시나리오,2024년 6~11세 배분 추정에 인천 전체 연령인구 성장률 적용. 보행권·실제 이용자·신규 수혜가 아님. 후보끼리 합산하지 않음.,39.7,39.7,631.28,35.57,35.57,565.6
CG_01250,126.71842830000048,37.48487889999983,33.18,29.73,다사3043,0.02572973033177897,계양구,443.04,744,582.6,7801.1,4.0,399.0,0.0,medium,['인천부평남초등학교'],1,41.55,443.04,744,source_allocation_v2_20260911,True,unknown,"500m 내 재개발 2건: unknown(320m), unknown(402m)",5.310014,straight_500m,estimated,41.55,578.81,직선 500m 거주 아동 시나리오,2024년 6~11세 배분 추정에 인천 전체 연령인구 성장률 적용. 보행권·실제 이용자·신규 수혜가 아님. 후보끼리 합산하지 않음.,33.18,33.18,462.28,29.73,29.73,414.18
CG_01216,126.71617830000048,37.487128899999824,11.52,10.32,다사3043,0.011938816398907549,계양구,462.758,697,802.6,7219.7,4.0,399.0,0.0,medium,['인천부평남초등학교'],1,14.42,462.758,697,source_allocation_v2_20260911,True,unknown,"500m 내 재개발 3건: unknown(78m), unknown(309m), unknown(401m)",5.310014,straight_500m,estimated,14.42,604.57,직선 500m 거주 아동 시나리오,2024년 6~11세 배분 추정에 인천 전체 연령인구 성장률 적용. 보행권·실제 이용자·신규 수혜가 아님. 후보끼리 합산하지 않음.,11.52,11.52,482.85,10.32,10.32,432.62
CG_01217,126.71617830000048,37.48937889999982,2.33,2.09,다사3043,0.0795485850704852,계양구,433.41,766,418.3,7502.4,4.0,399.0,0.0,medium,['인천부평남초등학교'],1,2.92,433.41,766,source_allocation_v2_20260911,True,unknown,"500m 내 재개발 2건: unknown(309m), unknown(464m)",5.310014,straight_500m,estimated,2.92,566.23,직선 500m 거주 아동 시나리오,2024년 6~11세 배분 추정에 인천 전체 연령인구 성장률 적용. 보행권·실제 이용자·신규 수혜가 아님. 후보끼리 합산하지 않음.,2.33,2.33,452.23,2.09,2.09,405.18
CG_01251,126.71842830000048,37.487128899999824,56.62,50.73,다사3043,0.0864630314543741,계양구,558.3520000000001,485,243.3,8559.4,4.0,399.0,0.0,medium,['인천부평남초등학교'],1,70.89,558.3520000000001,485,source_allocation_v2_20260911,True,unknown,"500m 내 재개발 2건: unknown(260m), unknown(500m)",5.310014,straight_500m,estimated,70.89,729.46,직선 500m 거주 아동 시나리오,2024년 6~11세 배분 추정에 인천 전체 연령인구 성장률 적용. 보행권·실제 이용자·신규 수혜가 아님. 후보끼리 합산하지 않음.,56.62,56.62,582.6,50.73,50.73,521.98
CG_01289,126.72067830000049,37.48937889999982,43.99,39.41,다사3143,0.02804809201587724,남동구,592.73,436,277.2,787.8,4.0,399.0,0.0,medium,['인천부평남초등학교'],1,55.08,592.73,436,source_allocation_v2_20260911,False,none,,5.310014,straight_500m,estimated,55.08,774.37,직선 500m 거주 아동 시나리오,2024년 6~11세 배분 추정에 인천 전체 연령인구 성장률 적용. 보행권·실제 이용자·신규 수혜가 아님. 후보끼리 합산하지 않음.,43.99,43.99,618.47,39.41,39.41,554.12
CG_01288,126.72067830000049,37.487128899999824,61.4,55.01,다사3143,0.0357557638892399,남동구,540.048,519,116.9,843.7,4.0,399.0,0.0,medium,['인천부평남초등학교'],1,76.88,540.048,519,source_allocation_v2_20260911,True,unknown,"500m 내 재개발 2건: unknown(457m), unknown(420m)",5.310014,straight_500m,estimated,76.88,705.55,직선 500m 거주 아동 시나리오,2024년 6~11세 배분 추정에 인천 전체 연령인구 성장률 적용. 보행권·실제 이용자·신규 수혜가 아님. 후보끼리 합산하지 않음.,61.4,61.4,563.5,55.01,55.01,504.87
CG_01252,126.71842830000048,37.48937889999982,54.88,49.17,다사3043,0.05179404653764656,계양구,514.804,580,476.0,8796.8,4.0,399.0,0.0,medium,['인천부평남초등학교'],1,68.71,514.804,580,source_allocation_v2_20260911,True,unknown,500m 내 재개발 1건: unknown(397m),5.310014,straight_500m,estimated,68.71,672.57,직선 500m 거주 아동 시나리오,2024년 6~11세 배분 추정에 인천 전체 연령인구 성장률 적용. 보행권·실제 이용자·신규 수혜가 아님. 후보끼리 합산하지 않음.,54.88,54.88,537.16,49.17,49.17,481.27
CG_01318,126.72292830000049,37.487128899999824,63.89,57.25,다사3143,0.030411278150613494,남동구,616.922,409,134.6,1077.5,4.0,399.0,0.0,medium,['인천부평남초등학교'],1,80.0,616.922,409,source_allocation_v2_20260911,True,unknown,500m 내 재개발 1건: unknown(380m),5.310014,straight_500m,estimated,80.0,805.98,직선 500m 거주 아동 시나리오,2024년 6~11세 배분 추정에 인천 전체 연령인구 성장률 적용. 보행권·실제 이용자·신규 수혜가 아님. 후보끼리 합산하지 않음.,63.89,63.89,643.71,57.25,57.25,576.74
CG_01319,126.72292830000049,37.48937889999982,26.62,23.85,다사3143,0.06481590605448581,남동구,680.862,327,403.5,1044.6,4.0,399.0,0.0,medium,['인천부평남초등학교'],1,33.33,680.862,327,source_allocation_v2_20260911,False,none,,5.310014,straight_500m,estimated,33.33,889.51,직선 500m 거주 아동 시나리오,2024년 6~11세 배분 추정에 인천 전체 연령인구 성장률 적용. 보행권·실제 이용자·신규 수혜가 아님. 후보끼리 합산하지 않음.,26.62,26.62,710.43,23.85,23.85,636.51
CG_01052,126.70492830000046,37.58612889999967,71.46,64.02,다사2954,0.1176515015505493,부평구,1147.29,71,701.8,2713.6,4.0,170.5,0.0,medium,"[""['인천아라초등학교' '인천해든초등학교']""]",2,89.47,1147.29,71,source_allocation_v2_20260911,False,none,,8.218736,straight_500m,estimated,89.47,1498.88,직선 500m 거주 아동 시나리오,2024년 6~11세 배분 추정에 인천 전체 연령인구 성장률 적용. 보행권·실제 이용자·신규 수혜가 아님. 후보끼리 합산하지 않음.,71.46,71.46,1197.11,64.02,64.02,1072.56
CG_01051,126.70492830000046,37.583878899999675,78.41,70.25,다사2954,0.07156448927981292,부평구,1127.7379999999998,78,343.4,1198.5,4.0,170.5,0.0,medium,"[""['인천아라초등학교' '인천해든초등학교']""]",2,98.17,1127.7379999999998,78,source_allocation_v2_20260911,False,none,,8.218736,straight_500m,estimated,98.17,1473.33,직선 500m 거주 아동 시나리오,2024년 6~11세 배분 추정에 인천 전체 연령인구 성장률 적용. 보행권·실제 이용자·신규 수혜가 아님. 후보끼리 합산하지 않음.,78.41,78.41,1176.71,70.25,70.25,1054.28
CG_00151,126.63292830000034,37.3836289,69.99,62.71,다사2331,0.14186136737673008,중구,1152.3,68,656.5,656.5,4.0,114.0,0.0,medium,['인천송일초등학교'],1,87.63,1152.3,68,source_allocation_v2_20260911,False,none,,8.503821,straight_500m,estimated,87.63,1505.42,직선 500m 거주 아동 시나리오,2024년 6~11세 배분 추정에 인천 전체 연령인구 성장률 적용. 보행권·실제 이용자·신규 수혜가 아님. 후보끼리 합산하지 않음.,69.99,69.99,1202.34,62.71,62.71,1077.24
CG_00188,126.63742830000035,37.3858789,108.0,96.77,다사2332,0.08538921737893185,동구,738.73,277,301.3,301.3,4.0,114.0,0.0,medium,['인천송일초등학교'],1,135.23,738.73,277,source_allocation_v2_20260911,False,none,,8.503821,straight_500m,estimated,135.23,965.11,직선 500m 거주 아동 시나리오,2024년 6~11세 배분 추정에 인천 전체 연령인구 성장률 적용. 보행권·실제 이용자·신규 수혜가 아님. 후보끼리 합산하지 않음.,108.0,108.0,770.81,96.77,96.77,690.61
CG_00187,126.63742830000035,37.3836289,19.89,17.82,다사2331,0.14528476935059828,동구,649.592,364,120.4,120.4,4.0,114.0,0.0,medium,['인천송일초등학교'],1,24.91,649.592,364,source_allocation_v2_20260911,False,none,,8.503821,straight_500m,estimated,24.91,848.66,직선 500m 거주 아동 시나리오,2024년 6~11세 배분 추정에 인천 전체 연령인구 성장률 적용. 보행권·실제 이용자·신규 수혜가 아님. 후보끼리 합산하지 않음.,19.89,19.89,677.8,17.82,17.82,607.28
CG_00169,126.63517830000035,37.3858789,161.2,144.43,다사2332,0.17982356264504687,중구,1003.06,116,422.5,693.7,4.0,114.0,0.0,medium,['인천송일초등학교'],1,201.84,1003.06,116,source_allocation_v2_20260911,False,none,,8.503821,straight_500m,estimated,201.84,1310.45,직선 500m 거주 아동 시나리오,2024년 6~11세 배분 추정에 인천 전체 연령인구 성장률 적용. 보행권·실제 이용자·신규 수혜가 아님. 후보끼리 합산하지 않음.,161.2,161.2,1046.62,144.43,144.43,937.72
CG_00167,126.63517830000035,37.3813789,5.09,4.56,다사2331,0.08440941400692628,연수구,460.808,701,437.1,5485.7,4.0,114.0,0.0,medium,['인천송일초등학교'],1,6.37,460.808,701,source_allocation_v2_20260911,False,none,,8.503821,straight_500m,estimated,6.37,602.02,직선 500m 거주 아동 시나리오,2024년 6~11세 배분 추정에 인천 전체 연령인구 성장률 적용. 보행권·실제 이용자·신규 수혜가 아님. 후보끼리 합산하지 않음.,5.09,5.09,480.82,4.56,4.56,430.79
CG_00150,126.63292830000034,37.3813789,87.57,78.46,다사2331,0.054372413677898294,중구,471.024,677,603.8,648.5,4.0,114.0,0.0,medium,['인천송일초등학교'],1,109.64,471.024,677,source_allocation_v2_20260911,False,none,,8.503821,straight_500m,estimated,109.64,615.37,직선 500m 거주 아동 시나리오,2024년 6~11세 배분 추정에 인천 전체 연령인구 성장률 적용. 보행권·실제 이용자·신규 수혜가 아님. 후보끼리 합산하지 않음.,87.57,87.57,491.48,78.46,78.46,440.34
CG_00136,126.63067830000034,37.3836289,134.34,120.36,다사2331,0.12717721550889965,동구,1005.02,114,110.6,1062.8,4.0,114.0,0.0,medium,['인천송일초등학교'],1,168.2,1005.02,114,source_allocation_v2_20260911,False,none,,8.503821,straight_500m,estimated,168.2,1313.01,직선 500m 거주 아동 시나리오,2024년 6~11세 배분 추정에 인천 전체 연령인구 성장률 적용. 보행권·실제 이용자·신규 수혜가 아님. 후보끼리 합산하지 않음.,134.34,134.34,1048.66,120.36,120.36,939.56
CG_01487,126.73417830000051,37.4083789,45.13,40.44,다사3234,0.14738162777015257,남동구,576.134,453,324.9,324.9,2.0,149.0,0.0,low,"[""['인천장도초등학교' '인천논현초등학교']""]",2,56.51,576.134,453,source_allocation_v2_20260911,False,none,,0.944708,straight_500m,estimated,56.51,752.69,직선 500m 거주 아동 시나리오,2024년 6~11세 배분 추정에 인천 전체 연령인구 성장률 적용. 보행권·실제 이용자·신규 수혜가 아님. 후보끼리 합산하지 않음.,45.13,45.13,601.15,40.44,40.44,538.61
CG_01048,126.70492830000046,37.51412889999978,58.41,52.33,다사2946,0.11265094588993595,부평구,879.438,175,403.4,500.4,2.0,472.0,0.0,medium,['인천산곡북초등학교'],1,73.13,879.438,175,source_allocation_v2_20260911,True,unknown,500m 내 재개발 1건: unknown(448m),0.891559,straight_500m,estimated,73.13,1148.94,직선 500m 거주 아동 시나리오,2024년 6~11세 배분 추정에 인천 전체 연령인구 성장률 적용. 보행권·실제 이용자·신규 수혜가 아님. 후보끼리 합산하지 않음.,58.41,58.41,917.63,52.33,52.33,822.15
CG_01508,126.73417830000051,37.53662889999975,34.97,31.33,다사3248,0.08535351624332896,계양구,481.512,662,242.8,9412.4,2.0,327.0,0.0,medium,['인천부현초등학교'],1,43.78,481.512,662,source_allocation_v2_20260911,False,none,,0.603933,straight_500m,estimated,43.78,629.07,직선 500m 거주 아동 시나리오,2024년 6~11세 배분 추정에 인천 전체 연령인구 성장률 적용. 보행권·실제 이용자·신규 수혜가 아님. 후보끼리 합산하지 않음.,34.97,34.97,502.42,31.33,31.33,450.15
CG_01507,126.73417830000051,37.53437889999975,26.44,23.69,다사3248,0.12355295837711415,계양구,434.27,763,434.2,9244.7,2.0,327.0,0.0,medium,['인천부현초등학교'],1,33.11,434.27,763,source_allocation_v2_20260911,False,none,,0.603933,straight_500m,estimated,33.11,567.35,직선 500m 거주 아동 시나리오,2024년 6~11세 배분 추정에 인천 전체 연령인구 성장률 적용. 보행권·실제 이용자·신규 수혜가 아님. 후보끼리 합산하지 않음.,26.44,26.44,453.13,23.69,23.69,405.98
CG_01510,126.73417830000051,37.54112889999974,50.59,45.32,다사3249,0.07413602108575829,계양구,505.40200000000004,602,208.4,10041.9,2.0,496.0,0.0,low,['인천안남초등학교'],1,63.34,505.40200000000004,602,source_allocation_v2_20260911,False,none,,0.514708,straight_500m,estimated,63.34,660.28,직선 500m 거주 아동 시나리오,2024년 6~11세 배분 추정에 인천 전체 연령인구 성장률 적용. 보행권·실제 이용자·신규 수혜가 아님. 후보끼리 합산하지 않음.,50.59,50.59,527.35,45.32,45.32,472.48
CG_01474,126.7319283000005,37.53437889999975,67.23,60.24,다사3248,0.09639731165042441,계양구,490.354,637,385.1,9496.5,2.0,327.0,0.0,medium,['인천부현초등학교'],1,84.18,490.354,637,source_allocation_v2_20260911,False,none,,0.603933,straight_500m,estimated,84.18,640.62,직선 500m 거주 아동 시나리오,2024년 6~11세 배분 추정에 인천 전체 연령인구 성장률 적용. 보행권·실제 이용자·신규 수혜가 아님. 후보끼리 합산하지 않음.,67.23,67.23,511.65,60.24,60.24,458.41
CG_01539,126.73642830000051,37.53662889999975,6.1,5.47,다사3248,0.03888851897190906,계양구,499.452,621,609.3,10780.1,2.0,327.0,0.0,medium,['인천부현초등학교'],1,7.64,499.452,621,source_allocation_v2_20260911,False,none,,0.603933,straight_500m,estimated,7.64,652.51,직선 500m 거주 아동 시나리오,2024년 6~11세 배분 추정에 인천 전체 연령인구 성장률 적용. 보행권·실제 이용자·신규 수혜가 아님. 후보끼리 합산하지 않음.,6.1,6.1,521.14,5.47,5.47,466.92
CG_01541,126.73642830000051,37.54112889999974,21.27,19.06,다사3249,0.00302164844203064,계양구,553.772,493,39.4,11093.3,2.0,496.0,0.0,low,['인천안남초등학교'],1,26.63,553.772,493,source_allocation_v2_20260911,False,none,,0.514708,straight_500m,estimated,26.63,723.47,직선 500m 거주 아동 시나리오,2024년 6~11세 배분 추정에 인천 전체 연령인구 성장률 적용. 보행권·실제 이용자·신규 수혜가 아님. 후보끼리 합산하지 않음.,21.27,21.27,577.82,19.06,19.06,517.7
CG_01439,126.7296783000005,37.54112889999974,49.63,44.47,다사3149,0.028344290636212074,계양구,482.70000000000005,660,161.3,14573.5,2.0,496.0,0.0,low,['인천안남초등학교'],1,62.14,482.70000000000005,660,source_allocation_v2_20260911,True,unknown,"500m 내 재개발 2건: unknown(275m), unknown(418m)",0.514708,straight_500m,estimated,62.14,630.62,직선 500m 거주 아동 시나리오,2024년 6~11세 배분 추정에 인천 전체 연령인구 성장률 적용. 보행권·실제 이용자·신규 수혜가 아님. 후보끼리 합산하지 않음.,49.63,49.63,503.66,44.47,44.47,451.26
CG_01540,126.73642830000051,37.538878899999744,17.11,15.33,다사3249,0.055770624188669855,계양구,560.98,479,729.6,11000.4,2.0,327.0,0.0,medium,['인천부현초등학교'],1,21.42,560.98,479,source_allocation_v2_20260911,False,none,,0.603933,straight_500m,estimated,21.42,732.89,직선 500m 거주 아동 시나리오,2024년 6~11세 배분 추정에 인천 전체 연령인구 성장률 적용. 보행권·실제 이용자·신규 수혜가 아님. 후보끼리 합산하지 않음.,17.11,17.11,585.34,15.33,15.33,524.44
CG_00637,126.67342830000041,37.59287889999966,0.91,0.82,다사2755,0.17547818061888912,서구,782.232,241,632.7,3556.1,3.0,164.35,0.0,low,"[""['인천백석초등학교' '인천당하초등학교']""]",2,1.14,782.232,241,source_allocation_v2_20260911,False,none,,5.057578,straight_500m,estimated,1.14,1021.95,직선 500m 거주 아동 시나리오,2024년 6~11세 배분 추정에 인천 전체 연령인구 성장률 적용. 보행권·실제 이용자·신규 수혜가 아님. 후보끼리 합산하지 않음.,0.91,0.91,816.2,0.82,0.82,731.28
CG_00635,126.67342830000041,37.58837889999967,75.19,67.36,다사2754,0.18704367295249552,미추홀구,704.2,307,574.4,2260.4,3.0,164.35,0.0,low,"[""['인천백석초등학교' '인천당하초등학교']""]",2,94.14,704.2,307,source_allocation_v2_20260911,False,none,,5.057578,straight_500m,estimated,94.14,920.0,직선 500m 거주 아동 시나리오,2024년 6~11세 배분 추정에 인천 전체 연령인구 성장률 적용. 보행권·실제 이용자·신규 수혜가 아님. 후보끼리 합산하지 않음.,75.19,75.19,734.78,67.36,67.36,658.33
CG_00588,126.6711783000004,37.590628899999665,77.28,69.24,다사2654,0.4495843633587984,미추홀구,621.664,399,241.3,2569.7,3.0,164.35,0.0,low,"[""['인천백석초등학교' '인천당하초등학교']""]",2,96.76,621.664,399,source_allocation_v2_20260911,False,none,,5.057578,straight_500m,estimated,96.76,812.17,직선 500m 거주 아동 시나리오,2024년 6~11세 배분 추정에 인천 전체 연령인구 성장률 적용. 보행권·실제 이용자·신규 수혜가 아님. 후보끼리 합산하지 않음.,77.28,77.28,648.66,69.24,69.24,581.17
CG_00636,126.67342830000041,37.590628899999665,44.46,39.84,다사2754,0.024356328641002352,미추홀구,768.124,252,847.1,2190.0,3.0,164.35,0.0,low,"[""['인천백석초등학교' '인천당하초등학교']""]",2,55.67,768.124,252,source_allocation_v2_20260911,False,none,,5.057578,straight_500m,estimated,55.67,1003.52,직선 500m 거주 아동 시나리오,2024년 6~11세 배분 추정에 인천 전체 연령인구 성장률 적용. 보행권·실제 이용자·신규 수혜가 아님. 후보끼리 합산하지 않음.,44.46,44.46,801.48,39.84,39.84,718.09
CG_00721,126.67792830000042,37.590628899999665,67.82,60.76,다사2754,0.0,서구,652.504,361,602.7,5104.7,3.0,164.35,0.0,low,"[""['인천백석초등학교' '인천당하초등학교']""]",2,84.91,652.504,361,source_allocation_v2_20260911,False,none,,5.057578,straight_500m,estimated,84.91,852.46,직선 500m 거주 아동 시나리오,2024년 6~11세 배분 추정에 인천 전체 연령인구 성장률 적용. 보행권·실제 이용자·신규 수혜가 아님. 후보끼리 합산하지 않음.,67.82,67.82,680.84,60.76,60.76,610.0
CG_00680,126.67567830000041,37.590628899999665,98.8,88.52,다사2754,0.11264789961783342,서구,797.144,229,278.2,3170.0,3.0,164.35,0.0,low,"[""['인천백석초등학교' '인천당하초등학교']""]",2,123.71,797.144,229,source_allocation_v2_20260911,False,none,,5.057578,straight_500m,estimated,123.71,1041.43,직선 500m 거주 아동 시나리오,2024년 6~11세 배분 추정에 인천 전체 연령인구 성장률 적용. 보행권·실제 이용자·신규 수혜가 아님. 후보끼리 합산하지 않음.,98.8,98.8,831.76,88.52,88.52,745.22
CG_00681,126.67567830000041,37.59287889999966,16.36,14.66,다사2755,0.1630517520146516,서구,644.194,373,457.5,3500.7,3.0,164.35,0.0,low,"[""['인천백석초등학교' '인천당하초등학교']""]",2,20.49,644.194,373,source_allocation_v2_20260911,False,none,,5.057578,straight_500m,estimated,20.49,841.61,직선 500m 거주 아동 시나리오,2024년 6~11세 배분 추정에 인천 전체 연령인구 성장률 적용. 보행권·실제 이용자·신규 수혜가 아님. 후보끼리 합산하지 않음.,16.36,16.36,672.17,14.66,14.66,602.23
CG_00679,126.67567830000041,37.58837889999967,44.94,40.27,다사2754,0.0063098952666474865,미추홀구,812.314,217,627.4,2028.1,3.0,164.35,0.0,low,"[""['인천백석초등학교' '인천당하초등학교']""]",2,56.27,812.314,217,source_allocation_v2_20260911,False,none,,5.057578,straight_500m,estimated,56.27,1061.25,직선 500m 거주 아동 시나리오,2024년 6~11세 배분 추정에 인천 전체 연령인구 성장률 적용. 보행권·실제 이용자·신규 수혜가 아님. 후보끼리 합산하지 않음.,44.94,44.94,847.59,40.27,40.27,759.4
CG_01029,126.70492830000046,37.45562889999987,6.07,5.44,다사2939,0.18320491707527864,계양구,604.7,422,629.0,7760.3,2.0,180.0,0.0,medium,['인천석천초등학교'],1,7.6,604.7,422,source_allocation_v2_20260911,True,unknown,500m 내 재개발 1건: unknown(312m),0.386289,straight_500m,estimated,7.6,790.01,직선 500m 거주 아동 시나리오,2024년 6~11세 배분 추정에 인천 전체 연령인구 성장률 적용. 보행권·실제 이용자·신규 수혜가 아님. 후보끼리 합산하지 않음.,6.07,6.07,630.96,5.44,5.44,565.31
CG_01061,126.70717830000046,37.45562889999987,11.3,10.13,다사2939,0.02908978855652186,부평구,922.262,148,1183.8,5198.9,2.0,180.0,0.0,medium,['인천석천초등학교'],1,14.15,922.262,148,source_allocation_v2_20260911,True,unknown,"500m 내 재개발 2건: unknown(479m), unknown(205m)",0.386289,straight_500m,estimated,14.15,1204.89,직선 500m 거주 아동 시나리오,2024년 6~11세 배분 추정에 인천 전체 연령인구 성장률 적용. 보행권·실제 이용자·신규 수혜가 아님. 후보끼리 합산하지 않음.,11.3,11.3,962.31,10.13,10.13,862.19
CG_00971,126.70042830000045,37.46912889999985,19.82,17.76,다사2941,0.0,서구,352.304,938,460.2,15145.7,3.0,107.8,0.0,low,['인천석정초등학교'],1,24.82,352.304,938,source_allocation_v2_20260911,True,planned,500m 내 재개발 1건: planned(368m),1.488267,straight_500m,estimated,24.82,460.27,직선 500m 거주 아동 시나리오,2024년 6~11세 배분 추정에 인천 전체 연령인구 성장률 적용. 보행권·실제 이용자·신규 수혜가 아님. 후보끼리 합산하지 않음.,19.82,19.82,367.6,17.76,17.76,329.36
CG_00939,126.69817830000045,37.46912889999985,17.12,15.34,다사2941,0.06778767602678225,부평구,388.942,863,772.7,4972.0,3.0,107.8,0.0,low,['인천석정초등학교'],1,21.44,388.942,863,source_allocation_v2_20260911,True,planned,"500m 내 재개발 2건: planned(173m), unknown(429m)",1.488267,straight_500m,estimated,21.44,508.13,직선 500m 거주 아동 시나리오,2024년 6~11세 배분 추정에 인천 전체 연령인구 성장률 적용. 보행권·실제 이용자·신규 수혜가 아님. 후보끼리 합산하지 않음.,17.12,17.12,405.83,15.34,15.34,363.61
CG_00938,126.69817830000045,37.466878899999855,23.35,20.92,다사2941,0.10982946743090324,부평구,411.69399999999996,815,697.8,1857.5,3.0,107.8,0.0,low,['인천석정초등학교'],1,29.24,411.69399999999996,815,source_allocation_v2_20260911,True,planned,500m 내 재개발 1건: planned(260m),1.488267,straight_500m,estimated,29.24,537.86,직선 500m 거주 아동 시나리오,2024년 6~11세 배분 추정에 인천 전체 연령인구 성장률 적용. 보행권·실제 이용자·신규 수혜가 아님. 후보끼리 합산하지 않음.,23.35,23.35,429.57,20.92,20.92,384.88
CG_00860,126.69142830000044,37.46912889999985,57.36,51.39,다사2841,0.07806353348216219,부평구,515.88,576,340.5,1160.0,3.0,107.8,0.0,low,['인천석정초등학교'],1,71.82,515.88,576,source_allocation_v2_20260911,True,planned,500m 내 재개발 1건: planned(434m),1.488267,straight_500m,estimated,71.82,673.97,직선 500m 거주 아동 시나리오,2024년 6~11세 배분 추정에 인천 전체 연령인구 성장률 적용. 보행권·실제 이용자·신규 수혜가 아님. 후보끼리 합산하지 않음.,57.36,57.36,538.28,51.39,51.39,482.28
CG_00883,126.69367830000044,37.466878899999855,58.88,52.75,다사2841,0.2571126762617195,부평구,640.832,381,370.6,5106.1,3.0,107.8,0.0,low,['인천석정초등학교'],1,73.72,640.832,381,source_allocation_v2_20260911,True,planned,"500m 내 재개발 2건: planned(306m), unknown(418m)",1.488267,straight_500m,estimated,73.72,837.22,직선 500m 거주 아동 시나리오,2024년 6~11세 배분 추정에 인천 전체 연령인구 성장률 적용. 보행권·실제 이용자·신규 수혜가 아님. 후보끼리 합산하지 않음.,58.88,58.88,668.66,52.75,52.75,599.09
CG_00906,126.69592830000045,37.46912889999985,22.64,20.29,다사2841,0.14034169653294315,남동구,467.98,685,140.0,182.7,3.0,107.8,0.0,low,['인천석정초등학교'],1,28.35,467.98,685,source_allocation_v2_20260911,True,planned,"500m 내 재개발 2건: planned(59m), unknown(360m)",1.488267,straight_500m,estimated,28.35,611.39,직선 500m 거주 아동 시나리오,2024년 6~11세 배분 추정에 인천 전체 연령인구 성장률 적용. 보행권·실제 이용자·신규 수혜가 아님. 후보끼리 합산하지 않음.,22.64,22.64,488.3,20.29,20.29,437.5
CG_00970,126.70042830000045,37.466878899999855,22.8,20.43,다사2941,0.0,서구,350.606,944,1868.1,15112.4,3.0,107.8,0.0,low,['인천석정초등학교'],1,28.55,350.606,944,source_allocation_v2_20260911,True,planned,500m 내 재개발 1건: planned(416m),1.488267,straight_500m,estimated,28.55,458.05,직선 500m 거주 아동 시나리오,2024년 6~11세 배분 추정에 인천 전체 연령인구 성장률 적용. 보행권·실제 이용자·신규 수혜가 아님. 후보끼리 합산하지 않음.,22.8,22.8,365.83,20.43,20.43,327.77
CG_00885,126.69367830000044,37.47137889999985,30.37,27.21,다사2841,0.0,부평구,404.01199999999994,831,213.2,5638.1,3.0,107.8,0.0,low,['인천석정초등학교'],1,38.02,404.01199999999994,831,source_allocation_v2_20260911,True,planned,"500m 내 재개발 2건: planned(378m), unknown(196m)",1.488267,straight_500m,estimated,38.02,527.82,직선 500m 거주 아동 시나리오,2024년 6~11세 배분 추정에 인천 전체 연령인구 성장률 적용. 보행권·실제 이용자·신규 수혜가 아님. 후보끼리 합산하지 않음.,30.37,30.37,421.56,27.21,27.21,377.69
CG_00016,126.5474283000002,37.487128899999824,69.05,61.86,다사1543,0.17358086383631582,중구,813.012,216,101.2,101.2,3.0,544.0,5.0,high,['인천별빛초등학교'],1,86.45,813.012,216,source_allocation_v2_20260911,False,none,,3.015038,straight_500m,estimated,86.45,1062.16,직선 500m 거주 아동 시나리오,2024년 6~11세 배분 추정에 인천 전체 연령인구 성장률 적용. 보행권·실제 이용자·신규 수혜가 아님. 후보끼리 합산하지 않음.,69.05,69.05,848.32,61.86,61.86,760.05
CG_00021,126.54967830000021,37.49162889999982,53.61,48.04,다사1544,0.7850431020080053,중구,934.814,145,190.3,190.3,3.0,544.0,5.0,high,['인천별빛초등학교'],1,67.13,934.814,145,source_allocation_v2_20260911,False,none,,3.015038,straight_500m,estimated,67.13,1221.29,직선 500m 거주 아동 시나리오,2024년 6~11세 배분 추정에 인천 전체 연령인구 성장률 적용. 보행권·실제 이용자·신규 수혜가 아님. 후보끼리 합산하지 않음.,53.61,53.61,975.41,48.04,48.04,873.92
CG_00019,126.54967830000021,37.487128899999824,118.45,106.13,다사1543,0.25998507847783164,중구,1140.4859999999999,73,132.4,132.4,3.0,544.0,5.0,high,['인천별빛초등학교'],1,148.31,1140.4859999999999,73,source_allocation_v2_20260911,False,none,,3.015038,straight_500m,estimated,148.31,1489.99,직선 500m 거주 아동 시나리오,2024년 6~11세 배분 추정에 인천 전체 연령인구 성장률 적용. 보행권·실제 이용자·신규 수혜가 아님. 후보끼리 합산하지 않음.,118.45,118.45,1190.01,106.13,106.13,1066.2
CG_00018,126.5474283000002,37.49162889999982,15.89,14.24,다사1544,0.2149568979919947,중구,699.3979999999999,310,303.7,303.7,3.0,544.0,5.0,high,['인천별빛초등학교'],1,19.9,699.3979999999999,310,source_allocation_v2_20260911,False,none,,3.015038,straight_500m,estimated,19.9,913.73,직선 500m 거주 아동 시나리오,2024년 6~11세 배분 추정에 인천 전체 연령인구 성장률 적용. 보행권·실제 이용자·신규 수혜가 아님. 후보끼리 합산하지 않음.,15.89,15.89,729.77,14.24,14.24,653.84
CG_00017,126.5474283000002,37.48937889999982,133.33,119.46,다사1543,0.15303759164580344,중구,809.5640000000001,219,169.7,169.7,3.0,544.0,5.0,high,['인천별빛초등학교'],1,166.94,809.5640000000001,219,source_allocation_v2_20260911,False,none,,3.015038,straight_500m,estimated,166.94,1057.66,직선 500m 거주 아동 시나리오,2024년 6~11세 배분 추정에 인천 전체 연령인구 성장률 적용. 보행권·실제 이용자·신규 수혜가 아님. 후보끼리 합산하지 않음.,133.33,133.33,844.72,119.46,119.46,756.83
CG_00062,126.61267830000031,37.4083789,13.94,12.49,다사2134,0.1614619244335429,연수구,490.61199999999997,636,441.1,3836.0,4.0,746.1,0.0,high,['인천송담초등학교'],1,17.45,490.61199999999997,636,source_allocation_v2_20260911,False,none,,20.733643,straight_500m,estimated,17.45,640.96,직선 500m 거주 아동 시나리오,2024년 6~11세 배분 추정에 인천 전체 연령인구 성장률 적용. 보행권·실제 이용자·신규 수혜가 아님. 후보끼리 합산하지 않음.,13.94,13.94,511.92,12.49,12.49,458.65
CG_00053,126.61042830000031,37.4061289,,,다사2134,0.05119980601373543,연수구,95.63400000000001,1384,1157.6,4562.8,4.0,746.1,0.0,high,['인천송담초등학교'],1,,95.63400000000001,1384,source_allocation_v2_20260911,False,none,,20.733643,straight_500m,estimated,,124.94,직선 500m 거주 아동 시나리오,2024년 6~11세 배분 추정에 인천 전체 연령인구 성장률 적용. 보행권·실제 이용자·신규 수혜가 아님. 후보끼리 합산하지 않음.,,,99.79,,,89.4
CG_00063,126.61267830000031,37.4106289,76.64,68.67,다사2134,0.3428137189144487,연수구,925.002,147,352.4,3663.5,4.0,746.1,0.0,high,['인천송담초등학교'],1,95.96,925.002,147,source_allocation_v2_20260911,False,none,,20.733643,straight_500m,estimated,95.96,1208.47,직선 500m 거주 아동 시나리오,2024년 6~11세 배분 추정에 인천 전체 연령인구 성장률 적용. 보행권·실제 이용자·신규 수혜가 아님. 후보끼리 합산하지 않음.,76.64,76.64,965.17,68.67,68.67,864.75
CG_00077,126.61717830000032,37.4128789,158.83,142.31,다사2135,0.3109233447728126,연수구,1553.874,12,1611.5,5308.7,4.0,746.1,0.0,high,['인천송담초등학교'],1,198.87,1553.874,12,source_allocation_v2_20260911,False,none,,20.733643,straight_500m,estimated,198.87,2030.06,직선 500m 거주 아동 시나리오,2024년 6~11세 배분 추정에 인천 전체 연령인구 성장률 적용. 보행권·실제 이용자·신규 수혜가 아님. 후보끼리 합산하지 않음.,158.83,158.83,1621.35,142.31,142.31,1452.66
CG_00061,126.61267830000031,37.4061289,,,다사2134,0.03868022313751336,연수구,107.78,1371,519.7,3908.8,4.0,746.1,0.0,high,['인천송담초등학교'],1,,107.78,1371,source_allocation_v2_20260911,False,none,,20.733643,straight_500m,estimated,,140.81,직선 500m 거주 아동 시나리오,2024년 6~11세 배분 추정에 인천 전체 연령인구 성장률 적용. 보행권·실제 이용자·신규 수혜가 아님. 후보끼리 합산하지 않음.,,,112.46,,,100.76
CG_00054,126.61042830000031,37.4083789,39.61,35.49,다사2134,0.19195817048439828,연수구,289.71,1076,762.3,4167.4,4.0,746.1,0.0,high,['인천송담초등학교'],1,49.6,289.71,1076,source_allocation_v2_20260911,False,none,,20.733643,straight_500m,estimated,49.6,378.49,직선 500m 거주 아동 시나리오,2024년 6~11세 배분 추정에 인천 전체 연령인구 성장률 적용. 보행권·실제 이용자·신규 수혜가 아님. 후보끼리 합산하지 않음.,39.61,39.61,302.29,35.49,35.49,270.84
CG_01337,126.7251783000005,37.3903789,13.77,12.34,다사3132,0.1037207752303062,부평구,503.2180000000001,608,403.7,4322.0,4.0,108.7,0.0,medium,"[""['인천사리울초등학교' '인천고잔초등학교']""]",2,17.24,503.2180000000001,608,source_allocation_v2_20260911,False,none,,11.415802,straight_500m,estimated,17.24,657.43,직선 500m 거주 아동 시나리오,2024년 6~11세 배분 추정에 인천 전체 연령인구 성장률 적용. 보행권·실제 이용자·신규 수혜가 아님. 후보끼리 합산하지 않음.,13.77,13.77,525.07,12.34,12.34,470.44
CG_00658,126.67567830000041,37.49837889999981,17.12,15.33,다사2744,0.000605003590640184,서구,324.95799999999997,1005,343.5,14169.6,2.0,199.5,0.0,medium,"[""['인천건지초등학교' '인천석남서초등학교']""]",2,21.43,324.95799999999997,1005,source_allocation_v2_20260911,True,unknown,500m 내 재개발 1건: unknown(80m),0.96361,straight_500m,estimated,21.43,424.54,직선 500m 거주 아동 시나리오,2024년 6~11세 배분 추정에 인천 전체 연령인구 성장률 적용. 보행권·실제 이용자·신규 수혜가 아님. 후보끼리 합산하지 않음.,17.12,17.12,339.07,15.33,15.33,303.79
CG_00651,126.67567830000041,37.45787889999987,15.84,14.19,다사2740,0.07997938500244249,서구,490.13599999999997,638,304.6,11182.6,3.0,64.8,0.0,low,['인천주안초등학교'],1,19.83,490.13599999999997,638,source_allocation_v2_20260911,True,planned,500m 내 재개발 1건: planned(372m),2.135025,straight_500m,estimated,19.83,640.34,직선 500m 거주 아동 시나리오,2024년 6~11세 배분 추정에 인천 전체 연령인구 성장률 적용. 보행권·실제 이용자·신규 수혜가 아님. 후보끼리 합산하지 않음.,15.84,15.84,511.42,14.19,14.19,458.21
CG_00608,126.67342830000041,37.45787889999987,7.47,6.69,다사2640,0.000774168925153217,서구,473.56600000000003,674,724.5,13960.9,3.0,64.8,0.0,low,['인천주안초등학교'],1,9.35,473.56600000000003,674,source_allocation_v2_20260911,True,planned,500m 내 재개발 1건: planned(401m),2.135025,straight_500m,estimated,9.35,618.69,직선 500m 거주 아동 시나리오,2024년 6~11세 배분 추정에 인천 전체 연령인구 성장률 적용. 보행권·실제 이용자·신규 수혜가 아님. 후보끼리 합산하지 않음.,7.47,7.47,494.13,6.69,6.69,442.72
CG_00732,126.68017830000042,37.45562889999987,25.2,22.58,다사2739,0.057155284879993655,서구,494.726,630,247.8,12211.0,3.0,64.8,0.0,low,['인천주안초등학교'],1,31.55,494.726,630,source_allocation_v2_20260911,False,none,,2.135025,straight_500m,estimated,31.55,646.33,직선 500m 거주 아동 시나리오,2024년 6~11세 배분 추정에 인천 전체 연령인구 성장률 적용. 보행권·실제 이용자·신규 수혜가 아님. 후보끼리 합산하지 않음.,25.2,25.2,516.21,22.58,22.58,462.5
CG_00557,126.6711783000004,37.45787889999987,37.91,33.97,다사2640,0.0761559611304151,서구,456.86400000000003,708,689.7,6776.4,3.0,64.8,0.0,low,['인천주안초등학교'],1,47.47,456.86400000000003,708,source_allocation_v2_20260911,False,none,,2.135025,straight_500m,estimated,47.47,596.87,직선 500m 거주 아동 시나리오,2024년 6~11세 배분 추정에 인천 전체 연령인구 성장률 적용. 보행권·실제 이용자·신규 수혜가 아님. 후보끼리 합산하지 않음.,37.91,37.91,476.7,33.97,33.97,427.11
CG_00556,126.6711783000004,37.45562889999987,20.85,18.68,다사2639,0.04152721500556375,서구,434.69,762,664.0,6502.0,3.0,64.8,0.0,low,['인천주안초등학교'],1,26.11,434.69,762,source_allocation_v2_20260911,True,unknown,500m 내 재개발 1건: unknown(424m),2.135025,straight_500m,estimated,26.11,567.9,직선 500m 거주 아동 시나리오,2024년 6~11세 배분 추정에 인천 전체 연령인구 성장률 적용. 보행권·실제 이용자·신규 수혜가 아님. 후보끼리 합산하지 않음.,20.85,20.85,453.57,18.68,18.68,406.37
CG_00607,126.67342830000041,37.45562889999987,17.31,15.51,다사2639,0.01074208080879744,서구,505.134,604,884.6,13763.9,3.0,64.8,0.0,low,['인천주안초등학교'],1,21.67,505.134,604,source_allocation_v2_20260911,False,none,,2.135025,straight_500m,estimated,21.67,659.93,직선 500m 거주 아동 시나리오,2024년 6~11세 배분 추정에 인천 전체 연령인구 성장률 적용. 보행권·실제 이용자·신규 수혜가 아님. 후보끼리 합산하지 않음.,17.31,17.31,527.07,15.51,15.51,472.23
CG_00691,126.67792830000042,37.45562889999987,30.2,27.06,다사2739,0.07172689139575386,서구,522.1179999999999,558,1264.9,6322.2,3.0,64.8,0.0,low,['인천주안초등학교'],1,37.81,522.1179999999999,558,source_allocation_v2_20260911,False,none,,2.135025,straight_500m,estimated,37.81,682.12,직선 500m 거주 아동 시나리오,2024년 6~11세 배분 추정에 인천 전체 연령인구 성장률 적용. 보행권·실제 이용자·신규 수혜가 아님. 후보끼리 합산하지 않음.,30.2,30.2,544.79,27.06,27.06,488.11
CG_00692,126.67792830000042,37.45787889999987,24.83,22.25,다사2740,0.10274970254681953,서구,527.856,551,954.8,6835.2,3.0,64.8,0.0,low,['인천주안초등학교'],1,31.09,527.856,551,source_allocation_v2_20260911,True,planned,500m 내 재개발 1건: planned(441m),2.135025,straight_500m,estimated,31.09,689.62,직선 500m 거주 아동 시나리오,2024년 6~11세 배분 추정에 인천 전체 연령인구 성장률 적용. 보행권·실제 이용자·신규 수혜가 아님. 후보끼리 합산하지 않음.,24.83,24.83,550.78,22.25,22.25,493.47
CG_00650,126.67567830000041,37.45562889999987,31.45,28.18,다사2739,0.0008739915755795608,서구,536.5,533,13.7,8033.1,3.0,64.8,0.0,low,['인천주안초등학교'],1,39.38,536.5,533,source_allocation_v2_20260911,False,none,,2.135025,straight_500m,estimated,39.38,700.91,직선 500m 거주 아동 시나리오,2024년 6~11세 배분 추정에 인천 전체 연령인구 성장률 적용. 보행권·실제 이용자·신규 수혜가 아님. 후보끼리 합산하지 않음.,31.45,31.45,559.8,28.18,28.18,501.55
CG_01604,126.74317830000052,37.54787889999973,44.81,40.15,다사3350,0.19035895950966028,계양구,427.61199999999997,778,72.2,11023.1,2.0,253.55,0.0,medium,"[""['인천병방초등학교' '인천양촌초등학교']""]",2,56.11,427.61199999999997,778,source_allocation_v2_20260911,False,none,,1.07913,straight_500m,estimated,56.11,558.65,직선 500m 거주 아동 시나리오,2024년 6~11세 배분 추정에 인천 전체 연령인구 성장률 적용. 보행권·실제 이용자·신규 수혜가 아님. 후보끼리 합산하지 않음.,44.81,44.81,446.18,40.15,40.15,399.76
CG_01568,126.73867830000052,37.55012889999973,18.94,16.97,다사3250,0.1858008855192404,부평구,261.85800000000006,1131,461.7,4082.5,2.0,253.55,0.0,medium,"[""['인천병방초등학교' '인천양촌초등학교']""]",2,23.72,261.85800000000006,1131,source_allocation_v2_20260911,False,none,,1.07913,straight_500m,estimated,23.72,342.1,직선 500m 거주 아동 시나리오,2024년 6~11세 배분 추정에 인천 전체 연령인구 성장률 적용. 보행권·실제 이용자·신규 수혜가 아님. 후보끼리 합산하지 않음.,18.94,18.94,273.23,16.97,16.97,244.8
CG_01588,126.74092830000052,37.55012889999973,31.16,27.91,다사3250,0.0755964955310601,계양구,288.32,1079,356.3,12145.1,2.0,253.55,0.0,medium,"[""['인천병방초등학교' '인천양촌초등학교']""]",2,39.01,288.32,1079,source_allocation_v2_20260911,False,none,,1.07913,straight_500m,estimated,39.01,376.68,직선 500m 거주 아동 시나리오,2024년 6~11세 배분 추정에 인천 전체 연령인구 성장률 적용. 보행권·실제 이용자·신규 수혜가 아님. 후보끼리 합산하지 않음.,31.16,31.16,300.84,27.91,27.91,269.54
CG_01587,126.74092830000052,37.54787889999973,20.33,18.21,다사3250,0.008866827386506368,계양구,519.46,564,498.6,11147.0,2.0,253.55,0.0,medium,"[""['인천병방초등학교' '인천양촌초등학교']""]",2,25.45,519.46,564,source_allocation_v2_20260911,False,none,,1.07913,straight_500m,estimated,25.45,678.65,직선 500m 거주 아동 시나리오,2024년 6~11세 배분 추정에 인천 전체 연령인구 성장률 적용. 보행권·실제 이용자·신규 수혜가 아님. 후보끼리 합산하지 않음.,20.33,20.33,542.02,18.21,18.21,485.62
CG_01605,126.74317830000052,37.55012889999973,25.18,22.56,다사3350,0.10949950217397891,계양구,300.674,1066,60.8,12502.3,2.0,253.55,0.0,medium,"[""['인천병방초등학교' '인천양촌초등학교']""]",2,31.53,300.674,1066,source_allocation_v2_20260911,False,none,,1.07913,straight_500m,estimated,31.53,392.82,직선 500m 거주 아동 시나리오,2024년 6~11세 배분 추정에 인천 전체 연령인구 성장률 적용. 보행권·실제 이용자·신규 수혜가 아님. 후보끼리 합산하지 않음.,25.18,25.18,313.73,22.56,22.56,281.09
CG_00163,126.63292830000034,37.47587889999984,5.38,4.82,다사2342,0.11240519558093542,서구,382.41599999999994,873,148.4,9152.8,3.0,281.0,2.0,low,['인천송림초등학교'],1,6.74,382.41599999999994,873,source_allocation_v2_20260911,True,unknown,"500m 내 재개발 4건: unknown(450m), unknown(376m), unknown(462m)",3.71412,straight_500m,estimated,6.74,499.61,직선 500m 거주 아동 시나리오,2024년 6~11세 배분 추정에 인천 전체 연령인구 성장률 적용. 보행권·실제 이용자·신규 수혜가 아님. 후보끼리 합산하지 않음.,5.38,5.38,399.02,4.82,4.82,357.51
CG_00180,126.63517830000035,37.47587889999984,26.53,23.77,다사2342,0.00023957522101738615,연수구,431.732,769,114.3,3986.4,3.0,281.0,2.0,low,['인천송림초등학교'],1,33.22,431.732,769,source_allocation_v2_20260911,True,unknown,"500m 내 재개발 3건: unknown(444m), unknown(367m), unknown(229m)",3.71412,straight_500m,estimated,33.22,564.04,직선 500m 거주 아동 시나리오,2024년 6~11세 배분 추정에 인천 전체 연령인구 성장률 적용. 보행권·실제 이용자·신규 수혜가 아님. 후보끼리 합산하지 않음.,26.53,26.53,450.48,23.77,23.77,403.61
CG_00162,126.63292830000034,37.473628899999845,11.29,10.12,다사2341,0.0757150335274651,서구,253.78,1144,505.4,8179.8,3.0,281.0,2.0,low,['인천송림초등학교'],1,14.14,253.78,1144,source_allocation_v2_20260911,True,unknown,"500m 내 재개발 4건: unknown(217m), unknown(159m), unknown(397m)",3.71412,straight_500m,estimated,14.14,331.55,직선 500m 거주 아동 시나리오,2024년 6~11세 배분 추정에 인천 전체 연령인구 성장률 적용. 보행권·실제 이용자·신규 수혜가 아님. 후보끼리 합산하지 않음.,11.29,11.29,264.8,10.12,10.12,237.25
CG_00220,126.63967830000036,37.46912889999985,26.28,23.55,다사2341,0.08581915269471539,미추홀구,235.648,1175,708.3,1559.5,2.0,174.25,0.0,medium,"[""['인천창영초등학교' '영화초등학교']""]",2,32.91,235.648,1175,source_allocation_v2_20260911,True,planned,"500m 내 재개발 4건: unknown(70m), unknown(491m), unknown(190m)",0.325029,straight_500m,estimated,32.91,307.86,직선 500m 거주 아동 시나리오,2024년 6~11세 배분 추정에 인천 전체 연령인구 성장률 적용. 보행권·실제 이용자·신규 수혜가 아님. 후보끼리 합산하지 않음.,26.28,26.28,245.88,23.55,23.55,220.3
CG_00261,126.64417830000036,37.46912889999985,0.55,0.49,다사2441,0.1557215743002705,연수구,259.472,1136,291.8,3128.5,2.0,174.25,0.0,medium,"[""['인천창영초등학교' '영화초등학교']""]",2,0.69,259.472,1136,source_allocation_v2_20260911,True,planned,"500m 내 재개발 4건: unknown(328m), planned(334m), unknown(484m)",0.325029,straight_500m,estimated,0.69,338.99,직선 500m 거주 아동 시나리오,2024년 6~11세 배분 추정에 인천 전체 연령인구 성장률 적용. 보행권·실제 이용자·신규 수혜가 아님. 후보끼리 합산하지 않음.,0.55,0.55,270.74,0.49,0.49,242.57
CG_00241,126.64192830000036,37.46912889999985,7.94,7.11,다사2441,0.19845195572323762,연수구,229.446,1190,222.8,3636.4,2.0,174.25,0.0,medium,"[""['인천창영초등학교' '영화초등학교']""]",2,9.94,229.446,1190,source_allocation_v2_20260911,True,planned,"500m 내 재개발 4건: unknown(129m), planned(432m), unknown(309m)",0.325029,straight_500m,estimated,9.94,299.76,직선 500m 거주 아동 시나리오,2024년 6~11세 배분 추정에 인천 전체 연령인구 성장률 적용. 보행권·실제 이용자·신규 수혜가 아님. 후보끼리 합산하지 않음.,7.94,7.94,239.41,7.11,7.11,214.5
CG_01597,126.74317830000052,37.48262889999983,76.77,68.78,다사3342,0.35038899772978527,부평구,406.256,827,481.7,7146.9,2.0,218.4,0.0,low,['인천일신초등학교'],1,96.12,406.256,827,source_allocation_v2_20260911,True,unknown,500m 내 재개발 1건: unknown(277m),0.963834,straight_500m,estimated,96.12,530.75,직선 500m 거주 아동 시나리오,2024년 6~11세 배분 추정에 인천 전체 연령인구 성장률 적용. 보행권·실제 이용자·신규 수혜가 아님. 후보끼리 합산하지 않음.,76.77,76.77,423.9,68.78,68.78,379.79
CG_01615,126.74542830000053,37.48487889999983,20.61,18.47,다사3343,0.06843349355436718,부평구,353.174,936,380.6,7865.2,2.0,218.4,0.0,low,['인천일신초등학교'],1,25.81,353.174,936,source_allocation_v2_20260911,True,unknown,500m 내 재개발 1건: unknown(461m),0.963834,straight_500m,estimated,25.81,461.4,직선 500m 거주 아동 시나리오,2024년 6~11세 배분 추정에 인천 전체 연령인구 성장률 적용. 보행권·실제 이용자·신규 수혜가 아님. 후보끼리 합산하지 않음.,20.61,20.61,368.51,18.47,18.47,330.17
CG_01636,126.74767830000053,37.48487889999983,4.95,4.44,다사3343,0.0,,237.18,1173,,,2.0,218.4,0.0,low,['인천일신초등학교'],1,6.2,237.18,1173,source_allocation_v2_20260911,False,none,,0.963834,straight_500m,estimated,6.2,309.86,직선 500m 거주 아동 시나리오,2024년 6~11세 배분 추정에 인천 전체 연령인구 성장률 적용. 보행권·실제 이용자·신규 수혜가 아님. 후보끼리 합산하지 않음.,4.95,4.95,247.48,4.44,4.44,221.73
CG_00216,126.63967830000036,37.460128899999866,20.89,18.71,다사2340,0.20250812821623465,연수구,559.358,484,378.9,4255.0,1.0,533.7,7.0,high,['인천신광초등학교'],1,26.15,559.358,484,source_allocation_v2_20260911,True,completed,"500m 내 재개발 2건: unknown(364m), completed(349m)",0.0,straight_500m,estimated,26.15,730.77,직선 500m 거주 아동 시나리오,2024년 6~11세 배분 추정에 인천 전체 연령인구 성장률 적용. 보행권·실제 이용자·신규 수혜가 아님. 후보끼리 합산하지 않음.,20.89,20.89,583.65,18.71,18.71,522.92
CG_00217,126.63967830000036,37.46237889999986,52.41,46.96,다사2340,0.15030367905889677,연수구,413.074,811,406.6,3854.8,1.0,533.7,7.0,high,['인천신광초등학교'],1,65.62,413.074,811,source_allocation_v2_20260911,False,none,,0.0,straight_500m,estimated,65.62,539.66,직선 500m 거주 아동 시나리오,2024년 6~11세 배분 추정에 인천 전체 연령인구 성장률 적용. 보행권·실제 이용자·신규 수혜가 아님. 후보끼리 합산하지 않음.,52.41,52.41,431.01,46.96,46.96,386.17
CG_00158,126.63292830000034,37.46462889999986,36.08,32.33,다사2340,0.0782164107422967,동구,249.14,1151,245.2,892.3,1.0,533.7,7.0,high,['인천신광초등학교'],1,45.18,249.14,1151,source_allocation_v2_20260911,True,unknown,"500m 내 재개발 2건: unknown(26m), unknown(60m)",0.0,straight_500m,estimated,45.18,325.49,직선 500m 거주 아동 시나리오,2024년 6~11세 배분 추정에 인천 전체 연령인구 성장률 적용. 보행권·실제 이용자·신규 수혜가 아님. 후보끼리 합산하지 않음.,36.08,36.08,259.96,32.33,32.33,232.91
CG_00218,126.63967830000036,37.46462889999986,22.34,20.01,다사2340,0.03493921179958336,연수구,352.254,939,409.8,3448.3,1.0,533.7,7.0,high,['인천신광초등학교'],1,27.97,352.254,939,source_allocation_v2_20260911,False,none,,0.0,straight_500m,estimated,27.97,460.2,직선 500m 거주 아동 시나리오,2024년 6~11세 배분 추정에 인천 전체 연령인구 성장률 적용. 보행권·실제 이용자·신규 수혜가 아님. 후보끼리 합산하지 않음.,22.34,22.34,367.55,20.01,20.01,329.31
CG_00176,126.63517830000035,37.46462889999986,13.12,11.76,다사2340,0.10433606133362909,동구,304.64200000000005,1057,60.3,941.0,1.0,533.7,7.0,high,['인천신광초등학교'],1,16.43,304.64200000000005,1057,source_allocation_v2_20260911,True,unknown,"500m 내 재개발 2건: unknown(214m), unknown(247m)",0.0,straight_500m,estimated,16.43,398.0,직선 500m 거주 아동 시나리오,2024년 6~11세 배분 추정에 인천 전체 연령인구 성장률 적용. 보행권·실제 이용자·신규 수혜가 아님. 후보끼리 합산하지 않음.,13.12,13.12,317.87,11.76,11.76,284.8
CG_00195,126.63742830000035,37.460128899999866,11.17,10.0,다사2340,0.1415803305839663,연수구,459.554,704,661.1,4611.9,1.0,533.7,7.0,high,['인천신광초등학교'],1,13.98,459.554,704,source_allocation_v2_20260911,True,completed,"500m 내 재개발 2건: unknown(490m), completed(342m)",0.0,straight_500m,estimated,13.98,600.39,직선 500m 거주 아동 시나리오,2024년 6~11세 배분 추정에 인천 전체 연령인구 성장률 적용. 보행권·실제 이용자·신규 수혜가 아님. 후보끼리 합산하지 않음.,11.17,11.17,479.51,10.0,10.0,429.62
CG_00197,126.63742830000035,37.46462889999986,19.99,17.91,다사2340,0.002576415578082153,연수구,303.632,1059,500.5,3358.4,1.0,533.7,7.0,high,['인천신광초등학교'],1,25.03,303.632,1059,source_allocation_v2_20260911,True,unknown,"500m 내 재개발 2건: unknown(413m), unknown(445m)",0.0,straight_500m,estimated,25.03,396.68,직선 500m 거주 아동 시나리오,2024년 6~11세 배분 추정에 인천 전체 연령인구 성장률 적용. 보행권·실제 이용자·신규 수혜가 아님. 후보끼리 합산하지 않음.,19.99,19.99,316.82,17.91,17.91,283.85
CG_00196,126.63742830000035,37.46237889999986,19.74,17.68,다사2340,0.0869697082523627,연수구,320.828,1017,16.6,3888.7,1.0,533.7,7.0,high,['인천신광초등학교'],1,24.71,320.828,1017,source_allocation_v2_20260911,True,unknown,"500m 내 재개발 2건: unknown(493m), unknown(490m)",0.0,straight_500m,estimated,24.71,419.14,직선 500m 거주 아동 시나리오,2024년 6~11세 배분 추정에 인천 전체 연령인구 성장률 적용. 보행권·실제 이용자·신규 수혜가 아님. 후보끼리 합산하지 않음.,19.74,19.74,334.76,17.68,17.68,299.93
CG_00198,126.63742830000035,37.466878899999855,25.77,23.08,다사2341,0.03130563759740429,미추홀구,276.022,1100,716.2,1561.6,1.0,533.7,7.0,high,['인천신광초등학교'],1,32.26,276.022,1100,source_allocation_v2_20260911,True,unknown,"500m 내 재개발 4건: unknown(370m), unknown(463m), unknown(457m)",0.0,straight_500m,estimated,32.26,360.61,직선 500m 거주 아동 시나리오,2024년 6~11세 배분 추정에 인천 전체 연령인구 성장률 적용. 보행권·실제 이용자·신규 수혜가 아님. 후보끼리 합산하지 않음.,25.77,25.77,288.01,23.08,23.08,258.04
CG_00177,126.63517830000035,37.466878899999855,11.04,9.89,다사2341,0.04347121899202849,동구,346.79,948,329.8,969.8,1.0,533.7,7.0,high,['인천신광초등학교'],1,13.82,346.79,948,source_allocation_v2_20260911,True,unknown,"500m 내 재개발 3건: unknown(379m), unknown(312m), unknown(378m)",0.0,straight_500m,estimated,13.82,453.06,직선 500m 거주 아동 시나리오,2024년 6~11세 배분 추정에 인천 전체 연령인구 성장률 적용. 보행권·실제 이용자·신규 수혜가 아님. 후보끼리 합산하지 않음.,11.04,11.04,361.85,9.89,9.89,324.2
CG_00157,126.63292830000034,37.46237889999986,1.81,1.62,다사2340,0.07529250543384976,동구,169.166,1295,166.8,631.6,1.0,533.7,7.0,high,['인천신광초등학교'],1,2.27,169.166,1295,source_allocation_v2_20260911,True,unknown,"500m 내 재개발 2건: unknown(271m), unknown(215m)",0.0,straight_500m,estimated,2.27,221.01,직선 500m 거주 아동 시나리오,2024년 6~11세 배분 추정에 인천 전체 연령인구 성장률 적용. 보행권·실제 이용자·신규 수혜가 아님. 후보끼리 합산하지 않음.,1.81,1.81,176.51,1.62,1.62,158.15
CG_00175,126.63517830000035,37.46237889999986,5.97,5.35,다사2340,0.042375548177489585,동구,246.966,1154,360.2,839.3,1.0,533.7,7.0,high,['인천신광초등학교'],1,7.47,246.966,1154,source_allocation_v2_20260911,True,unknown,"500m 내 재개발 2건: unknown(345m), unknown(322m)",0.0,straight_500m,estimated,7.47,322.65,직선 500m 거주 아동 시나리오,2024년 6~11세 배분 추정에 인천 전체 연령인구 성장률 적용. 보행권·실제 이용자·신규 수혜가 아님. 후보끼리 합산하지 않음.,5.97,5.97,257.69,5.35,5.35,230.88
CG_00174,126.63517830000035,37.460128899999866,0.02,0.02,다사2340,0.080902000823609,중구,327.192,997,139.7,139.7,1.0,533.7,7.0,high,['인천신광초등학교'],1,0.03,327.192,997,source_allocation_v2_20260911,True,completed,500m 내 재개발 1건: completed(437m),0.0,straight_500m,estimated,0.03,427.46,직선 500m 거주 아동 시나리오,2024년 6~11세 배분 추정에 인천 전체 연령인구 성장률 적용. 보행권·실제 이용자·신규 수혜가 아님. 후보끼리 합산하지 않음.,0.02,0.02,341.4,0.02,0.02,305.88
CG_00026,126.55417830000022,37.48937889999982,36.09,32.34,다사1643,0.22195115182526512,중구,1627.3519999999999,8,228.0,228.0,3.0,235.0,1.0,medium,['인천영종초등학교'],1,45.19,1627.3519999999999,8,source_allocation_v2_20260911,False,none,,1.345141,straight_500m,estimated,45.19,2126.05,직선 500m 거주 아동 시나리오,2024년 6~11세 배분 추정에 인천 전체 연령인구 성장률 적용. 보행권·실제 이용자·신규 수혜가 아님. 후보끼리 합산하지 않음.,36.09,36.09,1698.02,32.34,32.34,1521.35
CG_00025,126.55417830000022,37.487128899999824,170.4,152.68,다사1643,0.23838950617936547,중구,1265.584,47,0.0,0.0,3.0,235.0,1.0,medium,['인천영종초등학교'],1,213.36,1265.584,47,source_allocation_v2_20260911,False,none,,1.345141,straight_500m,estimated,213.36,1653.42,직선 500m 거주 아동 시나리오,2024년 6~11세 배분 추정에 인천 전체 연령인구 성장률 적용. 보행권·실제 이용자·신규 수혜가 아님. 후보끼리 합산하지 않음.,170.4,170.4,1320.54,152.68,152.68,1183.15
CG_00030,126.55642830000022,37.487128899999824,98.09,87.89,다사1643,0.05946568839928533,중구,1148.882,70,252.4,252.4,3.0,235.0,1.0,medium,['인천영종초등학교'],1,122.82,1148.882,70,source_allocation_v2_20260911,False,none,,1.345141,straight_500m,estimated,122.82,1500.96,직선 500m 거주 아동 시나리오,2024년 6~11세 배분 추정에 인천 전체 연령인구 성장률 적용. 보행권·실제 이용자·신규 수혜가 아님. 후보끼리 합산하지 않음.,98.09,98.09,1198.77,87.89,87.89,1074.05
CG_00022,126.55192830000021,37.487128899999824,127.2,113.96,다사1643,0.16765559420228568,중구,1373.3899999999999,31,476.9,476.9,3.0,235.0,1.0,medium,['인천영종초등학교'],1,159.26,1373.3899999999999,31,source_allocation_v2_20260911,False,none,,1.345141,straight_500m,estimated,159.26,1794.26,직선 500m 거주 아동 시나리오,2024년 6~11세 배분 추정에 인천 전체 연령인구 성장률 적용. 보행권·실제 이용자·신규 수혜가 아님. 후보끼리 합산하지 않음.,127.2,127.2,1433.03,113.96,113.96,1283.93
CG_00027,126.55417830000022,37.49162889999982,143.84,128.88,다사1644,0.11325031197259756,중구,1220.262,54,696.0,696.0,3.0,235.0,1.0,medium,['인천영종초등학교'],1,180.1,1220.262,54,source_allocation_v2_20260911,False,none,,1.345141,straight_500m,estimated,180.1,1594.21,직선 500m 거주 아동 시나리오,2024년 6~11세 배분 추정에 인천 전체 연령인구 성장률 적용. 보행권·실제 이용자·신규 수혜가 아님. 후보끼리 합산하지 않음.,143.84,143.84,1273.25,128.88,128.88,1140.78
CG_00031,126.55642830000022,37.48937889999982,22.07,19.77,다사1643,0.011103960291365804,중구,1406.576,28,257.1,257.1,3.0,235.0,1.0,medium,['인천영종초등학교'],1,27.63,1406.576,28,source_allocation_v2_20260911,False,none,,1.345141,straight_500m,estimated,27.63,1837.62,직선 500m 거주 아동 시나리오,2024년 6~11세 배분 추정에 인천 전체 연령인구 성장률 적용. 보행권·실제 이용자·신규 수혜가 아님. 후보끼리 합산하지 않음.,22.07,22.07,1467.66,19.77,19.77,1314.95
CG_01550,126.73867830000052,37.453378899999876,18.02,16.14,다사3239,0.0499235101738455,부평구,209.388,1234,170.4,7501.6,2.0,465.55,1.0,high,"[""['인천장수초등학교' '인천인수초등학교']""]",2,22.56,209.388,1234,source_allocation_v2_20260911,False,none,,2.154514,straight_500m,estimated,22.56,273.56,직선 500m 거주 아동 시나리오,2024년 6~11세 배분 추정에 인천 전체 연령인구 성장률 적용. 보행권·실제 이용자·신규 수혜가 아님. 후보끼리 합산하지 않음.,18.02,18.02,218.48,16.14,16.14,195.75
CG_01390,126.7274283000005,37.51637889999978,4.55,4.08,다사3146,0.20014025837894234,계양구,384.256,870,403.9,8478.8,4.0,385.0,0.0,medium,['인천부평북초등학교'],1,5.7,384.256,870,source_allocation_v2_20260911,True,unknown,500m 내 재개발 1건: unknown(496m),5.239191,straight_500m,estimated,5.7,502.01,직선 500m 거주 아동 시나리오,2024년 6~11세 배분 추정에 인천 전체 연령인구 성장률 적용. 보행권·실제 이용자·신규 수혜가 아님. 후보끼리 합산하지 않음.,4.55,4.55,400.94,4.08,4.08,359.23
CG_01358,126.7251783000005,37.52087889999977,0.06,0.05,다사3147,0.07154227741903647,남동구,212.942,1225,391.1,1717.4,4.0,385.0,0.0,medium,['인천부평북초등학교'],1,0.07,212.942,1225,source_allocation_v2_20260911,True,planned,500m 내 재개발 1건: planned(256m),5.239191,straight_500m,estimated,0.07,278.2,직선 500m 거주 아동 시나리오,2024년 6~11세 배분 추정에 인천 전체 연령인구 성장률 적용. 보행권·실제 이용자·신규 수혜가 아님. 후보끼리 합산하지 않음.,0.06,0.06,222.19,0.05,0.05,199.07
CG_01392,126.7274283000005,37.52087889999977,3.58,3.21,다사3147,0.10445452459121382,계양구,314.828,1033,309.3,8971.1,4.0,385.0,0.0,medium,['인천부평북초등학교'],1,4.48,314.828,1033,source_allocation_v2_20260911,True,planned,500m 내 재개발 1건: planned(95m),5.239191,straight_500m,estimated,4.48,411.31,직선 500m 거주 아동 시나리오,2024년 6~11세 배분 추정에 인천 전체 연령인구 성장률 적용. 보행권·실제 이용자·신규 수혜가 아님. 후보끼리 합산하지 않음.,3.58,3.58,328.5,3.21,3.21,294.32
CG_01431,126.7296783000005,37.52312889999977,23.87,21.39,다사3147,0.058515694049669366,계양구,503.36400000000003,607,510.7,8059.9,4.0,385.0,0.0,medium,['인천부평북초등학교'],1,29.89,503.36400000000003,607,source_allocation_v2_20260911,True,planned,"500m 내 재개발 2건: planned(227m), unknown(458m)",5.239191,straight_500m,estimated,29.89,657.62,직선 500m 거주 아동 시나리오,2024년 6~11세 배분 추정에 인천 전체 연령인구 성장률 적용. 보행권·실제 이용자·신규 수혜가 아님. 후보끼리 합산하지 않음.,23.87,23.87,525.22,21.39,21.39,470.58
CG_01468,126.7319283000005,37.52087889999977,33.34,29.87,다사3247,0.006691595762129746,계양구,501.27199999999993,617,287.0,8046.8,4.0,385.0,0.0,medium,['인천부평북초등학교'],1,41.74,501.27199999999993,617,source_allocation_v2_20260911,True,planned,"500m 내 재개발 4건: planned(366m), planned(491m), unknown(376m)",5.239191,straight_500m,estimated,41.74,654.89,직선 500m 거주 아동 시나리오,2024년 6~11세 배분 추정에 인천 전체 연령인구 성장률 적용. 보행권·실제 이용자·신규 수혜가 아님. 후보끼리 합산하지 않음.,33.34,33.34,523.04,29.87,29.87,468.62
CG_01469,126.7319283000005,37.52312889999977,19.88,17.81,다사3247,0.047563033594715455,계양구,608.182,418,323.9,8259.6,4.0,385.0,0.0,medium,['인천부평북초등학교'],1,24.89,608.182,418,source_allocation_v2_20260911,True,planned,"500m 내 재개발 2건: planned(391m), unknown(466m)",5.239191,straight_500m,estimated,24.89,794.56,직선 500m 거주 아동 시나리오,2024년 6~11세 배분 추정에 인천 전체 연령인구 성장률 적용. 보행권·실제 이용자·신규 수혜가 아님. 후보끼리 합산하지 않음.,19.88,19.88,634.59,17.81,17.81,568.57
CG_01467,126.7319283000005,37.518628899999776,40.96,36.69,다사3246,1.0,계양구,450.182,730,311.5,7801.5,4.0,385.0,0.0,medium,['인천부평북초등학교'],1,51.28,450.182,730,source_allocation_v2_20260911,True,planned,"500m 내 재개발 5건: planned(489m), planned(403m), unknown(263m)",5.239191,straight_500m,estimated,51.28,588.14,직선 500m 거주 아동 시나리오,2024년 6~11세 배분 추정에 인천 전체 연령인구 성장률 적용. 보행권·실제 이용자·신규 수혜가 아님. 후보끼리 합산하지 않음.,40.96,40.96,469.73,36.69,36.69,420.86
CG_01357,126.7251783000005,37.518628899999776,20.75,18.59,다사3146,0.27381404055192776,남동구,223.19799999999998,1208,570.4,1470.9,4.0,385.0,0.0,medium,['인천부평북초등학교'],1,25.98,223.19799999999998,1208,source_allocation_v2_20260911,True,planned,"500m 내 재개발 2건: planned(413m), unknown(457m)",5.239191,straight_500m,estimated,25.98,291.6,직선 500m 거주 아동 시나리오,2024년 6~11세 배분 추정에 인천 전체 연령인구 성장률 적용. 보행권·실제 이용자·신규 수혜가 아님. 후보끼리 합산하지 않음.,20.75,20.75,232.89,18.59,18.59,208.66
CG_01393,126.7274283000005,37.52312889999977,19.56,17.52,다사3147,0.06025819865895155,계양구,383.63,871,790.5,9723.7,4.0,385.0,0.0,medium,['인천부평북초등학교'],1,24.49,383.63,871,source_allocation_v2_20260911,True,planned,500m 내 재개발 1건: planned(169m),5.239191,straight_500m,estimated,24.49,501.19,직선 500m 거주 아동 시나리오,2024년 6~11세 배분 추정에 인천 전체 연령인구 성장률 적용. 보행권·실제 이용자·신규 수혜가 아님. 후보끼리 합산하지 않음.,19.56,19.56,400.29,17.52,17.52,358.64
CG_01429,126.7296783000005,37.518628899999776,42.9,38.43,다사3146,0.13309331226632964,계양구,363.89599999999996,909,520.7,7583.6,4.0,385.0,0.0,medium,['인천부평북초등학교'],1,53.71,363.89599999999996,909,source_allocation_v2_20260911,True,planned,"500m 내 재개발 3건: planned(370m), unknown(461m), unknown(382m)",5.239191,straight_500m,estimated,53.71,475.41,직선 500m 거주 아동 시나리오,2024년 6~11세 배분 추정에 인천 전체 연령인구 성장률 적용. 보행권·실제 이용자·신규 수혜가 아님. 후보끼리 합산하지 않음.,42.9,42.9,379.7,38.43,38.43,340.19
CG_01428,126.7296783000005,37.51637889999978,4.33,3.88,다사3146,0.14712415755417327,계양구,427.202,779,571.3,7376.1,4.0,385.0,0.0,medium,['인천부평북초등학교'],1,5.42,427.202,779,source_allocation_v2_20260911,True,unknown,500m 내 재개발 1건: unknown(451m),5.239191,straight_500m,estimated,5.42,558.12,직선 500m 거주 아동 시나리오,2024년 6~11세 배분 추정에 인천 전체 연령인구 성장률 적용. 보행권·실제 이용자·신규 수혜가 아님. 후보끼리 합산하지 않음.,4.33,4.33,445.75,3.88,3.88,399.38
CG_01391,126.7274283000005,37.518628899999776,19.67,17.62,다사3146,0.24582823124862696,계양구,276.284,1099,242.3,8704.2,4.0,385.0,0.0,medium,['인천부평북초등학교'],1,24.63,276.284,1099,source_allocation_v2_20260911,True,planned,500m 내 재개발 1건: planned(338m),5.239191,straight_500m,estimated,24.63,360.95,직선 500m 거주 아동 시나리오,2024년 6~11세 배분 추정에 인천 전체 연령인구 성장률 적용. 보행권·실제 이용자·신규 수혜가 아님. 후보끼리 합산하지 않음.,19.67,19.67,288.28,17.62,17.62,258.29
CG_01008,126.70267830000046,37.49612889999981,12.36,11.07,다사2944,0.11734149637351389,남동구,311.654,1041,271.7,271.7,2.0,343.0,0.0,medium,['인천산곡남초등학교'],1,15.47,311.654,1041,source_allocation_v2_20260911,True,completed,"500m 내 재개발 2건: unknown(136m), completed(286m)",0.0,straight_500m,estimated,15.47,407.16,직선 500m 거주 아동 시나리오,2024년 6~11세 배분 추정에 인천 전체 연령인구 성장률 적용. 보행권·실제 이용자·신규 수혜가 아님. 후보끼리 합산하지 않음.,12.36,12.36,325.19,11.07,11.07,291.35
CG_01007,126.70267830000046,37.493878899999814,14.52,13.01,다사2944,0.11037136673056874,남동구,294.178,1071,147.8,147.8,2.0,343.0,0.0,medium,['인천산곡남초등학교'],1,18.18,294.178,1071,source_allocation_v2_20260911,True,planned,"500m 내 재개발 3건: planned(354m), unknown(360m), completed(488m)",0.0,straight_500m,estimated,18.18,384.33,직선 500m 거주 아동 시나리오,2024년 6~11세 배분 추정에 인천 전체 연령인구 성장률 적용. 보행권·실제 이용자·신규 수혜가 아님. 후보끼리 합산하지 않음.,14.52,14.52,306.95,13.01,13.01,275.02
CG_01009,126.70267830000046,37.49837889999981,46.04,41.25,다사2944,0.08320601903324248,남동구,449.126,732,740.1,740.1,2.0,343.0,0.0,medium,['인천산곡남초등학교'],1,57.64,449.126,732,source_allocation_v2_20260911,True,completed,"500m 내 재개발 2건: unknown(178m), completed(225m)",0.0,straight_500m,estimated,57.64,586.76,직선 500m 거주 아동 시나리오,2024년 6~11세 배분 추정에 인천 전체 연령인구 성장률 적용. 보행권·실제 이용자·신규 수혜가 아님. 후보끼리 합산하지 않음.,46.04,46.04,468.63,41.25,41.25,419.87
CG_01040,126.70492830000046,37.49162889999982,27.83,24.93,다사2943,0.964183344021195,남동구,519.096,565,86.7,86.7,2.0,343.0,0.0,medium,['인천산곡남초등학교'],1,34.84,519.096,565,source_allocation_v2_20260911,True,planned,"500m 내 재개발 2건: planned(96m), unknown(399m)",0.0,straight_500m,estimated,34.84,678.17,직선 500m 거주 아동 시나리오,2024년 6~11세 배분 추정에 인천 전체 연령인구 성장률 적용. 보행권·실제 이용자·신규 수혜가 아님. 후보끼리 합산하지 않음.,27.83,27.83,541.64,24.93,24.93,485.28
CG_01076,126.70717830000046,37.49837889999981,49.67,44.5,다사2944,0.07101572574225899,남동구,645.72,371,181.9,842.9,2.0,343.0,0.0,medium,['인천산곡남초등학교'],1,62.19,645.72,371,source_allocation_v2_20260911,True,completed,"500m 내 재개발 2건: unknown(340m), completed(192m)",0.0,straight_500m,estimated,62.19,843.6,직선 500m 거주 아동 시나리오,2024년 6~11세 배분 추정에 인천 전체 연령인구 성장률 적용. 보행권·실제 이용자·신규 수혜가 아님. 후보끼리 합산하지 않음.,49.67,49.67,673.76,44.5,44.5,603.66
CG_01043,126.70492830000046,37.49837889999981,39.81,35.67,다사2944,0.2517552629230261,남동구,615.356,411,72.5,72.5,2.0,343.0,0.0,medium,['인천산곡남초등학교'],1,49.85,615.356,411,source_allocation_v2_20260911,True,completed,"500m 내 재개발 2건: unknown(185m), completed(64m)",0.0,straight_500m,estimated,49.85,803.93,직선 500m 거주 아동 시나리오,2024년 6~11세 배분 추정에 인천 전체 연령인구 성장률 적용. 보행권·실제 이용자·신규 수혜가 아님. 후보끼리 합산하지 않음.,39.81,39.81,642.08,35.67,35.67,575.27
CG_00340,126.65317830000038,37.460128899999866,28.4,25.45,다사2540,0.09545215993273731,서구,389.038,862,171.1,10362.8,4.0,50.0,0.0,medium,['인천용정초등학교'],1,35.56,389.038,862,source_allocation_v2_20260911,True,planned,"500m 내 재개발 3건: unknown(300m), unknown(328m), planned(72m)",5.034925,straight_500m,estimated,35.56,508.26,직선 500m 거주 아동 시나리오,2024년 6~11세 배분 추정에 인천 전체 연령인구 성장률 적용. 보행권·실제 이용자·신규 수혜가 아님. 후보끼리 합산하지 않음.,28.4,28.4,405.93,25.45,25.45,363.7
CG_00339,126.65317830000038,37.45787889999987,21.57,19.33,다사2540,0.05434875237119164,서구,381.108,874,415.5,9990.2,4.0,50.0,0.0,medium,['인천용정초등학교'],1,27.01,381.108,874,source_allocation_v2_20260911,True,planned,"500m 내 재개발 3건: unknown(403m), planned(178m), planned(319m)",5.034925,straight_500m,estimated,27.01,497.9,직선 500m 거주 아동 시나리오,2024년 6~11세 배분 추정에 인천 전체 연령인구 성장률 적용. 보행권·실제 이용자·신규 수혜가 아님. 후보끼리 합산하지 않음.,21.57,21.57,397.66,19.33,19.33,356.28
CG_00371,126.65542830000038,37.45562889999987,12.67,11.36,다사2539,0.060492436791165116,서구,256.03,1140,618.2,8106.3,4.0,50.0,0.0,medium,['인천용정초등학교'],1,15.87,256.03,1140,source_allocation_v2_20260911,True,planned,"500m 내 재개발 2건: planned(473m), planned(21m)",5.034925,straight_500m,estimated,15.87,334.49,직선 500m 거주 아동 시나리오,2024년 6~11세 배분 추정에 인천 전체 연령인구 성장률 적용. 보행권·실제 이용자·신규 수혜가 아님. 후보끼리 합산하지 않음.,12.67,12.67,267.15,11.36,11.36,239.35
CG_00338,126.65317830000038,37.45562889999987,17.74,15.89,다사2539,0.16819799890863696,서구,333.03,983,603.2,7456.9,4.0,50.0,0.0,medium,['인천용정초등학교'],1,22.21,333.03,983,source_allocation_v2_20260911,True,planned,"500m 내 재개발 2건: planned(427m), planned(215m)",5.034925,straight_500m,estimated,22.21,435.09,직선 500m 거주 아동 시나리오,2024년 6~11세 배분 추정에 인천 전체 연령인구 성장률 적용. 보행권·실제 이용자·신규 수혜가 아님. 후보끼리 합산하지 않음.,17.74,17.74,347.49,15.89,15.89,311.34
CG_00372,126.65542830000038,37.45787889999987,48.14,43.13,다사2540,0.052553802222153015,서구,315.526,1032,222.4,10157.1,4.0,50.0,0.0,medium,['인천용정초등학교'],1,60.28,315.526,1032,source_allocation_v2_20260911,True,planned,"500m 내 재개발 2건: planned(269m), planned(237m)",5.034925,straight_500m,estimated,60.28,412.22,직선 500m 거주 아동 시나리오,2024년 6~11세 배분 추정에 인천 전체 연령인구 성장률 적용. 보행권·실제 이용자·신규 수혜가 아님. 후보끼리 합산하지 않음.,48.14,48.14,329.23,43.13,43.13,294.97
CG_00418,126.65992830000039,37.45787889999987,5.95,5.33,다사2540,0.052772565150774546,미추홀구,244.99,1162,1014.9,2758.4,4.0,50.0,0.0,medium,['인천용정초등학교'],1,7.45,244.99,1162,source_allocation_v2_20260911,True,planned,500m 내 재개발 1건: planned(449m),5.034925,straight_500m,estimated,7.45,320.07,직선 500m 거주 아동 시나리오,2024년 6~11세 배분 추정에 인천 전체 연령인구 성장률 적용. 보행권·실제 이용자·신규 수혜가 아님. 후보끼리 합산하지 않음.,5.95,5.95,255.63,5.33,5.33,229.03
CG_00399,126.65767830000038,37.45787889999987,15.27,13.68,다사2540,0.09947792899607584,미추홀구,301.23,1064,1002.2,1844.1,4.0,50.0,0.0,medium,['인천용정초등학교'],1,19.12,301.23,1064,source_allocation_v2_20260911,True,planned,"500m 내 재개발 2건: planned(439m), planned(299m)",5.034925,straight_500m,estimated,19.12,393.54,직선 500m 거주 아동 시나리오,2024년 6~11세 배분 추정에 인천 전체 연령인구 성장률 적용. 보행권·실제 이용자·신규 수혜가 아님. 후보끼리 합산하지 않음.,15.27,15.27,314.31,13.68,13.68,281.61
CG_00417,126.65992830000039,37.45562889999987,13.37,11.98,다사2539,0.16696640998169482,미추홀구,207.22,1236,329.4,2820.3,4.0,50.0,0.0,medium,['인천용정초등학교'],1,16.74,207.22,1236,source_allocation_v2_20260911,True,planned,500m 내 재개발 1건: planned(383m),5.034925,straight_500m,estimated,16.74,270.72,직선 500m 거주 아동 시나리오,2024년 6~11세 배분 추정에 인천 전체 연령인구 성장률 적용. 보행권·실제 이용자·신규 수혜가 아님. 후보끼리 합산하지 않음.,13.37,13.37,216.22,11.98,11.98,193.72
CG_00398,126.65767830000038,37.45562889999987,11.25,10.08,다사2539,0.06829659849779833,미추홀구,216.13600000000002,1220,852.4,1937.2,4.0,50.0,0.0,medium,['인천용정초등학교'],1,14.08,216.13600000000002,1220,source_allocation_v2_20260911,True,planned,500m 내 재개발 1건: planned(184m),5.034925,straight_500m,estimated,14.08,282.37,직선 500m 거주 아동 시나리오,2024년 6~11세 배분 추정에 인천 전체 연령인구 성장률 적용. 보행권·실제 이용자·신규 수혜가 아님. 후보끼리 합산하지 않음.,11.25,11.25,225.52,10.08,10.08,202.06
CG_00419,126.65992830000039,37.460128899999866,23.03,20.63,다사2540,0.060614625310011896,미추홀구,321.02,1016,541.8,2606.3,4.0,50.0,0.0,medium,['인천용정초등학교'],1,28.83,321.02,1016,source_allocation_v2_20260911,False,none,,5.034925,straight_500m,estimated,28.83,419.4,직선 500m 거주 아동 시나리오,2024년 6~11세 배분 추정에 인천 전체 연령인구 성장률 적용. 보행권·실제 이용자·신규 수혜가 아님. 후보끼리 합산하지 않음.,23.03,23.03,334.96,20.63,20.63,300.11
CG_01376,126.7274283000005,37.45787889999987,38.58,34.56,다사3140,0.06761858934898211,부평구,584.384,446,198.9,3938.6,2.0,384.0,0.0,medium,['인천만수북초등학교'],1,48.3,584.384,446,source_allocation_v2_20260911,True,unknown,"500m 내 재개발 3건: unknown(494m), unknown(458m), unknown(48m)",0.0,straight_500m,estimated,48.3,763.47,직선 500m 거주 아동 시나리오,2024년 6~11세 배분 추정에 인천 전체 연령인구 성장률 적용. 보행권·실제 이용자·신규 수혜가 아님. 후보끼리 합산하지 않음.,38.58,38.58,609.76,34.56,34.56,546.32
CG_00984,126.70042830000045,37.52312889999977,29.1,26.08,다사2947,0.1398066563237138,남동구,238.83800000000002,1171,528.1,497.3,3.0,113.7,0.0,low,['인천청천초등학교'],1,36.44,238.83800000000002,1171,source_allocation_v2_20260911,True,planned,"500m 내 재개발 3건: unknown(377m), planned(478m), unknown(308m)",3.308097,straight_500m,estimated,36.44,312.03,직선 500m 거주 아동 시나리오,2024년 6~11세 배분 추정에 인천 전체 연령인구 성장률 적용. 보행권·실제 이용자·신규 수혜가 아님. 후보끼리 합산하지 않음.,29.1,29.1,249.21,26.08,26.08,223.28
CG_01049,126.70492830000046,37.518628899999776,60.32,54.04,다사2946,0.019237009459247556,부평구,602.228,425,420.7,760.0,3.0,113.7,0.0,low,['인천청천초등학교'],1,75.52,602.228,425,source_allocation_v2_20260911,True,completed,"500m 내 재개발 3건: unknown(291m), unknown(158m), completed(323m)",3.308097,straight_500m,estimated,75.52,786.78,직선 500m 거주 아동 시나리오,2024년 6~11세 배분 추정에 인천 전체 연령인구 성장률 적용. 보행권·실제 이용자·신규 수혜가 아님. 후보끼리 합산하지 않음.,60.32,60.32,628.38,54.04,54.04,563.0
CG_00919,126.69592830000045,37.52087889999977,17.24,15.45,다사2847,1.0,서구,123.08600000000001,1354,304.3,17526.0,3.0,113.7,0.0,low,['인천청천초등학교'],1,21.59,123.08600000000001,1354,source_allocation_v2_20260911,True,planned,500m 내 재개발 1건: planned(184m),3.308097,straight_500m,estimated,21.59,160.81,직선 500m 거주 아동 시나리오,2024년 6~11세 배분 추정에 인천 전체 연령인구 성장률 적용. 보행권·실제 이용자·신규 수혜가 아님. 후보끼리 합산하지 않음.,17.24,17.24,128.43,15.45,15.45,115.07
CG_01015,126.70267830000046,37.518628899999776,39.89,35.74,다사2946,0.14699817544239419,부평구,489.378,643,389.4,432.6,3.0,113.7,0.0,low,['인천청천초등학교'],1,49.95,489.378,643,source_allocation_v2_20260911,True,unknown,"500m 내 재개발 2건: unknown(161m), unknown(94m)",3.308097,straight_500m,estimated,49.95,639.35,직선 500m 거주 아동 시나리오,2024년 6~11세 배분 추정에 인천 전체 연령인구 성장률 적용. 보행권·실제 이용자·신규 수혜가 아님. 후보끼리 합산하지 않음.,39.89,39.89,510.63,35.74,35.74,457.5
CG_01050,126.70492830000046,37.52087889999977,16.68,14.94,다사2947,0.10714683976925324,부평구,403.47,832,134.6,1006.9,3.0,113.7,0.0,low,['인천청천초등학교'],1,20.88,403.47,832,source_allocation_v2_20260911,True,completed,"500m 내 재개발 3건: unknown(265m), unknown(352m), completed(303m)",3.308097,straight_500m,estimated,20.88,527.11,직선 500m 거주 아동 시나리오,2024년 6~11세 배분 추정에 인천 전체 연령인구 성장률 적용. 보행권·실제 이용자·신규 수혜가 아님. 후보끼리 합산하지 않음.,16.68,16.68,420.99,14.94,14.94,377.19
CG_01017,126.70267830000046,37.52312889999977,4.85,4.34,다사2947,0.1323411075042961,부평구,270.678,1111,58.2,1030.5,3.0,113.7,0.0,low,['인천청천초등학교'],1,6.07,270.678,1111,source_allocation_v2_20260911,True,unknown,"500m 내 재개발 2건: unknown(349m), unknown(323m)",3.308097,straight_500m,estimated,6.07,353.63,직선 500m 거주 아동 시나리오,2024년 6~11세 배분 추정에 인천 전체 연령인구 성장률 적용. 보행권·실제 이용자·신규 수혜가 아님. 후보끼리 합산하지 않음.,4.85,4.85,282.43,4.34,4.34,253.05
CG_01016,126.70267830000046,37.52087889999977,22.35,20.02,다사2947,0.12193870163525387,부평구,350.44000000000005,945,336.1,757.8,3.0,113.7,0.0,low,['인천청천초등학교'],1,27.98,350.44000000000005,945,source_allocation_v2_20260911,True,completed,"500m 내 재개발 3건: unknown(108m), unknown(329m), completed(495m)",3.308097,straight_500m,estimated,27.98,457.83,직선 500m 거주 아동 시나리오,2024년 6~11세 배분 추정에 인천 전체 연령인구 성장률 적용. 보행권·실제 이용자·신규 수혜가 아님. 후보끼리 합산하지 않음.,22.35,22.35,365.66,20.02,20.02,327.61
CG_00951,126.69817830000045,37.52087889999977,14.59,13.07,다사2947,0.0032569605486858894,연수구,173.68599999999998,1290,280.1,1045.1,3.0,113.7,0.0,low,['인천청천초등학교'],1,18.27,173.68599999999998,1290,source_allocation_v2_20260911,True,planned,"500m 내 재개발 2건: unknown(363m), planned(321m)",3.308097,straight_500m,estimated,18.27,226.91,직선 500m 거주 아동 시나리오,2024년 6~11세 배분 추정에 인천 전체 연령인구 성장률 적용. 보행권·실제 이용자·신규 수혜가 아님. 후보끼리 합산하지 않음.,14.59,14.59,181.23,13.07,13.07,162.37
CG_00952,126.69817830000045,37.52312889999977,17.07,15.29,다사2947,0.17856904327398074,연수구,197.014,1257,392.7,998.0,3.0,113.7,0.0,low,['인천청천초등학교'],1,21.37,197.014,1257,source_allocation_v2_20260911,True,planned,"500m 내 재개발 3건: unknown(492m), planned(284m), unknown(405m)",3.308097,straight_500m,estimated,21.37,257.39,직선 500m 거주 아동 시나리오,2024년 6~11세 배분 추정에 인천 전체 연령인구 성장률 적용. 보행권·실제 이용자·신규 수혜가 아님. 후보끼리 합산하지 않음.,17.07,17.07,205.57,15.29,15.29,184.18
CG_00950,126.69817830000045,37.518628899999776,0.2,0.18,다사2946,0.0,서구,195.852,1258,1282.0,18503.8,3.0,113.7,0.0,low,['인천청천초등학교'],1,0.25,195.852,1258,source_allocation_v2_20260911,True,planned,"500m 내 재개발 3건: unknown(382m), unknown(463m), planned(500m)",3.308097,straight_500m,estimated,0.25,255.87,직선 500m 거주 아동 시나리오,2024년 6~11세 배분 추정에 인천 전체 연령인구 성장률 적용. 보행권·실제 이용자·신규 수혜가 아님. 후보끼리 합산하지 않음.,0.2,0.2,204.36,0.18,0.18,183.09
CG_00982,126.70042830000045,37.518628899999776,1.73,1.55,다사2946,0.08620501046579496,남동구,351.096,941,344.7,344.7,3.0,113.7,0.0,low,['인천청천초등학교'],1,2.17,351.096,941,source_allocation_v2_20260911,True,unknown,"500m 내 재개발 2건: unknown(215m), unknown(268m)",3.308097,straight_500m,estimated,2.17,458.69,직선 500m 거주 아동 시나리오,2024년 6~11세 배분 추정에 인천 전체 연령인구 성장률 적용. 보행권·실제 이용자·신규 수혜가 아님. 후보끼리 합산하지 않음.,1.73,1.73,366.34,1.55,1.55,328.23
CG_00598,126.67342830000041,37.4353789,,,다사2637,0.15776856890239158,서구,108.462,1370,616.6,6609.8,4.0,56.9,0.0,low,['인천백학초등학교'],1,,108.462,1370,source_allocation_v2_20260911,False,none,,8.530424,straight_500m,estimated,,141.7,직선 500m 거주 아동 시나리오,2024년 6~11세 배분 추정에 인천 전체 연령인구 성장률 적용. 보행권·실제 이용자·신규 수혜가 아님. 후보끼리 합산하지 않음.,,,113.17,,,101.4
CG_00548,126.6711783000004,37.4353789,,,다사2637,0.029720299035129537,서구,111.374,1363,355.5,3880.1,4.0,56.9,0.0,low,['인천백학초등학교'],1,,111.374,1363,source_allocation_v2_20260911,False,none,,8.530424,straight_500m,estimated,,145.5,직선 500m 거주 아동 시나리오,2024년 6~11세 배분 추정에 인천 전체 연령인구 성장률 적용. 보행권·실제 이용자·신규 수혜가 아님. 후보끼리 합산하지 않음.,,,116.21,,,104.12
CG_00549,126.6711783000004,37.4376289,16.25,14.56,다사2637,0.13505955695178964,서구,254.286,1143,170.0,4065.7,4.0,56.9,0.0,low,['인천백학초등학교'],1,20.35,254.286,1143,source_allocation_v2_20260911,False,none,,8.530424,straight_500m,estimated,20.35,332.21,직선 500m 거주 아동 시나리오,2024년 6~11세 배분 추정에 인천 전체 연령인구 성장률 적용. 보행권·실제 이용자·신규 수혜가 아님. 후보끼리 합산하지 않음.,16.25,16.25,265.33,14.56,14.56,237.72
CG_00505,126.6689283000004,37.442128899999894,5.3,4.74,다사2638,0.07016255221700304,미추홀구,374.728,883,358.2,3363.8,4.0,56.9,0.0,low,['인천백학초등학교'],1,6.63,374.728,883,source_allocation_v2_20260911,True,completed,"500m 내 재개발 3건: unknown(456m), unknown(381m), completed(196m)",8.530424,straight_500m,estimated,6.63,489.56,직선 500m 거주 아동 시나리오,2024년 6~11세 배분 추정에 인천 전체 연령인구 성장률 적용. 보행권·실제 이용자·신규 수혜가 아님. 후보끼리 합산하지 않음.,5.3,5.3,391.0,4.74,4.74,350.32
CG_00502,126.6689283000004,37.4353789,,,다사2637,0.1301601790885155,연수구,97.63,1381,267.3,600.2,4.0,56.9,0.0,low,['인천백학초등학교'],1,,97.63,1381,source_allocation_v2_20260911,False,none,,8.530424,straight_500m,estimated,,127.55,직선 500m 거주 아동 시나리오,2024년 6~11세 배분 추정에 인천 전체 연령인구 성장률 적용. 보행권·실제 이용자·신규 수혜가 아님. 후보끼리 합산하지 않음.,,,101.87,,,91.27
CG_00466,126.6666783000004,37.4398788999999,38.98,34.93,다사2638,0.11998707942719411,서구,329.64799999999997,989,791.8,8454.1,4.0,56.9,0.0,low,['인천백학초등학교'],1,48.81,329.64799999999997,989,source_allocation_v2_20260911,True,completed,"500m 내 재개발 2건: unknown(253m), completed(476m)",8.530424,straight_500m,estimated,48.81,430.67,직선 500m 거주 아동 시나리오,2024년 6~11세 배분 추정에 인천 전체 연령인구 성장률 적용. 보행권·실제 이용자·신규 수혜가 아님. 후보끼리 합산하지 않음.,38.98,38.98,343.96,34.93,34.93,308.18
CG_00504,126.6689283000004,37.4398788999999,33.14,29.69,다사2638,0.09583208004766654,연수구,316.592,1027,627.0,684.4,4.0,56.9,0.0,low,['인천백학초등학교'],1,41.49,316.592,1027,source_allocation_v2_20260911,True,completed,"500m 내 재개발 2건: unknown(443m), completed(331m)",8.530424,straight_500m,estimated,41.49,413.61,직선 500m 거주 아동 시나리오,2024년 6~11세 배분 추정에 인천 전체 연령인구 성장률 적용. 보행권·실제 이용자·신규 수혜가 아님. 후보끼리 합산하지 않음.,33.14,33.14,330.34,29.69,29.69,295.97
CG_00465,126.6666783000004,37.4376289,6.45,5.77,다사2637,0.07972466805667308,서구,211.84,1229,811.7,7979.3,4.0,56.9,0.0,low,['인천백학초등학교'],1,8.07,211.84,1229,source_allocation_v2_20260911,True,unknown,500m 내 재개발 1건: unknown(420m),8.530424,straight_500m,estimated,8.07,276.76,직선 500m 거주 아동 시나리오,2024년 6~11세 배분 추정에 인천 전체 연령인구 성장률 적용. 보행권·실제 이용자·신규 수혜가 아님. 후보끼리 합산하지 않음.,6.45,6.45,221.04,5.77,5.77,198.04
CG_00503,126.6689283000004,37.4376289,18.06,16.18,다사2637,0.12268543007537648,연수구,229.264,1191,416.4,758.3,4.0,56.9,0.0,low,['인천백학초등학교'],1,22.61,229.264,1191,source_allocation_v2_20260911,False,none,,8.530424,straight_500m,estimated,22.61,299.52,직선 500m 거주 아동 시나리오,2024년 6~11세 배분 추정에 인천 전체 연령인구 성장률 적용. 보행권·실제 이용자·신규 수혜가 아님. 후보끼리 합산하지 않음.,18.06,18.06,239.22,16.18,16.18,214.33
CG_01365,126.7251783000005,37.54112889999974,30.0,26.88,다사3149,0.021149325495900064,남동구,368.61199999999997,897,253.8,534.1,2.0,144.2,0.0,medium,['인천부평초등학교'],1,37.56,368.61199999999997,897,source_allocation_v2_20260911,True,unknown,"500m 내 재개발 4건: unknown(178m), unknown(479m), unknown(443m)",0.562616,straight_500m,estimated,37.56,481.57,직선 500m 거주 아동 시나리오,2024년 6~11세 배분 추정에 인천 전체 연령인구 성장률 적용. 보행권·실제 이용자·신규 수혜가 아님. 후보끼리 합산하지 않음.,30.0,30.0,384.62,26.88,26.88,344.6
CG_01331,126.72292830000049,37.54112889999974,16.11,14.43,다사3149,0.04039116653599171,부평구,330.99800000000005,986,336.4,2766.0,2.0,144.2,0.0,medium,['인천부평초등학교'],1,20.17,330.99800000000005,986,source_allocation_v2_20260911,True,unknown,"500m 내 재개발 3건: unknown(358m), unknown(350m), unknown(455m)",0.562616,straight_500m,estimated,20.17,432.43,직선 500m 거주 아동 시나리오,2024년 6~11세 배분 추정에 인천 전체 연령인구 성장률 적용. 보행권·실제 이용자·신규 수혜가 아님. 후보끼리 합산하지 않음.,16.11,16.11,345.37,14.43,14.43,309.44
CG_01367,126.7251783000005,37.545628899999734,32.1,28.76,다사3149,0.0553177865679962,남동구,279.272,1092,283.0,542.8,2.0,144.2,0.0,medium,['인천부평초등학교'],1,40.19,279.272,1092,source_allocation_v2_20260911,True,unknown,"500m 내 재개발 4건: unknown(420m), unknown(37m), unknown(326m)",0.562616,straight_500m,estimated,40.19,364.86,직선 500m 거주 아동 시나리오,2024년 6~11세 배분 추정에 인천 전체 연령인구 성장률 적용. 보행권·실제 이용자·신규 수혜가 아님. 후보끼리 합산하지 않음.,32.1,32.1,291.4,28.76,28.76,261.08
CG_01330,126.72292830000049,37.538878899999744,9.07,8.13,다사3149,0.04293016792906211,부평구,363.066,910,437.9,2856.8,2.0,144.2,0.0,medium,['인천부평초등학교'],1,11.36,363.066,910,source_allocation_v2_20260911,True,completed,"500m 내 재개발 2건: unknown(493m), completed(343m)",0.562616,straight_500m,estimated,11.36,474.33,직선 500m 거주 아동 시나리오,2024년 6~11세 배분 추정에 인천 전체 연령인구 성장률 적용. 보행권·실제 이용자·신규 수혜가 아님. 후보끼리 합산하지 않음.,9.07,9.07,378.83,8.13,8.13,339.42
CG_01366,126.7251783000005,37.54337889999974,16.83,15.08,다사3149,0.04730332781196941,남동구,386.87,867,230.4,727.0,2.0,144.2,0.0,medium,['인천부평초등학교'],1,21.07,386.87,867,source_allocation_v2_20260911,True,unknown,"500m 내 재개발 4건: unknown(204m), unknown(231m), unknown(298m)",0.562616,straight_500m,estimated,21.07,505.43,직선 500m 거주 아동 시나리오,2024년 6~11세 배분 추정에 인천 전체 연령인구 성장률 적용. 보행권·실제 이용자·신규 수혜가 아님. 후보끼리 합산하지 않음.,16.83,16.83,403.67,15.08,15.08,361.67
CG_01364,126.7251783000005,37.538878899999744,18.24,16.34,다사3149,0.034016961171268706,남동구,423.634,786,330.7,734.2,2.0,144.2,0.0,medium,['인천부평초등학교'],1,22.84,423.634,786,source_allocation_v2_20260911,True,completed,"500m 내 재개발 2건: unknown(382m), completed(472m)",0.562616,straight_500m,estimated,22.84,553.46,직선 500m 거주 아동 시나리오,2024년 6~11세 배분 추정에 인천 전체 연령인구 성장률 적용. 보행권·실제 이용자·신규 수혜가 아님. 후보끼리 합산하지 않음.,18.24,18.24,442.03,16.34,16.34,396.04
CG_00683,126.67792830000042,37.4376289,31.66,28.37,다사2737,0.12399581838129396,서구,368.486,898,358.0,4062.9,3.0,241.4,1.0,low,['인천문학초등학교'],1,39.64,368.486,898,source_allocation_v2_20260911,True,planned,500m 내 재개발 1건: planned(360m),2.219829,straight_500m,estimated,39.64,481.41,직선 500m 거주 아동 시나리오,2024년 6~11세 배분 추정에 인천 전체 연령인구 성장률 적용. 보행권·실제 이용자·신규 수혜가 아님. 후보끼리 합산하지 않음.,31.66,31.66,384.49,28.37,28.37,344.48
CG_00797,126.68467830000043,37.4398788999999,13.64,12.22,다사2738,0.05744378620782166,미추홀구,272.10400000000004,1108,143.9,2186.7,3.0,241.4,1.0,low,['인천문학초등학교'],1,17.08,272.10400000000004,1108,source_allocation_v2_20260911,True,planned,500m 내 재개발 1건: planned(351m),2.219829,straight_500m,estimated,17.08,355.49,직선 500m 거주 아동 시나리오,2024년 6~11세 배분 추정에 인천 전체 연령인구 성장률 적용. 보행권·실제 이용자·신규 수혜가 아님. 후보끼리 합산하지 않음.,13.64,13.64,283.92,12.22,12.22,254.38
CG_00798,126.68467830000043,37.442128899999894,0.85,0.76,다사2738,0.029789690844955495,미추홀구,259.138,1137,246.9,2008.8,3.0,241.4,1.0,low,['인천문학초등학교'],1,1.06,259.138,1137,source_allocation_v2_20260911,False,none,,2.219829,straight_500m,estimated,1.06,338.55,직선 500m 거주 아동 시나리오,2024년 6~11세 배분 추정에 인천 전체 연령인구 성장률 적용. 보행권·실제 이용자·신규 수혜가 아님. 후보끼리 합산하지 않음.,0.85,0.85,270.39,0.76,0.76,242.26
CG_00765,126.68242830000042,37.4353789,41.75,37.4,다사2737,0.20930159368707033,연수구,309.47,1048,372.0,1508.5,3.0,241.4,1.0,low,['인천문학초등학교'],1,52.27,309.47,1048,source_allocation_v2_20260911,True,planned,500m 내 재개발 1건: planned(244m),2.219829,straight_500m,estimated,52.27,404.31,직선 500m 거주 아동 시나리오,2024년 6~11세 배분 추정에 인천 전체 연령인구 성장률 적용. 보행권·실제 이용자·신규 수혜가 아님. 후보끼리 합산하지 않음.,41.75,41.75,322.91,37.4,37.4,289.31
CG_00766,126.68242830000042,37.4376289,38.42,34.42,다사2737,0.18384799869650956,연수구,373.808,886,627.0,1283.8,3.0,241.4,1.0,low,['인천문학초등학교'],1,48.1,373.808,886,source_allocation_v2_20260911,True,planned,500m 내 재개발 1건: planned(39m),2.219829,straight_500m,estimated,48.1,488.36,직선 500m 거주 아동 시나리오,2024년 6~11세 배분 추정에 인천 전체 연령인구 성장률 적용. 보행권·실제 이용자·신규 수혜가 아님. 후보끼리 합산하지 않음.,38.42,38.42,390.04,34.42,34.42,349.46
CG_00821,126.68692830000043,37.4398788999999,0.9,0.81,다사2838,0.12823629088415456,미추홀구,143.63400000000001,1328,811.8,1108.9,3.0,241.4,1.0,low,['인천문학초등학교'],1,1.13,143.63400000000001,1328,source_allocation_v2_20260911,False,none,,2.219829,straight_500m,estimated,1.13,187.65,직선 500m 거주 아동 시나리오,2024년 6~11세 배분 추정에 인천 전체 연령인구 성장률 적용. 보행권·실제 이용자·신규 수혜가 아님. 후보끼리 합산하지 않음.,0.9,0.9,149.87,0.81,0.81,134.28
CG_00768,126.68242830000042,37.442128899999894,14.38,12.89,다사2738,0.0697909731074144,미추홀구,327.192,998,128.7,1677.4,3.0,241.4,1.0,low,['인천문학초등학교'],1,18.01,327.192,998,source_allocation_v2_20260911,False,none,,2.219829,straight_500m,estimated,18.01,427.46,직선 500m 거주 아동 시나리오,2024년 6~11세 배분 추정에 인천 전체 연령인구 성장률 적용. 보행권·실제 이용자·신규 수혜가 아님. 후보끼리 합산하지 않음.,14.38,14.38,341.4,12.89,12.89,305.88
CG_00796,126.68467830000043,37.4376289,37.9,33.95,다사2737,0.2476384169981545,미추홀구,321.93,1014,320.3,2536.9,3.0,241.4,1.0,low,['인천문학초등학교'],1,47.45,321.93,1014,source_allocation_v2_20260911,True,planned,500m 내 재개발 1건: planned(237m),2.219829,straight_500m,estimated,47.45,420.58,직선 500m 거주 아동 시나리오,2024년 6~11세 배분 추정에 인천 전체 연령인구 성장률 적용. 보행권·실제 이용자·신규 수혜가 아님. 후보끼리 합산하지 않음.,37.9,37.9,335.91,33.95,33.95,300.96
CG_00820,126.68692830000043,37.4376289,25.59,22.93,다사2837,1.0,미추홀구,219.69,1213,670.8,1258.2,3.0,241.4,1.0,low,['인천문학초등학교'],1,32.04,219.69,1213,source_allocation_v2_20260911,True,planned,500m 내 재개발 1건: planned(436m),2.219829,straight_500m,estimated,32.04,287.02,직선 500m 거주 아동 시나리오,2024년 6~11세 배분 추정에 인천 전체 연령인구 성장률 적용. 보행권·실제 이용자·신규 수혜가 아님. 후보끼리 합산하지 않음.,25.59,25.59,229.23,22.93,22.93,205.38
CG_00726,126.68017830000042,37.4398788999999,38.47,34.47,다사2738,0.031826649189081645,서구,460.6,702,1180.6,6366.8,3.0,241.4,1.0,low,['인천문학초등학교'],1,48.17,460.6,702,source_allocation_v2_20260911,True,planned,500m 내 재개발 1건: planned(304m),2.219829,straight_500m,estimated,48.17,601.75,직선 500m 거주 아동 시나리오,2024년 6~11세 배분 추정에 인천 전체 연령인구 성장률 적용. 보행권·실제 이용자·신규 수혜가 아님. 후보끼리 합산하지 않음.,38.47,38.47,480.6,34.47,34.47,430.6
CG_00725,126.68017830000042,37.4376289,42.86,38.4,다사2737,0.0548052764069024,서구,388.366,864,1291.8,6053.8,3.0,241.4,1.0,low,['인천문학초등학교'],1,53.67,388.366,864,source_allocation_v2_20260911,True,planned,500m 내 재개발 1건: planned(161m),2.219829,straight_500m,estimated,53.67,507.38,직선 500m 거주 아동 시나리오,2024년 6~11세 배분 추정에 인천 전체 연령인구 성장률 적용. 보행권·실제 이용자·신규 수혜가 아님. 후보끼리 합산하지 않음.,42.86,42.86,405.23,38.4,38.4,363.07
CG_00724,126.68017830000042,37.4353789,21.96,19.68,다사2737,0.1027715802393877,서구,288.33000000000004,1078,1366.0,5868.1,3.0,241.4,1.0,low,['인천문학초등학교'],1,27.5,288.33000000000004,1078,source_allocation_v2_20260911,True,planned,500m 내 재개발 1건: planned(290m),2.219829,straight_500m,estimated,27.5,376.69,직선 500m 거주 아동 시나리오,2024년 6~11세 배분 추정에 인천 전체 연령인구 성장률 적용. 보행권·실제 이용자·신규 수혜가 아님. 후보끼리 합산하지 않음.,21.96,21.96,300.85,19.68,19.68,269.55
CG_00727,126.68017830000042,37.442128899999894,21.28,19.07,다사2738,0.06469017161227507,서구,439.34400000000005,754,956.8,6555.3,3.0,241.4,1.0,low,['인천문학초등학교'],1,26.65,439.34400000000005,754,source_allocation_v2_20260911,False,none,,2.219829,straight_500m,estimated,26.65,573.98,직선 500m 거주 아동 시나리오,2024년 6~11세 배분 추정에 인천 전체 연령인구 성장률 적용. 보행권·실제 이용자·신규 수혜가 아님. 후보끼리 합산하지 않음.,21.28,21.28,458.42,19.07,19.07,410.73
CG_00181,126.63517830000035,37.47812889999984,53.07,47.55,다사2342,0.08771205763868885,미추홀구,507.682,597,227.3,777.8,2.0,182.0,0.0,medium,['인천송현초등학교'],1,66.45,507.682,597,source_allocation_v2_20260911,True,unknown,"500m 내 재개발 2건: unknown(334m), unknown(215m)",0.212562,straight_500m,estimated,66.45,663.26,직선 500m 거주 아동 시나리오,2024년 6~11세 배분 추정에 인천 전체 연령인구 성장률 적용. 보행권·실제 이용자·신규 수혜가 아님. 후보끼리 합산하지 않음.,53.07,53.07,529.73,47.55,47.55,474.61
CG_00183,126.63517830000035,37.48262889999983,53.1,47.57,다사2342,0.00023224803666678417,중구,307.104,1055,204.4,204.4,2.0,182.0,0.0,medium,['인천송현초등학교'],1,66.48,307.104,1055,source_allocation_v2_20260911,True,unknown,500m 내 재개발 1건: unknown(299m),0.212562,straight_500m,estimated,66.48,401.21,직선 500m 거주 아동 시나리오,2024년 6~11세 배분 추정에 인천 전체 연령인구 성장률 적용. 보행권·실제 이용자·신규 수혜가 아님. 후보끼리 합산하지 않음.,53.1,53.1,320.44,47.57,47.57,287.1
CG_00202,126.63742830000035,37.480378899999835,34.75,31.13,다사2342,0.02626059932312097,중구,,,410.8,563.7,2.0,182.0,0.0,medium,['인천송현초등학교'],1,43.51,,,source_allocation_v2_20260911,True,unknown,500m 내 재개발 1건: unknown(394m),0.212562,straight_500m,missing_age_observations,43.51,,직선 500m 거주 아동 시나리오,2024년 6~11세 배분 추정에 인천 전체 연령인구 성장률 적용. 보행권·실제 이용자·신규 수혜가 아님. 후보끼리 합산하지 않음.,34.75,34.75,,31.13,31.13,
CG_00165,126.63292830000034,37.480378899999835,32.3,28.94,다사2342,0.029495752491149177,연수구,413.944,809,523.8,5336.1,2.0,182.0,0.0,medium,['인천송현초등학교'],1,40.44,413.944,809,source_allocation_v2_20260911,True,unknown,"500m 내 재개발 3건: unknown(22m), unknown(380m), unknown(362m)",0.212562,straight_500m,estimated,40.44,540.8,직선 500m 거주 아동 시나리오,2024년 6~11세 배분 추정에 인천 전체 연령인구 성장률 적용. 보행권·실제 이용자·신규 수혜가 아님. 후보끼리 합산하지 않음.,32.3,32.3,431.92,28.94,28.94,386.98
CG_00164,126.63292830000034,37.47812889999984,15.13,13.56,다사2342,0.012630976398000211,서구,441.498,747,105.1,9395.3,2.0,182.0,0.0,medium,['인천송현초등학교'],1,18.95,441.498,747,source_allocation_v2_20260911,True,unknown,"500m 내 재개발 3건: unknown(272m), unknown(341m), unknown(113m)",0.212562,straight_500m,estimated,18.95,576.8,직선 500m 거주 아동 시나리오,2024년 6~11세 배분 추정에 인천 전체 연령인구 성장률 적용. 보행권·실제 이용자·신규 수혜가 아님. 후보끼리 합산하지 않음.,15.13,15.13,460.67,13.56,13.56,412.74
CG_00148,126.63067830000034,37.480378899999835,24.85,22.27,다사2342,0.0,연수구,355.626,930,1599.6,3452.8,2.0,182.0,0.0,medium,['인천송현초등학교'],1,31.12,355.626,930,source_allocation_v2_20260911,True,unknown,"500m 내 재개발 3건: unknown(205m), unknown(226m), unknown(420m)",0.212562,straight_500m,estimated,31.12,464.61,직선 500m 거주 아동 시나리오,2024년 6~11세 배분 추정에 인천 전체 연령인구 성장률 적용. 보행권·실제 이용자·신규 수혜가 아님. 후보끼리 합산하지 않음.,24.85,24.85,371.07,22.27,22.27,332.46
CG_00149,126.63067830000034,37.48262889999983,18.83,16.87,다사2342,0.0,중구,308.49399999999997,1052,546.9,546.9,2.0,182.0,0.0,medium,['인천송현초등학교'],1,23.58,308.49399999999997,1052,source_allocation_v2_20260911,True,unknown,"500m 내 재개발 2건: unknown(305m), unknown(451m)",0.212562,straight_500m,estimated,23.58,403.03,직선 500m 거주 아동 시나리오,2024년 6~11세 배분 추정에 인천 전체 연령인구 성장률 적용. 보행권·실제 이용자·신규 수혜가 아님. 후보끼리 합산하지 않음.,18.83,18.83,321.89,16.87,16.87,288.4
CG_00147,126.63067830000034,37.47812889999984,10.61,9.5,다사2342,0.0,연수구,272.922,1104,1666.6,3696.3,2.0,182.0,0.0,medium,['인천송현초등학교'],1,13.28,272.922,1104,source_allocation_v2_20260911,True,unknown,"500m 내 재개발 4건: unknown(474m), unknown(339m), unknown(152m)",0.212562,straight_500m,estimated,13.28,356.56,직선 500m 거주 아동 시나리오,2024년 6~11세 배분 추정에 인천 전체 연령인구 성장률 적용. 보행권·실제 이용자·신규 수혜가 아님. 후보끼리 합산하지 않음.,10.61,10.61,284.77,9.5,9.5,255.15
CG_00182,126.63517830000035,37.480378899999835,45.12,40.42,다사2342,0.12927974865548,미추홀구,443.778,743,355.0,486.2,2.0,182.0,0.0,medium,['인천송현초등학교'],1,56.49,443.778,743,source_allocation_v2_20260911,True,unknown,"500m 내 재개발 2건: unknown(195m), unknown(405m)",0.212562,straight_500m,estimated,56.49,579.77,직선 500m 거주 아동 시나리오,2024년 6~11세 배분 추정에 인천 전체 연령인구 성장률 적용. 보행권·실제 이용자·신규 수혜가 아님. 후보끼리 합산하지 않음.,45.12,45.12,463.05,40.42,40.42,414.87
CG_00166,126.63292830000034,37.48262889999983,19.95,17.88,다사2342,0.21873079735844228,연수구,318.498,1023,330.0,5527.3,2.0,182.0,0.0,medium,['인천송현초등학교'],1,24.98,318.498,1023,source_allocation_v2_20260911,True,unknown,500m 내 재개발 1건: unknown(228m),0.212562,straight_500m,estimated,24.98,416.1,직선 500m 거주 아동 시나리오,2024년 6~11세 배분 추정에 인천 전체 연령인구 성장률 적용. 보행권·실제 이용자·신규 수혜가 아님. 후보끼리 합산하지 않음.,19.95,19.95,332.33,17.88,17.88,297.75
CG_01278,126.72067830000049,37.4038789,54.28,48.63,다사3134,0.02303669665894584,부평구,445.774,738,251.9,5241.9,2.0,34.6,0.0,low,['인천동방초등학교'],1,67.96,445.774,738,source_allocation_v2_20260911,False,none,,0.775974,straight_500m,estimated,67.96,582.38,직선 500m 거주 아동 시나리오,2024년 6~11세 배분 추정에 인천 전체 연령인구 성장률 적용. 보행권·실제 이용자·신규 수혜가 아님. 후보끼리 합산하지 않음.,54.28,54.28,465.13,48.63,48.63,416.74
CG_01204,126.71617830000048,37.4038789,35.23,31.56,다사3034,0.2526643577324709,남동구,425.656,782,212.6,378.4,2.0,34.6,0.0,low,['인천동방초등학교'],1,44.11,425.656,782,source_allocation_v2_20260911,False,none,,0.775974,straight_500m,estimated,44.11,556.1,직선 500m 거주 아동 시나리오,2024년 6~11세 배분 추정에 인천 전체 연령인구 성장률 적용. 보행권·실제 이용자·신규 수혜가 아님. 후보끼리 합산하지 않음.,35.23,35.23,444.14,31.56,31.56,397.93
CG_01237,126.71842830000048,37.4038789,46.23,41.42,다사3034,0.1256725101102307,부평구,455.318,712,366.0,3255.2,2.0,34.6,0.0,low,['인천동방초등학교'],1,57.88,455.318,712,source_allocation_v2_20260911,False,none,,0.775974,straight_500m,estimated,57.88,594.85,직선 500m 거주 아동 시나리오,2024년 6~11세 배분 추정에 인천 전체 연령인구 성장률 적용. 보행권·실제 이용자·신규 수혜가 아님. 후보끼리 합산하지 않음.,46.23,46.23,475.09,41.42,41.42,425.66
CG_01236,126.71842830000048,37.4016289,61.55,55.14,다사3033,0.5943796639611819,부평구,419.64,796,487.5,3080.9,2.0,34.6,0.0,low,['인천동방초등학교'],1,77.06,419.64,796,source_allocation_v2_20260911,False,none,,0.775974,straight_500m,estimated,77.06,548.24,직선 500m 거주 아동 시나리오,2024년 6~11세 배분 추정에 인천 전체 연령인구 성장률 적용. 보행권·실제 이용자·신규 수혜가 아님. 후보끼리 합산하지 않음.,61.55,61.55,437.86,55.14,55.14,392.31
CG_01279,126.72067830000049,37.4061289,12.67,11.36,다사3134,0.08800284144208305,부평구,343.216,960,419.0,5893.8,2.0,34.6,0.0,low,['인천동방초등학교'],1,15.87,343.216,960,source_allocation_v2_20260911,False,none,,0.775974,straight_500m,estimated,15.87,448.4,직선 500m 거주 아동 시나리오,2024년 6~11세 배분 추정에 인천 전체 연령인구 성장률 적용. 보행권·실제 이용자·신규 수혜가 아님. 후보끼리 합산하지 않음.,12.67,12.67,358.12,11.36,11.36,320.86
CG_01312,126.72292830000049,37.4061289,34.57,30.98,다사3134,0.06320276725513811,계양구,360.726,917,522.6,8650.4,2.0,34.6,0.0,low,['인천동방초등학교'],1,43.29,360.726,917,source_allocation_v2_20260911,False,none,,0.775974,straight_500m,estimated,43.29,471.27,직선 500m 거주 아동 시나리오,2024년 6~11세 배분 추정에 인천 전체 연령인구 성장률 적용. 보행권·실제 이용자·신규 수혜가 아님. 후보끼리 합산하지 않음.,34.57,34.57,376.39,30.98,30.98,337.23
CG_01340,126.7251783000005,37.4016289,23.94,21.45,다사3133,0.09987643793310691,부평구,653.566,358,203.6,5208.2,2.0,34.6,0.0,low,['인천동방초등학교'],1,29.97,653.566,358,source_allocation_v2_20260911,False,none,,0.775974,straight_500m,estimated,29.97,853.85,직선 500m 거주 아동 시나리오,2024년 6~11세 배분 추정에 인천 전체 연령인구 성장률 적용. 보행권·실제 이용자·신규 수혜가 아님. 후보끼리 합산하지 않음.,23.94,23.94,681.95,21.45,21.45,610.99
CG_01238,126.71842830000048,37.4061289,4.27,3.83,다사3034,0.041915953307012074,부평구,341.75,965,415.5,3740.9,2.0,34.6,0.0,low,['인천동방초등학교'],1,5.35,341.75,965,source_allocation_v2_20260911,False,none,,0.775974,straight_500m,estimated,5.35,446.48,직선 500m 거주 아동 시나리오,2024년 6~11세 배분 추정에 인천 전체 연령인구 성장률 적용. 보행권·실제 이용자·신규 수혜가 아님. 후보끼리 합산하지 않음.,4.27,4.27,356.59,3.83,3.83,319.49
CG_01310,126.72292830000049,37.4016289,32.74,29.33,다사3133,0.20698523902964297,계양구,562.548,474,247.3,8114.1,2.0,34.6,0.0,low,['인천동방초등학교'],1,40.99,562.548,474,source_allocation_v2_20260911,False,none,,0.775974,straight_500m,estimated,40.99,734.94,직선 500m 거주 아동 시나리오,2024년 6~11세 배분 추정에 인천 전체 연령인구 성장률 적용. 보행권·실제 이용자·신규 수혜가 아님. 후보끼리 합산하지 않음.,32.74,32.74,586.98,29.33,29.33,525.9
CG_01311,126.72292830000049,37.4038789,44.84,40.17,다사3134,0.08852811727137092,계양구,506.524,600,485.3,8622.0,2.0,34.6,0.0,low,['인천동방초등학교'],1,56.14,506.524,600,source_allocation_v2_20260911,False,none,,0.775974,straight_500m,estimated,56.14,661.75,직선 500m 거주 아동 시나리오,2024년 6~11세 배분 추정에 인천 전체 연령인구 성장률 적용. 보행권·실제 이용자·신규 수혜가 아님. 후보끼리 합산하지 않음.,44.84,44.84,528.52,40.17,40.17,473.53
CG_01277,126.72067830000049,37.4016289,46.25,41.44,다사3133,0.14954128941851638,부평구,497.37,626,323.3,5033.9,2.0,34.6,0.0,low,['인천동방초등학교'],1,57.91,497.37,626,source_allocation_v2_20260911,False,none,,0.775974,straight_500m,estimated,57.91,649.79,직선 500m 거주 아동 시나리오,2024년 6~11세 배분 추정에 인천 전체 연령인구 성장률 적용. 보행권·실제 이용자·신규 수혜가 아님. 후보끼리 합산하지 않음.,46.25,46.25,518.97,41.44,41.44,464.97
CG_00324,126.65317830000038,37.3768789,200.3,179.46,다사2531,0.018915490222133447,서구,1294.488,43,783.1,17179.5,3.0,97.5,0.0,medium,"[""['인천송명초등학교' '인천첨단초등학교']""]",2,250.79,1294.488,43,source_allocation_v2_20260911,False,none,,4.919444,straight_500m,estimated,250.79,1691.18,직선 500m 거주 아동 시나리오,2024년 6~11세 배분 추정에 인천 전체 연령인구 성장률 적용. 보행권·실제 이용자·신규 수혜가 아님. 후보끼리 합산하지 않음.,200.3,200.3,1350.7,179.46,179.46,1210.17
CG_00322,126.65317830000038,37.3723789,130.61,117.02,다사2530,0.9022295843568281,서구,1531.5059999999999,16,414.7,16811.1,3.0,97.5,0.0,medium,"[""['인천송명초등학교' '인천첨단초등학교']""]",2,163.53,1531.5059999999999,16,source_allocation_v2_20260911,False,none,,4.919444,straight_500m,estimated,163.53,2000.84,직선 500m 거주 아동 시나리오,2024년 6~11세 배분 추정에 인천 전체 연령인구 성장률 적용. 보행권·실제 이용자·신규 수혜가 아님. 후보끼리 합산하지 않음.,130.61,130.61,1598.01,117.02,117.02,1431.75
CG_00352,126.65542830000038,37.3768789,168.2,150.7,다사2531,0.23495726263284866,연수구,1179.4900000000002,62,1462.6,1665.4,3.0,97.5,0.0,medium,"[""['인천송명초등학교' '인천첨단초등학교']""]",2,210.6,1179.4900000000002,62,source_allocation_v2_20260911,False,none,,4.919444,straight_500m,estimated,210.6,1540.95,직선 500m 거주 아동 시나리오,2024년 6~11세 배분 추정에 인천 전체 연령인구 성장률 적용. 보행권·실제 이용자·신규 수혜가 아님. 후보끼리 합산하지 않음.,168.2,168.2,1230.71,150.7,150.7,1102.66
CG_00323,126.65317830000038,37.3746289,162.35,145.46,다사2530,0.047713973364618335,서구,1632.25,6,562.4,16903.3,3.0,97.5,0.0,medium,"[""['인천송명초등학교' '인천첨단초등학교']""]",2,203.28,1632.25,6,source_allocation_v2_20260911,False,none,,4.919444,straight_500m,estimated,203.28,2132.45,직선 500m 거주 아동 시나리오,2024년 6~11세 배분 추정에 인천 전체 연령인구 성장률 적용. 보행권·실제 이용자·신규 수혜가 아님. 후보끼리 합산하지 않음.,162.35,162.35,1703.13,145.46,145.46,1525.93
CG_00300,126.65092830000037,37.3723789,198.6,177.93,다사2430,0.20421015137389364,동구,1139.93,74,1006.2,1282.2,3.0,97.5,0.0,medium,"[""['인천송명초등학교' '인천첨단초등학교']""]",2,248.66,1139.93,74,source_allocation_v2_20260911,False,none,,4.919444,straight_500m,estimated,248.66,1489.26,직선 500m 거주 아동 시나리오,2024년 6~11세 배분 추정에 인천 전체 연령인구 성장률 적용. 보행권·실제 이용자·신규 수혜가 아님. 후보끼리 합산하지 않음.,198.6,198.6,1189.43,177.93,177.93,1065.68
CG_00365,126.65542830000038,37.4241289,19.54,17.5,다사2536,0.13992890863911178,미추홀구,406.584,826,716.6,1896.5,2.0,259.75,0.0,medium,"[""['인천축현초등학교' '인천송도초등학교']""]",2,24.46,406.584,826,source_allocation_v2_20260911,True,unknown,500m 내 재개발 1건: unknown(385m),1.363737,straight_500m,estimated,24.46,531.18,직선 500m 거주 아동 시나리오,2024년 6~11세 배분 추정에 인천 전체 연령인구 성장률 적용. 보행권·실제 이용자·신규 수혜가 아님. 후보끼리 합산하지 않음.,19.54,19.54,424.24,17.5,17.5,380.1
CG_00393,126.65767830000038,37.4263789,12.85,11.51,다사2536,0.17136879693360263,미추홀구,227.606,1197,302.0,2606.8,2.0,259.75,0.0,medium,"[""['인천축현초등학교' '인천송도초등학교']""]",2,16.09,227.606,1197,source_allocation_v2_20260911,True,planned,"500m 내 재개발 2건: planned(332m), unknown(339m)",1.363737,straight_500m,estimated,16.09,297.36,직선 500m 거주 아동 시나리오,2024년 6~11세 배분 추정에 인천 전체 연령인구 성장률 적용. 보행권·실제 이용자·신규 수혜가 아님. 후보끼리 합산하지 않음.,12.85,12.85,237.49,11.51,11.51,212.78
CG_00392,126.65767830000038,37.4241289,19.42,17.4,다사2536,0.053652300762678934,미추홀구,208.13,1235,133.1,2306.0,2.0,259.75,0.0,medium,"[""['인천축현초등학교' '인천송도초등학교']""]",2,24.32,208.13,1235,source_allocation_v2_20260911,True,planned,"500m 내 재개발 2건: planned(434m), unknown(485m)",1.363737,straight_500m,estimated,24.32,271.91,직선 500m 거주 아동 시나리오,2024년 6~11세 배분 추정에 인천 전체 연령인구 성장률 적용. 보행권·실제 이용자·신규 수혜가 아님. 후보끼리 합산하지 않음.,19.42,19.42,217.17,17.4,17.4,194.57
CG_00366,126.65542830000038,37.4263789,42.34,37.93,다사2536,0.07492096942452055,미추홀구,371.69,892,686.0,1664.1,2.0,259.75,0.0,medium,"[""['인천축현초등학교' '인천송도초등학교']""]",2,53.01,371.69,892,source_allocation_v2_20260911,True,unknown,500m 내 재개발 1건: unknown(167m),1.363737,straight_500m,estimated,53.01,485.59,직선 500m 거주 아동 시나리오,2024년 6~11세 배분 추정에 인천 전체 연령인구 성장률 적용. 보행권·실제 이용자·신규 수혜가 아님. 후보끼리 합산하지 않음.,42.34,42.34,387.83,37.93,37.93,347.48
CG_01567,126.73867830000052,37.54787889999973,31.41,28.14,다사3250,0.03266044124197543,부평구,489.18,645,534.3,3994.3,2.0,291.1,0.0,medium,['인천병방초등학교'],1,39.33,489.18,645,source_allocation_v2_20260911,False,none,,0.738237,straight_500m,estimated,39.33,639.09,직선 500m 거주 아동 시나리오,2024년 6~11세 배분 추정에 인천 전체 연령인구 성장률 적용. 보행권·실제 이용자·신규 수혜가 아님. 후보끼리 합산하지 않음.,31.41,31.41,510.42,28.14,28.14,457.32
CG_01544,126.73642830000051,37.54787889999973,31.82,28.51,다사3250,0.18224431466178084,부평구,372.68600000000004,889,0.0,3931.7,2.0,291.1,0.0,medium,['인천병방초등학교'],1,39.84,372.68600000000004,889,source_allocation_v2_20260911,True,unknown,500m 내 재개발 1건: unknown(407m),0.738237,straight_500m,estimated,39.84,486.89,직선 500m 거주 아동 시나리오,2024년 6~11세 배분 추정에 인천 전체 연령인구 성장률 적용. 보행권·실제 이용자·신규 수혜가 아님. 후보끼리 합산하지 않음.,31.82,31.82,388.87,28.51,28.51,348.41
CG_01566,126.73867830000052,37.545628899999734,33.45,29.97,다사3249,0.011149875269913456,계양구,622.852,396,206.0,11259.9,2.0,291.1,0.0,medium,['인천병방초등학교'],1,41.88,622.852,396,source_allocation_v2_20260911,False,none,,0.738237,straight_500m,estimated,41.88,813.72,직선 500m 거주 아동 시나리오,2024년 6~11세 배분 추정에 인천 전체 연령인구 성장률 적용. 보행권·실제 이용자·신규 수혜가 아님. 후보끼리 합산하지 않음.,33.45,33.45,649.9,29.97,29.97,582.28
CG_00415,126.65992830000039,37.45112889999988,9.32,8.35,다사2539,0.037817802401597836,미추홀구,174.484,1288,74.0,2309.3,2.0,331.7,0.0,low,['인천용일초등학교'],1,11.67,174.484,1288,source_allocation_v2_20260911,True,unknown,500m 내 재개발 1건: unknown(438m),0.656305,straight_500m,estimated,11.67,227.95,직선 500m 거주 아동 시나리오,2024년 6~11세 배분 추정에 인천 전체 연령인구 성장률 적용. 보행권·실제 이용자·신규 수혜가 아님. 후보끼리 합산하지 않음.,9.32,9.32,182.06,8.35,8.35,163.12
CG_00695,126.67792830000042,37.46912889999985,28.35,25.4,다사2741,0.13968576695702042,서구,323.946,1010,348.3,7861.5,2.0,279.4,0.0,medium,['인천주안북초등학교'],1,35.5,323.946,1010,source_allocation_v2_20260911,True,unknown,"500m 내 재개발 2건: unknown(220m), unknown(421m)",0.429432,straight_500m,estimated,35.5,423.22,직선 500m 거주 아동 시나리오,2024년 6~11세 배분 추정에 인천 전체 연령인구 성장률 적용. 보행권·실제 이용자·신규 수혜가 아님. 후보끼리 합산하지 않음.,28.35,28.35,338.01,25.4,25.4,302.85
CG_00652,126.67567830000041,37.466878899999855,48.96,43.86,다사2741,0.0878883837087726,서구,500.6,619,75.1,11409.8,2.0,279.4,0.0,medium,['인천주안북초등학교'],1,61.3,500.6,619,source_allocation_v2_20260911,True,unknown,"500m 내 재개발 3건: unknown(360m), unknown(342m), unknown(224m)",0.429432,straight_500m,estimated,61.3,654.01,직선 500m 거주 아동 시나리오,2024년 6~11세 배분 추정에 인천 전체 연령인구 성장률 적용. 보행권·실제 이용자·신규 수혜가 아님. 후보끼리 합산하지 않음.,48.96,48.96,522.34,43.86,43.86,467.99
CG_00733,126.68017830000042,37.46462889999986,9.07,8.13,다사2740,0.11239262000737134,연수구,514.268,581,466.0,1399.8,2.0,279.4,0.0,medium,['인천주안북초등학교'],1,11.36,514.268,581,source_allocation_v2_20260911,True,planned,"500m 내 재개발 4건: planned(493m), completed(196m), completed(431m)",0.429432,straight_500m,estimated,11.36,671.87,직선 500m 거주 아동 시나리오,2024년 6~11세 배분 추정에 인천 전체 연령인구 성장률 적용. 보행권·실제 이용자·신규 수혜가 아님. 후보끼리 합산하지 않음.,9.07,9.07,536.6,8.13,8.13,480.77
CG_00734,126.68017830000042,37.466878899999855,17.0,15.23,다사2741,0.05993813065740707,연수구,434.92600000000004,761,412.0,1035.7,2.0,279.4,0.0,medium,['인천주안북초등학교'],1,21.29,434.92600000000004,761,source_allocation_v2_20260911,True,planned,"500m 내 재개발 5건: unknown(473m), planned(482m), completed(245m)",0.429432,straight_500m,estimated,21.29,568.21,직선 500m 거주 아동 시나리오,2024년 6~11세 배분 추정에 인천 전체 연령인구 성장률 적용. 보행권·실제 이용자·신규 수혜가 아님. 후보끼리 합산하지 않음.,17.0,17.0,453.81,15.23,15.23,406.6
CG_00735,126.68017830000042,37.46912889999985,16.77,15.03,다사2741,0.08310639185137669,연수구,301.398,1063,73.3,1038.2,2.0,279.4,0.0,medium,['인천주안북초등학교'],1,21.0,301.398,1063,source_allocation_v2_20260911,True,completed,"500m 내 재개발 3건: unknown(418m), completed(455m), unknown(226m)",0.429432,straight_500m,estimated,21.0,393.76,직선 500m 거주 아동 시나리오,2024년 6~11세 배분 추정에 인천 전체 연령인구 성장률 적용. 보행권·실제 이용자·신규 수혜가 아님. 후보끼리 합산하지 않음.,16.77,16.77,314.49,15.03,15.03,281.76
CG_00694,126.67792830000042,37.466878899999855,38.3,34.32,다사2741,0.014915817624637649,서구,452.23400000000004,727,556.7,7479.9,2.0,279.4,0.0,medium,['인천주안북초등학교'],1,47.96,452.23400000000004,727,source_allocation_v2_20260911,True,completed,"500m 내 재개발 3건: unknown(312m), completed(413m), unknown(458m)",0.429432,straight_500m,estimated,47.96,590.82,직선 500m 거주 아동 시나리오,2024년 6~11세 배분 추정에 인천 전체 연령인구 성장률 적용. 보행권·실제 이용자·신규 수혜가 아님. 후보끼리 합산하지 않음.,38.3,38.3,471.87,34.32,34.32,422.78
CG_00467,126.6666783000004,37.44887889999988,21.43,19.2,다사2639,0.04278608685840932,서구,411.168,816,160.5,17407.1,2.0,331.7,0.0,low,['인천용일초등학교'],1,26.83,411.168,816,source_allocation_v2_20260911,True,unknown,"500m 내 재개발 4건: unknown(402m), unknown(346m), unknown(239m)",0.656305,straight_500m,estimated,26.83,537.17,직선 500m 거주 아동 시나리오,2024년 6~11세 배분 추정에 인천 전체 연령인구 성장률 적용. 보행권·실제 이용자·신규 수혜가 아님. 후보끼리 합산하지 않음.,21.43,21.43,429.02,19.2,19.2,384.39
CG_00441,126.6644283000004,37.44887889999988,34.2,30.64,다사2639,0.001013707112611029,서구,306.836,1056,356.6,6498.6,2.0,331.7,0.0,low,['인천용일초등학교'],1,42.82,306.836,1056,source_allocation_v2_20260911,True,planned,"500m 내 재개발 4건: planned(495m), unknown(469m), unknown(320m)",0.656305,straight_500m,estimated,42.82,400.86,직선 500m 거주 아동 시나리오,2024년 6~11세 배분 추정에 인천 전체 연령인구 성장률 적용. 보행권·실제 이용자·신규 수혜가 아님. 후보끼리 합산하지 않음.,34.2,34.2,320.16,30.64,30.64,286.85
CG_00444,126.6644283000004,37.45562889999987,26.09,23.38,다사2639,0.0143090200136546,서구,278.98400000000004,1093,525.8,8106.6,2.0,331.7,0.0,low,['인천용일초등학교'],1,32.67,278.98400000000004,1093,source_allocation_v2_20260911,True,unknown,"500m 내 재개발 2건: unknown(245m), unknown(471m)",0.656305,straight_500m,estimated,32.67,364.48,직선 500m 거주 아동 시나리오,2024년 6~11세 배분 추정에 인천 전체 연령인구 성장률 적용. 보행권·실제 이용자·신규 수혜가 아님. 후보끼리 합산하지 않음.,26.09,26.09,291.1,23.38,23.38,260.81
CG_00443,126.6644283000004,37.453378899999876,20.27,18.16,다사2639,0.02063953865722325,서구,316.056,1030,731.6,7783.9,2.0,331.7,0.0,low,['인천용일초등학교'],1,25.38,316.056,1030,source_allocation_v2_20260911,True,unknown,"500m 내 재개발 2건: unknown(224m), unknown(223m)",0.656305,straight_500m,estimated,25.38,412.91,직선 500m 거주 아동 시나리오,2024년 6~11세 배분 추정에 인천 전체 연령인구 성장률 적용. 보행권·실제 이용자·신규 수혜가 아님. 후보끼리 합산하지 않음.,20.27,20.27,329.78,18.16,18.16,295.47
CG_00431,126.66217830000039,37.44887889999988,15.34,13.75,다사2539,0.010248202886779231,연수구,240.516,1167,816.0,1157.9,2.0,331.7,0.0,low,['인천용일초등학교'],1,19.21,240.516,1167,source_allocation_v2_20260911,True,planned,"500m 내 재개발 3건: planned(423m), unknown(477m), unknown(367m)",0.656305,straight_500m,estimated,19.21,314.22,직선 500m 거주 아동 시나리오,2024년 6~11세 배분 추정에 인천 전체 연령인구 성장률 적용. 보행권·실제 이용자·신규 수혜가 아님. 후보끼리 합산하지 않음.,15.34,15.34,250.96,13.75,13.75,224.85
CG_00416,126.65992830000039,37.453378899999876,12.09,10.83,다사2539,0.17780925040608409,미추홀구,186.196,1272,0.0,2434.8,2.0,331.7,0.0,low,['인천용일초등학교'],1,15.14,186.196,1272,source_allocation_v2_20260911,True,planned,"500m 내 재개발 2건: planned(464m), unknown(489m)",0.656305,straight_500m,estimated,15.14,243.26,직선 500m 거주 아동 시나리오,2024년 6~11세 배분 추정에 인천 전체 연령인구 성장률 적용. 보행권·실제 이용자·신규 수혜가 아님. 후보끼리 합산하지 않음.,12.09,12.09,194.28,10.83,10.83,174.07
CG_00776,126.68242830000042,37.46912889999985,17.72,15.88,다사2741,0.19397069877813544,미추홀구,321.28200000000004,1015,813.0,1758.9,2.0,279.4,0.0,medium,['인천주안북초등학교'],1,22.19,321.28200000000004,1015,source_allocation_v2_20260911,True,planned,"500m 내 재개발 3건: planned(446m), completed(418m), unknown(62m)",0.429432,straight_500m,estimated,22.19,419.74,직선 500m 거주 아동 시나리오,2024년 6~11세 배분 추정에 인천 전체 연령인구 성장률 적용. 보행권·실제 이용자·신규 수혜가 아님. 후보끼리 합산하지 않음.,17.72,17.72,335.23,15.88,15.88,300.36
CG_00775,126.68242830000042,37.466878899999855,30.86,27.65,다사2741,0.12841374302905653,미추홀구,448.216,733,848.7,1637.9,2.0,279.4,0.0,medium,['인천주안북초등학교'],1,38.64,448.216,733,source_allocation_v2_20260911,True,planned,"500m 내 재개발 4건: planned(291m), completed(170m), completed(313m)",0.429432,straight_500m,estimated,38.64,585.57,직선 500m 거주 아동 시나리오,2024년 6~11세 배분 추정에 인천 전체 연령인구 성장률 적용. 보행권·실제 이용자·신규 수혜가 아님. 후보끼리 합산하지 않음.,30.86,30.86,467.68,27.65,27.65,419.02
CG_00442,126.6644283000004,37.45112889999988,36.89,33.05,다사2639,0.013523054766337578,서구,335.26,978,858.8,7500.9,2.0,331.7,0.0,low,['인천용일초등학교'],1,46.19,335.26,978,source_allocation_v2_20260911,True,unknown,"500m 내 재개발 2건: unknown(407m), unknown(49m)",0.656305,straight_500m,estimated,46.19,438.0,직선 500m 거주 아동 시나리오,2024년 6~11세 배분 추정에 인천 전체 연령인구 성장률 적용. 보행권·실제 이용자·신규 수혜가 아님. 후보끼리 합산하지 않음.,36.89,36.89,349.82,33.05,33.05,313.42
CG_00433,126.66217830000039,37.453378899999876,10.61,9.51,다사2539,0.0929203209840464,연수구,261.408,1132,391.3,825.3,2.0,331.7,0.0,low,['인천용일초등학교'],1,13.29,261.408,1132,source_allocation_v2_20260911,True,unknown,"500m 내 재개발 2건: unknown(411m), unknown(324m)",0.656305,straight_500m,estimated,13.29,341.52,직선 500m 거주 아동 시나리오,2024년 6~11세 배분 추정에 인천 전체 연령인구 성장률 적용. 보행권·실제 이용자·신규 수혜가 아님. 후보끼리 합산하지 않음.,10.61,10.61,272.76,9.51,9.51,244.38
CG_00432,126.66217830000039,37.45112889999988,15.21,13.62,다사2539,0.05098883259604716,연수구,245.536,1159,82.2,571.0,2.0,331.7,0.0,low,['인천용일초등학교'],1,19.04,245.536,1159,source_allocation_v2_20260911,True,unknown,500m 내 재개발 1건: unknown(239m),0.656305,straight_500m,estimated,19.04,320.78,직선 500m 거주 아동 시나리오,2024년 6~11세 배분 추정에 인천 전체 연령인구 성장률 적용. 보행권·실제 이용자·신규 수혜가 아님. 후보끼리 합산하지 않음.,15.21,15.21,256.2,13.62,13.62,229.54
CG_00434,126.66217830000039,37.45562889999987,12.32,11.04,다사2539,0.027096596827402095,미추홀구,226.17000000000002,1199,369.4,2779.6,2.0,331.7,0.0,low,['인천용일초등학교'],1,15.43,226.17000000000002,1199,source_allocation_v2_20260911,True,unknown,500m 내 재개발 1건: unknown(422m),0.656305,straight_500m,estimated,15.43,295.48,직선 500m 거주 아동 시나리오,2024년 6~11세 배분 추정에 인천 전체 연령인구 성장률 적용. 보행권·실제 이용자·신규 수혜가 아님. 후보끼리 합산하지 않음.,12.32,12.32,235.99,11.04,11.04,211.44
CG_00468,126.6666783000004,37.45112889999988,21.85,19.58,다사2639,0.03474342505997096,서구,401.58399999999995,835,0.0,17750.6,2.0,331.7,0.0,low,['인천용일초등학교'],1,27.36,401.58399999999995,835,source_allocation_v2_20260911,True,unknown,"500m 내 재개발 4건: unknown(312m), unknown(355m), unknown(488m)",0.656305,straight_500m,estimated,27.36,524.65,직선 500m 거주 아동 시나리오,2024년 6~11세 배분 추정에 인천 전체 연령인구 성장률 적용. 보행권·실제 이용자·신규 수혜가 아님. 후보끼리 합산하지 않음.,21.85,21.85,419.02,19.58,19.58,375.43
CG_00506,126.6689283000004,37.45112889999988,30.79,27.59,다사2639,0.07509366812192522,미추홀구,438.986,755,221.3,3430.5,2.0,331.7,0.0,low,['인천용일초등학교'],1,38.55,438.986,755,source_allocation_v2_20260911,True,unknown,"500m 내 재개발 3건: unknown(130m), unknown(408m), unknown(361m)",0.656305,straight_500m,estimated,38.55,573.51,직선 500m 거주 아동 시나리오,2024년 6~11세 배분 추정에 인천 전체 연령인구 성장률 적용. 보행권·실제 이용자·신규 수혜가 아님. 후보끼리 합산하지 않음.,30.79,30.79,458.05,27.59,27.59,410.39
CG_00470,126.6666783000004,37.45562889999987,27.51,24.65,다사2639,0.05436629197402528,연수구,338.414,969,52.4,52.4,2.0,331.7,0.0,low,['인천용일초등학교'],1,34.45,338.414,969,source_allocation_v2_20260911,True,unknown,"500m 내 재개발 2건: unknown(144m), unknown(496m)",0.656305,straight_500m,estimated,34.45,442.12,직선 500m 거주 아동 시나리오,2024년 6~11세 배분 추정에 인천 전체 연령인구 성장률 적용. 보행권·실제 이용자·신규 수혜가 아님. 후보끼리 합산하지 않음.,27.51,27.51,353.11,24.65,24.65,316.37
CG_00469,126.6666783000004,37.453378899999876,28.82,25.82,다사2639,0.013413332137247843,연수구,364.356,907,0.0,829.1,2.0,331.7,0.0,low,['인천용일초등학교'],1,36.08,364.356,907,source_allocation_v2_20260911,True,unknown,"500m 내 재개발 3건: unknown(447m), unknown(106m), unknown(272m)",0.656305,straight_500m,estimated,36.08,476.01,직선 500m 거주 아동 시나리오,2024년 6~11세 배분 추정에 인천 전체 연령인구 성장률 적용. 보행권·실제 이용자·신규 수혜가 아님. 후보끼리 합산하지 않음.,28.82,28.82,380.18,25.82,25.82,340.62
CG_00653,126.67567830000041,37.46912889999985,47.9,42.91,다사2741,0.07589090203374653,서구,372.59999999999997,890,184.0,11748.0,2.0,279.4,0.0,medium,['인천주안북초등학교'],1,59.97,372.59999999999997,890,source_allocation_v2_20260911,True,unknown,"500m 내 재개발 3건: unknown(452m), unknown(378m), unknown(33m)",0.429432,straight_500m,estimated,59.97,486.78,직선 500m 거주 아동 시나리오,2024년 6~11세 배분 추정에 인천 전체 연령인구 성장률 적용. 보행권·실제 이용자·신규 수혜가 아님. 후보끼리 합산하지 않음.,47.9,47.9,388.78,42.91,42.91,348.33
CG_00736,126.68017830000042,37.47137889999985,0.69,0.62,다사2741,0.07616267111867059,미추홀구,136.406,1333,308.9,1866.3,2.0,279.4,0.0,medium,['인천주안북초등학교'],1,0.87,136.406,1333,source_allocation_v2_20260911,True,unknown,500m 내 재개발 1건: unknown(378m),0.429432,straight_500m,estimated,0.87,178.21,직선 500m 거주 아동 시나리오,2024년 6~11세 배분 추정에 인천 전체 연령인구 성장률 적용. 보행권·실제 이용자·신규 수혜가 아님. 후보끼리 합산하지 않음.,0.69,0.69,142.33,0.62,0.62,127.52
CG_00693,126.67792830000042,37.46462889999986,22.99,20.59,다사2740,0.1388865367035747,서구,481.97799999999995,661,492.2,7249.0,2.0,279.4,0.0,medium,['인천주안북초등학교'],1,28.78,481.97799999999995,661,source_allocation_v2_20260911,True,planned,"500m 내 재개발 3건: planned(450m), unknown(492m), completed(386m)",0.429432,straight_500m,estimated,28.78,629.68,직선 500m 거주 아동 시나리오,2024년 6~11세 배분 추정에 인천 전체 연령인구 성장률 적용. 보행권·실제 이용자·신규 수혜가 아님. 후보끼리 합산하지 않음.,22.99,22.99,502.91,20.59,20.59,450.58
CG_00696,126.67792830000042,37.47137889999985,1.1,0.99,다사2741,0.061113267342557884,서구,158.486,1314,204.7,8068.2,2.0,279.4,0.0,medium,['인천주안북초등학교'],1,1.38,158.486,1314,source_allocation_v2_20260911,True,unknown,500m 내 재개발 1건: unknown(352m),0.429432,straight_500m,estimated,1.38,207.05,직선 500m 거주 아동 시나리오,2024년 6~11세 배분 추정에 인천 전체 연령인구 성장률 적용. 보행권·실제 이용자·신규 수혜가 아님. 후보끼리 합산하지 않음.,1.1,1.1,165.37,0.99,0.99,148.16
CG_01512,126.73417830000051,37.545628899999734,46.47,41.64,다사3249,0.016208798541688548,계양구,421.476,790,177.2,14358.0,2.0,300.0,0.0,medium,['인천안산초등학교'],1,58.19,421.476,790,source_allocation_v2_20260911,True,unknown,500m 내 재개발 1건: unknown(192m),0.0,straight_500m,estimated,58.19,550.64,직선 500m 거주 아동 시나리오,2024년 6~11세 배분 추정에 인천 전체 연령인구 성장률 적용. 보행권·실제 이용자·신규 수혜가 아님. 후보끼리 합산하지 않음.,46.47,46.47,439.78,41.64,41.64,394.02
CG_01402,126.7274283000005,37.545628899999734,26.84,24.04,다사3149,0.0344714821160493,남동구,303.914,1058,548.2,685.1,2.0,300.0,0.0,medium,['인천안산초등학교'],1,33.6,303.914,1058,source_allocation_v2_20260911,True,unknown,"500m 내 재개발 4건: unknown(398m), unknown(169m), unknown(432m)",0.0,straight_500m,estimated,33.6,397.05,직선 500m 거주 아동 시나리오,2024년 6~11세 배분 추정에 인천 전체 연령인구 성장률 적용. 보행권·실제 이용자·신규 수혜가 아님. 후보끼리 합산하지 않음.,26.84,26.84,317.11,24.04,24.04,284.12
CG_01442,126.7296783000005,37.54787889999973,4.25,3.81,다사3150,0.07450557581579957,남동구,219.088,1216,274.4,1034.7,2.0,300.0,0.0,medium,['인천안산초등학교'],1,5.32,219.088,1216,source_allocation_v2_20260911,True,unknown,"500m 내 재개발 2건: unknown(456m), unknown(280m)",0.0,straight_500m,estimated,5.32,286.23,직선 500m 거주 아동 시나리오,2024년 6~11세 배분 추정에 인천 전체 연령인구 성장률 적용. 보행권·실제 이용자·신규 수혜가 아님. 후보끼리 합산하지 않음.,4.25,4.25,228.6,3.81,3.81,204.82
CG_01441,126.7296783000005,37.545628899999734,11.84,10.61,다사3149,0.02373738037772871,남동구,341.644,966,466.6,1126.0,2.0,300.0,0.0,medium,['인천안산초등학교'],1,14.83,341.644,966,source_allocation_v2_20260911,True,unknown,"500m 내 재개발 4건: unknown(469m), unknown(367m), unknown(240m)",0.0,straight_500m,estimated,14.83,446.34,직선 500m 거주 아동 시나리오,2024년 6~11세 배분 추정에 인천 전체 연령인구 성장률 적용. 보행권·실제 이용자·신규 수혜가 아님. 후보끼리 합산하지 않음.,11.84,11.84,356.48,10.61,10.61,319.39
CG_01480,126.7319283000005,37.54787889999973,18.7,16.76,다사3250,0.3200953347757115,남동구,245.106,1161,340.2,1077.4,2.0,300.0,0.0,medium,['인천안산초등학교'],1,23.42,245.106,1161,source_allocation_v2_20260911,True,unknown,500m 내 재개발 1건: unknown(168m),0.0,straight_500m,estimated,23.42,320.22,직선 500m 거주 아동 시나리오,2024년 6~11세 배분 추정에 인천 전체 연령인구 성장률 적용. 보행권·실제 이용자·신규 수혜가 아님. 후보끼리 합산하지 않음.,18.7,18.7,255.75,16.76,16.76,229.14
CG_01479,126.7319283000005,37.545628899999734,40.71,36.47,다사3249,0.19875926703763522,남동구,378.044,880,658.4,1320.4,2.0,300.0,0.0,medium,['인천안산초등학교'],1,50.97,378.044,880,source_allocation_v2_20260911,True,unknown,500m 내 재개발 1건: unknown(88m),0.0,straight_500m,estimated,50.97,493.89,직선 500m 거주 아동 시나리오,2024년 6~11세 배분 추정에 인천 전체 연령인구 성장률 적용. 보행권·실제 이용자·신규 수혜가 아님. 후보끼리 합산하지 않음.,40.71,40.71,394.46,36.47,36.47,353.42
CG_01198,126.71392830000048,37.53662889999975,2.65,2.38,다사3048,0.05046179010723506,남동구,311.416,1042,138.1,930.1,2.0,280.0,0.0,medium,['인천효성동초등학교'],1,3.32,311.416,1042,source_allocation_v2_20260911,True,completed,"500m 내 재개발 3건: unknown(383m), completed(293m), unknown(281m)",0.0,straight_500m,estimated,3.32,406.85,직선 500m 거주 아동 시나리오,2024년 6~11세 배분 추정에 인천 전체 연령인구 성장률 적용. 보행권·실제 이용자·신규 수혜가 아님. 후보끼리 합산하지 않음.,2.65,2.65,324.94,2.38,2.38,291.13
CG_01265,126.71842830000048,37.53437889999975,23.39,20.96,다사3048,0.06452993765934856,남동구,455.84399999999994,711,373.8,883.4,2.0,280.0,0.0,medium,['인천효성동초등학교'],1,29.29,455.84399999999994,711,source_allocation_v2_20260911,True,completed,"500m 내 재개발 4건: completed(306m), completed(345m), unknown(470m)",0.0,straight_500m,estimated,29.29,595.54,직선 500m 거주 아동 시나리오,2024년 6~11세 배분 추정에 인천 전체 연령인구 성장률 적용. 보행권·실제 이용자·신규 수혜가 아님. 후보끼리 합산하지 않음.,23.39,23.39,475.64,20.96,20.96,426.15
CG_01174,126.71167830000047,37.59512889999966,246.37,220.74,다사3055,0.06674881554606382,부평구,1410.746,26,878.7,2875.0,4.0,213.0,0.0,medium,['인천한별초등학교'],1,308.48,1410.746,26,source_allocation_v2_20260911,False,none,,9.343639,straight_500m,estimated,308.48,1843.07,직선 500m 거주 아동 시나리오,2024년 6~11세 배분 추정에 인천 전체 연령인구 성장률 적용. 보행권·실제 이용자·신규 수혜가 아님. 후보끼리 합산하지 않음.,246.37,246.37,1472.01,220.74,220.74,1318.85
CG_01173,126.71167830000047,37.58612889999967,106.36,95.29,다사3054,0.0830226552185856,부평구,1103.8380000000002,80,574.9,2540.6,4.0,175.0,0.0,medium,['인천해든초등학교'],1,133.17,1103.8380000000002,80,source_allocation_v2_20260911,False,none,,5.740095,straight_500m,estimated,133.17,1442.11,직선 500m 거주 아동 시나리오,2024년 6~11세 배분 추정에 인천 전체 연령인구 성장률 적용. 보행권·실제 이용자·신규 수혜가 아님. 후보끼리 합산하지 않음.,106.36,106.36,1151.77,95.29,95.29,1031.94
CG_01172,126.71167830000047,37.583878899999675,137.83,123.49,다사3054,0.16002297566660142,남동구,1383.3980000000001,30,115.6,36.6,4.0,175.0,0.0,medium,['인천해든초등학교'],1,172.58,1383.3980000000001,30,source_allocation_v2_20260911,False,none,,5.740095,straight_500m,estimated,172.58,1807.34,직선 500m 거주 아동 시나리오,2024년 6~11세 배분 추정에 인천 전체 연령인구 성장률 적용. 보행권·실제 이용자·신규 수혜가 아님. 후보끼리 합산하지 않음.,137.83,137.83,1443.47,123.49,123.49,1293.29
CG_01139,126.70942830000047,37.59962889999965,101.31,90.77,다사3055,0.07033459593050075,남동구,1623.904,9,273.3,270.9,4.0,213.0,0.0,medium,['인천한별초등학교'],1,126.85,1623.904,9,source_allocation_v2_20260911,False,none,,9.343639,straight_500m,estimated,126.85,2121.55,직선 500m 거주 아동 시나리오,2024년 6~11세 배분 추정에 인천 전체 연령인구 성장률 적용. 보행권·실제 이용자·신규 수혜가 아님. 후보끼리 합산하지 않음.,101.31,101.31,1694.42,90.77,90.77,1518.13
CG_01136,126.70942830000047,37.59287889999966,34.7,31.09,다사3055,0.04210830815205285,남동구,943.528,138,240.0,700.8,4.0,213.0,0.0,medium,['인천한별초등학교'],1,43.45,943.528,138,source_allocation_v2_20260911,False,none,,9.343639,straight_500m,estimated,43.45,1232.67,직선 500m 거주 아동 시나리오,2024년 6~11세 배분 추정에 인천 전체 연령인구 성장률 적용. 보행권·실제 이용자·신규 수혜가 아님. 후보끼리 합산하지 않음.,34.7,34.7,984.5,31.09,31.09,882.07
CG_01138,126.70942830000047,37.597378899999654,236.96,212.3,다사3055,0.03831401855378987,남동구,1634.964,5,191.5,529.8,4.0,213.0,0.0,medium,['인천한별초등학교'],1,296.69,1634.964,5,source_allocation_v2_20260911,False,none,,9.343639,straight_500m,estimated,296.69,2136.0,직선 500m 거주 아동 시나리오,2024년 6~11세 배분 추정에 인천 전체 연령인구 성장률 적용. 보행권·실제 이용자·신규 수혜가 아님. 후보끼리 합산하지 않음.,236.96,236.96,1705.96,212.3,212.3,1528.47
CG_01137,126.70942830000047,37.59512889999966,208.75,187.03,다사3055,0.04295270708853704,남동구,1324.388,38,185.8,825.6,4.0,213.0,0.0,medium,['인천한별초등학교'],1,261.37,1324.388,38,source_allocation_v2_20260911,False,none,,9.343639,straight_500m,estimated,261.37,1730.25,직선 500m 거주 아동 시나리오,2024년 6~11세 배분 추정에 인천 전체 연령인구 성장률 적용. 보행권·실제 이용자·신규 수혜가 아님. 후보끼리 합산하지 않음.,208.75,208.75,1381.9,187.03,187.03,1238.12
CG_01134,126.70942830000047,37.58612889999967,125.55,112.49,다사3054,0.0634530348212664,남동구,1341.094,36,22.5,695.4,4.0,175.0,0.0,medium,['인천해든초등학교'],1,157.2,1341.094,36,source_allocation_v2_20260911,False,none,,5.740095,straight_500m,estimated,157.2,1752.07,직선 500m 거주 아동 시나리오,2024년 6~11세 배분 추정에 인천 전체 연령인구 성장률 적용. 보행권·실제 이용자·신규 수혜가 아님. 후보끼리 합산하지 않음.,125.55,125.55,1399.33,112.49,112.49,1253.74
CG_01133,126.70942830000047,37.583878899999675,143.65,128.7,다사3054,0.12089974501651964,남동구,1628.06,7,50.7,448.8,4.0,175.0,0.0,medium,['인천해든초등학교'],1,179.86,1628.06,7,source_allocation_v2_20260911,False,none,,5.740095,straight_500m,estimated,179.86,2126.98,직선 500m 거주 아동 시나리오,2024년 6~11세 배분 추정에 인천 전체 연령인구 성장률 적용. 보행권·실제 이용자·신규 수혜가 아님. 후보끼리 합산하지 않음.,143.65,143.65,1698.76,128.7,128.7,1522.01
CG_01135,126.70942830000047,37.58837889999967,83.6,74.91,다사3054,0.14665034595557602,남동구,977.1379999999999,127,285.7,674.1,4.0,175.0,0.0,medium,['인천해든초등학교'],1,104.68,977.1379999999999,127,source_allocation_v2_20260911,False,none,,5.740095,straight_500m,estimated,104.68,1276.58,직선 500m 거주 아동 시나리오,2024년 6~11세 배분 추정에 인천 전체 연령인구 성장률 적용. 보행권·실제 이용자·신규 수혜가 아님. 후보끼리 합산하지 않음.,83.6,83.6,1019.57,74.91,74.91,913.49
CG_01053,126.70492830000046,37.58837889999967,118.45,106.13,다사2954,0.14706051979467905,부평구,965.9259999999999,132,1011.4,3023.2,4.0,175.0,0.0,medium,['인천해든초등학교'],1,148.31,965.9259999999999,132,source_allocation_v2_20260911,False,none,,5.740095,straight_500m,estimated,148.31,1261.93,직선 500m 거주 아동 시나리오,2024년 6~11세 배분 추정에 인천 전체 연령인구 성장률 적용. 보행권·실제 이용자·신규 수혜가 아님. 후보끼리 합산하지 않음.,118.45,118.45,1007.87,106.13,106.13,903.01
CG_01092,126.70717830000046,37.59287889999966,2.49,2.23,다사3055,0.08417862554403603,부평구,790.588,234,943.9,4898.7,4.0,213.0,0.0,medium,['인천한별초등학교'],1,3.12,790.588,234,source_allocation_v2_20260911,False,none,,9.343639,straight_500m,estimated,3.12,1032.86,직선 500m 거주 아동 시나리오,2024년 6~11세 배분 추정에 인천 전체 연령인구 성장률 적용. 보행권·실제 이용자·신규 수혜가 아님. 후보끼리 합산하지 않음.,2.49,2.49,824.92,2.23,2.23,739.09
CG_01091,126.70717830000046,37.590628899999665,18.08,16.2,다사3054,0.1803731696788349,부평구,872.624,177,671.2,4544.3,4.0,175.0,0.0,medium,['인천해든초등학교'],1,22.64,872.624,177,source_allocation_v2_20260911,False,none,,5.740095,straight_500m,estimated,22.64,1140.04,직선 500m 거주 아동 시나리오,2024년 6~11세 배분 추정에 인천 전체 연령인구 성장률 적용. 보행권·실제 이용자·신규 수혜가 아님. 후보끼리 합산하지 않음.,18.08,18.08,910.52,16.2,16.2,815.78
CG_01090,126.70717830000046,37.58837889999967,108.91,97.58,다사3054,0.0002022819402935234,부평구,1065.578,90,1087.4,3876.0,4.0,175.0,0.0,medium,['인천해든초등학교'],1,136.37,1065.578,90,source_allocation_v2_20260911,False,none,,5.740095,straight_500m,estimated,136.37,1392.12,직선 500m 거주 아동 시나리오,2024년 6~11세 배분 추정에 인천 전체 연령인구 성장률 적용. 보행권·실제 이용자·신규 수혜가 아님. 후보끼리 합산하지 않음.,108.91,108.91,1111.85,97.58,97.58,996.17
CG_01089,126.70717830000046,37.58612889999967,86.1,77.14,다사3054,0.0,부평구,1395.808,29,1315.3,3726.3,4.0,175.0,0.0,medium,['인천해든초등학교'],1,107.8,1395.808,29,source_allocation_v2_20260911,False,none,,5.740095,straight_500m,estimated,107.8,1823.55,직선 500m 거주 아동 시나리오,2024년 6~11세 배분 추정에 인천 전체 연령인구 성장률 적용. 보행권·실제 이용자·신규 수혜가 아님. 후보끼리 합산하지 않음.,86.1,86.1,1456.42,77.14,77.14,1304.89
CG_01088,126.70717830000046,37.583878899999675,103.79,92.99,다사3054,0.0027670117296527833,부평구,1525.744,18,873.0,3902.4,4.0,175.0,0.0,medium,['인천해든초등학교'],1,129.95,1525.744,18,source_allocation_v2_20260911,False,none,,5.740095,straight_500m,estimated,129.95,1993.31,직선 500m 거주 아동 시나리오,2024년 6~11세 배분 추정에 인천 전체 연령인구 성장률 적용. 보행권·실제 이용자·신규 수혜가 아님. 후보끼리 합산하지 않음.,103.79,103.79,1592.0,92.99,92.99,1426.36
CG_01095,126.70717830000046,37.59962889999965,176.4,158.05,다사3055,0.03517049784461294,계양구,1083.8719999999998,86,263.7,7158.8,4.0,213.0,0.0,medium,['인천한별초등학교'],1,220.87,1083.8719999999998,86,source_allocation_v2_20260911,False,none,,9.343639,straight_500m,estimated,220.87,1416.02,직선 500m 거주 아동 시나리오,2024년 6~11세 배분 추정에 인천 전체 연령인구 성장률 적용. 보행권·실제 이용자·신규 수혜가 아님. 후보끼리 합산하지 않음.,176.4,176.4,1130.94,158.05,158.05,1013.27
CG_01093,126.70717830000046,37.59512889999966,15.59,13.97,다사3055,0.12004120578574391,부평구,1106.872,79,1177.6,5132.4,4.0,213.0,0.0,medium,['인천한별초등학교'],1,19.52,1106.872,79,source_allocation_v2_20260911,False,none,,9.343639,straight_500m,estimated,19.52,1446.07,직선 500m 거주 아동 시나리오,2024년 6~11세 배분 추정에 인천 전체 연령인구 성장률 적용. 보행권·실제 이용자·신규 수혜가 아님. 후보끼리 합산하지 않음.,15.59,15.59,1154.94,13.97,13.97,1034.77
CG_00116,126.62617830000033,37.52987889999976,30.62,27.44,다사2248,0.07435410640162202,서구,713.6020000000001,299,43.3,8943.5,3.0,117.1,0.0,low,['인천해원초등학교'],1,38.34,713.6020000000001,299,source_allocation_v2_20260911,False,none,,1.302262,straight_500m,estimated,38.34,932.29,직선 500m 거주 아동 시나리오,2024년 6~11세 배분 추정에 인천 전체 연령인구 성장률 적용. 보행권·실제 이용자·신규 수혜가 아님. 후보끼리 합산하지 않음.,30.62,30.62,744.59,27.44,27.44,667.12
CG_00117,126.62617830000033,37.532128899999755,1.01,0.91,다사2248,0.02664140846439385,서구,416.634,804,127.4,9079.8,3.0,117.1,0.0,low,['인천해원초등학교'],1,1.27,416.634,804,source_allocation_v2_20260911,False,none,,1.302262,straight_500m,estimated,1.27,544.31,직선 500m 거주 아동 시나리오,2024년 6~11세 배분 추정에 인천 전체 연령인구 성장률 적용. 보행권·실제 이용자·신규 수혜가 아님. 후보끼리 합산하지 않음.,1.01,1.01,434.73,0.91,0.91,389.49
CG_00114,126.62617830000033,37.525378899999765,79.6,71.32,다사2247,0.06363805282429222,서구,1185.066,60,222.5,7945.8,3.0,117.1,0.0,low,['인천해원초등학교'],1,99.67,1185.066,60,source_allocation_v2_20260911,False,none,,1.302262,straight_500m,estimated,99.67,1548.23,직선 500m 거주 아동 시나리오,2024년 6~11세 배분 추정에 인천 전체 연령인구 성장률 적용. 보행권·실제 이용자·신규 수혜가 아님. 후보끼리 합산하지 않음.,79.6,79.6,1236.53,71.32,71.32,1107.87
CG_00090,126.62167830000033,37.525378899999765,103.53,92.76,다사2247,0.005472746166608739,중구,771.318,250,88.0,390.5,3.0,117.1,0.0,low,['인천해원초등학교'],1,129.63,771.318,250,source_allocation_v2_20260911,False,none,,1.302262,straight_500m,estimated,129.63,1007.69,직선 500m 거주 아동 시나리오,2024년 6~11세 배분 추정에 인천 전체 연령인구 성장률 적용. 보행권·실제 이용자·신규 수혜가 아님. 후보끼리 합산하지 않음.,103.53,103.53,804.81,92.76,92.76,721.08
CG_00092,126.62167830000033,37.52987889999976,,,다사2248,0.04376465587147641,동구,390.95399999999995,858,447.7,1156.4,3.0,117.1,0.0,low,['인천해원초등학교'],1,,390.95399999999995,858,source_allocation_v2_20260911,False,none,,1.302262,straight_500m,estimated,,510.76,직선 500m 거주 아동 시나리오,2024년 6~11세 배분 추정에 인천 전체 연령인구 성장률 적용. 보행권·실제 이용자·신규 수혜가 아님. 후보끼리 합산하지 않음.,,,407.93,,,365.49
CG_00091,126.62167830000033,37.52762889999976,110.49,98.99,다사2247,0.021838680312287636,동구,650.188,363,571.1,710.8,3.0,117.1,0.0,low,['인천해원초등학교'],1,138.34,650.188,363,source_allocation_v2_20260911,False,none,,1.302262,straight_500m,estimated,138.34,849.44,직선 500m 거주 아동 시나리오,2024년 6~11세 배분 추정에 인천 전체 연령인구 성장률 적용. 보행권·실제 이용자·신규 수혜가 아님. 후보끼리 합산하지 않음.,110.49,110.49,678.42,98.99,98.99,607.84
CG_00134,126.62842830000034,37.52987889999976,69.63,62.38,다사2248,0.13786076925378726,동구,748.082,267,226.3,438.7,3.0,117.1,0.0,low,['인천해원초등학교'],1,87.18,748.082,267,source_allocation_v2_20260911,False,none,,1.302262,straight_500m,estimated,87.18,977.33,직선 500m 거주 아동 시나리오,2024년 6~11세 배분 추정에 인천 전체 연령인구 성장률 적용. 보행권·실제 이용자·신규 수혜가 아님. 후보끼리 합산하지 않음.,69.63,69.63,780.57,62.38,62.38,699.35
CG_00132,126.62842830000034,37.525378899999765,65.57,58.75,다사2247,0.0740615944729531,중구,1012.7339999999999,113,445.8,445.8,3.0,117.1,0.0,low,['인천해원초등학교'],1,82.1,1012.7339999999999,113,source_allocation_v2_20260911,False,none,,1.302262,straight_500m,estimated,82.1,1323.09,직선 500m 거주 아동 시나리오,2024년 6~11세 배분 추정에 인천 전체 연령인구 성장률 적용. 보행권·실제 이용자·신규 수혜가 아님. 후보끼리 합산하지 않음.,65.57,65.57,1056.71,58.75,58.75,946.77
CG_00102,126.62392830000033,37.52987889999976,8.89,7.96,다사2248,0.6289444128362175,연수구,537.202,530,1381.3,3234.5,3.0,117.1,0.0,low,['인천해원초등학교'],1,11.13,537.202,530,source_allocation_v2_20260911,False,none,,1.302262,straight_500m,estimated,11.13,701.83,직선 500m 거주 아동 시나리오,2024년 6~11세 배분 추정에 인천 전체 연령인구 성장률 적용. 보행권·실제 이용자·신규 수혜가 아님. 후보끼리 합산하지 않음.,8.89,8.89,560.53,7.96,7.96,502.21
CG_00103,126.62392830000033,37.532128899999755,,,다사2248,0.08843464717250306,중구,255.12999999999997,1142,518.4,518.4,3.0,117.1,0.0,low,['인천해원초등학교'],1,,255.12999999999997,1142,source_allocation_v2_20260911,False,none,,1.302262,straight_500m,estimated,,333.31,직선 500m 거주 아동 시나리오,2024년 6~11세 배분 추정에 인천 전체 연령인구 성장률 적용. 보행권·실제 이용자·신규 수혜가 아님. 후보끼리 합산하지 않음.,,,266.21,,,238.51
CG_00100,126.62392830000033,37.525378899999765,139.95,125.39,다사2247,0.4159513112897582,연수구,937.346,142,1249.4,3402.3,3.0,117.1,0.0,low,['인천해원초등학교'],1,175.23,937.346,142,source_allocation_v2_20260911,False,none,,1.302262,straight_500m,estimated,175.23,1224.6,직선 500m 거주 아동 시나리오,2024년 6~11세 배분 추정에 인천 전체 연령인구 성장률 적용. 보행권·실제 이용자·신규 수혜가 아님. 후보끼리 합산하지 않음.,139.95,139.95,978.05,125.39,125.39,876.29
CG_00101,126.62392830000033,37.52762889999976,97.2,87.09,다사2247,0.24173747303221463,연수구,879.8519999999999,174,1484.4,3368.3,3.0,117.1,0.0,low,['인천해원초등학교'],1,121.7,879.8519999999999,174,source_allocation_v2_20260911,False,none,,1.302262,straight_500m,estimated,121.7,1149.48,직선 500m 거주 아동 시나리오,2024년 6~11세 배분 추정에 인천 전체 연령인구 성장률 적용. 보행권·실제 이용자·신규 수혜가 아님. 후보끼리 합산하지 않음.,97.2,97.2,918.06,87.09,87.09,822.54
CG_00267,126.64417830000036,37.48262889999983,28.22,25.28,다사2442,0.07866751141554638,미추홀구,,,417.1,1079.0,2.0,208.0,0.0,medium,['인천서흥초등학교'],1,35.33,,,source_allocation_v2_20260911,True,unknown,500m 내 재개발 1건: unknown(362m),0.085606,straight_500m,missing_age_observations,35.33,,직선 500m 거주 아동 시나리오,2024년 6~11세 배분 추정에 인천 전체 연령인구 성장률 적용. 보행권·실제 이용자·신규 수혜가 아님. 후보끼리 합산하지 않음.,28.22,28.22,,25.28,25.28,
CG_00283,126.64642830000037,37.48262889999983,,,다사2442,0.0642469214877731,연수구,,,586.5,822.4,2.0,208.0,0.0,medium,['인천서흥초등학교'],1,,,,source_allocation_v2_20260911,True,unknown,500m 내 재개발 1건: unknown(163m),0.085606,straight_500m,missing_age_observations,,,직선 500m 거주 아동 시나리오,2024년 6~11세 배분 추정에 인천 전체 연령인구 성장률 적용. 보행권·실제 이용자·신규 수혜가 아님. 후보끼리 합산하지 않음.,,,,,,
CG_00296,126.64867830000037,37.480378899999835,67.34,60.34,다사2442,0.06236718479593281,연수구,,,149.1,149.1,2.0,208.0,0.0,medium,['인천서흥초등학교'],1,84.32,,,source_allocation_v2_20260911,True,planned,"500m 내 재개발 4건: unknown(231m), planned(299m), unknown(426m)",0.085606,straight_500m,missing_age_observations,84.32,,직선 500m 거주 아동 시나리오,2024년 6~11세 배분 추정에 인천 전체 연령인구 성장률 적용. 보행권·실제 이용자·신규 수혜가 아님. 후보끼리 합산하지 않음.,67.34,67.34,,60.34,60.34,
CG_00247,126.64192830000036,37.48262889999983,,,다사2442,0.10665990347247002,미추홀구,,,220.1,823.4,2.0,208.0,0.0,medium,['인천서흥초등학교'],1,,,,source_allocation_v2_20260911,False,none,,0.085606,straight_500m,missing_age_observations,,,직선 500m 거주 아동 시나리오,2024년 6~11세 배분 추정에 인천 전체 연령인구 성장률 적용. 보행권·실제 이용자·신규 수혜가 아님. 후보끼리 합산하지 않음.,,,,,,
CG_00246,126.64192830000036,37.480378899999835,8.48,7.6,다사2442,0.03913390063497885,미추홀구,,,145.3,1119.7,2.0,208.0,0.0,medium,['인천서흥초등학교'],1,10.62,,,source_allocation_v2_20260911,False,none,,0.085606,straight_500m,missing_age_observations,10.62,,직선 500m 거주 아동 시나리오,2024년 6~11세 배분 추정에 인천 전체 연령인구 성장률 적용. 보행권·실제 이용자·신규 수혜가 아님. 후보끼리 합산하지 않음.,8.48,8.48,,7.6,7.6,
CG_00224,126.63967830000036,37.47812889999984,14.09,12.62,다사2342,0.1034414128609555,미추홀구,441.326,748,229.0,832.3,2.0,208.0,0.0,medium,['인천서흥초등학교'],1,17.64,441.326,748,source_allocation_v2_20260911,False,none,,0.085606,straight_500m,estimated,17.64,576.57,직선 500m 거주 아동 시나리오,2024년 6~11세 배분 추정에 인천 전체 연령인구 성장률 적용. 보행권·실제 이용자·신규 수혜가 아님. 후보끼리 합산하지 않음.,14.09,14.09,460.49,12.62,12.62,412.58
CG_00225,126.63967830000036,37.480378899999835,13.47,12.07,다사2342,0.06463499416046359,중구,,,177.6,535.9,2.0,208.0,0.0,medium,['인천서흥초등학교'],1,16.87,,,source_allocation_v2_20260911,False,none,,0.085606,straight_500m,missing_age_observations,16.87,,직선 500m 거주 아동 시나리오,2024년 6~11세 배분 추정에 인천 전체 연령인구 성장률 적용. 보행권·실제 이용자·신규 수혜가 아님. 후보끼리 합산하지 않음.,13.47,13.47,,12.07,12.07,
CG_00236,126.64192830000036,37.4038789,,,다사2434,0.3381553314133001,서구,,,275.2,16804.6,3.0,219.8,0.0,medium,['인천연송초등학교'],1,,,,source_allocation_v2_20260911,False,none,,1.003071,straight_500m,missing_age_observations,,,직선 500m 거주 아동 시나리오,2024년 6~11세 배분 추정에 인천 전체 연령인구 성장률 적용. 보행권·실제 이용자·신규 수혜가 아님. 후보끼리 합산하지 않음.,,,,,,
CG_00211,126.63967830000036,37.4016289,,,다사2333,0.16456094568837842,서구,,,1309.1,9931.0,3.0,219.8,0.0,medium,['인천연송초등학교'],1,,,,source_allocation_v2_20260911,False,none,,1.003071,straight_500m,missing_age_observations,,,직선 500m 거주 아동 시나리오,2024년 6~11세 배분 추정에 인천 전체 연령인구 성장률 적용. 보행권·실제 이용자·신규 수혜가 아님. 후보끼리 합산하지 않음.,,,,,,
CG_00235,126.64192830000036,37.4016289,,,다사2433,0.06803402762818979,서구,,,189.5,16695.7,3.0,219.8,0.0,medium,['인천연송초등학교'],1,,,,source_allocation_v2_20260911,False,none,,1.003071,straight_500m,missing_age_observations,,,직선 500m 거주 아동 시나리오,2024년 6~11세 배분 추정에 인천 전체 연령인구 성장률 적용. 보행권·실제 이용자·신규 수혜가 아님. 후보끼리 합산하지 않음.,,,,,,
CG_00210,126.63967830000036,37.3993789,111.2,99.63,다사2333,0.04141432614583525,서구,,,680.6,8964.0,3.0,219.8,0.0,medium,['인천연송초등학교'],1,139.23,,,source_allocation_v2_20260911,False,none,,1.003071,straight_500m,missing_age_observations,139.23,,직선 500m 거주 아동 시나리오,2024년 6~11세 배분 추정에 인천 전체 연령인구 성장률 적용. 보행권·실제 이용자·신규 수혜가 아님. 후보끼리 합산하지 않음.,111.2,111.2,,99.63,99.63,
CG_00209,126.63967830000036,37.3971289,160.27,143.59,다사2333,0.04066260575545238,동구,1274.0059999999999,46,273.6,1448.2,3.0,219.8,0.0,medium,['인천연송초등학교'],1,200.67,1274.0059999999999,46,source_allocation_v2_20260911,False,none,,1.003071,straight_500m,estimated,200.67,1664.42,직선 500m 거주 아동 시나리오,2024년 6~11세 배분 추정에 인천 전체 연령인구 성장률 적용. 보행권·실제 이용자·신규 수혜가 아님. 후보끼리 합산하지 않음.,160.27,160.27,1329.33,143.59,143.59,1191.02
CG_00171,126.63517830000035,37.3993789,0.1,0.09,다사2333,0.13956360242788404,중구,,,107.4,107.4,3.0,219.8,0.0,medium,['인천연송초등학교'],1,0.12,,,source_allocation_v2_20260911,False,none,,1.003071,straight_500m,missing_age_observations,0.12,,직선 500m 거주 아동 시나리오,2024년 6~11세 배분 추정에 인천 전체 연령인구 성장률 적용. 보행권·실제 이용자·신규 수혜가 아님. 후보끼리 합산하지 않음.,0.1,0.1,,0.09,0.09,
CG_00191,126.63742830000035,37.4016289,2.78,2.49,다사2333,0.257020448900106,동구,,,467.9,1409.1,3.0,219.8,0.0,medium,['인천연송초등학교'],1,3.48,,,source_allocation_v2_20260911,False,none,,1.003071,straight_500m,missing_age_observations,3.48,,직선 500m 거주 아동 시나리오,2024년 6~11세 배분 추정에 인천 전체 연령인구 성장률 적용. 보행권·실제 이용자·신규 수혜가 아님. 후보끼리 합산하지 않음.,2.78,2.78,,2.49,2.49,
CG_00190,126.63742830000035,37.3993789,81.03,72.6,다사2333,0.17684607818674208,동구,,,137.3,1150.6,3.0,219.8,0.0,medium,['인천연송초등학교'],1,101.45,,,source_allocation_v2_20260911,False,none,,1.003071,straight_500m,missing_age_observations,101.45,,직선 500m 거주 아동 시나리오,2024년 6~11세 배분 추정에 인천 전체 연령인구 성장률 적용. 보행권·실제 이용자·신규 수혜가 아님. 후보끼리 합산하지 않음.,81.03,81.03,,72.6,72.6,
CG_00170,126.63517830000035,37.3971289,1.92,1.72,다사2333,0.003901556076626711,중구,597.986,428,240.4,240.4,3.0,219.8,0.0,medium,['인천연송초등학교'],1,2.4,597.986,428,source_allocation_v2_20260911,False,none,,1.003071,straight_500m,estimated,2.4,781.24,직선 500m 거주 아동 시나리오,2024년 6~11세 배분 추정에 인천 전체 연령인구 성장률 적용. 보행권·실제 이용자·신규 수혜가 아님. 후보끼리 합산하지 않음.,1.92,1.92,623.95,1.72,1.72,559.04
CG_00189,126.63742830000035,37.3971289,132.8,118.99,다사2333,0.17603043681897515,동구,882.146,171,333.2,977.1,3.0,219.8,0.0,medium,['인천연송초등학교'],1,166.28,882.146,171,source_allocation_v2_20260911,False,none,,1.003071,straight_500m,estimated,166.28,1152.48,직선 500m 거주 아동 시나리오,2024년 6~11세 배분 추정에 인천 전체 연령인구 성장률 적용. 보행권·실제 이용자·신규 수혜가 아님. 후보끼리 합산하지 않음.,132.8,132.8,920.45,118.99,118.99,824.69
CG_01646,126.74992830000053,37.4376289,80.78,72.37,다사3337,0.0,,597.794,429,,,3.0,278.9,0.0,low,['인천서창초등학교'],1,101.14,597.794,429,source_allocation_v2_20260911,False,none,,1.128791,straight_500m,estimated,101.14,780.99,직선 500m 거주 아동 시나리오,2024년 6~11세 배분 추정에 인천 전체 연령인구 성장률 적용. 보행권·실제 이용자·신규 수혜가 아님. 후보끼리 합산하지 않음.,80.78,80.78,623.75,72.37,72.37,558.86
CG_01647,126.74992830000053,37.4398788999999,7.03,6.3,다사3338,1.0,,361.84799999999996,914,,,3.0,278.9,0.0,low,['인천서창초등학교'],1,8.8,361.84799999999996,914,source_allocation_v2_20260911,False,none,,1.128791,straight_500m,estimated,8.8,472.74,직선 500m 거주 아동 시나리오,2024년 6~11세 배분 추정에 인천 전체 연령인구 성장률 적용. 보행권·실제 이용자·신규 수혜가 아님. 후보끼리 합산하지 않음.,7.03,7.03,377.56,6.3,6.3,338.28
CG_01659,126.75442830000054,37.4376289,0.09,0.08,다사3437,0.3333333333333333,,265.69,1120,,,3.0,278.9,0.0,low,['인천서창초등학교'],1,0.11,265.69,1120,source_allocation_v2_20260911,False,none,,1.128791,straight_500m,estimated,0.11,347.11,직선 500m 거주 아동 시나리오,2024년 6~11세 배분 추정에 인천 전체 연령인구 성장률 적용. 보행권·실제 이용자·신규 수혜가 아님. 후보끼리 합산하지 않음.,0.09,0.09,277.23,0.08,0.08,248.38
CG_01658,126.75442830000054,37.4353789,3.15,2.83,다사3437,0.3333333333333333,,344.934,953,,,3.0,278.9,0.0,low,['인천서창초등학교'],1,3.95,344.934,953,source_allocation_v2_20260911,False,none,,1.128791,straight_500m,estimated,3.95,450.64,직선 500m 거주 아동 시나리오,2024년 6~11세 배분 추정에 인천 전체 연령인구 성장률 적용. 보행권·실제 이용자·신규 수혜가 아님. 후보끼리 합산하지 않음.,3.15,3.15,359.91,2.83,2.83,322.47
CG_01657,126.75442830000054,37.4331289,6.62,5.93,다사3437,0.3333333333333333,,397.894,844,,,3.0,278.9,0.0,low,['인천서창초등학교'],1,8.29,397.894,844,source_allocation_v2_20260911,False,none,,1.128791,straight_500m,estimated,8.29,519.83,직선 500m 거주 아동 시나리오,2024년 6~11세 배분 추정에 인천 전체 연령인구 성장률 적용. 보행권·실제 이용자·신규 수혜가 아님. 후보끼리 합산하지 않음.,6.62,6.62,415.17,5.93,5.93,371.98
CG_01656,126.75217830000054,37.4376289,24.85,22.27,다사3337,0.0,,433.572,765,,,3.0,278.9,0.0,low,['인천서창초등학교'],1,31.12,433.572,765,source_allocation_v2_20260911,False,none,,1.128791,straight_500m,estimated,31.12,566.44,직선 500m 거주 아동 시나리오,2024년 6~11세 배분 추정에 인천 전체 연령인구 성장률 적용. 보행권·실제 이용자·신규 수혜가 아님. 후보끼리 합산하지 않음.,24.85,24.85,452.4,22.27,22.27,405.33
CG_01654,126.75217830000054,37.4331289,45.21,40.51,다사3337,0.0,,624.096,395,,,3.0,278.9,0.0,low,['인천서창초등학교'],1,56.61,624.096,395,source_allocation_v2_20260911,False,none,,1.128791,straight_500m,estimated,56.61,815.35,직선 500m 거주 아동 시나리오,2024년 6~11세 배분 추정에 인천 전체 연령인구 성장률 적용. 보행권·실제 이용자·신규 수혜가 아님. 후보끼리 합산하지 않음.,45.21,45.21,651.2,40.51,40.51,583.44
CG_01655,126.75217830000054,37.4353789,108.37,97.1,다사3337,0.0,,509.856,591,,,3.0,278.9,0.0,low,['인천서창초등학교'],1,135.69,509.856,591,source_allocation_v2_20260911,False,none,,1.128791,straight_500m,estimated,135.69,666.1,직선 500m 거주 아동 시나리오,2024년 6~11세 배분 추정에 인천 전체 연령인구 성장률 적용. 보행권·실제 이용자·신규 수혜가 아님. 후보끼리 합산하지 않음.,108.37,108.37,532.0,97.1,97.1,476.64
CG_01633,126.74767830000053,37.4376289,68.5,61.37,다사3337,0.17758579040180922,계양구,565.944,470,471.0,12322.8,3.0,278.9,0.0,low,['인천서창초등학교'],1,85.77,565.944,470,source_allocation_v2_20260911,False,none,,1.128791,straight_500m,estimated,85.77,739.38,직선 500m 거주 아동 시나리오,2024년 6~11세 배분 추정에 인천 전체 연령인구 성장률 적용. 보행권·실제 이용자·신규 수혜가 아님. 후보끼리 합산하지 않음.,68.5,68.5,590.52,61.37,61.37,529.08
CG_01632,126.74767830000053,37.4353789,58.29,52.22,다사3337,0.4943081061508699,계양구,690.936,320,0.0,12204.7,3.0,278.9,0.0,low,['인천서창초등학교'],1,72.98,690.936,320,source_allocation_v2_20260911,False,none,,1.128791,straight_500m,estimated,72.98,902.67,직선 500m 거주 아동 시나리오,2024년 6~11세 배분 추정에 인천 전체 연령인구 성장률 적용. 보행권·실제 이용자·신규 수혜가 아님. 후보끼리 합산하지 않음.,58.29,58.29,720.94,52.22,52.22,645.93
CG_01631,126.74767830000053,37.4331289,38.66,34.63,다사3337,0.22509566026761385,계양구,799.616,227,299.7,12044.5,3.0,278.9,0.0,low,['인천서창초등학교'],1,48.4,799.616,227,source_allocation_v2_20260911,False,none,,1.128791,straight_500m,estimated,48.4,1044.66,직선 500m 거주 아동 시나리오,2024년 6~11세 배분 추정에 인천 전체 연령인구 성장률 적용. 보행권·실제 이용자·신규 수혜가 아님. 후보끼리 합산하지 않음.,38.66,38.66,834.34,34.63,34.63,747.53
CG_01653,126.75217830000054,37.4308789,28.95,25.94,다사3337,0.0,,715.74,296,,,3.0,278.9,0.0,low,['인천서창초등학교'],1,36.25,715.74,296,source_allocation_v2_20260911,False,none,,1.128791,straight_500m,estimated,36.25,935.08,직선 500m 거주 아동 시나리오,2024년 6~11세 배분 추정에 인천 전체 연령인구 성장률 적용. 보행권·실제 이용자·신규 수혜가 아님. 후보끼리 합산하지 않음.,28.95,28.95,746.82,25.94,25.94,669.12
CG_00852,126.68917830000044,37.61762889999962,49.82,44.64,다사2857,0.062355790626912315,미추홀구,565.156,471,235.4,815.0,2.0,150.0,0.0,medium,"[""['인천목향초등학교' '인천불로초등학교']""]",2,62.38,565.156,471,source_allocation_v2_20260911,False,none,,0.76076,straight_500m,estimated,62.38,738.35,직선 500m 거주 아동 시나리오,2024년 6~11세 배분 추정에 인천 전체 연령인구 성장률 적용. 보행권·실제 이용자·신규 수혜가 아님. 후보끼리 합산하지 않음.,49.82,49.82,589.7,44.64,44.64,528.34
CG_00851,126.68917830000044,37.61537889999963,31.53,28.25,다사2857,0.08459040478831846,미추홀구,607.91,419,147.1,1348.4,2.0,150.0,0.0,medium,"[""['인천목향초등학교' '인천불로초등학교']""]",2,39.48,607.91,419,source_allocation_v2_20260911,False,none,,0.76076,straight_500m,estimated,39.48,794.2,직선 500m 거주 아동 시나리오,2024년 6~11세 배분 추정에 인천 전체 연령인구 성장률 적용. 보행권·실제 이용자·신규 수혜가 아님. 후보끼리 합산하지 않음.,31.53,31.53,634.31,28.25,28.25,568.31
CG_00868,126.69142830000044,37.61537889999963,2.88,2.58,다사2857,0.09934969317013216,미추홀구,595.1859999999999,433,313.9,1664.8,2.0,150.0,0.0,medium,"[""['인천목향초등학교' '인천불로초등학교']""]",2,3.61,595.1859999999999,433,source_allocation_v2_20260911,False,none,,0.76076,straight_500m,estimated,3.61,777.58,직선 500m 거주 아동 시나리오,2024년 6~11세 배분 추정에 인천 전체 연령인구 성장률 적용. 보행권·실제 이용자·신규 수혜가 아님. 후보끼리 합산하지 않음.,2.88,2.88,621.03,2.58,2.58,556.42
CG_01374,126.7274283000005,37.4061289,45.81,41.05,다사3134,0.20215349084170728,부평구,502.632,611,466.3,3368.0,2.0,0.0,0.0,low,['인천논현초등학교'],1,57.36,502.632,611,source_allocation_v2_20260911,False,none,,0.87046,straight_500m,estimated,57.36,656.66,직선 500m 거주 아동 시나리오,2024년 6~11세 배분 추정에 인천 전체 연령인구 성장률 적용. 보행권·실제 이용자·신규 수혜가 아님. 후보끼리 합산하지 않음.,45.81,45.81,524.46,41.05,41.05,469.89
CG_01375,126.7274283000005,37.4083789,0.46,0.42,다사3134,0.14985743974352675,부평구,319.11,1021,303.9,3667.4,2.0,0.0,0.0,low,['인천논현초등학교'],1,0.58,319.11,1021,source_allocation_v2_20260911,False,none,,0.87046,straight_500m,estimated,0.58,416.9,직선 500m 거주 아동 시나리오,2024년 6~11세 배분 추정에 인천 전체 연령인구 성장률 적용. 보행권·실제 이용자·신규 수혜가 아님. 후보끼리 합산하지 않음.,0.46,0.46,332.97,0.42,0.42,298.32
CG_01372,126.7274283000005,37.4016289,47.43,42.49,다사3133,0.1161001207334901,부평구,691.5219999999999,318,595.7,3025.3,2.0,0.0,0.0,low,['인천논현초등학교'],1,59.38,691.5219999999999,318,source_allocation_v2_20260911,False,none,,0.87046,straight_500m,estimated,59.38,903.44,직선 500m 거주 아동 시나리오,2024년 6~11세 배분 추정에 인천 전체 연령인구 성장률 적용. 보행권·실제 이용자·신규 수혜가 아님. 후보끼리 합산하지 않음.,47.43,47.43,721.55,42.49,42.49,646.48
CG_01486,126.73417830000051,37.4061289,64.56,57.84,다사3234,0.10682703554340921,남동구,824.046,206,410.9,711.2,2.0,0.0,0.0,low,['인천논현초등학교'],1,80.83,824.046,206,source_allocation_v2_20260911,False,none,,0.87046,straight_500m,estimated,80.83,1076.58,직선 500m 거주 아동 시나리오,2024년 6~11세 배분 추정에 인천 전체 연령인구 성장률 적용. 보행권·실제 이용자·신규 수혜가 아님. 후보끼리 합산하지 않음.,64.56,64.56,859.83,57.84,57.84,770.37
CG_01342,126.7251783000005,37.4061289,17.09,15.31,다사3134,0.004277277310408686,부평구,462.31399999999996,700,419.0,6387.1,2.0,0.0,0.0,low,['인천논현초등학교'],1,21.4,462.31399999999996,700,source_allocation_v2_20260911,False,none,,0.87046,straight_500m,estimated,21.4,603.99,직선 500m 거주 아동 시나리오,2024년 6~11세 배분 추정에 인천 전체 연령인구 성장률 적용. 보행권·실제 이용자·신규 수혜가 아님. 후보끼리 합산하지 않음.,17.09,17.09,482.39,15.31,15.31,432.2
CG_01448,126.7319283000005,37.4061289,69.56,62.33,다사3234,0.05905503407922162,남동구,618.59,403,36.3,36.3,2.0,0.0,0.0,low,['인천논현초등학교'],1,87.1,618.59,403,source_allocation_v2_20260911,False,none,,0.87046,straight_500m,estimated,87.1,808.16,직선 500m 거주 아동 시나리오,2024년 6~11세 배분 추정에 인천 전체 연령인구 성장률 적용. 보행권·실제 이용자·신규 수혜가 아님. 후보끼리 합산하지 않음.,69.56,69.56,645.45,62.33,62.33,578.3
CG_01409,126.7296783000005,37.4083789,14.32,12.83,다사3134,0.09887322887261432,남동구,396.524,845,504.5,764.1,2.0,0.0,0.0,low,['인천논현초등학교'],1,17.93,396.524,845,source_allocation_v2_20260911,False,none,,0.87046,straight_500m,estimated,17.93,518.04,직선 500m 거주 아동 시나리오,2024년 6~11세 배분 추정에 인천 전체 연령인구 성장률 적용. 보행권·실제 이용자·신규 수혜가 아님. 후보끼리 합산하지 않음.,14.32,14.32,413.74,12.83,12.83,370.7
CG_01408,126.7296783000005,37.4061289,54.88,49.17,다사3134,0.047580581278557056,남동구,529.726,549,107.8,392.9,2.0,0.0,0.0,low,['인천논현초등학교'],1,68.71,529.726,549,source_allocation_v2_20260911,False,none,,0.87046,straight_500m,estimated,68.71,692.06,직선 500m 거주 아동 시나리오,2024년 6~11세 배분 추정에 인천 전체 연령인구 성장률 적용. 보행권·실제 이용자·신규 수혜가 아님. 후보끼리 합산하지 않음.,54.88,54.88,552.73,49.17,49.17,495.22
CG_01449,126.7319283000005,37.4083789,35.54,31.84,다사3234,0.12110436610727596,남동구,525.278,555,289.1,289.1,2.0,0.0,0.0,low,['인천논현초등학교'],1,44.5,525.278,555,source_allocation_v2_20260911,False,none,,0.87046,straight_500m,estimated,44.5,686.25,직선 500m 거주 아동 시나리오,2024년 6~11세 배분 추정에 인천 전체 연령인구 성장률 적용. 보행권·실제 이용자·신규 수혜가 아님. 후보끼리 합산하지 않음.,35.54,35.54,548.09,31.84,31.84,491.06
CG_00795,126.68242830000042,37.590628899999665,31.15,27.91,다사2754,0.008762942048563569,미추홀구,325.656,1002,243.3,2244.5,3.0,169.4,0.0,low,['인천당하초등학교'],1,39.0,325.656,1002,source_allocation_v2_20260911,False,none,,4.207371,straight_500m,estimated,39.0,425.45,직선 500m 거주 아동 시나리오,2024년 6~11세 배분 추정에 인천 전체 연령인구 성장률 적용. 보행권·실제 이용자·신규 수혜가 아님. 후보끼리 합산하지 않음.,31.15,31.15,339.8,27.91,27.91,304.44
CG_00066,126.61267830000031,37.4173789,29.7,26.61,다사2135,0.29166062879255983,연수구,657.134,353,2078.2,5931.0,2.0,489.0,0.0,medium,['인천미송초등학교'],1,37.19,657.134,353,source_allocation_v2_20260911,False,none,,0.0,straight_500m,estimated,37.19,858.51,직선 500m 거주 아동 시나리오,2024년 6~11세 배분 추정에 인천 전체 연령인구 성장률 적용. 보행권·실제 이용자·신규 수혜가 아님. 후보끼리 합산하지 않음.,29.7,29.7,685.67,26.61,26.61,614.33
CG_00072,126.61492830000032,37.4151289,175.18,156.95,다사2135,0.00039183089561119504,중구,1467.87,21,408.6,408.6,2.0,489.0,0.0,medium,['인천미송초등학교'],1,219.34,1467.87,21,source_allocation_v2_20260911,False,none,,0.0,straight_500m,estimated,219.34,1917.7,직선 500m 거주 아동 시나리오,2024년 6~11세 배분 추정에 인천 전체 연령인구 성장률 적용. 보행권·실제 이용자·신규 수혜가 아님. 후보끼리 합산하지 않음.,175.18,175.18,1531.61,156.95,156.95,1372.26
CG_00464,126.6666783000004,37.4038789,16.29,14.6,다사2634,0.23477533726452982,서구,419.332,797,760.8,7996.2,4.0,185.0,0.0,medium,['인천서면초등학교'],1,20.4,419.332,797,source_allocation_v2_20260911,False,none,,6.489322,straight_500m,estimated,20.4,547.84,직선 500m 거주 아동 시나리오,2024년 6~11세 배분 추정에 인천 전체 연령인구 성장률 적용. 보행권·실제 이용자·신규 수혜가 아님. 후보끼리 합산하지 않음.,16.29,16.29,437.54,14.6,14.6,392.02
CG_00541,126.6689283000004,37.59512889999966,69.56,62.33,다사2655,0.18507672493177246,미추홀구,815.4939999999999,214,126.3,3541.8,3.0,384.0,0.0,low,['인천마전초등학교'],1,87.1,815.4939999999999,214,source_allocation_v2_20260911,False,none,,2.63441,straight_500m,estimated,87.1,1065.4,직선 500m 거주 아동 시나리오,2024년 6~11세 배분 추정에 인천 전체 연령인구 성장률 적용. 보행권·실제 이용자·신규 수혜가 아님. 후보끼리 합산하지 않음.,69.56,69.56,850.91,62.33,62.33,762.37
CG_00596,126.67342830000041,37.4038789,23.23,20.81,다사2634,0.1260744932130021,서구,727.518,285,202.7,6150.0,4.0,185.0,0.0,medium,['인천서면초등학교'],1,29.08,727.518,285,source_allocation_v2_20260911,False,none,,6.489322,straight_500m,estimated,29.08,950.47,직선 500m 거주 아동 시나리오,2024년 6~11세 배분 추정에 인천 전체 연령인구 성장률 적용. 보행권·실제 이용자·신규 수혜가 아님. 후보끼리 합산하지 않음.,23.23,23.23,759.11,20.81,20.81,680.13
CG_00542,126.6689283000004,37.597378899999654,78.03,69.91,다사2655,0.18826027372738816,미추홀구,828.368,203,305.3,3484.8,3.0,384.0,0.0,low,['인천마전초등학교'],1,97.7,828.368,203,source_allocation_v2_20260911,False,none,,2.63441,straight_500m,estimated,97.7,1082.22,직선 500m 거주 아동 시나리오,2024년 6~11세 배분 추정에 인천 전체 연령인구 성장률 적용. 보행권·실제 이용자·신규 수혜가 아님. 후보끼리 합산하지 않음.,78.03,78.03,864.34,69.91,69.91,774.41
CG_00597,126.67342830000041,37.4061289,58.08,52.04,다사2634,0.10807053382034676,서구,809.2759999999998,221,451.4,6400.2,4.0,185.0,0.0,medium,['인천서면초등학교'],1,72.72,809.2759999999998,221,source_allocation_v2_20260911,False,none,,6.489322,straight_500m,estimated,72.72,1057.28,직선 500m 거주 아동 시나리오,2024년 6~11세 배분 추정에 인천 전체 연령인구 성장률 적용. 보행권·실제 이용자·신규 수혜가 아님. 후보끼리 합산하지 않음.,58.08,58.08,844.42,52.04,52.04,756.56
CG_00547,126.6711783000004,37.4061289,43.33,38.82,다사2634,0.016611708587496467,미추홀구,681.842,326,0.0,2758.9,4.0,185.0,0.0,medium,['인천서면초등학교'],1,54.25,681.842,326,source_allocation_v2_20260911,False,none,,6.489322,straight_500m,estimated,54.25,890.79,직선 500m 거주 아동 시나리오,2024년 6~11세 배분 추정에 인천 전체 연령인구 성장률 적용. 보행권·실제 이용자·신규 수혜가 아님. 후보끼리 합산하지 않음.,43.33,43.33,711.45,38.82,38.82,637.43
CG_00722,126.67792830000042,37.59287889999966,57.3,51.34,다사2755,0.0,서구,506.726,599,887.2,5389.2,3.0,169.4,0.0,low,['인천당하초등학교'],1,71.75,506.726,599,source_allocation_v2_20260911,False,none,,4.207371,straight_500m,estimated,71.75,662.01,직선 500m 거주 아동 시나리오,2024년 6~11세 배분 추정에 인천 전체 연령인구 성장률 적용. 보행권·실제 이용자·신규 수혜가 아님. 후보끼리 합산하지 않음.,57.3,57.3,528.73,51.34,51.34,473.72
CG_00723,126.67792830000042,37.59512889999966,31.19,27.94,다사2755,0.08213706489668356,서구,329.568,990,1000.4,5502.4,3.0,169.4,0.0,low,['인천당하초등학교'],1,39.05,329.568,990,source_allocation_v2_20260911,False,none,,4.207371,straight_500m,estimated,39.05,430.56,직선 500m 거주 아동 시나리오,2024년 6~11세 배분 추정에 인천 전체 연령인구 성장률 적용. 보행권·실제 이용자·신규 수혜가 아님. 후보끼리 합산하지 않음.,31.19,31.19,343.88,27.94,27.94,308.1
CG_00590,126.6711783000004,37.59512889999966,63.73,57.1,다사2655,0.1497961167768421,미추홀구,809.422,220,387.1,2506.1,3.0,384.0,0.0,low,['인천마전초등학교'],1,79.79,809.422,220,source_allocation_v2_20260911,False,none,,2.63441,straight_500m,estimated,79.79,1057.47,직선 500m 거주 아동 시나리오,2024년 6~11세 배분 추정에 인천 전체 연령인구 성장률 적용. 보행권·실제 이용자·신규 수혜가 아님. 후보끼리 합산하지 않음.,63.73,63.73,844.57,57.1,57.1,756.7
CG_00638,126.67342830000041,37.59512889999966,24.65,22.08,다사2755,0.11906457478244603,서구,713.9460000000001,298,162.4,3977.5,3.0,384.0,0.0,low,['인천마전초등학교'],1,30.86,713.9460000000001,298,source_allocation_v2_20260911,False,none,,2.63441,straight_500m,estimated,30.86,932.73,직선 500m 거주 아동 시나리오,2024년 6~11세 배분 추정에 인천 전체 연령인구 성장률 적용. 보행권·실제 이용자·신규 수혜가 아님. 후보끼리 합산하지 않음.,24.65,24.65,744.95,22.08,22.08,667.44
CG_00639,126.67342830000041,37.597378899999654,78.01,69.9,다사2755,0.13874062475454418,서구,588.858,443,560.4,4375.5,3.0,384.0,0.0,low,['인천마전초등학교'],1,97.68,588.858,443,source_allocation_v2_20260911,False,none,,2.63441,straight_500m,estimated,97.68,769.31,직선 500m 거주 아동 시나리오,2024년 6~11세 배분 추정에 인천 전체 연령인구 성장률 적용. 보행권·실제 이용자·신규 수혜가 아님. 후보끼리 합산하지 않음.,78.01,78.01,614.43,69.9,69.9,550.5
CG_00720,126.67792830000042,37.58837889999967,83.51,74.82,다사2754,0.0,서구,726.3,286,506.8,5008.9,3.0,169.4,0.0,low,['인천당하초등학교'],1,104.56,726.3,286,source_allocation_v2_20260911,False,none,,4.207371,straight_500m,estimated,104.56,948.88,직선 500m 거주 아동 시나리오,2024년 6~11세 배분 추정에 인천 전체 연령인구 성장률 적용. 보행권·실제 이용자·신규 수혜가 아님. 후보끼리 합산하지 않음.,83.51,83.51,757.84,74.82,74.82,678.99
CG_00592,126.6711783000004,37.59962889999965,44.57,39.94,다사2655,0.1954699055573652,서구,554.824,491,268.6,4379.8,3.0,384.0,0.0,low,['인천마전초등학교'],1,55.81,554.824,491,source_allocation_v2_20260911,False,none,,2.63441,straight_500m,estimated,55.81,724.85,직선 500m 거주 아동 시나리오,2024년 6~11세 배분 추정에 인천 전체 연령인구 성장률 적용. 보행권·실제 이용자·신규 수혜가 아님. 후보끼리 합산하지 않음.,44.57,44.57,578.92,39.94,39.94,518.68
CG_00682,126.67567830000041,37.597378899999654,25.16,22.54,다사2755,0.14611211046510977,서구,410.86,817,310.6,3812.8,3.0,384.0,0.0,low,['인천마전초등학교'],1,31.5,410.86,817,source_allocation_v2_20260911,False,none,,2.63441,straight_500m,estimated,31.5,536.77,직선 500m 거주 아동 시나리오,2024년 6~11세 배분 추정에 인천 전체 연령인구 성장률 적용. 보행권·실제 이용자·신규 수혜가 아님. 후보끼리 합산하지 않음.,25.16,25.16,428.7,22.54,22.54,384.1
CG_00073,126.61492830000032,37.4173789,,,다사2135,0.030079727805269556,중구,871.4920000000001,179,371.9,371.9,2.0,489.0,0.0,medium,['인천미송초등학교'],1,,871.4920000000001,179,source_allocation_v2_20260911,False,none,,0.0,straight_500m,estimated,,1138.56,직선 500m 거주 아동 시나리오,2024년 6~11세 배분 추정에 인천 전체 연령인구 성장률 적용. 보행권·실제 이용자·신규 수혜가 아님. 후보끼리 합산하지 않음.,,,909.34,,,814.72
CG_00501,126.6689283000004,37.4061289,51.05,45.74,다사2634,0.19177808813518962,연수구,550.1880000000001,503,588.7,803.4,4.0,185.0,0.0,medium,['인천서면초등학교'],1,63.92,550.1880000000001,503,source_allocation_v2_20260911,False,none,,6.489322,straight_500m,estimated,63.92,718.79,직선 500m 거주 아동 시나리오,2024년 6~11세 배분 추정에 인천 전체 연령인구 성장률 적용. 보행권·실제 이용자·신규 수혜가 아님. 후보끼리 합산하지 않음.,51.05,51.05,574.08,45.74,45.74,514.35
CG_00764,126.68017830000042,37.59287889999966,8.48,7.6,다사2755,0.17541569246767574,서구,413.96999999999997,808,106.8,12565.6,3.0,169.4,0.0,low,['인천당하초등학교'],1,10.62,413.96999999999997,808,source_allocation_v2_20260911,False,none,,4.207371,straight_500m,estimated,10.62,540.83,직선 500m 거주 아동 시나리오,2024년 6~11세 배분 추정에 인천 전체 연령인구 성장률 적용. 보행권·실제 이용자·신규 수혜가 아님. 후보끼리 합산하지 않음.,8.48,8.48,431.95,7.6,7.6,387.0
CG_00762,126.68017830000042,37.58837889999967,60.6,54.3,다사2754,0.006065731716682076,서구,513.646,583,156.8,12136.5,3.0,169.4,0.0,low,['인천당하초등학교'],1,75.88,513.646,583,source_allocation_v2_20260911,False,none,,4.207371,straight_500m,estimated,75.88,671.05,직선 500m 거주 아동 시나리오,2024년 6~11세 배분 추정에 인천 전체 연령인구 성장률 적용. 보행권·실제 이용자·신규 수혜가 아님. 후보끼리 합산하지 않음.,60.6,60.6,535.95,54.3,54.3,480.19
CG_00763,126.68017830000042,37.590628899999665,45.56,40.82,다사2754,0.11283045318100972,서구,535.276,535,198.3,12268.7,3.0,169.4,0.0,low,['인천당하초등학교'],1,57.05,535.276,535,source_allocation_v2_20260911,False,none,,4.207371,straight_500m,estimated,57.05,699.31,직선 500m 거주 아동 시나리오,2024년 6~11세 배분 추정에 인천 전체 연령인구 성장률 적용. 보행권·실제 이용자·신규 수혜가 아님. 후보끼리 합산하지 않음.,45.56,45.56,558.52,40.82,40.82,500.41
CG_00500,126.6689283000004,37.4038789,47.23,42.31,다사2634,0.1767814687367756,연수구,525.2620000000001,556,298.4,656.1,4.0,185.0,0.0,medium,['인천서면초등학교'],1,59.13,525.2620000000001,556,source_allocation_v2_20260911,False,none,,6.489322,straight_500m,estimated,59.13,686.23,직선 500m 거주 아동 시나리오,2024년 6~11세 배분 추정에 인천 전체 연령인구 성장률 적용. 보행권·실제 이용자·신규 수혜가 아님. 후보끼리 합산하지 않음.,47.23,47.23,548.07,42.31,42.31,491.05
CG_00509,126.6689283000004,37.460128899999866,32.39,29.02,다사2640,0.05781252248141618,미추홀구,380.32399999999996,876,499.9,2753.3,4.0,605.3,0.0,high,['인천도화초등학교'],1,40.56,380.32399999999996,876,source_allocation_v2_20260911,False,none,,10.996622,straight_500m,estimated,40.56,496.87,직선 500m 거주 아동 시나리오,2024년 6~11세 배분 추정에 인천 전체 연령인구 성장률 적용. 보행권·실제 이용자·신규 수혜가 아님. 후보끼리 합산하지 않음.,32.39,32.39,396.84,29.02,29.02,355.55
CG_00471,126.6666783000004,37.460128899999866,12.03,10.78,다사2640,0.08578817122363222,연수구,318.806,1022,354.8,723.5,4.0,605.3,0.0,high,['인천도화초등학교'],1,15.06,318.806,1022,source_allocation_v2_20260911,False,none,,10.996622,straight_500m,estimated,15.06,416.5,직선 500m 거주 아동 시나리오,2024년 6~11세 배분 추정에 인천 전체 연령인구 성장률 적용. 보행권·실제 이용자·신규 수혜가 아님. 후보끼리 합산하지 않음.,12.03,12.03,332.65,10.78,10.78,298.04
CG_00445,126.6644283000004,37.460128899999866,0.57,0.51,다사2640,0.03611685639503162,연수구,250.666,1149,163.3,450.5,4.0,605.3,0.0,high,['인천도화초등학교'],1,0.71,250.666,1149,source_allocation_v2_20260911,False,none,,10.996622,straight_500m,estimated,0.71,327.48,직선 500m 거주 아동 시나리오,2024년 6~11세 배분 추정에 인천 전체 연령인구 성장률 적용. 보행권·실제 이용자·신규 수혜가 아님. 후보끼리 합산하지 않음.,0.57,0.57,261.55,0.51,0.51,234.34
CG_00446,126.6644283000004,37.46237889999986,3.11,2.78,다사2640,0.11544190259370198,연수구,395.57399999999996,848,282.0,660.9,4.0,605.3,0.0,high,['인천도화초등학교'],1,3.89,395.57399999999996,848,source_allocation_v2_20260911,False,none,,10.996622,straight_500m,estimated,3.89,516.8,직선 500m 거주 아동 시나리오,2024년 6~11세 배분 추정에 인천 전체 연령인구 성장률 적용. 보행권·실제 이용자·신규 수혜가 아님. 후보끼리 합산하지 않음.,3.11,3.11,412.75,2.78,2.78,369.81
CG_00472,126.6666783000004,37.46237889999986,6.21,5.57,다사2640,0.08823358903552452,연수구,417.22399999999993,803,455.5,797.4,4.0,605.3,0.0,high,['인천도화초등학교'],1,7.78,417.22399999999993,803,source_allocation_v2_20260911,True,planned,500m 내 재개발 1건: planned(380m),10.996622,straight_500m,estimated,7.78,545.08,직선 500m 거주 아동 시나리오,2024년 6~11세 배분 추정에 인천 전체 연령인구 성장률 적용. 보행권·실제 이용자·신규 수혜가 아님. 후보끼리 합산하지 않음.,6.21,6.21,435.34,5.57,5.57,390.05
CG_00510,126.6689283000004,37.46237889999986,41.66,37.32,다사2640,0.05576647225831019,미추홀구,463.37,695,254.6,2745.9,4.0,605.3,0.0,high,['인천도화초등학교'],1,52.16,463.37,695,source_allocation_v2_20260911,True,planned,"500m 내 재개발 2건: unknown(420m), planned(278m)",10.996622,straight_500m,estimated,52.16,605.37,직선 500m 거주 아동 시나리오,2024년 6~11세 배분 추정에 인천 전체 연령인구 성장률 적용. 보행권·실제 이용자·신규 수혜가 아님. 후보끼리 합산하지 않음.,41.66,41.66,483.49,37.32,37.32,433.19
CG_00558,126.6711783000004,37.460128899999866,37.17,33.3,다사2640,0.13206653943172997,서구,450.13599999999997,731,635.4,6928.2,4.0,605.3,0.0,high,['인천도화초등학교'],1,46.54,450.13599999999997,731,source_allocation_v2_20260911,True,planned,500m 내 재개발 1건: planned(376m),10.996622,straight_500m,estimated,46.54,588.08,직선 500m 거주 아동 시나리오,2024년 6~11세 배분 추정에 인천 전체 연령인구 성장률 적용. 보행권·실제 이용자·신규 수혜가 아님. 후보끼리 합산하지 않음.,37.17,37.17,469.68,33.3,33.3,420.82
CG_00473,126.6666783000004,37.46462889999986,58.9,52.77,다사2640,0.03319017158482845,연수구,541.9839999999999,516,766.3,839.0,4.0,605.3,0.0,high,['인천도화초등학교'],1,73.75,541.9839999999999,516,source_allocation_v2_20260911,True,planned,"500m 내 재개발 2건: planned(269m), completed(478m)",10.996622,straight_500m,estimated,73.75,708.08,직선 500m 거주 아동 시나리오,2024년 6~11세 배분 추정에 인천 전체 연령인구 성장률 적용. 보행권·실제 이용자·신규 수혜가 아님. 후보끼리 합산하지 않음.,58.9,58.9,565.52,52.77,52.77,506.68
CG_00511,126.6689283000004,37.46462889999986,28.18,25.25,다사2640,0.05481926826598042,미추홀구,546.134,506,359.2,2798.8,4.0,605.3,0.0,high,['인천도화초등학교'],1,35.28,546.134,506,source_allocation_v2_20260911,True,planned,"500m 내 재개발 4건: unknown(308m), unknown(416m), planned(72m)",10.996622,straight_500m,estimated,35.28,713.5,직선 500m 거주 아동 시나리오,2024년 6~11세 배분 추정에 인천 전체 연령인구 성장률 적용. 보행권·실제 이용자·신규 수혜가 아님. 후보끼리 합산하지 않음.,28.18,28.18,569.85,25.25,25.25,510.56
CG_00560,126.6711783000004,37.46462889999986,41.43,37.12,다사2640,0.06765577070073904,서구,590.3340000000001,440,571.0,7691.4,4.0,605.3,0.0,high,['인천도화초등학교'],1,51.87,590.3340000000001,440,source_allocation_v2_20260911,True,planned,"500m 내 재개발 3건: unknown(113m), unknown(328m), planned(131m)",10.996622,straight_500m,estimated,51.87,771.24,직선 500m 거주 아동 시나리오,2024년 6~11세 배분 추정에 인천 전체 연령인구 성장률 적용. 보행권·실제 이용자·신규 수혜가 아님. 후보끼리 합산하지 않음.,41.43,41.43,615.97,37.12,37.12,551.88
CG_00559,126.6711783000004,37.46237889999986,47.28,42.36,다사2640,0.19617860597353712,서구,529.736,548,218.7,7338.5,4.0,605.3,0.0,high,['인천도화초등학교'],1,59.2,529.736,548,source_allocation_v2_20260911,True,planned,"500m 내 재개발 3건: planned(379m), unknown(307m), planned(299m)",10.996622,straight_500m,estimated,59.2,692.07,직선 500m 거주 아동 시나리오,2024년 6~11세 배분 추정에 인천 전체 연령인구 성장률 적용. 보행권·실제 이용자·신규 수혜가 아님. 후보끼리 합산하지 않음.,47.28,47.28,552.74,42.36,42.36,495.23
CG_01260,126.71842830000048,37.52312889999977,0.92,0.82,다사3047,0.006288432867538683,남동구,290.408,1074,68.8,1488.1,3.0,376.0,0.0,low,['인천성지초등학교'],1,1.15,290.408,1074,source_allocation_v2_20260911,False,none,,3.161616,straight_500m,estimated,1.15,379.4,직선 500m 거주 아동 시나리오,2024년 6~11세 배분 추정에 인천 전체 연령인구 성장률 적용. 보행권·실제 이용자·신규 수혜가 아님. 후보끼리 합산하지 않음.,0.92,0.92,303.02,0.82,0.82,271.49
CG_01361,126.7251783000005,37.532128899999755,34.06,30.52,다사3148,0.04672749783524867,남동구,471.944,676,189.6,586.6,3.0,267.0,0.0,low,['인천작전초등학교'],1,42.65,471.944,676,source_allocation_v2_20260911,True,planned,"500m 내 재개발 4건: planned(354m), unknown(288m), completed(339m)",3.070936,straight_500m,estimated,42.65,616.57,직선 500m 거주 아동 시나리오,2024년 6~11세 배분 추정에 인천 전체 연령인구 성장률 적용. 보행권·실제 이용자·신규 수혜가 아님. 후보끼리 합산하지 않음.,34.06,34.06,492.44,30.52,30.52,441.2
CG_01362,126.7251783000005,37.53437889999975,50.98,45.68,다사3148,0.0024199028064349195,남동구,454.97400000000005,715,376.9,1078.7,3.0,267.0,0.0,low,['인천작전초등학교'],1,63.83,454.97400000000005,715,source_allocation_v2_20260911,True,completed,"500m 내 재개발 3건: completed(413m), completed(409m), unknown(218m)",3.070936,straight_500m,estimated,63.83,594.4,직선 500m 거주 아동 시나리오,2024년 6~11세 배분 추정에 인천 전체 연령인구 성장률 적용. 보행권·실제 이용자·신규 수혜가 아님. 후보끼리 합산하지 않음.,50.98,50.98,474.73,45.68,45.68,425.34
CG_01329,126.72292830000049,37.52987889999976,10.22,9.16,다사3148,0.05579464778378853,부평구,516.184,575,697.7,2520.3,3.0,376.0,0.0,low,['인천성지초등학교'],1,12.8,516.184,575,source_allocation_v2_20260911,True,planned,"500m 내 재개발 6건: unknown(331m), planned(270m), unknown(314m)",3.161616,straight_500m,estimated,12.8,674.37,직선 500m 거주 아동 시나리오,2024년 6~11세 배분 추정에 인천 전체 연령인구 성장률 적용. 보행권·실제 이용자·신규 수혜가 아님. 후보끼리 합산하지 않음.,10.22,10.22,538.6,9.16,9.16,482.56
CG_01327,126.72292830000049,37.525378899999765,7.76,6.96,다사3147,0.0001919728672222797,남동구,412.402,813,140.7,140.7,3.0,376.0,0.0,low,['인천성지초등학교'],1,9.72,412.402,813,source_allocation_v2_20260911,True,planned,"500m 내 재개발 2건: unknown(418m), planned(471m)",3.161616,straight_500m,estimated,9.72,538.78,직선 500m 거주 아동 시나리오,2024년 6~11세 배분 추정에 인천 전체 연령인구 성장률 적용. 보행권·실제 이용자·신규 수혜가 아님. 후보끼리 합산하지 않음.,7.76,7.76,430.31,6.96,6.96,385.54
CG_01297,126.72067830000049,37.52312889999977,4.06,3.64,다사3147,0.0790160716708054,부평구,211.056,1231,0.0,3250.6,3.0,376.0,0.0,low,['인천성지초등학교'],1,5.08,211.056,1231,source_allocation_v2_20260911,False,none,,3.161616,straight_500m,estimated,5.08,275.73,직선 500m 거주 아동 시나리오,2024년 6~11세 배분 추정에 인천 전체 연령인구 성장률 적용. 보행권·실제 이용자·신규 수혜가 아님. 후보끼리 합산하지 않음.,4.06,4.06,220.22,3.64,3.64,197.31
CG_01328,126.72292830000049,37.52762889999976,32.94,29.51,다사3147,0.0023112633811738655,부평구,453.36199999999997,719,562.1,2319.8,3.0,376.0,0.0,low,['인천성지초등학교'],1,41.24,453.36199999999997,719,source_allocation_v2_20260911,True,planned,"500m 내 재개발 3건: unknown(282m), planned(292m), unknown(392m)",3.161616,straight_500m,estimated,41.24,592.29,직선 500m 거주 아동 시나리오,2024년 6~11세 배분 추정에 인천 전체 연령인구 성장률 적용. 보행권·실제 이용자·신규 수혜가 아님. 후보끼리 합산하지 않음.,32.94,32.94,473.05,29.51,29.51,423.83
CG_01363,126.7251783000005,37.53662889999975,38.98,34.93,다사3148,0.009142717177629055,남동구,469.022,683,161.7,923.5,3.0,267.0,0.0,low,['인천작전초등학교'],1,48.81,469.022,683,source_allocation_v2_20260911,True,completed,"500m 내 재개발 2건: completed(367m), unknown(433m)",3.070936,straight_500m,estimated,48.81,612.75,직선 500m 거주 아동 시나리오,2024년 6~11세 배분 추정에 인천 전체 연령인구 성장률 적용. 보행권·실제 이용자·신규 수혜가 아님. 후보끼리 합산하지 않음.,38.98,38.98,489.39,34.93,34.93,438.47
CG_01360,126.7251783000005,37.52762889999976,64.34,57.65,다사3147,0.05481397740507753,남동구,518.8979999999999,567,33.2,753.9,3.0,376.0,0.0,low,['인천성지초등학교'],1,80.56,518.8979999999999,567,source_allocation_v2_20260911,True,planned,"500m 내 재개발 4건: unknown(478m), planned(158m), unknown(261m)",3.161616,straight_500m,estimated,80.56,677.91,직선 500m 거주 아동 시나리오,2024년 6~11세 배분 추정에 인천 전체 연령인구 성장률 적용. 보행권·실제 이용자·신규 수혜가 아님. 후보끼리 합산하지 않음.,64.34,64.34,541.43,57.65,57.65,485.1
CG_01359,126.7251783000005,37.525378899999765,24.27,21.75,다사3147,0.09912593036327527,남동구,464.39599999999996,693,229.4,1291.9,3.0,376.0,0.0,low,['인천성지초등학교'],1,30.39,464.39599999999996,693,source_allocation_v2_20260911,True,planned,"500m 내 재개발 3건: planned(479m), planned(402m), unknown(498m)",3.161616,straight_500m,estimated,30.39,606.71,직선 500m 거주 아동 시나리오,2024년 6~11세 배분 추정에 인천 전체 연령인구 성장률 적용. 보행권·실제 이용자·신규 수혜가 아님. 후보끼리 합산하지 않음.,24.27,24.27,484.56,21.75,21.75,434.15
CG_01298,126.72067830000049,37.525378899999765,19.87,17.8,다사3147,0.14199897950009768,부평구,378.094,879,319.4,2870.0,3.0,376.0,0.0,low,['인천성지초등학교'],1,24.88,378.094,879,source_allocation_v2_20260911,True,unknown,500m 내 재개발 1건: unknown(324m),3.161616,straight_500m,estimated,24.88,493.96,직선 500m 거주 아동 시나리오,2024년 6~11세 배분 추정에 인천 전체 연령인구 성장률 적용. 보행권·실제 이용자·신규 수혜가 아님. 후보끼리 합산하지 않음.,19.87,19.87,394.51,17.8,17.8,353.47
CG_01397,126.7274283000005,37.53437889999975,39.79,35.65,다사3148,0.06955198375161495,계양구,537.52,528,184.6,14770.7,3.0,267.0,0.0,low,['인천작전초등학교'],1,49.82,537.52,528,source_allocation_v2_20260911,True,unknown,500m 내 재개발 1건: unknown(385m),3.070936,straight_500m,estimated,49.82,702.24,직선 500m 거주 아동 시나리오,2024년 6~11세 배분 추정에 인천 전체 연령인구 성장률 적용. 보행권·실제 이용자·신규 수혜가 아님. 후보끼리 합산하지 않음.,39.79,39.79,560.86,35.65,35.65,502.51
CG_01396,126.7274283000005,37.532128899999755,53.45,47.89,다사3148,0.02042504052790981,계양구,568.976,466,0.0,14186.2,3.0,267.0,0.0,low,['인천작전초등학교'],1,66.92,568.976,466,source_allocation_v2_20260911,True,planned,"500m 내 재개발 3건: planned(379m), unknown(278m), unknown(364m)",3.070936,straight_500m,estimated,66.92,743.34,직선 500m 거주 아동 시나리오,2024년 6~11세 배분 추정에 인천 전체 연령인구 성장률 적용. 보행권·실제 이용자·신규 수혜가 아님. 후보끼리 합산하지 않음.,53.45,53.45,593.68,47.89,47.89,531.92
CG_00304,126.65092830000037,37.3948789,24.7,22.13,다사2433,0.04910577380002397,서구,922.192,149,424.3,16610.3,4.0,0.0,0.0,medium,['인천먼우금초등학교'],1,30.93,922.192,149,source_allocation_v2_20260911,False,none,,31.503392,straight_500m,estimated,30.93,1204.8,직선 500m 거주 아동 시나리오,2024년 6~11세 배분 추정에 인천 전체 연령인구 성장률 적용. 보행권·실제 이용자·신규 수혜가 아님. 후보끼리 합산하지 않음.,24.7,24.7,962.24,22.13,22.13,862.12
CG_00328,126.65317830000038,37.3971289,34.12,30.57,다사2533,0.0,연수구,685.886,323,1082.1,2891.1,4.0,0.0,0.0,medium,['인천먼우금초등학교'],1,42.72,685.886,323,source_allocation_v2_20260911,False,none,,31.503392,straight_500m,estimated,42.72,896.08,직선 500m 거주 아동 시나리오,2024년 6~11세 배분 추정에 인천 전체 연령인구 성장률 적용. 보행권·실제 이용자·신규 수혜가 아님. 후보끼리 합산하지 않음.,34.12,34.12,715.67,30.57,30.57,641.21
CG_00385,126.65767830000038,37.3948789,22.52,20.18,다사2533,0.012652967470586066,연수구,440.3299999999999,751,1036.7,1483.6,4.0,0.0,0.0,medium,['인천먼우금초등학교'],1,28.2,440.3299999999999,751,source_allocation_v2_20260911,False,none,,31.503392,straight_500m,estimated,28.2,575.27,직선 500m 거주 아동 시나리오,2024년 6~11세 배분 추정에 인천 전체 연령인구 성장률 적용. 보행권·실제 이용자·신규 수혜가 아님. 후보끼리 합산하지 않음.,22.52,22.52,459.45,20.18,20.18,411.65
CG_00325,126.65317830000038,37.3903789,36.37,32.59,다사2532,0.3302107948715166,연수구,541.5899999999999,517,433.0,5114.1,4.0,0.0,0.0,medium,['인천먼우금초등학교'],1,45.54,541.5899999999999,517,source_allocation_v2_20260911,False,none,,31.503392,straight_500m,estimated,45.54,707.56,직선 500m 거주 아동 시나리오,2024년 6~11세 배분 추정에 인천 전체 연령인구 성장률 적용. 보행권·실제 이용자·신규 수혜가 아님. 후보끼리 합산하지 않음.,36.37,36.37,565.11,32.59,32.59,506.31
CG_00326,126.65317830000038,37.3926289,94.78,84.92,다사2532,0.4299467236799642,연수구,755.3,260,1062.2,4796.8,4.0,0.0,0.0,medium,['인천먼우금초등학교'],1,118.67,755.3,260,source_allocation_v2_20260911,False,none,,31.503392,straight_500m,estimated,118.67,986.76,직선 500m 거주 아동 시나리오,2024년 6~11세 배분 추정에 인천 전체 연령인구 성장률 적용. 보행권·실제 이용자·신규 수혜가 아님. 후보끼리 합산하지 않음.,94.78,94.78,788.1,84.92,84.92,706.1
CG_00327,126.65317830000038,37.3948789,83.07,74.43,다사2533,0.5581439237229275,연수구,774.472,245,971.6,4706.2,4.0,0.0,0.0,medium,['인천먼우금초등학교'],1,104.01,774.472,245,source_allocation_v2_20260911,False,none,,31.503392,straight_500m,estimated,104.01,1011.81,직선 500m 거주 아동 시나리오,2024년 6~11세 배분 추정에 인천 전체 연령인구 성장률 적용. 보행권·실제 이용자·신규 수혜가 아님. 후보끼리 합산하지 않음.,83.07,83.07,808.1,74.43,74.43,724.03
CG_00305,126.65092830000037,37.3971289,67.61,60.57,다사2433,0.00046139742321847405,서구,943.114,139,520.2,16661.2,4.0,0.0,0.0,medium,['인천먼우금초등학교'],1,84.65,943.114,139,source_allocation_v2_20260911,False,none,,31.503392,straight_500m,estimated,84.65,1232.13,직선 500m 거주 아동 시나리오,2024년 6~11세 배분 추정에 인천 전체 연령인구 성장률 적용. 보행권·실제 이용자·신규 수혜가 아님. 후보끼리 합산하지 않음.,67.61,67.61,984.07,60.57,60.57,881.68
CG_00302,126.65092830000037,37.3903789,24.97,22.38,다사2432,0.26797595338347546,동구,509.93600000000004,589,548.9,1482.0,4.0,0.0,0.0,medium,['인천먼우금초등학교'],1,31.27,509.93600000000004,589,source_allocation_v2_20260911,False,none,,31.503392,straight_500m,estimated,31.27,666.21,직선 500m 거주 아동 시나리오,2024년 6~11세 배분 추정에 인천 전체 연령인구 성장률 적용. 보행권·실제 이용자·신규 수혜가 아님. 후보끼리 합산하지 않음.,24.97,24.97,532.08,22.38,22.38,476.72
CG_00303,126.65092830000037,37.3926289,55.14,49.4,다사2432,0.7320240466165245,서구,862.18,185,836.3,16181.6,4.0,0.0,0.0,medium,['인천먼우금초등학교'],1,69.04,862.18,185,source_allocation_v2_20260911,False,none,,31.503392,straight_500m,estimated,69.04,1126.4,직선 500m 거주 아동 시나리오,2024년 6~11세 배분 추정에 인천 전체 연령인구 성장률 적용. 보행권·실제 이용자·신규 수혜가 아님. 후보끼리 합산하지 않음.,55.14,55.14,899.62,49.4,49.4,806.02
CG_00357,126.65542830000038,37.3971289,12.31,11.03,다사2533,0.28849417176471026,연수구,508.71799999999996,594,266.6,554.7,4.0,0.0,0.0,medium,['인천먼우금초등학교'],1,15.41,508.71799999999996,594,source_allocation_v2_20260911,False,none,,31.503392,straight_500m,estimated,15.41,664.61,직선 500m 거주 아동 시나리오,2024년 6~11세 배분 추정에 인천 전체 연령인구 성장률 적용. 보행권·실제 이용자·신규 수혜가 아님. 후보끼리 합산하지 않음.,12.31,12.31,530.81,11.03,11.03,475.58
CG_00384,126.65767830000038,37.3926289,59.3,53.13,다사2532,0.14299742864680556,연수구,609.542,417,1257.0,1598.9,4.0,0.0,0.0,medium,['인천먼우금초등학교'],1,74.25,609.542,417,source_allocation_v2_20260911,False,none,,31.503392,straight_500m,estimated,74.25,796.34,직선 500m 거주 아동 시나리오,2024년 6~11세 배분 추정에 인천 전체 연령인구 성장률 적용. 보행권·실제 이용자·신규 수혜가 아님. 후보끼리 합산하지 않음.,59.3,59.3,636.01,53.13,53.13,569.84
CG_00356,126.65542830000038,37.3948789,111.06,99.5,다사2533,0.14070893704177598,연수구,607.414,420,248.2,306.3,4.0,0.0,0.0,medium,['인천먼우금초등학교'],1,139.05,607.414,420,source_allocation_v2_20260911,False,none,,31.503392,straight_500m,estimated,139.05,793.56,직선 500m 거주 아동 시나리오,2024년 6~11세 배분 추정에 인천 전체 연령인구 성장률 적용. 보행권·실제 이용자·신규 수혜가 아님. 후보끼리 합산하지 않음.,111.06,111.06,633.79,99.5,99.5,567.85
CG_00355,126.65542830000038,37.3926289,48.59,43.54,다사2532,0.07085289082856575,연수구,641.8679999999999,377,327.0,327.0,4.0,0.0,0.0,medium,['인천먼우금초등학교'],1,60.84,641.8679999999999,377,source_allocation_v2_20260911,False,none,,31.503392,straight_500m,estimated,60.84,838.57,직선 500m 거주 아동 시나리오,2024년 6~11세 배분 추정에 인천 전체 연령인구 성장률 적용. 보행권·실제 이용자·신규 수혜가 아님. 후보끼리 합산하지 않음.,48.59,48.59,669.74,43.54,43.54,600.06
CG_00354,126.65542830000038,37.3903789,36.05,32.3,다사2532,0.02599216197314779,연수구,580.3199999999999,450,1065.3,1461.9,4.0,0.0,0.0,medium,['인천먼우금초등학교'],1,45.14,580.3199999999999,450,source_allocation_v2_20260911,False,none,,31.503392,straight_500m,estimated,45.14,758.16,직선 500m 거주 아동 시나리오,2024년 6~11세 배분 추정에 인천 전체 연령인구 성장률 적용. 보행권·실제 이용자·신규 수혜가 아님. 후보끼리 합산하지 않음.,36.05,36.05,605.52,32.3,32.3,542.52
CG_00118,126.62842830000034,37.3858789,158.78,142.26,다사2232,0.9369030657915353,연수구,882.576,169,236.1,5939.7,3.0,0.0,0.0,medium,['인천예송초등학교'],1,198.81,882.576,169,source_allocation_v2_20260911,False,none,,1.615079,straight_500m,estimated,198.81,1153.04,직선 500m 거주 아동 시나리오,2024년 6~11세 배분 추정에 인천 전체 연령인구 성장률 적용. 보행권·실제 이용자·신규 수혜가 아님. 후보끼리 합산하지 않음.,158.78,158.78,920.9,142.26,142.26,825.09
CG_00120,126.62842830000034,37.3903789,,,다사2232,0.0,연수구,503.11199999999997,609,271.2,5718.7,3.0,0.0,0.0,medium,['인천예송초등학교'],1,,503.11199999999997,609,source_allocation_v2_20260911,False,none,,1.615079,straight_500m,estimated,,657.29,직선 500m 거주 아동 시나리오,2024년 6~11세 배분 추정에 인천 전체 연령인구 성장률 적용. 보행권·실제 이용자·신규 수혜가 아님. 후보끼리 합산하지 않음.,,,524.96,,,470.34
CG_00119,126.62842830000034,37.3881289,0.68,0.61,다사2232,0.0017419985382598488,연수구,747.248,270,358.5,5949.4,3.0,0.0,0.0,medium,['인천예송초등학교'],1,0.85,747.248,270,source_allocation_v2_20260911,False,none,,1.615079,straight_500m,estimated,0.85,976.24,직선 500m 거주 아동 시나리오,2024년 6~11세 배분 추정에 인천 전체 연령인구 성장률 적용. 보행권·실제 이용자·신규 수혜가 아님. 후보끼리 합산하지 않음.,0.68,0.68,779.7,0.61,0.61,698.57
CG_00154,126.63292830000034,37.3903789,6.32,5.66,다사2332,0.07099142354421127,중구,715.634,297,383.4,383.4,3.0,0.0,0.0,medium,['인천예송초등학교'],1,7.91,715.634,297,source_allocation_v2_20260911,False,none,,1.615079,straight_500m,estimated,7.91,934.94,직선 500m 거주 아동 시나리오,2024년 6~11세 배분 추정에 인천 전체 연령인구 성장률 적용. 보행권·실제 이용자·신규 수혜가 아님. 후보끼리 합산하지 않음.,6.32,6.32,746.71,5.66,5.66,669.02
CG_00153,126.63292830000034,37.3881289,194.85,174.58,다사2332,0.16950343673541188,중구,1002.442,118,160.8,160.8,3.0,0.0,0.0,medium,['인천예송초등학교'],1,243.97,1002.442,118,source_allocation_v2_20260911,False,none,,1.615079,straight_500m,estimated,243.97,1309.64,직선 500m 거주 아동 시나리오,2024년 6~11세 배분 추정에 인천 전체 연령인구 성장률 적용. 보행권·실제 이용자·신규 수혜가 아님. 후보끼리 합산하지 않음.,194.85,194.85,1045.97,174.58,174.58,937.15
CG_00138,126.63067830000034,37.3881289,102.36,91.71,다사2332,0.11716972224599172,서구,991.444,119,154.4,7684.0,3.0,0.0,0.0,medium,['인천예송초등학교'],1,128.16,991.444,119,source_allocation_v2_20260911,False,none,,1.615079,straight_500m,estimated,128.16,1295.27,직선 500m 거주 아동 시나리오,2024년 6~11세 배분 추정에 인천 전체 연령인구 성장률 적용. 보행권·실제 이용자·신규 수혜가 아님. 후보끼리 합산하지 않음.,102.36,102.36,1034.5,91.71,91.71,926.86
CG_00139,126.63067830000034,37.3903789,2.32,2.08,다사2332,0.0782289447921664,서구,672.592,335,225.4,8042.0,3.0,0.0,0.0,medium,['인천예송초등학교'],1,2.91,672.592,335,source_allocation_v2_20260911,False,none,,1.615079,straight_500m,estimated,2.91,878.71,직선 500m 거주 아동 시나리오,2024년 6~11세 배분 추정에 인천 전체 연령인구 성장률 적용. 보행권·실제 이용자·신규 수혜가 아님. 후보끼리 합산하지 않음.,2.32,2.32,701.8,2.08,2.08,628.78
CG_01612,126.74542830000053,37.4308789,80.86,72.44,다사3337,0.05756009450547516,부평구,892.3720000000001,163,835.7,4098.9,3.0,0.0,0.0,low,['인천장서초등학교'],1,101.24,892.3720000000001,163,source_allocation_v2_20260911,False,none,,3.405915,straight_500m,estimated,101.24,1165.84,직선 500m 거주 아동 시나리오,2024년 6~11세 배분 추정에 인천 전체 연령인구 성장률 적용. 보행권·실제 이용자·신규 수혜가 아님. 후보끼리 합산하지 않음.,80.86,80.86,931.12,72.44,72.44,834.25
CG_01593,126.74317830000052,37.4263789,41.15,36.87,다사3336,0.19654032795622817,남동구,962.196,133,58.0,1032.0,3.0,0.0,0.0,low,['인천장서초등학교'],1,51.52,962.196,133,source_allocation_v2_20260911,False,none,,3.405915,straight_500m,estimated,51.52,1257.06,직선 500m 거주 아동 시나리오,2024년 6~11세 배분 추정에 인천 전체 연령인구 성장률 적용. 보행권·실제 이용자·신규 수혜가 아님. 후보끼리 합산하지 않음.,41.15,41.15,1003.98,36.87,36.87,899.52
CG_01594,126.74317830000052,37.4286289,148.74,133.27,다사3336,0.13400489849133052,부평구,752.1099999999999,262,658.7,3740.4,3.0,0.0,0.0,low,['인천장서초등학교'],1,186.24,752.1099999999999,262,source_allocation_v2_20260911,False,none,,3.405915,straight_500m,estimated,186.24,982.59,직선 500m 거주 아동 시나리오,2024년 6~11세 배분 추정에 인천 전체 연령인구 성장률 적용. 보행권·실제 이용자·신규 수혜가 아님. 후보끼리 합산하지 않음.,148.74,148.74,784.77,133.27,133.27,703.12
CG_01572,126.74092830000052,37.4286289,24.55,22.0,다사3236,1.0,부평구,530.3320000000001,545,275.5,7497.8,3.0,0.0,0.0,low,['인천장서초등학교'],1,30.74,530.3320000000001,545,source_allocation_v2_20260911,False,none,,3.405915,straight_500m,estimated,30.74,692.85,직선 500m 거주 아동 시나리오,2024년 6~11세 배분 추정에 인천 전체 연령인구 성장률 적용. 보행권·실제 이용자·신규 수혜가 아님. 후보끼리 합산하지 않음.,24.55,24.55,553.36,22.0,22.0,495.79
CG_01595,126.74317830000052,37.4308789,81.23,72.78,다사3337,0.04545034867423184,부평구,617.392,408,575.2,3927.3,3.0,0.0,0.0,low,['인천장서초등학교'],1,101.71,617.392,408,source_allocation_v2_20260911,False,none,,3.405915,straight_500m,estimated,101.71,806.59,직선 500m 거주 아동 시나리오,2024년 6~11세 배분 추정에 인천 전체 연령인구 성장률 적용. 보행권·실제 이용자·신규 수혜가 아님. 후보끼리 합산하지 않음.,81.23,81.23,644.2,72.78,72.78,577.18
CG_01642,126.74992830000053,37.4286289,156.56,140.27,다사3336,0.0,,830.334,201,,,3.0,0.0,0.0,low,['인천장서초등학교'],1,196.03,830.334,201,source_allocation_v2_20260911,False,none,,3.405915,straight_500m,estimated,196.03,1084.79,직선 500m 거주 아동 시나리오,2024년 6~11세 배분 추정에 인천 전체 연령인구 성장률 적용. 보행권·실제 이용자·신규 수혜가 아님. 후보끼리 합산하지 않음.,156.56,156.56,866.39,140.27,140.27,776.25
CG_01643,126.74992830000053,37.4308789,61.91,55.47,다사3337,0.0,,826.66,204,,,3.0,0.0,0.0,low,['인천장서초등학교'],1,77.52,826.66,204,source_allocation_v2_20260911,False,none,,3.405915,straight_500m,estimated,77.52,1079.99,직선 500m 거주 아동 시나리오,2024년 6~11세 배분 추정에 인천 전체 연령인구 성장률 적용. 보행권·실제 이용자·신규 수혜가 아님. 후보끼리 합산하지 않음.,61.91,61.91,862.56,55.47,55.47,772.81
CG_01630,126.74767830000053,37.4308789,104.66,93.77,다사3337,0.0,계양구,940.9399999999999,141,122.2,11867.0,3.0,0.0,0.0,low,['인천장서초등학교'],1,131.04,940.9399999999999,141,source_allocation_v2_20260911,False,none,,3.405915,straight_500m,estimated,131.04,1229.29,직선 500m 거주 아동 시나리오,2024년 6~11세 배분 추정에 인천 전체 연령인구 성장률 적용. 보행권·실제 이용자·신규 수혜가 아님. 후보끼리 합산하지 않음.,104.66,104.66,981.8,93.77,93.77,879.65
CG_01610,126.74542830000053,37.4263789,69.9,62.63,다사3336,0.2788502082101768,남동구,1287.088,44,316.8,1062.5,3.0,0.0,0.0,low,['인천장서초등학교'],1,87.52,1287.088,44,source_allocation_v2_20260911,False,none,,3.405915,straight_500m,estimated,87.52,1681.52,직선 500m 거주 아동 시나리오,2024년 6~11세 배분 추정에 인천 전체 연령인구 성장률 적용. 보행권·실제 이용자·신규 수혜가 아님. 후보끼리 합산하지 않음.,69.9,69.9,1342.98,62.63,62.63,1203.25
CG_01628,126.74767830000053,37.4263789,50.23,45.0,다사3336,0.0,계양구,1172.8120000000001,65,279.0,11710.3,3.0,0.0,0.0,low,['인천장서초등학교'],1,62.89,1172.8120000000001,65,source_allocation_v2_20260911,False,none,,3.405915,straight_500m,estimated,62.89,1532.22,직선 500m 거주 아동 시나리오,2024년 6~11세 배분 추정에 인천 전체 연령인구 성장률 적용. 보행권·실제 이용자·신규 수혜가 아님. 후보끼리 합산하지 않음.,50.23,50.23,1223.74,45.0,45.0,1096.42
CG_01629,126.74767830000053,37.4286289,65.5,58.68,다사3336,0.3327447444119605,계양구,1137.9740000000002,75,373.3,12014.7,3.0,0.0,0.0,low,['인천장서초등학교'],1,82.01,1137.9740000000002,75,source_allocation_v2_20260911,False,none,,3.405915,straight_500m,estimated,82.01,1486.71,직선 500m 거주 아동 시나리오,2024년 6~11세 배분 추정에 인천 전체 연령인구 성장률 적용. 보행권·실제 이용자·신규 수혜가 아님. 후보끼리 합산하지 않음.,65.5,65.5,1187.39,58.68,58.68,1063.85
CG_00028,126.55417830000022,37.49837889999981,2.85,2.55,다사1644,0.1236985616362547,중구,268.166,1114,379.5,379.5,4.0,124.0,2.0,medium,['인천하늘초등학교'],1,3.57,268.166,1114,source_allocation_v2_20260911,False,none,,34.259086,straight_500m,estimated,3.57,350.35,직선 500m 거주 아동 시나리오,2024년 6~11세 배분 추정에 인천 전체 연령인구 성장률 적용. 보행권·실제 이용자·신규 수혜가 아님. 후보끼리 합산하지 않음.,2.85,2.85,279.81,2.55,2.55,250.7
CG_00036,126.55867830000022,37.49612889999981,89.02,79.76,다사1644,0.04700372801667979,중구,666.344,343,368.7,368.7,4.0,124.0,2.0,medium,['인천하늘초등학교'],1,111.46,666.344,343,source_allocation_v2_20260911,False,none,,34.259086,straight_500m,estimated,111.46,870.54,직선 500m 거주 아동 시나리오,2024년 6~11세 배분 추정에 인천 전체 연령인구 성장률 적용. 보행권·실제 이용자·신규 수혜가 아님. 후보끼리 합산하지 않음.,89.02,89.02,695.28,79.76,79.76,622.94
CG_00035,126.55642830000022,37.5006288999998,4.45,3.99,다사1645,0.7455365294644012,중구,163.18200000000002,1305,163.1,163.1,4.0,124.0,2.0,medium,['인천하늘초등학교'],1,5.57,163.18200000000002,1305,source_allocation_v2_20260911,False,none,,34.259086,straight_500m,estimated,5.57,213.19,직선 500m 거주 아동 시나리오,2024년 6~11세 배분 추정에 인천 전체 연령인구 성장률 적용. 보행권·실제 이용자·신규 수혜가 아님. 후보끼리 합산하지 않음.,4.45,4.45,170.27,3.99,3.99,152.55
CG_00040,126.56317830000023,37.49612889999981,9.39,8.42,다사1744,0.987529787745575,중구,687.8019999999999,322,416.6,416.6,4.0,124.0,2.0,medium,['인천하늘초등학교'],1,11.76,687.8019999999999,322,source_allocation_v2_20260911,False,none,,34.259086,straight_500m,estimated,11.76,898.58,직선 500m 거주 아동 시나리오,2024년 6~11세 배분 추정에 인천 전체 연령인구 성장률 적용. 보행권·실제 이용자·신규 수혜가 아님. 후보끼리 합산하지 않음.,9.39,9.39,717.67,8.42,8.42,643.0
CG_00041,126.56317830000023,37.49837889999981,2.05,1.84,다사1744,0.012470212254424979,중구,165.264,1301,609.8,609.8,4.0,124.0,2.0,medium,['인천하늘초등학교'],1,2.57,165.264,1301,source_allocation_v2_20260911,False,none,,34.259086,straight_500m,estimated,2.57,215.91,직선 500m 거주 아동 시나리오,2024년 6~11세 배분 추정에 인천 전체 연령인구 성장률 적용. 보행권·실제 이용자·신규 수혜가 아님. 후보끼리 합산하지 않음.,2.05,2.05,172.44,1.84,1.84,154.5
CG_00039,126.56092830000023,37.49837889999981,1.15,1.03,다사1644,0.040693304124342994,중구,299.268,1069,491.3,491.3,4.0,124.0,2.0,medium,['인천하늘초등학교'],1,1.44,299.268,1069,source_allocation_v2_20260911,False,none,,34.259086,straight_500m,estimated,1.44,390.98,직선 500m 거주 아동 시나리오,2024년 6~11세 배분 추정에 인천 전체 연령인구 성장률 적용. 보행권·실제 이용자·신규 수혜가 아님. 후보끼리 합산하지 않음.,1.15,1.15,312.26,1.03,1.03,279.78
CG_00029,126.55417830000022,37.5006288999998,2.95,2.64,다사1645,0.25446347053559887,중구,133.352,1340,784.4,784.4,4.0,124.0,2.0,medium,['인천하늘초등학교'],1,3.69,133.352,1340,source_allocation_v2_20260911,False,none,,34.259086,straight_500m,estimated,3.69,174.22,직선 500m 거주 아동 시나리오,2024년 6~11세 배분 추정에 인천 전체 연령인구 성장률 적용. 보행권·실제 이용자·신규 수혜가 아님. 후보끼리 합산하지 않음.,2.95,2.95,139.14,2.64,2.64,124.67
CG_00038,126.56092830000023,37.49612889999981,6.33,5.67,다사1644,0.0008425054988625789,중구,648.986,365,491.3,491.3,4.0,124.0,2.0,medium,['인천하늘초등학교'],1,7.93,648.986,365,source_allocation_v2_20260911,False,none,,34.259086,straight_500m,estimated,7.93,847.87,직선 500m 거주 아동 시나리오,2024년 6~11세 배분 추정에 인천 전체 연령인구 성장률 적용. 보행권·실제 이용자·신규 수혜가 아님. 후보끼리 합산하지 않음.,6.33,6.33,677.17,5.67,5.67,606.71
CG_00033,126.55642830000022,37.49612889999981,92.54,82.91,다사1644,0.012467350207483574,중구,666.754,342,491.3,491.3,4.0,124.0,2.0,medium,['인천하늘초등학교'],1,115.87,666.754,342,source_allocation_v2_20260911,False,none,,34.259086,straight_500m,estimated,115.87,871.08,직선 500m 거주 아동 시나리오,2024년 6~11세 배분 추정에 인천 전체 연령인구 성장률 적용. 보행권·실제 이용자·신규 수혜가 아님. 후보끼리 합산하지 않음.,92.54,92.54,695.71,82.91,82.91,623.32
CG_00032,126.55642830000022,37.493878899999814,96.15,86.15,다사1644,0.05120222704754603,중구,1155.06,67,173.9,173.9,4.0,124.0,2.0,medium,['인천하늘초등학교'],1,120.39,1155.06,67,source_allocation_v2_20260911,False,none,,34.259086,straight_500m,estimated,120.39,1509.03,직선 500m 거주 아동 시나리오,2024년 6~11세 배분 추정에 인천 전체 연령인구 성장률 적용. 보행권·실제 이용자·신규 수혜가 아님. 후보끼리 합산하지 않음.,96.15,96.15,1205.22,86.15,86.15,1079.82
CG_00034,126.55642830000022,37.49837889999981,42.99,38.52,다사1644,0.4829916677996514,중구,342.64,962,319.3,319.3,4.0,124.0,2.0,medium,['인천하늘초등학교'],1,53.83,342.64,962,source_allocation_v2_20260911,False,none,,34.259086,straight_500m,estimated,53.83,447.64,직선 500m 거주 아동 시나리오,2024년 6~11세 배분 추정에 인천 전체 연령인구 성장률 적용. 보행권·실제 이용자·신규 수혜가 아님. 후보끼리 합산하지 않음.,42.99,42.99,357.52,38.52,38.52,320.32
CG_01072,126.70717830000046,37.480378899999835,0.13,0.11,다사2942,0.0,남동구,446.89599999999996,736,617.0,775.2,4.0,322.0,0.0,medium,['인천백운초등학교'],1,0.16,446.89599999999996,736,source_allocation_v2_20260911,True,completed,"500m 내 재개발 2건: completed(376m), unknown(374m)",21.370886,straight_500m,estimated,0.16,583.85,직선 500m 거주 아동 시나리오,2024년 6~11세 배분 추정에 인천 전체 연령인구 성장률 적용. 보행권·실제 이용자·신규 수혜가 아님. 후보끼리 합산하지 않음.,0.13,0.13,466.3,0.11,0.11,417.79
CG_01039,126.70492830000046,37.48262889999983,30.35,27.19,다사2942,0.1159541360766503,남동구,377.59400000000005,882,254.1,291.6,4.0,322.0,0.0,medium,['인천백운초등학교'],1,38.0,377.59400000000005,882,source_allocation_v2_20260911,False,none,,21.370886,straight_500m,estimated,38.0,493.31,직선 500m 거주 아동 시나리오,2024년 6~11세 배분 추정에 인천 전체 연령인구 성장률 적용. 보행권·실제 이용자·신규 수혜가 아님. 후보끼리 합산하지 않음.,30.35,30.35,393.99,27.19,27.19,353.0
CG_01071,126.70717830000046,37.47812889999984,0.04,0.04,다사2942,0.1417846486532664,서구,343.504,958,0.0,15596.8,4.0,322.0,0.0,medium,['인천백운초등학교'],1,0.05,343.504,958,source_allocation_v2_20260911,True,planned,500m 내 재개발 1건: planned(480m),21.370886,straight_500m,estimated,0.05,448.77,직선 500m 거주 아동 시나리오,2024년 6~11세 배분 추정에 인천 전체 연령인구 성장률 적용. 보행권·실제 이용자·신규 수혜가 아님. 후보끼리 합산하지 않음.,0.04,0.04,358.42,0.04,0.04,321.13
CG_00702,126.67792830000042,37.5051288999998,18.34,16.43,다사2745,0.07872054633370194,연수구,219.488,1214,111.0,853.8,2.0,523.35,0.0,high,"[""['인천석남초등학교' '인천천마초등학교']""]",2,22.96,219.488,1214,source_allocation_v2_20260911,True,planned,"500m 내 재개발 10건: unknown(228m), unknown(154m), planned(337m)",0.426341,straight_500m,estimated,22.96,286.75,직선 500m 거주 아동 시나리오,2024년 6~11세 배분 추정에 인천 전체 연령인구 성장률 적용. 보행권·실제 이용자·신규 수혜가 아님. 후보끼리 합산하지 않음.,18.34,18.34,229.02,16.43,16.43,205.19
CG_00742,126.68017830000042,37.5051288999998,,,다사2745,0.06830186630575807,미추홀구,126.10400000000001,1349,285.2,2585.6,2.0,523.35,0.0,high,"[""['인천석남초등학교' '인천천마초등학교']""]",2,,126.10400000000001,1349,source_allocation_v2_20260911,True,completed,"500m 내 재개발 5건: unknown(319m), unknown(333m), completed(417m)",0.426341,straight_500m,estimated,,164.75,직선 500m 거주 아동 시나리오,2024년 6~11세 배분 추정에 인천 전체 연령인구 성장률 적용. 보행권·실제 이용자·신규 수혜가 아님. 후보끼리 합산하지 않음.,,,131.58,,,117.89
CG_00746,126.68017830000042,37.51412889999978,7.98,7.15,다사2746,0.06596803915625679,미추홀구,239.92400000000004,1169,589.3,1695.4,1.0,883.5,0.0,high,"[""['인천석남초등학교' '인천가석초등학교']""]",2,9.99,239.92400000000004,1169,source_allocation_v2_20260911,True,unknown,"500m 내 재개발 2건: unknown(463m), unknown(376m)",0.213171,straight_500m,estimated,9.99,313.45,직선 500m 거주 아동 시나리오,2024년 6~11세 배분 추정에 인천 전체 연령인구 성장률 적용. 보행권·실제 이용자·신규 수혜가 아님. 후보끼리 합산하지 않음.,7.98,7.98,250.34,7.15,7.15,224.3
CG_00706,126.67792830000042,37.51412889999978,36.36,32.57,다사2746,0.052352714792028195,미추홀구,325.63,1003,472.1,2772.5,1.0,883.5,0.0,high,"[""['인천석남초등학교' '인천가석초등학교']""]",2,45.52,325.63,1003,source_allocation_v2_20260911,True,unknown,"500m 내 재개발 2건: unknown(279m), unknown(257m)",0.213171,straight_500m,estimated,45.52,425.42,직선 500m 거주 아동 시나리오,2024년 6~11세 배분 추정에 인천 전체 연령인구 성장률 적용. 보행권·실제 이용자·신규 수혜가 아님. 후보끼리 합산하지 않음.,36.36,36.36,339.77,32.57,32.57,304.42
CG_00343,126.65317830000038,37.466878899999855,43.44,38.92,다사2541,0.2375317682337514,서구,360.746,916,101.5,16414.8,2.0,54.0,0.0,medium,['인천숭의초등학교'],1,54.39,360.746,916,source_allocation_v2_20260911,True,completed,"500m 내 재개발 3건: unknown(446m), completed(413m), unknown(415m)",0.0,straight_500m,estimated,54.39,471.3,직선 500m 거주 아동 시나리오,2024년 6~11세 배분 추정에 인천 전체 연령인구 성장률 적용. 보행권·실제 이용자·신규 수혜가 아님. 후보끼리 합산하지 않음.,43.44,43.44,376.41,38.92,38.92,337.25
CG_00421,126.65992830000039,37.46462889999986,61.91,55.46,다사2540,0.07125868558079239,미추홀구,455.004,714,983.5,2405.9,2.0,54.0,0.0,medium,['인천숭의초등학교'],1,77.51,455.004,714,source_allocation_v2_20260911,False,none,,0.0,straight_500m,estimated,77.51,594.44,직선 500m 거주 아동 시나리오,2024년 6~11세 배분 추정에 인천 전체 연령인구 성장률 적용. 보행권·실제 이용자·신규 수혜가 아님. 후보끼리 합산하지 않음.,61.91,61.91,474.76,55.46,55.46,425.37
CG_00376,126.65542830000038,37.466878899999855,30.81,27.61,다사2541,0.17937508700312085,서구,380.42999999999995,875,102.7,16351.4,2.0,54.0,0.0,medium,['인천숭의초등학교'],1,38.58,380.42999999999995,875,source_allocation_v2_20260911,True,unknown,500m 내 재개발 1건: unknown(447m),0.0,straight_500m,estimated,38.58,497.01,직선 500m 거주 아동 시나리오,2024년 6~11세 배분 추정에 인천 전체 연령인구 성장률 적용. 보행권·실제 이용자·신규 수혜가 아님. 후보끼리 합산하지 않음.,30.81,30.81,396.95,27.61,27.61,355.65
CG_00403,126.65767830000038,37.466878899999855,21.48,19.25,다사2541,0.31154341618424397,서구,406.786,823,562.7,8050.8,2.0,54.0,0.0,medium,['인천숭의초등학교'],1,26.9,406.786,823,source_allocation_v2_20260911,False,none,,0.0,straight_500m,estimated,26.9,531.44,직선 500m 거주 아동 시나리오,2024년 6~11세 배분 추정에 인천 전체 연령인구 성장률 적용. 보행권·실제 이용자·신규 수혜가 아님. 후보끼리 합산하지 않음.,21.48,21.48,424.45,19.25,19.25,380.29
CG_00402,126.65767830000038,37.46462889999986,50.01,44.81,다사2540,0.07106326366809604,서구,489.494,641,394.1,7887.0,2.0,54.0,0.0,medium,['인천숭의초등학교'],1,62.62,489.494,641,source_allocation_v2_20260911,True,unknown,500m 내 재개발 1건: unknown(355m),0.0,straight_500m,estimated,62.62,639.5,직선 500m 거주 아동 시나리오,2024년 6~11세 배분 추정에 인천 전체 연령인구 성장률 적용. 보행권·실제 이용자·신규 수혜가 아님. 후보끼리 합산하지 않음.,50.01,50.01,510.75,44.81,44.81,457.61
CG_00422,126.65992830000039,37.466878899999855,42.11,37.73,다사2541,0.2715497285788837,미추홀구,490.05999999999995,640,614.6,2175.0,2.0,54.0,0.0,medium,['인천숭의초등학교'],1,52.73,490.05999999999995,640,source_allocation_v2_20260911,False,none,,0.0,straight_500m,estimated,52.73,640.24,직선 500m 거주 아동 시나리오,2024년 6~11세 배분 추정에 인천 전체 연령인구 성장률 적용. 보행권·실제 이용자·신규 수혜가 아님. 후보끼리 합산하지 않음.,42.11,42.11,511.34,37.73,37.73,458.14
CG_00375,126.65542830000038,37.46462889999986,16.66,14.93,다사2540,0.08442813966637755,서구,463.446,694,592.3,16460.5,2.0,54.0,0.0,medium,['인천숭의초등학교'],1,20.86,463.446,694,source_allocation_v2_20260911,True,unknown,500m 내 재개발 1건: unknown(212m),0.0,straight_500m,estimated,20.86,605.47,직선 500m 거주 아동 시나리오,2024년 6~11세 배분 추정에 인천 전체 연령인구 성장률 적용. 보행권·실제 이용자·신규 수혜가 아님. 후보끼리 합산하지 않음.,16.66,16.66,483.57,14.93,14.93,433.26
CG_00777,126.68242830000042,37.49162889999982,53.87,48.27,다사2743,0.1932772119328837,미추홀구,593.114,435,801.9,1478.2,1.0,663.1,0.0,high,['인천가정초등학교'],1,67.45,593.114,435,source_allocation_v2_20260911,True,planned,"500m 내 재개발 4건: unknown(227m), completed(400m), planned(344m)",0.0,straight_500m,estimated,67.45,774.88,직선 500m 거주 아동 시나리오,2024년 6~11세 배분 추정에 인천 전체 연령인구 성장률 적용. 보행권·실제 이용자·신규 수혜가 아님. 후보끼리 합산하지 않음.,53.87,53.87,618.87,48.27,48.27,554.48
CG_00094,126.62392830000033,37.4151289,112.21,100.53,다사2235,0.16571860328818594,서구,1324.99,37,316.6,7730.8,1.0,1575.0,0.0,high,['인천은송초등학교'],1,140.49,1324.99,37,source_allocation_v2_20260911,False,none,,0.0,straight_500m,estimated,140.49,1731.03,직선 500m 거주 아동 시나리오,2024년 6~11세 배분 추정에 인천 전체 연령인구 성장률 적용. 보행권·실제 이용자·신규 수혜가 아님. 후보끼리 합산하지 않음.,112.21,112.21,1382.53,100.53,100.53,1238.68
CG_00809,126.68467830000043,37.493878899999814,39.06,34.99,다사2744,0.004637929301841069,서구,571.8580000000001,460,394.4,12687.8,1.0,663.1,0.0,high,['인천가정초등학교'],1,48.9,571.8580000000001,460,source_allocation_v2_20260911,True,unknown,"500m 내 재개발 2건: unknown(171m), unknown(409m)",0.0,straight_500m,estimated,48.9,747.1,직선 500m 거주 아동 시나리오,2024년 6~11세 배분 추정에 인천 전체 연령인구 성장률 적용. 보행권·실제 이용자·신규 수혜가 아님. 후보끼리 합산하지 않음.,39.06,39.06,596.69,34.99,34.99,534.61
CG_00831,126.68692830000043,37.49162889999982,53.3,47.75,다사2843,0.41353722293111955,미추홀구,515.1020000000001,579,77.4,1870.0,1.0,663.1,0.0,high,['인천가정초등학교'],1,66.73,515.1020000000001,579,source_allocation_v2_20260911,True,planned,"500m 내 재개발 3건: unknown(431m), unknown(489m), planned(474m)",0.0,straight_500m,estimated,66.73,672.95,직선 500m 거주 아동 시나리오,2024년 6~11세 배분 추정에 인천 전체 연령인구 성장률 적용. 보행권·실제 이용자·신규 수혜가 아님. 후보끼리 합산하지 않음.,53.3,53.3,537.47,47.75,47.75,481.55
CG_00093,126.62392830000033,37.4128789,45.67,40.92,다사2235,0.21166636693968716,서구,1572.076,11,557.0,7866.0,1.0,1575.0,0.0,high,['인천은송초등학교'],1,57.18,1572.076,11,source_allocation_v2_20260911,False,none,,0.0,straight_500m,estimated,57.18,2053.84,직선 500m 거주 아동 시나리오,2024년 6~11세 배분 추정에 인천 전체 연령인구 성장률 적용. 보행권·실제 이용자·신규 수혜가 아님. 후보끼리 합산하지 않음.,45.67,45.67,1640.34,40.92,40.92,1469.68
CG_00807,126.68467830000043,37.48937889999982,40.6,36.37,다사2743,0.35231840888681476,서구,470.54400000000004,679,638.3,3399.9,1.0,663.1,0.0,high,['인천가정초등학교'],1,50.83,470.54400000000004,679,source_allocation_v2_20260911,True,planned,"500m 내 재개발 2건: unknown(241m), planned(160m)",0.0,straight_500m,estimated,50.83,614.74,직선 500m 거주 아동 시나리오,2024년 6~11세 배분 추정에 인천 전체 연령인구 성장률 적용. 보행권·실제 이용자·신규 수혜가 아님. 후보끼리 합산하지 않음.,40.6,40.6,490.98,36.37,36.37,439.89
CG_00808,126.68467830000043,37.49162889999982,44.89,40.22,다사2743,0.23897891718191897,서구,581.518,449,556.0,3838.8,1.0,663.1,0.0,high,['인천가정초등학교'],1,56.21,581.518,449,source_allocation_v2_20260911,True,planned,"500m 내 재개발 3건: unknown(281m), unknown(483m), planned(364m)",0.0,straight_500m,estimated,56.21,759.72,직선 500m 거주 아동 시나리오,2024년 6~11세 배분 추정에 인천 전체 연령인구 성장률 적용. 보행권·실제 이용자·신규 수혜가 아님. 후보끼리 합산하지 않음.,44.89,44.89,606.77,40.22,40.22,543.64
CG_00516,126.6689283000004,37.493878899999814,3.88,3.48,다사2644,0.05622025589183112,서구,177.466,1283,1055.9,4623.0,1.0,608.2,0.0,high,['인천봉화초등학교'],1,4.86,177.466,1283,source_allocation_v2_20260911,False,none,,0.0,straight_500m,estimated,4.86,231.85,직선 500m 거주 아동 시나리오,2024년 6~11세 배분 추정에 인천 전체 연령인구 성장률 적용. 보행권·실제 이용자·신규 수혜가 아님. 후보끼리 합산하지 않음.,3.88,3.88,185.17,3.48,3.48,165.91
CG_00564,126.6711783000004,37.49162889999982,7.69,6.89,다사2643,0.2204771619608084,서구,166.81,1297,302.9,12103.7,1.0,608.2,0.0,high,['인천봉화초등학교'],1,9.63,166.81,1297,source_allocation_v2_20260911,False,none,,0.0,straight_500m,estimated,9.63,217.93,직선 500m 거주 아동 시나리오,2024년 6~11세 배분 추정에 인천 전체 연령인구 성장률 적용. 보행권·실제 이용자·신규 수혜가 아님. 후보끼리 합산하지 않음.,7.69,7.69,174.05,6.89,6.89,155.95
CG_00106,126.62617830000033,37.4151289,309.77,277.54,다사2235,0.026841769453032172,중구,1210.704,55,378.3,378.3,1.0,1575.0,0.0,high,['인천은송초등학교'],1,387.86,1210.704,55,source_allocation_v2_20260911,False,none,,0.0,straight_500m,estimated,387.86,1581.72,직선 500m 거주 아동 시나리오,2024년 6~11세 배분 추정에 인천 전체 연령인구 성장률 적용. 보행권·실제 이용자·신규 수혜가 아님. 후보끼리 합산하지 않음.,309.77,309.77,1263.28,277.54,277.54,1131.84
CG_00565,126.6711783000004,37.493878899999814,27.36,24.52,다사2644,0.06918314199682826,서구,261.246,1133,1660.6,13878.8,1.0,608.2,0.0,high,['인천봉화초등학교'],1,34.26,261.246,1133,source_allocation_v2_20260911,False,none,,0.0,straight_500m,estimated,34.26,341.3,직선 500m 거주 아동 시나리오,2024년 6~11세 배분 추정에 인천 전체 연령인구 성장률 적용. 보행권·실제 이용자·신규 수혜가 아님. 후보끼리 합산하지 않음.,27.36,27.36,272.59,24.52,24.52,244.23
CG_00104,126.62617830000033,37.4106289,218.26,195.55,다사2234,0.0751858461100262,중구,751.432,264,812.6,812.6,1.0,1575.0,0.0,high,['인천은송초등학교'],1,273.28,751.432,264,source_allocation_v2_20260911,False,none,,0.0,straight_500m,estimated,273.28,981.71,직선 500m 거주 아동 시나리오,2024년 6~11세 배분 추정에 인천 전체 연령인구 성장률 적용. 보행권·실제 이용자·신규 수혜가 아님. 후보끼리 합산하지 않음.,218.26,218.26,784.06,195.55,195.55,702.49
CG_00122,126.62842830000034,37.4128789,139.64,125.11,다사2235,0.2418125101671155,연수구,1132.762,76,1666.6,3696.3,1.0,1575.0,0.0,high,['인천은송초등학교'],1,174.84,1132.762,76,source_allocation_v2_20260911,False,none,,0.0,straight_500m,estimated,174.84,1479.9,직선 500m 거주 아동 시나리오,2024년 6~11세 배분 추정에 인천 전체 연령인구 성장률 적용. 보행권·실제 이용자·신규 수혜가 아님. 후보끼리 합산하지 않음.,139.64,139.64,1181.95,125.11,125.11,1058.98
CG_00123,126.62842830000034,37.4151289,155.33,139.17,다사2235,0.3113362700999517,연수구,953.502,135,1548.6,3401.8,1.0,1575.0,0.0,high,['인천은송초등학교'],1,194.49,953.502,135,source_allocation_v2_20260911,False,none,,0.0,straight_500m,estimated,194.49,1245.7,직선 500m 거주 아동 시나리오,2024년 6~11세 배분 추정에 인천 전체 연령인구 성장률 적용. 보행권·실제 이용자·신규 수혜가 아님. 후보끼리 합산하지 않음.,155.33,155.33,994.91,139.17,139.17,891.39
CG_00121,126.62842830000034,37.4106289,53.77,48.18,다사2234,0.9248141538899739,연수구,,,1388.8,3829.0,1.0,1575.0,0.0,high,['인천은송초등학교'],1,67.33,,,source_allocation_v2_20260911,False,none,,0.0,straight_500m,missing_age_observations,67.33,,직선 500m 거주 아동 시나리오,2024년 6~11세 배분 추정에 인천 전체 연령인구 성장률 적용. 보행권·실제 이용자·신규 수혜가 아님. 후보끼리 합산하지 않음.,53.77,53.77,,48.18,48.18,
CG_00105,126.62617830000033,37.4128789,147.09,131.79,다사2235,0.0004639794678128019,중구,1298.0520000000001,41,1093.1,1093.1,1.0,1575.0,0.0,high,['인천은송초등학교'],1,184.17,1298.0520000000001,41,source_allocation_v2_20260911,False,none,,0.0,straight_500m,estimated,184.17,1695.84,직선 500m 거주 아동 시나리오,2024년 6~11세 배분 추정에 인천 전체 연령인구 성장률 적용. 보행권·실제 이용자·신규 수혜가 아님. 후보끼리 합산하지 않음.,147.09,147.09,1354.42,131.79,131.79,1213.5
CG_00832,126.68692830000043,37.493878899999814,91.2,81.71,다사2844,0.32342669688511133,미추홀구,490.086,639,277.2,1737.2,1.0,663.1,0.0,high,['인천가정초등학교'],1,114.19,490.086,639,source_allocation_v2_20260911,True,unknown,500m 내 재개발 1건: unknown(369m),0.0,straight_500m,estimated,114.19,640.27,직선 500m 거주 아동 시나리오,2024년 6~11세 배분 추정에 인천 전체 연령인구 성장률 적용. 보행권·실제 이용자·신규 수혜가 아님. 후보끼리 합산하지 않음.,91.2,91.2,511.37,81.71,81.71,458.16
CG_00477,126.6666783000004,37.49612889999981,2.66,2.38,다사2644,0.055675851307608666,미추홀구,158.506,1313,611.3,3131.9,1.0,608.2,0.0,high,['인천봉화초등학교'],1,3.33,158.506,1313,source_allocation_v2_20260911,False,none,,0.0,straight_500m,estimated,3.33,207.08,직선 500m 거주 아동 시나리오,2024년 6~11세 배분 추정에 인천 전체 연령인구 성장률 적용. 보행권·실제 이용자·신규 수혜가 아님. 후보끼리 합산하지 않음.,2.66,2.66,165.39,2.38,2.38,148.18
CG_00778,126.68242830000042,37.493878899999814,33.28,29.82,다사2744,0.245485740761685,미추홀구,552.826,497,491.3,1312.1,1.0,663.1,0.0,high,['인천가정초등학교'],1,41.67,552.826,497,source_allocation_v2_20260911,True,completed,"500m 내 재개발 4건: unknown(39m), completed(486m), unknown(240m)",0.0,straight_500m,estimated,41.67,722.24,직선 500m 거주 아동 시나리오,2024년 6~11세 배분 추정에 인천 전체 연령인구 성장률 적용. 보행권·실제 이용자·신규 수혜가 아님. 후보끼리 합산하지 않음.,33.28,33.28,576.83,29.82,29.82,516.82
CG_00848,126.68917830000044,37.49612889999981,35.81,32.09,다사2844,0.3167842292578464,미추홀구,286.43399999999997,1083,414.8,1761.9,1.0,663.1,0.0,high,['인천가정초등학교'],1,44.84,286.43399999999997,1083,source_allocation_v2_20260911,False,none,,0.0,straight_500m,estimated,44.84,374.21,직선 500m 거주 아동 시나리오,2024년 6~11세 배분 추정에 인천 전체 연령인구 성장률 적용. 보행권·실제 이용자·신규 수혜가 아님. 후보끼리 합산하지 않음.,35.81,35.81,298.87,32.09,32.09,267.78
CG_00846,126.68917830000044,37.49162889999982,3.19,2.86,다사2843,0.33363822324818804,연수구,370.50199999999995,893,402.1,803.6,1.0,663.1,0.0,high,['인천가정초등학교'],1,4.0,370.50199999999995,893,source_allocation_v2_20260911,False,none,,0.0,straight_500m,estimated,4.0,484.04,직선 500m 거주 아동 시나리오,2024년 6~11세 배분 추정에 인천 전체 연령인구 성장률 적용. 보행권·실제 이용자·신규 수혜가 아님. 후보끼리 합산하지 않음.,3.19,3.19,386.59,2.86,2.86,346.37
CG_00847,126.68917830000044,37.493878899999814,20.77,18.61,다사2844,0.35978907385704223,연수구,369.29999999999995,894,218.3,569.8,1.0,663.1,0.0,high,['인천가정초등학교'],1,26.01,369.29999999999995,894,source_allocation_v2_20260911,False,none,,0.0,straight_500m,estimated,26.01,482.47,직선 500m 거주 아동 시나리오,2024년 6~11세 배분 추정에 인천 전체 연령인구 성장률 적용. 보행권·실제 이용자·신규 수혜가 아님. 후보끼리 합산하지 않음.,20.77,20.77,385.34,18.61,18.61,345.24
CG_00124,126.62842830000034,37.4173789,4.94,4.42,다사2235,0.042160500584214826,연수구,638.396,384,1738.3,3273.5,1.0,1575.0,0.0,high,['인천은송초등학교'],1,6.18,638.396,384,source_allocation_v2_20260911,False,none,,0.0,straight_500m,estimated,6.18,834.03,직선 500m 거주 아동 시나리오,2024년 6~11세 배분 추정에 인천 전체 연령인구 성장률 적용. 보행권·실제 이용자·신규 수혜가 아님. 후보끼리 합산하지 않음.,4.94,4.94,666.12,4.42,4.42,596.81
CG_00515,126.6689283000004,37.49162889999982,0.58,0.52,다사2643,0.7795228380391916,서구,94.32400000000001,1386,608.2,4510.7,1.0,608.2,0.0,high,['인천봉화초등학교'],1,0.72,94.32400000000001,1386,source_allocation_v2_20260911,False,none,,0.0,straight_500m,estimated,0.72,123.23,직선 500m 거주 아동 시나리오,2024년 6~11세 배분 추정에 인천 전체 연령인구 성장률 적용. 보행권·실제 이용자·신규 수혜가 아님. 후보끼리 합산하지 않음.,0.58,0.58,98.42,0.52,0.52,88.18
CG_01516,126.73642830000051,37.4016289,42.84,38.38,다사3233,0.39305378434122357,남동구,678.506,328,172.2,1438.0,3.0,342.7,0.0,low,['인천소래초등학교'],1,53.64,678.506,328,source_allocation_v2_20260911,False,none,,1.099688,straight_500m,estimated,53.64,886.44,직선 500m 거주 아동 시나리오,2024년 6~11세 배분 추정에 인천 전체 연령인구 성장률 적용. 보행권·실제 이용자·신규 수혜가 아님. 후보끼리 합산하지 않음.,42.84,42.84,707.97,38.38,38.38,634.31
CG_01517,126.73642830000051,37.4038789,27.95,25.05,다사3234,0.06772805102579561,남동구,751.392,265,0.0,1170.9,3.0,342.7,0.0,low,['인천소래초등학교'],1,35.0,751.392,265,source_allocation_v2_20260911,False,none,,1.099688,straight_500m,estimated,35.0,981.66,직선 500m 거주 아동 시나리오,2024년 6~11세 배분 추정에 인천 전체 연령인구 성장률 적용. 보행권·실제 이용자·신규 수혜가 아님. 후보끼리 합산하지 않음.,27.95,27.95,784.02,25.05,25.05,702.45
CG_01370,126.7274283000005,37.3926289,58.06,52.02,다사3132,0.03895817987548769,부평구,793.5240000000001,232,893.3,2684.0,4.0,80.4,0.0,low,['인천고잔초등학교'],1,72.7,793.5240000000001,232,source_allocation_v2_20260911,False,none,,12.649532,straight_500m,estimated,72.7,1036.7,직선 500m 거주 아동 시나리오,2024년 6~11세 배분 추정에 인천 전체 연령인구 성장률 적용. 보행권·실제 이용자·신규 수혜가 아님. 후보끼리 합산하지 않음.,58.06,58.06,827.98,52.02,52.02,741.84
CG_01339,126.7251783000005,37.3948789,74.31,66.58,다사3133,0.1291667509024014,부평구,757.686,259,330.8,4909.5,4.0,80.4,0.0,low,['인천고잔초등학교'],1,93.04,757.686,259,source_allocation_v2_20260911,False,none,,12.649532,straight_500m,estimated,93.04,989.88,직선 500m 거주 아동 시나리오,2024년 6~11세 배분 추정에 인천 전체 연령인구 성장률 적용. 보행권·실제 이용자·신규 수혜가 아님. 후보끼리 합산하지 않음.,74.31,74.31,790.59,66.58,66.58,708.33
CG_01368,126.7274283000005,37.3881289,1.75,1.57,다사3132,0.07043781864735062,남동구,312.40200000000004,1040,303.3,562.8,4.0,80.4,0.0,low,['인천고잔초등학교'],1,2.19,312.40200000000004,1040,source_allocation_v2_20260911,False,none,,12.649532,straight_500m,estimated,2.19,408.14,직선 500m 거주 아동 시나리오,2024년 6~11세 배분 추정에 인천 전체 연령인구 성장률 적용. 보행권·실제 이용자·신규 수혜가 아님. 후보끼리 합산하지 않음.,1.75,1.75,325.97,1.57,1.57,292.05
CG_01369,126.7274283000005,37.3903789,54.54,48.87,다사3132,0.04827059043428898,남동구,527.684,552,542.5,754.5,4.0,80.4,0.0,low,['인천고잔초등학교'],1,68.29,527.684,552,source_allocation_v2_20260911,False,none,,12.649532,straight_500m,estimated,68.29,689.39,직선 500m 거주 아동 시나리오,2024년 6~11세 배분 추정에 인천 전체 연령인구 성장률 적용. 보행권·실제 이용자·신규 수혜가 아님. 후보끼리 합산하지 않음.,54.54,54.54,550.6,48.87,48.87,493.31
CG_01371,126.7274283000005,37.3948789,100.79,90.31,다사3133,0.1458013876722128,부평구,989.3199999999999,122,424.1,2853.8,4.0,80.4,0.0,low,['인천고잔초등학교'],1,126.2,989.3199999999999,122,source_allocation_v2_20260911,False,none,,12.649532,straight_500m,estimated,126.2,1292.5,직선 500m 거주 아동 시나리오,2024년 6~11세 배분 추정에 인천 전체 연령인구 성장률 적용. 보행권·실제 이용자·신규 수혜가 아님. 후보끼리 합산하지 않음.,100.79,100.79,1032.28,90.31,90.31,924.88
CG_01405,126.7296783000005,37.3948789,65.75,58.91,다사3133,0.07130115379083403,남동구,989.73,121,0.0,846.7,4.0,80.4,0.0,low,['인천고잔초등학교'],1,82.32,989.73,121,source_allocation_v2_20260911,False,none,,12.649532,straight_500m,estimated,82.32,1293.03,직선 500m 거주 아동 시나리오,2024년 6~11세 배분 추정에 인천 전체 연령인구 성장률 적용. 보행권·실제 이용자·신규 수혜가 아님. 후보끼리 합산하지 않음.,65.75,65.75,1032.71,58.91,58.91,925.26
CG_01403,126.7296783000005,37.3903789,40.76,36.52,다사3132,0.011622099523915012,남동구,494.68999999999994,631,407.0,407.0,4.0,80.4,0.0,low,['인천고잔초등학교'],1,51.04,494.68999999999994,631,source_allocation_v2_20260911,False,none,,12.649532,straight_500m,estimated,51.04,646.29,직선 500m 거주 아동 시나리오,2024년 6~11세 배분 추정에 인천 전체 연령인구 성장률 적용. 보행권·실제 이용자·신규 수혜가 아님. 후보끼리 합산하지 않음.,40.76,40.76,516.17,36.52,36.52,462.47
CG_01338,126.7251783000005,37.3926289,86.3,77.33,다사3132,0.04862265761459004,부평구,684.582,324,417.3,4634.6,4.0,80.4,0.0,low,['인천고잔초등학교'],1,108.06,684.582,324,source_allocation_v2_20260911,False,none,,12.649532,straight_500m,estimated,108.06,894.37,직선 500m 거주 아동 시나리오,2024년 6~11세 배분 추정에 인천 전체 연령인구 성장률 적용. 보행권·실제 이용자·신규 수혜가 아님. 후보끼리 합산하지 않음.,86.3,86.3,714.31,77.33,77.33,639.99
CG_01404,126.7296783000005,37.3926289,114.81,102.86,다사3132,0.06778001087245736,남동구,745.67,272,209.6,963.2,4.0,80.4,0.0,low,['인천고잔초등학교'],1,143.75,745.67,272,source_allocation_v2_20260911,False,none,,12.649532,straight_500m,estimated,143.75,974.18,직선 500m 거주 아동 시나리오,2024년 6~11세 배분 추정에 인천 전체 연령인구 성장률 적용. 보행권·실제 이용자·신규 수혜가 아님. 후보끼리 합산하지 않음.,114.81,114.81,778.05,102.86,102.86,697.1
CG_00788,126.68242830000042,37.545628899999734,27.31,24.47,다사2749,0.13393086275042915,서구,,,288.1,12640.1,4.0,205.9,0.0,low,"[""['인천심곡초등학교' '인천공촌초등학교']""]",2,34.19,,,source_allocation_v2_20260911,False,none,,11.922605,straight_500m,missing_age_observations,34.19,,직선 500m 거주 아동 시나리오,2024년 6~11세 배분 추정에 인천 전체 연령인구 성장률 적용. 보행권·실제 이용자·신규 수혜가 아님. 후보끼리 합산하지 않음.,27.31,27.31,,24.47,24.47,
CG_00757,126.68017830000042,37.54787889999973,14.33,12.84,다사2750,0.00029513275883674825,서구,,,1310.9,6101.8,4.0,205.9,0.0,low,"[""['인천심곡초등학교' '인천공촌초등학교']""]",2,17.94,,,source_allocation_v2_20260911,False,none,,11.922605,straight_500m,missing_age_observations,17.94,,직선 500m 거주 아동 시나리오,2024년 6~11세 배분 추정에 인천 전체 연령인구 성장률 적용. 보행권·실제 이용자·신규 수혜가 아님. 후보끼리 합산하지 않음.,14.33,14.33,,12.84,12.84,
CG_00756,126.68017830000042,37.545628899999734,54.69,49.0,다사2749,0.03901551442105341,서구,,,1147.5,5919.8,4.0,205.9,0.0,low,"[""['인천심곡초등학교' '인천공촌초등학교']""]",2,68.47,,,source_allocation_v2_20260911,False,none,,11.922605,straight_500m,missing_age_observations,68.47,,직선 500m 거주 아동 시나리오,2024년 6~11세 배분 추정에 인천 전체 연령인구 성장률 적용. 보행권·실제 이용자·신규 수혜가 아님. 후보끼리 합산하지 않음.,54.69,54.69,,49.0,49.0,
CG_00812,126.68467830000043,37.545628899999734,,,다사2749,0.07391727043749795,서구,,,0.0,19098.4,4.0,205.9,0.0,low,"[""['인천심곡초등학교' '인천공촌초등학교']""]",2,,,,source_allocation_v2_20260911,False,none,,11.922605,straight_500m,missing_age_observations,,,직선 500m 거주 아동 시나리오,2024년 6~11세 배분 추정에 인천 전체 연령인구 성장률 적용. 보행권·실제 이용자·신규 수혜가 아님. 후보끼리 합산하지 않음.,,,,,,
CG_00789,126.68242830000042,37.54787889999973,18.16,16.27,다사2750,0.06635493382660206,서구,,,0.0,18774.0,4.0,205.9,0.0,low,"[""['인천심곡초등학교' '인천공촌초등학교']""]",2,22.74,,,source_allocation_v2_20260911,False,none,,11.922605,straight_500m,missing_age_observations,22.74,,직선 500m 거주 아동 시나리오,2024년 6~11세 배분 추정에 인천 전체 연령인구 성장률 적용. 보행권·실제 이용자·신규 수혜가 아님. 후보끼리 합산하지 않음.,18.16,18.16,,16.27,16.27,
CG_00813,126.68467830000043,37.54787889999973,2.08,1.86,다사2750,0.22190757203376488,서구,,,0.0,19050.0,4.0,205.9,0.0,low,"[""['인천심곡초등학교' '인천공촌초등학교']""]",2,2.6,,,source_allocation_v2_20260911,False,none,,11.922605,straight_500m,missing_age_observations,2.6,,직선 500m 거주 아동 시나리오,2024년 6~11세 배분 추정에 인천 전체 연령인구 성장률 적용. 보행권·실제 이용자·신규 수혜가 아님. 후보끼리 합산하지 않음.,2.08,2.08,,1.86,1.86,
CG_00867,126.69142830000044,37.61312889999963,5.16,4.62,다사2857,0.0901729439497674,연수구,400.22,842,655.6,1057.1,3.0,65.0,0.0,low,['인천불로초등학교'],1,6.46,400.22,842,source_allocation_v2_20260911,False,none,,1.521519,straight_500m,estimated,6.46,522.87,직선 500m 거주 아동 시나리오,2024년 6~11세 배분 추정에 인천 전체 연령인구 성장률 적용. 보행권·실제 이용자·신규 수혜가 아님. 후보끼리 합산하지 않음.,5.16,5.16,417.6,4.62,4.62,374.15
CG_00836,126.68692830000043,37.61087889999963,33.18,29.72,다사2857,0.13607514753358171,미추홀구,401.994,834,799.7,1271.0,3.0,65.0,0.0,low,['인천불로초등학교'],1,41.54,401.994,834,source_allocation_v2_20260911,False,none,,1.521519,straight_500m,estimated,41.54,525.19,직선 500m 거주 아동 시나리오,2024년 6~11세 배분 추정에 인천 전체 연령인구 성장률 적용. 보행권·실제 이용자·신규 수혜가 아님. 후보끼리 합산하지 않음.,33.18,33.18,419.45,29.72,29.72,375.81
CG_00866,126.69142830000044,37.61087889999963,11.05,9.9,다사2857,0.05635522247226416,연수구,210.228,1233,138.2,1489.2,3.0,65.0,0.0,low,['인천불로초등학교'],1,13.84,210.228,1233,source_allocation_v2_20260911,False,none,,1.521519,straight_500m,estimated,13.84,274.65,직선 500m 거주 아동 시나리오,2024년 6~11세 배분 추정에 인천 전체 연령인구 성장률 적용. 보행권·실제 이용자·신규 수혜가 아님. 후보끼리 합산하지 않음.,11.05,11.05,219.36,9.9,9.9,196.53
CG_00849,126.68917830000044,37.61087889999963,34.02,30.48,다사2857,0.03771920869765951,미추홀구,367.73799999999994,901,192.6,1637.5,3.0,65.0,0.0,low,['인천불로초등학교'],1,42.59,367.73799999999994,901,source_allocation_v2_20260911,False,none,,1.521519,straight_500m,estimated,42.59,480.43,직선 500m 거주 아동 시나리오,2024년 6~11세 배분 추정에 인천 전체 연령인구 성장률 적용. 보행권·실제 이용자·신규 수혜가 아님. 후보끼리 합산하지 않음.,34.02,34.02,383.71,30.48,30.48,343.78
CG_00850,126.68917830000044,37.61312889999963,69.36,62.14,다사2857,0.07187033802165622,미추홀구,470.52799999999996,680,123.4,1585.4,3.0,65.0,0.0,low,['인천불로초등학교'],1,86.84,470.52799999999996,680,source_allocation_v2_20260911,False,none,,1.521519,straight_500m,estimated,86.84,614.72,직선 500m 거주 아동 시나리오,2024년 6~11세 배분 추정에 인천 전체 연령인구 성장률 적용. 보행권·실제 이용자·신규 수혜가 아님. 후보끼리 합산하지 않음.,69.36,69.36,490.96,62.14,62.14,439.88
CG_00819,126.68467830000043,37.61312889999963,22.31,19.99,다사2857,0.07929000466697438,미추홀구,435.56399999999996,760,420.2,1339.3,3.0,65.0,0.0,low,['인천불로초등학교'],1,27.93,435.56399999999996,760,source_allocation_v2_20260911,False,none,,1.521519,straight_500m,estimated,27.93,569.04,직선 500m 거주 아동 시나리오,2024년 6~11세 배분 추정에 인천 전체 연령인구 성장률 적용. 보행권·실제 이용자·신규 수혜가 아님. 후보끼리 합산하지 않음.,22.31,22.31,454.48,19.99,19.99,407.19
CG_00837,126.68692830000043,37.61312889999963,81.26,72.81,다사2857,0.1026519170266353,남동구,474.132,673,606.2,759.1,3.0,65.0,0.0,low,['인천불로초등학교'],1,101.75,474.132,673,source_allocation_v2_20260911,False,none,,1.521519,straight_500m,estimated,101.75,619.43,직선 500m 거주 아동 시나리오,2024년 6~11세 배분 추정에 인천 전체 연령인구 성장률 적용. 보행권·실제 이용자·신규 수혜가 아님. 후보끼리 합산하지 않음.,81.26,81.26,494.72,72.81,72.81,443.25
CG_00838,126.68692830000043,37.61537889999963,53.26,47.71,다사2857,0.12215373645082854,남동구,455.258,713,356.4,805.4,3.0,65.0,0.0,low,['인천불로초등학교'],1,66.68,455.258,713,source_allocation_v2_20260911,False,none,,1.521519,straight_500m,estimated,66.68,594.77,직선 500m 거주 아동 시나리오,2024년 6~11세 배분 추정에 인천 전체 연령인구 성장률 적용. 보행권·실제 이용자·신규 수혜가 아님. 후보끼리 합산하지 않음.,53.26,53.26,475.03,47.71,47.71,425.6
CG_00739,126.68017830000042,37.49612889999981,20.86,18.69,다사2744,0.06463455464635348,미추홀구,332.798,984,453.0,2846.4,3.0,129.0,0.0,low,['인천건지초등학교'],1,26.12,332.798,984,source_allocation_v2_20260911,True,unknown,"500m 내 재개발 4건: unknown(357m), unknown(454m), unknown(89m)",1.927219,straight_500m,estimated,26.12,434.78,직선 500m 거주 아동 시나리오,2024년 6~11세 배분 추정에 인천 전체 연령인구 성장률 적용. 보행권·실제 이용자·신규 수혜가 아님. 후보끼리 합산하지 않음.,20.86,20.86,347.25,18.69,18.69,311.12
CG_00738,126.68017830000042,37.493878899999814,17.6,15.77,다사2744,0.09965722189631077,미추홀구,444.046,742,241.4,2320.9,3.0,129.0,0.0,low,['인천건지초등학교'],1,22.04,444.046,742,source_allocation_v2_20260911,True,completed,"500m 내 재개발 4건: unknown(230m), completed(342m), unknown(165m)",1.927219,straight_500m,estimated,22.04,580.12,직선 500m 거주 아동 시나리오,2024년 6~11세 배분 추정에 인천 전체 연령인구 성장률 적용. 보행권·실제 이용자·신규 수혜가 아님. 후보끼리 합산하지 않음.,17.6,17.6,463.33,15.77,15.77,415.12
CG_00740,126.68017830000042,37.49837889999981,5.43,4.87,다사2744,0.16417165217613924,미추홀구,205.916,1242,517.9,2766.0,3.0,129.0,0.0,low,['인천건지초등학교'],1,6.8,205.916,1242,source_allocation_v2_20260911,True,unknown,"500m 내 재개발 2건: unknown(342m), unknown(337m)",1.927219,straight_500m,estimated,6.8,269.02,직선 500m 거주 아동 시나리오,2024년 6~11세 배분 추정에 인천 전체 연령인구 성장률 적용. 보행권·실제 이용자·신규 수혜가 아님. 후보끼리 합산하지 않음.,5.43,5.43,214.86,4.87,4.87,192.5
CG_00737,126.68017830000042,37.49162889999982,37.61,33.7,다사2743,0.1610584794675489,미추홀구,454.842,716,203.5,2005.5,3.0,129.0,0.0,low,['인천건지초등학교'],1,47.09,454.842,716,source_allocation_v2_20260911,True,planned,"500m 내 재개발 5건: unknown(321m), completed(202m), planned(429m)",1.927219,straight_500m,estimated,47.09,594.23,직선 500m 거주 아동 시나리오,2024년 6~11세 배분 추정에 인천 전체 연령인구 성장률 적용. 보행권·실제 이용자·신규 수혜가 아님. 후보끼리 합산하지 않음.,37.61,37.61,474.59,33.7,33.7,425.22
CG_00657,126.67567830000041,37.49612889999981,21.62,19.37,다사2744,0.0,서구,351.102,940,563.0,13803.9,3.0,129.0,0.0,low,['인천건지초등학교'],1,27.07,351.102,940,source_allocation_v2_20260911,True,unknown,"500m 내 재개발 3건: unknown(309m), unknown(429m), unknown(315m)",1.927219,straight_500m,estimated,27.07,458.7,직선 500m 거주 아동 시나리오,2024년 6~11세 배분 추정에 인천 전체 연령인구 성장률 적용. 보행권·실제 이용자·신규 수혜가 아님. 후보끼리 합산하지 않음.,21.62,21.62,366.35,19.37,19.37,328.23
CG_00700,126.67792830000042,37.49837889999981,18.78,16.82,다사2744,0.021183282151372915,연수구,267.534,1116,523.5,936.2,3.0,129.0,0.0,low,['인천건지초등학교'],1,23.51,267.534,1116,source_allocation_v2_20260911,True,unknown,"500m 내 재개발 2건: unknown(149m), unknown(403m)",1.927219,straight_500m,estimated,23.51,349.52,직선 500m 거주 아동 시나리오,2024년 6~11세 배분 추정에 인천 전체 연령인구 성장률 적용. 보행권·실제 이용자·신규 수혜가 아님. 후보끼리 합산하지 않음.,18.78,18.78,279.15,16.82,16.82,250.11
CG_00655,126.67567830000041,37.49162889999982,35.68,31.97,다사2743,0.001045431308420539,서구,326.03000000000003,1001,1055.9,13310.9,3.0,129.0,0.0,low,['인천건지초등학교'],1,44.68,326.03000000000003,1001,source_allocation_v2_20260911,True,completed,"500m 내 재개발 2건: completed(200m), unknown(266m)",1.927219,straight_500m,estimated,44.68,425.94,직선 500m 거주 아동 시나리오,2024년 6~11세 배분 추정에 인천 전체 연령인구 성장률 적용. 보행권·실제 이용자·신규 수혜가 아님. 후보끼리 합산하지 않음.,35.68,35.68,340.19,31.97,31.97,304.79
CG_00656,126.67567830000041,37.493878899999814,20.47,18.34,다사2744,0.0,서구,388.012,865,759.4,13607.5,3.0,129.0,0.0,low,['인천건지초등학교'],1,25.63,388.012,865,source_allocation_v2_20260911,True,completed,"500m 내 재개발 3건: completed(340m), unknown(451m), unknown(151m)",1.927219,straight_500m,estimated,25.63,506.92,직선 500m 거주 아동 시나리오,2024년 6~11세 배분 추정에 인천 전체 연령인구 성장률 적용. 보행권·실제 이용자·신규 수혜가 아님. 후보끼리 합산하지 않음.,20.47,20.47,404.86,18.34,18.34,362.74
CG_00698,126.67792830000042,37.493878899999814,21.88,19.61,다사2744,0.04241369062566325,서구,420.47,794,293.5,11949.0,3.0,129.0,0.0,low,['인천건지초등학교'],1,27.4,420.47,794,source_allocation_v2_20260911,True,completed,"500m 내 재개발 4건: unknown(428m), completed(277m), unknown(275m)",1.927219,straight_500m,estimated,27.4,549.32,직선 500m 거주 아동 시나리오,2024년 6~11세 배분 추정에 인천 전체 연령인구 성장률 적용. 보행권·실제 이용자·신규 수혜가 아님. 후보끼리 합산하지 않음.,21.88,21.88,438.73,19.61,19.61,393.08
CG_00697,126.67792830000042,37.49162889999982,37.2,33.33,다사2743,0.05332155122241314,서구,393.38,854,189.5,11311.4,3.0,129.0,0.0,low,['인천건지초등학교'],1,46.58,393.38,854,source_allocation_v2_20260911,True,completed,"500m 내 재개발 4건: unknown(483m), completed(27m), unknown(468m)",1.927219,straight_500m,estimated,46.58,513.93,직선 500m 거주 아동 시나리오,2024년 6~11세 배분 추정에 인천 전체 연령인구 성장률 적용. 보행권·실제 이용자·신규 수혜가 아님. 후보끼리 합산하지 않음.,37.2,37.2,410.46,33.33,33.33,367.76
CG_00699,126.67792830000042,37.49612889999981,24.89,22.3,다사2744,0.24990325182370524,연수구,323.89599999999996,1011,835.6,1248.3,3.0,129.0,0.0,low,['인천건지초등학교'],1,31.17,323.89599999999996,1011,source_allocation_v2_20260911,True,unknown,"500m 내 재개발 3건: unknown(333m), unknown(238m), unknown(283m)",1.927219,straight_500m,estimated,31.17,423.15,직선 500m 거주 아동 시나리오,2024년 6~11세 배분 추정에 인천 전체 연령인구 성장률 적용. 보행권·실제 이용자·신규 수혜가 아님. 후보끼리 합산하지 않음.,24.89,24.89,337.96,22.3,22.3,302.8
CG_00999,126.70267830000046,37.46462889999986,10.59,9.49,다사2940,0.03046100097462895,부평구,286.748,1082,676.1,5392.7,3.0,249.0,1.0,medium,['인천주원초등학교'],1,13.26,286.748,1082,source_allocation_v2_20260911,True,planned,"500m 내 재개발 2건: planned(398m), unknown(434m)",3.335156,straight_500m,estimated,13.26,374.62,직선 500m 거주 아동 시나리오,2024년 6~11세 배분 추정에 인천 전체 연령인구 성장률 적용. 보행권·실제 이용자·신규 수혜가 아님. 후보끼리 합산하지 않음.,10.59,10.59,299.2,9.49,9.49,268.07
CG_00998,126.70267830000046,37.46237889999986,1.37,1.23,다사2940,0.003477480303662185,부평구,293.84000000000003,1072,644.5,5094.6,3.0,249.0,1.0,medium,['인천주원초등학교'],1,1.72,293.84000000000003,1072,source_allocation_v2_20260911,True,planned,"500m 내 재개발 3건: unknown(419m), planned(425m), unknown(263m)",3.335156,straight_500m,estimated,1.72,383.89,직선 500m 거주 아동 시나리오,2024년 6~11세 배분 추정에 인천 전체 연령인구 성장률 적용. 보행권·실제 이용자·신규 수혜가 아님. 후보끼리 합산하지 않음.,1.37,1.37,306.6,1.23,1.23,274.7
CG_01156,126.71167830000047,37.48937889999982,35.75,32.03,다사3043,0.06429554071826481,서구,387.69399999999996,866,476.4,16370.7,2.0,317.0,0.0,medium,['인천대정초등학교'],1,44.76,387.69399999999996,866,source_allocation_v2_20260911,True,planned,"500m 내 재개발 4건: unknown(458m), planned(224m), unknown(380m)",0.0,straight_500m,estimated,44.76,506.5,직선 500m 거주 아동 시나리오,2024년 6~11세 배분 추정에 인천 전체 연령인구 성장률 적용. 보행권·실제 이용자·신규 수혜가 아님. 후보끼리 합산하지 않음.,35.75,35.75,404.53,32.03,32.03,362.44
CG_01157,126.71167830000047,37.49162889999982,2.17,1.95,다사3043,0.16281044948352993,서구,319.776,1020,727.7,16632.1,2.0,317.0,0.0,medium,['인천대정초등학교'],1,2.72,319.776,1020,source_allocation_v2_20260911,True,planned,500m 내 재개발 1건: planned(454m),0.0,straight_500m,estimated,2.72,417.77,직선 500m 거주 아동 시나리오,2024년 6~11세 배분 추정에 인천 전체 연령인구 성장률 적용. 보행권·실제 이용자·신규 수혜가 아님. 후보끼리 합산하지 않음.,2.17,2.17,333.66,1.95,1.95,298.95
CG_01160,126.71167830000047,37.49837889999981,,,다사3044,0.12317467719317644,남동구,455.914,710,0.0,1152.6,2.0,317.0,0.0,medium,['인천대정초등학교'],1,,455.914,710,source_allocation_v2_20260911,False,none,,0.0,straight_500m,estimated,,595.63,직선 500m 거주 아동 시나리오,2024년 6~11세 배분 추정에 인천 전체 연령인구 성장률 적용. 보행권·실제 이용자·신규 수혜가 아님. 후보끼리 합산하지 않음.,,,475.71,,,426.22
CG_01159,126.71167830000047,37.49612889999981,,,다사3044,0.07959863588861464,서구,240.314,1168,51.4,17126.0,2.0,317.0,0.0,medium,['인천대정초등학교'],1,,240.314,1168,source_allocation_v2_20260911,False,none,,0.0,straight_500m,estimated,,313.96,직선 500m 거주 아동 시나리오,2024년 6~11세 배분 추정에 인천 전체 연령인구 성장률 적용. 보행권·실제 이용자·신규 수혜가 아님. 후보끼리 합산하지 않음.,,,250.75,,,224.66
CG_01116,126.70942830000047,37.49162889999982,45.63,40.88,다사3043,0.14929523781327847,부평구,459.124,705,1118.0,4921.3,2.0,317.0,0.0,medium,['인천대정초등학교'],1,57.13,459.124,705,source_allocation_v2_20260911,True,planned,"500m 내 재개발 2건: planned(463m), planned(443m)",0.0,straight_500m,estimated,57.13,599.82,직선 500m 거주 아동 시나리오,2024년 6~11세 배분 추정에 인천 전체 연령인구 성장률 적용. 보행권·실제 이용자·신규 수혜가 아님. 후보끼리 합산하지 않음.,45.63,45.63,479.06,40.88,40.88,429.22
CG_01158,126.71167830000047,37.493878899999814,,,다사3044,0.06050564380225471,서구,272.17,1107,390.2,16787.1,2.0,317.0,0.0,medium,['인천대정초등학교'],1,,272.17,1107,source_allocation_v2_20260911,False,none,,0.0,straight_500m,estimated,,355.58,직선 500m 거주 아동 시나리오,2024년 6~11세 배분 추정에 인천 전체 연령인구 성장률 적용. 보행권·실제 이용자·신규 수혜가 아님. 후보끼리 합산하지 않음.,,,283.99,,,254.44
CG_01115,126.70942830000047,37.48937889999982,37.34,33.45,다사3043,0.16256198400375485,남동구,501.25199999999995,618,284.0,284.0,2.0,317.0,0.0,medium,['인천대정초등학교'],1,46.75,501.25199999999995,618,source_allocation_v2_20260911,True,planned,"500m 내 재개발 4건: planned(489m), planned(202m), unknown(477m)",0.0,straight_500m,estimated,46.75,654.86,직선 500m 거주 아동 시나리오,2024년 6~11세 배분 추정에 인천 전체 연령인구 성장률 적용. 보행권·실제 이용자·신규 수혜가 아님. 후보끼리 합산하지 않음.,37.34,37.34,523.02,33.45,33.45,468.6
CG_00479,126.6666783000004,37.5006288999998,5.57,4.99,다사2644,0.0754361286157277,미추홀구,184.3,1274,422.7,2630.7,2.0,270.0,0.0,medium,['인천석남서초등학교'],1,6.97,184.3,1274,source_allocation_v2_20260911,True,planned,"500m 내 재개발 2건: planned(181m), unknown(414m)",0.0,straight_500m,estimated,6.97,240.78,직선 500m 거주 아동 시나리오,2024년 6~11세 배분 추정에 인천 전체 연령인구 성장률 적용. 보행권·실제 이용자·신규 수혜가 아님. 후보끼리 합산하지 않음.,5.57,5.57,192.3,4.99,4.99,172.3
CG_00615,126.67342830000041,37.5028788999998,16.87,15.11,다사2645,0.025352771537384678,연수구,333.748,982,261.6,1568.7,2.0,270.0,0.0,medium,['인천석남서초등학교'],1,21.12,333.748,982,source_allocation_v2_20260911,True,planned,"500m 내 재개발 6건: unknown(444m), planned(421m), planned(466m)",0.0,straight_500m,estimated,21.12,436.03,직선 500m 거주 아동 시나리오,2024년 6~11세 배분 추정에 인천 전체 연령인구 성장률 적용. 보행권·실제 이용자·신규 수혜가 아님. 후보끼리 합산하지 않음.,16.87,16.87,348.24,15.11,15.11,312.01
CG_00659,126.67567830000041,37.5006288999998,16.7,14.96,다사2744,0.10730767302628881,서구,280.70799999999997,1090,257.8,15602.8,2.0,270.0,0.0,medium,['인천석남서초등학교'],1,20.91,280.70799999999997,1090,source_allocation_v2_20260911,True,unknown,500m 내 재개발 1건: unknown(205m),0.0,straight_500m,estimated,20.91,366.73,직선 500m 거주 아동 시나리오,2024년 6~11세 배분 추정에 인천 전체 연령인구 성장률 적용. 보행권·실제 이용자·신규 수혜가 아님. 후보끼리 합산하지 않음.,16.7,16.7,292.9,14.96,14.96,262.42
CG_00569,126.6711783000004,37.5028788999998,19.08,17.1,다사2645,0.019750666954772917,서구,325.15999999999997,1004,699.1,17444.3,2.0,270.0,0.0,medium,['인천석남서초등학교'],1,23.89,325.15999999999997,1004,source_allocation_v2_20260911,True,planned,"500m 내 재개발 3건: planned(291m), unknown(481m), unknown(232m)",0.0,straight_500m,estimated,23.89,424.8,직선 500m 거주 아동 시나리오,2024년 6~11세 배분 추정에 인천 전체 연령인구 성장률 적용. 보행권·실제 이용자·신규 수혜가 아님. 후보끼리 합산하지 않음.,19.08,19.08,339.28,17.1,17.1,303.98
CG_00520,126.6689283000004,37.5028788999998,29.42,26.35,다사2645,0.17759441851939886,서구,264.11199999999997,1125,627.6,6359.6,2.0,270.0,0.0,medium,['인천석남서초등학교'],1,36.83,264.11199999999997,1125,source_allocation_v2_20260911,True,planned,"500m 내 재개발 2건: planned(176m), unknown(115m)",0.0,straight_500m,estimated,36.83,345.05,직선 500m 거주 아동 시나리오,2024년 6~11세 배분 추정에 인천 전체 연령인구 성장률 적용. 보행권·실제 이용자·신규 수혜가 아님. 후보끼리 합산하지 않음.,29.42,29.42,275.58,26.35,26.35,246.91
CG_00570,126.6711783000004,37.5051288999998,23.38,20.94,다사2645,0.2050921065517308,서구,317.43600000000004,1025,741.3,17946.7,2.0,270.0,0.0,medium,['인천석남서초등학교'],1,29.27,317.43600000000004,1025,source_allocation_v2_20260911,True,planned,"500m 내 재개발 11건: unknown(486m), planned(339m), planned(482m)",0.0,straight_500m,estimated,29.27,414.71,직선 500m 거주 아동 시나리오,2024년 6~11세 배분 추정에 인천 전체 연령인구 성장률 적용. 보행권·실제 이용자·신규 수혜가 아님. 후보끼리 합산하지 않음.,23.38,23.38,331.22,20.94,20.94,296.76
CG_00614,126.67342830000041,37.5006288999998,20.31,18.2,다사2644,0.019313417716215798,서구,364.744,906,968.5,17759.8,2.0,270.0,0.0,medium,['인천석남서초등학교'],1,25.43,364.744,906,source_allocation_v2_20260911,True,planned,"500m 내 재개발 2건: unknown(325m), planned(440m)",0.0,straight_500m,estimated,25.43,476.52,직선 500m 거주 아동 시나리오,2024년 6~11세 배분 추정에 인천 전체 연령인구 성장률 적용. 보행권·실제 이용자·신규 수혜가 아님. 후보끼리 합산하지 않음.,20.31,20.31,380.58,18.2,18.2,340.99
CG_00480,126.6666783000004,37.5028788999998,3.91,3.51,다사2645,0.26201520229397834,미추홀구,,,382.0,2728.0,2.0,270.0,0.0,medium,['인천석남서초등학교'],1,4.9,,,source_allocation_v2_20260911,True,planned,"500m 내 재개발 2건: planned(237m), unknown(227m)",0.0,straight_500m,missing_age_observations,4.9,,직선 500m 거주 아동 시나리오,2024년 6~11세 배분 추정에 인천 전체 연령인구 성장률 적용. 보행권·실제 이용자·신규 수혜가 아님. 후보끼리 합산하지 않음.,3.91,3.91,,3.51,3.51,
CG_00129,126.62842830000034,37.46912889999985,10.06,9.01,다사2241,0.05243020385008366,중구,188.724,1265,280.6,280.6,1.0,722.2,2.0,high,['인천신흥초등학교'],1,12.59,188.724,1265,source_allocation_v2_20260911,True,planned,500m 내 재개발 1건: planned(162m),0.0,straight_500m,estimated,12.59,246.56,직선 500m 거주 아동 시나리오,2024년 6~11세 배분 추정에 인천 전체 연령인구 성장률 적용. 보행권·실제 이용자·신규 수혜가 아님. 후보끼리 합산하지 않음.,10.06,10.06,196.92,9.01,9.01,176.43
CG_00095,126.62392830000033,37.46912889999985,1.75,1.57,다사2241,0.054375716516488946,서구,42.36,1418,394.1,7692.7,1.0,722.2,2.0,high,['인천신흥초등학교'],1,2.19,42.36,1418,source_allocation_v2_20260911,True,planned,500m 내 재개발 1건: planned(239m),0.0,straight_500m,estimated,2.19,55.34,직선 500m 거주 아동 시나리오,2024년 6~11세 배분 추정에 인천 전체 연령인구 성장률 적용. 보행권·실제 이용자·신규 수혜가 아님. 후보끼리 합산하지 않음.,1.75,1.75,44.2,1.57,1.57,39.6
CG_00112,126.62617830000033,37.47137889999985,5.18,4.64,다사2241,0.3230618662128653,서구,103.19,1374,390.6,7602.7,1.0,722.2,2.0,high,['인천신흥초등학교'],1,6.48,103.19,1374,source_allocation_v2_20260911,True,planned,500m 내 재개발 1건: planned(279m),0.0,straight_500m,estimated,6.48,134.81,직선 500m 거주 아동 시나리오,2024년 6~11세 배분 추정에 인천 전체 연령인구 성장률 적용. 보행권·실제 이용자·신규 수혜가 아님. 후보끼리 합산하지 않음.,5.18,5.18,107.67,4.64,4.64,96.47
CG_00143,126.63067830000034,37.466878899999855,45.58,40.84,다사2341,0.013084221521163234,서구,250.606,1150,191.5,9216.5,1.0,722.2,2.0,high,['인천신흥초등학교'],1,57.07,250.606,1150,source_allocation_v2_20260911,True,planned,"500m 내 재개발 4건: planned(423m), unknown(491m), unknown(294m)",0.0,straight_500m,estimated,57.07,327.4,직선 500m 거주 아동 시나리오,2024년 6~11세 배분 추정에 인천 전체 연령인구 성장률 적용. 보행권·실제 이용자·신규 수혜가 아님. 후보끼리 합산하지 않음.,45.58,45.58,261.49,40.84,40.84,234.28
CG_00113,126.62617830000033,37.473628899999845,9.32,8.35,다사2241,0.15142568376625076,서구,100.35399999999998,1376,208.0,7801.2,1.0,722.2,2.0,high,['인천신흥초등학교'],1,11.67,100.35399999999998,1376,source_allocation_v2_20260911,True,unknown,500m 내 재개발 1건: unknown(259m),0.0,straight_500m,estimated,11.67,131.11,직선 500m 거주 아동 시나리오,2024년 6~11세 배분 추정에 인천 전체 연령인구 성장률 적용. 보행권·실제 이용자·신규 수혜가 아님. 후보끼리 합산하지 않음.,9.32,9.32,104.71,8.35,8.35,93.82
CG_00131,126.62842830000034,37.473628899999845,10.41,9.33,다사2241,0.04985635037327888,중구,131.948,1342,323.9,323.9,1.0,722.2,2.0,high,['인천신흥초등학교'],1,13.04,131.948,1342,source_allocation_v2_20260911,True,unknown,500m 내 재개발 1건: unknown(333m),0.0,straight_500m,estimated,13.04,172.38,직선 500m 거주 아동 시나리오,2024년 6~11세 배분 추정에 인천 전체 연령인구 성장률 적용. 보행권·실제 이용자·신규 수혜가 아님. 후보끼리 합산하지 않음.,10.41,10.41,137.68,9.33,9.33,123.35
CG_00128,126.62842830000034,37.466878899999855,6.14,5.5,다사2241,0.00010898553264641264,중구,195.214,1259,744.3,744.3,1.0,722.2,2.0,high,['인천신흥초등학교'],1,7.69,195.214,1259,source_allocation_v2_20260911,True,planned,"500m 내 재개발 3건: planned(274m), unknown(447m), unknown(456m)",0.0,straight_500m,estimated,7.69,255.04,직선 500m 거주 아동 시나리오,2024년 6~11세 배분 추정에 인천 전체 연령인구 성장률 적용. 보행권·실제 이용자·신규 수혜가 아님. 후보끼리 합산하지 않음.,6.14,6.14,203.69,5.5,5.5,182.5
CG_00146,126.63067830000034,37.473628899999845,10.68,9.57,다사2341,0.004218137711189874,연수구,171.638,1292,494.5,5492.4,1.0,722.2,2.0,high,['인천신흥초등학교'],1,13.37,171.638,1292,source_allocation_v2_20260911,True,unknown,"500m 내 재개발 5건: unknown(363m), unknown(334m), unknown(483m)",0.0,straight_500m,estimated,13.37,224.24,직선 500m 거주 아동 시나리오,2024년 6~11세 배분 추정에 인천 전체 연령인구 성장률 적용. 보행권·실제 이용자·신규 수혜가 아님. 후보끼리 합산하지 않음.,10.68,10.68,179.09,9.57,9.57,160.46
CG_00145,126.63067830000034,37.47137889999985,11.36,10.18,다사2341,0.059971413964716704,연수구,200.952,1247,0.0,5855.0,1.0,722.2,2.0,high,['인천신흥초등학교'],1,14.22,200.952,1247,source_allocation_v2_20260911,True,planned,"500m 내 재개발 4건: unknown(318m), unknown(346m), planned(453m)",0.0,straight_500m,estimated,14.22,262.53,직선 500m 거주 아동 시나리오,2024년 6~11세 배분 추정에 인천 전체 연령인구 성장률 적용. 보행권·실제 이용자·신규 수혜가 아님. 후보끼리 합산하지 않음.,11.36,11.36,209.68,10.18,10.18,187.86
CG_00144,126.63067830000034,37.46912889999985,23.17,20.76,다사2341,0.07721199388089646,연수구,267.256,1117,425.6,5750.4,1.0,722.2,2.0,high,['인천신흥초등학교'],1,29.01,267.256,1117,source_allocation_v2_20260911,True,planned,"500m 내 재개발 3건: unknown(442m), planned(360m), unknown(343m)",0.0,straight_500m,estimated,29.01,349.16,직선 500m 거주 아동 시나리오,2024년 6~11세 배분 추정에 인천 전체 연령인구 성장률 적용. 보행권·실제 이용자·신규 수혜가 아님. 후보끼리 합산하지 않음.,23.17,23.17,278.86,20.76,20.76,249.85
CG_00130,126.62842830000034,37.47137889999985,3.82,3.42,다사2241,0.09380360997523914,중구,155.372,1318,155.7,155.7,1.0,722.2,2.0,high,['인천신흥초등학교'],1,4.78,155.372,1318,source_allocation_v2_20260911,True,planned,500m 내 재개발 1건: planned(319m),0.0,straight_500m,estimated,4.78,202.99,직선 500m 거주 아동 시나리오,2024년 6~11세 배분 추정에 인천 전체 연령인구 성장률 적용. 보행권·실제 이용자·신규 수혜가 아님. 후보끼리 합산하지 않음.,3.82,3.82,162.12,3.42,3.42,145.25
CG_00111,126.62617830000033,37.46912889999985,4.26,3.81,다사2241,0.14084295471944525,동구,96.604,1382,140.5,1000.1,1.0,722.2,2.0,high,['인천신흥초등학교'],1,5.33,96.604,1382,source_allocation_v2_20260911,True,planned,500m 내 재개발 1건: planned(47m),0.0,straight_500m,estimated,5.33,126.21,직선 500m 거주 아동 시나리오,2024년 6~11세 배분 추정에 인천 전체 연령인구 성장률 적용. 보행권·실제 이용자·신규 수혜가 아님. 후보끼리 합산하지 않음.,4.26,4.26,100.8,3.81,3.81,90.31
CG_00110,126.62617830000033,37.466878899999855,,,다사2241,0.1340946290537016,동구,114.69,1362,642.6,782.3,1.0,722.2,2.0,high,['인천신흥초등학교'],1,,114.69,1362,source_allocation_v2_20260911,True,planned,500m 내 재개발 1건: planned(226m),0.0,straight_500m,estimated,,149.84,직선 500m 거주 아동 시나리오,2024년 6~11세 배분 추정에 인천 전체 연령인구 성장률 적용. 보행권·실제 이용자·신규 수혜가 아님. 후보끼리 합산하지 않음.,,,119.67,,,107.22
CG_00096,126.62392830000033,37.47137889999985,6.57,5.89,다사2241,0.0,서구,56.756,1408,620.6,7940.7,1.0,722.2,2.0,high,['인천신흥초등학교'],1,8.23,56.756,1408,source_allocation_v2_20260911,True,planned,500m 내 재개발 1건: planned(365m),0.0,straight_500m,estimated,8.23,74.15,직선 500m 거주 아동 시나리오,2024년 6~11세 배분 추정에 인천 전체 연령인구 성장률 적용. 보행권·실제 이용자·신규 수혜가 아님. 후보끼리 합산하지 않음.,6.57,6.57,59.22,5.89,5.89,53.06
CG_00160,126.63292830000034,37.46912889999985,17.51,15.69,다사2341,0.00256890304710615,동구,300.558,1067,99.4,1252.9,1.0,722.2,2.0,high,['인천신흥초등학교'],1,21.92,300.558,1067,source_allocation_v2_20260911,True,unknown,"500m 내 재개발 4건: unknown(333m), unknown(409m), unknown(172m)",0.0,straight_500m,estimated,21.92,392.66,직선 500m 거주 아동 시나리오,2024년 6~11세 배분 추정에 인천 전체 연령인구 성장률 적용. 보행권·실제 이용자·신규 수혜가 아님. 후보끼리 합산하지 않음.,17.51,17.51,313.61,15.69,15.69,280.98
CG_00240,126.64192830000036,37.466878899999855,6.25,5.6,다사2441,0.21527775502159685,연수구,330.836,987,222.8,3636.4,2.0,305.1,0.0,medium,['영화초등학교'],1,7.82,330.836,987,source_allocation_v2_20260911,True,planned,"500m 내 재개발 3건: unknown(285m), unknown(500m), planned(355m)",0.337353,straight_500m,estimated,7.82,432.22,직선 500m 거주 아동 시나리오,2024년 6~11세 배분 추정에 인천 전체 연령인구 성장률 적용. 보행권·실제 이용자·신규 수혜가 아님. 후보끼리 합산하지 않음.,6.25,6.25,345.2,5.6,5.6,309.29
CG_01235,126.71842830000048,37.3858789,35.76,32.04,다사3032,1.0,부평구,223.38000000000002,1206,694.9,2954.1,4.0,137.0,0.0,medium,['인천사리울초등학교'],1,44.78,223.38000000000002,1206,source_allocation_v2_20260911,False,none,,10.182072,straight_500m,estimated,44.78,291.84,직선 500m 거주 아동 시나리오,2024년 6~11세 배분 추정에 인천 전체 연령인구 성장률 적용. 보행권·실제 이용자·신규 수혜가 아님. 후보끼리 합산하지 않음.,35.76,35.76,233.08,32.04,32.04,208.83
CG_01335,126.7251783000005,37.3858789,16.44,14.73,다사3132,0.11376122143446632,부평구,234.536,1181,207.5,3855.1,4.0,137.0,0.0,medium,['인천사리울초등학교'],1,20.58,234.536,1181,source_allocation_v2_20260911,False,none,,10.182072,straight_500m,estimated,20.58,306.41,직선 500m 거주 아동 시나리오,2024년 6~11세 배분 추정에 인천 전체 연령인구 성장률 적용. 보행권·실제 이용자·신규 수혜가 아님. 후보끼리 합산하지 않음.,16.44,16.44,244.72,14.73,14.73,219.26
CG_01309,126.72292830000049,37.3903789,4.47,4.01,다사3132,0.03726620753263617,계양구,347.18399999999997,947,152.2,7969.5,4.0,137.0,0.0,medium,['인천사리울초등학교'],1,5.6,347.18399999999997,947,source_allocation_v2_20260911,False,none,,10.182072,straight_500m,estimated,5.6,453.58,직선 500m 거주 아동 시나리오,2024년 6~11세 배분 추정에 인천 전체 연령인구 성장률 적용. 보행권·실제 이용자·신규 수혜가 아님. 후보끼리 합산하지 않음.,4.47,4.47,362.26,4.01,4.01,324.57
CG_01308,126.72292830000049,37.3881289,39.88,35.73,다사3132,0.07287380873539691,계양구,244.464,1163,404.1,7926.2,4.0,137.0,0.0,medium,['인천사리울초등학교'],1,49.93,244.464,1163,source_allocation_v2_20260911,False,none,,10.182072,straight_500m,estimated,49.93,319.38,직선 500m 거주 아동 시나리오,2024년 6~11세 배분 추정에 인천 전체 연령인구 성장률 적용. 보행권·실제 이용자·신규 수혜가 아님. 후보끼리 합산하지 않음.,39.88,39.88,255.08,35.73,35.73,228.54
CG_01336,126.7251783000005,37.3881289,7.99,7.16,다사3132,0.07987622186589143,부평구,302.448,1060,408.4,4058.8,4.0,137.0,0.0,medium,['인천사리울초등학교'],1,10.0,302.448,1060,source_allocation_v2_20260911,False,none,,10.182072,straight_500m,estimated,10.0,395.13,직선 500m 거주 아동 시나리오,2024년 6~11세 배분 추정에 인천 전체 연령인구 성장률 적용. 보행권·실제 이용자·신규 수혜가 아님. 후보끼리 합산하지 않음.,7.99,7.99,315.58,7.16,7.16,282.75
CG_01276,126.72067830000049,37.3903789,,,다사3132,0.11157052930903122,부평구,182.198,1277,16.8,4964.3,4.0,137.0,0.0,medium,['인천사리울초등학교'],1,,182.198,1277,source_allocation_v2_20260911,False,none,,10.182072,straight_500m,estimated,,238.03,직선 500m 거주 아동 시나리오,2024년 6~11세 배분 추정에 인천 전체 연령인구 성장률 적용. 보행권·실제 이용자·신규 수혜가 아님. 후보끼리 합산하지 않음.,,,190.11,,,170.33
CG_01275,126.72067830000049,37.3881289,3.97,3.56,다사3132,0.10866271810027259,부평구,247.978,1152,480.6,4553.3,4.0,137.0,0.0,medium,['인천사리울초등학교'],1,4.97,247.978,1152,source_allocation_v2_20260911,False,none,,10.182072,straight_500m,estimated,4.97,323.97,직선 500m 거주 아동 시나리오,2024년 6~11세 배분 추정에 인천 전체 연령인구 성장률 적용. 보행권·실제 이용자·신규 수혜가 아님. 후보끼리 합산하지 않음.,3.97,3.97,258.75,3.56,3.56,231.82
CG_01307,126.72292830000049,37.3858789,65.97,59.11,다사3132,0.028766923375018655,부평구,224.19400000000002,1204,173.3,6201.7,4.0,137.0,0.0,medium,['인천사리울초등학교'],1,82.6,224.19400000000002,1204,source_allocation_v2_20260911,False,none,,10.182072,straight_500m,estimated,82.6,292.9,직선 500m 거주 아동 시나리오,2024년 6~11세 배분 추정에 인천 전체 연령인구 성장률 적용. 보행권·실제 이용자·신규 수혜가 아님. 후보끼리 합산하지 않음.,65.97,65.97,233.93,59.11,59.11,209.59
CG_01488,126.73417830000051,37.4106289,15.67,14.04,다사3234,0.11661067893754573,남동구,316.31399999999996,1029,56.8,274.9,3.0,298.0,0.0,low,['인천장도초등학교'],1,19.62,316.31399999999996,1029,source_allocation_v2_20260911,False,none,,1.018956,straight_500m,estimated,19.62,413.25,직선 500m 거주 아동 시나리오,2024년 6~11세 배분 추정에 인천 전체 연령인구 성장률 적용. 보행권·실제 이용자·신규 수혜가 아님. 후보끼리 합산하지 않음.,15.67,15.67,330.05,14.04,14.04,295.71
CG_01518,126.73642830000051,37.4083789,96.45,86.41,다사3234,0.11715327530552304,남동구,574.148,458,231.1,776.6,3.0,298.0,0.0,low,['인천장도초등학교'],1,120.76,574.148,458,source_allocation_v2_20260911,False,none,,1.018956,straight_500m,estimated,120.76,750.1,직선 500m 거주 아동 시나리오,2024년 6~11세 배분 추정에 인천 전체 연령인구 성장률 적용. 보행권·실제 이용자·신규 수혜가 아님. 후보끼리 합산하지 않음.,96.45,96.45,599.08,86.41,86.41,536.75
CG_01519,126.73642830000051,37.4106289,37.55,33.65,다사3234,0.14227164953584692,남동구,288.522,1077,592.8,592.8,3.0,298.0,0.0,low,['인천장도초등학교'],1,47.02,288.522,1077,source_allocation_v2_20260911,False,none,,1.018956,straight_500m,estimated,47.02,376.94,직선 500m 거주 아동 시나리오,2024년 6~11세 배분 추정에 인천 전체 연령인구 성장률 적용. 보행권·실제 이용자·신규 수혜가 아님. 후보끼리 합산하지 않음.,37.55,37.55,301.05,33.65,33.65,269.73
CG_00481,126.6666783000004,37.50962889999979,11.61,10.4,다사2645,0.007334609843793239,서구,,,1437.8,4572.2,4.0,120.0,0.0,medium,['인천신석초등학교'],1,14.54,,,source_allocation_v2_20260911,True,planned,"500m 내 재개발 4건: planned(322m), unknown(238m), unknown(411m)",7.3447,straight_500m,missing_age_observations,14.54,,직선 500m 거주 아동 시나리오,2024년 6~11세 배분 추정에 인천 전체 연령인구 성장률 적용. 보행권·실제 이용자·신규 수혜가 아님. 후보끼리 합산하지 않음.,11.61,11.61,,10.4,10.4,
CG_00451,126.6644283000004,37.511878899999786,41.23,36.94,다사2646,0.08694567385449212,미추홀구,273.282,1103,267.5,2947.6,4.0,120.0,0.0,medium,['인천신석초등학교'],1,51.62,273.282,1103,source_allocation_v2_20260911,True,unknown,"500m 내 재개발 2건: unknown(328m), unknown(144m)",7.3447,straight_500m,estimated,51.62,357.03,직선 500m 거주 아동 시나리오,2024년 6~11세 배분 추정에 인천 전체 연령인구 성장률 적용. 보행권·실제 이용자·신규 수혜가 아님. 후보끼리 합산하지 않음.,41.23,41.23,285.15,36.94,36.94,255.48
CG_00450,126.6644283000004,37.50962889999979,7.32,6.55,다사2645,0.3028602242989412,미추홀구,,,372.4,3064.9,4.0,120.0,0.0,medium,['인천신석초등학교'],1,9.16,,,source_allocation_v2_20260911,True,unknown,"500m 내 재개발 2건: unknown(436m), unknown(378m)",7.3447,straight_500m,missing_age_observations,9.16,,직선 500m 거주 아동 시나리오,2024년 6~11세 배분 추정에 인천 전체 연령인구 성장률 적용. 보행권·실제 이용자·신규 수혜가 아님. 후보끼리 합산하지 않음.,7.32,7.32,,6.55,6.55,
CG_01617,126.74542830000053,37.54337889999974,8.76,7.85,다사3349,0.24941422563399368,계양구,373.116,888,66.2,12807.0,3.0,69.6,0.0,low,['인천길주초등학교'],1,10.97,373.116,888,source_allocation_v2_20260911,False,none,,2.448727,straight_500m,estimated,10.97,487.46,직선 500m 거주 아동 시나리오,2024년 6~11세 배분 추정에 인천 전체 연령인구 성장률 적용. 보행권·실제 이용자·신규 수혜가 아님. 후보끼리 합산하지 않음.,8.76,8.76,389.32,7.85,7.85,348.81
CG_01616,126.74542830000053,37.54112889999974,0.81,0.72,다사3349,0.12975518409826525,계양구,314.782,1034,0.0,12541.3,3.0,69.6,0.0,low,['인천길주초등학교'],1,1.01,314.782,1034,source_allocation_v2_20260911,False,none,,2.448727,straight_500m,estimated,1.01,411.25,직선 500m 거주 아동 시나리오,2024년 6~11세 배분 추정에 인천 전체 연령인구 성장률 적용. 보행권·실제 이용자·신규 수혜가 아님. 후보끼리 합산하지 않음.,0.81,0.81,328.45,0.72,0.72,294.28
CG_01483,126.7319283000005,37.58162889999968,18.81,16.85,다사3253,0.1524470363897906,남동구,,,460.0,1604.0,3.0,161.3,0.0,low,['인천계양초등학교'],1,23.55,,,source_allocation_v2_20260911,False,none,,2.413864,straight_500m,missing_age_observations,23.55,,직선 500m 거주 아동 시나리오,2024년 6~11세 배분 추정에 인천 전체 연령인구 성장률 적용. 보행권·실제 이용자·신규 수혜가 아님. 후보끼리 합산하지 않음.,18.81,18.81,,16.85,16.85,
CG_01546,126.73642830000051,37.57937889999968,41.96,37.6,다사3253,0.08769819948891931,부평구,216.692,1219,307.2,3890.5,3.0,161.3,0.0,low,['인천계양초등학교'],1,52.54,216.692,1219,source_allocation_v2_20260911,False,none,,2.413864,straight_500m,estimated,52.54,283.1,직선 500m 거주 아동 시나리오,2024년 6~11세 배분 추정에 인천 전체 연령인구 성장률 적용. 보행권·실제 이용자·신규 수혜가 아님. 후보끼리 합산하지 않음.,41.96,41.96,226.1,37.6,37.6,202.58
CG_01547,126.73642830000051,37.58162889999968,24.04,21.54,다사3253,0.11374241718955329,부평구,,,244.3,7035.6,3.0,161.3,0.0,low,['인천계양초등학교'],1,30.1,,,source_allocation_v2_20260911,False,none,,2.413864,straight_500m,missing_age_observations,30.1,,직선 500m 거주 아동 시나리오,2024년 6~11세 배분 추정에 인천 전체 연령인구 성장률 적용. 보행권·실제 이용자·신규 수혜가 아님. 후보끼리 합산하지 않음.,24.04,24.04,,21.54,21.54,
CG_01444,126.7296783000005,37.57937889999968,,,다사3153,0.27302452756882273,남동구,,,335.5,677.8,3.0,161.3,0.0,low,['인천계양초등학교'],1,,,,source_allocation_v2_20260911,False,none,,2.413864,straight_500m,missing_age_observations,,,직선 500m 거주 아동 시나리오,2024년 6~11세 배분 추정에 인천 전체 연령인구 성장률 적용. 보행권·실제 이용자·신규 수혜가 아님. 후보끼리 합산하지 않음.,,,,,,
CG_01443,126.7296783000005,37.577128899999686,,,다사3153,0.4697256070472696,남동구,,,196.7,860.7,3.0,161.3,0.0,low,['인천계양초등학교'],1,,,,source_allocation_v2_20260911,False,none,,2.413864,straight_500m,missing_age_observations,,,직선 500m 거주 아동 시나리오,2024년 6~11세 배분 추정에 인천 전체 연령인구 성장률 적용. 보행권·실제 이용자·신규 수혜가 아님. 후보끼리 합산하지 않음.,,,,,,
CG_01515,126.73417830000051,37.58162889999968,21.77,19.51,다사3253,0.2035988682935264,남동구,,,1174.7,1903.2,3.0,161.3,0.0,low,['인천계양초등학교'],1,27.26,,,source_allocation_v2_20260911,False,none,,2.413864,straight_500m,missing_age_observations,27.26,,직선 500m 거주 아동 시나리오,2024년 6~11세 배분 추정에 인천 전체 연령인구 성장률 적용. 보행권·실제 이용자·신규 수혜가 아님. 후보끼리 합산하지 않음.,21.77,21.77,,19.51,19.51,
CG_01618,126.74542830000053,37.545628899999734,27.95,25.04,다사3349,0.19511790728082998,계양구,347.402,946,312.7,13015.7,3.0,69.6,0.0,low,['인천길주초등학교'],1,34.99,347.402,946,source_allocation_v2_20260911,False,none,,2.448727,straight_500m,estimated,34.99,453.86,직선 500m 거주 아동 시나리오,2024년 6~11세 배분 추정에 인천 전체 연령인구 성장률 적용. 보행권·실제 이용자·신규 수혜가 아님. 후보끼리 합산하지 않음.,27.95,27.95,362.49,25.04,25.04,324.77
CG_01445,126.7296783000005,37.58162889999968,,,다사3153,0.2572498653839076,남동구,,,331.3,1232.5,3.0,161.3,0.0,low,['인천계양초등학교'],1,,,,source_allocation_v2_20260911,False,none,,2.413864,straight_500m,missing_age_observations,,,직선 500m 거주 아동 시나리오,2024년 6~11세 배분 추정에 인천 전체 연령인구 성장률 적용. 보행권·실제 이용자·신규 수혜가 아님. 후보끼리 합산하지 않음.,,,,,,
CG_01545,126.73642830000051,37.577128899999686,15.87,14.22,다사3253,0.09596994460008662,부평구,181.12600000000003,1282,280.3,3971.1,3.0,161.3,0.0,low,['인천계양초등학교'],1,19.87,181.12600000000003,1282,source_allocation_v2_20260911,False,none,,2.413864,straight_500m,estimated,19.87,236.63,직선 500m 거주 아동 시나리오,2024년 6~11세 배분 추정에 인천 전체 연령인구 성장률 적용. 보행권·실제 이용자·신규 수혜가 아님. 후보끼리 합산하지 않음.,15.87,15.87,188.99,14.22,14.22,169.33
CG_01584,126.74092830000052,37.54112889999974,55.12,49.39,다사3249,0.00011722871239585,계양구,556.456,490,604.0,10449.8,3.0,69.6,0.0,low,['인천길주초등학교'],1,69.02,556.456,490,source_allocation_v2_20260911,False,none,,2.448727,straight_500m,estimated,69.02,726.98,직선 500m 거주 아동 시나리오,2024년 6~11세 배분 추정에 인천 전체 연령인구 성장률 적용. 보행권·실제 이용자·신규 수혜가 아님. 후보끼리 합산하지 않음.,55.12,55.12,580.62,49.39,49.39,520.21
CG_01571,126.73867830000052,37.57937889999968,5.67,5.08,다사3253,0.1870856787872458,부평구,141.39999999999998,1329,178.8,7261.3,3.0,161.3,0.0,low,['인천계양초등학교'],1,7.1,141.39999999999998,1329,source_allocation_v2_20260911,False,none,,2.413864,straight_500m,estimated,7.1,184.73,직선 500m 거주 아동 시나리오,2024년 6~11세 배분 추정에 인천 전체 연령인구 성장률 적용. 보행권·실제 이용자·신규 수혜가 아님. 후보끼리 합산하지 않음.,5.67,5.67,147.54,5.08,5.08,132.19
CG_01583,126.74092830000052,37.538878899999744,69.93,62.66,다사3249,0.02430732508654373,계양구,582.332,448,166.9,10213.0,3.0,69.6,0.0,low,['인천길주초등학교'],1,87.56,582.332,448,source_allocation_v2_20260911,False,none,,2.448727,straight_500m,estimated,87.56,760.79,직선 500m 거주 아동 시나리오,2024년 6~11세 배분 추정에 인천 전체 연령인구 성장률 적용. 보행권·실제 이용자·신규 수혜가 아님. 후보끼리 합산하지 않음.,69.93,69.93,607.62,62.66,62.66,544.4
CG_01481,126.7319283000005,37.577128899999686,12.33,11.05,다사3253,0.07641107090999467,남동구,,,0.0,860.8,3.0,161.3,0.0,low,['인천계양초등학교'],1,15.44,,,source_allocation_v2_20260911,False,none,,2.413864,straight_500m,missing_age_observations,15.44,,직선 500m 거주 아동 시나리오,2024년 6~11세 배분 추정에 인천 전체 연령인구 성장률 적용. 보행권·실제 이용자·신규 수혜가 아님. 후보끼리 합산하지 않음.,12.33,12.33,,11.05,11.05,
CG_01482,126.7319283000005,37.57937889999968,42.07,37.69,다사3253,0.0,남동구,,,264.3,689.7,3.0,161.3,0.0,low,['인천계양초등학교'],1,52.67,,,source_allocation_v2_20260911,False,none,,2.413864,straight_500m,missing_age_observations,52.67,,직선 500m 거주 아동 시나리오,2024년 6~11세 배분 추정에 인천 전체 연령인구 성장률 적용. 보행권·실제 이용자·신규 수혜가 아님. 후보끼리 합산하지 않음.,42.07,42.07,,37.69,37.69,
CG_01513,126.73417830000051,37.577128899999686,6.84,6.13,다사3253,0.03381288425926329,계양구,,,160.8,14569.6,3.0,161.3,0.0,low,['인천계양초등학교'],1,8.57,,,source_allocation_v2_20260911,False,none,,2.413864,straight_500m,missing_age_observations,8.57,,직선 500m 거주 아동 시나리오,2024년 6~11세 배분 추정에 인천 전체 연령인구 성장률 적용. 보행권·실제 이용자·신규 수혜가 아님. 후보끼리 합산하지 않음.,6.84,6.84,,6.13,6.13,
CG_01570,126.73867830000052,37.577128899999686,6.81,6.1,다사3253,0.040323803468933835,부평구,105.828,1372,482.7,6854.4,3.0,161.3,0.0,low,['인천계양초등학교'],1,8.53,105.828,1372,source_allocation_v2_20260911,False,none,,2.413864,straight_500m,estimated,8.53,138.26,직선 500m 거주 아동 시나리오,2024년 6~11세 배분 추정에 인천 전체 연령인구 성장률 적용. 보행권·실제 이용자·신규 수혜가 아님. 후보끼리 합산하지 않음.,6.81,6.81,110.42,6.1,6.1,98.94
CG_00310,126.65092830000037,37.4196289,6.97,6.25,다사2435,1.0,연수구,228.894,1192,186.2,439.0,3.0,295.5,0.0,low,['인천축현초등학교'],1,8.73,228.894,1192,source_allocation_v2_20260911,False,none,,2.23589,straight_500m,estimated,8.73,299.04,직선 500m 거주 아동 시나리오,2024년 6~11세 배분 추정에 인천 전체 연령인구 성장률 적용. 보행권·실제 이용자·신규 수혜가 아님. 후보끼리 합산하지 않음.,6.97,6.97,238.83,6.25,6.25,213.99
CG_00363,126.65542830000038,37.4196289,1.41,1.27,다사2535,0.0,미추홀구,120.44800000000001,1356,840.5,2469.4,3.0,295.5,0.0,low,['인천축현초등학교'],1,1.77,120.44800000000001,1356,source_allocation_v2_20260911,False,none,,2.23589,straight_500m,estimated,1.77,157.36,직선 500m 거주 아동 시나리오,2024년 6~11세 배분 추정에 인천 전체 연령인구 성장률 적용. 보행권·실제 이용자·신규 수혜가 아님. 후보끼리 합산하지 않음.,1.41,1.41,125.68,1.27,1.27,112.6
CG_00333,126.65317830000038,37.4196289,0.89,0.8,다사2535,0.1549604318904931,연수구,197.236,1255,86.1,578.4,3.0,295.5,0.0,low,['인천축현초등학교'],1,1.12,197.236,1255,source_allocation_v2_20260911,False,none,,2.23589,straight_500m,estimated,1.12,257.68,직선 500m 거주 아동 시나리오,2024년 6~11세 배분 추정에 인천 전체 연령인구 성장률 적용. 보행권·실제 이용자·신규 수혜가 아님. 후보끼리 합산하지 않음.,0.89,0.89,205.8,0.8,0.8,184.39
CG_00364,126.65542830000038,37.4218789,12.48,11.18,다사2536,0.10945277632922529,미추홀구,273.434,1102,1067.9,2291.8,3.0,295.5,0.0,low,['인천축현초등학교'],1,15.63,273.434,1102,source_allocation_v2_20260911,False,none,,2.23589,straight_500m,estimated,15.63,357.23,직선 500m 거주 아동 시나리오,2024년 6~11세 배분 추정에 인천 전체 연령인구 성장률 적용. 보행권·실제 이용자·신규 수혜가 아님. 후보끼리 합산하지 않음.,12.48,12.48,285.31,11.18,11.18,255.62
CG_00391,126.65767830000038,37.4218789,4.95,4.44,다사2536,0.041904941914009945,미추홀구,118.158,1358,181.5,1997.6,3.0,295.5,0.0,low,['인천축현초등학교'],1,6.2,118.158,1358,source_allocation_v2_20260911,False,none,,2.23589,straight_500m,estimated,6.2,154.37,직선 500m 거주 아동 시나리오,2024년 6~11세 배분 추정에 인천 전체 연령인구 성장률 적용. 보행권·실제 이용자·신규 수혜가 아님. 후보끼리 합산하지 않음.,4.95,4.95,123.29,4.44,4.44,110.46
CG_01132,126.70942830000047,37.538878899999744,,,다사3049,0.15520606986103477,남동구,147.284,1326,253.0,354.5,3.0,76.0,0.0,medium,['인천효성초등학교'],1,,147.284,1326,source_allocation_v2_20260911,True,completed,"500m 내 재개발 2건: unknown(260m), completed(465m)",1.674493,straight_500m,estimated,,192.42,직선 500m 거주 아동 시나리오,2024년 6~11세 배분 추정에 인천 전체 연령인구 성장률 적용. 보행권·실제 이용자·신규 수혜가 아님. 후보끼리 합산하지 않음.,,,153.68,,,137.69
CG_00920,126.69592830000045,37.525378899999765,11.45,10.26,다사2847,0.0,서구,163.06,1306,549.3,17771.1,4.0,478.0,0.0,medium,['인천효성서초등학교'],1,14.34,163.06,1306,source_allocation_v2_20260911,True,planned,"500m 내 재개발 3건: unknown(314m), planned(338m), unknown(475m)",7.472857,straight_500m,estimated,14.34,213.03,직선 500m 거주 아동 시나리오,2024년 6~11세 배분 추정에 인천 전체 연령인구 성장률 적용. 보행권·실제 이용자·신규 수혜가 아님. 후보끼리 합산하지 않음.,11.45,11.45,170.14,10.26,10.26,152.44
CG_01171,126.71167830000047,37.538878899999744,,,다사3049,0.10271524382673791,남동구,160.346,1311,154.9,502.2,3.0,76.0,0.0,medium,['인천효성초등학교'],1,,160.346,1311,source_allocation_v2_20260911,True,completed,"500m 내 재개발 2건: unknown(319m), completed(435m)",1.674493,straight_500m,estimated,,209.48,직선 500m 거주 아동 시나리오,2024년 6~11세 배분 추정에 인천 전체 연령인구 성장률 적용. 보행권·실제 이용자·신규 수혜가 아님. 후보끼리 합산하지 않음.,,,167.31,,,149.9
CG_00955,126.69817830000045,37.52987889999976,19.58,17.54,다사2948,0.015865049935514165,남동구,206.85,1238,175.1,83.7,4.0,478.0,0.0,medium,['인천효성서초등학교'],1,24.51,206.85,1238,source_allocation_v2_20260911,True,unknown,500m 내 재개발 1건: unknown(242m),7.472857,straight_500m,estimated,24.51,270.24,직선 500m 거주 아동 시나리오,2024년 6~11세 배분 추정에 인천 전체 연령인구 성장률 적용. 보행권·실제 이용자·신규 수혜가 아님. 후보끼리 합산하지 않음.,19.58,19.58,215.83,17.54,17.54,193.38
CG_01087,126.70717830000046,37.538878899999744,,,다사3049,0.020926105683590258,부평구,133.606,1339,1073.2,3069.5,3.0,76.0,0.0,medium,['인천효성초등학교'],1,,133.606,1339,source_allocation_v2_20260911,True,unknown,500m 내 재개발 1건: unknown(336m),1.674493,straight_500m,estimated,,174.55,직선 500m 거주 아동 시나리오,2024년 6~11세 배분 추정에 인천 전체 연령인구 성장률 적용. 보행권·실제 이용자·신규 수혜가 아님. 후보끼리 합산하지 않음.,,,139.41,,,124.9
CG_00922,126.69592830000045,37.52987889999976,,,다사2948,0.0,서구,158.81400000000002,1312,1311.3,18533.0,4.0,478.0,0.0,medium,['인천효성서초등학교'],1,,158.81400000000002,1312,source_allocation_v2_20260911,True,unknown,500m 내 재개발 1건: unknown(301m),7.472857,straight_500m,estimated,,207.48,직선 500m 거주 아동 시나리오,2024년 6~11세 배분 추정에 인천 전체 연령인구 성장률 적용. 보행권·실제 이용자·신규 수혜가 아님. 후보끼리 합산하지 않음.,,,165.71,,,148.47
CG_00985,126.70042830000045,37.525378899999765,14.6,13.08,다사2947,0.0019436372122043721,남동구,277.846,1095,91.5,0.0,4.0,478.0,0.0,medium,['인천효성서초등학교'],1,18.28,277.846,1095,source_allocation_v2_20260911,True,unknown,"500m 내 재개발 2건: unknown(338m), unknown(90m)",7.472857,straight_500m,estimated,18.28,362.99,직선 500m 거주 아동 시나리오,2024년 6~11세 배분 추정에 인천 전체 연령인구 성장률 적용. 보행권·실제 이용자·신규 수혜가 아님. 후보끼리 합산하지 않음.,14.6,14.6,289.91,13.08,13.08,259.75
CG_00921,126.69592830000045,37.52762889999976,3.73,3.34,다사2847,0.0,서구,164.47,1303,1054.0,18275.7,4.0,478.0,0.0,medium,['인천효성서초등학교'],1,4.67,164.47,1303,source_allocation_v2_20260911,True,unknown,500m 내 재개발 1건: unknown(180m),7.472857,straight_500m,estimated,4.67,214.87,직선 500m 거주 아동 시나리오,2024년 6~11세 배분 추정에 인천 전체 연령인구 성장률 적용. 보행권·실제 이용자·신규 수혜가 아님. 후보끼리 합산하지 않음.,3.73,3.73,171.61,3.34,3.34,153.76
CG_01018,126.70267830000046,37.52762889999976,28.01,25.1,다사2947,0.01978693871338477,부평구,308.246,1053,341.8,1383.0,4.0,478.0,0.0,medium,['인천효성서초등학교'],1,35.07,308.246,1053,source_allocation_v2_20260911,True,unknown,"500m 내 재개발 2건: unknown(417m), unknown(236m)",7.472857,straight_500m,estimated,35.07,402.71,직선 500m 거주 아동 시나리오,2024년 6~11세 배분 추정에 인천 전체 연령인구 성장률 적용. 보행권·실제 이용자·신규 수혜가 아님. 후보끼리 합산하지 않음.,28.01,28.01,321.63,25.1,25.1,288.17
CG_01086,126.70717830000046,37.53662889999975,31.84,28.52,다사2948,0.2722489182807122,부평구,206.886,1237,887.0,2783.6,3.0,76.0,0.0,medium,['인천효성초등학교'],1,39.86,206.886,1237,source_allocation_v2_20260911,True,completed,"500m 내 재개발 2건: unknown(213m), completed(411m)",1.674493,straight_500m,estimated,39.86,270.28,직선 500m 거주 아동 시나리오,2024년 6~11세 배분 추정에 인천 전체 연령인구 성장률 적용. 보행권·실제 이용자·신규 수혜가 아님. 후보끼리 합산하지 않음.,31.84,31.84,215.87,28.52,28.52,193.41
CG_00954,126.69817830000045,37.52762889999976,21.04,18.85,다사2947,0.051409395000853,미추홀구,260.10799999999995,1134,378.2,286.8,4.0,478.0,0.0,medium,['인천효성서초등학교'],1,26.34,260.10799999999995,1134,source_allocation_v2_20260911,True,unknown,"500m 내 재개발 2건: unknown(21m), unknown(339m)",7.472857,straight_500m,estimated,26.34,339.82,직선 500m 거주 아동 시나리오,2024년 6~11세 배분 추정에 인천 전체 연령인구 성장률 적용. 보행권·실제 이용자·신규 수혜가 아님. 후보끼리 합산하지 않음.,21.04,21.04,271.4,18.85,18.85,243.17
CG_00986,126.70042830000045,37.52762889999976,21.39,19.16,다사2947,0.10291875251397704,남동구,284.236,1086,0.0,262.0,4.0,478.0,0.0,medium,['인천효성서초등학교'],1,26.78,284.236,1086,source_allocation_v2_20260911,True,unknown,"500m 내 재개발 2건: unknown(218m), unknown(214m)",7.472857,straight_500m,estimated,26.78,371.34,직선 500m 거주 아동 시나리오,2024년 6~11세 배분 추정에 인천 전체 연령인구 성장률 적용. 보행권·실제 이용자·신규 수혜가 아님. 후보끼리 합산하지 않음.,21.39,21.39,296.58,19.16,19.16,265.72
CG_00953,126.69817830000045,37.525378899999765,27.74,24.85,다사2947,0.09490464686421934,연수구,252.00599999999997,1147,443.1,773.3,4.0,478.0,0.0,medium,['인천효성서초등학교'],1,34.73,252.00599999999997,1147,source_allocation_v2_20260911,True,planned,"500m 내 재개발 3건: unknown(259m), planned(428m), unknown(278m)",7.472857,straight_500m,estimated,34.73,329.23,직선 500m 거주 아동 시나리오,2024년 6~11세 배분 추정에 인천 전체 연령인구 성장률 적용. 보행권·실제 이용자·신규 수혜가 아님. 후보끼리 합산하지 않음.,27.74,27.74,262.95,24.85,24.85,235.59
CG_00987,126.70042830000045,37.52987889999976,68.28,61.17,다사2948,0.3397800620344716,남동구,243.392,1164,183.8,183.8,4.0,478.0,0.0,medium,['인천효성서초등학교'],1,85.49,243.392,1164,source_allocation_v2_20260911,True,unknown,"500m 내 재개발 2건: unknown(325m), unknown(456m)",7.472857,straight_500m,estimated,85.49,317.98,직선 500m 거주 아동 시나리오,2024년 6~11세 배분 추정에 인천 전체 연령인구 성장률 적용. 보행권·실제 이용자·신규 수혜가 아님. 후보끼리 합산하지 않음.,68.28,68.28,253.96,61.17,61.17,227.54
CG_01131,126.70942830000047,37.53662889999975,57.98,51.94,다사3048,0.01096532677188253,남동구,273.47400000000005,1101,261.3,362.9,3.0,76.0,0.0,medium,['인천효성초등학교'],1,72.59,273.47400000000005,1101,source_allocation_v2_20260911,True,completed,"500m 내 재개발 3건: unknown(18m), completed(250m), unknown(402m)",1.674493,straight_500m,estimated,72.59,357.28,직선 500m 거주 아동 시나리오,2024년 6~11세 배분 추정에 인천 전체 연령인구 성장률 적용. 보행권·실제 이용자·신규 수혜가 아님. 후보끼리 합산하지 않음.,57.98,57.98,285.35,51.94,51.94,255.66
CG_00918,126.69592830000045,37.51412889999978,3.71,3.33,다사2846,0.6468451080975841,서구,134.526,1338,290.8,17354.3,3.0,0.0,0.0,low,['인천마곡초등학교'],1,4.65,134.526,1338,source_allocation_v2_20260911,False,none,,2.447343,straight_500m,estimated,4.65,175.75,직선 500m 거주 아동 시나리오,2024년 6~11세 배분 추정에 인천 전체 연령인구 성장률 적용. 보행권·실제 이용자·신규 수혜가 아님. 후보끼리 합산하지 않음.,3.71,3.71,140.37,3.33,3.33,125.76
CG_00947,126.69817830000045,37.50962889999979,9.8,8.78,다사2945,0.02186452445220544,서구,424.65600000000006,784,254.8,16896.5,3.0,0.0,0.0,low,['인천마곡초등학교'],1,12.27,424.65600000000006,784,source_allocation_v2_20260911,True,planned,"500m 내 재개발 2건: planned(489m), unknown(332m)",2.447343,straight_500m,estimated,12.27,554.79,직선 500m 거주 아동 시나리오,2024년 6~11세 배분 추정에 인천 전체 연령인구 성장률 적용. 보행권·실제 이용자·신규 수혜가 아님. 후보끼리 합산하지 않음.,9.8,9.8,443.1,8.78,8.78,396.99
CG_00917,126.69592830000045,37.511878899999786,0.27,0.24,다사2846,0.35315489190241595,서구,174.418,1289,433.0,17120.0,3.0,0.0,0.0,low,['인천마곡초등학교'],1,0.34,174.418,1289,source_allocation_v2_20260911,False,none,,2.447343,straight_500m,estimated,0.34,227.87,직선 500m 거주 아동 시나리오,2024년 6~11세 배분 추정에 인천 전체 연령인구 성장률 적용. 보행권·실제 이용자·신규 수혜가 아님. 후보끼리 합산하지 않음.,0.27,0.27,181.99,0.24,0.24,163.06
CG_00916,126.69592830000045,37.50962889999979,0.08,0.07,다사2845,0.26089933479784994,서구,312.77,1039,0.0,16932.6,3.0,0.0,0.0,low,['인천마곡초등학교'],1,0.1,312.77,1039,source_allocation_v2_20260911,True,unknown,500m 내 재개발 1건: unknown(370m),2.447343,straight_500m,estimated,0.1,408.62,직선 500m 거주 아동 시나리오,2024년 6~11세 배분 추정에 인천 전체 연령인구 성장률 적용. 보행권·실제 이용자·신규 수혜가 아님. 후보끼리 합산하지 않음.,0.08,0.08,326.35,0.07,0.07,292.4
CG_00125,126.62842830000034,37.44887889999988,,,다사2239,5.322635996177579e-05,중구,,,142.6,142.6,1.0,796.8,1.0,high,['인천신선초등학교'],1,,,,source_allocation_v2_20260911,True,unknown,500m 내 재개발 1건: unknown(446m),0.0,straight_500m,missing_age_observations,,,직선 500m 거주 아동 시나리오,2024년 6~11세 배분 추정에 인천 전체 연령인구 성장률 적용. 보행권·실제 이용자·신규 수혜가 아님. 후보끼리 합산하지 않음.,,,,,,
CG_00127,126.62842830000034,37.453378899999876,2.15,1.92,다사2239,0.09447195682578376,중구,154.75599999999997,1320,816.7,816.7,1.0,796.8,1.0,high,['인천신선초등학교'],1,2.69,154.75599999999997,1320,source_allocation_v2_20260911,True,unknown,500m 내 재개발 1건: unknown(194m),0.0,straight_500m,estimated,2.69,202.18,직선 500m 거주 아동 시나리오,2024년 6~11세 배분 추정에 인천 전체 연령인구 성장률 적용. 보행권·실제 이용자·신규 수혜가 아님. 후보끼리 합산하지 않음.,2.15,2.15,161.48,1.92,1.92,144.67
CG_00108,126.62617830000033,37.45112889999988,15.79,14.15,다사2239,0.2827309838730874,중구,,,134.1,134.1,1.0,796.8,1.0,high,['인천신선초등학교'],1,19.77,,,source_allocation_v2_20260911,True,unknown,500m 내 재개발 1건: unknown(405m),0.0,straight_500m,missing_age_observations,19.77,,직선 500m 거주 아동 시나리오,2024년 6~11세 배분 추정에 인천 전체 연령인구 성장률 적용. 보행권·실제 이용자·신규 수혜가 아님. 후보끼리 합산하지 않음.,15.79,15.79,,14.15,14.15,
CG_00141,126.63067830000034,37.45112889999988,18.58,16.64,다사2339,0.09375928203627476,서구,327.338,995,584.2,8250.7,1.0,796.8,1.0,high,['인천신선초등학교'],1,23.26,327.338,995,source_allocation_v2_20260911,True,unknown,"500m 내 재개발 2건: unknown(270m), unknown(164m)",0.0,straight_500m,estimated,23.26,427.65,직선 500m 거주 아동 시나리오,2024년 6~11세 배분 추정에 인천 전체 연령인구 성장률 적용. 보행권·실제 이용자·신규 수혜가 아님. 후보끼리 합산하지 않음.,18.58,18.58,341.55,16.64,16.64,306.02
CG_00140,126.63067830000034,37.44887889999988,2.16,1.94,다사2339,0.12936899298570967,서구,,,295.3,7995.0,1.0,796.8,1.0,high,['인천신선초등학교'],1,2.71,,,source_allocation_v2_20260911,True,unknown,"500m 내 재개발 2건: unknown(374m), unknown(412m)",0.0,straight_500m,missing_age_observations,2.71,,직선 500m 거주 아동 시나리오,2024년 6~11세 배분 추정에 인천 전체 연령인구 성장률 적용. 보행권·실제 이용자·신규 수혜가 아님. 후보끼리 합산하지 않음.,2.16,2.16,,1.94,1.94,
CG_00155,126.63292830000034,37.45112889999988,34.45,30.87,다사2339,0.057948926385159326,중구,502.444,612,391.3,391.3,1.0,796.8,1.0,high,['인천신선초등학교'],1,43.14,502.444,612,source_allocation_v2_20260911,True,unknown,"500m 내 재개발 2건: unknown(71m), unknown(277m)",0.0,straight_500m,estimated,43.14,656.42,직선 500m 거주 아동 시나리오,2024년 6~11세 배분 추정에 인천 전체 연령인구 성장률 적용. 보행권·실제 이용자·신규 수혜가 아님. 후보끼리 합산하지 않음.,34.45,34.45,524.26,30.87,30.87,469.72
CG_00156,126.63292830000034,37.453378899999876,40.87,36.62,다사2339,0.04286939880292198,동구,469.244,682,418.9,662.7,1.0,796.8,1.0,high,['인천신선초등학교'],1,51.17,469.244,682,source_allocation_v2_20260911,True,unknown,"500m 내 재개발 2건: unknown(250m), unknown(242m)",0.0,straight_500m,estimated,51.17,613.04,직선 500m 거주 아동 시나리오,2024년 6~11세 배분 추정에 인천 전체 연령인구 성장률 적용. 보행권·실제 이용자·신규 수혜가 아님. 후보끼리 합산하지 않음.,40.87,40.87,489.62,36.62,36.62,438.68
CG_00107,126.62617830000033,37.44887889999988,0.06,0.05,다사2239,0.16851408331253098,중구,,,383.3,383.3,1.0,796.8,1.0,high,['인천신선초등학교'],1,0.07,,,source_allocation_v2_20260911,False,none,,0.0,straight_500m,missing_age_observations,0.07,,직선 500m 거주 아동 시나리오,2024년 6~11세 배분 추정에 인천 전체 연령인구 성장률 적용. 보행권·실제 이용자·신규 수혜가 아님. 후보끼리 합산하지 않음.,0.06,0.06,,0.05,0.05,
CG_00109,126.62617830000033,37.453378899999876,1.25,1.12,다사2239,0.2841852653855914,중구,63.434,1406,263.6,263.6,1.0,796.8,1.0,high,['인천신선초등학교'],1,1.56,63.434,1406,source_allocation_v2_20260911,True,unknown,500m 내 재개발 1건: unknown(382m),0.0,straight_500m,estimated,1.56,82.87,직선 500m 거주 아동 시나리오,2024년 6~11세 배분 추정에 인천 전체 연령인구 성장률 적용. 보행권·실제 이용자·신규 수혜가 아님. 후보끼리 합산하지 않음.,1.25,1.25,66.19,1.12,1.12,59.3
CG_01273,126.71842830000048,37.590628899999665,71.14,63.74,다사3054,0.09978395598202368,부평구,439.446,753,568.3,3967.4,3.0,78.9,0.0,low,['인천아람초등학교'],1,89.07,439.446,753,source_allocation_v2_20260911,False,none,,1.940511,straight_500m,estimated,89.07,574.11,직선 500m 거주 아동 시나리오,2024년 6~11세 배분 추정에 인천 전체 연령인구 성장률 적용. 보행권·실제 이용자·신규 수혜가 아님. 후보끼리 합산하지 않음.,71.14,71.14,458.53,63.74,63.74,410.82
CG_01272,126.71842830000048,37.58837889999967,57.66,51.66,다사3054,0.02874679534448473,부평구,390.716,859,420.7,3806.7,3.0,78.9,0.0,low,['인천아람초등학교'],1,72.19,390.716,859,source_allocation_v2_20260911,False,none,,1.940511,straight_500m,estimated,72.19,510.45,직선 500m 거주 아동 시나리오,2024년 6~11세 배분 추정에 인천 전체 연령인구 성장률 적용. 보행권·실제 이용자·신규 수혜가 아님. 후보끼리 합산하지 않음.,57.66,57.66,407.68,51.66,51.66,365.27
CG_01230,126.71617830000048,37.58837889999967,70.98,63.59,다사3054,0.11407802864616136,남동구,419.12,798,289.8,783.9,3.0,78.9,0.0,low,['인천아람초등학교'],1,88.87,419.12,798,source_allocation_v2_20260911,False,none,,1.940511,straight_500m,estimated,88.87,547.56,직선 500m 거주 아동 시나리오,2024년 6~11세 배분 추정에 인천 전체 연령인구 성장률 적용. 보행권·실제 이용자·신규 수혜가 아님. 후보끼리 합산하지 않음.,70.98,70.98,437.32,63.59,63.59,391.82
CG_00674,126.67567830000041,37.563628899999706,46.14,41.34,다사2751,0.07475886641499564,미추홀구,488.944,647,317.1,2392.7,3.0,303.1,0.0,low,['인천간재울초등학교'],1,57.77,488.944,647,source_allocation_v2_20260911,False,none,,1.624046,straight_500m,estimated,57.77,638.78,직선 500m 거주 아동 시나리오,2024년 6~11세 배분 추정에 인천 전체 연령인구 성장률 적용. 보행권·실제 이용자·신규 수혜가 아님. 후보끼리 합산하지 않음.,46.14,46.14,510.18,41.34,41.34,457.09
CG_00581,126.6711783000004,37.55687889999972,48.3,43.28,다사2651,0.14780535919432977,미추홀구,356.394,927,178.9,3252.8,3.0,303.1,0.0,low,['인천간재울초등학교'],1,60.48,356.394,927,source_allocation_v2_20260911,False,none,,1.624046,straight_500m,estimated,60.48,465.61,직선 500m 거주 아동 시나리오,2024년 6~11세 배분 추정에 인천 전체 연령인구 성장률 적용. 보행권·실제 이용자·신규 수혜가 아님. 후보끼리 합산하지 않음.,48.3,48.3,371.87,43.28,43.28,333.18
CG_00672,126.67567830000041,37.55912889999971,44.26,39.66,다사2751,0.08241407833389827,미추홀구,462.324,699,542.8,2733.7,3.0,303.1,0.0,low,['인천간재울초등학교'],1,55.42,462.324,699,source_allocation_v2_20260911,False,none,,1.624046,straight_500m,estimated,55.42,604.0,직선 500m 거주 아동 시나리오,2024년 6~11세 배분 추정에 인천 전체 연령인구 성장률 적용. 보행권·실제 이용자·신규 수혜가 아님. 후보끼리 합산하지 않음.,44.26,44.26,482.4,39.66,39.66,432.21
CG_00582,126.6711783000004,37.55912889999971,16.13,14.45,다사2651,0.21059703634668778,미추홀구,428.77,775,158.5,3519.0,3.0,303.1,0.0,low,['인천간재울초등학교'],1,20.2,428.77,775,source_allocation_v2_20260911,False,none,,1.624046,straight_500m,estimated,20.2,560.17,직선 500m 거주 아동 시나리오,2024년 6~11세 배분 추정에 인천 전체 연령인구 성장률 적용. 보행권·실제 이용자·신규 수혜가 아님. 후보끼리 합산하지 않음.,16.13,16.13,447.39,14.45,14.45,400.84
CG_00627,126.67342830000041,37.55912889999971,53.73,48.14,다사2651,0.17976287660619217,미추홀구,481.234,663,282.0,3300.5,3.0,303.1,0.0,low,['인천간재울초등학교'],1,67.28,481.234,663,source_allocation_v2_20260911,False,none,,1.624046,straight_500m,estimated,67.28,628.71,직선 500m 거주 아동 시나리오,2024년 6~11세 배분 추정에 인천 전체 연령인구 성장률 적용. 보행권·실제 이용자·신규 수혜가 아님. 후보끼리 합산하지 않음.,53.73,53.73,502.13,48.14,48.14,449.89
CG_00626,126.67342830000041,37.55687889999972,61.63,55.21,다사2651,0.15659289245206648,미추홀구,356.04999999999995,929,244.8,3256.4,3.0,303.1,0.0,low,['인천간재울초등학교'],1,77.16,356.04999999999995,929,source_allocation_v2_20260911,False,none,,1.624046,straight_500m,estimated,77.16,465.16,직선 500m 거주 아동 시나리오,2024년 6~11세 배분 추정에 인천 전체 연령인구 성장률 적용. 보행권·실제 이용자·신규 수혜가 아님. 후보끼리 합산하지 않음.,61.63,61.63,371.51,55.21,55.21,332.86
CG_00629,126.67342830000041,37.563628899999706,49.69,44.52,다사2751,0.08440090403092383,미추홀구,437.398,757,364.2,2946.0,3.0,303.1,0.0,low,['인천간재울초등학교'],1,62.22,437.398,757,source_allocation_v2_20260911,False,none,,1.624046,straight_500m,estimated,62.22,571.44,직선 500m 거주 아동 시나리오,2024년 6~11세 배분 추정에 인천 전체 연령인구 성장률 적용. 보행권·실제 이용자·신규 수혜가 아님. 후보끼리 합산하지 않음.,49.69,49.69,456.39,44.52,44.52,408.91
CG_00628,126.67342830000041,37.56137889999971,94.86,84.99,다사2651,0.10590304981254099,미추홀구,484.59599999999995,654,307.2,3171.4,3.0,303.1,0.0,low,['인천간재울초등학교'],1,118.77,484.59599999999995,654,source_allocation_v2_20260911,False,none,,1.624046,straight_500m,estimated,118.77,633.1,직선 500m 거주 아동 시나리오,2024년 6~11세 배분 추정에 인천 전체 연령인구 성장률 적용. 보행권·실제 이용자·신규 수혜가 아님. 후보끼리 합산하지 않음.,94.86,94.86,505.64,84.99,84.99,453.03
CG_00671,126.67567830000041,37.55687889999972,46.64,41.79,다사2751,0.060268883637083284,미추홀구,340.602,968,543.1,2930.4,3.0,303.1,0.0,low,['인천간재울초등학교'],1,58.4,340.602,968,source_allocation_v2_20260911,False,none,,1.624046,straight_500m,estimated,58.4,444.98,직선 500m 거주 아동 시나리오,2024년 6~11세 배분 추정에 인천 전체 연령인구 성장률 적용. 보행권·실제 이용자·신규 수혜가 아님. 후보끼리 합산하지 않음.,46.64,46.64,355.39,41.79,41.79,318.42
CG_00584,126.6711783000004,37.563628899999706,17.75,15.91,다사2651,0.1229665243540148,미추홀구,338.28200000000004,970,64.6,3245.7,3.0,303.1,0.0,low,['인천간재울초등학교'],1,22.23,338.28200000000004,970,source_allocation_v2_20260911,False,none,,1.624046,straight_500m,estimated,22.23,441.95,직선 500m 거주 아동 시나리오,2024년 6~11세 배분 추정에 인천 전체 연령인구 성장률 적용. 보행권·실제 이용자·신규 수혜가 아님. 후보끼리 합산하지 않음.,17.75,17.75,352.97,15.91,15.91,316.25
CG_00583,126.6711783000004,37.56137889999971,0.01,0.01,다사2651,0.07637226123416806,미추홀구,378.994,878,41.3,3430.7,3.0,303.1,0.0,low,['인천간재울초등학교'],1,0.01,378.994,878,source_allocation_v2_20260911,False,none,,1.624046,straight_500m,estimated,0.01,495.14,직선 500m 거주 아동 시나리오,2024년 6~11세 배분 추정에 인천 전체 연령인구 성장률 적용. 보행권·실제 이용자·신규 수혜가 아님. 후보끼리 합산하지 않음.,0.01,0.01,395.45,0.01,0.01,354.31
CG_00718,126.67792830000042,37.55912889999971,9.06,8.12,다사2751,0.060511581620158496,서구,309.72200000000004,1046,372.5,3837.5,3.0,303.1,0.0,low,['인천간재울초등학교'],1,11.35,309.72200000000004,1046,source_allocation_v2_20260911,False,none,,1.624046,straight_500m,estimated,11.35,404.64,직선 500m 거주 아동 시나리오,2024년 6~11세 배분 추정에 인천 전체 연령인구 성장률 적용. 보행권·실제 이용자·신규 수혜가 아님. 후보끼리 합산하지 않음.,9.06,9.06,323.17,8.12,8.12,289.55
CG_00719,126.67792830000042,37.56137889999971,11.34,10.16,다사2751,0.03347498279312035,서구,401.448,836,300.3,4201.7,3.0,303.1,0.0,low,['인천간재울초등학교'],1,14.2,401.448,836,source_allocation_v2_20260911,False,none,,1.624046,straight_500m,estimated,14.2,524.47,직선 500m 거주 아동 시나리오,2024년 6~11세 배분 추정에 인천 전체 연령인구 성장률 적용. 보행권·실제 이용자·신규 수혜가 아님. 후보끼리 합산하지 않음.,11.34,11.34,418.88,10.16,10.16,375.3
CG_00353,126.65542830000038,37.3791289,,,다사2531,0.025763823073343146,연수구,690.344,321,1302.3,1601.9,4.0,95.0,0.0,medium,['인천송명초등학교'],1,,690.344,321,source_allocation_v2_20260911,False,none,,6.46141,straight_500m,estimated,,901.9,직선 500m 거주 아동 시나리오,2024년 6~11세 배분 추정에 인천 전체 연령인구 성장률 적용. 보행권·실제 이용자·신규 수혜가 아님. 후보끼리 합산하지 않음.,,,720.32,,,645.38
CG_00382,126.65767830000038,37.3768789,54.61,48.92,다사2531,0.39269270097964465,연수구,881.606,172,1536.2,1990.3,4.0,95.0,0.0,medium,['인천송명초등학교'],1,68.37,881.606,172,source_allocation_v2_20260911,False,none,,6.46141,straight_500m,estimated,68.37,1151.77,직선 500m 거주 아동 시나리오,2024년 6~11세 배분 추정에 인천 전체 연령인구 성장률 적용. 보행권·실제 이용자·신규 수혜가 아님. 후보끼리 합산하지 않음.,54.61,54.61,919.89,48.92,48.92,824.18
CG_00383,126.65767830000038,37.3791289,16.61,14.88,다사2531,0.3276707230920301,연수구,550.2739999999999,502,1443.7,1785.6,4.0,95.0,0.0,medium,['인천송명초등학교'],1,20.8,550.2739999999999,502,source_allocation_v2_20260911,False,none,,6.46141,straight_500m,estimated,20.8,718.91,직선 500m 거주 아동 시나리오,2024년 6~11세 배분 추정에 인천 전체 연령인구 성장률 적용. 보행권·실제 이용자·신규 수혜가 아님. 후보끼리 합산하지 않음.,16.61,16.61,574.17,14.88,14.88,514.43
CG_01490,126.73417830000051,37.45562889999987,25.04,22.43,다사3239,0.07302526042722965,남동구,393.81600000000003,852,278.0,278.0,3.0,328.5,2.0,low,['인천인수초등학교'],1,31.35,393.81600000000003,852,source_allocation_v2_20260911,True,unknown,500m 내 재개발 1건: unknown(339m),3.37851,straight_500m,estimated,31.35,514.5,직선 500m 거주 아동 시나리오,2024년 6~11세 배분 추정에 인천 전체 연령인구 성장률 적용. 보행권·실제 이용자·신규 수혜가 아님. 후보끼리 합산하지 않음.,25.04,25.04,410.92,22.43,22.43,368.16
CG_01489,126.73417830000051,37.453378899999876,16.68,14.95,다사3239,0.03407443547795077,남동구,354.574,933,281.4,281.4,3.0,328.5,2.0,low,['인천인수초등학교'],1,20.89,354.574,933,source_allocation_v2_20260911,True,unknown,"500m 내 재개발 2건: unknown(482m), unknown(347m)",3.37851,straight_500m,estimated,20.89,463.23,직선 500m 거주 아동 시나리오,2024년 6~11세 배분 추정에 인천 전체 연령인구 성장률 적용. 보행권·실제 이용자·신규 수혜가 아님. 후보끼리 합산하지 않음.,16.68,16.68,369.97,14.95,14.95,331.48
CG_00301,126.65092830000037,37.3746289,180.6,161.81,다사2430,0.7957898486261064,동구,1419.126,25,543.0,1707.0,3.0,100.0,0.0,medium,['인천첨단초등학교'],1,226.13,1419.126,25,source_allocation_v2_20260911,False,none,,3.377479,straight_500m,estimated,226.13,1854.02,직선 500m 거주 아동 시나리오,2024년 6~11세 배분 추정에 인천 전체 연령인구 성장률 적용. 보행권·실제 이용자·신규 수혜가 아님. 후보끼리 합산하지 않음.,180.6,180.6,1480.75,161.81,161.81,1326.69
CG_01450,126.7319283000005,37.453378899999876,23.17,20.76,다사3239,0.08485521401492516,남동구,362.93,912,0.0,298.7,3.0,328.5,2.0,low,['인천인수초등학교'],1,29.01,362.93,912,source_allocation_v2_20260911,True,unknown,"500m 내 재개발 4건: unknown(283m), unknown(479m), unknown(450m)",3.37851,straight_500m,estimated,29.01,474.15,직선 500m 거주 아동 시나리오,2024년 6~11세 배분 추정에 인천 전체 연령인구 성장률 적용. 보행권·실제 이용자·신규 수혜가 아님. 후보끼리 합산하지 않음.,23.17,23.17,378.69,20.76,20.76,339.29
CG_00204,126.63742830000035,37.538878899999744,127.21,113.98,다사2349,0.3993031967340541,중구,677.278,329,256.3,256.3,2.0,96.0,0.0,medium,['인천경명초등학교'],1,159.28,677.278,329,source_allocation_v2_20260911,False,none,,0.0,straight_500m,estimated,159.28,884.83,직선 500m 거주 아동 시나리오,2024년 6~11세 배분 추정에 인천 전체 연령인구 성장률 적용. 보행권·실제 이용자·신규 수혜가 아님. 후보끼리 합산하지 않음.,127.21,127.21,706.69,113.98,113.98,633.16
CG_01021,126.70267830000046,37.58837889999967,115.08,103.11,다사2954,0.0747165385975167,부평구,773.664,247,927.1,3663.0,4.0,166.0,0.0,medium,['인천아라초등학교'],1,144.09,773.664,247,source_allocation_v2_20260911,False,none,,10.697376,straight_500m,estimated,144.09,1010.75,직선 500m 거주 아동 시나리오,2024년 6~11세 배분 추정에 인천 전체 연령인구 성장률 적용. 보행권·실제 이용자·신규 수혜가 아님. 후보끼리 합산하지 않음.,115.08,115.08,807.26,103.11,103.11,723.27
CG_01020,126.70267830000046,37.58612889999967,1.75,1.57,다사2954,0.12892090274541831,부평구,733.544,279,971.3,3335.5,4.0,166.0,0.0,medium,['인천아라초등학교'],1,2.19,733.544,279,source_allocation_v2_20260911,False,none,,10.697376,straight_500m,estimated,2.19,958.34,직선 500m 거주 아동 시나리오,2024년 6~11세 배분 추정에 인천 전체 연령인구 성장률 적용. 보행권·실제 이용자·신규 수혜가 아님. 후보끼리 합산하지 않음.,1.75,1.75,765.4,1.57,1.57,685.76
CG_00989,126.70042830000045,37.583878899999675,,,다사2954,0.08209521678846317,부평구,153.75400000000002,1322,145.1,695.2,4.0,166.0,0.0,medium,['인천아라초등학교'],1,,153.75400000000002,1322,source_allocation_v2_20260911,False,none,,10.697376,straight_500m,estimated,,200.87,직선 500m 거주 아동 시나리오,2024년 6~11세 배분 추정에 인천 전체 연령인구 성장률 적용. 보행권·실제 이용자·신규 수혜가 아님. 후보끼리 합산하지 않음.,,,160.43,,,143.74
CG_00988,126.70042830000045,37.58162889999968,,,다사2953,1.0,부평구,150.782,1324,160.2,483.9,4.0,166.0,0.0,medium,['인천아라초등학교'],1,,150.782,1324,source_allocation_v2_20260911,False,none,,10.697376,straight_500m,estimated,,196.99,직선 500m 거주 아동 시나리오,2024년 6~11세 배분 추정에 인천 전체 연령인구 성장률 적용. 보행권·실제 이용자·신규 수혜가 아님. 후보끼리 합산하지 않음.,,,157.33,,,140.96
CG_01451,126.7319283000005,37.45562889999987,7.72,6.91,다사3239,0.08403409759915591,남동구,445.456,740,448.7,557.7,3.0,328.5,2.0,low,['인천인수초등학교'],1,9.66,445.456,740,source_allocation_v2_20260911,True,unknown,"500m 내 재개발 2건: unknown(365m), unknown(166m)",3.37851,straight_500m,estimated,9.66,581.97,직선 500m 거주 아동 시나리오,2024년 6~11세 배분 추정에 인천 전체 연령인구 성장률 적용. 보행권·실제 이용자·신규 수혜가 아님. 후보끼리 합산하지 않음.,7.72,7.72,464.8,6.91,6.91,416.44
CG_00226,126.63967830000036,37.53662889999975,82.22,73.66,다사2348,0.7413325116186711,중구,830.208,202,434.2,434.2,2.0,96.0,0.0,medium,['인천경명초등학교'],1,102.94,830.208,202,source_allocation_v2_20260911,False,none,,0.0,straight_500m,estimated,102.94,1084.63,직선 500m 거주 아동 시나리오,2024년 6~11세 배분 추정에 인천 전체 연령인구 성장률 적용. 보행권·실제 이용자·신규 수혜가 아님. 후보끼리 합산하지 않음.,82.22,82.22,866.26,73.66,73.66,776.13
CG_00227,126.63967830000036,37.538878899999744,109.95,98.51,다사2349,0.6006968032659459,중구,801.2479999999999,226,185.2,185.2,2.0,96.0,0.0,medium,['인천경명초등학교'],1,137.67,801.2479999999999,226,source_allocation_v2_20260911,False,none,,0.0,straight_500m,estimated,137.67,1046.79,직선 500m 거주 아동 시나리오,2024년 6~11세 배분 추정에 인천 전체 연령인구 성장률 적용. 보행권·실제 이용자·신규 수혜가 아님. 후보끼리 합산하지 않음.,109.95,109.95,836.04,98.51,98.51,749.06
CG_00990,126.70042830000045,37.58612889999967,0.1,0.09,다사2954,0.09963130093864955,부평구,423.28,787,290.0,995.0,4.0,166.0,0.0,medium,['인천아라초등학교'],1,0.13,423.28,787,source_allocation_v2_20260911,False,none,,10.697376,straight_500m,estimated,0.13,552.99,직선 500m 거주 아동 시나리오,2024년 6~11세 배분 추정에 인천 전체 연령인구 성장률 적용. 보행권·실제 이용자·신규 수혜가 아님. 후보끼리 합산하지 않음.,0.1,0.1,441.66,0.09,0.09,395.71
CG_00991,126.70042830000045,37.58837889999967,39.62,35.5,다사2954,0.14154759928202107,부평구,646.448,370,372.7,1550.2,4.0,166.0,0.0,medium,['인천아라초등학교'],1,49.61,646.448,370,source_allocation_v2_20260911,False,none,,10.697376,straight_500m,estimated,49.61,844.55,직선 500m 거주 아동 시나리오,2024년 6~11세 배분 추정에 인천 전체 연령인구 성장률 적용. 보행권·실제 이용자·신규 수혜가 아님. 후보끼리 합산하지 않음.,39.62,39.62,674.52,35.5,35.5,604.34
CG_00086,126.62167830000033,37.3993789,74.4,66.66,다사2233,0.48370253390156276,연수구,368.45,899,1138.4,3001.9,2.0,122.0,0.0,medium,['인천현송초등학교'],1,93.16,368.45,899,source_allocation_v2_20260911,False,none,,0.0,straight_500m,estimated,93.16,481.36,직선 500m 거주 아동 시나리오,2024년 6~11세 배분 추정에 인천 전체 연령인구 성장률 적용. 보행권·실제 이용자·신규 수혜가 아님. 후보끼리 합산하지 않음.,74.4,74.4,384.45,66.66,66.66,344.45
CG_00080,126.61942830000032,37.3971289,111.86,100.22,다사2233,0.02934998160488533,중구,551.336,500,204.8,376.5,2.0,122.0,0.0,medium,['인천현송초등학교'],1,140.06,551.336,500,source_allocation_v2_20260911,False,none,,0.0,straight_500m,estimated,140.06,720.29,직선 500m 거주 아동 시나리오,2024년 6~11세 배분 추정에 인천 전체 연령인구 성장률 적용. 보행권·실제 이용자·신규 수혜가 아님. 후보끼리 합산하지 않음.,111.86,111.86,575.28,100.22,100.22,515.42
CG_00074,126.61717830000032,37.3903789,,,다사2132,0.16273080798632872,중구,428.108,776,219.4,219.4,2.0,122.0,0.0,medium,['인천현송초등학교'],1,,428.108,776,source_allocation_v2_20260911,False,none,,0.0,straight_500m,estimated,,559.3,직선 500m 거주 아동 시나리오,2024년 6~11세 배분 추정에 인천 전체 연령인구 성장률 적용. 보행권·실제 이용자·신규 수혜가 아님. 후보끼리 합산하지 않음.,,,446.7,,,400.22
CG_01551,126.73867830000052,37.45562889999987,9.18,8.23,다사3239,0.0004666154842872166,계양구,278.50800000000004,1094,365.6,7837.0,3.0,328.5,2.0,low,['인천인수초등학교'],1,11.5,278.50800000000004,1094,source_allocation_v2_20260911,False,none,,3.37851,straight_500m,estimated,11.5,363.86,직선 500m 거주 아동 시나리오,2024년 6~11세 배분 추정에 인천 전체 연령인구 성장률 적용. 보행권·실제 이용자·신규 수혜가 아님. 후보끼리 합산하지 않음.,9.18,9.18,290.6,8.23,8.23,260.37
CG_01523,126.73642830000051,37.45562889999987,20.42,18.3,다사3239,0.09526623203305128,부평구,368.35400000000004,900,149.3,4033.9,3.0,328.5,2.0,low,['인천인수초등학교'],1,25.57,368.35400000000004,900,source_allocation_v2_20260911,False,none,,3.37851,straight_500m,estimated,25.57,481.24,직선 500m 거주 아동 시나리오,2024년 6~11세 배분 추정에 인천 전체 연령인구 성장률 적용. 보행권·실제 이용자·신규 수혜가 아님. 후보끼리 합산하지 않음.,20.42,20.42,384.35,18.3,18.3,344.36
CG_00085,126.62167830000033,37.3971289,52.38,46.93,다사2233,0.07062066956035373,서구,465.26599999999996,689,62.2,8886.8,2.0,122.0,0.0,medium,['인천현송초등학교'],1,65.58,465.26599999999996,689,source_allocation_v2_20260911,False,none,,0.0,straight_500m,estimated,65.58,607.85,직선 500m 거주 아동 시나리오,2024년 6~11세 배분 추정에 인천 전체 연령인구 성장률 적용. 보행권·실제 이용자·신규 수혜가 아님. 후보끼리 합산하지 않음.,52.38,52.38,485.47,46.93,46.93,434.96
CG_00084,126.62167830000033,37.3948789,8.25,7.39,다사2233,0.32996642711088914,서구,460.04,703,213.9,8603.0,2.0,122.0,0.0,medium,['인천현송초등학교'],1,10.33,460.04,703,source_allocation_v2_20260911,False,none,,0.0,straight_500m,estimated,10.33,601.02,직선 500m 거주 아동 시나리오,2024년 6~11세 배분 추정에 인천 전체 연령인구 성장률 적용. 보행권·실제 이용자·신규 수혜가 아님. 후보끼리 합산하지 않음.,8.25,8.25,480.02,7.39,7.39,430.07
CG_00075,126.61717830000032,37.3926289,129.03,115.61,다사2132,0.02335410033047508,연수구,404.962,828,1996.6,5582.4,2.0,122.0,0.0,medium,['인천현송초등학교'],1,161.56,404.962,828,source_allocation_v2_20260911,False,none,,0.0,straight_500m,estimated,161.56,529.06,직선 500m 거주 아동 시나리오,2024년 6~11세 배분 추정에 인천 전체 연령인구 성장률 적용. 보행권·실제 이용자·신규 수혜가 아님. 후보끼리 합산하지 않음.,129.03,129.03,422.55,115.61,115.61,378.58
CG_00076,126.61717830000032,37.3948789,48.74,43.67,다사2133,1.0,연수구,466.79200000000003,686,1614.9,5313.8,2.0,122.0,0.0,medium,['인천현송초등학교'],1,61.03,466.79200000000003,686,source_allocation_v2_20260911,False,none,,0.0,straight_500m,estimated,61.03,609.84,직선 500m 거주 아동 시나리오,2024년 6~11세 배분 추정에 인천 전체 연령인구 성장률 적용. 보행권·실제 이용자·신규 수혜가 아님. 후보끼리 합산하지 않음.,48.74,48.74,487.06,43.67,43.67,436.39
CG_00079,126.61942830000032,37.3948789,84.69,75.88,다사2233,0.08636038782230908,중구,504.35,606,133.0,133.0,2.0,122.0,0.0,medium,['인천현송초등학교'],1,106.04,504.35,606,source_allocation_v2_20260911,False,none,,0.0,straight_500m,estimated,106.04,658.91,직선 500m 거주 아동 시나리오,2024년 6~11세 배분 추정에 인천 전체 연령인구 성장률 적용. 보행권·실제 이용자·신규 수혜가 아님. 후보끼리 합산하지 않음.,84.69,84.69,526.25,75.88,75.88,471.5
CG_00833,126.68692830000043,37.563628899999706,0.5,0.44,다사2851,1.0,미추홀구,174.702,1287,247.5,1566.9,3.0,316.8,0.0,low,['인천은지초등학교'],1,0.62,174.702,1287,source_allocation_v2_20260911,False,none,,1.500699,straight_500m,estimated,0.62,228.24,직선 500m 거주 아동 시나리오,2024년 6~11세 배분 추정에 인천 전체 연령인구 성장률 적용. 보행권·실제 이용자·신규 수혜가 아님. 후보끼리 합산하지 않음.,0.5,0.5,182.29,0.44,0.44,163.32
CG_00834,126.68692830000043,37.5658788999997,26.8,24.01,다사2852,0.4851092595155176,미추홀구,246.35399999999998,1157,104.6,1083.8,3.0,316.8,0.0,low,['인천은지초등학교'],1,33.55,246.35399999999998,1157,source_allocation_v2_20260911,False,none,,1.500699,straight_500m,estimated,33.55,321.85,직선 500m 거주 아동 시나리오,2024년 6~11세 배분 추정에 인천 전체 연령인구 성장률 적용. 보행권·실제 이용자·신규 수혜가 아님. 후보끼리 합산하지 않음.,26.8,26.8,257.05,24.01,24.01,230.31
CG_00835,126.68692830000043,37.5681288999997,3.48,3.12,다사2852,0.5148907404844825,미추홀구,230.892,1188,179.7,1119.5,3.0,316.8,0.0,low,['인천은지초등학교'],1,4.36,230.892,1188,source_allocation_v2_20260911,False,none,,1.500699,straight_500m,estimated,4.36,301.65,직선 500m 거주 아동 시나리오,2024년 6~11세 배분 추정에 인천 전체 연령인구 성장률 적용. 보행권·실제 이용자·신규 수혜가 아님. 후보끼리 합산하지 않음.,3.48,3.48,240.92,3.12,3.12,215.85
CG_00794,126.68242830000042,37.5681288999997,45.24,40.54,다사2752,0.2131482795627014,미추홀구,374.51599999999996,884,141.3,1992.8,3.0,316.8,0.0,low,['인천은지초등학교'],1,56.65,374.51599999999996,884,source_allocation_v2_20260911,False,none,,1.500699,straight_500m,estimated,56.65,489.29,직선 500m 거주 아동 시나리오,2024년 6~11세 배분 추정에 인천 전체 연령인구 성장률 적용. 보행권·실제 이용자·신규 수혜가 아님. 후보끼리 합산하지 않음.,45.24,45.24,390.78,40.54,40.54,350.12
CG_00816,126.68467830000043,37.563628899999706,18.46,16.54,다사2751,0.16711773099783286,미추홀구,252.188,1146,97.6,1974.3,3.0,316.8,0.0,low,['인천은지초등학교'],1,23.11,252.188,1146,source_allocation_v2_20260911,False,none,,1.500699,straight_500m,estimated,23.11,329.47,직선 500m 거주 아동 시나리오,2024년 6~11세 배분 추정에 인천 전체 연령인구 성장률 적용. 보행권·실제 이용자·신규 수혜가 아님. 후보끼리 합산하지 않음.,18.46,18.46,263.14,16.54,16.54,235.76
CG_00792,126.68242830000042,37.563628899999706,6.71,6.01,다사2751,0.10811115699101077,연수구,310.91,1043,705.3,1426.5,3.0,316.8,0.0,low,['인천은지초등학교'],1,8.4,310.91,1043,source_allocation_v2_20260911,False,none,,1.500699,straight_500m,estimated,8.4,406.19,직선 500m 거주 아동 시나리오,2024년 6~11세 배분 추정에 인천 전체 연령인구 성장률 적용. 보행권·실제 이용자·신규 수혜가 아님. 후보끼리 합산하지 않음.,6.71,6.71,324.41,6.01,6.01,290.66
CG_00761,126.68017830000042,37.5658788999997,40.31,36.12,다사2752,0.03127463085175776,서구,452.98800000000006,721,861.6,7988.9,3.0,316.8,0.0,low,['인천은지초등학교'],1,50.47,452.98800000000006,721,source_allocation_v2_20260911,False,none,,1.500699,straight_500m,estimated,50.47,591.81,직선 500m 거주 아동 시나리오,2024년 6~11세 배분 추정에 인천 전체 연령인구 성장률 적용. 보행권·실제 이용자·신규 수혜가 아님. 후보끼리 합산하지 않음.,40.31,40.31,472.66,36.12,36.12,423.48
CG_00760,126.68017830000042,37.563628899999706,15.53,13.92,다사2751,0.13289802817239066,서구,343.534,957,810.5,7708.9,3.0,316.8,0.0,low,['인천은지초등학교'],1,19.45,343.534,957,source_allocation_v2_20260911,False,none,,1.500699,straight_500m,estimated,19.45,448.81,직선 500m 거주 아동 시나리오,2024년 6~11세 배분 추정에 인천 전체 연령인구 성장률 적용. 보행권·실제 이용자·신규 수혜가 아님. 후보끼리 합산하지 않음.,15.53,15.53,358.45,13.92,13.92,321.16
CG_00817,126.68467830000043,37.5658788999997,79.61,71.33,다사2752,0.18211687922889327,미추홀구,353.746,934,420.7,1907.4,3.0,316.8,0.0,low,['인천은지초등학교'],1,99.68,353.746,934,source_allocation_v2_20260911,False,none,,1.500699,straight_500m,estimated,99.68,462.15,직선 500m 거주 아동 시나리오,2024년 6~11세 배분 추정에 인천 전체 연령인구 성장률 적용. 보행권·실제 이용자·신규 수혜가 아님. 후보끼리 합산하지 않음.,79.61,79.61,369.11,71.33,71.33,330.7
CG_00818,126.68467830000043,37.5681288999997,57.35,51.39,다사2752,0.08337433845925682,미추홀구,336.134,974,433.3,1752.7,3.0,316.8,0.0,low,['인천은지초등학교'],1,71.81,336.134,974,source_allocation_v2_20260911,False,none,,1.500699,straight_500m,estimated,71.81,439.14,직선 500m 거주 아동 시나리오,2024년 6~11세 배분 추정에 인천 전체 연령인구 성장률 적용. 보행권·실제 이용자·신규 수혜가 아님. 후보끼리 합산하지 않음.,57.35,57.35,350.73,51.39,51.39,314.24
CG_00793,126.68242830000042,37.5658788999997,39.71,35.58,다사2752,0.49008587189739067,연수구,409.73799999999994,818,410.2,1018.2,3.0,316.8,0.0,low,['인천은지초등학교'],1,49.72,409.73799999999994,818,source_allocation_v2_20260911,False,none,,1.500699,straight_500m,estimated,49.72,535.3,직선 500m 거주 아동 시나리오,2024년 6~11세 배분 추정에 인천 전체 연령인구 성장률 적용. 보행권·실제 이용자·신규 수혜가 아님. 후보끼리 합산하지 않음.,39.71,39.71,427.53,35.58,35.58,383.05
CG_00321,126.65092830000037,37.60862889999964,,,다사2556,0.1478752135456867,서구,,,287.3,16426.0,3.0,325.0,0.0,low,['인천금곡초등학교'],1,,,,source_allocation_v2_20260911,False,none,,1.70777,straight_500m,missing_age_observations,,,직선 500m 거주 아동 시나리오,2024년 6~11세 배분 추정에 인천 전체 연령인구 성장률 적용. 보행권·실제 이용자·신규 수혜가 아님. 후보끼리 합산하지 않음.,,,,,,
CG_00347,126.65317830000038,37.60187889999965,38.5,34.5,다사2556,0.10518915240807905,연수구,521.866,559,117.0,4798.2,3.0,325.0,0.0,low,['인천금곡초등학교'],1,48.21,521.866,559,source_allocation_v2_20260911,False,none,,1.70777,straight_500m,estimated,48.21,681.79,직선 500m 거주 아동 시나리오,2024년 6~11세 배분 추정에 인천 전체 연령인구 성장률 적용. 보행권·실제 이용자·신규 수혜가 아님. 후보끼리 합산하지 않음.,38.5,38.5,544.53,34.5,34.5,487.87
CG_01301,126.72067830000049,37.53662889999975,33.12,29.67,다사3148,0.11806157488215954,부평구,326.646,999,619.5,4193.4,2.0,268.2,0.0,medium,['인천해서초등학교'],1,41.47,326.646,999,source_allocation_v2_20260911,True,completed,"500m 내 재개발 3건: completed(62m), completed(482m), unknown(473m)",0.476878,straight_500m,estimated,41.47,426.75,직선 500m 거주 아동 시나리오,2024년 6~11세 배분 추정에 인천 전체 연령인구 성장률 적용. 보행권·실제 이용자·신규 수혜가 아님. 후보끼리 합산하지 않음.,33.12,33.12,340.83,29.67,29.67,305.37
CG_01226,126.71617830000048,37.54112889999974,0.42,0.37,다사3049,0.10569364592128243,남동구,101.092,1375,257.4,666.4,2.0,268.2,0.0,medium,['인천해서초등학교'],1,0.52,101.092,1375,source_allocation_v2_20260911,True,completed,500m 내 재개발 1건: completed(486m),0.476878,straight_500m,estimated,0.52,132.07,직선 500m 거주 아동 시나리오,2024년 6~11세 배분 추정에 인천 전체 연령인구 성장률 적용. 보행권·실제 이용자·신규 수혜가 아님. 후보끼리 합산하지 않음.,0.42,0.42,105.48,0.37,0.37,94.51
CG_01267,126.71842830000048,37.538878899999744,11.54,10.34,다사3049,0.21237255895564047,남동구,166.548,1300,184.0,346.6,2.0,268.2,0.0,medium,['인천해서초등학교'],1,14.45,166.548,1300,source_allocation_v2_20260911,True,completed,500m 내 재개발 1건: completed(381m),0.476878,straight_500m,estimated,14.45,217.59,직선 500m 거주 아동 시나리오,2024년 6~11세 배분 추정에 인천 전체 연령인구 성장률 적용. 보행권·실제 이용자·신규 수혜가 아님. 후보끼리 합산하지 않음.,11.54,11.54,173.78,10.34,10.34,155.7
CG_00380,126.65542830000038,37.604128899999644,38.02,34.06,다사2556,0.03128143274054789,연수구,470.756,678,85.7,4230.6,3.0,325.0,0.0,low,['인천금곡초등학교'],1,47.6,470.756,678,source_allocation_v2_20260911,False,none,,1.70777,straight_500m,estimated,47.6,615.02,직선 500m 거주 아동 시나리오,2024년 6~11세 배분 추정에 인천 전체 연령인구 성장률 적용. 보행권·실제 이용자·신규 수혜가 아님. 후보끼리 합산하지 않음.,38.02,38.02,491.2,34.06,34.06,440.09
CG_00381,126.65542830000038,37.60637889999964,8.64,7.74,다사2556,0.060422754747361626,연수구,308.97400000000005,1051,1303.8,2222.7,3.0,325.0,0.0,low,['인천금곡초등학교'],1,10.82,308.97400000000005,1051,source_allocation_v2_20260911,False,none,,1.70777,straight_500m,estimated,10.82,403.66,직선 500m 거주 아동 시나리오,2024년 6~11세 배분 추정에 인천 전체 연령인구 성장률 적용. 보행권·실제 이용자·신규 수혜가 아님. 후보끼리 합산하지 않음.,8.64,8.64,322.39,7.74,7.74,288.85
CG_00298,126.64867830000037,37.604128899999644,29.65,26.56,다사2456,0.3243151799276713,연수구,301.832,1062,365.9,601.8,3.0,325.0,0.0,low,['인천금곡초등학교'],1,37.12,301.832,1062,source_allocation_v2_20260911,False,none,,1.70777,straight_500m,estimated,37.12,394.33,직선 500m 거주 아동 시나리오,2024년 6~11세 배분 추정에 인천 전체 연령인구 성장률 적용. 보행권·실제 이용자·신규 수혜가 아님. 후보끼리 합산하지 않음.,29.65,29.65,314.94,26.56,26.56,282.17
CG_00350,126.65317830000038,37.60862889999964,0.27,0.24,다사2556,0.0,연수구,,,1303.8,2222.7,3.0,325.0,0.0,low,['인천금곡초등학교'],1,0.34,,,source_allocation_v2_20260911,False,none,,1.70777,straight_500m,missing_age_observations,0.34,,직선 500m 거주 아동 시나리오,2024년 6~11세 배분 추정에 인천 전체 연령인구 성장률 적용. 보행권·실제 이용자·신규 수혜가 아님. 후보끼리 합산하지 않음.,0.27,0.27,,0.24,0.24,
CG_00320,126.65092830000037,37.60637889999964,4.07,3.64,다사2556,0.14729080848440979,서구,,,430.9,10611.9,3.0,325.0,0.0,low,['인천금곡초등학교'],1,5.09,,,source_allocation_v2_20260911,False,none,,1.70777,straight_500m,missing_age_observations,5.09,,직선 500m 거주 아동 시나리오,2024년 6~11세 배분 추정에 인천 전체 연령인구 성장률 적용. 보행권·실제 이용자·신규 수혜가 아님. 후보끼리 합산하지 않음.,4.07,4.07,,3.64,3.64,
CG_00349,126.65317830000038,37.60637889999964,10.26,9.2,다사2556,0.0,연수구,,,207.1,4217.5,3.0,325.0,0.0,low,['인천금곡초등학교'],1,12.85,,,source_allocation_v2_20260911,False,none,,1.70777,straight_500m,missing_age_observations,12.85,,직선 500m 거주 아동 시나리오,2024년 6~11세 배분 추정에 인천 전체 연령인구 성장률 적용. 보행권·실제 이용자·신규 수혜가 아님. 후보끼리 합산하지 않음.,10.26,10.26,,9.2,9.2,
CG_00348,126.65317830000038,37.604128899999644,53.93,48.32,다사2556,0.3513642071612608,연수구,417.28,802,237.3,4549.7,3.0,325.0,0.0,low,['인천금곡초등학교'],1,67.52,417.28,802,source_allocation_v2_20260911,False,none,,1.70777,straight_500m,estimated,67.52,545.16,직선 500m 거주 아동 시나리오,2024년 6~11세 배분 추정에 인천 전체 연령인구 성장률 적용. 보행권·실제 이용자·신규 수혜가 아님. 후보끼리 합산하지 않음.,53.93,53.93,435.4,48.32,48.32,390.1
CG_00297,126.64867830000037,37.60187889999965,37.73,33.8,다사2456,0.364592812819001,연수구,333.86,981,196.6,321.7,3.0,325.0,0.0,low,['인천금곡초등학교'],1,47.24,333.86,981,source_allocation_v2_20260911,False,none,,1.70777,straight_500m,estimated,47.24,436.17,직선 500m 거주 아동 시나리오,2024년 6~11세 배분 추정에 인천 전체 연령인구 성장률 적용. 보행권·실제 이용자·신규 수혜가 아님. 후보끼리 합산하지 않음.,37.73,37.73,348.36,33.8,33.8,312.11
CG_00299,126.64867830000037,37.60637889999964,0.26,0.24,다사2456,0.08095617023707243,동구,,,1071.3,1160.6,3.0,325.0,0.0,low,['인천금곡초등학교'],1,0.33,,,source_allocation_v2_20260911,False,none,,1.70777,straight_500m,missing_age_observations,0.33,,직선 500m 거주 아동 시나리오,2024년 6~11세 배분 추정에 인천 전체 연령인구 성장률 적용. 보행권·실제 이용자·신규 수혜가 아님. 후보끼리 합산하지 않음.,0.26,0.26,,0.24,0.24,
CG_00319,126.65092830000037,37.604128899999644,61.3,54.92,다사2556,0.07019286766079609,서구,360.19,920,421.2,10335.8,3.0,325.0,0.0,low,['인천금곡초등학교'],1,76.75,360.19,920,source_allocation_v2_20260911,False,none,,1.70777,straight_500m,estimated,76.75,470.57,직선 500m 거주 아동 시나리오,2024년 6~11세 배분 추정에 인천 전체 연령인구 성장률 적용. 보행권·실제 이용자·신규 수혜가 아님. 후보끼리 합산하지 않음.,61.3,61.3,375.83,54.92,54.92,336.73
CG_00540,126.6689283000004,37.59287889999966,23.98,21.48,다사2655,0.024828804559848608,미추홀구,553.6560000000001,494,178.8,3102.6,4.0,159.3,0.0,low,['인천백석초등학교'],1,30.02,553.6560000000001,494,source_allocation_v2_20260911,False,none,,5.907785,straight_500m,estimated,30.02,723.32,직선 500m 거주 아동 시나리오,2024년 6~11세 배분 추정에 인천 전체 연령인구 성장률 적용. 보행권·실제 이용자·신규 수혜가 아님. 후보끼리 합산하지 않음.,23.98,23.98,577.7,21.48,21.48,517.59
CG_00538,126.6689283000004,37.58837889999967,21.09,18.9,다사2654,0.30274639726376507,미추홀구,421.40999999999997,792,93.5,2548.2,4.0,159.3,0.0,low,['인천백석초등학교'],1,26.41,421.40999999999997,792,source_allocation_v2_20260911,False,none,,5.907785,straight_500m,estimated,26.41,550.55,직선 500m 거주 아동 시나리오,2024년 6~11세 배분 추정에 인천 전체 연령인구 성장률 적용. 보행권·실제 이용자·신규 수혜가 아님. 후보끼리 합산하지 않음.,21.09,21.09,439.71,18.9,18.9,393.96
CG_00587,126.6711783000004,37.58837889999967,68.43,61.31,다사2654,0.06501129731447083,미추홀구,574.628,455,0.0,2578.3,4.0,159.3,0.0,low,['인천백석초등학교'],1,85.68,574.628,455,source_allocation_v2_20260911,False,none,,5.907785,straight_500m,estimated,85.68,750.72,직선 500m 거주 아동 시나리오,2024년 6~11세 배분 추정에 인천 전체 연령인구 성장률 적용. 보행권·실제 이용자·신규 수혜가 아님. 후보끼리 합산하지 않음.,68.43,68.43,599.58,61.31,61.31,537.2
CG_00589,126.6711783000004,37.59287889999966,51.96,46.56,다사2655,0.10114621184108942,미추홀구,674.578,333,473.2,2421.2,4.0,159.3,0.0,low,['인천백석초등학교'],1,65.06,674.578,333,source_allocation_v2_20260911,False,none,,5.907785,straight_500m,estimated,65.06,881.3,직선 500m 거주 아동 시나리오,2024년 6~11세 배분 추정에 인천 전체 연령인구 성장률 적용. 보행권·실제 이용자·신규 수혜가 아님. 후보끼리 합산하지 않음.,51.96,51.96,703.87,46.56,46.56,630.64
CG_00634,126.67342830000041,37.58612889999967,71.31,63.89,다사2754,0.16352740313804134,미추홀구,517.862,570,327.7,2149.7,4.0,159.3,0.0,low,['인천백석초등학교'],1,89.28,517.862,570,source_allocation_v2_20260911,False,none,,5.907785,straight_500m,estimated,89.28,676.56,직선 500m 거주 아동 시나리오,2024년 6~11세 배분 추정에 인천 전체 연령인구 성장률 적용. 보행권·실제 이용자·신규 수혜가 아님. 후보끼리 합산하지 않음.,71.31,71.31,540.35,63.89,63.89,484.13
CG_01663,126.75892830000055,37.55912889999971,37.75,33.83,다사3451,0.16666666666666666,,486.324,653,,,3.0,433.0,0.0,low,['인천당산초등학교'],1,47.27,486.324,653,source_allocation_v2_20260911,False,none,,2.508813,straight_500m,estimated,47.27,635.36,직선 500m 거주 아동 시나리오,2024년 6~11세 배분 추정에 인천 전체 연령인구 성장률 적용. 보행권·실제 이용자·신규 수혜가 아님. 후보끼리 합산하지 않음.,37.75,37.75,507.44,33.83,33.83,454.65
CG_01664,126.75892830000055,37.56137889999971,77.29,69.25,다사3451,0.16666666666666666,,536.514,532,,,3.0,433.0,0.0,low,['인천당산초등학교'],1,96.77,536.514,532,source_allocation_v2_20260911,False,none,,2.508813,straight_500m,estimated,96.77,700.93,직선 500m 거주 아동 시나리오,2024년 6~11세 배분 추정에 인천 전체 연령인구 성장률 적용. 보행권·실제 이용자·신규 수혜가 아님. 후보끼리 합산하지 않음.,77.29,77.29,559.81,69.25,69.25,501.57
CG_01662,126.75892830000055,37.55687889999972,1.69,1.51,다사3451,0.16666666666666666,,293.036,1073,,,3.0,433.0,0.0,low,['인천당산초등학교'],1,2.11,293.036,1073,source_allocation_v2_20260911,False,none,,2.508813,straight_500m,estimated,2.11,382.84,직선 500m 거주 아동 시나리오,2024년 6~11세 배분 추정에 인천 전체 연령인구 성장률 적용. 보행권·실제 이용자·신규 수혜가 아님. 후보끼리 합산하지 않음.,1.69,1.69,305.76,1.51,1.51,273.95
CG_01665,126.76117830000055,37.55912889999971,28.54,25.57,다사3451,0.16666666666666666,,336.468,972,,,3.0,433.0,0.0,low,['인천당산초등학교'],1,35.74,336.468,972,source_allocation_v2_20260911,False,none,,2.508813,straight_500m,estimated,35.74,439.58,직선 500m 거주 아동 시나리오,2024년 6~11세 배분 추정에 인천 전체 연령인구 성장률 적용. 보행권·실제 이용자·신규 수혜가 아님. 후보끼리 합산하지 않음.,28.54,28.54,351.08,25.57,25.57,314.55
CG_01661,126.75667830000054,37.55912889999971,80.22,71.87,다사3451,0.16666666666666666,,561.03,478,,,3.0,433.0,0.0,low,['인천당산초등학교'],1,100.44,561.03,478,source_allocation_v2_20260911,False,none,,2.508813,straight_500m,estimated,100.44,732.96,직선 500m 거주 아동 시나리오,2024년 6~11세 배분 추정에 인천 전체 연령인구 성장률 적용. 보행권·실제 이용자·신규 수혜가 아님. 후보끼리 합산하지 않음.,80.22,80.22,585.39,71.87,71.87,524.49
CG_01660,126.75667830000054,37.55687889999972,11.83,10.6,다사3451,0.16666666666666666,,309.596,1047,,,3.0,433.0,0.0,low,['인천당산초등학교'],1,14.81,309.596,1047,source_allocation_v2_20260911,False,none,,2.508813,straight_500m,estimated,14.81,404.47,직선 500m 거주 아동 시나리오,2024년 6~11세 배분 추정에 인천 전체 연령인구 성장률 적용. 보행권·실제 이용자·신규 수혜가 아님. 후보끼리 합산하지 않음.,11.83,11.83,323.04,10.6,10.6,289.43
CG_00714,126.67792830000042,37.54337889999974,25.88,23.18,다사2749,0.010441823947265602,서구,264.28999999999996,1123,280.8,2912.8,4.0,163.0,0.0,low,['인천심곡초등학교'],1,32.4,264.28999999999996,1123,source_allocation_v2_20260911,False,none,,9.959124,straight_500m,estimated,32.4,345.28,직선 500m 거주 아동 시나리오,2024년 6~11세 배분 추정에 인천 전체 연령인구 성장률 적용. 보행권·실제 이용자·신규 수혜가 아님. 후보끼리 합산하지 않음.,25.88,25.88,275.77,23.18,23.18,247.07
CG_00753,126.68017830000042,37.538878899999744,0.09,0.08,다사2749,0.14164925276084664,서구,46.903999999999996,1416,607.7,3864.2,4.0,163.0,0.0,low,['인천심곡초등학교'],1,0.11,46.903999999999996,1416,source_allocation_v2_20260911,False,none,,9.959124,straight_500m,estimated,0.11,61.28,직선 500m 거주 아동 시나리오,2024년 6~11세 배분 추정에 인천 전체 연령인구 성장률 적용. 보행권·실제 이용자·신규 수혜가 아님. 후보끼리 합산하지 않음.,0.09,0.09,48.94,0.08,0.08,43.85
CG_00754,126.68017830000042,37.54112889999974,5.1,4.57,다사2749,0.0,서구,,,639.8,5045.4,4.0,163.0,0.0,low,['인천심곡초등학교'],1,6.39,,,source_allocation_v2_20260911,False,none,,9.959124,straight_500m,missing_age_observations,6.39,,직선 500m 거주 아동 시나리오,2024년 6~11세 배분 추정에 인천 전체 연령인구 성장률 적용. 보행권·실제 이용자·신규 수혜가 아님. 후보끼리 합산하지 않음.,5.1,5.1,,4.57,4.57,
CG_00786,126.68242830000042,37.54112889999974,0.27,0.24,다사2749,0.03060568982060856,서구,,,172.7,12466.0,4.0,163.0,0.0,low,['인천심곡초등학교'],1,0.34,,,source_allocation_v2_20260911,False,none,,9.959124,straight_500m,missing_age_observations,0.34,,직선 500m 거주 아동 시나리오,2024년 6~11세 배분 추정에 인천 전체 연령인구 성장률 적용. 보행권·실제 이용자·신규 수혜가 아님. 후보끼리 합산하지 않음.,0.27,0.27,,0.24,0.24,
CG_00810,126.68467830000043,37.54112889999974,,,다사2749,0.07783233675580509,서구,,,434.9,12728.3,4.0,163.0,0.0,low,['인천심곡초등학교'],1,,,,source_allocation_v2_20260911,False,none,,9.959124,straight_500m,missing_age_observations,,,직선 500m 거주 아동 시나리오,2024년 6~11세 배분 추정에 인천 전체 연령인구 성장률 적용. 보행권·실제 이용자·신규 수혜가 아님. 후보끼리 합산하지 않음.,,,,,,
CG_00811,126.68467830000043,37.54337889999974,,,다사2749,0.03251146941278037,서구,,,387.6,12680.9,4.0,163.0,0.0,low,['인천심곡초등학교'],1,,,,source_allocation_v2_20260911,False,none,,9.959124,straight_500m,missing_age_observations,,,직선 500m 거주 아동 시나리오,2024년 6~11세 배분 추정에 인천 전체 연령인구 성장률 적용. 보행권·실제 이용자·신규 수혜가 아님. 후보끼리 합산하지 않음.,,,,,,
CG_00713,126.67792830000042,37.54112889999974,8.1,7.26,다사2749,0.0027059192757180432,미추홀구,206.82,1239,715.7,1785.7,4.0,163.0,0.0,low,['인천심곡초등학교'],1,10.14,206.82,1239,source_allocation_v2_20260911,False,none,,9.959124,straight_500m,estimated,10.14,270.2,직선 500m 거주 아동 시나리오,2024년 6~11세 배분 추정에 인천 전체 연령인구 성장률 적용. 보행권·실제 이용자·신규 수혜가 아님. 후보끼리 합산하지 않음.,8.1,8.1,215.8,7.26,7.26,193.35
CG_00755,126.68017830000042,37.54337889999974,35.5,31.81,다사2749,0.031332927129502725,서구,,,1197.4,5699.4,4.0,163.0,0.0,low,['인천심곡초등학교'],1,44.45,,,source_allocation_v2_20260911,False,none,,9.959124,straight_500m,missing_age_observations,44.45,,직선 500m 거주 아동 시나리오,2024년 6~11세 배분 추정에 인천 전체 연령인구 성장률 적용. 보행권·실제 이용자·신규 수혜가 아님. 후보끼리 합산하지 않음.,35.5,35.5,,31.81,31.81,
CG_00715,126.67792830000042,37.545628899999734,6.33,5.67,다사2749,0.0813085813721665,서구,335.578,975,111.8,3056.4,4.0,163.0,0.0,low,['인천심곡초등학교'],1,7.92,335.578,975,source_allocation_v2_20260911,False,none,,9.959124,straight_500m,estimated,7.92,438.42,직선 500m 거주 아동 시나리오,2024년 6~11세 배분 추정에 인천 전체 연령인구 성장률 적용. 보행권·실제 이용자·신규 수혜가 아님. 후보끼리 합산하지 않음.,6.33,6.33,350.15,5.67,5.67,313.72
CG_01229,126.71617830000048,37.54787889999973,,,,,남동구,47.622,1415,196.2,1037.2,3.0,444.0,0.0,medium,['인천계산초등학교'],1,,47.622,1415,source_allocation_v2_20260911,True,completed,500m 내 재개발 1건: completed(444m),1.223749,straight_500m,estimated,,62.21,직선 500m 거주 아동 시나리오,2024년 6~11세 배분 추정에 인천 전체 연령인구 성장률 적용. 보행권·실제 이용자·신규 수혜가 아님. 후보끼리 합산하지 않음.,,,49.69,,,44.52
CG_01270,126.71842830000048,37.545628899999734,12.66,11.34,다사3049,0.11120082095996138,부평구,162.822,1308,170.9,3338.7,3.0,444.0,0.0,medium,['인천계산초등학교'],1,15.85,162.822,1308,source_allocation_v2_20260911,True,completed,"500m 내 재개발 2건: completed(125m), unknown(350m)",1.223749,straight_500m,estimated,15.85,212.72,직선 500m 거주 아동 시나리오,2024년 6~11세 배분 추정에 인천 전체 연령인구 성장률 적용. 보행권·실제 이용자·신규 수혜가 아님. 후보끼리 합산하지 않음.,12.66,12.66,169.89,11.34,11.34,152.22
CG_01227,126.71617830000048,37.54337889999974,0.57,0.51,다사3049,0.0924951459226658,남동구,98.702,1378,342.7,347.5,3.0,444.0,0.0,medium,['인천계산초등학교'],1,0.71,98.702,1378,source_allocation_v2_20260911,True,completed,500m 내 재개발 1건: completed(314m),1.223749,straight_500m,estimated,0.71,128.95,직선 500m 거주 아동 시나리오,2024년 6~11세 배분 추정에 인천 전체 연령인구 성장률 적용. 보행권·실제 이용자·신규 수혜가 아님. 후보끼리 합산하지 않음.,0.57,0.57,102.99,0.51,0.51,92.27
CG_01271,126.71842830000048,37.54787889999973,0.27,0.24,다사3150,0.04219048999991314,부평구,95.416,1385,551.2,3602.4,3.0,444.0,0.0,medium,['인천계산초등학교'],1,0.34,95.416,1385,source_allocation_v2_20260911,True,completed,500m 내 재개발 1건: completed(356m),1.223749,straight_500m,estimated,0.34,124.66,직선 500m 거주 아동 시나리오,2024년 6~11세 배분 추정에 인천 전체 연령인구 성장률 적용. 보행권·실제 이용자·신규 수혜가 아님. 후보끼리 합산하지 않음.,0.27,0.27,99.56,0.24,0.24,89.2
CG_01228,126.71617830000048,37.545628899999734,2.56,2.3,다사3049,0.0002744983564820178,남동구,80.772,1392,113.9,1274.7,3.0,444.0,0.0,medium,['인천계산초등학교'],1,3.21,80.772,1392,source_allocation_v2_20260911,True,completed,500m 내 재개발 1건: completed(293m),1.223749,straight_500m,estimated,3.21,105.53,직선 500m 거주 아동 시나리오,2024년 6~11세 배분 추정에 인천 전체 연령인구 성장률 적용. 보행권·실제 이용자·신규 수혜가 아님. 후보끼리 합산하지 않음.,2.56,2.56,84.28,2.3,2.3,75.51
CG_00958,126.69817830000045,37.59962889999965,18.96,16.99,다사2955,0.16581245064649702,부평구,211.834,1230,349.3,691.2,3.0,290.8,0.0,low,['인천창신초등학교'],1,23.74,211.834,1230,source_allocation_v2_20260911,False,none,,1.600821,straight_500m,estimated,23.74,276.75,직선 500m 거주 아동 시나리오,2024년 6~11세 배분 추정에 인천 전체 연령인구 성장률 적용. 보행권·실제 이용자·신규 수혜가 아님. 후보끼리 합산하지 않음.,18.96,18.96,221.03,16.99,16.99,198.04
CG_00926,126.69592830000045,37.60187889999965,4.92,4.41,다사2956,0.16401709196875203,연수구,59.178,1407,408.8,1139.4,3.0,290.8,0.0,low,['인천창신초등학교'],1,6.16,59.178,1407,source_allocation_v2_20260911,False,none,,1.600821,straight_500m,estimated,6.16,77.31,직선 500m 거주 아동 시나리오,2024년 6~11세 배분 추정에 인천 전체 연령인구 성장률 적용. 보행권·실제 이용자·신규 수혜가 아님. 후보끼리 합산하지 않음.,4.92,4.92,61.75,4.41,4.41,55.32
CG_00959,126.69817830000045,37.60187889999965,9.35,8.38,다사2956,0.21919155513261118,부평구,65.698,1404,54.6,851.2,3.0,290.8,0.0,low,['인천창신초등학교'],1,11.71,65.698,1404,source_allocation_v2_20260911,False,none,,1.600821,straight_500m,estimated,11.71,85.83,직선 500m 거주 아동 시나리오,2024년 6~11세 배분 추정에 인천 전체 연령인구 성장률 적용. 보행권·실제 이용자·신규 수혜가 아님. 후보끼리 합산하지 않음.,9.35,9.35,68.55,8.38,8.38,61.42
CG_00925,126.69592830000045,37.59962889999965,19.1,17.12,다사2955,0.27685036004108743,연수구,186.23199999999997,1271,318.1,1281.6,3.0,290.8,0.0,low,['인천창신초등학교'],1,23.92,186.23199999999997,1271,source_allocation_v2_20260911,False,none,,1.600821,straight_500m,estimated,23.92,243.3,직선 500m 거주 아동 시나리오,2024년 6~11세 배분 추정에 인천 전체 연령인구 성장률 적용. 보행권·실제 이용자·신규 수혜가 아님. 후보끼리 합산하지 않음.,19.1,19.1,194.32,17.12,17.12,174.1
CG_00923,126.69592830000045,37.59512889999966,69.16,61.97,다사2955,0.0,서구,691.7,317,1466.7,18809.4,3.0,290.8,0.0,low,['인천창신초등학교'],1,86.6,691.7,317,source_allocation_v2_20260911,False,none,,1.600821,straight_500m,estimated,86.6,903.67,직선 500m 거주 아동 시나리오,2024년 6~11세 배분 추정에 인천 전체 연령인구 성장률 적용. 보행권·실제 이용자·신규 수혜가 아님. 후보끼리 합산하지 않음.,69.16,69.16,721.74,61.97,61.97,646.64
CG_00924,126.69592830000045,37.597378899999654,22.54,20.19,다사2955,0.0,서구,344.354,954,1089.0,19426.9,3.0,290.8,0.0,low,['인천창신초등학교'],1,28.22,344.354,954,source_allocation_v2_20260911,False,none,,1.600821,straight_500m,estimated,28.22,449.88,직선 500m 거주 아동 시나리오,2024년 6~11세 배분 추정에 인천 전체 연령인구 성장률 적용. 보행권·실제 이용자·신규 수혜가 아님. 후보끼리 합산하지 않음.,22.54,22.54,359.31,20.19,20.19,321.92
CG_00992,126.70042830000045,37.597378899999654,16.96,15.19,다사2955,0.2060507049059849,부평구,355.322,932,699.6,3040.4,3.0,290.8,0.0,low,['인천창신초등학교'],1,21.23,355.322,932,source_allocation_v2_20260911,False,none,,1.600821,straight_500m,estimated,21.23,464.21,직선 500m 거주 아동 시나리오,2024년 6~11세 배분 추정에 인천 전체 연령인구 성장률 적용. 보행권·실제 이용자·신규 수혜가 아님. 후보끼리 합산하지 않음.,16.96,16.96,370.75,15.19,15.19,332.18
CG_00994,126.70042830000045,37.60187889999965,0.97,0.87,다사2956,0.12210602197208462,부평구,66.836,1403,894.0,3580.0,3.0,290.8,0.0,low,['인천창신초등학교'],1,1.22,66.836,1403,source_allocation_v2_20260911,False,none,,1.600821,straight_500m,estimated,1.22,87.32,직선 500m 거주 아동 시나리오,2024년 6~11세 배분 추정에 인천 전체 연령인구 성장률 적용. 보행권·실제 이용자·신규 수혜가 아님. 후보끼리 합산하지 않음.,0.97,0.97,69.74,0.87,0.87,62.48
CG_00957,126.69817830000045,37.597378899999654,2.43,2.18,다사2955,0.10644693563947259,남동구,394.346,850,246.9,317.3,3.0,290.8,0.0,low,['인천창신초등학교'],1,3.04,394.346,850,source_allocation_v2_20260911,False,none,,1.600821,straight_500m,estimated,3.04,515.19,직선 500m 거주 아동 시나리오,2024년 6~11세 배분 추정에 인천 전체 연령인구 성장률 적용. 보행권·실제 이용자·신규 수혜가 아님. 후보끼리 합산하지 않음.,2.43,2.43,411.47,2.18,2.18,368.66
CG_00956,126.69817830000045,37.59512889999966,77.64,69.56,다사2955,0.06943479550550734,남동구,664.756,347,177.4,268.9,3.0,290.8,0.0,low,['인천창신초등학교'],1,97.21,664.756,347,source_allocation_v2_20260911,False,none,,1.600821,straight_500m,estimated,97.21,868.47,직선 500m 거주 아동 시나리오,2024년 6~11세 배분 추정에 인천 전체 연령인구 성장률 적용. 보행권·실제 이용자·신규 수혜가 아님. 후보끼리 합산하지 않음.,77.64,77.64,693.62,69.56,69.56,621.46
CG_00993,126.70042830000045,37.59962889999965,7.68,6.88,다사2955,0.1754047532614507,부평구,193.976,1260,864.7,3303.5,3.0,290.8,0.0,low,['인천창신초등학교'],1,9.62,193.976,1260,source_allocation_v2_20260911,False,none,,1.600821,straight_500m,estimated,9.62,253.42,직선 500m 거주 아동 시나리오,2024년 6~11세 배분 추정에 인천 전체 연령인구 성장률 적용. 보행권·실제 이용자·신규 수혜가 아님. 후보끼리 합산하지 않음.,7.68,7.68,202.4,6.88,6.88,181.34
CG_00429,126.66217830000039,37.4263789,16.17,14.49,다사2536,0.0,연수구,245.864,1158,1495.5,1837.4,2.0,224.0,0.0,medium,['인천송도초등학교'],1,20.25,245.864,1158,source_allocation_v2_20260911,True,planned,500m 내 재개발 1건: planned(75m),0.491584,straight_500m,estimated,20.25,321.21,직선 500m 거주 아동 시나리오,2024년 6~11세 배분 추정에 인천 전체 연령인구 성장률 적용. 보행권·실제 이용자·신규 수혜가 아님. 후보끼리 합산하지 않음.,16.17,16.17,256.54,14.49,14.49,229.85
CG_00410,126.65992830000039,37.4241289,5.48,4.91,다사2536,0.018396278140552644,연수구,163.434,1304,1100.4,1442.3,2.0,224.0,0.0,medium,['인천송도초등학교'],1,6.86,163.434,1304,source_allocation_v2_20260911,True,planned,500m 내 재개발 1건: planned(311m),0.491584,straight_500m,estimated,6.86,213.52,직선 500m 거주 아동 시나리오,2024년 6~11세 배분 추정에 인천 전체 연령인구 성장률 적용. 보행권·실제 이용자·신규 수혜가 아님. 후보끼리 합산하지 않음.,5.48,5.48,170.53,4.91,4.91,152.79
CG_00411,126.65992830000039,37.4263789,6.57,5.89,다사2536,0.0020140551418998294,연수구,230.644,1189,1115.0,1456.9,2.0,224.0,0.0,medium,['인천송도초등학교'],1,8.23,230.644,1189,source_allocation_v2_20260911,True,planned,500m 내 재개발 1건: planned(135m),0.491584,straight_500m,estimated,8.23,301.33,직선 500m 거주 아동 시나리오,2024년 6~11세 배분 추정에 인천 전체 연령인구 성장률 적용. 보행권·실제 이용자·신규 수혜가 아님. 후보끼리 합산하지 않음.,6.57,6.57,240.66,5.89,5.89,215.62
CG_00337,126.65317830000038,37.4286289,12.5,11.2,다사2536,0.015138431427400165,미추홀구,322.62199999999996,1013,845.6,1584.2,2.0,224.0,0.0,medium,['인천송도초등학교'],1,15.65,322.62199999999996,1013,source_allocation_v2_20260911,True,unknown,500m 내 재개발 1건: unknown(155m),0.491584,straight_500m,estimated,15.65,421.49,직선 500m 거주 아동 시나리오,2024년 6~11세 배분 추정에 인천 전체 연령인구 성장률 적용. 보행권·실제 이용자·신규 수혜가 아님. 후보끼리 합산하지 않음.,12.5,12.5,336.63,11.2,11.2,301.61
CG_00440,126.6644283000004,37.4263789,28.49,25.52,다사2636,1.0,미추홀구,289.908,1075,822.1,2630.6,2.0,224.0,0.0,medium,['인천송도초등학교'],1,35.67,289.908,1075,source_allocation_v2_20260911,True,planned,500m 내 재개발 1건: planned(269m),0.491584,straight_500m,estimated,35.67,378.75,직선 500m 거주 아동 시나리오,2024년 6~11세 배분 추정에 인천 전체 연령인구 성장률 적용. 보행권·실제 이용자·신규 수혜가 아님. 후보끼리 합산하지 않음.,28.49,28.49,302.5,25.52,25.52,271.02
CG_00430,126.66217830000039,37.4286289,31.65,28.36,다사2536,0.025140685268719702,연수구,224.67399999999998,1203,965.8,1307.7,2.0,224.0,0.0,medium,['인천송도초등학교'],1,39.63,224.67399999999998,1203,source_allocation_v2_20260911,True,planned,500m 내 재개발 1건: planned(228m),0.491584,straight_500m,estimated,39.63,293.52,직선 500m 거주 아동 시나리오,2024년 6~11세 배분 추정에 인천 전체 연령인구 성장률 적용. 보행권·실제 이용자·신규 수혜가 아님. 후보끼리 합산하지 않음.,31.65,31.65,234.43,28.36,28.36,210.04
CG_00367,126.65542830000038,37.4286289,5.69,5.09,다사2536,0.024061980930877195,미추홀구,214.064,1223,1196.2,1783.7,2.0,224.0,0.0,medium,['인천송도초등학교'],1,7.12,214.064,1223,source_allocation_v2_20260911,True,unknown,500m 내 재개발 1건: unknown(178m),0.491584,straight_500m,estimated,7.12,279.67,직선 500m 거주 아동 시나리오,2024년 6~11세 배분 추정에 인천 전체 연령인구 성장률 적용. 보행권·실제 이용자·신규 수혜가 아님. 후보끼리 합산하지 않음.,5.69,5.69,223.36,5.09,5.09,200.12
CG_00412,126.65992830000039,37.4286289,3.27,2.93,다사2536,0.012123112080897207,연수구,203.57,1245,112.8,377.5,2.0,224.0,0.0,medium,['인천송도초등학교'],1,4.1,203.57,1245,source_allocation_v2_20260911,True,planned,500m 내 재개발 1건: planned(254m),0.491584,straight_500m,estimated,4.1,265.96,직선 500m 거주 아동 시나리오,2024년 6~11세 배분 추정에 인천 전체 연령인구 성장률 적용. 보행권·실제 이용자·신규 수혜가 아님. 후보끼리 합산하지 않음.,3.27,3.27,212.41,2.93,2.93,190.31
CG_00394,126.65767830000038,37.4286289,0.71,0.64,다사2536,0.011308012776315546,미추홀구,182.84,1276,402.2,2730.4,2.0,224.0,0.0,medium,['인천송도초등학교'],1,0.89,182.84,1276,source_allocation_v2_20260911,True,planned,"500m 내 재개발 2건: planned(395m), unknown(344m)",0.491584,straight_500m,estimated,0.89,238.87,직선 500m 거주 아동 시나리오,2024년 6~11세 배분 추정에 인천 전체 연령인구 성장률 적용. 보행권·실제 이용자·신규 수혜가 아님. 후보끼리 합산하지 않음.,0.71,0.71,190.78,0.64,0.64,170.93
CG_01607,126.74317830000052,37.55462889999972,33.29,29.83,다사3350,0.11556232486772945,계양구,265.654,1121,141.5,12957.4,2.0,230.0,0.0,low,"[""['인천소양초등학교' '인천양촌초등학교']""]",2,41.68,265.654,1121,source_allocation_v2_20260911,True,planned,500m 내 재개발 1건: planned(338m),1.08397,straight_500m,estimated,41.68,347.06,직선 500m 거주 아동 시나리오,2024년 6~11세 배분 추정에 인천 전체 연령인구 성장률 적용. 보행권·실제 이용자·신규 수혜가 아님. 후보끼리 합산하지 않음.,33.29,33.29,277.19,29.83,29.83,248.35
CG_01622,126.74542830000053,37.55462889999972,33.15,29.7,다사3350,0.09935924979117325,남동구,262.106,1130,521.3,1018.7,2.0,230.0,0.0,low,"[""['인천소양초등학교' '인천양촌초등학교']""]",2,41.51,262.106,1130,source_allocation_v2_20260911,True,planned,500m 내 재개발 1건: planned(446m),1.08397,straight_500m,estimated,41.51,342.43,직선 500m 거주 아동 시나리오,2024년 6~11세 배분 추정에 인천 전체 연령인구 성장률 적용. 보행권·실제 이용자·신규 수혜가 아님. 후보끼리 합산하지 않음.,33.15,33.15,273.49,29.7,29.7,245.03
CG_00533,126.6689283000004,37.54337889999974,16.26,14.57,다사2649,0.0770737428591597,연수구,187.91,1266,575.1,797.2,4.0,137.65,0.0,low,"[""['인천서곶초등학교' '인천양지초등학교']""]",2,20.36,187.91,1266,source_allocation_v2_20260911,False,none,,8.412043,straight_500m,estimated,20.36,245.49,직선 500m 거주 아동 시나리오,2024년 6~11세 배분 추정에 인천 전체 연령인구 성장률 적용. 보행권·실제 이용자·신규 수혜가 아님. 후보끼리 합산하지 않음.,16.26,16.26,196.07,14.57,14.57,175.67
CG_01625,126.74542830000053,37.5658788999997,44.68,40.03,다사3352,0.6683537806499387,남동구,272.62,1105,598.3,1052.9,3.0,134.7,0.0,low,['인천귤현초등학교'],1,55.94,272.62,1105,source_allocation_v2_20260911,False,none,,2.917328,straight_500m,estimated,55.94,356.16,직선 500m 거주 아동 시나리오,2024년 6~11세 배분 추정에 인천 전체 연령인구 성장률 적용. 보행권·실제 이용자·신규 수혜가 아님. 후보끼리 합산하지 않음.,44.68,44.68,284.46,40.03,40.03,254.86
CG_01641,126.74767830000053,37.570378899999696,42.16,37.78,다사3352,0.0,,344.08,956,,,3.0,134.7,0.0,low,['인천귤현초등학교'],1,52.79,344.08,956,source_allocation_v2_20260911,False,none,,2.917328,straight_500m,estimated,52.79,449.52,직선 500m 거주 아동 시나리오,2024년 6~11세 배분 추정에 인천 전체 연령인구 성장률 적용. 보행권·실제 이용자·신규 수혜가 아님. 후보끼리 합산하지 않음.,42.16,42.16,359.02,37.78,37.78,321.67
CG_01652,126.74992830000053,37.570378899999696,47.11,42.21,다사3352,0.0,,314.63,1035,,,3.0,134.7,0.0,low,['인천귤현초등학교'],1,58.99,314.63,1035,source_allocation_v2_20260911,False,none,,2.917328,straight_500m,estimated,58.99,411.05,직선 500m 거주 아동 시나리오,2024년 6~11세 배분 추정에 인천 전체 연령인구 성장률 적용. 보행권·실제 이용자·신규 수혜가 아님. 후보끼리 합산하지 않음.,47.11,47.11,328.29,42.21,42.21,294.14
CG_01626,126.74542830000053,37.5681288999997,31.8,28.49,다사3352,0.31762339913498594,남동구,360.544,918,380.7,835.3,3.0,134.7,0.0,low,['인천귤현초등학교'],1,39.82,360.544,918,source_allocation_v2_20260911,False,none,,2.917328,straight_500m,estimated,39.82,471.03,직선 500m 거주 아동 시나리오,2024년 6~11세 배분 추정에 인천 전체 연령인구 성장률 적용. 보행권·실제 이용자·신규 수혜가 아님. 후보끼리 합산하지 않음.,31.8,31.8,376.2,28.49,28.49,337.06
CG_01627,126.74542830000053,37.570378899999696,11.6,10.39,다사3352,0.01402282021507548,남동구,251.096,1148,522.3,1090.4,3.0,134.7,0.0,low,['인천귤현초등학교'],1,14.52,251.096,1148,source_allocation_v2_20260911,False,none,,2.917328,straight_500m,estimated,14.52,328.04,직선 500m 거주 아동 시나리오,2024년 6~11세 배분 추정에 인천 전체 연령인구 성장률 적용. 보행권·실제 이용자·신규 수혜가 아님. 후보끼리 합산하지 않음.,11.6,11.6,262.0,10.39,10.39,234.74
CG_01651,126.74992830000053,37.5681288999997,86.39,77.4,다사3352,0.0,,,,,,3.0,134.7,0.0,low,['인천귤현초등학교'],1,108.17,,,source_allocation_v2_20260911,False,none,,2.917328,straight_500m,missing_age_observations,108.17,,직선 500m 거주 아동 시나리오,2024년 6~11세 배분 추정에 인천 전체 연령인구 성장률 적용. 보행권·실제 이용자·신규 수혜가 아님. 후보끼리 합산하지 않음.,86.39,86.39,,77.4,77.4,
CG_01650,126.74992830000053,37.5658788999997,45.09,40.4,다사3352,0.0,,,,,,3.0,134.7,0.0,low,['인천귤현초등학교'],1,56.46,,,source_allocation_v2_20260911,False,none,,2.917328,straight_500m,missing_age_observations,56.46,,직선 500m 거주 아동 시나리오,2024년 6~11세 배분 추정에 인천 전체 연령인구 성장률 적용. 보행권·실제 이용자·신규 수혜가 아님. 후보끼리 합산하지 않음.,45.09,45.09,,40.4,40.4,
CG_01639,126.74767830000053,37.5658788999997,43.42,38.91,다사3352,0.0,,394.11400000000003,851,,,3.0,134.7,0.0,low,['인천귤현초등학교'],1,54.37,394.11400000000003,851,source_allocation_v2_20260911,False,none,,2.917328,straight_500m,estimated,54.37,514.89,직선 500m 거주 아동 시나리오,2024년 6~11세 배분 추정에 인천 전체 연령인구 성장률 적용. 보행권·실제 이용자·신규 수혜가 아님. 후보끼리 합산하지 않음.,43.42,43.42,411.23,38.91,38.91,368.44
CG_01240,126.71842830000048,37.4308789,34.97,31.33,다사3037,0.03280707685700025,부평구,214.88799999999998,1222,472.3,4156.5,3.0,148.9,0.0,low,['인천남촌초등학교'],1,43.78,214.88799999999998,1222,source_allocation_v2_20260911,True,unknown,500m 내 재개발 1건: unknown(500m),1.58317,straight_500m,estimated,43.78,280.74,직선 500m 거주 아동 시나리오,2024년 6~11세 배분 추정에 인천 전체 연령인구 성장률 적용. 보행권·실제 이용자·신규 수혜가 아님. 후보끼리 합산하지 않음.,34.97,34.97,224.22,31.33,31.33,200.89
CG_01207,126.71617830000048,37.4308789,40.46,36.25,다사3037,0.17243817254228236,부평구,234.788,1180,738.7,2850.7,3.0,148.9,0.0,low,['인천남촌초등학교'],1,50.66,234.788,1180,source_allocation_v2_20260911,True,unknown,500m 내 재개발 1건: unknown(377m),1.58317,straight_500m,estimated,50.66,306.74,직선 500m 거주 아동 시나리오,2024년 6~11세 배분 추정에 인천 전체 연령인구 성장률 적용. 보행권·실제 이용자·신규 수혜가 아님. 후보끼리 합산하지 않음.,40.46,40.46,244.98,36.25,36.25,219.5
CG_01241,126.71842830000048,37.4331289,11.63,10.42,다사3037,0.0865270264779969,부평구,163.014,1307,721.0,4266.1,3.0,148.9,0.0,low,['인천남촌초등학교'],1,14.56,163.014,1307,source_allocation_v2_20260911,False,none,,1.58317,straight_500m,estimated,14.56,212.97,직선 500m 거주 아동 시나리오,2024년 6~11세 배분 추정에 인천 전체 연령인구 성장률 적용. 보행권·실제 이용자·신규 수혜가 아님. 후보끼리 합산하지 않음.,11.63,11.63,170.09,10.42,10.42,152.4
CG_01239,126.71842830000048,37.4286289,13.39,12.0,다사3036,0.05026409976913047,부평구,200.73399999999998,1248,254.5,3953.3,3.0,148.9,0.0,low,['인천남촌초등학교'],1,16.77,200.73399999999998,1248,source_allocation_v2_20260911,True,unknown,500m 내 재개발 1건: unknown(379m),1.58317,straight_500m,estimated,16.77,262.25,직선 500m 거주 아동 시나리오,2024년 6~11세 배분 추정에 인천 전체 연령인구 성장률 적용. 보행권·실제 이용자·신규 수혜가 아님. 후보끼리 합산하지 않음.,13.39,13.39,209.45,12.0,12.0,187.66
CG_01101,126.70942830000047,37.4331289,0.07,0.06,다사3037,0.13287563699258245,서구,37.67400000000001,1420,0.0,15316.6,3.0,148.9,0.0,low,['인천남촌초등학교'],1,0.09,37.67400000000001,1420,source_allocation_v2_20260911,False,none,,1.58317,straight_500m,estimated,0.09,49.22,직선 500m 거주 아동 시나리오,2024년 6~11세 배분 추정에 인천 전체 연령인구 성장률 적용. 보행권·실제 이용자·신규 수혜가 아님. 후보끼리 합산하지 않음.,0.07,0.07,39.31,0.06,0.06,35.22
CG_01208,126.71617830000048,37.4331289,16.81,15.06,다사3037,0.13139234390054208,부평구,192.07999999999998,1262,604.5,3204.9,3.0,148.9,0.0,low,['인천남촌초등학교'],1,21.05,192.07999999999998,1262,source_allocation_v2_20260911,False,none,,1.58317,straight_500m,estimated,21.05,250.94,직선 500m 거주 아동 시나리오,2024년 6~11세 배분 추정에 인천 전체 연령인구 성장률 적용. 보행권·실제 이용자·신규 수혜가 아님. 후보끼리 합산하지 않음.,16.81,16.81,200.42,15.06,15.06,179.57
CG_01206,126.71617830000048,37.4286289,42.57,38.14,다사3036,0.13882017992472453,부평구,222.16199999999998,1211,811.7,2784.8,3.0,148.9,0.0,low,['인천남촌초등학교'],1,53.3,222.16199999999998,1211,source_allocation_v2_20260911,True,unknown,500m 내 재개발 1건: unknown(191m),1.58317,straight_500m,estimated,53.3,290.24,직선 500m 거주 아동 시나리오,2024년 6~11세 배분 추정에 인천 전체 연령인구 성장률 적용. 보행권·실제 이용자·신규 수혜가 아님. 후보끼리 합산하지 않음.,42.57,42.57,231.81,38.14,38.14,207.69
CG_01205,126.71617830000048,37.4263789,4.99,4.47,다사3036,0.0168985864920624,남동구,135.486,1335,0.0,416.4,3.0,148.9,0.0,low,['인천남촌초등학교'],1,6.25,135.486,1335,source_allocation_v2_20260911,True,unknown,500m 내 재개발 1건: unknown(235m),1.58317,straight_500m,estimated,6.25,177.01,직선 500m 거주 아동 시나리오,2024년 6~11세 배분 추정에 인천 전체 연령인구 성장률 적용. 보행권·실제 이용자·신규 수혜가 아님. 후보끼리 합산하지 않음.,4.99,4.99,141.37,4.47,4.47,126.66
CG_01145,126.71167830000047,37.4286289,,,다사3036,0.20257500227564584,계양구,138.66000000000003,1332,326.3,7798.8,3.0,148.9,0.0,low,['인천남촌초등학교'],1,,138.66000000000003,1332,source_allocation_v2_20260911,True,unknown,500m 내 재개발 1건: unknown(244m),1.58317,straight_500m,estimated,,181.15,직선 500m 거주 아동 시나리오,2024년 6~11세 배분 추정에 인천 전체 연령인구 성장률 적용. 보행권·실제 이용자·신규 수혜가 아님. 후보끼리 합산하지 않음.,,,144.68,,,129.63
CG_01144,126.71167830000047,37.4263789,,,다사3036,0.21776662854470724,계양구,66.846,1402,211.0,7709.7,3.0,148.9,0.0,low,['인천남촌초등학교'],1,,66.846,1402,source_allocation_v2_20260911,True,unknown,500m 내 재개발 1건: unknown(280m),1.58317,straight_500m,estimated,,87.33,직선 500m 거주 아동 시나리오,2024년 6~11세 배분 추정에 인천 전체 연령인구 성장률 적용. 보행권·실제 이용자·신규 수혜가 아님. 후보끼리 합산하지 않음.,,,69.75,,,62.49
CG_01146,126.71167830000047,37.4308789,4.61,4.13,다사3037,0.07502655344933662,계양구,156.05,1317,764.8,8258.7,3.0,148.9,0.0,low,['인천남촌초등학교'],1,5.77,156.05,1317,source_allocation_v2_20260911,True,unknown,500m 내 재개발 1건: unknown(407m),1.58317,straight_500m,estimated,5.77,203.87,직선 500m 거주 아동 시나리오,2024년 6~11세 배분 추정에 인천 전체 연령인구 성장률 적용. 보행권·실제 이용자·신규 수혜가 아님. 후보끼리 합산하지 않음.,4.61,4.61,162.83,4.13,4.13,145.88
CG_01182,126.71392830000048,37.4308789,27.88,24.98,다사3037,0.10274320347777635,계양구,235.3,1177,215.5,7709.4,3.0,148.9,0.0,low,['인천남촌초등학교'],1,34.91,235.3,1177,source_allocation_v2_20260911,True,unknown,500m 내 재개발 1건: unknown(338m),1.58317,straight_500m,estimated,34.91,307.41,직선 500m 거주 아동 시나리오,2024년 6~11세 배분 추정에 인천 전체 연령인구 성장률 적용. 보행권·실제 이용자·신규 수혜가 아님. 후보끼리 합산하지 않음.,27.88,27.88,245.52,24.98,24.98,219.97
CG_01181,126.71392830000048,37.4286289,19.78,17.72,다사3036,0.3022016717814645,계양구,212.432,1227,373.7,7569.9,3.0,148.9,0.0,low,['인천남촌초등학교'],1,24.76,212.432,1227,source_allocation_v2_20260911,True,unknown,500m 내 재개발 1건: unknown(92m),1.58317,straight_500m,estimated,24.76,277.53,직선 500m 거주 아동 시나리오,2024년 6~11세 배분 추정에 인천 전체 연령인구 성장률 적용. 보행권·실제 이용자·신규 수혜가 아님. 후보끼리 합산하지 않음.,19.78,19.78,221.66,17.72,17.72,198.59
CG_01180,126.71392830000048,37.4263789,11.88,10.65,다사3036,9.558918191010185e-05,계양구,108.908,1369,809.9,7248.1,3.0,148.9,0.0,low,['인천남촌초등학교'],1,14.88,108.908,1369,source_allocation_v2_20260911,True,unknown,500m 내 재개발 1건: unknown(165m),1.58317,straight_500m,estimated,14.88,142.28,직선 500m 거주 아동 시나리오,2024년 6~11세 배분 추정에 인천 전체 연령인구 성장률 적용. 보행권·실제 이용자·신규 수혜가 아님. 후보끼리 합산하지 않음.,11.88,11.88,113.64,10.65,10.65,101.81
CG_01147,126.71167830000047,37.4331289,1.57,1.4,다사3037,0.07618968159076928,계양구,91.63,1387,669.2,8305.3,3.0,148.9,0.0,low,['인천남촌초등학교'],1,1.96,91.63,1387,source_allocation_v2_20260911,False,none,,1.58317,straight_500m,estimated,1.96,119.71,직선 500m 거주 아동 시나리오,2024년 6~11세 배분 추정에 인천 전체 연령인구 성장률 적용. 보행권·실제 이용자·신규 수혜가 아님. 후보끼리 합산하지 않음.,1.57,1.57,95.61,1.4,1.4,85.66
CG_01183,126.71392830000048,37.4331289,17.63,15.8,다사3037,0.04865186831810743,계양구,161.382,1309,523.8,8017.7,3.0,148.9,0.0,low,['인천남촌초등학교'],1,22.08,161.382,1309,source_allocation_v2_20260911,False,none,,1.58317,straight_500m,estimated,22.08,210.84,직선 500m 거주 아동 시나리오,2024년 6~11세 배분 추정에 인천 전체 연령인구 성장률 적용. 보행권·실제 이용자·신규 수혜가 아님. 후보끼리 합산하지 않음.,17.63,17.63,168.39,15.8,15.8,150.87
CG_01099,126.70942830000047,37.4286289,,,다사3036,0.07137824203035481,계양구,48.082,1414,0.0,8321.9,3.0,148.9,0.0,low,['인천남촌초등학교'],1,,48.082,1414,source_allocation_v2_20260911,True,unknown,500m 내 재개발 1건: unknown(436m),1.58317,straight_500m,estimated,,62.82,직선 500m 거주 아동 시나리오,2024년 6~11세 배분 추정에 인천 전체 연령인구 성장률 적용. 보행권·실제 이용자·신규 수혜가 아님. 후보끼리 합산하지 않음.,,,50.17,,,44.95
CG_01100,126.70942830000047,37.4308789,,,다사3037,0.14134843639360628,서구,51.007999999999996,1412,230.5,14947.4,3.0,148.9,0.0,low,['인천남촌초등학교'],1,,51.007999999999996,1412,source_allocation_v2_20260911,False,none,,1.58317,straight_500m,estimated,,66.64,직선 500m 거주 아동 시나리오,2024년 6~11세 배분 추정에 인천 전체 연령인구 성장률 적용. 보행권·실제 이용자·신규 수혜가 아님. 후보끼리 합산하지 않음.,,,53.22,,,47.69
CG_00965,126.70042830000045,37.442128899999894,,,다사2938,0.0213124563282419,부평구,197.57,1254,301.2,4537.9,4.0,346.7,0.0,low,['인천승학초등학교'],1,,197.57,1254,source_allocation_v2_20260911,False,none,,13.334573,straight_500m,estimated,,258.11,직선 500m 거주 아동 시나리오,2024년 6~11세 배분 추정에 인천 전체 연령인구 성장률 적용. 보행권·실제 이용자·신규 수혜가 아님. 후보끼리 합산하지 않음.,,,206.15,,,184.7
CG_00874,126.69367830000044,37.442128899999894,33.05,29.61,다사2838,0.14416188312959988,미추홀구,313.71599999999995,1036,127.3,582.4,4.0,346.7,0.0,low,['인천승학초등학교'],1,41.38,313.71599999999995,1036,source_allocation_v2_20260911,False,none,,13.334573,straight_500m,estimated,41.38,409.85,직선 500m 거주 아동 시나리오,2024년 6~11세 배분 추정에 인천 전체 연령인구 성장률 적용. 보행권·실제 이용자·신규 수혜가 아님. 후보끼리 합산하지 않음.,33.05,33.05,327.34,29.61,29.61,293.28
CG_00932,126.69817830000045,37.442128899999894,35.63,31.92,다사2938,0.03261064693216028,남동구,282.714,1088,299.6,299.6,4.0,346.7,0.0,low,['인천승학초등학교'],1,44.61,282.714,1088,source_allocation_v2_20260911,False,none,,13.334573,straight_500m,estimated,44.61,369.35,직선 500m 거주 아동 시나리오,2024년 6~11세 배분 추정에 인천 전체 연령인구 성장률 적용. 보행권·실제 이용자·신규 수혜가 아님. 후보끼리 합산하지 않음.,35.63,35.63,294.99,31.92,31.92,264.3
CG_00964,126.70042830000045,37.4398788999999,,,다사2938,0.10018948122191862,부평구,110.19200000000001,1365,726.4,3779.0,4.0,346.7,0.0,low,['인천승학초등학교'],1,,110.19200000000001,1365,source_allocation_v2_20260911,False,none,,13.334573,straight_500m,estimated,,143.96,직선 500m 거주 아동 시나리오,2024년 6~11세 배분 추정에 인천 전체 연령인구 성장률 적용. 보행권·실제 이용자·신규 수혜가 아님. 후보끼리 합산하지 않음.,,,114.98,,,103.01
CG_00897,126.69592830000045,37.442128899999894,72.96,65.37,다사2838,0.036801040961601285,연수구,307.882,1054,144.3,630.0,4.0,346.7,0.0,low,['인천승학초등학교'],1,91.35,307.882,1054,source_allocation_v2_20260911,False,none,,13.334573,straight_500m,estimated,91.35,402.23,직선 500m 거주 아동 시나리오,2024년 6~11세 배분 추정에 인천 전체 연령인구 성장률 적용. 보행권·실제 이용자·신규 수혜가 아님. 후보끼리 합산하지 않음.,72.96,72.96,321.25,65.37,65.37,287.83
CG_00873,126.69367830000044,37.4398788999999,15.68,14.05,다사2838,0.03676169779306722,미추홀구,220.332,1212,292.4,703.4,4.0,346.7,0.0,low,['인천승학초등학교'],1,19.63,220.332,1212,source_allocation_v2_20260911,False,none,,13.334573,straight_500m,estimated,19.63,287.85,직선 500m 거주 아동 시나리오,2024년 6~11세 배분 추정에 인천 전체 연령인구 성장률 적용. 보행권·실제 이용자·신규 수혜가 아님. 후보끼리 합산하지 않음.,15.68,15.68,229.9,14.05,14.05,205.98
CG_01549,126.73867830000052,37.45112889999988,21.92,19.64,다사3239,0.11517055171744438,부평구,187.566,1269,72.7,7294.9,2.0,602.6,0.0,high,['인천장수초등학교'],1,27.44,187.566,1269,source_allocation_v2_20260911,False,none,,0.930519,straight_500m,estimated,27.44,245.05,직선 500m 거주 아동 시나리오,2024년 6~11세 배분 추정에 인천 전체 연령인구 성장률 적용. 보행권·실제 이용자·신규 수혜가 아님. 후보끼리 합산하지 않음.,21.92,21.92,195.71,19.64,19.64,175.35
CG_01574,126.74092830000052,37.45112889999988,14.66,13.13,다사3239,0.000270972305960007,계양구,109.964,1367,211.8,8047.1,2.0,602.6,0.0,high,['인천장수초등학교'],1,18.35,109.964,1367,source_allocation_v2_20260911,False,none,,0.930519,straight_500m,estimated,18.35,143.66,직선 500m 거주 아동 시나리오,2024년 6~11세 배분 추정에 인천 전체 연령인구 성장률 적용. 보행권·실제 이용자·신규 수혜가 아님. 후보끼리 합산하지 않음.,14.66,14.66,114.74,13.13,13.13,102.8
CG_01573,126.74092830000052,37.44887889999988,17.91,16.04,다사3239,0.1061765997966911,부평구,154.836,1319,46.9,7721.2,2.0,602.6,0.0,high,['인천장수초등학교'],1,22.42,154.836,1319,source_allocation_v2_20260911,False,none,,0.930519,straight_500m,estimated,22.42,202.29,직선 500m 거주 아동 시나리오,2024년 6~11세 배분 추정에 인천 전체 연령인구 성장률 적용. 보행권·실제 이용자·신규 수혜가 아님. 후보끼리 합산하지 않음.,17.91,17.91,161.56,16.04,16.04,144.75
CG_01548,126.73867830000052,37.44887889999988,20.61,18.46,다사3239,0.10655931136295832,부평구,222.25799999999998,1209,134.5,7167.4,2.0,602.6,0.0,high,['인천장수초등학교'],1,25.8,222.25799999999998,1209,source_allocation_v2_20260911,False,none,,0.930519,straight_500m,estimated,25.8,290.37,직선 500m 거주 아동 시나리오,2024년 6~11세 배분 추정에 인천 전체 연령인구 성장률 적용. 보행권·실제 이용자·신규 수혜가 아님. 후보끼리 합산하지 않음.,20.61,20.61,231.91,18.46,18.46,207.78
CG_00397,126.65767830000038,37.45112889999988,4.8,4.3,다사2539,0.038730162016056134,미추홀구,109.626,1368,876.7,2064.0,2.0,784.3,0.0,high,['인천학익초등학교'],1,6.01,109.626,1368,source_allocation_v2_20260911,False,none,,0.852682,straight_500m,estimated,6.01,143.22,직선 500m 거주 아동 시나리오,2024년 6~11세 배분 추정에 인천 전체 연령인구 성장률 적용. 보행권·실제 이용자·신규 수혜가 아님. 후보끼리 합산하지 않음.,4.8,4.8,114.39,4.3,4.3,102.48
CG_00544,126.6689283000004,37.60862889999964,16.6,14.88,다사2656,0.1439657079528063,미추홀구,226.236,1198,422.5,3002.4,3.0,90.0,0.0,low,['인천검단초등학교'],1,20.79,226.236,1198,source_allocation_v2_20260911,False,none,,2.671418,straight_500m,estimated,20.79,295.57,직선 500m 거주 아동 시나리오,2024년 6~11세 배분 추정에 인천 전체 연령인구 성장률 적용. 보행권·실제 이용자·신규 수혜가 아님. 후보끼리 합산하지 않음.,16.6,16.6,236.06,14.88,14.88,211.5
CG_00593,126.6711783000004,37.60637889999964,8.11,7.26,다사2656,0.26381011881335137,서구,98.146,1380,555.2,4666.3,3.0,90.0,0.0,low,['인천검단초등학교'],1,10.15,98.146,1380,source_allocation_v2_20260911,False,none,,2.671418,straight_500m,estimated,10.15,128.22,직선 500m 거주 아동 시나리오,2024년 6~11세 배분 추정에 인천 전체 연령인구 성장률 적용. 보행권·실제 이용자·신규 수혜가 아님. 후보끼리 합산하지 않음.,8.11,8.11,102.41,7.26,7.26,91.75
CG_00497,126.6666783000004,37.60637889999964,1.27,1.14,다사2656,0.030794560764389245,서구,223.19799999999998,1207,659.0,17285.2,3.0,90.0,0.0,low,['인천검단초등학교'],1,1.59,223.19799999999998,1207,source_allocation_v2_20260911,False,none,,2.671418,straight_500m,estimated,1.59,291.6,직선 500m 거주 아동 시나리오,2024년 6~11세 배분 추정에 인천 전체 연령인구 성장률 적용. 보행권·실제 이용자·신규 수혜가 아님. 후보끼리 합산하지 않음.,1.27,1.27,232.89,1.14,1.14,208.66
CG_00543,126.6689283000004,37.60637889999964,0.29,0.26,다사2656,0.1806489359538378,미추홀구,124.304,1353,382.1,3225.2,3.0,90.0,0.0,low,['인천검단초등학교'],1,0.36,124.304,1353,source_allocation_v2_20260911,False,none,,2.671418,straight_500m,estimated,0.36,162.4,직선 500m 거주 아동 시나리오,2024년 6~11세 배분 추정에 인천 전체 연령인구 성장률 적용. 보행권·실제 이용자·신규 수혜가 아님. 후보끼리 합산하지 않음.,0.29,0.29,129.7,0.26,0.26,116.21
CG_00462,126.6644283000004,37.60862889999964,18.03,16.15,다사2656,0.048155259177575266,서구,320.586,1018,317.2,6918.2,3.0,90.0,0.0,low,['인천검단초등학교'],1,22.57,320.586,1018,source_allocation_v2_20260911,False,none,,2.671418,straight_500m,estimated,22.57,418.83,직선 500m 거주 아동 시나리오,2024년 6~11세 배분 추정에 인천 전체 연령인구 성장률 적용. 보행권·실제 이용자·신규 수혜가 아님. 후보끼리 합산하지 않음.,18.03,18.03,334.51,16.15,16.15,299.7
CG_00641,126.67342830000041,37.61087889999963,12.2,10.93,다사2757,1.0,서구,135.35399999999998,1337,831.9,4797.7,3.0,90.0,0.0,low,['인천검단초등학교'],1,15.27,135.35399999999998,1337,source_allocation_v2_20260911,False,none,,2.671418,straight_500m,estimated,15.27,176.83,직선 500m 거주 아동 시나리오,2024년 6~11세 배분 추정에 인천 전체 연령인구 성장률 적용. 보행권·실제 이용자·신규 수혜가 아님. 후보끼리 합산하지 않음.,12.2,12.2,141.23,10.93,10.93,126.54
CG_00594,126.6711783000004,37.60862889999964,3.11,2.79,다사2656,0.16454144581461208,서구,191.06400000000002,1263,953.0,5013.8,3.0,90.0,0.0,low,['인천검단초등학교'],1,3.9,191.06400000000002,1263,source_allocation_v2_20260911,False,none,,2.671418,straight_500m,estimated,3.9,249.62,직선 500m 거주 아동 시나리오,2024년 6~11세 배분 추정에 인천 전체 연령인구 성장률 적용. 보행권·실제 이용자·신규 수혜가 아님. 후보끼리 합산하지 않음.,3.11,3.11,199.36,2.79,2.79,178.62
CG_00595,126.6711783000004,37.61087889999963,43.13,38.64,다사2657,0.23562318647754216,서구,201.70999999999998,1246,765.6,5199.7,3.0,90.0,0.0,low,['인천검단초등학교'],1,54.0,201.70999999999998,1246,source_allocation_v2_20260911,False,none,,2.671418,straight_500m,estimated,54.0,263.52,직선 500m 거주 아동 시나리오,2024년 6~11세 배분 추정에 인천 전체 연령인구 성장률 적용. 보행권·실제 이용자·신규 수혜가 아님. 후보끼리 합산하지 않음.,43.13,43.13,210.47,38.64,38.64,188.57
CG_00640,126.67342830000041,37.60862889999964,7.08,6.35,다사2756,1.0,서구,129.334,1346,718.3,4545.3,3.0,90.0,0.0,low,['인천검단초등학교'],1,8.87,129.334,1346,source_allocation_v2_20260911,False,none,,2.671418,straight_500m,estimated,8.87,168.97,직선 500m 거주 아동 시나리오,2024년 6~11세 배분 추정에 인천 전체 연령인구 성장률 적용. 보행권·실제 이용자·신규 수혜가 아님. 후보끼리 합산하지 않음.,7.08,7.08,134.95,6.35,6.35,120.91
CG_00498,126.6666783000004,37.60862889999964,14.26,12.77,다사2656,0.1680839715234279,서구,239.844,1170,291.8,17949.9,3.0,90.0,0.0,low,['인천검단초등학교'],1,17.85,239.844,1170,source_allocation_v2_20260911,False,none,,2.671418,straight_500m,estimated,17.85,313.34,직선 500m 거주 아동 시나리오,2024년 6~11세 배분 추정에 인천 전체 연령인구 성장률 적용. 보행권·실제 이용자·신규 수혜가 아님. 후보끼리 합산하지 않음.,14.26,14.26,250.26,12.77,12.77,224.22
CG_00499,126.6666783000004,37.61087889999963,43.65,39.11,다사2657,0.0456239765235608,서구,280.51,1091,268.9,17833.1,3.0,90.0,0.0,low,['인천검단초등학교'],1,54.65,280.51,1091,source_allocation_v2_20260911,False,none,,2.671418,straight_500m,estimated,54.65,366.47,직선 500m 거주 아동 시나리오,2024년 6~11세 배분 추정에 인천 전체 연령인구 성장률 적용. 보행권·실제 이용자·신규 수혜가 아님. 후보끼리 합산하지 않음.,43.65,43.65,292.69,39.11,39.11,262.24
CG_00545,126.6689283000004,37.61087889999963,31.01,27.79,다사2657,0.3185236056844288,미추홀구,219.346,1215,552.3,2552.9,3.0,90.0,0.0,low,['인천검단초등학교'],1,38.83,219.346,1215,source_allocation_v2_20260911,False,none,,2.671418,straight_500m,estimated,38.83,286.56,직선 500m 거주 아동 시나리오,2024년 6~11세 배분 추정에 인천 전체 연령인구 성장률 적용. 보행권·실제 이용자·신규 수혜가 아님. 후보끼리 합산하지 않음.,31.01,31.01,228.87,27.79,27.79,205.06
CG_00379,126.65542830000038,37.55912889999971,8.11,7.26,다사2551,0.3486809446873441,연수구,400.62,841,158.4,4444.0,3.0,140.0,0.0,low,['인천경서초등학교'],1,10.15,400.62,841,source_allocation_v2_20260911,False,none,,2.743175,straight_500m,estimated,10.15,523.39,직선 500m 거주 아동 시나리오,2024년 6~11세 배분 추정에 인천 전체 연령인구 성장률 적용. 보행권·실제 이용자·신규 수혜가 아님. 후보끼리 합산하지 않음.,8.11,8.11,418.02,7.26,7.26,374.52
CG_00345,126.65317830000038,37.55687889999972,68.77,61.62,다사2551,0.12250225798157044,서구,442.332,746,578.0,16974.5,3.0,140.0,0.0,low,['인천경서초등학교'],1,86.11,442.332,746,source_allocation_v2_20260911,False,none,,2.743175,straight_500m,estimated,86.11,577.88,직선 500m 거주 아동 시나리오,2024년 6~11세 배분 추정에 인천 전체 연령인구 성장률 적용. 보행권·실제 이용자·신규 수혜가 아님. 후보끼리 합산하지 않음.,68.77,68.77,461.54,61.62,61.62,413.52
CG_00377,126.65542830000038,37.55462889999972,39.27,35.18,다사2550,0.2653844264639411,서구,269.516,1112,272.1,16575.6,3.0,140.0,0.0,low,['인천경서초등학교'],1,49.17,269.516,1112,source_allocation_v2_20260911,False,none,,2.743175,straight_500m,estimated,49.17,352.11,직선 500m 거주 아동 시나리오,2024년 6~11세 배분 추정에 인천 전체 연령인구 성장률 적용. 보행권·실제 이용자·신규 수혜가 아님. 후보끼리 합산하지 않음.,39.27,39.27,281.22,35.18,35.18,251.96
CG_00378,126.65542830000038,37.55687889999972,58.37,52.3,다사2551,0.09094524176099676,서구,413.56399999999996,810,0.0,16757.5,3.0,140.0,0.0,low,['인천경서초등학교'],1,73.09,413.56399999999996,810,source_allocation_v2_20260911,False,none,,2.743175,straight_500m,estimated,73.09,540.3,직선 500m 거주 아동 시나리오,2024년 6~11세 배분 추정에 인천 전체 연령인구 성장률 적용. 보행권·실제 이용자·신규 수혜가 아님. 후보끼리 합산하지 않음.,58.37,58.37,431.52,52.3,52.3,386.63
CG_00317,126.65092830000037,37.55912889999971,70.33,63.01,다사2551,0.28964532858229425,동구,368.72799999999995,896,284.4,1648.5,3.0,140.0,0.0,low,['인천경서초등학교'],1,88.06,368.72799999999995,896,source_allocation_v2_20260911,False,none,,2.743175,straight_500m,estimated,88.06,481.73,직선 500m 거주 아동 시나리오,2024년 6~11세 배분 추정에 인천 전체 연령인구 성장률 적용. 보행권·실제 이용자·신규 수혜가 아님. 후보끼리 합산하지 않음.,70.33,70.33,384.74,63.01,63.01,344.71
CG_00344,126.65317830000038,37.55462889999972,42.8,38.35,다사2550,0.39168721651353955,서구,,,315.1,16613.1,3.0,140.0,0.0,low,['인천경서초등학교'],1,53.59,,,source_allocation_v2_20260911,False,none,,2.743175,straight_500m,missing_age_observations,53.59,,직선 500m 거주 아동 시나리오,2024년 6~11세 배분 추정에 인천 전체 연령인구 성장률 적용. 보행권·실제 이용자·신규 수혜가 아님. 후보끼리 합산하지 않음.,42.8,42.8,,38.35,38.35,
CG_00315,126.65092830000037,37.55462889999972,6.1,5.47,다사2550,0.34292835702251934,동구,,,1138.6,1493.1,3.0,140.0,0.0,low,['인천경서초등학교'],1,7.64,,,source_allocation_v2_20260911,False,none,,2.743175,straight_500m,missing_age_observations,7.64,,직선 500m 거주 아동 시나리오,2024년 6~11세 배분 추정에 인천 전체 연령인구 성장률 적용. 보행권·실제 이용자·신규 수혜가 아님. 후보끼리 합산하지 않음.,6.1,6.1,,5.47,5.47,
CG_00346,126.65317830000038,37.55912889999971,64.42,57.72,다사2551,0.0019408393859516263,서구,409.20799999999997,820,783.1,17179.5,3.0,140.0,0.0,low,['인천경서초등학교'],1,80.66,409.20799999999997,820,source_allocation_v2_20260911,False,none,,2.743175,straight_500m,estimated,80.66,534.61,직선 500m 거주 아동 시나리오,2024년 6~11세 배분 추정에 인천 전체 연령인구 성장률 적용. 보행권·실제 이용자·신규 수혜가 아님. 후보끼리 합산하지 않음.,64.42,64.42,426.98,57.72,57.72,382.55
CG_00780,126.68242830000042,37.511878899999786,6.57,5.88,다사2746,0.07471275125738386,서구,141.284,1330,262.4,2730.3,2.0,444.0,0.0,medium,['인천석남초등학교'],1,8.22,141.284,1330,source_allocation_v2_20260911,True,unknown,500m 내 재개발 1건: unknown(487m),0.426341,straight_500m,estimated,8.22,184.58,직선 500m 거주 아동 시나리오,2024년 6~11세 배분 추정에 인천 전체 연령인구 성장률 적용. 보행권·실제 이용자·신규 수혜가 아님. 후보끼리 합산하지 않음.,6.57,6.57,147.42,5.88,5.88,132.08
CG_00779,126.68242830000042,37.50962889999979,5.97,5.35,다사2745,0.0886589166774861,미추홀구,124.41999999999999,1352,590.5,1586.4,2.0,444.0,0.0,medium,['인천석남초등학교'],1,7.47,124.41999999999999,1352,source_allocation_v2_20260911,True,completed,"500m 내 재개발 3건: completed(483m), unknown(486m), unknown(432m)",0.426341,straight_500m,estimated,7.47,162.55,직선 500m 거주 아동 시나리오,2024년 6~11세 배분 추정에 인천 전체 연령인구 성장률 적용. 보행권·실제 이용자·신규 수혜가 아님. 후보끼리 합산하지 않음.,5.97,5.97,129.82,5.35,5.35,116.32
CG_00745,126.68017830000042,37.511878899999786,19.0,17.02,다사2746,0.05145154791364811,미추홀구,246.85999999999999,1155,568.0,1958.1,2.0,444.0,0.0,medium,['인천석남초등학교'],1,23.79,246.85999999999999,1155,source_allocation_v2_20260911,True,completed,"500m 내 재개발 4건: completed(455m), unknown(416m), unknown(384m)",0.426341,straight_500m,estimated,23.79,322.51,직선 500m 거주 아동 시나리오,2024년 6~11세 배분 추정에 인천 전체 연령인구 성장률 적용. 보행권·실제 이용자·신규 수혜가 아님. 후보끼리 합산하지 않음.,19.0,19.0,257.58,17.02,17.02,230.78
CG_00743,126.68017830000042,37.50737889999979,,,다사2745,0.08489980170559393,미추홀구,198.606,1250,501.1,2385.7,2.0,444.0,0.0,medium,['인천석남초등학교'],1,,198.606,1250,source_allocation_v2_20260911,True,completed,"500m 내 재개발 8건: unknown(226m), unknown(354m), completed(307m)",0.426341,straight_500m,estimated,,259.47,직선 500m 거주 아동 시나리오,2024년 6~11세 배분 추정에 인천 전체 연령인구 성장률 적용. 보행권·실제 이용자·신규 수혜가 아님. 후보끼리 합산하지 않음.,,,207.23,,,185.67
CG_00704,126.67792830000042,37.50962889999979,51.2,45.88,다사2745,0.10411430424045033,미추홀구,350.824,942,0.0,2393.4,2.0,444.0,0.0,medium,['인천석남초등학교'],1,64.11,350.824,942,source_allocation_v2_20260911,True,planned,"500m 내 재개발 12건: unknown(274m), unknown(420m), planned(452m)",0.426341,straight_500m,estimated,64.11,458.33,직선 500m 거주 아동 시나리오,2024년 6~11세 배분 추정에 인천 전체 연령인구 성장률 적용. 보행권·실제 이용자·신규 수혜가 아님. 후보끼리 합산하지 않음.,51.2,51.2,366.06,45.88,45.88,327.97
CG_00705,126.67792830000042,37.511878899999786,26.8,24.01,다사2746,0.05734286062311124,미추홀구,365.958,904,284.3,2677.7,2.0,444.0,0.0,medium,['인천석남초등학교'],1,33.56,365.958,904,source_allocation_v2_20260911,True,completed,"500m 내 재개발 8건: unknown(454m), completed(461m), completed(476m)",0.426341,straight_500m,estimated,33.56,478.1,직선 500m 거주 아동 시나리오,2024년 6~11세 배분 추정에 인천 전체 연령인구 성장률 적용. 보행권·실제 이용자·신규 수혜가 아님. 후보끼리 합산하지 않음.,26.8,26.8,381.85,24.01,24.01,342.12
CG_00703,126.67792830000042,37.50737889999979,14.86,13.31,다사2745,0.0983508156323656,미추홀구,297.632,1070,106.4,2190.8,2.0,444.0,0.0,medium,['인천석남초등학교'],1,18.6,297.632,1070,source_allocation_v2_20260911,True,planned,"500m 내 재개발 12건: unknown(35m), unknown(195m), planned(310m)",0.426341,straight_500m,estimated,18.6,388.84,직선 500m 거주 아동 시나리오,2024년 6~11세 배분 추정에 인천 전체 연령인구 성장률 적용. 보행권·실제 이용자·신규 수혜가 아님. 후보끼리 합산하지 않음.,14.86,14.86,310.56,13.31,13.31,278.24
CG_00661,126.67567830000041,37.50737889999979,27.31,24.47,다사2745,0.07047668221087441,연수구,361.656,915,586.7,1391.4,2.0,444.0,0.0,medium,['인천석남초등학교'],1,34.2,361.656,915,source_allocation_v2_20260911,True,planned,"500m 내 재개발 13건: unknown(175m), unknown(172m), planned(134m)",0.426341,straight_500m,estimated,34.2,472.49,직선 500m 거주 아동 시나리오,2024년 6~11세 배분 추정에 인천 전체 연령인구 성장률 적용. 보행권·실제 이용자·신규 수혜가 아님. 후보끼리 합산하지 않음.,27.31,27.31,377.36,24.47,24.47,338.1
CG_00662,126.67567830000041,37.50962889999979,39.88,35.73,다사2745,0.12183085723962304,연수구,414.1,807,390.3,1475.0,2.0,444.0,0.0,medium,['인천석남초등학교'],1,49.93,414.1,807,source_allocation_v2_20260911,True,planned,"500m 내 재개발 14건: unknown(323m), unknown(410m), planned(354m)",0.426341,straight_500m,estimated,49.93,541.0,직선 500m 거주 아동 시나리오,2024년 6~11세 배분 추정에 인천 전체 연령인구 성장률 적용. 보행권·실제 이용자·신규 수혜가 아님. 후보끼리 합산하지 않음.,39.88,39.88,432.08,35.73,35.73,387.13
CG_00663,126.67567830000041,37.511878899999786,29.09,26.06,다사2746,0.0564214060568875,연수구,445.714,739,555.7,1250.9,2.0,444.0,0.0,medium,['인천석남초등학교'],1,36.42,445.714,739,source_allocation_v2_20260911,True,planned,"500m 내 재개발 9건: unknown(385m), planned(429m), completed(314m)",0.426341,straight_500m,estimated,36.42,582.3,직선 500m 거주 아동 시나리오,2024년 6~11세 배분 추정에 인천 전체 연령인구 성장률 적용. 보행권·실제 이용자·신규 수혜가 아님. 후보끼리 합산하지 않음.,29.09,29.09,465.07,26.06,26.06,416.68
CG_00013,126.48667830000011,37.49612889999981,21.29,19.08,다사1044,0.21596436363658117,중구,324.73999999999995,1006,98.7,98.7,4.0,463.4,8.0,low,['인천삼목초등학교'],1,26.66,324.73999999999995,1006,source_allocation_v2_20260911,False,none,,5.582276,straight_500m,estimated,26.66,424.26,직선 500m 거주 아동 시나리오,2024년 6~11세 배분 추정에 인천 전체 연령인구 성장률 적용. 보행권·실제 이용자·신규 수혜가 아님. 후보끼리 합산하지 않음.,21.29,21.29,338.84,19.08,19.08,303.59
CG_00011,126.4844283000001,37.49837889999981,19.17,17.17,다사1044,0.03974699828453817,중구,,,4737.1,4737.1,4.0,463.4,8.0,low,['인천삼목초등학교'],1,24.0,,,source_allocation_v2_20260911,False,none,,5.582276,straight_500m,missing_age_observations,24.0,,직선 500m 거주 아동 시나리오,2024년 6~11세 배분 추정에 인천 전체 연령인구 성장률 적용. 보행권·실제 이용자·신규 수혜가 아님. 후보끼리 합산하지 않음.,19.17,19.17,,17.17,17.17,
CG_00010,126.4844283000001,37.49612889999981,28.05,25.13,다사1044,0.0515294722014043,중구,,,4612.0,4612.0,4.0,463.4,8.0,low,['인천삼목초등학교'],1,35.12,,,source_allocation_v2_20260911,False,none,,5.582276,straight_500m,missing_age_observations,35.12,,직선 500m 거주 아동 시나리오,2024년 6~11세 배분 추정에 인천 전체 연령인구 성장률 적용. 보행권·실제 이용자·신규 수혜가 아님. 후보끼리 합산하지 않음.,28.05,28.05,,25.13,25.13,
CG_00009,126.4821783000001,37.5006288999998,,,다사1045,0.029888694132331917,중구,,,4857.2,4857.2,4.0,463.4,8.0,low,['인천삼목초등학교'],1,,,,source_allocation_v2_20260911,False,none,,5.582276,straight_500m,missing_age_observations,,,직선 500m 거주 아동 시나리오,2024년 6~11세 배분 추정에 인천 전체 연령인구 성장률 적용. 보행권·실제 이용자·신규 수혜가 아님. 후보끼리 합산하지 않음.,,,,,,
CG_00008,126.4821783000001,37.49837889999981,17.97,16.1,다사1044,0.0033856292157829707,중구,,,4864.9,4864.9,4.0,463.4,8.0,low,['인천삼목초등학교'],1,22.5,,,source_allocation_v2_20260911,False,none,,5.582276,straight_500m,missing_age_observations,22.5,,직선 500m 거주 아동 시나리오,2024년 6~11세 배분 추정에 인천 전체 연령인구 성장률 적용. 보행권·실제 이용자·신규 수혜가 아님. 후보끼리 합산하지 않음.,17.97,17.97,,16.1,16.1,
CG_00012,126.4844283000001,37.5006288999998,39.15,35.08,다사1045,0.4511454544076229,중구,,,422.9,422.9,4.0,463.4,8.0,low,['인천삼목초등학교'],1,49.02,,,source_allocation_v2_20260911,False,none,,5.582276,straight_500m,missing_age_observations,49.02,,직선 500m 거주 아동 시나리오,2024년 6~11세 배분 추정에 인천 전체 연령인구 성장률 적용. 보행권·실제 이용자·신규 수혜가 아님. 후보끼리 합산하지 않음.,39.15,39.15,,35.08,35.08,
CG_00015,126.48667830000011,37.5006288999998,46.49,41.65,다사1045,0.5189658514600451,중구,,,83.4,83.4,4.0,463.4,8.0,low,['인천삼목초등학교'],1,58.21,,,source_allocation_v2_20260911,False,none,,5.582276,straight_500m,missing_age_observations,58.21,,직선 500m 거주 아동 시나리오,2024년 6~11세 배분 추정에 인천 전체 연령인구 성장률 적용. 보행권·실제 이용자·신규 수혜가 아님. 후보끼리 합산하지 않음.,46.49,46.49,,41.65,41.65,
CG_01023,126.70492830000046,37.4083789,0.13,0.11,다사2934,0.26319056131630125,부평구,33.888,1421,541.2,4496.0,4.0,343.5,0.0,low,['인천논곡초등학교'],1,0.16,33.888,1421,source_allocation_v2_20260911,False,none,,10.452457,straight_500m,estimated,0.16,44.27,직선 500m 거주 아동 시나리오,2024년 6~11세 배분 추정에 인천 전체 연령인구 성장률 적용. 보행권·실제 이용자·신규 수혜가 아님. 후보끼리 합산하지 않음.,0.13,0.13,35.36,0.11,0.11,31.68
CG_01024,126.70492830000046,37.4106289,0.19,0.17,다사2934,0.39153794222646726,부평구,10.706,1427,779.6,4734.4,4.0,343.5,0.0,low,['인천논곡초등학교'],1,0.24,10.706,1427,source_allocation_v2_20260911,False,none,,10.452457,straight_500m,estimated,0.24,13.99,직선 500m 거주 아동 시나리오,2024년 6~11세 배분 추정에 인천 전체 연령인구 성장률 적용. 보행권·실제 이용자·신규 수혜가 아님. 후보끼리 합산하지 않음.,0.19,0.19,11.17,0.17,0.17,10.01
CG_01022,126.70492830000046,37.4061289,0.03,0.03,다사2934,0.1665507950761141,부평구,86.878,1390,712.9,3908.1,4.0,343.5,0.0,low,['인천논곡초등학교'],1,0.04,86.878,1390,source_allocation_v2_20260911,False,none,,10.452457,straight_500m,estimated,0.04,113.5,직선 500m 거주 아동 시나리오,2024년 6~11세 배분 추정에 인천 전체 연령인구 성장률 적용. 보행권·실제 이용자·신규 수혜가 아님. 후보끼리 합산하지 않음.,0.03,0.03,90.65,0.03,0.03,81.22
CG_01025,126.70492830000046,37.4128789,0.27,0.24,다사2935,0.8949718439651924,부평구,7.991999999999999,1429,916.1,5122.8,4.0,343.5,0.0,low,['인천논곡초등학교'],1,0.34,7.991999999999999,1429,source_allocation_v2_20260911,False,none,,10.452457,straight_500m,estimated,0.34,10.44,직선 500m 거주 아동 시나리오,2024년 6~11세 배분 추정에 인천 전체 연령인구 성장률 적용. 보행권·실제 이용자·신규 수혜가 아님. 후보끼리 합산하지 않음.,0.27,0.27,8.34,0.24,0.24,7.47
CG_01054,126.70717830000046,37.4083789,0.1,0.09,다사2934,0.10306417866848502,부평구,167.806,1296,1287.1,3396.9,4.0,343.5,0.0,low,['인천논곡초등학교'],1,0.12,167.806,1296,source_allocation_v2_20260911,False,none,,10.452457,straight_500m,estimated,0.12,219.23,직선 500m 거주 아동 시나리오,2024년 6~11세 배분 추정에 인천 전체 연령인구 성장률 적용. 보행권·실제 이용자·신규 수혜가 아님. 후보끼리 합산하지 않음.,0.1,0.1,175.09,0.09,0.09,156.88
CG_01179,126.71392830000048,37.4106289,74.59,66.83,다사3034,0.16203984037700733,부평구,287.25800000000004,1080,624.5,5112.5,4.0,343.5,0.0,low,['인천논곡초등학교'],1,93.39,287.25800000000004,1080,source_allocation_v2_20260911,False,none,,10.452457,straight_500m,estimated,93.39,375.29,직선 500m 거주 아동 시나리오,2024년 6~11세 배분 추정에 인천 전체 연령인구 성장률 적용. 보행권·실제 이용자·신규 수혜가 아님. 후보끼리 합산하지 않음.,74.59,74.59,299.73,66.83,66.83,268.55
CG_01056,126.70717830000046,37.4128789,0.31,0.28,다사2935,0.1050281560348076,부평구,85.372,1391,580.2,3996.5,4.0,343.5,0.0,low,['인천논곡초등학교'],1,0.39,85.372,1391,source_allocation_v2_20260911,False,none,,10.452457,straight_500m,estimated,0.39,111.53,직선 500m 거주 아동 시나리오,2024년 6~11세 배분 추정에 인천 전체 연령인구 성장률 적용. 보행권·실제 이용자·신규 수혜가 아님. 후보끼리 합산하지 않음.,0.31,0.31,89.08,0.28,0.28,79.81
CG_01098,126.70942830000047,37.4128789,3.91,3.51,다사3035,0.4179702769657276,계양구,198.232,1252,592.0,8017.5,4.0,343.5,0.0,low,['인천논곡초등학교'],1,4.9,198.232,1252,source_allocation_v2_20260911,False,none,,10.452457,straight_500m,estimated,4.9,258.98,직선 500m 거주 아동 시나리오,2024년 6~11세 배분 추정에 인천 전체 연령인구 성장률 적용. 보행권·실제 이용자·신규 수혜가 아님. 후보끼리 합산하지 않음.,3.91,3.91,206.84,3.51,3.51,185.32
CG_01141,126.71167830000047,37.4106289,61.33,54.95,다사3034,0.003873800961236761,부평구,318.108,1024,147.7,3028.5,4.0,343.5,0.0,low,['인천논곡초등학교'],1,76.79,318.108,1024,source_allocation_v2_20260911,False,none,,10.452457,straight_500m,estimated,76.79,415.59,직선 500m 거주 아동 시나리오,2024년 6~11세 배분 추정에 인천 전체 연령인구 성장률 적용. 보행권·실제 이용자·신규 수혜가 아님. 후보끼리 합산하지 않음.,61.33,61.33,331.92,54.95,54.95,297.39
CG_01142,126.71167830000047,37.4128789,37.1,33.24,다사3035,0.05491291011863792,부평구,263.91999999999996,1126,551.5,3230.0,4.0,343.5,0.0,low,['인천논곡초등학교'],1,46.45,263.91999999999996,1126,source_allocation_v2_20260911,False,none,,10.452457,straight_500m,estimated,46.45,344.8,직선 500m 거주 아동 시나리오,2024년 6~11세 배분 추정에 인천 전체 연령인구 성장률 적용. 보행권·실제 이용자·신규 수혜가 아님. 후보끼리 합산하지 않음.,37.1,37.1,275.38,33.24,33.24,246.73
CG_01178,126.71392830000048,37.4083789,27.75,24.86,다사3034,0.1837841059344181,부평구,337.61,971,770.2,4782.3,4.0,343.5,0.0,low,['인천논곡초등학교'],1,34.74,337.61,971,source_allocation_v2_20260911,False,none,,10.452457,straight_500m,estimated,34.74,441.07,직선 500m 거주 아동 시나리오,2024년 6~11세 배분 추정에 인천 전체 연령인구 성장률 적용. 보행권·실제 이용자·신규 수혜가 아님. 후보끼리 합산하지 않음.,27.75,27.75,352.27,24.86,24.86,315.62
CG_01096,126.70942830000047,37.4083789,14.2,12.72,다사3034,0.09813808586885368,계양구,315.986,1031,0.0,7422.5,4.0,343.5,0.0,low,['인천논곡초등학교'],1,17.78,315.986,1031,source_allocation_v2_20260911,False,none,,10.452457,straight_500m,estimated,17.78,412.82,직선 500m 거주 아동 시나리오,2024년 6~11세 배분 추정에 인천 전체 연령인구 성장률 적용. 보행권·실제 이용자·신규 수혜가 아님. 후보끼리 합산하지 않음.,14.2,14.2,329.71,12.72,12.72,295.4
CG_01055,126.70717830000046,37.4106289,0.11,0.1,다사2934,0.0756565227126323,부평구,135.48000000000002,1336,1099.8,3669.5,4.0,343.5,0.0,low,['인천논곡초등학교'],1,0.14,135.48000000000002,1336,source_allocation_v2_20260911,False,none,,10.452457,straight_500m,estimated,0.14,177.0,직선 500m 거주 아동 시나리오,2024년 6~11세 배분 추정에 인천 전체 연령인구 성장률 적용. 보행권·실제 이용자·신규 수혜가 아님. 후보끼리 합산하지 않음.,0.11,0.11,141.36,0.1,0.1,126.66
CG_00741,126.68017830000042,37.5028788999998,,,다사2745,0.1536358139824082,미추홀구,111.338,1364,477.1,2708.8,2.0,602.7,0.0,high,['인천천마초등학교'],1,,111.338,1364,source_allocation_v2_20260911,True,unknown,500m 내 재개발 1건: unknown(471m),0.426341,straight_500m,estimated,,145.46,직선 500m 거주 아동 시나리오,2024년 6~11세 배분 추정에 인천 전체 연령인구 성장률 적용. 보행권·실제 이용자·신규 수혜가 아님. 후보끼리 합산하지 않음.,,,116.17,,,104.09
CG_00708,126.67792830000042,37.518628899999776,46.75,41.88,다사2746,0.08808954514151501,미추홀구,652.838,360,139.9,2415.2,1.0,1323.0,0.0,high,['인천가석초등학교'],1,58.53,652.838,360,source_allocation_v2_20260911,True,completed,"500m 내 재개발 3건: unknown(313m), unknown(441m), completed(296m)",0.0,straight_500m,estimated,58.53,852.9,직선 500m 거주 아동 시나리오,2024년 6~11세 배분 추정에 인천 전체 연령인구 성장률 적용. 보행권·실제 이용자·신규 수혜가 아님. 후보끼리 합산하지 않음.,46.75,46.75,681.19,41.88,41.88,610.31
CG_00660,126.67567830000041,37.5028788999998,18.3,16.39,다사2745,0.007391685151870243,연수구,242.50799999999998,1166,400.1,1461.4,2.0,602.7,0.0,high,['인천천마초등학교'],1,22.91,242.50799999999998,1166,source_allocation_v2_20260911,True,planned,"500m 내 재개발 5건: unknown(450m), unknown(355m), planned(420m)",0.426341,straight_500m,estimated,22.91,316.82,직선 500m 거주 아동 시나리오,2024년 6~11세 배분 추정에 인천 전체 연령인구 성장률 적용. 보행권·실제 이용자·신규 수혜가 아님. 후보끼리 합산하지 않음.,18.3,18.3,253.04,16.39,16.39,226.71
CG_00707,126.67792830000042,37.51637889999978,31.3,28.04,다사2746,0.052291118740709075,미추홀구,420.298,795,414.2,2593.0,1.0,1323.0,0.0,high,['인천가석초등학교'],1,39.19,420.298,795,source_allocation_v2_20260911,True,unknown,"500m 내 재개발 2건: unknown(271m), unknown(499m)",0.0,straight_500m,estimated,39.19,549.1,직선 500m 거주 아동 시나리오,2024년 6~11세 배분 추정에 인천 전체 연령인구 성장률 적용. 보행권·실제 이용자·신규 수혜가 아님. 후보끼리 합산하지 않음.,31.3,31.3,438.55,28.04,28.04,392.92
CG_00782,126.68242830000042,37.51637889999978,,,다사2746,0.10432455705070263,서구,174.90800000000002,1286,553.2,3314.7,1.0,1323.0,0.0,high,['인천가석초등학교'],1,,174.90800000000002,1286,source_allocation_v2_20260911,False,none,,0.0,straight_500m,estimated,,228.51,직선 500m 거주 아동 시나리오,2024년 6~11세 배분 추정에 인천 전체 연령인구 성장률 적용. 보행권·실제 이용자·신규 수혜가 아님. 후보끼리 합산하지 않음.,,,182.5,,,163.52
CG_00781,126.68242830000042,37.51412889999978,0.02,0.01,다사2746,0.09541310569425143,서구,128.61599999999999,1347,141.8,3132.3,1.0,1323.0,0.0,high,['인천가석초등학교'],1,0.02,128.61599999999999,1347,source_allocation_v2_20260911,False,none,,0.0,straight_500m,estimated,0.02,168.03,직선 500m 거주 아동 시나리오,2024년 6~11세 배분 추정에 인천 전체 연령인구 성장률 적용. 보행권·실제 이용자·신규 수혜가 아님. 후보끼리 합산하지 않음.,0.02,0.02,134.2,0.01,0.01,120.24
CG_00747,126.68017830000042,37.51637889999978,9.9,8.87,다사2746,0.08574336819435137,미추홀구,329.012,993,481.7,1493.2,1.0,1323.0,0.0,high,['인천가석초등학교'],1,12.39,329.012,993,source_allocation_v2_20260911,True,unknown,500m 내 재개발 1건: unknown(459m),0.0,straight_500m,estimated,12.39,429.84,직선 500m 거주 아동 시나리오,2024년 6~11세 배분 추정에 인천 전체 연령인구 성장률 적용. 보행권·실제 이용자·신규 수혜가 아님. 후보끼리 합산하지 않음.,9.9,9.9,343.3,8.87,8.87,307.58
CG_00748,126.68017830000042,37.518628899999776,26.93,24.13,다사2746,0.05949499336103822,미추홀구,528.548,550,636.3,1606.2,1.0,1323.0,0.0,high,['인천가석초등학교'],1,33.72,528.548,550,source_allocation_v2_20260911,True,completed,"500m 내 재개발 2건: unknown(484m), completed(429m)",0.0,straight_500m,estimated,33.72,690.52,직선 500m 거주 아동 시나리오,2024년 6~11세 배분 추정에 인천 전체 연령인구 성장률 적용. 보행권·실제 이용자·신규 수혜가 아님. 후보끼리 합산하지 않음.,26.93,26.93,551.5,24.13,24.13,494.12
CG_00701,126.67792830000042,37.5028788999998,24.45,21.9,다사2745,0.0476009723704587,연수구,175.44,1285,222.0,920.5,2.0,602.7,0.0,high,['인천천마초등학교'],1,30.61,175.44,1285,source_allocation_v2_20260911,True,unknown,"500m 내 재개발 3건: unknown(477m), unknown(467m), unknown(367m)",0.426341,straight_500m,estimated,30.61,229.2,직선 500m 거주 아동 시나리오,2024년 6~11세 배분 추정에 인천 전체 연령인구 성장률 적용. 보행권·실제 이용자·신규 수혜가 아님. 후보끼리 합산하지 않음.,24.45,24.45,183.06,21.9,21.9,164.01
CG_00783,126.68242830000042,37.518628899999776,9.34,8.37,다사2746,0.0933700817048983,서구,360.45799999999997,919,706.4,3547.0,1.0,1323.0,0.0,high,['인천가석초등학교'],1,11.7,360.45799999999997,919,source_allocation_v2_20260911,False,none,,0.0,straight_500m,estimated,11.7,470.92,직선 500m 거주 아동 시나리오,2024년 6~11세 배분 추정에 인천 전체 연령인구 성장률 적용. 보행권·실제 이용자·신규 수혜가 아님. 후보끼리 합산하지 않음.,9.34,9.34,376.11,8.37,8.37,336.98
CG_01621,126.74542830000053,37.552378899999724,0.18,0.16,다사3350,0.24974102518354077,남동구,269.45,1113,113.7,568.4,3.0,216.0,0.0,low,['인천양촌초등학교'],1,0.23,269.45,1113,source_allocation_v2_20260911,False,none,,1.420022,straight_500m,estimated,0.23,352.02,직선 500m 거주 아동 시나리오,2024년 6~11세 배분 추정에 인천 전체 연령인구 성장률 적용. 보행권·실제 이용자·신규 수혜가 아님. 후보끼리 합산하지 않음.,0.18,0.18,281.15,0.16,0.16,251.9
CG_01619,126.74542830000053,37.54787889999973,33.09,29.65,다사3350,0.06893832472350812,남동구,313.31600000000003,1038,88.9,130.3,3.0,216.0,0.0,low,['인천양촌초등학교'],1,41.43,313.31600000000003,1038,source_allocation_v2_20260911,False,none,,1.420022,straight_500m,estimated,41.43,409.33,직선 500m 거주 아동 시나리오,2024년 6~11세 배분 추정에 인천 전체 연령인구 성장률 적용. 보행권·실제 이용자·신규 수혜가 아님. 후보끼리 합산하지 않음.,33.09,33.09,326.92,29.65,29.65,292.91
CG_01606,126.74317830000052,37.552378899999724,4.98,4.47,다사3350,0.06108508924759489,계양구,266.948,1118,83.6,12646.7,3.0,216.0,0.0,low,['인천양촌초등학교'],1,6.24,266.948,1118,source_allocation_v2_20260911,False,none,,1.420022,straight_500m,estimated,6.24,348.75,직선 500m 거주 아동 시나리오,2024년 6~11세 배분 추정에 인천 전체 연령인구 성장률 적용. 보행권·실제 이용자·신규 수혜가 아님. 후보끼리 합산하지 않음.,4.98,4.98,278.54,4.47,4.47,249.56
CG_01569,126.73867830000052,37.552378899999724,2.4,2.15,다사3250,0.09799073614830331,부평구,164.476,1302,432.3,4111.7,3.0,216.0,0.0,low,['인천양촌초등학교'],1,3.01,164.476,1302,source_allocation_v2_20260911,False,none,,1.420022,straight_500m,estimated,3.01,214.88,직선 500m 거주 아동 시나리오,2024년 6~11세 배분 추정에 인천 전체 연령인구 성장률 적용. 보행권·실제 이용자·신규 수혜가 아님. 후보끼리 합산하지 않음.,2.4,2.4,171.62,2.15,2.15,153.76
CG_01589,126.74092830000052,37.552378899999724,21.62,19.37,다사3250,0.07612625211627998,계양구,217.87,1217,0.0,12501.4,3.0,216.0,0.0,low,['인천양촌초등학교'],1,27.07,217.87,1217,source_allocation_v2_20260911,False,none,,1.420022,straight_500m,estimated,27.07,284.64,직선 500m 거주 아동 시나리오,2024년 6~11세 배분 추정에 인천 전체 연령인구 성장률 적용. 보행권·실제 이용자·신규 수혜가 아님. 후보끼리 합산하지 않음.,21.62,21.62,227.33,19.37,19.37,203.68
CG_00872,126.69367830000044,37.4241289,25.48,22.83,다사2836,0.4754706098828353,미추홀구,225.826,1200,485.2,494.0,2.0,714.9,0.0,high,['인천연수초등학교'],1,31.9,225.826,1200,source_allocation_v2_20260911,False,none,,0.249196,straight_500m,estimated,31.9,295.03,직선 500m 거주 아동 시나리오,2024년 6~11세 배분 추정에 인천 전체 연령인구 성장률 적용. 보행권·실제 이용자·신규 수혜가 아님. 후보끼리 합산하지 않음.,25.48,25.48,235.63,22.83,22.83,211.12
CG_00870,126.69367830000044,37.4196289,27.84,24.94,다사2835,1.0,미추홀구,245.364,1160,255.5,1379.0,2.0,714.9,0.0,high,['인천연수초등학교'],1,34.86,245.364,1160,source_allocation_v2_20260911,False,none,,0.249196,straight_500m,estimated,34.86,320.56,직선 500m 거주 아동 시나리오,2024년 6~11세 배분 추정에 인천 전체 연령인구 성장률 적용. 보행권·실제 이용자·신규 수혜가 아님. 후보끼리 합산하지 않음.,27.84,27.84,256.02,24.94,24.94,229.38
CG_00254,126.64417830000036,37.4038789,110.74,99.22,다사2434,0.024100547359548342,동구,,,311.6,1119.5,4.0,917.9,0.0,high,['인천명선초등학교'],1,138.66,,,source_allocation_v2_20260911,False,none,,20.733643,straight_500m,missing_age_observations,138.66,,직선 500m 거주 아동 시나리오,2024년 6~11세 배분 추정에 인천 전체 연령인구 성장률 적용. 보행권·실제 이용자·신규 수혜가 아님. 후보끼리 합산하지 않음.,110.74,110.74,,99.22,99.22,
CG_00255,126.64417830000036,37.4061289,16.93,15.17,다사2434,0.18571589228243215,서구,,,73.0,8651.3,4.0,917.9,0.0,high,['인천명선초등학교'],1,21.2,,,source_allocation_v2_20260911,False,none,,20.733643,straight_500m,missing_age_observations,21.2,,직선 500m 거주 아동 시나리오,2024년 6~11세 배분 추정에 인천 전체 연령인구 성장률 적용. 보행권·실제 이용자·신규 수혜가 아님. 후보끼리 합산하지 않음.,16.93,16.93,,15.17,15.17,
CG_00288,126.64867830000037,37.4038789,,,다사2434,0.10184859085126777,동구,560.804,480,638.3,1627.3,4.0,917.9,0.0,high,['인천명선초등학교'],1,,560.804,480,source_allocation_v2_20260911,False,none,,20.733643,straight_500m,estimated,,732.66,직선 500m 거주 아동 시나리오,2024년 6~11세 배분 추정에 인천 전체 연령인구 성장률 적용. 보행권·실제 이용자·신규 수혜가 아님. 후보끼리 합산하지 않음.,,,585.16,,,524.27
CG_00895,126.69592830000045,37.4218789,26.89,24.09,다사2836,0.07920574265085935,서구,317.02200000000005,1026,1077.7,19198.4,2.0,714.9,0.0,high,['인천연수초등학교'],1,33.67,317.02200000000005,1026,source_allocation_v2_20260911,False,none,,0.249196,straight_500m,estimated,33.67,414.17,직선 500m 거주 아동 시나리오,2024년 6~11세 배분 추정에 인천 전체 연령인구 성장률 적용. 보행권·실제 이용자·신규 수혜가 아님. 후보끼리 합산하지 않음.,26.89,26.89,330.79,24.09,24.09,296.37
CG_00894,126.69592830000045,37.4196289,18.07,16.19,다사2835,0.0,서구,259.69000000000005,1135,1089.0,19426.9,2.0,714.9,0.0,high,['인천연수초등학교'],1,22.63,259.69000000000005,1135,source_allocation_v2_20260911,False,none,,0.249196,straight_500m,estimated,22.63,339.27,직선 500m 거주 아동 시나리오,2024년 6~11세 배분 추정에 인천 전체 연령인구 성장률 적용. 보행권·실제 이용자·신규 수혜가 아님. 후보끼리 합산하지 않음.,18.07,18.07,270.97,16.19,16.19,242.77
CG_00273,126.64642830000037,37.4061289,4.19,3.76,다사2434,0.09435311998304974,동구,283.124,1087,505.7,1251.7,4.0,917.9,0.0,high,['인천명선초등학교'],1,5.25,283.124,1087,source_allocation_v2_20260911,False,none,,20.733643,straight_500m,estimated,5.25,369.89,직선 500m 거주 아동 시나리오,2024년 6~11세 배분 추정에 인천 전체 연령인구 성장률 적용. 보행권·실제 이용자·신규 수혜가 아님. 후보끼리 합산하지 않음.,4.19,4.19,295.42,3.76,3.76,264.68
CG_00853,126.69142830000044,37.4218789,34.73,31.11,다사2836,0.17206024718763327,미추홀구,232.83799999999997,1184,180.8,979.3,2.0,714.9,0.0,high,['인천연수초등학교'],1,43.48,232.83799999999997,1184,source_allocation_v2_20260911,False,none,,0.249196,straight_500m,estimated,43.48,304.19,직선 500m 거주 아동 시나리오,2024년 6~11세 배분 추정에 인천 전체 연령인구 성장률 적용. 보행권·실제 이용자·신규 수혜가 아님. 후보끼리 합산하지 않음.,34.73,34.73,242.95,31.11,31.11,217.67
CG_00307,126.65092830000037,37.4016289,15.0,13.44,다사2433,0.0787323414652158,연수구,499.01800000000003,622,506.8,3095.6,4.0,917.9,0.0,high,['인천명선초등학교'],1,18.78,499.01800000000003,622,source_allocation_v2_20260911,False,none,,20.733643,straight_500m,estimated,18.78,651.94,직선 500m 거주 아동 시나리오,2024년 6~11세 배분 추정에 인천 전체 연령인구 성장률 적용. 보행권·실제 이용자·신규 수혜가 아님. 후보끼리 합산하지 않음.,15.0,15.0,520.69,13.44,13.44,466.51
CG_00306,126.65092830000037,37.3993789,100.85,90.36,다사2433,0.1775672495325253,연수구,710.858,301,590.7,5144.3,4.0,917.9,0.0,high,['인천명선초등학교'],1,126.27,710.858,301,source_allocation_v2_20260911,False,none,,20.733643,straight_500m,estimated,126.27,928.7,직선 500m 거주 아동 시나리오,2024년 6~11세 배분 추정에 인천 전체 연령인구 성장률 적용. 보행권·실제 이용자·신규 수혜가 아님. 후보끼리 합산하지 않음.,100.85,100.85,741.73,90.36,90.36,664.55
CG_00052,126.61042830000031,37.3858789,26.67,23.89,다사2132,0.0,연수구,255.514,1141,1157.6,4562.8,1.0,716.0,0.0,high,['인천송빛초등학교'],1,33.39,255.514,1141,source_allocation_v2_20260911,False,none,,0.0,straight_500m,estimated,33.39,333.82,직선 500m 거주 아동 시나리오,2024년 6~11세 배분 추정에 인천 전체 연령인구 성장률 적용. 보행권·실제 이용자·신규 수혜가 아님. 후보끼리 합산하지 않음.,26.67,26.67,266.61,23.89,23.89,238.87
CG_00060,126.61267830000031,37.3903789,103.01,92.29,다사2132,0.03531448214788748,연수구,427.06600000000003,780,2144.6,7189.1,1.0,716.0,0.0,high,['인천송빛초등학교'],1,128.98,427.06600000000003,780,source_allocation_v2_20260911,False,none,,0.0,straight_500m,estimated,128.98,557.94,직선 500m 거주 아동 시나리오,2024년 6~11세 배분 추정에 인천 전체 연령인구 성장률 적용. 보행권·실제 이용자·신규 수혜가 아님. 후보끼리 합산하지 않음.,103.01,103.01,445.61,92.29,92.29,399.25
CG_00057,126.61267830000031,37.3836289,,,다사2132,0.0,연수구,131.69,1343,1048.9,7298.4,1.0,716.0,0.0,high,['인천송빛초등학교'],1,,131.69,1343,source_allocation_v2_20260911,False,none,,0.0,straight_500m,estimated,,172.05,직선 500m 거주 아동 시나리오,2024년 6~11세 배분 추정에 인천 전체 연령인구 성장률 적용. 보행권·실제 이용자·신규 수혜가 아님. 후보끼리 합산하지 않음.,,,137.41,,,123.11
CG_00068,126.61492830000032,37.3858789,,,다사2132,0.5599801654085274,연수구,231.392,1187,723.1,3735.1,1.0,716.0,0.0,high,['인천송빛초등학교'],1,,231.392,1187,source_allocation_v2_20260911,False,none,,0.0,straight_500m,estimated,,302.3,직선 500m 거주 아동 시나리오,2024년 6~11세 배분 추정에 인천 전체 연령인구 성장률 적용. 보행권·실제 이용자·신규 수혜가 아님. 후보끼리 합산하지 않음.,,,241.44,,,216.32
CG_00069,126.61492830000032,37.3881289,,,다사2132,0.09949786241842863,연수구,367.116,903,2048.3,5901.1,1.0,716.0,0.0,high,['인천송빛초등학교'],1,,367.116,903,source_allocation_v2_20260911,False,none,,0.0,straight_500m,estimated,,479.62,직선 500m 거주 아동 시나리오,2024년 6~11세 배분 추정에 인천 전체 연령인구 성장률 적용. 보행권·실제 이용자·신규 수혜가 아님. 후보끼리 합산하지 않음.,,,383.06,,,343.2
CG_00059,126.61267830000031,37.3881289,91.21,81.72,다사2132,0.0,연수구,344.16200000000003,955,1562.8,6562.7,1.0,716.0,0.0,high,['인천송빛초등학교'],1,114.2,344.16200000000003,955,source_allocation_v2_20260911,False,none,,0.0,straight_500m,estimated,114.2,449.63,직선 500m 거주 아동 시나리오,2024년 6~11세 배분 추정에 인천 전체 연령인구 성장률 적용. 보행권·실제 이용자·신규 수혜가 아님. 후보끼리 합산하지 않음.,91.21,91.21,359.11,81.72,81.72,321.74
CG_00067,126.61492830000032,37.3836289,,,다사2132,0.11912258170835278,연수구,114.898,1361,1821.8,5570.1,1.0,716.0,0.0,high,['인천송빛초등학교'],1,,114.898,1361,source_allocation_v2_20260911,False,none,,0.0,straight_500m,estimated,,150.11,직선 500m 거주 아동 시나리오,2024년 6~11세 배분 추정에 인천 전체 연령인구 성장률 적용. 보행권·실제 이용자·신규 수혜가 아님. 후보끼리 합산하지 않음.,,,119.89,,,107.41
CG_00717,126.67792830000042,37.55012889999973,17.96,16.09,다사2750,0.11565360687468913,서구,272.58400000000006,1106,220.5,3628.4,4.0,248.8,0.0,low,['인천공촌초등학교'],1,22.49,272.58400000000006,1106,source_allocation_v2_20260911,False,none,,13.886086,straight_500m,estimated,22.49,356.12,직선 500m 거주 아동 시나리오,2024년 6~11세 배분 추정에 인천 전체 연령인구 성장률 적용. 보행권·실제 이용자·신규 수혜가 아님. 후보끼리 합산하지 않음.,17.96,17.96,284.42,16.09,16.09,254.83
CG_00758,126.68017830000042,37.55012889999973,28.06,25.14,다사2750,0.0,서구,222.192,1210,1135.7,6406.0,4.0,248.8,0.0,low,['인천공촌초등학교'],1,35.13,222.192,1210,source_allocation_v2_20260911,False,none,,13.886086,straight_500m,estimated,35.13,290.28,직선 500m 거주 아동 시나리오,2024년 6~11세 배분 추정에 인천 전체 연령인구 성장률 적용. 보행권·실제 이용자·신규 수혜가 아님. 후보끼리 합산하지 않음.,28.06,28.06,231.84,25.14,25.14,207.72
CG_00759,126.68017830000042,37.552378899999724,2.15,1.92,다사2750,0.019484653516624217,서구,160.594,1310,675.1,6670.5,4.0,248.8,0.0,low,['인천공촌초등학교'],1,2.69,160.594,1310,source_allocation_v2_20260911,False,none,,13.886086,straight_500m,estimated,2.69,209.81,직선 500m 거주 아동 시나리오,2024년 6~11세 배분 추정에 인천 전체 연령인구 성장률 적용. 보행권·실제 이용자·신규 수혜가 아님. 후보끼리 합산하지 않음.,2.15,2.15,167.57,1.92,1.92,150.13
CG_00814,126.68467830000043,37.55012889999973,20.03,17.95,다사2750,0.15745893772835645,서구,158.02599999999998,1315,308.9,19083.0,4.0,248.8,0.0,low,['인천공촌초등학교'],1,25.08,158.02599999999998,1315,source_allocation_v2_20260911,False,none,,13.886086,straight_500m,estimated,25.08,206.45,직선 500m 거주 아동 시나리오,2024년 6~11세 배분 추정에 인천 전체 연령인구 성장률 적용. 보행권·실제 이용자·신규 수혜가 아님. 후보끼리 합산하지 않음.,20.03,20.03,164.89,17.95,17.95,147.73
CG_00790,126.68242830000042,37.55012889999973,22.16,19.86,다사2750,0.11375614450359374,서구,188.83999999999997,1264,161.5,19008.5,4.0,248.8,0.0,low,['인천공촌초등학교'],1,27.75,188.83999999999997,1264,source_allocation_v2_20260911,False,none,,13.886086,straight_500m,estimated,27.75,246.71,직선 500m 거주 아동 시나리오,2024년 6~11세 배분 추정에 인천 전체 연령인구 성장률 적용. 보행권·실제 이용자·신규 수혜가 아님. 후보끼리 합산하지 않음.,22.16,22.16,197.04,19.86,19.86,176.54
CG_00791,126.68242830000042,37.552378899999724,14.21,12.73,다사2750,0.04555691147870956,연수구,145.14,1327,937.1,1658.3,4.0,248.8,0.0,low,['인천공촌초등학교'],1,17.79,145.14,1327,source_allocation_v2_20260911,False,none,,13.886086,straight_500m,estimated,17.79,189.62,직선 500m 거주 아동 시나리오,2024년 6~11세 배분 추정에 인천 전체 연령인구 성장률 적용. 보행권·실제 이용자·신규 수혜가 아님. 후보끼리 합산하지 않음.,14.21,14.21,151.44,12.73,12.73,135.69
CG_00815,126.68467830000043,37.552378899999724,17.48,15.66,다사2750,0.04151722972722485,미추홀구,110.116,1366,247.8,2286.1,4.0,248.8,0.0,low,['인천공촌초등학교'],1,21.89,110.116,1366,source_allocation_v2_20260911,False,none,,13.886086,straight_500m,estimated,21.89,143.86,직선 500m 거주 아동 시나리오,2024년 6~11세 배분 추정에 인천 전체 연령인구 성장률 적용. 보행권·실제 이용자·신규 수혜가 아님. 후보끼리 합산하지 않음.,17.48,17.48,114.9,15.66,15.66,102.94
CG_00716,126.67792830000042,37.54787889999973,15.81,14.16,다사2750,0.2180148775515983,서구,345.456,951,403.9,3348.9,4.0,248.8,0.0,low,['인천공촌초등학교'],1,19.79,345.456,951,source_allocation_v2_20260911,False,none,,13.886086,straight_500m,estimated,19.79,451.32,직선 500m 거주 아동 시나리오,2024년 6~11세 배분 추정에 인천 전체 연령인구 성장률 적용. 보행권·실제 이용자·신규 수혜가 아님. 후보끼리 합산하지 않음.,15.81,15.81,360.46,14.16,14.16,322.95
CG_00205,126.63742830000035,37.59512889999966,73.07,65.47,다사2355,0.3179454801103102,중구,382.78600000000006,872,106.7,176.5,3.0,106.1,0.0,low,['인천단봉초등학교'],1,91.49,382.78600000000006,872,source_allocation_v2_20260911,False,none,,2.844293,straight_500m,estimated,91.49,500.09,직선 500m 거주 아동 시나리오,2024년 6~11세 배분 추정에 인천 전체 연령인구 성장률 적용. 보행권·실제 이용자·신규 수혜가 아님. 후보끼리 합산하지 않음.,73.07,73.07,399.41,65.47,65.47,357.85
CG_00208,126.63742830000035,37.60187889999965,3.87,3.46,다사2356,1.0,동구,116.49,1359,130.0,1298.3,3.0,106.1,0.0,low,['인천단봉초등학교'],1,4.84,116.49,1359,source_allocation_v2_20260911,False,none,,2.844293,straight_500m,estimated,4.84,152.19,직선 500m 거주 아동 시나리오,2024년 6~11세 배분 추정에 인천 전체 연령인구 성장률 적용. 보행권·실제 이용자·신규 수혜가 아님. 후보끼리 합산하지 않음.,3.87,3.87,121.55,3.46,3.46,108.9
CG_00231,126.63967830000036,37.60187889999965,8.82,7.9,다사2456,0.23013583701625534,동구,131.968,1341,427.4,590.7,3.0,106.1,0.0,low,['인천단봉초등학교'],1,11.04,131.968,1341,source_allocation_v2_20260911,False,none,,2.844293,straight_500m,estimated,11.04,172.41,직선 500m 거주 아동 시나리오,2024년 6~11세 배분 추정에 인천 전체 연령인구 성장률 적용. 보행권·실제 이용자·신규 수혜가 아님. 후보끼리 합산하지 않음.,8.82,8.82,137.7,7.9,7.9,123.37
CG_00185,126.63517830000035,37.597378899999654,12.84,11.51,다사2355,0.17159064626492238,중구,326.318,1000,49.9,49.9,3.0,106.1,0.0,low,['인천단봉초등학교'],1,16.08,326.318,1000,source_allocation_v2_20260911,False,none,,2.844293,straight_500m,estimated,16.08,426.32,직선 500m 거주 아동 시나리오,2024년 6~11세 배분 추정에 인천 전체 연령인구 성장률 적용. 보행권·실제 이용자·신규 수혜가 아님. 후보끼리 합산하지 않음.,12.84,12.84,340.49,11.51,11.51,305.06
CG_00228,126.63967830000036,37.59512889999966,75.98,68.07,다사2455,0.20692625785874535,중구,,,133.5,133.5,3.0,106.1,0.0,low,['인천단봉초등학교'],1,95.13,,,source_allocation_v2_20260911,False,none,,2.844293,straight_500m,missing_age_observations,95.13,,직선 500m 거주 아동 시나리오,2024년 6~11세 배분 추정에 인천 전체 연령인구 성장률 적용. 보행권·실제 이용자·신규 수혜가 아님. 후보끼리 합산하지 않음.,75.98,75.98,,68.07,68.07,
CG_01649,126.74992830000053,37.48262889999983,0.1,0.09,다사3342,0.0,,184.154,1275,,,2.0,477.0,0.0,medium,['인천금마초등학교'],1,0.13,184.154,1275,source_allocation_v2_20260911,False,none,,0.0,straight_500m,estimated,0.13,240.59,직선 500m 거주 아동 시나리오,2024년 6~11세 배분 추정에 인천 전체 연령인구 성장률 적용. 보행권·실제 이용자·신규 수혜가 아님. 후보끼리 합산하지 않음.,0.1,0.1,192.15,0.09,0.09,172.16
CG_00229,126.63967830000036,37.597378899999654,49.88,44.69,다사2455,0.36226653260850156,동구,415.986,805,311.3,311.3,3.0,106.1,0.0,low,['인천단봉초등학교'],1,62.45,415.986,805,source_allocation_v2_20260911,False,none,,2.844293,straight_500m,estimated,62.45,543.46,직선 500m 거주 아동 시나리오,2024년 6~11세 배분 추정에 인천 전체 연령인구 성장률 적용. 보행권·실제 이용자·신규 수혜가 아님. 후보끼리 합산하지 않음.,49.88,49.88,434.05,44.69,44.69,388.89
CG_01613,126.74542830000053,37.480378899999835,16.53,14.81,다사3342,0.001250067994916465,부평구,284.84800000000007,1085,1003.4,3817.2,2.0,477.0,0.0,medium,['인천금마초등학교'],1,20.7,284.84800000000007,1085,source_allocation_v2_20260911,False,none,,0.0,straight_500m,estimated,20.7,372.14,직선 500m 거주 아동 시나리오,2024년 6~11세 배분 추정에 인천 전체 연령인구 성장률 적용. 보행권·실제 이용자·신규 수혜가 아님. 후보끼리 합산하지 않음.,16.53,16.53,297.22,14.81,14.81,266.29
CG_00249,126.64192830000036,37.59962889999965,5.72,5.12,다사2455,0.015367993774825096,동구,256.75199999999995,1139,415.6,415.6,3.0,106.1,0.0,low,['인천단봉초등학교'],1,7.16,256.75199999999995,1139,source_allocation_v2_20260911,False,none,,2.844293,straight_500m,estimated,7.16,335.43,직선 500m 거주 아동 시나리오,2024년 6~11세 배분 추정에 인천 전체 연령인구 성장률 적용. 보행권·실제 이용자·신규 수혜가 아님. 후보끼리 합산하지 않음.,5.72,5.72,267.9,5.12,5.12,240.03
CG_00248,126.64192830000036,37.597378899999654,26.22,23.49,다사2455,0.3472359105051808,미추홀구,371.832,891,477.6,954.3,3.0,106.1,0.0,low,['인천단봉초등학교'],1,32.83,371.832,891,source_allocation_v2_20260911,False,none,,2.844293,straight_500m,estimated,32.83,485.78,직선 500m 거주 아동 시나리오,2024년 6~11세 배분 추정에 인천 전체 연령인구 성장률 적용. 보행권·실제 이용자·신규 수혜가 아님. 후보끼리 합산하지 않음.,26.22,26.22,387.98,23.49,23.49,347.61
CG_00206,126.63742830000035,37.597378899999654,31.6,28.31,다사2355,0.06691961128215988,동구,450.192,729,366.7,366.7,3.0,106.1,0.0,low,['인천단봉초등학교'],1,39.56,450.192,729,source_allocation_v2_20260911,False,none,,2.844293,straight_500m,estimated,39.56,588.15,직선 500m 거주 아동 시나리오,2024년 6~11세 배분 추정에 인천 전체 연령인구 성장률 적용. 보행권·실제 이용자·신규 수혜가 아님. 후보끼리 합산하지 않음.,31.6,31.6,469.74,28.31,28.31,420.87
CG_00184,126.63517830000035,37.59512889999966,14.88,13.33,다사2355,0.023494776563471133,중구,276.304,1098,70.3,70.3,3.0,106.1,0.0,low,['인천단봉초등학교'],1,18.63,276.304,1098,source_allocation_v2_20260911,False,none,,2.844293,straight_500m,estimated,18.63,360.98,직선 500m 거주 아동 시나리오,2024년 6~11세 배분 추정에 인천 전체 연령인구 성장률 적용. 보행권·실제 이용자·신규 수혜가 아님. 후보끼리 합산하지 않음.,14.88,14.88,288.3,13.33,13.33,258.31
CG_00186,126.63517830000035,37.59962889999965,0.86,0.77,다사2355,0.12167024140836578,중구,234.10200000000003,1182,211.4,211.4,3.0,106.1,0.0,low,['인천단봉초등학교'],1,1.08,234.10200000000003,1182,source_allocation_v2_20260911,False,none,,2.844293,straight_500m,estimated,1.08,305.84,직선 500m 거주 아동 시나리오,2024년 6~11세 배분 추정에 인천 전체 연령인구 성장률 적용. 보행권·실제 이용자·신규 수혜가 아님. 후보끼리 합산하지 않음.,0.86,0.86,244.27,0.77,0.77,218.85
CG_00230,126.63967830000036,37.59962889999965,70.43,63.1,다사2455,0.06820330525274712,동구,286.986,1081,43.4,590.7,3.0,106.1,0.0,low,['인천단봉초등학교'],1,88.18,286.986,1081,source_allocation_v2_20260911,False,none,,2.844293,straight_500m,estimated,88.18,374.93,직선 500m 거주 아동 시나리오,2024년 6~11세 배분 추정에 인천 전체 연령인구 성장률 적용. 보행권·실제 이용자·신규 수혜가 아님. 후보끼리 합산하지 않음.,70.43,70.43,299.45,63.1,63.1,268.29
CG_00207,126.63742830000035,37.59962889999965,6.13,5.5,다사2355,0.2983792443707706,동구,271.23,1110,358.9,358.9,3.0,106.1,0.0,low,['인천단봉초등학교'],1,7.68,271.23,1110,source_allocation_v2_20260911,False,none,,2.844293,straight_500m,estimated,7.68,354.35,직선 500m 거주 아동 시나리오,2024년 6~11세 배분 추정에 인천 전체 연령인구 성장률 적용. 보행권·실제 이용자·신규 수혜가 아님. 후보끼리 합산하지 않음.,6.13,6.13,283.01,5.5,5.5,253.56
CG_01648,126.74992830000053,37.480378899999835,3.89,3.48,다사3342,0.0,,169.966,1294,,,2.0,477.0,0.0,medium,['인천금마초등학교'],1,4.87,169.966,1294,source_allocation_v2_20260911,False,none,,0.0,straight_500m,estimated,4.87,222.05,직선 500m 거주 아동 시나리오,2024년 6~11세 배분 추정에 인천 전체 연령인구 성장률 적용. 보행권·실제 이용자·신규 수혜가 아님. 후보끼리 합산하지 않음.,3.89,3.89,177.35,3.48,3.48,158.89
CG_01634,126.74767830000053,37.480378899999835,33.09,29.65,다사3342,0.3456172178965327,계양구,265.942,1119,163.2,12402.4,2.0,477.0,0.0,medium,['인천금마초등학교'],1,41.43,265.942,1119,source_allocation_v2_20260911,False,none,,0.0,straight_500m,estimated,41.43,347.44,직선 500m 거주 아동 시나리오,2024년 6~11세 배분 추정에 인천 전체 연령인구 성장률 적용. 보행권·실제 이용자·신규 수혜가 아님. 후보끼리 합산하지 않음.,33.09,33.09,277.49,29.65,29.65,248.62
CG_00669,126.67567830000041,37.538878899999744,4.15,3.71,다사2749,0.10847225674244833,미추홀구,125.40599999999999,1351,553.5,3153.5,4.0,230.3,0.0,low,['인천양지초등학교'],1,5.19,125.40599999999999,1351,source_allocation_v2_20260911,False,none,,11.208961,straight_500m,estimated,5.19,163.84,직선 500m 거주 아동 시나리오,2024년 6~11세 배분 추정에 인천 전체 연령인구 성장률 적용. 보행권·실제 이용자·신규 수혜가 아님. 후보끼리 합산하지 않음.,4.15,4.15,130.85,3.71,3.71,117.24
CG_00625,126.67342830000041,37.54337889999974,13.43,12.04,다사2649,0.16001726217563988,미추홀구,329.532,991,393.6,3227.9,4.0,230.3,0.0,low,['인천양지초등학교'],1,16.82,329.532,991,source_allocation_v2_20260911,False,none,,11.208961,straight_500m,estimated,16.82,430.52,직선 500m 거주 아동 시나리오,2024년 6~11세 배분 추정에 인천 전체 연령인구 성장률 적용. 보행권·실제 이용자·신규 수혜가 아님. 후보끼리 합산하지 않음.,13.43,13.43,343.84,12.04,12.04,308.07
CG_00579,126.6711783000004,37.54112889999974,21.39,19.16,다사2649,0.07435346070634236,미추홀구,212.774,1226,182.5,2541.2,4.0,230.3,0.0,low,['인천양지초등학교'],1,26.78,212.774,1226,source_allocation_v2_20260911,False,none,,11.208961,straight_500m,estimated,26.78,277.98,직선 500m 거주 아동 시나리오,2024년 6~11세 배분 추정에 인천 전체 연령인구 성장률 적용. 보행권·실제 이용자·신규 수혜가 아님. 후보끼리 합산하지 않음.,21.39,21.39,222.01,19.16,19.16,198.92
CG_00578,126.6711783000004,37.538878899999744,,,다사2649,0.025253276735466054,연수구,170.506,1293,91.5,91.5,4.0,230.3,0.0,low,['인천양지초등학교'],1,,170.506,1293,source_allocation_v2_20260911,False,none,,11.208961,straight_500m,estimated,,222.76,직선 500m 거주 아동 시나리오,2024년 6~11세 배분 추정에 인천 전체 연령인구 성장률 적용. 보행권·실제 이용자·신규 수혜가 아님. 후보끼리 합산하지 않음.,,,177.91,,,159.4
CG_00624,126.67342830000041,37.54112889999974,55.76,49.96,다사2649,0.07365414529713823,미추홀구,228.328,1194,90.2,2737.0,4.0,230.3,0.0,low,['인천양지초등학교'],1,69.82,228.328,1194,source_allocation_v2_20260911,False,none,,11.208961,straight_500m,estimated,69.82,298.3,직선 500m 거주 아동 시나리오,2024년 6~11세 배분 추정에 인천 전체 연령인구 성장률 적용. 보행권·실제 이용자·신규 수혜가 아님. 후보끼리 합산하지 않음.,55.76,55.76,238.24,49.96,49.96,213.46
CG_00670,126.67567830000041,37.54112889999974,20.59,18.45,다사2749,0.08161701860864641,미추홀구,213.508,1224,452.4,3131.0,4.0,230.3,0.0,low,['인천양지초등학교'],1,25.78,213.508,1224,source_allocation_v2_20260911,False,none,,11.208961,straight_500m,estimated,25.78,278.94,직선 500m 거주 아동 시나리오,2024년 6~11세 배분 추정에 인천 전체 연령인구 성장률 적용. 보행권·실제 이용자·신규 수혜가 아님. 후보끼리 합산하지 않음.,20.59,20.59,222.78,18.45,18.45,199.6
CG_00580,126.6711783000004,37.54337889999974,34.77,31.15,다사2649,0.10339159694086232,미추홀구,271.29999999999995,1109,489.5,3100.4,4.0,230.3,0.0,low,['인천양지초등학교'],1,43.53,271.29999999999995,1109,source_allocation_v2_20260911,False,none,,11.208961,straight_500m,estimated,43.53,354.44,직선 500m 거주 아동 시나리오,2024년 6~11세 배분 추정에 인천 전체 연령인구 성장률 적용. 보행권·실제 이용자·신규 수혜가 아님. 후보끼리 합산하지 않음.,34.77,34.77,283.08,31.15,31.15,253.63
CG_00496,126.6666783000004,37.55012889999973,,,다사2650,0.0031219026786747546,서구,95.70400000000001,1383,565.9,17137.2,4.0,45.0,0.0,low,['인천서곶초등학교'],1,,95.70400000000001,1383,source_allocation_v2_20260911,False,none,,5.615125,straight_500m,estimated,,125.03,직선 500m 거주 아동 시나리오,2024년 6~11세 배분 추정에 인천 전체 연령인구 성장률 적용. 보행권·실제 이용자·신규 수혜가 아님. 후보끼리 합산하지 않음.,,,99.86,,,89.47
CG_00537,126.6689283000004,37.552378899999724,0.15,0.14,다사2650,0.02262728573628538,연수구,186.752,1270,183.8,183.8,4.0,45.0,0.0,low,['인천서곶초등학교'],1,0.19,186.752,1270,source_allocation_v2_20260911,False,none,,5.615125,straight_500m,estimated,0.19,243.98,직선 500m 거주 아동 시나리오,2024년 6~11세 배분 추정에 인천 전체 연령인구 성장률 적용. 보행권·실제 이용자·신규 수혜가 아님. 후보끼리 합산하지 않음.,0.15,0.15,194.86,0.14,0.14,174.59
CG_00531,126.6689283000004,37.538878899999744,,,다사2649,0.0741854576089062,서구,193.648,1261,467.1,17620.1,4.0,230.3,0.0,low,['인천양지초등학교'],1,,193.648,1261,source_allocation_v2_20260911,False,none,,11.208961,straight_500m,estimated,,252.99,직선 500m 거주 아동 시나리오,2024년 6~11세 배분 추정에 인천 전체 연령인구 성장률 적용. 보행권·실제 이용자·신규 수혜가 아님. 후보끼리 합산하지 않음.,,,202.06,,,181.03
CG_00532,126.6689283000004,37.54112889999974,4.59,4.11,다사2649,0.06756692122589886,연수구,172.432,1291,594.5,809.2,4.0,230.3,0.0,low,['인천양지초등학교'],1,5.75,172.432,1291,source_allocation_v2_20260911,False,none,,11.208961,straight_500m,estimated,5.75,225.27,직선 500m 거주 아동 시나리오,2024년 6~11세 배분 추정에 인천 전체 연령인구 성장률 적용. 보행권·실제 이용자·신규 수혜가 아님. 후보끼리 합산하지 않음.,4.59,4.59,179.92,4.11,4.11,161.2
CG_00492,126.6666783000004,37.54112889999974,0.06,0.06,다사2649,0.08911384838405423,서구,87.91000000000001,1389,809.9,7610.3,4.0,230.3,0.0,low,['인천양지초등학교'],1,0.08,87.91000000000001,1389,source_allocation_v2_20260911,False,none,,11.208961,straight_500m,estimated,0.08,114.85,직선 500m 거주 아동 시나리오,2024년 6~11세 배분 추정에 인천 전체 연령인구 성장률 적용. 보행권·실제 이용자·신규 수혜가 아님. 후보끼리 합산하지 않음.,0.06,0.06,91.73,0.06,0.06,82.18
CG_00495,126.6666783000004,37.54787889999973,,,다사2650,0.24956063417928903,서구,130.108,1345,622.1,8284.5,4.0,45.0,0.0,low,['인천서곶초등학교'],1,,130.108,1345,source_allocation_v2_20260911,False,none,,5.615125,straight_500m,estimated,,169.98,직선 500m 거주 아동 시나리오,2024년 6~11세 배분 추정에 인천 전체 연령인구 성장률 적용. 보행권·실제 이용자·신규 수혜가 아님. 후보끼리 합산하지 않음.,,,135.76,,,121.63
CG_00460,126.6644283000004,37.54787889999973,,,다사2650,0.25906952314313525,서구,25.188000000000002,1423,0.0,6346.0,4.0,45.0,0.0,low,['인천서곶초등학교'],1,,25.188000000000002,1423,source_allocation_v2_20260911,False,none,,5.615125,straight_500m,estimated,,32.91,직선 500m 거주 아동 시나리오,2024년 6~11세 배분 추정에 인천 전체 연령인구 성장률 적용. 보행권·실제 이용자·신규 수혜가 아님. 후보끼리 합산하지 않음.,,,26.28,,,23.55
CG_00461,126.6644283000004,37.55012889999973,,,다사2650,0.12453545133171715,서구,24.618000000000002,1424,235.8,6581.9,4.0,45.0,0.0,low,['인천서곶초등학교'],1,,24.618000000000002,1424,source_allocation_v2_20260911,False,none,,5.615125,straight_500m,estimated,,32.16,직선 500m 거주 아동 시나리오,2024년 6~11세 배분 추정에 인천 전체 연령인구 성장률 적용. 보행권·실제 이용자·신규 수혜가 아님. 후보끼리 합산하지 않음.,,,25.69,,,23.01
CG_00494,126.6666783000004,37.545628899999734,,,다사2649,0.08423582767199148,서구,130.69400000000002,1344,637.2,8066.4,4.0,45.0,0.0,low,['인천서곶초등학교'],1,,130.69400000000002,1344,source_allocation_v2_20260911,False,none,,5.615125,straight_500m,estimated,,170.74,직선 500m 거주 아동 시나리오,2024년 6~11세 배분 추정에 인천 전체 연령인구 성장률 적용. 보행권·실제 이용자·신규 수혜가 아님. 후보끼리 합산하지 않음.,,,136.37,,,122.18
CG_00534,126.6689283000004,37.545628899999734,11.04,9.89,다사2649,0.015954485172095086,연수구,233.272,1183,125.0,694.7,4.0,45.0,0.0,low,['인천서곶초등학교'],1,13.82,233.272,1183,source_allocation_v2_20260911,False,none,,5.615125,straight_500m,estimated,13.82,304.76,직선 500m 거주 아동 시나리오,2024년 6~11세 배분 추정에 인천 전체 연령인구 성장률 적용. 보행권·실제 이용자·신규 수혜가 아님. 후보끼리 합산하지 않음.,11.04,11.04,243.4,9.89,9.89,218.08
CG_00536,126.6689283000004,37.55012889999973,20.13,18.03,다사2650,0.19330123321158849,연수구,197.11,1256,286.2,944.5,4.0,45.0,0.0,low,['인천서곶초등학교'],1,25.2,197.11,1256,source_allocation_v2_20260911,False,none,,5.615125,straight_500m,estimated,25.2,257.52,직선 500m 거주 아동 시나리오,2024년 6~11세 배분 추정에 인천 전체 연령인구 성장률 적용. 보행권·실제 이용자·신규 수혜가 아님. 후보끼리 합산하지 않음.,20.13,20.13,205.67,18.03,18.03,184.27
CG_00493,126.6666783000004,37.54337889999974,,,다사2649,0.10899702405135667,서구,115.888,1360,494.0,7873.3,4.0,45.0,0.0,low,['인천서곶초등학교'],1,,115.888,1360,source_allocation_v2_20260911,False,none,,5.615125,straight_500m,estimated,,151.4,직선 500m 거주 아동 시나리오,2024년 6~11세 배분 추정에 인천 전체 연령인구 성장률 적용. 보행권·실제 이용자·신규 수혜가 아님. 후보끼리 합산하지 않음.,,,120.92,,,108.34
CG_00623,126.67342830000041,37.538878899999744,6.92,6.2,다사2649,0.0462029511710889,미추홀구,135.542,1334,200.1,2669.6,4.0,230.3,0.0,low,['인천양지초등학교'],1,8.66,135.542,1334,source_allocation_v2_20260911,False,none,,11.208961,straight_500m,estimated,8.66,177.08,직선 500m 거주 아동 시나리오,2024년 6~11세 배분 추정에 인천 전체 연령인구 성장률 적용. 보행권·실제 이용자·신규 수혜가 아님. 후보끼리 합산하지 않음.,6.92,6.92,141.43,6.2,6.2,126.71
CG_00089,126.62167830000033,37.480378899999835,13.31,11.92,다사2242,0.079284697106763,중구,,,131.0,131.0,3.0,247.0,4.0,medium,['인천송월초등학교'],1,16.66,,,source_allocation_v2_20260911,True,unknown,"500m 내 재개발 3건: unknown(208m), unknown(49m), unknown(146m)",3.531188,straight_500m,missing_age_observations,16.66,,직선 500m 거주 아동 시나리오,2024년 6~11세 배분 추정에 인천 전체 연령인구 성장률 적용. 보행권·실제 이용자·신규 수혜가 아님. 후보끼리 합산하지 않음.,13.31,13.31,,11.92,11.92,
CG_00087,126.62167830000033,37.47587889999984,1.29,1.15,다사2242,0.012803264170671104,중구,99.97,1377,577.0,577.0,3.0,247.0,4.0,medium,['인천송월초등학교'],1,1.61,99.97,1377,source_allocation_v2_20260911,True,unknown,"500m 내 재개발 3건: unknown(435m), unknown(487m), unknown(388m)",3.531188,straight_500m,estimated,1.61,130.61,직선 500m 거주 아동 시나리오,2024년 6~11세 배분 추정에 인천 전체 연령인구 성장률 적용. 보행권·실제 이용자·신규 수혜가 아님. 후보끼리 합산하지 않음.,1.29,1.29,104.31,1.15,1.15,93.46
CG_00081,126.61942830000032,37.47587889999984,11.09,9.93,다사2242,0.2242233582841382,서구,72.174,1399,720.0,7924.8,3.0,247.0,4.0,medium,['인천송월초등학교'],1,13.88,72.174,1399,source_allocation_v2_20260911,False,none,,3.531188,straight_500m,estimated,13.88,94.29,직선 500m 거주 아동 시나리오,2024년 6~11세 배분 추정에 인천 전체 연령인구 성장률 적용. 보행권·실제 이용자·신규 수혜가 아님. 후보끼리 합산하지 않음.,11.09,11.09,75.31,9.93,9.93,67.47
CG_00082,126.61942830000032,37.47812889999984,11.88,10.64,다사2242,0.2905288663135786,서구,98.252,1379,586.2,7588.9,3.0,247.0,4.0,medium,['인천송월초등학교'],1,14.87,98.252,1379,source_allocation_v2_20260911,True,unknown,"500m 내 재개발 3건: unknown(407m), unknown(340m), unknown(364m)",3.531188,straight_500m,estimated,14.87,128.36,직선 500m 거주 아동 시나리오,2024년 6~11세 배분 추정에 인천 전체 연령인구 성장률 적용. 보행권·실제 이용자·신규 수혜가 아님. 후보끼리 합산하지 않음.,11.88,11.88,102.52,10.64,10.64,91.85
CG_00088,126.62167830000033,37.47812889999984,8.69,7.79,다사2242,0.07920829294103049,중구,125.90200000000002,1350,272.3,272.3,3.0,247.0,4.0,medium,['인천송월초등학교'],1,10.88,125.90200000000002,1350,source_allocation_v2_20260911,True,unknown,"500m 내 재개발 4건: unknown(232m), unknown(239m), unknown(456m)",3.531188,straight_500m,estimated,10.88,164.49,직선 500m 거주 아동 시나리오,2024년 6~11세 배분 추정에 인천 전체 연령인구 성장률 적용. 보행권·실제 이용자·신규 수혜가 아님. 후보끼리 합산하지 않음.,8.69,8.69,131.37,7.79,7.79,117.7
CG_00098,126.62392830000033,37.47812889999984,3.11,2.78,다사2242,0.19576769894669502,서구,153.31,1323,136.6,8704.2,3.0,247.0,4.0,medium,['인천송월초등학교'],1,3.89,153.31,1323,source_allocation_v2_20260911,True,unknown,"500m 내 재개발 5건: unknown(147m), unknown(280m), unknown(306m)",3.531188,straight_500m,estimated,3.89,200.29,직선 500m 거주 아동 시나리오,2024년 6~11세 배분 추정에 인천 전체 연령인구 성장률 적용. 보행권·실제 이용자·신규 수혜가 아님. 후보끼리 합산하지 않음.,3.11,3.11,159.97,2.78,2.78,143.32
CG_00099,126.62392830000033,37.480378899999835,26.6,23.83,다사2242,0.034777759941350836,서구,181.788,1279,115.3,8930.6,3.0,247.0,4.0,medium,['인천송월초등학교'],1,33.3,181.788,1279,source_allocation_v2_20260911,True,unknown,"500m 내 재개발 4건: unknown(105m), unknown(153m), unknown(320m)",3.531188,straight_500m,estimated,33.3,237.5,직선 500m 거주 아동 시나리오,2024년 6~11세 배분 추정에 인천 전체 연령인구 성장률 적용. 보행권·실제 이용자·신규 수혜가 아님. 후보끼리 합산하지 않음.,26.6,26.6,189.68,23.83,23.83,169.95
CG_00083,126.61942830000032,37.480378899999835,8.86,7.94,다사2242,0.0,서구,,,600.2,7453.8,3.0,247.0,4.0,medium,['인천송월초등학교'],1,11.09,,,source_allocation_v2_20260911,True,unknown,"500m 내 재개발 3건: unknown(393m), unknown(246m), unknown(139m)",3.531188,straight_500m,missing_age_observations,11.09,,직선 500m 거주 아동 시나리오,2024년 6~11세 배분 추정에 인천 전체 연령인구 성장률 적용. 보행권·실제 이용자·신규 수혜가 아님. 후보끼리 합산하지 않음.,8.86,8.86,,7.94,7.94,
CG_00890,126.69367830000044,37.590628899999665,58.45,52.37,다사2854,0.9840911766483927,서구,521.5319999999999,561,324.2,17538.0,4.0,320.0,0.0,medium,['인천원당초등학교'],1,73.18,521.5319999999999,561,source_allocation_v2_20260911,False,none,,5.12472,straight_500m,estimated,73.18,681.35,직선 500m 거주 아동 시나리오,2024년 6~11세 배분 추정에 인천 전체 연령인구 성장률 적용. 보행권·실제 이용자·신규 수혜가 아님. 후보끼리 합산하지 않음.,58.45,58.45,544.18,52.37,52.37,487.56
CG_00893,126.69367830000044,37.61537889999963,10.81,9.69,다사2857,0.0,서구,412.48799999999994,812,1245.1,18466.8,2.0,235.0,0.0,medium,['인천목향초등학교'],1,13.54,412.48799999999994,812,source_allocation_v2_20260911,False,none,,0.0,straight_500m,estimated,13.54,538.9,직선 500m 거주 아동 시나리오,2024년 6~11세 배분 추정에 인천 전체 연령인구 성장률 적용. 보행권·실제 이용자·신규 수혜가 아님. 후보끼리 합산하지 않음.,10.81,10.81,430.4,9.69,9.69,385.62
CG_00892,126.69367830000044,37.59512889999966,41.1,36.82,다사2855,0.0,서구,536.9639999999999,531,1333.5,18555.3,4.0,320.0,0.0,medium,['인천원당초등학교'],1,51.46,536.9639999999999,531,source_allocation_v2_20260911,False,none,,5.12472,straight_500m,estimated,51.46,701.52,직선 500m 거주 아동 시나리오,2024년 6~11세 배분 추정에 인천 전체 연령인구 성장률 적용. 보행권·실제 이용자·신규 수혜가 아님. 후보끼리 합산하지 않음.,41.1,41.1,560.28,36.82,36.82,501.99
CG_00891,126.69367830000044,37.59287889999966,111.47,99.87,다사2855,0.0397043142101775,서구,666.8299999999999,341,443.1,17664.8,4.0,320.0,0.0,medium,['인천원당초등학교'],1,139.57,666.8299999999999,341,source_allocation_v2_20260911,False,none,,5.12472,straight_500m,estimated,139.57,871.18,직선 500m 거주 아동 시나리오,2024년 6~11세 배분 추정에 인천 전체 연령인구 성장률 적용. 보행권·실제 이용자·신규 수혜가 아님. 후보끼리 합산하지 않음.,111.47,111.47,695.79,99.87,99.87,623.39
CG_00676,126.67567830000041,37.57937889999968,,,다사2753,0.12745121179630678,미추홀구,,,255.0,2071.0,2.0,91.0,0.0,medium,['인천한들초등학교'],1,,,,source_allocation_v2_20260911,False,none,,0.0,straight_500m,missing_age_observations,,,직선 500m 거주 아동 시나리오,2024년 6~11세 배분 추정에 인천 전체 연령인구 성장률 적용. 보행권·실제 이용자·신규 수혜가 아님. 후보끼리 합산하지 않음.,,,,,,
CG_00677,126.67567830000041,37.58162889999968,,,다사2753,0.2383369648134956,미추홀구,,,0.0,1974.9,2.0,91.0,0.0,medium,['인천한들초등학교'],1,,,,source_allocation_v2_20260911,False,none,,0.0,straight_500m,missing_age_observations,,,직선 500m 거주 아동 시나리오,2024년 6~11세 배분 추정에 인천 전체 연령인구 성장률 적용. 보행권·실제 이용자·신규 수혜가 아님. 후보끼리 합산하지 않음.,,,,,,
CG_00633,126.67342830000041,37.583878899999675,3.0,2.69,다사2754,0.24928852058344023,미추홀구,,,332.8,2392.7,2.0,91.0,0.0,medium,['인천한들초등학교'],1,3.76,,,source_allocation_v2_20260911,False,none,,0.0,straight_500m,missing_age_observations,3.76,,직선 500m 거주 아동 시나리오,2024년 6~11세 배분 추정에 인천 전체 연령인구 성장률 적용. 보행권·실제 이용자·신규 수혜가 아님. 후보끼리 합산하지 않음.,3.0,3.0,,2.69,2.69,
CG_00586,126.6711783000004,37.57937889999968,128.47,115.11,다사2653,0.38626531679426934,미추홀구,,,233.3,2811.7,2.0,91.0,0.0,medium,['인천한들초등학교'],1,160.86,,,source_allocation_v2_20260911,False,none,,0.0,straight_500m,missing_age_observations,160.86,,직선 500m 거주 아동 시나리오,2024년 6~11세 배분 추정에 인천 전체 연령인구 성장률 적용. 보행권·실제 이용자·신규 수혜가 아님. 후보끼리 합산하지 않음.,128.47,128.47,,115.11,115.11,
CG_00865,126.69142830000044,37.59512889999966,15.45,13.85,다사2855,0.9117696848381409,서구,365.852,905,628.3,19647.7,4.0,320.0,0.0,medium,['인천원당초등학교'],1,19.35,365.852,905,source_allocation_v2_20260911,False,none,,5.12472,straight_500m,estimated,19.35,477.97,직선 500m 거주 아동 시나리오,2024년 6~11세 배분 추정에 인천 전체 연령인구 성장률 적용. 보행권·실제 이용자·신규 수혜가 아님. 후보끼리 합산하지 않음.,15.45,15.45,381.74,13.85,13.85,342.02
CG_00678,126.67567830000041,37.583878899999675,3.55,3.18,다사2754,0.12916715285428432,미추홀구,,,361.9,2047.9,2.0,91.0,0.0,medium,['인천한들초등학교'],1,4.44,,,source_allocation_v2_20260911,False,none,,0.0,straight_500m,missing_age_observations,4.44,,직선 500m 거주 아동 시나리오,2024년 6~11세 배분 추정에 인천 전체 연령인구 성장률 적용. 보행권·실제 이용자·신규 수혜가 아님. 후보끼리 합산하지 않음.,3.55,3.55,,3.18,3.18,
CG_00995,126.70042830000045,37.60862889999964,,,다사2956,0.11317323690188036,부평구,0.162,1431,484.4,3960.4,2.0,95.0,0.0,medium,['인천신검단초등학교'],1,,0.162,1431,source_allocation_v2_20260911,False,none,,0.0,straight_500m,estimated,,0.21,직선 500m 거주 아동 시나리오,2024년 6~11세 배분 추정에 인천 전체 연령인구 성장률 적용. 보행권·실제 이용자·신규 수혜가 아님. 후보끼리 합산하지 않음.,,,0.17,,,0.15
CG_00996,126.70042830000045,37.61087889999963,,,다사2957,0.4040031079215438,부평구,9.826,1428,448.2,4619.9,2.0,95.0,0.0,medium,['인천신검단초등학교'],1,,9.826,1428,source_allocation_v2_20260911,False,none,,0.0,straight_500m,estimated,,12.84,직선 500m 거주 아동 시나리오,2024년 6~11세 배분 추정에 인천 전체 연령인구 성장률 적용. 보행권·실제 이용자·신규 수혜가 아님. 후보끼리 합산하지 않음.,,,10.25,,,9.19
CG_00962,126.69817830000045,37.61312889999963,,,다사2957,0.08236412686510665,부평구,28.427999999999997,1422,940.5,3493.0,2.0,235.0,0.0,medium,['인천목향초등학교'],1,,28.427999999999997,1422,source_allocation_v2_20260911,False,none,,0.0,straight_500m,estimated,,37.14,직선 500m 거주 아동 시나리오,2024년 6~11세 배분 추정에 인천 전체 연령인구 성장률 적용. 보행권·실제 이용자·신규 수혜가 아님. 후보끼리 합산하지 않음.,,,29.66,,,26.58
CG_00963,126.69817830000045,37.61537889999963,,,다사2957,0.030834994199077547,부평구,235.15800000000002,1179,841.7,3601.4,2.0,235.0,0.0,medium,['인천목향초등학교'],1,,235.15800000000002,1179,source_allocation_v2_20260911,False,none,,0.0,straight_500m,estimated,,307.22,직선 500m 거주 아동 시나리오,2024년 6~11세 배분 추정에 인천 전체 연령인구 성장률 적용. 보행권·실제 이용자·신규 수혜가 아님. 후보끼리 합산하지 않음.,,,245.37,,,219.84
CG_00927,126.69592830000045,37.60862889999964,,,다사2956,0.22329997046226482,연수구,0.324,1430,490.3,691.2,2.0,95.0,0.0,medium,['인천신검단초등학교'],1,,0.324,1430,source_allocation_v2_20260911,False,none,,0.0,straight_500m,estimated,,0.42,직선 500m 거주 아동 시나리오,2024년 6~11세 배분 추정에 인천 전체 연령인구 성장률 적용. 보행권·실제 이용자·신규 수혜가 아님. 후보끼리 합산하지 않음.,,,0.34,,,0.3
CG_00675,126.67567830000041,37.577128899999686,,,다사2753,0.12965264205815968,미추홀구,,,438.2,2165.1,2.0,91.0,0.0,medium,['인천한들초등학교'],1,,,,source_allocation_v2_20260911,False,none,,0.0,straight_500m,missing_age_observations,,,직선 500m 거주 아동 시나리오,2024년 6~11세 배분 추정에 인천 전체 연령인구 성장률 적용. 보행권·실제 이용자·신규 수혜가 아님. 후보끼리 합산하지 않음.,,,,,,
CG_00961,126.69817830000045,37.61087889999963,,,다사2957,0.08138078079980919,부평구,0.086,1432,0.0,1467.2,2.0,95.0,0.0,medium,['인천신검단초등학교'],1,,0.086,1432,source_allocation_v2_20260911,False,none,,0.0,straight_500m,estimated,,0.11,직선 500m 거주 아동 시나리오,2024년 6~11세 배분 추정에 인천 전체 연령인구 성장률 적용. 보행권·실제 이용자·신규 수혜가 아님. 후보끼리 합산하지 않음.,,,0.09,,,0.08
CG_00960,126.69817830000045,37.60862889999964,,,다사2956,0.15821212356240694,부평구,,,194.5,1124.7,2.0,95.0,0.0,medium,['인천신검단초등학교'],1,,,,source_allocation_v2_20260911,False,none,,0.0,straight_500m,missing_age_observations,,,직선 500m 거주 아동 시나리오,2024년 6~11세 배분 추정에 인천 전체 연령인구 성장률 적용. 보행권·실제 이용자·신규 수혜가 아님. 후보끼리 합산하지 않음.,,,,,,
CG_00928,126.69592830000045,37.61087889999963,,,다사2957,0.04859749865353346,연수구,12.632,1426,718.4,919.3,2.0,95.0,0.0,medium,['인천신검단초등학교'],1,,12.632,1426,source_allocation_v2_20260911,False,none,,0.0,straight_500m,estimated,,16.5,직선 500m 거주 아동 시나리오,2024년 6~11세 배분 추정에 인천 전체 연령인구 성장률 적용. 보행권·실제 이용자·신규 수혜가 아님. 후보끼리 합산하지 않음.,,,13.18,,,11.81
CG_00929,126.69592830000045,37.61312889999963,,,다사2957,0.2328884825850379,미추홀구,52.278,1411,512.8,512.8,2.0,235.0,0.0,medium,['인천목향초등학교'],1,,52.278,1411,source_allocation_v2_20260911,False,none,,0.0,straight_500m,estimated,,68.3,직선 500m 거주 아동 시나리오,2024년 6~11세 배분 추정에 인천 전체 연령인구 성장률 적용. 보행권·실제 이용자·신규 수혜가 아님. 후보끼리 합산하지 않음.,,,54.55,,,48.87
CG_00630,126.67342830000041,37.577128899999686,49.75,44.57,다사2753,0.29859404324111904,미추홀구,,,976.2,3214.9,2.0,91.0,0.0,medium,['인천한들초등학교'],1,62.29,,,source_allocation_v2_20260911,False,none,,0.0,straight_500m,missing_age_observations,62.29,,직선 500m 거주 아동 시나리오,2024년 6~11세 배분 추정에 인천 전체 연령인구 성장률 적용. 보행권·실제 이용자·신규 수혜가 아님. 후보끼리 합산하지 않음.,49.75,49.75,,44.57,44.57,
CG_00585,126.6711783000004,37.577128899999686,99.51,89.16,다사2653,0.6137346832057307,미추홀구,,,186.9,3030.0,2.0,91.0,0.0,medium,['인천한들초등학교'],1,124.6,,,source_allocation_v2_20260911,False,none,,0.0,straight_500m,missing_age_observations,124.6,,직선 500m 거주 아동 시나리오,2024년 6~11세 배분 추정에 인천 전체 연령인구 성장률 적용. 보행권·실제 이용자·신규 수혜가 아님. 후보끼리 합산하지 않음.,99.51,99.51,,89.16,89.16,
CG_00863,126.69142830000044,37.590628899999665,24.26,21.73,다사2854,0.01590882335160727,부평구,358.042,925,726.1,5911.7,4.0,320.0,0.0,medium,['인천원당초등학교'],1,30.37,358.042,925,source_allocation_v2_20260911,False,none,,5.12472,straight_500m,estimated,30.37,467.76,직선 500m 거주 아동 시나리오,2024년 6~11세 배분 추정에 인천 전체 연령인구 성장률 적용. 보행권·실제 이용자·신규 수혜가 아님. 후보끼리 합산하지 않음.,24.26,24.26,373.59,21.73,21.73,334.72
CG_00869,126.69142830000044,37.61762889999962,117.52,105.3,다사2857,0.05741559259526984,미추홀구,537.54,527,67.2,1439.2,2.0,235.0,0.0,medium,['인천목향초등학교'],1,147.15,537.54,527,source_allocation_v2_20260911,False,none,,0.0,straight_500m,estimated,147.15,702.27,직선 500m 거주 아동 시나리오,2024년 6~11세 배분 추정에 인천 전체 연령인구 성장률 적용. 보행권·실제 이용자·신규 수혜가 아님. 후보끼리 합산하지 않음.,117.52,117.52,560.88,105.3,105.3,502.53
CG_01608,126.74317830000052,37.55687889999972,28.23,25.3,다사3351,0.23774396393213312,남동구,235.274,1178,191.5,350.4,2.0,244.0,0.0,low,['인천소양초등학교'],1,35.35,235.274,1178,source_allocation_v2_20260911,True,planned,500m 내 재개발 1건: planned(133m),0.747918,straight_500m,estimated,35.35,307.37,직선 500m 거주 아동 시나리오,2024년 6~11세 배분 추정에 인천 전체 연령인구 성장률 적용. 보행권·실제 이용자·신규 수혜가 아님. 후보끼리 합산하지 않음.,28.23,28.23,245.49,25.3,25.3,219.95
CG_01592,126.74092830000052,37.55912889999971,1.27,1.14,다사3251,0.6693299901087648,남동구,79.938,1393,271.3,821.5,2.0,244.0,0.0,low,['인천소양초등학교'],1,1.59,79.938,1393,source_allocation_v2_20260911,True,planned,500m 내 재개발 1건: planned(200m),0.747918,straight_500m,estimated,1.59,104.44,직선 500m 거주 아동 시나리오,2024년 6~11세 배분 추정에 인천 전체 연령인구 성장률 적용. 보행권·실제 이용자·신규 수혜가 아님. 후보끼리 합산하지 않음.,1.27,1.27,83.41,1.14,1.14,74.73
CG_01637,126.74767830000053,37.55462889999972,49.94,44.74,다사3350,0.0,,206.774,1240,,,2.0,244.0,0.0,low,['인천소양초등학교'],1,62.53,206.774,1240,source_allocation_v2_20260911,False,none,,0.747918,straight_500m,estimated,62.53,270.14,직선 500m 거주 아동 시나리오,2024년 6~11세 배분 추정에 인천 전체 연령인구 성장률 적용. 보행권·실제 이용자·신규 수혜가 아님. 후보끼리 합산하지 않음.,49.94,49.94,215.75,44.74,44.74,193.31
CG_01609,126.74317830000052,37.55912889999971,2.57,2.3,다사3351,0.5942722179081985,남동구,126.786,1348,278.1,602.8,2.0,244.0,0.0,low,['인천소양초등학교'],1,3.22,126.786,1348,source_allocation_v2_20260911,True,planned,500m 내 재개발 1건: planned(215m),0.747918,straight_500m,estimated,3.22,165.64,직선 500m 거주 아동 시나리오,2024년 6~11세 배분 추정에 인천 전체 연령인구 성장률 적용. 보행권·실제 이용자·신규 수혜가 아님. 후보끼리 합산하지 않음.,2.57,2.57,132.29,2.3,2.3,118.53
CG_01591,126.74092830000052,37.55687889999972,10.35,9.27,다사3251,0.33067000989123524,남동구,166.588,1299,550.9,709.7,2.0,244.0,0.0,low,['인천소양초등학교'],1,12.96,166.588,1299,source_allocation_v2_20260911,True,planned,500m 내 재개발 1건: planned(108m),0.747918,straight_500m,estimated,12.96,217.64,직선 500m 거주 아동 시나리오,2024년 6~11세 배분 추정에 인천 전체 연령인구 성장률 적용. 보행권·실제 이용자·신규 수혜가 아님. 후보끼리 합산하지 않음.,10.35,10.35,173.82,9.27,9.27,155.74
CG_01624,126.74542830000053,37.55912889999971,0.91,0.82,다사3351,0.1679838181596683,계양구,156.332,1316,188.5,13023.7,2.0,244.0,0.0,low,['인천소양초등학교'],1,1.14,156.332,1316,source_allocation_v2_20260911,True,planned,500m 내 재개발 1건: planned(362m),0.747918,straight_500m,estimated,1.14,204.24,직선 500m 거주 아동 시나리오,2024년 6~11세 배분 추정에 인천 전체 연령인구 성장률 적용. 보행권·실제 이용자·신규 수혜가 아님. 후보끼리 합산하지 않음.,0.91,0.91,163.12,0.82,0.82,146.15
CG_01623,126.74542830000053,37.55687889999972,34.64,31.03,다사3351,0.0,남동구,236.988,1174,632.3,1354.8,2.0,244.0,0.0,low,['인천소양초등학교'],1,43.37,236.988,1174,source_allocation_v2_20260911,True,planned,500m 내 재개발 1건: planned(321m),0.747918,straight_500m,estimated,43.37,309.61,직선 500m 거주 아동 시나리오,2024년 6~11세 배분 추정에 인천 전체 연령인구 성장률 적용. 보행권·실제 이용자·신규 수혜가 아님. 후보끼리 합산하지 않음.,34.64,34.64,247.28,31.03,31.03,221.55
CG_01638,126.74767830000053,37.55687889999972,25.91,23.21,다사3351,0.0,,212.416,1228,,,2.0,244.0,0.0,low,['인천소양초등학교'],1,32.44,212.416,1228,source_allocation_v2_20260911,False,none,,0.747918,straight_500m,estimated,32.44,277.51,직선 500m 거주 아동 시나리오,2024년 6~11세 배분 추정에 인천 전체 연령인구 성장률 적용. 보행권·실제 이용자·신규 수혜가 아님. 후보끼리 합산하지 않음.,25.91,25.91,221.64,23.21,23.21,198.58
CG_00427,126.66217830000039,37.4106289,39.23,35.15,다사2534,0.08620901114960164,서구,497.284,627,494.6,8222.6,2.0,120.0,0.0,low,['인천새봄초등학교'],1,49.12,497.284,627,source_allocation_v2_20260911,False,none,,0.025511,straight_500m,estimated,49.12,649.68,직선 500m 거주 아동 시나리오,2024년 6~11세 배분 추정에 인천 전체 연령인구 성장률 적용. 보행권·실제 이용자·신규 수혜가 아님. 후보끼리 합산하지 않음.,39.23,39.23,518.88,35.15,35.15,464.89
CG_00428,126.66217830000039,37.4128789,5.08,4.55,다사2535,0.0,연수구,309.778,1045,1770.7,2112.7,2.0,120.0,0.0,low,['인천새봄초등학교'],1,6.36,309.778,1045,source_allocation_v2_20260911,False,none,,0.025511,straight_500m,estimated,6.36,404.71,직선 500m 거주 아동 시나리오,2024년 6~11세 배분 추정에 인천 전체 연령인구 성장률 적용. 보행권·실제 이용자·신규 수혜가 아님. 후보끼리 합산하지 않음.,5.08,5.08,323.23,4.55,4.55,289.6
CG_00409,126.65992830000039,37.4151289,0.93,0.84,다사2535,0.009297741512664295,연수구,103.432,1373,1150.0,1492.0,2.0,120.0,0.0,low,['인천새봄초등학교'],1,1.17,103.432,1373,source_allocation_v2_20260911,False,none,,0.025511,straight_500m,estimated,1.17,135.13,직선 500m 거주 아동 시나리오,2024년 6~11세 배분 추정에 인천 전체 연령인구 성장률 적용. 보행권·실제 이용자·신규 수혜가 아님. 후보끼리 합산하지 않음.,0.93,0.93,107.92,0.84,0.84,96.7
CG_00407,126.65992830000039,37.4106289,,,다사2534,0.008511486008186043,연수구,517.64,571,1848.0,2189.9,2.0,120.0,0.0,low,['인천새봄초등학교'],1,,517.64,571,source_allocation_v2_20260911,False,none,,0.025511,straight_500m,estimated,,676.27,직선 500m 거주 아동 시나리오,2024년 6~11세 배분 추정에 인천 전체 연령인구 성장률 적용. 보행권·실제 이용자·신규 수혜가 아님. 후보끼리 합산하지 않음.,,,540.12,,,483.92
CG_00361,126.65542830000038,37.4128789,5.4,4.84,다사2535,0.42185626721788383,미추홀구,228.334,1193,0.0,2646.2,2.0,120.0,0.0,low,['인천새봄초등학교'],1,6.76,228.334,1193,source_allocation_v2_20260911,False,none,,0.025511,straight_500m,estimated,6.76,298.31,직선 500m 거주 아동 시나리오,2024년 6~11세 배분 추정에 인천 전체 연령인구 성장률 적용. 보행권·실제 이용자·신규 수혜가 아님. 후보끼리 합산하지 않음.,5.4,5.4,238.25,4.84,4.84,213.46
CG_00389,126.65767830000038,37.4128789,28.21,25.27,다사2535,0.02600249653009282,연수구,265.48199999999997,1122,608.8,698.3,2.0,120.0,0.0,low,['인천새봄초등학교'],1,35.32,265.48199999999997,1122,source_allocation_v2_20260911,False,none,,0.025511,straight_500m,estimated,35.32,346.84,직선 500m 거주 아동 시나리오,2024년 6~11세 배분 추정에 인천 전체 연령인구 성장률 적용. 보행권·실제 이용자·신규 수혜가 아님. 후보끼리 합산하지 않음.,28.21,28.21,277.01,25.27,25.27,248.19
CG_00390,126.65767830000038,37.4151289,3.11,2.78,다사2535,0.0019104971511498317,미추홀구,139.636,1331,408.5,1770.6,2.0,120.0,0.0,low,['인천새봄초등학교'],1,3.89,139.636,1331,source_allocation_v2_20260911,False,none,,0.025511,straight_500m,estimated,3.89,182.43,직선 500m 거주 아동 시나리오,2024년 6~11세 배분 추정에 인천 전체 연령인구 성장률 적용. 보행권·실제 이용자·신규 수혜가 아님. 후보끼리 합산하지 않음.,3.11,3.11,145.7,2.78,2.78,130.54
CG_00386,126.65767830000038,37.4061289,37.19,33.32,다사2534,0.027790678329248957,연수구,223.552,1205,180.3,180.3,2.0,120.0,0.0,low,['인천새봄초등학교'],1,46.56,223.552,1205,source_allocation_v2_20260911,False,none,,0.025511,straight_500m,estimated,46.56,292.06,직선 500m 거주 아동 시나리오,2024년 6~11세 배분 추정에 인천 전체 연령인구 성장률 적용. 보행권·실제 이용자·신규 수혜가 아님. 후보끼리 합산하지 않음.,37.19,37.19,233.26,33.32,33.32,208.99
CG_00387,126.65767830000038,37.4083789,110.04,98.59,다사2534,0.12708305441044643,연수구,356.97,926,58.0,58.0,2.0,120.0,0.0,low,['인천새봄초등학교'],1,137.78,356.97,926,source_allocation_v2_20260911,False,none,,0.025511,straight_500m,estimated,137.78,466.36,직선 500m 거주 아동 시나리오,2024년 6~11세 배분 추정에 인천 전체 연령인구 성장률 적용. 보행권·실제 이용자·신규 수혜가 아님. 후보끼리 합산하지 않음.,110.04,110.04,372.47,98.59,98.59,333.72
CG_00425,126.66217830000039,37.4061289,,,다사2534,0.10742213927551743,서구,323.77,1012,438.2,8276.9,2.0,120.0,0.0,low,['인천새봄초등학교'],1,,323.77,1012,source_allocation_v2_20260911,False,none,,0.025511,straight_500m,estimated,,422.99,직선 500m 거주 아동 시나리오,2024년 6~11세 배분 추정에 인천 전체 연령인구 성장률 적용. 보행권·실제 이용자·신규 수혜가 아님. 후보끼리 합산하지 않음.,,,337.83,,,302.68
CG_00358,126.65542830000038,37.4061289,,,다사2534,0.04529137813286465,연수구,232.12,1186,432.7,698.0,2.0,120.0,0.0,low,['인천새봄초등학교'],1,,232.12,1186,source_allocation_v2_20260911,False,none,,0.025511,straight_500m,estimated,,303.25,직선 500m 거주 아동 시나리오,2024년 6~11세 배분 추정에 인천 전체 연령인구 성장률 적용. 보행권·실제 이용자·신규 수혜가 아님. 후보끼리 합산하지 않음.,,,242.2,,,217.0
CG_00359,126.65542830000038,37.4083789,13.59,12.18,다사2534,0.09773180847349869,미추홀구,340.856,967,54.0,2233.1,2.0,120.0,0.0,low,['인천새봄초등학교'],1,17.02,340.856,967,source_allocation_v2_20260911,False,none,,0.025511,straight_500m,estimated,17.02,445.31,직선 500m 거주 아동 시나리오,2024년 6~11세 배분 추정에 인천 전체 연령인구 성장률 적용. 보행권·실제 이용자·신규 수혜가 아님. 후보끼리 합산하지 않음.,13.59,13.59,355.66,12.18,12.18,318.65
CG_00360,126.65542830000038,37.4106289,73.53,65.88,다사2534,0.02890557504799809,미추홀구,343.266,959,173.5,2233.8,2.0,120.0,0.0,low,['인천새봄초등학교'],1,92.07,343.266,959,source_allocation_v2_20260911,False,none,,0.025511,straight_500m,estimated,92.07,448.46,직선 500m 거주 아동 시나리오,2024년 6~11세 배분 추정에 인천 전체 연령인구 성장률 적용. 보행권·실제 이용자·신규 수혜가 아님. 후보끼리 합산하지 않음.,73.53,73.53,358.17,65.88,65.88,320.91
CG_00329,126.65317830000038,37.4061289,,,다사2534,0.0,연수구,122.49,1355,1536.2,1990.3,2.0,120.0,0.0,low,['인천새봄초등학교'],1,,122.49,1355,source_allocation_v2_20260911,False,none,,0.025511,straight_500m,estimated,,160.03,직선 500m 거주 아동 시나리오,2024년 6~11세 배분 추정에 인천 전체 연령인구 성장률 적용. 보행권·실제 이용자·신규 수혜가 아님. 후보끼리 합산하지 않음.,,,127.81,,,114.51
CG_00330,126.65317830000038,37.4083789,,,다사2534,0.0,연수구,267.974,1115,1462.6,1665.4,2.0,120.0,0.0,low,['인천새봄초등학교'],1,,267.974,1115,source_allocation_v2_20260911,False,none,,0.025511,straight_500m,estimated,,350.09,직선 500m 거주 아동 시나리오,2024년 6~11세 배분 추정에 인천 전체 연령인구 성장률 적용. 보행권·실제 이용자·신규 수혜가 아님. 후보끼리 합산하지 않음.,,,279.61,,,250.52
CG_00331,126.65317830000038,37.4106289,,,다사2534,0.0010323625511047814,연수구,235.37,1176,1256.8,1459.6,2.0,120.0,0.0,low,['인천새봄초등학교'],1,,235.37,1176,source_allocation_v2_20260911,False,none,,0.025511,straight_500m,estimated,,307.5,직선 500m 거주 아동 시나리오,2024년 6~11세 배분 추정에 인천 전체 연령인구 성장률 적용. 보행권·실제 이용자·신규 수혜가 아님. 후보끼리 합산하지 않음.,,,245.59,,,220.04
CG_00308,126.65092830000037,37.4083789,,,다사2434,0.059048557376801425,연수구,50.312,1413,629.6,3215.8,2.0,120.0,0.0,low,['인천새봄초등학교'],1,,50.312,1413,source_allocation_v2_20260911,False,none,,0.025511,straight_500m,estimated,,65.73,직선 500m 거주 아동 시나리오,2024년 6~11세 배분 추정에 인천 전체 연령인구 성장률 적용. 보행권·실제 이용자·신규 수혜가 아님. 후보끼리 합산하지 않음.,,,52.5,,,47.03
CG_00332,126.65317830000038,37.4128789,0.51,0.46,다사2535,0.01290243236913413,연수구,198.56,1251,351.0,797.9,2.0,120.0,0.0,low,['인천새봄초등학교'],1,0.64,198.56,1251,source_allocation_v2_20260911,False,none,,0.025511,straight_500m,estimated,0.64,259.41,직선 500m 거주 아동 시나리오,2024년 6~11세 배분 추정에 인천 전체 연령인구 성장률 적용. 보행권·실제 이용자·신규 수혜가 아님. 후보끼리 합산하지 않음.,0.51,0.51,207.18,0.46,0.46,185.63
CG_00388,126.65767830000038,37.4106289,68.01,60.93,다사2534,0.09763698602776746,연수구,395.13,849,386.7,386.7,2.0,120.0,0.0,low,['인천새봄초등학교'],1,85.15,395.13,849,source_allocation_v2_20260911,False,none,,0.025511,straight_500m,estimated,85.15,516.22,직선 500m 거주 아동 시나리오,2024년 6~11세 배분 추정에 인천 전체 연령인구 성장률 적용. 보행권·실제 이용자·신규 수혜가 아님. 후보끼리 합산하지 않음.,68.01,68.01,412.29,60.93,60.93,369.39
CG_00362,126.65542830000038,37.4151289,7.8,6.98,다사2535,0.11358698238313819,미추홀구,153.936,1321,565.8,2363.0,2.0,120.0,0.0,low,['인천새봄초등학교'],1,9.76,153.936,1321,source_allocation_v2_20260911,False,none,,0.025511,straight_500m,estimated,9.76,201.11,직선 500m 거주 아동 시나리오,2024년 6~11세 배분 추정에 인천 전체 연령인구 성장률 적용. 보행권·실제 이용자·신규 수혜가 아님. 후보끼리 합산하지 않음.,7.8,7.8,160.62,6.98,6.98,143.91
CG_00309,126.65092830000037,37.4106289,,,다사2434,0.07157114049476927,연수구,75.09,1397,422.4,639.9,2.0,120.0,0.0,low,['인천새봄초등학교'],1,,75.09,1397,source_allocation_v2_20260911,False,none,,0.025511,straight_500m,estimated,,98.1,직선 500m 거주 아동 시나리오,2024년 6~11세 배분 추정에 인천 전체 연령인구 성장률 적용. 보행권·실제 이용자·신규 수혜가 아님. 후보끼리 합산하지 않음.,,,78.35,,,70.2
CG_00408,126.65992830000039,37.4128789,8.35,7.48,다사2535,0.2594831509454439,연수구,342.104,963,1294.9,1636.8,2.0,120.0,0.0,low,['인천새봄초등학교'],1,10.46,342.104,963,source_allocation_v2_20260911,False,none,,0.025511,straight_500m,estimated,10.46,446.94,직선 500m 거주 아동 시나리오,2024년 6~11세 배분 추정에 인천 전체 연령인구 성장률 적용. 보행권·실제 이용자·신규 수혜가 아님. 후보끼리 합산하지 않음.,8.35,8.35,356.96,7.48,7.48,319.82
CG_00426,126.66217830000039,37.4083789,1.25,1.12,다사2534,0.1924414294644558,서구,509.648,592,551.9,8021.6,2.0,120.0,0.0,low,['인천새봄초등학교'],1,1.57,509.648,592,source_allocation_v2_20260911,False,none,,0.025511,straight_500m,estimated,1.57,665.83,직선 500m 거주 아동 시나리오,2024년 6~11세 배분 추정에 인천 전체 연령인구 성장률 적용. 보행권·실제 이용자·신규 수혜가 아님. 후보끼리 합산하지 않음.,1.25,1.25,531.78,1.12,1.12,476.45
CG_00406,126.65992830000039,37.4083789,29.72,26.63,다사2534,0.1116520910007907,서구,483.216,658,0.0,16869.3,2.0,120.0,0.0,low,['인천새봄초등학교'],1,37.21,483.216,658,source_allocation_v2_20260911,False,none,,0.025511,straight_500m,estimated,37.21,631.3,직선 500m 거주 아동 시나리오,2024년 6~11세 배분 추정에 인천 전체 연령인구 성장률 적용. 보행권·실제 이용자·신규 수혜가 아님. 후보끼리 합산하지 않음.,29.72,29.72,504.2,26.63,26.63,451.74
CG_00405,126.65992830000039,37.4061289,3.57,3.2,다사2534,0.06829200012851944,서구,217.59199999999998,1218,269.8,16485.4,2.0,120.0,0.0,low,['인천새봄초등학교'],1,4.47,217.59199999999998,1218,source_allocation_v2_20260911,False,none,,0.025511,straight_500m,estimated,4.47,284.27,직선 500m 거주 아동 시나리오,2024년 6~11세 배분 추정에 인천 전체 연령인구 성장률 적용. 보행권·실제 이용자·신규 수혜가 아님. 후보끼리 합산하지 않음.,3.57,3.57,227.04,3.2,3.2,203.42
CG_00862,126.69142830000044,37.50737889999979,3.38,3.03,다사2845,0.07100513642620955,부평구,79.26599999999999,1394,550.4,5766.8,3.0,67.0,0.0,low,['한일초등학교'],1,4.23,79.26599999999999,1394,source_allocation_v2_20260911,False,none,,1.499527,straight_500m,estimated,4.23,103.56,직선 500m 거주 아동 시나리오,2024년 6~11세 배분 추정에 인천 전체 연령인구 성장률 적용. 보행권·실제 이용자·신규 수혜가 아님. 후보끼리 합산하지 않음.,3.38,3.38,82.71,3.03,3.03,74.1
CG_00915,126.69592830000045,37.50737889999979,3.47,3.11,다사2845,0.1442521467719916,부평구,360.008,921,199.1,6006.1,3.0,67.0,0.0,low,['한일초등학교'],1,4.34,360.008,921,source_allocation_v2_20260911,True,planned,"500m 내 재개발 2건: planned(459m), unknown(184m)",1.499527,straight_500m,estimated,4.34,470.33,직선 500m 거주 아동 시나리오,2024년 6~11세 배분 추정에 인천 전체 연령인구 성장률 적용. 보행권·실제 이용자·신규 수혜가 아님. 후보끼리 합산하지 않음.,3.47,3.47,375.64,3.11,3.11,336.56
CG_00889,126.69367830000044,37.50737889999979,6.31,5.65,다사2845,0.11026374878806865,서구,263.02,1128,354.0,16989.0,3.0,67.0,0.0,low,['한일초등학교'],1,7.9,263.02,1128,source_allocation_v2_20260911,True,unknown,500m 내 재개발 1건: unknown(373m),1.499527,straight_500m,estimated,7.9,343.62,직선 500m 거주 아동 시나리오,2024년 6~11세 배분 추정에 인천 전체 연령인구 성장률 적용. 보행권·실제 이용자·신규 수혜가 아님. 후보끼리 합산하지 않음.,6.31,6.31,274.44,5.65,5.65,245.89
CG_00914,126.69592830000045,37.5051288999998,63.54,56.93,다사2845,0.02621074520177452,부평구,401.256,838,0.0,5888.5,3.0,67.0,0.0,low,['한일초등학교'],1,79.56,401.256,838,source_allocation_v2_20260911,True,planned,"500m 내 재개발 3건: unknown(303m), planned(217m), unknown(237m)",1.499527,straight_500m,estimated,79.56,524.22,직선 500m 거주 아동 시나리오,2024년 6~11세 배분 추정에 인천 전체 연령인구 성장률 적용. 보행권·실제 이용자·신규 수혜가 아님. 후보끼리 합산하지 않음.,63.54,63.54,418.68,56.93,56.93,375.12
CG_00946,126.69817830000045,37.5051288999998,67.81,60.75,다사2945,0.0646086827969718,서구,452.296,726,351.4,16680.5,3.0,67.0,0.0,low,['한일초등학교'],1,84.9,452.296,726,source_allocation_v2_20260911,True,planned,"500m 내 재개발 4건: unknown(253m), planned(376m), planned(236m)",1.499527,straight_500m,estimated,84.9,590.9,직선 500m 거주 아동 시나리오,2024년 6~11세 배분 추정에 인천 전체 연령인구 성장률 적용. 보행권·실제 이용자·신규 수혜가 아님. 후보끼리 합산하지 않음.,67.81,67.81,471.94,60.75,60.75,422.83
CG_00861,126.69142830000044,37.5051288999998,3.83,3.43,다사2845,0.13929242824352064,부평구,118.674,1357,633.2,5047.3,3.0,67.0,0.0,low,['한일초등학교'],1,4.8,118.674,1357,source_allocation_v2_20260911,False,none,,1.499527,straight_500m,estimated,4.8,155.04,직선 500m 거주 아동 시나리오,2024년 6~11세 배분 추정에 인천 전체 연령인구 성장률 적용. 보행권·실제 이용자·신규 수혜가 아님. 후보끼리 합산하지 않음.,3.83,3.83,123.83,3.43,3.43,110.94
CG_00055,126.61042830000031,37.453378899999876,0.12,0.11,다사2139,0.2960288836287132,연수구,44.084,1417,0.0,4014.5,1.0,620.0,1.0,high,['인천연안초등학교'],1,0.15,44.084,1417,source_allocation_v2_20260911,False,none,,0.0,straight_500m,estimated,0.15,57.59,직선 500m 거주 아동 시나리오,2024년 6~11세 배분 추정에 인천 전체 연령인구 성장률 적용. 보행권·실제 이용자·신규 수혜가 아님. 후보끼리 합산하지 않음.,0.12,0.12,46.0,0.11,0.11,41.21
CG_00056,126.61042830000031,37.45562889999987,0.06,0.06,다사2139,0.28420006868018355,연수구,19.648,1425,100.9,4016.3,1.0,620.0,1.0,high,['인천연안초등학교'],1,0.08,19.648,1425,source_allocation_v2_20260911,False,none,,0.0,straight_500m,estimated,0.08,25.67,직선 500m 거주 아동 시나리오,2024년 6~11세 배분 추정에 인천 전체 연령인구 성장률 적용. 보행권·실제 이용자·신규 수혜가 아님. 후보끼리 합산하지 않음.,0.06,0.06,20.5,0.06,0.06,18.37
CG_00048,126.6059283000003,37.45562889999987,2.34,2.1,다사2039,0.0,연수구,54.274,1409,938.0,7187.5,1.0,620.0,1.0,high,['인천연안초등학교'],1,2.93,54.274,1409,source_allocation_v2_20260911,False,none,,0.0,straight_500m,estimated,2.93,70.91,직선 500m 거주 아동 시나리오,2024년 6~11세 배분 추정에 인천 전체 연령인구 성장률 적용. 보행권·실제 이용자·신규 수혜가 아님. 후보끼리 합산하지 않음.,2.34,2.34,56.63,2.1,2.1,50.74
CG_00049,126.6081783000003,37.45112889999988,1.62,1.45,다사2139,0.06183267132247305,연수구,67.55799999999999,1401,1223.9,6901.6,1.0,620.0,1.0,high,['인천연안초등학교'],1,2.03,67.55799999999999,1401,source_allocation_v2_20260911,False,none,,0.0,straight_500m,estimated,2.03,88.26,직선 500m 거주 아동 시나리오,2024년 6~11세 배분 추정에 인천 전체 연령인구 성장률 적용. 보행권·실제 이용자·신규 수혜가 아님. 후보끼리 합산하지 않음.,1.62,1.62,70.49,1.45,1.45,63.16
CG_00051,126.6081783000003,37.45562889999987,0.07,0.06,다사2139,0.17971375911374404,연수구,42.082,1419,1797.7,6588.4,1.0,620.0,1.0,high,['인천연안초등학교'],1,0.09,42.082,1419,source_allocation_v2_20260911,False,none,,0.0,straight_500m,estimated,0.09,54.98,직선 500m 거주 아동 시나리오,2024년 6~11세 배분 추정에 인천 전체 연령인구 성장률 적용. 보행권·실제 이용자·신규 수혜가 아님. 후보끼리 합산하지 않음.,0.07,0.07,43.91,0.06,0.06,39.34
CG_00042,126.6036783000003,37.45112889999988,11.44,10.25,다사2039,0.0,중구,74.07400000000001,1398,782.0,782.0,1.0,620.0,1.0,high,['인천연안초등학교'],1,14.32,74.07400000000001,1398,source_allocation_v2_20260911,False,none,,0.0,straight_500m,estimated,14.32,96.77,직선 500m 거주 아동 시나리오,2024년 6~11세 배분 추정에 인천 전체 연령인구 성장률 적용. 보행권·실제 이용자·신규 수혜가 아님. 후보끼리 합산하지 않음.,11.44,11.44,77.29,10.25,10.25,69.25
CG_00043,126.6036783000003,37.453378899999876,2.47,2.21,다사2039,0.22121340921249982,연수구,77.81,1395,1295.4,6922.9,1.0,620.0,1.0,high,['인천연안초등학교'],1,3.09,77.81,1395,source_allocation_v2_20260911,False,none,,0.0,straight_500m,estimated,3.09,101.65,직선 500m 거주 아동 시나리오,2024년 6~11세 배분 추정에 인천 전체 연령인구 성장률 적용. 보행권·실제 이용자·신규 수혜가 아님. 후보끼리 합산하지 않음.,2.47,2.47,81.19,2.21,2.21,72.74
CG_00046,126.6059283000003,37.45112889999988,28.33,25.38,다사2039,0.02104542047601732,중구,70.47,1400,628.8,628.8,1.0,620.0,1.0,high,['인천연안초등학교'],1,35.47,70.47,1400,source_allocation_v2_20260911,False,none,,0.0,straight_500m,estimated,35.47,92.06,직선 500m 거주 아동 시나리오,2024년 6~11세 배분 추정에 인천 전체 연령인구 성장률 적용. 보행권·실제 이용자·신규 수혜가 아님. 후보끼리 합산하지 않음.,28.33,28.33,73.53,25.38,25.38,65.88
CG_00045,126.6059283000003,37.44887889999988,1.43,1.28,다사2039,0.7376556009126881,연수구,64.374,1405,1193.1,4598.2,1.0,620.0,1.0,high,['인천연안초등학교'],1,1.79,64.374,1405,source_allocation_v2_20260911,False,none,,0.0,straight_500m,estimated,1.79,84.1,직선 500m 거주 아동 시나리오,2024년 6~11세 배분 추정에 인천 전체 연령인구 성장률 적용. 보행권·실제 이용자·신규 수혜가 아님. 후보끼리 합산하지 않음.,1.43,1.43,67.17,1.28,1.28,60.18
CG_00044,126.6036783000003,37.45562889999987,3.95,3.53,다사2039,0.0,연수구,52.440000000000005,1410,1193.1,4598.2,1.0,620.0,1.0,high,['인천연안초등학교'],1,4.94,52.440000000000005,1410,source_allocation_v2_20260911,False,none,,0.0,straight_500m,estimated,4.94,68.51,직선 500m 거주 아동 시나리오,2024년 6~11세 배분 추정에 인천 전체 연령인구 성장률 적용. 보행권·실제 이용자·신규 수혜가 아님. 후보끼리 합산하지 않음.,3.95,3.95,54.72,3.53,3.53,49.02
CG_00047,126.6059283000003,37.453378899999876,17.53,15.71,다사2039,0.02008556939879474,중구,76.738,1396,850.2,850.2,1.0,620.0,1.0,high,['인천연안초등학교'],1,21.95,76.738,1396,source_allocation_v2_20260911,False,none,,0.0,straight_500m,estimated,21.95,100.25,직선 500m 거주 아동 시나리오,2024년 6~11세 배분 추정에 인천 전체 연령인구 성장률 적용. 보행권·실제 이용자·신규 수혜가 아님. 후보끼리 합산하지 않음.,17.53,17.53,80.07,15.71,15.71,71.74
CG_00001,126.4101783,37.44662889999989,0.13,0.11,다사0339,0.08052490094129994,중구,,,4565.5,4565.5,1.0,13471.8,0.0,high,['인천용유초등학교'],1,0.16,,,source_allocation_v2_20260911,False,none,,0.0,straight_500m,missing_age_observations,0.16,,직선 500m 거주 아동 시나리오,2024년 6~11세 배분 추정에 인천 전체 연령인구 성장률 적용. 보행권·실제 이용자·신규 수혜가 아님. 후보끼리 합산하지 않음.,0.13,0.13,,0.11,0.11,
CG_00000,126.4101783,37.44437889999989,,,다사0338,0.7312574630293011,중구,,,4787.6,4787.6,1.0,13471.8,0.0,high,['인천용유초등학교'],1,,,,source_allocation_v2_20260911,False,none,,0.0,straight_500m,missing_age_observations,,,직선 500m 거주 아동 시나리오,2024년 6~11세 배분 추정에 인천 전체 연령인구 성장률 적용. 보행권·실제 이용자·신규 수혜가 아님. 후보끼리 합산하지 않음.,,,,,,
CG_00006,126.4146783,37.44662889999989,0.41,0.36,다사0339,0.30330583322273685,중구,,,4482.3,4482.3,1.0,13471.8,0.0,high,['인천용유초등학교'],1,0.51,,,source_allocation_v2_20260911,False,none,,0.0,straight_500m,missing_age_observations,0.51,,직선 500m 거주 아동 시나리오,2024년 6~11세 배분 추정에 인천 전체 연령인구 성장률 적용. 보행권·실제 이용자·신규 수혜가 아님. 후보끼리 합산하지 않음.,0.41,0.41,,0.36,0.36,
CG_00003,126.4124283,37.44437889999989,,,다사0338,0.268742536970699,중구,,,4426.7,4426.7,1.0,13471.8,0.0,high,['인천용유초등학교'],1,,,,source_allocation_v2_20260911,False,none,,0.0,straight_500m,missing_age_observations,,,직선 500m 거주 아동 시나리오,2024년 6~11세 배분 추정에 인천 전체 연령인구 성장률 적용. 보행권·실제 이용자·신규 수혜가 아님. 후보끼리 합산하지 않음.,,,,,,
CG_00002,126.4101783,37.44887889999988,0.12,0.11,다사0339,0.060720244717031975,중구,,,4374.9,4374.9,1.0,13471.8,0.0,high,['인천용유초등학교'],1,0.15,,,source_allocation_v2_20260911,False,none,,0.0,straight_500m,missing_age_observations,0.15,,직선 500m 거주 아동 시나리오,2024년 6~11세 배분 추정에 인천 전체 연령인구 성장률 적용. 보행권·실제 이용자·신규 수혜가 아님. 후보끼리 합산하지 않음.,0.12,0.12,,0.11,0.11,
CG_00005,126.4124283,37.44887889999988,0.23,0.21,다사0339,0.35951841015450536,중구,,,4601.9,4601.9,1.0,13471.8,0.0,high,['인천용유초등학교'],1,0.29,,,source_allocation_v2_20260911,False,none,,0.0,straight_500m,missing_age_observations,0.29,,직선 500m 거주 아동 시나리오,2024년 6~11세 배분 추정에 인천 전체 연령인구 성장률 적용. 보행권·실제 이용자·신규 수혜가 아님. 후보끼리 합산하지 않음.,0.23,0.23,,0.21,0.21,
CG_00004,126.4124283,37.44662889999989,0.34,0.3,다사0339,0.19593061096442588,중구,,,4822.1,4822.1,1.0,13471.8,0.0,high,['인천용유초등학교'],1,0.42,,,source_allocation_v2_20260911,False,none,,0.0,straight_500m,missing_age_observations,0.42,,직선 500m 거주 아동 시나리오,2024년 6~11세 배분 추정에 인천 전체 연령인구 성장률 적용. 보행권·실제 이용자·신규 수혜가 아님. 후보끼리 합산하지 않음.,0.34,0.34,,0.3,0.3,
CG_00007,126.4146783,37.44887889999988,1.33,1.2,다사0439,1.0,중구,,,5855.3,5855.3,1.0,13471.8,0.0,high,['인천용유초등학교'],1,1.67,,,source_allocation_v2_20260911,False,none,,0.0,straight_500m,missing_age_observations,1.67,,직선 500m 거주 아동 시나리오,2024년 6~11세 배분 추정에 인천 전체 연령인구 성장률 적용. 보행권·실제 이용자·신규 수혜가 아님. 후보끼리 합산하지 않음.,1.33,1.33,,1.2,1.2,
