source_record_id,source_row,facility_type,facility_name,address,latitude,longitude,coordinate_status,match_reason,matched_address_key,coordinate_matching_record_count,coordinate_unique_point_count,coordinate_max_pairwise_distance_m,coordinate_source_record_ids,coordinate_source,coordinate_source_url,coordinate_source_as_of,source_url,source_as_of,retrieved_at,construction_status,construction_type,permit_date,start_date,approval_date,main_use,site_area_sqm,coordinate_limitations
15029300:1,1,건축행정기록,단독주택,인천광역시 미추홀구 도화동 115-5,37.4700624,126.6670995,geocoded_kakao_jibun,kakao_exact_jibun_address_match,인천 미추홀구 도화동 115-5,1,1,0.0,,kakao_local_api:address_jibun,https://dapi.kakao.com/v2/local/search/address.json,2026-09-06,https://www.data.go.kr/data/15029300/fileData.do,2025-09-25,2026-09-06,administrative_record_only_not_confirmed_active,증축,2025-08-11,2025-08-29,,단독주택,211,"주소 기반 추정 위치, 공사현장 좌표 아님"
15029300:2,2,건축행정기록,단독주택,인천광역시 미추홀구 용현동 130-38,37.4563720,126.6588958,geocoded_kakao_jibun,kakao_exact_jibun_address_match,인천 미추홀구 용현동 130-38,1,1,0.0,,kakao_local_api:address_jibun,https://dapi.kakao.com/v2/local/search/address.json,2026-09-06,https://www.data.go.kr/data/15029300/fileData.do,2025-09-25,2026-09-06,administrative_record_only_not_confirmed_active,증축,2025-08-04,2025-08-14,,단독주택,122,"주소 기반 추정 위치, 공사현장 좌표 아님"
15029300:3,3,건축행정기록,제1종근린생활시설,인천광역시 미추홀구 용현동 39-13,37.4489290,126.6646363,geocoded_kakao_jibun,kakao_exact_jibun_address_match,인천 미추홀구 용현동 39-13,1,1,0.0,,kakao_local_api:address_jibun,https://dapi.kakao.com/v2/local/search/address.json,2026-09-06,https://www.data.go.kr/data/15029300/fileData.do,2025-09-25,2026-09-06,administrative_record_only_not_confirmed_active,증축,2025-08-04,2025-08-19,2025-09-10,제1종근린생활시설,165.1,"주소 기반 추정 위치, 공사현장 좌표 아님"
15029300:4,4,건축행정기록,제1종근린생활시설,인천광역시 미추홀구 숭의동 37-19,37.4631818,126.6559008,geocoded_kakao_jibun,kakao_exact_jibun_address_match,인천 미추홀구 숭의동 37-19,1,1,0.0,,kakao_local_api:address_jibun,https://dapi.kakao.com/v2/local/search/address.json,2026-09-06,https://www.data.go.kr/data/15029300/fileData.do,2025-09-25,2026-09-06,administrative_record_only_not_confirmed_active,증축,2025-08-04,2025-08-19,2025-09-10,제1종근린생활시설,116,"주소 기반 추정 위치, 공사현장 좌표 아님"
15029300:5,5,건축행정기록,단독주택,인천광역시 미추홀구 주안동 1569-26,37.4488147,126.6925155,geocoded_kakao_jibun,kakao_exact_jibun_address_match,인천 미추홀구 주안동 1569-26,1,1,0.0,,kakao_local_api:address_jibun,https://dapi.kakao.com/v2/local/search/address.json,2026-09-06,https://www.data.go.kr/data/15029300/fileData.do,2025-09-25,2026-09-06,administrative_record_only_not_confirmed_active,증축,2025-07-24,2025-07-28,,단독주택,140.3,"주소 기반 추정 위치, 공사현장 좌표 아님"
15029300:6,6,건축행정기록,단독주택,인천광역시 미추홀구 주안동 1417-26,37.4529590,126.6729730,geocoded_kakao_jibun,kakao_exact_jibun_address_match,인천 미추홀구 주안동 1417-26,1,1,0.0,,kakao_local_api:address_jibun,https://dapi.kakao.com/v2/local/search/address.json,2026-09-06,https://www.data.go.kr/data/15029300/fileData.do,2025-09-25,2026-09-06,administrative_record_only_not_confirmed_active,대수선,2025-07-07,2025-07-30,,단독주택,90.9,"주소 기반 추정 위치, 공사현장 좌표 아님"
15029300:7,7,건축행정기록,종교시설,인천광역시 미추홀구 도화동 도화구역 8블록 10로트,,,unresolved,address_not_parcel_or_road_notation,,0,0,,,kakao_local_api:unresolved,https://dapi.kakao.com/v2/local/search/address.json,2026-09-06,https://www.data.go.kr/data/15029300/fileData.do,2025-09-25,2026-09-06,administrative_record_only_not_confirmed_active,증축,2025-06-20,2025-07-08,,종교시설,792.6,"주소 기반 추정 위치, 공사현장 좌표 아님"
15029300:8,8,건축행정기록,제2종근린생활시설,인천광역시 미추홀구 주안동 24-4,37.4666743,126.6801262,geocoded_kakao_jibun,kakao_exact_jibun_address_match,인천 미추홀구 주안동 24-4,1,1,0.0,,kakao_local_api:address_jibun,https://dapi.kakao.com/v2/local/search/address.json,2026-09-06,https://www.data.go.kr/data/15029300/fileData.do,2025-09-25,2026-09-06,administrative_record_only_not_confirmed_active,증축,2025-06-13,2025-07-01,,제2종근린생활시설,221.8,"주소 기반 추정 위치, 공사현장 좌표 아님"
15029300:9,9,건축행정기록,의료시설,인천광역시 미추홀구 주안동 144-2 외2필지,37.4621449,126.6806360,geocoded_kakao_jibun,kakao_exact_jibun_address_match,인천 미추홀구 주안동 144-2,1,1,0.0,,kakao_local_api:address_jibun,https://dapi.kakao.com/v2/local/search/address.json,2026-09-06,https://www.data.go.kr/data/15029300/fileData.do,2025-09-25,2026-09-06,administrative_record_only_not_confirmed_active,증축,2025-05-21,2025-05-26,2025-08-27,의료시설,3213.5,"주소 기반 추정 위치, 공사현장 좌표 아님"
15029300:10,10,건축행정기록,제2종근린생활시설,인천광역시 미추홀구 주안동 170-4,37.4606408,126.6818212,geocoded_kakao_jibun,kakao_exact_jibun_address_match,인천 미추홀구 주안동 170-4,1,1,0.0,,kakao_local_api:address_jibun,https://dapi.kakao.com/v2/local/search/address.json,2026-09-06,https://www.data.go.kr/data/15029300/fileData.do,2025-09-25,2026-09-06,administrative_record_only_not_confirmed_active,증축,2025-05-13,2025-05-23,2025-08-05,제2종근린생활시설,161.3,"주소 기반 추정 위치, 공사현장 좌표 아님"
15029300:11,11,건축행정기록,제2종근린생활시설,인천광역시 미추홀구 주안동 1417-24,37.4527263,126.6729488,geocoded_kakao_jibun,kakao_exact_jibun_address_match,인천 미추홀구 주안동 1417-24,1,1,0.0,,kakao_local_api:address_jibun,https://dapi.kakao.com/v2/local/search/address.json,2026-09-06,https://www.data.go.kr/data/15029300/fileData.do,2025-09-25,2026-09-06,administrative_record_only_not_confirmed_active,대수선,2025-04-24,2025-06-24,,제2종근린생활시설,80.8,"주소 기반 추정 위치, 공사현장 좌표 아님"
15029300:12,12,건축행정기록,단독주택,인천광역시 미추홀구 주안동 1417-25,37.4528654,126.6729632,geocoded_kakao_jibun,kakao_exact_jibun_address_match,인천 미추홀구 주안동 1417-25,1,1,0.0,,kakao_local_api:address_jibun,https://dapi.kakao.com/v2/local/search/address.json,2026-09-06,https://www.data.go.kr/data/15029300/fileData.do,2025-09-25,2026-09-06,administrative_record_only_not_confirmed_active,대수선,2025-04-24,2025-06-25,,단독주택,80.7,"주소 기반 추정 위치, 공사현장 좌표 아님"
15029300:13,13,건축행정기록,운동시설,인천광역시 미추홀구 숭의동 7-171,37.4603872,126.6614877,geocoded_kakao_jibun,kakao_exact_jibun_address_match,인천 미추홀구 숭의동 7-171,1,1,0.0,,kakao_local_api:address_jibun,https://dapi.kakao.com/v2/local/search/address.json,2026-09-06,https://www.data.go.kr/data/15029300/fileData.do,2025-09-25,2026-09-06,administrative_record_only_not_confirmed_active,대수선,2025-04-23,2025-08-22,,운동시설,9137,"주소 기반 추정 위치, 공사현장 좌표 아님"
15029300:14,14,건축행정기록,제2종근린생활시설,인천광역시 미추홀구 문학동 352-11 외1필지,37.4376527,126.6777324,geocoded_kakao_jibun,kakao_exact_jibun_address_match,인천 미추홀구 문학동 352-11,1,1,0.0,,kakao_local_api:address_jibun,https://dapi.kakao.com/v2/local/search/address.json,2026-09-06,https://www.data.go.kr/data/15029300/fileData.do,2025-09-25,2026-09-06,administrative_record_only_not_confirmed_active,증축,2025-04-02,2025-04-21,2025-06-16,제2종근린생활시설,281.6,"주소 기반 추정 위치, 공사현장 좌표 아님"
15029300:15,15,건축행정기록,제1종근린생활시설,인천광역시 미추홀구 숭의동 242-6 외45필지,37.4620121,126.6531830,geocoded_kakao_jibun,kakao_exact_jibun_address_match,인천 미추홀구 숭의동 242-6,1,1,0.0,,kakao_local_api:address_jibun,https://dapi.kakao.com/v2/local/search/address.json,2026-09-06,https://www.data.go.kr/data/15029300/fileData.do,2025-09-25,2026-09-06,administrative_record_only_not_confirmed_active,신축,2025-02-28,2025-04-08,,제1종근린생활시설,3841,"주소 기반 추정 위치, 공사현장 좌표 아님"
15029300:16,16,건축행정기록,단독주택,인천광역시 미추홀구 주안동 867-45,37.4443865,126.6729809,geocoded_kakao_jibun,kakao_exact_jibun_address_match,인천 미추홀구 주안동 867-45,1,1,0.0,,kakao_local_api:address_jibun,https://dapi.kakao.com/v2/local/search/address.json,2026-09-06,https://www.data.go.kr/data/15029300/fileData.do,2025-09-25,2026-09-06,administrative_record_only_not_confirmed_active,증축,2025-02-10,2025-02-13,2025-03-18,단독주택,99,"주소 기반 추정 위치, 공사현장 좌표 아님"
15029300:17,17,건축행정기록,공장,인천광역시 미추홀구 주안동 3-24,37.4729113,126.6812292,geocoded_kakao_jibun,kakao_exact_jibun_address_match,인천 미추홀구 주안동 3-24,1,1,0.0,,kakao_local_api:address_jibun,https://dapi.kakao.com/v2/local/search/address.json,2026-09-06,https://www.data.go.kr/data/15029300/fileData.do,2025-09-25,2026-09-06,administrative_record_only_not_confirmed_active,증축,2025-01-15,2025-01-22,2025-02-13,공장,1785.1,"주소 기반 추정 위치, 공사현장 좌표 아님"
15029300:18,18,건축행정기록,제2종근린생활시설,인천광역시 미추홀구 용현동 463-41,37.4565946,126.6496197,geocoded_kakao_jibun,kakao_exact_jibun_address_match,인천 미추홀구 용현동 463-41,1,1,0.0,,kakao_local_api:address_jibun,https://dapi.kakao.com/v2/local/search/address.json,2026-09-06,https://www.data.go.kr/data/15029300/fileData.do,2025-09-25,2026-09-06,administrative_record_only_not_confirmed_active,대수선,2024-12-26,2024-12-31,2025-01-02,제2종근린생활시설,158.7,"주소 기반 추정 위치, 공사현장 좌표 아님"
15029300:19,19,건축행정기록,제2종근린생활시설,인천광역시 미추홀구 주안동 278-4,37.4631024,126.6777573,geocoded_kakao_jibun,kakao_exact_jibun_address_match,인천 미추홀구 주안동 278-4,1,1,0.0,,kakao_local_api:address_jibun,https://dapi.kakao.com/v2/local/search/address.json,2026-09-06,https://www.data.go.kr/data/15029300/fileData.do,2025-09-25,2026-09-06,administrative_record_only_not_confirmed_active,증축,2024-12-06,2024-12-12,2025-04-21,제2종근린생활시설,259.8,"주소 기반 추정 위치, 공사현장 좌표 아님"
15029300:20,20,건축행정기록,단독주택,인천광역시 미추홀구 주안동 660-190,37.4581972,126.6633739,geocoded_kakao_jibun,kakao_exact_jibun_address_match,인천 미추홀구 주안동 660-190,1,1,0.0,,kakao_local_api:address_jibun,https://dapi.kakao.com/v2/local/search/address.json,2026-09-06,https://www.data.go.kr/data/15029300/fileData.do,2025-09-25,2026-09-06,administrative_record_only_not_confirmed_active,증축,2024-12-05,2024-12-19,2024-12-24,단독주택,105.5,"주소 기반 추정 위치, 공사현장 좌표 아님"
15029300:21,21,건축행정기록,제1종근린생활시설,인천광역시 미추홀구 숭의동 244-39,37.4616628,126.6533018,geocoded_kakao_jibun,kakao_exact_jibun_address_match,인천 미추홀구 숭의동 244-39,1,1,0.0,,kakao_local_api:address_jibun,https://dapi.kakao.com/v2/local/search/address.json,2026-09-06,https://www.data.go.kr/data/15029300/fileData.do,2025-09-25,2026-09-06,administrative_record_only_not_confirmed_active,증축,2024-11-22,2024-12-03,2025-02-25,제1종근린생활시설,198,"주소 기반 추정 위치, 공사현장 좌표 아님"
15029300:22,22,건축행정기록,단독주택,인천광역시 미추홀구 학익동 269-1 외1필지,37.4433833,126.6656228,geocoded_kakao_jibun,kakao_exact_jibun_address_match,인천 미추홀구 학익동 269-1,1,1,0.0,,kakao_local_api:address_jibun,https://dapi.kakao.com/v2/local/search/address.json,2026-09-06,https://www.data.go.kr/data/15029300/fileData.do,2025-09-25,2026-09-06,administrative_record_only_not_confirmed_active,증축,2024-10-23,2024-11-07,,단독주택,661,"주소 기반 추정 위치, 공사현장 좌표 아님"
15029300:23,23,건축행정기록,제2종근린생활시설,인천광역시 미추홀구 용현동 165-8 외1필지,37.4523535,126.6537136,geocoded_kakao_jibun,kakao_exact_jibun_address_match,인천 미추홀구 용현동 165-8,1,1,0.0,,kakao_local_api:address_jibun,https://dapi.kakao.com/v2/local/search/address.json,2026-09-06,https://www.data.go.kr/data/15029300/fileData.do,2025-09-25,2026-09-06,administrative_record_only_not_confirmed_active,증축,2024-10-23,2024-10-31,2025-02-10,제2종근린생활시설,307.9,"주소 기반 추정 위치, 공사현장 좌표 아님"
15029300:24,24,건축행정기록,공장,인천광역시 미추홀구 주안동 1385-15,37.4736458,126.6759659,geocoded_kakao_jibun,kakao_exact_jibun_address_match,인천 미추홀구 주안동 1385-15,1,1,0.0,,kakao_local_api:address_jibun,https://dapi.kakao.com/v2/local/search/address.json,2026-09-06,https://www.data.go.kr/data/15029300/fileData.do,2025-09-25,2026-09-06,administrative_record_only_not_confirmed_active,증축,2024-10-11,2024-10-16,2025-02-27,공장,7019,"주소 기반 추정 위치, 공사현장 좌표 아님"
15029300:25,25,건축행정기록,위험물저장및처리시설,인천광역시 미추홀구 문학동 366-1,37.4384034,126.6815301,geocoded_kakao_jibun,kakao_exact_jibun_address_match,인천 미추홀구 문학동 366-1,1,1,0.0,,kakao_local_api:address_jibun,https://dapi.kakao.com/v2/local/search/address.json,2026-09-06,https://www.data.go.kr/data/15029300/fileData.do,2025-09-25,2026-09-06,administrative_record_only_not_confirmed_active,증축,2024-10-08,2025-06-20,,위험물저장및처리시설,754.6,"주소 기반 추정 위치, 공사현장 좌표 아님"
15029300:26,26,건축행정기록,창고시설,인천광역시 미추홀구 학익동 575-6,37.4407137,126.6534693,geocoded_kakao_jibun,kakao_exact_jibun_address_match,인천 미추홀구 학익동 575-6,1,1,0.0,,kakao_local_api:address_jibun,https://dapi.kakao.com/v2/local/search/address.json,2026-09-06,https://www.data.go.kr/data/15029300/fileData.do,2025-09-25,2026-09-06,administrative_record_only_not_confirmed_active,대수선,2024-09-23,2024-10-08,2025-02-03,창고시설,240,"주소 기반 추정 위치, 공사현장 좌표 아님"
15029300:27,27,건축행정기록,제2종근린생활시설,인천광역시 미추홀구 숭의동 177-12,37.4636775,126.6480802,geocoded_kakao_jibun,kakao_exact_jibun_address_match,인천 미추홀구 숭의동 177-12,1,1,0.0,,kakao_local_api:address_jibun,https://dapi.kakao.com/v2/local/search/address.json,2026-09-06,https://www.data.go.kr/data/15029300/fileData.do,2025-09-25,2026-09-06,administrative_record_only_not_confirmed_active,신축,2024-08-27,2025-04-25,,제2종근린생활시설,114.2,"주소 기반 추정 위치, 공사현장 좌표 아님"
15029300:28,28,건축행정기록,제2종근린생활시설,인천광역시 미추홀구 숭의동 244-36,37.4616119,126.6531690,geocoded_kakao_jibun,kakao_exact_jibun_address_match,인천 미추홀구 숭의동 244-36,1,1,0.0,,kakao_local_api:address_jibun,https://dapi.kakao.com/v2/local/search/address.json,2026-09-06,https://www.data.go.kr/data/15029300/fileData.do,2025-09-25,2026-09-06,administrative_record_only_not_confirmed_active,신축,2024-07-23,2024-10-04,2024-12-06,제2종근린생활시설,199,"주소 기반 추정 위치, 공사현장 좌표 아님"
15029300:29,29,건축행정기록,제2종근린생활시설,인천광역시 미추홀구 주안동 1482-13,37.4513578,126.6845386,geocoded_kakao_jibun,kakao_exact_jibun_address_match,인천 미추홀구 주안동 1482-13,1,1,0.0,,kakao_local_api:address_jibun,https://dapi.kakao.com/v2/local/search/address.json,2026-09-06,https://www.data.go.kr/data/15029300/fileData.do,2025-09-25,2026-09-06,administrative_record_only_not_confirmed_active,증축,2024-05-20,2024-05-29,2024-06-26,제2종근린생활시설,332.5,"주소 기반 추정 위치, 공사현장 좌표 아님"
15029300:30,30,건축행정기록,제1종근린생활시설,인천광역시 미추홀구 도화동 458-4,37.4586283,126.6741857,geocoded_kakao_jibun,kakao_exact_jibun_address_match,인천 미추홀구 도화동 458-4,1,1,0.0,,kakao_local_api:address_jibun,https://dapi.kakao.com/v2/local/search/address.json,2026-09-06,https://www.data.go.kr/data/15029300/fileData.do,2025-09-25,2026-09-06,administrative_record_only_not_confirmed_active,증축,2024-04-19,2024-04-25,2024-05-29,제1종근린생활시설,307.78,"주소 기반 추정 위치, 공사현장 좌표 아님"
15029300:31,31,건축행정기록,제1종근린생활시설,인천광역시 미추홀구 주안동 1593-8 외1필지,37.4589206,126.6946349,geocoded_kakao_jibun,kakao_exact_jibun_address_match,인천 미추홀구 주안동 1593-8,1,1,0.0,,kakao_local_api:address_jibun,https://dapi.kakao.com/v2/local/search/address.json,2026-09-06,https://www.data.go.kr/data/15029300/fileData.do,2025-09-25,2026-09-06,administrative_record_only_not_confirmed_active,증축,2024-04-12,2024-04-23,2024-05-16,제1종근린생활시설,274.9,"주소 기반 추정 위치, 공사현장 좌표 아님"
15029300:32,32,건축행정기록,제1종근린생활시설,인천광역시 미추홀구 주안동 546-18,37.4540961,126.6768879,geocoded_kakao_jibun,kakao_exact_jibun_address_match,인천 미추홀구 주안동 546-18,1,1,0.0,,kakao_local_api:address_jibun,https://dapi.kakao.com/v2/local/search/address.json,2026-09-06,https://www.data.go.kr/data/15029300/fileData.do,2025-09-25,2026-09-06,administrative_record_only_not_confirmed_active,증축,2024-03-22,2024-03-26,2024-10-28,제1종근린생활시설,147.6,"주소 기반 추정 위치, 공사현장 좌표 아님"
15029300:33,33,건축행정기록,제2종근린생활시설,인천광역시 미추홀구 주안동 143-3,37.4628649,126.6807850,geocoded_kakao_jibun,kakao_exact_jibun_address_match,인천 미추홀구 주안동 143-3,1,1,0.0,,kakao_local_api:address_jibun,https://dapi.kakao.com/v2/local/search/address.json,2026-09-06,https://www.data.go.kr/data/15029300/fileData.do,2025-09-25,2026-09-06,administrative_record_only_not_confirmed_active,증축,2024-03-05,2024-04-16,2024-07-30,제2종근린생활시설,493.2,"주소 기반 추정 위치, 공사현장 좌표 아님"
15029300:34,34,건축행정기록,업무시설,인천광역시 미추홀구 주안동 303-11,37.4571339,126.6869374,geocoded_kakao_jibun,kakao_exact_jibun_address_match,인천 미추홀구 주안동 303-11,1,1,0.0,,kakao_local_api:address_jibun,https://dapi.kakao.com/v2/local/search/address.json,2026-09-06,https://www.data.go.kr/data/15029300/fileData.do,2025-09-25,2026-09-06,administrative_record_only_not_confirmed_active,증축,2024-01-18,2024-04-23,2024-05-24,업무시설,152.4,"주소 기반 추정 위치, 공사현장 좌표 아님"
15029300:35,35,건축행정기록,제2종근린생활시설,인천광역시 미추홀구 숭의동 185-28,37.4617291,126.6490077,geocoded_kakao_jibun,kakao_exact_jibun_address_match,인천 미추홀구 숭의동 185-28,1,1,0.0,,kakao_local_api:address_jibun,https://dapi.kakao.com/v2/local/search/address.json,2026-09-06,https://www.data.go.kr/data/15029300/fileData.do,2025-09-25,2026-09-06,administrative_record_only_not_confirmed_active,신축,2023-12-13,2024-06-20,,제2종근린생활시설,68,"주소 기반 추정 위치, 공사현장 좌표 아님"
15029300:36,36,건축행정기록,제2종근린생활시설,인천광역시 미추홀구 주안동 1436-17,37.4484597,126.6756948,geocoded_kakao_jibun,kakao_exact_jibun_address_match,인천 미추홀구 주안동 1436-17,1,1,0.0,,kakao_local_api:address_jibun,https://dapi.kakao.com/v2/local/search/address.json,2026-09-06,https://www.data.go.kr/data/15029300/fileData.do,2025-09-25,2026-09-06,administrative_record_only_not_confirmed_active,증축,2023-11-29,2023-12-05,2024-01-12,제2종근린생활시설,154.2,"주소 기반 추정 위치, 공사현장 좌표 아님"
15029300:37,37,건축행정기록,제2종근린생활시설,인천광역시 미추홀구 용현동 622-111,37.4536422,126.6386941,geocoded_kakao_jibun,kakao_exact_jibun_address_match,인천 미추홀구 용현동 622-111,1,1,0.0,,kakao_local_api:address_jibun,https://dapi.kakao.com/v2/local/search/address.json,2026-09-06,https://www.data.go.kr/data/15029300/fileData.do,2025-09-25,2026-09-06,administrative_record_only_not_confirmed_active,신축,2023-11-24,2024-01-23,2024-06-19,제2종근린생활시설,180.5,"주소 기반 추정 위치, 공사현장 좌표 아님"
15029300:38,38,건축행정기록,제1종근린생활시설,인천광역시 미추홀구 용현동 558-2,37.4568785,126.6418521,geocoded_kakao_jibun,kakao_exact_jibun_address_match,인천 미추홀구 용현동 558-2,1,1,0.0,,kakao_local_api:address_jibun,https://dapi.kakao.com/v2/local/search/address.json,2026-09-06,https://www.data.go.kr/data/15029300/fileData.do,2025-09-25,2026-09-06,administrative_record_only_not_confirmed_active,증축,2023-11-07,2023-11-16,2024-02-27,제1종근린생활시설,264.4,"주소 기반 추정 위치, 공사현장 좌표 아님"
15029300:39,39,건축행정기록,제2종근린생활시설,인천광역시 미추홀구 주안동 1420-36,37.4490869,126.6742770,geocoded_kakao_jibun,kakao_exact_jibun_address_match,인천 미추홀구 주안동 1420-36,1,1,0.0,,kakao_local_api:address_jibun,https://dapi.kakao.com/v2/local/search/address.json,2026-09-06,https://www.data.go.kr/data/15029300/fileData.do,2025-09-25,2026-09-06,administrative_record_only_not_confirmed_active,신축,2023-10-31,2023-11-08,2024-02-28,제2종근린생활시설,156.6,"주소 기반 추정 위치, 공사현장 좌표 아님"
15029300:40,40,건축행정기록,제2종근린생활시설,인천광역시 미추홀구 도화동 377-7,37.4596632,126.6754945,geocoded_kakao_jibun,kakao_exact_jibun_address_match,인천 미추홀구 도화동 377-7,1,1,0.0,,kakao_local_api:address_jibun,https://dapi.kakao.com/v2/local/search/address.json,2026-09-06,https://www.data.go.kr/data/15029300/fileData.do,2025-09-25,2026-09-06,administrative_record_only_not_confirmed_active,증축,2023-10-16,2023-10-19,2024-05-08,제2종근린생활시설,372.6,"주소 기반 추정 위치, 공사현장 좌표 아님"
15029300:41,41,건축행정기록,단독주택,인천광역시 미추홀구 학익동 269-1,37.4433833,126.6656228,geocoded_kakao_jibun,kakao_exact_jibun_address_match,인천 미추홀구 학익동 269-1,1,1,0.0,,kakao_local_api:address_jibun,https://dapi.kakao.com/v2/local/search/address.json,2026-09-06,https://www.data.go.kr/data/15029300/fileData.do,2025-09-25,2026-09-06,administrative_record_only_not_confirmed_active,증축,2023-09-21,2023-10-06,2024-01-04,단독주택,534,"주소 기반 추정 위치, 공사현장 좌표 아님"
15029300:42,42,건축행정기록,제2종근린생활시설,인천광역시 미추홀구 도화동 127-80,37.4672452,126.6724616,geocoded_kakao_jibun,kakao_exact_jibun_address_match,인천 미추홀구 도화동 127-80,1,1,0.0,,kakao_local_api:address_jibun,https://dapi.kakao.com/v2/local/search/address.json,2026-09-06,https://www.data.go.kr/data/15029300/fileData.do,2025-09-25,2026-09-06,administrative_record_only_not_confirmed_active,증축,2023-08-30,2023-09-07,2023-09-19,제2종근린생활시설,255.2,"주소 기반 추정 위치, 공사현장 좌표 아님"
15029300:43,43,건축행정기록,단독주택,인천광역시 미추홀구 관교동 492-8,37.4431640,126.6937989,geocoded_kakao_jibun,kakao_exact_jibun_address_match,인천 미추홀구 관교동 492-8,1,1,0.0,,kakao_local_api:address_jibun,https://dapi.kakao.com/v2/local/search/address.json,2026-09-06,https://www.data.go.kr/data/15029300/fileData.do,2025-09-25,2026-09-06,administrative_record_only_not_confirmed_active,증축,2023-08-24,2023-10-06,2023-11-28,단독주택,194.1,"주소 기반 추정 위치, 공사현장 좌표 아님"
15029300:44,44,건축행정기록,제1종근린생활시설,인천광역시 미추홀구 용현동 49-16,37.4492116,126.6633042,geocoded_kakao_jibun,kakao_exact_jibun_address_match,인천 미추홀구 용현동 49-16,1,1,0.0,,kakao_local_api:address_jibun,https://dapi.kakao.com/v2/local/search/address.json,2026-09-06,https://www.data.go.kr/data/15029300/fileData.do,2025-09-25,2026-09-06,administrative_record_only_not_confirmed_active,증축,2023-07-19,2023-07-28,2025-09-11,제1종근린생활시설,158.7,"주소 기반 추정 위치, 공사현장 좌표 아님"
15029300:45,45,건축행정기록,단독주택,인천광역시 미추홀구 주안동 869-9,37.4449609,126.6749477,geocoded_kakao_jibun,kakao_exact_jibun_address_match,인천 미추홀구 주안동 869-9,1,1,0.0,,kakao_local_api:address_jibun,https://dapi.kakao.com/v2/local/search/address.json,2026-09-06,https://www.data.go.kr/data/15029300/fileData.do,2025-09-25,2026-09-06,administrative_record_only_not_confirmed_active,증축,2023-07-19,2023-07-28,2023-09-01,단독주택,200,"주소 기반 추정 위치, 공사현장 좌표 아님"
15029300:46,46,건축행정기록,제2종근린생활시설,인천광역시 미추홀구 관교동 320-26 외1필지,37.4466766,126.6927943,geocoded_kakao_jibun,kakao_exact_jibun_address_match,인천 미추홀구 관교동 320-26,1,1,0.0,,kakao_local_api:address_jibun,https://dapi.kakao.com/v2/local/search/address.json,2026-09-06,https://www.data.go.kr/data/15029300/fileData.do,2025-09-25,2026-09-06,administrative_record_only_not_confirmed_active,증축,2023-06-22,2023-07-04,2023-09-18,제2종근린생활시설,262.8,"주소 기반 추정 위치, 공사현장 좌표 아님"
15029300:47,47,건축행정기록,제2종근린생활시설,인천광역시 미추홀구 주안동 736-17,37.4487849,126.6711528,geocoded_kakao_jibun,kakao_exact_jibun_address_match,인천 미추홀구 주안동 736-17,1,1,0.0,,kakao_local_api:address_jibun,https://dapi.kakao.com/v2/local/search/address.json,2026-09-06,https://www.data.go.kr/data/15029300/fileData.do,2025-09-25,2026-09-06,administrative_record_only_not_confirmed_active,증축,2023-05-18,2023-07-21,2025-06-24,제2종근린생활시설,347.9,"주소 기반 추정 위치, 공사현장 좌표 아님"
15029300:48,48,건축행정기록,제1종근린생활시설,인천광역시 미추홀구 주안동 895-4,37.4607702,126.6948850,geocoded_kakao_jibun,kakao_exact_jibun_address_match,인천 미추홀구 주안동 895-4,1,1,0.0,,kakao_local_api:address_jibun,https://dapi.kakao.com/v2/local/search/address.json,2026-09-06,https://www.data.go.kr/data/15029300/fileData.do,2025-09-25,2026-09-06,administrative_record_only_not_confirmed_active,증축,2023-04-26,2023-05-25,2023-08-02,제1종근린생활시설,154,"주소 기반 추정 위치, 공사현장 좌표 아님"
15029300:49,49,건축행정기록,자동차관련시설,인천광역시 미추홀구 숭의동 296-51,37.4588446,126.6466706,geocoded_kakao_jibun,kakao_exact_jibun_address_match,인천 미추홀구 숭의동 296-51,1,1,0.0,,kakao_local_api:address_jibun,https://dapi.kakao.com/v2/local/search/address.json,2026-09-06,https://www.data.go.kr/data/15029300/fileData.do,2025-09-25,2026-09-06,administrative_record_only_not_confirmed_active,신축,2023-03-22,2023-05-19,2023-09-01,자동차관련시설,98,"주소 기반 추정 위치, 공사현장 좌표 아님"
15029300:50,50,건축행정기록,공장,인천광역시 미추홀구 도화동 68-3,37.4705087,126.6728786,geocoded_kakao_jibun,kakao_exact_jibun_address_match,인천 미추홀구 도화동 68-3,1,1,0.0,,kakao_local_api:address_jibun,https://dapi.kakao.com/v2/local/search/address.json,2026-09-06,https://www.data.go.kr/data/15029300/fileData.do,2025-09-25,2026-09-06,administrative_record_only_not_confirmed_active,신축,2023-03-17,2023-04-10,2023-08-18,공장,615.2,"주소 기반 추정 위치, 공사현장 좌표 아님"
15029300:51,51,건축행정기록,공장,인천광역시 미추홀구 도화동 68-18,37.4704020,126.6728781,geocoded_kakao_jibun,kakao_exact_jibun_address_match,인천 미추홀구 도화동 68-18,1,1,0.0,,kakao_local_api:address_jibun,https://dapi.kakao.com/v2/local/search/address.json,2026-09-06,https://www.data.go.kr/data/15029300/fileData.do,2025-09-25,2026-09-06,administrative_record_only_not_confirmed_active,신축,2023-03-17,2023-04-10,2023-08-18,공장,614.4,"주소 기반 추정 위치, 공사현장 좌표 아님"
15029300:52,52,건축행정기록,공장,인천광역시 미추홀구 도화동 68-19,37.4702721,126.6728775,geocoded_kakao_jibun,kakao_exact_jibun_address_match,인천 미추홀구 도화동 68-19,1,1,0.0,,kakao_local_api:address_jibun,https://dapi.kakao.com/v2/local/search/address.json,2026-09-06,https://www.data.go.kr/data/15029300/fileData.do,2025-09-25,2026-09-06,administrative_record_only_not_confirmed_active,신축,2023-03-17,2023-04-10,2023-08-18,공장,614.1,"주소 기반 추정 위치, 공사현장 좌표 아님"
15029300:53,53,건축행정기록,공장,인천광역시 미추홀구 도화동 68-20,37.4701820,126.6728771,geocoded_kakao_jibun,kakao_exact_jibun_address_match,인천 미추홀구 도화동 68-20,1,1,0.0,,kakao_local_api:address_jibun,https://dapi.kakao.com/v2/local/search/address.json,2026-09-06,https://www.data.go.kr/data/15029300/fileData.do,2025-09-25,2026-09-06,administrative_record_only_not_confirmed_active,신축,2023-03-17,2023-04-10,2023-08-18,공장,613.8,"주소 기반 추정 위치, 공사현장 좌표 아님"
15029300:54,54,건축행정기록,제2종근린생활시설,인천광역시 미추홀구 학익동 5-7 외1필지,37.4475426,126.6681049,geocoded_kakao_jibun,kakao_exact_jibun_address_match,인천 미추홀구 학익동 5-7,1,1,0.0,,kakao_local_api:address_jibun,https://dapi.kakao.com/v2/local/search/address.json,2026-09-06,https://www.data.go.kr/data/15029300/fileData.do,2025-09-25,2026-09-06,administrative_record_only_not_confirmed_active,증축,2023-03-10,2023-03-13,2023-05-24,제2종근린생활시설,557,"주소 기반 추정 위치, 공사현장 좌표 아님"
15029300:55,55,건축행정기록,단독주택,인천광역시 미추홀구 관교동 489-5,37.4424628,126.6932621,geocoded_kakao_jibun,kakao_exact_jibun_address_match,인천 미추홀구 관교동 489-5,1,1,0.0,,kakao_local_api:address_jibun,https://dapi.kakao.com/v2/local/search/address.json,2026-09-06,https://www.data.go.kr/data/15029300/fileData.do,2025-09-25,2026-09-06,administrative_record_only_not_confirmed_active,증축,2023-02-23,2023-02-28,2023-12-06,단독주택,230.8,"주소 기반 추정 위치, 공사현장 좌표 아님"
15029300:56,56,건축행정기록,제2종근린생활시설,인천광역시 미추홀구 주안동 895-2,37.4606778,126.6946957,geocoded_kakao_jibun,kakao_exact_jibun_address_match,인천 미추홀구 주안동 895-2,1,1,0.0,,kakao_local_api:address_jibun,https://dapi.kakao.com/v2/local/search/address.json,2026-09-06,https://www.data.go.kr/data/15029300/fileData.do,2025-09-25,2026-09-06,administrative_record_only_not_confirmed_active,증축,2023-02-14,2023-02-16,2023-02-17,제2종근린생활시설,152.7,"주소 기반 추정 위치, 공사현장 좌표 아님"
15029300:57,57,건축행정기록,문화및집회시설,인천광역시 미추홀구 주안동 143-6,37.4625752,126.6808169,geocoded_kakao_jibun,kakao_exact_jibun_address_match,인천 미추홀구 주안동 143-6,1,1,0.0,,kakao_local_api:address_jibun,https://dapi.kakao.com/v2/local/search/address.json,2026-09-06,https://www.data.go.kr/data/15029300/fileData.do,2025-09-25,2026-09-06,administrative_record_only_not_confirmed_active,증축,2023-01-10,2023-01-26,2023-05-30,문화및집회시설,1984.5,"주소 기반 추정 위치, 공사현장 좌표 아님"
15029300:58,58,건축행정기록,제2종근린생활시설,인천광역시 미추홀구 학익동 191-9,37.4378094,126.6641887,geocoded_kakao_jibun,kakao_exact_jibun_address_match,인천 미추홀구 학익동 191-9,1,1,0.0,,kakao_local_api:address_jibun,https://dapi.kakao.com/v2/local/search/address.json,2026-09-06,https://www.data.go.kr/data/15029300/fileData.do,2025-09-25,2026-09-06,administrative_record_only_not_confirmed_active,신축,2023-01-04,2023-02-09,,제2종근린생활시설,298,"주소 기반 추정 위치, 공사현장 좌표 아님"
15029300:59,59,건축행정기록,공장,인천광역시 미추홀구 주안동 1381,37.4737473,126.6789010,geocoded_kakao_jibun,kakao_exact_jibun_address_match,인천 미추홀구 주안동 1381,1,1,0.0,,kakao_local_api:address_jibun,https://dapi.kakao.com/v2/local/search/address.json,2026-09-06,https://www.data.go.kr/data/15029300/fileData.do,2025-09-25,2026-09-06,administrative_record_only_not_confirmed_active,증축,2023-01-02,2023-02-06,2023-02-23,공장,14543.8,"주소 기반 추정 위치, 공사현장 좌표 아님"
15029300:60,60,건축행정기록,제1종근린생활시설,인천광역시 미추홀구 용현동 629-19,37.4526801,126.6341654,geocoded_kakao_jibun,kakao_exact_jibun_address_match,인천 미추홀구 용현동 629-19,1,1,0.0,,kakao_local_api:address_jibun,https://dapi.kakao.com/v2/local/search/address.json,2026-09-06,https://www.data.go.kr/data/15029300/fileData.do,2025-09-25,2026-09-06,administrative_record_only_not_confirmed_active,증축,2022-12-30,2023-01-05,,제1종근린생활시설,294.6,"주소 기반 추정 위치, 공사현장 좌표 아님"
15029300:61,61,건축행정기록,단독주택,인천광역시 미추홀구 관교동 487-3,37.4434954,126.6931546,geocoded_kakao_jibun,kakao_exact_jibun_address_match,인천 미추홀구 관교동 487-3,1,1,0.0,,kakao_local_api:address_jibun,https://dapi.kakao.com/v2/local/search/address.json,2026-09-06,https://www.data.go.kr/data/15029300/fileData.do,2025-09-25,2026-09-06,administrative_record_only_not_confirmed_active,증축,2022-12-15,2022-12-23,2022-12-30,단독주택,201.8,"주소 기반 추정 위치, 공사현장 좌표 아님"
15029300:62,62,건축행정기록,제1종근린생활시설,인천광역시 미추홀구 용현동 630-5,37.4528092,126.6332557,geocoded_kakao_jibun,kakao_exact_jibun_address_match,인천 미추홀구 용현동 630-5,1,1,0.0,,kakao_local_api:address_jibun,https://dapi.kakao.com/v2/local/search/address.json,2026-09-06,https://www.data.go.kr/data/15029300/fileData.do,2025-09-25,2026-09-06,administrative_record_only_not_confirmed_active,증축,2022-12-01,2022-12-02,2023-05-23,제1종근린생활시설,278.4,"주소 기반 추정 위치, 공사현장 좌표 아님"
15029300:63,63,건축행정기록,공동주택,인천광역시 미추홀구 숭의동 159-1,37.4651979,126.6453051,geocoded_kakao_jibun,kakao_exact_jibun_address_match,인천 미추홀구 숭의동 159-1,1,1,0.0,,kakao_local_api:address_jibun,https://dapi.kakao.com/v2/local/search/address.json,2026-09-06,https://www.data.go.kr/data/15029300/fileData.do,2025-09-25,2026-09-06,administrative_record_only_not_confirmed_active,대수선,2022-11-02,2022-11-28,,공동주택,3856.8,"주소 기반 추정 위치, 공사현장 좌표 아님"
15029300:64,64,건축행정기록,공동주택,인천광역시 미추홀구 주안동 962-1,37.4640216,126.6888625,geocoded_kakao_jibun,kakao_exact_jibun_address_match,인천 미추홀구 주안동 962-1,1,1,0.0,,kakao_local_api:address_jibun,https://dapi.kakao.com/v2/local/search/address.json,2026-09-06,https://www.data.go.kr/data/15029300/fileData.do,2025-09-25,2026-09-06,administrative_record_only_not_confirmed_active,대수선,2022-10-26,2022-10-27,2022-11-16,공동주택,1212.2,"주소 기반 추정 위치, 공사현장 좌표 아님"
15029300:65,65,건축행정기록,공장,인천광역시 미추홀구 도화동 761-2,37.4774302,126.6685541,geocoded_kakao_jibun,kakao_exact_jibun_address_match,인천 미추홀구 도화동 761-2,1,1,0.0,,kakao_local_api:address_jibun,https://dapi.kakao.com/v2/local/search/address.json,2026-09-06,https://www.data.go.kr/data/15029300/fileData.do,2025-09-25,2026-09-06,administrative_record_only_not_confirmed_active,증축,2022-10-17,2022-10-18,2022-10-24,공장,1224.4,"주소 기반 추정 위치, 공사현장 좌표 아님"
15029300:66,66,건축행정기록,공장,인천광역시 미추홀구 주안동 1385-15,37.4736458,126.6759659,geocoded_kakao_jibun,kakao_exact_jibun_address_match,인천 미추홀구 주안동 1385-15,1,1,0.0,,kakao_local_api:address_jibun,https://dapi.kakao.com/v2/local/search/address.json,2026-09-06,https://www.data.go.kr/data/15029300/fileData.do,2025-09-25,2026-09-06,administrative_record_only_not_confirmed_active,증축,2022-10-07,2022-10-24,2022-12-07,공장,7019,"주소 기반 추정 위치, 공사현장 좌표 아님"
15029300:67,67,건축행정기록,제2종근린생활시설,인천광역시 미추홀구 용현동 198-17,37.4517597,126.6557028,geocoded_kakao_jibun,kakao_exact_jibun_address_match,인천 미추홀구 용현동 198-17,1,1,0.0,,kakao_local_api:address_jibun,https://dapi.kakao.com/v2/local/search/address.json,2026-09-06,https://www.data.go.kr/data/15029300/fileData.do,2025-09-25,2026-09-06,administrative_record_only_not_confirmed_active,증축,2022-09-27,2022-10-07,2022-12-30,제2종근린생활시설,242.3,"주소 기반 추정 위치, 공사현장 좌표 아님"
15029300:68,68,건축행정기록,노유자시설,인천광역시 미추홀구 주안동 1418-93,37.4499502,126.6726434,geocoded_kakao_jibun,kakao_exact_jibun_address_match,인천 미추홀구 주안동 1418-93,1,1,0.0,,kakao_local_api:address_jibun,https://dapi.kakao.com/v2/local/search/address.json,2026-09-06,https://www.data.go.kr/data/15029300/fileData.do,2025-09-25,2026-09-06,administrative_record_only_not_confirmed_active,증축,2022-09-16,2022-10-13,,노유자시설,1652,"주소 기반 추정 위치, 공사현장 좌표 아님"
15029300:69,69,건축행정기록,제1종근린생활시설,인천광역시 미추홀구 용현동 192-6,37.4515493,126.6561082,geocoded_kakao_jibun,kakao_exact_jibun_address_match,인천 미추홀구 용현동 192-6,1,1,0.0,,kakao_local_api:address_jibun,https://dapi.kakao.com/v2/local/search/address.json,2026-09-06,https://www.data.go.kr/data/15029300/fileData.do,2025-09-25,2026-09-06,administrative_record_only_not_confirmed_active,대수선,2022-09-02,2022-09-08,2023-01-20,제1종근린생활시설,112.4,"주소 기반 추정 위치, 공사현장 좌표 아님"
15029300:70,70,건축행정기록,단독주택,인천광역시 미추홀구 학익동 45-40,37.4404728,126.6740802,geocoded_kakao_jibun,kakao_exact_jibun_address_match,인천 미추홀구 학익동 45-40,1,1,0.0,,kakao_local_api:address_jibun,https://dapi.kakao.com/v2/local/search/address.json,2026-09-06,https://www.data.go.kr/data/15029300/fileData.do,2025-09-25,2026-09-06,administrative_record_only_not_confirmed_active,증축,2022-09-01,2022-09-16,2022-10-24,단독주택,140,"주소 기반 추정 위치, 공사현장 좌표 아님"
15029300:71,71,건축행정기록,제2종근린생활시설,인천광역시 미추홀구 용현동 565-31,37.4556033,126.6399675,geocoded_kakao_jibun,kakao_exact_jibun_address_match,인천 미추홀구 용현동 565-31,1,1,0.0,,kakao_local_api:address_jibun,https://dapi.kakao.com/v2/local/search/address.json,2026-09-06,https://www.data.go.kr/data/15029300/fileData.do,2025-09-25,2026-09-06,administrative_record_only_not_confirmed_active,증축,2022-08-22,2022-10-18,2023-01-30,제2종근린생활시설,304.1,"주소 기반 추정 위치, 공사현장 좌표 아님"
15029300:72,72,건축행정기록,제2종근린생활시설,인천광역시 미추홀구 숭의동 105-16,37.4688863,126.6491795,geocoded_kakao_jibun,kakao_exact_jibun_address_match,인천 미추홀구 숭의동 105-16,1,1,0.0,,kakao_local_api:address_jibun,https://dapi.kakao.com/v2/local/search/address.json,2026-09-06,https://www.data.go.kr/data/15029300/fileData.do,2025-09-25,2026-09-06,administrative_record_only_not_confirmed_active,증축,2022-07-08,2022-07-29,2022-12-02,제2종근린생활시설,310.1,"주소 기반 추정 위치, 공사현장 좌표 아님"
15029300:73,73,건축행정기록,제2종근린생활시설,인천광역시 미추홀구 숭의동 296-28 외1필지,37.4582576,126.6471502,geocoded_kakao_jibun,kakao_exact_jibun_address_match,인천 미추홀구 숭의동 296-28,1,1,0.0,,kakao_local_api:address_jibun,https://dapi.kakao.com/v2/local/search/address.json,2026-09-06,https://www.data.go.kr/data/15029300/fileData.do,2025-09-25,2026-09-06,administrative_record_only_not_confirmed_active,신축,2022-07-06,2022-11-18,,제2종근린생활시설,171.9,"주소 기반 추정 위치, 공사현장 좌표 아님"
15029300:74,74,건축행정기록,단독주택,인천광역시 미추홀구 주안동 709-11,37.4527312,126.6710612,geocoded_kakao_jibun,kakao_exact_jibun_address_match,인천 미추홀구 주안동 709-11,1,1,0.0,,kakao_local_api:address_jibun,https://dapi.kakao.com/v2/local/search/address.json,2026-09-06,https://www.data.go.kr/data/15029300/fileData.do,2025-09-25,2026-09-06,administrative_record_only_not_confirmed_active,증축,2022-06-23,2022-07-08,2022-11-21,단독주택,133.4,"주소 기반 추정 위치, 공사현장 좌표 아님"
15029300:75,75,건축행정기록,제2종근린생활시설,인천광역시 미추홀구 용현동 165-1,37.4522783,126.6534110,geocoded_kakao_jibun,kakao_exact_jibun_address_match,인천 미추홀구 용현동 165-1,1,1,0.0,,kakao_local_api:address_jibun,https://dapi.kakao.com/v2/local/search/address.json,2026-09-06,https://www.data.go.kr/data/15029300/fileData.do,2025-09-25,2026-09-06,administrative_record_only_not_confirmed_active,증축,2022-06-15,2022-06-16,2022-07-29,제2종근린생활시설,117.2,"주소 기반 추정 위치, 공사현장 좌표 아님"
15029300:76,76,건축행정기록,숙박시설,인천광역시 미추홀구 용현동 624-9,37.4563269,126.6363087,geocoded_kakao_jibun,kakao_exact_jibun_address_match,인천 미추홀구 용현동 624-9,1,1,0.0,,kakao_local_api:address_jibun,https://dapi.kakao.com/v2/local/search/address.json,2026-09-06,https://www.data.go.kr/data/15029300/fileData.do,2025-09-25,2026-09-06,administrative_record_only_not_confirmed_active,증축,2022-06-09,2022-06-24,,숙박시설,345.8,"주소 기반 추정 위치, 공사현장 좌표 아님"
15029300:77,77,건축행정기록,문화및집회시설,인천광역시 미추홀구 주안동 143-6,37.4625752,126.6808169,geocoded_kakao_jibun,kakao_exact_jibun_address_match,인천 미추홀구 주안동 143-6,1,1,0.0,,kakao_local_api:address_jibun,https://dapi.kakao.com/v2/local/search/address.json,2026-09-06,https://www.data.go.kr/data/15029300/fileData.do,2025-09-25,2026-09-06,administrative_record_only_not_confirmed_active,증축,2022-05-17,2022-08-22,2022-12-16,문화및집회시설,1984.5,"주소 기반 추정 위치, 공사현장 좌표 아님"
15029300:78,78,건축행정기록,제1종근린생활시설,인천광역시 미추홀구 주안동 214-11 외1필지,37.4616731,126.6785714,geocoded_kakao_jibun,kakao_exact_jibun_address_match,인천 미추홀구 주안동 214-11,1,1,0.0,,kakao_local_api:address_jibun,https://dapi.kakao.com/v2/local/search/address.json,2026-09-06,https://www.data.go.kr/data/15029300/fileData.do,2025-09-25,2026-09-06,administrative_record_only_not_confirmed_active,증축,2022-05-11,2022-05-26,2022-07-20,제1종근린생활시설,298.3,"주소 기반 추정 위치, 공사현장 좌표 아님"
15029300:79,79,건축행정기록,단독주택,인천광역시 미추홀구 주안동 869-9,37.4449609,126.6749477,geocoded_kakao_jibun,kakao_exact_jibun_address_match,인천 미추홀구 주안동 869-9,1,1,0.0,,kakao_local_api:address_jibun,https://dapi.kakao.com/v2/local/search/address.json,2026-09-06,https://www.data.go.kr/data/15029300/fileData.do,2025-09-25,2026-09-06,administrative_record_only_not_confirmed_active,증축,2022-04-21,2022-09-21,2023-01-11,단독주택,200,"주소 기반 추정 위치, 공사현장 좌표 아님"
15029300:80,80,건축행정기록,제2종근린생활시설,인천광역시 미추홀구 용현동 95-37,37.4511789,126.6616662,geocoded_kakao_jibun,kakao_exact_jibun_address_match,인천 미추홀구 용현동 95-37,1,1,0.0,,kakao_local_api:address_jibun,https://dapi.kakao.com/v2/local/search/address.json,2026-09-06,https://www.data.go.kr/data/15029300/fileData.do,2025-09-25,2026-09-06,administrative_record_only_not_confirmed_active,증축,2022-04-06,2022-05-12,2022-06-29,제2종근린생활시설,177.8,"주소 기반 추정 위치, 공사현장 좌표 아님"
15029300:81,81,건축행정기록,종교시설,인천광역시 미추홀구 학익동 251-16,37.4413522,126.6672416,geocoded_kakao_jibun,kakao_exact_jibun_address_match,인천 미추홀구 학익동 251-16,1,1,0.0,,kakao_local_api:address_jibun,https://dapi.kakao.com/v2/local/search/address.json,2026-09-06,https://www.data.go.kr/data/15029300/fileData.do,2025-09-25,2026-09-06,administrative_record_only_not_confirmed_active,증축,2022-01-10,2022-06-09,2025-03-07,종교시설,2006,"주소 기반 추정 위치, 공사현장 좌표 아님"
15029300:82,82,건축행정기록,공장,인천광역시 미추홀구 도화동 776-3,37.4764778,126.6656338,geocoded_kakao_jibun,kakao_exact_jibun_address_match,인천 미추홀구 도화동 776-3,1,1,0.0,,kakao_local_api:address_jibun,https://dapi.kakao.com/v2/local/search/address.json,2026-09-06,https://www.data.go.kr/data/15029300/fileData.do,2025-09-25,2026-09-06,administrative_record_only_not_confirmed_active,증축,2021-12-22,2022-01-24,2022-09-22,공장,1224.8,"주소 기반 추정 위치, 공사현장 좌표 아님"
15029300:83,83,건축행정기록,제2종근린생활시설,인천광역시 미추홀구 도화동 744-21 외1필지,37.4766070,126.6677709,geocoded_kakao_jibun,kakao_exact_jibun_address_match,인천 미추홀구 도화동 744-21,1,1,0.0,,kakao_local_api:address_jibun,https://dapi.kakao.com/v2/local/search/address.json,2026-09-06,https://www.data.go.kr/data/15029300/fileData.do,2025-09-25,2026-09-06,administrative_record_only_not_confirmed_active,증축,2021-11-30,2021-12-23,2022-01-21,제2종근린생활시설,342,"주소 기반 추정 위치, 공사현장 좌표 아님"
15029300:84,84,건축행정기록,위험물저장및처리시설,인천광역시 미추홀구 주안동 18-39 외3필지,37.4667302,126.6831175,geocoded_kakao_jibun,kakao_exact_jibun_address_match,인천 미추홀구 주안동 18-39,1,1,0.0,,kakao_local_api:address_jibun,https://dapi.kakao.com/v2/local/search/address.json,2026-09-06,https://www.data.go.kr/data/15029300/fileData.do,2025-09-25,2026-09-06,administrative_record_only_not_confirmed_active,증축,2021-11-09,2021-11-17,2021-12-17,위험물저장및처리시설,1188.3,"주소 기반 추정 위치, 공사현장 좌표 아님"
15029300:85,85,건축행정기록,제1종근린생활시설,인천광역시 미추홀구 도화동 619-5,37.4657285,126.6639170,geocoded_kakao_jibun,kakao_exact_jibun_address_match,인천 미추홀구 도화동 619-5,1,1,0.0,,kakao_local_api:address_jibun,https://dapi.kakao.com/v2/local/search/address.json,2026-09-06,https://www.data.go.kr/data/15029300/fileData.do,2025-09-25,2026-09-06,administrative_record_only_not_confirmed_active,증축,2021-11-05,2021-11-24,2021-12-03,제1종근린생활시설,291.6,"주소 기반 추정 위치, 공사현장 좌표 아님"
15029300:86,86,건축행정기록,단독주택,인천광역시 미추홀구 숭의동 90-51,37.4670433,126.6519579,geocoded_kakao_jibun,kakao_exact_jibun_address_match,인천 미추홀구 숭의동 90-51,1,1,0.0,,kakao_local_api:address_jibun,https://dapi.kakao.com/v2/local/search/address.json,2026-09-06,https://www.data.go.kr/data/15029300/fileData.do,2025-09-25,2026-09-06,administrative_record_only_not_confirmed_active,신축,2021-09-08,2021-10-22,2022-03-29,단독주택,137.5,"주소 기반 추정 위치, 공사현장 좌표 아님"
15029300:87,87,건축행정기록,단독주택,인천광역시 미추홀구 용현동 621-136 외1필지,37.4525920,126.6372528,geocoded_kakao_jibun,kakao_exact_jibun_address_match,인천 미추홀구 용현동 621-136,1,1,0.0,,kakao_local_api:address_jibun,https://dapi.kakao.com/v2/local/search/address.json,2026-09-06,https://www.data.go.kr/data/15029300/fileData.do,2025-09-25,2026-09-06,administrative_record_only_not_confirmed_active,증축,2021-09-02,2021-09-14,2021-11-05,단독주택,171.3,"주소 기반 추정 위치, 공사현장 좌표 아님"
15029300:88,88,건축행정기록,노유자시설,인천광역시 미추홀구 학익동 666-1,37.4392458,126.6766202,geocoded_kakao_jibun,kakao_exact_jibun_address_match,인천 미추홀구 학익동 666-1,1,1,0.0,,kakao_local_api:address_jibun,https://dapi.kakao.com/v2/local/search/address.json,2026-09-06,https://www.data.go.kr/data/15029300/fileData.do,2025-09-25,2026-09-06,administrative_record_only_not_confirmed_active,증축,2021-08-11,2021-09-03,2022-03-21,노유자시설,942.8,"주소 기반 추정 위치, 공사현장 좌표 아님"
15029300:89,89,건축행정기록,제1종근린생활시설,인천광역시 미추홀구 숭의동 158-2,37.4649671,126.6461543,geocoded_kakao_jibun,kakao_exact_jibun_address_match,인천 미추홀구 숭의동 158-2,1,1,0.0,,kakao_local_api:address_jibun,https://dapi.kakao.com/v2/local/search/address.json,2026-09-06,https://www.data.go.kr/data/15029300/fileData.do,2025-09-25,2026-09-06,administrative_record_only_not_confirmed_active,증축,2021-08-09,2021-08-20,2022-11-08,제1종근린생활시설,551.7,"주소 기반 추정 위치, 공사현장 좌표 아님"
15029300:90,90,건축행정기록,제1종근린생활시설,인천광역시 미추홀구 숭의동 158-3,37.4647501,126.6461919,geocoded_kakao_jibun,kakao_exact_jibun_address_match,인천 미추홀구 숭의동 158-3,1,1,0.0,,kakao_local_api:address_jibun,https://dapi.kakao.com/v2/local/search/address.json,2026-09-06,https://www.data.go.kr/data/15029300/fileData.do,2025-09-25,2026-09-06,administrative_record_only_not_confirmed_active,증축,2021-08-09,2021-08-20,2022-11-08,제1종근린생활시설,463.5,"주소 기반 추정 위치, 공사현장 좌표 아님"
15029300:91,91,건축행정기록,제2종근린생활시설,인천광역시 미추홀구 용현동 627-635,37.4517383,126.6308066,geocoded_kakao_jibun,kakao_exact_jibun_address_match,인천 미추홀구 용현동 627-635,1,1,0.0,,kakao_local_api:address_jibun,https://dapi.kakao.com/v2/local/search/address.json,2026-09-06,https://www.data.go.kr/data/15029300/fileData.do,2025-09-25,2026-09-06,administrative_record_only_not_confirmed_active,신축,2021-08-06,2021-09-29,2021-12-08,제2종근린생활시설,188,"주소 기반 추정 위치, 공사현장 좌표 아님"
15029300:92,92,건축행정기록,제1종근린생활시설,인천광역시 미추홀구 주안동 153-9 외1필지,37.4619110,126.6817029,geocoded_kakao_jibun,kakao_exact_jibun_address_match,인천 미추홀구 주안동 153-9,1,1,0.0,,kakao_local_api:address_jibun,https://dapi.kakao.com/v2/local/search/address.json,2026-09-06,https://www.data.go.kr/data/15029300/fileData.do,2025-09-25,2026-09-06,administrative_record_only_not_confirmed_active,증축,2021-08-06,2021-08-26,2023-05-17,제1종근린생활시설,323.2,"주소 기반 추정 위치, 공사현장 좌표 아님"
15029300:93,93,건축행정기록,공장,인천광역시 미추홀구 도화동 942-5,37.4790521,126.6559520,geocoded_kakao_jibun,kakao_exact_jibun_address_match,인천 미추홀구 도화동 942-5,1,1,0.0,,kakao_local_api:address_jibun,https://dapi.kakao.com/v2/local/search/address.json,2026-09-06,https://www.data.go.kr/data/15029300/fileData.do,2025-09-25,2026-09-06,administrative_record_only_not_confirmed_active,증축,2021-08-05,2021-08-26,2021-10-08,공장,3042.1,"주소 기반 추정 위치, 공사현장 좌표 아님"
15029300:94,94,건축행정기록,제2종근린생활시설,인천광역시 미추홀구 도화동 754-1,37.4761737,126.6674570,geocoded_kakao_jibun,kakao_exact_jibun_address_match,인천 미추홀구 도화동 754-1,1,1,0.0,,kakao_local_api:address_jibun,https://dapi.kakao.com/v2/local/search/address.json,2026-09-06,https://www.data.go.kr/data/15029300/fileData.do,2025-09-25,2026-09-06,administrative_record_only_not_confirmed_active,증축,2021-08-03,2021-09-16,2021-11-15,제2종근린생활시설,1157.1,"주소 기반 추정 위치, 공사현장 좌표 아님"
15029300:95,95,건축행정기록,제1종근린생활시설,인천광역시 미추홀구 주안동 19-52 외8필지,37.4688041,126.6869610,geocoded_kakao_jibun,kakao_exact_jibun_address_match,인천 미추홀구 주안동 19-52,1,1,0.0,,kakao_local_api:address_jibun,https://dapi.kakao.com/v2/local/search/address.json,2026-09-06,https://www.data.go.kr/data/15029300/fileData.do,2025-09-25,2026-09-06,administrative_record_only_not_confirmed_active,신축,2021-07-19,2021-07-21,2021-07-23,제1종근린생활시설,5852.4,"주소 기반 추정 위치, 공사현장 좌표 아님"
15029300:96,96,건축행정기록,제2종근린생활시설,인천광역시 미추홀구 주안동 607-11 외2필지,37.4544574,126.6699099,geocoded_kakao_jibun,kakao_exact_jibun_address_match,인천 미추홀구 주안동 607-11,1,1,0.0,,kakao_local_api:address_jibun,https://dapi.kakao.com/v2/local/search/address.json,2026-09-06,https://www.data.go.kr/data/15029300/fileData.do,2025-09-25,2026-09-06,administrative_record_only_not_confirmed_active,증축,2021-06-11,2021-06-18,2021-11-18,제2종근린생활시설,451.3,"주소 기반 추정 위치, 공사현장 좌표 아님"
15029300:97,97,건축행정기록,창고시설,인천광역시 미추홀구 도화동 69-52 외1필지,37.4701497,126.6707866,geocoded_kakao_jibun,kakao_exact_jibun_address_match,인천 미추홀구 도화동 69-52,1,1,0.0,,kakao_local_api:address_jibun,https://dapi.kakao.com/v2/local/search/address.json,2026-09-06,https://www.data.go.kr/data/15029300/fileData.do,2025-09-25,2026-09-06,administrative_record_only_not_confirmed_active,신축,2021-06-08,2021-06-25,2021-10-27,창고시설,486.6,"주소 기반 추정 위치, 공사현장 좌표 아님"
15029300:98,98,건축행정기록,위험물저장및처리시설,인천광역시 미추홀구 주안동 18-39 외2필지,37.4667302,126.6831175,geocoded_kakao_jibun,kakao_exact_jibun_address_match,인천 미추홀구 주안동 18-39,1,1,0.0,,kakao_local_api:address_jibun,https://dapi.kakao.com/v2/local/search/address.json,2026-09-06,https://www.data.go.kr/data/15029300/fileData.do,2025-09-25,2026-09-06,administrative_record_only_not_confirmed_active,증축,2021-05-26,2021-08-27,2021-10-27,위험물저장및처리시설,1128.4,"주소 기반 추정 위치, 공사현장 좌표 아님"
15029300:99,99,건축행정기록,제1종근린생활시설,인천광역시 미추홀구 문학동 377-5 외1필지,37.4377682,126.6833172,geocoded_kakao_jibun,kakao_exact_jibun_address_match,인천 미추홀구 문학동 377-5,1,1,0.0,,kakao_local_api:address_jibun,https://dapi.kakao.com/v2/local/search/address.json,2026-09-06,https://www.data.go.kr/data/15029300/fileData.do,2025-09-25,2026-09-06,administrative_record_only_not_confirmed_active,증축,2021-05-24,2021-06-28,2021-11-02,제1종근린생활시설,1277.8,"주소 기반 추정 위치, 공사현장 좌표 아님"
15029300:100,100,건축행정기록,제1종근린생활시설,인천광역시 미추홀구 주안동 1286-10,37.4442155,126.6807649,geocoded_kakao_jibun,kakao_exact_jibun_address_match,인천 미추홀구 주안동 1286-10,1,1,0.0,,kakao_local_api:address_jibun,https://dapi.kakao.com/v2/local/search/address.json,2026-09-06,https://www.data.go.kr/data/15029300/fileData.do,2025-09-25,2026-09-06,administrative_record_only_not_confirmed_active,신축,2021-05-24,2021-06-22,2021-09-30,제1종근린생활시설,104,"주소 기반 추정 위치, 공사현장 좌표 아님"
15029300:101,101,건축행정기록,제2종근린생활시설,인천광역시 미추홀구 학익동 587-77,37.4399688,126.6352335,geocoded_kakao_jibun,kakao_exact_jibun_address_match,인천 미추홀구 학익동 587-77,1,1,0.0,,kakao_local_api:address_jibun,https://dapi.kakao.com/v2/local/search/address.json,2026-09-06,https://www.data.go.kr/data/15029300/fileData.do,2025-09-25,2026-09-06,administrative_record_only_not_confirmed_active,신축,2021-04-21,2021-05-14,2021-07-14,제2종근린생활시설,266,"주소 기반 추정 위치, 공사현장 좌표 아님"
15029300:102,102,건축행정기록,단독주택,인천광역시 미추홀구 용현동 212-29,37.4528920,126.6524076,geocoded_kakao_jibun,kakao_exact_jibun_address_match,인천 미추홀구 용현동 212-29,1,1,0.0,,kakao_local_api:address_jibun,https://dapi.kakao.com/v2/local/search/address.json,2026-09-06,https://www.data.go.kr/data/15029300/fileData.do,2025-09-25,2026-09-06,administrative_record_only_not_confirmed_active,증축,2021-04-08,2021-04-21,2021-05-24,단독주택,139.5,"주소 기반 추정 위치, 공사현장 좌표 아님"
15029300:103,103,건축행정기록,제2종근린생활시설,인천광역시 미추홀구 숭의동 14-30,37.4611938,126.6586075,geocoded_kakao_jibun,kakao_exact_jibun_address_match,인천 미추홀구 숭의동 14-30,1,1,0.0,,kakao_local_api:address_jibun,https://dapi.kakao.com/v2/local/search/address.json,2026-09-06,https://www.data.go.kr/data/15029300/fileData.do,2025-09-25,2026-09-06,administrative_record_only_not_confirmed_active,신축,2021-03-11,2021-05-25,2021-08-30,제2종근린생활시설,129,"주소 기반 추정 위치, 공사현장 좌표 아님"
15029300:104,104,건축행정기록,자동차관련시설,인천광역시 미추홀구 학익동 587-56,37.4396750,126.6345486,geocoded_kakao_jibun,kakao_exact_jibun_address_match,인천 미추홀구 학익동 587-56,1,1,0.0,,kakao_local_api:address_jibun,https://dapi.kakao.com/v2/local/search/address.json,2026-09-06,https://www.data.go.kr/data/15029300/fileData.do,2025-09-25,2026-09-06,administrative_record_only_not_confirmed_active,신축,2021-03-11,2021-03-17,2021-05-17,자동차관련시설,1084,"주소 기반 추정 위치, 공사현장 좌표 아님"
15029300:105,105,건축행정기록,제1종근린생활시설,인천광역시 미추홀구 문학동 376-3,37.4374759,126.6831635,geocoded_kakao_jibun,kakao_exact_jibun_address_match,인천 미추홀구 문학동 376-3,1,1,0.0,,kakao_local_api:address_jibun,https://dapi.kakao.com/v2/local/search/address.json,2026-09-06,https://www.data.go.kr/data/15029300/fileData.do,2025-09-25,2026-09-06,administrative_record_only_not_confirmed_active,신축,2021-01-22,2021-02-22,2021-05-26,제1종근린생활시설,161,"주소 기반 추정 위치, 공사현장 좌표 아님"
15029300:106,106,건축행정기록,제2종근린생활시설,인천광역시 미추홀구 용현동 174-22,37.4537829,126.6608350,geocoded_kakao_jibun,kakao_exact_jibun_address_match,인천 미추홀구 용현동 174-22,1,1,0.0,,kakao_local_api:address_jibun,https://dapi.kakao.com/v2/local/search/address.json,2026-09-06,https://www.data.go.kr/data/15029300/fileData.do,2025-09-25,2026-09-06,administrative_record_only_not_confirmed_active,증축,2020-12-30,2021-01-05,2021-01-25,제2종근린생활시설,125.6,"주소 기반 추정 위치, 공사현장 좌표 아님"
15029300:107,107,건축행정기록,공동주택,인천광역시 미추홀구 용현동 684-85 외1필지,37.4589953,126.6408140,geocoded_kakao_jibun,kakao_exact_jibun_address_match,인천 미추홀구 용현동 684-85,1,1,0.0,,kakao_local_api:address_jibun,https://dapi.kakao.com/v2/local/search/address.json,2026-09-06,https://www.data.go.kr/data/15029300/fileData.do,2025-09-25,2026-09-06,administrative_record_only_not_confirmed_active,증축,2020-12-23,2020-12-23,2020-12-23,공동주택,257,"주소 기반 추정 위치, 공사현장 좌표 아님"
15029300:108,108,건축행정기록,제2종근린생활시설,인천광역시 미추홀구 용현동 30-7,37.4499457,126.6647540,geocoded_kakao_jibun,kakao_exact_jibun_address_match,인천 미추홀구 용현동 30-7,1,1,0.0,,kakao_local_api:address_jibun,https://dapi.kakao.com/v2/local/search/address.json,2026-09-06,https://www.data.go.kr/data/15029300/fileData.do,2025-09-25,2026-09-06,administrative_record_only_not_confirmed_active,신축,2020-12-23,2021-01-25,2021-08-31,제2종근린생활시설,135.5,"주소 기반 추정 위치, 공사현장 좌표 아님"
15029300:109,109,건축행정기록,자동차관련시설,인천광역시 미추홀구 도화동 425-1,37.4604379,126.6732154,geocoded_kakao_jibun,kakao_exact_jibun_address_match,인천 미추홀구 도화동 425-1,1,1,0.0,,kakao_local_api:address_jibun,https://dapi.kakao.com/v2/local/search/address.json,2026-09-06,https://www.data.go.kr/data/15029300/fileData.do,2025-09-25,2026-09-06,administrative_record_only_not_confirmed_active,증축,2020-12-09,2021-01-04,,자동차관련시설,602,"주소 기반 추정 위치, 공사현장 좌표 아님"
15029300:110,110,건축행정기록,제1종근린생활시설,인천광역시 미추홀구 학익동 587-6,,,unresolved,no_exact_parcel_match_in_kakao,,0,0,,,kakao_local_api:unresolved,https://dapi.kakao.com/v2/local/search/address.json,2026-09-06,https://www.data.go.kr/data/15029300/fileData.do,2025-09-25,2026-09-06,administrative_record_only_not_confirmed_active,신축,2020-11-23,2021-01-04,2021-05-26,제1종근린생활시설,29061,"주소 기반 추정 위치, 공사현장 좌표 아님"
15029300:111,111,건축행정기록,제1종근린생활시설,인천광역시 미추홀구 도화동 115-11,37.4698582,126.6666320,geocoded_kakao_jibun,kakao_exact_jibun_address_match,인천 미추홀구 도화동 115-11,1,1,0.0,,kakao_local_api:address_jibun,https://dapi.kakao.com/v2/local/search/address.json,2026-09-06,https://www.data.go.kr/data/15029300/fileData.do,2025-09-25,2026-09-06,administrative_record_only_not_confirmed_active,신축,2020-11-09,2020-11-18,2021-01-22,제1종근린생활시설,87.3,"주소 기반 추정 위치, 공사현장 좌표 아님"
15029300:112,112,건축행정기록,단독주택,인천광역시 미추홀구 도화동 80-87,37.4672171,126.6557659,geocoded_kakao_jibun,kakao_exact_jibun_address_match,인천 미추홀구 도화동 80-87,1,1,0.0,,kakao_local_api:address_jibun,https://dapi.kakao.com/v2/local/search/address.json,2026-09-06,https://www.data.go.kr/data/15029300/fileData.do,2025-09-25,2026-09-06,administrative_record_only_not_confirmed_active,신축,2020-10-26,2020-11-02,2021-04-01,단독주택,86.7,"주소 기반 추정 위치, 공사현장 좌표 아님"
15029300:113,113,건축행정기록,운수시설,인천광역시 미추홀구 숭의동 450-39 외43필지,37.4666925,126.6564100,geocoded_kakao_jibun,kakao_exact_jibun_address_match,인천 미추홀구 숭의동 450-39,1,1,0.0,,kakao_local_api:address_jibun,https://dapi.kakao.com/v2/local/search/address.json,2026-09-06,https://www.data.go.kr/data/15029300/fileData.do,2025-09-25,2026-09-06,administrative_record_only_not_confirmed_active,증축,2020-10-19,2020-11-13,2020-12-29,운수시설,12476.69,"주소 기반 추정 위치, 공사현장 좌표 아님"
15029300:114,114,건축행정기록,제2종근린생활시설,인천광역시 미추홀구 용현동 492-5,37.4592936,126.6537174,geocoded_kakao_jibun,kakao_exact_jibun_address_match,인천 미추홀구 용현동 492-5,1,1,0.0,,kakao_local_api:address_jibun,https://dapi.kakao.com/v2/local/search/address.json,2026-09-06,https://www.data.go.kr/data/15029300/fileData.do,2025-09-25,2026-09-06,administrative_record_only_not_confirmed_active,대수선,2020-09-23,2020-09-29,,제2종근린생활시설,137.5,"주소 기반 추정 위치, 공사현장 좌표 아님"
15029300:115,115,건축행정기록,제2종근린생활시설,인천광역시 미추홀구 용현동 168-10,37.4528960,126.6568796,geocoded_kakao_jibun,kakao_exact_jibun_address_match,인천 미추홀구 용현동 168-10,1,1,0.0,,kakao_local_api:address_jibun,https://dapi.kakao.com/v2/local/search/address.json,2026-09-06,https://www.data.go.kr/data/15029300/fileData.do,2025-09-25,2026-09-06,administrative_record_only_not_confirmed_active,증축,2020-09-22,2020-09-25,2020-10-27,제2종근린생활시설,207.3,"주소 기반 추정 위치, 공사현장 좌표 아님"
15029300:116,116,건축행정기록,제1종근린생활시설,인천광역시 미추홀구 주안동 1471-19,37.4531068,126.6804734,geocoded_kakao_jibun,kakao_exact_jibun_address_match,인천 미추홀구 주안동 1471-19,1,1,0.0,,kakao_local_api:address_jibun,https://dapi.kakao.com/v2/local/search/address.json,2026-09-06,https://www.data.go.kr/data/15029300/fileData.do,2025-09-25,2026-09-06,administrative_record_only_not_confirmed_active,신축,2020-08-18,2020-09-08,2020-12-30,제1종근린생활시설,172.1,"주소 기반 추정 위치, 공사현장 좌표 아님"
15029300:117,117,건축행정기록,단독주택,인천광역시 미추홀구 용현동 623-30,37.4550442,126.6376452,geocoded_kakao_jibun,kakao_exact_jibun_address_match,인천 미추홀구 용현동 623-30,1,1,0.0,,kakao_local_api:address_jibun,https://dapi.kakao.com/v2/local/search/address.json,2026-09-06,https://www.data.go.kr/data/15029300/fileData.do,2025-09-25,2026-09-06,administrative_record_only_not_confirmed_active,대수선,2020-08-12,2020-08-21,2020-12-23,단독주택,168.8,"주소 기반 추정 위치, 공사현장 좌표 아님"
15029300:118,118,건축행정기록,자동차관련시설,인천광역시 미추홀구 도화동 378-15,37.4603302,126.6751634,geocoded_kakao_jibun,kakao_exact_jibun_address_match,인천 미추홀구 도화동 378-15,1,1,0.0,,kakao_local_api:address_jibun,https://dapi.kakao.com/v2/local/search/address.json,2026-09-06,https://www.data.go.kr/data/15029300/fileData.do,2025-09-25,2026-09-06,administrative_record_only_not_confirmed_active,증축,2020-08-11,2020-08-25,2020-11-11,자동차관련시설,7586.8,"주소 기반 추정 위치, 공사현장 좌표 아님"
15029300:119,119,건축행정기록,단독주택,인천광역시 미추홀구 주안동 1466-16,37.4495243,126.6809277,geocoded_kakao_jibun,kakao_exact_jibun_address_match,인천 미추홀구 주안동 1466-16,1,1,0.0,,kakao_local_api:address_jibun,https://dapi.kakao.com/v2/local/search/address.json,2026-09-06,https://www.data.go.kr/data/15029300/fileData.do,2025-09-25,2026-09-06,administrative_record_only_not_confirmed_active,신축,2020-07-30,2020-08-03,2021-01-12,단독주택,132.2,"주소 기반 추정 위치, 공사현장 좌표 아님"
15029300:120,120,건축행정기록,자동차관련시설,인천광역시 미추홀구 주안동 968-3,37.4633318,126.6882291,geocoded_kakao_jibun,kakao_exact_jibun_address_match,인천 미추홀구 주안동 968-3,1,1,0.0,,kakao_local_api:address_jibun,https://dapi.kakao.com/v2/local/search/address.json,2026-09-06,https://www.data.go.kr/data/15029300/fileData.do,2025-09-25,2026-09-06,administrative_record_only_not_confirmed_active,증축,2020-07-24,2020-07-30,2020-08-19,자동차관련시설,1562.3,"주소 기반 추정 위치, 공사현장 좌표 아님"
15029300:121,121,건축행정기록,단독주택,인천광역시 미추홀구 용현동 355-1,37.4539852,126.6503564,geocoded_kakao_jibun,kakao_exact_jibun_address_match,인천 미추홀구 용현동 355-1,1,1,0.0,,kakao_local_api:address_jibun,https://dapi.kakao.com/v2/local/search/address.json,2026-09-06,https://www.data.go.kr/data/15029300/fileData.do,2025-09-25,2026-09-06,administrative_record_only_not_confirmed_active,신축,2020-07-02,2020-07-31,2021-12-08,단독주택,107,"주소 기반 추정 위치, 공사현장 좌표 아님"
15029300:122,122,건축행정기록,제2종근린생활시설,인천광역시 미추홀구 도화동 557-7 외1필지,37.4643749,126.6719077,geocoded_kakao_jibun,kakao_exact_jibun_address_match,인천 미추홀구 도화동 557-7,1,1,0.0,,kakao_local_api:address_jibun,https://dapi.kakao.com/v2/local/search/address.json,2026-09-06,https://www.data.go.kr/data/15029300/fileData.do,2025-09-25,2026-09-06,administrative_record_only_not_confirmed_active,증축,2020-06-25,2020-07-02,2020-07-17,제2종근린생활시설,375.8,"주소 기반 추정 위치, 공사현장 좌표 아님"
15029300:123,123,건축행정기록,단독주택,인천광역시 미추홀구 주안동 13-6,37.4676733,126.6764357,geocoded_kakao_jibun,kakao_exact_jibun_address_match,인천 미추홀구 주안동 13-6,1,1,0.0,,kakao_local_api:address_jibun,https://dapi.kakao.com/v2/local/search/address.json,2026-09-06,https://www.data.go.kr/data/15029300/fileData.do,2025-09-25,2026-09-06,administrative_record_only_not_confirmed_active,개축,2020-06-16,2020-07-20,2020-11-10,단독주택,100.9,"주소 기반 추정 위치, 공사현장 좌표 아님"
15029300:124,124,건축행정기록,제2종근린생활시설,인천광역시 미추홀구 주안동 1285-16,37.4442443,126.6800799,geocoded_kakao_jibun,kakao_exact_jibun_address_match,인천 미추홀구 주안동 1285-16,1,1,0.0,,kakao_local_api:address_jibun,https://dapi.kakao.com/v2/local/search/address.json,2026-09-06,https://www.data.go.kr/data/15029300/fileData.do,2025-09-25,2026-09-06,administrative_record_only_not_confirmed_active,신축,2020-04-24,2020-04-28,2020-06-12,제2종근린생활시설,116,"주소 기반 추정 위치, 공사현장 좌표 아님"
15029300:125,125,건축행정기록,제2종근린생활시설,인천광역시 미추홀구 학익동 657-1,37.4408232,126.6688265,geocoded_kakao_jibun,kakao_exact_jibun_address_match,인천 미추홀구 학익동 657-1,1,1,0.0,,kakao_local_api:address_jibun,https://dapi.kakao.com/v2/local/search/address.json,2026-09-06,https://www.data.go.kr/data/15029300/fileData.do,2025-09-25,2026-09-06,administrative_record_only_not_confirmed_active,증축,2020-04-22,2020-11-02,2021-05-24,제2종근린생활시설,434.2,"주소 기반 추정 위치, 공사현장 좌표 아님"
15029300:126,126,건축행정기록,제2종근린생활시설,인천광역시 미추홀구 용현동 623-2,37.4550302,126.6374346,geocoded_kakao_jibun,kakao_exact_jibun_address_match,인천 미추홀구 용현동 623-2,1,1,0.0,,kakao_local_api:address_jibun,https://dapi.kakao.com/v2/local/search/address.json,2026-09-06,https://www.data.go.kr/data/15029300/fileData.do,2025-09-25,2026-09-06,administrative_record_only_not_confirmed_active,신축,2020-04-01,2020-04-14,2020-06-05,제2종근린생활시설,169,"주소 기반 추정 위치, 공사현장 좌표 아님"
15029300:127,127,건축행정기록,제2종근린생활시설,인천광역시 미추홀구 학익동 673-5,37.4393695,126.6727449,geocoded_kakao_jibun,kakao_exact_jibun_address_match,인천 미추홀구 학익동 673-5,1,1,0.0,,kakao_local_api:address_jibun,https://dapi.kakao.com/v2/local/search/address.json,2026-09-06,https://www.data.go.kr/data/15029300/fileData.do,2025-09-25,2026-09-06,administrative_record_only_not_confirmed_active,증축,2020-03-24,2020-04-27,2020-06-11,제2종근린생활시설,74.2,"주소 기반 추정 위치, 공사현장 좌표 아님"
15029300:128,128,건축행정기록,제1종근린생활시설,인천광역시 미추홀구 숭의동 348-5,37.4613055,126.6411852,geocoded_kakao_jibun,kakao_exact_jibun_address_match,인천 미추홀구 숭의동 348-5,1,1,0.0,,kakao_local_api:address_jibun,https://dapi.kakao.com/v2/local/search/address.json,2026-09-06,https://www.data.go.kr/data/15029300/fileData.do,2025-09-25,2026-09-06,administrative_record_only_not_confirmed_active,증축,2020-03-10,2020-03-12,2020-06-08,제1종근린생활시설,161,"주소 기반 추정 위치, 공사현장 좌표 아님"
15029300:129,129,건축행정기록,제2종근린생활시설,인천광역시 미추홀구 주안동 1588-1,37.4586538,126.6924937,geocoded_kakao_jibun,kakao_exact_jibun_address_match,인천 미추홀구 주안동 1588-1,1,1,0.0,,kakao_local_api:address_jibun,https://dapi.kakao.com/v2/local/search/address.json,2026-09-06,https://www.data.go.kr/data/15029300/fileData.do,2025-09-25,2026-09-06,administrative_record_only_not_confirmed_active,신축,2020-03-05,2020-03-11,2020-04-28,제2종근린생활시설,152,"주소 기반 추정 위치, 공사현장 좌표 아님"
15029300:130,130,건축행정기록,제2종근린생활시설,인천광역시 미추홀구 관교동 320-17,37.4465329,126.6922956,geocoded_kakao_jibun,kakao_exact_jibun_address_match,인천 미추홀구 관교동 320-17,1,1,0.0,,kakao_local_api:address_jibun,https://dapi.kakao.com/v2/local/search/address.json,2026-09-06,https://www.data.go.kr/data/15029300/fileData.do,2025-09-25,2026-09-06,administrative_record_only_not_confirmed_active,신축,2020-02-28,2020-04-02,2020-06-01,제2종근린생활시설,116.2,"주소 기반 추정 위치, 공사현장 좌표 아님"
15029300:131,131,건축행정기록,제1종근린생활시설,인천광역시 미추홀구 숭의동 294-10,37.4595438,126.6481247,geocoded_kakao_jibun,kakao_exact_jibun_address_match,인천 미추홀구 숭의동 294-10,1,1,0.0,,kakao_local_api:address_jibun,https://dapi.kakao.com/v2/local/search/address.json,2026-09-06,https://www.data.go.kr/data/15029300/fileData.do,2025-09-25,2026-09-06,administrative_record_only_not_confirmed_active,신축,2019-11-15,2020-07-02,2020-11-17,제1종근린생활시설,150.5,"주소 기반 추정 위치, 공사현장 좌표 아님"
15029300:132,132,건축행정기록,업무시설,인천광역시 미추홀구 학익동 489-2,37.4426766,126.6536782,geocoded_kakao_jibun,kakao_exact_jibun_address_match,인천 미추홀구 학익동 489-2,1,1,0.0,,kakao_local_api:address_jibun,https://dapi.kakao.com/v2/local/search/address.json,2026-09-06,https://www.data.go.kr/data/15029300/fileData.do,2025-09-25,2026-09-06,administrative_record_only_not_confirmed_active,증축,2019-10-31,2019-12-02,,업무시설,13593,"주소 기반 추정 위치, 공사현장 좌표 아님"
15029300:133,133,건축행정기록,제2종근린생활시설,인천광역시 미추홀구 용현동 627-373,37.4505413,126.6361542,geocoded_kakao_jibun,kakao_exact_jibun_address_match,인천 미추홀구 용현동 627-373,1,1,0.0,,kakao_local_api:address_jibun,https://dapi.kakao.com/v2/local/search/address.json,2026-09-06,https://www.data.go.kr/data/15029300/fileData.do,2025-09-25,2026-09-06,administrative_record_only_not_confirmed_active,증축,2019-10-25,2019-11-01,2019-11-13,제2종근린생활시설,137,"주소 기반 추정 위치, 공사현장 좌표 아님"
15029300:134,134,건축행정기록,단독주택,인천광역시 미추홀구 숭의동 285-9,37.4601409,126.6524441,geocoded_kakao_jibun,kakao_exact_jibun_address_match,인천 미추홀구 숭의동 285-9,1,1,0.0,,kakao_local_api:address_jibun,https://dapi.kakao.com/v2/local/search/address.json,2026-09-06,https://www.data.go.kr/data/15029300/fileData.do,2025-09-25,2026-09-06,administrative_record_only_not_confirmed_active,대수선,2019-10-01,2019-10-22,2019-11-11,단독주택,130.2,"주소 기반 추정 위치, 공사현장 좌표 아님"
15029300:135,135,건축행정기록,제2종근린생활시설,인천광역시 미추홀구 학익동 673-5,37.4393695,126.6727449,geocoded_kakao_jibun,kakao_exact_jibun_address_match,인천 미추홀구 학익동 673-5,1,1,0.0,,kakao_local_api:address_jibun,https://dapi.kakao.com/v2/local/search/address.json,2026-09-06,https://www.data.go.kr/data/15029300/fileData.do,2025-09-25,2026-09-06,administrative_record_only_not_confirmed_active,신축,2019-09-24,2019-10-11,2020-01-13,제2종근린생활시설,74.2,"주소 기반 추정 위치, 공사현장 좌표 아님"
15029300:136,136,건축행정기록,제2종근린생활시설,인천광역시 미추홀구 숭의동 353-26,37.4620990,126.6403637,geocoded_kakao_jibun,kakao_exact_jibun_address_match,인천 미추홀구 숭의동 353-26,1,1,0.0,,kakao_local_api:address_jibun,https://dapi.kakao.com/v2/local/search/address.json,2026-09-06,https://www.data.go.kr/data/15029300/fileData.do,2025-09-25,2026-09-06,administrative_record_only_not_confirmed_active,증축,2019-07-17,2019-10-24,,제2종근린생활시설,259.2,"주소 기반 추정 위치, 공사현장 좌표 아님"
15029300:137,137,건축행정기록,의료시설,인천광역시 미추홀구 용현동 450-5 외5필지,37.4554289,126.6530379,geocoded_kakao_jibun,kakao_exact_jibun_address_match,인천 미추홀구 용현동 450-5,1,1,0.0,,kakao_local_api:address_jibun,https://dapi.kakao.com/v2/local/search/address.json,2026-09-06,https://www.data.go.kr/data/15029300/fileData.do,2025-09-25,2026-09-06,administrative_record_only_not_confirmed_active,증축,2019-07-05,2019-07-17,2019-09-10,의료시설,28547.5,"주소 기반 추정 위치, 공사현장 좌표 아님"
15029300:138,138,건축행정기록,제2종근린생활시설,인천광역시 미추홀구 주안동 14-44,37.4677612,126.6792769,geocoded_kakao_jibun,kakao_exact_jibun_address_match,인천 미추홀구 주안동 14-44,1,1,0.0,,kakao_local_api:address_jibun,https://dapi.kakao.com/v2/local/search/address.json,2026-09-06,https://www.data.go.kr/data/15029300/fileData.do,2025-09-25,2026-09-06,administrative_record_only_not_confirmed_active,증축,2019-07-05,2019-07-15,2019-09-11,제2종근린생활시설,454.5,"주소 기반 추정 위치, 공사현장 좌표 아님"
15029300:139,139,건축행정기록,제1종근린생활시설,인천광역시 미추홀구 주안동 720-8,37.4522086,126.6716190,geocoded_kakao_jibun,kakao_exact_jibun_address_match,인천 미추홀구 주안동 720-8,1,1,0.0,,kakao_local_api:address_jibun,https://dapi.kakao.com/v2/local/search/address.json,2026-09-06,https://www.data.go.kr/data/15029300/fileData.do,2025-09-25,2026-09-06,administrative_record_only_not_confirmed_active,신축,2019-07-04,2019-07-19,2019-09-10,제1종근린생활시설,526.3,"주소 기반 추정 위치, 공사현장 좌표 아님"
15029300:140,140,건축행정기록,제2종근린생활시설,인천광역시 미추홀구 주안동 1412-60,37.4700870,126.6822066,geocoded_kakao_jibun,kakao_exact_jibun_address_match,인천 미추홀구 주안동 1412-60,1,1,0.0,,kakao_local_api:address_jibun,https://dapi.kakao.com/v2/local/search/address.json,2026-09-06,https://www.data.go.kr/data/15029300/fileData.do,2025-09-25,2026-09-06,administrative_record_only_not_confirmed_active,신축,2019-06-24,2019-06-28,2020-03-05,제2종근린생활시설,163.6,"주소 기반 추정 위치, 공사현장 좌표 아님"
15029300:141,141,건축행정기록,제2종근린생활시설,인천광역시 미추홀구 용현동 212-8,37.4529783,126.6513734,geocoded_kakao_jibun,kakao_exact_jibun_address_match,인천 미추홀구 용현동 212-8,1,1,0.0,,kakao_local_api:address_jibun,https://dapi.kakao.com/v2/local/search/address.json,2026-09-06,https://www.data.go.kr/data/15029300/fileData.do,2025-09-25,2026-09-06,administrative_record_only_not_confirmed_active,신축,2019-06-19,2019-07-09,2019-10-16,제2종근린생활시설,131.8,"주소 기반 추정 위치, 공사현장 좌표 아님"
15029300:142,142,건축행정기록,제2종근린생활시설,인천광역시 미추홀구 용현동 622-78,37.4533899,126.6373233,geocoded_kakao_jibun,kakao_exact_jibun_address_match,인천 미추홀구 용현동 622-78,1,1,0.0,,kakao_local_api:address_jibun,https://dapi.kakao.com/v2/local/search/address.json,2026-09-06,https://www.data.go.kr/data/15029300/fileData.do,2025-09-25,2026-09-06,administrative_record_only_not_confirmed_active,증축,2019-06-07,2019-08-02,2019-11-13,제2종근린생활시설,196.6,"주소 기반 추정 위치, 공사현장 좌표 아님"
15029300:143,143,건축행정기록,제1종근린생활시설,인천광역시 미추홀구 용현동 450-81,37.4557136,126.6518118,geocoded_kakao_jibun,kakao_exact_jibun_address_match,인천 미추홀구 용현동 450-81,1,1,0.0,,kakao_local_api:address_jibun,https://dapi.kakao.com/v2/local/search/address.json,2026-09-06,https://www.data.go.kr/data/15029300/fileData.do,2025-09-25,2026-09-06,administrative_record_only_not_confirmed_active,신축,2019-05-28,2019-06-21,2019-11-01,제1종근린생활시설,73.88,"주소 기반 추정 위치, 공사현장 좌표 아님"
15029300:144,144,건축행정기록,제1종근린생활시설,인천광역시 미추홀구 주안동 196-17 외1필지,37.4594268,126.6780060,geocoded_kakao_jibun,kakao_exact_jibun_address_match,인천 미추홀구 주안동 196-17,1,1,0.0,,kakao_local_api:address_jibun,https://dapi.kakao.com/v2/local/search/address.json,2026-09-06,https://www.data.go.kr/data/15029300/fileData.do,2025-09-25,2026-09-06,administrative_record_only_not_confirmed_active,증축,2019-05-23,2021-06-03,2021-06-25,제1종근린생활시설,318.3,"주소 기반 추정 위치, 공사현장 좌표 아님"
15029300:145,145,건축행정기록,제2종근린생활시설,인천광역시 미추홀구 용현동 611-26,37.4528451,126.6387963,geocoded_kakao_jibun,kakao_exact_jibun_address_match,인천 미추홀구 용현동 611-26,1,1,0.0,,kakao_local_api:address_jibun,https://dapi.kakao.com/v2/local/search/address.json,2026-09-06,https://www.data.go.kr/data/15029300/fileData.do,2025-09-25,2026-09-06,administrative_record_only_not_confirmed_active,증축,2019-05-21,2019-06-18,2019-09-23,제2종근린생활시설,208.9,"주소 기반 추정 위치, 공사현장 좌표 아님"
15029300:146,146,건축행정기록,제2종근린생활시설,인천광역시 미추홀구 주안동 1297-5 외1필지,37.4421247,126.6788157,geocoded_kakao_jibun,kakao_exact_jibun_address_match,인천 미추홀구 주안동 1297-5,1,1,0.0,,kakao_local_api:address_jibun,https://dapi.kakao.com/v2/local/search/address.json,2026-09-06,https://www.data.go.kr/data/15029300/fileData.do,2025-09-25,2026-09-06,administrative_record_only_not_confirmed_active,증축,2019-05-09,2019-07-04,2019-10-14,제2종근린생활시설,250,"주소 기반 추정 위치, 공사현장 좌표 아님"
15029300:147,147,건축행정기록,제1종근린생활시설,인천광역시 미추홀구 숭의동 187-49,37.4602374,126.6487846,geocoded_kakao_jibun,kakao_exact_jibun_address_match,인천 미추홀구 숭의동 187-49,1,1,0.0,,kakao_local_api:address_jibun,https://dapi.kakao.com/v2/local/search/address.json,2026-09-06,https://www.data.go.kr/data/15029300/fileData.do,2025-09-25,2026-09-06,administrative_record_only_not_confirmed_active,신축,2019-04-11,2019-08-05,2019-11-15,제1종근린생활시설,330.6,"주소 기반 추정 위치, 공사현장 좌표 아님"
15029300:148,148,건축행정기록,공장,인천광역시 미추홀구 도화동 823-2,37.4801293,126.6629085,geocoded_kakao_jibun,kakao_exact_jibun_address_match,인천 미추홀구 도화동 823-2,1,1,0.0,,kakao_local_api:address_jibun,https://dapi.kakao.com/v2/local/search/address.json,2026-09-06,https://www.data.go.kr/data/15029300/fileData.do,2025-09-25,2026-09-06,administrative_record_only_not_confirmed_active,증축,2019-04-09,2019-04-12,,공장,985.1,"주소 기반 추정 위치, 공사현장 좌표 아님"
15029300:149,149,건축행정기록,노유자시설,인천광역시 미추홀구 숭의동 79-8,37.4665134,126.6547058,geocoded_kakao_jibun,kakao_exact_jibun_address_match,인천 미추홀구 숭의동 79-8,1,1,0.0,,kakao_local_api:address_jibun,https://dapi.kakao.com/v2/local/search/address.json,2026-09-06,https://www.data.go.kr/data/15029300/fileData.do,2025-09-25,2026-09-06,administrative_record_only_not_confirmed_active,증축,2019-03-28,2019-06-03,2019-09-03,노유자시설,502,"주소 기반 추정 위치, 공사현장 좌표 아님"
15029300:150,150,건축행정기록,단독주택,인천광역시 미추홀구 학익동 312-24,37.4458497,126.6655401,geocoded_kakao_jibun,kakao_exact_jibun_address_match,인천 미추홀구 학익동 312-24,1,1,0.0,,kakao_local_api:address_jibun,https://dapi.kakao.com/v2/local/search/address.json,2026-09-06,https://www.data.go.kr/data/15029300/fileData.do,2025-09-25,2026-09-06,administrative_record_only_not_confirmed_active,증축,2019-02-22,2019-03-05,2019-04-09,단독주택,175,"주소 기반 추정 위치, 공사현장 좌표 아님"
15029300:151,151,건축행정기록,제2종근린생활시설,인천광역시 미추홀구 주안동 810-7,37.4503957,126.6676138,geocoded_kakao_jibun,kakao_exact_jibun_address_match,인천 미추홀구 주안동 810-7,1,1,0.0,,kakao_local_api:address_jibun,https://dapi.kakao.com/v2/local/search/address.json,2026-09-06,https://www.data.go.kr/data/15029300/fileData.do,2025-09-25,2026-09-06,administrative_record_only_not_confirmed_active,신축,2019-02-14,2019-05-13,2019-06-26,제2종근린생활시설,173.5,"주소 기반 추정 위치, 공사현장 좌표 아님"
15029300:152,152,건축행정기록,단독주택,인천광역시 미추홀구 주안동 419-10,37.4544990,126.6823776,geocoded_kakao_jibun,kakao_exact_jibun_address_match,인천 미추홀구 주안동 419-10,1,1,0.0,,kakao_local_api:address_jibun,https://dapi.kakao.com/v2/local/search/address.json,2026-09-06,https://www.data.go.kr/data/15029300/fileData.do,2025-09-25,2026-09-06,administrative_record_only_not_confirmed_active,증축,2019-02-13,2019-02-19,2019-04-19,단독주택,190.1,"주소 기반 추정 위치, 공사현장 좌표 아님"
15029300:153,153,건축행정기록,단독주택,인천광역시 미추홀구 학익동 312-24,37.4458497,126.6655401,geocoded_kakao_jibun,kakao_exact_jibun_address_match,인천 미추홀구 학익동 312-24,1,1,0.0,,kakao_local_api:address_jibun,https://dapi.kakao.com/v2/local/search/address.json,2026-09-06,https://www.data.go.kr/data/15029300/fileData.do,2025-09-25,2026-09-06,administrative_record_only_not_confirmed_active,증축,2019-01-21,2019-01-24,2019-01-31,단독주택,175,"주소 기반 추정 위치, 공사현장 좌표 아님"
15029300:154,154,건축행정기록,단독주택,인천광역시 미추홀구 용현동 627-196,37.4510969,126.6346647,geocoded_kakao_jibun,kakao_exact_jibun_address_match,인천 미추홀구 용현동 627-196,1,1,0.0,,kakao_local_api:address_jibun,https://dapi.kakao.com/v2/local/search/address.json,2026-09-06,https://www.data.go.kr/data/15029300/fileData.do,2025-09-25,2026-09-06,administrative_record_only_not_confirmed_active,증축,2019-01-14,2019-01-16,2019-01-31,단독주택,147,"주소 기반 추정 위치, 공사현장 좌표 아님"
15029300:155,155,건축행정기록,숙박시설,인천광역시 미추홀구 용현동 453-29,37.4567992,126.6517392,geocoded_kakao_jibun,kakao_exact_jibun_address_match,인천 미추홀구 용현동 453-29,1,1,0.0,,kakao_local_api:address_jibun,https://dapi.kakao.com/v2/local/search/address.json,2026-09-06,https://www.data.go.kr/data/15029300/fileData.do,2025-09-25,2026-09-06,administrative_record_only_not_confirmed_active,증축,2018-12-24,2019-01-07,2019-01-11,숙박시설,142.1,"주소 기반 추정 위치, 공사현장 좌표 아님"
15029300:156,156,건축행정기록,제2종근린생활시설,인천광역시 미추홀구 도화동 377-7,37.4596632,126.6754945,geocoded_kakao_jibun,kakao_exact_jibun_address_match,인천 미추홀구 도화동 377-7,1,1,0.0,,kakao_local_api:address_jibun,https://dapi.kakao.com/v2/local/search/address.json,2026-09-06,https://www.data.go.kr/data/15029300/fileData.do,2025-09-25,2026-09-06,administrative_record_only_not_confirmed_active,증축,2018-12-12,2019-04-19,2019-10-15,제2종근린생활시설,372.6,"주소 기반 추정 위치, 공사현장 좌표 아님"
15029300:157,157,건축행정기록,공장,인천광역시 미추홀구 주안동 1400,37.4717568,126.6785866,geocoded_kakao_jibun,kakao_exact_jibun_address_match,인천 미추홀구 주안동 1400,1,1,0.0,,kakao_local_api:address_jibun,https://dapi.kakao.com/v2/local/search/address.json,2026-09-06,https://www.data.go.kr/data/15029300/fileData.do,2025-09-25,2026-09-06,administrative_record_only_not_confirmed_active,증축,2018-11-30,2018-12-04,2019-01-02,공장,32944.3,"주소 기반 추정 위치, 공사현장 좌표 아님"
15029300:158,158,건축행정기록,단독주택,인천광역시 미추홀구 학익동 595-27,37.4373171,126.6520320,geocoded_kakao_jibun,kakao_exact_jibun_address_match,인천 미추홀구 학익동 595-27,1,1,0.0,,kakao_local_api:address_jibun,https://dapi.kakao.com/v2/local/search/address.json,2026-09-06,https://www.data.go.kr/data/15029300/fileData.do,2025-09-25,2026-09-06,administrative_record_only_not_confirmed_active,신축,2018-11-29,2018-12-10,2019-06-13,단독주택,822,"주소 기반 추정 위치, 공사현장 좌표 아님"
15029300:159,159,건축행정기록,교육연구시설,인천광역시 미추홀구 주안동 1389-2 외1필지,37.4718500,126.6763212,geocoded_kakao_jibun,kakao_exact_jibun_address_match,인천 미추홀구 주안동 1389-2,1,1,0.0,,kakao_local_api:address_jibun,https://dapi.kakao.com/v2/local/search/address.json,2026-09-06,https://www.data.go.kr/data/15029300/fileData.do,2025-09-25,2026-09-06,administrative_record_only_not_confirmed_active,증축,2018-11-27,2018-12-10,2018-12-13,교육연구시설,42155.7,"주소 기반 추정 위치, 공사현장 좌표 아님"
15029300:160,160,건축행정기록,단독주택,인천광역시 미추홀구 주안동 285-36,37.4636317,126.6745260,geocoded_kakao_jibun,kakao_exact_jibun_address_match,인천 미추홀구 주안동 285-36,1,1,0.0,,kakao_local_api:address_jibun,https://dapi.kakao.com/v2/local/search/address.json,2026-09-06,https://www.data.go.kr/data/15029300/fileData.do,2025-09-25,2026-09-06,administrative_record_only_not_confirmed_active,증축,2018-11-15,2018-11-23,2019-01-31,단독주택,252.2,"주소 기반 추정 위치, 공사현장 좌표 아님"
15029300:161,161,건축행정기록,교정및군사시설,인천광역시 미추홀구 학익동 278 외2필지,37.4446659,126.6687445,geocoded_kakao_jibun,kakao_exact_jibun_address_match,인천 미추홀구 학익동 278,1,1,0.0,,kakao_local_api:address_jibun,https://dapi.kakao.com/v2/local/search/address.json,2026-09-06,https://www.data.go.kr/data/15029300/fileData.do,2025-09-25,2026-09-06,administrative_record_only_not_confirmed_active,증축,2018-11-13,2018-11-27,,교정및군사시설,53898,"주소 기반 추정 위치, 공사현장 좌표 아님"
15029300:162,162,건축행정기록,업무시설,인천광역시 미추홀구 숭의동 164-13,37.4622567,126.6443562,geocoded_kakao_jibun,kakao_exact_jibun_address_match,인천 미추홀구 숭의동 164-13,1,1,0.0,,kakao_local_api:address_jibun,https://dapi.kakao.com/v2/local/search/address.json,2026-09-06,https://www.data.go.kr/data/15029300/fileData.do,2025-09-25,2026-09-06,administrative_record_only_not_confirmed_active,증축,2018-10-22,2018-10-31,2019-02-22,업무시설,313.5,"주소 기반 추정 위치, 공사현장 좌표 아님"
15029300:163,163,건축행정기록,제1종근린생활시설,인천광역시 미추홀구 학익동 269-1,37.4433833,126.6656228,geocoded_kakao_jibun,kakao_exact_jibun_address_match,인천 미추홀구 학익동 269-1,1,1,0.0,,kakao_local_api:address_jibun,https://dapi.kakao.com/v2/local/search/address.json,2026-09-06,https://www.data.go.kr/data/15029300/fileData.do,2025-09-25,2026-09-06,administrative_record_only_not_confirmed_active,증축,2018-10-18,2018-11-20,2019-04-12,제1종근린생활시설,525.93,"주소 기반 추정 위치, 공사현장 좌표 아님"
15029300:164,164,건축행정기록,위험물저장및처리시설,인천광역시 미추홀구 용현동 38-3,37.4487995,126.6664329,geocoded_kakao_jibun,kakao_exact_jibun_address_match,인천 미추홀구 용현동 38-3,1,1,0.0,,kakao_local_api:address_jibun,https://dapi.kakao.com/v2/local/search/address.json,2026-09-06,https://www.data.go.kr/data/15029300/fileData.do,2025-09-25,2026-09-06,administrative_record_only_not_confirmed_active,신축,2018-10-11,2019-01-03,2019-06-27,위험물저장및처리시설,124.3,"주소 기반 추정 위치, 공사현장 좌표 아님"
15029300:165,165,건축행정기록,단독주택,인천광역시 미추홀구 숭의동 89-29,37.4676791,126.6520725,geocoded_kakao_jibun,kakao_exact_jibun_address_match,인천 미추홀구 숭의동 89-29,1,1,0.0,,kakao_local_api:address_jibun,https://dapi.kakao.com/v2/local/search/address.json,2026-09-06,https://www.data.go.kr/data/15029300/fileData.do,2025-09-25,2026-09-06,administrative_record_only_not_confirmed_active,증축,2018-09-20,2018-09-27,2018-12-04,단독주택,214.3,"주소 기반 추정 위치, 공사현장 좌표 아님"
15029300:166,166,건축행정기록,단독주택,인천광역시 미추홀구 주안동 1282-12,37.4445855,126.6801755,geocoded_kakao_jibun,kakao_exact_jibun_address_match,인천 미추홀구 주안동 1282-12,1,1,0.0,,kakao_local_api:address_jibun,https://dapi.kakao.com/v2/local/search/address.json,2026-09-06,https://www.data.go.kr/data/15029300/fileData.do,2025-09-25,2026-09-06,administrative_record_only_not_confirmed_active,증축,2018-09-17,2018-10-04,2019-01-17,단독주택,141,"주소 기반 추정 위치, 공사현장 좌표 아님"
15029300:167,167,건축행정기록,자동차관련시설,인천광역시 미추홀구 도화동 83-14,37.4699847,126.6699767,geocoded_kakao_jibun,kakao_exact_jibun_address_match,인천 미추홀구 도화동 83-14,1,1,0.0,,kakao_local_api:address_jibun,https://dapi.kakao.com/v2/local/search/address.json,2026-09-06,https://www.data.go.kr/data/15029300/fileData.do,2025-09-25,2026-09-06,administrative_record_only_not_confirmed_active,신축,2018-07-12,2018-08-02,2019-01-17,자동차관련시설,511.7,"주소 기반 추정 위치, 공사현장 좌표 아님"
15029300:168,168,건축행정기록,제2종근린생활시설,인천광역시 미추홀구 주안동 751-4,37.4489582,126.6687398,geocoded_kakao_jibun,kakao_exact_jibun_address_match,인천 미추홀구 주안동 751-4,1,1,0.0,,kakao_local_api:address_jibun,https://dapi.kakao.com/v2/local/search/address.json,2026-09-06,https://www.data.go.kr/data/15029300/fileData.do,2025-09-25,2026-09-06,administrative_record_only_not_confirmed_active,대수선,2018-07-06,2018-07-11,2018-07-20,제2종근린생활시설,161.6,"주소 기반 추정 위치, 공사현장 좌표 아님"
15029300:169,169,건축행정기록,제2종근린생활시설,인천광역시 미추홀구 숭의동 435-20 외1필지,,,unresolved,no_exact_parcel_match_in_kakao,,0,0,,,kakao_local_api:unresolved,https://dapi.kakao.com/v2/local/search/address.json,2026-09-06,https://www.data.go.kr/data/15029300/fileData.do,2025-09-25,2026-09-06,administrative_record_only_not_confirmed_active,신축,2018-06-26,2018-07-02,2018-09-21,제2종근린생활시설,63.6,"주소 기반 추정 위치, 공사현장 좌표 아님"
15029300:170,170,건축행정기록,단독주택,인천광역시 미추홀구 도화동 527-10,37.4602779,126.6695834,geocoded_kakao_jibun,kakao_exact_jibun_address_match,인천 미추홀구 도화동 527-10,1,1,0.0,,kakao_local_api:address_jibun,https://dapi.kakao.com/v2/local/search/address.json,2026-09-06,https://www.data.go.kr/data/15029300/fileData.do,2025-09-25,2026-09-06,administrative_record_only_not_confirmed_active,신축,2018-06-21,2018-06-25,2018-09-14,단독주택,139.6,"주소 기반 추정 위치, 공사현장 좌표 아님"
15029300:171,171,건축행정기록,공장,인천광역시 미추홀구 학익동 598-5,37.4386164,126.6553390,geocoded_kakao_jibun,kakao_exact_jibun_address_match,인천 미추홀구 학익동 598-5,1,1,0.0,,kakao_local_api:address_jibun,https://dapi.kakao.com/v2/local/search/address.json,2026-09-06,https://www.data.go.kr/data/15029300/fileData.do,2025-09-25,2026-09-06,administrative_record_only_not_confirmed_active,증축,2018-06-18,2018-06-26,2021-05-26,공장,1568,"주소 기반 추정 위치, 공사현장 좌표 아님"
15029300:172,172,건축행정기록,제1종근린생활시설,인천광역시 미추홀구 주안동 761-3,37.4515579,126.6700971,geocoded_kakao_jibun,kakao_exact_jibun_address_match,인천 미추홀구 주안동 761-3,1,1,0.0,,kakao_local_api:address_jibun,https://dapi.kakao.com/v2/local/search/address.json,2026-09-06,https://www.data.go.kr/data/15029300/fileData.do,2025-09-25,2026-09-06,administrative_record_only_not_confirmed_active,증축,2018-06-12,2018-06-21,2018-08-02,제1종근린생활시설,183.6,"주소 기반 추정 위치, 공사현장 좌표 아님"
15029300:173,173,건축행정기록,자동차관련시설,인천광역시 미추홀구 주안동 88-16,37.4605378,126.6857604,geocoded_kakao_jibun,kakao_exact_jibun_address_match,인천 미추홀구 주안동 88-16,1,1,0.0,,kakao_local_api:address_jibun,https://dapi.kakao.com/v2/local/search/address.json,2026-09-06,https://www.data.go.kr/data/15029300/fileData.do,2025-09-25,2026-09-06,administrative_record_only_not_confirmed_active,신축,2018-06-11,2018-06-29,,자동차관련시설,90.3,"주소 기반 추정 위치, 공사현장 좌표 아님"
15029300:174,174,건축행정기록,노유자시설,인천광역시 미추홀구 용현동 627-264,37.4501578,126.6358271,geocoded_kakao_jibun,kakao_exact_jibun_address_match,인천 미추홀구 용현동 627-264,1,1,0.0,,kakao_local_api:address_jibun,https://dapi.kakao.com/v2/local/search/address.json,2026-09-06,https://www.data.go.kr/data/15029300/fileData.do,2025-09-25,2026-09-06,administrative_record_only_not_confirmed_active,신축,2018-06-11,2018-09-28,,노유자시설,140,"주소 기반 추정 위치, 공사현장 좌표 아님"
15029300:175,175,건축행정기록,공장,인천광역시 미추홀구 도화동 692-12 외1필지,,,unresolved,no_exact_parcel_match_in_kakao,,0,0,,,kakao_local_api:unresolved,https://dapi.kakao.com/v2/local/search/address.json,2026-09-06,https://www.data.go.kr/data/15029300/fileData.do,2025-09-25,2026-09-06,administrative_record_only_not_confirmed_active,증축,2018-04-30,2018-05-25,2018-06-01,공장,3551,"주소 기반 추정 위치, 공사현장 좌표 아님"
15029300:176,176,건축행정기록,제2종근린생활시설,인천광역시 미추홀구 주안동 1341-4,37.4472833,126.6776643,geocoded_kakao_jibun,kakao_exact_jibun_address_match,인천 미추홀구 주안동 1341-4,1,1,0.0,,kakao_local_api:address_jibun,https://dapi.kakao.com/v2/local/search/address.json,2026-09-06,https://www.data.go.kr/data/15029300/fileData.do,2025-09-25,2026-09-06,administrative_record_only_not_confirmed_active,신축,2018-04-11,2018-05-17,2018-12-03,제2종근린생활시설,102,"주소 기반 추정 위치, 공사현장 좌표 아님"
15029300:177,177,건축행정기록,단독주택,인천광역시 미추홀구 주안동 585-2,37.4571156,126.6659158,geocoded_kakao_jibun,kakao_exact_jibun_address_match,인천 미추홀구 주안동 585-2,1,1,0.0,,kakao_local_api:address_jibun,https://dapi.kakao.com/v2/local/search/address.json,2026-09-06,https://www.data.go.kr/data/15029300/fileData.do,2025-09-25,2026-09-06,administrative_record_only_not_confirmed_active,신축,2018-03-22,2018-03-28,2018-06-26,단독주택,331.6,"주소 기반 추정 위치, 공사현장 좌표 아님"
15029300:178,178,건축행정기록,제2종근린생활시설,인천광역시 미추홀구 주안동 16-123,37.4688134,126.6817467,geocoded_kakao_jibun,kakao_exact_jibun_address_match,인천 미추홀구 주안동 16-123,1,1,0.0,,kakao_local_api:address_jibun,https://dapi.kakao.com/v2/local/search/address.json,2026-09-06,https://www.data.go.kr/data/15029300/fileData.do,2025-09-25,2026-09-06,administrative_record_only_not_confirmed_active,신축,2018-01-11,2018-01-22,2021-03-26,제2종근린생활시설,1076.6,"주소 기반 추정 위치, 공사현장 좌표 아님"
15029300:179,179,건축행정기록,제2종근린생활시설,인천광역시 미추홀구 주안동 1412-67,37.4701810,126.6815516,geocoded_kakao_jibun,kakao_exact_jibun_address_match,인천 미추홀구 주안동 1412-67,1,1,0.0,,kakao_local_api:address_jibun,https://dapi.kakao.com/v2/local/search/address.json,2026-09-06,https://www.data.go.kr/data/15029300/fileData.do,2025-09-25,2026-09-06,administrative_record_only_not_confirmed_active,신축,2017-12-13,2018-01-05,2018-08-16,제2종근린생활시설,151.5,"주소 기반 추정 위치, 공사현장 좌표 아님"
15029300:180,180,건축행정기록,제2종근린생활시설,인천광역시 미추홀구 숭의동 128-17 외4필지,,,unresolved,no_exact_parcel_match_in_kakao,,0,0,,,kakao_local_api:unresolved,https://dapi.kakao.com/v2/local/search/address.json,2026-09-06,https://www.data.go.kr/data/15029300/fileData.do,2025-09-25,2026-09-06,administrative_record_only_not_confirmed_active,증축,2017-12-12,2017-12-20,2018-11-22,제2종근린생활시설,623.7,"주소 기반 추정 위치, 공사현장 좌표 아님"
15029300:181,181,건축행정기록,노유자시설,인천광역시 미추홀구 숭의동 343-15,37.4624805,126.6410413,geocoded_kakao_jibun,kakao_exact_jibun_address_match,인천 미추홀구 숭의동 343-15,1,1,0.0,,kakao_local_api:address_jibun,https://dapi.kakao.com/v2/local/search/address.json,2026-09-06,https://www.data.go.kr/data/15029300/fileData.do,2025-09-25,2026-09-06,administrative_record_only_not_confirmed_active,증축,2017-12-07,2017-12-08,2017-12-13,노유자시설,596.7,"주소 기반 추정 위치, 공사현장 좌표 아님"
15029300:182,182,건축행정기록,제2종근린생활시설,인천광역시 미추홀구 학익동 244-59,37.4413145,126.6691196,geocoded_kakao_jibun,kakao_exact_jibun_address_match,인천 미추홀구 학익동 244-59,1,1,0.0,,kakao_local_api:address_jibun,https://dapi.kakao.com/v2/local/search/address.json,2026-09-06,https://www.data.go.kr/data/15029300/fileData.do,2025-09-25,2026-09-06,administrative_record_only_not_confirmed_active,증축,2017-11-24,2017-11-27,2017-11-29,제2종근린생활시설,155,"주소 기반 추정 위치, 공사현장 좌표 아님"
15029300:183,183,건축행정기록,제2종근린생활시설,인천광역시 미추홀구 용현동 191-91,37.4514912,126.6570431,geocoded_kakao_jibun,kakao_exact_jibun_address_match,인천 미추홀구 용현동 191-91,1,1,0.0,,kakao_local_api:address_jibun,https://dapi.kakao.com/v2/local/search/address.json,2026-09-06,https://www.data.go.kr/data/15029300/fileData.do,2025-09-25,2026-09-06,administrative_record_only_not_confirmed_active,증축,2017-11-10,2017-11-14,2017-11-24,제2종근린생활시설,175.4,"주소 기반 추정 위치, 공사현장 좌표 아님"
15029300:184,184,건축행정기록,단독주택,인천광역시 미추홀구 숭의동 55-6,37.4656190,126.6576807,geocoded_kakao_jibun,kakao_exact_jibun_address_match,인천 미추홀구 숭의동 55-6,1,1,0.0,,kakao_local_api:address_jibun,https://dapi.kakao.com/v2/local/search/address.json,2026-09-06,https://www.data.go.kr/data/15029300/fileData.do,2025-09-25,2026-09-06,administrative_record_only_not_confirmed_active,신축,2017-11-02,2017-11-08,2018-05-25,단독주택,119,"주소 기반 추정 위치, 공사현장 좌표 아님"
15029300:185,185,건축행정기록,제2종근린생활시설,인천광역시 미추홀구 용현동 630-14,37.4517227,126.6324789,geocoded_kakao_jibun,kakao_exact_jibun_address_match,인천 미추홀구 용현동 630-14,1,1,0.0,,kakao_local_api:address_jibun,https://dapi.kakao.com/v2/local/search/address.json,2026-09-06,https://www.data.go.kr/data/15029300/fileData.do,2025-09-25,2026-09-06,administrative_record_only_not_confirmed_active,증축,2017-11-02,2017-11-06,2018-03-15,제2종근린생활시설,706.3,"주소 기반 추정 위치, 공사현장 좌표 아님"
15029300:186,186,건축행정기록,단독주택,인천광역시 미추홀구 숭의동 2-191,37.4630265,126.6593809,geocoded_kakao_jibun,kakao_exact_jibun_address_match,인천 미추홀구 숭의동 2-191,1,1,0.0,,kakao_local_api:address_jibun,https://dapi.kakao.com/v2/local/search/address.json,2026-09-06,https://www.data.go.kr/data/15029300/fileData.do,2025-09-25,2026-09-06,administrative_record_only_not_confirmed_active,신축,2017-10-30,2017-11-02,2018-01-16,단독주택,164.85,"주소 기반 추정 위치, 공사현장 좌표 아님"
15029300:187,187,건축행정기록,단독주택,인천광역시 미추홀구 숭의동 168-26,37.4620971,126.6463089,geocoded_kakao_jibun,kakao_exact_jibun_address_match,인천 미추홀구 숭의동 168-26,1,1,0.0,,kakao_local_api:address_jibun,https://dapi.kakao.com/v2/local/search/address.json,2026-09-06,https://www.data.go.kr/data/15029300/fileData.do,2025-09-25,2026-09-06,administrative_record_only_not_confirmed_active,신축,2017-10-19,2017-10-27,2018-02-22,단독주택,144.5,"주소 기반 추정 위치, 공사현장 좌표 아님"
15029300:188,188,건축행정기록,단독주택,인천광역시 미추홀구 주안동 599-22,37.4552675,126.6709845,geocoded_kakao_jibun,kakao_exact_jibun_address_match,인천 미추홀구 주안동 599-22,1,1,0.0,,kakao_local_api:address_jibun,https://dapi.kakao.com/v2/local/search/address.json,2026-09-06,https://www.data.go.kr/data/15029300/fileData.do,2025-09-25,2026-09-06,administrative_record_only_not_confirmed_active,대수선,2017-09-28,2017-09-29,2017-09-29,단독주택,178.8,"주소 기반 추정 위치, 공사현장 좌표 아님"
15029300:189,189,건축행정기록,제2종근린생활시설,인천광역시 미추홀구 도화동 359-4,37.4608874,126.6771833,geocoded_kakao_jibun,kakao_exact_jibun_address_match,인천 미추홀구 도화동 359-4,1,1,0.0,,kakao_local_api:address_jibun,https://dapi.kakao.com/v2/local/search/address.json,2026-09-06,https://www.data.go.kr/data/15029300/fileData.do,2025-09-25,2026-09-06,administrative_record_only_not_confirmed_active,증축,2017-09-26,2017-10-10,2017-11-13,제2종근린생활시설,257.4,"주소 기반 추정 위치, 공사현장 좌표 아님"
15029300:190,190,건축행정기록,단독주택,인천광역시 미추홀구 주안동 925-16 외1필지,37.4608130,126.6914320,geocoded_kakao_jibun,kakao_exact_jibun_address_match,인천 미추홀구 주안동 925-16,1,1,0.0,,kakao_local_api:address_jibun,https://dapi.kakao.com/v2/local/search/address.json,2026-09-06,https://www.data.go.kr/data/15029300/fileData.do,2025-09-25,2026-09-06,administrative_record_only_not_confirmed_active,신축,2017-09-22,2017-09-22,2018-05-31,단독주택,230.8,"주소 기반 추정 위치, 공사현장 좌표 아님"
15029300:191,191,건축행정기록,제2종근린생활시설,인천광역시 미추홀구 주안동 613-3,37.4567649,126.6690536,geocoded_kakao_jibun,kakao_exact_jibun_address_match,인천 미추홀구 주안동 613-3,1,1,0.0,,kakao_local_api:address_jibun,https://dapi.kakao.com/v2/local/search/address.json,2026-09-06,https://www.data.go.kr/data/15029300/fileData.do,2025-09-25,2026-09-06,administrative_record_only_not_confirmed_active,신축,2017-09-15,2017-09-29,2017-12-08,제2종근린생활시설,73.3,"주소 기반 추정 위치, 공사현장 좌표 아님"
15029300:192,192,건축행정기록,공동주택,인천광역시 미추홀구 용현동 176-23 외1필지,37.4533948,126.6606626,geocoded_kakao_jibun,kakao_exact_jibun_address_match,인천 미추홀구 용현동 176-23,1,1,0.0,,kakao_local_api:address_jibun,https://dapi.kakao.com/v2/local/search/address.json,2026-09-06,https://www.data.go.kr/data/15029300/fileData.do,2025-09-25,2026-09-06,administrative_record_only_not_confirmed_active,증축,2017-09-14,2017-09-18,2017-09-22,공동주택,278,"주소 기반 추정 위치, 공사현장 좌표 아님"
15029300:193,193,건축행정기록,제1종근린생활시설,인천광역시 미추홀구 학익동 661-5,37.4391501,126.6741650,geocoded_kakao_jibun,kakao_exact_jibun_address_match,인천 미추홀구 학익동 661-5,1,1,0.0,,kakao_local_api:address_jibun,https://dapi.kakao.com/v2/local/search/address.json,2026-09-06,https://www.data.go.kr/data/15029300/fileData.do,2025-09-25,2026-09-06,administrative_record_only_not_confirmed_active,증축,2017-08-24,2017-11-08,2018-04-02,제1종근린생활시설,586.9,"주소 기반 추정 위치, 공사현장 좌표 아님"
15029300:194,194,건축행정기록,제1종근린생활시설,인천광역시 미추홀구 학익동 269-23,37.4425224,126.6662454,geocoded_kakao_jibun,kakao_exact_jibun_address_match,인천 미추홀구 학익동 269-23,1,1,0.0,,kakao_local_api:address_jibun,https://dapi.kakao.com/v2/local/search/address.json,2026-09-06,https://www.data.go.kr/data/15029300/fileData.do,2025-09-25,2026-09-06,administrative_record_only_not_confirmed_active,신축,2017-08-17,2017-08-22,,제1종근린생활시설,76,"주소 기반 추정 위치, 공사현장 좌표 아님"
15029300:195,195,건축행정기록,제1종근린생활시설,인천광역시 미추홀구 숭의동 173-37,37.4642148,126.6506944,geocoded_kakao_jibun,kakao_exact_jibun_address_match,인천 미추홀구 숭의동 173-37,1,1,0.0,,kakao_local_api:address_jibun,https://dapi.kakao.com/v2/local/search/address.json,2026-09-06,https://www.data.go.kr/data/15029300/fileData.do,2025-09-25,2026-09-06,administrative_record_only_not_confirmed_active,증축,2017-08-04,2017-09-12,2017-09-25,제1종근린생활시설,301.5,"주소 기반 추정 위치, 공사현장 좌표 아님"
15029300:196,196,건축행정기록,단독주택,인천광역시 미추홀구 주안동 917-35,37.4601957,126.6932780,geocoded_kakao_jibun,kakao_exact_jibun_address_match,인천 미추홀구 주안동 917-35,1,1,0.0,,kakao_local_api:address_jibun,https://dapi.kakao.com/v2/local/search/address.json,2026-09-06,https://www.data.go.kr/data/15029300/fileData.do,2025-09-25,2026-09-06,administrative_record_only_not_confirmed_active,증축,2017-08-01,2017-08-02,2017-08-07,단독주택,127.7,"주소 기반 추정 위치, 공사현장 좌표 아님"
15029300:197,197,건축행정기록,단독주택,인천광역시 미추홀구 주안동 18-119,37.4679044,126.6835421,geocoded_kakao_jibun,kakao_exact_jibun_address_match,인천 미추홀구 주안동 18-119,1,1,0.0,,kakao_local_api:address_jibun,https://dapi.kakao.com/v2/local/search/address.json,2026-09-06,https://www.data.go.kr/data/15029300/fileData.do,2025-09-25,2026-09-06,administrative_record_only_not_confirmed_active,증축,2017-08-01,2017-08-03,2019-05-02,단독주택,217.8,"주소 기반 추정 위치, 공사현장 좌표 아님"
15029300:198,198,건축행정기록,제2종근린생활시설,인천광역시 미추홀구 용현동 628-81,37.4542080,126.6364111,geocoded_kakao_jibun,kakao_exact_jibun_address_match,인천 미추홀구 용현동 628-81,1,1,0.0,,kakao_local_api:address_jibun,https://dapi.kakao.com/v2/local/search/address.json,2026-09-06,https://www.data.go.kr/data/15029300/fileData.do,2025-09-25,2026-09-06,administrative_record_only_not_confirmed_active,증축,2017-07-31,2017-08-23,2017-09-26,제2종근린생활시설,256.7,"주소 기반 추정 위치, 공사현장 좌표 아님"
15029300:199,199,건축행정기록,제1종근린생활시설,인천광역시 미추홀구 용현동 621-162 외1필지,,,unresolved,no_exact_parcel_match_in_kakao,,0,0,,,kakao_local_api:unresolved,https://dapi.kakao.com/v2/local/search/address.json,2026-09-06,https://www.data.go.kr/data/15029300/fileData.do,2025-09-25,2026-09-06,administrative_record_only_not_confirmed_active,증축,2017-07-31,2017-08-03,2017-08-14,제1종근린생활시설,348.2,"주소 기반 추정 위치, 공사현장 좌표 아님"
15029300:200,200,건축행정기록,제2종근린생활시설,인천광역시 미추홀구 주안동 16-129 외2필지,37.4684893,126.6818829,geocoded_kakao_jibun,kakao_exact_jibun_address_match,인천 미추홀구 주안동 16-129,1,1,0.0,,kakao_local_api:address_jibun,https://dapi.kakao.com/v2/local/search/address.json,2026-09-06,https://www.data.go.kr/data/15029300/fileData.do,2025-09-25,2026-09-06,administrative_record_only_not_confirmed_active,증축,2017-07-28,2017-08-03,2017-09-28,제2종근린생활시설,457.7,"주소 기반 추정 위치, 공사현장 좌표 아님"
15029300:201,201,건축행정기록,단독주택,인천광역시 미추홀구 주안동 867-27,37.4447136,126.6748221,geocoded_kakao_jibun,kakao_exact_jibun_address_match,인천 미추홀구 주안동 867-27,1,1,0.0,,kakao_local_api:address_jibun,https://dapi.kakao.com/v2/local/search/address.json,2026-09-06,https://www.data.go.kr/data/15029300/fileData.do,2025-09-25,2026-09-06,administrative_record_only_not_confirmed_active,신축,2017-07-25,2017-08-24,2017-11-16,단독주택,177,"주소 기반 추정 위치, 공사현장 좌표 아님"
15029300:202,202,건축행정기록,숙박시설,인천광역시 미추홀구 주안동 153-10 외2필지,37.4619075,126.6819357,geocoded_kakao_jibun,kakao_exact_jibun_address_match,인천 미추홀구 주안동 153-10,1,1,0.0,,kakao_local_api:address_jibun,https://dapi.kakao.com/v2/local/search/address.json,2026-09-06,https://www.data.go.kr/data/15029300/fileData.do,2025-09-25,2026-09-06,administrative_record_only_not_confirmed_active,증축,2017-07-19,2017-07-24,2017-12-28,숙박시설,877.3,"주소 기반 추정 위치, 공사현장 좌표 아님"
15029300:203,203,건축행정기록,위험물저장및처리시설,인천광역시 미추홀구 주안동 1468,37.4510668,126.6802999,geocoded_kakao_jibun,kakao_exact_jibun_address_match,인천 미추홀구 주안동 1468,1,1,0.0,,kakao_local_api:address_jibun,https://dapi.kakao.com/v2/local/search/address.json,2026-09-06,https://www.data.go.kr/data/15029300/fileData.do,2025-09-25,2026-09-06,administrative_record_only_not_confirmed_active,증축,2017-07-12,2017-08-14,2017-09-12,위험물저장및처리시설,1062,"주소 기반 추정 위치, 공사현장 좌표 아님"
15029300:204,204,건축행정기록,단독주택,인천광역시 미추홀구 주안동 733-6,37.4496532,126.6709952,geocoded_kakao_jibun,kakao_exact_jibun_address_match,인천 미추홀구 주안동 733-6,1,1,0.0,,kakao_local_api:address_jibun,https://dapi.kakao.com/v2/local/search/address.json,2026-09-06,https://www.data.go.kr/data/15029300/fileData.do,2025-09-25,2026-09-06,administrative_record_only_not_confirmed_active,증축,2017-07-07,2017-07-17,2017-07-21,단독주택,170.6,"주소 기반 추정 위치, 공사현장 좌표 아님"
15029300:205,205,건축행정기록,창고시설,인천광역시 미추홀구 학익동 173-6,37.4385288,126.6637878,geocoded_kakao_jibun,kakao_exact_jibun_address_match,인천 미추홀구 학익동 173-6,1,1,0.0,,kakao_local_api:address_jibun,https://dapi.kakao.com/v2/local/search/address.json,2026-09-06,https://www.data.go.kr/data/15029300/fileData.do,2025-09-25,2026-09-06,administrative_record_only_not_confirmed_active,신축,2017-07-04,2017-08-24,2017-12-06,창고시설,185.5,"주소 기반 추정 위치, 공사현장 좌표 아님"
15029300:206,206,건축행정기록,공동주택,인천광역시 미추홀구 용현동 174-31,37.4538009,126.6606646,geocoded_kakao_jibun,kakao_exact_jibun_address_match,인천 미추홀구 용현동 174-31,1,1,0.0,,kakao_local_api:address_jibun,https://dapi.kakao.com/v2/local/search/address.json,2026-09-06,https://www.data.go.kr/data/15029300/fileData.do,2025-09-25,2026-09-06,administrative_record_only_not_confirmed_active,증축,2017-06-28,2017-06-29,2017-07-04,공동주택,234.24,"주소 기반 추정 위치, 공사현장 좌표 아님"
15029300:207,207,건축행정기록,단독주택,인천광역시 미추홀구 용현동 621-148,37.4516806,126.6369179,geocoded_kakao_jibun,kakao_exact_jibun_address_match,인천 미추홀구 용현동 621-148,1,1,0.0,,kakao_local_api:address_jibun,https://dapi.kakao.com/v2/local/search/address.json,2026-09-06,https://www.data.go.kr/data/15029300/fileData.do,2025-09-25,2026-09-06,administrative_record_only_not_confirmed_active,증축,2017-06-21,2017-06-28,2017-06-29,단독주택,172.3,"주소 기반 추정 위치, 공사현장 좌표 아님"
15029300:208,208,건축행정기록,제2종근린생활시설,인천광역시 미추홀구 용현동 623-53,37.4547640,126.6372341,geocoded_kakao_jibun,kakao_exact_jibun_address_match,인천 미추홀구 용현동 623-53,1,1,0.0,,kakao_local_api:address_jibun,https://dapi.kakao.com/v2/local/search/address.json,2026-09-06,https://www.data.go.kr/data/15029300/fileData.do,2025-09-25,2026-09-06,administrative_record_only_not_confirmed_active,신축,2017-06-14,2017-06-19,2017-08-04,제2종근린생활시설,168,"주소 기반 추정 위치, 공사현장 좌표 아님"
15029300:209,209,건축행정기록,제1종근린생활시설,인천광역시 미추홀구 주안동 185-4 외3필지,37.4595924,126.6805067,geocoded_kakao_jibun,kakao_exact_jibun_address_match,인천 미추홀구 주안동 185-4,1,1,0.0,,kakao_local_api:address_jibun,https://dapi.kakao.com/v2/local/search/address.json,2026-09-06,https://www.data.go.kr/data/15029300/fileData.do,2025-09-25,2026-09-06,administrative_record_only_not_confirmed_active,증축,2017-06-13,2017-09-21,2018-02-08,제1종근린생활시설,935.5,"주소 기반 추정 위치, 공사현장 좌표 아님"
15029300:210,210,건축행정기록,제2종근린생활시설,인천광역시 미추홀구 숭의동 105-20,37.4693217,126.6485899,geocoded_kakao_jibun,kakao_exact_jibun_address_match,인천 미추홀구 숭의동 105-20,1,1,0.0,,kakao_local_api:address_jibun,https://dapi.kakao.com/v2/local/search/address.json,2026-09-06,https://www.data.go.kr/data/15029300/fileData.do,2025-09-25,2026-09-06,administrative_record_only_not_confirmed_active,증축,2017-06-09,2017-06-13,2017-06-27,제2종근린생활시설,181.3,"주소 기반 추정 위치, 공사현장 좌표 아님"
15029300:211,211,건축행정기록,제2종근린생활시설,인천광역시 미추홀구 용현동 98-31 외1필지,37.4524332,126.6613540,geocoded_kakao_jibun,kakao_exact_jibun_address_match,인천 미추홀구 용현동 98-31,1,1,0.0,,kakao_local_api:address_jibun,https://dapi.kakao.com/v2/local/search/address.json,2026-09-06,https://www.data.go.kr/data/15029300/fileData.do,2025-09-25,2026-09-06,administrative_record_only_not_confirmed_active,증축,2017-06-08,2017-06-09,2017-08-31,제2종근린생활시설,297.5,"주소 기반 추정 위치, 공사현장 좌표 아님"
15029300:212,212,건축행정기록,제2종근린생활시설,인천광역시 미추홀구 주안동 146-4 외1필지,37.4626156,126.6818361,geocoded_kakao_jibun,kakao_exact_jibun_address_match,인천 미추홀구 주안동 146-4,1,1,0.0,,kakao_local_api:address_jibun,https://dapi.kakao.com/v2/local/search/address.json,2026-09-06,https://www.data.go.kr/data/15029300/fileData.do,2025-09-25,2026-09-06,administrative_record_only_not_confirmed_active,증축,2017-05-30,2017-11-27,2018-05-24,제2종근린생활시설,373.8,"주소 기반 추정 위치, 공사현장 좌표 아님"
15029300:213,213,건축행정기록,자동차관련시설,인천광역시 미추홀구 주안동 24-18,37.4663521,126.6800849,geocoded_kakao_jibun,kakao_exact_jibun_address_match,인천 미추홀구 주안동 24-18,1,1,0.0,,kakao_local_api:address_jibun,https://dapi.kakao.com/v2/local/search/address.json,2026-09-06,https://www.data.go.kr/data/15029300/fileData.do,2025-09-25,2026-09-06,administrative_record_only_not_confirmed_active,신축,2017-05-29,2017-07-17,2018-06-22,자동차관련시설,185.4,"주소 기반 추정 위치, 공사현장 좌표 아님"
15029300:214,214,건축행정기록,단독주택,인천광역시 미추홀구 도화동 233-10,37.4662276,126.6698991,geocoded_kakao_jibun,kakao_exact_jibun_address_match,인천 미추홀구 도화동 233-10,1,1,0.0,,kakao_local_api:address_jibun,https://dapi.kakao.com/v2/local/search/address.json,2026-09-06,https://www.data.go.kr/data/15029300/fileData.do,2025-09-25,2026-09-06,administrative_record_only_not_confirmed_active,증축,2017-05-22,2017-06-23,2019-01-21,단독주택,161.8,"주소 기반 추정 위치, 공사현장 좌표 아님"
15029300:215,215,건축행정기록,단독주택,인천광역시 미추홀구 주안동 726-21,37.4505445,126.6710117,geocoded_kakao_jibun,kakao_exact_jibun_address_match,인천 미추홀구 주안동 726-21,1,1,0.0,,kakao_local_api:address_jibun,https://dapi.kakao.com/v2/local/search/address.json,2026-09-06,https://www.data.go.kr/data/15029300/fileData.do,2025-09-25,2026-09-06,administrative_record_only_not_confirmed_active,증축,2017-05-18,2017-05-19,2017-05-22,단독주택,123.8,"주소 기반 추정 위치, 공사현장 좌표 아님"
15029300:216,216,건축행정기록,공장,인천광역시 미추홀구 도화동 952,37.4797339,126.6554192,geocoded_kakao_jibun,kakao_exact_jibun_address_match,인천 미추홀구 도화동 952,1,1,0.0,,kakao_local_api:address_jibun,https://dapi.kakao.com/v2/local/search/address.json,2026-09-06,https://www.data.go.kr/data/15029300/fileData.do,2025-09-25,2026-09-06,administrative_record_only_not_confirmed_active,증축,2017-05-15,2017-05-18,2017-08-25,공장,11096.8,"주소 기반 추정 위치, 공사현장 좌표 아님"
15029300:217,217,건축행정기록,단독주택,인천광역시 미추홀구 주안동 867-13,37.4448844,126.6745383,geocoded_kakao_jibun,kakao_exact_jibun_address_match,인천 미추홀구 주안동 867-13,1,1,0.0,,kakao_local_api:address_jibun,https://dapi.kakao.com/v2/local/search/address.json,2026-09-06,https://www.data.go.kr/data/15029300/fileData.do,2025-09-25,2026-09-06,administrative_record_only_not_confirmed_active,신축,2017-05-12,2017-05-25,2017-12-01,단독주택,71,"주소 기반 추정 위치, 공사현장 좌표 아님"
15029300:218,218,건축행정기록,공동주택,인천광역시 미추홀구 용현동 629-90,37.4528490,126.6348311,geocoded_kakao_jibun,kakao_exact_jibun_address_match,인천 미추홀구 용현동 629-90,1,1,0.0,,kakao_local_api:address_jibun,https://dapi.kakao.com/v2/local/search/address.json,2026-09-06,https://www.data.go.kr/data/15029300/fileData.do,2025-09-25,2026-09-06,administrative_record_only_not_confirmed_active,증축,2017-05-10,2017-05-12,2017-06-22,공동주택,249.8,"주소 기반 추정 위치, 공사현장 좌표 아님"
15029300:219,219,건축행정기록,단독주택,인천광역시 미추홀구 학익동 156-5,37.4384433,126.6648883,geocoded_kakao_jibun,kakao_exact_jibun_address_match,인천 미추홀구 학익동 156-5,1,1,0.0,,kakao_local_api:address_jibun,https://dapi.kakao.com/v2/local/search/address.json,2026-09-06,https://www.data.go.kr/data/15029300/fileData.do,2025-09-25,2026-09-06,administrative_record_only_not_confirmed_active,개축,2017-05-01,2017-05-12,2017-05-25,단독주택,159,"주소 기반 추정 위치, 공사현장 좌표 아님"
15029300:220,220,건축행정기록,단독주택,인천광역시 미추홀구 용현동 96-32,37.4517725,126.6618932,geocoded_kakao_jibun,kakao_exact_jibun_address_match,인천 미추홀구 용현동 96-32,1,1,0.0,,kakao_local_api:address_jibun,https://dapi.kakao.com/v2/local/search/address.json,2026-09-06,https://www.data.go.kr/data/15029300/fileData.do,2025-09-25,2026-09-06,administrative_record_only_not_confirmed_active,증축,2017-04-25,2018-04-25,2019-06-24,단독주택,165.7,"주소 기반 추정 위치, 공사현장 좌표 아님"
15029300:221,221,건축행정기록,단독주택,인천광역시 미추홀구 용현동 556-9,37.4544825,126.6429656,geocoded_kakao_jibun,kakao_exact_jibun_address_match,인천 미추홀구 용현동 556-9,1,1,0.0,,kakao_local_api:address_jibun,https://dapi.kakao.com/v2/local/search/address.json,2026-09-06,https://www.data.go.kr/data/15029300/fileData.do,2025-09-25,2026-09-06,administrative_record_only_not_confirmed_active,증축,2017-04-20,2017-05-23,2017-06-13,단독주택,220.5,"주소 기반 추정 위치, 공사현장 좌표 아님"
15029300:222,222,건축행정기록,문화및집회시설,인천광역시 미추홀구 도화동 119-16,37.4700483,126.6690551,geocoded_kakao_jibun,kakao_exact_jibun_address_match,인천 미추홀구 도화동 119-16,1,1,0.0,,kakao_local_api:address_jibun,https://dapi.kakao.com/v2/local/search/address.json,2026-09-06,https://www.data.go.kr/data/15029300/fileData.do,2025-09-25,2026-09-06,administrative_record_only_not_confirmed_active,증축,2017-04-19,2017-04-27,2017-08-04,문화및집회시설,5400.5,"주소 기반 추정 위치, 공사현장 좌표 아님"
15029300:223,223,건축행정기록,단독주택,인천광역시 미추홀구 주안동 1244-1,37.4445416,126.6821785,geocoded_kakao_jibun,kakao_exact_jibun_address_match,인천 미추홀구 주안동 1244-1,1,1,0.0,,kakao_local_api:address_jibun,https://dapi.kakao.com/v2/local/search/address.json,2026-09-06,https://www.data.go.kr/data/15029300/fileData.do,2025-09-25,2026-09-06,administrative_record_only_not_confirmed_active,신축,2017-04-10,2017-05-17,,단독주택,196,"주소 기반 추정 위치, 공사현장 좌표 아님"
15029300:224,224,건축행정기록,제2종근린생활시설,인천광역시 미추홀구 학익동 518-8,,,unresolved,no_exact_parcel_match_in_kakao,,0,0,,,kakao_local_api:unresolved,https://dapi.kakao.com/v2/local/search/address.json,2026-09-06,https://www.data.go.kr/data/15029300/fileData.do,2025-09-25,2026-09-06,administrative_record_only_not_confirmed_active,신축,2017-03-29,2017-04-07,2017-05-29,제2종근린생활시설,206,"주소 기반 추정 위치, 공사현장 좌표 아님"
15029300:225,225,건축행정기록,단독주택,인천광역시 미추홀구 주안동 1493-10,37.4482219,126.6823894,geocoded_kakao_jibun,kakao_exact_jibun_address_match,인천 미추홀구 주안동 1493-10,1,1,0.0,,kakao_local_api:address_jibun,https://dapi.kakao.com/v2/local/search/address.json,2026-09-06,https://www.data.go.kr/data/15029300/fileData.do,2025-09-25,2026-09-06,administrative_record_only_not_confirmed_active,대수선,2017-03-29,2017-04-03,2017-04-07,단독주택,145.6,"주소 기반 추정 위치, 공사현장 좌표 아님"
15029300:226,226,건축행정기록,제2종근린생활시설,인천광역시 미추홀구 도화동 6-85,37.4761398,126.6558122,geocoded_kakao_jibun,kakao_exact_jibun_address_match,인천 미추홀구 도화동 6-85,1,1,0.0,,kakao_local_api:address_jibun,https://dapi.kakao.com/v2/local/search/address.json,2026-09-06,https://www.data.go.kr/data/15029300/fileData.do,2025-09-25,2026-09-06,administrative_record_only_not_confirmed_active,대수선,2017-03-02,2017-03-03,2017-05-04,제2종근린생활시설,118.3,"주소 기반 추정 위치, 공사현장 좌표 아님"
15029300:227,227,건축행정기록,제2종근린생활시설,인천광역시 미추홀구 주안동 186-14,37.4588757,126.6804129,geocoded_kakao_jibun,kakao_exact_jibun_address_match,인천 미추홀구 주안동 186-14,1,1,0.0,,kakao_local_api:address_jibun,https://dapi.kakao.com/v2/local/search/address.json,2026-09-06,https://www.data.go.kr/data/15029300/fileData.do,2025-09-25,2026-09-06,administrative_record_only_not_confirmed_active,대수선,2017-02-17,2018-06-15,2018-12-17,제2종근린생활시설,194.1,"주소 기반 추정 위치, 공사현장 좌표 아님"
15029300:228,228,건축행정기록,단독주택,인천광역시 미추홀구 주안동 586-4,37.4563685,126.6660686,geocoded_kakao_jibun,kakao_exact_jibun_address_match,인천 미추홀구 주안동 586-4,1,1,0.0,,kakao_local_api:address_jibun,https://dapi.kakao.com/v2/local/search/address.json,2026-09-06,https://www.data.go.kr/data/15029300/fileData.do,2025-09-25,2026-09-06,administrative_record_only_not_confirmed_active,증축,2017-02-06,2017-02-07,2017-02-10,단독주택,179.8,"주소 기반 추정 위치, 공사현장 좌표 아님"
15029300:229,229,건축행정기록,단독주택,인천광역시 미추홀구 용현동 623-165,37.4545442,126.6393426,geocoded_kakao_jibun,kakao_exact_jibun_address_match,인천 미추홀구 용현동 623-165,1,1,0.0,,kakao_local_api:address_jibun,https://dapi.kakao.com/v2/local/search/address.json,2026-09-06,https://www.data.go.kr/data/15029300/fileData.do,2025-09-25,2026-09-06,administrative_record_only_not_confirmed_active,증축,2017-01-31,2017-02-02,2017-02-08,단독주택,167.4,"주소 기반 추정 위치, 공사현장 좌표 아님"
15029300:230,230,건축행정기록,단독주택,인천광역시 미추홀구 주안동 1421-56,37.4509478,126.6741500,geocoded_kakao_jibun,kakao_exact_jibun_address_match,인천 미추홀구 주안동 1421-56,1,1,0.0,,kakao_local_api:address_jibun,https://dapi.kakao.com/v2/local/search/address.json,2026-09-06,https://www.data.go.kr/data/15029300/fileData.do,2025-09-25,2026-09-06,administrative_record_only_not_confirmed_active,증축,2017-01-16,2017-01-17,2017-01-19,단독주택,134.5,"주소 기반 추정 위치, 공사현장 좌표 아님"
15029300:231,231,건축행정기록,제1종근린생활시설,인천광역시 미추홀구 숭의동 122-8,37.4664806,126.6509682,geocoded_kakao_jibun,kakao_exact_jibun_address_match,인천 미추홀구 숭의동 122-8,1,1,0.0,,kakao_local_api:address_jibun,https://dapi.kakao.com/v2/local/search/address.json,2026-09-06,https://www.data.go.kr/data/15029300/fileData.do,2025-09-25,2026-09-06,administrative_record_only_not_confirmed_active,증축,2017-01-04,2017-04-11,2017-04-19,제1종근린생활시설,351.36,"주소 기반 추정 위치, 공사현장 좌표 아님"
15029300:232,232,건축행정기록,단독주택,인천광역시 미추홀구 용현동 611-56,37.4522518,126.6392164,geocoded_kakao_jibun,kakao_exact_jibun_address_match,인천 미추홀구 용현동 611-56,1,1,0.0,,kakao_local_api:address_jibun,https://dapi.kakao.com/v2/local/search/address.json,2026-09-06,https://www.data.go.kr/data/15029300/fileData.do,2025-09-25,2026-09-06,administrative_record_only_not_confirmed_active,증축,2016-12-27,2017-03-31,2017-05-01,단독주택,183.4,"주소 기반 추정 위치, 공사현장 좌표 아님"
15029300:233,233,건축행정기록,단독주택,인천광역시 미추홀구 용현동 186-2,37.4513954,126.6592783,geocoded_kakao_jibun,kakao_exact_jibun_address_match,인천 미추홀구 용현동 186-2,1,1,0.0,,kakao_local_api:address_jibun,https://dapi.kakao.com/v2/local/search/address.json,2026-09-06,https://www.data.go.kr/data/15029300/fileData.do,2025-09-25,2026-09-06,administrative_record_only_not_confirmed_active,증축,2016-12-22,2017-01-02,2017-02-24,단독주택,140.5,"주소 기반 추정 위치, 공사현장 좌표 아님"
15029300:234,234,건축행정기록,제2종근린생활시설,인천광역시 미추홀구 숭의동 164-15,37.4617714,126.6443750,geocoded_kakao_jibun,kakao_exact_jibun_address_match,인천 미추홀구 숭의동 164-15,1,1,0.0,,kakao_local_api:address_jibun,https://dapi.kakao.com/v2/local/search/address.json,2026-09-06,https://www.data.go.kr/data/15029300/fileData.do,2025-09-25,2026-09-06,administrative_record_only_not_confirmed_active,증축,2016-12-19,2017-01-02,2017-02-10,제2종근린생활시설,711.8,"주소 기반 추정 위치, 공사현장 좌표 아님"
15029300:235,235,건축행정기록,제1종근린생활시설,인천광역시 미추홀구 용현동 491-46,37.4569048,126.6533303,geocoded_kakao_jibun,kakao_exact_jibun_address_match,인천 미추홀구 용현동 491-46,1,1,0.0,,kakao_local_api:address_jibun,https://dapi.kakao.com/v2/local/search/address.json,2026-09-06,https://www.data.go.kr/data/15029300/fileData.do,2025-09-25,2026-09-06,administrative_record_only_not_confirmed_active,증축,2016-12-06,2017-01-12,,제1종근린생활시설,152.1,"주소 기반 추정 위치, 공사현장 좌표 아님"
15029300:236,236,건축행정기록,단독주택,인천광역시 미추홀구 문학동 373-21,37.4356746,126.6837241,geocoded_kakao_jibun,kakao_exact_jibun_address_match,인천 미추홀구 문학동 373-21,1,1,0.0,,kakao_local_api:address_jibun,https://dapi.kakao.com/v2/local/search/address.json,2026-09-06,https://www.data.go.kr/data/15029300/fileData.do,2025-09-25,2026-09-06,administrative_record_only_not_confirmed_active,증축,2016-11-14,2016-11-18,2016-12-14,단독주택,201.9,"주소 기반 추정 위치, 공사현장 좌표 아님"
15029300:237,237,건축행정기록,공장,인천광역시 미추홀구 학익동 401-4 외3필지,37.4431883,126.6516932,geocoded_kakao_jibun,kakao_exact_jibun_address_match,인천 미추홀구 학익동 401-4,1,1,0.0,,kakao_local_api:address_jibun,https://dapi.kakao.com/v2/local/search/address.json,2026-09-06,https://www.data.go.kr/data/15029300/fileData.do,2025-09-25,2026-09-06,administrative_record_only_not_confirmed_active,증축,2016-11-10,2017-02-28,2017-03-06,공장,6870,"주소 기반 추정 위치, 공사현장 좌표 아님"
15029300:238,238,건축행정기록,제1종근린생활시설,인천광역시 미추홀구 용현동 192-6,37.4515493,126.6561082,geocoded_kakao_jibun,kakao_exact_jibun_address_match,인천 미추홀구 용현동 192-6,1,1,0.0,,kakao_local_api:address_jibun,https://dapi.kakao.com/v2/local/search/address.json,2026-09-06,https://www.data.go.kr/data/15029300/fileData.do,2025-09-25,2026-09-06,administrative_record_only_not_confirmed_active,대수선,2016-11-09,2016-11-15,2016-11-23,제1종근린생활시설,112.4,"주소 기반 추정 위치, 공사현장 좌표 아님"
15029300:239,239,건축행정기록,창고시설,인천광역시 미추홀구 학익동 173-1,37.4385271,126.6635055,geocoded_kakao_jibun,kakao_exact_jibun_address_match,인천 미추홀구 학익동 173-1,1,1,0.0,,kakao_local_api:address_jibun,https://dapi.kakao.com/v2/local/search/address.json,2026-09-06,https://www.data.go.kr/data/15029300/fileData.do,2025-09-25,2026-09-06,administrative_record_only_not_confirmed_active,신축,2016-11-04,2016-12-01,2017-03-09,창고시설,487.17,"주소 기반 추정 위치, 공사현장 좌표 아님"
15029300:240,240,건축행정기록,제2종근린생활시설,인천광역시 미추홀구 용현동 179-32,37.4529294,126.6596722,geocoded_kakao_jibun,kakao_exact_jibun_address_match,인천 미추홀구 용현동 179-32,1,1,0.0,,kakao_local_api:address_jibun,https://dapi.kakao.com/v2/local/search/address.json,2026-09-06,https://www.data.go.kr/data/15029300/fileData.do,2025-09-25,2026-09-06,administrative_record_only_not_confirmed_active,증축,2016-11-03,2016-11-21,2016-12-01,제2종근린생활시설,168.9,"주소 기반 추정 위치, 공사현장 좌표 아님"
15029300:241,241,건축행정기록,단독주택,인천광역시 미추홀구 용현동 565-40,37.4563592,126.6403314,geocoded_kakao_jibun,kakao_exact_jibun_address_match,인천 미추홀구 용현동 565-40,1,1,0.0,,kakao_local_api:address_jibun,https://dapi.kakao.com/v2/local/search/address.json,2026-09-06,https://www.data.go.kr/data/15029300/fileData.do,2025-09-25,2026-09-06,administrative_record_only_not_confirmed_active,증축,2016-10-26,2016-10-31,2017-02-17,단독주택,158.7,"주소 기반 추정 위치, 공사현장 좌표 아님"
15029300:242,242,건축행정기록,공장,인천광역시 미추홀구 도화동 764-1,37.4773294,126.6672255,geocoded_kakao_jibun,kakao_exact_jibun_address_match,인천 미추홀구 도화동 764-1,1,1,0.0,,kakao_local_api:address_jibun,https://dapi.kakao.com/v2/local/search/address.json,2026-09-06,https://www.data.go.kr/data/15029300/fileData.do,2025-09-25,2026-09-06,administrative_record_only_not_confirmed_active,증축,2016-10-21,2016-10-25,2016-10-31,공장,1007.2,"주소 기반 추정 위치, 공사현장 좌표 아님"
15029300:243,243,건축행정기록,단독주택,인천광역시 미추홀구 주안동 1428-3,37.4508736,126.6757341,geocoded_kakao_jibun,kakao_exact_jibun_address_match,인천 미추홀구 주안동 1428-3,1,1,0.0,,kakao_local_api:address_jibun,https://dapi.kakao.com/v2/local/search/address.json,2026-09-06,https://www.data.go.kr/data/15029300/fileData.do,2025-09-25,2026-09-06,administrative_record_only_not_confirmed_active,증축,2016-10-20,2016-10-21,2016-11-14,단독주택,211.4,"주소 기반 추정 위치, 공사현장 좌표 아님"
15029300:244,244,건축행정기록,숙박시설,인천광역시 미추홀구 용현동 628-51,37.4549069,126.6348358,geocoded_kakao_jibun,kakao_exact_jibun_address_match,인천 미추홀구 용현동 628-51,1,1,0.0,,kakao_local_api:address_jibun,https://dapi.kakao.com/v2/local/search/address.json,2026-09-06,https://www.data.go.kr/data/15029300/fileData.do,2025-09-25,2026-09-06,administrative_record_only_not_confirmed_active,증축,2016-10-04,2016-10-10,2017-01-23,숙박시설,218.2,"주소 기반 추정 위치, 공사현장 좌표 아님"
15029300:245,245,건축행정기록,숙박시설,인천광역시 미추홀구 용현동 628-53,37.4547425,126.6347114,geocoded_kakao_jibun,kakao_exact_jibun_address_match,인천 미추홀구 용현동 628-53,1,1,0.0,,kakao_local_api:address_jibun,https://dapi.kakao.com/v2/local/search/address.json,2026-09-06,https://www.data.go.kr/data/15029300/fileData.do,2025-09-25,2026-09-06,administrative_record_only_not_confirmed_active,증축,2016-10-04,2016-10-10,2017-01-23,숙박시설,447.2,"주소 기반 추정 위치, 공사현장 좌표 아님"
15029300:246,246,건축행정기록,제1종근린생활시설,인천광역시 미추홀구 도화동 도시개발사업지구 XV 3,,,unresolved,address_not_parcel_or_road_notation,,0,0,,,kakao_local_api:unresolved,https://dapi.kakao.com/v2/local/search/address.json,2026-09-06,https://www.data.go.kr/data/15029300/fileData.do,2025-09-25,2026-09-06,administrative_record_only_not_confirmed_active,신축,2016-09-30,2016-10-07,2018-03-16,제1종근린생활시설,20181.3,"주소 기반 추정 위치, 공사현장 좌표 아님"
15029300:247,247,건축행정기록,단독주택,인천광역시 미추홀구 용현동 191-39 외1필지,37.4479190,126.6616811,geocoded_kakao_jibun,kakao_exact_jibun_address_match,인천 미추홀구 용현동 191-39,1,1,0.0,,kakao_local_api:address_jibun,https://dapi.kakao.com/v2/local/search/address.json,2026-09-06,https://www.data.go.kr/data/15029300/fileData.do,2025-09-25,2026-09-06,administrative_record_only_not_confirmed_active,증축,2016-09-26,2016-10-12,2016-11-22,단독주택,199.3,"주소 기반 추정 위치, 공사현장 좌표 아님"
15029300:248,248,건축행정기록,숙박시설,인천광역시 미추홀구 주안동 153-10 외2필지,37.4619075,126.6819357,geocoded_kakao_jibun,kakao_exact_jibun_address_match,인천 미추홀구 주안동 153-10,1,1,0.0,,kakao_local_api:address_jibun,https://dapi.kakao.com/v2/local/search/address.json,2026-09-06,https://www.data.go.kr/data/15029300/fileData.do,2025-09-25,2026-09-06,administrative_record_only_not_confirmed_active,증축,2016-09-20,2016-09-23,2017-04-19,숙박시설,877.3,"주소 기반 추정 위치, 공사현장 좌표 아님"
15029300:249,249,건축행정기록,업무시설,인천광역시 미추홀구 용현동 92-19,37.4506724,126.6602390,geocoded_kakao_jibun,kakao_exact_jibun_address_match,인천 미추홀구 용현동 92-19,1,1,0.0,,kakao_local_api:address_jibun,https://dapi.kakao.com/v2/local/search/address.json,2026-09-06,https://www.data.go.kr/data/15029300/fileData.do,2025-09-25,2026-09-06,administrative_record_only_not_confirmed_active,증축,2016-09-01,2016-09-06,2016-10-04,업무시설,288.9,"주소 기반 추정 위치, 공사현장 좌표 아님"
15029300:250,250,건축행정기록,종교시설,인천광역시 미추홀구 도화동 523-5,37.4612501,126.6689310,geocoded_kakao_jibun,kakao_exact_jibun_address_match,인천 미추홀구 도화동 523-5,1,1,0.0,,kakao_local_api:address_jibun,https://dapi.kakao.com/v2/local/search/address.json,2026-09-06,https://www.data.go.kr/data/15029300/fileData.do,2025-09-25,2026-09-06,administrative_record_only_not_confirmed_active,증축,2016-09-01,2016-09-08,2017-03-29,종교시설,2772,"주소 기반 추정 위치, 공사현장 좌표 아님"
15029300:251,251,건축행정기록,단독주택,인천광역시 미추홀구 숭의동 1-126 외1필지,37.4638660,126.6582657,geocoded_kakao_jibun,kakao_exact_jibun_address_match,인천 미추홀구 숭의동 1-126,1,1,0.0,,kakao_local_api:address_jibun,https://dapi.kakao.com/v2/local/search/address.json,2026-09-06,https://www.data.go.kr/data/15029300/fileData.do,2025-09-25,2026-09-06,administrative_record_only_not_confirmed_active,증축,2016-08-30,2016-09-08,2016-10-17,단독주택,127,"주소 기반 추정 위치, 공사현장 좌표 아님"
15029300:252,252,건축행정기록,단독주택,인천광역시 미추홀구 용현동 187-18,37.4506837,126.6595966,geocoded_kakao_jibun,kakao_exact_jibun_address_match,인천 미추홀구 용현동 187-18,1,1,0.0,,kakao_local_api:address_jibun,https://dapi.kakao.com/v2/local/search/address.json,2026-09-06,https://www.data.go.kr/data/15029300/fileData.do,2025-09-25,2026-09-06,administrative_record_only_not_confirmed_active,증축,2016-08-26,2016-09-26,2016-11-29,단독주택,200.57,"주소 기반 추정 위치, 공사현장 좌표 아님"
15029300:253,253,건축행정기록,제2종근린생활시설,인천광역시 미추홀구 숭의동 441-47,,,unresolved,no_exact_parcel_match_in_kakao,,0,0,,,kakao_local_api:unresolved,https://dapi.kakao.com/v2/local/search/address.json,2026-09-06,https://www.data.go.kr/data/15029300/fileData.do,2025-09-25,2026-09-06,administrative_record_only_not_confirmed_active,증축,2016-08-26,2016-09-02,,제2종근린생활시설,811.6,"주소 기반 추정 위치, 공사현장 좌표 아님"
15029300:254,254,건축행정기록,제2종근린생활시설,인천광역시 미추홀구 용현동 627-400 외1필지,37.4508957,126.6367740,geocoded_kakao_jibun,kakao_exact_jibun_address_match,인천 미추홀구 용현동 627-400,1,1,0.0,,kakao_local_api:address_jibun,https://dapi.kakao.com/v2/local/search/address.json,2026-09-06,https://www.data.go.kr/data/15029300/fileData.do,2025-09-25,2026-09-06,administrative_record_only_not_confirmed_active,증축,2016-08-19,2016-08-26,2016-09-13,제2종근린생활시설,329,"주소 기반 추정 위치, 공사현장 좌표 아님"
15029300:255,255,건축행정기록,제2종근린생활시설,인천광역시 미추홀구 주안동 1421-30,37.4501904,126.6738696,geocoded_kakao_jibun,kakao_exact_jibun_address_match,인천 미추홀구 주안동 1421-30,1,1,0.0,,kakao_local_api:address_jibun,https://dapi.kakao.com/v2/local/search/address.json,2026-09-06,https://www.data.go.kr/data/15029300/fileData.do,2025-09-25,2026-09-06,administrative_record_only_not_confirmed_active,증축,2016-08-04,2016-08-11,2016-09-08,제2종근린생활시설,165,"주소 기반 추정 위치, 공사현장 좌표 아님"
15029300:256,256,건축행정기록,공장,인천광역시 미추홀구 도화동 765-9,37.4781875,126.6660710,geocoded_kakao_jibun,kakao_exact_jibun_address_match,인천 미추홀구 도화동 765-9,1,1,0.0,,kakao_local_api:address_jibun,https://dapi.kakao.com/v2/local/search/address.json,2026-09-06,https://www.data.go.kr/data/15029300/fileData.do,2025-09-25,2026-09-06,administrative_record_only_not_confirmed_active,증축,2016-08-02,2016-08-05,2016-09-02,공장,826,"주소 기반 추정 위치, 공사현장 좌표 아님"
15029300:257,257,건축행정기록,제2종근린생활시설,인천광역시 미추홀구 용현동 629-64,37.4538031,126.6350176,geocoded_kakao_jibun,kakao_exact_jibun_address_match,인천 미추홀구 용현동 629-64,1,1,0.0,,kakao_local_api:address_jibun,https://dapi.kakao.com/v2/local/search/address.json,2026-09-06,https://www.data.go.kr/data/15029300/fileData.do,2025-09-25,2026-09-06,administrative_record_only_not_confirmed_active,증축,2016-07-25,2016-09-08,2016-10-17,제2종근린생활시설,266.4,"주소 기반 추정 위치, 공사현장 좌표 아님"
15029300:258,258,건축행정기록,노유자시설,인천광역시 미추홀구 용현동 627-422 외3필지,37.4506034,126.6330595,geocoded_kakao_jibun,kakao_exact_jibun_address_match,인천 미추홀구 용현동 627-422,1,1,0.0,,kakao_local_api:address_jibun,https://dapi.kakao.com/v2/local/search/address.json,2026-09-06,https://www.data.go.kr/data/15029300/fileData.do,2025-09-25,2026-09-06,administrative_record_only_not_confirmed_active,증축,2016-07-21,2016-07-22,2016-08-19,노유자시설,568,"주소 기반 추정 위치, 공사현장 좌표 아님"
15029300:259,259,건축행정기록,단독주택,인천광역시 미추홀구 문학동 403-1,37.4350140,126.6859600,geocoded_kakao_jibun,kakao_exact_jibun_address_match,인천 미추홀구 문학동 403-1,1,1,0.0,,kakao_local_api:address_jibun,https://dapi.kakao.com/v2/local/search/address.json,2026-09-06,https://www.data.go.kr/data/15029300/fileData.do,2025-09-25,2026-09-06,administrative_record_only_not_confirmed_active,증축,2016-07-21,2016-07-26,,단독주택,155.5,"주소 기반 추정 위치, 공사현장 좌표 아님"
15029300:260,260,건축행정기록,공장,인천광역시 미추홀구 도화동 825 외1필지,37.4804502,126.6608226,geocoded_kakao_jibun,kakao_exact_jibun_address_match,인천 미추홀구 도화동 825,1,1,0.0,,kakao_local_api:address_jibun,https://dapi.kakao.com/v2/local/search/address.json,2026-09-06,https://www.data.go.kr/data/15029300/fileData.do,2025-09-25,2026-09-06,administrative_record_only_not_confirmed_active,증축,2016-07-18,2016-08-01,2021-05-12,공장,35065.5,"주소 기반 추정 위치, 공사현장 좌표 아님"
15029300:261,261,건축행정기록,제2종근린생활시설,인천광역시 미추홀구 주안동 146-1,37.4626098,126.6813685,geocoded_kakao_jibun,kakao_exact_jibun_address_match,인천 미추홀구 주안동 146-1,1,1,0.0,,kakao_local_api:address_jibun,https://dapi.kakao.com/v2/local/search/address.json,2026-09-06,https://www.data.go.kr/data/15029300/fileData.do,2025-09-25,2026-09-06,administrative_record_only_not_confirmed_active,증축,2016-07-15,2016-07-18,2016-09-22,제2종근린생활시설,262.2,"주소 기반 추정 위치, 공사현장 좌표 아님"
15029300:262,262,건축행정기록,단독주택,인천광역시 미추홀구 숭의동 109-287 외2필지,37.4683449,126.6463024,geocoded_kakao_jibun,kakao_exact_jibun_address_match,인천 미추홀구 숭의동 109-287,1,1,0.0,,kakao_local_api:address_jibun,https://dapi.kakao.com/v2/local/search/address.json,2026-09-06,https://www.data.go.kr/data/15029300/fileData.do,2025-09-25,2026-09-06,administrative_record_only_not_confirmed_active,재축,2016-07-14,2016-07-15,2016-09-01,단독주택,72,"주소 기반 추정 위치, 공사현장 좌표 아님"
15029300:263,263,건축행정기록,제2종근린생활시설,인천광역시 미추홀구 숭의동 187-47,37.4602890,126.6486349,geocoded_kakao_jibun,kakao_exact_jibun_address_match,인천 미추홀구 숭의동 187-47,1,1,0.0,,kakao_local_api:address_jibun,https://dapi.kakao.com/v2/local/search/address.json,2026-09-06,https://www.data.go.kr/data/15029300/fileData.do,2025-09-25,2026-09-06,administrative_record_only_not_confirmed_active,대수선,2016-07-13,2016-07-18,2016-08-12,제2종근린생활시설,330.8,"주소 기반 추정 위치, 공사현장 좌표 아님"
15029300:264,264,건축행정기록,단독주택,인천광역시 미추홀구 도화동 89-6,37.4674410,126.6580623,geocoded_kakao_jibun,kakao_exact_jibun_address_match,인천 미추홀구 도화동 89-6,1,1,0.0,,kakao_local_api:address_jibun,https://dapi.kakao.com/v2/local/search/address.json,2026-09-06,https://www.data.go.kr/data/15029300/fileData.do,2025-09-25,2026-09-06,administrative_record_only_not_confirmed_active,신축,2016-07-01,2016-11-24,2017-02-01,단독주택,227.8,"주소 기반 추정 위치, 공사현장 좌표 아님"
15029300:265,265,건축행정기록,단독주택,인천광역시 미추홀구 주안동 755-1,37.4500310,126.6692158,geocoded_kakao_jibun,kakao_exact_jibun_address_match,인천 미추홀구 주안동 755-1,1,1,0.0,,kakao_local_api:address_jibun,https://dapi.kakao.com/v2/local/search/address.json,2026-09-06,https://www.data.go.kr/data/15029300/fileData.do,2025-09-25,2026-09-06,administrative_record_only_not_confirmed_active,증축,2016-06-27,2016-06-30,2016-08-03,단독주택,129,"주소 기반 추정 위치, 공사현장 좌표 아님"
15029300:266,266,건축행정기록,제1종근린생활시설,인천광역시 미추홀구 학익동 174-4,37.4380926,126.6637554,geocoded_kakao_jibun,kakao_exact_jibun_address_match,인천 미추홀구 학익동 174-4,1,1,0.0,,kakao_local_api:address_jibun,https://dapi.kakao.com/v2/local/search/address.json,2026-09-06,https://www.data.go.kr/data/15029300/fileData.do,2025-09-25,2026-09-06,administrative_record_only_not_confirmed_active,신축,2016-06-21,2017-07-25,2018-07-18,제1종근린생활시설,200,"주소 기반 추정 위치, 공사현장 좌표 아님"
15029300:267,267,건축행정기록,단독주택,인천광역시 미추홀구 주안동 656-21,37.4592762,126.6665950,geocoded_kakao_jibun,kakao_exact_jibun_address_match,인천 미추홀구 주안동 656-21,1,1,0.0,,kakao_local_api:address_jibun,https://dapi.kakao.com/v2/local/search/address.json,2026-09-06,https://www.data.go.kr/data/15029300/fileData.do,2025-09-25,2026-09-06,administrative_record_only_not_confirmed_active,증축,2016-06-20,2016-06-30,,단독주택,143,"주소 기반 추정 위치, 공사현장 좌표 아님"
15029300:268,268,건축행정기록,제2종근린생활시설,인천광역시 미추홀구 도화동 511-1 외1필지,37.4587438,126.6677203,geocoded_kakao_jibun,kakao_exact_jibun_address_match,인천 미추홀구 도화동 511-1,1,1,0.0,,kakao_local_api:address_jibun,https://dapi.kakao.com/v2/local/search/address.json,2026-09-06,https://www.data.go.kr/data/15029300/fileData.do,2025-09-25,2026-09-06,administrative_record_only_not_confirmed_active,신축,2016-06-16,2016-06-20,2016-09-06,제2종근린생활시설,159.5,"주소 기반 추정 위치, 공사현장 좌표 아님"
15029300:269,269,건축행정기록,노유자시설,인천광역시 미추홀구 도화동 480-1,37.4619629,126.6713157,geocoded_kakao_jibun,kakao_exact_jibun_address_match,인천 미추홀구 도화동 480-1,1,1,0.0,,kakao_local_api:address_jibun,https://dapi.kakao.com/v2/local/search/address.json,2026-09-06,https://www.data.go.kr/data/15029300/fileData.do,2025-09-25,2026-09-06,administrative_record_only_not_confirmed_active,증축,2016-06-13,2016-06-21,2016-11-25,노유자시설,711.1,"주소 기반 추정 위치, 공사현장 좌표 아님"
15029300:270,270,건축행정기록,종교시설,인천광역시 미추홀구 주안동 988-3,37.4607790,126.6889883,geocoded_kakao_jibun,kakao_exact_jibun_address_match,인천 미추홀구 주안동 988-3,1,1,0.0,,kakao_local_api:address_jibun,https://dapi.kakao.com/v2/local/search/address.json,2026-09-06,https://www.data.go.kr/data/15029300/fileData.do,2025-09-25,2026-09-06,administrative_record_only_not_confirmed_active,증축,2016-06-09,2016-06-10,2016-10-07,종교시설,916.8,"주소 기반 추정 위치, 공사현장 좌표 아님"
15029300:271,271,건축행정기록,제2종근린생활시설,인천광역시 미추홀구 주안동 118-5,37.4639561,126.6858547,geocoded_kakao_jibun,kakao_exact_jibun_address_match,인천 미추홀구 주안동 118-5,1,1,0.0,,kakao_local_api:address_jibun,https://dapi.kakao.com/v2/local/search/address.json,2026-09-06,https://www.data.go.kr/data/15029300/fileData.do,2025-09-25,2026-09-06,administrative_record_only_not_confirmed_active,증축,2016-06-07,2016-06-21,2016-07-08,제2종근린생활시설,337.4,"주소 기반 추정 위치, 공사현장 좌표 아님"
15029300:272,272,건축행정기록,단독주택,인천광역시 미추홀구 학익동 240-26,37.4411502,126.6700284,geocoded_kakao_jibun,kakao_exact_jibun_address_match,인천 미추홀구 학익동 240-26,1,1,0.0,,kakao_local_api:address_jibun,https://dapi.kakao.com/v2/local/search/address.json,2026-09-06,https://www.data.go.kr/data/15029300/fileData.do,2025-09-25,2026-09-06,administrative_record_only_not_confirmed_active,증축,2016-06-03,2016-06-10,2016-06-21,단독주택,134,"주소 기반 추정 위치, 공사현장 좌표 아님"
15029300:273,273,건축행정기록,제2종근린생활시설,인천광역시 미추홀구 주안동 147-23,37.4624558,126.6823070,geocoded_kakao_jibun,kakao_exact_jibun_address_match,인천 미추홀구 주안동 147-23,1,1,0.0,,kakao_local_api:address_jibun,https://dapi.kakao.com/v2/local/search/address.json,2026-09-06,https://www.data.go.kr/data/15029300/fileData.do,2025-09-25,2026-09-06,administrative_record_only_not_confirmed_active,증축,2016-05-31,2016-07-07,,제2종근린생활시설,194.4,"주소 기반 추정 위치, 공사현장 좌표 아님"
15029300:274,274,건축행정기록,문화및집회시설,인천광역시 미추홀구 학익동 587-145 외3필지,37.4344206,126.6417691,geocoded_kakao_jibun,kakao_exact_jibun_address_match,인천 미추홀구 학익동 587-145,1,1,0.0,,kakao_local_api:address_jibun,https://dapi.kakao.com/v2/local/search/address.json,2026-09-06,https://www.data.go.kr/data/15029300/fileData.do,2025-09-25,2026-09-06,administrative_record_only_not_confirmed_active,증축,2016-05-20,2016-06-01,,문화및집회시설,14553,"주소 기반 추정 위치, 공사현장 좌표 아님"
15029300:275,275,건축행정기록,교육연구시설,인천광역시 미추홀구 도화동 26-65 외4필지,,,unresolved,no_exact_parcel_match_in_kakao,,0,0,,,kakao_local_api:unresolved,https://dapi.kakao.com/v2/local/search/address.json,2026-09-06,https://www.data.go.kr/data/15029300/fileData.do,2025-09-25,2026-09-06,administrative_record_only_not_confirmed_active,증축,2016-05-19,2016-06-09,2019-05-16,교육연구시설,39352.8,"주소 기반 추정 위치, 공사현장 좌표 아님"
15029300:276,276,건축행정기록,제1종근린생활시설,인천광역시 미추홀구 주안동 1532-20,37.4502790,126.6886584,geocoded_kakao_jibun,kakao_exact_jibun_address_match,인천 미추홀구 주안동 1532-20,1,1,0.0,,kakao_local_api:address_jibun,https://dapi.kakao.com/v2/local/search/address.json,2026-09-06,https://www.data.go.kr/data/15029300/fileData.do,2025-09-25,2026-09-06,administrative_record_only_not_confirmed_active,증축,2016-05-12,2016-05-16,2016-07-01,제1종근린생활시설,145.1,"주소 기반 추정 위치, 공사현장 좌표 아님"
15029300:277,277,건축행정기록,공동주택,인천광역시 미추홀구 주안동 285-18,37.4639243,126.6751557,geocoded_kakao_jibun,kakao_exact_jibun_address_match,인천 미추홀구 주안동 285-18,1,1,0.0,,kakao_local_api:address_jibun,https://dapi.kakao.com/v2/local/search/address.json,2026-09-06,https://www.data.go.kr/data/15029300/fileData.do,2025-09-25,2026-09-06,administrative_record_only_not_confirmed_active,증축,2016-04-25,2016-05-12,2016-05-17,공동주택,202.3,"주소 기반 추정 위치, 공사현장 좌표 아님"
15029300:278,278,건축행정기록,단독주택,인천광역시 미추홀구 용현동 130-39,37.4564513,126.6589351,geocoded_kakao_jibun,kakao_exact_jibun_address_match,인천 미추홀구 용현동 130-39,1,1,0.0,,kakao_local_api:address_jibun,https://dapi.kakao.com/v2/local/search/address.json,2026-09-06,https://www.data.go.kr/data/15029300/fileData.do,2025-09-25,2026-09-06,administrative_record_only_not_confirmed_active,증축,2016-04-21,2016-04-25,2016-08-05,단독주택,136,"주소 기반 추정 위치, 공사현장 좌표 아님"
15029300:279,279,건축행정기록,제1종근린생활시설,인천광역시 미추홀구 숭의동 309-37,37.4587857,126.6452087,geocoded_kakao_jibun,kakao_exact_jibun_address_match,인천 미추홀구 숭의동 309-37,1,1,0.0,,kakao_local_api:address_jibun,https://dapi.kakao.com/v2/local/search/address.json,2026-09-06,https://www.data.go.kr/data/15029300/fileData.do,2025-09-25,2026-09-06,administrative_record_only_not_confirmed_active,증축,2016-04-12,2016-04-19,2016-08-26,제1종근린생활시설,162.5,"주소 기반 추정 위치, 공사현장 좌표 아님"
15029300:280,280,건축행정기록,제2종근린생활시설,인천광역시 미추홀구 주안동 587-22,37.4565398,126.6663113,geocoded_kakao_jibun,kakao_exact_jibun_address_match,인천 미추홀구 주안동 587-22,1,1,0.0,,kakao_local_api:address_jibun,https://dapi.kakao.com/v2/local/search/address.json,2026-09-06,https://www.data.go.kr/data/15029300/fileData.do,2025-09-25,2026-09-06,administrative_record_only_not_confirmed_active,증축,2016-04-12,2016-04-15,2016-04-22,제2종근린생활시설,219,"주소 기반 추정 위치, 공사현장 좌표 아님"
15029300:281,281,건축행정기록,단독주택,인천광역시 미추홀구 숭의동 52-10,37.4651235,126.6566447,geocoded_kakao_jibun,kakao_exact_jibun_address_match,인천 미추홀구 숭의동 52-10,1,1,0.0,,kakao_local_api:address_jibun,https://dapi.kakao.com/v2/local/search/address.json,2026-09-06,https://www.data.go.kr/data/15029300/fileData.do,2025-09-25,2026-09-06,administrative_record_only_not_confirmed_active,신축,2016-04-07,2016-05-02,,단독주택,80,"주소 기반 추정 위치, 공사현장 좌표 아님"
15029300:282,282,건축행정기록,공동주택,인천광역시 미추홀구 도화동 641-50 외1필지,37.4659332,126.6609127,geocoded_kakao_jibun,kakao_exact_jibun_address_match,인천 미추홀구 도화동 641-50,1,1,0.0,,kakao_local_api:address_jibun,https://dapi.kakao.com/v2/local/search/address.json,2026-09-06,https://www.data.go.kr/data/15029300/fileData.do,2025-09-25,2026-09-06,administrative_record_only_not_confirmed_active,증축,2016-04-06,2016-04-19,2016-05-31,공동주택,179,"주소 기반 추정 위치, 공사현장 좌표 아님"
15029300:283,283,건축행정기록,제2종근린생활시설,인천광역시 미추홀구 용현동 95-40 외1필지,37.4512343,126.6614015,geocoded_kakao_jibun,kakao_exact_jibun_address_match,인천 미추홀구 용현동 95-40,1,1,0.0,,kakao_local_api:address_jibun,https://dapi.kakao.com/v2/local/search/address.json,2026-09-06,https://www.data.go.kr/data/15029300/fileData.do,2025-09-25,2026-09-06,administrative_record_only_not_confirmed_active,증축,2016-04-06,2016-04-08,2016-07-26,제2종근린생활시설,296.2,"주소 기반 추정 위치, 공사현장 좌표 아님"
15029300:284,284,건축행정기록,제1종근린생활시설,인천광역시 미추홀구 도화동 545-19,37.4627996,126.6694351,geocoded_kakao_jibun,kakao_exact_jibun_address_match,인천 미추홀구 도화동 545-19,1,1,0.0,,kakao_local_api:address_jibun,https://dapi.kakao.com/v2/local/search/address.json,2026-09-06,https://www.data.go.kr/data/15029300/fileData.do,2025-09-25,2026-09-06,administrative_record_only_not_confirmed_active,증축,2016-04-06,2016-04-26,2016-07-20,제1종근린생활시설,148.2,"주소 기반 추정 위치, 공사현장 좌표 아님"
15029300:285,285,건축행정기록,단독주택,인천광역시 미추홀구 주안동 1301-26,37.4424680,126.6795823,geocoded_kakao_jibun,kakao_exact_jibun_address_match,인천 미추홀구 주안동 1301-26,1,1,0.0,,kakao_local_api:address_jibun,https://dapi.kakao.com/v2/local/search/address.json,2026-09-06,https://www.data.go.kr/data/15029300/fileData.do,2025-09-25,2026-09-06,administrative_record_only_not_confirmed_active,증축,2016-03-28,2016-04-14,2016-06-27,단독주택,128,"주소 기반 추정 위치, 공사현장 좌표 아님"
15029300:286,286,건축행정기록,공장,인천광역시 미추홀구 학익동 587-147,37.4416088,126.6362749,geocoded_kakao_jibun,kakao_exact_jibun_address_match,인천 미추홀구 학익동 587-147,1,1,0.0,,kakao_local_api:address_jibun,https://dapi.kakao.com/v2/local/search/address.json,2026-09-06,https://www.data.go.kr/data/15029300/fileData.do,2025-09-25,2026-09-06,administrative_record_only_not_confirmed_active,신축,2016-03-22,2016-03-25,2016-05-10,공장,1653,"주소 기반 추정 위치, 공사현장 좌표 아님"
15029300:287,287,건축행정기록,제2종근린생활시설,인천광역시 미추홀구 주안동 157-15,37.4614803,126.6815023,geocoded_kakao_jibun,kakao_exact_jibun_address_match,인천 미추홀구 주안동 157-15,1,1,0.0,,kakao_local_api:address_jibun,https://dapi.kakao.com/v2/local/search/address.json,2026-09-06,https://www.data.go.kr/data/15029300/fileData.do,2025-09-25,2026-09-06,administrative_record_only_not_confirmed_active,증축,2016-03-18,2016-06-09,2016-11-11,제2종근린생활시설,521.3,"주소 기반 추정 위치, 공사현장 좌표 아님"
15029300:288,288,건축행정기록,제2종근린생활시설,인천광역시 미추홀구 주안동 18-71,37.4680364,126.6843877,geocoded_kakao_jibun,kakao_exact_jibun_address_match,인천 미추홀구 주안동 18-71,1,1,0.0,,kakao_local_api:address_jibun,https://dapi.kakao.com/v2/local/search/address.json,2026-09-06,https://www.data.go.kr/data/15029300/fileData.do,2025-09-25,2026-09-06,administrative_record_only_not_confirmed_active,증축,2016-03-16,2016-03-21,2016-05-30,제2종근린생활시설,286.3,"주소 기반 추정 위치, 공사현장 좌표 아님"
15029300:289,289,건축행정기록,공장,인천광역시 미추홀구 도화동 767-9,37.4772227,126.6634704,geocoded_kakao_jibun,kakao_exact_jibun_address_match,인천 미추홀구 도화동 767-9,1,1,0.0,,kakao_local_api:address_jibun,https://dapi.kakao.com/v2/local/search/address.json,2026-09-06,https://www.data.go.kr/data/15029300/fileData.do,2025-09-25,2026-09-06,administrative_record_only_not_confirmed_active,증축,2016-03-10,2016-03-17,2016-06-08,공장,662,"주소 기반 추정 위치, 공사현장 좌표 아님"
15029300:290,290,건축행정기록,공장,인천광역시 미추홀구 도화동 767-4,37.4769090,126.6636123,geocoded_kakao_jibun,kakao_exact_jibun_address_match,인천 미추홀구 도화동 767-4,1,1,0.0,,kakao_local_api:address_jibun,https://dapi.kakao.com/v2/local/search/address.json,2026-09-06,https://www.data.go.kr/data/15029300/fileData.do,2025-09-25,2026-09-06,administrative_record_only_not_confirmed_active,증축,2016-03-10,2016-03-17,2016-06-08,공장,1483.1,"주소 기반 추정 위치, 공사현장 좌표 아님"
15029300:291,291,건축행정기록,제2종근린생활시설,인천광역시 미추홀구 용현동 92-27 외1필지,37.4502979,126.6612042,geocoded_kakao_jibun,kakao_exact_jibun_address_match,인천 미추홀구 용현동 92-27,1,1,0.0,,kakao_local_api:address_jibun,https://dapi.kakao.com/v2/local/search/address.json,2026-09-06,https://www.data.go.kr/data/15029300/fileData.do,2025-09-25,2026-09-06,administrative_record_only_not_confirmed_active,증축,2016-03-10,2016-05-25,,제2종근린생활시설,217.8,"주소 기반 추정 위치, 공사현장 좌표 아님"
15029300:292,292,건축행정기록,단독주택,인천광역시 미추홀구 용현동 627-245,37.4502726,126.6349015,geocoded_kakao_jibun,kakao_exact_jibun_address_match,인천 미추홀구 용현동 627-245,1,1,0.0,,kakao_local_api:address_jibun,https://dapi.kakao.com/v2/local/search/address.json,2026-09-06,https://www.data.go.kr/data/15029300/fileData.do,2025-09-25,2026-09-06,administrative_record_only_not_confirmed_active,증축,2016-03-02,2016-03-11,2016-05-12,단독주택,140,"주소 기반 추정 위치, 공사현장 좌표 아님"
15029300:293,293,건축행정기록,제2종근린생활시설,인천광역시 미추홀구 주안동 241-1,37.4648811,126.6780604,geocoded_kakao_jibun,kakao_exact_jibun_address_match,인천 미추홀구 주안동 241-1,1,1,0.0,,kakao_local_api:address_jibun,https://dapi.kakao.com/v2/local/search/address.json,2026-09-06,https://www.data.go.kr/data/15029300/fileData.do,2025-09-25,2026-09-06,administrative_record_only_not_confirmed_active,신축,2016-02-29,2016-04-06,,제2종근린생활시설,233.8,"주소 기반 추정 위치, 공사현장 좌표 아님"
15029300:294,294,건축행정기록,제1종근린생활시설,인천광역시 미추홀구 주안동 1560,37.4512675,126.6901667,geocoded_kakao_jibun,kakao_exact_jibun_address_match,인천 미추홀구 주안동 1560,1,1,0.0,,kakao_local_api:address_jibun,https://dapi.kakao.com/v2/local/search/address.json,2026-09-06,https://www.data.go.kr/data/15029300/fileData.do,2025-09-25,2026-09-06,administrative_record_only_not_confirmed_active,증축,2016-02-19,2016-02-25,2016-04-04,제1종근린생활시설,1218.5,"주소 기반 추정 위치, 공사현장 좌표 아님"
15029300:295,295,건축행정기록,제1종근린생활시설,인천광역시 미추홀구 주안동 1560-1,37.4512742,126.6904199,geocoded_kakao_jibun,kakao_exact_jibun_address_match,인천 미추홀구 주안동 1560-1,1,1,0.0,,kakao_local_api:address_jibun,https://dapi.kakao.com/v2/local/search/address.json,2026-09-06,https://www.data.go.kr/data/15029300/fileData.do,2025-09-25,2026-09-06,administrative_record_only_not_confirmed_active,증축,2016-02-19,2016-02-25,2016-04-04,제1종근린생활시설,1603.5,"주소 기반 추정 위치, 공사현장 좌표 아님"
15029300:296,296,건축행정기록,단독주택,인천광역시 미추홀구 숭의동 1-201,37.4658090,126.6583607,geocoded_kakao_jibun,kakao_exact_jibun_address_match,인천 미추홀구 숭의동 1-201,1,1,0.0,,kakao_local_api:address_jibun,https://dapi.kakao.com/v2/local/search/address.json,2026-09-06,https://www.data.go.kr/data/15029300/fileData.do,2025-09-25,2026-09-06,administrative_record_only_not_confirmed_active,대수선,2016-02-04,2016-02-22,2016-03-04,단독주택,175,"주소 기반 추정 위치, 공사현장 좌표 아님"
15029300:297,297,건축행정기록,공동주택,인천광역시 미추홀구 주안동 1161-132 외1필지,37.4469922,126.6846353,geocoded_kakao_jibun,kakao_exact_jibun_address_match,인천 미추홀구 주안동 1161-132,1,1,0.0,,kakao_local_api:address_jibun,https://dapi.kakao.com/v2/local/search/address.json,2026-09-06,https://www.data.go.kr/data/15029300/fileData.do,2025-09-25,2026-09-06,administrative_record_only_not_confirmed_active,증축,2016-02-03,2016-02-05,,공동주택,239,"주소 기반 추정 위치, 공사현장 좌표 아님"
15029300:298,298,건축행정기록,제2종근린생활시설,인천광역시 미추홀구 용현동 627-210,37.4508354,126.6346479,geocoded_kakao_jibun,kakao_exact_jibun_address_match,인천 미추홀구 용현동 627-210,1,1,0.0,,kakao_local_api:address_jibun,https://dapi.kakao.com/v2/local/search/address.json,2026-09-06,https://www.data.go.kr/data/15029300/fileData.do,2025-09-25,2026-09-06,administrative_record_only_not_confirmed_active,증축,2016-01-26,2016-01-28,2016-03-07,제2종근린생활시설,140,"주소 기반 추정 위치, 공사현장 좌표 아님"
15029300:299,299,건축행정기록,노유자시설,인천광역시 미추홀구 주안동 1428-15,37.4508395,126.6751261,geocoded_kakao_jibun,kakao_exact_jibun_address_match,인천 미추홀구 주안동 1428-15,1,1,0.0,,kakao_local_api:address_jibun,https://dapi.kakao.com/v2/local/search/address.json,2026-09-06,https://www.data.go.kr/data/15029300/fileData.do,2025-09-25,2026-09-06,administrative_record_only_not_confirmed_active,증축,2016-01-05,2016-01-08,2016-01-13,노유자시설,168.7,"주소 기반 추정 위치, 공사현장 좌표 아님"
15029300:300,300,건축행정기록,공동주택,인천광역시 미추홀구 주안동 761-2,37.4515690,126.6699588,geocoded_kakao_jibun,kakao_exact_jibun_address_match,인천 미추홀구 주안동 761-2,1,1,0.0,,kakao_local_api:address_jibun,https://dapi.kakao.com/v2/local/search/address.json,2026-09-06,https://www.data.go.kr/data/15029300/fileData.do,2025-09-25,2026-09-06,administrative_record_only_not_confirmed_active,증축,2015-12-31,2016-01-22,,공동주택,183.6,"주소 기반 추정 위치, 공사현장 좌표 아님"
15029300:301,301,건축행정기록,제1종근린생활시설,인천광역시 미추홀구 주안동 136-6 외4필지,37.4634515,126.6816627,geocoded_kakao_jibun,kakao_exact_jibun_address_match,인천 미추홀구 주안동 136-6,1,1,0.0,,kakao_local_api:address_jibun,https://dapi.kakao.com/v2/local/search/address.json,2026-09-06,https://www.data.go.kr/data/15029300/fileData.do,2025-09-25,2026-09-06,administrative_record_only_not_confirmed_active,증축,2015-12-24,2015-12-31,2016-08-24,제1종근린생활시설,720.2,"주소 기반 추정 위치, 공사현장 좌표 아님"
15029300:302,302,건축행정기록,단독주택,인천광역시 미추홀구 주안동 1063-16,37.4488214,126.6927569,geocoded_kakao_jibun,kakao_exact_jibun_address_match,인천 미추홀구 주안동 1063-16,1,1,0.0,,kakao_local_api:address_jibun,https://dapi.kakao.com/v2/local/search/address.json,2026-09-06,https://www.data.go.kr/data/15029300/fileData.do,2025-09-25,2026-09-06,administrative_record_only_not_confirmed_active,증축,2015-12-21,2015-12-23,2016-03-03,단독주택,339,"주소 기반 추정 위치, 공사현장 좌표 아님"
15029300:303,303,건축행정기록,제2종근린생활시설,인천광역시 미추홀구 용현동 611-17,37.4530986,126.6394622,geocoded_kakao_jibun,kakao_exact_jibun_address_match,인천 미추홀구 용현동 611-17,1,1,0.0,,kakao_local_api:address_jibun,https://dapi.kakao.com/v2/local/search/address.json,2026-09-06,https://www.data.go.kr/data/15029300/fileData.do,2025-09-25,2026-09-06,administrative_record_only_not_confirmed_active,증축,2015-12-18,2016-01-14,2016-03-02,제2종근린생활시설,174.1,"주소 기반 추정 위치, 공사현장 좌표 아님"
15029300:304,304,건축행정기록,단독주택,인천광역시 미추홀구 용현동 627-216,37.4505407,126.6345117,geocoded_kakao_jibun,kakao_exact_jibun_address_match,인천 미추홀구 용현동 627-216,1,1,0.0,,kakao_local_api:address_jibun,https://dapi.kakao.com/v2/local/search/address.json,2026-09-06,https://www.data.go.kr/data/15029300/fileData.do,2025-09-25,2026-09-06,administrative_record_only_not_confirmed_active,증축,2015-12-17,2015-12-23,2016-02-05,단독주택,140,"주소 기반 추정 위치, 공사현장 좌표 아님"
15029300:305,305,건축행정기록,공동주택,인천광역시 미추홀구 주안동 1588-18,37.4585781,126.6929899,geocoded_kakao_jibun,kakao_exact_jibun_address_match,인천 미추홀구 주안동 1588-18,1,1,0.0,,kakao_local_api:address_jibun,https://dapi.kakao.com/v2/local/search/address.json,2026-09-06,https://www.data.go.kr/data/15029300/fileData.do,2025-09-25,2026-09-06,administrative_record_only_not_confirmed_active,증축,2015-12-10,2015-12-14,2015-12-15,공동주택,236.3,"주소 기반 추정 위치, 공사현장 좌표 아님"
15029300:306,306,건축행정기록,공장,인천광역시 미추홀구 학익동 587-281,37.4412504,126.6342589,geocoded_kakao_jibun,kakao_exact_jibun_address_match,인천 미추홀구 학익동 587-281,1,1,0.0,,kakao_local_api:address_jibun,https://dapi.kakao.com/v2/local/search/address.json,2026-09-06,https://www.data.go.kr/data/15029300/fileData.do,2025-09-25,2026-09-06,administrative_record_only_not_confirmed_active,신축,2015-12-09,2016-01-08,2016-04-11,공장,977,"주소 기반 추정 위치, 공사현장 좌표 아님"
15029300:307,307,건축행정기록,단독주택,인천광역시 미추홀구 용현동 627-214,37.4506886,126.6344859,geocoded_kakao_jibun,kakao_exact_jibun_address_match,인천 미추홀구 용현동 627-214,1,1,0.0,,kakao_local_api:address_jibun,https://dapi.kakao.com/v2/local/search/address.json,2026-09-06,https://www.data.go.kr/data/15029300/fileData.do,2025-09-25,2026-09-06,administrative_record_only_not_confirmed_active,증축,2015-12-02,2015-12-09,2016-01-21,단독주택,140,"주소 기반 추정 위치, 공사현장 좌표 아님"
15029300:308,308,건축행정기록,제2종근린생활시설,인천광역시 미추홀구 도화동 120-17,37.4686291,126.6716094,geocoded_kakao_jibun,kakao_exact_jibun_address_match,인천 미추홀구 도화동 120-17,1,1,0.0,,kakao_local_api:address_jibun,https://dapi.kakao.com/v2/local/search/address.json,2026-09-06,https://www.data.go.kr/data/15029300/fileData.do,2025-09-25,2026-09-06,administrative_record_only_not_confirmed_active,신축,2015-11-30,2015-12-07,2016-05-10,제2종근린생활시설,531.5,"주소 기반 추정 위치, 공사현장 좌표 아님"
15029300:309,309,건축행정기록,교정및군사시설,인천광역시 미추홀구 학익동 278 외2필지,37.4446659,126.6687445,geocoded_kakao_jibun,kakao_exact_jibun_address_match,인천 미추홀구 학익동 278,1,1,0.0,,kakao_local_api:address_jibun,https://dapi.kakao.com/v2/local/search/address.json,2026-09-06,https://www.data.go.kr/data/15029300/fileData.do,2025-09-25,2026-09-06,administrative_record_only_not_confirmed_active,증축,2015-11-25,2015-12-31,,교정및군사시설,53898,"주소 기반 추정 위치, 공사현장 좌표 아님"
15029300:310,310,건축행정기록,판매시설,인천광역시 미추홀구 주안동 188,37.4612675,126.6802309,geocoded_kakao_jibun,kakao_exact_jibun_address_match,인천 미추홀구 주안동 188,1,1,0.0,,kakao_local_api:address_jibun,https://dapi.kakao.com/v2/local/search/address.json,2026-09-06,https://www.data.go.kr/data/15029300/fileData.do,2025-09-25,2026-09-06,administrative_record_only_not_confirmed_active,대수선,2015-11-25,2015-12-14,,판매시설,17611.9,"주소 기반 추정 위치, 공사현장 좌표 아님"
15029300:311,311,건축행정기록,제2종근린생활시설,인천광역시 미추홀구 용현동 565-22,37.4564399,126.6407731,geocoded_kakao_jibun,kakao_exact_jibun_address_match,인천 미추홀구 용현동 565-22,1,1,0.0,,kakao_local_api:address_jibun,https://dapi.kakao.com/v2/local/search/address.json,2026-09-06,https://www.data.go.kr/data/15029300/fileData.do,2025-09-25,2026-09-06,administrative_record_only_not_confirmed_active,증축,2015-11-24,2015-12-16,2016-01-05,제2종근린생활시설,201.3,"주소 기반 추정 위치, 공사현장 좌표 아님"
15029300:312,312,건축행정기록,제2종근린생활시설,인천광역시 미추홀구 용현동 177-38,37.4530455,126.6598964,geocoded_kakao_jibun,kakao_exact_jibun_address_match,인천 미추홀구 용현동 177-38,1,1,0.0,,kakao_local_api:address_jibun,https://dapi.kakao.com/v2/local/search/address.json,2026-09-06,https://www.data.go.kr/data/15029300/fileData.do,2025-09-25,2026-09-06,administrative_record_only_not_confirmed_active,증축,2015-11-17,2015-11-19,2016-02-24,제2종근린생활시설,308.3,"주소 기반 추정 위치, 공사현장 좌표 아님"
15029300:313,313,건축행정기록,공장,인천광역시 미추홀구 학익동 587-271,37.4414548,126.6342155,geocoded_kakao_jibun,kakao_exact_jibun_address_match,인천 미추홀구 학익동 587-271,1,1,0.0,,kakao_local_api:address_jibun,https://dapi.kakao.com/v2/local/search/address.json,2026-09-06,https://www.data.go.kr/data/15029300/fileData.do,2025-09-25,2026-09-06,administrative_record_only_not_confirmed_active,신축,2015-11-06,2015-12-30,2016-04-11,공장,475,"주소 기반 추정 위치, 공사현장 좌표 아님"
15029300:314,314,건축행정기록,공동주택,인천광역시 미추홀구 용현동 630-70,37.4520385,126.6342296,geocoded_kakao_jibun,kakao_exact_jibun_address_match,인천 미추홀구 용현동 630-70,1,1,0.0,,kakao_local_api:address_jibun,https://dapi.kakao.com/v2/local/search/address.json,2026-09-06,https://www.data.go.kr/data/15029300/fileData.do,2025-09-25,2026-09-06,administrative_record_only_not_confirmed_active,증축,2015-11-05,2015-11-06,2015-12-18,공동주택,233.3,"주소 기반 추정 위치, 공사현장 좌표 아님"
15029300:315,315,건축행정기록,단독주택,인천광역시 미추홀구 숭의동 2-125,37.4633303,126.6595230,geocoded_kakao_jibun,kakao_exact_jibun_address_match,인천 미추홀구 숭의동 2-125,1,1,0.0,,kakao_local_api:address_jibun,https://dapi.kakao.com/v2/local/search/address.json,2026-09-06,https://www.data.go.kr/data/15029300/fileData.do,2025-09-25,2026-09-06,administrative_record_only_not_confirmed_active,증축,2015-11-04,2015-11-10,2015-11-17,단독주택,234.5,"주소 기반 추정 위치, 공사현장 좌표 아님"
15029300:316,316,건축행정기록,노유자시설,인천광역시 미추홀구 용현동 556-63,37.4552178,126.6433186,geocoded_kakao_jibun,kakao_exact_jibun_address_match,인천 미추홀구 용현동 556-63,1,1,0.0,,kakao_local_api:address_jibun,https://dapi.kakao.com/v2/local/search/address.json,2026-09-06,https://www.data.go.kr/data/15029300/fileData.do,2025-09-25,2026-09-06,administrative_record_only_not_confirmed_active,증축,2015-11-03,2015-11-09,2015-11-27,노유자시설,123,"주소 기반 추정 위치, 공사현장 좌표 아님"
15029300:317,317,건축행정기록,공장,인천광역시 미추홀구 학익동 587-122 외3필지,37.4371475,126.6470446,geocoded_kakao_jibun,kakao_exact_jibun_address_match,인천 미추홀구 학익동 587-122,1,1,0.0,,kakao_local_api:address_jibun,https://dapi.kakao.com/v2/local/search/address.json,2026-09-06,https://www.data.go.kr/data/15029300/fileData.do,2025-09-25,2026-09-06,administrative_record_only_not_confirmed_active,증축,2015-10-30,2015-11-17,2015-12-02,공장,3361,"주소 기반 추정 위치, 공사현장 좌표 아님"
15029300:318,318,건축행정기록,제2종근린생활시설,인천광역시 미추홀구 주안동 1341-8,37.4467459,126.6776814,geocoded_kakao_jibun,kakao_exact_jibun_address_match,인천 미추홀구 주안동 1341-8,1,1,0.0,,kakao_local_api:address_jibun,https://dapi.kakao.com/v2/local/search/address.json,2026-09-06,https://www.data.go.kr/data/15029300/fileData.do,2025-09-25,2026-09-06,administrative_record_only_not_confirmed_active,증축,2015-10-30,2015-11-04,2015-11-10,제2종근린생활시설,123,"주소 기반 추정 위치, 공사현장 좌표 아님"
15029300:319,319,건축행정기록,제1종근린생활시설,인천광역시 미추홀구 관교동 15,37.4414182,126.7013299,geocoded_kakao_jibun,kakao_exact_jibun_address_match,인천 미추홀구 관교동 15,1,1,0.0,,kakao_local_api:address_jibun,https://dapi.kakao.com/v2/local/search/address.json,2026-09-06,https://www.data.go.kr/data/15029300/fileData.do,2025-09-25,2026-09-06,administrative_record_only_not_confirmed_active,증축,2015-10-23,2015-11-05,2015-11-17,제1종근린생활시설,77815.8,"주소 기반 추정 위치, 공사현장 좌표 아님"
15029300:320,320,건축행정기록,종교시설,인천광역시 미추홀구 주안동 1327-35 외1필지,37.4480093,126.6758682,geocoded_kakao_jibun,kakao_exact_jibun_address_match,인천 미추홀구 주안동 1327-35,1,1,0.0,,kakao_local_api:address_jibun,https://dapi.kakao.com/v2/local/search/address.json,2026-09-06,https://www.data.go.kr/data/15029300/fileData.do,2025-09-25,2026-09-06,administrative_record_only_not_confirmed_active,증축,2015-10-23,2015-10-28,2016-04-27,종교시설,943.5,"주소 기반 추정 위치, 공사현장 좌표 아님"
15029300:321,321,건축행정기록,제2종근린생활시설,인천광역시 미추홀구 문학동 328-6,37.4407734,126.6786884,geocoded_kakao_jibun,kakao_exact_jibun_address_match,인천 미추홀구 문학동 328-6,1,1,0.0,,kakao_local_api:address_jibun,https://dapi.kakao.com/v2/local/search/address.json,2026-09-06,https://www.data.go.kr/data/15029300/fileData.do,2025-09-25,2026-09-06,administrative_record_only_not_confirmed_active,증축,2015-10-19,2015-10-28,2016-01-13,제2종근린생활시설,628.1,"주소 기반 추정 위치, 공사현장 좌표 아님"
15029300:322,322,건축행정기록,제2종근린생활시설,인천광역시 미추홀구 용현동 628-57,37.4544270,126.6346952,geocoded_kakao_jibun,kakao_exact_jibun_address_match,인천 미추홀구 용현동 628-57,1,1,0.0,,kakao_local_api:address_jibun,https://dapi.kakao.com/v2/local/search/address.json,2026-09-06,https://www.data.go.kr/data/15029300/fileData.do,2025-09-25,2026-09-06,administrative_record_only_not_confirmed_active,신축,2015-10-14,2015-10-26,2015-12-09,제2종근린생활시설,247.1,"주소 기반 추정 위치, 공사현장 좌표 아님"
15029300:323,323,건축행정기록,단독주택,인천광역시 미추홀구 학익동 185-5,37.4374610,126.6630870,geocoded_kakao_jibun,kakao_exact_jibun_address_match,인천 미추홀구 학익동 185-5,1,1,0.0,,kakao_local_api:address_jibun,https://dapi.kakao.com/v2/local/search/address.json,2026-09-06,https://www.data.go.kr/data/15029300/fileData.do,2025-09-25,2026-09-06,administrative_record_only_not_confirmed_active,신축,2015-10-06,2016-09-28,,단독주택,179,"주소 기반 추정 위치, 공사현장 좌표 아님"
15029300:324,324,건축행정기록,단독주택,인천광역시 미추홀구 용현동 627-364,37.4512368,126.6348059,geocoded_kakao_jibun,kakao_exact_jibun_address_match,인천 미추홀구 용현동 627-364,1,1,0.0,,kakao_local_api:address_jibun,https://dapi.kakao.com/v2/local/search/address.json,2026-09-06,https://www.data.go.kr/data/15029300/fileData.do,2025-09-25,2026-09-06,administrative_record_only_not_confirmed_active,증축,2015-10-06,2015-10-12,2015-11-04,단독주택,150,"주소 기반 추정 위치, 공사현장 좌표 아님"
15029300:325,325,건축행정기록,단독주택,인천광역시 미추홀구 주안동 682-21,37.4531503,126.6672282,geocoded_kakao_jibun,kakao_exact_jibun_address_match,인천 미추홀구 주안동 682-21,1,1,0.0,,kakao_local_api:address_jibun,https://dapi.kakao.com/v2/local/search/address.json,2026-09-06,https://www.data.go.kr/data/15029300/fileData.do,2025-09-25,2026-09-06,administrative_record_only_not_confirmed_active,증축,2015-10-05,2015-10-14,,단독주택,88.2,"주소 기반 추정 위치, 공사현장 좌표 아님"
15029300:326,326,건축행정기록,단독주택,인천광역시 미추홀구 주안동 1339-31,37.4471037,126.6769264,geocoded_kakao_jibun,kakao_exact_jibun_address_match,인천 미추홀구 주안동 1339-31,1,1,0.0,,kakao_local_api:address_jibun,https://dapi.kakao.com/v2/local/search/address.json,2026-09-06,https://www.data.go.kr/data/15029300/fileData.do,2025-09-25,2026-09-06,administrative_record_only_not_confirmed_active,재축,2015-10-02,2015-10-05,2016-01-19,단독주택,37,"주소 기반 추정 위치, 공사현장 좌표 아님"
15029300:327,327,건축행정기록,단독주택,인천광역시 미추홀구 용현동 627-149,37.4511028,126.6349522,geocoded_kakao_jibun,kakao_exact_jibun_address_match,인천 미추홀구 용현동 627-149,1,1,0.0,,kakao_local_api:address_jibun,https://dapi.kakao.com/v2/local/search/address.json,2026-09-06,https://www.data.go.kr/data/15029300/fileData.do,2025-09-25,2026-09-06,administrative_record_only_not_confirmed_active,증축,2015-09-24,2015-10-07,2015-10-19,단독주택,207,"주소 기반 추정 위치, 공사현장 좌표 아님"
15029300:328,328,건축행정기록,단독주택,인천광역시 미추홀구 주안동 1342-28,37.4456450,126.6779453,geocoded_kakao_jibun,kakao_exact_jibun_address_match,인천 미추홀구 주안동 1342-28,1,1,0.0,,kakao_local_api:address_jibun,https://dapi.kakao.com/v2/local/search/address.json,2026-09-06,https://www.data.go.kr/data/15029300/fileData.do,2025-09-25,2026-09-06,administrative_record_only_not_confirmed_active,대수선,2015-09-22,2015-09-24,2015-10-26,단독주택,36,"주소 기반 추정 위치, 공사현장 좌표 아님"
15029300:329,329,건축행정기록,제2종근린생활시설,인천광역시 미추홀구 용현동 197-6,37.4524191,126.6560823,geocoded_kakao_jibun,kakao_exact_jibun_address_match,인천 미추홀구 용현동 197-6,1,1,0.0,,kakao_local_api:address_jibun,https://dapi.kakao.com/v2/local/search/address.json,2026-09-06,https://www.data.go.kr/data/15029300/fileData.do,2025-09-25,2026-09-06,administrative_record_only_not_confirmed_active,증축,2015-09-14,2015-09-23,2015-10-30,제2종근린생활시설,192.2,"주소 기반 추정 위치, 공사현장 좌표 아님"
15029300:330,330,건축행정기록,공장,인천광역시 미추홀구 학익동 587-272,37.4420216,126.6344706,geocoded_kakao_jibun,kakao_exact_jibun_address_match,인천 미추홀구 학익동 587-272,1,1,0.0,,kakao_local_api:address_jibun,https://dapi.kakao.com/v2/local/search/address.json,2026-09-06,https://www.data.go.kr/data/15029300/fileData.do,2025-09-25,2026-09-06,administrative_record_only_not_confirmed_active,신축,2015-09-09,2015-09-14,2015-12-23,공장,597,"주소 기반 추정 위치, 공사현장 좌표 아님"
15029300:331,331,건축행정기록,위험물저장및처리시설,인천광역시 미추홀구 도화동 7-12,37.4754948,126.6570450,geocoded_kakao_jibun,kakao_exact_jibun_address_match,인천 미추홀구 도화동 7-12,1,1,0.0,,kakao_local_api:address_jibun,https://dapi.kakao.com/v2/local/search/address.json,2026-09-06,https://www.data.go.kr/data/15029300/fileData.do,2025-09-25,2026-09-06,administrative_record_only_not_confirmed_active,개축,2015-09-03,2015-11-04,2016-05-20,위험물저장및처리시설,893.6,"주소 기반 추정 위치, 공사현장 좌표 아님"
15029300:332,332,건축행정기록,제2종근린생활시설,인천광역시 미추홀구 용현동 98-39 외1필지,37.4526950,126.6613750,geocoded_kakao_jibun,kakao_exact_jibun_address_match,인천 미추홀구 용현동 98-39,1,1,0.0,,kakao_local_api:address_jibun,https://dapi.kakao.com/v2/local/search/address.json,2026-09-06,https://www.data.go.kr/data/15029300/fileData.do,2025-09-25,2026-09-06,administrative_record_only_not_confirmed_active,증축,2015-09-01,2015-09-10,2016-03-08,제2종근린생활시설,189.6,"주소 기반 추정 위치, 공사현장 좌표 아님"
15029300:333,333,건축행정기록,제1종근린생활시설,인천광역시 미추홀구 주안동 24-57 외1필지,37.4658646,126.6803015,geocoded_kakao_jibun,kakao_exact_jibun_address_match,인천 미추홀구 주안동 24-57,1,1,0.0,,kakao_local_api:address_jibun,https://dapi.kakao.com/v2/local/search/address.json,2026-09-06,https://www.data.go.kr/data/15029300/fileData.do,2025-09-25,2026-09-06,administrative_record_only_not_confirmed_active,증축,2015-08-28,2015-09-04,2015-10-20,제1종근린생활시설,407.5,"주소 기반 추정 위치, 공사현장 좌표 아님"
15029300:334,334,건축행정기록,단독주택,인천광역시 미추홀구 학익동 216-16 외1필지,37.4413598,126.6645289,geocoded_kakao_jibun,kakao_exact_jibun_address_match,인천 미추홀구 학익동 216-16,1,1,0.0,,kakao_local_api:address_jibun,https://dapi.kakao.com/v2/local/search/address.json,2026-09-06,https://www.data.go.kr/data/15029300/fileData.do,2025-09-25,2026-09-06,administrative_record_only_not_confirmed_active,대수선,2015-08-21,2015-10-08,2015-10-16,단독주택,137,"주소 기반 추정 위치, 공사현장 좌표 아님"
15029300:335,335,건축행정기록,공장,인천광역시 미추홀구 학익동 587-270,37.4415741,126.6341904,geocoded_kakao_jibun,kakao_exact_jibun_address_match,인천 미추홀구 학익동 587-270,1,1,0.0,,kakao_local_api:address_jibun,https://dapi.kakao.com/v2/local/search/address.json,2026-09-06,https://www.data.go.kr/data/15029300/fileData.do,2025-09-25,2026-09-06,administrative_record_only_not_confirmed_active,신축,2015-07-28,2015-08-05,2015-12-09,공장,385,"주소 기반 추정 위치, 공사현장 좌표 아님"
15029300:336,336,건축행정기록,제1종근린생활시설,인천광역시 미추홀구 주안동 1006-1,37.4586835,126.6888410,geocoded_kakao_jibun,kakao_exact_jibun_address_match,인천 미추홀구 주안동 1006-1,1,1,0.0,,kakao_local_api:address_jibun,https://dapi.kakao.com/v2/local/search/address.json,2026-09-06,https://www.data.go.kr/data/15029300/fileData.do,2025-09-25,2026-09-06,administrative_record_only_not_confirmed_active,증축,2015-07-17,2015-07-22,2015-09-22,제1종근린생활시설,548.9,"주소 기반 추정 위치, 공사현장 좌표 아님"
15029300:337,337,건축행정기록,제2종근린생활시설,인천광역시 미추홀구 관교동 484-6,37.4445279,126.6930975,geocoded_kakao_jibun,kakao_exact_jibun_address_match,인천 미추홀구 관교동 484-6,1,1,0.0,,kakao_local_api:address_jibun,https://dapi.kakao.com/v2/local/search/address.json,2026-09-06,https://www.data.go.kr/data/15029300/fileData.do,2025-09-25,2026-09-06,administrative_record_only_not_confirmed_active,증축,2015-07-17,2015-07-21,2015-08-05,제2종근린생활시설,194.3,"주소 기반 추정 위치, 공사현장 좌표 아님"
15029300:338,338,건축행정기록,제2종근린생활시설,인천광역시 미추홀구 용현동 627-161,37.4508608,126.6353661,geocoded_kakao_jibun,kakao_exact_jibun_address_match,인천 미추홀구 용현동 627-161,1,1,0.0,,kakao_local_api:address_jibun,https://dapi.kakao.com/v2/local/search/address.json,2026-09-06,https://www.data.go.kr/data/15029300/fileData.do,2025-09-25,2026-09-06,administrative_record_only_not_confirmed_active,증축,2015-07-15,2015-07-16,2015-09-18,제2종근린생활시설,219,"주소 기반 추정 위치, 공사현장 좌표 아님"
15029300:339,339,건축행정기록,단독주택,인천광역시 미추홀구 용현동 198-28,37.4518537,126.6558316,geocoded_kakao_jibun,kakao_exact_jibun_address_match,인천 미추홀구 용현동 198-28,1,1,0.0,,kakao_local_api:address_jibun,https://dapi.kakao.com/v2/local/search/address.json,2026-09-06,https://www.data.go.kr/data/15029300/fileData.do,2025-09-25,2026-09-06,administrative_record_only_not_confirmed_active,증축,2015-07-13,2015-07-14,2015-07-20,단독주택,156.7,"주소 기반 추정 위치, 공사현장 좌표 아님"
15029300:340,340,건축행정기록,단독주택,인천광역시 미추홀구 주안동 860-21,37.4462235,126.6734318,geocoded_kakao_jibun,kakao_exact_jibun_address_match,인천 미추홀구 주안동 860-21,1,1,0.0,,kakao_local_api:address_jibun,https://dapi.kakao.com/v2/local/search/address.json,2026-09-06,https://www.data.go.kr/data/15029300/fileData.do,2025-09-25,2026-09-06,administrative_record_only_not_confirmed_active,신축,2015-07-06,2015-07-24,2017-05-15,단독주택,57.4,"주소 기반 추정 위치, 공사현장 좌표 아님"
15029300:341,341,건축행정기록,노유자시설,인천광역시 미추홀구 주안동 1519-16,37.4495787,126.6860588,geocoded_kakao_jibun,kakao_exact_jibun_address_match,인천 미추홀구 주안동 1519-16,1,1,0.0,,kakao_local_api:address_jibun,https://dapi.kakao.com/v2/local/search/address.json,2026-09-06,https://www.data.go.kr/data/15029300/fileData.do,2025-09-25,2026-09-06,administrative_record_only_not_confirmed_active,증축,2015-06-30,2015-11-16,,노유자시설,196.2,"주소 기반 추정 위치, 공사현장 좌표 아님"
15029300:342,342,건축행정기록,공장,인천광역시 미추홀구 학익동 587-268,37.4417908,126.6341446,geocoded_kakao_jibun,kakao_exact_jibun_address_match,인천 미추홀구 학익동 587-268,1,1,0.0,,kakao_local_api:address_jibun,https://dapi.kakao.com/v2/local/search/address.json,2026-09-06,https://www.data.go.kr/data/15029300/fileData.do,2025-09-25,2026-09-06,administrative_record_only_not_confirmed_active,신축,2015-06-23,2015-06-26,2015-12-09,공장,385,"주소 기반 추정 위치, 공사현장 좌표 아님"
15029300:343,343,건축행정기록,공장,인천광역시 미추홀구 학익동 587-269,37.4416824,126.6341675,geocoded_kakao_jibun,kakao_exact_jibun_address_match,인천 미추홀구 학익동 587-269,1,1,0.0,,kakao_local_api:address_jibun,https://dapi.kakao.com/v2/local/search/address.json,2026-09-06,https://www.data.go.kr/data/15029300/fileData.do,2025-09-25,2026-09-06,administrative_record_only_not_confirmed_active,신축,2015-06-23,2015-06-26,2015-12-09,공장,385,"주소 기반 추정 위치, 공사현장 좌표 아님"
15029300:344,344,건축행정기록,공장,인천광역시 미추홀구 학익동 587-273,37.4418582,126.6346185,geocoded_kakao_jibun,kakao_exact_jibun_address_match,인천 미추홀구 학익동 587-273,1,1,0.0,,kakao_local_api:address_jibun,https://dapi.kakao.com/v2/local/search/address.json,2026-09-06,https://www.data.go.kr/data/15029300/fileData.do,2025-09-25,2026-09-06,administrative_record_only_not_confirmed_active,신축,2015-06-23,2015-06-26,2015-12-09,공장,513,"주소 기반 추정 위치, 공사현장 좌표 아님"
15029300:345,345,건축행정기록,공장,인천광역시 미추홀구 학익동 587-274,37.4417481,126.6346408,geocoded_kakao_jibun,kakao_exact_jibun_address_match,인천 미추홀구 학익동 587-274,1,1,0.0,,kakao_local_api:address_jibun,https://dapi.kakao.com/v2/local/search/address.json,2026-09-06,https://www.data.go.kr/data/15029300/fileData.do,2025-09-25,2026-09-06,administrative_record_only_not_confirmed_active,신축,2015-06-23,2015-06-26,2015-12-09,공장,499,"주소 기반 추정 위치, 공사현장 좌표 아님"
15029300:346,346,건축행정기록,공장,인천광역시 미추홀구 학익동 587-275,37.4416397,126.6346639,geocoded_kakao_jibun,kakao_exact_jibun_address_match,인천 미추홀구 학익동 587-275,1,1,0.0,,kakao_local_api:address_jibun,https://dapi.kakao.com/v2/local/search/address.json,2026-09-06,https://www.data.go.kr/data/15029300/fileData.do,2025-09-25,2026-09-06,administrative_record_only_not_confirmed_active,신축,2015-06-23,2015-06-26,2015-12-09,공장,500,"주소 기반 추정 위치, 공사현장 좌표 아님"
15029300:347,347,건축행정기록,공장,인천광역시 미추홀구 학익동 587-276,37.4415213,126.6346908,geocoded_kakao_jibun,kakao_exact_jibun_address_match,인천 미추홀구 학익동 587-276,1,1,0.0,,kakao_local_api:address_jibun,https://dapi.kakao.com/v2/local/search/address.json,2026-09-06,https://www.data.go.kr/data/15029300/fileData.do,2025-09-25,2026-09-06,administrative_record_only_not_confirmed_active,신축,2015-06-23,2015-06-26,2015-10-30,공장,594,"주소 기반 추정 위치, 공사현장 좌표 아님"
15029300:348,348,건축행정기록,공동주택,인천광역시 미추홀구 용현동 629-22,37.4530507,126.6344260,geocoded_kakao_jibun,kakao_exact_jibun_address_match,인천 미추홀구 용현동 629-22,1,1,0.0,,kakao_local_api:address_jibun,https://dapi.kakao.com/v2/local/search/address.json,2026-09-06,https://www.data.go.kr/data/15029300/fileData.do,2025-09-25,2026-09-06,administrative_record_only_not_confirmed_active,증축,2015-06-19,2015-06-24,2015-07-08,공동주택,242.4,"주소 기반 추정 위치, 공사현장 좌표 아님"
15029300:349,349,건축행정기록,제1종근린생활시설,인천광역시 미추홀구 주안동 919-1 외1필지,37.4601674,126.6937514,geocoded_kakao_jibun,kakao_exact_jibun_address_match,인천 미추홀구 주안동 919-1,1,1,0.0,,kakao_local_api:address_jibun,https://dapi.kakao.com/v2/local/search/address.json,2026-09-06,https://www.data.go.kr/data/15029300/fileData.do,2025-09-25,2026-09-06,administrative_record_only_not_confirmed_active,증축,2015-06-05,2015-06-09,2015-07-17,제1종근린생활시설,669.2,"주소 기반 추정 위치, 공사현장 좌표 아님"
15029300:350,350,건축행정기록,제2종근린생활시설,인천광역시 미추홀구 도화동 553-7,37.4637900,126.6717298,geocoded_kakao_jibun,kakao_exact_jibun_address_match,인천 미추홀구 도화동 553-7,1,1,0.0,,kakao_local_api:address_jibun,https://dapi.kakao.com/v2/local/search/address.json,2026-09-06,https://www.data.go.kr/data/15029300/fileData.do,2025-09-25,2026-09-06,administrative_record_only_not_confirmed_active,증축,2015-06-03,2015-06-04,2015-06-29,제2종근린생활시설,290.1,"주소 기반 추정 위치, 공사현장 좌표 아님"
15029300:351,351,건축행정기록,공장,인천광역시 미추홀구 도화동 818-7,37.4784829,126.6635375,geocoded_kakao_jibun,kakao_exact_jibun_address_match,인천 미추홀구 도화동 818-7,1,1,0.0,,kakao_local_api:address_jibun,https://dapi.kakao.com/v2/local/search/address.json,2026-09-06,https://www.data.go.kr/data/15029300/fileData.do,2025-09-25,2026-09-06,administrative_record_only_not_confirmed_active,증축,2015-05-21,2015-05-27,2015-06-23,공장,3968,"주소 기반 추정 위치, 공사현장 좌표 아님"
15029300:352,352,건축행정기록,단독주택,인천광역시 미추홀구 주안동 1067-56,37.4473973,126.6908285,geocoded_kakao_jibun,kakao_exact_jibun_address_match,인천 미추홀구 주안동 1067-56,1,1,0.0,,kakao_local_api:address_jibun,https://dapi.kakao.com/v2/local/search/address.json,2026-09-06,https://www.data.go.kr/data/15029300/fileData.do,2025-09-25,2026-09-06,administrative_record_only_not_confirmed_active,증축,2015-05-20,2015-05-21,2015-06-25,단독주택,128,"주소 기반 추정 위치, 공사현장 좌표 아님"
15029300:353,353,건축행정기록,제2종근린생활시설,인천광역시 미추홀구 학익동 35-24,37.4427061,126.6706678,geocoded_kakao_jibun,kakao_exact_jibun_address_match,인천 미추홀구 학익동 35-24,1,1,0.0,,kakao_local_api:address_jibun,https://dapi.kakao.com/v2/local/search/address.json,2026-09-06,https://www.data.go.kr/data/15029300/fileData.do,2025-09-25,2026-09-06,administrative_record_only_not_confirmed_active,증축,2015-05-18,2015-05-19,2015-07-01,제2종근린생활시설,311.02,"주소 기반 추정 위치, 공사현장 좌표 아님"
15029300:354,354,건축행정기록,제2종근린생활시설,인천광역시 미추홀구 문학동 381-1,37.4382159,126.6879741,geocoded_kakao_jibun,kakao_exact_jibun_address_match,인천 미추홀구 문학동 381-1,1,1,0.0,,kakao_local_api:address_jibun,https://dapi.kakao.com/v2/local/search/address.json,2026-09-06,https://www.data.go.kr/data/15029300/fileData.do,2025-09-25,2026-09-06,administrative_record_only_not_confirmed_active,증축,2015-05-14,2015-05-15,2015-08-10,제2종근린생활시설,398,"주소 기반 추정 위치, 공사현장 좌표 아님"
15029300:355,355,건축행정기록,제1종근린생활시설,인천광역시 미추홀구 문학동 351-2,37.4384705,126.6780543,geocoded_kakao_jibun,kakao_exact_jibun_address_match,인천 미추홀구 문학동 351-2,1,1,0.0,,kakao_local_api:address_jibun,https://dapi.kakao.com/v2/local/search/address.json,2026-09-06,https://www.data.go.kr/data/15029300/fileData.do,2025-09-25,2026-09-06,administrative_record_only_not_confirmed_active,증축,2015-05-08,2015-06-05,,제1종근린생활시설,4406.5,"주소 기반 추정 위치, 공사현장 좌표 아님"
15029300:356,356,건축행정기록,제2종근린생활시설,인천광역시 미추홀구 주안동 1282-12,37.4445855,126.6801755,geocoded_kakao_jibun,kakao_exact_jibun_address_match,인천 미추홀구 주안동 1282-12,1,1,0.0,,kakao_local_api:address_jibun,https://dapi.kakao.com/v2/local/search/address.json,2026-09-06,https://www.data.go.kr/data/15029300/fileData.do,2025-09-25,2026-09-06,administrative_record_only_not_confirmed_active,대수선,2015-04-16,2015-05-20,2015-07-29,제2종근린생활시설,141,"주소 기반 추정 위치, 공사현장 좌표 아님"
15029300:357,357,건축행정기록,제2종근린생활시설,인천광역시 미추홀구 용현동 98-37,37.4528587,126.6614612,geocoded_kakao_jibun,kakao_exact_jibun_address_match,인천 미추홀구 용현동 98-37,1,1,0.0,,kakao_local_api:address_jibun,https://dapi.kakao.com/v2/local/search/address.json,2026-09-06,https://www.data.go.kr/data/15029300/fileData.do,2025-09-25,2026-09-06,administrative_record_only_not_confirmed_active,증축,2015-03-26,2015-03-27,2015-05-20,제2종근린생활시설,93.5,"주소 기반 추정 위치, 공사현장 좌표 아님"
15029300:358,358,건축행정기록,위험물저장및처리시설,인천광역시 미추홀구 용현동 43-5,37.4479459,126.6674741,geocoded_kakao_jibun,kakao_exact_jibun_address_match,인천 미추홀구 용현동 43-5,1,1,0.0,,kakao_local_api:address_jibun,https://dapi.kakao.com/v2/local/search/address.json,2026-09-06,https://www.data.go.kr/data/15029300/fileData.do,2025-09-25,2026-09-06,administrative_record_only_not_confirmed_active,증축,2015-03-25,2015-04-21,,위험물저장및처리시설,1051.3,"주소 기반 추정 위치, 공사현장 좌표 아님"
15029300:359,359,건축행정기록,단독주택,인천광역시 미추홀구 주안동 925-42,37.4605311,126.6914709,geocoded_kakao_jibun,kakao_exact_jibun_address_match,인천 미추홀구 주안동 925-42,1,1,0.0,,kakao_local_api:address_jibun,https://dapi.kakao.com/v2/local/search/address.json,2026-09-06,https://www.data.go.kr/data/15029300/fileData.do,2025-09-25,2026-09-06,administrative_record_only_not_confirmed_active,증축,2015-03-19,2015-03-23,2015-04-29,단독주택,151.4,"주소 기반 추정 위치, 공사현장 좌표 아님"
15029300:360,360,건축행정기록,제2종근린생활시설,인천광역시 미추홀구 주안동 211-1,37.4610935,126.6796860,geocoded_kakao_jibun,kakao_exact_jibun_address_match,인천 미추홀구 주안동 211-1,1,1,0.0,,kakao_local_api:address_jibun,https://dapi.kakao.com/v2/local/search/address.json,2026-09-06,https://www.data.go.kr/data/15029300/fileData.do,2025-09-25,2026-09-06,administrative_record_only_not_confirmed_active,증축,2015-03-12,2015-03-17,2015-04-09,제2종근린생활시설,232.01,"주소 기반 추정 위치, 공사현장 좌표 아님"
15029300:361,361,건축행정기록,제1종근린생활시설,인천광역시 미추홀구 학익동 288-6,37.4460250,126.6669386,geocoded_kakao_jibun,kakao_exact_jibun_address_match,인천 미추홀구 학익동 288-6,1,1,0.0,,kakao_local_api:address_jibun,https://dapi.kakao.com/v2/local/search/address.json,2026-09-06,https://www.data.go.kr/data/15029300/fileData.do,2025-09-25,2026-09-06,administrative_record_only_not_confirmed_active,증축,2015-03-09,2015-03-12,2015-05-07,제1종근린생활시설,195,"주소 기반 추정 위치, 공사현장 좌표 아님"
15029300:362,362,건축행정기록,제1종근린생활시설,인천광역시 미추홀구 학익동 437-26,37.4439465,126.6622386,geocoded_kakao_jibun,kakao_exact_jibun_address_match,인천 미추홀구 학익동 437-26,1,1,0.0,,kakao_local_api:address_jibun,https://dapi.kakao.com/v2/local/search/address.json,2026-09-06,https://www.data.go.kr/data/15029300/fileData.do,2025-09-25,2026-09-06,administrative_record_only_not_confirmed_active,증축,2015-03-09,2015-03-12,2015-04-02,제1종근린생활시설,241,"주소 기반 추정 위치, 공사현장 좌표 아님"
15029300:363,363,건축행정기록,공동주택,인천광역시 미추홀구 용현동 622-22,37.4541367,126.6369641,geocoded_kakao_jibun,kakao_exact_jibun_address_match,인천 미추홀구 용현동 622-22,1,1,0.0,,kakao_local_api:address_jibun,https://dapi.kakao.com/v2/local/search/address.json,2026-09-06,https://www.data.go.kr/data/15029300/fileData.do,2025-09-25,2026-09-06,administrative_record_only_not_confirmed_active,증축,2015-03-05,2015-03-10,2015-03-27,공동주택,171.4,"주소 기반 추정 위치, 공사현장 좌표 아님"
15029300:364,364,건축행정기록,교육연구시설,인천광역시 미추홀구 도화동 640-13,37.4663467,126.6618181,geocoded_kakao_jibun,kakao_exact_jibun_address_match,인천 미추홀구 도화동 640-13,1,1,0.0,,kakao_local_api:address_jibun,https://dapi.kakao.com/v2/local/search/address.json,2026-09-06,https://www.data.go.kr/data/15029300/fileData.do,2025-09-25,2026-09-06,administrative_record_only_not_confirmed_active,증축,2015-02-16,2015-04-21,2015-04-29,교육연구시설,330,"주소 기반 추정 위치, 공사현장 좌표 아님"
15029300:365,365,건축행정기록,제2종근린생활시설,인천광역시 미추홀구 용현동 128-5,37.4556740,126.6573711,geocoded_kakao_jibun,kakao_exact_jibun_address_match,인천 미추홀구 용현동 128-5,1,1,0.0,,kakao_local_api:address_jibun,https://dapi.kakao.com/v2/local/search/address.json,2026-09-06,https://www.data.go.kr/data/15029300/fileData.do,2025-09-25,2026-09-06,administrative_record_only_not_confirmed_active,증축,2015-02-10,2015-02-16,2015-03-27,제2종근린생활시설,119.8,"주소 기반 추정 위치, 공사현장 좌표 아님"
15029300:366,366,건축행정기록,제1종근린생활시설,인천광역시 미추홀구 주안동 1468-4,37.4510265,126.6806139,geocoded_kakao_jibun,kakao_exact_jibun_address_match,인천 미추홀구 주안동 1468-4,1,1,0.0,,kakao_local_api:address_jibun,https://dapi.kakao.com/v2/local/search/address.json,2026-09-06,https://www.data.go.kr/data/15029300/fileData.do,2025-09-25,2026-09-06,administrative_record_only_not_confirmed_active,증축,2015-01-29,2015-03-06,2015-04-23,제1종근린생활시설,584.5,"주소 기반 추정 위치, 공사현장 좌표 아님"
15029300:367,367,건축행정기록,제2종근린생활시설,인천광역시 미추홀구 학익동 660-16,37.4400322,126.6708762,geocoded_kakao_jibun,kakao_exact_jibun_address_match,인천 미추홀구 학익동 660-16,1,1,0.0,,kakao_local_api:address_jibun,https://dapi.kakao.com/v2/local/search/address.json,2026-09-06,https://www.data.go.kr/data/15029300/fileData.do,2025-09-25,2026-09-06,administrative_record_only_not_confirmed_active,증축,2015-01-26,2015-01-28,2015-05-08,제2종근린생활시설,642.2,"주소 기반 추정 위치, 공사현장 좌표 아님"
15029300:368,368,건축행정기록,공장,인천광역시 미추홀구 도화동 704-11,37.4719430,126.6691034,geocoded_kakao_jibun,kakao_exact_jibun_address_match,인천 미추홀구 도화동 704-11,1,1,0.0,,kakao_local_api:address_jibun,https://dapi.kakao.com/v2/local/search/address.json,2026-09-06,https://www.data.go.kr/data/15029300/fileData.do,2025-09-25,2026-09-06,administrative_record_only_not_confirmed_active,증축,2014-12-15,2014-12-17,2014-12-31,공장,331,"주소 기반 추정 위치, 공사현장 좌표 아님"
15029300:369,369,건축행정기록,문화및집회시설,인천광역시 미추홀구 도화동 620-24,37.4642300,126.6669621,geocoded_kakao_jibun,kakao_exact_jibun_address_match,인천 미추홀구 도화동 620-24,1,1,0.0,,kakao_local_api:address_jibun,https://dapi.kakao.com/v2/local/search/address.json,2026-09-06,https://www.data.go.kr/data/15029300/fileData.do,2025-09-25,2026-09-06,administrative_record_only_not_confirmed_active,대수선,2014-12-09,2016-01-27,,문화및집회시설,1957,"주소 기반 추정 위치, 공사현장 좌표 아님"
15029300:370,370,건축행정기록,제1종근린생활시설,인천광역시 미추홀구 숭의동 118-4,37.4655291,126.6517039,geocoded_kakao_jibun,kakao_exact_jibun_address_match,인천 미추홀구 숭의동 118-4,1,1,0.0,,kakao_local_api:address_jibun,https://dapi.kakao.com/v2/local/search/address.json,2026-09-06,https://www.data.go.kr/data/15029300/fileData.do,2025-09-25,2026-09-06,administrative_record_only_not_confirmed_active,증축,2014-11-25,2014-11-27,2014-12-11,제1종근린생활시설,504,"주소 기반 추정 위치, 공사현장 좌표 아님"
15029300:371,371,건축행정기록,단독주택,인천광역시 미추홀구 주안동 1343-177,37.4462292,126.6767900,geocoded_kakao_jibun,kakao_exact_jibun_address_match,인천 미추홀구 주안동 1343-177,1,1,0.0,,kakao_local_api:address_jibun,https://dapi.kakao.com/v2/local/search/address.json,2026-09-06,https://www.data.go.kr/data/15029300/fileData.do,2025-09-25,2026-09-06,administrative_record_only_not_confirmed_active,대수선,2014-11-21,2014-11-25,2014-11-28,단독주택,33,"주소 기반 추정 위치, 공사현장 좌표 아님"
15029300:372,372,건축행정기록,제1종근린생활시설,인천광역시 미추홀구 학익동 420-10,37.4449610,126.6597650,geocoded_kakao_jibun,kakao_exact_jibun_address_match,인천 미추홀구 학익동 420-10,1,1,0.0,,kakao_local_api:address_jibun,https://dapi.kakao.com/v2/local/search/address.json,2026-09-06,https://www.data.go.kr/data/15029300/fileData.do,2025-09-25,2026-09-06,administrative_record_only_not_confirmed_active,증축,2014-11-20,2014-12-02,2014-12-29,제1종근린생활시설,225,"주소 기반 추정 위치, 공사현장 좌표 아님"
15029300:373,373,건축행정기록,제2종근린생활시설,인천광역시 미추홀구 주안동 1421-19 외1필지,37.4504472,126.6731179,geocoded_kakao_jibun,kakao_exact_jibun_address_match,인천 미추홀구 주안동 1421-19,1,1,0.0,,kakao_local_api:address_jibun,https://dapi.kakao.com/v2/local/search/address.json,2026-09-06,https://www.data.go.kr/data/15029300/fileData.do,2025-09-25,2026-09-06,administrative_record_only_not_confirmed_active,증축,2014-11-19,2014-11-21,2015-02-05,제2종근린생활시설,291.5,"주소 기반 추정 위치, 공사현장 좌표 아님"
15029300:374,374,건축행정기록,공장,인천광역시 미추홀구 도화동 704-11,37.4719430,126.6691034,geocoded_kakao_jibun,kakao_exact_jibun_address_match,인천 미추홀구 도화동 704-11,1,1,0.0,,kakao_local_api:address_jibun,https://dapi.kakao.com/v2/local/search/address.json,2026-09-06,https://www.data.go.kr/data/15029300/fileData.do,2025-09-25,2026-09-06,administrative_record_only_not_confirmed_active,증축,2014-11-13,2014-11-17,2014-11-28,공장,331,"주소 기반 추정 위치, 공사현장 좌표 아님"
15029300:375,375,건축행정기록,단독주택,인천광역시 미추홀구 용현동 167-3,37.4524218,126.6550689,geocoded_kakao_jibun,kakao_exact_jibun_address_match,인천 미추홀구 용현동 167-3,1,1,0.0,,kakao_local_api:address_jibun,https://dapi.kakao.com/v2/local/search/address.json,2026-09-06,https://www.data.go.kr/data/15029300/fileData.do,2025-09-25,2026-09-06,administrative_record_only_not_confirmed_active,증축,2014-11-12,2014-11-13,2014-11-20,단독주택,162,"주소 기반 추정 위치, 공사현장 좌표 아님"
15029300:376,376,건축행정기록,단독주택,인천광역시 미추홀구 학익동 306-80,37.4471280,126.6654527,geocoded_kakao_jibun,kakao_exact_jibun_address_match,인천 미추홀구 학익동 306-80,1,1,0.0,,kakao_local_api:address_jibun,https://dapi.kakao.com/v2/local/search/address.json,2026-09-06,https://www.data.go.kr/data/15029300/fileData.do,2025-09-25,2026-09-06,administrative_record_only_not_confirmed_active,증축,2014-11-12,2014-11-13,2015-03-02,단독주택,130,"주소 기반 추정 위치, 공사현장 좌표 아님"
15029300:377,377,건축행정기록,제2종근린생활시설,인천광역시 미추홀구 주안동 751-4,37.4489582,126.6687398,geocoded_kakao_jibun,kakao_exact_jibun_address_match,인천 미추홀구 주안동 751-4,1,1,0.0,,kakao_local_api:address_jibun,https://dapi.kakao.com/v2/local/search/address.json,2026-09-06,https://www.data.go.kr/data/15029300/fileData.do,2025-09-25,2026-09-06,administrative_record_only_not_confirmed_active,증축,2014-11-04,2014-11-10,,제2종근린생활시설,161.6,"주소 기반 추정 위치, 공사현장 좌표 아님"
15029300:378,378,건축행정기록,공장,인천광역시 미추홀구 도화동 704-19,37.4718506,126.6690303,geocoded_kakao_jibun,kakao_exact_jibun_address_match,인천 미추홀구 도화동 704-19,1,1,0.0,,kakao_local_api:address_jibun,https://dapi.kakao.com/v2/local/search/address.json,2026-09-06,https://www.data.go.kr/data/15029300/fileData.do,2025-09-25,2026-09-06,administrative_record_only_not_confirmed_active,증축,2014-11-03,2014-11-05,2014-11-20,공장,331,"주소 기반 추정 위치, 공사현장 좌표 아님"
15029300:379,379,건축행정기록,숙박시설,인천광역시 미추홀구 숭의동 160-5,37.4638183,126.6458003,geocoded_kakao_jibun,kakao_exact_jibun_address_match,인천 미추홀구 숭의동 160-5,1,1,0.0,,kakao_local_api:address_jibun,https://dapi.kakao.com/v2/local/search/address.json,2026-09-06,https://www.data.go.kr/data/15029300/fileData.do,2025-09-25,2026-09-06,administrative_record_only_not_confirmed_active,증축,2014-11-03,2014-11-10,2014-11-28,숙박시설,376.26,"주소 기반 추정 위치, 공사현장 좌표 아님"
15029300:380,380,건축행정기록,단독주택,인천광역시 미추홀구 주안동 1467-7,37.4505168,126.6816438,geocoded_kakao_jibun,kakao_exact_jibun_address_match,인천 미추홀구 주안동 1467-7,1,1,0.0,,kakao_local_api:address_jibun,https://dapi.kakao.com/v2/local/search/address.json,2026-09-06,https://www.data.go.kr/data/15029300/fileData.do,2025-09-25,2026-09-06,administrative_record_only_not_confirmed_active,증축,2014-10-31,2014-10-31,2014-11-05,단독주택,135.8,"주소 기반 추정 위치, 공사현장 좌표 아님"
15029300:381,381,건축행정기록,제2종근린생활시설,인천광역시 미추홀구 학익동 522-17,37.4407954,126.6558314,geocoded_kakao_jibun,kakao_exact_jibun_address_match,인천 미추홀구 학익동 522-17,1,1,0.0,,kakao_local_api:address_jibun,https://dapi.kakao.com/v2/local/search/address.json,2026-09-06,https://www.data.go.kr/data/15029300/fileData.do,2025-09-25,2026-09-06,administrative_record_only_not_confirmed_active,신축,2014-10-27,2014-11-07,2015-03-12,제2종근린생활시설,130,"주소 기반 추정 위치, 공사현장 좌표 아님"
15029300:382,382,건축행정기록,의료시설,인천광역시 미추홀구 숭의동 159-14,37.4646645,126.6457498,geocoded_kakao_jibun,kakao_exact_jibun_address_match,인천 미추홀구 숭의동 159-14,1,1,0.0,,kakao_local_api:address_jibun,https://dapi.kakao.com/v2/local/search/address.json,2026-09-06,https://www.data.go.kr/data/15029300/fileData.do,2025-09-25,2026-09-06,administrative_record_only_not_confirmed_active,증축,2014-10-20,2014-10-20,2014-11-13,의료시설,497.2,"주소 기반 추정 위치, 공사현장 좌표 아님"
15029300:383,383,건축행정기록,단독주택,인천광역시 미추홀구 용현동 146-283,37.4574250,126.6569611,geocoded_kakao_jibun,kakao_exact_jibun_address_match,인천 미추홀구 용현동 146-283,1,1,0.0,,kakao_local_api:address_jibun,https://dapi.kakao.com/v2/local/search/address.json,2026-09-06,https://www.data.go.kr/data/15029300/fileData.do,2025-09-25,2026-09-06,administrative_record_only_not_confirmed_active,증축,2014-10-15,2014-10-20,2014-11-26,단독주택,166,"주소 기반 추정 위치, 공사현장 좌표 아님"
15029300:384,384,건축행정기록,공장,인천광역시 미추홀구 주안동 1385-4,37.4748543,126.6749703,geocoded_kakao_jibun,kakao_exact_jibun_address_match,인천 미추홀구 주안동 1385-4,1,1,0.0,,kakao_local_api:address_jibun,https://dapi.kakao.com/v2/local/search/address.json,2026-09-06,https://www.data.go.kr/data/15029300/fileData.do,2025-09-25,2026-09-06,administrative_record_only_not_confirmed_active,증축,2014-10-14,2014-10-16,2014-10-31,공장,7071.2,"주소 기반 추정 위치, 공사현장 좌표 아님"
15029300:385,385,건축행정기록,제2종근린생활시설,인천광역시 미추홀구 주안동 1571-30,37.4481711,126.6916164,geocoded_kakao_jibun,kakao_exact_jibun_address_match,인천 미추홀구 주안동 1571-30,1,1,0.0,,kakao_local_api:address_jibun,https://dapi.kakao.com/v2/local/search/address.json,2026-09-06,https://www.data.go.kr/data/15029300/fileData.do,2025-09-25,2026-09-06,administrative_record_only_not_confirmed_active,증축,2014-10-07,2014-10-10,2015-01-12,제2종근린생활시설,177.3,"주소 기반 추정 위치, 공사현장 좌표 아님"
15029300:386,386,건축행정기록,공장,인천광역시 미추홀구 도화동 704-11,37.4719430,126.6691034,geocoded_kakao_jibun,kakao_exact_jibun_address_match,인천 미추홀구 도화동 704-11,1,1,0.0,,kakao_local_api:address_jibun,https://dapi.kakao.com/v2/local/search/address.json,2026-09-06,https://www.data.go.kr/data/15029300/fileData.do,2025-09-25,2026-09-06,administrative_record_only_not_confirmed_active,증축,2014-09-16,2014-09-18,2014-10-21,공장,331,"주소 기반 추정 위치, 공사현장 좌표 아님"
15029300:387,387,건축행정기록,공장,인천광역시 미추홀구 도화동 704-19,37.4718506,126.6690303,geocoded_kakao_jibun,kakao_exact_jibun_address_match,인천 미추홀구 도화동 704-19,1,1,0.0,,kakao_local_api:address_jibun,https://dapi.kakao.com/v2/local/search/address.json,2026-09-06,https://www.data.go.kr/data/15029300/fileData.do,2025-09-25,2026-09-06,administrative_record_only_not_confirmed_active,증축,2014-09-04,2014-09-11,2014-09-24,공장,331,"주소 기반 추정 위치, 공사현장 좌표 아님"
15029300:388,388,건축행정기록,단독주택,인천광역시 미추홀구 주안동 879-2,37.4639962,126.6925922,geocoded_kakao_jibun,kakao_exact_jibun_address_match,인천 미추홀구 주안동 879-2,1,1,0.0,,kakao_local_api:address_jibun,https://dapi.kakao.com/v2/local/search/address.json,2026-09-06,https://www.data.go.kr/data/15029300/fileData.do,2025-09-25,2026-09-06,administrative_record_only_not_confirmed_active,증축,2014-09-04,2014-09-05,2014-09-18,단독주택,149.4,"주소 기반 추정 위치, 공사현장 좌표 아님"
15029300:389,389,건축행정기록,제2종근린생활시설,인천광역시 미추홀구 도화동 90-5,37.4678140,126.6599125,geocoded_kakao_jibun,kakao_exact_jibun_address_match,인천 미추홀구 도화동 90-5,1,1,0.0,,kakao_local_api:address_jibun,https://dapi.kakao.com/v2/local/search/address.json,2026-09-06,https://www.data.go.kr/data/15029300/fileData.do,2025-09-25,2026-09-06,administrative_record_only_not_confirmed_active,증축,2014-08-27,2014-08-29,2015-09-09,제2종근린생활시설,952.7,"주소 기반 추정 위치, 공사현장 좌표 아님"
15029300:390,390,건축행정기록,단독주택,인천광역시 미추홀구 도화동 80-152,37.4674512,126.6559584,geocoded_kakao_jibun,kakao_exact_jibun_address_match,인천 미추홀구 도화동 80-152,1,1,0.0,,kakao_local_api:address_jibun,https://dapi.kakao.com/v2/local/search/address.json,2026-09-06,https://www.data.go.kr/data/15029300/fileData.do,2025-09-25,2026-09-06,administrative_record_only_not_confirmed_active,증축,2014-08-22,2015-01-08,2015-01-21,단독주택,194.02,"주소 기반 추정 위치, 공사현장 좌표 아님"
15029300:391,391,건축행정기록,제1종근린생활시설,인천광역시 미추홀구 학익동 295-3,37.4460878,126.6663224,geocoded_kakao_jibun,kakao_exact_jibun_address_match,인천 미추홀구 학익동 295-3,1,1,0.0,,kakao_local_api:address_jibun,https://dapi.kakao.com/v2/local/search/address.json,2026-09-06,https://www.data.go.kr/data/15029300/fileData.do,2025-09-25,2026-09-06,administrative_record_only_not_confirmed_active,증축,2014-08-22,2014-09-01,2014-10-15,제1종근린생활시설,231.5,"주소 기반 추정 위치, 공사현장 좌표 아님"
15029300:392,392,건축행정기록,노유자시설,인천광역시 미추홀구 주안동 20-19,37.4654819,126.6868823,geocoded_kakao_jibun,kakao_exact_jibun_address_match,인천 미추홀구 주안동 20-19,1,1,0.0,,kakao_local_api:address_jibun,https://dapi.kakao.com/v2/local/search/address.json,2026-09-06,https://www.data.go.kr/data/15029300/fileData.do,2025-09-25,2026-09-06,administrative_record_only_not_confirmed_active,증축,2014-08-13,2014-08-18,,노유자시설,590.4,"주소 기반 추정 위치, 공사현장 좌표 아님"
15029300:393,393,건축행정기록,자동차관련시설,인천광역시 미추홀구 숭의동 165-58,37.4629621,126.6457970,geocoded_kakao_jibun,kakao_exact_jibun_address_match,인천 미추홀구 숭의동 165-58,1,1,0.0,,kakao_local_api:address_jibun,https://dapi.kakao.com/v2/local/search/address.json,2026-09-06,https://www.data.go.kr/data/15029300/fileData.do,2025-09-25,2026-09-06,administrative_record_only_not_confirmed_active,신축,2014-08-11,2014-08-26,2014-09-01,자동차관련시설,160.3,"주소 기반 추정 위치, 공사현장 좌표 아님"
15029300:394,394,건축행정기록,공동주택,인천광역시 미추홀구 주안동 9-1,37.4689649,126.6749256,geocoded_kakao_jibun,kakao_exact_jibun_address_match,인천 미추홀구 주안동 9-1,1,1,0.0,,kakao_local_api:address_jibun,https://dapi.kakao.com/v2/local/search/address.json,2026-09-06,https://www.data.go.kr/data/15029300/fileData.do,2025-09-25,2026-09-06,administrative_record_only_not_confirmed_active,증축,2014-08-05,2014-08-14,2014-11-25,공동주택,1467.1,"주소 기반 추정 위치, 공사현장 좌표 아님"
15029300:395,395,건축행정기록,위험물저장및처리시설,인천광역시 미추홀구 용현동 43-5,37.4479459,126.6674741,geocoded_kakao_jibun,kakao_exact_jibun_address_match,인천 미추홀구 용현동 43-5,1,1,0.0,,kakao_local_api:address_jibun,https://dapi.kakao.com/v2/local/search/address.json,2026-09-06,https://www.data.go.kr/data/15029300/fileData.do,2025-09-25,2026-09-06,administrative_record_only_not_confirmed_active,증축,2014-07-21,2014-07-22,2014-08-26,위험물저장및처리시설,1051.3,"주소 기반 추정 위치, 공사현장 좌표 아님"
15029300:396,396,건축행정기록,노유자시설,인천광역시 미추홀구 용현동 621-39,37.4526367,126.6362069,geocoded_kakao_jibun,kakao_exact_jibun_address_match,인천 미추홀구 용현동 621-39,1,1,0.0,,kakao_local_api:address_jibun,https://dapi.kakao.com/v2/local/search/address.json,2026-09-06,https://www.data.go.kr/data/15029300/fileData.do,2025-09-25,2026-09-06,administrative_record_only_not_confirmed_active,증축,2014-07-02,2014-10-10,,노유자시설,338.6,"주소 기반 추정 위치, 공사현장 좌표 아님"
15029300:397,397,건축행정기록,제1종근린생활시설,인천광역시 미추홀구 주안동 1342-36,37.4453629,126.6779796,geocoded_kakao_jibun,kakao_exact_jibun_address_match,인천 미추홀구 주안동 1342-36,1,1,0.0,,kakao_local_api:address_jibun,https://dapi.kakao.com/v2/local/search/address.json,2026-09-06,https://www.data.go.kr/data/15029300/fileData.do,2025-09-25,2026-09-06,administrative_record_only_not_confirmed_active,대수선,2014-06-26,2014-07-03,,제1종근린생활시설,38,"주소 기반 추정 위치, 공사현장 좌표 아님"
15029300:398,398,건축행정기록,단독주택,인천광역시 미추홀구 문학동 137-6,37.4370548,126.6804280,geocoded_kakao_jibun,kakao_exact_jibun_address_match,인천 미추홀구 문학동 137-6,1,1,0.0,,kakao_local_api:address_jibun,https://dapi.kakao.com/v2/local/search/address.json,2026-09-06,https://www.data.go.kr/data/15029300/fileData.do,2025-09-25,2026-09-06,administrative_record_only_not_confirmed_active,증축,2014-06-24,2014-06-27,2014-09-19,단독주택,209.17,"주소 기반 추정 위치, 공사현장 좌표 아님"
15029300:399,399,건축행정기록,공장,인천광역시 미추홀구 도화동 704-19,37.4718506,126.6690303,geocoded_kakao_jibun,kakao_exact_jibun_address_match,인천 미추홀구 도화동 704-19,1,1,0.0,,kakao_local_api:address_jibun,https://dapi.kakao.com/v2/local/search/address.json,2026-09-06,https://www.data.go.kr/data/15029300/fileData.do,2025-09-25,2026-09-06,administrative_record_only_not_confirmed_active,증축,2014-06-19,2014-06-19,2014-07-31,공장,331,"주소 기반 추정 위치, 공사현장 좌표 아님"
15029300:400,400,건축행정기록,제2종근린생활시설,인천광역시 미추홀구 용현동 46-12 외1필지,37.4479488,126.6624063,geocoded_kakao_jibun,kakao_exact_jibun_address_match,인천 미추홀구 용현동 46-12,1,1,0.0,,kakao_local_api:address_jibun,https://dapi.kakao.com/v2/local/search/address.json,2026-09-06,https://www.data.go.kr/data/15029300/fileData.do,2025-09-25,2026-09-06,administrative_record_only_not_confirmed_active,증축,2014-06-05,2014-06-13,2014-10-21,제2종근린생활시설,158.6,"주소 기반 추정 위치, 공사현장 좌표 아님"
15029300:401,401,건축행정기록,단독주택,인천광역시 미추홀구 용현동 475-71,37.4569525,126.6469386,geocoded_kakao_jibun,kakao_exact_jibun_address_match,인천 미추홀구 용현동 475-71,1,1,0.0,,kakao_local_api:address_jibun,https://dapi.kakao.com/v2/local/search/address.json,2026-09-06,https://www.data.go.kr/data/15029300/fileData.do,2025-09-25,2026-09-06,administrative_record_only_not_confirmed_active,신축,2014-06-03,2014-06-09,2014-08-26,단독주택,111.7,"주소 기반 추정 위치, 공사현장 좌표 아님"
15029300:402,402,건축행정기록,제1종근린생활시설,인천광역시 미추홀구 용현동 629-8,37.4535242,126.6333726,geocoded_kakao_jibun,kakao_exact_jibun_address_match,인천 미추홀구 용현동 629-8,1,1,0.0,,kakao_local_api:address_jibun,https://dapi.kakao.com/v2/local/search/address.json,2026-09-06,https://www.data.go.kr/data/15029300/fileData.do,2025-09-25,2026-09-06,administrative_record_only_not_confirmed_active,증축,2014-05-30,2014-06-30,2014-08-01,제1종근린생활시설,560.9,"주소 기반 추정 위치, 공사현장 좌표 아님"
15029300:403,403,건축행정기록,숙박시설,인천광역시 미추홀구 용현동 628-11,37.4552651,126.6352649,geocoded_kakao_jibun,kakao_exact_jibun_address_match,인천 미추홀구 용현동 628-11,1,1,0.0,,kakao_local_api:address_jibun,https://dapi.kakao.com/v2/local/search/address.json,2026-09-06,https://www.data.go.kr/data/15029300/fileData.do,2025-09-25,2026-09-06,administrative_record_only_not_confirmed_active,증축,2014-05-28,2014-05-29,2014-08-22,숙박시설,806.7,"주소 기반 추정 위치, 공사현장 좌표 아님"
15029300:404,404,건축행정기록,제2종근린생활시설,인천광역시 미추홀구 학익동 698-3 외2필지,37.4395496,126.6613016,geocoded_kakao_jibun,kakao_exact_jibun_address_match,인천 미추홀구 학익동 698-3,1,1,0.0,,kakao_local_api:address_jibun,https://dapi.kakao.com/v2/local/search/address.json,2026-09-06,https://www.data.go.kr/data/15029300/fileData.do,2025-09-25,2026-09-06,administrative_record_only_not_confirmed_active,증축,2014-05-22,2014-05-27,2014-07-17,제2종근린생활시설,456.3,"주소 기반 추정 위치, 공사현장 좌표 아님"
15029300:405,405,건축행정기록,공장,인천광역시 미추홀구 주안동 1385-7,37.4742430,126.6753475,geocoded_kakao_jibun,kakao_exact_jibun_address_match,인천 미추홀구 주안동 1385-7,1,1,0.0,,kakao_local_api:address_jibun,https://dapi.kakao.com/v2/local/search/address.json,2026-09-06,https://www.data.go.kr/data/15029300/fileData.do,2025-09-25,2026-09-06,administrative_record_only_not_confirmed_active,증축,2014-05-22,2014-05-28,2014-07-04,공장,19096,"주소 기반 추정 위치, 공사현장 좌표 아님"
15029300:406,406,건축행정기록,공장,인천광역시 미추홀구 주안동 1381,37.4737473,126.6789010,geocoded_kakao_jibun,kakao_exact_jibun_address_match,인천 미추홀구 주안동 1381,1,1,0.0,,kakao_local_api:address_jibun,https://dapi.kakao.com/v2/local/search/address.json,2026-09-06,https://www.data.go.kr/data/15029300/fileData.do,2025-09-25,2026-09-06,administrative_record_only_not_confirmed_active,증축,2014-05-21,2014-05-23,2014-06-17,공장,14543.8,"주소 기반 추정 위치, 공사현장 좌표 아님"
15029300:407,407,건축행정기록,제2종근린생활시설,인천광역시 미추홀구 도화동 603-6,37.4649265,126.6664830,geocoded_kakao_jibun,kakao_exact_jibun_address_match,인천 미추홀구 도화동 603-6,1,1,0.0,,kakao_local_api:address_jibun,https://dapi.kakao.com/v2/local/search/address.json,2026-09-06,https://www.data.go.kr/data/15029300/fileData.do,2025-09-25,2026-09-06,administrative_record_only_not_confirmed_active,증축,2014-05-15,2014-05-16,2014-11-27,제2종근린생활시설,77.2,"주소 기반 추정 위치, 공사현장 좌표 아님"
15029300:408,408,건축행정기록,제2종근린생활시설,인천광역시 미추홀구 숭의동 29-23 외1필지,37.4634362,126.6566538,geocoded_kakao_jibun,kakao_exact_jibun_address_match,인천 미추홀구 숭의동 29-23,1,1,0.0,,kakao_local_api:address_jibun,https://dapi.kakao.com/v2/local/search/address.json,2026-09-06,https://www.data.go.kr/data/15029300/fileData.do,2025-09-25,2026-09-06,administrative_record_only_not_confirmed_active,증축,2014-05-12,2014-05-15,2014-05-21,제2종근린생활시설,181,"주소 기반 추정 위치, 공사현장 좌표 아님"
15029300:409,409,건축행정기록,위험물저장및처리시설,인천광역시 미추홀구 용현동 627-629 외1필지,37.4510431,126.6307438,geocoded_kakao_jibun,kakao_exact_jibun_address_match,인천 미추홀구 용현동 627-629,1,1,0.0,,kakao_local_api:address_jibun,https://dapi.kakao.com/v2/local/search/address.json,2026-09-06,https://www.data.go.kr/data/15029300/fileData.do,2025-09-25,2026-09-06,administrative_record_only_not_confirmed_active,증축,2014-04-22,2014-04-25,2014-04-30,위험물저장및처리시설,1540,"주소 기반 추정 위치, 공사현장 좌표 아님"
15029300:410,410,건축행정기록,단독주택,인천광역시 미추홀구 도화동 538-24,37.4619770,126.6684825,geocoded_kakao_jibun,kakao_exact_jibun_address_match,인천 미추홀구 도화동 538-24,1,1,0.0,,kakao_local_api:address_jibun,https://dapi.kakao.com/v2/local/search/address.json,2026-09-06,https://www.data.go.kr/data/15029300/fileData.do,2025-09-25,2026-09-06,administrative_record_only_not_confirmed_active,증축,2014-04-15,2014-04-18,2014-06-30,단독주택,122,"주소 기반 추정 위치, 공사현장 좌표 아님"
15029300:411,411,건축행정기록,공장,인천광역시 미추홀구 도화동 704-27,37.4727823,126.6692145,geocoded_kakao_jibun,kakao_exact_jibun_address_match,인천 미추홀구 도화동 704-27,1,1,0.0,,kakao_local_api:address_jibun,https://dapi.kakao.com/v2/local/search/address.json,2026-09-06,https://www.data.go.kr/data/15029300/fileData.do,2025-09-25,2026-09-06,administrative_record_only_not_confirmed_active,신축,2014-04-07,2014-06-20,2016-09-13,공장,494.9,"주소 기반 추정 위치, 공사현장 좌표 아님"
15029300:412,412,건축행정기록,공장,인천광역시 미추홀구 도화동 704-28,37.4725570,126.6691551,geocoded_kakao_jibun,kakao_exact_jibun_address_match,인천 미추홀구 도화동 704-28,1,1,0.0,,kakao_local_api:address_jibun,https://dapi.kakao.com/v2/local/search/address.json,2026-09-06,https://www.data.go.kr/data/15029300/fileData.do,2025-09-25,2026-09-06,administrative_record_only_not_confirmed_active,신축,2014-04-07,2014-06-20,2016-08-23,공장,331,"주소 기반 추정 위치, 공사현장 좌표 아님"
15029300:413,413,건축행정기록,단독주택,인천광역시 미추홀구 용현동 146-740,37.4565146,126.6578511,geocoded_kakao_jibun,kakao_exact_jibun_address_match,인천 미추홀구 용현동 146-740,1,1,0.0,,kakao_local_api:address_jibun,https://dapi.kakao.com/v2/local/search/address.json,2026-09-06,https://www.data.go.kr/data/15029300/fileData.do,2025-09-25,2026-09-06,administrative_record_only_not_confirmed_active,증축,2014-04-04,2014-04-08,2014-05-07,단독주택,98,"주소 기반 추정 위치, 공사현장 좌표 아님"
15029300:414,414,건축행정기록,자동차관련시설,인천광역시 미추홀구 학익동 587-75,37.4424517,126.6372377,geocoded_kakao_jibun,kakao_exact_jibun_address_match,인천 미추홀구 학익동 587-75,1,1,0.0,,kakao_local_api:address_jibun,https://dapi.kakao.com/v2/local/search/address.json,2026-09-06,https://www.data.go.kr/data/15029300/fileData.do,2025-09-25,2026-09-06,administrative_record_only_not_confirmed_active,증축,2014-04-04,2014-04-16,2014-05-16,자동차관련시설,312,"주소 기반 추정 위치, 공사현장 좌표 아님"
15029300:415,415,건축행정기록,숙박시설,인천광역시 미추홀구 주안동 172-1,37.4608747,126.6811175,geocoded_kakao_jibun,kakao_exact_jibun_address_match,인천 미추홀구 주안동 172-1,1,1,0.0,,kakao_local_api:address_jibun,https://dapi.kakao.com/v2/local/search/address.json,2026-09-06,https://www.data.go.kr/data/15029300/fileData.do,2025-09-25,2026-09-06,administrative_record_only_not_confirmed_active,증축,2014-04-03,2014-04-04,2014-06-20,숙박시설,314.7,"주소 기반 추정 위치, 공사현장 좌표 아님"
15029300:416,416,건축행정기록,단독주택,인천광역시 미추홀구 주안동 1067-63,37.4471457,126.6909339,geocoded_kakao_jibun,kakao_exact_jibun_address_match,인천 미추홀구 주안동 1067-63,1,1,0.0,,kakao_local_api:address_jibun,https://dapi.kakao.com/v2/local/search/address.json,2026-09-06,https://www.data.go.kr/data/15029300/fileData.do,2025-09-25,2026-09-06,administrative_record_only_not_confirmed_active,증축,2014-04-02,2014-04-03,2014-09-04,단독주택,130,"주소 기반 추정 위치, 공사현장 좌표 아님"
15029300:417,417,건축행정기록,공장,인천광역시 미추홀구 도화동 704-29,37.4721078,126.6692338,geocoded_kakao_jibun,kakao_exact_jibun_address_match,인천 미추홀구 도화동 704-29,1,1,0.0,,kakao_local_api:address_jibun,https://dapi.kakao.com/v2/local/search/address.json,2026-09-06,https://www.data.go.kr/data/15029300/fileData.do,2025-09-25,2026-09-06,administrative_record_only_not_confirmed_active,신축,2014-04-01,2014-04-07,2015-02-11,공장,331,"주소 기반 추정 위치, 공사현장 좌표 아님"
15029300:418,418,건축행정기록,공장,인천광역시 미추홀구 도화동 704-11,37.4719430,126.6691034,geocoded_kakao_jibun,kakao_exact_jibun_address_match,인천 미추홀구 도화동 704-11,1,1,0.0,,kakao_local_api:address_jibun,https://dapi.kakao.com/v2/local/search/address.json,2026-09-06,https://www.data.go.kr/data/15029300/fileData.do,2025-09-25,2026-09-06,administrative_record_only_not_confirmed_active,신축,2014-03-28,2014-04-07,2014-08-20,공장,331,"주소 기반 추정 위치, 공사현장 좌표 아님"
15029300:419,419,건축행정기록,공장,인천광역시 미추홀구 도화동 704-22,37.4720280,126.6691711,geocoded_kakao_jibun,kakao_exact_jibun_address_match,인천 미추홀구 도화동 704-22,1,1,0.0,,kakao_local_api:address_jibun,https://dapi.kakao.com/v2/local/search/address.json,2026-09-06,https://www.data.go.kr/data/15029300/fileData.do,2025-09-25,2026-09-06,administrative_record_only_not_confirmed_active,신축,2014-03-28,2014-04-07,2014-08-12,공장,331,"주소 기반 추정 위치, 공사현장 좌표 아님"
15029300:420,420,건축행정기록,공장,인천광역시 미추홀구 도화동 704-24,37.4721804,126.6692975,geocoded_kakao_jibun,kakao_exact_jibun_address_match,인천 미추홀구 도화동 704-24,1,1,0.0,,kakao_local_api:address_jibun,https://dapi.kakao.com/v2/local/search/address.json,2026-09-06,https://www.data.go.kr/data/15029300/fileData.do,2025-09-25,2026-09-06,administrative_record_only_not_confirmed_active,신축,2014-03-28,2014-04-07,2014-10-07,공장,331,"주소 기반 추정 위치, 공사현장 좌표 아님"
15029300:421,421,건축행정기록,공장,인천광역시 미추홀구 도화동 704-26,37.4723765,126.6690037,geocoded_kakao_jibun,kakao_exact_jibun_address_match,인천 미추홀구 도화동 704-26,1,1,0.0,,kakao_local_api:address_jibun,https://dapi.kakao.com/v2/local/search/address.json,2026-09-06,https://www.data.go.kr/data/15029300/fileData.do,2025-09-25,2026-09-06,administrative_record_only_not_confirmed_active,신축,2014-03-28,2014-06-20,2016-08-23,공장,275.5,"주소 기반 추정 위치, 공사현장 좌표 아님"
15029300:422,422,건축행정기록,교육연구시설,인천광역시 미추홀구 학익동 239-2 외4필지,37.4410848,126.6693284,geocoded_kakao_jibun,kakao_exact_jibun_address_match,인천 미추홀구 학익동 239-2,1,1,0.0,,kakao_local_api:address_jibun,https://dapi.kakao.com/v2/local/search/address.json,2026-09-06,https://www.data.go.kr/data/15029300/fileData.do,2025-09-25,2026-09-06,administrative_record_only_not_confirmed_active,증축,2014-03-26,2014-03-28,2014-04-11,교육연구시설,938,"주소 기반 추정 위치, 공사현장 좌표 아님"
15029300:423,423,건축행정기록,단독주택,인천광역시 미추홀구 용현동 565-33,37.4556260,126.6397698,geocoded_kakao_jibun,kakao_exact_jibun_address_match,인천 미추홀구 용현동 565-33,1,1,0.0,,kakao_local_api:address_jibun,https://dapi.kakao.com/v2/local/search/address.json,2026-09-06,https://www.data.go.kr/data/15029300/fileData.do,2025-09-25,2026-09-06,administrative_record_only_not_confirmed_active,증축,2014-03-17,2014-03-17,2014-04-22,단독주택,158.7,"주소 기반 추정 위치, 공사현장 좌표 아님"
15029300:424,424,건축행정기록,단독주택,인천광역시 미추홀구 용현동 69-22,37.4520207,126.6646053,geocoded_kakao_jibun,kakao_exact_jibun_address_match,인천 미추홀구 용현동 69-22,1,1,0.0,,kakao_local_api:address_jibun,https://dapi.kakao.com/v2/local/search/address.json,2026-09-06,https://www.data.go.kr/data/15029300/fileData.do,2025-09-25,2026-09-06,administrative_record_only_not_confirmed_active,증축,2014-03-13,2014-03-17,2014-05-12,단독주택,154.1,"주소 기반 추정 위치, 공사현장 좌표 아님"
15029300:425,425,건축행정기록,공장,인천광역시 미추홀구 도화동 704-23,37.4722798,126.6693959,geocoded_kakao_jibun,kakao_exact_jibun_address_match,인천 미추홀구 도화동 704-23,1,1,0.0,,kakao_local_api:address_jibun,https://dapi.kakao.com/v2/local/search/address.json,2026-09-06,https://www.data.go.kr/data/15029300/fileData.do,2025-09-25,2026-09-06,administrative_record_only_not_confirmed_active,신축,2014-02-24,2014-03-25,2014-08-20,공장,628.5,"주소 기반 추정 위치, 공사현장 좌표 아님"
15029300:426,426,건축행정기록,제2종근린생활시설,인천광역시 미추홀구 도화동 95-1,37.4680929,126.6622627,geocoded_kakao_jibun,kakao_exact_jibun_address_match,인천 미추홀구 도화동 95-1,1,1,0.0,,kakao_local_api:address_jibun,https://dapi.kakao.com/v2/local/search/address.json,2026-09-06,https://www.data.go.kr/data/15029300/fileData.do,2025-09-25,2026-09-06,administrative_record_only_not_confirmed_active,증축,2014-02-13,2014-03-14,2014-04-28,제2종근린생활시설,161.8,"주소 기반 추정 위치, 공사현장 좌표 아님"
15029300:427,427,건축행정기록,업무시설,인천광역시 미추홀구 학익동 239-2 외4필지,37.4410848,126.6693284,geocoded_kakao_jibun,kakao_exact_jibun_address_match,인천 미추홀구 학익동 239-2,1,1,0.0,,kakao_local_api:address_jibun,https://dapi.kakao.com/v2/local/search/address.json,2026-09-06,https://www.data.go.kr/data/15029300/fileData.do,2025-09-25,2026-09-06,administrative_record_only_not_confirmed_active,증축,2014-02-13,2014-02-19,2014-03-14,업무시설,938,"주소 기반 추정 위치, 공사현장 좌표 아님"
15029300:428,428,건축행정기록,공장,인천광역시 미추홀구 도화동 704-1,37.4726837,126.6693489,geocoded_kakao_jibun,kakao_exact_jibun_address_match,인천 미추홀구 도화동 704-1,1,1,0.0,,kakao_local_api:address_jibun,https://dapi.kakao.com/v2/local/search/address.json,2026-09-06,https://www.data.go.kr/data/15029300/fileData.do,2025-09-25,2026-09-06,administrative_record_only_not_confirmed_active,신축,2014-02-10,2014-06-19,2015-10-14,공장,496.1,"주소 기반 추정 위치, 공사현장 좌표 아님"
15029300:429,429,건축행정기록,공장,인천광역시 미추홀구 도화동 967-26,37.4813862,126.6560929,geocoded_kakao_jibun,kakao_exact_jibun_address_match,인천 미추홀구 도화동 967-26,1,1,0.0,,kakao_local_api:address_jibun,https://dapi.kakao.com/v2/local/search/address.json,2026-09-06,https://www.data.go.kr/data/15029300/fileData.do,2025-09-25,2026-09-06,administrative_record_only_not_confirmed_active,증축,2014-02-07,2014-02-11,,공장,1007,"주소 기반 추정 위치, 공사현장 좌표 아님"
15029300:430,430,건축행정기록,단독주택,인천광역시 미추홀구 숭의동 147-50 외2필지,,,unresolved,no_exact_parcel_match_in_kakao,,0,0,,,kakao_local_api:unresolved,https://dapi.kakao.com/v2/local/search/address.json,2026-09-06,https://www.data.go.kr/data/15029300/fileData.do,2025-09-25,2026-09-06,administrative_record_only_not_confirmed_active,증축,2014-01-06,2014-01-16,2014-02-06,단독주택,253,"주소 기반 추정 위치, 공사현장 좌표 아님"
15029300:431,431,건축행정기록,위험물저장및처리시설,인천광역시 미추홀구 주안동 18-39 외1필지,37.4667302,126.6831175,geocoded_kakao_jibun,kakao_exact_jibun_address_match,인천 미추홀구 주안동 18-39,1,1,0.0,,kakao_local_api:address_jibun,https://dapi.kakao.com/v2/local/search/address.json,2026-09-06,https://www.data.go.kr/data/15029300/fileData.do,2025-09-25,2026-09-06,administrative_record_only_not_confirmed_active,증축,2013-12-30,2014-12-29,,위험물저장및처리시설,630.3,"주소 기반 추정 위치, 공사현장 좌표 아님"
15029300:432,432,건축행정기록,공장,인천광역시 미추홀구 주안동 6-3 외1필지,37.4697790,126.6791676,geocoded_kakao_jibun,kakao_exact_jibun_address_match,인천 미추홀구 주안동 6-3,1,1,0.0,,kakao_local_api:address_jibun,https://dapi.kakao.com/v2/local/search/address.json,2026-09-06,https://www.data.go.kr/data/15029300/fileData.do,2025-09-25,2026-09-06,administrative_record_only_not_confirmed_active,증축,2013-12-18,2014-11-24,2014-12-30,공장,4962.1,"주소 기반 추정 위치, 공사현장 좌표 아님"
15029300:433,433,건축행정기록,제2종근린생활시설,인천광역시 미추홀구 주안동 16-129,37.4684893,126.6818829,geocoded_kakao_jibun,kakao_exact_jibun_address_match,인천 미추홀구 주안동 16-129,1,1,0.0,,kakao_local_api:address_jibun,https://dapi.kakao.com/v2/local/search/address.json,2026-09-06,https://www.data.go.kr/data/15029300/fileData.do,2025-09-25,2026-09-06,administrative_record_only_not_confirmed_active,신축,2013-12-13,2013-12-18,2014-05-02,제2종근린생활시설,417.2,"주소 기반 추정 위치, 공사현장 좌표 아님"
15029300:434,434,건축행정기록,노유자시설,인천광역시 미추홀구 용현동 619-3,37.4515487,126.6357147,geocoded_kakao_jibun,kakao_exact_jibun_address_match,인천 미추홀구 용현동 619-3,1,1,0.0,,kakao_local_api:address_jibun,https://dapi.kakao.com/v2/local/search/address.json,2026-09-06,https://www.data.go.kr/data/15029300/fileData.do,2025-09-25,2026-09-06,administrative_record_only_not_confirmed_active,증축,2013-12-11,2014-05-14,2014-11-17,노유자시설,651.3,"주소 기반 추정 위치, 공사현장 좌표 아님"
15029300:435,435,건축행정기록,노유자시설,인천광역시 미추홀구 관교동 469,37.4462791,126.6904191,geocoded_kakao_jibun,kakao_exact_jibun_address_match,인천 미추홀구 관교동 469,1,1,0.0,,kakao_local_api:address_jibun,https://dapi.kakao.com/v2/local/search/address.json,2026-09-06,https://www.data.go.kr/data/15029300/fileData.do,2025-09-25,2026-09-06,administrative_record_only_not_confirmed_active,증축,2013-12-09,2013-12-11,,노유자시설,1684.6,"주소 기반 추정 위치, 공사현장 좌표 아님"
15029300:436,436,건축행정기록,제1종근린생활시설,인천광역시 미추홀구 용현동 454-80,37.4585483,126.6564694,geocoded_kakao_jibun,kakao_exact_jibun_address_match,인천 미추홀구 용현동 454-80,1,1,0.0,,kakao_local_api:address_jibun,https://dapi.kakao.com/v2/local/search/address.json,2026-09-06,https://www.data.go.kr/data/15029300/fileData.do,2025-09-25,2026-09-06,administrative_record_only_not_confirmed_active,증축,2013-12-09,2013-12-16,2014-02-03,제1종근린생활시설,99,"주소 기반 추정 위치, 공사현장 좌표 아님"
15029300:437,437,건축행정기록,공장,인천광역시 미추홀구 도화동 704-17,37.4724703,126.6690780,geocoded_kakao_jibun,kakao_exact_jibun_address_match,인천 미추홀구 도화동 704-17,1,1,0.0,,kakao_local_api:address_jibun,https://dapi.kakao.com/v2/local/search/address.json,2026-09-06,https://www.data.go.kr/data/15029300/fileData.do,2025-09-25,2026-09-06,administrative_record_only_not_confirmed_active,신축,2013-12-05,2014-06-19,2016-08-25,공장,275.5,"주소 기반 추정 위치, 공사현장 좌표 아님"
15029300:438,438,건축행정기록,노유자시설,인천광역시 미추홀구 용현동 473-1,37.4579138,126.6489710,geocoded_kakao_jibun,kakao_exact_jibun_address_match,인천 미추홀구 용현동 473-1,1,1,0.0,,kakao_local_api:address_jibun,https://dapi.kakao.com/v2/local/search/address.json,2026-09-06,https://www.data.go.kr/data/15029300/fileData.do,2025-09-25,2026-09-06,administrative_record_only_not_confirmed_active,증축,2013-12-02,2013-12-05,2014-01-02,노유자시설,514.8,"주소 기반 추정 위치, 공사현장 좌표 아님"
15029300:439,439,건축행정기록,제2종근린생활시설,인천광역시 미추홀구 주안동 17-7,37.4699254,126.6841404,geocoded_kakao_jibun,kakao_exact_jibun_address_match,인천 미추홀구 주안동 17-7,1,1,0.0,,kakao_local_api:address_jibun,https://dapi.kakao.com/v2/local/search/address.json,2026-09-06,https://www.data.go.kr/data/15029300/fileData.do,2025-09-25,2026-09-06,administrative_record_only_not_confirmed_active,증축,2013-11-25,2013-11-26,,제2종근린생활시설,703.8,"주소 기반 추정 위치, 공사현장 좌표 아님"
15029300:440,440,건축행정기록,제2종근린생활시설,인천광역시 미추홀구 용현동 627-283,37.4504822,126.6340003,geocoded_kakao_jibun,kakao_exact_jibun_address_match,인천 미추홀구 용현동 627-283,1,1,0.0,,kakao_local_api:address_jibun,https://dapi.kakao.com/v2/local/search/address.json,2026-09-06,https://www.data.go.kr/data/15029300/fileData.do,2025-09-25,2026-09-06,administrative_record_only_not_confirmed_active,증축,2013-11-20,2013-11-20,2013-11-29,제2종근린생활시설,185,"주소 기반 추정 위치, 공사현장 좌표 아님"
15029300:441,441,건축행정기록,공장,인천광역시 미추홀구 도화동 704-19,37.4718506,126.6690303,geocoded_kakao_jibun,kakao_exact_jibun_address_match,인천 미추홀구 도화동 704-19,1,1,0.0,,kakao_local_api:address_jibun,https://dapi.kakao.com/v2/local/search/address.json,2026-09-06,https://www.data.go.kr/data/15029300/fileData.do,2025-09-25,2026-09-06,administrative_record_only_not_confirmed_active,신축,2013-11-13,2013-11-20,2014-05-02,공장,331,"주소 기반 추정 위치, 공사현장 좌표 아님"
15029300:442,442,건축행정기록,제2종근린생활시설,인천광역시 미추홀구 학익동 587-75,37.4424517,126.6372377,geocoded_kakao_jibun,kakao_exact_jibun_address_match,인천 미추홀구 학익동 587-75,1,1,0.0,,kakao_local_api:address_jibun,https://dapi.kakao.com/v2/local/search/address.json,2026-09-06,https://www.data.go.kr/data/15029300/fileData.do,2025-09-25,2026-09-06,administrative_record_only_not_confirmed_active,증축,2013-11-06,2013-11-11,2013-12-24,제2종근린생활시설,312,"주소 기반 추정 위치, 공사현장 좌표 아님"
15029300:443,443,건축행정기록,숙박시설,인천광역시 미추홀구 주안동 107-2 외3필지,,,unresolved,no_exact_parcel_match_in_kakao,,0,0,,,kakao_local_api:unresolved,https://dapi.kakao.com/v2/local/search/address.json,2026-09-06,https://www.data.go.kr/data/15029300/fileData.do,2025-09-25,2026-09-06,administrative_record_only_not_confirmed_active,증축,2013-11-05,2013-11-06,2013-12-31,숙박시설,775.9,"주소 기반 추정 위치, 공사현장 좌표 아님"
15029300:444,444,건축행정기록,제2종근린생활시설,인천광역시 미추홀구 주안동 1000-4,37.4592731,126.6889448,geocoded_kakao_jibun,kakao_exact_jibun_address_match,인천 미추홀구 주안동 1000-4,1,1,0.0,,kakao_local_api:address_jibun,https://dapi.kakao.com/v2/local/search/address.json,2026-09-06,https://www.data.go.kr/data/15029300/fileData.do,2025-09-25,2026-09-06,administrative_record_only_not_confirmed_active,증축,2013-11-04,2013-11-06,2014-06-17,제2종근린생활시설,511.1,"주소 기반 추정 위치, 공사현장 좌표 아님"
15029300:445,445,건축행정기록,노유자시설,인천광역시 미추홀구 학익동 692-4,37.4393275,126.6630119,geocoded_kakao_jibun,kakao_exact_jibun_address_match,인천 미추홀구 학익동 692-4,1,1,0.0,,kakao_local_api:address_jibun,https://dapi.kakao.com/v2/local/search/address.json,2026-09-06,https://www.data.go.kr/data/15029300/fileData.do,2025-09-25,2026-09-06,administrative_record_only_not_confirmed_active,증축,2013-10-31,2013-11-07,2014-02-11,노유자시설,196.1,"주소 기반 추정 위치, 공사현장 좌표 아님"
15029300:446,446,건축행정기록,단독주택,인천광역시 미추홀구 도화동 581-4 외1필지,37.4657215,126.6693724,geocoded_kakao_jibun,kakao_exact_jibun_address_match,인천 미추홀구 도화동 581-4,1,1,0.0,,kakao_local_api:address_jibun,https://dapi.kakao.com/v2/local/search/address.json,2026-09-06,https://www.data.go.kr/data/15029300/fileData.do,2025-09-25,2026-09-06,administrative_record_only_not_confirmed_active,증축,2013-10-29,2013-10-31,2014-04-21,단독주택,112,"주소 기반 추정 위치, 공사현장 좌표 아님"
15029300:447,447,건축행정기록,단독주택,인천광역시 미추홀구 용현동 622-33,37.4541861,126.6372642,geocoded_kakao_jibun,kakao_exact_jibun_address_match,인천 미추홀구 용현동 622-33,1,1,0.0,,kakao_local_api:address_jibun,https://dapi.kakao.com/v2/local/search/address.json,2026-09-06,https://www.data.go.kr/data/15029300/fileData.do,2025-09-25,2026-09-06,administrative_record_only_not_confirmed_active,증축,2013-10-29,2013-10-31,2013-12-03,단독주택,172.9,"주소 기반 추정 위치, 공사현장 좌표 아님"
15029300:448,448,건축행정기록,단독주택,인천광역시 미추홀구 관교동 320-10,37.4467195,126.6923220,geocoded_kakao_jibun,kakao_exact_jibun_address_match,인천 미추홀구 관교동 320-10,1,1,0.0,,kakao_local_api:address_jibun,https://dapi.kakao.com/v2/local/search/address.json,2026-09-06,https://www.data.go.kr/data/15029300/fileData.do,2025-09-25,2026-09-06,administrative_record_only_not_confirmed_active,신축,2013-10-25,2013-10-29,2014-01-24,단독주택,106,"주소 기반 추정 위치, 공사현장 좌표 아님"
15029300:449,449,건축행정기록,판매시설,인천광역시 미추홀구 주안동 188 외2필지,37.4612675,126.6802309,geocoded_kakao_jibun,kakao_exact_jibun_address_match,인천 미추홀구 주안동 188,1,1,0.0,,kakao_local_api:address_jibun,https://dapi.kakao.com/v2/local/search/address.json,2026-09-06,https://www.data.go.kr/data/15029300/fileData.do,2025-09-25,2026-09-06,administrative_record_only_not_confirmed_active,대수선,2013-10-24,2013-11-20,,판매시설,26861.9,"주소 기반 추정 위치, 공사현장 좌표 아님"
15029300:450,450,건축행정기록,단독주택,인천광역시 미추홀구 용현동 99-49,37.4529335,126.6617408,geocoded_kakao_jibun,kakao_exact_jibun_address_match,인천 미추홀구 용현동 99-49,1,1,0.0,,kakao_local_api:address_jibun,https://dapi.kakao.com/v2/local/search/address.json,2026-09-06,https://www.data.go.kr/data/15029300/fileData.do,2025-09-25,2026-09-06,administrative_record_only_not_confirmed_active,증축,2013-10-18,2013-10-21,2013-12-27,단독주택,128.1,"주소 기반 추정 위치, 공사현장 좌표 아님"
15029300:451,451,건축행정기록,제2종근린생활시설,인천광역시 미추홀구 주안동 1432,37.4488715,126.6744941,geocoded_kakao_jibun,kakao_exact_jibun_address_match,인천 미추홀구 주안동 1432,1,1,0.0,,kakao_local_api:address_jibun,https://dapi.kakao.com/v2/local/search/address.json,2026-09-06,https://www.data.go.kr/data/15029300/fileData.do,2025-09-25,2026-09-06,administrative_record_only_not_confirmed_active,신축,2013-10-15,2013-10-16,2013-12-17,제2종근린생활시설,149.4,"주소 기반 추정 위치, 공사현장 좌표 아님"
15029300:452,452,건축행정기록,단독주택,인천광역시 미추홀구 숭의동 42-87,,,unresolved,no_exact_parcel_match_in_kakao,,0,0,,,kakao_local_api:unresolved,https://dapi.kakao.com/v2/local/search/address.json,2026-09-06,https://www.data.go.kr/data/15029300/fileData.do,2025-09-25,2026-09-06,administrative_record_only_not_confirmed_active,증축,2013-10-08,2013-10-11,2013-12-12,단독주택,182,"주소 기반 추정 위치, 공사현장 좌표 아님"
15029300:453,453,건축행정기록,제2종근린생활시설,인천광역시 미추홀구 주안동 1492-34,37.4481118,126.6830138,geocoded_kakao_jibun,kakao_exact_jibun_address_match,인천 미추홀구 주안동 1492-34,1,1,0.0,,kakao_local_api:address_jibun,https://dapi.kakao.com/v2/local/search/address.json,2026-09-06,https://www.data.go.kr/data/15029300/fileData.do,2025-09-25,2026-09-06,administrative_record_only_not_confirmed_active,증축,2013-09-30,2013-10-07,2014-07-29,제2종근린생활시설,282,"주소 기반 추정 위치, 공사현장 좌표 아님"
15029300:454,454,건축행정기록,제2종근린생활시설,인천광역시 미추홀구 용현동 49-2,37.4490383,126.6639466,geocoded_kakao_jibun,kakao_exact_jibun_address_match,인천 미추홀구 용현동 49-2,1,1,0.0,,kakao_local_api:address_jibun,https://dapi.kakao.com/v2/local/search/address.json,2026-09-06,https://www.data.go.kr/data/15029300/fileData.do,2025-09-25,2026-09-06,administrative_record_only_not_confirmed_active,증축,2013-09-27,2013-10-31,2013-12-20,제2종근린생활시설,189.7,"주소 기반 추정 위치, 공사현장 좌표 아님"
15029300:455,455,건축행정기록,의료시설,인천광역시 미추홀구 주안동 1532,37.4504628,126.6875548,geocoded_kakao_jibun,kakao_exact_jibun_address_match,인천 미추홀구 주안동 1532,1,1,0.0,,kakao_local_api:address_jibun,https://dapi.kakao.com/v2/local/search/address.json,2026-09-06,https://www.data.go.kr/data/15029300/fileData.do,2025-09-25,2026-09-06,administrative_record_only_not_confirmed_active,증축,2013-09-17,2013-10-01,2013-12-04,의료시설,1356.9,"주소 기반 추정 위치, 공사현장 좌표 아님"
15029300:456,456,건축행정기록,제2종근린생활시설,인천광역시 미추홀구 용현동 463-56,37.4567720,126.6493284,geocoded_kakao_jibun,kakao_exact_jibun_address_match,인천 미추홀구 용현동 463-56,1,1,0.0,,kakao_local_api:address_jibun,https://dapi.kakao.com/v2/local/search/address.json,2026-09-06,https://www.data.go.kr/data/15029300/fileData.do,2025-09-25,2026-09-06,administrative_record_only_not_confirmed_active,증축,2013-09-12,2013-09-13,2014-01-29,제2종근린생활시설,316.9,"주소 기반 추정 위치, 공사현장 좌표 아님"
15029300:457,457,건축행정기록,단독주택,인천광역시 미추홀구 숭의동 187-50,37.4604202,126.6488676,geocoded_kakao_jibun,kakao_exact_jibun_address_match,인천 미추홀구 숭의동 187-50,1,1,0.0,,kakao_local_api:address_jibun,https://dapi.kakao.com/v2/local/search/address.json,2026-09-06,https://www.data.go.kr/data/15029300/fileData.do,2025-09-25,2026-09-06,administrative_record_only_not_confirmed_active,증축,2013-09-05,2013-10-02,2014-03-06,단독주택,227.7,"주소 기반 추정 위치, 공사현장 좌표 아님"
15029300:458,458,건축행정기록,제2종근린생활시설,인천광역시 미추홀구 용현동 627-377,37.4503150,126.6360993,geocoded_kakao_jibun,kakao_exact_jibun_address_match,인천 미추홀구 용현동 627-377,1,1,0.0,,kakao_local_api:address_jibun,https://dapi.kakao.com/v2/local/search/address.json,2026-09-06,https://www.data.go.kr/data/15029300/fileData.do,2025-09-25,2026-09-06,administrative_record_only_not_confirmed_active,증축,2013-09-04,2013-09-04,2013-10-28,제2종근린생활시설,143,"주소 기반 추정 위치, 공사현장 좌표 아님"
15029300:459,459,건축행정기록,공동주택,인천광역시 미추홀구 숭의동 2-123,37.4630516,126.6595791,geocoded_kakao_jibun,kakao_exact_jibun_address_match,인천 미추홀구 숭의동 2-123,1,1,0.0,,kakao_local_api:address_jibun,https://dapi.kakao.com/v2/local/search/address.json,2026-09-06,https://www.data.go.kr/data/15029300/fileData.do,2025-09-25,2026-09-06,administrative_record_only_not_confirmed_active,증축,2013-08-29,2013-09-02,2013-10-07,공동주택,251,"주소 기반 추정 위치, 공사현장 좌표 아님"
15029300:460,460,건축행정기록,공장,인천광역시 미추홀구 도화동 954,37.4808191,126.6569642,geocoded_kakao_jibun,kakao_exact_jibun_address_match,인천 미추홀구 도화동 954,1,1,0.0,,kakao_local_api:address_jibun,https://dapi.kakao.com/v2/local/search/address.json,2026-09-06,https://www.data.go.kr/data/15029300/fileData.do,2025-09-25,2026-09-06,administrative_record_only_not_confirmed_active,증축,2013-08-23,2013-08-26,2013-10-29,공장,3624.4,"주소 기반 추정 위치, 공사현장 좌표 아님"
15029300:461,461,건축행정기록,단독주택,인천광역시 미추홀구 용현동 475-16,37.4571062,126.6468409,geocoded_kakao_jibun,kakao_exact_jibun_address_match,인천 미추홀구 용현동 475-16,1,1,0.0,,kakao_local_api:address_jibun,https://dapi.kakao.com/v2/local/search/address.json,2026-09-06,https://www.data.go.kr/data/15029300/fileData.do,2025-09-25,2026-09-06,administrative_record_only_not_confirmed_active,신축,2013-08-20,2013-08-27,2014-01-06,단독주택,48.2,"주소 기반 추정 위치, 공사현장 좌표 아님"
15029300:462,462,건축행정기록,제2종근린생활시설,인천광역시 미추홀구 도화동 537-15 외1필지,37.4622649,126.6689170,geocoded_kakao_jibun,kakao_exact_jibun_address_match,인천 미추홀구 도화동 537-15,1,1,0.0,,kakao_local_api:address_jibun,https://dapi.kakao.com/v2/local/search/address.json,2026-09-06,https://www.data.go.kr/data/15029300/fileData.do,2025-09-25,2026-09-06,administrative_record_only_not_confirmed_active,증축,2013-08-14,2013-08-27,2014-12-09,제2종근린생활시설,135,"주소 기반 추정 위치, 공사현장 좌표 아님"
15029300:463,463,건축행정기록,제1종근린생활시설,인천광역시 미추홀구 문학동 375-7,37.4366844,126.6832441,geocoded_kakao_jibun,kakao_exact_jibun_address_match,인천 미추홀구 문학동 375-7,1,1,0.0,,kakao_local_api:address_jibun,https://dapi.kakao.com/v2/local/search/address.json,2026-09-06,https://www.data.go.kr/data/15029300/fileData.do,2025-09-25,2026-09-06,administrative_record_only_not_confirmed_active,신축,2013-08-08,2013-08-12,2013-10-07,제1종근린생활시설,182.2,"주소 기반 추정 위치, 공사현장 좌표 아님"
15029300:464,464,건축행정기록,위험물저장및처리시설,인천광역시 미추홀구 학익동 401-66 외3필지,37.4457085,126.6533895,geocoded_kakao_jibun,kakao_exact_jibun_address_match,인천 미추홀구 학익동 401-66,1,1,0.0,,kakao_local_api:address_jibun,https://dapi.kakao.com/v2/local/search/address.json,2026-09-06,https://www.data.go.kr/data/15029300/fileData.do,2025-09-25,2026-09-06,administrative_record_only_not_confirmed_active,증축,2013-08-08,2013-08-09,2013-08-22,위험물저장및처리시설,3682,"주소 기반 추정 위치, 공사현장 좌표 아님"
15029300:465,465,건축행정기록,공장,인천광역시 미추홀구 주안동 3-37,37.4722727,126.6840002,geocoded_kakao_jibun,kakao_exact_jibun_address_match,인천 미추홀구 주안동 3-37,1,1,0.0,,kakao_local_api:address_jibun,https://dapi.kakao.com/v2/local/search/address.json,2026-09-06,https://www.data.go.kr/data/15029300/fileData.do,2025-09-25,2026-09-06,administrative_record_only_not_confirmed_active,증축,2013-07-25,2013-11-06,2013-11-21,공장,992.8,"주소 기반 추정 위치, 공사현장 좌표 아님"
15029300:466,466,건축행정기록,제1종근린생활시설,인천광역시 미추홀구 학익동 689-10,37.4399098,126.6641379,geocoded_kakao_jibun,kakao_exact_jibun_address_match,인천 미추홀구 학익동 689-10,1,1,0.0,,kakao_local_api:address_jibun,https://dapi.kakao.com/v2/local/search/address.json,2026-09-06,https://www.data.go.kr/data/15029300/fileData.do,2025-09-25,2026-09-06,administrative_record_only_not_confirmed_active,증축,2013-07-18,2013-07-31,,제1종근린생활시설,1000,"주소 기반 추정 위치, 공사현장 좌표 아님"
15029300:467,467,건축행정기록,단독주택,인천광역시 미추홀구 용현동 611-26,37.4528451,126.6387963,geocoded_kakao_jibun,kakao_exact_jibun_address_match,인천 미추홀구 용현동 611-26,1,1,0.0,,kakao_local_api:address_jibun,https://dapi.kakao.com/v2/local/search/address.json,2026-09-06,https://www.data.go.kr/data/15029300/fileData.do,2025-09-25,2026-09-06,administrative_record_only_not_confirmed_active,증축,2013-07-12,2013-07-19,2013-09-03,단독주택,208.9,"주소 기반 추정 위치, 공사현장 좌표 아님"
15029300:468,468,건축행정기록,단독주택,인천광역시 미추홀구 문학동 394-9,37.4351373,126.6864160,geocoded_kakao_jibun,kakao_exact_jibun_address_match,인천 미추홀구 문학동 394-9,1,1,0.0,,kakao_local_api:address_jibun,https://dapi.kakao.com/v2/local/search/address.json,2026-09-06,https://www.data.go.kr/data/15029300/fileData.do,2025-09-25,2026-09-06,administrative_record_only_not_confirmed_active,증축,2013-06-11,2013-06-13,,단독주택,111.7,"주소 기반 추정 위치, 공사현장 좌표 아님"
15029300:469,469,건축행정기록,종교시설,인천광역시 미추홀구 주안동 180-18,37.4590089,126.6812482,geocoded_kakao_jibun,kakao_exact_jibun_address_match,인천 미추홀구 주안동 180-18,1,1,0.0,,kakao_local_api:address_jibun,https://dapi.kakao.com/v2/local/search/address.json,2026-09-06,https://www.data.go.kr/data/15029300/fileData.do,2025-09-25,2026-09-06,administrative_record_only_not_confirmed_active,증축,2013-06-03,2013-06-04,2013-11-19,종교시설,5266.9,"주소 기반 추정 위치, 공사현장 좌표 아님"
15029300:470,470,건축행정기록,공장,인천광역시 미추홀구 주안동 1381-2,37.4725998,126.6801160,geocoded_kakao_jibun,kakao_exact_jibun_address_match,인천 미추홀구 주안동 1381-2,1,1,0.0,,kakao_local_api:address_jibun,https://dapi.kakao.com/v2/local/search/address.json,2026-09-06,https://www.data.go.kr/data/15029300/fileData.do,2025-09-25,2026-09-06,administrative_record_only_not_confirmed_active,증축,2013-06-03,2013-06-04,2013-08-23,공장,5738.5,"주소 기반 추정 위치, 공사현장 좌표 아님"
15029300:471,471,건축행정기록,제2종근린생활시설,인천광역시 미추홀구 도화동 391-14,37.4610352,126.6734996,geocoded_kakao_jibun,kakao_exact_jibun_address_match,인천 미추홀구 도화동 391-14,1,1,0.0,,kakao_local_api:address_jibun,https://dapi.kakao.com/v2/local/search/address.json,2026-09-06,https://www.data.go.kr/data/15029300/fileData.do,2025-09-25,2026-09-06,administrative_record_only_not_confirmed_active,증축,2013-05-16,2013-05-20,2013-06-24,제2종근린생활시설,135.2,"주소 기반 추정 위치, 공사현장 좌표 아님"
15029300:472,472,건축행정기록,단독주택,인천광역시 미추홀구 용현동 81-15,37.4493298,126.6620177,geocoded_kakao_jibun,kakao_exact_jibun_address_match,인천 미추홀구 용현동 81-15,1,1,0.0,,kakao_local_api:address_jibun,https://dapi.kakao.com/v2/local/search/address.json,2026-09-06,https://www.data.go.kr/data/15029300/fileData.do,2025-09-25,2026-09-06,administrative_record_only_not_confirmed_active,증축,2013-05-08,2013-06-04,2013-07-19,단독주택,109.5,"주소 기반 추정 위치, 공사현장 좌표 아님"
15029300:473,473,건축행정기록,제2종근린생활시설,인천광역시 미추홀구 주안동 155-1,37.4611417,126.6822245,geocoded_kakao_jibun,kakao_exact_jibun_address_match,인천 미추홀구 주안동 155-1,1,1,0.0,,kakao_local_api:address_jibun,https://dapi.kakao.com/v2/local/search/address.json,2026-09-06,https://www.data.go.kr/data/15029300/fileData.do,2025-09-25,2026-09-06,administrative_record_only_not_confirmed_active,증축,2013-05-03,2013-05-06,2013-06-18,제2종근린생활시설,211.6,"주소 기반 추정 위치, 공사현장 좌표 아님"
15029300:474,474,건축행정기록,제1종근린생활시설,인천광역시 미추홀구 숭의동 163-22,37.4620914,126.6438168,geocoded_kakao_jibun,kakao_exact_jibun_address_match,인천 미추홀구 숭의동 163-22,1,1,0.0,,kakao_local_api:address_jibun,https://dapi.kakao.com/v2/local/search/address.json,2026-09-06,https://www.data.go.kr/data/15029300/fileData.do,2025-09-25,2026-09-06,administrative_record_only_not_confirmed_active,증축,2013-04-23,2013-05-07,2013-10-10,제1종근린생활시설,1192,"주소 기반 추정 위치, 공사현장 좌표 아님"
15029300:475,475,건축행정기록,노유자시설,인천광역시 미추홀구 용현동 102-3,37.4540946,126.6627915,geocoded_kakao_jibun,kakao_exact_jibun_address_match,인천 미추홀구 용현동 102-3,1,1,0.0,,kakao_local_api:address_jibun,https://dapi.kakao.com/v2/local/search/address.json,2026-09-06,https://www.data.go.kr/data/15029300/fileData.do,2025-09-25,2026-09-06,administrative_record_only_not_confirmed_active,증축,2013-04-19,2013-04-22,2013-07-04,노유자시설,153.6,"주소 기반 추정 위치, 공사현장 좌표 아님"
15029300:476,476,건축행정기록,자동차관련시설,인천광역시 미추홀구 주안동 1563-11,37.4500782,126.6918509,geocoded_kakao_jibun,kakao_exact_jibun_address_match,인천 미추홀구 주안동 1563-11,1,1,0.0,,kakao_local_api:address_jibun,https://dapi.kakao.com/v2/local/search/address.json,2026-09-06,https://www.data.go.kr/data/15029300/fileData.do,2025-09-25,2026-09-06,administrative_record_only_not_confirmed_active,증축,2013-04-17,2013-04-18,2020-03-04,자동차관련시설,363.6,"주소 기반 추정 위치, 공사현장 좌표 아님"
15029300:477,477,건축행정기록,공장,인천광역시 미추홀구 도화동 722 외2필지,37.4750141,126.6711592,geocoded_kakao_jibun,kakao_exact_jibun_address_match,인천 미추홀구 도화동 722,1,1,0.0,,kakao_local_api:address_jibun,https://dapi.kakao.com/v2/local/search/address.json,2026-09-06,https://www.data.go.kr/data/15029300/fileData.do,2025-09-25,2026-09-06,administrative_record_only_not_confirmed_active,증축,2013-04-10,2013-04-18,2013-06-28,공장,1502.8,"주소 기반 추정 위치, 공사현장 좌표 아님"
15029300:478,478,건축행정기록,제2종근린생활시설,인천광역시 미추홀구 숭의동 190-45,37.4626727,126.6472134,geocoded_kakao_jibun,kakao_exact_jibun_address_match,인천 미추홀구 숭의동 190-45,1,1,0.0,,kakao_local_api:address_jibun,https://dapi.kakao.com/v2/local/search/address.json,2026-09-06,https://www.data.go.kr/data/15029300/fileData.do,2025-09-25,2026-09-06,administrative_record_only_not_confirmed_active,증축,2013-03-14,2013-04-03,2013-05-06,제2종근린생활시설,201.6,"주소 기반 추정 위치, 공사현장 좌표 아님"
15029300:479,479,건축행정기록,제2종근린생활시설,인천광역시 미추홀구 주안동 996-3,37.4594332,126.6876275,geocoded_kakao_jibun,kakao_exact_jibun_address_match,인천 미추홀구 주안동 996-3,1,1,0.0,,kakao_local_api:address_jibun,https://dapi.kakao.com/v2/local/search/address.json,2026-09-06,https://www.data.go.kr/data/15029300/fileData.do,2025-09-25,2026-09-06,administrative_record_only_not_confirmed_active,증축,2013-03-07,2013-03-08,2013-03-15,제2종근린생활시설,285.6,"주소 기반 추정 위치, 공사현장 좌표 아님"
15029300:480,480,건축행정기록,교육연구시설,인천광역시 미추홀구 주안동 1529,37.4491557,126.6882225,geocoded_kakao_jibun,kakao_exact_jibun_address_match,인천 미추홀구 주안동 1529,1,1,0.0,,kakao_local_api:address_jibun,https://dapi.kakao.com/v2/local/search/address.json,2026-09-06,https://www.data.go.kr/data/15029300/fileData.do,2025-09-25,2026-09-06,administrative_record_only_not_confirmed_active,증축,2013-02-20,2013-02-25,,교육연구시설,24612.3,"주소 기반 추정 위치, 공사현장 좌표 아님"
15029300:481,481,건축행정기록,공장,인천광역시 미추홀구 도화동 702 외1필지,37.4727972,126.6702303,geocoded_kakao_jibun,kakao_exact_jibun_address_match,인천 미추홀구 도화동 702,1,1,0.0,,kakao_local_api:address_jibun,https://dapi.kakao.com/v2/local/search/address.json,2026-09-06,https://www.data.go.kr/data/15029300/fileData.do,2025-09-25,2026-09-06,administrative_record_only_not_confirmed_active,증축,2013-02-18,2013-02-25,2013-03-18,공장,2684.3,"주소 기반 추정 위치, 공사현장 좌표 아님"
15029300:482,482,건축행정기록,제2종근린생활시설,인천광역시 미추홀구 용현동 622-154,37.4531998,126.6370752,geocoded_kakao_jibun,kakao_exact_jibun_address_match,인천 미추홀구 용현동 622-154,1,1,0.0,,kakao_local_api:address_jibun,https://dapi.kakao.com/v2/local/search/address.json,2026-09-06,https://www.data.go.kr/data/15029300/fileData.do,2025-09-25,2026-09-06,administrative_record_only_not_confirmed_active,증축,2013-01-31,2013-02-04,2013-02-22,제2종근린생활시설,258.3,"주소 기반 추정 위치, 공사현장 좌표 아님"
15029300:483,483,건축행정기록,숙박시설,인천광역시 미추홀구 주안동 154-1 외1필지,37.4616927,126.6825794,geocoded_kakao_jibun,kakao_exact_jibun_address_match,인천 미추홀구 주안동 154-1,1,1,0.0,,kakao_local_api:address_jibun,https://dapi.kakao.com/v2/local/search/address.json,2026-09-06,https://www.data.go.kr/data/15029300/fileData.do,2025-09-25,2026-09-06,administrative_record_only_not_confirmed_active,증축,2013-01-24,2013-01-25,2013-03-25,숙박시설,208.6,"주소 기반 추정 위치, 공사현장 좌표 아님"
15029300:484,484,건축행정기록,공장,인천광역시 미추홀구 도화동 702 외1필지,37.4727972,126.6702303,geocoded_kakao_jibun,kakao_exact_jibun_address_match,인천 미추홀구 도화동 702,1,1,0.0,,kakao_local_api:address_jibun,https://dapi.kakao.com/v2/local/search/address.json,2026-09-06,https://www.data.go.kr/data/15029300/fileData.do,2025-09-25,2026-09-06,administrative_record_only_not_confirmed_active,증축,2013-01-18,2013-01-18,2013-01-29,공장,2684.3,"주소 기반 추정 위치, 공사현장 좌표 아님"
15029300:485,485,건축행정기록,노유자시설,인천광역시 미추홀구 주안동 301-3,37.4639161,126.6931218,geocoded_kakao_jibun,kakao_exact_jibun_address_match,인천 미추홀구 주안동 301-3,1,1,0.0,,kakao_local_api:address_jibun,https://dapi.kakao.com/v2/local/search/address.json,2026-09-06,https://www.data.go.kr/data/15029300/fileData.do,2025-09-25,2026-09-06,administrative_record_only_not_confirmed_active,증축,2013-01-08,2013-01-15,2013-03-15,노유자시설,363.4,"주소 기반 추정 위치, 공사현장 좌표 아님"
15029300:486,486,건축행정기록,단독주택,인천광역시 미추홀구 도화동 597-111,37.4638598,126.6673483,geocoded_kakao_jibun,kakao_exact_jibun_address_match,인천 미추홀구 도화동 597-111,1,1,0.0,,kakao_local_api:address_jibun,https://dapi.kakao.com/v2/local/search/address.json,2026-09-06,https://www.data.go.kr/data/15029300/fileData.do,2025-09-25,2026-09-06,administrative_record_only_not_confirmed_active,증축,2013-01-07,2013-02-26,,단독주택,72.26,"주소 기반 추정 위치, 공사현장 좌표 아님"
15029300:487,487,건축행정기록,단독주택,인천광역시 미추홀구 용현동 132-104,37.4568336,126.6586676,geocoded_kakao_jibun,kakao_exact_jibun_address_match,인천 미추홀구 용현동 132-104,1,1,0.0,,kakao_local_api:address_jibun,https://dapi.kakao.com/v2/local/search/address.json,2026-09-06,https://www.data.go.kr/data/15029300/fileData.do,2025-09-25,2026-09-06,administrative_record_only_not_confirmed_active,증축,2012-12-21,2012-12-24,2013-02-05,단독주택,139,"주소 기반 추정 위치, 공사현장 좌표 아님"
15029300:488,488,건축행정기록,노유자시설,인천광역시 미추홀구 주안동 20-28,,,unresolved,no_exact_parcel_match_in_kakao,,0,0,,,kakao_local_api:unresolved,https://dapi.kakao.com/v2/local/search/address.json,2026-09-06,https://www.data.go.kr/data/15029300/fileData.do,2025-09-25,2026-09-06,administrative_record_only_not_confirmed_active,증축,2012-12-21,2013-01-17,2013-03-04,노유자시설,283.3,"주소 기반 추정 위치, 공사현장 좌표 아님"
15029300:489,489,건축행정기록,제1종근린생활시설,인천광역시 미추홀구 주안동 660-241,37.4597980,126.6648143,geocoded_kakao_jibun,kakao_exact_jibun_address_match,인천 미추홀구 주안동 660-241,1,1,0.0,,kakao_local_api:address_jibun,https://dapi.kakao.com/v2/local/search/address.json,2026-09-06,https://www.data.go.kr/data/15029300/fileData.do,2025-09-25,2026-09-06,administrative_record_only_not_confirmed_active,증축,2012-12-20,2012-12-31,,제1종근린생활시설,65057,"주소 기반 추정 위치, 공사현장 좌표 아님"
15029300:490,490,건축행정기록,제1종근린생활시설,인천광역시 미추홀구 숭의동 8-4,37.4603406,126.6622236,geocoded_kakao_jibun,kakao_exact_jibun_address_match,인천 미추홀구 숭의동 8-4,1,1,0.0,,kakao_local_api:address_jibun,https://dapi.kakao.com/v2/local/search/address.json,2026-09-06,https://www.data.go.kr/data/15029300/fileData.do,2025-09-25,2026-09-06,administrative_record_only_not_confirmed_active,신축,2012-12-20,2012-12-31,,제1종근린생활시설,893,"주소 기반 추정 위치, 공사현장 좌표 아님"
15029300:491,491,건축행정기록,공동주택,인천광역시 미추홀구 주안동 645-5,37.4550675,126.6665404,geocoded_kakao_jibun,kakao_exact_jibun_address_match,인천 미추홀구 주안동 645-5,1,1,0.0,,kakao_local_api:address_jibun,https://dapi.kakao.com/v2/local/search/address.json,2026-09-06,https://www.data.go.kr/data/15029300/fileData.do,2025-09-25,2026-09-06,administrative_record_only_not_confirmed_active,증축,2012-12-18,2012-12-20,2013-01-03,공동주택,176.1,"주소 기반 추정 위치, 공사현장 좌표 아님"
15029300:492,492,건축행정기록,제1종근린생활시설,인천광역시 미추홀구 용현동 629-12,37.4530871,126.6335469,geocoded_kakao_jibun,kakao_exact_jibun_address_match,인천 미추홀구 용현동 629-12,1,1,0.0,,kakao_local_api:address_jibun,https://dapi.kakao.com/v2/local/search/address.json,2026-09-06,https://www.data.go.kr/data/15029300/fileData.do,2025-09-25,2026-09-06,administrative_record_only_not_confirmed_active,신축,2012-12-07,2013-12-16,2014-06-11,제1종근린생활시설,271.6,"주소 기반 추정 위치, 공사현장 좌표 아님"
15029300:493,493,건축행정기록,공장,인천광역시 미추홀구 도화동 825 외1필지,37.4804502,126.6608226,geocoded_kakao_jibun,kakao_exact_jibun_address_match,인천 미추홀구 도화동 825,1,1,0.0,,kakao_local_api:address_jibun,https://dapi.kakao.com/v2/local/search/address.json,2026-09-06,https://www.data.go.kr/data/15029300/fileData.do,2025-09-25,2026-09-06,administrative_record_only_not_confirmed_active,증축,2012-12-05,2012-12-14,2013-01-14,공장,35065.5,"주소 기반 추정 위치, 공사현장 좌표 아님"
15029300:494,494,건축행정기록,제2종근린생활시설,인천광역시 미추홀구 용현동 621-64,37.4518964,126.6357589,geocoded_kakao_jibun,kakao_exact_jibun_address_match,인천 미추홀구 용현동 621-64,1,1,0.0,,kakao_local_api:address_jibun,https://dapi.kakao.com/v2/local/search/address.json,2026-09-06,https://www.data.go.kr/data/15029300/fileData.do,2025-09-25,2026-09-06,administrative_record_only_not_confirmed_active,증축,2012-11-27,2012-11-28,2013-01-17,제2종근린생활시설,197.2,"주소 기반 추정 위치, 공사현장 좌표 아님"
15029300:495,495,건축행정기록,공장,인천광역시 미추홀구 학익동 587-6 외2필지,,,unresolved,no_exact_parcel_match_in_kakao,,0,0,,,kakao_local_api:unresolved,https://dapi.kakao.com/v2/local/search/address.json,2026-09-06,https://www.data.go.kr/data/15029300/fileData.do,2025-09-25,2026-09-06,administrative_record_only_not_confirmed_active,증축,2012-11-23,2012-12-07,2013-03-15,공장,66316,"주소 기반 추정 위치, 공사현장 좌표 아님"
15029300:496,496,건축행정기록,단독주택,인천광역시 미추홀구 도화동 90-23,37.4674812,126.6593443,geocoded_kakao_jibun,kakao_exact_jibun_address_match,인천 미추홀구 도화동 90-23,1,1,0.0,,kakao_local_api:address_jibun,https://dapi.kakao.com/v2/local/search/address.json,2026-09-06,https://www.data.go.kr/data/15029300/fileData.do,2025-09-25,2026-09-06,administrative_record_only_not_confirmed_active,증축,2012-11-20,2012-12-21,2013-01-04,단독주택,149.9,"주소 기반 추정 위치, 공사현장 좌표 아님"
15029300:497,497,건축행정기록,제2종근린생활시설,인천광역시 미추홀구 숭의동 80-4,37.4665192,126.6549360,geocoded_kakao_jibun,kakao_exact_jibun_address_match,인천 미추홀구 숭의동 80-4,1,1,0.0,,kakao_local_api:address_jibun,https://dapi.kakao.com/v2/local/search/address.json,2026-09-06,https://www.data.go.kr/data/15029300/fileData.do,2025-09-25,2026-09-06,administrative_record_only_not_confirmed_active,신축,2012-11-13,2012-11-22,,제2종근린생활시설,602,"주소 기반 추정 위치, 공사현장 좌표 아님"
15029300:498,498,건축행정기록,제1종근린생활시설,인천광역시 미추홀구 용현동 621-158 외1필지,37.4520719,126.6374815,geocoded_kakao_jibun,kakao_exact_jibun_address_match,인천 미추홀구 용현동 621-158,1,1,0.0,,kakao_local_api:address_jibun,https://dapi.kakao.com/v2/local/search/address.json,2026-09-06,https://www.data.go.kr/data/15029300/fileData.do,2025-09-25,2026-09-06,administrative_record_only_not_confirmed_active,증축,2012-11-12,2012-11-13,2012-11-20,제1종근린생활시설,348.5,"주소 기반 추정 위치, 공사현장 좌표 아님"
15029300:499,499,건축행정기록,단독주택,인천광역시 미추홀구 주안동 84-9,37.4598375,126.6840917,geocoded_kakao_jibun,kakao_exact_jibun_address_match,인천 미추홀구 주안동 84-9,1,1,0.0,,kakao_local_api:address_jibun,https://dapi.kakao.com/v2/local/search/address.json,2026-09-06,https://www.data.go.kr/data/15029300/fileData.do,2025-09-25,2026-09-06,administrative_record_only_not_confirmed_active,증축,2012-11-08,2012-11-08,2013-01-07,단독주택,221.5,"주소 기반 추정 위치, 공사현장 좌표 아님"
15029300:500,500,건축행정기록,업무시설,인천광역시 미추홀구 주안동 83-4,37.4595277,126.6857460,geocoded_kakao_jibun,kakao_exact_jibun_address_match,인천 미추홀구 주안동 83-4,1,1,0.0,,kakao_local_api:address_jibun,https://dapi.kakao.com/v2/local/search/address.json,2026-09-06,https://www.data.go.kr/data/15029300/fileData.do,2025-09-25,2026-09-06,administrative_record_only_not_confirmed_active,증축,2012-11-08,2012-11-12,2012-11-20,업무시설,353.5,"주소 기반 추정 위치, 공사현장 좌표 아님"
15029300:501,501,건축행정기록,제1종근린생활시설,인천광역시 미추홀구 주안동 25-39,37.4659855,126.6790826,geocoded_kakao_jibun,kakao_exact_jibun_address_match,인천 미추홀구 주안동 25-39,1,1,0.0,,kakao_local_api:address_jibun,https://dapi.kakao.com/v2/local/search/address.json,2026-09-06,https://www.data.go.kr/data/15029300/fileData.do,2025-09-25,2026-09-06,administrative_record_only_not_confirmed_active,증축,2012-11-06,2012-11-07,2012-11-22,제1종근린생활시설,571.7,"주소 기반 추정 위치, 공사현장 좌표 아님"
15029300:502,502,건축행정기록,단독주택,인천광역시 미추홀구 용현동 11-34,37.4514674,126.6654560,geocoded_kakao_jibun,kakao_exact_jibun_address_match,인천 미추홀구 용현동 11-34,1,1,0.0,,kakao_local_api:address_jibun,https://dapi.kakao.com/v2/local/search/address.json,2026-09-06,https://www.data.go.kr/data/15029300/fileData.do,2025-09-25,2026-09-06,administrative_record_only_not_confirmed_active,증축,2012-11-02,2012-11-10,,단독주택,99.2,"주소 기반 추정 위치, 공사현장 좌표 아님"
15029300:503,503,건축행정기록,단독주택,인천광역시 미추홀구 용현동 623-109,37.4542945,126.6380029,geocoded_kakao_jibun,kakao_exact_jibun_address_match,인천 미추홀구 용현동 623-109,1,1,0.0,,kakao_local_api:address_jibun,https://dapi.kakao.com/v2/local/search/address.json,2026-09-06,https://www.data.go.kr/data/15029300/fileData.do,2025-09-25,2026-09-06,administrative_record_only_not_confirmed_active,증축,2012-10-22,2012-10-25,2012-10-31,단독주택,188.5,"주소 기반 추정 위치, 공사현장 좌표 아님"
15029300:504,504,건축행정기록,공장,인천광역시 미추홀구 도화동 776-4,37.4766403,126.6655324,geocoded_kakao_jibun,kakao_exact_jibun_address_match,인천 미추홀구 도화동 776-4,1,1,0.0,,kakao_local_api:address_jibun,https://dapi.kakao.com/v2/local/search/address.json,2026-09-06,https://www.data.go.kr/data/15029300/fileData.do,2025-09-25,2026-09-06,administrative_record_only_not_confirmed_active,신축,2012-10-09,2012-10-16,2012-12-14,공장,555.6,"주소 기반 추정 위치, 공사현장 좌표 아님"
15029300:505,505,건축행정기록,단독주택,인천광역시 미추홀구 도화동 80-64,37.4676116,126.6552454,geocoded_kakao_jibun,kakao_exact_jibun_address_match,인천 미추홀구 도화동 80-64,1,1,0.0,,kakao_local_api:address_jibun,https://dapi.kakao.com/v2/local/search/address.json,2026-09-06,https://www.data.go.kr/data/15029300/fileData.do,2025-09-25,2026-09-06,administrative_record_only_not_confirmed_active,개축,2012-09-27,2012-10-05,,단독주택,280.7,"주소 기반 추정 위치, 공사현장 좌표 아님"
15029300:506,506,건축행정기록,단독주택,인천광역시 미추홀구 주안동 222-23,37.4619548,126.6793833,geocoded_kakao_jibun,kakao_exact_jibun_address_match,인천 미추홀구 주안동 222-23,1,1,0.0,,kakao_local_api:address_jibun,https://dapi.kakao.com/v2/local/search/address.json,2026-09-06,https://www.data.go.kr/data/15029300/fileData.do,2025-09-25,2026-09-06,administrative_record_only_not_confirmed_active,대수선,2012-09-24,2012-09-25,2012-10-19,단독주택,144.45,"주소 기반 추정 위치, 공사현장 좌표 아님"
15029300:507,507,건축행정기록,단독주택,인천광역시 미추홀구 용현동 77-18,37.4516010,126.6632583,geocoded_kakao_jibun,kakao_exact_jibun_address_match,인천 미추홀구 용현동 77-18,1,1,0.0,,kakao_local_api:address_jibun,https://dapi.kakao.com/v2/local/search/address.json,2026-09-06,https://www.data.go.kr/data/15029300/fileData.do,2025-09-25,2026-09-06,administrative_record_only_not_confirmed_active,증축,2012-09-20,2012-09-25,2012-09-26,단독주택,158.2,"주소 기반 추정 위치, 공사현장 좌표 아님"
15029300:508,508,건축행정기록,숙박시설,인천광역시 미추홀구 도화동 390-1,37.4608874,126.6745705,geocoded_kakao_jibun,kakao_exact_jibun_address_match,인천 미추홀구 도화동 390-1,1,1,0.0,,kakao_local_api:address_jibun,https://dapi.kakao.com/v2/local/search/address.json,2026-09-06,https://www.data.go.kr/data/15029300/fileData.do,2025-09-25,2026-09-06,administrative_record_only_not_confirmed_active,증축,2012-09-11,2012-09-14,2012-10-12,숙박시설,202.7,"주소 기반 추정 위치, 공사현장 좌표 아님"
15029300:509,509,건축행정기록,제2종근린생활시설,인천광역시 미추홀구 주안동 35-11,37.4655178,126.6921996,geocoded_kakao_jibun,kakao_exact_jibun_address_match,인천 미추홀구 주안동 35-11,1,1,0.0,,kakao_local_api:address_jibun,https://dapi.kakao.com/v2/local/search/address.json,2026-09-06,https://www.data.go.kr/data/15029300/fileData.do,2025-09-25,2026-09-06,administrative_record_only_not_confirmed_active,증축,2012-09-05,2012-09-05,2012-10-08,제2종근린생활시설,873,"주소 기반 추정 위치, 공사현장 좌표 아님"
15029300:510,510,건축행정기록,제1종근린생활시설,인천광역시 미추홀구 용현동 3-30,37.4521422,126.6663378,geocoded_kakao_jibun,kakao_exact_jibun_address_match,인천 미추홀구 용현동 3-30,1,1,0.0,,kakao_local_api:address_jibun,https://dapi.kakao.com/v2/local/search/address.json,2026-09-06,https://www.data.go.kr/data/15029300/fileData.do,2025-09-25,2026-09-06,administrative_record_only_not_confirmed_active,신축,2012-09-04,2012-09-05,2013-04-19,제1종근린생활시설,383.9,"주소 기반 추정 위치, 공사현장 좌표 아님"
15029300:511,511,건축행정기록,제1종근린생활시설,인천광역시 미추홀구 주안동 1468-11,37.4509885,126.6812318,geocoded_kakao_jibun,kakao_exact_jibun_address_match,인천 미추홀구 주안동 1468-11,1,1,0.0,,kakao_local_api:address_jibun,https://dapi.kakao.com/v2/local/search/address.json,2026-09-06,https://www.data.go.kr/data/15029300/fileData.do,2025-09-25,2026-09-06,administrative_record_only_not_confirmed_active,신축,2012-08-30,2012-09-06,2012-10-08,제1종근린생활시설,512.1,"주소 기반 추정 위치, 공사현장 좌표 아님"
15029300:512,512,건축행정기록,단독주택,인천광역시 미추홀구 용현동 627-216,37.4505407,126.6345117,geocoded_kakao_jibun,kakao_exact_jibun_address_match,인천 미추홀구 용현동 627-216,1,1,0.0,,kakao_local_api:address_jibun,https://dapi.kakao.com/v2/local/search/address.json,2026-09-06,https://www.data.go.kr/data/15029300/fileData.do,2025-09-25,2026-09-06,administrative_record_only_not_confirmed_active,증축,2012-08-28,2012-08-30,2012-09-17,단독주택,140,"주소 기반 추정 위치, 공사현장 좌표 아님"
15029300:513,513,건축행정기록,제1종근린생활시설,인천광역시 미추홀구 주안동 1562-4,37.4508455,126.6919989,geocoded_kakao_jibun,kakao_exact_jibun_address_match,인천 미추홀구 주안동 1562-4,1,1,0.0,,kakao_local_api:address_jibun,https://dapi.kakao.com/v2/local/search/address.json,2026-09-06,https://www.data.go.kr/data/15029300/fileData.do,2025-09-25,2026-09-06,administrative_record_only_not_confirmed_active,증축,2012-08-22,2012-08-23,2012-09-04,제1종근린생활시설,148.2,"주소 기반 추정 위치, 공사현장 좌표 아님"
15029300:514,514,건축행정기록,공장,인천광역시 미추홀구 주안동 1400,37.4717568,126.6785866,geocoded_kakao_jibun,kakao_exact_jibun_address_match,인천 미추홀구 주안동 1400,1,1,0.0,,kakao_local_api:address_jibun,https://dapi.kakao.com/v2/local/search/address.json,2026-09-06,https://www.data.go.kr/data/15029300/fileData.do,2025-09-25,2026-09-06,administrative_record_only_not_confirmed_active,증축,2012-08-21,2012-08-24,2013-09-30,공장,32944.3,"주소 기반 추정 위치, 공사현장 좌표 아님"
15029300:515,515,건축행정기록,단독주택,인천광역시 미추홀구 숭의동 248-151,37.4602673,126.6548519,geocoded_kakao_jibun,kakao_exact_jibun_address_match,인천 미추홀구 숭의동 248-151,1,1,0.0,,kakao_local_api:address_jibun,https://dapi.kakao.com/v2/local/search/address.json,2026-09-06,https://www.data.go.kr/data/15029300/fileData.do,2025-09-25,2026-09-06,administrative_record_only_not_confirmed_active,증축,2012-08-17,2012-08-21,2012-09-26,단독주택,208,"주소 기반 추정 위치, 공사현장 좌표 아님"
15029300:516,516,건축행정기록,제1종근린생활시설,인천광역시 미추홀구 학익동 587-264,37.4423505,126.6372450,geocoded_kakao_jibun,kakao_exact_jibun_address_match,인천 미추홀구 학익동 587-264,1,1,0.0,,kakao_local_api:address_jibun,https://dapi.kakao.com/v2/local/search/address.json,2026-09-06,https://www.data.go.kr/data/15029300/fileData.do,2025-09-25,2026-09-06,administrative_record_only_not_confirmed_active,신축,2012-08-13,2012-10-15,2015-01-07,제1종근린생활시설,150,"주소 기반 추정 위치, 공사현장 좌표 아님"
15029300:517,517,건축행정기록,제2종근린생활시설,인천광역시 미추홀구 주안동 1427-29,37.4514122,126.6756667,geocoded_kakao_jibun,kakao_exact_jibun_address_match,인천 미추홀구 주안동 1427-29,1,1,0.0,,kakao_local_api:address_jibun,https://dapi.kakao.com/v2/local/search/address.json,2026-09-06,https://www.data.go.kr/data/15029300/fileData.do,2025-09-25,2026-09-06,administrative_record_only_not_confirmed_active,증축,2012-08-01,2012-08-01,2012-08-17,제2종근린생활시설,162.6,"주소 기반 추정 위치, 공사현장 좌표 아님"
15029300:518,518,건축행정기록,종교시설,인천광역시 미추홀구 학익동 512-3 외2필지,37.4413165,126.6546692,geocoded_kakao_jibun,kakao_exact_jibun_address_match,인천 미추홀구 학익동 512-3,1,1,0.0,,kakao_local_api:address_jibun,https://dapi.kakao.com/v2/local/search/address.json,2026-09-06,https://www.data.go.kr/data/15029300/fileData.do,2025-09-25,2026-09-06,administrative_record_only_not_confirmed_active,증축,2012-07-31,2012-08-20,2013-01-16,종교시설,1963,"주소 기반 추정 위치, 공사현장 좌표 아님"
15029300:519,519,건축행정기록,단독주택,인천광역시 미추홀구 주안동 1438,37.4492489,126.6769891,geocoded_kakao_jibun,kakao_exact_jibun_address_match,인천 미추홀구 주안동 1438,1,1,0.0,,kakao_local_api:address_jibun,https://dapi.kakao.com/v2/local/search/address.json,2026-09-06,https://www.data.go.kr/data/15029300/fileData.do,2025-09-25,2026-09-06,administrative_record_only_not_confirmed_active,증축,2012-07-18,2012-07-19,2012-07-25,단독주택,181.1,"주소 기반 추정 위치, 공사현장 좌표 아님"
15029300:520,520,건축행정기록,단독주택,인천광역시 미추홀구 용현동 627-324,37.4496695,126.6342475,geocoded_kakao_jibun,kakao_exact_jibun_address_match,인천 미추홀구 용현동 627-324,1,1,0.0,,kakao_local_api:address_jibun,https://dapi.kakao.com/v2/local/search/address.json,2026-09-06,https://www.data.go.kr/data/15029300/fileData.do,2025-09-25,2026-09-06,administrative_record_only_not_confirmed_active,대수선,2012-07-13,2012-08-07,2012-08-17,단독주택,140,"주소 기반 추정 위치, 공사현장 좌표 아님"
15029300:521,521,건축행정기록,업무시설,인천광역시 미추홀구 주안동 1560-1,37.4512742,126.6904199,geocoded_kakao_jibun,kakao_exact_jibun_address_match,인천 미추홀구 주안동 1560-1,1,1,0.0,,kakao_local_api:address_jibun,https://dapi.kakao.com/v2/local/search/address.json,2026-09-06,https://www.data.go.kr/data/15029300/fileData.do,2025-09-25,2026-09-06,administrative_record_only_not_confirmed_active,증축,2012-07-06,2012-09-26,2012-12-06,업무시설,1603.5,"주소 기반 추정 위치, 공사현장 좌표 아님"
15029300:522,522,건축행정기록,제2종근린생활시설,인천광역시 미추홀구 주안동 35-11,37.4655178,126.6921996,geocoded_kakao_jibun,kakao_exact_jibun_address_match,인천 미추홀구 주안동 35-11,1,1,0.0,,kakao_local_api:address_jibun,https://dapi.kakao.com/v2/local/search/address.json,2026-09-06,https://www.data.go.kr/data/15029300/fileData.do,2025-09-25,2026-09-06,administrative_record_only_not_confirmed_active,증축,2012-06-28,2012-06-29,2012-07-23,제2종근린생활시설,873,"주소 기반 추정 위치, 공사현장 좌표 아님"
15029300:523,523,건축행정기록,제1종근린생활시설,인천광역시 미추홀구 주안동 802-15,37.4505873,126.6679064,geocoded_kakao_jibun,kakao_exact_jibun_address_match,인천 미추홀구 주안동 802-15,1,1,0.0,,kakao_local_api:address_jibun,https://dapi.kakao.com/v2/local/search/address.json,2026-09-06,https://www.data.go.kr/data/15029300/fileData.do,2025-09-25,2026-09-06,administrative_record_only_not_confirmed_active,신축,2012-06-07,2012-06-08,2012-07-11,제1종근린생활시설,79.48,"주소 기반 추정 위치, 공사현장 좌표 아님"
15029300:524,524,건축행정기록,단독주택,인천광역시 미추홀구 주안동 1440-10,37.4498072,126.6765253,geocoded_kakao_jibun,kakao_exact_jibun_address_match,인천 미추홀구 주안동 1440-10,1,1,0.0,,kakao_local_api:address_jibun,https://dapi.kakao.com/v2/local/search/address.json,2026-09-06,https://www.data.go.kr/data/15029300/fileData.do,2025-09-25,2026-09-06,administrative_record_only_not_confirmed_active,증축,2012-06-04,2012-06-05,2012-06-07,단독주택,191.1,"주소 기반 추정 위치, 공사현장 좌표 아님"
15029300:525,525,건축행정기록,숙박시설,인천광역시 미추홀구 주안동 86-17,37.4602923,126.6829858,geocoded_kakao_jibun,kakao_exact_jibun_address_match,인천 미추홀구 주안동 86-17,1,1,0.0,,kakao_local_api:address_jibun,https://dapi.kakao.com/v2/local/search/address.json,2026-09-06,https://www.data.go.kr/data/15029300/fileData.do,2025-09-25,2026-09-06,administrative_record_only_not_confirmed_active,증축,2012-05-30,2012-06-01,2012-09-07,숙박시설,490.6,"주소 기반 추정 위치, 공사현장 좌표 아님"
15029300:526,526,건축행정기록,숙박시설,인천광역시 미추홀구 주안동 86-14 외1필지,37.4604375,126.6831134,geocoded_kakao_jibun,kakao_exact_jibun_address_match,인천 미추홀구 주안동 86-14,1,1,0.0,,kakao_local_api:address_jibun,https://dapi.kakao.com/v2/local/search/address.json,2026-09-06,https://www.data.go.kr/data/15029300/fileData.do,2025-09-25,2026-09-06,administrative_record_only_not_confirmed_active,증축,2012-05-30,2012-06-01,2012-09-12,숙박시설,614.5,"주소 기반 추정 위치, 공사현장 좌표 아님"
15029300:527,527,건축행정기록,단독주택,인천광역시 미추홀구 용현동 571-3 외2필지,37.4584512,126.6403602,geocoded_kakao_jibun,kakao_exact_jibun_address_match,인천 미추홀구 용현동 571-3,1,1,0.0,,kakao_local_api:address_jibun,https://dapi.kakao.com/v2/local/search/address.json,2026-09-06,https://www.data.go.kr/data/15029300/fileData.do,2025-09-25,2026-09-06,administrative_record_only_not_confirmed_active,증축,2012-05-25,2012-05-30,2012-06-14,단독주택,646.6,"주소 기반 추정 위치, 공사현장 좌표 아님"
15029300:528,528,건축행정기록,제2종근린생활시설,인천광역시 미추홀구 도화동 624-99,37.4646461,126.6644105,geocoded_kakao_jibun,kakao_exact_jibun_address_match,인천 미추홀구 도화동 624-99,1,1,0.0,,kakao_local_api:address_jibun,https://dapi.kakao.com/v2/local/search/address.json,2026-09-06,https://www.data.go.kr/data/15029300/fileData.do,2025-09-25,2026-09-06,administrative_record_only_not_confirmed_active,증축,2012-05-24,2012-05-30,,제2종근린생활시설,209,"주소 기반 추정 위치, 공사현장 좌표 아님"
15029300:529,529,건축행정기록,단독주택,인천광역시 미추홀구 주안동 694-4,37.4546369,126.6689853,geocoded_kakao_jibun,kakao_exact_jibun_address_match,인천 미추홀구 주안동 694-4,1,1,0.0,,kakao_local_api:address_jibun,https://dapi.kakao.com/v2/local/search/address.json,2026-09-06,https://www.data.go.kr/data/15029300/fileData.do,2025-09-25,2026-09-06,administrative_record_only_not_confirmed_active,증축,2012-05-23,2012-05-25,,단독주택,148.2,"주소 기반 추정 위치, 공사현장 좌표 아님"
15029300:530,530,건축행정기록,단독주택,인천광역시 미추홀구 도화동 538-29,37.4618679,126.6681647,geocoded_kakao_jibun,kakao_exact_jibun_address_match,인천 미추홀구 도화동 538-29,1,1,0.0,,kakao_local_api:address_jibun,https://dapi.kakao.com/v2/local/search/address.json,2026-09-06,https://www.data.go.kr/data/15029300/fileData.do,2025-09-25,2026-09-06,administrative_record_only_not_confirmed_active,증축,2012-05-17,2012-05-18,,단독주택,93,"주소 기반 추정 위치, 공사현장 좌표 아님"
15029300:531,531,건축행정기록,단독주택,인천광역시 미추홀구 주안동 1342-144,37.4458487,126.6779460,geocoded_kakao_jibun,kakao_exact_jibun_address_match,인천 미추홀구 주안동 1342-144,1,1,0.0,,kakao_local_api:address_jibun,https://dapi.kakao.com/v2/local/search/address.json,2026-09-06,https://www.data.go.kr/data/15029300/fileData.do,2025-09-25,2026-09-06,administrative_record_only_not_confirmed_active,신축,2012-05-11,2012-05-16,2012-08-02,단독주택,60,"주소 기반 추정 위치, 공사현장 좌표 아님"
15029300:532,532,건축행정기록,위험물저장및처리시설,인천광역시 미추홀구 도화동 534-6 외2필지,37.4625906,126.6703269,geocoded_kakao_jibun,kakao_exact_jibun_address_match,인천 미추홀구 도화동 534-6,1,1,0.0,,kakao_local_api:address_jibun,https://dapi.kakao.com/v2/local/search/address.json,2026-09-06,https://www.data.go.kr/data/15029300/fileData.do,2025-09-25,2026-09-06,administrative_record_only_not_confirmed_active,증축,2012-05-01,2012-05-30,2012-06-22,위험물저장및처리시설,1137,"주소 기반 추정 위치, 공사현장 좌표 아님"
15029300:533,533,건축행정기록,제1종근린생활시설,인천광역시 미추홀구 용현동 630-76 외1필지,37.4521410,126.6346093,geocoded_kakao_jibun,kakao_exact_jibun_address_match,인천 미추홀구 용현동 630-76,1,1,0.0,,kakao_local_api:address_jibun,https://dapi.kakao.com/v2/local/search/address.json,2026-09-06,https://www.data.go.kr/data/15029300/fileData.do,2025-09-25,2026-09-06,administrative_record_only_not_confirmed_active,증축,2012-04-30,2012-05-08,2013-01-18,제1종근린생활시설,550.4,"주소 기반 추정 위치, 공사현장 좌표 아님"
15029300:534,534,건축행정기록,제2종근린생활시설,인천광역시 미추홀구 용현동 3-5 외1필지,37.4524270,126.6662347,geocoded_kakao_jibun,kakao_exact_jibun_address_match,인천 미추홀구 용현동 3-5,1,1,0.0,,kakao_local_api:address_jibun,https://dapi.kakao.com/v2/local/search/address.json,2026-09-06,https://www.data.go.kr/data/15029300/fileData.do,2025-09-25,2026-09-06,administrative_record_only_not_confirmed_active,증축,2012-04-18,2012-04-20,2012-06-07,제2종근린생활시설,507.9,"주소 기반 추정 위치, 공사현장 좌표 아님"
15029300:535,535,건축행정기록,제2종근린생활시설,인천광역시 미추홀구 주안동 146-3,37.4626177,126.6816811,geocoded_kakao_jibun,kakao_exact_jibun_address_match,인천 미추홀구 주안동 146-3,1,1,0.0,,kakao_local_api:address_jibun,https://dapi.kakao.com/v2/local/search/address.json,2026-09-06,https://www.data.go.kr/data/15029300/fileData.do,2025-09-25,2026-09-06,administrative_record_only_not_confirmed_active,증축,2012-04-10,2012-04-13,2016-02-16,제2종근린생활시설,213.6,"주소 기반 추정 위치, 공사현장 좌표 아님"
15029300:536,536,건축행정기록,단독주택,인천광역시 미추홀구 용현동 617-46,37.4516936,126.6383557,geocoded_kakao_jibun,kakao_exact_jibun_address_match,인천 미추홀구 용현동 617-46,1,1,0.0,,kakao_local_api:address_jibun,https://dapi.kakao.com/v2/local/search/address.json,2026-09-06,https://www.data.go.kr/data/15029300/fileData.do,2025-09-25,2026-09-06,administrative_record_only_not_confirmed_active,증축,2012-04-06,2012-04-13,2012-08-02,단독주택,186.5,"주소 기반 추정 위치, 공사현장 좌표 아님"
15029300:537,537,건축행정기록,교육연구시설,인천광역시 미추홀구 문학동 400-1 외1필지,37.4344739,126.6851485,geocoded_kakao_jibun,kakao_exact_jibun_address_match,인천 미추홀구 문학동 400-1,1,1,0.0,,kakao_local_api:address_jibun,https://dapi.kakao.com/v2/local/search/address.json,2026-09-06,https://www.data.go.kr/data/15029300/fileData.do,2025-09-25,2026-09-06,administrative_record_only_not_confirmed_active,증축,2012-04-04,2012-04-05,2012-06-14,교육연구시설,3579.5,"주소 기반 추정 위치, 공사현장 좌표 아님"
15029300:538,538,건축행정기록,단독주택,인천광역시 미추홀구 숭의동 128-14 외1필지,,,unresolved,no_exact_parcel_match_in_kakao,,0,0,,,kakao_local_api:unresolved,https://dapi.kakao.com/v2/local/search/address.json,2026-09-06,https://www.data.go.kr/data/15029300/fileData.do,2025-09-25,2026-09-06,administrative_record_only_not_confirmed_active,증축,2012-03-29,2012-03-30,,단독주택,212.24,"주소 기반 추정 위치, 공사현장 좌표 아님"
15029300:539,539,건축행정기록,위험물저장및처리시설,인천광역시 미추홀구 주안동 1418-104,37.4487095,126.6724659,geocoded_kakao_jibun,kakao_exact_jibun_address_match,인천 미추홀구 주안동 1418-104,1,1,0.0,,kakao_local_api:address_jibun,https://dapi.kakao.com/v2/local/search/address.json,2026-09-06,https://www.data.go.kr/data/15029300/fileData.do,2025-09-25,2026-09-06,administrative_record_only_not_confirmed_active,증축,2012-03-22,2012-03-26,2012-04-18,위험물저장및처리시설,738.1,"주소 기반 추정 위치, 공사현장 좌표 아님"
15029300:540,540,건축행정기록,제2종근린생활시설,인천광역시 미추홀구 학익동 657-5,37.4405272,126.6695677,geocoded_kakao_jibun,kakao_exact_jibun_address_match,인천 미추홀구 학익동 657-5,1,1,0.0,,kakao_local_api:address_jibun,https://dapi.kakao.com/v2/local/search/address.json,2026-09-06,https://www.data.go.kr/data/15029300/fileData.do,2025-09-25,2026-09-06,administrative_record_only_not_confirmed_active,증축,2012-03-15,2012-03-19,2012-04-13,제2종근린생활시설,610.5,"주소 기반 추정 위치, 공사현장 좌표 아님"
15029300:541,541,건축행정기록,의료시설,인천광역시 미추홀구 숭의동 340-1 외10필지,37.4615038,126.6429619,geocoded_kakao_jibun,kakao_exact_jibun_address_match,인천 미추홀구 숭의동 340-1,1,1,0.0,,kakao_local_api:address_jibun,https://dapi.kakao.com/v2/local/search/address.json,2026-09-06,https://www.data.go.kr/data/15029300/fileData.do,2025-09-25,2026-09-06,administrative_record_only_not_confirmed_active,증축,2012-03-13,2012-05-16,2012-10-24,의료시설,2853.5,"주소 기반 추정 위치, 공사현장 좌표 아님"
15029300:542,542,건축행정기록,제2종근린생활시설,인천광역시 미추홀구 도화동 744-21 외1필지,37.4766070,126.6677709,geocoded_kakao_jibun,kakao_exact_jibun_address_match,인천 미추홀구 도화동 744-21,1,1,0.0,,kakao_local_api:address_jibun,https://dapi.kakao.com/v2/local/search/address.json,2026-09-06,https://www.data.go.kr/data/15029300/fileData.do,2025-09-25,2026-09-06,administrative_record_only_not_confirmed_active,증축,2012-03-02,2012-03-19,2012-05-25,제2종근린생활시설,342,"주소 기반 추정 위치, 공사현장 좌표 아님"
15029300:543,543,건축행정기록,노유자시설,인천광역시 미추홀구 학익동 682-6,37.4393001,126.6691593,geocoded_kakao_jibun,kakao_exact_jibun_address_match,인천 미추홀구 학익동 682-6,1,1,0.0,,kakao_local_api:address_jibun,https://dapi.kakao.com/v2/local/search/address.json,2026-09-06,https://www.data.go.kr/data/15029300/fileData.do,2025-09-25,2026-09-06,administrative_record_only_not_confirmed_active,증축,2012-02-23,2012-03-13,2012-04-06,노유자시설,309.5,"주소 기반 추정 위치, 공사현장 좌표 아님"
15029300:544,544,건축행정기록,제2종근린생활시설,인천광역시 미추홀구 숭의동 2-174,37.4631368,126.6608577,geocoded_kakao_jibun,kakao_exact_jibun_address_match,인천 미추홀구 숭의동 2-174,1,1,0.0,,kakao_local_api:address_jibun,https://dapi.kakao.com/v2/local/search/address.json,2026-09-06,https://www.data.go.kr/data/15029300/fileData.do,2025-09-25,2026-09-06,administrative_record_only_not_confirmed_active,증축,2012-02-07,2012-02-09,2012-03-15,제2종근린생활시설,225,"주소 기반 추정 위치, 공사현장 좌표 아님"
15029300:545,545,건축행정기록,노유자시설,인천광역시 미추홀구 용현동 619-3,37.4515487,126.6357147,geocoded_kakao_jibun,kakao_exact_jibun_address_match,인천 미추홀구 용현동 619-3,1,1,0.0,,kakao_local_api:address_jibun,https://dapi.kakao.com/v2/local/search/address.json,2026-09-06,https://www.data.go.kr/data/15029300/fileData.do,2025-09-25,2026-09-06,administrative_record_only_not_confirmed_active,증축,2012-01-31,2012-02-02,2012-03-12,노유자시설,651.3,"주소 기반 추정 위치, 공사현장 좌표 아님"
15029300:546,546,건축행정기록,제2종근린생활시설,인천광역시 미추홀구 주안동 1342-205,37.4452129,126.6785955,geocoded_kakao_jibun,kakao_exact_jibun_address_match,인천 미추홀구 주안동 1342-205,1,1,0.0,,kakao_local_api:address_jibun,https://dapi.kakao.com/v2/local/search/address.json,2026-09-06,https://www.data.go.kr/data/15029300/fileData.do,2025-09-25,2026-09-06,administrative_record_only_not_confirmed_active,신축,2011-12-30,2012-01-10,2012-03-30,제2종근린생활시설,36,"주소 기반 추정 위치, 공사현장 좌표 아님"
15029300:547,547,건축행정기록,제1종근린생활시설,인천광역시 미추홀구 도화동 545-15 외1필지,37.4631706,126.6697532,geocoded_kakao_jibun,kakao_exact_jibun_address_match,인천 미추홀구 도화동 545-15,1,1,0.0,,kakao_local_api:address_jibun,https://dapi.kakao.com/v2/local/search/address.json,2026-09-06,https://www.data.go.kr/data/15029300/fileData.do,2025-09-25,2026-09-06,administrative_record_only_not_confirmed_active,증축,2011-12-28,2012-01-12,2012-06-28,제1종근린생활시설,1520.7,"주소 기반 추정 위치, 공사현장 좌표 아님"
15029300:548,548,건축행정기록,노유자시설,인천광역시 미추홀구 숭의동 5-55,37.4624796,126.6598551,geocoded_kakao_jibun,kakao_exact_jibun_address_match,인천 미추홀구 숭의동 5-55,1,1,0.0,,kakao_local_api:address_jibun,https://dapi.kakao.com/v2/local/search/address.json,2026-09-06,https://www.data.go.kr/data/15029300/fileData.do,2025-09-25,2026-09-06,administrative_record_only_not_confirmed_active,증축,2011-12-21,2012-01-16,2012-03-12,노유자시설,314,"주소 기반 추정 위치, 공사현장 좌표 아님"
15029300:549,549,건축행정기록,제2종근린생활시설,인천광역시 미추홀구 주안동 173-6,37.4606849,126.6806409,geocoded_kakao_jibun,kakao_exact_jibun_address_match,인천 미추홀구 주안동 173-6,1,1,0.0,,kakao_local_api:address_jibun,https://dapi.kakao.com/v2/local/search/address.json,2026-09-06,https://www.data.go.kr/data/15029300/fileData.do,2025-09-25,2026-09-06,administrative_record_only_not_confirmed_active,증축,2011-12-19,2011-12-19,,제2종근린생활시설,92.5,"주소 기반 추정 위치, 공사현장 좌표 아님"
15029300:550,550,건축행정기록,제2종근린생활시설,인천광역시 미추홀구 주안동 895-4,37.4607702,126.6948850,geocoded_kakao_jibun,kakao_exact_jibun_address_match,인천 미추홀구 주안동 895-4,1,1,0.0,,kakao_local_api:address_jibun,https://dapi.kakao.com/v2/local/search/address.json,2026-09-06,https://www.data.go.kr/data/15029300/fileData.do,2025-09-25,2026-09-06,administrative_record_only_not_confirmed_active,증축,2011-12-14,2011-12-15,2011-12-16,제2종근린생활시설,154,"주소 기반 추정 위치, 공사현장 좌표 아님"
15029300:551,551,건축행정기록,단독주택,인천광역시 미추홀구 도화동 84-8,37.4711011,126.6687514,geocoded_kakao_jibun,kakao_exact_jibun_address_match,인천 미추홀구 도화동 84-8,1,1,0.0,,kakao_local_api:address_jibun,https://dapi.kakao.com/v2/local/search/address.json,2026-09-06,https://www.data.go.kr/data/15029300/fileData.do,2025-09-25,2026-09-06,administrative_record_only_not_confirmed_active,증축,2011-12-02,2011-12-06,,단독주택,202,"주소 기반 추정 위치, 공사현장 좌표 아님"
15029300:552,552,건축행정기록,제1종근린생활시설,인천광역시 미추홀구 도화동 53-12,37.4754964,126.6692578,geocoded_kakao_jibun,kakao_exact_jibun_address_match,인천 미추홀구 도화동 53-12,1,1,0.0,,kakao_local_api:address_jibun,https://dapi.kakao.com/v2/local/search/address.json,2026-09-06,https://www.data.go.kr/data/15029300/fileData.do,2025-09-25,2026-09-06,administrative_record_only_not_confirmed_active,증축,2011-12-01,2011-12-07,,제1종근린생활시설,1308.6,"주소 기반 추정 위치, 공사현장 좌표 아님"
15029300:553,553,건축행정기록,공장,인천광역시 미추홀구 주안동 6,37.4703006,126.6775006,geocoded_kakao_jibun,kakao_exact_jibun_address_match,인천 미추홀구 주안동 6,1,1,0.0,,kakao_local_api:address_jibun,https://dapi.kakao.com/v2/local/search/address.json,2026-09-06,https://www.data.go.kr/data/15029300/fileData.do,2025-09-25,2026-09-06,administrative_record_only_not_confirmed_active,증축,2011-11-28,2011-12-08,2011-12-21,공장,5139.8,"주소 기반 추정 위치, 공사현장 좌표 아님"
15029300:554,554,건축행정기록,제2종근린생활시설,인천광역시 미추홀구 도화동 624-99,37.4646461,126.6644105,geocoded_kakao_jibun,kakao_exact_jibun_address_match,인천 미추홀구 도화동 624-99,1,1,0.0,,kakao_local_api:address_jibun,https://dapi.kakao.com/v2/local/search/address.json,2026-09-06,https://www.data.go.kr/data/15029300/fileData.do,2025-09-25,2026-09-06,administrative_record_only_not_confirmed_active,신축,2011-11-25,2012-01-26,2012-05-02,제2종근린생활시설,209,"주소 기반 추정 위치, 공사현장 좌표 아님"
15029300:555,555,건축행정기록,종교시설,인천광역시 미추홀구 학익동 512-3 외2필지,37.4413165,126.6546692,geocoded_kakao_jibun,kakao_exact_jibun_address_match,인천 미추홀구 학익동 512-3,1,1,0.0,,kakao_local_api:address_jibun,https://dapi.kakao.com/v2/local/search/address.json,2026-09-06,https://www.data.go.kr/data/15029300/fileData.do,2025-09-25,2026-09-06,administrative_record_only_not_confirmed_active,증축,2011-11-25,2011-11-25,2011-12-22,종교시설,1963,"주소 기반 추정 위치, 공사현장 좌표 아님"
15029300:556,556,건축행정기록,제2종근린생활시설,인천광역시 미추홀구 주안동 86-27,37.4600945,126.6830622,geocoded_kakao_jibun,kakao_exact_jibun_address_match,인천 미추홀구 주안동 86-27,1,1,0.0,,kakao_local_api:address_jibun,https://dapi.kakao.com/v2/local/search/address.json,2026-09-06,https://www.data.go.kr/data/15029300/fileData.do,2025-09-25,2026-09-06,administrative_record_only_not_confirmed_active,증축,2011-11-24,2011-11-28,2011-12-14,제2종근린생활시설,1257.5,"주소 기반 추정 위치, 공사현장 좌표 아님"
15029300:557,557,건축행정기록,단독주택,인천광역시 미추홀구 관교동 317-31,37.4476636,126.6928070,geocoded_kakao_jibun,kakao_exact_jibun_address_match,인천 미추홀구 관교동 317-31,1,1,0.0,,kakao_local_api:address_jibun,https://dapi.kakao.com/v2/local/search/address.json,2026-09-06,https://www.data.go.kr/data/15029300/fileData.do,2025-09-25,2026-09-06,administrative_record_only_not_confirmed_active,신축,2011-11-22,2011-12-08,2012-04-27,단독주택,148,"주소 기반 추정 위치, 공사현장 좌표 아님"
15029300:558,558,건축행정기록,종교시설,인천광역시 미추홀구 용현동 611-8,37.4524913,126.6408112,geocoded_kakao_jibun,kakao_exact_jibun_address_match,인천 미추홀구 용현동 611-8,1,1,0.0,,kakao_local_api:address_jibun,https://dapi.kakao.com/v2/local/search/address.json,2026-09-06,https://www.data.go.kr/data/15029300/fileData.do,2025-09-25,2026-09-06,administrative_record_only_not_confirmed_active,증축,2011-11-16,2011-11-17,2011-12-01,종교시설,2570.2,"주소 기반 추정 위치, 공사현장 좌표 아님"
15029300:559,559,건축행정기록,자동차관련시설,인천광역시 미추홀구 용현동 627-481,37.4508910,126.6324991,geocoded_kakao_jibun,kakao_exact_jibun_address_match,인천 미추홀구 용현동 627-481,1,1,0.0,,kakao_local_api:address_jibun,https://dapi.kakao.com/v2/local/search/address.json,2026-09-06,https://www.data.go.kr/data/15029300/fileData.do,2025-09-25,2026-09-06,administrative_record_only_not_confirmed_active,증축,2011-11-16,2011-11-17,2012-01-26,자동차관련시설,325,"주소 기반 추정 위치, 공사현장 좌표 아님"
15029300:560,560,건축행정기록,공장,인천광역시 미추홀구 학익동 587-84,37.4388661,126.6410940,geocoded_kakao_jibun,kakao_exact_jibun_address_match,인천 미추홀구 학익동 587-84,1,1,0.0,,kakao_local_api:address_jibun,https://dapi.kakao.com/v2/local/search/address.json,2026-09-06,https://www.data.go.kr/data/15029300/fileData.do,2025-09-25,2026-09-06,administrative_record_only_not_confirmed_active,증축,2011-11-02,2011-11-09,2012-01-13,공장,46280,"주소 기반 추정 위치, 공사현장 좌표 아님"
15029300:561,561,건축행정기록,위험물저장및처리시설,인천광역시 미추홀구 용현동 627-629 외1필지,37.4510431,126.6307438,geocoded_kakao_jibun,kakao_exact_jibun_address_match,인천 미추홀구 용현동 627-629,1,1,0.0,,kakao_local_api:address_jibun,https://dapi.kakao.com/v2/local/search/address.json,2026-09-06,https://www.data.go.kr/data/15029300/fileData.do,2025-09-25,2026-09-06,administrative_record_only_not_confirmed_active,증축,2011-11-01,2011-11-07,2011-11-29,위험물저장및처리시설,1540,"주소 기반 추정 위치, 공사현장 좌표 아님"
15029300:562,562,건축행정기록,제1종근린생활시설,인천광역시 미추홀구 도화동 545-15 외1필지,37.4631706,126.6697532,geocoded_kakao_jibun,kakao_exact_jibun_address_match,인천 미추홀구 도화동 545-15,1,1,0.0,,kakao_local_api:address_jibun,https://dapi.kakao.com/v2/local/search/address.json,2026-09-06,https://www.data.go.kr/data/15029300/fileData.do,2025-09-25,2026-09-06,administrative_record_only_not_confirmed_active,증축,2011-10-28,2011-11-01,2011-12-15,제1종근린생활시설,1520.7,"주소 기반 추정 위치, 공사현장 좌표 아님"
15029300:563,563,건축행정기록,위험물저장및처리시설,인천광역시 미추홀구 용현동 627-540 외1필지,37.4503513,126.6307170,geocoded_kakao_jibun,kakao_exact_jibun_address_match,인천 미추홀구 용현동 627-540,1,1,0.0,,kakao_local_api:address_jibun,https://dapi.kakao.com/v2/local/search/address.json,2026-09-06,https://www.data.go.kr/data/15029300/fileData.do,2025-09-25,2026-09-06,administrative_record_only_not_confirmed_active,증축,2011-10-21,2011-10-25,2011-11-29,위험물저장및처리시설,1900,"주소 기반 추정 위치, 공사현장 좌표 아님"
15029300:564,564,건축행정기록,노유자시설,인천광역시 미추홀구 주안동 1285-23,37.4442016,126.6803548,geocoded_kakao_jibun,kakao_exact_jibun_address_match,인천 미추홀구 주안동 1285-23,1,1,0.0,,kakao_local_api:address_jibun,https://dapi.kakao.com/v2/local/search/address.json,2026-09-06,https://www.data.go.kr/data/15029300/fileData.do,2025-09-25,2026-09-06,administrative_record_only_not_confirmed_active,증축,2011-10-21,2011-11-01,2011-12-19,노유자시설,159.51,"주소 기반 추정 위치, 공사현장 좌표 아님"
15029300:565,565,건축행정기록,제2종근린생활시설,인천광역시 미추홀구 학익동 312-138,37.4453494,126.6642496,geocoded_kakao_jibun,kakao_exact_jibun_address_match,인천 미추홀구 학익동 312-138,1,1,0.0,,kakao_local_api:address_jibun,https://dapi.kakao.com/v2/local/search/address.json,2026-09-06,https://www.data.go.kr/data/15029300/fileData.do,2025-09-25,2026-09-06,administrative_record_only_not_confirmed_active,신축,2011-10-10,2011-10-12,2011-11-25,제2종근린생활시설,49,"주소 기반 추정 위치, 공사현장 좌표 아님"
15029300:566,566,건축행정기록,단독주택,인천광역시 미추홀구 숭의동 2-192,37.4635874,126.6599257,geocoded_kakao_jibun,kakao_exact_jibun_address_match,인천 미추홀구 숭의동 2-192,1,1,0.0,,kakao_local_api:address_jibun,https://dapi.kakao.com/v2/local/search/address.json,2026-09-06,https://www.data.go.kr/data/15029300/fileData.do,2025-09-25,2026-09-06,administrative_record_only_not_confirmed_active,증축,2011-09-30,2011-10-04,2011-10-12,단독주택,390,"주소 기반 추정 위치, 공사현장 좌표 아님"
15029300:567,567,건축행정기록,제2종근린생활시설,인천광역시 미추홀구 주안동 146-12,37.4624664,126.6819871,geocoded_kakao_jibun,kakao_exact_jibun_address_match,인천 미추홀구 주안동 146-12,1,1,0.0,,kakao_local_api:address_jibun,https://dapi.kakao.com/v2/local/search/address.json,2026-09-06,https://www.data.go.kr/data/15029300/fileData.do,2025-09-25,2026-09-06,administrative_record_only_not_confirmed_active,증축,2011-09-08,2011-09-19,,제2종근린생활시설,198.3,"주소 기반 추정 위치, 공사현장 좌표 아님"
15029300:568,568,건축행정기록,제2종근린생활시설,인천광역시 미추홀구 용현동 188-19,37.4514366,126.6572954,geocoded_kakao_jibun,kakao_exact_jibun_address_match,인천 미추홀구 용현동 188-19,1,1,0.0,,kakao_local_api:address_jibun,https://dapi.kakao.com/v2/local/search/address.json,2026-09-06,https://www.data.go.kr/data/15029300/fileData.do,2025-09-25,2026-09-06,administrative_record_only_not_confirmed_active,증축,2011-09-06,2011-09-07,2012-01-19,제2종근린생활시설,207.9,"주소 기반 추정 위치, 공사현장 좌표 아님"
15029300:569,569,건축행정기록,운동시설,인천광역시 미추홀구 학익동 663-2,37.4386866,126.6754218,geocoded_kakao_jibun,kakao_exact_jibun_address_match,인천 미추홀구 학익동 663-2,1,1,0.0,,kakao_local_api:address_jibun,https://dapi.kakao.com/v2/local/search/address.json,2026-09-06,https://www.data.go.kr/data/15029300/fileData.do,2025-09-25,2026-09-06,administrative_record_only_not_confirmed_active,증축,2011-09-02,2011-09-06,2011-09-15,운동시설,1156.9,"주소 기반 추정 위치, 공사현장 좌표 아님"
15029300:570,570,건축행정기록,공장,인천광역시 미추홀구 주안동 3-47,37.4730735,126.6836903,geocoded_kakao_jibun,kakao_exact_jibun_address_match,인천 미추홀구 주안동 3-47,1,1,0.0,,kakao_local_api:address_jibun,https://dapi.kakao.com/v2/local/search/address.json,2026-09-06,https://www.data.go.kr/data/15029300/fileData.do,2025-09-25,2026-09-06,administrative_record_only_not_confirmed_active,신축,2011-08-25,2012-06-25,2012-09-05,공장,413.9,"주소 기반 추정 위치, 공사현장 좌표 아님"
15029300:571,571,건축행정기록,노유자시설,인천광역시 미추홀구 도화동 5-18,37.4768543,126.6571702,geocoded_kakao_jibun,kakao_exact_jibun_address_match,인천 미추홀구 도화동 5-18,1,1,0.0,,kakao_local_api:address_jibun,https://dapi.kakao.com/v2/local/search/address.json,2026-09-06,https://www.data.go.kr/data/15029300/fileData.do,2025-09-25,2026-09-06,administrative_record_only_not_confirmed_active,증축,2011-08-19,2011-08-24,2011-09-08,노유자시설,295.9,"주소 기반 추정 위치, 공사현장 좌표 아님"
15029300:572,572,건축행정기록,제2종근린생활시설,인천광역시 미추홀구 도화동 96-3,37.4672504,126.6629121,geocoded_kakao_jibun,kakao_exact_jibun_address_match,인천 미추홀구 도화동 96-3,1,1,0.0,,kakao_local_api:address_jibun,https://dapi.kakao.com/v2/local/search/address.json,2026-09-06,https://www.data.go.kr/data/15029300/fileData.do,2025-09-25,2026-09-06,administrative_record_only_not_confirmed_active,증축,2011-08-18,2011-08-22,2011-12-13,제2종근린생활시설,183.6,"주소 기반 추정 위치, 공사현장 좌표 아님"
15029300:573,573,건축행정기록,공장,인천광역시 미추홀구 도화동 831-8,37.4784880,126.6606274,geocoded_kakao_jibun,kakao_exact_jibun_address_match,인천 미추홀구 도화동 831-8,1,1,0.0,,kakao_local_api:address_jibun,https://dapi.kakao.com/v2/local/search/address.json,2026-09-06,https://www.data.go.kr/data/15029300/fileData.do,2025-09-25,2026-09-06,administrative_record_only_not_confirmed_active,증축,2011-08-17,2011-09-01,,공장,1157,"주소 기반 추정 위치, 공사현장 좌표 아님"
15029300:574,574,건축행정기록,제2종근린생활시설,인천광역시 미추홀구 주안동 1418-84,37.4505396,126.6728076,geocoded_kakao_jibun,kakao_exact_jibun_address_match,인천 미추홀구 주안동 1418-84,1,1,0.0,,kakao_local_api:address_jibun,https://dapi.kakao.com/v2/local/search/address.json,2026-09-06,https://www.data.go.kr/data/15029300/fileData.do,2025-09-25,2026-09-06,administrative_record_only_not_confirmed_active,증축,2011-08-10,2011-08-17,2011-09-09,제2종근린생활시설,201.2,"주소 기반 추정 위치, 공사현장 좌표 아님"
15029300:575,575,건축행정기록,제1종근린생활시설,인천광역시 미추홀구 주안동 1523-7 외3필지,37.4478953,126.6872056,geocoded_kakao_jibun,kakao_exact_jibun_address_match,인천 미추홀구 주안동 1523-7,1,1,0.0,,kakao_local_api:address_jibun,https://dapi.kakao.com/v2/local/search/address.json,2026-09-06,https://www.data.go.kr/data/15029300/fileData.do,2025-09-25,2026-09-06,administrative_record_only_not_confirmed_active,증축,2011-07-19,2011-07-22,2011-07-28,제1종근린생활시설,630.3,"주소 기반 추정 위치, 공사현장 좌표 아님"
15029300:576,576,건축행정기록,숙박시설,인천광역시 미추홀구 주안동 85-22,37.4604784,126.6835508,geocoded_kakao_jibun,kakao_exact_jibun_address_match,인천 미추홀구 주안동 85-22,1,1,0.0,,kakao_local_api:address_jibun,https://dapi.kakao.com/v2/local/search/address.json,2026-09-06,https://www.data.go.kr/data/15029300/fileData.do,2025-09-25,2026-09-06,administrative_record_only_not_confirmed_active,증축,2011-07-15,2011-07-20,2011-08-08,숙박시설,217.99,"주소 기반 추정 위치, 공사현장 좌표 아님"
15029300:577,577,건축행정기록,제1종근린생활시설,인천광역시 미추홀구 주안동 85-1,37.4608269,126.6836559,geocoded_kakao_jibun,kakao_exact_jibun_address_match,인천 미추홀구 주안동 85-1,1,1,0.0,,kakao_local_api:address_jibun,https://dapi.kakao.com/v2/local/search/address.json,2026-09-06,https://www.data.go.kr/data/15029300/fileData.do,2025-09-25,2026-09-06,administrative_record_only_not_confirmed_active,증축,2011-07-07,2011-07-08,2011-07-19,제1종근린생활시설,148.8,"주소 기반 추정 위치, 공사현장 좌표 아님"
15029300:578,578,건축행정기록,공동주택,인천광역시 미추홀구 도화동 553-2,37.4636148,126.6717057,geocoded_kakao_jibun,kakao_exact_jibun_address_match,인천 미추홀구 도화동 553-2,1,1,0.0,,kakao_local_api:address_jibun,https://dapi.kakao.com/v2/local/search/address.json,2026-09-06,https://www.data.go.kr/data/15029300/fileData.do,2025-09-25,2026-09-06,administrative_record_only_not_confirmed_active,증축,2011-07-04,2011-07-06,2011-08-11,공동주택,348.1,"주소 기반 추정 위치, 공사현장 좌표 아님"
15029300:579,579,건축행정기록,위험물저장및처리시설,인천광역시 미추홀구 용현동 627-629 외1필지,37.4510431,126.6307438,geocoded_kakao_jibun,kakao_exact_jibun_address_match,인천 미추홀구 용현동 627-629,1,1,0.0,,kakao_local_api:address_jibun,https://dapi.kakao.com/v2/local/search/address.json,2026-09-06,https://www.data.go.kr/data/15029300/fileData.do,2025-09-25,2026-09-06,administrative_record_only_not_confirmed_active,대수선,2011-06-30,2011-07-06,2011-07-19,위험물저장및처리시설,1540,"주소 기반 추정 위치, 공사현장 좌표 아님"
15029300:580,580,건축행정기록,제2종근린생활시설,인천광역시 미추홀구 학익동 36-20,37.4424237,126.6717316,geocoded_kakao_jibun,kakao_exact_jibun_address_match,인천 미추홀구 학익동 36-20,1,1,0.0,,kakao_local_api:address_jibun,https://dapi.kakao.com/v2/local/search/address.json,2026-09-06,https://www.data.go.kr/data/15029300/fileData.do,2025-09-25,2026-09-06,administrative_record_only_not_confirmed_active,증축,2011-06-22,2011-06-29,2011-08-16,제2종근린생활시설,453.8,"주소 기반 추정 위치, 공사현장 좌표 아님"
15029300:581,581,건축행정기록,단독주택,인천광역시 미추홀구 숭의동 46-14,37.4640578,126.6574287,geocoded_kakao_jibun,kakao_exact_jibun_address_match,인천 미추홀구 숭의동 46-14,1,1,0.0,,kakao_local_api:address_jibun,https://dapi.kakao.com/v2/local/search/address.json,2026-09-06,https://www.data.go.kr/data/15029300/fileData.do,2025-09-25,2026-09-06,administrative_record_only_not_confirmed_active,증축,2011-06-14,2011-06-15,2011-07-12,단독주택,212,"주소 기반 추정 위치, 공사현장 좌표 아님"
15029300:582,582,건축행정기록,공장,인천광역시 미추홀구 학익동 587-37 외2필지,,,unresolved,no_exact_parcel_match_in_kakao,,0,0,,,kakao_local_api:unresolved,https://dapi.kakao.com/v2/local/search/address.json,2026-09-06,https://www.data.go.kr/data/15029300/fileData.do,2025-09-25,2026-09-06,administrative_record_only_not_confirmed_active,증축,2011-06-10,2011-07-07,2011-10-14,공장,66316,"주소 기반 추정 위치, 공사현장 좌표 아님"
15029300:583,583,건축행정기록,단독주택,인천광역시 미추홀구 용현동 629-110,37.4528973,126.6351964,geocoded_kakao_jibun,kakao_exact_jibun_address_match,인천 미추홀구 용현동 629-110,1,1,0.0,,kakao_local_api:address_jibun,https://dapi.kakao.com/v2/local/search/address.json,2026-09-06,https://www.data.go.kr/data/15029300/fileData.do,2025-09-25,2026-09-06,administrative_record_only_not_confirmed_active,증축,2011-06-09,2011-06-13,2011-08-09,단독주택,249.8,"주소 기반 추정 위치, 공사현장 좌표 아님"
15029300:584,584,건축행정기록,공장,인천광역시 미추홀구 주안동 5-15,37.4706152,126.6747694,geocoded_kakao_jibun,kakao_exact_jibun_address_match,인천 미추홀구 주안동 5-15,1,1,0.0,,kakao_local_api:address_jibun,https://dapi.kakao.com/v2/local/search/address.json,2026-09-06,https://www.data.go.kr/data/15029300/fileData.do,2025-09-25,2026-09-06,administrative_record_only_not_confirmed_active,증축,2011-06-08,2011-07-01,2011-07-13,공장,1392.6,"주소 기반 추정 위치, 공사현장 좌표 아님"
15029300:585,585,건축행정기록,단독주택,인천광역시 미추홀구 용현동 617-43,37.4515904,126.6382766,geocoded_kakao_jibun,kakao_exact_jibun_address_match,인천 미추홀구 용현동 617-43,1,1,0.0,,kakao_local_api:address_jibun,https://dapi.kakao.com/v2/local/search/address.json,2026-09-06,https://www.data.go.kr/data/15029300/fileData.do,2025-09-25,2026-09-06,administrative_record_only_not_confirmed_active,증축,2011-05-19,2011-05-25,2011-06-29,단독주택,181.9,"주소 기반 추정 위치, 공사현장 좌표 아님"
15029300:586,586,건축행정기록,판매시설,인천광역시 미추홀구 관교동 15,37.4414182,126.7013299,geocoded_kakao_jibun,kakao_exact_jibun_address_match,인천 미추홀구 관교동 15,1,1,0.0,,kakao_local_api:address_jibun,https://dapi.kakao.com/v2/local/search/address.json,2026-09-06,https://www.data.go.kr/data/15029300/fileData.do,2025-09-25,2026-09-06,administrative_record_only_not_confirmed_active,증축,2011-05-18,2011-06-10,2011-07-12,판매시설,78288.52,"주소 기반 추정 위치, 공사현장 좌표 아님"
15029300:587,587,건축행정기록,제1종근린생활시설,인천광역시 미추홀구 용현동 190-35 외1필지,37.4511895,126.6573310,geocoded_kakao_jibun,kakao_exact_jibun_address_match,인천 미추홀구 용현동 190-35,1,1,0.0,,kakao_local_api:address_jibun,https://dapi.kakao.com/v2/local/search/address.json,2026-09-06,https://www.data.go.kr/data/15029300/fileData.do,2025-09-25,2026-09-06,administrative_record_only_not_confirmed_active,대수선,2011-05-17,2011-05-24,2011-09-26,제1종근린생활시설,304.8,"주소 기반 추정 위치, 공사현장 좌표 아님"
15029300:588,588,건축행정기록,제1종근린생활시설,인천광역시 미추홀구 숭의동 147-26 외2필지,37.4645689,126.6483426,geocoded_kakao_jibun,kakao_exact_jibun_address_match,인천 미추홀구 숭의동 147-26,1,1,0.0,,kakao_local_api:address_jibun,https://dapi.kakao.com/v2/local/search/address.json,2026-09-06,https://www.data.go.kr/data/15029300/fileData.do,2025-09-25,2026-09-06,administrative_record_only_not_confirmed_active,증축,2011-05-16,2011-05-16,2012-07-23,제1종근린생활시설,272.7,"주소 기반 추정 위치, 공사현장 좌표 아님"
15029300:589,589,건축행정기록,제2종근린생활시설,인천광역시 미추홀구 학익동 244-12 외1필지,37.4416327,126.6685842,geocoded_kakao_jibun,kakao_exact_jibun_address_match,인천 미추홀구 학익동 244-12,1,1,0.0,,kakao_local_api:address_jibun,https://dapi.kakao.com/v2/local/search/address.json,2026-09-06,https://www.data.go.kr/data/15029300/fileData.do,2025-09-25,2026-09-06,administrative_record_only_not_confirmed_active,증축,2011-05-11,2011-05-13,2011-08-02,제2종근린생활시설,292,"주소 기반 추정 위치, 공사현장 좌표 아님"
15029300:590,590,건축행정기록,위험물저장및처리시설,인천광역시 미추홀구 용현동 287-1,,,unresolved,no_exact_parcel_match_in_kakao,,0,0,,,kakao_local_api:unresolved,https://dapi.kakao.com/v2/local/search/address.json,2026-09-06,https://www.data.go.kr/data/15029300/fileData.do,2025-09-25,2026-09-06,administrative_record_only_not_confirmed_active,증축,2011-05-06,2011-05-30,2011-06-29,위험물저장및처리시설,2365.06,"주소 기반 추정 위치, 공사현장 좌표 아님"
15029300:591,591,건축행정기록,제2종근린생활시설,인천광역시 미추홀구 주안동 1412-55,37.4700204,126.6831617,geocoded_kakao_jibun,kakao_exact_jibun_address_match,인천 미추홀구 주안동 1412-55,1,1,0.0,,kakao_local_api:address_jibun,https://dapi.kakao.com/v2/local/search/address.json,2026-09-06,https://www.data.go.kr/data/15029300/fileData.do,2025-09-25,2026-09-06,administrative_record_only_not_confirmed_active,신축,2011-04-29,2011-05-09,2011-08-23,제2종근린생활시설,127.98,"주소 기반 추정 위치, 공사현장 좌표 아님"
15029300:592,592,건축행정기록,제2종근린생활시설,인천광역시 미추홀구 주안동 653-3 외1필지,37.4589836,126.6674874,geocoded_kakao_jibun,kakao_exact_jibun_address_match,인천 미추홀구 주안동 653-3,1,1,0.0,,kakao_local_api:address_jibun,https://dapi.kakao.com/v2/local/search/address.json,2026-09-06,https://www.data.go.kr/data/15029300/fileData.do,2025-09-25,2026-09-06,administrative_record_only_not_confirmed_active,증축,2011-04-13,2011-04-15,2011-05-20,제2종근린생활시설,261,"주소 기반 추정 위치, 공사현장 좌표 아님"
15029300:593,593,건축행정기록,종교시설,인천광역시 미추홀구 주안동 16-113,37.4696480,126.6813751,geocoded_kakao_jibun,kakao_exact_jibun_address_match,인천 미추홀구 주안동 16-113,1,1,0.0,,kakao_local_api:address_jibun,https://dapi.kakao.com/v2/local/search/address.json,2026-09-06,https://www.data.go.kr/data/15029300/fileData.do,2025-09-25,2026-09-06,administrative_record_only_not_confirmed_active,증축,2011-04-08,2011-04-12,2011-08-23,종교시설,13894.1,"주소 기반 추정 위치, 공사현장 좌표 아님"
15029300:594,594,건축행정기록,공장,인천광역시 미추홀구 주안동 1381-1,37.4734670,126.6801777,geocoded_kakao_jibun,kakao_exact_jibun_address_match,인천 미추홀구 주안동 1381-1,1,1,0.0,,kakao_local_api:address_jibun,https://dapi.kakao.com/v2/local/search/address.json,2026-09-06,https://www.data.go.kr/data/15029300/fileData.do,2025-09-25,2026-09-06,administrative_record_only_not_confirmed_active,증축,2011-04-08,2011-04-19,2011-05-19,공장,13122.5,"주소 기반 추정 위치, 공사현장 좌표 아님"
15029300:595,595,건축행정기록,자동차관련시설,인천광역시 미추홀구 학익동 587-263,,,unresolved,no_exact_parcel_match_in_kakao,,0,0,,,kakao_local_api:unresolved,https://dapi.kakao.com/v2/local/search/address.json,2026-09-06,https://www.data.go.kr/data/15029300/fileData.do,2025-09-25,2026-09-06,administrative_record_only_not_confirmed_active,증축,2011-04-07,2011-04-08,2011-04-14,자동차관련시설,734,"주소 기반 추정 위치, 공사현장 좌표 아님"
15029300:596,596,건축행정기록,단독주택,인천광역시 미추홀구 주안동 1211-25,37.4471373,126.6839344,geocoded_kakao_jibun,kakao_exact_jibun_address_match,인천 미추홀구 주안동 1211-25,1,1,0.0,,kakao_local_api:address_jibun,https://dapi.kakao.com/v2/local/search/address.json,2026-09-06,https://www.data.go.kr/data/15029300/fileData.do,2025-09-25,2026-09-06,administrative_record_only_not_confirmed_active,신축,2011-04-01,2011-04-05,2011-06-20,단독주택,115.08,"주소 기반 추정 위치, 공사현장 좌표 아님"
15029300:597,597,건축행정기록,숙박시설,인천광역시 미추홀구 주안동 233-10,37.4636897,126.6781016,geocoded_kakao_jibun,kakao_exact_jibun_address_match,인천 미추홀구 주안동 233-10,1,1,0.0,,kakao_local_api:address_jibun,https://dapi.kakao.com/v2/local/search/address.json,2026-09-06,https://www.data.go.kr/data/15029300/fileData.do,2025-09-25,2026-09-06,administrative_record_only_not_confirmed_active,증축,2011-04-01,2011-04-05,2011-06-21,숙박시설,172.6,"주소 기반 추정 위치, 공사현장 좌표 아님"
15029300:598,598,건축행정기록,교육연구시설,인천광역시 미추홀구 주안동 16-141,37.4684050,126.6815734,geocoded_kakao_jibun,kakao_exact_jibun_address_match,인천 미추홀구 주안동 16-141,1,1,0.0,,kakao_local_api:address_jibun,https://dapi.kakao.com/v2/local/search/address.json,2026-09-06,https://www.data.go.kr/data/15029300/fileData.do,2025-09-25,2026-09-06,administrative_record_only_not_confirmed_active,증축,2011-04-01,2011-04-04,2011-06-23,교육연구시설,3489.72,"주소 기반 추정 위치, 공사현장 좌표 아님"
15029300:599,599,건축행정기록,제2종근린생활시설,인천광역시 미추홀구 주안동 1492-34,37.4481118,126.6830138,geocoded_kakao_jibun,kakao_exact_jibun_address_match,인천 미추홀구 주안동 1492-34,1,1,0.0,,kakao_local_api:address_jibun,https://dapi.kakao.com/v2/local/search/address.json,2026-09-06,https://www.data.go.kr/data/15029300/fileData.do,2025-09-25,2026-09-06,administrative_record_only_not_confirmed_active,증축,2011-03-30,2011-04-11,2011-04-21,제2종근린생활시설,282,"주소 기반 추정 위치, 공사현장 좌표 아님"
15029300:600,600,건축행정기록,제2종근린생활시설,인천광역시 미추홀구 용현동 70-37,37.4524692,126.6655632,geocoded_kakao_jibun,kakao_exact_jibun_address_match,인천 미추홀구 용현동 70-37,1,1,0.0,,kakao_local_api:address_jibun,https://dapi.kakao.com/v2/local/search/address.json,2026-09-06,https://www.data.go.kr/data/15029300/fileData.do,2025-09-25,2026-09-06,administrative_record_only_not_confirmed_active,증축,2011-03-22,2011-03-24,2011-05-02,제2종근린생활시설,364.6,"주소 기반 추정 위치, 공사현장 좌표 아님"
15029300:601,601,건축행정기록,제1종근린생활시설,인천광역시 미추홀구 문학동 386-7,37.4373567,126.6873302,geocoded_kakao_jibun,kakao_exact_jibun_address_match,인천 미추홀구 문학동 386-7,1,1,0.0,,kakao_local_api:address_jibun,https://dapi.kakao.com/v2/local/search/address.json,2026-09-06,https://www.data.go.kr/data/15029300/fileData.do,2025-09-25,2026-09-06,administrative_record_only_not_confirmed_active,신축,2011-03-14,2011-03-18,2011-04-29,제1종근린생활시설,166.9,"주소 기반 추정 위치, 공사현장 좌표 아님"
15029300:602,602,건축행정기록,제2종근린생활시설,인천광역시 미추홀구 도화동 749-2,37.4762349,126.6684123,geocoded_kakao_jibun,kakao_exact_jibun_address_match,인천 미추홀구 도화동 749-2,1,1,0.0,,kakao_local_api:address_jibun,https://dapi.kakao.com/v2/local/search/address.json,2026-09-06,https://www.data.go.kr/data/15029300/fileData.do,2025-09-25,2026-09-06,administrative_record_only_not_confirmed_active,증축,2011-03-11,2011-03-17,2011-05-25,제2종근린생활시설,62.5,"주소 기반 추정 위치, 공사현장 좌표 아님"
15029300:603,603,건축행정기록,단독주택,인천광역시 미추홀구 숭의동 3-56,37.4657431,126.6601399,geocoded_kakao_jibun,kakao_exact_jibun_address_match,인천 미추홀구 숭의동 3-56,1,1,0.0,,kakao_local_api:address_jibun,https://dapi.kakao.com/v2/local/search/address.json,2026-09-06,https://www.data.go.kr/data/15029300/fileData.do,2025-09-25,2026-09-06,administrative_record_only_not_confirmed_active,증축,2011-03-11,2011-03-14,2011-06-07,단독주택,152,"주소 기반 추정 위치, 공사현장 좌표 아님"
15029300:604,604,건축행정기록,제2종근린생활시설,인천광역시 미추홀구 주안동 57-16,,,unresolved,no_exact_parcel_match_in_kakao,,0,0,,,kakao_local_api:unresolved,https://dapi.kakao.com/v2/local/search/address.json,2026-09-06,https://www.data.go.kr/data/15029300/fileData.do,2025-09-25,2026-09-06,administrative_record_only_not_confirmed_active,신축,2011-03-08,2011-03-11,2011-04-14,제2종근린생활시설,120.5,"주소 기반 추정 위치, 공사현장 좌표 아님"
15029300:605,605,건축행정기록,제2종근린생활시설,인천광역시 미추홀구 주안동 1240-4,37.4451488,126.6812246,geocoded_kakao_jibun,kakao_exact_jibun_address_match,인천 미추홀구 주안동 1240-4,1,1,0.0,,kakao_local_api:address_jibun,https://dapi.kakao.com/v2/local/search/address.json,2026-09-06,https://www.data.go.kr/data/15029300/fileData.do,2025-09-25,2026-09-06,administrative_record_only_not_confirmed_active,증축,2011-03-04,2011-03-07,2011-03-28,제2종근린생활시설,142,"주소 기반 추정 위치, 공사현장 좌표 아님"
15029300:606,606,건축행정기록,단독주택,인천광역시 미추홀구 학익동 1-6 외1필지,37.4473689,126.6672986,geocoded_kakao_jibun,kakao_exact_jibun_address_match,인천 미추홀구 학익동 1-6,1,1,0.0,,kakao_local_api:address_jibun,https://dapi.kakao.com/v2/local/search/address.json,2026-09-06,https://www.data.go.kr/data/15029300/fileData.do,2025-09-25,2026-09-06,administrative_record_only_not_confirmed_active,증축,2011-02-24,2011-04-05,2011-04-21,단독주택,300,"주소 기반 추정 위치, 공사현장 좌표 아님"
15029300:607,607,건축행정기록,공장,인천광역시 미추홀구 도화동 818-20,37.4788073,126.6627795,geocoded_kakao_jibun,kakao_exact_jibun_address_match,인천 미추홀구 도화동 818-20,1,1,0.0,,kakao_local_api:address_jibun,https://dapi.kakao.com/v2/local/search/address.json,2026-09-06,https://www.data.go.kr/data/15029300/fileData.do,2025-09-25,2026-09-06,administrative_record_only_not_confirmed_active,증축,2011-02-16,2011-02-20,2011-03-11,공장,650.2,"주소 기반 추정 위치, 공사현장 좌표 아님"
15029300:608,608,건축행정기록,단독주택,인천광역시 미추홀구 도화동 550-10,37.4630425,126.6710499,geocoded_kakao_jibun,kakao_exact_jibun_address_match,인천 미추홀구 도화동 550-10,1,1,0.0,,kakao_local_api:address_jibun,https://dapi.kakao.com/v2/local/search/address.json,2026-09-06,https://www.data.go.kr/data/15029300/fileData.do,2025-09-25,2026-09-06,administrative_record_only_not_confirmed_active,증축,2011-01-25,2011-01-28,2011-05-04,단독주택,134.5,"주소 기반 추정 위치, 공사현장 좌표 아님"
15029300:609,609,건축행정기록,종교시설,인천광역시 미추홀구 주안동 1327-35,37.4480093,126.6758682,geocoded_kakao_jibun,kakao_exact_jibun_address_match,인천 미추홀구 주안동 1327-35,1,1,0.0,,kakao_local_api:address_jibun,https://dapi.kakao.com/v2/local/search/address.json,2026-09-06,https://www.data.go.kr/data/15029300/fileData.do,2025-09-25,2026-09-06,administrative_record_only_not_confirmed_active,증축,2011-01-11,2011-02-18,,종교시설,793,"주소 기반 추정 위치, 공사현장 좌표 아님"
15029300:610,610,건축행정기록,공장,인천광역시 미추홀구 도화동 765-8,37.4784273,126.6663989,geocoded_kakao_jibun,kakao_exact_jibun_address_match,인천 미추홀구 도화동 765-8,1,1,0.0,,kakao_local_api:address_jibun,https://dapi.kakao.com/v2/local/search/address.json,2026-09-06,https://www.data.go.kr/data/15029300/fileData.do,2025-09-25,2026-09-06,administrative_record_only_not_confirmed_active,증축,2011-01-11,2011-11-25,2012-01-31,공장,1744.3,"주소 기반 추정 위치, 공사현장 좌표 아님"
15029300:611,611,건축행정기록,단독주택,인천광역시 미추홀구 도화동 858,37.4760151,126.6586524,geocoded_kakao_jibun,kakao_exact_jibun_address_match,인천 미추홀구 도화동 858,1,1,0.0,,kakao_local_api:address_jibun,https://dapi.kakao.com/v2/local/search/address.json,2026-09-06,https://www.data.go.kr/data/15029300/fileData.do,2025-09-25,2026-09-06,administrative_record_only_not_confirmed_active,증축,2011-01-03,2011-01-04,2011-01-18,단독주택,204.6,"주소 기반 추정 위치, 공사현장 좌표 아님"
15029300:612,612,건축행정기록,제1종근린생활시설,인천광역시 미추홀구 용현동 50-3 외2필지,37.4493487,126.6642650,geocoded_kakao_jibun,kakao_exact_jibun_address_match,인천 미추홀구 용현동 50-3,1,1,0.0,,kakao_local_api:address_jibun,https://dapi.kakao.com/v2/local/search/address.json,2026-09-06,https://www.data.go.kr/data/15029300/fileData.do,2025-09-25,2026-09-06,administrative_record_only_not_confirmed_active,증축,2010-12-31,2011-01-04,2011-02-16,제1종근린생활시설,510.8,"주소 기반 추정 위치, 공사현장 좌표 아님"
15029300:613,613,건축행정기록,제2종근린생활시설,인천광역시 미추홀구 주안동 1327-31,37.4478985,126.6762651,geocoded_kakao_jibun,kakao_exact_jibun_address_match,인천 미추홀구 주안동 1327-31,1,1,0.0,,kakao_local_api:address_jibun,https://dapi.kakao.com/v2/local/search/address.json,2026-09-06,https://www.data.go.kr/data/15029300/fileData.do,2025-09-25,2026-09-06,administrative_record_only_not_confirmed_active,증축,2010-12-22,2011-02-18,2011-04-07,제2종근린생활시설,90,"주소 기반 추정 위치, 공사현장 좌표 아님"
15029300:614,614,건축행정기록,제1종근린생활시설,인천광역시 미추홀구 용현동 463-74,37.4570084,126.6494715,geocoded_kakao_jibun,kakao_exact_jibun_address_match,인천 미추홀구 용현동 463-74,1,1,0.0,,kakao_local_api:address_jibun,https://dapi.kakao.com/v2/local/search/address.json,2026-09-06,https://www.data.go.kr/data/15029300/fileData.do,2025-09-25,2026-09-06,administrative_record_only_not_confirmed_active,증축,2010-12-16,2011-03-14,2011-06-14,제1종근린생활시설,110.4,"주소 기반 추정 위치, 공사현장 좌표 아님"
15029300:615,615,건축행정기록,공장,인천광역시 미추홀구 도화동 818-19,37.4789061,126.6625872,geocoded_kakao_jibun,kakao_exact_jibun_address_match,인천 미추홀구 도화동 818-19,1,1,0.0,,kakao_local_api:address_jibun,https://dapi.kakao.com/v2/local/search/address.json,2026-09-06,https://www.data.go.kr/data/15029300/fileData.do,2025-09-25,2026-09-06,administrative_record_only_not_confirmed_active,증축,2010-12-16,2010-12-27,2011-01-26,공장,651,"주소 기반 추정 위치, 공사현장 좌표 아님"
15029300:616,616,건축행정기록,제2종근린생활시설,인천광역시 미추홀구 용현동 627-544,37.4518788,126.6298942,geocoded_kakao_jibun,kakao_exact_jibun_address_match,인천 미추홀구 용현동 627-544,1,1,0.0,,kakao_local_api:address_jibun,https://dapi.kakao.com/v2/local/search/address.json,2026-09-06,https://www.data.go.kr/data/15029300/fileData.do,2025-09-25,2026-09-06,administrative_record_only_not_confirmed_active,신축,2010-12-02,2010-12-03,2011-01-21,제2종근린생활시설,242,"주소 기반 추정 위치, 공사현장 좌표 아님"
15029300:617,617,건축행정기록,단독주택,인천광역시 미추홀구 용현동 624-8,37.4564771,126.6364228,geocoded_kakao_jibun,kakao_exact_jibun_address_match,인천 미추홀구 용현동 624-8,1,1,0.0,,kakao_local_api:address_jibun,https://dapi.kakao.com/v2/local/search/address.json,2026-09-06,https://www.data.go.kr/data/15029300/fileData.do,2025-09-25,2026-09-06,administrative_record_only_not_confirmed_active,증축,2010-11-30,2010-12-03,2011-03-21,단독주택,361.4,"주소 기반 추정 위치, 공사현장 좌표 아님"
15029300:618,618,건축행정기록,종교시설,인천광역시 미추홀구 주안동 1565-4,37.4492007,126.6904108,geocoded_kakao_jibun,kakao_exact_jibun_address_match,인천 미추홀구 주안동 1565-4,1,1,0.0,,kakao_local_api:address_jibun,https://dapi.kakao.com/v2/local/search/address.json,2026-09-06,https://www.data.go.kr/data/15029300/fileData.do,2025-09-25,2026-09-06,administrative_record_only_not_confirmed_active,증축,2010-11-19,2010-11-23,2010-12-02,종교시설,490.7,"주소 기반 추정 위치, 공사현장 좌표 아님"
15029300:619,619,건축행정기록,종교시설,인천광역시 미추홀구 도화동 120-35,37.4691525,126.6719987,geocoded_kakao_jibun,kakao_exact_jibun_address_match,인천 미추홀구 도화동 120-35,1,1,0.0,,kakao_local_api:address_jibun,https://dapi.kakao.com/v2/local/search/address.json,2026-09-06,https://www.data.go.kr/data/15029300/fileData.do,2025-09-25,2026-09-06,administrative_record_only_not_confirmed_active,증축,2010-11-17,2010-11-30,2011-07-12,종교시설,578.3,"주소 기반 추정 위치, 공사현장 좌표 아님"
15029300:620,620,건축행정기록,공동주택,인천광역시 미추홀구 도화동 24-74,37.4778092,126.6543363,geocoded_kakao_jibun,kakao_exact_jibun_address_match,인천 미추홀구 도화동 24-74,1,1,0.0,,kakao_local_api:address_jibun,https://dapi.kakao.com/v2/local/search/address.json,2026-09-06,https://www.data.go.kr/data/15029300/fileData.do,2025-09-25,2026-09-06,administrative_record_only_not_confirmed_active,증축,2010-11-15,2010-12-27,,공동주택,135.9,"주소 기반 추정 위치, 공사현장 좌표 아님"
15029300:621,621,건축행정기록,단독주택,인천광역시 미추홀구 용현동 11-15,37.4511110,126.6658718,geocoded_kakao_jibun,kakao_exact_jibun_address_match,인천 미추홀구 용현동 11-15,1,1,0.0,,kakao_local_api:address_jibun,https://dapi.kakao.com/v2/local/search/address.json,2026-09-06,https://www.data.go.kr/data/15029300/fileData.do,2025-09-25,2026-09-06,administrative_record_only_not_confirmed_active,증축,2010-11-10,2010-11-11,,단독주택,126.6,"주소 기반 추정 위치, 공사현장 좌표 아님"
15029300:622,622,건축행정기록,단독주택,인천광역시 미추홀구 주안동 580-15,37.4574905,126.6666379,geocoded_kakao_jibun,kakao_exact_jibun_address_match,인천 미추홀구 주안동 580-15,1,1,0.0,,kakao_local_api:address_jibun,https://dapi.kakao.com/v2/local/search/address.json,2026-09-06,https://www.data.go.kr/data/15029300/fileData.do,2025-09-25,2026-09-06,administrative_record_only_not_confirmed_active,증축,2010-11-05,2010-11-06,2011-01-07,단독주택,150.1,"주소 기반 추정 위치, 공사현장 좌표 아님"
15029300:623,623,건축행정기록,제2종근린생활시설,인천광역시 미추홀구 문학동 382-3,37.4378842,126.6882354,geocoded_kakao_jibun,kakao_exact_jibun_address_match,인천 미추홀구 문학동 382-3,1,1,0.0,,kakao_local_api:address_jibun,https://dapi.kakao.com/v2/local/search/address.json,2026-09-06,https://www.data.go.kr/data/15029300/fileData.do,2025-09-25,2026-09-06,administrative_record_only_not_confirmed_active,증축,2010-11-01,2010-11-02,2010-12-06,제2종근린생활시설,1372,"주소 기반 추정 위치, 공사현장 좌표 아님"
15029300:624,624,건축행정기록,제2종근린생활시설,인천광역시 미추홀구 문학동 382-4,37.4378821,126.6887232,geocoded_kakao_jibun,kakao_exact_jibun_address_match,인천 미추홀구 문학동 382-4,1,1,0.0,,kakao_local_api:address_jibun,https://dapi.kakao.com/v2/local/search/address.json,2026-09-06,https://www.data.go.kr/data/15029300/fileData.do,2025-09-25,2026-09-06,administrative_record_only_not_confirmed_active,증축,2010-11-01,2010-11-02,2010-12-06,제2종근린생활시설,1704.6,"주소 기반 추정 위치, 공사현장 좌표 아님"
15029300:625,625,건축행정기록,공장,인천광역시 미추홀구 도화동 765-22,37.4780617,126.6659669,geocoded_kakao_jibun,kakao_exact_jibun_address_match,인천 미추홀구 도화동 765-22,1,1,0.0,,kakao_local_api:address_jibun,https://dapi.kakao.com/v2/local/search/address.json,2026-09-06,https://www.data.go.kr/data/15029300/fileData.do,2025-09-25,2026-09-06,administrative_record_only_not_confirmed_active,증축,2010-10-22,2010-10-28,2010-11-30,공장,816,"주소 기반 추정 위치, 공사현장 좌표 아님"
15029300:626,626,건축행정기록,공장,인천광역시 미추홀구 주안동 6,37.4703006,126.6775006,geocoded_kakao_jibun,kakao_exact_jibun_address_match,인천 미추홀구 주안동 6,1,1,0.0,,kakao_local_api:address_jibun,https://dapi.kakao.com/v2/local/search/address.json,2026-09-06,https://www.data.go.kr/data/15029300/fileData.do,2025-09-25,2026-09-06,administrative_record_only_not_confirmed_active,증축,2010-10-15,2010-10-29,2011-08-25,공장,5139.8,"주소 기반 추정 위치, 공사현장 좌표 아님"
15029300:627,627,건축행정기록,공장,인천광역시 미추홀구 학익동 587-84,37.4388661,126.6410940,geocoded_kakao_jibun,kakao_exact_jibun_address_match,인천 미추홀구 학익동 587-84,1,1,0.0,,kakao_local_api:address_jibun,https://dapi.kakao.com/v2/local/search/address.json,2026-09-06,https://www.data.go.kr/data/15029300/fileData.do,2025-09-25,2026-09-06,administrative_record_only_not_confirmed_active,증축,2010-10-14,2010-12-14,2011-02-25,공장,46280,"주소 기반 추정 위치, 공사현장 좌표 아님"
15029300:628,628,건축행정기록,단독주택,인천광역시 미추홀구 숭의동 33-33,37.4608763,126.6553010,geocoded_kakao_jibun,kakao_exact_jibun_address_match,인천 미추홀구 숭의동 33-33,1,1,0.0,,kakao_local_api:address_jibun,https://dapi.kakao.com/v2/local/search/address.json,2026-09-06,https://www.data.go.kr/data/15029300/fileData.do,2025-09-25,2026-09-06,administrative_record_only_not_confirmed_active,증축,2010-10-12,2010-10-25,2010-12-01,단독주택,132.26,"주소 기반 추정 위치, 공사현장 좌표 아님"
15029300:629,629,건축행정기록,제2종근린생활시설,인천광역시 미추홀구 주안동 140-4 외1필지,37.4635784,126.6810560,geocoded_kakao_jibun,kakao_exact_jibun_address_match,인천 미추홀구 주안동 140-4,1,1,0.0,,kakao_local_api:address_jibun,https://dapi.kakao.com/v2/local/search/address.json,2026-09-06,https://www.data.go.kr/data/15029300/fileData.do,2025-09-25,2026-09-06,administrative_record_only_not_confirmed_active,증축,2010-10-08,2010-11-11,2011-01-18,제2종근린생활시설,854.9,"주소 기반 추정 위치, 공사현장 좌표 아님"
15029300:630,630,건축행정기록,제2종근린생활시설,인천광역시 미추홀구 숭의동 129-69,37.4653139,126.6500080,geocoded_kakao_jibun,kakao_exact_jibun_address_match,인천 미추홀구 숭의동 129-69,1,1,0.0,,kakao_local_api:address_jibun,https://dapi.kakao.com/v2/local/search/address.json,2026-09-06,https://www.data.go.kr/data/15029300/fileData.do,2025-09-25,2026-09-06,administrative_record_only_not_confirmed_active,증축,2010-10-05,2010-10-08,2010-10-27,제2종근린생활시설,366.705,"주소 기반 추정 위치, 공사현장 좌표 아님"
15029300:631,631,건축행정기록,단독주택,인천광역시 미추홀구 학익동 45-42 외1필지,37.4403303,126.6740128,geocoded_kakao_jibun,kakao_exact_jibun_address_match,인천 미추홀구 학익동 45-42,1,1,0.0,,kakao_local_api:address_jibun,https://dapi.kakao.com/v2/local/search/address.json,2026-09-06,https://www.data.go.kr/data/15029300/fileData.do,2025-09-25,2026-09-06,administrative_record_only_not_confirmed_active,신축,2010-10-04,2011-08-05,2015-12-22,단독주택,280,"주소 기반 추정 위치, 공사현장 좌표 아님"
15029300:632,632,건축행정기록,제2종근린생활시설,인천광역시 미추홀구 용현동 622-149,37.4529383,126.6382210,geocoded_kakao_jibun,kakao_exact_jibun_address_match,인천 미추홀구 용현동 622-149,1,1,0.0,,kakao_local_api:address_jibun,https://dapi.kakao.com/v2/local/search/address.json,2026-09-06,https://www.data.go.kr/data/15029300/fileData.do,2025-09-25,2026-09-06,administrative_record_only_not_confirmed_active,증축,2010-09-28,2010-10-14,2010-12-09,제2종근린생활시설,376.3,"주소 기반 추정 위치, 공사현장 좌표 아님"
15029300:633,633,건축행정기록,제2종근린생활시설,인천광역시 미추홀구 주안동 301-1,37.4636936,126.6929308,geocoded_kakao_jibun,kakao_exact_jibun_address_match,인천 미추홀구 주안동 301-1,1,1,0.0,,kakao_local_api:address_jibun,https://dapi.kakao.com/v2/local/search/address.json,2026-09-06,https://www.data.go.kr/data/15029300/fileData.do,2025-09-25,2026-09-06,administrative_record_only_not_confirmed_active,신축,2010-09-20,2010-09-24,2010-11-10,제2종근린생활시설,420.3,"주소 기반 추정 위치, 공사현장 좌표 아님"
15029300:634,634,건축행정기록,제2종근린생활시설,인천광역시 미추홀구 용현동 650,37.4533088,126.6452396,geocoded_kakao_jibun,kakao_exact_jibun_address_match,인천 미추홀구 용현동 650,1,1,0.0,,kakao_local_api:address_jibun,https://dapi.kakao.com/v2/local/search/address.json,2026-09-06,https://www.data.go.kr/data/15029300/fileData.do,2025-09-25,2026-09-06,administrative_record_only_not_confirmed_active,신축,2010-09-06,2010-09-10,2010-11-16,제2종근린생활시설,149.3,"주소 기반 추정 위치, 공사현장 좌표 아님"
15029300:635,635,건축행정기록,제2종근린생활시설,인천광역시 미추홀구 학익동 672-7,37.4386627,126.6739002,geocoded_kakao_jibun,kakao_exact_jibun_address_match,인천 미추홀구 학익동 672-7,1,1,0.0,,kakao_local_api:address_jibun,https://dapi.kakao.com/v2/local/search/address.json,2026-09-06,https://www.data.go.kr/data/15029300/fileData.do,2025-09-25,2026-09-06,administrative_record_only_not_confirmed_active,증축,2010-09-02,2010-09-15,2010-09-30,제2종근린생활시설,269.9,"주소 기반 추정 위치, 공사현장 좌표 아님"
15029300:636,636,건축행정기록,제2종근린생활시설,인천광역시 미추홀구 주안동 587-19,37.4567621,126.6669585,geocoded_kakao_jibun,kakao_exact_jibun_address_match,인천 미추홀구 주안동 587-19,1,1,0.0,,kakao_local_api:address_jibun,https://dapi.kakao.com/v2/local/search/address.json,2026-09-06,https://www.data.go.kr/data/15029300/fileData.do,2025-09-25,2026-09-06,administrative_record_only_not_confirmed_active,증축,2010-08-27,2010-09-07,2010-10-04,제2종근린생활시설,246.6,"주소 기반 추정 위치, 공사현장 좌표 아님"
15029300:637,637,건축행정기록,제2종근린생활시설,인천광역시 미추홀구 주안동 22-51,37.4659818,126.6865949,geocoded_kakao_jibun,kakao_exact_jibun_address_match,인천 미추홀구 주안동 22-51,1,1,0.0,,kakao_local_api:address_jibun,https://dapi.kakao.com/v2/local/search/address.json,2026-09-06,https://www.data.go.kr/data/15029300/fileData.do,2025-09-25,2026-09-06,administrative_record_only_not_confirmed_active,증축,2010-08-26,2010-08-26,2010-09-08,제2종근린생활시설,363.8,"주소 기반 추정 위치, 공사현장 좌표 아님"
15029300:638,638,건축행정기록,숙박시설,인천광역시 미추홀구 주안동 86-14 외1필지,37.4604375,126.6831134,geocoded_kakao_jibun,kakao_exact_jibun_address_match,인천 미추홀구 주안동 86-14,1,1,0.0,,kakao_local_api:address_jibun,https://dapi.kakao.com/v2/local/search/address.json,2026-09-06,https://www.data.go.kr/data/15029300/fileData.do,2025-09-25,2026-09-06,administrative_record_only_not_confirmed_active,증축,2010-08-25,2010-08-26,2010-10-04,숙박시설,614.5,"주소 기반 추정 위치, 공사현장 좌표 아님"
15029300:639,639,건축행정기록,제2종근린생활시설,인천광역시 미추홀구 용현동 77-4,37.4518900,126.6623403,geocoded_kakao_jibun,kakao_exact_jibun_address_match,인천 미추홀구 용현동 77-4,1,1,0.0,,kakao_local_api:address_jibun,https://dapi.kakao.com/v2/local/search/address.json,2026-09-06,https://www.data.go.kr/data/15029300/fileData.do,2025-09-25,2026-09-06,administrative_record_only_not_confirmed_active,증축,2010-08-19,2010-09-03,2010-09-13,제2종근린생활시설,172.4,"주소 기반 추정 위치, 공사현장 좌표 아님"
15029300:640,640,건축행정기록,제1종근린생활시설,인천광역시 미추홀구 주안동 1500-12,37.4488347,126.6858793,geocoded_kakao_jibun,kakao_exact_jibun_address_match,인천 미추홀구 주안동 1500-12,1,1,0.0,,kakao_local_api:address_jibun,https://dapi.kakao.com/v2/local/search/address.json,2026-09-06,https://www.data.go.kr/data/15029300/fileData.do,2025-09-25,2026-09-06,administrative_record_only_not_confirmed_active,증축,2010-08-18,2010-08-19,2010-10-27,제1종근린생활시설,143.1,"주소 기반 추정 위치, 공사현장 좌표 아님"
15029300:641,641,건축행정기록,제1종근린생활시설,인천광역시 미추홀구 도화동 115-7,37.4698753,126.6671278,geocoded_kakao_jibun,kakao_exact_jibun_address_match,인천 미추홀구 도화동 115-7,1,1,0.0,,kakao_local_api:address_jibun,https://dapi.kakao.com/v2/local/search/address.json,2026-09-06,https://www.data.go.kr/data/15029300/fileData.do,2025-09-25,2026-09-06,administrative_record_only_not_confirmed_active,증축,2010-08-16,2010-08-23,2011-02-24,제1종근린생활시설,199.9,"주소 기반 추정 위치, 공사현장 좌표 아님"
15029300:642,642,건축행정기록,자동차관련시설,인천광역시 미추홀구 도화동 418-10 외3필지,37.4628066,126.6719784,geocoded_kakao_jibun,kakao_exact_jibun_address_match,인천 미추홀구 도화동 418-10,1,1,0.0,,kakao_local_api:address_jibun,https://dapi.kakao.com/v2/local/search/address.json,2026-09-06,https://www.data.go.kr/data/15029300/fileData.do,2025-09-25,2026-09-06,administrative_record_only_not_confirmed_active,신축,2010-08-06,2010-08-26,2011-01-25,자동차관련시설,494.2,"주소 기반 추정 위치, 공사현장 좌표 아님"
15029300:643,643,건축행정기록,제1종근린생활시설,인천광역시 미추홀구 주안동 1204-41,37.4474990,126.6848356,geocoded_kakao_jibun,kakao_exact_jibun_address_match,인천 미추홀구 주안동 1204-41,1,1,0.0,,kakao_local_api:address_jibun,https://dapi.kakao.com/v2/local/search/address.json,2026-09-06,https://www.data.go.kr/data/15029300/fileData.do,2025-09-25,2026-09-06,administrative_record_only_not_confirmed_active,증축,2010-07-23,2010-07-23,2010-08-03,제1종근린생활시설,91,"주소 기반 추정 위치, 공사현장 좌표 아님"
15029300:644,644,건축행정기록,단독주택,인천광역시 미추홀구 용현동 88-18,37.4491259,126.6602996,geocoded_kakao_jibun,kakao_exact_jibun_address_match,인천 미추홀구 용현동 88-18,1,1,0.0,,kakao_local_api:address_jibun,https://dapi.kakao.com/v2/local/search/address.json,2026-09-06,https://www.data.go.kr/data/15029300/fileData.do,2025-09-25,2026-09-06,administrative_record_only_not_confirmed_active,증축,2010-07-21,2010-08-02,2011-02-01,단독주택,179.3,"주소 기반 추정 위치, 공사현장 좌표 아님"
15029300:645,645,건축행정기록,단독주택,인천광역시 미추홀구 용현동 83-11,37.4492123,126.6613171,geocoded_kakao_jibun,kakao_exact_jibun_address_match,인천 미추홀구 용현동 83-11,1,1,0.0,,kakao_local_api:address_jibun,https://dapi.kakao.com/v2/local/search/address.json,2026-09-06,https://www.data.go.kr/data/15029300/fileData.do,2025-09-25,2026-09-06,administrative_record_only_not_confirmed_active,증축,2010-07-21,2010-07-22,2010-08-05,단독주택,159.7,"주소 기반 추정 위치, 공사현장 좌표 아님"
15029300:646,646,건축행정기록,제2종근린생활시설,인천광역시 미추홀구 주안동 1437-12,37.4485211,126.6769298,geocoded_kakao_jibun,kakao_exact_jibun_address_match,인천 미추홀구 주안동 1437-12,1,1,0.0,,kakao_local_api:address_jibun,https://dapi.kakao.com/v2/local/search/address.json,2026-09-06,https://www.data.go.kr/data/15029300/fileData.do,2025-09-25,2026-09-06,administrative_record_only_not_confirmed_active,신축,2010-07-20,2010-07-22,2010-08-18,제2종근린생활시설,405.2,"주소 기반 추정 위치, 공사현장 좌표 아님"
15029300:647,647,건축행정기록,단독주택,인천광역시 미추홀구 주안동 1212-2,37.4466308,126.6852445,geocoded_kakao_jibun,kakao_exact_jibun_address_match,인천 미추홀구 주안동 1212-2,1,1,0.0,,kakao_local_api:address_jibun,https://dapi.kakao.com/v2/local/search/address.json,2026-09-06,https://www.data.go.kr/data/15029300/fileData.do,2025-09-25,2026-09-06,administrative_record_only_not_confirmed_active,신축,2010-07-14,2011-02-08,2014-04-16,단독주택,46,"주소 기반 추정 위치, 공사현장 좌표 아님"
15029300:648,648,건축행정기록,단독주택,인천광역시 미추홀구 도화동 221-6,37.4679680,126.6677932,geocoded_kakao_jibun,kakao_exact_jibun_address_match,인천 미추홀구 도화동 221-6,1,1,0.0,,kakao_local_api:address_jibun,https://dapi.kakao.com/v2/local/search/address.json,2026-09-06,https://www.data.go.kr/data/15029300/fileData.do,2025-09-25,2026-09-06,administrative_record_only_not_confirmed_active,증축,2010-07-06,2010-07-23,2010-11-17,단독주택,156.2,"주소 기반 추정 위치, 공사현장 좌표 아님"
15029300:649,649,건축행정기록,업무시설,인천광역시 미추홀구 주안동 179-5,37.4598169,126.6820055,geocoded_kakao_jibun,kakao_exact_jibun_address_match,인천 미추홀구 주안동 179-5,1,1,0.0,,kakao_local_api:address_jibun,https://dapi.kakao.com/v2/local/search/address.json,2026-09-06,https://www.data.go.kr/data/15029300/fileData.do,2025-09-25,2026-09-06,administrative_record_only_not_confirmed_active,증축,2010-06-29,2010-06-30,,업무시설,520.7,"주소 기반 추정 위치, 공사현장 좌표 아님"
15029300:650,650,건축행정기록,제2종근린생활시설,인천광역시 미추홀구 숭의동 72-2,37.4654377,126.6523481,geocoded_kakao_jibun,kakao_exact_jibun_address_match,인천 미추홀구 숭의동 72-2,1,1,0.0,,kakao_local_api:address_jibun,https://dapi.kakao.com/v2/local/search/address.json,2026-09-06,https://www.data.go.kr/data/15029300/fileData.do,2025-09-25,2026-09-06,administrative_record_only_not_confirmed_active,증축,2010-06-23,2010-11-11,2010-12-07,제2종근린생활시설,2586,"주소 기반 추정 위치, 공사현장 좌표 아님"
15029300:651,651,건축행정기록,단독주택,인천광역시 미추홀구 도화동 80-162,37.4674746,126.6558182,geocoded_kakao_jibun,kakao_exact_jibun_address_match,인천 미추홀구 도화동 80-162,1,1,0.0,,kakao_local_api:address_jibun,https://dapi.kakao.com/v2/local/search/address.json,2026-09-06,https://www.data.go.kr/data/15029300/fileData.do,2025-09-25,2026-09-06,administrative_record_only_not_confirmed_active,신축,2010-06-07,2010-06-08,2010-08-19,단독주택,106.9,"주소 기반 추정 위치, 공사현장 좌표 아님"
15029300:652,652,건축행정기록,단독주택,인천광역시 미추홀구 도화동 80-152,37.4674512,126.6559584,geocoded_kakao_jibun,kakao_exact_jibun_address_match,인천 미추홀구 도화동 80-152,1,1,0.0,,kakao_local_api:address_jibun,https://dapi.kakao.com/v2/local/search/address.json,2026-09-06,https://www.data.go.kr/data/15029300/fileData.do,2025-09-25,2026-09-06,administrative_record_only_not_confirmed_active,신축,2010-06-07,2010-06-08,2010-08-18,단독주택,194.02,"주소 기반 추정 위치, 공사현장 좌표 아님"
15029300:653,653,건축행정기록,단독주택,인천광역시 미추홀구 주안동 1301-4,37.4429136,126.6795900,geocoded_kakao_jibun,kakao_exact_jibun_address_match,인천 미추홀구 주안동 1301-4,1,1,0.0,,kakao_local_api:address_jibun,https://dapi.kakao.com/v2/local/search/address.json,2026-09-06,https://www.data.go.kr/data/15029300/fileData.do,2025-09-25,2026-09-06,administrative_record_only_not_confirmed_active,증축,2010-05-20,2010-05-20,,단독주택,116,"주소 기반 추정 위치, 공사현장 좌표 아님"
15029300:654,654,건축행정기록,제1종근린생활시설,인천광역시 미추홀구 주안동 1303-10,37.4435095,126.6797019,geocoded_kakao_jibun,kakao_exact_jibun_address_match,인천 미추홀구 주안동 1303-10,1,1,0.0,,kakao_local_api:address_jibun,https://dapi.kakao.com/v2/local/search/address.json,2026-09-06,https://www.data.go.kr/data/15029300/fileData.do,2025-09-25,2026-09-06,administrative_record_only_not_confirmed_active,증축,2010-05-20,2010-05-25,2010-06-24,제1종근린생활시설,144,"주소 기반 추정 위치, 공사현장 좌표 아님"
15029300:655,655,건축행정기록,공동주택,인천광역시 미추홀구 용현동 568-26,37.4571220,126.6409180,geocoded_kakao_jibun,kakao_exact_jibun_address_match,인천 미추홀구 용현동 568-26,1,1,0.0,,kakao_local_api:address_jibun,https://dapi.kakao.com/v2/local/search/address.json,2026-09-06,https://www.data.go.kr/data/15029300/fileData.do,2025-09-25,2026-09-06,administrative_record_only_not_confirmed_active,증축,2010-05-14,2010-06-03,2010-10-19,공동주택,196.3,"주소 기반 추정 위치, 공사현장 좌표 아님"
15029300:656,656,건축행정기록,제2종근린생활시설,인천광역시 미추홀구 주안동 214-7,37.4616978,126.6782888,geocoded_kakao_jibun,kakao_exact_jibun_address_match,인천 미추홀구 주안동 214-7,1,1,0.0,,kakao_local_api:address_jibun,https://dapi.kakao.com/v2/local/search/address.json,2026-09-06,https://www.data.go.kr/data/15029300/fileData.do,2025-09-25,2026-09-06,administrative_record_only_not_confirmed_active,증축,2010-05-11,2010-05-14,2010-05-24,제2종근린생활시설,167.3,"주소 기반 추정 위치, 공사현장 좌표 아님"
15029300:657,657,건축행정기록,제2종근린생활시설,인천광역시 미추홀구 도화동 550-2,37.4632319,126.6710119,geocoded_kakao_jibun,kakao_exact_jibun_address_match,인천 미추홀구 도화동 550-2,1,1,0.0,,kakao_local_api:address_jibun,https://dapi.kakao.com/v2/local/search/address.json,2026-09-06,https://www.data.go.kr/data/15029300/fileData.do,2025-09-25,2026-09-06,administrative_record_only_not_confirmed_active,증축,2010-05-04,2010-05-10,2010-11-01,제2종근린생활시설,103.3,"주소 기반 추정 위치, 공사현장 좌표 아님"
15029300:658,658,건축행정기록,제2종근린생활시설,인천광역시 미추홀구 용현동 475-1,37.4569345,126.6474475,geocoded_kakao_jibun,kakao_exact_jibun_address_match,인천 미추홀구 용현동 475-1,1,1,0.0,,kakao_local_api:address_jibun,https://dapi.kakao.com/v2/local/search/address.json,2026-09-06,https://www.data.go.kr/data/15029300/fileData.do,2025-09-25,2026-09-06,administrative_record_only_not_confirmed_active,증축,2010-05-03,2010-05-06,2010-07-01,제2종근린생활시설,179.8,"주소 기반 추정 위치, 공사현장 좌표 아님"
15029300:659,659,건축행정기록,제2종근린생활시설,인천광역시 미추홀구 주안동 132-3,37.4630579,126.6824215,geocoded_kakao_jibun,kakao_exact_jibun_address_match,인천 미추홀구 주안동 132-3,1,1,0.0,,kakao_local_api:address_jibun,https://dapi.kakao.com/v2/local/search/address.json,2026-09-06,https://www.data.go.kr/data/15029300/fileData.do,2025-09-25,2026-09-06,administrative_record_only_not_confirmed_active,증축,2010-04-30,2010-05-04,2010-08-11,제2종근린생활시설,384.4,"주소 기반 추정 위치, 공사현장 좌표 아님"
15029300:660,660,건축행정기록,노유자시설,인천광역시 미추홀구 도화동 120-12,37.4691160,126.6713220,geocoded_kakao_jibun,kakao_exact_jibun_address_match,인천 미추홀구 도화동 120-12,1,1,0.0,,kakao_local_api:address_jibun,https://dapi.kakao.com/v2/local/search/address.json,2026-09-06,https://www.data.go.kr/data/15029300/fileData.do,2025-09-25,2026-09-06,administrative_record_only_not_confirmed_active,증축,2010-04-28,2010-04-30,2010-07-01,노유자시설,4831.5,"주소 기반 추정 위치, 공사현장 좌표 아님"
15029300:661,661,건축행정기록,제2종근린생활시설,인천광역시 미추홀구 용현동 556-11,37.4544774,126.6427658,geocoded_kakao_jibun,kakao_exact_jibun_address_match,인천 미추홀구 용현동 556-11,1,1,0.0,,kakao_local_api:address_jibun,https://dapi.kakao.com/v2/local/search/address.json,2026-09-06,https://www.data.go.kr/data/15029300/fileData.do,2025-09-25,2026-09-06,administrative_record_only_not_confirmed_active,증축,2010-04-28,2010-05-06,,제2종근린생활시설,149.4,"주소 기반 추정 위치, 공사현장 좌표 아님"
15029300:662,662,건축행정기록,제1종근린생활시설,인천광역시 미추홀구 주안동 1457-1,37.4512051,126.6786298,geocoded_kakao_jibun,kakao_exact_jibun_address_match,인천 미추홀구 주안동 1457-1,1,1,0.0,,kakao_local_api:address_jibun,https://dapi.kakao.com/v2/local/search/address.json,2026-09-06,https://www.data.go.kr/data/15029300/fileData.do,2025-09-25,2026-09-06,administrative_record_only_not_confirmed_active,증축,2010-04-23,2010-04-27,2010-05-07,제1종근린생활시설,476.9,"주소 기반 추정 위치, 공사현장 좌표 아님"
15029300:663,663,건축행정기록,공장,인천광역시 미추홀구 도화동 68-15,37.4700454,126.6734540,geocoded_kakao_jibun,kakao_exact_jibun_address_match,인천 미추홀구 도화동 68-15,1,1,0.0,,kakao_local_api:address_jibun,https://dapi.kakao.com/v2/local/search/address.json,2026-09-06,https://www.data.go.kr/data/15029300/fileData.do,2025-09-25,2026-09-06,administrative_record_only_not_confirmed_active,증축,2010-04-16,2010-04-22,2010-06-29,공장,1996,"주소 기반 추정 위치, 공사현장 좌표 아님"
15029300:664,664,건축행정기록,단독주택,인천광역시 미추홀구 용현동 39-54,37.4484889,126.6659402,geocoded_kakao_jibun,kakao_exact_jibun_address_match,인천 미추홀구 용현동 39-54,1,1,0.0,,kakao_local_api:address_jibun,https://dapi.kakao.com/v2/local/search/address.json,2026-09-06,https://www.data.go.kr/data/15029300/fileData.do,2025-09-25,2026-09-06,administrative_record_only_not_confirmed_active,증축,2010-04-15,2010-04-29,2010-05-19,단독주택,157.9,"주소 기반 추정 위치, 공사현장 좌표 아님"
15029300:665,665,건축행정기록,제2종근린생활시설,인천광역시 미추홀구 도화동 24-59,37.4773578,126.6543941,geocoded_kakao_jibun,kakao_exact_jibun_address_match,인천 미추홀구 도화동 24-59,1,1,0.0,,kakao_local_api:address_jibun,https://dapi.kakao.com/v2/local/search/address.json,2026-09-06,https://www.data.go.kr/data/15029300/fileData.do,2025-09-25,2026-09-06,administrative_record_only_not_confirmed_active,신축,2010-04-09,2010-04-13,2010-06-25,제2종근린생활시설,136.3,"주소 기반 추정 위치, 공사현장 좌표 아님"
15029300:666,666,건축행정기록,제2종근린생활시설,인천광역시 미추홀구 주안동 210-1,37.4616524,126.6798729,geocoded_kakao_jibun,kakao_exact_jibun_address_match,인천 미추홀구 주안동 210-1,1,1,0.0,,kakao_local_api:address_jibun,https://dapi.kakao.com/v2/local/search/address.json,2026-09-06,https://www.data.go.kr/data/15029300/fileData.do,2025-09-25,2026-09-06,administrative_record_only_not_confirmed_active,증축,2010-04-09,2010-04-13,2014-02-13,제2종근린생활시설,457.15,"주소 기반 추정 위치, 공사현장 좌표 아님"
15029300:667,667,건축행정기록,제2종근린생활시설,인천광역시 미추홀구 숭의동 160-47,37.4638174,126.6456067,geocoded_kakao_jibun,kakao_exact_jibun_address_match,인천 미추홀구 숭의동 160-47,1,1,0.0,,kakao_local_api:address_jibun,https://dapi.kakao.com/v2/local/search/address.json,2026-09-06,https://www.data.go.kr/data/15029300/fileData.do,2025-09-25,2026-09-06,administrative_record_only_not_confirmed_active,증축,2010-04-08,2010-04-27,2010-06-21,제2종근린생활시설,55.2,"주소 기반 추정 위치, 공사현장 좌표 아님"
15029300:668,668,건축행정기록,단독주택,인천광역시 미추홀구 도화동 634-144,37.4647570,126.6618581,geocoded_kakao_jibun,kakao_exact_jibun_address_match,인천 미추홀구 도화동 634-144,1,1,0.0,,kakao_local_api:address_jibun,https://dapi.kakao.com/v2/local/search/address.json,2026-09-06,https://www.data.go.kr/data/15029300/fileData.do,2025-09-25,2026-09-06,administrative_record_only_not_confirmed_active,증축,2010-03-31,2010-04-05,2010-06-07,단독주택,152,"주소 기반 추정 위치, 공사현장 좌표 아님"
15029300:669,669,건축행정기록,제2종근린생활시설,인천광역시 미추홀구 주안동 35-39,37.4654773,126.6926025,geocoded_kakao_jibun,kakao_exact_jibun_address_match,인천 미추홀구 주안동 35-39,1,1,0.0,,kakao_local_api:address_jibun,https://dapi.kakao.com/v2/local/search/address.json,2026-09-06,https://www.data.go.kr/data/15029300/fileData.do,2025-09-25,2026-09-06,administrative_record_only_not_confirmed_active,증축,2010-03-31,2010-04-01,2010-04-08,제2종근린생활시설,1234.8,"주소 기반 추정 위치, 공사현장 좌표 아님"
15029300:670,670,건축행정기록,종교시설,인천광역시 미추홀구 도화동 523-5 외4필지,37.4612501,126.6689310,geocoded_kakao_jibun,kakao_exact_jibun_address_match,인천 미추홀구 도화동 523-5,1,1,0.0,,kakao_local_api:address_jibun,https://dapi.kakao.com/v2/local/search/address.json,2026-09-06,https://www.data.go.kr/data/15029300/fileData.do,2025-09-25,2026-09-06,administrative_record_only_not_confirmed_active,증축,2010-03-26,2010-04-01,2010-06-18,종교시설,3359.9,"주소 기반 추정 위치, 공사현장 좌표 아님"
15029300:671,671,건축행정기록,제1종근린생활시설,인천광역시 미추홀구 주안동 1457-1,37.4512051,126.6786298,geocoded_kakao_jibun,kakao_exact_jibun_address_match,인천 미추홀구 주안동 1457-1,1,1,0.0,,kakao_local_api:address_jibun,https://dapi.kakao.com/v2/local/search/address.json,2026-09-06,https://www.data.go.kr/data/15029300/fileData.do,2025-09-25,2026-09-06,administrative_record_only_not_confirmed_active,증축,2010-03-17,2010-03-17,2010-03-26,제1종근린생활시설,476.9,"주소 기반 추정 위치, 공사현장 좌표 아님"
15029300:672,672,건축행정기록,제1종근린생활시설,인천광역시 미추홀구 용현동 630-83,37.4516052,126.6343246,geocoded_kakao_jibun,kakao_exact_jibun_address_match,인천 미추홀구 용현동 630-83,1,1,0.0,,kakao_local_api:address_jibun,https://dapi.kakao.com/v2/local/search/address.json,2026-09-06,https://www.data.go.kr/data/15029300/fileData.do,2025-09-25,2026-09-06,administrative_record_only_not_confirmed_active,증축,2010-03-11,2010-03-16,2010-03-23,제1종근린생활시설,232.8,"주소 기반 추정 위치, 공사현장 좌표 아님"
15029300:673,673,건축행정기록,교육연구시설,인천광역시 미추홀구 용현동 253 외26필지,,,unresolved,no_exact_parcel_match_in_kakao,,0,0,,,kakao_local_api:unresolved,https://dapi.kakao.com/v2/local/search/address.json,2026-09-06,https://www.data.go.kr/data/15029300/fileData.do,2025-09-25,2026-09-06,administrative_record_only_not_confirmed_active,증축,2010-03-04,2010-04-01,2010-04-30,교육연구시설,400206,"주소 기반 추정 위치, 공사현장 좌표 아님"
15029300:674,674,건축행정기록,공동주택,인천광역시 미추홀구 주안동 587-13,37.4568102,126.6666846,geocoded_kakao_jibun,kakao_exact_jibun_address_match,인천 미추홀구 주안동 587-13,1,1,0.0,,kakao_local_api:address_jibun,https://dapi.kakao.com/v2/local/search/address.json,2026-09-06,https://www.data.go.kr/data/15029300/fileData.do,2025-09-25,2026-09-06,administrative_record_only_not_confirmed_active,증축,2010-02-24,2010-03-02,2010-03-29,공동주택,101,"주소 기반 추정 위치, 공사현장 좌표 아님"
15029300:675,675,건축행정기록,노유자시설,인천광역시 미추홀구 용현동 627-150 외1필지,37.4511251,126.6350990,geocoded_kakao_jibun,kakao_exact_jibun_address_match,인천 미추홀구 용현동 627-150,1,1,0.0,,kakao_local_api:address_jibun,https://dapi.kakao.com/v2/local/search/address.json,2026-09-06,https://www.data.go.kr/data/15029300/fileData.do,2025-09-25,2026-09-06,administrative_record_only_not_confirmed_active,증축,2010-02-11,2010-02-17,2010-04-09,노유자시설,294,"주소 기반 추정 위치, 공사현장 좌표 아님"
15029300:676,676,건축행정기록,제2종근린생활시설,인천광역시 미추홀구 용현동 195-27,37.4525952,126.6571844,geocoded_kakao_jibun,kakao_exact_jibun_address_match,인천 미추홀구 용현동 195-27,1,1,0.0,,kakao_local_api:address_jibun,https://dapi.kakao.com/v2/local/search/address.json,2026-09-06,https://www.data.go.kr/data/15029300/fileData.do,2025-09-25,2026-09-06,administrative_record_only_not_confirmed_active,증축,2010-02-08,2010-02-09,2010-04-02,제2종근린생활시설,161.9,"주소 기반 추정 위치, 공사현장 좌표 아님"
15029300:677,677,건축행정기록,제2종근린생활시설,인천광역시 미추홀구 주안동 1492-8,37.4481624,126.6843548,geocoded_kakao_jibun,kakao_exact_jibun_address_match,인천 미추홀구 주안동 1492-8,1,1,0.0,,kakao_local_api:address_jibun,https://dapi.kakao.com/v2/local/search/address.json,2026-09-06,https://www.data.go.kr/data/15029300/fileData.do,2025-09-25,2026-09-06,administrative_record_only_not_confirmed_active,대수선,2010-01-20,2010-01-22,2010-02-03,제2종근린생활시설,264.6,"주소 기반 추정 위치, 공사현장 좌표 아님"
15029300:678,678,건축행정기록,단독주택,인천광역시 미추홀구 주안동 1211-15,37.4469047,126.6839650,geocoded_kakao_jibun,kakao_exact_jibun_address_match,인천 미추홀구 주안동 1211-15,1,1,0.0,,kakao_local_api:address_jibun,https://dapi.kakao.com/v2/local/search/address.json,2026-09-06,https://www.data.go.kr/data/15029300/fileData.do,2025-09-25,2026-09-06,administrative_record_only_not_confirmed_active,신축,2010-01-19,2010-01-20,2010-05-19,단독주택,154,"주소 기반 추정 위치, 공사현장 좌표 아님"
15029300:679,679,건축행정기록,단독주택,인천광역시 미추홀구 주안동 197-23,37.4591015,126.6771261,geocoded_kakao_jibun,kakao_exact_jibun_address_match,인천 미추홀구 주안동 197-23,1,1,0.0,,kakao_local_api:address_jibun,https://dapi.kakao.com/v2/local/search/address.json,2026-09-06,https://www.data.go.kr/data/15029300/fileData.do,2025-09-25,2026-09-06,administrative_record_only_not_confirmed_active,신축,2009-12-24,2009-12-28,2010-02-09,단독주택,192.4,"주소 기반 추정 위치, 공사현장 좌표 아님"
15029300:680,680,건축행정기록,제1종근린생활시설,인천광역시 미추홀구 용현동 195-17,37.4526514,126.6575124,geocoded_kakao_jibun,kakao_exact_jibun_address_match,인천 미추홀구 용현동 195-17,1,1,0.0,,kakao_local_api:address_jibun,https://dapi.kakao.com/v2/local/search/address.json,2026-09-06,https://www.data.go.kr/data/15029300/fileData.do,2025-09-25,2026-09-06,administrative_record_only_not_confirmed_active,증축,2009-12-24,2009-12-28,2010-02-01,제1종근린생활시설,173,"주소 기반 추정 위치, 공사현장 좌표 아님"
15029300:681,681,건축행정기록,제2종근린생활시설,인천광역시 미추홀구 주안동 46-3,37.4638304,126.6939487,geocoded_kakao_jibun,kakao_exact_jibun_address_match,인천 미추홀구 주안동 46-3,1,1,0.0,,kakao_local_api:address_jibun,https://dapi.kakao.com/v2/local/search/address.json,2026-09-06,https://www.data.go.kr/data/15029300/fileData.do,2025-09-25,2026-09-06,administrative_record_only_not_confirmed_active,증축,2009-12-18,2009-12-18,2009-12-29,제2종근린생활시설,535.5,"주소 기반 추정 위치, 공사현장 좌표 아님"
15029300:682,682,건축행정기록,공동주택,인천광역시 미추홀구 도화동 506-14,37.4582669,126.6681593,geocoded_kakao_jibun,kakao_exact_jibun_address_match,인천 미추홀구 도화동 506-14,1,1,0.0,,kakao_local_api:address_jibun,https://dapi.kakao.com/v2/local/search/address.json,2026-09-06,https://www.data.go.kr/data/15029300/fileData.do,2025-09-25,2026-09-06,administrative_record_only_not_confirmed_active,증축,2009-12-17,2009-12-28,2010-01-21,공동주택,194.7,"주소 기반 추정 위치, 공사현장 좌표 아님"
15029300:683,683,건축행정기록,종교시설,인천광역시 미추홀구 주안동 1257-5 외1필지,37.4474928,126.6814853,geocoded_kakao_jibun,kakao_exact_jibun_address_match,인천 미추홀구 주안동 1257-5,1,1,0.0,,kakao_local_api:address_jibun,https://dapi.kakao.com/v2/local/search/address.json,2026-09-06,https://www.data.go.kr/data/15029300/fileData.do,2025-09-25,2026-09-06,administrative_record_only_not_confirmed_active,증축,2009-12-01,2009-12-01,2010-06-10,종교시설,1642,"주소 기반 추정 위치, 공사현장 좌표 아님"
15029300:684,684,건축행정기록,단독주택,인천광역시 미추홀구 용현동 166-14,37.4525933,126.6547609,geocoded_kakao_jibun,kakao_exact_jibun_address_match,인천 미추홀구 용현동 166-14,1,1,0.0,,kakao_local_api:address_jibun,https://dapi.kakao.com/v2/local/search/address.json,2026-09-06,https://www.data.go.kr/data/15029300/fileData.do,2025-09-25,2026-09-06,administrative_record_only_not_confirmed_active,증축,2009-10-29,2009-10-30,2010-01-20,단독주택,147,"주소 기반 추정 위치, 공사현장 좌표 아님"
15029300:685,685,건축행정기록,공동주택,인천광역시 미추홀구 용현동 568-22,37.4572333,126.6411930,geocoded_kakao_jibun,kakao_exact_jibun_address_match,인천 미추홀구 용현동 568-22,1,1,0.0,,kakao_local_api:address_jibun,https://dapi.kakao.com/v2/local/search/address.json,2026-09-06,https://www.data.go.kr/data/15029300/fileData.do,2025-09-25,2026-09-06,administrative_record_only_not_confirmed_active,증축,2009-10-23,2009-10-27,2009-11-06,공동주택,175.2,"주소 기반 추정 위치, 공사현장 좌표 아님"
15029300:686,686,건축행정기록,단독주택,인천광역시 미추홀구 용현동 627-229,37.4504464,126.6348411,geocoded_kakao_jibun,kakao_exact_jibun_address_match,인천 미추홀구 용현동 627-229,1,1,0.0,,kakao_local_api:address_jibun,https://dapi.kakao.com/v2/local/search/address.json,2026-09-06,https://www.data.go.kr/data/15029300/fileData.do,2025-09-25,2026-09-06,administrative_record_only_not_confirmed_active,증축,2009-10-22,2009-10-22,2009-11-06,단독주택,140,"주소 기반 추정 위치, 공사현장 좌표 아님"
15029300:687,687,건축행정기록,제2종근린생활시설,인천광역시 미추홀구 주안동 1466,37.4500619,126.6800610,geocoded_kakao_jibun,kakao_exact_jibun_address_match,인천 미추홀구 주안동 1466,1,1,0.0,,kakao_local_api:address_jibun,https://dapi.kakao.com/v2/local/search/address.json,2026-09-06,https://www.data.go.kr/data/15029300/fileData.do,2025-09-25,2026-09-06,administrative_record_only_not_confirmed_active,증축,2009-10-20,2010-05-06,,제2종근린생활시설,211.5,"주소 기반 추정 위치, 공사현장 좌표 아님"
15029300:688,688,건축행정기록,제1종근린생활시설,인천광역시 미추홀구 도화동 372-6,37.4611106,126.6749941,geocoded_kakao_jibun,kakao_exact_jibun_address_match,인천 미추홀구 도화동 372-6,1,1,0.0,,kakao_local_api:address_jibun,https://dapi.kakao.com/v2/local/search/address.json,2026-09-06,https://www.data.go.kr/data/15029300/fileData.do,2025-09-25,2026-09-06,administrative_record_only_not_confirmed_active,증축,2009-10-16,2009-10-20,2009-12-01,제1종근린생활시설,176.1,"주소 기반 추정 위치, 공사현장 좌표 아님"
15029300:689,689,건축행정기록,제1종근린생활시설,인천광역시 미추홀구 주안동 925-20,37.4611461,126.6921731,geocoded_kakao_jibun,kakao_exact_jibun_address_match,인천 미추홀구 주안동 925-20,1,1,0.0,,kakao_local_api:address_jibun,https://dapi.kakao.com/v2/local/search/address.json,2026-09-06,https://www.data.go.kr/data/15029300/fileData.do,2025-09-25,2026-09-06,administrative_record_only_not_confirmed_active,증축,2009-10-15,2009-10-16,2009-10-26,제1종근린생활시설,132.2,"주소 기반 추정 위치, 공사현장 좌표 아님"
15029300:690,690,건축행정기록,단독주택,인천광역시 미추홀구 용현동 628-20,37.4549737,126.6359043,geocoded_kakao_jibun,kakao_exact_jibun_address_match,인천 미추홀구 용현동 628-20,1,1,0.0,,kakao_local_api:address_jibun,https://dapi.kakao.com/v2/local/search/address.json,2026-09-06,https://www.data.go.kr/data/15029300/fileData.do,2025-09-25,2026-09-06,administrative_record_only_not_confirmed_active,증축,2009-10-13,2009-10-16,2009-11-03,단독주택,267.8,"주소 기반 추정 위치, 공사현장 좌표 아님"
15029300:691,691,건축행정기록,제2종근린생활시설,인천광역시 미추홀구 용현동 630-67,37.4523332,126.6342264,geocoded_kakao_jibun,kakao_exact_jibun_address_match,인천 미추홀구 용현동 630-67,1,1,0.0,,kakao_local_api:address_jibun,https://dapi.kakao.com/v2/local/search/address.json,2026-09-06,https://www.data.go.kr/data/15029300/fileData.do,2025-09-25,2026-09-06,administrative_record_only_not_confirmed_active,증축,2009-10-13,2009-10-16,2009-10-22,제2종근린생활시설,265.5,"주소 기반 추정 위치, 공사현장 좌표 아님"
15029300:692,692,건축행정기록,제2종근린생활시설,인천광역시 미추홀구 문학동 365-2,37.4378726,126.6808660,geocoded_kakao_jibun,kakao_exact_jibun_address_match,인천 미추홀구 문학동 365-2,1,1,0.0,,kakao_local_api:address_jibun,https://dapi.kakao.com/v2/local/search/address.json,2026-09-06,https://www.data.go.kr/data/15029300/fileData.do,2025-09-25,2026-09-06,administrative_record_only_not_confirmed_active,증축,2009-10-01,2009-10-09,2009-11-09,제2종근린생활시설,346.6,"주소 기반 추정 위치, 공사현장 좌표 아님"
15029300:693,693,건축행정기록,단독주택,인천광역시 미추홀구 주안동 18-33,37.4671816,126.6831141,geocoded_kakao_jibun,kakao_exact_jibun_address_match,인천 미추홀구 주안동 18-33,1,1,0.0,,kakao_local_api:address_jibun,https://dapi.kakao.com/v2/local/search/address.json,2026-09-06,https://www.data.go.kr/data/15029300/fileData.do,2025-09-25,2026-09-06,administrative_record_only_not_confirmed_active,증축,2009-09-30,2009-10-07,2009-11-10,단독주택,201.1,"주소 기반 추정 위치, 공사현장 좌표 아님"
15029300:694,694,건축행정기록,제2종근린생활시설,인천광역시 미추홀구 주안동 999-8,37.4596365,126.6888516,geocoded_kakao_jibun,kakao_exact_jibun_address_match,인천 미추홀구 주안동 999-8,1,1,0.0,,kakao_local_api:address_jibun,https://dapi.kakao.com/v2/local/search/address.json,2026-09-06,https://www.data.go.kr/data/15029300/fileData.do,2025-09-25,2026-09-06,administrative_record_only_not_confirmed_active,증축,2009-09-25,2009-09-28,2021-03-26,제2종근린생활시설,220.8,"주소 기반 추정 위치, 공사현장 좌표 아님"
15029300:695,695,건축행정기록,제2종근린생활시설,인천광역시 미추홀구 주안동 81-24,,,unresolved,no_exact_parcel_match_in_kakao,,0,0,,,kakao_local_api:unresolved,https://dapi.kakao.com/v2/local/search/address.json,2026-09-06,https://www.data.go.kr/data/15029300/fileData.do,2025-09-25,2026-09-06,administrative_record_only_not_confirmed_active,증축,2009-09-22,2009-09-22,,제2종근린생활시설,158.4,"주소 기반 추정 위치, 공사현장 좌표 아님"
15029300:696,696,건축행정기록,제2종근린생활시설,인천광역시 미추홀구 주안동 924-2,37.4603589,126.6917233,geocoded_kakao_jibun,kakao_exact_jibun_address_match,인천 미추홀구 주안동 924-2,1,1,0.0,,kakao_local_api:address_jibun,https://dapi.kakao.com/v2/local/search/address.json,2026-09-06,https://www.data.go.kr/data/15029300/fileData.do,2025-09-25,2026-09-06,administrative_record_only_not_confirmed_active,증축,2009-09-17,2009-09-21,2009-10-29,제2종근린생활시설,233.91,"주소 기반 추정 위치, 공사현장 좌표 아님"
15029300:697,697,건축행정기록,제2종근린생활시설,인천광역시 미추홀구 주안동 914-17,37.4613322,126.6937687,geocoded_kakao_jibun,kakao_exact_jibun_address_match,인천 미추홀구 주안동 914-17,1,1,0.0,,kakao_local_api:address_jibun,https://dapi.kakao.com/v2/local/search/address.json,2026-09-06,https://www.data.go.kr/data/15029300/fileData.do,2025-09-25,2026-09-06,administrative_record_only_not_confirmed_active,증축,2009-09-11,2009-09-28,2009-12-21,제2종근린생활시설,157.1,"주소 기반 추정 위치, 공사현장 좌표 아님"
15029300:698,698,건축행정기록,제2종근린생활시설,인천광역시 미추홀구 주안동 102-2,37.4627524,126.6850650,geocoded_kakao_jibun,kakao_exact_jibun_address_match,인천 미추홀구 주안동 102-2,1,1,0.0,,kakao_local_api:address_jibun,https://dapi.kakao.com/v2/local/search/address.json,2026-09-06,https://www.data.go.kr/data/15029300/fileData.do,2025-09-25,2026-09-06,administrative_record_only_not_confirmed_active,증축,2009-09-11,2009-09-14,2009-11-11,제2종근린생활시설,338.2,"주소 기반 추정 위치, 공사현장 좌표 아님"
15029300:699,699,건축행정기록,단독주택,인천광역시 미추홀구 용현동 195-7,37.4525675,126.6564833,geocoded_kakao_jibun,kakao_exact_jibun_address_match,인천 미추홀구 용현동 195-7,1,1,0.0,,kakao_local_api:address_jibun,https://dapi.kakao.com/v2/local/search/address.json,2026-09-06,https://www.data.go.kr/data/15029300/fileData.do,2025-09-25,2026-09-06,administrative_record_only_not_confirmed_active,증축,2009-09-04,2009-09-24,2009-09-29,단독주택,272.7,"주소 기반 추정 위치, 공사현장 좌표 아님"
15029300:700,700,건축행정기록,단독주택,인천광역시 미추홀구 숭의동 4-9,37.4627403,126.6586178,geocoded_kakao_jibun,kakao_exact_jibun_address_match,인천 미추홀구 숭의동 4-9,1,1,0.0,,kakao_local_api:address_jibun,https://dapi.kakao.com/v2/local/search/address.json,2026-09-06,https://www.data.go.kr/data/15029300/fileData.do,2025-09-25,2026-09-06,administrative_record_only_not_confirmed_active,증축,2009-08-31,2009-09-02,2009-11-26,단독주택,84.35,"주소 기반 추정 위치, 공사현장 좌표 아님"
15029300:701,701,건축행정기록,제2종근린생활시설,인천광역시 미추홀구 용현동 630-67,37.4523332,126.6342264,geocoded_kakao_jibun,kakao_exact_jibun_address_match,인천 미추홀구 용현동 630-67,1,1,0.0,,kakao_local_api:address_jibun,https://dapi.kakao.com/v2/local/search/address.json,2026-09-06,https://www.data.go.kr/data/15029300/fileData.do,2025-09-25,2026-09-06,administrative_record_only_not_confirmed_active,증축,2009-08-18,2009-08-18,2009-08-26,제2종근린생활시설,265.5,"주소 기반 추정 위치, 공사현장 좌표 아님"
15029300:702,702,건축행정기록,제2종근린생활시설,인천광역시 미추홀구 용현동 198-28,37.4518537,126.6558316,geocoded_kakao_jibun,kakao_exact_jibun_address_match,인천 미추홀구 용현동 198-28,1,1,0.0,,kakao_local_api:address_jibun,https://dapi.kakao.com/v2/local/search/address.json,2026-09-06,https://www.data.go.kr/data/15029300/fileData.do,2025-09-25,2026-09-06,administrative_record_only_not_confirmed_active,대수선,2009-08-03,2009-08-05,2009-08-26,제2종근린생활시설,156.7,"주소 기반 추정 위치, 공사현장 좌표 아님"
15029300:703,703,건축행정기록,단독주택,인천광역시 미추홀구 주안동 1292-41,37.4423433,126.6826914,geocoded_kakao_jibun,kakao_exact_jibun_address_match,인천 미추홀구 주안동 1292-41,1,1,0.0,,kakao_local_api:address_jibun,https://dapi.kakao.com/v2/local/search/address.json,2026-09-06,https://www.data.go.kr/data/15029300/fileData.do,2025-09-25,2026-09-06,administrative_record_only_not_confirmed_active,증축,2009-07-31,2009-08-05,2009-08-24,단독주택,130,"주소 기반 추정 위치, 공사현장 좌표 아님"
15029300:704,704,건축행정기록,노유자시설,인천광역시 미추홀구 주안동 301-3 외1필지,37.4639161,126.6931218,geocoded_kakao_jibun,kakao_exact_jibun_address_match,인천 미추홀구 주안동 301-3,1,1,0.0,,kakao_local_api:address_jibun,https://dapi.kakao.com/v2/local/search/address.json,2026-09-06,https://www.data.go.kr/data/15029300/fileData.do,2025-09-25,2026-09-06,administrative_record_only_not_confirmed_active,증축,2009-07-27,2009-07-29,2009-08-31,노유자시설,363.4,"주소 기반 추정 위치, 공사현장 좌표 아님"
15029300:705,705,건축행정기록,단독주택,인천광역시 미추홀구 주안동 1342-98,37.4456930,126.6776948,geocoded_kakao_jibun,kakao_exact_jibun_address_match,인천 미추홀구 주안동 1342-98,1,1,0.0,,kakao_local_api:address_jibun,https://dapi.kakao.com/v2/local/search/address.json,2026-09-06,https://www.data.go.kr/data/15029300/fileData.do,2025-09-25,2026-09-06,administrative_record_only_not_confirmed_active,대수선,2009-07-21,2009-07-23,2009-10-09,단독주택,74,"주소 기반 추정 위치, 공사현장 좌표 아님"
15029300:706,706,건축행정기록,제2종근린생활시설,인천광역시 미추홀구 용현동 50-3 외2필지,37.4493487,126.6642650,geocoded_kakao_jibun,kakao_exact_jibun_address_match,인천 미추홀구 용현동 50-3,1,1,0.0,,kakao_local_api:address_jibun,https://dapi.kakao.com/v2/local/search/address.json,2026-09-06,https://www.data.go.kr/data/15029300/fileData.do,2025-09-25,2026-09-06,administrative_record_only_not_confirmed_active,증축,2009-07-13,2009-07-13,2009-09-09,제2종근린생활시설,510.8,"주소 기반 추정 위치, 공사현장 좌표 아님"
15029300:707,707,건축행정기록,제2종근린생활시설,인천광역시 미추홀구 용현동 621-7,37.4532193,126.6362314,geocoded_kakao_jibun,kakao_exact_jibun_address_match,인천 미추홀구 용현동 621-7,1,1,0.0,,kakao_local_api:address_jibun,https://dapi.kakao.com/v2/local/search/address.json,2026-09-06,https://www.data.go.kr/data/15029300/fileData.do,2025-09-25,2026-09-06,administrative_record_only_not_confirmed_active,증축,2009-07-09,2009-07-22,2009-09-10,제2종근린생활시설,167.9,"주소 기반 추정 위치, 공사현장 좌표 아님"
15029300:708,708,건축행정기록,제2종근린생활시설,인천광역시 미추홀구 주안동 1460-6,37.4488105,126.6792136,geocoded_kakao_jibun,kakao_exact_jibun_address_match,인천 미추홀구 주안동 1460-6,1,1,0.0,,kakao_local_api:address_jibun,https://dapi.kakao.com/v2/local/search/address.json,2026-09-06,https://www.data.go.kr/data/15029300/fileData.do,2025-09-25,2026-09-06,administrative_record_only_not_confirmed_active,증축,2009-07-01,2009-07-03,2010-05-13,제2종근린생활시설,1205,"주소 기반 추정 위치, 공사현장 좌표 아님"
15029300:709,709,건축행정기록,단독주택,인천광역시 미추홀구 도화동 532-25,,,unresolved,no_exact_parcel_match_in_kakao,,0,0,,,kakao_local_api:unresolved,https://dapi.kakao.com/v2/local/search/address.json,2026-09-06,https://www.data.go.kr/data/15029300/fileData.do,2025-09-25,2026-09-06,administrative_record_only_not_confirmed_active,증축,2009-06-26,2009-07-16,2009-09-04,단독주택,117.1,"주소 기반 추정 위치, 공사현장 좌표 아님"
15029300:710,710,건축행정기록,단독주택,인천광역시 미추홀구 용현동 185-4,37.4512655,126.6600219,geocoded_kakao_jibun,kakao_exact_jibun_address_match,인천 미추홀구 용현동 185-4,1,1,0.0,,kakao_local_api:address_jibun,https://dapi.kakao.com/v2/local/search/address.json,2026-09-06,https://www.data.go.kr/data/15029300/fileData.do,2025-09-25,2026-09-06,administrative_record_only_not_confirmed_active,증축,2009-06-16,2009-06-16,2009-07-09,단독주택,187.8,"주소 기반 추정 위치, 공사현장 좌표 아님"
15029300:711,711,건축행정기록,공장,인천광역시 미추홀구 도화동 823-12 외1필지,37.4796400,126.6626431,geocoded_kakao_jibun,kakao_exact_jibun_address_match,인천 미추홀구 도화동 823-12,1,1,0.0,,kakao_local_api:address_jibun,https://dapi.kakao.com/v2/local/search/address.json,2026-09-06,https://www.data.go.kr/data/15029300/fileData.do,2025-09-25,2026-09-06,administrative_record_only_not_confirmed_active,증축,2009-06-12,2009-06-24,2009-07-06,공장,1582.8,"주소 기반 추정 위치, 공사현장 좌표 아님"
15029300:712,712,건축행정기록,단독주택,인천광역시 미추홀구 용현동 167-4,37.4524568,126.6552064,geocoded_kakao_jibun,kakao_exact_jibun_address_match,인천 미추홀구 용현동 167-4,1,1,0.0,,kakao_local_api:address_jibun,https://dapi.kakao.com/v2/local/search/address.json,2026-09-06,https://www.data.go.kr/data/15029300/fileData.do,2025-09-25,2026-09-06,administrative_record_only_not_confirmed_active,증축,2009-06-05,2009-06-08,2009-07-24,단독주택,162,"주소 기반 추정 위치, 공사현장 좌표 아님"
15029300:713,713,건축행정기록,제2종근린생활시설,인천광역시 미추홀구 주안동 35-2,37.4655459,126.6907114,geocoded_kakao_jibun,kakao_exact_jibun_address_match,인천 미추홀구 주안동 35-2,1,1,0.0,,kakao_local_api:address_jibun,https://dapi.kakao.com/v2/local/search/address.json,2026-09-06,https://www.data.go.kr/data/15029300/fileData.do,2025-09-25,2026-09-06,administrative_record_only_not_confirmed_active,증축,2009-06-03,2009-06-05,2009-06-11,제2종근린생활시설,773.6,"주소 기반 추정 위치, 공사현장 좌표 아님"
15029300:714,714,건축행정기록,단독주택,인천광역시 미추홀구 용현동 132-126,37.4566241,126.6580944,geocoded_kakao_jibun,kakao_exact_jibun_address_match,인천 미추홀구 용현동 132-126,1,1,0.0,,kakao_local_api:address_jibun,https://dapi.kakao.com/v2/local/search/address.json,2026-09-06,https://www.data.go.kr/data/15029300/fileData.do,2025-09-25,2026-09-06,administrative_record_only_not_confirmed_active,증축,2009-05-28,2009-05-29,2009-06-26,단독주택,129,"주소 기반 추정 위치, 공사현장 좌표 아님"
15029300:715,715,건축행정기록,종교시설,인천광역시 미추홀구 주안동 1205-3 외1필지,37.4457114,126.6865372,geocoded_kakao_jibun,kakao_exact_jibun_address_match,인천 미추홀구 주안동 1205-3,1,1,0.0,,kakao_local_api:address_jibun,https://dapi.kakao.com/v2/local/search/address.json,2026-09-06,https://www.data.go.kr/data/15029300/fileData.do,2025-09-25,2026-09-06,administrative_record_only_not_confirmed_active,증축,2009-05-26,2009-05-27,2009-07-10,종교시설,1703.4,"주소 기반 추정 위치, 공사현장 좌표 아님"
15029300:716,716,건축행정기록,단독주택,인천광역시 미추홀구 주안동 1240-36,37.4447830,126.6811543,geocoded_kakao_jibun,kakao_exact_jibun_address_match,인천 미추홀구 주안동 1240-36,1,1,0.0,,kakao_local_api:address_jibun,https://dapi.kakao.com/v2/local/search/address.json,2026-09-06,https://www.data.go.kr/data/15029300/fileData.do,2025-09-25,2026-09-06,administrative_record_only_not_confirmed_active,증축,2009-05-21,2009-06-16,2009-06-25,단독주택,148,"주소 기반 추정 위치, 공사현장 좌표 아님"
15029300:717,717,건축행정기록,제2종근린생활시설,인천광역시 미추홀구 용현동 619-5 외1필지,37.4518872,126.6351031,geocoded_kakao_jibun,kakao_exact_jibun_address_match,인천 미추홀구 용현동 619-5,1,1,0.0,,kakao_local_api:address_jibun,https://dapi.kakao.com/v2/local/search/address.json,2026-09-06,https://www.data.go.kr/data/15029300/fileData.do,2025-09-25,2026-09-06,administrative_record_only_not_confirmed_active,증축,2009-05-15,2009-05-19,,제2종근린생활시설,369.1,"주소 기반 추정 위치, 공사현장 좌표 아님"
15029300:718,718,건축행정기록,단독주택,인천광역시 미추홀구 숭의동 301-46,37.4603052,126.6462471,geocoded_kakao_jibun,kakao_exact_jibun_address_match,인천 미추홀구 숭의동 301-46,1,1,0.0,,kakao_local_api:address_jibun,https://dapi.kakao.com/v2/local/search/address.json,2026-09-06,https://www.data.go.kr/data/15029300/fileData.do,2025-09-25,2026-09-06,administrative_record_only_not_confirmed_active,대수선,2009-04-29,2009-05-06,,단독주택,50.6,"주소 기반 추정 위치, 공사현장 좌표 아님"
15029300:719,719,건축행정기록,제2종근린생활시설,인천광역시 미추홀구 도화동 16-64,37.4776370,126.6554593,geocoded_kakao_jibun,kakao_exact_jibun_address_match,인천 미추홀구 도화동 16-64,1,1,0.0,,kakao_local_api:address_jibun,https://dapi.kakao.com/v2/local/search/address.json,2026-09-06,https://www.data.go.kr/data/15029300/fileData.do,2025-09-25,2026-09-06,administrative_record_only_not_confirmed_active,증축,2009-04-28,2009-04-29,2009-07-14,제2종근린생활시설,90.2,"주소 기반 추정 위치, 공사현장 좌표 아님"
15029300:720,720,건축행정기록,자동차관련시설,인천광역시 미추홀구 용현동 629-66,37.4535678,126.6351477,geocoded_kakao_jibun,kakao_exact_jibun_address_match,인천 미추홀구 용현동 629-66,1,1,0.0,,kakao_local_api:address_jibun,https://dapi.kakao.com/v2/local/search/address.json,2026-09-06,https://www.data.go.kr/data/15029300/fileData.do,2025-09-25,2026-09-06,administrative_record_only_not_confirmed_active,신축,2009-04-07,2009-04-09,2009-06-04,자동차관련시설,230.9,"주소 기반 추정 위치, 공사현장 좌표 아님"
15029300:721,721,건축행정기록,제2종근린생활시설,인천광역시 미추홀구 주안동 161-11,37.4617041,126.6812121,geocoded_kakao_jibun,kakao_exact_jibun_address_match,인천 미추홀구 주안동 161-11,1,1,0.0,,kakao_local_api:address_jibun,https://dapi.kakao.com/v2/local/search/address.json,2026-09-06,https://www.data.go.kr/data/15029300/fileData.do,2025-09-25,2026-09-06,administrative_record_only_not_confirmed_active,증축,2009-04-01,2009-04-02,2009-05-21,제2종근린생활시설,201.6,"주소 기반 추정 위치, 공사현장 좌표 아님"
15029300:722,722,건축행정기록,단독주택,인천광역시 미추홀구 주안동 1564-4,37.4498864,126.6906232,geocoded_kakao_jibun,kakao_exact_jibun_address_match,인천 미추홀구 주안동 1564-4,1,1,0.0,,kakao_local_api:address_jibun,https://dapi.kakao.com/v2/local/search/address.json,2026-09-06,https://www.data.go.kr/data/15029300/fileData.do,2025-09-25,2026-09-06,administrative_record_only_not_confirmed_active,증축,2009-03-30,2009-04-02,2009-06-08,단독주택,165.4,"주소 기반 추정 위치, 공사현장 좌표 아님"
15029300:723,723,건축행정기록,공장,인천광역시 미추홀구 도화동 818-5,37.4783363,126.6629896,geocoded_kakao_jibun,kakao_exact_jibun_address_match,인천 미추홀구 도화동 818-5,1,1,0.0,,kakao_local_api:address_jibun,https://dapi.kakao.com/v2/local/search/address.json,2026-09-06,https://www.data.go.kr/data/15029300/fileData.do,2025-09-25,2026-09-06,administrative_record_only_not_confirmed_active,증축,2009-03-25,2009-03-27,2009-04-09,공장,991.9,"주소 기반 추정 위치, 공사현장 좌표 아님"
15029300:724,724,건축행정기록,숙박시설,인천광역시 미추홀구 주안동 90-5 외1필지,37.4607451,126.6844128,geocoded_kakao_jibun,kakao_exact_jibun_address_match,인천 미추홀구 주안동 90-5,1,1,0.0,,kakao_local_api:address_jibun,https://dapi.kakao.com/v2/local/search/address.json,2026-09-06,https://www.data.go.kr/data/15029300/fileData.do,2025-09-25,2026-09-06,administrative_record_only_not_confirmed_active,증축,2009-03-24,2009-04-07,,숙박시설,263.9,"주소 기반 추정 위치, 공사현장 좌표 아님"
15029300:725,725,건축행정기록,제2종근린생활시설,인천광역시 미추홀구 주안동 1005-4 외1필지,37.4585066,126.6890492,geocoded_kakao_jibun,kakao_exact_jibun_address_match,인천 미추홀구 주안동 1005-4,1,1,0.0,,kakao_local_api:address_jibun,https://dapi.kakao.com/v2/local/search/address.json,2026-09-06,https://www.data.go.kr/data/15029300/fileData.do,2025-09-25,2026-09-06,administrative_record_only_not_confirmed_active,증축,2009-03-20,2009-03-20,2009-04-29,제2종근린생활시설,517,"주소 기반 추정 위치, 공사현장 좌표 아님"
15029300:726,726,건축행정기록,제2종근린생활시설,인천광역시 미추홀구 주안동 939-29,37.4593808,126.6900577,geocoded_kakao_jibun,kakao_exact_jibun_address_match,인천 미추홀구 주안동 939-29,1,1,0.0,,kakao_local_api:address_jibun,https://dapi.kakao.com/v2/local/search/address.json,2026-09-06,https://www.data.go.kr/data/15029300/fileData.do,2025-09-25,2026-09-06,administrative_record_only_not_confirmed_active,증축,2009-03-05,2009-03-06,2009-04-22,제2종근린생활시설,141.8,"주소 기반 추정 위치, 공사현장 좌표 아님"
15029300:727,727,건축행정기록,단독주택,인천광역시 미추홀구 용현동 629-97,37.4524896,126.6345717,geocoded_kakao_jibun,kakao_exact_jibun_address_match,인천 미추홀구 용현동 629-97,1,1,0.0,,kakao_local_api:address_jibun,https://dapi.kakao.com/v2/local/search/address.json,2026-09-06,https://www.data.go.kr/data/15029300/fileData.do,2025-09-25,2026-09-06,administrative_record_only_not_confirmed_active,증축,2009-03-04,2009-03-12,2009-06-01,단독주택,276.7,"주소 기반 추정 위치, 공사현장 좌표 아님"
15029300:728,728,건축행정기록,단독주택,인천광역시 미추홀구 학익동 675-25,37.4381762,126.6709011,geocoded_kakao_jibun,kakao_exact_jibun_address_match,인천 미추홀구 학익동 675-25,1,1,0.0,,kakao_local_api:address_jibun,https://dapi.kakao.com/v2/local/search/address.json,2026-09-06,https://www.data.go.kr/data/15029300/fileData.do,2025-09-25,2026-09-06,administrative_record_only_not_confirmed_active,증축,2009-03-03,2009-03-05,2009-05-22,단독주택,109.2,"주소 기반 추정 위치, 공사현장 좌표 아님"
15029300:729,729,건축행정기록,숙박시설,인천광역시 미추홀구 용현동 628-44 외1필지,37.4545840,126.6350479,geocoded_kakao_jibun,kakao_exact_jibun_address_match,인천 미추홀구 용현동 628-44,1,1,0.0,,kakao_local_api:address_jibun,https://dapi.kakao.com/v2/local/search/address.json,2026-09-06,https://www.data.go.kr/data/15029300/fileData.do,2025-09-25,2026-09-06,administrative_record_only_not_confirmed_active,증축,2009-02-17,2009-02-20,2009-03-06,숙박시설,450.7,"주소 기반 추정 위치, 공사현장 좌표 아님"
15029300:730,730,건축행정기록,제2종근린생활시설,인천광역시 미추홀구 주안동 222-14,37.4622034,126.6793905,geocoded_kakao_jibun,kakao_exact_jibun_address_match,인천 미추홀구 주안동 222-14,1,1,0.0,,kakao_local_api:address_jibun,https://dapi.kakao.com/v2/local/search/address.json,2026-09-06,https://www.data.go.kr/data/15029300/fileData.do,2025-09-25,2026-09-06,administrative_record_only_not_confirmed_active,증축,2009-02-16,2009-02-18,2009-05-14,제2종근린생활시설,149.7,"주소 기반 추정 위치, 공사현장 좌표 아님"
15029300:731,731,건축행정기록,제1종근린생활시설,인천광역시 미추홀구 주안동 1563-1,37.4503984,126.6913230,geocoded_kakao_jibun,kakao_exact_jibun_address_match,인천 미추홀구 주안동 1563-1,1,1,0.0,,kakao_local_api:address_jibun,https://dapi.kakao.com/v2/local/search/address.json,2026-09-06,https://www.data.go.kr/data/15029300/fileData.do,2025-09-25,2026-09-06,administrative_record_only_not_confirmed_active,대수선,2009-02-12,2009-03-24,2009-08-06,제1종근린생활시설,673.8,"주소 기반 추정 위치, 공사현장 좌표 아님"
15029300:732,732,건축행정기록,제2종근린생활시설,인천광역시 미추홀구 용현동 686-20,37.4602618,126.6386218,geocoded_kakao_jibun,kakao_exact_jibun_address_match,인천 미추홀구 용현동 686-20,1,1,0.0,,kakao_local_api:address_jibun,https://dapi.kakao.com/v2/local/search/address.json,2026-09-06,https://www.data.go.kr/data/15029300/fileData.do,2025-09-25,2026-09-06,administrative_record_only_not_confirmed_active,증축,2009-01-20,2009-02-04,2009-07-23,제2종근린생활시설,811.6,"주소 기반 추정 위치, 공사현장 좌표 아님"
15029300:733,733,건축행정기록,제2종근린생활시설,인천광역시 미추홀구 주안동 1340-1 외1필지,37.4476215,126.6778290,geocoded_kakao_jibun,kakao_exact_jibun_address_match,인천 미추홀구 주안동 1340-1,1,1,0.0,,kakao_local_api:address_jibun,https://dapi.kakao.com/v2/local/search/address.json,2026-09-06,https://www.data.go.kr/data/15029300/fileData.do,2025-09-25,2026-09-06,administrative_record_only_not_confirmed_active,증축,2009-01-12,2009-01-16,2009-01-23,제2종근린생활시설,129,"주소 기반 추정 위치, 공사현장 좌표 아님"
15029300:734,734,건축행정기록,제2종근린생활시설,인천광역시 미추홀구 주안동 1308-2,37.4450469,126.6791832,geocoded_kakao_jibun,kakao_exact_jibun_address_match,인천 미추홀구 주안동 1308-2,1,1,0.0,,kakao_local_api:address_jibun,https://dapi.kakao.com/v2/local/search/address.json,2026-09-06,https://www.data.go.kr/data/15029300/fileData.do,2025-09-25,2026-09-06,administrative_record_only_not_confirmed_active,증축,2009-01-09,2009-01-13,2009-01-23,제2종근린생활시설,186,"주소 기반 추정 위치, 공사현장 좌표 아님"
15029300:735,735,건축행정기록,공장,인천광역시 미추홀구 학익동 587-59,37.4399080,126.6383910,geocoded_kakao_jibun,kakao_exact_jibun_address_match,인천 미추홀구 학익동 587-59,1,1,0.0,,kakao_local_api:address_jibun,https://dapi.kakao.com/v2/local/search/address.json,2026-09-06,https://www.data.go.kr/data/15029300/fileData.do,2025-09-25,2026-09-06,administrative_record_only_not_confirmed_active,증축,2009-01-06,2009-01-08,2009-02-10,공장,66118,"주소 기반 추정 위치, 공사현장 좌표 아님"
15029300:736,736,건축행정기록,제2종근린생활시설,인천광역시 미추홀구 관교동 472-6,37.4455968,126.6911455,geocoded_kakao_jibun,kakao_exact_jibun_address_match,인천 미추홀구 관교동 472-6,1,1,0.0,,kakao_local_api:address_jibun,https://dapi.kakao.com/v2/local/search/address.json,2026-09-06,https://www.data.go.kr/data/15029300/fileData.do,2025-09-25,2026-09-06,administrative_record_only_not_confirmed_active,증축,2008-12-17,2008-12-18,2009-01-14,제2종근린생활시설,441.9,"주소 기반 추정 위치, 공사현장 좌표 아님"
15029300:737,737,건축행정기록,제1종근린생활시설,인천광역시 미추홀구 도화동 377-11,37.4597761,126.6753677,geocoded_kakao_jibun,kakao_exact_jibun_address_match,인천 미추홀구 도화동 377-11,1,1,0.0,,kakao_local_api:address_jibun,https://dapi.kakao.com/v2/local/search/address.json,2026-09-06,https://www.data.go.kr/data/15029300/fileData.do,2025-09-25,2026-09-06,administrative_record_only_not_confirmed_active,증축,2008-11-28,2008-12-08,,제1종근린생활시설,658.8,"주소 기반 추정 위치, 공사현장 좌표 아님"
15029300:738,738,건축행정기록,단독주택,인천광역시 미추홀구 용현동 16-16,37.4502099,126.6661967,geocoded_kakao_jibun,kakao_exact_jibun_address_match,인천 미추홀구 용현동 16-16,1,1,0.0,,kakao_local_api:address_jibun,https://dapi.kakao.com/v2/local/search/address.json,2026-09-06,https://www.data.go.kr/data/15029300/fileData.do,2025-09-25,2026-09-06,administrative_record_only_not_confirmed_active,증축,2008-11-26,2008-12-03,2008-12-24,단독주택,128.2,"주소 기반 추정 위치, 공사현장 좌표 아님"
15029300:739,739,건축행정기록,제1종근린생활시설,인천광역시 미추홀구 주안동 1420-43,37.4489831,126.6729981,geocoded_kakao_jibun,kakao_exact_jibun_address_match,인천 미추홀구 주안동 1420-43,1,1,0.0,,kakao_local_api:address_jibun,https://dapi.kakao.com/v2/local/search/address.json,2026-09-06,https://www.data.go.kr/data/15029300/fileData.do,2025-09-25,2026-09-06,administrative_record_only_not_confirmed_active,증축,2008-11-14,2008-11-14,2008-11-28,제1종근린생활시설,384.4,"주소 기반 추정 위치, 공사현장 좌표 아님"
15029300:740,740,건축행정기록,단독주택,인천광역시 미추홀구 용현동 558-21,,,unresolved,no_exact_parcel_match_in_kakao,,0,0,,,kakao_local_api:unresolved,https://dapi.kakao.com/v2/local/search/address.json,2026-09-06,https://www.data.go.kr/data/15029300/fileData.do,2025-09-25,2026-09-06,administrative_record_only_not_confirmed_active,증축,2008-11-11,2008-11-12,2009-03-31,단독주택,145.5,"주소 기반 추정 위치, 공사현장 좌표 아님"
15029300:741,741,건축행정기록,단독주택,인천광역시 미추홀구 주안동 761-4,37.4515570,126.6702370,geocoded_kakao_jibun,kakao_exact_jibun_address_match,인천 미추홀구 주안동 761-4,1,1,0.0,,kakao_local_api:address_jibun,https://dapi.kakao.com/v2/local/search/address.json,2026-09-06,https://www.data.go.kr/data/15029300/fileData.do,2025-09-25,2026-09-06,administrative_record_only_not_confirmed_active,증축,2008-10-28,2008-11-03,2009-01-09,단독주택,180.6,"주소 기반 추정 위치, 공사현장 좌표 아님"
15029300:742,742,건축행정기록,공장,인천광역시 미추홀구 주안동 1381-1,37.4734670,126.6801777,geocoded_kakao_jibun,kakao_exact_jibun_address_match,인천 미추홀구 주안동 1381-1,1,1,0.0,,kakao_local_api:address_jibun,https://dapi.kakao.com/v2/local/search/address.json,2026-09-06,https://www.data.go.kr/data/15029300/fileData.do,2025-09-25,2026-09-06,administrative_record_only_not_confirmed_active,증축,2008-10-28,2008-11-03,2009-01-15,공장,13232.7,"주소 기반 추정 위치, 공사현장 좌표 아님"
15029300:743,743,건축행정기록,단독주택,인천광역시 미추홀구 용현동 617-45,37.4517589,126.6382224,geocoded_kakao_jibun,kakao_exact_jibun_address_match,인천 미추홀구 용현동 617-45,1,1,0.0,,kakao_local_api:address_jibun,https://dapi.kakao.com/v2/local/search/address.json,2026-09-06,https://www.data.go.kr/data/15029300/fileData.do,2025-09-25,2026-09-06,administrative_record_only_not_confirmed_active,증축,2008-10-27,2008-10-29,2008-11-11,단독주택,188.7,"주소 기반 추정 위치, 공사현장 좌표 아님"
15029300:744,744,건축행정기록,단독주택,인천광역시 미추홀구 용현동 454-232,37.4579434,126.6564624,geocoded_kakao_jibun,kakao_exact_jibun_address_match,인천 미추홀구 용현동 454-232,1,1,0.0,,kakao_local_api:address_jibun,https://dapi.kakao.com/v2/local/search/address.json,2026-09-06,https://www.data.go.kr/data/15029300/fileData.do,2025-09-25,2026-09-06,administrative_record_only_not_confirmed_active,신축,2008-10-23,2008-10-27,,단독주택,116,"주소 기반 추정 위치, 공사현장 좌표 아님"
15029300:745,745,건축행정기록,단독주택,인천광역시 미추홀구 숭의동 5-75,37.4622961,126.6607133,geocoded_kakao_jibun,kakao_exact_jibun_address_match,인천 미추홀구 숭의동 5-75,1,1,0.0,,kakao_local_api:address_jibun,https://dapi.kakao.com/v2/local/search/address.json,2026-09-06,https://www.data.go.kr/data/15029300/fileData.do,2025-09-25,2026-09-06,administrative_record_only_not_confirmed_active,증축,2008-10-21,2008-11-26,,단독주택,208,"주소 기반 추정 위치, 공사현장 좌표 아님"
15029300:746,746,건축행정기록,단독주택,인천광역시 미추홀구 주안동 925-18,37.4606981,126.6913243,geocoded_kakao_jibun,kakao_exact_jibun_address_match,인천 미추홀구 주안동 925-18,1,1,0.0,,kakao_local_api:address_jibun,https://dapi.kakao.com/v2/local/search/address.json,2026-09-06,https://www.data.go.kr/data/15029300/fileData.do,2025-09-25,2026-09-06,administrative_record_only_not_confirmed_active,증축,2008-10-17,2008-10-21,2008-12-05,단독주택,115.4,"주소 기반 추정 위치, 공사현장 좌표 아님"
15029300:747,747,건축행정기록,단독주택,인천광역시 미추홀구 용현동 146-474 외1필지,37.4574465,126.6577695,geocoded_kakao_jibun,kakao_exact_jibun_address_match,인천 미추홀구 용현동 146-474,1,1,0.0,,kakao_local_api:address_jibun,https://dapi.kakao.com/v2/local/search/address.json,2026-09-06,https://www.data.go.kr/data/15029300/fileData.do,2025-09-25,2026-09-06,administrative_record_only_not_confirmed_active,증축,2008-10-10,2008-10-13,2008-11-06,단독주택,141,"주소 기반 추정 위치, 공사현장 좌표 아님"
15029300:748,748,건축행정기록,공장,인천광역시 미추홀구 주안동 35-5,37.4653751,126.6909995,geocoded_kakao_jibun,kakao_exact_jibun_address_match,인천 미추홀구 주안동 35-5,1,1,0.0,,kakao_local_api:address_jibun,https://dapi.kakao.com/v2/local/search/address.json,2026-09-06,https://www.data.go.kr/data/15029300/fileData.do,2025-09-25,2026-09-06,administrative_record_only_not_confirmed_active,증축,2008-10-10,2008-10-29,2008-12-23,공장,826.4,"주소 기반 추정 위치, 공사현장 좌표 아님"
15029300:749,749,건축행정기록,숙박시설,인천광역시 미추홀구 주안동 233-9,37.4637815,126.6781043,geocoded_kakao_jibun,kakao_exact_jibun_address_match,인천 미추홀구 주안동 233-9,1,1,0.0,,kakao_local_api:address_jibun,https://dapi.kakao.com/v2/local/search/address.json,2026-09-06,https://www.data.go.kr/data/15029300/fileData.do,2025-09-25,2026-09-06,administrative_record_only_not_confirmed_active,증축,2008-10-02,2008-10-06,2008-11-21,숙박시설,120,"주소 기반 추정 위치, 공사현장 좌표 아님"
15029300:750,750,건축행정기록,노유자시설,인천광역시 미추홀구 주안동 301-3,37.4639161,126.6931218,geocoded_kakao_jibun,kakao_exact_jibun_address_match,인천 미추홀구 주안동 301-3,1,1,0.0,,kakao_local_api:address_jibun,https://dapi.kakao.com/v2/local/search/address.json,2026-09-06,https://www.data.go.kr/data/15029300/fileData.do,2025-09-25,2026-09-06,administrative_record_only_not_confirmed_active,증축,2008-10-01,2008-10-06,2008-12-10,노유자시설,181.6,"주소 기반 추정 위치, 공사현장 좌표 아님"
15029300:751,751,건축행정기록,제1종근린생활시설,인천광역시 미추홀구 주안동 161-2,37.4617486,126.6806631,geocoded_kakao_jibun,kakao_exact_jibun_address_match,인천 미추홀구 주안동 161-2,1,1,0.0,,kakao_local_api:address_jibun,https://dapi.kakao.com/v2/local/search/address.json,2026-09-06,https://www.data.go.kr/data/15029300/fileData.do,2025-09-25,2026-09-06,administrative_record_only_not_confirmed_active,증축,2008-09-29,2008-11-12,2009-01-09,제1종근린생활시설,291.1,"주소 기반 추정 위치, 공사현장 좌표 아님"
15029300:752,752,건축행정기록,공장,인천광역시 미추홀구 도화동 938,37.4788565,126.6582264,geocoded_kakao_jibun,kakao_exact_jibun_address_match,인천 미추홀구 도화동 938,1,1,0.0,,kakao_local_api:address_jibun,https://dapi.kakao.com/v2/local/search/address.json,2026-09-06,https://www.data.go.kr/data/15029300/fileData.do,2025-09-25,2026-09-06,administrative_record_only_not_confirmed_active,신축,2008-09-25,2008-10-14,2009-01-16,공장,1643.3,"주소 기반 추정 위치, 공사현장 좌표 아님"
15029300:753,753,건축행정기록,공장,인천광역시 미추홀구 도화동 69-16,37.4703313,126.6707863,geocoded_kakao_jibun,kakao_exact_jibun_address_match,인천 미추홀구 도화동 69-16,1,1,0.0,,kakao_local_api:address_jibun,https://dapi.kakao.com/v2/local/search/address.json,2026-09-06,https://www.data.go.kr/data/15029300/fileData.do,2025-09-25,2026-09-06,administrative_record_only_not_confirmed_active,증축,2008-09-22,2008-09-24,2008-10-08,공장,2539.4,"주소 기반 추정 위치, 공사현장 좌표 아님"
15029300:754,754,건축행정기록,교육연구시설,인천광역시 미추홀구 용현동 253 외26필지,,,unresolved,no_exact_parcel_match_in_kakao,,0,0,,,kakao_local_api:unresolved,https://dapi.kakao.com/v2/local/search/address.json,2026-09-06,https://www.data.go.kr/data/15029300/fileData.do,2025-09-25,2026-09-06,administrative_record_only_not_confirmed_active,증축,2008-09-04,2009-04-01,2009-11-09,교육연구시설,400206,"주소 기반 추정 위치, 공사현장 좌표 아님"
15029300:755,755,건축행정기록,제2종근린생활시설,인천광역시 미추홀구 학익동 697-2,37.4397648,126.6615491,geocoded_kakao_jibun,kakao_exact_jibun_address_match,인천 미추홀구 학익동 697-2,1,1,0.0,,kakao_local_api:address_jibun,https://dapi.kakao.com/v2/local/search/address.json,2026-09-06,https://www.data.go.kr/data/15029300/fileData.do,2025-09-25,2026-09-06,administrative_record_only_not_confirmed_active,신축,2008-09-02,2008-09-09,2008-11-14,제2종근린생활시설,183.2,"주소 기반 추정 위치, 공사현장 좌표 아님"
15029300:756,756,건축행정기록,제2종근린생활시설,인천광역시 미추홀구 학익동 312-70,37.4453324,126.6650337,geocoded_kakao_jibun,kakao_exact_jibun_address_match,인천 미추홀구 학익동 312-70,1,1,0.0,,kakao_local_api:address_jibun,https://dapi.kakao.com/v2/local/search/address.json,2026-09-06,https://www.data.go.kr/data/15029300/fileData.do,2025-09-25,2026-09-06,administrative_record_only_not_confirmed_active,증축,2008-09-01,2008-09-02,2009-04-01,제2종근린생활시설,133.89,"주소 기반 추정 위치, 공사현장 좌표 아님"
15029300:757,757,건축행정기록,단독주택,인천광역시 미추홀구 용현동 622-70,37.4539011,126.6378266,geocoded_kakao_jibun,kakao_exact_jibun_address_match,인천 미추홀구 용현동 622-70,1,1,0.0,,kakao_local_api:address_jibun,https://dapi.kakao.com/v2/local/search/address.json,2026-09-06,https://www.data.go.kr/data/15029300/fileData.do,2025-09-25,2026-09-06,administrative_record_only_not_confirmed_active,증축,2008-08-29,2008-09-02,2008-11-11,단독주택,173.4,"주소 기반 추정 위치, 공사현장 좌표 아님"
15029300:758,758,건축행정기록,제2종근린생활시설,인천광역시 미추홀구 주안동 1002-8,37.4591675,126.6882762,geocoded_kakao_jibun,kakao_exact_jibun_address_match,인천 미추홀구 주안동 1002-8,1,1,0.0,,kakao_local_api:address_jibun,https://dapi.kakao.com/v2/local/search/address.json,2026-09-06,https://www.data.go.kr/data/15029300/fileData.do,2025-09-25,2026-09-06,administrative_record_only_not_confirmed_active,증축,2008-08-27,2008-08-28,2008-10-30,제2종근린생활시설,147.55,"주소 기반 추정 위치, 공사현장 좌표 아님"
15029300:759,759,건축행정기록,업무시설,인천광역시 미추홀구 학익동 239-2 외4필지,37.4410848,126.6693284,geocoded_kakao_jibun,kakao_exact_jibun_address_match,인천 미추홀구 학익동 239-2,1,1,0.0,,kakao_local_api:address_jibun,https://dapi.kakao.com/v2/local/search/address.json,2026-09-06,https://www.data.go.kr/data/15029300/fileData.do,2025-09-25,2026-09-06,administrative_record_only_not_confirmed_active,증축,2008-08-20,2008-11-20,2013-12-09,업무시설,938,"주소 기반 추정 위치, 공사현장 좌표 아님"
15029300:760,760,건축행정기록,단독주택,인천광역시 미추홀구 용현동 167-23,37.4527605,126.6559618,geocoded_kakao_jibun,kakao_exact_jibun_address_match,인천 미추홀구 용현동 167-23,1,1,0.0,,kakao_local_api:address_jibun,https://dapi.kakao.com/v2/local/search/address.json,2026-09-06,https://www.data.go.kr/data/15029300/fileData.do,2025-09-25,2026-09-06,administrative_record_only_not_confirmed_active,증축,2008-08-13,2008-08-20,2008-10-17,단독주택,179.5,"주소 기반 추정 위치, 공사현장 좌표 아님"
15029300:761,761,건축행정기록,공장,인천광역시 미추홀구 도화동 767-3 외2필지,37.4766654,126.6639615,geocoded_kakao_jibun,kakao_exact_jibun_address_match,인천 미추홀구 도화동 767-3,1,1,0.0,,kakao_local_api:address_jibun,https://dapi.kakao.com/v2/local/search/address.json,2026-09-06,https://www.data.go.kr/data/15029300/fileData.do,2025-09-25,2026-09-06,administrative_record_only_not_confirmed_active,증축,2008-08-07,2008-08-12,2008-11-27,공장,2368.3,"주소 기반 추정 위치, 공사현장 좌표 아님"
15029300:762,762,건축행정기록,제2종근린생활시설,인천광역시 미추홀구 주안동 14-36 외1필지,37.4681485,126.6792141,geocoded_kakao_jibun,kakao_exact_jibun_address_match,인천 미추홀구 주안동 14-36,1,1,0.0,,kakao_local_api:address_jibun,https://dapi.kakao.com/v2/local/search/address.json,2026-09-06,https://www.data.go.kr/data/15029300/fileData.do,2025-09-25,2026-09-06,administrative_record_only_not_confirmed_active,증축,2008-07-23,2008-07-28,2008-09-02,제2종근린생활시설,242.2,"주소 기반 추정 위치, 공사현장 좌표 아님"
15029300:763,763,건축행정기록,제2종근린생활시설,인천광역시 미추홀구 용현동 198-2,37.4520139,126.6556468,geocoded_kakao_jibun,kakao_exact_jibun_address_match,인천 미추홀구 용현동 198-2,1,1,0.0,,kakao_local_api:address_jibun,https://dapi.kakao.com/v2/local/search/address.json,2026-09-06,https://www.data.go.kr/data/15029300/fileData.do,2025-09-25,2026-09-06,administrative_record_only_not_confirmed_active,증축,2008-07-21,2008-07-24,2009-02-13,제2종근린생활시설,216.7,"주소 기반 추정 위치, 공사현장 좌표 아님"
15029300:764,764,건축행정기록,단독주택,인천광역시 미추홀구 용현동 684-7 외2필지,37.4590923,126.6399214,geocoded_kakao_jibun,kakao_exact_jibun_address_match,인천 미추홀구 용현동 684-7,1,1,0.0,,kakao_local_api:address_jibun,https://dapi.kakao.com/v2/local/search/address.json,2026-09-06,https://www.data.go.kr/data/15029300/fileData.do,2025-09-25,2026-09-06,administrative_record_only_not_confirmed_active,증축,2008-07-18,2008-07-22,2008-09-24,단독주택,384,"주소 기반 추정 위치, 공사현장 좌표 아님"
15029300:765,765,건축행정기록,종교시설,인천광역시 미추홀구 주안동 16-150,37.4683532,126.6809970,geocoded_kakao_jibun,kakao_exact_jibun_address_match,인천 미추홀구 주안동 16-150,1,1,0.0,,kakao_local_api:address_jibun,https://dapi.kakao.com/v2/local/search/address.json,2026-09-06,https://www.data.go.kr/data/15029300/fileData.do,2025-09-25,2026-09-06,administrative_record_only_not_confirmed_active,증축,2008-07-08,2008-07-10,2008-07-24,종교시설,2195.1,"주소 기반 추정 위치, 공사현장 좌표 아님"
15029300:766,766,건축행정기록,단독주택,인천광역시 미추홀구 용현동 167-15,37.4527322,126.6557915,geocoded_kakao_jibun,kakao_exact_jibun_address_match,인천 미추홀구 용현동 167-15,1,1,0.0,,kakao_local_api:address_jibun,https://dapi.kakao.com/v2/local/search/address.json,2026-09-06,https://www.data.go.kr/data/15029300/fileData.do,2025-09-25,2026-09-06,administrative_record_only_not_confirmed_active,증축,2008-07-04,2008-07-25,2008-09-05,단독주택,181.3,"주소 기반 추정 위치, 공사현장 좌표 아님"
15029300:767,767,건축행정기록,단독주택,인천광역시 미추홀구 숭의동 166-16,,,unresolved,no_exact_parcel_match_in_kakao,,0,0,,,kakao_local_api:unresolved,https://dapi.kakao.com/v2/local/search/address.json,2026-09-06,https://www.data.go.kr/data/15029300/fileData.do,2025-09-25,2026-09-06,administrative_record_only_not_confirmed_active,증축,2008-07-03,2008-07-04,2008-09-10,단독주택,133.6,"주소 기반 추정 위치, 공사현장 좌표 아님"
15029300:768,768,건축행정기록,제2종근린생활시설,인천광역시 미추홀구 도화동 383-8,,,unresolved,no_exact_parcel_match_in_kakao,,0,0,,,kakao_local_api:unresolved,https://dapi.kakao.com/v2/local/search/address.json,2026-09-06,https://www.data.go.kr/data/15029300/fileData.do,2025-09-25,2026-09-06,administrative_record_only_not_confirmed_active,증축,2008-07-01,2008-07-02,2008-11-06,제2종근린생활시설,1918.7,"주소 기반 추정 위치, 공사현장 좌표 아님"
15029300:769,769,건축행정기록,제2종근린생활시설,인천광역시 미추홀구 주안동 579-9 외1필지,37.4579510,126.6668852,geocoded_kakao_jibun,kakao_exact_jibun_address_match,인천 미추홀구 주안동 579-9,1,1,0.0,,kakao_local_api:address_jibun,https://dapi.kakao.com/v2/local/search/address.json,2026-09-06,https://www.data.go.kr/data/15029300/fileData.do,2025-09-25,2026-09-06,administrative_record_only_not_confirmed_active,신축,2008-06-18,2008-06-20,2008-08-28,제2종근린생활시설,138.2,"주소 기반 추정 위치, 공사현장 좌표 아님"
15029300:770,770,건축행정기록,공장,인천광역시 미추홀구 주안동 3-1,37.4733231,126.6812899,geocoded_kakao_jibun,kakao_exact_jibun_address_match,인천 미추홀구 주안동 3-1,1,1,0.0,,kakao_local_api:address_jibun,https://dapi.kakao.com/v2/local/search/address.json,2026-09-06,https://www.data.go.kr/data/15029300/fileData.do,2025-09-25,2026-09-06,administrative_record_only_not_confirmed_active,증축,2008-06-13,2008-09-03,,공장,2584.05,"주소 기반 추정 위치, 공사현장 좌표 아님"
15029300:771,771,건축행정기록,의료시설,인천광역시 미추홀구 주안동 81-13,37.4585624,126.6830865,geocoded_kakao_jibun,kakao_exact_jibun_address_match,인천 미추홀구 주안동 81-13,1,1,0.0,,kakao_local_api:address_jibun,https://dapi.kakao.com/v2/local/search/address.json,2026-09-06,https://www.data.go.kr/data/15029300/fileData.do,2025-09-25,2026-09-06,administrative_record_only_not_confirmed_active,증축,2008-06-09,2008-06-10,2008-06-23,의료시설,324.3,"주소 기반 추정 위치, 공사현장 좌표 아님"
15029300:772,772,건축행정기록,단독주택,인천광역시 미추홀구 주안동 1546-13,37.4568590,126.6903059,geocoded_kakao_jibun,kakao_exact_jibun_address_match,인천 미추홀구 주안동 1546-13,1,1,0.0,,kakao_local_api:address_jibun,https://dapi.kakao.com/v2/local/search/address.json,2026-09-06,https://www.data.go.kr/data/15029300/fileData.do,2025-09-25,2026-09-06,administrative_record_only_not_confirmed_active,증축,2008-06-05,2008-06-05,2008-12-23,단독주택,169.6,"주소 기반 추정 위치, 공사현장 좌표 아님"
15029300:773,773,건축행정기록,제2종근린생활시설,인천광역시 미추홀구 주안동 393,37.4645075,126.6762464,geocoded_kakao_jibun,kakao_exact_jibun_address_match,인천 미추홀구 주안동 393,1,1,0.0,,kakao_local_api:address_jibun,https://dapi.kakao.com/v2/local/search/address.json,2026-09-06,https://www.data.go.kr/data/15029300/fileData.do,2025-09-25,2026-09-06,administrative_record_only_not_confirmed_active,증축,2008-05-22,2008-05-26,2008-11-06,제2종근린생활시설,539.2,"주소 기반 추정 위치, 공사현장 좌표 아님"
15029300:774,774,건축행정기록,단독주택,인천광역시 미추홀구 주안동 9-2,37.4686768,126.6750244,geocoded_kakao_jibun,kakao_exact_jibun_address_match,인천 미추홀구 주안동 9-2,1,1,0.0,,kakao_local_api:address_jibun,https://dapi.kakao.com/v2/local/search/address.json,2026-09-06,https://www.data.go.kr/data/15029300/fileData.do,2025-09-25,2026-09-06,administrative_record_only_not_confirmed_active,증축,2008-05-22,2008-05-23,2008-06-17,단독주택,200.2,"주소 기반 추정 위치, 공사현장 좌표 아님"
15029300:775,775,건축행정기록,단독주택,인천광역시 미추홀구 주안동 643-8,37.4552438,126.6666067,geocoded_kakao_jibun,kakao_exact_jibun_address_match,인천 미추홀구 주안동 643-8,1,1,0.0,,kakao_local_api:address_jibun,https://dapi.kakao.com/v2/local/search/address.json,2026-09-06,https://www.data.go.kr/data/15029300/fileData.do,2025-09-25,2026-09-06,administrative_record_only_not_confirmed_active,신축,2008-05-21,2008-05-31,,단독주택,302.1,"주소 기반 추정 위치, 공사현장 좌표 아님"
15029300:776,776,건축행정기록,제2종근린생활시설,인천광역시 미추홀구 용현동 629-90,37.4528490,126.6348311,geocoded_kakao_jibun,kakao_exact_jibun_address_match,인천 미추홀구 용현동 629-90,1,1,0.0,,kakao_local_api:address_jibun,https://dapi.kakao.com/v2/local/search/address.json,2026-09-06,https://www.data.go.kr/data/15029300/fileData.do,2025-09-25,2026-09-06,administrative_record_only_not_confirmed_active,증축,2008-05-20,2008-05-21,2008-06-24,제2종근린생활시설,249.8,"주소 기반 추정 위치, 공사현장 좌표 아님"
15029300:777,777,건축행정기록,제2종근린생활시설,인천광역시 미추홀구 숭의동 431-20,37.4637566,126.6428477,geocoded_kakao_jibun,kakao_exact_jibun_address_match,인천 미추홀구 숭의동 431-20,1,1,0.0,,kakao_local_api:address_jibun,https://dapi.kakao.com/v2/local/search/address.json,2026-09-06,https://www.data.go.kr/data/15029300/fileData.do,2025-09-25,2026-09-06,administrative_record_only_not_confirmed_active,증축,2008-05-15,2008-05-23,,제2종근린생활시설,311.4,"주소 기반 추정 위치, 공사현장 좌표 아님"
15029300:778,778,건축행정기록,공장,인천광역시 미추홀구 도화동 940,37.4790119,126.6572890,geocoded_kakao_jibun,kakao_exact_jibun_address_match,인천 미추홀구 도화동 940,1,1,0.0,,kakao_local_api:address_jibun,https://dapi.kakao.com/v2/local/search/address.json,2026-09-06,https://www.data.go.kr/data/15029300/fileData.do,2025-09-25,2026-09-06,administrative_record_only_not_confirmed_active,증축,2008-05-08,2008-06-25,,공장,2597.7,"주소 기반 추정 위치, 공사현장 좌표 아님"
15029300:779,779,건축행정기록,단독주택,인천광역시 미추홀구 주안동 1533-2,37.4514154,126.6877975,geocoded_kakao_jibun,kakao_exact_jibun_address_match,인천 미추홀구 주안동 1533-2,1,1,0.0,,kakao_local_api:address_jibun,https://dapi.kakao.com/v2/local/search/address.json,2026-09-06,https://www.data.go.kr/data/15029300/fileData.do,2025-09-25,2026-09-06,administrative_record_only_not_confirmed_active,증축,2008-05-07,2008-05-14,2008-05-30,단독주택,132.9,"주소 기반 추정 위치, 공사현장 좌표 아님"
15029300:780,780,건축행정기록,단독주택,인천광역시 미추홀구 용현동 99-20,37.4531003,126.6613296,geocoded_kakao_jibun,kakao_exact_jibun_address_match,인천 미추홀구 용현동 99-20,1,1,0.0,,kakao_local_api:address_jibun,https://dapi.kakao.com/v2/local/search/address.json,2026-09-06,https://www.data.go.kr/data/15029300/fileData.do,2025-09-25,2026-09-06,administrative_record_only_not_confirmed_active,증축,2008-05-06,2008-05-06,2008-06-13,단독주택,303.1,"주소 기반 추정 위치, 공사현장 좌표 아님"
15029300:781,781,건축행정기록,제2종근린생활시설,인천광역시 미추홀구 용현동 140-6,37.4546720,126.6584871,geocoded_kakao_jibun,kakao_exact_jibun_address_match,인천 미추홀구 용현동 140-6,1,1,0.0,,kakao_local_api:address_jibun,https://dapi.kakao.com/v2/local/search/address.json,2026-09-06,https://www.data.go.kr/data/15029300/fileData.do,2025-09-25,2026-09-06,administrative_record_only_not_confirmed_active,증축,2008-04-30,2008-05-18,2008-06-13,제2종근린생활시설,170.2,"주소 기반 추정 위치, 공사현장 좌표 아님"
15029300:782,782,건축행정기록,단독주택,인천광역시 미추홀구 용현동 77-6,37.4515267,126.6626853,geocoded_kakao_jibun,kakao_exact_jibun_address_match,인천 미추홀구 용현동 77-6,1,1,0.0,,kakao_local_api:address_jibun,https://dapi.kakao.com/v2/local/search/address.json,2026-09-06,https://www.data.go.kr/data/15029300/fileData.do,2025-09-25,2026-09-06,administrative_record_only_not_confirmed_active,증축,2008-04-30,2008-05-02,2008-05-28,단독주택,160.7,"주소 기반 추정 위치, 공사현장 좌표 아님"
15029300:783,783,건축행정기록,단독주택,인천광역시 미추홀구 주안동 1354-1,37.4450399,126.6782234,geocoded_kakao_jibun,kakao_exact_jibun_address_match,인천 미추홀구 주안동 1354-1,1,1,0.0,,kakao_local_api:address_jibun,https://dapi.kakao.com/v2/local/search/address.json,2026-09-06,https://www.data.go.kr/data/15029300/fileData.do,2025-09-25,2026-09-06,administrative_record_only_not_confirmed_active,증축,2008-04-15,2008-04-21,2008-05-09,단독주택,58,"주소 기반 추정 위치, 공사현장 좌표 아님"
15029300:784,784,건축행정기록,단독주택,인천광역시 미추홀구 용현동 68-40,37.4516025,126.6644786,geocoded_kakao_jibun,kakao_exact_jibun_address_match,인천 미추홀구 용현동 68-40,1,1,0.0,,kakao_local_api:address_jibun,https://dapi.kakao.com/v2/local/search/address.json,2026-09-06,https://www.data.go.kr/data/15029300/fileData.do,2025-09-25,2026-09-06,administrative_record_only_not_confirmed_active,증축,2008-04-10,2008-04-11,2008-06-13,단독주택,194.7,"주소 기반 추정 위치, 공사현장 좌표 아님"
15029300:785,785,건축행정기록,단독주택,인천광역시 미추홀구 주안동 1423-8,,,unresolved,no_exact_parcel_match_in_kakao,,0,0,,,kakao_local_api:unresolved,https://dapi.kakao.com/v2/local/search/address.json,2026-09-06,https://www.data.go.kr/data/15029300/fileData.do,2025-09-25,2026-09-06,administrative_record_only_not_confirmed_active,증축,2008-04-08,2008-04-08,2008-04-22,단독주택,172.1,"주소 기반 추정 위치, 공사현장 좌표 아님"
15029300:786,786,건축행정기록,업무시설,인천광역시 미추홀구 주안동 81-14 외2필지,37.4585980,126.6828835,geocoded_kakao_jibun,kakao_exact_jibun_address_match,인천 미추홀구 주안동 81-14,1,1,0.0,,kakao_local_api:address_jibun,https://dapi.kakao.com/v2/local/search/address.json,2026-09-06,https://www.data.go.kr/data/15029300/fileData.do,2025-09-25,2026-09-06,administrative_record_only_not_confirmed_active,증축,2008-04-07,2008-04-17,2008-05-23,업무시설,1047.3,"주소 기반 추정 위치, 공사현장 좌표 아님"
15029300:787,787,건축행정기록,단독주택,인천광역시 미추홀구 주안동 18-16,37.4675024,126.6830817,geocoded_kakao_jibun,kakao_exact_jibun_address_match,인천 미추홀구 주안동 18-16,1,1,0.0,,kakao_local_api:address_jibun,https://dapi.kakao.com/v2/local/search/address.json,2026-09-06,https://www.data.go.kr/data/15029300/fileData.do,2025-09-25,2026-09-06,administrative_record_only_not_confirmed_active,증축,2008-04-04,2008-04-08,2008-08-08,단독주택,145.4,"주소 기반 추정 위치, 공사현장 좌표 아님"
15029300:788,788,건축행정기록,단독주택,인천광역시 미추홀구 용현동 136-5,37.4560988,126.6575612,geocoded_kakao_jibun,kakao_exact_jibun_address_match,인천 미추홀구 용현동 136-5,1,1,0.0,,kakao_local_api:address_jibun,https://dapi.kakao.com/v2/local/search/address.json,2026-09-06,https://www.data.go.kr/data/15029300/fileData.do,2025-09-25,2026-09-06,administrative_record_only_not_confirmed_active,신축,2008-03-31,2008-04-02,2008-06-09,단독주택,57,"주소 기반 추정 위치, 공사현장 좌표 아님"
15029300:789,789,건축행정기록,노유자시설,인천광역시 미추홀구 주안동 1580-29,37.4560916,126.6940814,geocoded_kakao_jibun,kakao_exact_jibun_address_match,인천 미추홀구 주안동 1580-29,1,1,0.0,,kakao_local_api:address_jibun,https://dapi.kakao.com/v2/local/search/address.json,2026-09-06,https://www.data.go.kr/data/15029300/fileData.do,2025-09-25,2026-09-06,administrative_record_only_not_confirmed_active,증축,2008-03-07,2008-03-13,2008-03-21,노유자시설,231.3,"주소 기반 추정 위치, 공사현장 좌표 아님"
15029300:790,790,건축행정기록,단독주택,인천광역시 미추홀구 주안동 421-24,37.4551786,126.6831311,geocoded_kakao_jibun,kakao_exact_jibun_address_match,인천 미추홀구 주안동 421-24,1,1,0.0,,kakao_local_api:address_jibun,https://dapi.kakao.com/v2/local/search/address.json,2026-09-06,https://www.data.go.kr/data/15029300/fileData.do,2025-09-25,2026-09-06,administrative_record_only_not_confirmed_active,증축,2008-02-22,2008-02-26,2008-04-10,단독주택,206.4,"주소 기반 추정 위치, 공사현장 좌표 아님"
15029300:791,791,건축행정기록,단독주택,인천광역시 미추홀구 용현동 179-29,37.4523542,126.6602777,geocoded_kakao_jibun,kakao_exact_jibun_address_match,인천 미추홀구 용현동 179-29,1,1,0.0,,kakao_local_api:address_jibun,https://dapi.kakao.com/v2/local/search/address.json,2026-09-06,https://www.data.go.kr/data/15029300/fileData.do,2025-09-25,2026-09-06,administrative_record_only_not_confirmed_active,증축,2008-02-15,2008-02-22,,단독주택,77.25,"주소 기반 추정 위치, 공사현장 좌표 아님"
15029300:792,792,건축행정기록,제2종근린생활시설,인천광역시 미추홀구 용현동 627-461,37.4507064,126.6326638,geocoded_kakao_jibun,kakao_exact_jibun_address_match,인천 미추홀구 용현동 627-461,1,1,0.0,,kakao_local_api:address_jibun,https://dapi.kakao.com/v2/local/search/address.json,2026-09-06,https://www.data.go.kr/data/15029300/fileData.do,2025-09-25,2026-09-06,administrative_record_only_not_confirmed_active,증축,2008-02-13,2008-02-17,2008-04-29,제2종근린생활시설,688,"주소 기반 추정 위치, 공사현장 좌표 아님"
15029300:793,793,건축행정기록,공장,인천광역시 미추홀구 학익동 587-84,37.4388661,126.6410940,geocoded_kakao_jibun,kakao_exact_jibun_address_match,인천 미추홀구 학익동 587-84,1,1,0.0,,kakao_local_api:address_jibun,https://dapi.kakao.com/v2/local/search/address.json,2026-09-06,https://www.data.go.kr/data/15029300/fileData.do,2025-09-25,2026-09-06,administrative_record_only_not_confirmed_active,증축,2008-02-12,2008-02-29,2008-05-26,공장,46280,"주소 기반 추정 위치, 공사현장 좌표 아님"
15029300:794,794,건축행정기록,공동주택,인천광역시 미추홀구 도화동 132-8,,,unresolved,no_exact_parcel_match_in_kakao,,0,0,,,kakao_local_api:unresolved,https://dapi.kakao.com/v2/local/search/address.json,2026-09-06,https://www.data.go.kr/data/15029300/fileData.do,2025-09-25,2026-09-06,administrative_record_only_not_confirmed_active,증축,2008-02-04,2008-02-13,2008-03-05,공동주택,137.3,"주소 기반 추정 위치, 공사현장 좌표 아님"
15029300:795,795,건축행정기록,제2종근린생활시설,인천광역시 미추홀구 주안동 157-19,37.4612023,126.6813982,geocoded_kakao_jibun,kakao_exact_jibun_address_match,인천 미추홀구 주안동 157-19,1,1,0.0,,kakao_local_api:address_jibun,https://dapi.kakao.com/v2/local/search/address.json,2026-09-06,https://www.data.go.kr/data/15029300/fileData.do,2025-09-25,2026-09-06,administrative_record_only_not_confirmed_active,증축,2008-01-29,2008-01-30,2008-02-04,제2종근린생활시설,277.3,"주소 기반 추정 위치, 공사현장 좌표 아님"
15029300:796,796,건축행정기록,공장,인천광역시 미추홀구 주안동 1385-14,37.4734291,126.6767310,geocoded_kakao_jibun,kakao_exact_jibun_address_match,인천 미추홀구 주안동 1385-14,1,1,0.0,,kakao_local_api:address_jibun,https://dapi.kakao.com/v2/local/search/address.json,2026-09-06,https://www.data.go.kr/data/15029300/fileData.do,2025-09-25,2026-09-06,administrative_record_only_not_confirmed_active,증축,2008-01-24,2008-02-13,2008-07-21,공장,7903.5,"주소 기반 추정 위치, 공사현장 좌표 아님"
15029300:797,797,건축행정기록,노유자시설,인천광역시 미추홀구 주안동 977-18,,,unresolved,no_exact_parcel_match_in_kakao,,0,0,,,kakao_local_api:unresolved,https://dapi.kakao.com/v2/local/search/address.json,2026-09-06,https://www.data.go.kr/data/15029300/fileData.do,2025-09-25,2026-09-06,administrative_record_only_not_confirmed_active,증축,2008-01-21,2008-01-23,2008-02-22,노유자시설,192.35,"주소 기반 추정 위치, 공사현장 좌표 아님"
15029300:798,798,건축행정기록,공장,인천광역시 미추홀구 도화동 756,37.4762964,126.6669313,geocoded_kakao_jibun,kakao_exact_jibun_address_match,인천 미추홀구 도화동 756,1,1,0.0,,kakao_local_api:address_jibun,https://dapi.kakao.com/v2/local/search/address.json,2026-09-06,https://www.data.go.kr/data/15029300/fileData.do,2025-09-25,2026-09-06,administrative_record_only_not_confirmed_active,증축,2008-01-04,2008-01-04,,공장,1889.6,"주소 기반 추정 위치, 공사현장 좌표 아님"
15029300:799,799,건축행정기록,단독주택,인천광역시 미추홀구 용현동 627-267,37.4500835,126.6357463,geocoded_kakao_jibun,kakao_exact_jibun_address_match,인천 미추홀구 용현동 627-267,1,1,0.0,,kakao_local_api:address_jibun,https://dapi.kakao.com/v2/local/search/address.json,2026-09-06,https://www.data.go.kr/data/15029300/fileData.do,2025-09-25,2026-09-06,administrative_record_only_not_confirmed_active,증축,2008-01-03,2008-01-11,2008-03-27,단독주택,140,"주소 기반 추정 위치, 공사현장 좌표 아님"
15029300:800,800,건축행정기록,제2종근린생활시설,인천광역시 미추홀구 숭의동 111-18,37.4677027,126.6455588,geocoded_kakao_jibun,kakao_exact_jibun_address_match,인천 미추홀구 숭의동 111-18,1,1,0.0,,kakao_local_api:address_jibun,https://dapi.kakao.com/v2/local/search/address.json,2026-09-06,https://www.data.go.kr/data/15029300/fileData.do,2025-09-25,2026-09-06,administrative_record_only_not_confirmed_active,신축,2007-12-21,2007-12-28,2008-01-31,제2종근린생활시설,114.18,"주소 기반 추정 위치, 공사현장 좌표 아님"
15029300:801,801,건축행정기록,제2종근린생활시설,인천광역시 미추홀구 주안동 1271-8,37.4462974,126.6787163,geocoded_kakao_jibun,kakao_exact_jibun_address_match,인천 미추홀구 주안동 1271-8,1,1,0.0,,kakao_local_api:address_jibun,https://dapi.kakao.com/v2/local/search/address.json,2026-09-06,https://www.data.go.kr/data/15029300/fileData.do,2025-09-25,2026-09-06,administrative_record_only_not_confirmed_active,증축,2007-12-07,2007-12-13,,제2종근린생활시설,511,"주소 기반 추정 위치, 공사현장 좌표 아님"
15029300:802,802,건축행정기록,자동차관련시설,인천광역시 미추홀구 학익동 401-58,37.4443682,126.6524622,geocoded_kakao_jibun,kakao_exact_jibun_address_match,인천 미추홀구 학익동 401-58,1,1,0.0,,kakao_local_api:address_jibun,https://dapi.kakao.com/v2/local/search/address.json,2026-09-06,https://www.data.go.kr/data/15029300/fileData.do,2025-09-25,2026-09-06,administrative_record_only_not_confirmed_active,증축,2007-12-05,2007-12-06,2007-12-28,자동차관련시설,7356,"주소 기반 추정 위치, 공사현장 좌표 아님"
15029300:803,803,건축행정기록,단독주택,인천광역시 미추홀구 용현동 627-183,37.4507896,126.6358746,geocoded_kakao_jibun,kakao_exact_jibun_address_match,인천 미추홀구 용현동 627-183,1,1,0.0,,kakao_local_api:address_jibun,https://dapi.kakao.com/v2/local/search/address.json,2026-09-06,https://www.data.go.kr/data/15029300/fileData.do,2025-09-25,2026-09-06,administrative_record_only_not_confirmed_active,증축,2007-12-05,2007-12-06,2008-04-29,단독주택,140,"주소 기반 추정 위치, 공사현장 좌표 아님"
15029300:804,804,건축행정기록,단독주택,인천광역시 미추홀구 용현동 623-135,37.4548981,126.6396174,geocoded_kakao_jibun,kakao_exact_jibun_address_match,인천 미추홀구 용현동 623-135,1,1,0.0,,kakao_local_api:address_jibun,https://dapi.kakao.com/v2/local/search/address.json,2026-09-06,https://www.data.go.kr/data/15029300/fileData.do,2025-09-25,2026-09-06,administrative_record_only_not_confirmed_active,증축,2007-11-29,2007-12-04,2007-12-28,단독주택,164.9,"주소 기반 추정 위치, 공사현장 좌표 아님"
15029300:805,805,건축행정기록,단독주택,인천광역시 미추홀구 주안동 561-9,37.4556102,126.6741965,geocoded_kakao_jibun,kakao_exact_jibun_address_match,인천 미추홀구 주안동 561-9,1,1,0.0,,kakao_local_api:address_jibun,https://dapi.kakao.com/v2/local/search/address.json,2026-09-06,https://www.data.go.kr/data/15029300/fileData.do,2025-09-25,2026-09-06,administrative_record_only_not_confirmed_active,신축,2007-11-16,2008-02-19,2008-07-10,단독주택,98,"주소 기반 추정 위치, 공사현장 좌표 아님"
15029300:806,806,건축행정기록,단독주택,인천광역시 미추홀구 주안동 1550-11,37.4556505,126.6915536,geocoded_kakao_jibun,kakao_exact_jibun_address_match,인천 미추홀구 주안동 1550-11,1,1,0.0,,kakao_local_api:address_jibun,https://dapi.kakao.com/v2/local/search/address.json,2026-09-06,https://www.data.go.kr/data/15029300/fileData.do,2025-09-25,2026-09-06,administrative_record_only_not_confirmed_active,증축,2007-11-16,2007-11-19,2008-01-02,단독주택,181.5,"주소 기반 추정 위치, 공사현장 좌표 아님"
15029300:807,807,건축행정기록,단독주택,인천광역시 미추홀구 주안동 1420-64,37.4495252,126.6734225,geocoded_kakao_jibun,kakao_exact_jibun_address_match,인천 미추홀구 주안동 1420-64,1,1,0.0,,kakao_local_api:address_jibun,https://dapi.kakao.com/v2/local/search/address.json,2026-09-06,https://www.data.go.kr/data/15029300/fileData.do,2025-09-25,2026-09-06,administrative_record_only_not_confirmed_active,증축,2007-11-13,2007-11-15,2007-12-05,단독주택,166.2,"주소 기반 추정 위치, 공사현장 좌표 아님"
15029300:808,808,건축행정기록,단독주택,인천광역시 미추홀구 주안동 725-18,37.4506491,126.6715030,geocoded_kakao_jibun,kakao_exact_jibun_address_match,인천 미추홀구 주안동 725-18,1,1,0.0,,kakao_local_api:address_jibun,https://dapi.kakao.com/v2/local/search/address.json,2026-09-06,https://www.data.go.kr/data/15029300/fileData.do,2025-09-25,2026-09-06,administrative_record_only_not_confirmed_active,증축,2007-11-08,2007-12-17,2007-12-28,단독주택,117.72,"주소 기반 추정 위치, 공사현장 좌표 아님"
15029300:809,809,건축행정기록,단독주택,인천광역시 미추홀구 주안동 565-10,37.4572136,126.6725367,geocoded_kakao_jibun,kakao_exact_jibun_address_match,인천 미추홀구 주안동 565-10,1,1,0.0,,kakao_local_api:address_jibun,https://dapi.kakao.com/v2/local/search/address.json,2026-09-06,https://www.data.go.kr/data/15029300/fileData.do,2025-09-25,2026-09-06,administrative_record_only_not_confirmed_active,증축,2007-11-06,2007-11-08,2007-12-06,단독주택,145.77,"주소 기반 추정 위치, 공사현장 좌표 아님"
15029300:810,810,건축행정기록,제2종근린생활시설,인천광역시 미추홀구 주안동 1581-7,37.4565300,126.6944821,geocoded_kakao_jibun,kakao_exact_jibun_address_match,인천 미추홀구 주안동 1581-7,1,1,0.0,,kakao_local_api:address_jibun,https://dapi.kakao.com/v2/local/search/address.json,2026-09-06,https://www.data.go.kr/data/15029300/fileData.do,2025-09-25,2026-09-06,administrative_record_only_not_confirmed_active,증축,2007-11-06,2007-11-08,2008-06-20,제2종근린생활시설,133.7,"주소 기반 추정 위치, 공사현장 좌표 아님"
15029300:811,811,건축행정기록,제2종근린생활시설,인천광역시 미추홀구 주안동 145-1,37.4628493,126.6813445,geocoded_kakao_jibun,kakao_exact_jibun_address_match,인천 미추홀구 주안동 145-1,1,1,0.0,,kakao_local_api:address_jibun,https://dapi.kakao.com/v2/local/search/address.json,2026-09-06,https://www.data.go.kr/data/15029300/fileData.do,2025-09-25,2026-09-06,administrative_record_only_not_confirmed_active,증축,2007-11-05,2007-11-13,2007-12-07,제2종근린생활시설,295.2,"주소 기반 추정 위치, 공사현장 좌표 아님"
15029300:812,812,건축행정기록,단독주택,인천광역시 미추홀구 주안동 1292-2,37.4426344,126.6822535,geocoded_kakao_jibun,kakao_exact_jibun_address_match,인천 미추홀구 주안동 1292-2,1,1,0.0,,kakao_local_api:address_jibun,https://dapi.kakao.com/v2/local/search/address.json,2026-09-06,https://www.data.go.kr/data/15029300/fileData.do,2025-09-25,2026-09-06,administrative_record_only_not_confirmed_active,증축,2007-10-26,2007-10-29,2008-04-07,단독주택,154,"주소 기반 추정 위치, 공사현장 좌표 아님"
15029300:813,813,건축행정기록,단독주택,인천광역시 미추홀구 문학동 368-12,37.4373094,126.6824254,geocoded_kakao_jibun,kakao_exact_jibun_address_match,인천 미추홀구 문학동 368-12,1,1,0.0,,kakao_local_api:address_jibun,https://dapi.kakao.com/v2/local/search/address.json,2026-09-06,https://www.data.go.kr/data/15029300/fileData.do,2025-09-25,2026-09-06,administrative_record_only_not_confirmed_active,용도변경,2007-10-16,2007-10-22,,단독주택,378.8,"주소 기반 추정 위치, 공사현장 좌표 아님"
15029300:814,814,건축행정기록,제1종근린생활시설,인천광역시 미추홀구 주안동 170-9,37.4608470,126.6813776,geocoded_kakao_jibun,kakao_exact_jibun_address_match,인천 미추홀구 주안동 170-9,1,1,0.0,,kakao_local_api:address_jibun,https://dapi.kakao.com/v2/local/search/address.json,2026-09-06,https://www.data.go.kr/data/15029300/fileData.do,2025-09-25,2026-09-06,administrative_record_only_not_confirmed_active,증축,2007-10-15,2007-10-15,2007-10-15,제1종근린생활시설,270.7,"주소 기반 추정 위치, 공사현장 좌표 아님"
15029300:815,815,건축행정기록,제2종근린생활시설,인천광역시 미추홀구 주안동 1540-24,37.4525561,126.6890921,geocoded_kakao_jibun,kakao_exact_jibun_address_match,인천 미추홀구 주안동 1540-24,1,1,0.0,,kakao_local_api:address_jibun,https://dapi.kakao.com/v2/local/search/address.json,2026-09-06,https://www.data.go.kr/data/15029300/fileData.do,2025-09-25,2026-09-06,administrative_record_only_not_confirmed_active,증축,2007-10-05,2007-10-09,2008-02-20,제2종근린생활시설,225,"주소 기반 추정 위치, 공사현장 좌표 아님"
15029300:816,816,건축행정기록,제2종근린생활시설,인천광역시 미추홀구 주안동 14-51,37.4674158,126.6792754,geocoded_kakao_jibun,kakao_exact_jibun_address_match,인천 미추홀구 주안동 14-51,1,1,0.0,,kakao_local_api:address_jibun,https://dapi.kakao.com/v2/local/search/address.json,2026-09-06,https://www.data.go.kr/data/15029300/fileData.do,2025-09-25,2026-09-06,administrative_record_only_not_confirmed_active,증축,2007-10-04,2007-10-05,2007-12-04,제2종근린생활시설,537.6,"주소 기반 추정 위치, 공사현장 좌표 아님"
15029300:817,817,건축행정기록,단독주택,인천광역시 미추홀구 숭의동 105-75,37.4692227,126.6485255,geocoded_kakao_jibun,kakao_exact_jibun_address_match,인천 미추홀구 숭의동 105-75,1,1,0.0,,kakao_local_api:address_jibun,https://dapi.kakao.com/v2/local/search/address.json,2026-09-06,https://www.data.go.kr/data/15029300/fileData.do,2025-09-25,2026-09-06,administrative_record_only_not_confirmed_active,증축,2007-09-28,2007-10-04,2007-10-22,단독주택,81.8,"주소 기반 추정 위치, 공사현장 좌표 아님"
15029300:818,818,건축행정기록,단독주택,인천광역시 미추홀구 주안동 1418-55,37.4507036,126.6720134,geocoded_kakao_jibun,kakao_exact_jibun_address_match,인천 미추홀구 주안동 1418-55,1,1,0.0,,kakao_local_api:address_jibun,https://dapi.kakao.com/v2/local/search/address.json,2026-09-06,https://www.data.go.kr/data/15029300/fileData.do,2025-09-25,2026-09-06,administrative_record_only_not_confirmed_active,증축,2007-09-28,2007-10-11,2008-04-11,단독주택,161.4,"주소 기반 추정 위치, 공사현장 좌표 아님"
15029300:819,819,건축행정기록,단독주택,인천광역시 미추홀구 도화동 511-2,37.4586534,126.6678398,geocoded_kakao_jibun,kakao_exact_jibun_address_match,인천 미추홀구 도화동 511-2,1,1,0.0,,kakao_local_api:address_jibun,https://dapi.kakao.com/v2/local/search/address.json,2026-09-06,https://www.data.go.kr/data/15029300/fileData.do,2025-09-25,2026-09-06,administrative_record_only_not_confirmed_active,증축,2007-09-27,2007-09-27,2007-10-26,단독주택,158.4,"주소 기반 추정 위치, 공사현장 좌표 아님"
15029300:820,820,건축행정기록,단독주택,인천광역시 미추홀구 숭의동 5-75,37.4622961,126.6607133,geocoded_kakao_jibun,kakao_exact_jibun_address_match,인천 미추홀구 숭의동 5-75,1,1,0.0,,kakao_local_api:address_jibun,https://dapi.kakao.com/v2/local/search/address.json,2026-09-06,https://www.data.go.kr/data/15029300/fileData.do,2025-09-25,2026-09-06,administrative_record_only_not_confirmed_active,증축,2007-09-21,2007-09-28,2008-01-04,단독주택,208,"주소 기반 추정 위치, 공사현장 좌표 아님"
15029300:821,821,건축행정기록,제2종근린생활시설,인천광역시 미추홀구 주안동 557-10,37.4545881,126.6754987,geocoded_kakao_jibun,kakao_exact_jibun_address_match,인천 미추홀구 주안동 557-10,1,1,0.0,,kakao_local_api:address_jibun,https://dapi.kakao.com/v2/local/search/address.json,2026-09-06,https://www.data.go.kr/data/15029300/fileData.do,2025-09-25,2026-09-06,administrative_record_only_not_confirmed_active,증축,2007-09-18,2007-10-01,2007-11-05,제2종근린생활시설,359.7,"주소 기반 추정 위치, 공사현장 좌표 아님"
15029300:822,822,건축행정기록,위락시설,인천광역시 미추홀구 주안동 69-27,37.4590121,126.6860677,geocoded_kakao_jibun,kakao_exact_jibun_address_match,인천 미추홀구 주안동 69-27,1,1,0.0,,kakao_local_api:address_jibun,https://dapi.kakao.com/v2/local/search/address.json,2026-09-06,https://www.data.go.kr/data/15029300/fileData.do,2025-09-25,2026-09-06,administrative_record_only_not_confirmed_active,증축,2007-09-17,2007-09-21,2007-11-06,위락시설,140.9,"주소 기반 추정 위치, 공사현장 좌표 아님"
15029300:823,823,건축행정기록,단독주택,인천광역시 미추홀구 주안동 1518-12,37.4500308,126.6870321,geocoded_kakao_jibun,kakao_exact_jibun_address_match,인천 미추홀구 주안동 1518-12,1,1,0.0,,kakao_local_api:address_jibun,https://dapi.kakao.com/v2/local/search/address.json,2026-09-06,https://www.data.go.kr/data/15029300/fileData.do,2025-09-25,2026-09-06,administrative_record_only_not_confirmed_active,증축,2007-09-13,2007-10-10,2007-10-11,단독주택,193.2,"주소 기반 추정 위치, 공사현장 좌표 아님"
15029300:824,824,건축행정기록,단독주택,인천광역시 미추홀구 문학동 397-7,37.4357987,126.6840968,geocoded_kakao_jibun,kakao_exact_jibun_address_match,인천 미추홀구 문학동 397-7,1,1,0.0,,kakao_local_api:address_jibun,https://dapi.kakao.com/v2/local/search/address.json,2026-09-06,https://www.data.go.kr/data/15029300/fileData.do,2025-09-25,2026-09-06,administrative_record_only_not_confirmed_active,증축,2007-09-11,2007-09-12,2007-11-27,단독주택,123,"주소 기반 추정 위치, 공사현장 좌표 아님"
15029300:825,825,건축행정기록,단독주택,인천광역시 미추홀구 숭의동 2-121,37.4632154,126.6597235,geocoded_kakao_jibun,kakao_exact_jibun_address_match,인천 미추홀구 숭의동 2-121,1,1,0.0,,kakao_local_api:address_jibun,https://dapi.kakao.com/v2/local/search/address.json,2026-09-06,https://www.data.go.kr/data/15029300/fileData.do,2025-09-25,2026-09-06,administrative_record_only_not_confirmed_active,증축,2007-09-11,2007-11-01,2008-07-15,단독주택,258,"주소 기반 추정 위치, 공사현장 좌표 아님"
15029300:826,826,건축행정기록,제2종근린생활시설,인천광역시 미추홀구 용현동 179-32,37.4529294,126.6596722,geocoded_kakao_jibun,kakao_exact_jibun_address_match,인천 미추홀구 용현동 179-32,1,1,0.0,,kakao_local_api:address_jibun,https://dapi.kakao.com/v2/local/search/address.json,2026-09-06,https://www.data.go.kr/data/15029300/fileData.do,2025-09-25,2026-09-06,administrative_record_only_not_confirmed_active,증축,2007-09-10,2007-09-17,,제2종근린생활시설,165.14,"주소 기반 추정 위치, 공사현장 좌표 아님"
15029300:827,827,건축행정기록,제1종근린생활시설,인천광역시 미추홀구 주안동 558-24,37.4543888,126.6744944,geocoded_kakao_jibun,kakao_exact_jibun_address_match,인천 미추홀구 주안동 558-24,1,1,0.0,,kakao_local_api:address_jibun,https://dapi.kakao.com/v2/local/search/address.json,2026-09-06,https://www.data.go.kr/data/15029300/fileData.do,2025-09-25,2026-09-06,administrative_record_only_not_confirmed_active,증축,2007-09-07,2007-10-11,,제1종근린생활시설,151.7,"주소 기반 추정 위치, 공사현장 좌표 아님"
15029300:828,828,건축행정기록,단독주택,인천광역시 미추홀구 주안동 571-6,,,unresolved,no_exact_parcel_match_in_kakao,,0,0,,,kakao_local_api:unresolved,https://dapi.kakao.com/v2/local/search/address.json,2026-09-06,https://www.data.go.kr/data/15029300/fileData.do,2025-09-25,2026-09-06,administrative_record_only_not_confirmed_active,증축,2007-09-05,2007-09-06,2007-09-13,단독주택,193.83,"주소 기반 추정 위치, 공사현장 좌표 아님"
15029300:829,829,건축행정기록,제2종근린생활시설,인천광역시 미추홀구 용현동 624-22,37.4557123,126.6370609,geocoded_kakao_jibun,kakao_exact_jibun_address_match,인천 미추홀구 용현동 624-22,1,1,0.0,,kakao_local_api:address_jibun,https://dapi.kakao.com/v2/local/search/address.json,2026-09-06,https://www.data.go.kr/data/15029300/fileData.do,2025-09-25,2026-09-06,administrative_record_only_not_confirmed_active,증축,2007-09-04,2007-09-13,2007-11-20,제2종근린생활시설,262.9,"주소 기반 추정 위치, 공사현장 좌표 아님"
15029300:830,830,건축행정기록,제1종근린생활시설,인천광역시 미추홀구 주안동 146-12,37.4624664,126.6819871,geocoded_kakao_jibun,kakao_exact_jibun_address_match,인천 미추홀구 주안동 146-12,1,1,0.0,,kakao_local_api:address_jibun,https://dapi.kakao.com/v2/local/search/address.json,2026-09-06,https://www.data.go.kr/data/15029300/fileData.do,2025-09-25,2026-09-06,administrative_record_only_not_confirmed_active,증축,2007-08-31,2007-09-03,2008-10-30,제1종근린생활시설,210.9,"주소 기반 추정 위치, 공사현장 좌표 아님"
15029300:831,831,건축행정기록,위험물저장및처리시설,인천광역시 미추홀구 학익동 663-4,37.4384989,126.6759030,geocoded_kakao_jibun,kakao_exact_jibun_address_match,인천 미추홀구 학익동 663-4,1,1,0.0,,kakao_local_api:address_jibun,https://dapi.kakao.com/v2/local/search/address.json,2026-09-06,https://www.data.go.kr/data/15029300/fileData.do,2025-09-25,2026-09-06,administrative_record_only_not_confirmed_active,증축,2007-08-30,2007-09-12,2007-11-01,위험물저장및처리시설,757.2,"주소 기반 추정 위치, 공사현장 좌표 아님"
15029300:832,832,건축행정기록,제1종근린생활시설,인천광역시 미추홀구 주안동 1560-1 외1필지,37.4512742,126.6904199,geocoded_kakao_jibun,kakao_exact_jibun_address_match,인천 미추홀구 주안동 1560-1,1,1,0.0,,kakao_local_api:address_jibun,https://dapi.kakao.com/v2/local/search/address.json,2026-09-06,https://www.data.go.kr/data/15029300/fileData.do,2025-09-25,2026-09-06,administrative_record_only_not_confirmed_active,증축,2007-08-27,2007-09-12,2008-02-12,제1종근린생활시설,2822,"주소 기반 추정 위치, 공사현장 좌표 아님"
15029300:833,833,건축행정기록,창고시설,인천광역시 미추홀구 숭의동 362-7,37.4613490,126.6392728,geocoded_kakao_jibun,kakao_exact_jibun_address_match,인천 미추홀구 숭의동 362-7,1,1,0.0,,kakao_local_api:address_jibun,https://dapi.kakao.com/v2/local/search/address.json,2026-09-06,https://www.data.go.kr/data/15029300/fileData.do,2025-09-25,2026-09-06,administrative_record_only_not_confirmed_active,신축,2007-08-24,2008-02-12,2008-03-31,창고시설,188.4,"주소 기반 추정 위치, 공사현장 좌표 아님"
15029300:834,834,건축행정기록,창고시설,인천광역시 미추홀구 숭의동 362-8 외1필지,37.4612892,126.6394362,geocoded_kakao_jibun,kakao_exact_jibun_address_match,인천 미추홀구 숭의동 362-8,1,1,0.0,,kakao_local_api:address_jibun,https://dapi.kakao.com/v2/local/search/address.json,2026-09-06,https://www.data.go.kr/data/15029300/fileData.do,2025-09-25,2026-09-06,administrative_record_only_not_confirmed_active,신축,2007-08-24,2008-02-12,2008-03-31,창고시설,175.9,"주소 기반 추정 위치, 공사현장 좌표 아님"
15029300:835,835,건축행정기록,제1종근린생활시설,인천광역시 미추홀구 주안동 64-2,37.4600112,126.6860815,geocoded_kakao_jibun,kakao_exact_jibun_address_match,인천 미추홀구 주안동 64-2,1,1,0.0,,kakao_local_api:address_jibun,https://dapi.kakao.com/v2/local/search/address.json,2026-09-06,https://www.data.go.kr/data/15029300/fileData.do,2025-09-25,2026-09-06,administrative_record_only_not_confirmed_active,증축,2007-08-24,2007-08-24,2007-10-29,제1종근린생활시설,309.1,"주소 기반 추정 위치, 공사현장 좌표 아님"
15029300:836,836,건축행정기록,제1종근린생활시설,인천광역시 미추홀구 숭의동 164-35,37.4626825,126.6446668,geocoded_kakao_jibun,kakao_exact_jibun_address_match,인천 미추홀구 숭의동 164-35,1,1,0.0,,kakao_local_api:address_jibun,https://dapi.kakao.com/v2/local/search/address.json,2026-09-06,https://www.data.go.kr/data/15029300/fileData.do,2025-09-25,2026-09-06,administrative_record_only_not_confirmed_active,증축,2007-08-24,2007-08-24,2007-10-30,제1종근린생활시설,263.5,"주소 기반 추정 위치, 공사현장 좌표 아님"
15029300:837,837,건축행정기록,제2종근린생활시설,인천광역시 미추홀구 주안동 1342-1,37.4463327,126.6778630,geocoded_kakao_jibun,kakao_exact_jibun_address_match,인천 미추홀구 주안동 1342-1,1,1,0.0,,kakao_local_api:address_jibun,https://dapi.kakao.com/v2/local/search/address.json,2026-09-06,https://www.data.go.kr/data/15029300/fileData.do,2025-09-25,2026-09-06,administrative_record_only_not_confirmed_active,대수선,2007-08-21,2007-08-22,2007-09-20,제2종근린생활시설,37,"주소 기반 추정 위치, 공사현장 좌표 아님"
15029300:838,838,건축행정기록,단독주택,인천광역시 미추홀구 주안동 289-3,37.4562184,126.6881886,geocoded_kakao_jibun,kakao_exact_jibun_address_match,인천 미추홀구 주안동 289-3,1,1,0.0,,kakao_local_api:address_jibun,https://dapi.kakao.com/v2/local/search/address.json,2026-09-06,https://www.data.go.kr/data/15029300/fileData.do,2025-09-25,2026-09-06,administrative_record_only_not_confirmed_active,증축,2007-08-20,2007-08-27,2007-12-05,단독주택,174.1,"주소 기반 추정 위치, 공사현장 좌표 아님"
15029300:839,839,건축행정기록,제1종근린생활시설,인천광역시 미추홀구 용현동 366-3,37.4538079,126.6509107,geocoded_kakao_jibun,kakao_exact_jibun_address_match,인천 미추홀구 용현동 366-3,1,1,0.0,,kakao_local_api:address_jibun,https://dapi.kakao.com/v2/local/search/address.json,2026-09-06,https://www.data.go.kr/data/15029300/fileData.do,2025-09-25,2026-09-06,administrative_record_only_not_confirmed_active,증축,2007-08-14,2007-09-12,2007-11-29,제1종근린생활시설,152,"주소 기반 추정 위치, 공사현장 좌표 아님"
15029300:840,840,건축행정기록,위험물저장및처리시설,인천광역시 미추홀구 도화동 424-1,37.4606216,126.6730277,geocoded_kakao_jibun,kakao_exact_jibun_address_match,인천 미추홀구 도화동 424-1,1,1,0.0,,kakao_local_api:address_jibun,https://dapi.kakao.com/v2/local/search/address.json,2026-09-06,https://www.data.go.kr/data/15029300/fileData.do,2025-09-25,2026-09-06,administrative_record_only_not_confirmed_active,증축,2007-08-06,2007-10-26,2007-12-26,위험물저장및처리시설,1653,"주소 기반 추정 위치, 공사현장 좌표 아님"
15029300:841,841,건축행정기록,제2종근린생활시설,인천광역시 미추홀구 숭의동 173-43,37.4647520,126.6497095,geocoded_kakao_jibun,kakao_exact_jibun_address_match,인천 미추홀구 숭의동 173-43,1,1,0.0,,kakao_local_api:address_jibun,https://dapi.kakao.com/v2/local/search/address.json,2026-09-06,https://www.data.go.kr/data/15029300/fileData.do,2025-09-25,2026-09-06,administrative_record_only_not_confirmed_active,증축,2007-08-03,2007-08-07,2007-09-13,제2종근린생활시설,221.8,"주소 기반 추정 위치, 공사현장 좌표 아님"
15029300:842,842,건축행정기록,단독주택,인천광역시 미추홀구 도화동 120-28,37.4687422,126.6728789,geocoded_kakao_jibun,kakao_exact_jibun_address_match,인천 미추홀구 도화동 120-28,1,1,0.0,,kakao_local_api:address_jibun,https://dapi.kakao.com/v2/local/search/address.json,2026-09-06,https://www.data.go.kr/data/15029300/fileData.do,2025-09-25,2026-09-06,administrative_record_only_not_confirmed_active,신축,2007-08-02,2007-10-11,2008-03-20,단독주택,430.5,"주소 기반 추정 위치, 공사현장 좌표 아님"
15029300:843,843,건축행정기록,문화및집회시설,인천광역시 미추홀구 주안동 1437-13,37.4486506,126.6773030,geocoded_kakao_jibun,kakao_exact_jibun_address_match,인천 미추홀구 주안동 1437-13,1,1,0.0,,kakao_local_api:address_jibun,https://dapi.kakao.com/v2/local/search/address.json,2026-09-06,https://www.data.go.kr/data/15029300/fileData.do,2025-09-25,2026-09-06,administrative_record_only_not_confirmed_active,증축,2007-07-26,2007-07-27,2007-09-19,문화및집회시설,926.1,"주소 기반 추정 위치, 공사현장 좌표 아님"
15029300:844,844,건축행정기록,단독주택,인천광역시 미추홀구 도화동 533-30,37.4622873,126.6694052,geocoded_kakao_jibun,kakao_exact_jibun_address_match,인천 미추홀구 도화동 533-30,1,1,0.0,,kakao_local_api:address_jibun,https://dapi.kakao.com/v2/local/search/address.json,2026-09-06,https://www.data.go.kr/data/15029300/fileData.do,2025-09-25,2026-09-06,administrative_record_only_not_confirmed_active,증축,2007-07-26,2007-07-27,,단독주택,153.7,"주소 기반 추정 위치, 공사현장 좌표 아님"
15029300:845,845,건축행정기록,제2종근린생활시설,인천광역시 미추홀구 학익동 409-6,37.4456785,126.6578461,geocoded_kakao_jibun,kakao_exact_jibun_address_match,인천 미추홀구 학익동 409-6,1,1,0.0,,kakao_local_api:address_jibun,https://dapi.kakao.com/v2/local/search/address.json,2026-09-06,https://www.data.go.kr/data/15029300/fileData.do,2025-09-25,2026-09-06,administrative_record_only_not_confirmed_active,대수선,2007-07-24,2007-07-30,2007-09-20,제2종근린생활시설,109,"주소 기반 추정 위치, 공사현장 좌표 아님"
15029300:846,846,건축행정기록,단독주택,인천광역시 미추홀구 주안동 1580-1,37.4568840,126.6922215,geocoded_kakao_jibun,kakao_exact_jibun_address_match,인천 미추홀구 주안동 1580-1,1,1,0.0,,kakao_local_api:address_jibun,https://dapi.kakao.com/v2/local/search/address.json,2026-09-06,https://www.data.go.kr/data/15029300/fileData.do,2025-09-25,2026-09-06,administrative_record_only_not_confirmed_active,증축,2007-07-24,2007-07-26,2007-09-15,단독주택,112.3,"주소 기반 추정 위치, 공사현장 좌표 아님"
15029300:847,847,건축행정기록,제2종근린생활시설,인천광역시 미추홀구 주안동 25-68,37.4668412,126.6785548,geocoded_kakao_jibun,kakao_exact_jibun_address_match,인천 미추홀구 주안동 25-68,1,1,0.0,,kakao_local_api:address_jibun,https://dapi.kakao.com/v2/local/search/address.json,2026-09-06,https://www.data.go.kr/data/15029300/fileData.do,2025-09-25,2026-09-06,administrative_record_only_not_confirmed_active,증축,2007-07-20,2007-07-23,2007-08-23,제2종근린생활시설,313.89,"주소 기반 추정 위치, 공사현장 좌표 아님"
15029300:848,848,건축행정기록,제1종근린생활시설,인천광역시 미추홀구 주안동 14-53,37.4671953,126.6792361,geocoded_kakao_jibun,kakao_exact_jibun_address_match,인천 미추홀구 주안동 14-53,1,1,0.0,,kakao_local_api:address_jibun,https://dapi.kakao.com/v2/local/search/address.json,2026-09-06,https://www.data.go.kr/data/15029300/fileData.do,2025-09-25,2026-09-06,administrative_record_only_not_confirmed_active,증축,2007-07-19,2007-07-19,2007-08-16,제1종근린생활시설,537.8,"주소 기반 추정 위치, 공사현장 좌표 아님"
15029300:849,849,건축행정기록,단독주택,인천광역시 미추홀구 주안동 256-9,37.4543968,126.6877554,geocoded_kakao_jibun,kakao_exact_jibun_address_match,인천 미추홀구 주안동 256-9,1,1,0.0,,kakao_local_api:address_jibun,https://dapi.kakao.com/v2/local/search/address.json,2026-09-06,https://www.data.go.kr/data/15029300/fileData.do,2025-09-25,2026-09-06,administrative_record_only_not_confirmed_active,증축,2007-07-18,2007-07-23,2007-08-16,단독주택,159.9,"주소 기반 추정 위치, 공사현장 좌표 아님"
15029300:850,850,건축행정기록,단독주택,인천광역시 미추홀구 주안동 1292-37,37.4424846,126.6829532,geocoded_kakao_jibun,kakao_exact_jibun_address_match,인천 미추홀구 주안동 1292-37,1,1,0.0,,kakao_local_api:address_jibun,https://dapi.kakao.com/v2/local/search/address.json,2026-09-06,https://www.data.go.kr/data/15029300/fileData.do,2025-09-25,2026-09-06,administrative_record_only_not_confirmed_active,증축,2007-07-18,2007-07-20,2007-11-06,단독주택,116,"주소 기반 추정 위치, 공사현장 좌표 아님"
15029300:851,851,건축행정기록,제2종근린생활시설,인천광역시 미추홀구 용현동 95-6,37.4516189,126.6613716,geocoded_kakao_jibun,kakao_exact_jibun_address_match,인천 미추홀구 용현동 95-6,1,1,0.0,,kakao_local_api:address_jibun,https://dapi.kakao.com/v2/local/search/address.json,2026-09-06,https://www.data.go.kr/data/15029300/fileData.do,2025-09-25,2026-09-06,administrative_record_only_not_confirmed_active,증축,2007-07-11,2007-07-12,2007-12-10,제2종근린생활시설,117.2,"주소 기반 추정 위치, 공사현장 좌표 아님"
15029300:852,852,건축행정기록,제2종근린생활시설,인천광역시 미추홀구 주안동 734-24 외1필지,37.4487845,126.6716156,geocoded_kakao_jibun,kakao_exact_jibun_address_match,인천 미추홀구 주안동 734-24,1,1,0.0,,kakao_local_api:address_jibun,https://dapi.kakao.com/v2/local/search/address.json,2026-09-06,https://www.data.go.kr/data/15029300/fileData.do,2025-09-25,2026-09-06,administrative_record_only_not_confirmed_active,증축,2007-07-06,2007-09-08,2008-04-03,제2종근린생활시설,949.3,"주소 기반 추정 위치, 공사현장 좌표 아님"
15029300:853,853,건축행정기록,제2종근린생활시설,인천광역시 미추홀구 용현동 463-61,37.4577244,126.6476450,geocoded_kakao_jibun,kakao_exact_jibun_address_match,인천 미추홀구 용현동 463-61,1,1,0.0,,kakao_local_api:address_jibun,https://dapi.kakao.com/v2/local/search/address.json,2026-09-06,https://www.data.go.kr/data/15029300/fileData.do,2025-09-25,2026-09-06,administrative_record_only_not_confirmed_active,증축,2007-07-06,2007-07-16,,제2종근린생활시설,170.7,"주소 기반 추정 위치, 공사현장 좌표 아님"
15029300:854,854,건축행정기록,단독주택,인천광역시 미추홀구 숭의동 244-36,37.4616119,126.6531690,geocoded_kakao_jibun,kakao_exact_jibun_address_match,인천 미추홀구 숭의동 244-36,1,1,0.0,,kakao_local_api:address_jibun,https://dapi.kakao.com/v2/local/search/address.json,2026-09-06,https://www.data.go.kr/data/15029300/fileData.do,2025-09-25,2026-09-06,administrative_record_only_not_confirmed_active,증축,2007-07-03,2007-07-06,2007-09-03,단독주택,199,"주소 기반 추정 위치, 공사현장 좌표 아님"
15029300:855,855,건축행정기록,단독주택,인천광역시 미추홀구 주안동 302-4,37.4573600,126.6872955,geocoded_kakao_jibun,kakao_exact_jibun_address_match,인천 미추홀구 주안동 302-4,1,1,0.0,,kakao_local_api:address_jibun,https://dapi.kakao.com/v2/local/search/address.json,2026-09-06,https://www.data.go.kr/data/15029300/fileData.do,2025-09-25,2026-09-06,administrative_record_only_not_confirmed_active,증축,2007-07-02,2007-07-03,2007-07-24,단독주택,128.4,"주소 기반 추정 위치, 공사현장 좌표 아님"
15029300:856,856,건축행정기록,제2종근린생활시설,인천광역시 미추홀구 주안동 466-1 외1필지,37.4582498,126.6804261,geocoded_kakao_jibun,kakao_exact_jibun_address_match,인천 미추홀구 주안동 466-1,1,1,0.0,,kakao_local_api:address_jibun,https://dapi.kakao.com/v2/local/search/address.json,2026-09-06,https://www.data.go.kr/data/15029300/fileData.do,2025-09-25,2026-09-06,administrative_record_only_not_confirmed_active,증축,2007-06-26,2007-06-26,2007-06-26,제2종근린생활시설,331.6,"주소 기반 추정 위치, 공사현장 좌표 아님"
15029300:857,857,건축행정기록,단독주택,인천광역시 미추홀구 주안동 679-3,37.4530977,126.6664319,geocoded_kakao_jibun,kakao_exact_jibun_address_match,인천 미추홀구 주안동 679-3,1,1,0.0,,kakao_local_api:address_jibun,https://dapi.kakao.com/v2/local/search/address.json,2026-09-06,https://www.data.go.kr/data/15029300/fileData.do,2025-09-25,2026-09-06,administrative_record_only_not_confirmed_active,신축,2007-06-12,2007-06-18,,단독주택,108.4,"주소 기반 추정 위치, 공사현장 좌표 아님"
15029300:858,858,건축행정기록,단독주택,인천광역시 미추홀구 용현동 627-186,37.4506927,126.6358490,geocoded_kakao_jibun,kakao_exact_jibun_address_match,인천 미추홀구 용현동 627-186,1,1,0.0,,kakao_local_api:address_jibun,https://dapi.kakao.com/v2/local/search/address.json,2026-09-06,https://www.data.go.kr/data/15029300/fileData.do,2025-09-25,2026-09-06,administrative_record_only_not_confirmed_active,증축,2007-06-11,2007-07-31,2007-11-29,단독주택,140,"주소 기반 추정 위치, 공사현장 좌표 아님"
15029300:859,859,건축행정기록,단독주택,인천광역시 미추홀구 주안동 877-6,37.4641878,126.6926868,geocoded_kakao_jibun,kakao_exact_jibun_address_match,인천 미추홀구 주안동 877-6,1,1,0.0,,kakao_local_api:address_jibun,https://dapi.kakao.com/v2/local/search/address.json,2026-09-06,https://www.data.go.kr/data/15029300/fileData.do,2025-09-25,2026-09-06,administrative_record_only_not_confirmed_active,증축,2007-06-08,2008-05-13,2009-07-03,단독주택,366.6,"주소 기반 추정 위치, 공사현장 좌표 아님"
15029300:860,860,건축행정기록,단독주택,인천광역시 미추홀구 숭의동 339-10,37.4611955,126.6432735,geocoded_kakao_jibun,kakao_exact_jibun_address_match,인천 미추홀구 숭의동 339-10,1,1,0.0,,kakao_local_api:address_jibun,https://dapi.kakao.com/v2/local/search/address.json,2026-09-06,https://www.data.go.kr/data/15029300/fileData.do,2025-09-25,2026-09-06,administrative_record_only_not_confirmed_active,증축,2007-06-07,2007-06-08,2007-07-13,단독주택,159.3,"주소 기반 추정 위치, 공사현장 좌표 아님"
15029300:861,861,건축행정기록,단독주택,인천광역시 미추홀구 주안동 509-16,37.4574426,126.6776370,geocoded_kakao_jibun,kakao_exact_jibun_address_match,인천 미추홀구 주안동 509-16,1,1,0.0,,kakao_local_api:address_jibun,https://dapi.kakao.com/v2/local/search/address.json,2026-09-06,https://www.data.go.kr/data/15029300/fileData.do,2025-09-25,2026-09-06,administrative_record_only_not_confirmed_active,증축,2007-06-05,2007-06-05,2007-10-29,단독주택,182.8,"주소 기반 추정 위치, 공사현장 좌표 아님"
15029300:862,862,건축행정기록,단독주택,인천광역시 미추홀구 주안동 857-10,37.4459296,126.6745054,geocoded_kakao_jibun,kakao_exact_jibun_address_match,인천 미추홀구 주안동 857-10,1,1,0.0,,kakao_local_api:address_jibun,https://dapi.kakao.com/v2/local/search/address.json,2026-09-06,https://www.data.go.kr/data/15029300/fileData.do,2025-09-25,2026-09-06,administrative_record_only_not_confirmed_active,증축,2007-06-05,2007-06-11,2007-07-19,단독주택,66,"주소 기반 추정 위치, 공사현장 좌표 아님"
15029300:863,863,건축행정기록,단독주택,인천광역시 미추홀구 주안동 1417-22,37.4526087,126.6730891,geocoded_kakao_jibun,kakao_exact_jibun_address_match,인천 미추홀구 주안동 1417-22,1,1,0.0,,kakao_local_api:address_jibun,https://dapi.kakao.com/v2/local/search/address.json,2026-09-06,https://www.data.go.kr/data/15029300/fileData.do,2025-09-25,2026-09-06,administrative_record_only_not_confirmed_active,증축,2007-06-05,2007-06-08,2007-07-23,단독주택,143.1,"주소 기반 추정 위치, 공사현장 좌표 아님"
15029300:864,864,건축행정기록,제2종근린생활시설,인천광역시 미추홀구 숭의동 309-1,37.4595971,126.6447130,geocoded_kakao_jibun,kakao_exact_jibun_address_match,인천 미추홀구 숭의동 309-1,1,1,0.0,,kakao_local_api:address_jibun,https://dapi.kakao.com/v2/local/search/address.json,2026-09-06,https://www.data.go.kr/data/15029300/fileData.do,2025-09-25,2026-09-06,administrative_record_only_not_confirmed_active,증축,2007-05-31,2007-06-01,2007-06-19,제2종근린생활시설,216.2,"주소 기반 추정 위치, 공사현장 좌표 아님"
15029300:865,865,건축행정기록,제2종근린생활시설,인천광역시 미추홀구 주안동 146-4 외1필지,37.4626156,126.6818361,geocoded_kakao_jibun,kakao_exact_jibun_address_match,인천 미추홀구 주안동 146-4,1,1,0.0,,kakao_local_api:address_jibun,https://dapi.kakao.com/v2/local/search/address.json,2026-09-06,https://www.data.go.kr/data/15029300/fileData.do,2025-09-25,2026-09-06,administrative_record_only_not_confirmed_active,증축,2007-05-29,2007-05-30,2007-07-11,제2종근린생활시설,373.8,"주소 기반 추정 위치, 공사현장 좌표 아님"
15029300:866,866,건축행정기록,제2종근린생활시설,인천광역시 미추홀구 주안동 1492-17,37.4481717,126.6845372,geocoded_kakao_jibun,kakao_exact_jibun_address_match,인천 미추홀구 주안동 1492-17,1,1,0.0,,kakao_local_api:address_jibun,https://dapi.kakao.com/v2/local/search/address.json,2026-09-06,https://www.data.go.kr/data/15029300/fileData.do,2025-09-25,2026-09-06,administrative_record_only_not_confirmed_active,증축,2007-05-29,2007-06-01,2010-10-27,제2종근린생활시설,264.7,"주소 기반 추정 위치, 공사현장 좌표 아님"
15029300:867,867,건축행정기록,숙박시설,인천광역시 미추홀구 주안동 154-6 외1필지,37.4612270,126.6824268,geocoded_kakao_jibun,kakao_exact_jibun_address_match,인천 미추홀구 주안동 154-6,1,1,0.0,,kakao_local_api:address_jibun,https://dapi.kakao.com/v2/local/search/address.json,2026-09-06,https://www.data.go.kr/data/15029300/fileData.do,2025-09-25,2026-09-06,administrative_record_only_not_confirmed_active,증축,2007-05-28,2007-05-30,2007-08-28,숙박시설,301.3,"주소 기반 추정 위치, 공사현장 좌표 아님"
15029300:868,868,건축행정기록,제2종근린생활시설,인천광역시 미추홀구 숭의동 296-46,37.4591938,126.6470161,geocoded_kakao_jibun,kakao_exact_jibun_address_match,인천 미추홀구 숭의동 296-46,1,1,0.0,,kakao_local_api:address_jibun,https://dapi.kakao.com/v2/local/search/address.json,2026-09-06,https://www.data.go.kr/data/15029300/fileData.do,2025-09-25,2026-09-06,administrative_record_only_not_confirmed_active,대수선,2007-05-22,2007-05-23,2007-08-03,제2종근린생활시설,139.8,"주소 기반 추정 위치, 공사현장 좌표 아님"
15029300:869,869,건축행정기록,노유자시설,인천광역시 미추홀구 주안동 22-18,37.4659583,126.6844105,geocoded_kakao_jibun,kakao_exact_jibun_address_match,인천 미추홀구 주안동 22-18,1,1,0.0,,kakao_local_api:address_jibun,https://dapi.kakao.com/v2/local/search/address.json,2026-09-06,https://www.data.go.kr/data/15029300/fileData.do,2025-09-25,2026-09-06,administrative_record_only_not_confirmed_active,증축,2007-05-21,2007-05-25,2007-07-31,노유자시설,343.8,"주소 기반 추정 위치, 공사현장 좌표 아님"
15029300:870,870,건축행정기록,제1종근린생활시설,인천광역시 미추홀구 학익동 533-3,37.4402597,126.6569425,geocoded_kakao_jibun,kakao_exact_jibun_address_match,인천 미추홀구 학익동 533-3,1,1,0.0,,kakao_local_api:address_jibun,https://dapi.kakao.com/v2/local/search/address.json,2026-09-06,https://www.data.go.kr/data/15029300/fileData.do,2025-09-25,2026-09-06,administrative_record_only_not_confirmed_active,증축,2007-05-21,2007-09-10,2008-01-07,제1종근린생활시설,851,"주소 기반 추정 위치, 공사현장 좌표 아님"
15029300:871,871,건축행정기록,자동차관련시설,인천광역시 미추홀구 주안동 201-15 외1필지,37.4604755,126.6771051,geocoded_kakao_jibun,kakao_exact_jibun_address_match,인천 미추홀구 주안동 201-15,1,1,0.0,,kakao_local_api:address_jibun,https://dapi.kakao.com/v2/local/search/address.json,2026-09-06,https://www.data.go.kr/data/15029300/fileData.do,2025-09-25,2026-09-06,administrative_record_only_not_confirmed_active,증축,2007-05-18,2007-05-18,2007-05-31,자동차관련시설,595.5,"주소 기반 추정 위치, 공사현장 좌표 아님"
15029300:872,872,건축행정기록,제2종근린생활시설,인천광역시 미추홀구 도화동 462-9,37.4581763,126.6724558,geocoded_kakao_jibun,kakao_exact_jibun_address_match,인천 미추홀구 도화동 462-9,1,1,0.0,,kakao_local_api:address_jibun,https://dapi.kakao.com/v2/local/search/address.json,2026-09-06,https://www.data.go.kr/data/15029300/fileData.do,2025-09-25,2026-09-06,administrative_record_only_not_confirmed_active,증축,2007-05-18,2007-05-21,2007-05-31,제2종근린생활시설,326,"주소 기반 추정 위치, 공사현장 좌표 아님"
15029300:873,873,건축행정기록,제1종근린생활시설,인천광역시 미추홀구 주안동 1462-13,37.4483229,126.6780808,geocoded_kakao_jibun,kakao_exact_jibun_address_match,인천 미추홀구 주안동 1462-13,1,1,0.0,,kakao_local_api:address_jibun,https://dapi.kakao.com/v2/local/search/address.json,2026-09-06,https://www.data.go.kr/data/15029300/fileData.do,2025-09-25,2026-09-06,administrative_record_only_not_confirmed_active,증축,2007-05-17,2007-05-18,2007-06-28,제1종근린생활시설,214.5,"주소 기반 추정 위치, 공사현장 좌표 아님"
15029300:874,874,건축행정기록,제1종근린생활시설,인천광역시 미추홀구 주안동 552-2,37.4563748,126.6755892,geocoded_kakao_jibun,kakao_exact_jibun_address_match,인천 미추홀구 주안동 552-2,1,1,0.0,,kakao_local_api:address_jibun,https://dapi.kakao.com/v2/local/search/address.json,2026-09-06,https://www.data.go.kr/data/15029300/fileData.do,2025-09-25,2026-09-06,administrative_record_only_not_confirmed_active,증축,2007-05-16,2007-05-28,2008-12-11,제1종근린생활시설,392.8,"주소 기반 추정 위치, 공사현장 좌표 아님"
15029300:875,875,건축행정기록,제2종근린생활시설,인천광역시 미추홀구 숭의동 309-5,37.4592018,126.6457116,geocoded_kakao_jibun,kakao_exact_jibun_address_match,인천 미추홀구 숭의동 309-5,1,1,0.0,,kakao_local_api:address_jibun,https://dapi.kakao.com/v2/local/search/address.json,2026-09-06,https://www.data.go.kr/data/15029300/fileData.do,2025-09-25,2026-09-06,administrative_record_only_not_confirmed_active,증축,2007-05-14,2007-05-16,2007-07-03,제2종근린생활시설,325.5,"주소 기반 추정 위치, 공사현장 좌표 아님"
15029300:876,876,건축행정기록,제2종근린생활시설,인천광역시 미추홀구 도화동 754-2,37.4764167,126.6673528,geocoded_kakao_jibun,kakao_exact_jibun_address_match,인천 미추홀구 도화동 754-2,1,1,0.0,,kakao_local_api:address_jibun,https://dapi.kakao.com/v2/local/search/address.json,2026-09-06,https://www.data.go.kr/data/15029300/fileData.do,2025-09-25,2026-09-06,administrative_record_only_not_confirmed_active,신축,2007-05-10,2007-05-22,2007-06-21,제2종근린생활시설,493.9,"주소 기반 추정 위치, 공사현장 좌표 아님"
15029300:877,877,건축행정기록,숙박시설,인천광역시 미추홀구 주안동 271-26,37.4598084,126.6851227,geocoded_kakao_jibun,kakao_exact_jibun_address_match,인천 미추홀구 주안동 271-26,1,1,0.0,,kakao_local_api:address_jibun,https://dapi.kakao.com/v2/local/search/address.json,2026-09-06,https://www.data.go.kr/data/15029300/fileData.do,2025-09-25,2026-09-06,administrative_record_only_not_confirmed_active,증축,2007-05-10,2007-05-21,2007-06-29,숙박시설,400,"주소 기반 추정 위치, 공사현장 좌표 아님"
15029300:878,878,건축행정기록,제2종근린생활시설,인천광역시 미추홀구 주안동 1472-11,37.4520272,126.6815486,geocoded_kakao_jibun,kakao_exact_jibun_address_match,인천 미추홀구 주안동 1472-11,1,1,0.0,,kakao_local_api:address_jibun,https://dapi.kakao.com/v2/local/search/address.json,2026-09-06,https://www.data.go.kr/data/15029300/fileData.do,2025-09-25,2026-09-06,administrative_record_only_not_confirmed_active,증축,2007-05-09,2007-05-10,2007-06-14,제2종근린생활시설,183.4,"주소 기반 추정 위치, 공사현장 좌표 아님"
15029300:879,879,건축행정기록,제2종근린생활시설,인천광역시 미추홀구 용현동 37-1,37.4486264,126.6673309,geocoded_kakao_jibun,kakao_exact_jibun_address_match,인천 미추홀구 용현동 37-1,1,1,0.0,,kakao_local_api:address_jibun,https://dapi.kakao.com/v2/local/search/address.json,2026-09-06,https://www.data.go.kr/data/15029300/fileData.do,2025-09-25,2026-09-06,administrative_record_only_not_confirmed_active,증축,2007-05-09,2007-05-11,2007-06-29,제2종근린생활시설,536.63,"주소 기반 추정 위치, 공사현장 좌표 아님"
15029300:880,880,건축행정기록,단독주택,인천광역시 미추홀구 주안동 660-128,37.4591077,126.6659132,geocoded_kakao_jibun,kakao_exact_jibun_address_match,인천 미추홀구 주안동 660-128,1,1,0.0,,kakao_local_api:address_jibun,https://dapi.kakao.com/v2/local/search/address.json,2026-09-06,https://www.data.go.kr/data/15029300/fileData.do,2025-09-25,2026-09-06,administrative_record_only_not_confirmed_active,증축,2007-05-08,2007-05-10,2007-08-02,단독주택,180,"주소 기반 추정 위치, 공사현장 좌표 아님"
15029300:881,881,건축행정기록,제2종근린생활시설,인천광역시 미추홀구 숭의동 244-25,37.4615608,126.6530343,geocoded_kakao_jibun,kakao_exact_jibun_address_match,인천 미추홀구 숭의동 244-25,1,1,0.0,,kakao_local_api:address_jibun,https://dapi.kakao.com/v2/local/search/address.json,2026-09-06,https://www.data.go.kr/data/15029300/fileData.do,2025-09-25,2026-09-06,administrative_record_only_not_confirmed_active,증축,2007-05-07,2007-05-09,2007-06-08,제2종근린생활시설,198,"주소 기반 추정 위치, 공사현장 좌표 아님"
15029300:882,882,건축행정기록,숙박시설,인천광역시 미추홀구 용현동 572-1 외1필지,37.4587059,126.6398716,geocoded_kakao_jibun,kakao_exact_jibun_address_match,인천 미추홀구 용현동 572-1,1,1,0.0,,kakao_local_api:address_jibun,https://dapi.kakao.com/v2/local/search/address.json,2026-09-06,https://www.data.go.kr/data/15029300/fileData.do,2025-09-25,2026-09-06,administrative_record_only_not_confirmed_active,증축,2007-05-02,2007-05-03,2007-06-12,숙박시설,360.3,"주소 기반 추정 위치, 공사현장 좌표 아님"
15029300:883,883,건축행정기록,단독주택,인천광역시 미추홀구 주안동 1571-19,37.4485892,126.6911168,geocoded_kakao_jibun,kakao_exact_jibun_address_match,인천 미추홀구 주안동 1571-19,1,1,0.0,,kakao_local_api:address_jibun,https://dapi.kakao.com/v2/local/search/address.json,2026-09-06,https://www.data.go.kr/data/15029300/fileData.do,2025-09-25,2026-09-06,administrative_record_only_not_confirmed_active,증축,2007-04-30,2007-05-02,2007-06-14,단독주택,166.2,"주소 기반 추정 위치, 공사현장 좌표 아님"
15029300:884,884,건축행정기록,제1종근린생활시설,인천광역시 미추홀구 주안동 1592-2,37.4591055,126.6934117,geocoded_kakao_jibun,kakao_exact_jibun_address_match,인천 미추홀구 주안동 1592-2,1,1,0.0,,kakao_local_api:address_jibun,https://dapi.kakao.com/v2/local/search/address.json,2026-09-06,https://www.data.go.kr/data/15029300/fileData.do,2025-09-25,2026-09-06,administrative_record_only_not_confirmed_active,증축,2007-04-26,2007-04-27,2007-05-07,제1종근린생활시설,1049.5,"주소 기반 추정 위치, 공사현장 좌표 아님"
15029300:885,885,건축행정기록,제2종근린생활시설,인천광역시 미추홀구 주안동 24-55,37.4658438,126.6804657,geocoded_kakao_jibun,kakao_exact_jibun_address_match,인천 미추홀구 주안동 24-55,1,1,0.0,,kakao_local_api:address_jibun,https://dapi.kakao.com/v2/local/search/address.json,2026-09-06,https://www.data.go.kr/data/15029300/fileData.do,2025-09-25,2026-09-06,administrative_record_only_not_confirmed_active,증축,2007-04-18,2007-04-20,2007-05-10,제2종근린생활시설,203.1,"주소 기반 추정 위치, 공사현장 좌표 아님"
15029300:886,886,건축행정기록,노유자시설,인천광역시 미추홀구 주안동 720-4,37.4525374,126.6711135,geocoded_kakao_jibun,kakao_exact_jibun_address_match,인천 미추홀구 주안동 720-4,1,1,0.0,,kakao_local_api:address_jibun,https://dapi.kakao.com/v2/local/search/address.json,2026-09-06,https://www.data.go.kr/data/15029300/fileData.do,2025-09-25,2026-09-06,administrative_record_only_not_confirmed_active,증축,2007-04-18,2007-04-26,2007-05-07,노유자시설,167.9,"주소 기반 추정 위치, 공사현장 좌표 아님"
15029300:887,887,건축행정기록,단독주택,인천광역시 미추홀구 용현동 17-7,37.4504775,126.6664953,geocoded_kakao_jibun,kakao_exact_jibun_address_match,인천 미추홀구 용현동 17-7,1,1,0.0,,kakao_local_api:address_jibun,https://dapi.kakao.com/v2/local/search/address.json,2026-09-06,https://www.data.go.kr/data/15029300/fileData.do,2025-09-25,2026-09-06,administrative_record_only_not_confirmed_active,증축,2007-04-17,2007-04-18,2007-11-08,단독주택,127.9,"주소 기반 추정 위치, 공사현장 좌표 아님"
15029300:888,888,건축행정기록,단독주택,인천광역시 미추홀구 도화동 223-30,37.4673128,126.6667015,geocoded_kakao_jibun,kakao_exact_jibun_address_match,인천 미추홀구 도화동 223-30,1,1,0.0,,kakao_local_api:address_jibun,https://dapi.kakao.com/v2/local/search/address.json,2026-09-06,https://www.data.go.kr/data/15029300/fileData.do,2025-09-25,2026-09-06,administrative_record_only_not_confirmed_active,증축,2007-04-06,2007-04-09,2007-05-03,단독주택,140,"주소 기반 추정 위치, 공사현장 좌표 아님"
15029300:889,889,건축행정기록,공장,인천광역시 미추홀구 도화동 732-5,37.4747609,126.6703204,geocoded_kakao_jibun,kakao_exact_jibun_address_match,인천 미추홀구 도화동 732-5,1,1,0.0,,kakao_local_api:address_jibun,https://dapi.kakao.com/v2/local/search/address.json,2026-09-06,https://www.data.go.kr/data/15029300/fileData.do,2025-09-25,2026-09-06,administrative_record_only_not_confirmed_active,증축,2007-04-05,2007-04-12,2007-05-10,공장,1235.1,"주소 기반 추정 위치, 공사현장 좌표 아님"
15029300:890,890,건축행정기록,제1종근린생활시설,인천광역시 미추홀구 주안동 18-7,37.4679269,126.6821621,geocoded_kakao_jibun,kakao_exact_jibun_address_match,인천 미추홀구 주안동 18-7,1,1,0.0,,kakao_local_api:address_jibun,https://dapi.kakao.com/v2/local/search/address.json,2026-09-06,https://www.data.go.kr/data/15029300/fileData.do,2025-09-25,2026-09-06,administrative_record_only_not_confirmed_active,증축,2007-04-04,2007-04-11,2007-05-29,제1종근린생활시설,448.1,"주소 기반 추정 위치, 공사현장 좌표 아님"
15029300:891,891,건축행정기록,업무시설,인천광역시 미추홀구 주안동 115-2,37.4632543,126.6854083,geocoded_kakao_jibun,kakao_exact_jibun_address_match,인천 미추홀구 주안동 115-2,1,1,0.0,,kakao_local_api:address_jibun,https://dapi.kakao.com/v2/local/search/address.json,2026-09-06,https://www.data.go.kr/data/15029300/fileData.do,2025-09-25,2026-09-06,administrative_record_only_not_confirmed_active,증축,2007-04-03,2007-04-04,,업무시설,304.1,"주소 기반 추정 위치, 공사현장 좌표 아님"
15029300:892,892,건축행정기록,판매시설,인천광역시 미추홀구 용현동 169-12,37.4531244,126.6575685,geocoded_kakao_jibun,kakao_exact_jibun_address_match,인천 미추홀구 용현동 169-12,1,1,0.0,,kakao_local_api:address_jibun,https://dapi.kakao.com/v2/local/search/address.json,2026-09-06,https://www.data.go.kr/data/15029300/fileData.do,2025-09-25,2026-09-06,administrative_record_only_not_confirmed_active,증축,2007-04-03,2007-04-04,2007-04-25,판매시설,630.9,"주소 기반 추정 위치, 공사현장 좌표 아님"
15029300:893,893,건축행정기록,제1종근린생활시설,인천광역시 미추홀구 주안동 1556-17,37.4547252,126.6921154,geocoded_kakao_jibun,kakao_exact_jibun_address_match,인천 미추홀구 주안동 1556-17,1,1,0.0,,kakao_local_api:address_jibun,https://dapi.kakao.com/v2/local/search/address.json,2026-09-06,https://www.data.go.kr/data/15029300/fileData.do,2025-09-25,2026-09-06,administrative_record_only_not_confirmed_active,증축,2007-04-02,2007-04-06,2007-10-22,제1종근린생활시설,220.3,"주소 기반 추정 위치, 공사현장 좌표 아님"
15029300:894,894,건축행정기록,업무시설,인천광역시 미추홀구 학익동 244-40,37.4413789,126.6696539,geocoded_kakao_jibun,kakao_exact_jibun_address_match,인천 미추홀구 학익동 244-40,1,1,0.0,,kakao_local_api:address_jibun,https://dapi.kakao.com/v2/local/search/address.json,2026-09-06,https://www.data.go.kr/data/15029300/fileData.do,2025-09-25,2026-09-06,administrative_record_only_not_confirmed_active,증축,2007-04-02,2007-05-02,,업무시설,1335,"주소 기반 추정 위치, 공사현장 좌표 아님"
15029300:895,895,건축행정기록,교육연구시설,인천광역시 미추홀구 주안동 1540-11,37.4530039,126.6893641,geocoded_kakao_jibun,kakao_exact_jibun_address_match,인천 미추홀구 주안동 1540-11,1,1,0.0,,kakao_local_api:address_jibun,https://dapi.kakao.com/v2/local/search/address.json,2026-09-06,https://www.data.go.kr/data/15029300/fileData.do,2025-09-25,2026-09-06,administrative_record_only_not_confirmed_active,증축,2007-03-30,2007-04-06,,교육연구시설,710.2,"주소 기반 추정 위치, 공사현장 좌표 아님"
15029300:896,896,건축행정기록,공장,인천광역시 미추홀구 도화동 831-4,37.4792050,126.6590724,geocoded_kakao_jibun,kakao_exact_jibun_address_match,인천 미추홀구 도화동 831-4,1,1,0.0,,kakao_local_api:address_jibun,https://dapi.kakao.com/v2/local/search/address.json,2026-09-06,https://www.data.go.kr/data/15029300/fileData.do,2025-09-25,2026-09-06,administrative_record_only_not_confirmed_active,신축,2007-03-27,2007-03-30,2007-07-31,공장,826.4,"주소 기반 추정 위치, 공사현장 좌표 아님"
15029300:897,897,건축행정기록,노유자시설,인천광역시 미추홀구 주안동 1542-28,37.4572001,126.6898470,geocoded_kakao_jibun,kakao_exact_jibun_address_match,인천 미추홀구 주안동 1542-28,1,1,0.0,,kakao_local_api:address_jibun,https://dapi.kakao.com/v2/local/search/address.json,2026-09-06,https://www.data.go.kr/data/15029300/fileData.do,2025-09-25,2026-09-06,administrative_record_only_not_confirmed_active,증축,2007-03-23,2007-03-27,2007-05-07,노유자시설,200.3,"주소 기반 추정 위치, 공사현장 좌표 아님"
15029300:898,898,건축행정기록,제2종근린생활시설,인천광역시 미추홀구 숭의동 296-78 외1필지,37.4585702,126.6473141,geocoded_kakao_jibun,kakao_exact_jibun_address_match,인천 미추홀구 숭의동 296-78,1,1,0.0,,kakao_local_api:address_jibun,https://dapi.kakao.com/v2/local/search/address.json,2026-09-06,https://www.data.go.kr/data/15029300/fileData.do,2025-09-25,2026-09-06,administrative_record_only_not_confirmed_active,증축,2007-03-21,2007-03-21,2007-04-04,제2종근린생활시설,165.5,"주소 기반 추정 위치, 공사현장 좌표 아님"
15029300:899,899,건축행정기록,제2종근린생활시설,인천광역시 미추홀구 숭의동 128-15,,,unresolved,no_exact_parcel_match_in_kakao,,0,0,,,kakao_local_api:unresolved,https://dapi.kakao.com/v2/local/search/address.json,2026-09-06,https://www.data.go.kr/data/15029300/fileData.do,2025-09-25,2026-09-06,administrative_record_only_not_confirmed_active,대수선,2007-03-20,2007-03-21,2007-04-30,제2종근린생활시설,212.9,"주소 기반 추정 위치, 공사현장 좌표 아님"
15029300:900,900,건축행정기록,단독주택,인천광역시 미추홀구 주안동 579-6,37.4576789,126.6672239,geocoded_kakao_jibun,kakao_exact_jibun_address_match,인천 미추홀구 주안동 579-6,1,1,0.0,,kakao_local_api:address_jibun,https://dapi.kakao.com/v2/local/search/address.json,2026-09-06,https://www.data.go.kr/data/15029300/fileData.do,2025-09-25,2026-09-06,administrative_record_only_not_confirmed_active,증축,2007-03-15,2007-03-21,2007-04-24,단독주택,144.8,"주소 기반 추정 위치, 공사현장 좌표 아님"
15029300:901,901,건축행정기록,숙박시설,인천광역시 미추홀구 주안동 148-5,37.4622159,126.6821652,geocoded_kakao_jibun,kakao_exact_jibun_address_match,인천 미추홀구 주안동 148-5,1,1,0.0,,kakao_local_api:address_jibun,https://dapi.kakao.com/v2/local/search/address.json,2026-09-06,https://www.data.go.kr/data/15029300/fileData.do,2025-09-25,2026-09-06,administrative_record_only_not_confirmed_active,증축,2007-03-13,2007-03-14,,숙박시설,497.1,"주소 기반 추정 위치, 공사현장 좌표 아님"
15029300:902,902,건축행정기록,단독주택,인천광역시 미추홀구 주안동 1498-12,37.4477236,126.6849952,geocoded_kakao_jibun,kakao_exact_jibun_address_match,인천 미추홀구 주안동 1498-12,1,1,0.0,,kakao_local_api:address_jibun,https://dapi.kakao.com/v2/local/search/address.json,2026-09-06,https://www.data.go.kr/data/15029300/fileData.do,2025-09-25,2026-09-06,administrative_record_only_not_confirmed_active,증축,2007-03-09,2007-03-12,2007-03-19,단독주택,149.5,"주소 기반 추정 위치, 공사현장 좌표 아님"
15029300:903,903,건축행정기록,제2종근린생활시설,인천광역시 미추홀구 도화동 222-19,37.4677294,126.6659986,geocoded_kakao_jibun,kakao_exact_jibun_address_match,인천 미추홀구 도화동 222-19,1,1,0.0,,kakao_local_api:address_jibun,https://dapi.kakao.com/v2/local/search/address.json,2026-09-06,https://www.data.go.kr/data/15029300/fileData.do,2025-09-25,2026-09-06,administrative_record_only_not_confirmed_active,대수선,2007-03-08,2007-03-09,2007-03-15,제2종근린생활시설,501.7,"주소 기반 추정 위치, 공사현장 좌표 아님"
15029300:904,904,건축행정기록,제2종근린생활시설,인천광역시 미추홀구 주안동 1532-6,37.4504134,126.6886101,geocoded_kakao_jibun,kakao_exact_jibun_address_match,인천 미추홀구 주안동 1532-6,1,1,0.0,,kakao_local_api:address_jibun,https://dapi.kakao.com/v2/local/search/address.json,2026-09-06,https://www.data.go.kr/data/15029300/fileData.do,2025-09-25,2026-09-06,administrative_record_only_not_confirmed_active,증축,2007-03-07,2007-03-12,2007-05-31,제2종근린생활시설,273.7,"주소 기반 추정 위치, 공사현장 좌표 아님"
15029300:905,905,건축행정기록,숙박시설,인천광역시 미추홀구 주안동 212-12,37.4613091,126.6795012,geocoded_kakao_jibun,kakao_exact_jibun_address_match,인천 미추홀구 주안동 212-12,1,1,0.0,,kakao_local_api:address_jibun,https://dapi.kakao.com/v2/local/search/address.json,2026-09-06,https://www.data.go.kr/data/15029300/fileData.do,2025-09-25,2026-09-06,administrative_record_only_not_confirmed_active,증축,2007-03-06,2007-03-12,2007-08-17,숙박시설,205.3,"주소 기반 추정 위치, 공사현장 좌표 아님"
15029300:906,906,건축행정기록,제2종근린생활시설,인천광역시 미추홀구 주안동 1240-5,37.4450450,126.6812235,geocoded_kakao_jibun,kakao_exact_jibun_address_match,인천 미추홀구 주안동 1240-5,1,1,0.0,,kakao_local_api:address_jibun,https://dapi.kakao.com/v2/local/search/address.json,2026-09-06,https://www.data.go.kr/data/15029300/fileData.do,2025-09-25,2026-09-06,administrative_record_only_not_confirmed_active,신축,2007-03-05,2007-03-06,2007-03-20,제2종근린생활시설,151,"주소 기반 추정 위치, 공사현장 좌표 아님"
15029300:907,907,건축행정기록,단독주택,인천광역시 미추홀구 주안동 290-16,37.4566488,126.6879013,geocoded_kakao_jibun,kakao_exact_jibun_address_match,인천 미추홀구 주안동 290-16,1,1,0.0,,kakao_local_api:address_jibun,https://dapi.kakao.com/v2/local/search/address.json,2026-09-06,https://www.data.go.kr/data/15029300/fileData.do,2025-09-25,2026-09-06,administrative_record_only_not_confirmed_active,증축,2007-03-05,2007-05-01,2007-06-13,단독주택,173.9,"주소 기반 추정 위치, 공사현장 좌표 아님"
15029300:908,908,건축행정기록,제2종근린생활시설,인천광역시 미추홀구 문학동 355-22,37.4387539,126.6793620,geocoded_kakao_jibun,kakao_exact_jibun_address_match,인천 미추홀구 문학동 355-22,1,1,0.0,,kakao_local_api:address_jibun,https://dapi.kakao.com/v2/local/search/address.json,2026-09-06,https://www.data.go.kr/data/15029300/fileData.do,2025-09-25,2026-09-06,administrative_record_only_not_confirmed_active,증축,2007-03-02,2007-03-19,2007-04-19,제2종근린생활시설,118.9,"주소 기반 추정 위치, 공사현장 좌표 아님"
15029300:909,909,건축행정기록,공장,인천광역시 미추홀구 주안동 1402-5,37.4713035,126.6825568,geocoded_kakao_jibun,kakao_exact_jibun_address_match,인천 미추홀구 주안동 1402-5,1,1,0.0,,kakao_local_api:address_jibun,https://dapi.kakao.com/v2/local/search/address.json,2026-09-06,https://www.data.go.kr/data/15029300/fileData.do,2025-09-25,2026-09-06,administrative_record_only_not_confirmed_active,증축,2007-03-02,2007-04-17,2007-06-29,공장,2569.3,"주소 기반 추정 위치, 공사현장 좌표 아님"
15029300:910,910,건축행정기록,단독주택,인천광역시 미추홀구 주안동 714-9,37.4530163,126.6689898,geocoded_kakao_jibun,kakao_exact_jibun_address_match,인천 미추홀구 주안동 714-9,1,1,0.0,,kakao_local_api:address_jibun,https://dapi.kakao.com/v2/local/search/address.json,2026-09-06,https://www.data.go.kr/data/15029300/fileData.do,2025-09-25,2026-09-06,administrative_record_only_not_confirmed_active,증축,2007-02-27,2007-03-02,2007-05-02,단독주택,166.3,"주소 기반 추정 위치, 공사현장 좌표 아님"
15029300:911,911,건축행정기록,단독주택,인천광역시 미추홀구 주안동 1486-11,37.4505781,126.6846161,geocoded_kakao_jibun,kakao_exact_jibun_address_match,인천 미추홀구 주안동 1486-11,1,1,0.0,,kakao_local_api:address_jibun,https://dapi.kakao.com/v2/local/search/address.json,2026-09-06,https://www.data.go.kr/data/15029300/fileData.do,2025-09-25,2026-09-06,administrative_record_only_not_confirmed_active,증축,2007-02-26,2007-02-27,2007-04-30,단독주택,231.1,"주소 기반 추정 위치, 공사현장 좌표 아님"
15029300:912,912,건축행정기록,제1종근린생활시설,인천광역시 미추홀구 용현동 627-282,37.4496536,126.6355400,geocoded_kakao_jibun,kakao_exact_jibun_address_match,인천 미추홀구 용현동 627-282,1,1,0.0,,kakao_local_api:address_jibun,https://dapi.kakao.com/v2/local/search/address.json,2026-09-06,https://www.data.go.kr/data/15029300/fileData.do,2025-09-25,2026-09-06,administrative_record_only_not_confirmed_active,증축,2007-02-26,2007-02-28,2007-04-02,제1종근린생활시설,197,"주소 기반 추정 위치, 공사현장 좌표 아님"
15029300:913,913,건축행정기록,공장,인천광역시 미추홀구 도화동 823-12,37.4796400,126.6626431,geocoded_kakao_jibun,kakao_exact_jibun_address_match,인천 미추홀구 도화동 823-12,1,1,0.0,,kakao_local_api:address_jibun,https://dapi.kakao.com/v2/local/search/address.json,2026-09-06,https://www.data.go.kr/data/15029300/fileData.do,2025-09-25,2026-09-06,administrative_record_only_not_confirmed_active,증축,2007-02-23,2007-02-26,2007-04-30,공장,610.9,"주소 기반 추정 위치, 공사현장 좌표 아님"
15029300:914,914,건축행정기록,단독주택,인천광역시 미추홀구 주안동 1342-211,37.4451705,126.6782789,geocoded_kakao_jibun,kakao_exact_jibun_address_match,인천 미추홀구 주안동 1342-211,1,1,0.0,,kakao_local_api:address_jibun,https://dapi.kakao.com/v2/local/search/address.json,2026-09-06,https://www.data.go.kr/data/15029300/fileData.do,2025-09-25,2026-09-06,administrative_record_only_not_confirmed_active,증축,2007-02-15,2007-03-02,,단독주택,29,"주소 기반 추정 위치, 공사현장 좌표 아님"
15029300:915,915,건축행정기록,제2종근린생활시설,인천광역시 미추홀구 용현동 571-70,37.4582962,126.6399108,geocoded_kakao_jibun,kakao_exact_jibun_address_match,인천 미추홀구 용현동 571-70,1,1,0.0,,kakao_local_api:address_jibun,https://dapi.kakao.com/v2/local/search/address.json,2026-09-06,https://www.data.go.kr/data/15029300/fileData.do,2025-09-25,2026-09-06,administrative_record_only_not_confirmed_active,증축,2007-02-13,2007-02-14,2007-12-28,제2종근린생활시설,221.5,"주소 기반 추정 위치, 공사현장 좌표 아님"
15029300:916,916,건축행정기록,자동차관련시설,인천광역시 미추홀구 도화동 843,37.4760422,126.6595342,geocoded_kakao_jibun,kakao_exact_jibun_address_match,인천 미추홀구 도화동 843,1,1,0.0,,kakao_local_api:address_jibun,https://dapi.kakao.com/v2/local/search/address.json,2026-09-06,https://www.data.go.kr/data/15029300/fileData.do,2025-09-25,2026-09-06,administrative_record_only_not_confirmed_active,증축,2007-02-09,2007-02-12,2007-03-22,자동차관련시설,4392.1,"주소 기반 추정 위치, 공사현장 좌표 아님"
15029300:917,917,건축행정기록,제1종근린생활시설,인천광역시 미추홀구 주안동 161-5,37.4615579,126.6805453,geocoded_kakao_jibun,kakao_exact_jibun_address_match,인천 미추홀구 주안동 161-5,1,1,0.0,,kakao_local_api:address_jibun,https://dapi.kakao.com/v2/local/search/address.json,2026-09-06,https://www.data.go.kr/data/15029300/fileData.do,2025-09-25,2026-09-06,administrative_record_only_not_confirmed_active,증축,2007-02-07,2007-02-08,2007-02-26,제1종근린생활시설,368.9,"주소 기반 추정 위치, 공사현장 좌표 아님"
15029300:918,918,건축행정기록,제2종근린생활시설,인천광역시 미추홀구 학익동 710-1,37.4380500,126.6554077,geocoded_kakao_jibun,kakao_exact_jibun_address_match,인천 미추홀구 학익동 710-1,1,1,0.0,,kakao_local_api:address_jibun,https://dapi.kakao.com/v2/local/search/address.json,2026-09-06,https://www.data.go.kr/data/15029300/fileData.do,2025-09-25,2026-09-06,administrative_record_only_not_confirmed_active,증축,2007-02-07,2007-02-09,2011-04-25,제2종근린생활시설,1340,"주소 기반 추정 위치, 공사현장 좌표 아님"
15029300:919,919,건축행정기록,단독주택,인천광역시 미추홀구 주안동 1474-24,37.4535282,126.6812825,geocoded_kakao_jibun,kakao_exact_jibun_address_match,인천 미추홀구 주안동 1474-24,1,1,0.0,,kakao_local_api:address_jibun,https://dapi.kakao.com/v2/local/search/address.json,2026-09-06,https://www.data.go.kr/data/15029300/fileData.do,2025-09-25,2026-09-06,administrative_record_only_not_confirmed_active,신축,2007-02-06,2007-02-07,2007-03-14,단독주택,148.8,"주소 기반 추정 위치, 공사현장 좌표 아님"
15029300:920,920,건축행정기록,단독주택,인천광역시 미추홀구 도화동 455-6,37.4576529,126.6743813,geocoded_kakao_jibun,kakao_exact_jibun_address_match,인천 미추홀구 도화동 455-6,1,1,0.0,,kakao_local_api:address_jibun,https://dapi.kakao.com/v2/local/search/address.json,2026-09-06,https://www.data.go.kr/data/15029300/fileData.do,2025-09-25,2026-09-06,administrative_record_only_not_confirmed_active,대수선,2007-01-30,2007-02-02,2007-04-20,단독주택,153.7,"주소 기반 추정 위치, 공사현장 좌표 아님"
15029300:921,921,건축행정기록,제2종근린생활시설,인천광역시 미추홀구 주안동 1418-85,37.4503655,126.6727882,geocoded_kakao_jibun,kakao_exact_jibun_address_match,인천 미추홀구 주안동 1418-85,1,1,0.0,,kakao_local_api:address_jibun,https://dapi.kakao.com/v2/local/search/address.json,2026-09-06,https://www.data.go.kr/data/15029300/fileData.do,2025-09-25,2026-09-06,administrative_record_only_not_confirmed_active,신축,2007-01-30,2007-02-01,2007-03-21,제2종근린생활시설,203.3,"주소 기반 추정 위치, 공사현장 좌표 아님"
15029300:922,922,건축행정기록,제2종근린생활시설,인천광역시 미추홀구 용현동 624-22,37.4557123,126.6370609,geocoded_kakao_jibun,kakao_exact_jibun_address_match,인천 미추홀구 용현동 624-22,1,1,0.0,,kakao_local_api:address_jibun,https://dapi.kakao.com/v2/local/search/address.json,2026-09-06,https://www.data.go.kr/data/15029300/fileData.do,2025-09-25,2026-09-06,administrative_record_only_not_confirmed_active,증축,2007-01-26,2007-01-29,2007-06-01,제2종근린생활시설,262.9,"주소 기반 추정 위치, 공사현장 좌표 아님"
15029300:923,923,건축행정기록,제2종근린생활시설,인천광역시 미추홀구 주안동 181-11 외1필지,37.4586503,126.6825068,geocoded_kakao_jibun,kakao_exact_jibun_address_match,인천 미추홀구 주안동 181-11,1,1,0.0,,kakao_local_api:address_jibun,https://dapi.kakao.com/v2/local/search/address.json,2026-09-06,https://www.data.go.kr/data/15029300/fileData.do,2025-09-25,2026-09-06,administrative_record_only_not_confirmed_active,증축,2007-01-25,2007-01-25,2007-01-30,제2종근린생활시설,389.9,"주소 기반 추정 위치, 공사현장 좌표 아님"
15029300:924,924,건축행정기록,단독주택,인천광역시 미추홀구 학익동 306-86,37.4471682,126.6648972,geocoded_kakao_jibun,kakao_exact_jibun_address_match,인천 미추홀구 학익동 306-86,1,1,0.0,,kakao_local_api:address_jibun,https://dapi.kakao.com/v2/local/search/address.json,2026-09-06,https://www.data.go.kr/data/15029300/fileData.do,2025-09-25,2026-09-06,administrative_record_only_not_confirmed_active,신축,2007-01-19,2008-07-08,2009-01-05,단독주택,43,"주소 기반 추정 위치, 공사현장 좌표 아님"
15029300:925,925,건축행정기록,단독주택,인천광역시 미추홀구 용현동 627-181,37.4508620,126.6360395,geocoded_kakao_jibun,kakao_exact_jibun_address_match,인천 미추홀구 용현동 627-181,1,1,0.0,,kakao_local_api:address_jibun,https://dapi.kakao.com/v2/local/search/address.json,2026-09-06,https://www.data.go.kr/data/15029300/fileData.do,2025-09-25,2026-09-06,administrative_record_only_not_confirmed_active,증축,2007-01-19,2007-01-23,2007-03-21,단독주택,140,"주소 기반 추정 위치, 공사현장 좌표 아님"
15029300:926,926,건축행정기록,제1종근린생활시설,인천광역시 미추홀구 학익동 675-2,37.4389143,126.6710019,geocoded_kakao_jibun,kakao_exact_jibun_address_match,인천 미추홀구 학익동 675-2,1,1,0.0,,kakao_local_api:address_jibun,https://dapi.kakao.com/v2/local/search/address.json,2026-09-06,https://www.data.go.kr/data/15029300/fileData.do,2025-09-25,2026-09-06,administrative_record_only_not_confirmed_active,신축,2007-01-15,2007-01-25,2007-03-23,제1종근린생활시설,517.3,"주소 기반 추정 위치, 공사현장 좌표 아님"
15029300:927,927,건축행정기록,제2종근린생활시설,인천광역시 미추홀구 주안동 1468-23,37.4508239,126.6802618,geocoded_kakao_jibun,kakao_exact_jibun_address_match,인천 미추홀구 주안동 1468-23,1,1,0.0,,kakao_local_api:address_jibun,https://dapi.kakao.com/v2/local/search/address.json,2026-09-06,https://www.data.go.kr/data/15029300/fileData.do,2025-09-25,2026-09-06,administrative_record_only_not_confirmed_active,증축,2007-01-10,2007-01-11,2007-02-27,제2종근린생활시설,214.8,"주소 기반 추정 위치, 공사현장 좌표 아님"
15029300:928,928,건축행정기록,제2종근린생활시설,인천광역시 미추홀구 주안동 69-22,37.4590205,126.6859610,geocoded_kakao_jibun,kakao_exact_jibun_address_match,인천 미추홀구 주안동 69-22,1,1,0.0,,kakao_local_api:address_jibun,https://dapi.kakao.com/v2/local/search/address.json,2026-09-06,https://www.data.go.kr/data/15029300/fileData.do,2025-09-25,2026-09-06,administrative_record_only_not_confirmed_active,증축,2007-01-10,2007-01-12,2007-01-18,제2종근린생활시설,174.14,"주소 기반 추정 위치, 공사현장 좌표 아님"
15029300:929,929,건축행정기록,제2종근린생활시설,인천광역시 미추홀구 용현동 621-152,37.4523026,126.6378380,geocoded_kakao_jibun,kakao_exact_jibun_address_match,인천 미추홀구 용현동 621-152,1,1,0.0,,kakao_local_api:address_jibun,https://dapi.kakao.com/v2/local/search/address.json,2026-09-06,https://www.data.go.kr/data/15029300/fileData.do,2025-09-25,2026-09-06,administrative_record_only_not_confirmed_active,증축,2007-01-10,2007-01-12,2007-02-23,제2종근린생활시설,177.4,"주소 기반 추정 위치, 공사현장 좌표 아님"
15029300:930,930,건축행정기록,제2종근린생활시설,인천광역시 미추홀구 문학동 355-22,37.4387539,126.6793620,geocoded_kakao_jibun,kakao_exact_jibun_address_match,인천 미추홀구 문학동 355-22,1,1,0.0,,kakao_local_api:address_jibun,https://dapi.kakao.com/v2/local/search/address.json,2026-09-06,https://www.data.go.kr/data/15029300/fileData.do,2025-09-25,2026-09-06,administrative_record_only_not_confirmed_active,증축,2007-01-05,2007-01-12,2007-02-01,제2종근린생활시설,118.9,"주소 기반 추정 위치, 공사현장 좌표 아님"
15029300:931,931,건축행정기록,공장,인천광역시 미추홀구 주안동 1400,37.4717568,126.6785866,geocoded_kakao_jibun,kakao_exact_jibun_address_match,인천 미추홀구 주안동 1400,1,1,0.0,,kakao_local_api:address_jibun,https://dapi.kakao.com/v2/local/search/address.json,2026-09-06,https://www.data.go.kr/data/15029300/fileData.do,2025-09-25,2026-09-06,administrative_record_only_not_confirmed_active,증축,2007-01-02,2007-01-10,2007-02-14,공장,32944.3,"주소 기반 추정 위치, 공사현장 좌표 아님"
15029300:932,932,건축행정기록,단독주택,인천광역시 미추홀구 주안동 1519-20,,,unresolved,no_exact_parcel_match_in_kakao,,0,0,,,kakao_local_api:unresolved,https://dapi.kakao.com/v2/local/search/address.json,2026-09-06,https://www.data.go.kr/data/15029300/fileData.do,2025-09-25,2026-09-06,administrative_record_only_not_confirmed_active,증축,2006-12-20,2006-12-26,2007-04-05,단독주택,148.2,"주소 기반 추정 위치, 공사현장 좌표 아님"
15029300:933,933,건축행정기록,제2종근린생활시설,인천광역시 미추홀구 주안동 1486-22,37.4507660,126.6847415,geocoded_kakao_jibun,kakao_exact_jibun_address_match,인천 미추홀구 주안동 1486-22,1,1,0.0,,kakao_local_api:address_jibun,https://dapi.kakao.com/v2/local/search/address.json,2026-09-06,https://www.data.go.kr/data/15029300/fileData.do,2025-09-25,2026-09-06,administrative_record_only_not_confirmed_active,증축,2006-12-19,2006-12-21,2011-11-10,제2종근린생활시설,594.9,"주소 기반 추정 위치, 공사현장 좌표 아님"
15029300:934,934,건축행정기록,단독주택,인천광역시 미추홀구 용현동 453-63,,,unresolved,no_exact_parcel_match_in_kakao,,0,0,,,kakao_local_api:unresolved,https://dapi.kakao.com/v2/local/search/address.json,2026-09-06,https://www.data.go.kr/data/15029300/fileData.do,2025-09-25,2026-09-06,administrative_record_only_not_confirmed_active,증축,2006-12-19,2006-12-22,,단독주택,142.5,"주소 기반 추정 위치, 공사현장 좌표 아님"
15029300:935,935,건축행정기록,단독주택,인천광역시 미추홀구 주안동 1552-31,37.4551305,126.6909814,geocoded_kakao_jibun,kakao_exact_jibun_address_match,인천 미추홀구 주안동 1552-31,1,1,0.0,,kakao_local_api:address_jibun,https://dapi.kakao.com/v2/local/search/address.json,2026-09-06,https://www.data.go.kr/data/15029300/fileData.do,2025-09-25,2026-09-06,administrative_record_only_not_confirmed_active,증축,2006-12-13,2006-12-19,2007-03-29,단독주택,198.7,"주소 기반 추정 위치, 공사현장 좌표 아님"
15029300:936,936,건축행정기록,공장,인천광역시 미추홀구 주안동 1385-13,37.4730520,126.6774183,geocoded_kakao_jibun,kakao_exact_jibun_address_match,인천 미추홀구 주안동 1385-13,1,1,0.0,,kakao_local_api:address_jibun,https://dapi.kakao.com/v2/local/search/address.json,2026-09-06,https://www.data.go.kr/data/15029300/fileData.do,2025-09-25,2026-09-06,administrative_record_only_not_confirmed_active,증축,2006-12-12,2006-12-18,2006-12-29,공장,6524.3,"주소 기반 추정 위치, 공사현장 좌표 아님"
15029300:937,937,건축행정기록,제2종근린생활시설,인천광역시 미추홀구 숭의동 342-1 외2필지,37.4621541,126.6421286,geocoded_kakao_jibun,kakao_exact_jibun_address_match,인천 미추홀구 숭의동 342-1,1,1,0.0,,kakao_local_api:address_jibun,https://dapi.kakao.com/v2/local/search/address.json,2026-09-06,https://www.data.go.kr/data/15029300/fileData.do,2025-09-25,2026-09-06,administrative_record_only_not_confirmed_active,증축,2006-12-07,2006-12-18,2007-01-08,제2종근린생활시설,1043,"주소 기반 추정 위치, 공사현장 좌표 아님"
15029300:938,938,건축행정기록,단독주택,인천광역시 미추홀구 용현동 68-2,37.4518461,126.6640400,geocoded_kakao_jibun,kakao_exact_jibun_address_match,인천 미추홀구 용현동 68-2,1,1,0.0,,kakao_local_api:address_jibun,https://dapi.kakao.com/v2/local/search/address.json,2026-09-06,https://www.data.go.kr/data/15029300/fileData.do,2025-09-25,2026-09-06,administrative_record_only_not_confirmed_active,증축,2006-12-07,2006-12-08,2007-06-05,단독주택,166.9,"주소 기반 추정 위치, 공사현장 좌표 아님"
15029300:939,939,건축행정기록,제2종근린생활시설,인천광역시 미추홀구 주안동 456-6 외3필지,37.4550349,126.6804173,geocoded_kakao_jibun,kakao_exact_jibun_address_match,인천 미추홀구 주안동 456-6,1,1,0.0,,kakao_local_api:address_jibun,https://dapi.kakao.com/v2/local/search/address.json,2026-09-06,https://www.data.go.kr/data/15029300/fileData.do,2025-09-25,2026-09-06,administrative_record_only_not_confirmed_active,증축,2006-12-06,2006-12-08,2019-07-16,제2종근린생활시설,858.2,"주소 기반 추정 위치, 공사현장 좌표 아님"
15029300:940,940,건축행정기록,단독주택,인천광역시 미추홀구 주안동 1327-3 외1필지,,,unresolved,no_exact_parcel_match_in_kakao,,0,0,,,kakao_local_api:unresolved,https://dapi.kakao.com/v2/local/search/address.json,2026-09-06,https://www.data.go.kr/data/15029300/fileData.do,2025-09-25,2026-09-06,administrative_record_only_not_confirmed_active,개축,2006-12-01,2006-12-04,2006-12-06,단독주택,116,"주소 기반 추정 위치, 공사현장 좌표 아님"
15029300:941,941,건축행정기록,공장,인천광역시 미추홀구 주안동 1385-9,37.4744965,126.6765707,geocoded_kakao_jibun,kakao_exact_jibun_address_match,인천 미추홀구 주안동 1385-9,1,1,0.0,,kakao_local_api:address_jibun,https://dapi.kakao.com/v2/local/search/address.json,2026-09-06,https://www.data.go.kr/data/15029300/fileData.do,2025-09-25,2026-09-06,administrative_record_only_not_confirmed_active,증축,2006-12-01,2006-12-08,2006-12-27,공장,6950,"주소 기반 추정 위치, 공사현장 좌표 아님"
15029300:942,942,건축행정기록,제2종근린생활시설,인천광역시 미추홀구 용현동 463-8 외2필지,37.4569843,126.6495401,geocoded_kakao_jibun,kakao_exact_jibun_address_match,인천 미추홀구 용현동 463-8,1,1,0.0,,kakao_local_api:address_jibun,https://dapi.kakao.com/v2/local/search/address.json,2026-09-06,https://www.data.go.kr/data/15029300/fileData.do,2025-09-25,2026-09-06,administrative_record_only_not_confirmed_active,증축,2006-12-01,2006-12-04,2006-12-26,제2종근린생활시설,597.9,"주소 기반 추정 위치, 공사현장 좌표 아님"
15029300:943,943,건축행정기록,제2종근린생활시설,인천광역시 미추홀구 주안동 737-5,37.4483282,126.6710823,geocoded_kakao_jibun,kakao_exact_jibun_address_match,인천 미추홀구 주안동 737-5,1,1,0.0,,kakao_local_api:address_jibun,https://dapi.kakao.com/v2/local/search/address.json,2026-09-06,https://www.data.go.kr/data/15029300/fileData.do,2025-09-25,2026-09-06,administrative_record_only_not_confirmed_active,증축,2006-11-24,2006-12-13,2014-02-25,제2종근린생활시설,538.2,"주소 기반 추정 위치, 공사현장 좌표 아님"
15029300:944,944,건축행정기록,제2종근린생활시설,인천광역시 미추홀구 주안동 1492-6,37.4481576,126.6839763,geocoded_kakao_jibun,kakao_exact_jibun_address_match,인천 미추홀구 주안동 1492-6,1,1,0.0,,kakao_local_api:address_jibun,https://dapi.kakao.com/v2/local/search/address.json,2026-09-06,https://www.data.go.kr/data/15029300/fileData.do,2025-09-25,2026-09-06,administrative_record_only_not_confirmed_active,증축,2006-11-24,2006-11-29,2007-04-05,제2종근린생활시설,332.2,"주소 기반 추정 위치, 공사현장 좌표 아님"
15029300:945,945,건축행정기록,제2종근린생활시설,인천광역시 미추홀구 주안동 431-13,37.4580842,126.6827895,geocoded_kakao_jibun,kakao_exact_jibun_address_match,인천 미추홀구 주안동 431-13,1,1,0.0,,kakao_local_api:address_jibun,https://dapi.kakao.com/v2/local/search/address.json,2026-09-06,https://www.data.go.kr/data/15029300/fileData.do,2025-09-25,2026-09-06,administrative_record_only_not_confirmed_active,증축,2006-11-24,2006-11-28,2007-01-31,제2종근린생활시설,218.4,"주소 기반 추정 위치, 공사현장 좌표 아님"
15029300:946,946,건축행정기록,제2종근린생활시설,인천광역시 미추홀구 주안동 206-32,37.4601915,126.6798988,geocoded_kakao_jibun,kakao_exact_jibun_address_match,인천 미추홀구 주안동 206-32,1,1,0.0,,kakao_local_api:address_jibun,https://dapi.kakao.com/v2/local/search/address.json,2026-09-06,https://www.data.go.kr/data/15029300/fileData.do,2025-09-25,2026-09-06,administrative_record_only_not_confirmed_active,증축,2006-11-23,2006-12-26,2007-01-03,제2종근린생활시설,330.1,"주소 기반 추정 위치, 공사현장 좌표 아님"
15029300:947,947,건축행정기록,단독주택,인천광역시 미추홀구 주안동 290-9,37.4567945,126.6879052,geocoded_kakao_jibun,kakao_exact_jibun_address_match,인천 미추홀구 주안동 290-9,1,1,0.0,,kakao_local_api:address_jibun,https://dapi.kakao.com/v2/local/search/address.json,2026-09-06,https://www.data.go.kr/data/15029300/fileData.do,2025-09-25,2026-09-06,administrative_record_only_not_confirmed_active,증축,2006-11-23,2007-01-03,2007-01-29,단독주택,174.2,"주소 기반 추정 위치, 공사현장 좌표 아님"
15029300:948,948,건축행정기록,제1종근린생활시설,인천광역시 미추홀구 학익동 297-4,37.4463754,126.6671656,geocoded_kakao_jibun,kakao_exact_jibun_address_match,인천 미추홀구 학익동 297-4,1,1,0.0,,kakao_local_api:address_jibun,https://dapi.kakao.com/v2/local/search/address.json,2026-09-06,https://www.data.go.kr/data/15029300/fileData.do,2025-09-25,2026-09-06,administrative_record_only_not_confirmed_active,신축,2006-11-20,2006-11-21,2007-01-10,제1종근린생활시설,30,"주소 기반 추정 위치, 공사현장 좌표 아님"
15029300:949,949,건축행정기록,단독주택,인천광역시 미추홀구 용현동 459-27,37.4568954,126.6505696,geocoded_kakao_jibun,kakao_exact_jibun_address_match,인천 미추홀구 용현동 459-27,1,1,0.0,,kakao_local_api:address_jibun,https://dapi.kakao.com/v2/local/search/address.json,2026-09-06,https://www.data.go.kr/data/15029300/fileData.do,2025-09-25,2026-09-06,administrative_record_only_not_confirmed_active,증축,2006-11-17,2006-12-20,2007-01-02,단독주택,175.5,"주소 기반 추정 위치, 공사현장 좌표 아님"
15029300:950,950,건축행정기록,제1종근린생활시설,인천광역시 미추홀구 도화동 94-7,37.4680387,126.6620250,geocoded_kakao_jibun,kakao_exact_jibun_address_match,인천 미추홀구 도화동 94-7,1,1,0.0,,kakao_local_api:address_jibun,https://dapi.kakao.com/v2/local/search/address.json,2026-09-06,https://www.data.go.kr/data/15029300/fileData.do,2025-09-25,2026-09-06,administrative_record_only_not_confirmed_active,증축,2006-11-16,2006-11-16,2007-04-24,제1종근린생활시설,349.5,"주소 기반 추정 위치, 공사현장 좌표 아님"
15029300:951,951,건축행정기록,단독주택,인천광역시 미추홀구 숭의동 187-16,37.4611239,126.6482793,geocoded_kakao_jibun,kakao_exact_jibun_address_match,인천 미추홀구 숭의동 187-16,1,1,0.0,,kakao_local_api:address_jibun,https://dapi.kakao.com/v2/local/search/address.json,2026-09-06,https://www.data.go.kr/data/15029300/fileData.do,2025-09-25,2026-09-06,administrative_record_only_not_confirmed_active,증축,2006-11-13,2006-11-27,2006-12-04,단독주택,119,"주소 기반 추정 위치, 공사현장 좌표 아님"
15029300:952,952,건축행정기록,제2종근린생활시설,인천광역시 미추홀구 주안동 1419-8,37.4481960,126.6741054,geocoded_kakao_jibun,kakao_exact_jibun_address_match,인천 미추홀구 주안동 1419-8,1,1,0.0,,kakao_local_api:address_jibun,https://dapi.kakao.com/v2/local/search/address.json,2026-09-06,https://www.data.go.kr/data/15029300/fileData.do,2025-09-25,2026-09-06,administrative_record_only_not_confirmed_active,증축,2006-11-13,2006-11-13,2006-12-15,제2종근린생활시설,630.3,"주소 기반 추정 위치, 공사현장 좌표 아님"
15029300:953,953,건축행정기록,제2종근린생활시설,인천광역시 미추홀구 주안동 393,37.4645075,126.6762464,geocoded_kakao_jibun,kakao_exact_jibun_address_match,인천 미추홀구 주안동 393,1,1,0.0,,kakao_local_api:address_jibun,https://dapi.kakao.com/v2/local/search/address.json,2026-09-06,https://www.data.go.kr/data/15029300/fileData.do,2025-09-25,2026-09-06,administrative_record_only_not_confirmed_active,증축,2006-11-13,2006-11-14,2007-03-02,제2종근린생활시설,539.2,"주소 기반 추정 위치, 공사현장 좌표 아님"
15029300:954,954,건축행정기록,단독주택,인천광역시 미추홀구 도화동 538-87,37.4622027,126.6672542,geocoded_kakao_jibun,kakao_exact_jibun_address_match,인천 미추홀구 도화동 538-87,1,1,0.0,,kakao_local_api:address_jibun,https://dapi.kakao.com/v2/local/search/address.json,2026-09-06,https://www.data.go.kr/data/15029300/fileData.do,2025-09-25,2026-09-06,administrative_record_only_not_confirmed_active,신축,2006-11-10,2006-11-13,2007-02-28,단독주택,133,"주소 기반 추정 위치, 공사현장 좌표 아님"
15029300:955,955,건축행정기록,제2종근린생활시설,인천광역시 미추홀구 주안동 1532-4,37.4505683,126.6884179,geocoded_kakao_jibun,kakao_exact_jibun_address_match,인천 미추홀구 주안동 1532-4,1,1,0.0,,kakao_local_api:address_jibun,https://dapi.kakao.com/v2/local/search/address.json,2026-09-06,https://www.data.go.kr/data/15029300/fileData.do,2025-09-25,2026-09-06,administrative_record_only_not_confirmed_active,증축,2006-11-09,2007-01-09,,제2종근린생활시설,624.4,"주소 기반 추정 위치, 공사현장 좌표 아님"
15029300:956,956,건축행정기록,제2종근린생활시설,인천광역시 미추홀구 용현동 286-8,,,unresolved,no_exact_parcel_match_in_kakao,,0,0,,,kakao_local_api:unresolved,https://dapi.kakao.com/v2/local/search/address.json,2026-09-06,https://www.data.go.kr/data/15029300/fileData.do,2025-09-25,2026-09-06,administrative_record_only_not_confirmed_active,증축,2006-11-09,2006-11-13,2006-12-05,제2종근린생활시설,325,"주소 기반 추정 위치, 공사현장 좌표 아님"
15029300:957,957,건축행정기록,제2종근린생활시설,인천광역시 미추홀구 학익동 128-18,37.4410954,126.6704690,geocoded_kakao_jibun,kakao_exact_jibun_address_match,인천 미추홀구 학익동 128-18,1,1,0.0,,kakao_local_api:address_jibun,https://dapi.kakao.com/v2/local/search/address.json,2026-09-06,https://www.data.go.kr/data/15029300/fileData.do,2025-09-25,2026-09-06,administrative_record_only_not_confirmed_active,증축,2006-11-08,2006-12-13,2007-01-05,제2종근린생활시설,193,"주소 기반 추정 위치, 공사현장 좌표 아님"
15029300:958,958,건축행정기록,단독주택,인천광역시 미추홀구 도화동 372-12,37.4615369,126.6753495,geocoded_kakao_jibun,kakao_exact_jibun_address_match,인천 미추홀구 도화동 372-12,1,1,0.0,,kakao_local_api:address_jibun,https://dapi.kakao.com/v2/local/search/address.json,2026-09-06,https://www.data.go.kr/data/15029300/fileData.do,2025-09-25,2026-09-06,administrative_record_only_not_confirmed_active,증축,2006-11-03,2006-11-07,,단독주택,254.1,"주소 기반 추정 위치, 공사현장 좌표 아님"
15029300:959,959,건축행정기록,공장,인천광역시 미추홀구 주안동 1402-9,37.4707625,126.6834830,geocoded_kakao_jibun,kakao_exact_jibun_address_match,인천 미추홀구 주안동 1402-9,1,1,0.0,,kakao_local_api:address_jibun,https://dapi.kakao.com/v2/local/search/address.json,2026-09-06,https://www.data.go.kr/data/15029300/fileData.do,2025-09-25,2026-09-06,administrative_record_only_not_confirmed_active,증축,2006-10-30,2006-11-03,2006-12-14,공장,991.8,"주소 기반 추정 위치, 공사현장 좌표 아님"
15029300:960,960,건축행정기록,제2종근린생활시설,인천광역시 미추홀구 용현동 199-7,37.4519924,126.6549188,geocoded_kakao_jibun,kakao_exact_jibun_address_match,인천 미추홀구 용현동 199-7,1,1,0.0,,kakao_local_api:address_jibun,https://dapi.kakao.com/v2/local/search/address.json,2026-09-06,https://www.data.go.kr/data/15029300/fileData.do,2025-09-25,2026-09-06,administrative_record_only_not_confirmed_active,증축,2006-10-24,2006-11-03,2007-03-14,제2종근린생활시설,303,"주소 기반 추정 위치, 공사현장 좌표 아님"
15029300:961,961,건축행정기록,단독주택,인천광역시 미추홀구 숭의동 292-18,37.4583083,126.6505758,geocoded_kakao_jibun,kakao_exact_jibun_address_match,인천 미추홀구 숭의동 292-18,1,1,0.0,,kakao_local_api:address_jibun,https://dapi.kakao.com/v2/local/search/address.json,2026-09-06,https://www.data.go.kr/data/15029300/fileData.do,2025-09-25,2026-09-06,administrative_record_only_not_confirmed_active,신축,2006-10-23,2006-11-02,,단독주택,61.8,"주소 기반 추정 위치, 공사현장 좌표 아님"
15029300:962,962,건축행정기록,위험물저장및처리시설,인천광역시 미추홀구 숭의동 309-14,37.4589804,126.6445169,geocoded_kakao_jibun,kakao_exact_jibun_address_match,인천 미추홀구 숭의동 309-14,1,1,0.0,,kakao_local_api:address_jibun,https://dapi.kakao.com/v2/local/search/address.json,2026-09-06,https://www.data.go.kr/data/15029300/fileData.do,2025-09-25,2026-09-06,administrative_record_only_not_confirmed_active,개축,2006-10-20,2006-10-23,2006-12-07,위험물저장및처리시설,1165,"주소 기반 추정 위치, 공사현장 좌표 아님"
15029300:963,963,건축행정기록,단독주택,인천광역시 미추홀구 주안동 283-3,37.4629490,126.6752380,geocoded_kakao_jibun,kakao_exact_jibun_address_match,인천 미추홀구 주안동 283-3,1,1,0.0,,kakao_local_api:address_jibun,https://dapi.kakao.com/v2/local/search/address.json,2026-09-06,https://www.data.go.kr/data/15029300/fileData.do,2025-09-25,2026-09-06,administrative_record_only_not_confirmed_active,증축,2006-10-18,2006-10-31,2006-11-09,단독주택,189.1,"주소 기반 추정 위치, 공사현장 좌표 아님"
15029300:964,964,건축행정기록,단독주택,인천광역시 미추홀구 용현동 207-9,37.4531236,126.6497816,geocoded_kakao_jibun,kakao_exact_jibun_address_match,인천 미추홀구 용현동 207-9,1,1,0.0,,kakao_local_api:address_jibun,https://dapi.kakao.com/v2/local/search/address.json,2026-09-06,https://www.data.go.kr/data/15029300/fileData.do,2025-09-25,2026-09-06,administrative_record_only_not_confirmed_active,증축,2006-10-18,2006-10-24,2009-02-24,단독주택,399,"주소 기반 추정 위치, 공사현장 좌표 아님"
15029300:965,965,건축행정기록,제2종근린생활시설,인천광역시 미추홀구 용현동 630-67,37.4523332,126.6342264,geocoded_kakao_jibun,kakao_exact_jibun_address_match,인천 미추홀구 용현동 630-67,1,1,0.0,,kakao_local_api:address_jibun,https://dapi.kakao.com/v2/local/search/address.json,2026-09-06,https://www.data.go.kr/data/15029300/fileData.do,2025-09-25,2026-09-06,administrative_record_only_not_confirmed_active,증축,2006-10-17,2006-10-18,2006-11-15,제2종근린생활시설,265.5,"주소 기반 추정 위치, 공사현장 좌표 아님"
15029300:966,966,건축행정기록,공장,인천광역시 미추홀구 주안동 5-3,37.4708131,126.6755408,geocoded_kakao_jibun,kakao_exact_jibun_address_match,인천 미추홀구 주안동 5-3,1,1,0.0,,kakao_local_api:address_jibun,https://dapi.kakao.com/v2/local/search/address.json,2026-09-06,https://www.data.go.kr/data/15029300/fileData.do,2025-09-25,2026-09-06,administrative_record_only_not_confirmed_active,신축,2006-10-13,2006-10-18,2006-12-22,공장,826.6,"주소 기반 추정 위치, 공사현장 좌표 아님"
15029300:967,967,건축행정기록,제2종근린생활시설,인천광역시 미추홀구 도화동 83-5,37.4705285,126.6692588,geocoded_kakao_jibun,kakao_exact_jibun_address_match,인천 미추홀구 도화동 83-5,1,1,0.0,,kakao_local_api:address_jibun,https://dapi.kakao.com/v2/local/search/address.json,2026-09-06,https://www.data.go.kr/data/15029300/fileData.do,2025-09-25,2026-09-06,administrative_record_only_not_confirmed_active,증축,2006-10-13,2006-10-17,2006-11-02,제2종근린생활시설,252.2,"주소 기반 추정 위치, 공사현장 좌표 아님"
15029300:968,968,건축행정기록,위락시설,인천광역시 미추홀구 주안동 70-10 외2필지,37.4588046,126.6860292,geocoded_kakao_jibun,kakao_exact_jibun_address_match,인천 미추홀구 주안동 70-10,1,1,0.0,,kakao_local_api:address_jibun,https://dapi.kakao.com/v2/local/search/address.json,2026-09-06,https://www.data.go.kr/data/15029300/fileData.do,2025-09-25,2026-09-06,administrative_record_only_not_confirmed_active,증축,2006-10-11,2006-10-23,2006-11-17,위락시설,1620.5,"주소 기반 추정 위치, 공사현장 좌표 아님"
15029300:969,969,건축행정기록,제2종근린생활시설,인천광역시 미추홀구 숭의동 281-5 외3필지,37.4602236,126.6496887,geocoded_kakao_jibun,kakao_exact_jibun_address_match,인천 미추홀구 숭의동 281-5,1,1,0.0,,kakao_local_api:address_jibun,https://dapi.kakao.com/v2/local/search/address.json,2026-09-06,https://www.data.go.kr/data/15029300/fileData.do,2025-09-25,2026-09-06,administrative_record_only_not_confirmed_active,증축,2006-09-28,2006-10-04,2006-10-27,제2종근린생활시설,252.6,"주소 기반 추정 위치, 공사현장 좌표 아님"
15029300:970,970,건축행정기록,노유자시설,인천광역시 미추홀구 주안동 642-5,37.4557096,126.6663107,geocoded_kakao_jibun,kakao_exact_jibun_address_match,인천 미추홀구 주안동 642-5,1,1,0.0,,kakao_local_api:address_jibun,https://dapi.kakao.com/v2/local/search/address.json,2026-09-06,https://www.data.go.kr/data/15029300/fileData.do,2025-09-25,2026-09-06,administrative_record_only_not_confirmed_active,증축,2006-09-21,2006-09-27,2006-12-06,노유자시설,112.6,"주소 기반 추정 위치, 공사현장 좌표 아님"
15029300:971,971,건축행정기록,제2종근린생활시설,인천광역시 미추홀구 도화동 87-2,37.4671094,126.6575682,geocoded_kakao_jibun,kakao_exact_jibun_address_match,인천 미추홀구 도화동 87-2,1,1,0.0,,kakao_local_api:address_jibun,https://dapi.kakao.com/v2/local/search/address.json,2026-09-06,https://www.data.go.kr/data/15029300/fileData.do,2025-09-25,2026-09-06,administrative_record_only_not_confirmed_active,증축,2006-09-21,2006-10-10,2007-02-28,제2종근린생활시설,537.1,"주소 기반 추정 위치, 공사현장 좌표 아님"
15029300:972,972,건축행정기록,단독주택,인천광역시 미추홀구 주안동 1063-4,37.4493204,126.6930554,geocoded_kakao_jibun,kakao_exact_jibun_address_match,인천 미추홀구 주안동 1063-4,1,1,0.0,,kakao_local_api:address_jibun,https://dapi.kakao.com/v2/local/search/address.json,2026-09-06,https://www.data.go.kr/data/15029300/fileData.do,2025-09-25,2026-09-06,administrative_record_only_not_confirmed_active,증축,2006-09-19,2006-09-20,2006-10-30,단독주택,266,"주소 기반 추정 위치, 공사현장 좌표 아님"
15029300:973,973,건축행정기록,제1종근린생활시설,인천광역시 미추홀구 도화동 445-2 외1필지,37.4585646,126.6752420,geocoded_kakao_jibun,kakao_exact_jibun_address_match,인천 미추홀구 도화동 445-2,1,1,0.0,,kakao_local_api:address_jibun,https://dapi.kakao.com/v2/local/search/address.json,2026-09-06,https://www.data.go.kr/data/15029300/fileData.do,2025-09-25,2026-09-06,administrative_record_only_not_confirmed_active,증축,2006-09-13,2006-09-27,2006-10-23,제1종근린생활시설,397.1,"주소 기반 추정 위치, 공사현장 좌표 아님"
15029300:974,974,건축행정기록,제2종근린생활시설,인천광역시 미추홀구 주안동 18-38 외1필지,,,unresolved,no_exact_parcel_match_in_kakao,,0,0,,,kakao_local_api:unresolved,https://dapi.kakao.com/v2/local/search/address.json,2026-09-06,https://www.data.go.kr/data/15029300/fileData.do,2025-09-25,2026-09-06,administrative_record_only_not_confirmed_active,신축,2006-09-05,2006-09-29,2007-01-18,제2종근린생활시설,98.2,"주소 기반 추정 위치, 공사현장 좌표 아님"
15029300:975,975,건축행정기록,단독주택,인천광역시 미추홀구 용현동 627-180,37.4509599,126.6360653,geocoded_kakao_jibun,kakao_exact_jibun_address_match,인천 미추홀구 용현동 627-180,1,1,0.0,,kakao_local_api:address_jibun,https://dapi.kakao.com/v2/local/search/address.json,2026-09-06,https://www.data.go.kr/data/15029300/fileData.do,2025-09-25,2026-09-06,administrative_record_only_not_confirmed_active,증축,2006-09-05,2006-09-12,2007-02-01,단독주택,140,"주소 기반 추정 위치, 공사현장 좌표 아님"
15029300:976,976,건축행정기록,단독주택,인천광역시 미추홀구 용현동 627-164,37.4511124,126.6357683,geocoded_kakao_jibun,kakao_exact_jibun_address_match,인천 미추홀구 용현동 627-164,1,1,0.0,,kakao_local_api:address_jibun,https://dapi.kakao.com/v2/local/search/address.json,2026-09-06,https://www.data.go.kr/data/15029300/fileData.do,2025-09-25,2026-09-06,administrative_record_only_not_confirmed_active,증축,2006-09-04,2006-09-05,2006-11-02,단독주택,141,"주소 기반 추정 위치, 공사현장 좌표 아님"
15029300:977,977,건축행정기록,단독주택,인천광역시 미추홀구 주안동 1341-49,37.4473631,126.6780993,geocoded_kakao_jibun,kakao_exact_jibun_address_match,인천 미추홀구 주안동 1341-49,1,1,0.0,,kakao_local_api:address_jibun,https://dapi.kakao.com/v2/local/search/address.json,2026-09-06,https://www.data.go.kr/data/15029300/fileData.do,2025-09-25,2026-09-06,administrative_record_only_not_confirmed_active,증축,2006-08-25,2006-08-31,2006-09-25,단독주택,88.49,"주소 기반 추정 위치, 공사현장 좌표 아님"
15029300:978,978,건축행정기록,제1종근린생활시설,인천광역시 미추홀구 주안동 508-23,37.4574996,126.6759851,geocoded_kakao_jibun,kakao_exact_jibun_address_match,인천 미추홀구 주안동 508-23,1,1,0.0,,kakao_local_api:address_jibun,https://dapi.kakao.com/v2/local/search/address.json,2026-09-06,https://www.data.go.kr/data/15029300/fileData.do,2025-09-25,2026-09-06,administrative_record_only_not_confirmed_active,증축,2006-08-25,2006-08-31,2006-09-20,제1종근린생활시설,744.5,"주소 기반 추정 위치, 공사현장 좌표 아님"
15029300:979,979,건축행정기록,자동차관련시설,인천광역시 미추홀구 도화동 744-11,37.4767560,126.6700724,geocoded_kakao_jibun,kakao_exact_jibun_address_match,인천 미추홀구 도화동 744-11,1,1,0.0,,kakao_local_api:address_jibun,https://dapi.kakao.com/v2/local/search/address.json,2026-09-06,https://www.data.go.kr/data/15029300/fileData.do,2025-09-25,2026-09-06,administrative_record_only_not_confirmed_active,증축,2006-08-22,2006-08-24,2006-10-10,자동차관련시설,697,"주소 기반 추정 위치, 공사현장 좌표 아님"
15029300:980,980,건축행정기록,노유자시설,인천광역시 미추홀구 주안동 253-14,37.4541481,126.6892468,geocoded_kakao_jibun,kakao_exact_jibun_address_match,인천 미추홀구 주안동 253-14,1,1,0.0,,kakao_local_api:address_jibun,https://dapi.kakao.com/v2/local/search/address.json,2026-09-06,https://www.data.go.kr/data/15029300/fileData.do,2025-09-25,2026-09-06,administrative_record_only_not_confirmed_active,증축,2006-08-21,2006-08-22,2006-10-10,노유자시설,943.4,"주소 기반 추정 위치, 공사현장 좌표 아님"
15029300:981,981,건축행정기록,단독주택,인천광역시 미추홀구 주안동 680-6,,,unresolved,no_exact_parcel_match_in_kakao,,0,0,,,kakao_local_api:unresolved,https://dapi.kakao.com/v2/local/search/address.json,2026-09-06,https://www.data.go.kr/data/15029300/fileData.do,2025-09-25,2026-09-06,administrative_record_only_not_confirmed_active,증축,2006-08-21,2006-08-22,2006-10-11,단독주택,134.9,"주소 기반 추정 위치, 공사현장 좌표 아님"
15029300:982,982,건축행정기록,단독주택,인천광역시 미추홀구 숭의동 339-10,37.4611955,126.6432735,geocoded_kakao_jibun,kakao_exact_jibun_address_match,인천 미추홀구 숭의동 339-10,1,1,0.0,,kakao_local_api:address_jibun,https://dapi.kakao.com/v2/local/search/address.json,2026-09-06,https://www.data.go.kr/data/15029300/fileData.do,2025-09-25,2026-09-06,administrative_record_only_not_confirmed_active,증축,2006-08-21,2006-08-23,2006-09-12,단독주택,159.3,"주소 기반 추정 위치, 공사현장 좌표 아님"
15029300:983,983,건축행정기록,제2종근린생활시설,인천광역시 미추홀구 용현동 3-29,37.4522597,126.6659568,geocoded_kakao_jibun,kakao_exact_jibun_address_match,인천 미추홀구 용현동 3-29,1,1,0.0,,kakao_local_api:address_jibun,https://dapi.kakao.com/v2/local/search/address.json,2026-09-06,https://www.data.go.kr/data/15029300/fileData.do,2025-09-25,2026-09-06,administrative_record_only_not_confirmed_active,증축,2006-08-17,2006-08-24,2006-09-18,제2종근린생활시설,670.6,"주소 기반 추정 위치, 공사현장 좌표 아님"
15029300:984,984,건축행정기록,제2종근린생활시설,인천광역시 미추홀구 용현동 624-95,37.4558442,126.6351538,geocoded_kakao_jibun,kakao_exact_jibun_address_match,인천 미추홀구 용현동 624-95,1,1,0.0,,kakao_local_api:address_jibun,https://dapi.kakao.com/v2/local/search/address.json,2026-09-06,https://www.data.go.kr/data/15029300/fileData.do,2025-09-25,2026-09-06,administrative_record_only_not_confirmed_active,증축,2006-08-11,2006-08-25,2007-10-19,제2종근린생활시설,1171.9,"주소 기반 추정 위치, 공사현장 좌표 아님"
15029300:985,985,건축행정기록,제2종근린생활시설,인천광역시 미추홀구 주안동 51-4,37.4633201,126.6862189,geocoded_kakao_jibun,kakao_exact_jibun_address_match,인천 미추홀구 주안동 51-4,1,1,0.0,,kakao_local_api:address_jibun,https://dapi.kakao.com/v2/local/search/address.json,2026-09-06,https://www.data.go.kr/data/15029300/fileData.do,2025-09-25,2026-09-06,administrative_record_only_not_confirmed_active,증축,2006-08-09,2006-08-11,2006-09-27,제2종근린생활시설,329.4,"주소 기반 추정 위치, 공사현장 좌표 아님"
15029300:986,986,건축행정기록,단독주택,인천광역시 미추홀구 도화동 131-25,37.4668231,126.6711122,geocoded_kakao_jibun,kakao_exact_jibun_address_match,인천 미추홀구 도화동 131-25,1,1,0.0,,kakao_local_api:address_jibun,https://dapi.kakao.com/v2/local/search/address.json,2026-09-06,https://www.data.go.kr/data/15029300/fileData.do,2025-09-25,2026-09-06,administrative_record_only_not_confirmed_active,증축,2006-08-08,2006-10-27,2007-01-17,단독주택,146.6,"주소 기반 추정 위치, 공사현장 좌표 아님"
15029300:987,987,건축행정기록,노유자시설,인천광역시 미추홀구 주안동 1423-2,,,unresolved,no_exact_parcel_match_in_kakao,,0,0,,,kakao_local_api:unresolved,https://dapi.kakao.com/v2/local/search/address.json,2026-09-06,https://www.data.go.kr/data/15029300/fileData.do,2025-09-25,2026-09-06,administrative_record_only_not_confirmed_active,증축,2006-08-02,2006-08-07,2006-10-31,노유자시설,172.2,"주소 기반 추정 위치, 공사현장 좌표 아님"
15029300:988,988,건축행정기록,단독주택,인천광역시 미추홀구 숭의동 187-44,37.4605570,126.6489638,geocoded_kakao_jibun,kakao_exact_jibun_address_match,인천 미추홀구 숭의동 187-44,1,1,0.0,,kakao_local_api:address_jibun,https://dapi.kakao.com/v2/local/search/address.json,2026-09-06,https://www.data.go.kr/data/15029300/fileData.do,2025-09-25,2026-09-06,administrative_record_only_not_confirmed_active,증축,2006-08-02,2007-08-14,,단독주택,170.6,"주소 기반 추정 위치, 공사현장 좌표 아님"
15029300:989,989,건축행정기록,공장,인천광역시 미추홀구 학익동 587-7 외2필지,37.4436400,126.6459033,geocoded_kakao_jibun,kakao_exact_jibun_address_match,인천 미추홀구 학익동 587-7,1,1,0.0,,kakao_local_api:address_jibun,https://dapi.kakao.com/v2/local/search/address.json,2026-09-06,https://www.data.go.kr/data/15029300/fileData.do,2025-09-25,2026-09-06,administrative_record_only_not_confirmed_active,증축,2006-08-01,2006-08-18,2006-11-29,공장,22603,"주소 기반 추정 위치, 공사현장 좌표 아님"
15029300:990,990,건축행정기록,단독주택,인천광역시 미추홀구 용현동 211-16,37.4527868,126.6512330,geocoded_kakao_jibun,kakao_exact_jibun_address_match,인천 미추홀구 용현동 211-16,1,1,0.0,,kakao_local_api:address_jibun,https://dapi.kakao.com/v2/local/search/address.json,2026-09-06,https://www.data.go.kr/data/15029300/fileData.do,2025-09-25,2026-09-06,administrative_record_only_not_confirmed_active,증축,2006-07-19,2006-07-26,2006-08-04,단독주택,149.4,"주소 기반 추정 위치, 공사현장 좌표 아님"
15029300:991,991,건축행정기록,노유자시설,인천광역시 미추홀구 주안동 1418-12,37.4514591,126.6727263,geocoded_kakao_jibun,kakao_exact_jibun_address_match,인천 미추홀구 주안동 1418-12,1,1,0.0,,kakao_local_api:address_jibun,https://dapi.kakao.com/v2/local/search/address.json,2026-09-06,https://www.data.go.kr/data/15029300/fileData.do,2025-09-25,2026-09-06,administrative_record_only_not_confirmed_active,증축,2006-07-19,2006-11-03,2006-12-14,노유자시설,194.8,"주소 기반 추정 위치, 공사현장 좌표 아님"
15029300:992,992,건축행정기록,제2종근린생활시설,인천광역시 미추홀구 용현동 621-174,37.4514019,126.6367809,geocoded_kakao_jibun,kakao_exact_jibun_address_match,인천 미추홀구 용현동 621-174,1,1,0.0,,kakao_local_api:address_jibun,https://dapi.kakao.com/v2/local/search/address.json,2026-09-06,https://www.data.go.kr/data/15029300/fileData.do,2025-09-25,2026-09-06,administrative_record_only_not_confirmed_active,신축,2006-07-18,2006-08-11,2006-10-17,제2종근린생활시설,171.7,"주소 기반 추정 위치, 공사현장 좌표 아님"
15029300:993,993,건축행정기록,단독주택,인천광역시 미추홀구 주안동 562-28,37.4557765,126.6739903,geocoded_kakao_jibun,kakao_exact_jibun_address_match,인천 미추홀구 주안동 562-28,1,1,0.0,,kakao_local_api:address_jibun,https://dapi.kakao.com/v2/local/search/address.json,2026-09-06,https://www.data.go.kr/data/15029300/fileData.do,2025-09-25,2026-09-06,administrative_record_only_not_confirmed_active,증축,2006-07-13,2007-07-27,,단독주택,206.6,"주소 기반 추정 위치, 공사현장 좌표 아님"
15029300:994,994,건축행정기록,공장,인천광역시 미추홀구 도화동 818-13,37.4791256,126.6629994,geocoded_kakao_jibun,kakao_exact_jibun_address_match,인천 미추홀구 도화동 818-13,1,1,0.0,,kakao_local_api:address_jibun,https://dapi.kakao.com/v2/local/search/address.json,2026-09-06,https://www.data.go.kr/data/15029300/fileData.do,2025-09-25,2026-09-06,administrative_record_only_not_confirmed_active,신축,2006-07-11,2006-07-24,2007-01-31,공장,472.7,"주소 기반 추정 위치, 공사현장 좌표 아님"
15029300:995,995,건축행정기록,제1종근린생활시설,인천광역시 미추홀구 도화동 377-7,37.4596632,126.6754945,geocoded_kakao_jibun,kakao_exact_jibun_address_match,인천 미추홀구 도화동 377-7,1,1,0.0,,kakao_local_api:address_jibun,https://dapi.kakao.com/v2/local/search/address.json,2026-09-06,https://www.data.go.kr/data/15029300/fileData.do,2025-09-25,2026-09-06,administrative_record_only_not_confirmed_active,증축,2006-07-11,2006-07-26,2007-05-10,제1종근린생활시설,372.6,"주소 기반 추정 위치, 공사현장 좌표 아님"
15029300:996,996,건축행정기록,제1종근린생활시설,인천광역시 미추홀구 주안동 1327-17,37.4477157,126.6765393,geocoded_kakao_jibun,kakao_exact_jibun_address_match,인천 미추홀구 주안동 1327-17,1,1,0.0,,kakao_local_api:address_jibun,https://dapi.kakao.com/v2/local/search/address.json,2026-09-06,https://www.data.go.kr/data/15029300/fileData.do,2025-09-25,2026-09-06,administrative_record_only_not_confirmed_active,증축,2006-06-30,2006-06-30,2006-08-11,제1종근린생활시설,276,"주소 기반 추정 위치, 공사현장 좌표 아님"
15029300:997,997,건축행정기록,자동차관련시설,인천광역시 미추홀구 용현동 624-72,37.4550104,126.6365274,geocoded_kakao_jibun,kakao_exact_jibun_address_match,인천 미추홀구 용현동 624-72,1,1,0.0,,kakao_local_api:address_jibun,https://dapi.kakao.com/v2/local/search/address.json,2026-09-06,https://www.data.go.kr/data/15029300/fileData.do,2025-09-25,2026-09-06,administrative_record_only_not_confirmed_active,증축,2006-06-30,2006-07-03,2006-10-02,자동차관련시설,274.4,"주소 기반 추정 위치, 공사현장 좌표 아님"
15029300:998,998,건축행정기록,제2종근린생활시설,인천광역시 미추홀구 주안동 1461-1,37.4496559,126.6785646,geocoded_kakao_jibun,kakao_exact_jibun_address_match,인천 미추홀구 주안동 1461-1,1,1,0.0,,kakao_local_api:address_jibun,https://dapi.kakao.com/v2/local/search/address.json,2026-09-06,https://www.data.go.kr/data/15029300/fileData.do,2025-09-25,2026-09-06,administrative_record_only_not_confirmed_active,증축,2006-06-28,2006-06-30,2006-11-09,제2종근린생활시설,191.9,"주소 기반 추정 위치, 공사현장 좌표 아님"
15029300:999,999,건축행정기록,노유자시설,인천광역시 미추홀구 용현동 630-41,37.4526105,126.6333601,geocoded_kakao_jibun,kakao_exact_jibun_address_match,인천 미추홀구 용현동 630-41,1,1,0.0,,kakao_local_api:address_jibun,https://dapi.kakao.com/v2/local/search/address.json,2026-09-06,https://www.data.go.kr/data/15029300/fileData.do,2025-09-25,2026-09-06,administrative_record_only_not_confirmed_active,증축,2006-06-23,2006-06-23,2006-08-03,노유자시설,270.6,"주소 기반 추정 위치, 공사현장 좌표 아님"
15029300:1000,1000,건축행정기록,제1종근린생활시설,인천광역시 미추홀구 숭의동 203-16,37.4615181,126.6518835,geocoded_kakao_jibun,kakao_exact_jibun_address_match,인천 미추홀구 숭의동 203-16,1,1,0.0,,kakao_local_api:address_jibun,https://dapi.kakao.com/v2/local/search/address.json,2026-09-06,https://www.data.go.kr/data/15029300/fileData.do,2025-09-25,2026-09-06,administrative_record_only_not_confirmed_active,증축,2006-06-23,2006-06-28,2006-07-03,제1종근린생활시설,530.2,"주소 기반 추정 위치, 공사현장 좌표 아님"
15029300:1001,1001,건축행정기록,단독주택,인천광역시 미추홀구 주안동 629-8,37.4570312,126.6693618,geocoded_kakao_jibun,kakao_exact_jibun_address_match,인천 미추홀구 주안동 629-8,1,1,0.0,,kakao_local_api:address_jibun,https://dapi.kakao.com/v2/local/search/address.json,2026-09-06,https://www.data.go.kr/data/15029300/fileData.do,2025-09-25,2026-09-06,administrative_record_only_not_confirmed_active,증축,2006-06-22,2006-06-28,2006-07-19,단독주택,141.9,"주소 기반 추정 위치, 공사현장 좌표 아님"
15029300:1002,1002,건축행정기록,단독주택,인천광역시 미추홀구 주안동 420-6,37.4546825,126.6829742,geocoded_kakao_jibun,kakao_exact_jibun_address_match,인천 미추홀구 주안동 420-6,1,1,0.0,,kakao_local_api:address_jibun,https://dapi.kakao.com/v2/local/search/address.json,2026-09-06,https://www.data.go.kr/data/15029300/fileData.do,2025-09-25,2026-09-06,administrative_record_only_not_confirmed_active,증축,2006-06-19,2006-06-23,2006-12-13,단독주택,174.9,"주소 기반 추정 위치, 공사현장 좌표 아님"
15029300:1003,1003,건축행정기록,제2종근린생활시설,인천광역시 미추홀구 용현동 630-80,37.4517545,126.6344765,geocoded_kakao_jibun,kakao_exact_jibun_address_match,인천 미추홀구 용현동 630-80,1,1,0.0,,kakao_local_api:address_jibun,https://dapi.kakao.com/v2/local/search/address.json,2026-09-06,https://www.data.go.kr/data/15029300/fileData.do,2025-09-25,2026-09-06,administrative_record_only_not_confirmed_active,증축,2006-06-16,2006-06-16,2006-06-23,제2종근린생활시설,220.5,"주소 기반 추정 위치, 공사현장 좌표 아님"
15029300:1004,1004,건축행정기록,공장,인천광역시 미추홀구 도화동 818-9,37.4784384,126.6627892,geocoded_kakao_jibun,kakao_exact_jibun_address_match,인천 미추홀구 도화동 818-9,1,1,0.0,,kakao_local_api:address_jibun,https://dapi.kakao.com/v2/local/search/address.json,2026-09-06,https://www.data.go.kr/data/15029300/fileData.do,2025-09-25,2026-09-06,administrative_record_only_not_confirmed_active,신축,2006-06-09,2006-06-12,2006-08-28,공장,539,"주소 기반 추정 위치, 공사현장 좌표 아님"
15029300:1005,1005,건축행정기록,공장,인천광역시 미추홀구 도화동 818-4,37.4785099,126.6626489,geocoded_kakao_jibun,kakao_exact_jibun_address_match,인천 미추홀구 도화동 818-4,1,1,0.0,,kakao_local_api:address_jibun,https://dapi.kakao.com/v2/local/search/address.json,2026-09-06,https://www.data.go.kr/data/15029300/fileData.do,2025-09-25,2026-09-06,administrative_record_only_not_confirmed_active,신축,2006-06-09,2006-06-12,2006-08-28,공장,539,"주소 기반 추정 위치, 공사현장 좌표 아님"
15029300:1006,1006,건축행정기록,단독주택,인천광역시 미추홀구 주안동 880-3,37.4638173,126.6919956,geocoded_kakao_jibun,kakao_exact_jibun_address_match,인천 미추홀구 주안동 880-3,1,1,0.0,,kakao_local_api:address_jibun,https://dapi.kakao.com/v2/local/search/address.json,2026-09-06,https://www.data.go.kr/data/15029300/fileData.do,2025-09-25,2026-09-06,administrative_record_only_not_confirmed_active,증축,2006-06-09,2006-06-12,2006-08-07,단독주택,132.4,"주소 기반 추정 위치, 공사현장 좌표 아님"
15029300:1007,1007,건축행정기록,단독주택,인천광역시 미추홀구 주안동 418-13,37.4539260,126.6828268,geocoded_kakao_jibun,kakao_exact_jibun_address_match,인천 미추홀구 주안동 418-13,1,1,0.0,,kakao_local_api:address_jibun,https://dapi.kakao.com/v2/local/search/address.json,2026-09-06,https://www.data.go.kr/data/15029300/fileData.do,2025-09-25,2026-09-06,administrative_record_only_not_confirmed_active,증축,2006-06-02,2006-06-07,2006-06-26,단독주택,184.5,"주소 기반 추정 위치, 공사현장 좌표 아님"
15029300:1008,1008,건축행정기록,제2종근린생활시설,인천광역시 미추홀구 주안동 171-10,37.4601030,126.6817553,geocoded_kakao_jibun,kakao_exact_jibun_address_match,인천 미추홀구 주안동 171-10,1,1,0.0,,kakao_local_api:address_jibun,https://dapi.kakao.com/v2/local/search/address.json,2026-09-06,https://www.data.go.kr/data/15029300/fileData.do,2025-09-25,2026-09-06,administrative_record_only_not_confirmed_active,증축,2006-05-30,2006-06-05,2006-07-13,제2종근린생활시설,246.8,"주소 기반 추정 위치, 공사현장 좌표 아님"
15029300:1009,1009,건축행정기록,제1종근린생활시설,인천광역시 미추홀구 주안동 1343-76,37.4466702,126.6768189,geocoded_kakao_jibun,kakao_exact_jibun_address_match,인천 미추홀구 주안동 1343-76,1,1,0.0,,kakao_local_api:address_jibun,https://dapi.kakao.com/v2/local/search/address.json,2026-09-06,https://www.data.go.kr/data/15029300/fileData.do,2025-09-25,2026-09-06,administrative_record_only_not_confirmed_active,신축,2006-05-29,2006-06-02,2006-09-07,제1종근린생활시설,108,"주소 기반 추정 위치, 공사현장 좌표 아님"
15029300:1010,1010,건축행정기록,단독주택,인천광역시 미추홀구 도화동 472-7,37.4588302,126.6707736,geocoded_kakao_jibun,kakao_exact_jibun_address_match,인천 미추홀구 도화동 472-7,1,1,0.0,,kakao_local_api:address_jibun,https://dapi.kakao.com/v2/local/search/address.json,2026-09-06,https://www.data.go.kr/data/15029300/fileData.do,2025-09-25,2026-09-06,administrative_record_only_not_confirmed_active,증축,2006-05-29,2006-05-30,2006-06-29,단독주택,192.7,"주소 기반 추정 위치, 공사현장 좌표 아님"
15029300:1011,1011,건축행정기록,제1종근린생활시설,인천광역시 미추홀구 주안동 1577-54,37.4533281,126.6939635,geocoded_kakao_jibun,kakao_exact_jibun_address_match,인천 미추홀구 주안동 1577-54,1,1,0.0,,kakao_local_api:address_jibun,https://dapi.kakao.com/v2/local/search/address.json,2026-09-06,https://www.data.go.kr/data/15029300/fileData.do,2025-09-25,2026-09-06,administrative_record_only_not_confirmed_active,증축,2006-05-18,2006-05-22,2006-06-01,제1종근린생활시설,185,"주소 기반 추정 위치, 공사현장 좌표 아님"
15029300:1012,1012,건축행정기록,단독주택,인천광역시 미추홀구 용현동 686-39,37.4597144,126.6384688,geocoded_kakao_jibun,kakao_exact_jibun_address_match,인천 미추홀구 용현동 686-39,1,1,0.0,,kakao_local_api:address_jibun,https://dapi.kakao.com/v2/local/search/address.json,2026-09-06,https://www.data.go.kr/data/15029300/fileData.do,2025-09-25,2026-09-06,administrative_record_only_not_confirmed_active,증축,2006-05-11,2006-05-30,2006-08-17,단독주택,221,"주소 기반 추정 위치, 공사현장 좌표 아님"
15029300:1013,1013,건축행정기록,제2종근린생활시설,인천광역시 미추홀구 숭의동 78-8 외2필지,37.4665489,126.6526940,geocoded_kakao_jibun,kakao_exact_jibun_address_match,인천 미추홀구 숭의동 78-8,1,1,0.0,,kakao_local_api:address_jibun,https://dapi.kakao.com/v2/local/search/address.json,2026-09-06,https://www.data.go.kr/data/15029300/fileData.do,2025-09-25,2026-09-06,administrative_record_only_not_confirmed_active,증축,2006-05-11,2006-05-17,2006-07-14,제2종근린생활시설,488.5,"주소 기반 추정 위치, 공사현장 좌표 아님"
15029300:1014,1014,건축행정기록,단독주택,인천광역시 미추홀구 주안동 303-37 외1필지,37.4567367,126.6872128,geocoded_kakao_jibun,kakao_exact_jibun_address_match,인천 미추홀구 주안동 303-37,1,1,0.0,,kakao_local_api:address_jibun,https://dapi.kakao.com/v2/local/search/address.json,2026-09-06,https://www.data.go.kr/data/15029300/fileData.do,2025-09-25,2026-09-06,administrative_record_only_not_confirmed_active,대수선,2006-05-09,2006-05-11,2006-06-28,단독주택,331.25,"주소 기반 추정 위치, 공사현장 좌표 아님"
15029300:1015,1015,건축행정기록,제1종근린생활시설,인천광역시 미추홀구 주안동 1457-8,37.4508802,126.6795190,geocoded_kakao_jibun,kakao_exact_jibun_address_match,인천 미추홀구 주안동 1457-8,1,1,0.0,,kakao_local_api:address_jibun,https://dapi.kakao.com/v2/local/search/address.json,2026-09-06,https://www.data.go.kr/data/15029300/fileData.do,2025-09-25,2026-09-06,administrative_record_only_not_confirmed_active,증축,2006-05-09,2006-05-09,2006-06-16,제1종근린생활시설,495,"주소 기반 추정 위치, 공사현장 좌표 아님"
15029300:1016,1016,건축행정기록,단독주택,인천광역시 미추홀구 주안동 410-49,37.4567193,126.6841837,geocoded_kakao_jibun,kakao_exact_jibun_address_match,인천 미추홀구 주안동 410-49,1,1,0.0,,kakao_local_api:address_jibun,https://dapi.kakao.com/v2/local/search/address.json,2026-09-06,https://www.data.go.kr/data/15029300/fileData.do,2025-09-25,2026-09-06,administrative_record_only_not_confirmed_active,증축,2006-05-08,2006-05-11,2006-09-21,단독주택,62.7,"주소 기반 추정 위치, 공사현장 좌표 아님"
15029300:1017,1017,건축행정기록,단독주택,인천광역시 미추홀구 주안동 410-48,37.4567165,126.6842638,geocoded_kakao_jibun,kakao_exact_jibun_address_match,인천 미추홀구 주안동 410-48,1,1,0.0,,kakao_local_api:address_jibun,https://dapi.kakao.com/v2/local/search/address.json,2026-09-06,https://www.data.go.kr/data/15029300/fileData.do,2025-09-25,2026-09-06,administrative_record_only_not_confirmed_active,증축,2006-05-08,2006-05-11,2006-09-22,단독주택,57.7,"주소 기반 추정 위치, 공사현장 좌표 아님"
15029300:1018,1018,건축행정기록,제1종근린생활시설,인천광역시 미추홀구 주안동 1462-14,37.4483130,126.6782318,geocoded_kakao_jibun,kakao_exact_jibun_address_match,인천 미추홀구 주안동 1462-14,1,1,0.0,,kakao_local_api:address_jibun,https://dapi.kakao.com/v2/local/search/address.json,2026-09-06,https://www.data.go.kr/data/15029300/fileData.do,2025-09-25,2026-09-06,administrative_record_only_not_confirmed_active,증축,2006-05-04,2006-05-09,,제1종근린생활시설,202.9,"주소 기반 추정 위치, 공사현장 좌표 아님"
15029300:1019,1019,건축행정기록,제1종근린생활시설,인천광역시 미추홀구 학익동 265-1 외3필지,37.4435910,126.6659582,geocoded_kakao_jibun,kakao_exact_jibun_address_match,인천 미추홀구 학익동 265-1,1,1,0.0,,kakao_local_api:address_jibun,https://dapi.kakao.com/v2/local/search/address.json,2026-09-06,https://www.data.go.kr/data/15029300/fileData.do,2025-09-25,2026-09-06,administrative_record_only_not_confirmed_active,증축,2006-05-01,2006-05-02,2006-06-08,제1종근린생활시설,1339,"주소 기반 추정 위치, 공사현장 좌표 아님"
15029300:1020,1020,건축행정기록,제2종근린생활시설,인천광역시 미추홀구 문학동 389-2,37.4368004,126.6863286,geocoded_kakao_jibun,kakao_exact_jibun_address_match,인천 미추홀구 문학동 389-2,1,1,0.0,,kakao_local_api:address_jibun,https://dapi.kakao.com/v2/local/search/address.json,2026-09-06,https://www.data.go.kr/data/15029300/fileData.do,2025-09-25,2026-09-06,administrative_record_only_not_confirmed_active,신축,2006-04-28,2006-05-15,2006-08-22,제2종근린생활시설,182.8,"주소 기반 추정 위치, 공사현장 좌표 아님"
15029300:1021,1021,건축행정기록,숙박시설,인천광역시 미추홀구 주안동 1006-2,37.4584432,126.6888147,geocoded_kakao_jibun,kakao_exact_jibun_address_match,인천 미추홀구 주안동 1006-2,1,1,0.0,,kakao_local_api:address_jibun,https://dapi.kakao.com/v2/local/search/address.json,2026-09-06,https://www.data.go.kr/data/15029300/fileData.do,2025-09-25,2026-09-06,administrative_record_only_not_confirmed_active,개축,2006-04-28,2006-05-02,2006-05-29,숙박시설,331,"주소 기반 추정 위치, 공사현장 좌표 아님"
15029300:1022,1022,건축행정기록,노유자시설,인천광역시 미추홀구 주안동 1161-110,37.4472018,126.6833273,geocoded_kakao_jibun,kakao_exact_jibun_address_match,인천 미추홀구 주안동 1161-110,1,1,0.0,,kakao_local_api:address_jibun,https://dapi.kakao.com/v2/local/search/address.json,2026-09-06,https://www.data.go.kr/data/15029300/fileData.do,2025-09-25,2026-09-06,administrative_record_only_not_confirmed_active,증축,2006-04-27,2006-04-28,2006-07-13,노유자시설,130,"주소 기반 추정 위치, 공사현장 좌표 아님"
15029300:1023,1023,건축행정기록,단독주택,인천광역시 미추홀구 숭의동 302-19,,,unresolved,no_exact_parcel_match_in_kakao,,0,0,,,kakao_local_api:unresolved,https://dapi.kakao.com/v2/local/search/address.json,2026-09-06,https://www.data.go.kr/data/15029300/fileData.do,2025-09-25,2026-09-06,administrative_record_only_not_confirmed_active,증축,2006-04-26,2006-05-01,2006-06-05,단독주택,148.8,"주소 기반 추정 위치, 공사현장 좌표 아님"
15029300:1024,1024,건축행정기록,교육연구및복지시설,인천광역시 미추홀구 주안동 19-42 외1필지,37.4670492,126.6866155,geocoded_kakao_jibun,kakao_exact_jibun_address_match,인천 미추홀구 주안동 19-42,1,1,0.0,,kakao_local_api:address_jibun,https://dapi.kakao.com/v2/local/search/address.json,2026-09-06,https://www.data.go.kr/data/15029300/fileData.do,2025-09-25,2026-09-06,administrative_record_only_not_confirmed_active,증축,2006-04-24,2006-04-24,2006-05-01,교육연구및복지시설,834.5,"주소 기반 추정 위치, 공사현장 좌표 아님"
15029300:1025,1025,건축행정기록,단독주택,인천광역시 미추홀구 용현동 203-16,37.4524792,126.6483867,geocoded_kakao_jibun,kakao_exact_jibun_address_match,인천 미추홀구 용현동 203-16,1,1,0.0,,kakao_local_api:address_jibun,https://dapi.kakao.com/v2/local/search/address.json,2026-09-06,https://www.data.go.kr/data/15029300/fileData.do,2025-09-25,2026-09-06,administrative_record_only_not_confirmed_active,증축,2006-04-21,2006-04-21,2006-05-24,단독주택,187.4,"주소 기반 추정 위치, 공사현장 좌표 아님"
15029300:1026,1026,건축행정기록,단독주택,인천광역시 미추홀구 용현동 624-35,37.4556733,126.6363628,geocoded_kakao_jibun,kakao_exact_jibun_address_match,인천 미추홀구 용현동 624-35,1,1,0.0,,kakao_local_api:address_jibun,https://dapi.kakao.com/v2/local/search/address.json,2026-09-06,https://www.data.go.kr/data/15029300/fileData.do,2025-09-25,2026-09-06,administrative_record_only_not_confirmed_active,증축,2006-04-21,2006-04-24,2006-07-07,단독주택,244.8,"주소 기반 추정 위치, 공사현장 좌표 아님"
15029300:1027,1027,건축행정기록,제2종근린생활시설,인천광역시 미추홀구 문학동 352-3,37.4378432,126.6772873,geocoded_kakao_jibun,kakao_exact_jibun_address_match,인천 미추홀구 문학동 352-3,1,1,0.0,,kakao_local_api:address_jibun,https://dapi.kakao.com/v2/local/search/address.json,2026-09-06,https://www.data.go.kr/data/15029300/fileData.do,2025-09-25,2026-09-06,administrative_record_only_not_confirmed_active,증축,2006-04-21,2006-04-27,,제2종근린생활시설,893.3,"주소 기반 추정 위치, 공사현장 좌표 아님"
15029300:1028,1028,건축행정기록,제1종근린생활시설,인천광역시 미추홀구 주안동 1423-6,,,unresolved,no_exact_parcel_match_in_kakao,,0,0,,,kakao_local_api:unresolved,https://dapi.kakao.com/v2/local/search/address.json,2026-09-06,https://www.data.go.kr/data/15029300/fileData.do,2025-09-25,2026-09-06,administrative_record_only_not_confirmed_active,대수선,2006-04-11,2006-04-13,,제1종근린생활시설,199.7,"주소 기반 추정 위치, 공사현장 좌표 아님"
15029300:1029,1029,건축행정기록,단독주택,인천광역시 미추홀구 주안동 481-8,37.4550669,126.6794282,geocoded_kakao_jibun,kakao_exact_jibun_address_match,인천 미추홀구 주안동 481-8,1,1,0.0,,kakao_local_api:address_jibun,https://dapi.kakao.com/v2/local/search/address.json,2026-09-06,https://www.data.go.kr/data/15029300/fileData.do,2025-09-25,2026-09-06,administrative_record_only_not_confirmed_active,증축,2006-04-10,2008-05-08,2009-09-03,단독주택,235.7,"주소 기반 추정 위치, 공사현장 좌표 아님"
15029300:1030,1030,건축행정기록,제1종근린생활시설,인천광역시 미추홀구 용현동 203-37,37.4524386,126.6482163,geocoded_kakao_jibun,kakao_exact_jibun_address_match,인천 미추홀구 용현동 203-37,1,1,0.0,,kakao_local_api:address_jibun,https://dapi.kakao.com/v2/local/search/address.json,2026-09-06,https://www.data.go.kr/data/15029300/fileData.do,2025-09-25,2026-09-06,administrative_record_only_not_confirmed_active,증축,2006-04-07,2006-04-12,2006-04-27,제1종근린생활시설,102.5,"주소 기반 추정 위치, 공사현장 좌표 아님"
15029300:1031,1031,건축행정기록,단독주택,인천광역시 미추홀구 용현동 568-53,37.4580722,126.6408938,geocoded_kakao_jibun,kakao_exact_jibun_address_match,인천 미추홀구 용현동 568-53,1,1,0.0,,kakao_local_api:address_jibun,https://dapi.kakao.com/v2/local/search/address.json,2026-09-06,https://www.data.go.kr/data/15029300/fileData.do,2025-09-25,2026-09-06,administrative_record_only_not_confirmed_active,증축,2006-04-06,2008-05-26,,단독주택,164.3,"주소 기반 추정 위치, 공사현장 좌표 아님"
15029300:1032,1032,건축행정기록,단독주택,인천광역시 미추홀구 용현동 146-283,37.4574250,126.6569611,geocoded_kakao_jibun,kakao_exact_jibun_address_match,인천 미추홀구 용현동 146-283,1,1,0.0,,kakao_local_api:address_jibun,https://dapi.kakao.com/v2/local/search/address.json,2026-09-06,https://www.data.go.kr/data/15029300/fileData.do,2025-09-25,2026-09-06,administrative_record_only_not_confirmed_active,증축,2006-04-05,2006-04-17,2006-06-13,단독주택,166,"주소 기반 추정 위치, 공사현장 좌표 아님"
15029300:1033,1033,건축행정기록,노유자시설,인천광역시 미추홀구 주안동 602-4,37.4567306,126.6711013,geocoded_kakao_jibun,kakao_exact_jibun_address_match,인천 미추홀구 주안동 602-4,1,1,0.0,,kakao_local_api:address_jibun,https://dapi.kakao.com/v2/local/search/address.json,2026-09-06,https://www.data.go.kr/data/15029300/fileData.do,2025-09-25,2026-09-06,administrative_record_only_not_confirmed_active,증축,2006-04-04,2006-05-18,2006-06-01,노유자시설,333.8,"주소 기반 추정 위치, 공사현장 좌표 아님"
15029300:1034,1034,건축행정기록,제1종근린생활시설,인천광역시 미추홀구 숭의동 190-45,37.4626727,126.6472134,geocoded_kakao_jibun,kakao_exact_jibun_address_match,인천 미추홀구 숭의동 190-45,1,1,0.0,,kakao_local_api:address_jibun,https://dapi.kakao.com/v2/local/search/address.json,2026-09-06,https://www.data.go.kr/data/15029300/fileData.do,2025-09-25,2026-09-06,administrative_record_only_not_confirmed_active,대수선,2006-03-31,2006-04-03,2006-06-09,제1종근린생활시설,201.6,"주소 기반 추정 위치, 공사현장 좌표 아님"
15029300:1035,1035,건축행정기록,제2종근린생활시설,인천광역시 미추홀구 용현동 169-12,37.4531244,126.6575685,geocoded_kakao_jibun,kakao_exact_jibun_address_match,인천 미추홀구 용현동 169-12,1,1,0.0,,kakao_local_api:address_jibun,https://dapi.kakao.com/v2/local/search/address.json,2026-09-06,https://www.data.go.kr/data/15029300/fileData.do,2025-09-25,2026-09-06,administrative_record_only_not_confirmed_active,증축,2006-03-31,2006-04-04,2006-04-18,제2종근린생활시설,630.9,"주소 기반 추정 위치, 공사현장 좌표 아님"
15029300:1036,1036,건축행정기록,공장,인천광역시 미추홀구 도화동 120-52,37.4687316,126.6713897,geocoded_kakao_jibun,kakao_exact_jibun_address_match,인천 미추홀구 도화동 120-52,1,1,0.0,,kakao_local_api:address_jibun,https://dapi.kakao.com/v2/local/search/address.json,2026-09-06,https://www.data.go.kr/data/15029300/fileData.do,2025-09-25,2026-09-06,administrative_record_only_not_confirmed_active,증축,2006-03-31,2006-04-06,2006-04-25,공장,436.5,"주소 기반 추정 위치, 공사현장 좌표 아님"
15029300:1037,1037,건축행정기록,제2종근린생활시설,인천광역시 미추홀구 주안동 83-10 외1필지,37.4593518,126.6857302,geocoded_kakao_jibun,kakao_exact_jibun_address_match,인천 미추홀구 주안동 83-10,1,1,0.0,,kakao_local_api:address_jibun,https://dapi.kakao.com/v2/local/search/address.json,2026-09-06,https://www.data.go.kr/data/15029300/fileData.do,2025-09-25,2026-09-06,administrative_record_only_not_confirmed_active,증축,2006-03-31,2006-04-06,2006-05-23,제2종근린생활시설,250.2,"주소 기반 추정 위치, 공사현장 좌표 아님"
15029300:1038,1038,건축행정기록,단독주택,인천광역시 미추홀구 주안동 1520-19,37.4491935,126.6870431,geocoded_kakao_jibun,kakao_exact_jibun_address_match,인천 미추홀구 주안동 1520-19,1,1,0.0,,kakao_local_api:address_jibun,https://dapi.kakao.com/v2/local/search/address.json,2026-09-06,https://www.data.go.kr/data/15029300/fileData.do,2025-09-25,2026-09-06,administrative_record_only_not_confirmed_active,증축,2006-03-29,2006-03-31,2006-05-25,단독주택,136.8,"주소 기반 추정 위치, 공사현장 좌표 아님"
15029300:1039,1039,건축행정기록,제1종근린생활시설,인천광역시 미추홀구 주안동 1462-12,37.4483009,126.6784122,geocoded_kakao_jibun,kakao_exact_jibun_address_match,인천 미추홀구 주안동 1462-12,1,1,0.0,,kakao_local_api:address_jibun,https://dapi.kakao.com/v2/local/search/address.json,2026-09-06,https://www.data.go.kr/data/15029300/fileData.do,2025-09-25,2026-09-06,administrative_record_only_not_confirmed_active,대수선,2006-03-28,2006-03-29,2006-04-24,제1종근린생활시설,202,"주소 기반 추정 위치, 공사현장 좌표 아님"
15029300:1040,1040,건축행정기록,제1종근린생활시설,인천광역시 미추홀구 주안동 216-1,37.4610820,126.6786687,geocoded_kakao_jibun,kakao_exact_jibun_address_match,인천 미추홀구 주안동 216-1,1,1,0.0,,kakao_local_api:address_jibun,https://dapi.kakao.com/v2/local/search/address.json,2026-09-06,https://www.data.go.kr/data/15029300/fileData.do,2025-09-25,2026-09-06,administrative_record_only_not_confirmed_active,증축,2006-03-28,2006-03-28,,제1종근린생활시설,171.2,"주소 기반 추정 위치, 공사현장 좌표 아님"
15029300:1041,1041,건축행정기록,제2종근린생활시설,인천광역시 미추홀구 학익동 689-1,37.4401432,126.6631988,geocoded_kakao_jibun,kakao_exact_jibun_address_match,인천 미추홀구 학익동 689-1,1,1,0.0,,kakao_local_api:address_jibun,https://dapi.kakao.com/v2/local/search/address.json,2026-09-06,https://www.data.go.kr/data/15029300/fileData.do,2025-09-25,2026-09-06,administrative_record_only_not_confirmed_active,증축,2006-03-24,2006-03-28,,제2종근린생활시설,1202.9,"주소 기반 추정 위치, 공사현장 좌표 아님"
15029300:1042,1042,건축행정기록,단독주택,인천광역시 미추홀구 용현동 79-19,37.4505290,126.6619469,geocoded_kakao_jibun,kakao_exact_jibun_address_match,인천 미추홀구 용현동 79-19,1,1,0.0,,kakao_local_api:address_jibun,https://dapi.kakao.com/v2/local/search/address.json,2026-09-06,https://www.data.go.kr/data/15029300/fileData.do,2025-09-25,2026-09-06,administrative_record_only_not_confirmed_active,증축,2006-03-14,2006-03-17,2006-05-04,단독주택,162.97,"주소 기반 추정 위치, 공사현장 좌표 아님"
15029300:1043,1043,건축행정기록,단독주택,인천광역시 미추홀구 용현동 621-157,37.4521691,126.6375555,geocoded_kakao_jibun,kakao_exact_jibun_address_match,인천 미추홀구 용현동 621-157,1,1,0.0,,kakao_local_api:address_jibun,https://dapi.kakao.com/v2/local/search/address.json,2026-09-06,https://www.data.go.kr/data/15029300/fileData.do,2025-09-25,2026-09-06,administrative_record_only_not_confirmed_active,증축,2006-03-13,2006-05-18,2006-05-24,단독주택,172.9,"주소 기반 추정 위치, 공사현장 좌표 아님"
15029300:1044,1044,건축행정기록,제2종근린생활시설,인천광역시 미추홀구 용현동 629-61 외1필지,37.4538396,126.6347935,geocoded_kakao_jibun,kakao_exact_jibun_address_match,인천 미추홀구 용현동 629-61,1,1,0.0,,kakao_local_api:address_jibun,https://dapi.kakao.com/v2/local/search/address.json,2026-09-06,https://www.data.go.kr/data/15029300/fileData.do,2025-09-25,2026-09-06,administrative_record_only_not_confirmed_active,증축,2006-03-09,2006-03-13,,제2종근린생활시설,497.2,"주소 기반 추정 위치, 공사현장 좌표 아님"
15029300:1045,1045,건축행정기록,공장,인천광역시 미추홀구 도화동 732-5 외1필지,37.4747609,126.6703204,geocoded_kakao_jibun,kakao_exact_jibun_address_match,인천 미추홀구 도화동 732-5,1,1,0.0,,kakao_local_api:address_jibun,https://dapi.kakao.com/v2/local/search/address.json,2026-09-06,https://www.data.go.kr/data/15029300/fileData.do,2025-09-25,2026-09-06,administrative_record_only_not_confirmed_active,대수선,2006-03-08,2006-03-09,2006-03-10,공장,2470.1,"주소 기반 추정 위치, 공사현장 좌표 아님"
15029300:1046,1046,건축행정기록,단독주택,인천광역시 미추홀구 도화동 47-26,,,unresolved,no_exact_parcel_match_in_kakao,,0,0,,,kakao_local_api:unresolved,https://dapi.kakao.com/v2/local/search/address.json,2026-09-06,https://www.data.go.kr/data/15029300/fileData.do,2025-09-25,2026-09-06,administrative_record_only_not_confirmed_active,증축,2006-03-08,2006-03-09,,단독주택,100,"주소 기반 추정 위치, 공사현장 좌표 아님"
15029300:1047,1047,건축행정기록,제2종근린생활시설,인천광역시 미추홀구 학익동 239-1,37.4410226,126.6695519,geocoded_kakao_jibun,kakao_exact_jibun_address_match,인천 미추홀구 학익동 239-1,1,1,0.0,,kakao_local_api:address_jibun,https://dapi.kakao.com/v2/local/search/address.json,2026-09-06,https://www.data.go.kr/data/15029300/fileData.do,2025-09-25,2026-09-06,administrative_record_only_not_confirmed_active,증축,2006-02-27,2006-03-07,2006-03-24,제2종근린생활시설,310,"주소 기반 추정 위치, 공사현장 좌표 아님"
15029300:1048,1048,건축행정기록,공장,인천광역시 미추홀구 도화동 709,37.4736825,126.6703569,geocoded_kakao_jibun,kakao_exact_jibun_address_match,인천 미추홀구 도화동 709,1,1,0.0,,kakao_local_api:address_jibun,https://dapi.kakao.com/v2/local/search/address.json,2026-09-06,https://www.data.go.kr/data/15029300/fileData.do,2025-09-25,2026-09-06,administrative_record_only_not_confirmed_active,증축,2006-02-24,2006-03-03,2006-04-11,공장,659,"주소 기반 추정 위치, 공사현장 좌표 아님"
15029300:1049,1049,건축행정기록,단독주택,인천광역시 미추홀구 주안동 1332-135,37.4471025,126.6759430,geocoded_kakao_jibun,kakao_exact_jibun_address_match,인천 미추홀구 주안동 1332-135,1,1,0.0,,kakao_local_api:address_jibun,https://dapi.kakao.com/v2/local/search/address.json,2026-09-06,https://www.data.go.kr/data/15029300/fileData.do,2025-09-25,2026-09-06,administrative_record_only_not_confirmed_active,증축,2006-02-22,2006-02-27,,단독주택,105,"주소 기반 추정 위치, 공사현장 좌표 아님"
15029300:1050,1050,건축행정기록,교육연구및복지시설,인천광역시 미추홀구 주안동 642-8,37.4556290,126.6664296,geocoded_kakao_jibun,kakao_exact_jibun_address_match,인천 미추홀구 주안동 642-8,1,1,0.0,,kakao_local_api:address_jibun,https://dapi.kakao.com/v2/local/search/address.json,2026-09-06,https://www.data.go.kr/data/15029300/fileData.do,2025-09-25,2026-09-06,administrative_record_only_not_confirmed_active,증축,2006-02-20,2006-02-28,2006-03-15,교육연구및복지시설,267.7,"주소 기반 추정 위치, 공사현장 좌표 아님"
15029300:1051,1051,건축행정기록,제2종근린생활시설,인천광역시 미추홀구 숭의동 342-5,37.4617155,126.6420415,geocoded_kakao_jibun,kakao_exact_jibun_address_match,인천 미추홀구 숭의동 342-5,1,1,0.0,,kakao_local_api:address_jibun,https://dapi.kakao.com/v2/local/search/address.json,2026-09-06,https://www.data.go.kr/data/15029300/fileData.do,2025-09-25,2026-09-06,administrative_record_only_not_confirmed_active,증축,2006-02-17,2006-02-21,2006-05-02,제2종근린생활시설,736.8,"주소 기반 추정 위치, 공사현장 좌표 아님"
15029300:1052,1052,건축행정기록,제1종근린생활시설,인천광역시 미추홀구 주안동 585-24,37.4567489,126.6660260,geocoded_kakao_jibun,kakao_exact_jibun_address_match,인천 미추홀구 주안동 585-24,1,1,0.0,,kakao_local_api:address_jibun,https://dapi.kakao.com/v2/local/search/address.json,2026-09-06,https://www.data.go.kr/data/15029300/fileData.do,2025-09-25,2026-09-06,administrative_record_only_not_confirmed_active,개축,2006-02-13,2006-02-16,2006-04-03,제1종근린생활시설,121.5,"주소 기반 추정 위치, 공사현장 좌표 아님"
15029300:1053,1053,건축행정기록,자동차관련시설,인천광역시 미추홀구 숭의동 160-19,37.4639786,126.6449628,geocoded_kakao_jibun,kakao_exact_jibun_address_match,인천 미추홀구 숭의동 160-19,1,1,0.0,,kakao_local_api:address_jibun,https://dapi.kakao.com/v2/local/search/address.json,2026-09-06,https://www.data.go.kr/data/15029300/fileData.do,2025-09-25,2026-09-06,administrative_record_only_not_confirmed_active,증축,2006-02-10,2006-02-13,2006-02-23,자동차관련시설,616,"주소 기반 추정 위치, 공사현장 좌표 아님"
15029300:1054,1054,건축행정기록,공장,인천광역시 미추홀구 도화동 732-5 외1필지,37.4747609,126.6703204,geocoded_kakao_jibun,kakao_exact_jibun_address_match,인천 미추홀구 도화동 732-5,1,1,0.0,,kakao_local_api:address_jibun,https://dapi.kakao.com/v2/local/search/address.json,2026-09-06,https://www.data.go.kr/data/15029300/fileData.do,2025-09-25,2026-09-06,administrative_record_only_not_confirmed_active,증축,2006-01-25,2006-01-26,2006-02-07,공장,2470.1,"주소 기반 추정 위치, 공사현장 좌표 아님"
15029300:1055,1055,건축행정기록,숙박시설,인천광역시 미추홀구 용현동 624-60,37.4555022,126.6355151,geocoded_kakao_jibun,kakao_exact_jibun_address_match,인천 미추홀구 용현동 624-60,1,1,0.0,,kakao_local_api:address_jibun,https://dapi.kakao.com/v2/local/search/address.json,2026-09-06,https://www.data.go.kr/data/15029300/fileData.do,2025-09-25,2026-09-06,administrative_record_only_not_confirmed_active,증축,2006-01-24,2006-01-25,2006-02-24,숙박시설,259.3,"주소 기반 추정 위치, 공사현장 좌표 아님"
15029300:1056,1056,건축행정기록,단독주택,인천광역시 미추홀구 주안동 1420-36,37.4490869,126.6742770,geocoded_kakao_jibun,kakao_exact_jibun_address_match,인천 미추홀구 주안동 1420-36,1,1,0.0,,kakao_local_api:address_jibun,https://dapi.kakao.com/v2/local/search/address.json,2026-09-06,https://www.data.go.kr/data/15029300/fileData.do,2025-09-25,2026-09-06,administrative_record_only_not_confirmed_active,증축,2006-01-20,2006-01-25,2006-02-03,단독주택,156.6,"주소 기반 추정 위치, 공사현장 좌표 아님"
15029300:1057,1057,건축행정기록,제2종근린생활시설,인천광역시 미추홀구 주안동 1358-8,37.4450252,126.6770219,geocoded_kakao_jibun,kakao_exact_jibun_address_match,인천 미추홀구 주안동 1358-8,1,1,0.0,,kakao_local_api:address_jibun,https://dapi.kakao.com/v2/local/search/address.json,2026-09-06,https://www.data.go.kr/data/15029300/fileData.do,2025-09-25,2026-09-06,administrative_record_only_not_confirmed_active,증축,2006-01-19,2006-01-20,2006-04-12,제2종근린생활시설,120,"주소 기반 추정 위치, 공사현장 좌표 아님"
15029300:1058,1058,건축행정기록,문화및집회시설,인천광역시 미추홀구 숭의동 75-5,37.4658155,126.6532565,geocoded_kakao_jibun,kakao_exact_jibun_address_match,인천 미추홀구 숭의동 75-5,1,1,0.0,,kakao_local_api:address_jibun,https://dapi.kakao.com/v2/local/search/address.json,2026-09-06,https://www.data.go.kr/data/15029300/fileData.do,2025-09-25,2026-09-06,administrative_record_only_not_confirmed_active,증축,2006-01-18,2006-01-26,,문화및집회시설,1540,"주소 기반 추정 위치, 공사현장 좌표 아님"
15029300:1059,1059,건축행정기록,제1종근린생활시설,인천광역시 미추홀구 주안동 1540-18,37.4528761,126.6893382,geocoded_kakao_jibun,kakao_exact_jibun_address_match,인천 미추홀구 주안동 1540-18,1,1,0.0,,kakao_local_api:address_jibun,https://dapi.kakao.com/v2/local/search/address.json,2026-09-06,https://www.data.go.kr/data/15029300/fileData.do,2025-09-25,2026-09-06,administrative_record_only_not_confirmed_active,증축,2006-01-16,2006-01-19,2009-01-23,제1종근린생활시설,393.7,"주소 기반 추정 위치, 공사현장 좌표 아님"
15029300:1060,1060,건축행정기록,제2종근린생활시설,인천광역시 미추홀구 용현동 686-20,37.4602618,126.6386218,geocoded_kakao_jibun,kakao_exact_jibun_address_match,인천 미추홀구 용현동 686-20,1,1,0.0,,kakao_local_api:address_jibun,https://dapi.kakao.com/v2/local/search/address.json,2026-09-06,https://www.data.go.kr/data/15029300/fileData.do,2025-09-25,2026-09-06,administrative_record_only_not_confirmed_active,증축,2006-01-16,2006-01-18,2006-03-21,제2종근린생활시설,811.6,"주소 기반 추정 위치, 공사현장 좌표 아님"
15029300:1061,1061,건축행정기록,교육연구및복지시설,인천광역시 미추홀구 주안동 1538-19,37.4525575,126.6877627,geocoded_kakao_jibun,kakao_exact_jibun_address_match,인천 미추홀구 주안동 1538-19,1,1,0.0,,kakao_local_api:address_jibun,https://dapi.kakao.com/v2/local/search/address.json,2026-09-06,https://www.data.go.kr/data/15029300/fileData.do,2025-09-25,2026-09-06,administrative_record_only_not_confirmed_active,증축,2006-01-09,2006-01-13,2006-03-28,교육연구및복지시설,151.1,"주소 기반 추정 위치, 공사현장 좌표 아님"
15029300:1062,1062,건축행정기록,노유자시설,인천광역시 미추홀구 주안동 660-4 외1필지,37.4580752,126.6646666,geocoded_kakao_jibun,kakao_exact_jibun_address_match,인천 미추홀구 주안동 660-4,1,1,0.0,,kakao_local_api:address_jibun,https://dapi.kakao.com/v2/local/search/address.json,2026-09-06,https://www.data.go.kr/data/15029300/fileData.do,2025-09-25,2026-09-06,administrative_record_only_not_confirmed_active,증축,2005-12-29,2006-01-10,2006-06-16,노유자시설,722,"주소 기반 추정 위치, 공사현장 좌표 아님"
15029300:1063,1063,건축행정기록,단독주택,인천광역시 미추홀구 학익동 299-10,37.4467916,126.6665395,geocoded_kakao_jibun,kakao_exact_jibun_address_match,인천 미추홀구 학익동 299-10,1,1,0.0,,kakao_local_api:address_jibun,https://dapi.kakao.com/v2/local/search/address.json,2026-09-06,https://www.data.go.kr/data/15029300/fileData.do,2025-09-25,2026-09-06,administrative_record_only_not_confirmed_active,증축,2005-12-27,2006-01-26,2007-10-26,단독주택,139,"주소 기반 추정 위치, 공사현장 좌표 아님"
15029300:1064,1064,건축행정기록,단독주택,인천광역시 미추홀구 주안동 283-1,37.4631926,126.6752511,geocoded_kakao_jibun,kakao_exact_jibun_address_match,인천 미추홀구 주안동 283-1,1,1,0.0,,kakao_local_api:address_jibun,https://dapi.kakao.com/v2/local/search/address.json,2026-09-06,https://www.data.go.kr/data/15029300/fileData.do,2025-09-25,2026-09-06,administrative_record_only_not_confirmed_active,증축,2005-12-23,2013-05-16,2013-08-07,단독주택,189.1,"주소 기반 추정 위치, 공사현장 좌표 아님"
15029300:1065,1065,건축행정기록,제1종근린생활시설,인천광역시 미추홀구 숭의동 296-35 외1필지,37.4589315,126.6464333,geocoded_kakao_jibun,kakao_exact_jibun_address_match,인천 미추홀구 숭의동 296-35,1,1,0.0,,kakao_local_api:address_jibun,https://dapi.kakao.com/v2/local/search/address.json,2026-09-06,https://www.data.go.kr/data/15029300/fileData.do,2025-09-25,2026-09-06,administrative_record_only_not_confirmed_active,신축,2005-12-22,2005-12-23,2007-05-10,제1종근린생활시설,342.1,"주소 기반 추정 위치, 공사현장 좌표 아님"
15029300:1066,1066,건축행정기록,단독주택,인천광역시 미추홀구 주안동 1454-18,,,unresolved,no_exact_parcel_match_in_kakao,,0,0,,,kakao_local_api:unresolved,https://dapi.kakao.com/v2/local/search/address.json,2026-09-06,https://www.data.go.kr/data/15029300/fileData.do,2025-09-25,2026-09-06,administrative_record_only_not_confirmed_active,증축,2005-12-20,2005-12-23,2006-01-06,단독주택,199.3,"주소 기반 추정 위치, 공사현장 좌표 아님"
15029300:1067,1067,건축행정기록,단독주택,인천광역시 미추홀구 주안동 844-42,,,unresolved,no_exact_parcel_match_in_kakao,,0,0,,,kakao_local_api:unresolved,https://dapi.kakao.com/v2/local/search/address.json,2026-09-06,https://www.data.go.kr/data/15029300/fileData.do,2025-09-25,2026-09-06,administrative_record_only_not_confirmed_active,증축,2005-12-15,2005-12-23,2006-02-17,단독주택,148,"주소 기반 추정 위치, 공사현장 좌표 아님"
15029300:1068,1068,건축행정기록,제2종근린생활시설,인천광역시 미추홀구 도화동 544-2,37.4627945,126.6687401,geocoded_kakao_jibun,kakao_exact_jibun_address_match,인천 미추홀구 도화동 544-2,1,1,0.0,,kakao_local_api:address_jibun,https://dapi.kakao.com/v2/local/search/address.json,2026-09-06,https://www.data.go.kr/data/15029300/fileData.do,2025-09-25,2026-09-06,administrative_record_only_not_confirmed_active,신축,2005-12-09,2005-12-21,2006-05-30,제2종근린생활시설,65,"주소 기반 추정 위치, 공사현장 좌표 아님"
15029300:1069,1069,건축행정기록,숙박시설,인천광역시 미추홀구 주안동 197-15,37.4592267,126.6771707,geocoded_kakao_jibun,kakao_exact_jibun_address_match,인천 미추홀구 주안동 197-15,1,1,0.0,,kakao_local_api:address_jibun,https://dapi.kakao.com/v2/local/search/address.json,2026-09-06,https://www.data.go.kr/data/15029300/fileData.do,2025-09-25,2026-09-06,administrative_record_only_not_confirmed_active,증축,2005-12-09,2005-12-16,,숙박시설,220.53,"주소 기반 추정 위치, 공사현장 좌표 아님"
15029300:1070,1070,건축행정기록,제2종근린생활시설,인천광역시 미추홀구 숭의동 109-468,37.4694670,126.6446927,geocoded_kakao_jibun,kakao_exact_jibun_address_match,인천 미추홀구 숭의동 109-468,1,1,0.0,,kakao_local_api:address_jibun,https://dapi.kakao.com/v2/local/search/address.json,2026-09-06,https://www.data.go.kr/data/15029300/fileData.do,2025-09-25,2026-09-06,administrative_record_only_not_confirmed_active,신축,2005-12-06,2006-01-24,2006-04-04,제2종근린생활시설,120.67,"주소 기반 추정 위치, 공사현장 좌표 아님"
15029300:1071,1071,건축행정기록,문화및집회시설,인천광역시 미추홀구 용현동 89-1 외2필지,37.4495167,126.6609105,geocoded_kakao_jibun,kakao_exact_jibun_address_match,인천 미추홀구 용현동 89-1,1,1,0.0,,kakao_local_api:address_jibun,https://dapi.kakao.com/v2/local/search/address.json,2026-09-06,https://www.data.go.kr/data/15029300/fileData.do,2025-09-25,2026-09-06,administrative_record_only_not_confirmed_active,증축,2005-12-06,2005-12-12,,문화및집회시설,2122.9,"주소 기반 추정 위치, 공사현장 좌표 아님"
15029300:1072,1072,건축행정기록,자동차관련시설,인천광역시 미추홀구 주안동 1462-4,37.4483248,126.6789231,geocoded_kakao_jibun,kakao_exact_jibun_address_match,인천 미추홀구 주안동 1462-4,1,1,0.0,,kakao_local_api:address_jibun,https://dapi.kakao.com/v2/local/search/address.json,2026-09-06,https://www.data.go.kr/data/15029300/fileData.do,2025-09-25,2026-09-06,administrative_record_only_not_confirmed_active,신축,2005-12-05,2005-12-06,2006-02-09,자동차관련시설,435.8,"주소 기반 추정 위치, 공사현장 좌표 아님"
15029300:1073,1073,건축행정기록,공장,인천광역시 미추홀구 도화동 732-6,37.4749840,126.6704531,geocoded_kakao_jibun,kakao_exact_jibun_address_match,인천 미추홀구 도화동 732-6,1,1,0.0,,kakao_local_api:address_jibun,https://dapi.kakao.com/v2/local/search/address.json,2026-09-06,https://www.data.go.kr/data/15029300/fileData.do,2025-09-25,2026-09-06,administrative_record_only_not_confirmed_active,대수선,2005-12-02,2005-12-05,2005-12-23,공장,1235,"주소 기반 추정 위치, 공사현장 좌표 아님"
15029300:1074,1074,건축행정기록,단독주택,인천광역시 미추홀구 주안동 898-14,37.4608507,126.6943874,geocoded_kakao_jibun,kakao_exact_jibun_address_match,인천 미추홀구 주안동 898-14,1,1,0.0,,kakao_local_api:address_jibun,https://dapi.kakao.com/v2/local/search/address.json,2026-09-06,https://www.data.go.kr/data/15029300/fileData.do,2025-09-25,2026-09-06,administrative_record_only_not_confirmed_active,증축,2005-11-25,2005-11-28,,단독주택,164.1,"주소 기반 추정 위치, 공사현장 좌표 아님"
15029300:1075,1075,건축행정기록,제1종근린생활시설,인천광역시 미추홀구 학익동 437-24,37.4441638,126.6623749,geocoded_kakao_jibun,kakao_exact_jibun_address_match,인천 미추홀구 학익동 437-24,1,1,0.0,,kakao_local_api:address_jibun,https://dapi.kakao.com/v2/local/search/address.json,2026-09-06,https://www.data.go.kr/data/15029300/fileData.do,2025-09-25,2026-09-06,administrative_record_only_not_confirmed_active,증축,2005-11-24,2005-11-25,2005-12-21,제1종근린생활시설,159,"주소 기반 추정 위치, 공사현장 좌표 아님"
15029300:1076,1076,건축행정기록,단독주택,인천광역시 미추홀구 주안동 451-51,37.4541431,126.6808988,geocoded_kakao_jibun,kakao_exact_jibun_address_match,인천 미추홀구 주안동 451-51,1,1,0.0,,kakao_local_api:address_jibun,https://dapi.kakao.com/v2/local/search/address.json,2026-09-06,https://www.data.go.kr/data/15029300/fileData.do,2025-09-25,2026-09-06,administrative_record_only_not_confirmed_active,증축,2005-11-23,2005-11-25,2005-12-27,단독주택,151.9,"주소 기반 추정 위치, 공사현장 좌표 아님"
15029300:1077,1077,건축행정기록,제2종근린생활시설,인천광역시 미추홀구 학익동 312-88 외1필지,37.4452535,126.6644006,geocoded_kakao_jibun,kakao_exact_jibun_address_match,인천 미추홀구 학익동 312-88,1,1,0.0,,kakao_local_api:address_jibun,https://dapi.kakao.com/v2/local/search/address.json,2026-09-06,https://www.data.go.kr/data/15029300/fileData.do,2025-09-25,2026-09-06,administrative_record_only_not_confirmed_active,신축,2005-11-22,2005-11-23,,제2종근린생활시설,72,"주소 기반 추정 위치, 공사현장 좌표 아님"
15029300:1078,1078,건축행정기록,단독주택,인천광역시 미추홀구 도화동 423-8,37.4604690,126.6713971,geocoded_kakao_jibun,kakao_exact_jibun_address_match,인천 미추홀구 도화동 423-8,1,1,0.0,,kakao_local_api:address_jibun,https://dapi.kakao.com/v2/local/search/address.json,2026-09-06,https://www.data.go.kr/data/15029300/fileData.do,2025-09-25,2026-09-06,administrative_record_only_not_confirmed_active,신축,2005-11-22,2006-01-09,2006-07-26,단독주택,93.8,"주소 기반 추정 위치, 공사현장 좌표 아님"
15029300:1079,1079,건축행정기록,제1종근린생활시설,인천광역시 미추홀구 용현동 459-24,37.4566552,126.6509720,geocoded_kakao_jibun,kakao_exact_jibun_address_match,인천 미추홀구 용현동 459-24,1,1,0.0,,kakao_local_api:address_jibun,https://dapi.kakao.com/v2/local/search/address.json,2026-09-06,https://www.data.go.kr/data/15029300/fileData.do,2025-09-25,2026-09-06,administrative_record_only_not_confirmed_active,증축,2005-11-22,2005-11-29,2006-01-04,제1종근린생활시설,475.7,"주소 기반 추정 위치, 공사현장 좌표 아님"
15029300:1080,1080,건축행정기록,제1종근린생활시설,인천광역시 미추홀구 주안동 1331-4,37.4475720,126.6765826,geocoded_kakao_jibun,kakao_exact_jibun_address_match,인천 미추홀구 주안동 1331-4,1,1,0.0,,kakao_local_api:address_jibun,https://dapi.kakao.com/v2/local/search/address.json,2026-09-06,https://www.data.go.kr/data/15029300/fileData.do,2025-09-25,2026-09-06,administrative_record_only_not_confirmed_active,신축,2005-11-18,2005-11-22,2006-03-27,제1종근린생활시설,27,"주소 기반 추정 위치, 공사현장 좌표 아님"
15029300:1081,1081,건축행정기록,단독주택,인천광역시 미추홀구 용현동 568-53,37.4580722,126.6408938,geocoded_kakao_jibun,kakao_exact_jibun_address_match,인천 미추홀구 용현동 568-53,1,1,0.0,,kakao_local_api:address_jibun,https://dapi.kakao.com/v2/local/search/address.json,2026-09-06,https://www.data.go.kr/data/15029300/fileData.do,2025-09-25,2026-09-06,administrative_record_only_not_confirmed_active,증축,2005-11-14,2005-11-17,2006-02-02,단독주택,164.3,"주소 기반 추정 위치, 공사현장 좌표 아님"
15029300:1082,1082,건축행정기록,공장,인천광역시 미추홀구 도화동 765-22,37.4780617,126.6659669,geocoded_kakao_jibun,kakao_exact_jibun_address_match,인천 미추홀구 도화동 765-22,1,1,0.0,,kakao_local_api:address_jibun,https://dapi.kakao.com/v2/local/search/address.json,2026-09-06,https://www.data.go.kr/data/15029300/fileData.do,2025-09-25,2026-09-06,administrative_record_only_not_confirmed_active,증축,2005-11-14,2005-11-22,2005-12-29,공장,816,"주소 기반 추정 위치, 공사현장 좌표 아님"
15029300:1083,1083,건축행정기록,공장,인천광역시 미추홀구 도화동 823-13,37.4795103,126.6628945,geocoded_kakao_jibun,kakao_exact_jibun_address_match,인천 미추홀구 도화동 823-13,1,1,0.0,,kakao_local_api:address_jibun,https://dapi.kakao.com/v2/local/search/address.json,2026-09-06,https://www.data.go.kr/data/15029300/fileData.do,2025-09-25,2026-09-06,administrative_record_only_not_confirmed_active,증축,2005-11-14,2005-11-17,2005-11-25,공장,971.9,"주소 기반 추정 위치, 공사현장 좌표 아님"
15029300:1084,1084,건축행정기록,제2종근린생활시설,인천광역시 미추홀구 관교동 325-4,37.4462279,126.6922487,geocoded_kakao_jibun,kakao_exact_jibun_address_match,인천 미추홀구 관교동 325-4,1,1,0.0,,kakao_local_api:address_jibun,https://dapi.kakao.com/v2/local/search/address.json,2026-09-06,https://www.data.go.kr/data/15029300/fileData.do,2025-09-25,2026-09-06,administrative_record_only_not_confirmed_active,신축,2005-11-11,2005-11-29,2006-01-02,제2종근린생활시설,101,"주소 기반 추정 위치, 공사현장 좌표 아님"
15029300:1085,1085,건축행정기록,제2종근린생활시설,인천광역시 미추홀구 학익동 689-11,37.4399053,126.6644348,geocoded_kakao_jibun,kakao_exact_jibun_address_match,인천 미추홀구 학익동 689-11,1,1,0.0,,kakao_local_api:address_jibun,https://dapi.kakao.com/v2/local/search/address.json,2026-09-06,https://www.data.go.kr/data/15029300/fileData.do,2025-09-25,2026-09-06,administrative_record_only_not_confirmed_active,증축,2005-11-03,2005-11-04,,제2종근린생활시설,949.4,"주소 기반 추정 위치, 공사현장 좌표 아님"
15029300:1086,1086,건축행정기록,제2종근린생활시설,인천광역시 미추홀구 문학동 348-16,37.4387365,126.6859326,geocoded_kakao_jibun,kakao_exact_jibun_address_match,인천 미추홀구 문학동 348-16,1,1,0.0,,kakao_local_api:address_jibun,https://dapi.kakao.com/v2/local/search/address.json,2026-09-06,https://www.data.go.kr/data/15029300/fileData.do,2025-09-25,2026-09-06,administrative_record_only_not_confirmed_active,증축,2005-11-01,2005-11-04,2005-11-23,제2종근린생활시설,410.1,"주소 기반 추정 위치, 공사현장 좌표 아님"
15029300:1087,1087,건축행정기록,문화및집회시설,인천광역시 미추홀구 주안동 143-6 외2필지,37.4625752,126.6808169,geocoded_kakao_jibun,kakao_exact_jibun_address_match,인천 미추홀구 주안동 143-6,1,1,0.0,,kakao_local_api:address_jibun,https://dapi.kakao.com/v2/local/search/address.json,2026-09-06,https://www.data.go.kr/data/15029300/fileData.do,2025-09-25,2026-09-06,administrative_record_only_not_confirmed_active,증축,2005-11-01,2005-11-04,2005-11-24,문화및집회시설,1984.5,"주소 기반 추정 위치, 공사현장 좌표 아님"
15029300:1088,1088,건축행정기록,제2종근린생활시설,인천광역시 미추홀구 학익동 665-7,37.4391699,126.6762418,geocoded_kakao_jibun,kakao_exact_jibun_address_match,인천 미추홀구 학익동 665-7,1,1,0.0,,kakao_local_api:address_jibun,https://dapi.kakao.com/v2/local/search/address.json,2026-09-06,https://www.data.go.kr/data/15029300/fileData.do,2025-09-25,2026-09-06,administrative_record_only_not_confirmed_active,신축,2005-10-31,2005-11-04,2006-06-13,제2종근린생활시설,198.4,"주소 기반 추정 위치, 공사현장 좌표 아님"
15029300:1089,1089,건축행정기록,단독주택,인천광역시 미추홀구 숭의동 242-15,37.4619723,126.6528272,geocoded_kakao_jibun,kakao_exact_jibun_address_match,인천 미추홀구 숭의동 242-15,1,1,0.0,,kakao_local_api:address_jibun,https://dapi.kakao.com/v2/local/search/address.json,2026-09-06,https://www.data.go.kr/data/15029300/fileData.do,2025-09-25,2026-09-06,administrative_record_only_not_confirmed_active,신축,2005-10-28,2005-11-04,2005-12-22,단독주택,98,"주소 기반 추정 위치, 공사현장 좌표 아님"
15029300:1090,1090,건축행정기록,제2종근린생활시설,인천광역시 미추홀구 주안동 264-1 외2필지,37.4640024,126.6758582,geocoded_kakao_jibun,kakao_exact_jibun_address_match,인천 미추홀구 주안동 264-1,1,1,0.0,,kakao_local_api:address_jibun,https://dapi.kakao.com/v2/local/search/address.json,2026-09-06,https://www.data.go.kr/data/15029300/fileData.do,2025-09-25,2026-09-06,administrative_record_only_not_confirmed_active,대수선,2005-10-26,2005-11-01,2006-04-07,제2종근린생활시설,754.3,"주소 기반 추정 위치, 공사현장 좌표 아님"
15029300:1091,1091,건축행정기록,제2종근린생활시설,인천광역시 미추홀구 용현동 122-6,37.4549591,126.6613065,geocoded_kakao_jibun,kakao_exact_jibun_address_match,인천 미추홀구 용현동 122-6,1,1,0.0,,kakao_local_api:address_jibun,https://dapi.kakao.com/v2/local/search/address.json,2026-09-06,https://www.data.go.kr/data/15029300/fileData.do,2025-09-25,2026-09-06,administrative_record_only_not_confirmed_active,증축,2005-10-24,2005-11-01,2017-10-23,제2종근린생활시설,140.65,"주소 기반 추정 위치, 공사현장 좌표 아님"
15029300:1092,1092,건축행정기록,공장,인천광역시 미추홀구 도화동 823-13,37.4795103,126.6628945,geocoded_kakao_jibun,kakao_exact_jibun_address_match,인천 미추홀구 도화동 823-13,1,1,0.0,,kakao_local_api:address_jibun,https://dapi.kakao.com/v2/local/search/address.json,2026-09-06,https://www.data.go.kr/data/15029300/fileData.do,2025-09-25,2026-09-06,administrative_record_only_not_confirmed_active,증축,2005-10-14,2005-10-17,2005-11-03,공장,971.9,"주소 기반 추정 위치, 공사현장 좌표 아님"
15029300:1093,1093,건축행정기록,업무시설,인천광역시 미추홀구 숭의동 183-9,37.4627645,126.6479130,geocoded_kakao_jibun,kakao_exact_jibun_address_match,인천 미추홀구 숭의동 183-9,1,1,0.0,,kakao_local_api:address_jibun,https://dapi.kakao.com/v2/local/search/address.json,2026-09-06,https://www.data.go.kr/data/15029300/fileData.do,2025-09-25,2026-09-06,administrative_record_only_not_confirmed_active,증축,2005-10-07,2005-10-12,2005-11-03,업무시설,224.7,"주소 기반 추정 위치, 공사현장 좌표 아님"
15029300:1094,1094,건축행정기록,제2종근린생활시설,인천광역시 미추홀구 도화동 107-9,37.4688553,126.6698584,geocoded_kakao_jibun,kakao_exact_jibun_address_match,인천 미추홀구 도화동 107-9,1,1,0.0,,kakao_local_api:address_jibun,https://dapi.kakao.com/v2/local/search/address.json,2026-09-06,https://www.data.go.kr/data/15029300/fileData.do,2025-09-25,2026-09-06,administrative_record_only_not_confirmed_active,증축,2005-09-29,2005-09-29,2005-10-04,제2종근린생활시설,115.7,"주소 기반 추정 위치, 공사현장 좌표 아님"
15029300:1095,1095,건축행정기록,공동주택,인천광역시 미추홀구 주안동 1582-5,37.4570375,126.6936993,geocoded_kakao_jibun,kakao_exact_jibun_address_match,인천 미추홀구 주안동 1582-5,1,1,0.0,,kakao_local_api:address_jibun,https://dapi.kakao.com/v2/local/search/address.json,2026-09-06,https://www.data.go.kr/data/15029300/fileData.do,2025-09-25,2026-09-06,administrative_record_only_not_confirmed_active,증축,2005-09-23,2005-09-28,2005-11-08,공동주택,490.1,"주소 기반 추정 위치, 공사현장 좌표 아님"
15029300:1096,1096,건축행정기록,제2종근린생활시설,인천광역시 미추홀구 주안동 660-124,37.4592926,126.6658344,geocoded_kakao_jibun,kakao_exact_jibun_address_match,인천 미추홀구 주안동 660-124,1,1,0.0,,kakao_local_api:address_jibun,https://dapi.kakao.com/v2/local/search/address.json,2026-09-06,https://www.data.go.kr/data/15029300/fileData.do,2025-09-25,2026-09-06,administrative_record_only_not_confirmed_active,증축,2005-09-22,2005-09-23,2005-11-16,제2종근린생활시설,168,"주소 기반 추정 위치, 공사현장 좌표 아님"
15029300:1097,1097,건축행정기록,문화및집회시설,인천광역시 미추홀구 주안동 465-1,37.4567746,126.6803701,geocoded_kakao_jibun,kakao_exact_jibun_address_match,인천 미추홀구 주안동 465-1,1,1,0.0,,kakao_local_api:address_jibun,https://dapi.kakao.com/v2/local/search/address.json,2026-09-06,https://www.data.go.kr/data/15029300/fileData.do,2025-09-25,2026-09-06,administrative_record_only_not_confirmed_active,증축,2005-09-22,2005-09-23,,문화및집회시설,1486,"주소 기반 추정 위치, 공사현장 좌표 아님"
15029300:1098,1098,건축행정기록,제1종근린생활시설,인천광역시 미추홀구 주안동 383-1,37.4538673,126.6861478,geocoded_kakao_jibun,kakao_exact_jibun_address_match,인천 미추홀구 주안동 383-1,1,1,0.0,,kakao_local_api:address_jibun,https://dapi.kakao.com/v2/local/search/address.json,2026-09-06,https://www.data.go.kr/data/15029300/fileData.do,2025-09-25,2026-09-06,administrative_record_only_not_confirmed_active,대수선,2005-09-15,2005-09-23,2005-11-01,제1종근린생활시설,167.3,"주소 기반 추정 위치, 공사현장 좌표 아님"
15029300:1099,1099,건축행정기록,제1종근린생활시설,인천광역시 미추홀구 학익동 269-5,37.4426410,126.6663694,geocoded_kakao_jibun,kakao_exact_jibun_address_match,인천 미추홀구 학익동 269-5,1,1,0.0,,kakao_local_api:address_jibun,https://dapi.kakao.com/v2/local/search/address.json,2026-09-06,https://www.data.go.kr/data/15029300/fileData.do,2025-09-25,2026-09-06,administrative_record_only_not_confirmed_active,개축,2005-09-14,2005-09-23,2005-11-09,제1종근린생활시설,49,"주소 기반 추정 위치, 공사현장 좌표 아님"
15029300:1100,1100,건축행정기록,단독주택,인천광역시 미추홀구 용현동 627-185,37.4506686,126.6359884,geocoded_kakao_jibun,kakao_exact_jibun_address_match,인천 미추홀구 용현동 627-185,1,1,0.0,,kakao_local_api:address_jibun,https://dapi.kakao.com/v2/local/search/address.json,2026-09-06,https://www.data.go.kr/data/15029300/fileData.do,2025-09-25,2026-09-06,administrative_record_only_not_confirmed_active,증축,2005-09-14,2005-10-21,2006-03-21,단독주택,140,"주소 기반 추정 위치, 공사현장 좌표 아님"
15029300:1101,1101,건축행정기록,교육연구및복지시설,인천광역시 미추홀구 주안동 1422-5,37.4512145,126.6743716,geocoded_kakao_jibun,kakao_exact_jibun_address_match,인천 미추홀구 주안동 1422-5,1,1,0.0,,kakao_local_api:address_jibun,https://dapi.kakao.com/v2/local/search/address.json,2026-09-06,https://www.data.go.kr/data/15029300/fileData.do,2025-09-25,2026-09-06,administrative_record_only_not_confirmed_active,증축,2005-09-14,2005-09-26,2005-10-13,교육연구및복지시설,208.3,"주소 기반 추정 위치, 공사현장 좌표 아님"
15029300:1102,1102,건축행정기록,교육연구및복지시설,인천광역시 미추홀구 용현동 571-40,37.4570334,126.6404168,geocoded_kakao_jibun,kakao_exact_jibun_address_match,인천 미추홀구 용현동 571-40,1,1,0.0,,kakao_local_api:address_jibun,https://dapi.kakao.com/v2/local/search/address.json,2026-09-06,https://www.data.go.kr/data/15029300/fileData.do,2025-09-25,2026-09-06,administrative_record_only_not_confirmed_active,증축,2005-09-13,2005-09-15,2005-10-31,교육연구및복지시설,155.92,"주소 기반 추정 위치, 공사현장 좌표 아님"
15029300:1103,1103,건축행정기록,제1종근린생활시설,인천광역시 미추홀구 도화동 94-7,37.4680387,126.6620250,geocoded_kakao_jibun,kakao_exact_jibun_address_match,인천 미추홀구 도화동 94-7,1,1,0.0,,kakao_local_api:address_jibun,https://dapi.kakao.com/v2/local/search/address.json,2026-09-06,https://www.data.go.kr/data/15029300/fileData.do,2025-09-25,2026-09-06,administrative_record_only_not_confirmed_active,증축,2005-09-12,2005-09-21,2006-02-03,제1종근린생활시설,349.5,"주소 기반 추정 위치, 공사현장 좌표 아님"
15029300:1104,1104,건축행정기록,숙박시설,인천광역시 미추홀구 용현동 624-60,37.4555022,126.6355151,geocoded_kakao_jibun,kakao_exact_jibun_address_match,인천 미추홀구 용현동 624-60,1,1,0.0,,kakao_local_api:address_jibun,https://dapi.kakao.com/v2/local/search/address.json,2026-09-06,https://www.data.go.kr/data/15029300/fileData.do,2025-09-25,2026-09-06,administrative_record_only_not_confirmed_active,증축,2005-09-03,2005-09-05,2005-12-05,숙박시설,259.3,"주소 기반 추정 위치, 공사현장 좌표 아님"
15029300:1105,1105,건축행정기록,단독주택,인천광역시 미추홀구 주안동 751-1,37.4493413,126.6686488,geocoded_kakao_jibun,kakao_exact_jibun_address_match,인천 미추홀구 주안동 751-1,1,1,0.0,,kakao_local_api:address_jibun,https://dapi.kakao.com/v2/local/search/address.json,2026-09-06,https://www.data.go.kr/data/15029300/fileData.do,2025-09-25,2026-09-06,administrative_record_only_not_confirmed_active,증축,2005-09-02,2005-10-13,2006-04-18,단독주택,156.6,"주소 기반 추정 위치, 공사현장 좌표 아님"
15029300:1106,1106,건축행정기록,제2종근린생활시설,인천광역시 미추홀구 용현동 195-19,37.4525169,126.6566793,geocoded_kakao_jibun,kakao_exact_jibun_address_match,인천 미추홀구 용현동 195-19,1,1,0.0,,kakao_local_api:address_jibun,https://dapi.kakao.com/v2/local/search/address.json,2026-09-06,https://www.data.go.kr/data/15029300/fileData.do,2025-09-25,2026-09-06,administrative_record_only_not_confirmed_active,증축,2005-09-01,2005-09-02,2005-09-16,제2종근린생활시설,206.5,"주소 기반 추정 위치, 공사현장 좌표 아님"
15029300:1107,1107,건축행정기록,문화및집회시설,인천광역시 미추홀구 주안동 16-30,37.4696890,126.6809589,geocoded_kakao_jibun,kakao_exact_jibun_address_match,인천 미추홀구 주안동 16-30,1,1,0.0,,kakao_local_api:address_jibun,https://dapi.kakao.com/v2/local/search/address.json,2026-09-06,https://www.data.go.kr/data/15029300/fileData.do,2025-09-25,2026-09-06,administrative_record_only_not_confirmed_active,증축,2005-08-31,2005-09-07,2005-11-23,문화및집회시설,188.5,"주소 기반 추정 위치, 공사현장 좌표 아님"
15029300:1108,1108,건축행정기록,단독주택,인천광역시 미추홀구 주안동 25-29,37.4667035,126.6787844,geocoded_kakao_jibun,kakao_exact_jibun_address_match,인천 미추홀구 주안동 25-29,1,1,0.0,,kakao_local_api:address_jibun,https://dapi.kakao.com/v2/local/search/address.json,2026-09-06,https://www.data.go.kr/data/15029300/fileData.do,2025-09-25,2026-09-06,administrative_record_only_not_confirmed_active,증축,2005-08-30,2005-08-31,2005-09-07,단독주택,1272.1,"주소 기반 추정 위치, 공사현장 좌표 아님"
15029300:1109,1109,건축행정기록,제2종근린생활시설,인천광역시 미추홀구 주안동 1469-19,37.4516085,126.6804349,geocoded_kakao_jibun,kakao_exact_jibun_address_match,인천 미추홀구 주안동 1469-19,1,1,0.0,,kakao_local_api:address_jibun,https://dapi.kakao.com/v2/local/search/address.json,2026-09-06,https://www.data.go.kr/data/15029300/fileData.do,2025-09-25,2026-09-06,administrative_record_only_not_confirmed_active,증축,2005-08-30,2005-09-02,2005-11-28,제2종근린생활시설,593,"주소 기반 추정 위치, 공사현장 좌표 아님"
15029300:1110,1110,건축행정기록,제2종근린생활시설,인천광역시 미추홀구 문학동 169-4,37.4369058,126.6766959,geocoded_kakao_jibun,kakao_exact_jibun_address_match,인천 미추홀구 문학동 169-4,1,1,0.0,,kakao_local_api:address_jibun,https://dapi.kakao.com/v2/local/search/address.json,2026-09-06,https://www.data.go.kr/data/15029300/fileData.do,2025-09-25,2026-09-06,administrative_record_only_not_confirmed_active,신축,2005-08-26,2005-09-12,2005-10-18,제2종근린생활시설,164,"주소 기반 추정 위치, 공사현장 좌표 아님"
15029300:1111,1111,건축행정기록,공장,인천광역시 미추홀구 주안동 1385-14,37.4734291,126.6767310,geocoded_kakao_jibun,kakao_exact_jibun_address_match,인천 미추홀구 주안동 1385-14,1,1,0.0,,kakao_local_api:address_jibun,https://dapi.kakao.com/v2/local/search/address.json,2026-09-06,https://www.data.go.kr/data/15029300/fileData.do,2025-09-25,2026-09-06,administrative_record_only_not_confirmed_active,증축,2005-08-26,2005-09-14,2005-10-19,공장,7903.5,"주소 기반 추정 위치, 공사현장 좌표 아님"
15029300:1112,1112,건축행정기록,단독주택,인천광역시 미추홀구 용현동 622-58,37.4533770,126.6368464,geocoded_kakao_jibun,kakao_exact_jibun_address_match,인천 미추홀구 용현동 622-58,1,1,0.0,,kakao_local_api:address_jibun,https://dapi.kakao.com/v2/local/search/address.json,2026-09-06,https://www.data.go.kr/data/15029300/fileData.do,2025-09-25,2026-09-06,administrative_record_only_not_confirmed_active,증축,2005-08-26,2005-09-05,2005-10-14,단독주택,179.5,"주소 기반 추정 위치, 공사현장 좌표 아님"
15029300:1113,1113,건축행정기록,제2종근린생활시설,인천광역시 미추홀구 숭의동 281-5 외1필지,37.4602236,126.6496887,geocoded_kakao_jibun,kakao_exact_jibun_address_match,인천 미추홀구 숭의동 281-5,1,1,0.0,,kakao_local_api:address_jibun,https://dapi.kakao.com/v2/local/search/address.json,2026-09-06,https://www.data.go.kr/data/15029300/fileData.do,2025-09-25,2026-09-06,administrative_record_only_not_confirmed_active,증축,2005-08-25,2005-08-29,2005-09-15,제2종근린생활시설,142.8,"주소 기반 추정 위치, 공사현장 좌표 아님"
15029300:1114,1114,건축행정기록,단독주택,인천광역시 미추홀구 도화동 98-8,37.4668075,126.6646414,geocoded_kakao_jibun,kakao_exact_jibun_address_match,인천 미추홀구 도화동 98-8,1,1,0.0,,kakao_local_api:address_jibun,https://dapi.kakao.com/v2/local/search/address.json,2026-09-06,https://www.data.go.kr/data/15029300/fileData.do,2025-09-25,2026-09-06,administrative_record_only_not_confirmed_active,증축,2005-08-24,2005-08-30,2005-10-25,단독주택,178.5,"주소 기반 추정 위치, 공사현장 좌표 아님"
15029300:1115,1115,건축행정기록,제1종근린생활시설,인천광역시 미추홀구 도화동 545-19,37.4627996,126.6694351,geocoded_kakao_jibun,kakao_exact_jibun_address_match,인천 미추홀구 도화동 545-19,1,1,0.0,,kakao_local_api:address_jibun,https://dapi.kakao.com/v2/local/search/address.json,2026-09-06,https://www.data.go.kr/data/15029300/fileData.do,2025-09-25,2026-09-06,administrative_record_only_not_confirmed_active,증축,2005-08-22,2005-08-22,2005-09-06,제1종근린생활시설,148.2,"주소 기반 추정 위치, 공사현장 좌표 아님"
15029300:1116,1116,건축행정기록,문화및집회시설,인천광역시 미추홀구 용현동 89-1 외2필지,37.4495167,126.6609105,geocoded_kakao_jibun,kakao_exact_jibun_address_match,인천 미추홀구 용현동 89-1,1,1,0.0,,kakao_local_api:address_jibun,https://dapi.kakao.com/v2/local/search/address.json,2026-09-06,https://www.data.go.kr/data/15029300/fileData.do,2025-09-25,2026-09-06,administrative_record_only_not_confirmed_active,증축,2005-08-11,2005-08-17,2005-11-03,문화및집회시설,2122.9,"주소 기반 추정 위치, 공사현장 좌표 아님"
15029300:1117,1117,건축행정기록,단독주택,인천광역시 미추홀구 용현동 171-3,37.4533040,126.6587456,geocoded_kakao_jibun,kakao_exact_jibun_address_match,인천 미추홀구 용현동 171-3,1,1,0.0,,kakao_local_api:address_jibun,https://dapi.kakao.com/v2/local/search/address.json,2026-09-06,https://www.data.go.kr/data/15029300/fileData.do,2025-09-25,2026-09-06,administrative_record_only_not_confirmed_active,증축,2005-08-04,2005-08-09,2005-09-27,단독주택,109.1,"주소 기반 추정 위치, 공사현장 좌표 아님"
15029300:1118,1118,건축행정기록,단독주택,인천광역시 미추홀구 주안동 1338-1,37.4466243,126.6761186,geocoded_kakao_jibun,kakao_exact_jibun_address_match,인천 미추홀구 주안동 1338-1,1,1,0.0,,kakao_local_api:address_jibun,https://dapi.kakao.com/v2/local/search/address.json,2026-09-06,https://www.data.go.kr/data/15029300/fileData.do,2025-09-25,2026-09-06,administrative_record_only_not_confirmed_active,재축,2005-08-03,2005-08-03,,단독주택,172,"주소 기반 추정 위치, 공사현장 좌표 아님"
15029300:1119,1119,건축행정기록,제2종근린생활시설,인천광역시 미추홀구 용현동 56-2,37.4561064,126.6622298,geocoded_kakao_jibun,kakao_exact_jibun_address_match,인천 미추홀구 용현동 56-2,1,1,0.0,,kakao_local_api:address_jibun,https://dapi.kakao.com/v2/local/search/address.json,2026-09-06,https://www.data.go.kr/data/15029300/fileData.do,2025-09-25,2026-09-06,administrative_record_only_not_confirmed_active,증축,2005-08-03,2005-08-11,2005-11-09,제2종근린생활시설,271,"주소 기반 추정 위치, 공사현장 좌표 아님"
15029300:1120,1120,건축행정기록,단독주택,인천광역시 미추홀구 주안동 759-17,37.4510174,126.6691316,geocoded_kakao_jibun,kakao_exact_jibun_address_match,인천 미추홀구 주안동 759-17,1,1,0.0,,kakao_local_api:address_jibun,https://dapi.kakao.com/v2/local/search/address.json,2026-09-06,https://www.data.go.kr/data/15029300/fileData.do,2025-09-25,2026-09-06,administrative_record_only_not_confirmed_active,증축,2005-08-02,2005-08-03,2005-08-16,단독주택,178.2,"주소 기반 추정 위치, 공사현장 좌표 아님"
15029300:1121,1121,건축행정기록,단독주택,인천광역시 미추홀구 용현동 177-34,37.4525445,126.6607674,geocoded_kakao_jibun,kakao_exact_jibun_address_match,인천 미추홀구 용현동 177-34,1,1,0.0,,kakao_local_api:address_jibun,https://dapi.kakao.com/v2/local/search/address.json,2026-09-06,https://www.data.go.kr/data/15029300/fileData.do,2025-09-25,2026-09-06,administrative_record_only_not_confirmed_active,증축,2005-08-01,2005-08-02,,단독주택,184.2,"주소 기반 추정 위치, 공사현장 좌표 아님"
15029300:1122,1122,건축행정기록,단독주택,인천광역시 미추홀구 용현동 627-162,37.4512356,126.6356533,geocoded_kakao_jibun,kakao_exact_jibun_address_match,인천 미추홀구 용현동 627-162,1,1,0.0,,kakao_local_api:address_jibun,https://dapi.kakao.com/v2/local/search/address.json,2026-09-06,https://www.data.go.kr/data/15029300/fileData.do,2025-09-25,2026-09-06,administrative_record_only_not_confirmed_active,증축,2005-08-01,2005-08-03,2005-08-24,단독주택,149,"주소 기반 추정 위치, 공사현장 좌표 아님"
15029300:1123,1123,건축행정기록,단독주택,인천광역시 미추홀구 주안동 18-122,37.4678435,126.6837358,geocoded_kakao_jibun,kakao_exact_jibun_address_match,인천 미추홀구 주안동 18-122,1,1,0.0,,kakao_local_api:address_jibun,https://dapi.kakao.com/v2/local/search/address.json,2026-09-06,https://www.data.go.kr/data/15029300/fileData.do,2025-09-25,2026-09-06,administrative_record_only_not_confirmed_active,증축,2005-07-28,2005-08-02,2005-08-30,단독주택,224.9,"주소 기반 추정 위치, 공사현장 좌표 아님"
15029300:1124,1124,건축행정기록,단독주택,인천광역시 미추홀구 주안동 517-1,,,unresolved,no_exact_parcel_match_in_kakao,,0,0,,,kakao_local_api:unresolved,https://dapi.kakao.com/v2/local/search/address.json,2026-09-06,https://www.data.go.kr/data/15029300/fileData.do,2025-09-25,2026-09-06,administrative_record_only_not_confirmed_active,증축,2005-07-26,2005-07-27,,단독주택,169,"주소 기반 추정 위치, 공사현장 좌표 아님"
15029300:1125,1125,건축행정기록,제1종근린생활시설,인천광역시 미추홀구 용현동 459-64,37.4570165,126.6500885,geocoded_kakao_jibun,kakao_exact_jibun_address_match,인천 미추홀구 용현동 459-64,1,1,0.0,,kakao_local_api:address_jibun,https://dapi.kakao.com/v2/local/search/address.json,2026-09-06,https://www.data.go.kr/data/15029300/fileData.do,2025-09-25,2026-09-06,administrative_record_only_not_confirmed_active,대수선,2005-07-18,2005-07-18,2005-10-28,제1종근린생활시설,301.5,"주소 기반 추정 위치, 공사현장 좌표 아님"
15029300:1126,1126,건축행정기록,제2종근린생활시설,인천광역시 미추홀구 용현동 491-48,37.4566895,126.6533401,geocoded_kakao_jibun,kakao_exact_jibun_address_match,인천 미추홀구 용현동 491-48,1,1,0.0,,kakao_local_api:address_jibun,https://dapi.kakao.com/v2/local/search/address.json,2026-09-06,https://www.data.go.kr/data/15029300/fileData.do,2025-09-25,2026-09-06,administrative_record_only_not_confirmed_active,증축,2005-07-14,2005-07-19,2009-08-21,제2종근린생활시설,537.2,"주소 기반 추정 위치, 공사현장 좌표 아님"
15029300:1127,1127,건축행정기록,업무시설,인천광역시 미추홀구 도화동 392-6,37.4612204,126.6744444,geocoded_kakao_jibun,kakao_exact_jibun_address_match,인천 미추홀구 도화동 392-6,1,1,0.0,,kakao_local_api:address_jibun,https://dapi.kakao.com/v2/local/search/address.json,2026-09-06,https://www.data.go.kr/data/15029300/fileData.do,2025-09-25,2026-09-06,administrative_record_only_not_confirmed_active,증축,2005-07-12,2005-07-14,,업무시설,526.9,"주소 기반 추정 위치, 공사현장 좌표 아님"
15029300:1128,1128,건축행정기록,단독주택,인천광역시 미추홀구 용현동 41-11,37.4483487,126.6655491,geocoded_kakao_jibun,kakao_exact_jibun_address_match,인천 미추홀구 용현동 41-11,1,1,0.0,,kakao_local_api:address_jibun,https://dapi.kakao.com/v2/local/search/address.json,2026-09-06,https://www.data.go.kr/data/15029300/fileData.do,2025-09-25,2026-09-06,administrative_record_only_not_confirmed_active,신축,2005-07-08,2005-08-02,2005-08-29,단독주택,117.4,"주소 기반 추정 위치, 공사현장 좌표 아님"
15029300:1129,1129,건축행정기록,교육연구및복지시설,인천광역시 미추홀구 도화동 5-18,37.4768543,126.6571702,geocoded_kakao_jibun,kakao_exact_jibun_address_match,인천 미추홀구 도화동 5-18,1,1,0.0,,kakao_local_api:address_jibun,https://dapi.kakao.com/v2/local/search/address.json,2026-09-06,https://www.data.go.kr/data/15029300/fileData.do,2025-09-25,2026-09-06,administrative_record_only_not_confirmed_active,증축,2005-07-08,2005-07-11,2005-09-13,교육연구및복지시설,140.5,"주소 기반 추정 위치, 공사현장 좌표 아님"
15029300:1130,1130,건축행정기록,제1종근린생활시설,인천광역시 미추홀구 학익동 659-7,37.4401415,126.6688430,geocoded_kakao_jibun,kakao_exact_jibun_address_match,인천 미추홀구 학익동 659-7,1,1,0.0,,kakao_local_api:address_jibun,https://dapi.kakao.com/v2/local/search/address.json,2026-09-06,https://www.data.go.kr/data/15029300/fileData.do,2025-09-25,2026-09-06,administrative_record_only_not_confirmed_active,증축,2005-07-08,2005-07-08,2006-06-12,제1종근린생활시설,497.8,"주소 기반 추정 위치, 공사현장 좌표 아님"
15029300:1131,1131,건축행정기록,제2종근린생활시설,인천광역시 미추홀구 숭의동 186-25 외1필지,,,unresolved,no_exact_parcel_match_in_kakao,,0,0,,,kakao_local_api:unresolved,https://dapi.kakao.com/v2/local/search/address.json,2026-09-06,https://www.data.go.kr/data/15029300/fileData.do,2025-09-25,2026-09-06,administrative_record_only_not_confirmed_active,증축,2005-07-07,2007-02-12,2007-04-24,제2종근린생활시설,352.1,"주소 기반 추정 위치, 공사현장 좌표 아님"
15029300:1132,1132,건축행정기록,제1종근린생활시설,인천광역시 미추홀구 주안동 1468-1,37.4509670,126.6801348,geocoded_kakao_jibun,kakao_exact_jibun_address_match,인천 미추홀구 주안동 1468-1,1,1,0.0,,kakao_local_api:address_jibun,https://dapi.kakao.com/v2/local/search/address.json,2026-09-06,https://www.data.go.kr/data/15029300/fileData.do,2025-09-25,2026-09-06,administrative_record_only_not_confirmed_active,증축,2005-07-06,2005-07-19,2005-08-30,제1종근린생활시설,132.4,"주소 기반 추정 위치, 공사현장 좌표 아님"
15029300:1133,1133,건축행정기록,단독주택,인천광역시 미추홀구 주안동 497-13,37.4558104,126.6788895,geocoded_kakao_jibun,kakao_exact_jibun_address_match,인천 미추홀구 주안동 497-13,1,1,0.0,,kakao_local_api:address_jibun,https://dapi.kakao.com/v2/local/search/address.json,2026-09-06,https://www.data.go.kr/data/15029300/fileData.do,2025-09-25,2026-09-06,administrative_record_only_not_confirmed_active,증축,2005-07-06,2005-07-11,2005-10-05,단독주택,155.6,"주소 기반 추정 위치, 공사현장 좌표 아님"
15029300:1134,1134,건축행정기록,단독주택,인천광역시 미추홀구 용현동 1-46,37.4562586,126.6631157,geocoded_kakao_jibun,kakao_exact_jibun_address_match,인천 미추홀구 용현동 1-46,1,1,0.0,,kakao_local_api:address_jibun,https://dapi.kakao.com/v2/local/search/address.json,2026-09-06,https://www.data.go.kr/data/15029300/fileData.do,2025-09-25,2026-09-06,administrative_record_only_not_confirmed_active,증축,2005-07-01,2005-07-08,2005-08-29,단독주택,87.78,"주소 기반 추정 위치, 공사현장 좌표 아님"
15029300:1135,1135,건축행정기록,단독주택,인천광역시 미추홀구 주안동 804-11,37.4509660,126.6685705,geocoded_kakao_jibun,kakao_exact_jibun_address_match,인천 미추홀구 주안동 804-11,1,1,0.0,,kakao_local_api:address_jibun,https://dapi.kakao.com/v2/local/search/address.json,2026-09-06,https://www.data.go.kr/data/15029300/fileData.do,2025-09-25,2026-09-06,administrative_record_only_not_confirmed_active,증축,2005-07-01,2005-07-06,2005-07-26,단독주택,119.3,"주소 기반 추정 위치, 공사현장 좌표 아님"
15029300:1136,1136,건축행정기록,제1종근린생활시설,인천광역시 미추홀구 주안동 1427-29,37.4514122,126.6756667,geocoded_kakao_jibun,kakao_exact_jibun_address_match,인천 미추홀구 주안동 1427-29,1,1,0.0,,kakao_local_api:address_jibun,https://dapi.kakao.com/v2/local/search/address.json,2026-09-06,https://www.data.go.kr/data/15029300/fileData.do,2025-09-25,2026-09-06,administrative_record_only_not_confirmed_active,증축,2005-07-01,2005-09-27,,제1종근린생활시설,162.6,"주소 기반 추정 위치, 공사현장 좌표 아님"
15029300:1137,1137,건축행정기록,제1종근린생활시설,인천광역시 미추홀구 주안동 231-1,37.4638696,126.6794943,geocoded_kakao_jibun,kakao_exact_jibun_address_match,인천 미추홀구 주안동 231-1,1,1,0.0,,kakao_local_api:address_jibun,https://dapi.kakao.com/v2/local/search/address.json,2026-09-06,https://www.data.go.kr/data/15029300/fileData.do,2025-09-25,2026-09-06,administrative_record_only_not_confirmed_active,대수선,2005-06-30,2005-08-04,2005-10-06,제1종근린생활시설,115.7,"주소 기반 추정 위치, 공사현장 좌표 아님"
15029300:1138,1138,건축행정기록,제2종근린생활시설,인천광역시 미추홀구 주안동 867-15,37.4448899,126.6747700,geocoded_kakao_jibun,kakao_exact_jibun_address_match,인천 미추홀구 주안동 867-15,1,1,0.0,,kakao_local_api:address_jibun,https://dapi.kakao.com/v2/local/search/address.json,2026-09-06,https://www.data.go.kr/data/15029300/fileData.do,2025-09-25,2026-09-06,administrative_record_only_not_confirmed_active,신축,2005-06-29,2006-08-02,2006-11-17,제2종근린생활시설,40,"주소 기반 추정 위치, 공사현장 좌표 아님"
15029300:1139,1139,건축행정기록,제2종근린생활시설,인천광역시 미추홀구 용현동 453-144,37.4573659,126.6521406,geocoded_kakao_jibun,kakao_exact_jibun_address_match,인천 미추홀구 용현동 453-144,1,1,0.0,,kakao_local_api:address_jibun,https://dapi.kakao.com/v2/local/search/address.json,2026-09-06,https://www.data.go.kr/data/15029300/fileData.do,2025-09-25,2026-09-06,administrative_record_only_not_confirmed_active,증축,2005-06-29,2005-07-15,2005-10-07,제2종근린생활시설,205.8,"주소 기반 추정 위치, 공사현장 좌표 아님"
15029300:1140,1140,건축행정기록,단독주택,인천광역시 미추홀구 도화동 423-16,37.4602199,126.6714792,geocoded_kakao_jibun,kakao_exact_jibun_address_match,인천 미추홀구 도화동 423-16,1,1,0.0,,kakao_local_api:address_jibun,https://dapi.kakao.com/v2/local/search/address.json,2026-09-06,https://www.data.go.kr/data/15029300/fileData.do,2025-09-25,2026-09-06,administrative_record_only_not_confirmed_active,증축,2005-06-28,2005-06-30,2005-08-05,단독주택,101.3,"주소 기반 추정 위치, 공사현장 좌표 아님"
15029300:1141,1141,건축행정기록,공장,인천광역시 미추홀구 도화동 68-17,37.4699219,126.6728757,geocoded_kakao_jibun,kakao_exact_jibun_address_match,인천 미추홀구 도화동 68-17,1,1,0.0,,kakao_local_api:address_jibun,https://dapi.kakao.com/v2/local/search/address.json,2026-09-06,https://www.data.go.kr/data/15029300/fileData.do,2025-09-25,2026-09-06,administrative_record_only_not_confirmed_active,증축,2005-06-27,2005-07-06,2005-07-14,공장,2463.6,"주소 기반 추정 위치, 공사현장 좌표 아님"
15029300:1142,1142,건축행정기록,제2종근린생활시설,인천광역시 미추홀구 도화동 744-15,37.4766676,126.6691296,geocoded_kakao_jibun,kakao_exact_jibun_address_match,인천 미추홀구 도화동 744-15,1,1,0.0,,kakao_local_api:address_jibun,https://dapi.kakao.com/v2/local/search/address.json,2026-09-06,https://www.data.go.kr/data/15029300/fileData.do,2025-09-25,2026-09-06,administrative_record_only_not_confirmed_active,증축,2005-06-22,2005-06-23,2005-09-29,제2종근린생활시설,599.8,"주소 기반 추정 위치, 공사현장 좌표 아님"
15029300:1143,1143,건축행정기록,제2종근린생활시설,인천광역시 미추홀구 주안동 264-7,37.4640320,126.6762402,geocoded_kakao_jibun,kakao_exact_jibun_address_match,인천 미추홀구 주안동 264-7,1,1,0.0,,kakao_local_api:address_jibun,https://dapi.kakao.com/v2/local/search/address.json,2026-09-06,https://www.data.go.kr/data/15029300/fileData.do,2025-09-25,2026-09-06,administrative_record_only_not_confirmed_active,증축,2005-06-21,2005-06-27,2005-11-10,제2종근린생활시설,78,"주소 기반 추정 위치, 공사현장 좌표 아님"
15029300:1144,1144,건축행정기록,제2종근린생활시설,인천광역시 미추홀구 주안동 214-10,37.4616927,126.6784315,geocoded_kakao_jibun,kakao_exact_jibun_address_match,인천 미추홀구 주안동 214-10,1,1,0.0,,kakao_local_api:address_jibun,https://dapi.kakao.com/v2/local/search/address.json,2026-09-06,https://www.data.go.kr/data/15029300/fileData.do,2025-09-25,2026-09-06,administrative_record_only_not_confirmed_active,증축,2005-06-20,2005-06-22,2005-07-14,제2종근린생활시설,160,"주소 기반 추정 위치, 공사현장 좌표 아님"
15029300:1145,1145,건축행정기록,제2종근린생활시설,인천광역시 미추홀구 도화동 377-20,37.4591607,126.6762421,geocoded_kakao_jibun,kakao_exact_jibun_address_match,인천 미추홀구 도화동 377-20,1,1,0.0,,kakao_local_api:address_jibun,https://dapi.kakao.com/v2/local/search/address.json,2026-09-06,https://www.data.go.kr/data/15029300/fileData.do,2025-09-25,2026-09-06,administrative_record_only_not_confirmed_active,증축,2005-06-13,2005-07-07,2005-11-04,제2종근린생활시설,181.3,"주소 기반 추정 위치, 공사현장 좌표 아님"
15029300:1146,1146,건축행정기록,공장,인천광역시 미추홀구 주안동 3-48,37.4731105,126.6833957,geocoded_kakao_jibun,kakao_exact_jibun_address_match,인천 미추홀구 주안동 3-48,1,1,0.0,,kakao_local_api:address_jibun,https://dapi.kakao.com/v2/local/search/address.json,2026-09-06,https://www.data.go.kr/data/15029300/fileData.do,2025-09-25,2026-09-06,administrative_record_only_not_confirmed_active,증축,2005-06-10,2005-06-15,2005-07-07,공장,1239,"주소 기반 추정 위치, 공사현장 좌표 아님"
15029300:1147,1147,건축행정기록,제2종근린생활시설,인천광역시 미추홀구 주안동 146-11,37.4626142,126.6815378,geocoded_kakao_jibun,kakao_exact_jibun_address_match,인천 미추홀구 주안동 146-11,1,1,0.0,,kakao_local_api:address_jibun,https://dapi.kakao.com/v2/local/search/address.json,2026-09-06,https://www.data.go.kr/data/15029300/fileData.do,2025-09-25,2026-09-06,administrative_record_only_not_confirmed_active,증축,2005-06-10,2005-06-14,2005-07-01,제2종근린생활시설,186.2,"주소 기반 추정 위치, 공사현장 좌표 아님"
15029300:1148,1148,건축행정기록,위험물저장및처리시설,인천광역시 미추홀구 도화동 624-6,37.4647927,126.6646698,geocoded_kakao_jibun,kakao_exact_jibun_address_match,인천 미추홀구 도화동 624-6,1,1,0.0,,kakao_local_api:address_jibun,https://dapi.kakao.com/v2/local/search/address.json,2026-09-06,https://www.data.go.kr/data/15029300/fileData.do,2025-09-25,2026-09-06,administrative_record_only_not_confirmed_active,증축,2005-06-02,2005-06-03,2005-08-08,위험물저장및처리시설,2185,"주소 기반 추정 위치, 공사현장 좌표 아님"
15029300:1149,1149,건축행정기록,제1종근린생활시설,인천광역시 미추홀구 숭의동 103-18,37.4688182,126.6477317,geocoded_kakao_jibun,kakao_exact_jibun_address_match,인천 미추홀구 숭의동 103-18,1,1,0.0,,kakao_local_api:address_jibun,https://dapi.kakao.com/v2/local/search/address.json,2026-09-06,https://www.data.go.kr/data/15029300/fileData.do,2025-09-25,2026-09-06,administrative_record_only_not_confirmed_active,증축,2005-06-02,2005-06-07,2005-07-01,제1종근린생활시설,89.9,"주소 기반 추정 위치, 공사현장 좌표 아님"
15029300:1150,1150,건축행정기록,제1종근린생활시설,인천광역시 미추홀구 학익동 587-82,37.4400180,126.6364149,geocoded_kakao_jibun,kakao_exact_jibun_address_match,인천 미추홀구 학익동 587-82,1,1,0.0,,kakao_local_api:address_jibun,https://dapi.kakao.com/v2/local/search/address.json,2026-09-06,https://www.data.go.kr/data/15029300/fileData.do,2025-09-25,2026-09-06,administrative_record_only_not_confirmed_active,대수선,2005-05-26,2005-05-31,,제1종근린생활시설,5761,"주소 기반 추정 위치, 공사현장 좌표 아님"
15029300:1151,1151,건축행정기록,단독주택,인천광역시 미추홀구 문학동 335-12,37.4398481,126.6796349,geocoded_kakao_jibun,kakao_exact_jibun_address_match,인천 미추홀구 문학동 335-12,1,1,0.0,,kakao_local_api:address_jibun,https://dapi.kakao.com/v2/local/search/address.json,2026-09-06,https://www.data.go.kr/data/15029300/fileData.do,2025-09-25,2026-09-06,administrative_record_only_not_confirmed_active,신축,2005-05-21,2005-05-23,2005-12-21,단독주택,160.7,"주소 기반 추정 위치, 공사현장 좌표 아님"
15029300:1152,1152,건축행정기록,단독주택,인천광역시 미추홀구 숭의동 90-12,37.4675017,126.6516262,geocoded_kakao_jibun,kakao_exact_jibun_address_match,인천 미추홀구 숭의동 90-12,1,1,0.0,,kakao_local_api:address_jibun,https://dapi.kakao.com/v2/local/search/address.json,2026-09-06,https://www.data.go.kr/data/15029300/fileData.do,2025-09-25,2026-09-06,administrative_record_only_not_confirmed_active,증축,2005-05-19,2005-06-09,2005-08-16,단독주택,221,"주소 기반 추정 위치, 공사현장 좌표 아님"
15029300:1153,1153,건축행정기록,제2종근린생활시설,인천광역시 미추홀구 주안동 186-14,37.4588757,126.6804129,geocoded_kakao_jibun,kakao_exact_jibun_address_match,인천 미추홀구 주안동 186-14,1,1,0.0,,kakao_local_api:address_jibun,https://dapi.kakao.com/v2/local/search/address.json,2026-09-06,https://www.data.go.kr/data/15029300/fileData.do,2025-09-25,2026-09-06,administrative_record_only_not_confirmed_active,증축,2005-05-19,2005-05-23,,제2종근린생활시설,194.1,"주소 기반 추정 위치, 공사현장 좌표 아님"
15029300:1154,1154,건축행정기록,단독주택,인천광역시 미추홀구 용현동 95-4,37.4514594,126.6614422,geocoded_kakao_jibun,kakao_exact_jibun_address_match,인천 미추홀구 용현동 95-4,1,1,0.0,,kakao_local_api:address_jibun,https://dapi.kakao.com/v2/local/search/address.json,2026-09-06,https://www.data.go.kr/data/15029300/fileData.do,2025-09-25,2026-09-06,administrative_record_only_not_confirmed_active,증축,2005-05-06,2005-05-11,2005-05-18,단독주택,165,"주소 기반 추정 위치, 공사현장 좌표 아님"
15029300:1155,1155,건축행정기록,제2종근린생활시설,인천광역시 미추홀구 주안동 1460-22,37.4488473,126.6788982,geocoded_kakao_jibun,kakao_exact_jibun_address_match,인천 미추홀구 주안동 1460-22,1,1,0.0,,kakao_local_api:address_jibun,https://dapi.kakao.com/v2/local/search/address.json,2026-09-06,https://www.data.go.kr/data/15029300/fileData.do,2025-09-25,2026-09-06,administrative_record_only_not_confirmed_active,증축,2005-05-03,2005-05-04,2005-12-09,제2종근린생활시설,200.1,"주소 기반 추정 위치, 공사현장 좌표 아님"
15029300:1156,1156,건축행정기록,단독주택,인천광역시 미추홀구 주안동 675-4,37.4535263,126.6653360,geocoded_kakao_jibun,kakao_exact_jibun_address_match,인천 미추홀구 주안동 675-4,1,1,0.0,,kakao_local_api:address_jibun,https://dapi.kakao.com/v2/local/search/address.json,2026-09-06,https://www.data.go.kr/data/15029300/fileData.do,2025-09-25,2026-09-06,administrative_record_only_not_confirmed_active,증축,2005-04-29,2005-05-02,2005-08-11,단독주택,153,"주소 기반 추정 위치, 공사현장 좌표 아님"
15029300:1157,1157,건축행정기록,제2종근린생활시설,인천광역시 미추홀구 숭의동 435-11,37.4642180,126.6408104,geocoded_kakao_jibun,kakao_exact_jibun_address_match,인천 미추홀구 숭의동 435-11,1,1,0.0,,kakao_local_api:address_jibun,https://dapi.kakao.com/v2/local/search/address.json,2026-09-06,https://www.data.go.kr/data/15029300/fileData.do,2025-09-25,2026-09-06,administrative_record_only_not_confirmed_active,증축,2005-04-28,2005-04-29,,제2종근린생활시설,183.8,"주소 기반 추정 위치, 공사현장 좌표 아님"
15029300:1158,1158,건축행정기록,단독주택,인천광역시 미추홀구 주안동 597-30,37.4546003,126.6713132,geocoded_kakao_jibun,kakao_exact_jibun_address_match,인천 미추홀구 주안동 597-30,1,1,0.0,,kakao_local_api:address_jibun,https://dapi.kakao.com/v2/local/search/address.json,2026-09-06,https://www.data.go.kr/data/15029300/fileData.do,2025-09-25,2026-09-06,administrative_record_only_not_confirmed_active,신축,2005-04-22,2005-04-28,2005-11-14,단독주택,116,"주소 기반 추정 위치, 공사현장 좌표 아님"
15029300:1159,1159,건축행정기록,단독주택,인천광역시 미추홀구 용현동 73 외1필지,37.4555463,126.6604165,geocoded_kakao_jibun,kakao_exact_jibun_address_match,인천 미추홀구 용현동 73,1,1,0.0,,kakao_local_api:address_jibun,https://dapi.kakao.com/v2/local/search/address.json,2026-09-06,https://www.data.go.kr/data/15029300/fileData.do,2025-09-25,2026-09-06,administrative_record_only_not_confirmed_active,신축,2005-04-22,2005-04-22,2005-05-26,단독주택,93.97,"주소 기반 추정 위치, 공사현장 좌표 아님"
15029300:1160,1160,건축행정기록,제1종근린생활시설,인천광역시 미추홀구 주안동 1310-1 외1필지,,,unresolved,no_exact_parcel_match_in_kakao,,0,0,,,kakao_local_api:unresolved,https://dapi.kakao.com/v2/local/search/address.json,2026-09-06,https://www.data.go.kr/data/15029300/fileData.do,2025-09-25,2026-09-06,administrative_record_only_not_confirmed_active,증축,2005-04-21,2005-04-26,2005-07-21,제1종근린생활시설,199,"주소 기반 추정 위치, 공사현장 좌표 아님"
15029300:1161,1161,건축행정기록,단독주택,인천광역시 미추홀구 주안동 597-62,37.4541682,126.6714558,geocoded_kakao_jibun,kakao_exact_jibun_address_match,인천 미추홀구 주안동 597-62,1,1,0.0,,kakao_local_api:address_jibun,https://dapi.kakao.com/v2/local/search/address.json,2026-09-06,https://www.data.go.kr/data/15029300/fileData.do,2025-09-25,2026-09-06,administrative_record_only_not_confirmed_active,신축,2005-04-20,2005-04-29,2005-11-16,단독주택,147.3,"주소 기반 추정 위치, 공사현장 좌표 아님"
15029300:1162,1162,건축행정기록,단독주택,인천광역시 미추홀구 도화동 445-8,37.4584571,126.6746856,geocoded_kakao_jibun,kakao_exact_jibun_address_match,인천 미추홀구 도화동 445-8,1,1,0.0,,kakao_local_api:address_jibun,https://dapi.kakao.com/v2/local/search/address.json,2026-09-06,https://www.data.go.kr/data/15029300/fileData.do,2025-09-25,2026-09-06,administrative_record_only_not_confirmed_active,증축,2005-04-19,2005-04-20,,단독주택,190.1,"주소 기반 추정 위치, 공사현장 좌표 아님"
15029300:1163,1163,건축행정기록,제2종근린생활시설,인천광역시 미추홀구 주안동 470-4,37.4575549,126.6793125,geocoded_kakao_jibun,kakao_exact_jibun_address_match,인천 미추홀구 주안동 470-4,1,1,0.0,,kakao_local_api:address_jibun,https://dapi.kakao.com/v2/local/search/address.json,2026-09-06,https://www.data.go.kr/data/15029300/fileData.do,2025-09-25,2026-09-06,administrative_record_only_not_confirmed_active,증축,2005-04-18,2005-04-20,2005-04-28,제2종근린생활시설,142.5,"주소 기반 추정 위치, 공사현장 좌표 아님"
15029300:1164,1164,건축행정기록,제1종근린생활시설,인천광역시 미추홀구 용현동 518-10,37.4571004,126.6437823,geocoded_kakao_jibun,kakao_exact_jibun_address_match,인천 미추홀구 용현동 518-10,1,1,0.0,,kakao_local_api:address_jibun,https://dapi.kakao.com/v2/local/search/address.json,2026-09-06,https://www.data.go.kr/data/15029300/fileData.do,2025-09-25,2026-09-06,administrative_record_only_not_confirmed_active,신축,2005-04-15,2005-04-22,2005-06-07,제1종근린생활시설,102,"주소 기반 추정 위치, 공사현장 좌표 아님"
15029300:1165,1165,건축행정기록,단독주택,인천광역시 미추홀구 용현동 150-22,37.4544938,126.6589287,geocoded_kakao_jibun,kakao_exact_jibun_address_match,인천 미추홀구 용현동 150-22,1,1,0.0,,kakao_local_api:address_jibun,https://dapi.kakao.com/v2/local/search/address.json,2026-09-06,https://www.data.go.kr/data/15029300/fileData.do,2025-09-25,2026-09-06,administrative_record_only_not_confirmed_active,증축,2005-04-13,2005-04-14,2005-06-09,단독주택,289.7,"주소 기반 추정 위치, 공사현장 좌표 아님"
15029300:1166,1166,건축행정기록,제1종근린생활시설,인천광역시 미추홀구 용현동 124-17,37.4550725,126.6603726,geocoded_kakao_jibun,kakao_exact_jibun_address_match,인천 미추홀구 용현동 124-17,1,1,0.0,,kakao_local_api:address_jibun,https://dapi.kakao.com/v2/local/search/address.json,2026-09-06,https://www.data.go.kr/data/15029300/fileData.do,2025-09-25,2026-09-06,administrative_record_only_not_confirmed_active,신축,2005-04-12,2005-04-13,2005-06-15,제1종근린생활시설,91,"주소 기반 추정 위치, 공사현장 좌표 아님"
15029300:1167,1167,건축행정기록,공장,인천광역시 미추홀구 학익동 587-59,37.4399080,126.6383910,geocoded_kakao_jibun,kakao_exact_jibun_address_match,인천 미추홀구 학익동 587-59,1,1,0.0,,kakao_local_api:address_jibun,https://dapi.kakao.com/v2/local/search/address.json,2026-09-06,https://www.data.go.kr/data/15029300/fileData.do,2025-09-25,2026-09-06,administrative_record_only_not_confirmed_active,증축,2005-04-08,2005-04-11,2005-05-23,공장,66118,"주소 기반 추정 위치, 공사현장 좌표 아님"
15029300:1168,1168,건축행정기록,단독주택,인천광역시 미추홀구 관교동 319-17,37.4471966,126.6939660,geocoded_kakao_jibun,kakao_exact_jibun_address_match,인천 미추홀구 관교동 319-17,1,1,0.0,,kakao_local_api:address_jibun,https://dapi.kakao.com/v2/local/search/address.json,2026-09-06,https://www.data.go.kr/data/15029300/fileData.do,2025-09-25,2026-09-06,administrative_record_only_not_confirmed_active,증축,2005-04-08,2005-04-12,2005-05-02,단독주택,150,"주소 기반 추정 위치, 공사현장 좌표 아님"
15029300:1169,1169,건축행정기록,단독주택,인천광역시 미추홀구 주안동 923-6,37.4605353,126.6922457,geocoded_kakao_jibun,kakao_exact_jibun_address_match,인천 미추홀구 주안동 923-6,1,1,0.0,,kakao_local_api:address_jibun,https://dapi.kakao.com/v2/local/search/address.json,2026-09-06,https://www.data.go.kr/data/15029300/fileData.do,2025-09-25,2026-09-06,administrative_record_only_not_confirmed_active,증축,2005-04-04,2005-04-11,2005-06-18,단독주택,259.5,"주소 기반 추정 위치, 공사현장 좌표 아님"
15029300:1170,1170,건축행정기록,단독주택,인천광역시 미추홀구 도화동 473,37.4592576,126.6705476,geocoded_kakao_jibun,kakao_exact_jibun_address_match,인천 미추홀구 도화동 473,1,1,0.0,,kakao_local_api:address_jibun,https://dapi.kakao.com/v2/local/search/address.json,2026-09-06,https://www.data.go.kr/data/15029300/fileData.do,2025-09-25,2026-09-06,administrative_record_only_not_confirmed_active,증축,2005-03-29,2005-03-31,2005-05-04,단독주택,245.3,"주소 기반 추정 위치, 공사현장 좌표 아님"
15029300:1171,1171,건축행정기록,제2종근린생활시설,인천광역시 미추홀구 주안동 140-10,37.4631242,126.6811280,geocoded_kakao_jibun,kakao_exact_jibun_address_match,인천 미추홀구 주안동 140-10,1,1,0.0,,kakao_local_api:address_jibun,https://dapi.kakao.com/v2/local/search/address.json,2026-09-06,https://www.data.go.kr/data/15029300/fileData.do,2025-09-25,2026-09-06,administrative_record_only_not_confirmed_active,증축,2005-03-29,2005-04-01,,제2종근린생활시설,237,"주소 기반 추정 위치, 공사현장 좌표 아님"
15029300:1172,1172,건축행정기록,창고시설,인천광역시 미추홀구 용현동 573-8,,,unresolved,no_exact_parcel_match_in_kakao,,0,0,,,kakao_local_api:unresolved,https://dapi.kakao.com/v2/local/search/address.json,2026-09-06,https://www.data.go.kr/data/15029300/fileData.do,2025-09-25,2026-09-06,administrative_record_only_not_confirmed_active,증축,2005-03-28,2005-03-30,2005-06-23,창고시설,873,"주소 기반 추정 위치, 공사현장 좌표 아님"
15029300:1173,1173,건축행정기록,단독주택,인천광역시 미추홀구 주안동 289-14,37.4564610,126.6880883,geocoded_kakao_jibun,kakao_exact_jibun_address_match,인천 미추홀구 주안동 289-14,1,1,0.0,,kakao_local_api:address_jibun,https://dapi.kakao.com/v2/local/search/address.json,2026-09-06,https://www.data.go.kr/data/15029300/fileData.do,2025-09-25,2026-09-06,administrative_record_only_not_confirmed_active,증축,2005-03-28,2005-03-30,,단독주택,179.8,"주소 기반 추정 위치, 공사현장 좌표 아님"
15029300:1174,1174,건축행정기록,공장,인천광역시 미추홀구 도화동 808-2,37.4774705,126.6626009,geocoded_kakao_jibun,kakao_exact_jibun_address_match,인천 미추홀구 도화동 808-2,1,1,0.0,,kakao_local_api:address_jibun,https://dapi.kakao.com/v2/local/search/address.json,2026-09-06,https://www.data.go.kr/data/15029300/fileData.do,2025-09-25,2026-09-06,administrative_record_only_not_confirmed_active,증축,2005-03-25,2005-03-30,2005-06-01,공장,4212.8,"주소 기반 추정 위치, 공사현장 좌표 아님"
15029300:1175,1175,건축행정기록,단독주택,인천광역시 미추홀구 용현동 70-2,37.4526931,126.6654882,geocoded_kakao_jibun,kakao_exact_jibun_address_match,인천 미추홀구 용현동 70-2,1,1,0.0,,kakao_local_api:address_jibun,https://dapi.kakao.com/v2/local/search/address.json,2026-09-06,https://www.data.go.kr/data/15029300/fileData.do,2025-09-25,2026-09-06,administrative_record_only_not_confirmed_active,증축,2005-03-22,2005-03-24,2005-04-25,단독주택,153.4,"주소 기반 추정 위치, 공사현장 좌표 아님"
15029300:1176,1176,건축행정기록,제2종근린생활시설,인천광역시 미추홀구 주안동 16-59,37.4692535,126.6800337,geocoded_kakao_jibun,kakao_exact_jibun_address_match,인천 미추홀구 주안동 16-59,1,1,0.0,,kakao_local_api:address_jibun,https://dapi.kakao.com/v2/local/search/address.json,2026-09-06,https://www.data.go.kr/data/15029300/fileData.do,2025-09-25,2026-09-06,administrative_record_only_not_confirmed_active,증축,2005-03-22,2005-03-25,2005-04-27,제2종근린생활시설,194.9,"주소 기반 추정 위치, 공사현장 좌표 아님"
15029300:1177,1177,건축행정기록,단독주택,인천광역시 미추홀구 용현동 39-7,37.4485280,126.6653400,geocoded_kakao_jibun,kakao_exact_jibun_address_match,인천 미추홀구 용현동 39-7,1,1,0.0,,kakao_local_api:address_jibun,https://dapi.kakao.com/v2/local/search/address.json,2026-09-06,https://www.data.go.kr/data/15029300/fileData.do,2025-09-25,2026-09-06,administrative_record_only_not_confirmed_active,신축,2005-03-21,2005-03-30,2005-12-21,단독주택,123.5,"주소 기반 추정 위치, 공사현장 좌표 아님"
15029300:1178,1178,건축행정기록,공장,인천광역시 미추홀구 학익동 587-6 외2필지,,,unresolved,no_exact_parcel_match_in_kakao,,0,0,,,kakao_local_api:unresolved,https://dapi.kakao.com/v2/local/search/address.json,2026-09-06,https://www.data.go.kr/data/15029300/fileData.do,2025-09-25,2026-09-06,administrative_record_only_not_confirmed_active,대수선,2005-03-16,2005-05-26,,공장,66316,"주소 기반 추정 위치, 공사현장 좌표 아님"
15029300:1179,1179,건축행정기록,단독주택,인천광역시 미추홀구 주안동 177-14,37.4597164,126.6815406,geocoded_kakao_jibun,kakao_exact_jibun_address_match,인천 미추홀구 주안동 177-14,1,1,0.0,,kakao_local_api:address_jibun,https://dapi.kakao.com/v2/local/search/address.json,2026-09-06,https://www.data.go.kr/data/15029300/fileData.do,2025-09-25,2026-09-06,administrative_record_only_not_confirmed_active,증축,2005-03-15,2005-03-24,2011-11-16,단독주택,131.45,"주소 기반 추정 위치, 공사현장 좌표 아님"
15029300:1180,1180,건축행정기록,제2종근린생활시설,인천광역시 미추홀구 숭의동 208-1 외1필지,37.4609791,126.6515416,geocoded_kakao_jibun,kakao_exact_jibun_address_match,인천 미추홀구 숭의동 208-1,1,1,0.0,,kakao_local_api:address_jibun,https://dapi.kakao.com/v2/local/search/address.json,2026-09-06,https://www.data.go.kr/data/15029300/fileData.do,2025-09-25,2026-09-06,administrative_record_only_not_confirmed_active,증축,2005-03-14,2005-03-16,,제2종근린생활시설,216.67,"주소 기반 추정 위치, 공사현장 좌표 아님"
15029300:1181,1181,건축행정기록,위험물저장및처리시설,인천광역시 미추홀구 도화동 464-2 외1필지,37.4577915,126.6718012,geocoded_kakao_jibun,kakao_exact_jibun_address_match,인천 미추홀구 도화동 464-2,1,1,0.0,,kakao_local_api:address_jibun,https://dapi.kakao.com/v2/local/search/address.json,2026-09-06,https://www.data.go.kr/data/15029300/fileData.do,2025-09-25,2026-09-06,administrative_record_only_not_confirmed_active,증축,2005-03-14,2005-03-16,2005-04-08,위험물저장및처리시설,764,"주소 기반 추정 위치, 공사현장 좌표 아님"
15029300:1182,1182,건축행정기록,제1종근린생활시설,인천광역시 미추홀구 도화동 548-21 외4필지,37.4627978,126.6715489,geocoded_kakao_jibun,kakao_exact_jibun_address_match,인천 미추홀구 도화동 548-21,1,1,0.0,,kakao_local_api:address_jibun,https://dapi.kakao.com/v2/local/search/address.json,2026-09-06,https://www.data.go.kr/data/15029300/fileData.do,2025-09-25,2026-09-06,administrative_record_only_not_confirmed_active,증축,2005-03-10,2005-04-01,,제1종근린생활시설,3012.24,"주소 기반 추정 위치, 공사현장 좌표 아님"
15029300:1183,1183,건축행정기록,단독주택,인천광역시 미추홀구 도화동 97-16,37.4667752,126.6640749,geocoded_kakao_jibun,kakao_exact_jibun_address_match,인천 미추홀구 도화동 97-16,1,1,0.0,,kakao_local_api:address_jibun,https://dapi.kakao.com/v2/local/search/address.json,2026-09-06,https://www.data.go.kr/data/15029300/fileData.do,2025-09-25,2026-09-06,administrative_record_only_not_confirmed_active,증축,2005-03-08,2005-03-10,2005-06-03,단독주택,182.8,"주소 기반 추정 위치, 공사현장 좌표 아님"
15029300:1184,1184,건축행정기록,단독주택,인천광역시 미추홀구 주안동 1418-116,37.4494436,126.6724133,geocoded_kakao_jibun,kakao_exact_jibun_address_match,인천 미추홀구 주안동 1418-116,1,1,0.0,,kakao_local_api:address_jibun,https://dapi.kakao.com/v2/local/search/address.json,2026-09-06,https://www.data.go.kr/data/15029300/fileData.do,2025-09-25,2026-09-06,administrative_record_only_not_confirmed_active,증축,2005-03-07,2005-03-09,2010-02-16,단독주택,239.2,"주소 기반 추정 위치, 공사현장 좌표 아님"
15029300:1185,1185,건축행정기록,제2종근린생활시설,인천광역시 미추홀구 주안동 81-4,37.4595380,126.6828777,geocoded_kakao_jibun,kakao_exact_jibun_address_match,인천 미추홀구 주안동 81-4,1,1,0.0,,kakao_local_api:address_jibun,https://dapi.kakao.com/v2/local/search/address.json,2026-09-06,https://www.data.go.kr/data/15029300/fileData.do,2025-09-25,2026-09-06,administrative_record_only_not_confirmed_active,증축,2005-03-02,2005-03-04,2006-06-13,제2종근린생활시설,511.9,"주소 기반 추정 위치, 공사현장 좌표 아님"
15029300:1186,1186,건축행정기록,위험물저장및처리시설,인천광역시 미추홀구 주안동 1565-1 외1필지,37.4494624,126.6903567,geocoded_kakao_jibun,kakao_exact_jibun_address_match,인천 미추홀구 주안동 1565-1,1,1,0.0,,kakao_local_api:address_jibun,https://dapi.kakao.com/v2/local/search/address.json,2026-09-06,https://www.data.go.kr/data/15029300/fileData.do,2025-09-25,2026-09-06,administrative_record_only_not_confirmed_active,증축,2005-03-02,2005-03-09,2005-04-16,위험물저장및처리시설,840.9,"주소 기반 추정 위치, 공사현장 좌표 아님"
15029300:1187,1187,건축행정기록,교육연구및복지시설,인천광역시 미추홀구 도화동 223-24,37.4675601,126.6664747,geocoded_kakao_jibun,kakao_exact_jibun_address_match,인천 미추홀구 도화동 223-24,1,1,0.0,,kakao_local_api:address_jibun,https://dapi.kakao.com/v2/local/search/address.json,2026-09-06,https://www.data.go.kr/data/15029300/fileData.do,2025-09-25,2026-09-06,administrative_record_only_not_confirmed_active,증축,2005-02-28,2005-04-21,2005-07-06,교육연구및복지시설,143.6,"주소 기반 추정 위치, 공사현장 좌표 아님"
15029300:1188,1188,건축행정기록,제2종근린생활시설,인천광역시 미추홀구 학익동 694-5,37.4387562,126.6622442,geocoded_kakao_jibun,kakao_exact_jibun_address_match,인천 미추홀구 학익동 694-5,1,1,0.0,,kakao_local_api:address_jibun,https://dapi.kakao.com/v2/local/search/address.json,2026-09-06,https://www.data.go.kr/data/15029300/fileData.do,2025-09-25,2026-09-06,administrative_record_only_not_confirmed_active,증축,2005-02-28,2005-03-04,2005-06-24,제2종근린생활시설,308,"주소 기반 추정 위치, 공사현장 좌표 아님"
15029300:1189,1189,건축행정기록,공장,인천광역시 미추홀구 학익동 587-59,37.4399080,126.6383910,geocoded_kakao_jibun,kakao_exact_jibun_address_match,인천 미추홀구 학익동 587-59,1,1,0.0,,kakao_local_api:address_jibun,https://dapi.kakao.com/v2/local/search/address.json,2026-09-06,https://www.data.go.kr/data/15029300/fileData.do,2025-09-25,2026-09-06,administrative_record_only_not_confirmed_active,증축,2005-02-23,2005-02-23,2005-03-29,공장,66118,"주소 기반 추정 위치, 공사현장 좌표 아님"
15029300:1190,1190,건축행정기록,단독주택,인천광역시 미추홀구 용현동 621-148,37.4516806,126.6369179,geocoded_kakao_jibun,kakao_exact_jibun_address_match,인천 미추홀구 용현동 621-148,1,1,0.0,,kakao_local_api:address_jibun,https://dapi.kakao.com/v2/local/search/address.json,2026-09-06,https://www.data.go.kr/data/15029300/fileData.do,2025-09-25,2026-09-06,administrative_record_only_not_confirmed_active,증축,2005-02-21,2005-02-24,2005-03-08,단독주택,172.3,"주소 기반 추정 위치, 공사현장 좌표 아님"
15029300:1191,1191,건축행정기록,공장,인천광역시 미추홀구 주안동 3-39,37.4718611,126.6838969,geocoded_kakao_jibun,kakao_exact_jibun_address_match,인천 미추홀구 주안동 3-39,1,1,0.0,,kakao_local_api:address_jibun,https://dapi.kakao.com/v2/local/search/address.json,2026-09-06,https://www.data.go.kr/data/15029300/fileData.do,2025-09-25,2026-09-06,administrative_record_only_not_confirmed_active,증축,2005-02-18,2005-03-22,2005-07-19,공장,1386.7,"주소 기반 추정 위치, 공사현장 좌표 아님"
15029300:1192,1192,건축행정기록,제2종근린생활시설,인천광역시 미추홀구 용현동 122-6,37.4549591,126.6613065,geocoded_kakao_jibun,kakao_exact_jibun_address_match,인천 미추홀구 용현동 122-6,1,1,0.0,,kakao_local_api:address_jibun,https://dapi.kakao.com/v2/local/search/address.json,2026-09-06,https://www.data.go.kr/data/15029300/fileData.do,2025-09-25,2026-09-06,administrative_record_only_not_confirmed_active,증축,2005-02-17,2005-02-22,2005-05-09,제2종근린생활시설,140.65,"주소 기반 추정 위치, 공사현장 좌표 아님"
15029300:1193,1193,건축행정기록,숙박시설,인천광역시 미추홀구 주안동 153-1,37.4619801,126.6816746,geocoded_kakao_jibun,kakao_exact_jibun_address_match,인천 미추홀구 주안동 153-1,1,1,0.0,,kakao_local_api:address_jibun,https://dapi.kakao.com/v2/local/search/address.json,2026-09-06,https://www.data.go.kr/data/15029300/fileData.do,2025-09-25,2026-09-06,administrative_record_only_not_confirmed_active,증축,2005-02-07,2005-02-14,2005-04-08,숙박시설,270.3,"주소 기반 추정 위치, 공사현장 좌표 아님"
15029300:1194,1194,건축행정기록,제2종근린생활시설,인천광역시 미추홀구 학익동 128-10,37.4412257,126.6704948,geocoded_kakao_jibun,kakao_exact_jibun_address_match,인천 미추홀구 학익동 128-10,1,1,0.0,,kakao_local_api:address_jibun,https://dapi.kakao.com/v2/local/search/address.json,2026-09-06,https://www.data.go.kr/data/15029300/fileData.do,2025-09-25,2026-09-06,administrative_record_only_not_confirmed_active,증축,2005-02-04,2005-03-24,2005-10-26,제2종근린생활시설,102,"주소 기반 추정 위치, 공사현장 좌표 아님"
15029300:1195,1195,건축행정기록,제1종근린생활시설,인천광역시 미추홀구 주안동 264-9,37.4639843,126.6763655,geocoded_kakao_jibun,kakao_exact_jibun_address_match,인천 미추홀구 주안동 264-9,1,1,0.0,,kakao_local_api:address_jibun,https://dapi.kakao.com/v2/local/search/address.json,2026-09-06,https://www.data.go.kr/data/15029300/fileData.do,2025-09-25,2026-09-06,administrative_record_only_not_confirmed_active,증축,2005-02-02,2005-02-03,2005-03-19,제1종근린생활시설,229.8,"주소 기반 추정 위치, 공사현장 좌표 아님"
15029300:1196,1196,건축행정기록,제1종근린생활시설,인천광역시 미추홀구 숭의동 117-10,37.4664779,126.6521238,geocoded_kakao_jibun,kakao_exact_jibun_address_match,인천 미추홀구 숭의동 117-10,1,1,0.0,,kakao_local_api:address_jibun,https://dapi.kakao.com/v2/local/search/address.json,2026-09-06,https://www.data.go.kr/data/15029300/fileData.do,2025-09-25,2026-09-06,administrative_record_only_not_confirmed_active,증축,2005-01-31,2005-02-22,2006-01-10,제1종근린생활시설,296,"주소 기반 추정 위치, 공사현장 좌표 아님"
15029300:1197,1197,건축행정기록,제2종근린생활시설,인천광역시 미추홀구 주안동 216-7 외2필지,37.4609215,126.6782928,geocoded_kakao_jibun,kakao_exact_jibun_address_match,인천 미추홀구 주안동 216-7,1,1,0.0,,kakao_local_api:address_jibun,https://dapi.kakao.com/v2/local/search/address.json,2026-09-06,https://www.data.go.kr/data/15029300/fileData.do,2025-09-25,2026-09-06,administrative_record_only_not_confirmed_active,증축,2005-01-28,2005-02-04,2005-02-14,제2종근린생활시설,1400,"주소 기반 추정 위치, 공사현장 좌표 아님"
15029300:1198,1198,건축행정기록,제2종근린생활시설,인천광역시 미추홀구 용현동 198-21,37.4517672,126.6551947,geocoded_kakao_jibun,kakao_exact_jibun_address_match,인천 미추홀구 용현동 198-21,1,1,0.0,,kakao_local_api:address_jibun,https://dapi.kakao.com/v2/local/search/address.json,2026-09-06,https://www.data.go.kr/data/15029300/fileData.do,2025-09-25,2026-09-06,administrative_record_only_not_confirmed_active,신축,2005-01-27,2005-02-01,2005-04-29,제2종근린생활시설,116.4,"주소 기반 추정 위치, 공사현장 좌표 아님"
15029300:1199,1199,건축행정기록,제2종근린생활시설,인천광역시 미추홀구 주안동 1000-4,37.4592731,126.6889448,geocoded_kakao_jibun,kakao_exact_jibun_address_match,인천 미추홀구 주안동 1000-4,1,1,0.0,,kakao_local_api:address_jibun,https://dapi.kakao.com/v2/local/search/address.json,2026-09-06,https://www.data.go.kr/data/15029300/fileData.do,2025-09-25,2026-09-06,administrative_record_only_not_confirmed_active,신축,2005-01-21,2005-01-26,,제2종근린생활시설,248.6,"주소 기반 추정 위치, 공사현장 좌표 아님"
15029300:1200,1200,건축행정기록,제2종근린생활시설,인천광역시 미추홀구 주안동 262-5,37.4643788,126.6769236,geocoded_kakao_jibun,kakao_exact_jibun_address_match,인천 미추홀구 주안동 262-5,1,1,0.0,,kakao_local_api:address_jibun,https://dapi.kakao.com/v2/local/search/address.json,2026-09-06,https://www.data.go.kr/data/15029300/fileData.do,2025-09-25,2026-09-06,administrative_record_only_not_confirmed_active,증축,2005-01-21,2005-01-26,2005-02-21,제2종근린생활시설,232,"주소 기반 추정 위치, 공사현장 좌표 아님"
15029300:1201,1201,건축행정기록,단독주택,인천광역시 미추홀구 학익동 312-96,37.4452555,126.6646463,geocoded_kakao_jibun,kakao_exact_jibun_address_match,인천 미추홀구 학익동 312-96,1,1,0.0,,kakao_local_api:address_jibun,https://dapi.kakao.com/v2/local/search/address.json,2026-09-06,https://www.data.go.kr/data/15029300/fileData.do,2025-09-25,2026-09-06,administrative_record_only_not_confirmed_active,신축,2005-01-12,2005-09-06,2005-12-16,단독주택,75,"주소 기반 추정 위치, 공사현장 좌표 아님"
15029300:1202,1202,건축행정기록,단독주택,인천광역시 미추홀구 학익동 312-105,37.4454182,126.6646368,geocoded_kakao_jibun,kakao_exact_jibun_address_match,인천 미추홀구 학익동 312-105,1,1,0.0,,kakao_local_api:address_jibun,https://dapi.kakao.com/v2/local/search/address.json,2026-09-06,https://www.data.go.kr/data/15029300/fileData.do,2025-09-25,2026-09-06,administrative_record_only_not_confirmed_active,신축,2005-01-12,2005-08-10,2005-12-22,단독주택,55.37,"주소 기반 추정 위치, 공사현장 좌표 아님"
15029300:1203,1203,건축행정기록,단독주택,인천광역시 미추홀구 학익동 312-104,37.4454920,126.6647019,geocoded_kakao_jibun,kakao_exact_jibun_address_match,인천 미추홀구 학익동 312-104,1,1,0.0,,kakao_local_api:address_jibun,https://dapi.kakao.com/v2/local/search/address.json,2026-09-06,https://www.data.go.kr/data/15029300/fileData.do,2025-09-25,2026-09-06,administrative_record_only_not_confirmed_active,신축,2005-01-12,2006-05-30,2006-11-03,단독주택,53,"주소 기반 추정 위치, 공사현장 좌표 아님"
15029300:1204,1204,건축행정기록,제2종근린생활시설,인천광역시 미추홀구 용현동 621-16,37.4531227,126.6361558,geocoded_kakao_jibun,kakao_exact_jibun_address_match,인천 미추홀구 용현동 621-16,1,1,0.0,,kakao_local_api:address_jibun,https://dapi.kakao.com/v2/local/search/address.json,2026-09-06,https://www.data.go.kr/data/15029300/fileData.do,2025-09-25,2026-09-06,administrative_record_only_not_confirmed_active,증축,2005-01-12,2005-01-17,2005-06-02,제2종근린생활시설,164.9,"주소 기반 추정 위치, 공사현장 좌표 아님"
15029300:1205,1205,건축행정기록,제2종근린생활시설,인천광역시 미추홀구 용현동 627-522,37.4490329,126.6349796,geocoded_kakao_jibun,kakao_exact_jibun_address_match,인천 미추홀구 용현동 627-522,1,1,0.0,,kakao_local_api:address_jibun,https://dapi.kakao.com/v2/local/search/address.json,2026-09-06,https://www.data.go.kr/data/15029300/fileData.do,2025-09-25,2026-09-06,administrative_record_only_not_confirmed_active,증축,2005-01-06,2005-01-07,2005-02-02,제2종근린생활시설,98,"주소 기반 추정 위치, 공사현장 좌표 아님"
15029300:1206,1206,건축행정기록,제2종근린생활시설,인천광역시 미추홀구 주안동 1464-1,37.4487830,126.6801721,geocoded_kakao_jibun,kakao_exact_jibun_address_match,인천 미추홀구 주안동 1464-1,1,1,0.0,,kakao_local_api:address_jibun,https://dapi.kakao.com/v2/local/search/address.json,2026-09-06,https://www.data.go.kr/data/15029300/fileData.do,2025-09-25,2026-09-06,administrative_record_only_not_confirmed_active,증축,2005-01-05,2005-01-06,2005-02-23,제2종근린생활시설,156.2,"주소 기반 추정 위치, 공사현장 좌표 아님"
15029300:1207,1207,건축행정기록,교육연구및복지시설,인천광역시 미추홀구 주안동 16-141,37.4684050,126.6815734,geocoded_kakao_jibun,kakao_exact_jibun_address_match,인천 미추홀구 주안동 16-141,1,1,0.0,,kakao_local_api:address_jibun,https://dapi.kakao.com/v2/local/search/address.json,2026-09-06,https://www.data.go.kr/data/15029300/fileData.do,2025-09-25,2026-09-06,administrative_record_only_not_confirmed_active,증축,2005-01-04,2005-01-10,2005-02-15,교육연구및복지시설,3026.24,"주소 기반 추정 위치, 공사현장 좌표 아님"
15029300:1208,1208,건축행정기록,제1종근린생활시설,인천광역시 미추홀구 주안동 799-8,37.4518540,126.6689806,geocoded_kakao_jibun,kakao_exact_jibun_address_match,인천 미추홀구 주안동 799-8,1,1,0.0,,kakao_local_api:address_jibun,https://dapi.kakao.com/v2/local/search/address.json,2026-09-06,https://www.data.go.kr/data/15029300/fileData.do,2025-09-25,2026-09-06,administrative_record_only_not_confirmed_active,증축,2004-12-29,2005-01-06,2005-04-13,제1종근린생활시설,283.9,"주소 기반 추정 위치, 공사현장 좌표 아님"
15029300:1209,1209,건축행정기록,공장,인천광역시 미추홀구 학익동 587-122 외3필지,37.4371475,126.6470446,geocoded_kakao_jibun,kakao_exact_jibun_address_match,인천 미추홀구 학익동 587-122,1,1,0.0,,kakao_local_api:address_jibun,https://dapi.kakao.com/v2/local/search/address.json,2026-09-06,https://www.data.go.kr/data/15029300/fileData.do,2025-09-25,2026-09-06,administrative_record_only_not_confirmed_active,증축,2004-12-29,2004-12-30,2005-12-28,공장,3361,"주소 기반 추정 위치, 공사현장 좌표 아님"
15029300:1210,1210,건축행정기록,문화및집회시설,인천광역시 미추홀구 용현동 349-16,37.4552761,126.6480738,geocoded_kakao_jibun,kakao_exact_jibun_address_match,인천 미추홀구 용현동 349-16,1,1,0.0,,kakao_local_api:address_jibun,https://dapi.kakao.com/v2/local/search/address.json,2026-09-06,https://www.data.go.kr/data/15029300/fileData.do,2025-09-25,2026-09-06,administrative_record_only_not_confirmed_active,증축,2004-12-29,2005-02-18,2005-07-19,문화및집회시설,1597,"주소 기반 추정 위치, 공사현장 좌표 아님"
15029300:1211,1211,건축행정기록,제2종근린생활시설,인천광역시 미추홀구 용현동 624-7,37.4565600,126.6362468,geocoded_kakao_jibun,kakao_exact_jibun_address_match,인천 미추홀구 용현동 624-7,1,1,0.0,,kakao_local_api:address_jibun,https://dapi.kakao.com/v2/local/search/address.json,2026-09-06,https://www.data.go.kr/data/15029300/fileData.do,2025-09-25,2026-09-06,administrative_record_only_not_confirmed_active,증축,2004-12-17,2004-12-18,2005-02-23,제2종근린생활시설,347.7,"주소 기반 추정 위치, 공사현장 좌표 아님"
15029300:1212,1212,건축행정기록,교육연구및복지시설,인천광역시 미추홀구 주안동 19-42 외1필지,37.4670492,126.6866155,geocoded_kakao_jibun,kakao_exact_jibun_address_match,인천 미추홀구 주안동 19-42,1,1,0.0,,kakao_local_api:address_jibun,https://dapi.kakao.com/v2/local/search/address.json,2026-09-06,https://www.data.go.kr/data/15029300/fileData.do,2025-09-25,2026-09-06,administrative_record_only_not_confirmed_active,증축,2004-12-17,2004-12-22,2005-01-26,교육연구및복지시설,834.5,"주소 기반 추정 위치, 공사현장 좌표 아님"
15029300:1213,1213,건축행정기록,제1종근린생활시설,인천광역시 미추홀구 용현동 629-75,37.4531952,126.6331602,geocoded_kakao_jibun,kakao_exact_jibun_address_match,인천 미추홀구 용현동 629-75,1,1,0.0,,kakao_local_api:address_jibun,https://dapi.kakao.com/v2/local/search/address.json,2026-09-06,https://www.data.go.kr/data/15029300/fileData.do,2025-09-25,2026-09-06,administrative_record_only_not_confirmed_active,증축,2004-12-16,2004-12-17,2004-12-31,제1종근린생활시설,609.2,"주소 기반 추정 위치, 공사현장 좌표 아님"
15029300:1214,1214,건축행정기록,제2종근린생활시설,인천광역시 미추홀구 도화동 744-11,37.4767560,126.6700724,geocoded_kakao_jibun,kakao_exact_jibun_address_match,인천 미추홀구 도화동 744-11,1,1,0.0,,kakao_local_api:address_jibun,https://dapi.kakao.com/v2/local/search/address.json,2026-09-06,https://www.data.go.kr/data/15029300/fileData.do,2025-09-25,2026-09-06,administrative_record_only_not_confirmed_active,증축,2004-12-14,2004-12-16,2005-02-22,제2종근린생활시설,697,"주소 기반 추정 위치, 공사현장 좌표 아님"
15029300:1215,1215,건축행정기록,제2종근린생활시설,인천광역시 미추홀구 주안동 832-9,,,unresolved,no_exact_parcel_match_in_kakao,,0,0,,,kakao_local_api:unresolved,https://dapi.kakao.com/v2/local/search/address.json,2026-09-06,https://www.data.go.kr/data/15029300/fileData.do,2025-09-25,2026-09-06,administrative_record_only_not_confirmed_active,증축,2004-12-07,2004-12-09,2005-01-03,제2종근린생활시설,162,"주소 기반 추정 위치, 공사현장 좌표 아님"
15029300:1216,1216,건축행정기록,공장,인천광역시 미추홀구 도화동 764-1 외2필지,37.4773294,126.6672255,geocoded_kakao_jibun,kakao_exact_jibun_address_match,인천 미추홀구 도화동 764-1,1,1,0.0,,kakao_local_api:address_jibun,https://dapi.kakao.com/v2/local/search/address.json,2026-09-06,https://www.data.go.kr/data/15029300/fileData.do,2025-09-25,2026-09-06,administrative_record_only_not_confirmed_active,증축,2004-12-06,2004-12-08,2005-01-13,공장,4364,"주소 기반 추정 위치, 공사현장 좌표 아님"
15029300:1217,1217,건축행정기록,공장,인천광역시 미추홀구 학익동 587-59,37.4399080,126.6383910,geocoded_kakao_jibun,kakao_exact_jibun_address_match,인천 미추홀구 학익동 587-59,1,1,0.0,,kakao_local_api:address_jibun,https://dapi.kakao.com/v2/local/search/address.json,2026-09-06,https://www.data.go.kr/data/15029300/fileData.do,2025-09-25,2026-09-06,administrative_record_only_not_confirmed_active,증축,2004-12-03,2004-12-07,2005-01-28,공장,66118,"주소 기반 추정 위치, 공사현장 좌표 아님"
15029300:1218,1218,건축행정기록,제2종근린생활시설,인천광역시 미추홀구 용현동 122-6,37.4549591,126.6613065,geocoded_kakao_jibun,kakao_exact_jibun_address_match,인천 미추홀구 용현동 122-6,1,1,0.0,,kakao_local_api:address_jibun,https://dapi.kakao.com/v2/local/search/address.json,2026-09-06,https://www.data.go.kr/data/15029300/fileData.do,2025-09-25,2026-09-06,administrative_record_only_not_confirmed_active,신축,2004-11-16,2004-11-17,2005-01-28,제2종근린생활시설,140.65,"주소 기반 추정 위치, 공사현장 좌표 아님"
15029300:1219,1219,건축행정기록,제1종근린생활시설,인천광역시 미추홀구 주안동 1465-2,37.4491330,126.6799850,geocoded_kakao_jibun,kakao_exact_jibun_address_match,인천 미추홀구 주안동 1465-2,1,1,0.0,,kakao_local_api:address_jibun,https://dapi.kakao.com/v2/local/search/address.json,2026-09-06,https://www.data.go.kr/data/15029300/fileData.do,2025-09-25,2026-09-06,administrative_record_only_not_confirmed_active,신축,2004-11-12,2004-11-15,2005-01-24,제1종근린생활시설,65.3,"주소 기반 추정 위치, 공사현장 좌표 아님"
15029300:1220,1220,건축행정기록,문화및집회시설,인천광역시 미추홀구 용현동 124-8,37.4551505,126.6598360,geocoded_kakao_jibun,kakao_exact_jibun_address_match,인천 미추홀구 용현동 124-8,1,1,0.0,,kakao_local_api:address_jibun,https://dapi.kakao.com/v2/local/search/address.json,2026-09-06,https://www.data.go.kr/data/15029300/fileData.do,2025-09-25,2026-09-06,administrative_record_only_not_confirmed_active,증축,2004-11-12,2004-11-26,,문화및집회시설,1723.6,"주소 기반 추정 위치, 공사현장 좌표 아님"
15029300:1221,1221,건축행정기록,단독주택,인천광역시 미추홀구 주안동 417-11,37.4537477,126.6839970,geocoded_kakao_jibun,kakao_exact_jibun_address_match,인천 미추홀구 주안동 417-11,1,1,0.0,,kakao_local_api:address_jibun,https://dapi.kakao.com/v2/local/search/address.json,2026-09-06,https://www.data.go.kr/data/15029300/fileData.do,2025-09-25,2026-09-06,administrative_record_only_not_confirmed_active,신축,2004-11-05,2004-11-09,2005-06-16,단독주택,119.7,"주소 기반 추정 위치, 공사현장 좌표 아님"
15029300:1222,1222,건축행정기록,교육연구및복지시설,인천광역시 미추홀구 주안동 32-14,37.4650979,126.6856764,geocoded_kakao_jibun,kakao_exact_jibun_address_match,인천 미추홀구 주안동 32-14,1,1,0.0,,kakao_local_api:address_jibun,https://dapi.kakao.com/v2/local/search/address.json,2026-09-06,https://www.data.go.kr/data/15029300/fileData.do,2025-09-25,2026-09-06,administrative_record_only_not_confirmed_active,증축,2004-11-04,2004-11-09,2004-12-09,교육연구및복지시설,244.7,"주소 기반 추정 위치, 공사현장 좌표 아님"
15029300:1223,1223,건축행정기록,단독주택,인천광역시 미추홀구 숭의동 250-9,37.4605970,126.6530951,geocoded_kakao_jibun,kakao_exact_jibun_address_match,인천 미추홀구 숭의동 250-9,1,1,0.0,,kakao_local_api:address_jibun,https://dapi.kakao.com/v2/local/search/address.json,2026-09-06,https://www.data.go.kr/data/15029300/fileData.do,2025-09-25,2026-09-06,administrative_record_only_not_confirmed_active,증축,2004-11-03,2004-11-03,2004-11-05,단독주택,154,"주소 기반 추정 위치, 공사현장 좌표 아님"
15029300:1224,1224,건축행정기록,단독주택,인천광역시 미추홀구 주안동 544-40,37.4555135,126.6774327,geocoded_kakao_jibun,kakao_exact_jibun_address_match,인천 미추홀구 주안동 544-40,1,1,0.0,,kakao_local_api:address_jibun,https://dapi.kakao.com/v2/local/search/address.json,2026-09-06,https://www.data.go.kr/data/15029300/fileData.do,2025-09-25,2026-09-06,administrative_record_only_not_confirmed_active,증축,2004-11-02,2004-11-04,2005-02-18,단독주택,149.5,"주소 기반 추정 위치, 공사현장 좌표 아님"
15029300:1225,1225,건축행정기록,단독주택,인천광역시 미추홀구 주안동 411-37,37.4567226,126.6840818,geocoded_kakao_jibun,kakao_exact_jibun_address_match,인천 미추홀구 주안동 411-37,1,1,0.0,,kakao_local_api:address_jibun,https://dapi.kakao.com/v2/local/search/address.json,2026-09-06,https://www.data.go.kr/data/15029300/fileData.do,2025-09-25,2026-09-06,administrative_record_only_not_confirmed_active,신축,2004-11-01,2004-11-05,2005-02-03,단독주택,103.1,"주소 기반 추정 위치, 공사현장 좌표 아님"
15029300:1226,1226,건축행정기록,단독주택,인천광역시 미추홀구 용현동 81-21,37.4492832,126.6622242,geocoded_kakao_jibun,kakao_exact_jibun_address_match,인천 미추홀구 용현동 81-21,1,1,0.0,,kakao_local_api:address_jibun,https://dapi.kakao.com/v2/local/search/address.json,2026-09-06,https://www.data.go.kr/data/15029300/fileData.do,2025-09-25,2026-09-06,administrative_record_only_not_confirmed_active,증축,2004-10-30,2004-11-10,2005-06-28,단독주택,127.6,"주소 기반 추정 위치, 공사현장 좌표 아님"
15029300:1227,1227,건축행정기록,교육연구및복지시설,인천광역시 미추홀구 용현동 630-41,37.4526105,126.6333601,geocoded_kakao_jibun,kakao_exact_jibun_address_match,인천 미추홀구 용현동 630-41,1,1,0.0,,kakao_local_api:address_jibun,https://dapi.kakao.com/v2/local/search/address.json,2026-09-06,https://www.data.go.kr/data/15029300/fileData.do,2025-09-25,2026-09-06,administrative_record_only_not_confirmed_active,용도변경,2004-10-29,2004-11-02,2004-11-18,교육연구및복지시설,270.6,"주소 기반 추정 위치, 공사현장 좌표 아님"
15029300:1228,1228,건축행정기록,제2종근린생활시설,인천광역시 미추홀구 용현동 627-461,37.4507064,126.6326638,geocoded_kakao_jibun,kakao_exact_jibun_address_match,인천 미추홀구 용현동 627-461,1,1,0.0,,kakao_local_api:address_jibun,https://dapi.kakao.com/v2/local/search/address.json,2026-09-06,https://www.data.go.kr/data/15029300/fileData.do,2025-09-25,2026-09-06,administrative_record_only_not_confirmed_active,증축,2004-10-29,2004-11-02,2005-01-10,제2종근린생활시설,688,"주소 기반 추정 위치, 공사현장 좌표 아님"
15029300:1229,1229,건축행정기록,교육연구및복지시설,인천광역시 미추홀구 주안동 16-141,37.4684050,126.6815734,geocoded_kakao_jibun,kakao_exact_jibun_address_match,인천 미추홀구 주안동 16-141,1,1,0.0,,kakao_local_api:address_jibun,https://dapi.kakao.com/v2/local/search/address.json,2026-09-06,https://www.data.go.kr/data/15029300/fileData.do,2025-09-25,2026-09-06,administrative_record_only_not_confirmed_active,증축,2004-10-27,2004-11-02,2004-12-06,교육연구및복지시설,2814.44,"주소 기반 추정 위치, 공사현장 좌표 아님"
15029300:1230,1230,건축행정기록,단독주택,인천광역시 미추홀구 용현동 621-157,37.4521691,126.6375555,geocoded_kakao_jibun,kakao_exact_jibun_address_match,인천 미추홀구 용현동 621-157,1,1,0.0,,kakao_local_api:address_jibun,https://dapi.kakao.com/v2/local/search/address.json,2026-09-06,https://www.data.go.kr/data/15029300/fileData.do,2025-09-25,2026-09-06,administrative_record_only_not_confirmed_active,증축,2004-10-26,2004-12-09,2005-11-21,단독주택,172.9,"주소 기반 추정 위치, 공사현장 좌표 아님"
15029300:1231,1231,건축행정기록,단독주택,인천광역시 미추홀구 용현동 55-299,37.4565082,126.6610297,geocoded_kakao_jibun,kakao_exact_jibun_address_match,인천 미추홀구 용현동 55-299,1,1,0.0,,kakao_local_api:address_jibun,https://dapi.kakao.com/v2/local/search/address.json,2026-09-06,https://www.data.go.kr/data/15029300/fileData.do,2025-09-25,2026-09-06,administrative_record_only_not_confirmed_active,증축,2004-10-22,2004-10-28,2004-12-01,단독주택,137,"주소 기반 추정 위치, 공사현장 좌표 아님"
15029300:1232,1232,건축행정기록,공장,인천광역시 미추홀구 주안동 1385-8,,,unresolved,no_exact_parcel_match_in_kakao,,0,0,,,kakao_local_api:unresolved,https://dapi.kakao.com/v2/local/search/address.json,2026-09-06,https://www.data.go.kr/data/15029300/fileData.do,2025-09-25,2026-09-06,administrative_record_only_not_confirmed_active,증축,2004-10-22,2004-10-29,2004-12-20,공장,14646.6,"주소 기반 추정 위치, 공사현장 좌표 아님"
15029300:1233,1233,건축행정기록,제1종근린생활시설,인천광역시 미추홀구 학익동 212-29,37.4408049,126.6632452,geocoded_kakao_jibun,kakao_exact_jibun_address_match,인천 미추홀구 학익동 212-29,1,1,0.0,,kakao_local_api:address_jibun,https://dapi.kakao.com/v2/local/search/address.json,2026-09-06,https://www.data.go.kr/data/15029300/fileData.do,2025-09-25,2026-09-06,administrative_record_only_not_confirmed_active,증축,2004-10-22,2004-10-26,2004-11-09,제1종근린생활시설,182,"주소 기반 추정 위치, 공사현장 좌표 아님"
15029300:1234,1234,건축행정기록,제1종근린생활시설,인천광역시 미추홀구 용현동 126-1 외1필지,37.4554193,126.6606543,geocoded_kakao_jibun,kakao_exact_jibun_address_match,인천 미추홀구 용현동 126-1,1,1,0.0,,kakao_local_api:address_jibun,https://dapi.kakao.com/v2/local/search/address.json,2026-09-06,https://www.data.go.kr/data/15029300/fileData.do,2025-09-25,2026-09-06,administrative_record_only_not_confirmed_active,증축,2004-10-21,2004-10-22,2004-11-03,제1종근린생활시설,244.4,"주소 기반 추정 위치, 공사현장 좌표 아님"
15029300:1235,1235,건축행정기록,제1종근린생활시설,인천광역시 미추홀구 주안동 225-1 외3필지,37.4625266,126.6799744,geocoded_kakao_jibun,kakao_exact_jibun_address_match,인천 미추홀구 주안동 225-1,1,1,0.0,,kakao_local_api:address_jibun,https://dapi.kakao.com/v2/local/search/address.json,2026-09-06,https://www.data.go.kr/data/15029300/fileData.do,2025-09-25,2026-09-06,administrative_record_only_not_confirmed_active,증축,2004-10-19,2004-11-01,2004-12-07,제1종근린생활시설,1686.5,"주소 기반 추정 위치, 공사현장 좌표 아님"
15029300:1236,1236,건축행정기록,제2종근린생활시설,인천광역시 미추홀구 도화동 118-15,,,unresolved,no_exact_parcel_match_in_kakao,,0,0,,,kakao_local_api:unresolved,https://dapi.kakao.com/v2/local/search/address.json,2026-09-06,https://www.data.go.kr/data/15029300/fileData.do,2025-09-25,2026-09-06,administrative_record_only_not_confirmed_active,신축,2004-10-14,2004-11-02,2005-01-06,제2종근린생활시설,148.6,"주소 기반 추정 위치, 공사현장 좌표 아님"
15029300:1237,1237,건축행정기록,단독주택,인천광역시 미추홀구 학익동 227-16,37.4403953,126.6665419,geocoded_kakao_jibun,kakao_exact_jibun_address_match,인천 미추홀구 학익동 227-16,1,1,0.0,,kakao_local_api:address_jibun,https://dapi.kakao.com/v2/local/search/address.json,2026-09-06,https://www.data.go.kr/data/15029300/fileData.do,2025-09-25,2026-09-06,administrative_record_only_not_confirmed_active,증축,2004-10-12,2004-10-14,2005-01-13,단독주택,157.57,"주소 기반 추정 위치, 공사현장 좌표 아님"
15029300:1238,1238,건축행정기록,단독주택,인천광역시 미추홀구 주안동 1557-7,37.4533207,126.6924576,geocoded_kakao_jibun,kakao_exact_jibun_address_match,인천 미추홀구 주안동 1557-7,1,1,0.0,,kakao_local_api:address_jibun,https://dapi.kakao.com/v2/local/search/address.json,2026-09-06,https://www.data.go.kr/data/15029300/fileData.do,2025-09-25,2026-09-06,administrative_record_only_not_confirmed_active,신축,2004-10-11,2004-10-14,2004-12-31,단독주택,140,"주소 기반 추정 위치, 공사현장 좌표 아님"
15029300:1239,1239,건축행정기록,단독주택,인천광역시 미추홀구 문학동 392-2,37.4367443,126.6851730,geocoded_kakao_jibun,kakao_exact_jibun_address_match,인천 미추홀구 문학동 392-2,1,1,0.0,,kakao_local_api:address_jibun,https://dapi.kakao.com/v2/local/search/address.json,2026-09-06,https://www.data.go.kr/data/15029300/fileData.do,2025-09-25,2026-09-06,administrative_record_only_not_confirmed_active,신축,2004-10-11,2004-10-14,2005-01-06,단독주택,798.5,"주소 기반 추정 위치, 공사현장 좌표 아님"
15029300:1240,1240,건축행정기록,제1종근린생활시설,인천광역시 미추홀구 학익동 306-76,37.4472979,126.6650957,geocoded_kakao_jibun,kakao_exact_jibun_address_match,인천 미추홀구 학익동 306-76,1,1,0.0,,kakao_local_api:address_jibun,https://dapi.kakao.com/v2/local/search/address.json,2026-09-06,https://www.data.go.kr/data/15029300/fileData.do,2025-09-25,2026-09-06,administrative_record_only_not_confirmed_active,신축,2004-10-08,2004-10-11,2004-12-20,제1종근린생활시설,60.33,"주소 기반 추정 위치, 공사현장 좌표 아님"
15029300:1241,1241,건축행정기록,제2종근린생활시설,인천광역시 미추홀구 도화동 462-9,37.4581763,126.6724558,geocoded_kakao_jibun,kakao_exact_jibun_address_match,인천 미추홀구 도화동 462-9,1,1,0.0,,kakao_local_api:address_jibun,https://dapi.kakao.com/v2/local/search/address.json,2026-09-06,https://www.data.go.kr/data/15029300/fileData.do,2025-09-25,2026-09-06,administrative_record_only_not_confirmed_active,증축,2004-10-08,2004-10-11,2004-12-14,제2종근린생활시설,326,"주소 기반 추정 위치, 공사현장 좌표 아님"
15029300:1242,1242,건축행정기록,단독주택,인천광역시 미추홀구 용현동 132-96,37.4569675,126.6585254,geocoded_kakao_jibun,kakao_exact_jibun_address_match,인천 미추홀구 용현동 132-96,1,1,0.0,,kakao_local_api:address_jibun,https://dapi.kakao.com/v2/local/search/address.json,2026-09-06,https://www.data.go.kr/data/15029300/fileData.do,2025-09-25,2026-09-06,administrative_record_only_not_confirmed_active,증축,2004-10-05,2004-10-06,,단독주택,134,"주소 기반 추정 위치, 공사현장 좌표 아님"
15029300:1243,1243,건축행정기록,단독주택,인천광역시 미추홀구 숭의동 147-50 외2필지,,,unresolved,no_exact_parcel_match_in_kakao,,0,0,,,kakao_local_api:unresolved,https://dapi.kakao.com/v2/local/search/address.json,2026-09-06,https://www.data.go.kr/data/15029300/fileData.do,2025-09-25,2026-09-06,administrative_record_only_not_confirmed_active,신축,2004-10-05,2004-10-06,2005-01-29,단독주택,253,"주소 기반 추정 위치, 공사현장 좌표 아님"
15029300:1244,1244,건축행정기록,제1종근린생활시설,인천광역시 미추홀구 주안동 35-11,37.4655178,126.6921996,geocoded_kakao_jibun,kakao_exact_jibun_address_match,인천 미추홀구 주안동 35-11,1,1,0.0,,kakao_local_api:address_jibun,https://dapi.kakao.com/v2/local/search/address.json,2026-09-06,https://www.data.go.kr/data/15029300/fileData.do,2025-09-25,2026-09-06,administrative_record_only_not_confirmed_active,증축,2004-10-05,2004-10-08,2004-11-26,제1종근린생활시설,698.2,"주소 기반 추정 위치, 공사현장 좌표 아님"
15029300:1245,1245,건축행정기록,공장,인천광역시 미추홀구 도화동 765-2,37.4779308,126.6670469,geocoded_kakao_jibun,kakao_exact_jibun_address_match,인천 미추홀구 도화동 765-2,1,1,0.0,,kakao_local_api:address_jibun,https://dapi.kakao.com/v2/local/search/address.json,2026-09-06,https://www.data.go.kr/data/15029300/fileData.do,2025-09-25,2026-09-06,administrative_record_only_not_confirmed_active,증축,2004-09-22,2004-10-02,2004-11-24,공장,3056.4,"주소 기반 추정 위치, 공사현장 좌표 아님"
15029300:1246,1246,건축행정기록,제2종근린생활시설,인천광역시 미추홀구 주안동 1543-8,37.4571013,126.6914877,geocoded_kakao_jibun,kakao_exact_jibun_address_match,인천 미추홀구 주안동 1543-8,1,1,0.0,,kakao_local_api:address_jibun,https://dapi.kakao.com/v2/local/search/address.json,2026-09-06,https://www.data.go.kr/data/15029300/fileData.do,2025-09-25,2026-09-06,administrative_record_only_not_confirmed_active,증축,2004-09-21,2004-09-22,2004-10-15,제2종근린생활시설,198.5,"주소 기반 추정 위치, 공사현장 좌표 아님"
15029300:1247,1247,건축행정기록,제2종근린생활시설,인천광역시 미추홀구 용현동 198-17 외1필지,37.4517597,126.6557028,geocoded_kakao_jibun,kakao_exact_jibun_address_match,인천 미추홀구 용현동 198-17,1,1,0.0,,kakao_local_api:address_jibun,https://dapi.kakao.com/v2/local/search/address.json,2026-09-06,https://www.data.go.kr/data/15029300/fileData.do,2025-09-25,2026-09-06,administrative_record_only_not_confirmed_active,증축,2004-09-21,2004-10-08,2004-11-11,제2종근린생활시설,248.6,"주소 기반 추정 위치, 공사현장 좌표 아님"
15029300:1248,1248,건축행정기록,공장,인천광역시 미추홀구 도화동 732,37.4751708,126.6699976,geocoded_kakao_jibun,kakao_exact_jibun_address_match,인천 미추홀구 도화동 732,1,1,0.0,,kakao_local_api:address_jibun,https://dapi.kakao.com/v2/local/search/address.json,2026-09-06,https://www.data.go.kr/data/15029300/fileData.do,2025-09-25,2026-09-06,administrative_record_only_not_confirmed_active,증축,2004-09-16,2004-09-18,2004-11-09,공장,1118,"주소 기반 추정 위치, 공사현장 좌표 아님"
15029300:1249,1249,건축행정기록,단독주택,인천광역시 미추홀구 용현동 627-172,37.4507242,126.6356656,geocoded_kakao_jibun,kakao_exact_jibun_address_match,인천 미추홀구 용현동 627-172,1,1,0.0,,kakao_local_api:address_jibun,https://dapi.kakao.com/v2/local/search/address.json,2026-09-06,https://www.data.go.kr/data/15029300/fileData.do,2025-09-25,2026-09-06,administrative_record_only_not_confirmed_active,증축,2004-09-15,2004-10-07,2004-12-10,단독주택,140,"주소 기반 추정 위치, 공사현장 좌표 아님"
15029300:1250,1250,건축행정기록,교육연구및복지시설,인천광역시 미추홀구 주안동 1505-3,37.4507312,126.6859455,geocoded_kakao_jibun,kakao_exact_jibun_address_match,인천 미추홀구 주안동 1505-3,1,1,0.0,,kakao_local_api:address_jibun,https://dapi.kakao.com/v2/local/search/address.json,2026-09-06,https://www.data.go.kr/data/15029300/fileData.do,2025-09-25,2026-09-06,administrative_record_only_not_confirmed_active,증축,2004-09-10,2004-10-19,2004-12-06,교육연구및복지시설,303.7,"주소 기반 추정 위치, 공사현장 좌표 아님"
15029300:1251,1251,건축행정기록,제1종근린생활시설,인천광역시 미추홀구 주안동 866-161 외1필지,,,unresolved,no_exact_parcel_match_in_kakao,,0,0,,,kakao_local_api:unresolved,https://dapi.kakao.com/v2/local/search/address.json,2026-09-06,https://www.data.go.kr/data/15029300/fileData.do,2025-09-25,2026-09-06,administrative_record_only_not_confirmed_active,증축,2004-09-09,2004-09-14,2004-11-03,제1종근린생활시설,299,"주소 기반 추정 위치, 공사현장 좌표 아님"
15029300:1252,1252,건축행정기록,단독주택,인천광역시 미추홀구 도화동 372-17,37.4612010,126.6753984,geocoded_kakao_jibun,kakao_exact_jibun_address_match,인천 미추홀구 도화동 372-17,1,1,0.0,,kakao_local_api:address_jibun,https://dapi.kakao.com/v2/local/search/address.json,2026-09-06,https://www.data.go.kr/data/15029300/fileData.do,2025-09-25,2026-09-06,administrative_record_only_not_confirmed_active,증축,2004-09-09,2004-09-15,2004-11-23,단독주택,174.5,"주소 기반 추정 위치, 공사현장 좌표 아님"
15029300:1253,1253,건축행정기록,단독주택,인천광역시 미추홀구 숭의동 4-16,37.4626858,126.6586851,geocoded_kakao_jibun,kakao_exact_jibun_address_match,인천 미추홀구 숭의동 4-16,1,1,0.0,,kakao_local_api:address_jibun,https://dapi.kakao.com/v2/local/search/address.json,2026-09-06,https://www.data.go.kr/data/15029300/fileData.do,2025-09-25,2026-09-06,administrative_record_only_not_confirmed_active,재축,2004-09-08,2004-09-10,2004-10-21,단독주택,113.3,"주소 기반 추정 위치, 공사현장 좌표 아님"
15029300:1254,1254,건축행정기록,단독주택,인천광역시 미추홀구 용현동 189-36,37.4476526,126.6633572,geocoded_kakao_jibun,kakao_exact_jibun_address_match,인천 미추홀구 용현동 189-36,1,1,0.0,,kakao_local_api:address_jibun,https://dapi.kakao.com/v2/local/search/address.json,2026-09-06,https://www.data.go.kr/data/15029300/fileData.do,2025-09-25,2026-09-06,administrative_record_only_not_confirmed_active,증축,2004-09-06,2004-09-07,2004-10-12,단독주택,140,"주소 기반 추정 위치, 공사현장 좌표 아님"
15029300:1255,1255,건축행정기록,단독주택,인천광역시 미추홀구 용현동 237-10,37.4546147,126.6509115,geocoded_kakao_jibun,kakao_exact_jibun_address_match,인천 미추홀구 용현동 237-10,1,1,0.0,,kakao_local_api:address_jibun,https://dapi.kakao.com/v2/local/search/address.json,2026-09-06,https://www.data.go.kr/data/15029300/fileData.do,2025-09-25,2026-09-06,administrative_record_only_not_confirmed_active,신축,2004-09-03,2004-09-07,2005-12-28,단독주택,144.8,"주소 기반 추정 위치, 공사현장 좌표 아님"
15029300:1256,1256,건축행정기록,단독주택,인천광역시 미추홀구 용현동 132-103,37.4569182,126.6587092,geocoded_kakao_jibun,kakao_exact_jibun_address_match,인천 미추홀구 용현동 132-103,1,1,0.0,,kakao_local_api:address_jibun,https://dapi.kakao.com/v2/local/search/address.json,2026-09-06,https://www.data.go.kr/data/15029300/fileData.do,2025-09-25,2026-09-06,administrative_record_only_not_confirmed_active,증축,2004-09-02,2004-09-06,2004-10-15,단독주택,139,"주소 기반 추정 위치, 공사현장 좌표 아님"
15029300:1257,1257,건축행정기록,단독주택,인천광역시 미추홀구 주안동 862-7,,,unresolved,no_exact_parcel_match_in_kakao,,0,0,,,kakao_local_api:unresolved,https://dapi.kakao.com/v2/local/search/address.json,2026-09-06,https://www.data.go.kr/data/15029300/fileData.do,2025-09-25,2026-09-06,administrative_record_only_not_confirmed_active,신축,2004-08-30,2004-09-02,2004-12-03,단독주택,117,"주소 기반 추정 위치, 공사현장 좌표 아님"
15029300:1258,1258,건축행정기록,제2종근린생활시설,인천광역시 미추홀구 용현동 627-443,37.4506364,126.6336942,geocoded_kakao_jibun,kakao_exact_jibun_address_match,인천 미추홀구 용현동 627-443,1,1,0.0,,kakao_local_api:address_jibun,https://dapi.kakao.com/v2/local/search/address.json,2026-09-06,https://www.data.go.kr/data/15029300/fileData.do,2025-09-25,2026-09-06,administrative_record_only_not_confirmed_active,증축,2004-08-30,2004-09-01,2004-09-03,제2종근린생활시설,100,"주소 기반 추정 위치, 공사현장 좌표 아님"
15029300:1259,1259,건축행정기록,단독주택,인천광역시 미추홀구 주안동 1539-8,37.4533669,126.6887915,geocoded_kakao_jibun,kakao_exact_jibun_address_match,인천 미추홀구 주안동 1539-8,1,1,0.0,,kakao_local_api:address_jibun,https://dapi.kakao.com/v2/local/search/address.json,2026-09-06,https://www.data.go.kr/data/15029300/fileData.do,2025-09-25,2026-09-06,administrative_record_only_not_confirmed_active,증축,2004-08-27,2004-08-27,,단독주택,154,"주소 기반 추정 위치, 공사현장 좌표 아님"
15029300:1260,1260,건축행정기록,단독주택,인천광역시 미추홀구 용현동 623-55,37.4546079,126.6373130,geocoded_kakao_jibun,kakao_exact_jibun_address_match,인천 미추홀구 용현동 623-55,1,1,0.0,,kakao_local_api:address_jibun,https://dapi.kakao.com/v2/local/search/address.json,2026-09-06,https://www.data.go.kr/data/15029300/fileData.do,2025-09-25,2026-09-06,administrative_record_only_not_confirmed_active,증축,2004-08-26,2004-08-30,2004-10-12,단독주택,183.4,"주소 기반 추정 위치, 공사현장 좌표 아님"
15029300:1261,1261,건축행정기록,단독주택,인천광역시 미추홀구 주안동 1339-61,37.4465743,126.6761923,geocoded_kakao_jibun,kakao_exact_jibun_address_match,인천 미추홀구 주안동 1339-61,1,1,0.0,,kakao_local_api:address_jibun,https://dapi.kakao.com/v2/local/search/address.json,2026-09-06,https://www.data.go.kr/data/15029300/fileData.do,2025-09-25,2026-09-06,administrative_record_only_not_confirmed_active,신축,2004-08-20,2004-08-30,,단독주택,51,"주소 기반 추정 위치, 공사현장 좌표 아님"
15029300:1262,1262,건축행정기록,단독주택,인천광역시 미추홀구 주안동 411-17,37.4571763,126.6838128,geocoded_kakao_jibun,kakao_exact_jibun_address_match,인천 미추홀구 주안동 411-17,1,1,0.0,,kakao_local_api:address_jibun,https://dapi.kakao.com/v2/local/search/address.json,2026-09-06,https://www.data.go.kr/data/15029300/fileData.do,2025-09-25,2026-09-06,administrative_record_only_not_confirmed_active,증축,2004-08-11,2004-08-11,2004-08-23,단독주택,117.1,"주소 기반 추정 위치, 공사현장 좌표 아님"
15029300:1263,1263,건축행정기록,공장,인천광역시 미추홀구 도화동 767-7,37.4771478,126.6642852,geocoded_kakao_jibun,kakao_exact_jibun_address_match,인천 미추홀구 도화동 767-7,1,1,0.0,,kakao_local_api:address_jibun,https://dapi.kakao.com/v2/local/search/address.json,2026-09-06,https://www.data.go.kr/data/15029300/fileData.do,2025-09-25,2026-09-06,administrative_record_only_not_confirmed_active,증축,2004-08-10,2004-08-19,2004-09-07,공장,1197.1,"주소 기반 추정 위치, 공사현장 좌표 아님"
15029300:1264,1264,건축행정기록,교육연구및복지시설,인천광역시 미추홀구 용현동 565-52 외1필지,37.4556824,126.6396502,geocoded_kakao_jibun,kakao_exact_jibun_address_match,인천 미추홀구 용현동 565-52,1,1,0.0,,kakao_local_api:address_jibun,https://dapi.kakao.com/v2/local/search/address.json,2026-09-06,https://www.data.go.kr/data/15029300/fileData.do,2025-09-25,2026-09-06,administrative_record_only_not_confirmed_active,증축,2004-08-10,2004-08-17,2004-09-30,교육연구및복지시설,307.4,"주소 기반 추정 위치, 공사현장 좌표 아님"
15029300:1265,1265,건축행정기록,단독주택,인천광역시 미추홀구 용현동 146-655,37.4571702,126.6579607,geocoded_kakao_jibun,kakao_exact_jibun_address_match,인천 미추홀구 용현동 146-655,1,1,0.0,,kakao_local_api:address_jibun,https://dapi.kakao.com/v2/local/search/address.json,2026-09-06,https://www.data.go.kr/data/15029300/fileData.do,2025-09-25,2026-09-06,administrative_record_only_not_confirmed_active,증축,2004-08-07,2004-08-10,2005-06-10,단독주택,149,"주소 기반 추정 위치, 공사현장 좌표 아님"
15029300:1266,1266,건축행정기록,단독주택,인천광역시 미추홀구 숭의동 250-5,37.4607296,126.6535108,geocoded_kakao_jibun,kakao_exact_jibun_address_match,인천 미추홀구 숭의동 250-5,1,1,0.0,,kakao_local_api:address_jibun,https://dapi.kakao.com/v2/local/search/address.json,2026-09-06,https://www.data.go.kr/data/15029300/fileData.do,2025-09-25,2026-09-06,administrative_record_only_not_confirmed_active,증축,2004-08-06,2004-08-10,2004-09-06,단독주택,221,"주소 기반 추정 위치, 공사현장 좌표 아님"
15029300:1267,1267,건축행정기록,공장,인천광역시 미추홀구 도화동 709,37.4736825,126.6703569,geocoded_kakao_jibun,kakao_exact_jibun_address_match,인천 미추홀구 도화동 709,1,1,0.0,,kakao_local_api:address_jibun,https://dapi.kakao.com/v2/local/search/address.json,2026-09-06,https://www.data.go.kr/data/15029300/fileData.do,2025-09-25,2026-09-06,administrative_record_only_not_confirmed_active,증축,2004-08-06,2004-08-09,2004-10-06,공장,659,"주소 기반 추정 위치, 공사현장 좌표 아님"
15029300:1268,1268,건축행정기록,단독주택,인천광역시 미추홀구 용현동 623-78,37.4545208,126.6375353,geocoded_kakao_jibun,kakao_exact_jibun_address_match,인천 미추홀구 용현동 623-78,1,1,0.0,,kakao_local_api:address_jibun,https://dapi.kakao.com/v2/local/search/address.json,2026-09-06,https://www.data.go.kr/data/15029300/fileData.do,2025-09-25,2026-09-06,administrative_record_only_not_confirmed_active,증축,2004-08-05,2004-08-11,2004-09-23,단독주택,192,"주소 기반 추정 위치, 공사현장 좌표 아님"
15029300:1269,1269,건축행정기록,제1종근린생활시설,인천광역시 미추홀구 용현동 622-128,37.4529455,126.6377633,geocoded_kakao_jibun,kakao_exact_jibun_address_match,인천 미추홀구 용현동 622-128,1,1,0.0,,kakao_local_api:address_jibun,https://dapi.kakao.com/v2/local/search/address.json,2026-09-06,https://www.data.go.kr/data/15029300/fileData.do,2025-09-25,2026-09-06,administrative_record_only_not_confirmed_active,증축,2004-08-05,2004-08-12,2004-09-22,제1종근린생활시설,226,"주소 기반 추정 위치, 공사현장 좌표 아님"
15029300:1270,1270,건축행정기록,제2종근린생활시설,인천광역시 미추홀구 용현동 509-154,37.4562408,126.6494037,geocoded_kakao_jibun,kakao_exact_jibun_address_match,인천 미추홀구 용현동 509-154,1,1,0.0,,kakao_local_api:address_jibun,https://dapi.kakao.com/v2/local/search/address.json,2026-09-06,https://www.data.go.kr/data/15029300/fileData.do,2025-09-25,2026-09-06,administrative_record_only_not_confirmed_active,증축,2004-08-05,2004-08-07,2004-08-24,제2종근린생활시설,163.4,"주소 기반 추정 위치, 공사현장 좌표 아님"
15029300:1271,1271,건축행정기록,단독주택,인천광역시 미추홀구 용현동 212-14 외1필지,37.4532479,126.6514470,geocoded_kakao_jibun,kakao_exact_jibun_address_match,인천 미추홀구 용현동 212-14,1,1,0.0,,kakao_local_api:address_jibun,https://dapi.kakao.com/v2/local/search/address.json,2026-09-06,https://www.data.go.kr/data/15029300/fileData.do,2025-09-25,2026-09-06,administrative_record_only_not_confirmed_active,신축,2004-08-02,2004-08-04,2004-12-02,단독주택,191.87,"주소 기반 추정 위치, 공사현장 좌표 아님"
15029300:1272,1272,건축행정기록,단독주택,인천광역시 미추홀구 용현동 191-28 외1필지,37.4479999,126.6609945,geocoded_kakao_jibun,kakao_exact_jibun_address_match,인천 미추홀구 용현동 191-28,1,1,0.0,,kakao_local_api:address_jibun,https://dapi.kakao.com/v2/local/search/address.json,2026-09-06,https://www.data.go.kr/data/15029300/fileData.do,2025-09-25,2026-09-06,administrative_record_only_not_confirmed_active,증축,2004-08-02,2004-08-07,2004-11-30,단독주택,161.6,"주소 기반 추정 위치, 공사현장 좌표 아님"
15029300:1273,1273,건축행정기록,단독주택,인천광역시 미추홀구 용현동 570-12,37.4528757,126.6474334,geocoded_kakao_jibun,kakao_exact_jibun_address_match,인천 미추홀구 용현동 570-12,1,1,0.0,,kakao_local_api:address_jibun,https://dapi.kakao.com/v2/local/search/address.json,2026-09-06,https://www.data.go.kr/data/15029300/fileData.do,2025-09-25,2026-09-06,administrative_record_only_not_confirmed_active,증축,2004-07-29,2004-08-05,2004-09-02,단독주택,172,"주소 기반 추정 위치, 공사현장 좌표 아님"
15029300:1274,1274,건축행정기록,제2종근린생활시설,인천광역시 미추홀구 용현동 197-5,37.4524000,126.6562070,geocoded_kakao_jibun,kakao_exact_jibun_address_match,인천 미추홀구 용현동 197-5,1,1,0.0,,kakao_local_api:address_jibun,https://dapi.kakao.com/v2/local/search/address.json,2026-09-06,https://www.data.go.kr/data/15029300/fileData.do,2025-09-25,2026-09-06,administrative_record_only_not_confirmed_active,신축,2004-07-27,2004-07-28,2004-08-31,제2종근린생활시설,95.5,"주소 기반 추정 위치, 공사현장 좌표 아님"
15029300:1275,1275,건축행정기록,단독주택,인천광역시 미추홀구 문학동 404-2,37.4342955,126.6860010,geocoded_kakao_jibun,kakao_exact_jibun_address_match,인천 미추홀구 문학동 404-2,1,1,0.0,,kakao_local_api:address_jibun,https://dapi.kakao.com/v2/local/search/address.json,2026-09-06,https://www.data.go.kr/data/15029300/fileData.do,2025-09-25,2026-09-06,administrative_record_only_not_confirmed_active,신축,2004-07-23,2004-07-28,2005-04-04,단독주택,126.8,"주소 기반 추정 위치, 공사현장 좌표 아님"
15029300:1276,1276,건축행정기록,제2종근린생활시설,인천광역시 미추홀구 문학동 376-4,37.4373421,126.6832827,geocoded_kakao_jibun,kakao_exact_jibun_address_match,인천 미추홀구 문학동 376-4,1,1,0.0,,kakao_local_api:address_jibun,https://dapi.kakao.com/v2/local/search/address.json,2026-09-06,https://www.data.go.kr/data/15029300/fileData.do,2025-09-25,2026-09-06,administrative_record_only_not_confirmed_active,증축,2004-07-23,2004-07-26,2004-07-27,제2종근린생활시설,860,"주소 기반 추정 위치, 공사현장 좌표 아님"
15029300:1277,1277,건축행정기록,제1종근린생활시설,인천광역시 미추홀구 도화동 389-1,37.4608205,126.6747314,geocoded_kakao_jibun,kakao_exact_jibun_address_match,인천 미추홀구 도화동 389-1,1,1,0.0,,kakao_local_api:address_jibun,https://dapi.kakao.com/v2/local/search/address.json,2026-09-06,https://www.data.go.kr/data/15029300/fileData.do,2025-09-25,2026-09-06,administrative_record_only_not_confirmed_active,증축,2004-07-22,2004-07-23,2004-10-07,제1종근린생활시설,350.7,"주소 기반 추정 위치, 공사현장 좌표 아님"
15029300:1278,1278,건축행정기록,단독주택,인천광역시 미추홀구 용현동 85-3 외1필지,37.4480369,126.6617109,geocoded_kakao_jibun,kakao_exact_jibun_address_match,인천 미추홀구 용현동 85-3,1,1,0.0,,kakao_local_api:address_jibun,https://dapi.kakao.com/v2/local/search/address.json,2026-09-06,https://www.data.go.kr/data/15029300/fileData.do,2025-09-25,2026-09-06,administrative_record_only_not_confirmed_active,증축,2004-07-09,2004-07-15,2004-08-13,단독주택,170.3,"주소 기반 추정 위치, 공사현장 좌표 아님"
15029300:1279,1279,건축행정기록,제2종근린생활시설,인천광역시 미추홀구 주안동 750-5,37.4489341,126.6691873,geocoded_kakao_jibun,kakao_exact_jibun_address_match,인천 미추홀구 주안동 750-5,1,1,0.0,,kakao_local_api:address_jibun,https://dapi.kakao.com/v2/local/search/address.json,2026-09-06,https://www.data.go.kr/data/15029300/fileData.do,2025-09-25,2026-09-06,administrative_record_only_not_confirmed_active,증축,2004-07-06,2004-07-09,2004-08-09,제2종근린생활시설,409.7,"주소 기반 추정 위치, 공사현장 좌표 아님"
15029300:1280,1280,건축행정기록,단독주택,인천광역시 미추홀구 용현동 565-65,37.4565506,126.6399352,geocoded_kakao_jibun,kakao_exact_jibun_address_match,인천 미추홀구 용현동 565-65,1,1,0.0,,kakao_local_api:address_jibun,https://dapi.kakao.com/v2/local/search/address.json,2026-09-06,https://www.data.go.kr/data/15029300/fileData.do,2025-09-25,2026-09-06,administrative_record_only_not_confirmed_active,증축,2004-06-25,2004-06-25,2004-07-28,단독주택,158.8,"주소 기반 추정 위치, 공사현장 좌표 아님"
15029300:1281,1281,건축행정기록,단독주택,인천광역시 미추홀구 용현동 146-313 외1필지,37.4574233,126.6572886,geocoded_kakao_jibun,kakao_exact_jibun_address_match,인천 미추홀구 용현동 146-313,1,1,0.0,,kakao_local_api:address_jibun,https://dapi.kakao.com/v2/local/search/address.json,2026-09-06,https://www.data.go.kr/data/15029300/fileData.do,2025-09-25,2026-09-06,administrative_record_only_not_confirmed_active,신축,2004-06-23,2004-06-25,2004-10-25,단독주택,145,"주소 기반 추정 위치, 공사현장 좌표 아님"
15029300:1282,1282,건축행정기록,단독주택,인천광역시 미추홀구 용현동 68-22,37.4517768,126.6639688,geocoded_kakao_jibun,kakao_exact_jibun_address_match,인천 미추홀구 용현동 68-22,1,1,0.0,,kakao_local_api:address_jibun,https://dapi.kakao.com/v2/local/search/address.json,2026-09-06,https://www.data.go.kr/data/15029300/fileData.do,2025-09-25,2026-09-06,administrative_record_only_not_confirmed_active,증축,2004-06-23,2004-07-01,2004-08-26,단독주택,148.5,"주소 기반 추정 위치, 공사현장 좌표 아님"
15029300:1283,1283,건축행정기록,숙박시설,인천광역시 미추홀구 주안동 1004-4,37.4585797,126.6881032,geocoded_kakao_jibun,kakao_exact_jibun_address_match,인천 미추홀구 주안동 1004-4,1,1,0.0,,kakao_local_api:address_jibun,https://dapi.kakao.com/v2/local/search/address.json,2026-09-06,https://www.data.go.kr/data/15029300/fileData.do,2025-09-25,2026-09-06,administrative_record_only_not_confirmed_active,증축,2004-06-23,2004-12-20,2005-01-24,숙박시설,216.8,"주소 기반 추정 위치, 공사현장 좌표 아님"
15029300:1284,1284,건축행정기록,공장,인천광역시 미추홀구 도화동 120-52,37.4687316,126.6713897,geocoded_kakao_jibun,kakao_exact_jibun_address_match,인천 미추홀구 도화동 120-52,1,1,0.0,,kakao_local_api:address_jibun,https://dapi.kakao.com/v2/local/search/address.json,2026-09-06,https://www.data.go.kr/data/15029300/fileData.do,2025-09-25,2026-09-06,administrative_record_only_not_confirmed_active,증축,2004-06-18,2004-06-22,2004-06-25,공장,436.5,"주소 기반 추정 위치, 공사현장 좌표 아님"
15029300:1285,1285,건축행정기록,단독주택,인천광역시 미추홀구 주안동 415-39,37.4547328,126.6844844,geocoded_kakao_jibun,kakao_exact_jibun_address_match,인천 미추홀구 주안동 415-39,1,1,0.0,,kakao_local_api:address_jibun,https://dapi.kakao.com/v2/local/search/address.json,2026-09-06,https://www.data.go.kr/data/15029300/fileData.do,2025-09-25,2026-09-06,administrative_record_only_not_confirmed_active,대수선,2004-06-17,2004-06-25,,단독주택,107.4,"주소 기반 추정 위치, 공사현장 좌표 아님"
15029300:1286,1286,건축행정기록,단독주택,인천광역시 미추홀구 주안동 556-6 외1필지,37.4552175,126.6752277,geocoded_kakao_jibun,kakao_exact_jibun_address_match,인천 미추홀구 주안동 556-6,1,1,0.0,,kakao_local_api:address_jibun,https://dapi.kakao.com/v2/local/search/address.json,2026-09-06,https://www.data.go.kr/data/15029300/fileData.do,2025-09-25,2026-09-06,administrative_record_only_not_confirmed_active,증축,2004-06-16,2004-06-18,2004-07-16,단독주택,414.5,"주소 기반 추정 위치, 공사현장 좌표 아님"
15029300:1287,1287,건축행정기록,자동차관련시설,인천광역시 미추홀구 숭의동 165-58,37.4629621,126.6457970,geocoded_kakao_jibun,kakao_exact_jibun_address_match,인천 미추홀구 숭의동 165-58,1,1,0.0,,kakao_local_api:address_jibun,https://dapi.kakao.com/v2/local/search/address.json,2026-09-06,https://www.data.go.kr/data/15029300/fileData.do,2025-09-25,2026-09-06,administrative_record_only_not_confirmed_active,신축,2004-06-14,2004-06-17,2004-08-02,자동차관련시설,146.8,"주소 기반 추정 위치, 공사현장 좌표 아님"
15029300:1288,1288,건축행정기록,제2종근린생활시설,인천광역시 미추홀구 학익동 253-6,37.4420308,126.6658618,geocoded_kakao_jibun,kakao_exact_jibun_address_match,인천 미추홀구 학익동 253-6,1,1,0.0,,kakao_local_api:address_jibun,https://dapi.kakao.com/v2/local/search/address.json,2026-09-06,https://www.data.go.kr/data/15029300/fileData.do,2025-09-25,2026-09-06,administrative_record_only_not_confirmed_active,신축,2004-06-11,2004-06-22,2004-08-20,제2종근린생활시설,165,"주소 기반 추정 위치, 공사현장 좌표 아님"
15029300:1289,1289,건축행정기록,공장,인천광역시 미추홀구 도화동 809,37.4782944,126.6620351,geocoded_kakao_jibun,kakao_exact_jibun_address_match,인천 미추홀구 도화동 809,1,1,0.0,,kakao_local_api:address_jibun,https://dapi.kakao.com/v2/local/search/address.json,2026-09-06,https://www.data.go.kr/data/15029300/fileData.do,2025-09-25,2026-09-06,administrative_record_only_not_confirmed_active,증축,2004-06-10,2004-06-11,2004-08-09,공장,2295.2,"주소 기반 추정 위치, 공사현장 좌표 아님"
15029300:1290,1290,건축행정기록,제2종근린생활시설,인천광역시 미추홀구 용현동 456-24,37.4588053,126.6565729,geocoded_kakao_jibun,kakao_exact_jibun_address_match,인천 미추홀구 용현동 456-24,1,1,0.0,,kakao_local_api:address_jibun,https://dapi.kakao.com/v2/local/search/address.json,2026-09-06,https://www.data.go.kr/data/15029300/fileData.do,2025-09-25,2026-09-06,administrative_record_only_not_confirmed_active,신축,2004-06-07,2004-06-17,,제2종근린생활시설,204,"주소 기반 추정 위치, 공사현장 좌표 아님"
15029300:1291,1291,건축행정기록,제2종근린생활시설,인천광역시 미추홀구 주안동 722-2,37.4515312,126.6716887,geocoded_kakao_jibun,kakao_exact_jibun_address_match,인천 미추홀구 주안동 722-2,1,1,0.0,,kakao_local_api:address_jibun,https://dapi.kakao.com/v2/local/search/address.json,2026-09-06,https://www.data.go.kr/data/15029300/fileData.do,2025-09-25,2026-09-06,administrative_record_only_not_confirmed_active,신축,2004-06-07,2004-06-08,2004-07-27,제2종근린생활시설,186.1,"주소 기반 추정 위치, 공사현장 좌표 아님"
15029300:1292,1292,건축행정기록,자동차관련시설,인천광역시 미추홀구 도화동 573-3,37.4644553,126.6692670,geocoded_kakao_jibun,kakao_exact_jibun_address_match,인천 미추홀구 도화동 573-3,1,1,0.0,,kakao_local_api:address_jibun,https://dapi.kakao.com/v2/local/search/address.json,2026-09-06,https://www.data.go.kr/data/15029300/fileData.do,2025-09-25,2026-09-06,administrative_record_only_not_confirmed_active,증축,2004-06-07,2004-06-10,2004-08-09,자동차관련시설,1492.2,"주소 기반 추정 위치, 공사현장 좌표 아님"
15029300:1293,1293,건축행정기록,제2종근린생활시설,인천광역시 미추홀구 용현동 475-10,37.4572825,126.6467532,geocoded_kakao_jibun,kakao_exact_jibun_address_match,인천 미추홀구 용현동 475-10,1,1,0.0,,kakao_local_api:address_jibun,https://dapi.kakao.com/v2/local/search/address.json,2026-09-06,https://www.data.go.kr/data/15029300/fileData.do,2025-09-25,2026-09-06,administrative_record_only_not_confirmed_active,증축,2004-06-01,2004-10-05,2004-11-01,제2종근린생활시설,173.6,"주소 기반 추정 위치, 공사현장 좌표 아님"
15029300:1294,1294,건축행정기록,단독주택,인천광역시 미추홀구 용현동 622-58,37.4533770,126.6368464,geocoded_kakao_jibun,kakao_exact_jibun_address_match,인천 미추홀구 용현동 622-58,1,1,0.0,,kakao_local_api:address_jibun,https://dapi.kakao.com/v2/local/search/address.json,2026-09-06,https://www.data.go.kr/data/15029300/fileData.do,2025-09-25,2026-09-06,administrative_record_only_not_confirmed_active,증축,2004-05-29,2004-06-11,2004-07-16,단독주택,179.5,"주소 기반 추정 위치, 공사현장 좌표 아님"
15029300:1295,1295,건축행정기록,창고시설,인천광역시 미추홀구 숭의동 346-15,37.4615919,126.6415592,geocoded_kakao_jibun,kakao_exact_jibun_address_match,인천 미추홀구 숭의동 346-15,1,1,0.0,,kakao_local_api:address_jibun,https://dapi.kakao.com/v2/local/search/address.json,2026-09-06,https://www.data.go.kr/data/15029300/fileData.do,2025-09-25,2026-09-06,administrative_record_only_not_confirmed_active,신축,2004-05-28,2004-06-01,2004-07-15,창고시설,154,"주소 기반 추정 위치, 공사현장 좌표 아님"
15029300:1296,1296,건축행정기록,단독주택,인천광역시 미추홀구 주안동 751-9,37.4491339,126.6687693,geocoded_kakao_jibun,kakao_exact_jibun_address_match,인천 미추홀구 주안동 751-9,1,1,0.0,,kakao_local_api:address_jibun,https://dapi.kakao.com/v2/local/search/address.json,2026-09-06,https://www.data.go.kr/data/15029300/fileData.do,2025-09-25,2026-09-06,administrative_record_only_not_confirmed_active,증축,2004-05-28,2004-06-01,2004-08-06,단독주택,145.8,"주소 기반 추정 위치, 공사현장 좌표 아님"
15029300:1297,1297,건축행정기록,공장,인천광역시 미추홀구 도화동 765-10,37.4779220,126.6658546,geocoded_kakao_jibun,kakao_exact_jibun_address_match,인천 미추홀구 도화동 765-10,1,1,0.0,,kakao_local_api:address_jibun,https://dapi.kakao.com/v2/local/search/address.json,2026-09-06,https://www.data.go.kr/data/15029300/fileData.do,2025-09-25,2026-09-06,administrative_record_only_not_confirmed_active,신축,2004-05-17,2004-09-14,2005-01-12,공장,978.6,"주소 기반 추정 위치, 공사현장 좌표 아님"
15029300:1298,1298,건축행정기록,제2종근린생활시설,인천광역시 미추홀구 도화동 456-12,37.4579596,126.6740993,geocoded_kakao_jibun,kakao_exact_jibun_address_match,인천 미추홀구 도화동 456-12,1,1,0.0,,kakao_local_api:address_jibun,https://dapi.kakao.com/v2/local/search/address.json,2026-09-06,https://www.data.go.kr/data/15029300/fileData.do,2025-09-25,2026-09-06,administrative_record_only_not_confirmed_active,증축,2004-05-12,2004-05-13,2004-07-27,제2종근린생활시설,137.5,"주소 기반 추정 위치, 공사현장 좌표 아님"
15029300:1299,1299,건축행정기록,단독주택,인천광역시 미추홀구 주안동 596-17,37.4540383,126.6731126,geocoded_kakao_jibun,kakao_exact_jibun_address_match,인천 미추홀구 주안동 596-17,1,1,0.0,,kakao_local_api:address_jibun,https://dapi.kakao.com/v2/local/search/address.json,2026-09-06,https://www.data.go.kr/data/15029300/fileData.do,2025-09-25,2026-09-06,administrative_record_only_not_confirmed_active,증축,2004-05-12,2004-05-13,2014-10-24,단독주택,210.6,"주소 기반 추정 위치, 공사현장 좌표 아님"
15029300:1300,1300,건축행정기록,단독주택,인천광역시 미추홀구 숭의동 222-1 외1필지,37.4632035,126.6514575,geocoded_kakao_jibun,kakao_exact_jibun_address_match,인천 미추홀구 숭의동 222-1,1,1,0.0,,kakao_local_api:address_jibun,https://dapi.kakao.com/v2/local/search/address.json,2026-09-06,https://www.data.go.kr/data/15029300/fileData.do,2025-09-25,2026-09-06,administrative_record_only_not_confirmed_active,증축,2004-05-08,2004-05-11,,단독주택,138.1,"주소 기반 추정 위치, 공사현장 좌표 아님"
15029300:1301,1301,건축행정기록,단독주택,인천광역시 미추홀구 주안동 437-29,37.4564266,126.6809955,geocoded_kakao_jibun,kakao_exact_jibun_address_match,인천 미추홀구 주안동 437-29,1,1,0.0,,kakao_local_api:address_jibun,https://dapi.kakao.com/v2/local/search/address.json,2026-09-06,https://www.data.go.kr/data/15029300/fileData.do,2025-09-25,2026-09-06,administrative_record_only_not_confirmed_active,증축,2004-05-04,2004-05-11,2004-07-31,단독주택,156.4,"주소 기반 추정 위치, 공사현장 좌표 아님"
15029300:1302,1302,건축행정기록,제2종근린생활시설,인천광역시 미추홀구 용현동 118-25,,,unresolved,no_exact_parcel_match_in_kakao,,0,0,,,kakao_local_api:unresolved,https://dapi.kakao.com/v2/local/search/address.json,2026-09-06,https://www.data.go.kr/data/15029300/fileData.do,2025-09-25,2026-09-06,administrative_record_only_not_confirmed_active,증축,2004-04-29,2004-04-29,2004-06-01,제2종근린생활시설,197.98,"주소 기반 추정 위치, 공사현장 좌표 아님"
15029300:1303,1303,건축행정기록,제2종근린생활시설,인천광역시 미추홀구 주안동 1542-53 외1필지,37.4574857,126.6909308,geocoded_kakao_jibun,kakao_exact_jibun_address_match,인천 미추홀구 주안동 1542-53,1,1,0.0,,kakao_local_api:address_jibun,https://dapi.kakao.com/v2/local/search/address.json,2026-09-06,https://www.data.go.kr/data/15029300/fileData.do,2025-09-25,2026-09-06,administrative_record_only_not_confirmed_active,증축,2004-04-17,2004-04-21,2006-07-24,제2종근린생활시설,348.5,"주소 기반 추정 위치, 공사현장 좌표 아님"
15029300:1304,1304,건축행정기록,단독주택,인천광역시 미추홀구 숭의동 7-136,37.4611803,126.6598848,geocoded_kakao_jibun,kakao_exact_jibun_address_match,인천 미추홀구 숭의동 7-136,1,1,0.0,,kakao_local_api:address_jibun,https://dapi.kakao.com/v2/local/search/address.json,2026-09-06,https://www.data.go.kr/data/15029300/fileData.do,2025-09-25,2026-09-06,administrative_record_only_not_confirmed_active,증축,2004-04-17,2004-04-21,2004-06-09,단독주택,185,"주소 기반 추정 위치, 공사현장 좌표 아님"
15029300:1305,1305,건축행정기록,제2종근린생활시설,인천광역시 미추홀구 숭의동 158-31,37.4645003,126.6464048,geocoded_kakao_jibun,kakao_exact_jibun_address_match,인천 미추홀구 숭의동 158-31,1,1,0.0,,kakao_local_api:address_jibun,https://dapi.kakao.com/v2/local/search/address.json,2026-09-06,https://www.data.go.kr/data/15029300/fileData.do,2025-09-25,2026-09-06,administrative_record_only_not_confirmed_active,증축,2004-04-12,2004-04-17,2004-08-03,제2종근린생활시설,569.6,"주소 기반 추정 위치, 공사현장 좌표 아님"
15029300:1306,1306,건축행정기록,단독주택,인천광역시 미추홀구 용현동 627-170,37.4508449,126.6355507,geocoded_kakao_jibun,kakao_exact_jibun_address_match,인천 미추홀구 용현동 627-170,1,1,0.0,,kakao_local_api:address_jibun,https://dapi.kakao.com/v2/local/search/address.json,2026-09-06,https://www.data.go.kr/data/15029300/fileData.do,2025-09-25,2026-09-06,administrative_record_only_not_confirmed_active,증축,2004-04-12,2004-04-14,2004-04-23,단독주택,140,"주소 기반 추정 위치, 공사현장 좌표 아님"
15029300:1307,1307,건축행정기록,단독주택,인천광역시 미추홀구 주안동 1343-107,37.4460517,126.6771234,geocoded_kakao_jibun,kakao_exact_jibun_address_match,인천 미추홀구 주안동 1343-107,1,1,0.0,,kakao_local_api:address_jibun,https://dapi.kakao.com/v2/local/search/address.json,2026-09-06,https://www.data.go.kr/data/15029300/fileData.do,2025-09-25,2026-09-06,administrative_record_only_not_confirmed_active,신축,2004-04-08,2004-06-01,2009-04-02,단독주택,42,"주소 기반 추정 위치, 공사현장 좌표 아님"
15029300:1308,1308,건축행정기록,단독주택,인천광역시 미추홀구 용현동 174-26,37.4537389,126.6605003,geocoded_kakao_jibun,kakao_exact_jibun_address_match,인천 미추홀구 용현동 174-26,1,1,0.0,,kakao_local_api:address_jibun,https://dapi.kakao.com/v2/local/search/address.json,2026-09-06,https://www.data.go.kr/data/15029300/fileData.do,2025-09-25,2026-09-06,administrative_record_only_not_confirmed_active,증축,2004-04-03,2004-04-03,2004-05-12,단독주택,138.8,"주소 기반 추정 위치, 공사현장 좌표 아님"
15029300:1309,1309,건축행정기록,제1종근린생활시설,인천광역시 미추홀구 숭의동 105-75,37.4692227,126.6485255,geocoded_kakao_jibun,kakao_exact_jibun_address_match,인천 미추홀구 숭의동 105-75,1,1,0.0,,kakao_local_api:address_jibun,https://dapi.kakao.com/v2/local/search/address.json,2026-09-06,https://www.data.go.kr/data/15029300/fileData.do,2025-09-25,2026-09-06,administrative_record_only_not_confirmed_active,신축,2004-04-02,2004-04-09,2004-06-11,제1종근린생활시설,81.8,"주소 기반 추정 위치, 공사현장 좌표 아님"
15029300:1310,1310,건축행정기록,단독주택,인천광역시 미추홀구 용현동 611-24,37.4530298,126.6387680,geocoded_kakao_jibun,kakao_exact_jibun_address_match,인천 미추홀구 용현동 611-24,1,1,0.0,,kakao_local_api:address_jibun,https://dapi.kakao.com/v2/local/search/address.json,2026-09-06,https://www.data.go.kr/data/15029300/fileData.do,2025-09-25,2026-09-06,administrative_record_only_not_confirmed_active,증축,2004-03-31,2004-04-02,2004-06-09,단독주택,211.8,"주소 기반 추정 위치, 공사현장 좌표 아님"
15029300:1311,1311,건축행정기록,제2종근린생활시설,인천광역시 미추홀구 학익동 244-40,37.4413789,126.6696539,geocoded_kakao_jibun,kakao_exact_jibun_address_match,인천 미추홀구 학익동 244-40,1,1,0.0,,kakao_local_api:address_jibun,https://dapi.kakao.com/v2/local/search/address.json,2026-09-06,https://www.data.go.kr/data/15029300/fileData.do,2025-09-25,2026-09-06,administrative_record_only_not_confirmed_active,증축,2004-03-31,2004-04-16,,제2종근린생활시설,1335,"주소 기반 추정 위치, 공사현장 좌표 아님"
15029300:1312,1312,건축행정기록,제1종근린생활시설,인천광역시 미추홀구 주안동 13-41,37.4677879,126.6772242,geocoded_kakao_jibun,kakao_exact_jibun_address_match,인천 미추홀구 주안동 13-41,1,1,0.0,,kakao_local_api:address_jibun,https://dapi.kakao.com/v2/local/search/address.json,2026-09-06,https://www.data.go.kr/data/15029300/fileData.do,2025-09-25,2026-09-06,administrative_record_only_not_confirmed_active,용도변경,2004-03-26,2004-03-26,2004-05-27,제1종근린생활시설,535.7,"주소 기반 추정 위치, 공사현장 좌표 아님"
15029300:1313,1313,건축행정기록,단독주택,인천광역시 미추홀구 용현동 132-17,37.4564689,126.6580156,geocoded_kakao_jibun,kakao_exact_jibun_address_match,인천 미추홀구 용현동 132-17,1,1,0.0,,kakao_local_api:address_jibun,https://dapi.kakao.com/v2/local/search/address.json,2026-09-06,https://www.data.go.kr/data/15029300/fileData.do,2025-09-25,2026-09-06,administrative_record_only_not_confirmed_active,증축,2004-03-25,2004-03-30,2004-04-08,단독주택,130,"주소 기반 추정 위치, 공사현장 좌표 아님"
15029300:1314,1314,건축행정기록,제2종근린생활시설,인천광역시 미추홀구 용현동 475-63,,,unresolved,no_exact_parcel_match_in_kakao,,0,0,,,kakao_local_api:unresolved,https://dapi.kakao.com/v2/local/search/address.json,2026-09-06,https://www.data.go.kr/data/15029300/fileData.do,2025-09-25,2026-09-06,administrative_record_only_not_confirmed_active,신축,2004-03-18,2004-03-22,2004-09-02,제2종근린생활시설,280.7,"주소 기반 추정 위치, 공사현장 좌표 아님"
15029300:1315,1315,건축행정기록,제1종근린생활시설,인천광역시 미추홀구 용현동 629-15 외1필지,37.4528547,126.6338032,geocoded_kakao_jibun,kakao_exact_jibun_address_match,인천 미추홀구 용현동 629-15,1,1,0.0,,kakao_local_api:address_jibun,https://dapi.kakao.com/v2/local/search/address.json,2026-09-06,https://www.data.go.kr/data/15029300/fileData.do,2025-09-25,2026-09-06,administrative_record_only_not_confirmed_active,증축,2004-03-18,2004-03-24,2005-11-10,제1종근린생활시설,536.5,"주소 기반 추정 위치, 공사현장 좌표 아님"
15029300:1316,1316,건축행정기록,단독주택,인천광역시 미추홀구 용현동 424-5,37.4529828,126.6537858,geocoded_kakao_jibun,kakao_exact_jibun_address_match,인천 미추홀구 용현동 424-5,1,1,0.0,,kakao_local_api:address_jibun,https://dapi.kakao.com/v2/local/search/address.json,2026-09-06,https://www.data.go.kr/data/15029300/fileData.do,2025-09-25,2026-09-06,administrative_record_only_not_confirmed_active,신축,2004-03-17,2004-03-23,2004-11-15,단독주택,848,"주소 기반 추정 위치, 공사현장 좌표 아님"
15029300:1317,1317,건축행정기록,제2종근린생활시설,인천광역시 미추홀구 용현동 621-33,37.4525621,126.6357742,geocoded_kakao_jibun,kakao_exact_jibun_address_match,인천 미추홀구 용현동 621-33,1,1,0.0,,kakao_local_api:address_jibun,https://dapi.kakao.com/v2/local/search/address.json,2026-09-06,https://www.data.go.kr/data/15029300/fileData.do,2025-09-25,2026-09-06,administrative_record_only_not_confirmed_active,증축,2004-03-16,2004-04-01,2004-06-09,제2종근린생활시설,194.4,"주소 기반 추정 위치, 공사현장 좌표 아님"
15029300:1318,1318,건축행정기록,단독주택,인천광역시 미추홀구 용현동 1-108,37.4574966,126.6631919,geocoded_kakao_jibun,kakao_exact_jibun_address_match,인천 미추홀구 용현동 1-108,1,1,0.0,,kakao_local_api:address_jibun,https://dapi.kakao.com/v2/local/search/address.json,2026-09-06,https://www.data.go.kr/data/15029300/fileData.do,2025-09-25,2026-09-06,administrative_record_only_not_confirmed_active,증축,2004-03-15,2004-03-17,2004-06-03,단독주택,177,"주소 기반 추정 위치, 공사현장 좌표 아님"
15029300:1319,1319,건축행정기록,단독주택,인천광역시 미추홀구 주안동 497-8,37.4558352,126.6778557,geocoded_kakao_jibun,kakao_exact_jibun_address_match,인천 미추홀구 주안동 497-8,1,1,0.0,,kakao_local_api:address_jibun,https://dapi.kakao.com/v2/local/search/address.json,2026-09-06,https://www.data.go.kr/data/15029300/fileData.do,2025-09-25,2026-09-06,administrative_record_only_not_confirmed_active,증축,2004-03-05,2004-03-10,2004-05-10,단독주택,137.2,"주소 기반 추정 위치, 공사현장 좌표 아님"
15029300:1320,1320,건축행정기록,단독주택,인천광역시 미추홀구 용현동 85-13 외1필지,37.4480376,126.6610221,geocoded_kakao_jibun,kakao_exact_jibun_address_match,인천 미추홀구 용현동 85-13,1,1,0.0,,kakao_local_api:address_jibun,https://dapi.kakao.com/v2/local/search/address.json,2026-09-06,https://www.data.go.kr/data/15029300/fileData.do,2025-09-25,2026-09-06,administrative_record_only_not_confirmed_active,신축,2004-03-03,2004-03-09,2004-07-13,단독주택,161.6,"주소 기반 추정 위치, 공사현장 좌표 아님"
15029300:1321,1321,건축행정기록,제2종근린생활시설,인천광역시 미추홀구 주안동 456-6 외1필지,37.4550349,126.6804173,geocoded_kakao_jibun,kakao_exact_jibun_address_match,인천 미추홀구 주안동 456-6,1,1,0.0,,kakao_local_api:address_jibun,https://dapi.kakao.com/v2/local/search/address.json,2026-09-06,https://www.data.go.kr/data/15029300/fileData.do,2025-09-25,2026-09-06,administrative_record_only_not_confirmed_active,증축,2004-03-02,2004-03-06,2004-12-17,제2종근린생활시설,838.4,"주소 기반 추정 위치, 공사현장 좌표 아님"
15029300:1322,1322,건축행정기록,제1종근린생활시설,인천광역시 미추홀구 숭의동 161-6 외1필지,37.4640283,126.6446544,geocoded_kakao_jibun,kakao_exact_jibun_address_match,인천 미추홀구 숭의동 161-6,1,1,0.0,,kakao_local_api:address_jibun,https://dapi.kakao.com/v2/local/search/address.json,2026-09-06,https://www.data.go.kr/data/15029300/fileData.do,2025-09-25,2026-09-06,administrative_record_only_not_confirmed_active,증축,2004-02-25,2004-03-19,2004-05-17,제1종근린생활시설,189.7,"주소 기반 추정 위치, 공사현장 좌표 아님"
15029300:1323,1323,건축행정기록,공장,인천광역시 미추홀구 주안동 3-42,37.4720047,126.6830804,geocoded_kakao_jibun,kakao_exact_jibun_address_match,인천 미추홀구 주안동 3-42,1,1,0.0,,kakao_local_api:address_jibun,https://dapi.kakao.com/v2/local/search/address.json,2026-09-06,https://www.data.go.kr/data/15029300/fileData.do,2025-09-25,2026-09-06,administrative_record_only_not_confirmed_active,증축,2004-02-16,2004-05-20,2005-05-13,공장,826.4,"주소 기반 추정 위치, 공사현장 좌표 아님"
15029300:1324,1324,건축행정기록,제2종근린생활시설,인천광역시 미추홀구 주안동 1257-8,37.4472134,126.6813454,geocoded_kakao_jibun,kakao_exact_jibun_address_match,인천 미추홀구 주안동 1257-8,1,1,0.0,,kakao_local_api:address_jibun,https://dapi.kakao.com/v2/local/search/address.json,2026-09-06,https://www.data.go.kr/data/15029300/fileData.do,2025-09-25,2026-09-06,administrative_record_only_not_confirmed_active,증축,2004-02-11,2004-02-12,2004-02-27,제2종근린생활시설,139,"주소 기반 추정 위치, 공사현장 좌표 아님"
15029300:1325,1325,건축행정기록,단독주택,인천광역시 미추홀구 도화동 624-300,37.4633339,126.6625928,geocoded_kakao_jibun,kakao_exact_jibun_address_match,인천 미추홀구 도화동 624-300,1,1,0.0,,kakao_local_api:address_jibun,https://dapi.kakao.com/v2/local/search/address.json,2026-09-06,https://www.data.go.kr/data/15029300/fileData.do,2025-09-25,2026-09-06,administrative_record_only_not_confirmed_active,증축,2004-02-09,2004-02-11,2005-10-07,단독주택,281,"주소 기반 추정 위치, 공사현장 좌표 아님"
15029300:1326,1326,건축행정기록,단독주택,인천광역시 미추홀구 주안동 1500-11,37.4488398,126.6857362,geocoded_kakao_jibun,kakao_exact_jibun_address_match,인천 미추홀구 주안동 1500-11,1,1,0.0,,kakao_local_api:address_jibun,https://dapi.kakao.com/v2/local/search/address.json,2026-09-06,https://www.data.go.kr/data/15029300/fileData.do,2025-09-25,2026-09-06,administrative_record_only_not_confirmed_active,증축,2004-01-28,2008-03-31,2008-09-29,단독주택,148.4,"주소 기반 추정 위치, 공사현장 좌표 아님"
15029300:1327,1327,건축행정기록,단독주택,인천광역시 미추홀구 주안동 624-19,37.4579996,126.6698808,geocoded_kakao_jibun,kakao_exact_jibun_address_match,인천 미추홀구 주안동 624-19,1,1,0.0,,kakao_local_api:address_jibun,https://dapi.kakao.com/v2/local/search/address.json,2026-09-06,https://www.data.go.kr/data/15029300/fileData.do,2025-09-25,2026-09-06,administrative_record_only_not_confirmed_active,신축,2004-01-16,2004-03-11,2004-06-08,단독주택,193.8,"주소 기반 추정 위치, 공사현장 좌표 아님"
15029300:1328,1328,건축행정기록,단독주택,인천광역시 미추홀구 도화동 53-27,37.4746839,126.6688870,geocoded_kakao_jibun,kakao_exact_jibun_address_match,인천 미추홀구 도화동 53-27,1,1,0.0,,kakao_local_api:address_jibun,https://dapi.kakao.com/v2/local/search/address.json,2026-09-06,https://www.data.go.kr/data/15029300/fileData.do,2025-09-25,2026-09-06,administrative_record_only_not_confirmed_active,증축,2004-01-16,2004-01-20,2004-02-16,단독주택,439.8,"주소 기반 추정 위치, 공사현장 좌표 아님"
15029300:1329,1329,건축행정기록,단독주택,인천광역시 미추홀구 주안동 653-17 외1필지,37.4587813,126.6670734,geocoded_kakao_jibun,kakao_exact_jibun_address_match,인천 미추홀구 주안동 653-17,1,1,0.0,,kakao_local_api:address_jibun,https://dapi.kakao.com/v2/local/search/address.json,2026-09-06,https://www.data.go.kr/data/15029300/fileData.do,2025-09-25,2026-09-06,administrative_record_only_not_confirmed_active,증축,2004-01-15,2004-01-16,2004-10-07,단독주택,218,"주소 기반 추정 위치, 공사현장 좌표 아님"
15029300:1330,1330,건축행정기록,공장,인천광역시 미추홀구 도화동 822-2,37.4796044,126.6642592,geocoded_kakao_jibun,kakao_exact_jibun_address_match,인천 미추홀구 도화동 822-2,1,1,0.0,,kakao_local_api:address_jibun,https://dapi.kakao.com/v2/local/search/address.json,2026-09-06,https://www.data.go.kr/data/15029300/fileData.do,2025-09-25,2026-09-06,administrative_record_only_not_confirmed_active,증축,2004-01-08,2004-03-31,2005-06-10,공장,1645.5,"주소 기반 추정 위치, 공사현장 좌표 아님"
15029300:1331,1331,건축행정기록,단독주택,인천광역시 미추홀구 용현동 565-50,37.4558731,126.6397967,geocoded_kakao_jibun,kakao_exact_jibun_address_match,인천 미추홀구 용현동 565-50,1,1,0.0,,kakao_local_api:address_jibun,https://dapi.kakao.com/v2/local/search/address.json,2026-09-06,https://www.data.go.kr/data/15029300/fileData.do,2025-09-25,2026-09-06,administrative_record_only_not_confirmed_active,증축,2004-01-02,2004-12-24,2005-05-13,단독주택,148.8,"주소 기반 추정 위치, 공사현장 좌표 아님"
15029300:1332,1332,건축행정기록,제2종근린생활시설,인천광역시 미추홀구 학익동 260-46,37.4434181,126.6638559,geocoded_kakao_jibun,kakao_exact_jibun_address_match,인천 미추홀구 학익동 260-46,1,1,0.0,,kakao_local_api:address_jibun,https://dapi.kakao.com/v2/local/search/address.json,2026-09-06,https://www.data.go.kr/data/15029300/fileData.do,2025-09-25,2026-09-06,administrative_record_only_not_confirmed_active,신축,2003-12-24,2004-01-06,2004-03-25,제2종근린생활시설,236.01,"주소 기반 추정 위치, 공사현장 좌표 아님"
15029300:1333,1333,건축행정기록,제2종근린생활시설,인천광역시 미추홀구 주안동 173-9,37.4603760,126.6807285,geocoded_kakao_jibun,kakao_exact_jibun_address_match,인천 미추홀구 주안동 173-9,1,1,0.0,,kakao_local_api:address_jibun,https://dapi.kakao.com/v2/local/search/address.json,2026-09-06,https://www.data.go.kr/data/15029300/fileData.do,2025-09-25,2026-09-06,administrative_record_only_not_confirmed_active,신축,2003-12-12,2003-12-15,,제2종근린생활시설,194.4,"주소 기반 추정 위치, 공사현장 좌표 아님"
15029300:1334,1334,건축행정기록,제2종근린생활시설,인천광역시 미추홀구 학익동 222-4,37.4403783,126.6645741,geocoded_kakao_jibun,kakao_exact_jibun_address_match,인천 미추홀구 학익동 222-4,1,1,0.0,,kakao_local_api:address_jibun,https://dapi.kakao.com/v2/local/search/address.json,2026-09-06,https://www.data.go.kr/data/15029300/fileData.do,2025-09-25,2026-09-06,administrative_record_only_not_confirmed_active,신축,2003-12-08,2003-12-15,2004-01-19,제2종근린생활시설,140,"주소 기반 추정 위치, 공사현장 좌표 아님"
15029300:1335,1335,건축행정기록,공장,인천광역시 미추홀구 도화동 737-3,37.4753560,126.6716367,geocoded_kakao_jibun,kakao_exact_jibun_address_match,인천 미추홀구 도화동 737-3,1,1,0.0,,kakao_local_api:address_jibun,https://dapi.kakao.com/v2/local/search/address.json,2026-09-06,https://www.data.go.kr/data/15029300/fileData.do,2025-09-25,2026-09-06,administrative_record_only_not_confirmed_active,신축,2003-12-05,2004-01-16,2004-06-14,공장,651.5,"주소 기반 추정 위치, 공사현장 좌표 아님"
15029300:1336,1336,건축행정기록,자동차관련시설,인천광역시 미추홀구 학익동 4-20,37.4468995,126.6677377,geocoded_kakao_jibun,kakao_exact_jibun_address_match,인천 미추홀구 학익동 4-20,1,1,0.0,,kakao_local_api:address_jibun,https://dapi.kakao.com/v2/local/search/address.json,2026-09-06,https://www.data.go.kr/data/15029300/fileData.do,2025-09-25,2026-09-06,administrative_record_only_not_confirmed_active,증축,2003-12-05,2003-12-08,2003-12-19,자동차관련시설,658,"주소 기반 추정 위치, 공사현장 좌표 아님"
15029300:1337,1337,건축행정기록,제2종근린생활시설,인천광역시 미추홀구 용현동 619-3,37.4515487,126.6357147,geocoded_kakao_jibun,kakao_exact_jibun_address_match,인천 미추홀구 용현동 619-3,1,1,0.0,,kakao_local_api:address_jibun,https://dapi.kakao.com/v2/local/search/address.json,2026-09-06,https://www.data.go.kr/data/15029300/fileData.do,2025-09-25,2026-09-06,administrative_record_only_not_confirmed_active,증축,2003-12-05,2003-12-10,2003-12-26,제2종근린생활시설,651.3,"주소 기반 추정 위치, 공사현장 좌표 아님"
15029300:1338,1338,건축행정기록,자동차관련시설,인천광역시 미추홀구 도화동 800,,,unresolved,no_exact_parcel_match_in_kakao,,0,0,,,kakao_local_api:unresolved,https://dapi.kakao.com/v2/local/search/address.json,2026-09-06,https://www.data.go.kr/data/15029300/fileData.do,2025-09-25,2026-09-06,administrative_record_only_not_confirmed_active,증축,2003-12-04,2003-12-05,2003-12-19,자동차관련시설,4096.5,"주소 기반 추정 위치, 공사현장 좌표 아님"
15029300:1339,1339,건축행정기록,단독주택,인천광역시 미추홀구 주안동 307-18,37.4563400,126.6866658,geocoded_kakao_jibun,kakao_exact_jibun_address_match,인천 미추홀구 주안동 307-18,1,1,0.0,,kakao_local_api:address_jibun,https://dapi.kakao.com/v2/local/search/address.json,2026-09-06,https://www.data.go.kr/data/15029300/fileData.do,2025-09-25,2026-09-06,administrative_record_only_not_confirmed_active,증축,2003-12-03,2004-02-18,,단독주택,140.5,"주소 기반 추정 위치, 공사현장 좌표 아님"
15029300:1340,1340,건축행정기록,공장,인천광역시 미추홀구 도화동 690-1 외1필지,37.4719592,126.6732233,geocoded_kakao_jibun,kakao_exact_jibun_address_match,인천 미추홀구 도화동 690-1,1,1,0.0,,kakao_local_api:address_jibun,https://dapi.kakao.com/v2/local/search/address.json,2026-09-06,https://www.data.go.kr/data/15029300/fileData.do,2025-09-25,2026-09-06,administrative_record_only_not_confirmed_active,증축,2003-11-29,2003-12-09,2004-01-09,공장,7970.2,"주소 기반 추정 위치, 공사현장 좌표 아님"
15029300:1341,1341,건축행정기록,공장,인천광역시 미추홀구 주안동 1402-8,37.4712760,126.6839832,geocoded_kakao_jibun,kakao_exact_jibun_address_match,인천 미추홀구 주안동 1402-8,1,1,0.0,,kakao_local_api:address_jibun,https://dapi.kakao.com/v2/local/search/address.json,2026-09-06,https://www.data.go.kr/data/15029300/fileData.do,2025-09-25,2026-09-06,administrative_record_only_not_confirmed_active,증축,2003-11-27,2003-12-01,2004-07-23,공장,4095.2,"주소 기반 추정 위치, 공사현장 좌표 아님"
15029300:1342,1342,건축행정기록,제2종근린생활시설,인천광역시 미추홀구 문학동 365-2,37.4378726,126.6808660,geocoded_kakao_jibun,kakao_exact_jibun_address_match,인천 미추홀구 문학동 365-2,1,1,0.0,,kakao_local_api:address_jibun,https://dapi.kakao.com/v2/local/search/address.json,2026-09-06,https://www.data.go.kr/data/15029300/fileData.do,2025-09-25,2026-09-06,administrative_record_only_not_confirmed_active,신축,2003-11-25,2003-11-27,2004-01-19,제2종근린생활시설,346.6,"주소 기반 추정 위치, 공사현장 좌표 아님"
15029300:1343,1343,건축행정기록,제1종근린생활시설,인천광역시 미추홀구 용현동 141-62 외1필지,37.4552134,126.6559044,geocoded_kakao_jibun,kakao_exact_jibun_address_match,인천 미추홀구 용현동 141-62,1,1,0.0,,kakao_local_api:address_jibun,https://dapi.kakao.com/v2/local/search/address.json,2026-09-06,https://www.data.go.kr/data/15029300/fileData.do,2025-09-25,2026-09-06,administrative_record_only_not_confirmed_active,증축,2003-11-24,2003-11-26,2004-01-19,제1종근린생활시설,84.05,"주소 기반 추정 위치, 공사현장 좌표 아님"
15029300:1344,1344,건축행정기록,단독주택,인천광역시 미추홀구 용현동 10-8,37.4509863,126.6663817,geocoded_kakao_jibun,kakao_exact_jibun_address_match,인천 미추홀구 용현동 10-8,1,1,0.0,,kakao_local_api:address_jibun,https://dapi.kakao.com/v2/local/search/address.json,2026-09-06,https://www.data.go.kr/data/15029300/fileData.do,2025-09-25,2026-09-06,administrative_record_only_not_confirmed_active,증축,2003-11-21,2003-11-28,2003-12-09,단독주택,143.6,"주소 기반 추정 위치, 공사현장 좌표 아님"
15029300:1345,1345,건축행정기록,제2종근린생활시설,인천광역시 미추홀구 숭의동 207-42,37.4605882,126.6522330,geocoded_kakao_jibun,kakao_exact_jibun_address_match,인천 미추홀구 숭의동 207-42,1,1,0.0,,kakao_local_api:address_jibun,https://dapi.kakao.com/v2/local/search/address.json,2026-09-06,https://www.data.go.kr/data/15029300/fileData.do,2025-09-25,2026-09-06,administrative_record_only_not_confirmed_active,신축,2003-11-20,2003-11-22,2004-04-06,제2종근린생활시설,168.7,"주소 기반 추정 위치, 공사현장 좌표 아님"
15029300:1346,1346,건축행정기록,자동차관련시설,인천광역시 미추홀구 용현동 34-2,37.4494446,126.6669514,geocoded_kakao_jibun,kakao_exact_jibun_address_match,인천 미추홀구 용현동 34-2,1,1,0.0,,kakao_local_api:address_jibun,https://dapi.kakao.com/v2/local/search/address.json,2026-09-06,https://www.data.go.kr/data/15029300/fileData.do,2025-09-25,2026-09-06,administrative_record_only_not_confirmed_active,신축,2003-11-20,2003-11-22,2004-03-15,자동차관련시설,163.3,"주소 기반 추정 위치, 공사현장 좌표 아님"
15029300:1347,1347,건축행정기록,제1종근린생활시설,인천광역시 미추홀구 주안동 1498-3 외1필지,37.4478588,126.6853882,geocoded_kakao_jibun,kakao_exact_jibun_address_match,인천 미추홀구 주안동 1498-3,1,1,0.0,,kakao_local_api:address_jibun,https://dapi.kakao.com/v2/local/search/address.json,2026-09-06,https://www.data.go.kr/data/15029300/fileData.do,2025-09-25,2026-09-06,administrative_record_only_not_confirmed_active,증축,2003-11-14,2003-11-17,2003-12-29,제1종근린생활시설,302.8,"주소 기반 추정 위치, 공사현장 좌표 아님"
15029300:1348,1348,건축행정기록,단독주택,인천광역시 미추홀구 주안동 809-24,37.4501748,126.6685078,geocoded_kakao_jibun,kakao_exact_jibun_address_match,인천 미추홀구 주안동 809-24,1,1,0.0,,kakao_local_api:address_jibun,https://dapi.kakao.com/v2/local/search/address.json,2026-09-06,https://www.data.go.kr/data/15029300/fileData.do,2025-09-25,2026-09-06,administrative_record_only_not_confirmed_active,증축,2003-11-13,2003-11-19,2005-08-19,단독주택,143.8,"주소 기반 추정 위치, 공사현장 좌표 아님"
15029300:1349,1349,건축행정기록,단독주택,인천광역시 미추홀구 주안동 1341-52,37.4470608,126.6779698,geocoded_kakao_jibun,kakao_exact_jibun_address_match,인천 미추홀구 주안동 1341-52,1,1,0.0,,kakao_local_api:address_jibun,https://dapi.kakao.com/v2/local/search/address.json,2026-09-06,https://www.data.go.kr/data/15029300/fileData.do,2025-09-25,2026-09-06,administrative_record_only_not_confirmed_active,증축,2003-11-12,2003-11-13,,단독주택,141,"주소 기반 추정 위치, 공사현장 좌표 아님"
15029300:1350,1350,건축행정기록,제2종근린생활시설,인천광역시 미추홀구 도화동 533-34,37.4617566,126.6701732,geocoded_kakao_jibun,kakao_exact_jibun_address_match,인천 미추홀구 도화동 533-34,1,1,0.0,,kakao_local_api:address_jibun,https://dapi.kakao.com/v2/local/search/address.json,2026-09-06,https://www.data.go.kr/data/15029300/fileData.do,2025-09-25,2026-09-06,administrative_record_only_not_confirmed_active,증축,2003-10-28,2003-11-01,2003-12-16,제2종근린생활시설,157.7,"주소 기반 추정 위치, 공사현장 좌표 아님"
15029300:1351,1351,건축행정기록,단독주택,인천광역시 미추홀구 용현동 450-246 외2필지,37.4550622,126.6508388,geocoded_kakao_jibun,kakao_exact_jibun_address_match,인천 미추홀구 용현동 450-246,1,1,0.0,,kakao_local_api:address_jibun,https://dapi.kakao.com/v2/local/search/address.json,2026-09-06,https://www.data.go.kr/data/15029300/fileData.do,2025-09-25,2026-09-06,administrative_record_only_not_confirmed_active,신축,2003-10-27,2003-10-30,2004-07-09,단독주택,146.97,"주소 기반 추정 위치, 공사현장 좌표 아님"
15029300:1352,1352,건축행정기록,단독주택,인천광역시 미추홀구 도화동 624-2,,,unresolved,no_exact_parcel_match_in_kakao,,0,0,,,kakao_local_api:unresolved,https://dapi.kakao.com/v2/local/search/address.json,2026-09-06,https://www.data.go.kr/data/15029300/fileData.do,2025-09-25,2026-09-06,administrative_record_only_not_confirmed_active,신축,2003-10-27,2003-11-14,2003-11-26,단독주택,177,"주소 기반 추정 위치, 공사현장 좌표 아님"
15029300:1353,1353,건축행정기록,제1종근린생활시설,인천광역시 미추홀구 용현동 174-12,37.4537205,126.6613541,geocoded_kakao_jibun,kakao_exact_jibun_address_match,인천 미추홀구 용현동 174-12,1,1,0.0,,kakao_local_api:address_jibun,https://dapi.kakao.com/v2/local/search/address.json,2026-09-06,https://www.data.go.kr/data/15029300/fileData.do,2025-09-25,2026-09-06,administrative_record_only_not_confirmed_active,신축,2003-10-24,2003-10-28,2004-04-03,제1종근린생활시설,118.7,"주소 기반 추정 위치, 공사현장 좌표 아님"
15029300:1354,1354,건축행정기록,자동차관련시설,인천광역시 미추홀구 주안동 267-6,,,unresolved,no_exact_parcel_match_in_kakao,,0,0,,,kakao_local_api:unresolved,https://dapi.kakao.com/v2/local/search/address.json,2026-09-06,https://www.data.go.kr/data/15029300/fileData.do,2025-09-25,2026-09-06,administrative_record_only_not_confirmed_active,증축,2003-10-23,2005-05-26,2005-06-18,자동차관련시설,201.9,"주소 기반 추정 위치, 공사현장 좌표 아님"
15029300:1355,1355,건축행정기록,공공용시설,인천광역시 미추홀구 숭의동 283-1,37.4597811,126.6490592,geocoded_kakao_jibun,kakao_exact_jibun_address_match,인천 미추홀구 숭의동 283-1,1,1,0.0,,kakao_local_api:address_jibun,https://dapi.kakao.com/v2/local/search/address.json,2026-09-06,https://www.data.go.kr/data/15029300/fileData.do,2025-09-25,2026-09-06,administrative_record_only_not_confirmed_active,개축,2003-10-20,2004-01-08,2004-09-23,공공용시설,3722.5,"주소 기반 추정 위치, 공사현장 좌표 아님"
15029300:1356,1356,건축행정기록,단독주택,인천광역시 미추홀구 주안동 726-6,37.4503658,126.6710304,geocoded_kakao_jibun,kakao_exact_jibun_address_match,인천 미추홀구 주안동 726-6,1,1,0.0,,kakao_local_api:address_jibun,https://dapi.kakao.com/v2/local/search/address.json,2026-09-06,https://www.data.go.kr/data/15029300/fileData.do,2025-09-25,2026-09-06,administrative_record_only_not_confirmed_active,신축,2003-10-16,2003-10-17,2004-01-08,단독주택,168.3,"주소 기반 추정 위치, 공사현장 좌표 아님"
15029300:1357,1357,건축행정기록,단독주택,인천광역시 미추홀구 주안동 660-124,37.4592926,126.6658344,geocoded_kakao_jibun,kakao_exact_jibun_address_match,인천 미추홀구 주안동 660-124,1,1,0.0,,kakao_local_api:address_jibun,https://dapi.kakao.com/v2/local/search/address.json,2026-09-06,https://www.data.go.kr/data/15029300/fileData.do,2025-09-25,2026-09-06,administrative_record_only_not_confirmed_active,증축,2003-10-16,2003-10-24,2003-11-21,단독주택,168,"주소 기반 추정 위치, 공사현장 좌표 아님"
15029300:1358,1358,건축행정기록,제1종근린생활시설,인천광역시 미추홀구 숭의동 9-9,37.4589528,126.6606307,geocoded_kakao_jibun,kakao_exact_jibun_address_match,인천 미추홀구 숭의동 9-9,1,1,0.0,,kakao_local_api:address_jibun,https://dapi.kakao.com/v2/local/search/address.json,2026-09-06,https://www.data.go.kr/data/15029300/fileData.do,2025-09-25,2026-09-06,administrative_record_only_not_confirmed_active,신축,2003-10-15,2003-10-16,2004-03-29,제1종근린생활시설,123.6,"주소 기반 추정 위치, 공사현장 좌표 아님"
15029300:1359,1359,건축행정기록,단독주택,인천광역시 미추홀구 용현동 627-304,37.4499876,126.6343456,geocoded_kakao_jibun,kakao_exact_jibun_address_match,인천 미추홀구 용현동 627-304,1,1,0.0,,kakao_local_api:address_jibun,https://dapi.kakao.com/v2/local/search/address.json,2026-09-06,https://www.data.go.kr/data/15029300/fileData.do,2025-09-25,2026-09-06,administrative_record_only_not_confirmed_active,증축,2003-10-15,2003-10-16,2003-12-26,단독주택,140,"주소 기반 추정 위치, 공사현장 좌표 아님"
15029300:1360,1360,건축행정기록,제2종근린생활시설,인천광역시 미추홀구 주안동 759-18,37.4508658,126.6691518,geocoded_kakao_jibun,kakao_exact_jibun_address_match,인천 미추홀구 주안동 759-18,1,1,0.0,,kakao_local_api:address_jibun,https://dapi.kakao.com/v2/local/search/address.json,2026-09-06,https://www.data.go.kr/data/15029300/fileData.do,2025-09-25,2026-09-06,administrative_record_only_not_confirmed_active,증축,2003-10-14,2003-10-15,2003-11-15,제2종근린생활시설,165,"주소 기반 추정 위치, 공사현장 좌표 아님"
15029300:1361,1361,건축행정기록,공장,인천광역시 미추홀구 도화동 761-7,37.4770861,126.6681989,geocoded_kakao_jibun,kakao_exact_jibun_address_match,인천 미추홀구 도화동 761-7,1,1,0.0,,kakao_local_api:address_jibun,https://dapi.kakao.com/v2/local/search/address.json,2026-09-06,https://www.data.go.kr/data/15029300/fileData.do,2025-09-25,2026-09-06,administrative_record_only_not_confirmed_active,증축,2003-10-13,2003-10-17,2003-11-10,공장,1502.9,"주소 기반 추정 위치, 공사현장 좌표 아님"
15029300:1362,1362,건축행정기록,단독주택,인천광역시 미추홀구 용현동 145-47 외1필지,37.4554629,126.6560263,geocoded_kakao_jibun,kakao_exact_jibun_address_match,인천 미추홀구 용현동 145-47,1,1,0.0,,kakao_local_api:address_jibun,https://dapi.kakao.com/v2/local/search/address.json,2026-09-06,https://www.data.go.kr/data/15029300/fileData.do,2025-09-25,2026-09-06,administrative_record_only_not_confirmed_active,증축,2003-10-11,2003-10-13,2003-10-24,단독주택,83.98,"주소 기반 추정 위치, 공사현장 좌표 아님"
15029300:1363,1363,건축행정기록,공장,인천광역시 미추홀구 학익동 401-16 외1필지,37.4452243,126.6530479,geocoded_kakao_jibun,kakao_exact_jibun_address_match,인천 미추홀구 학익동 401-16,1,1,0.0,,kakao_local_api:address_jibun,https://dapi.kakao.com/v2/local/search/address.json,2026-09-06,https://www.data.go.kr/data/15029300/fileData.do,2025-09-25,2026-09-06,administrative_record_only_not_confirmed_active,증축,2003-10-10,2003-11-25,2004-01-15,공장,8252,"주소 기반 추정 위치, 공사현장 좌표 아님"
15029300:1364,1364,건축행정기록,공장,인천광역시 미추홀구 학익동 587-6 외2필지,,,unresolved,no_exact_parcel_match_in_kakao,,0,0,,,kakao_local_api:unresolved,https://dapi.kakao.com/v2/local/search/address.json,2026-09-06,https://www.data.go.kr/data/15029300/fileData.do,2025-09-25,2026-09-06,administrative_record_only_not_confirmed_active,증축,2003-10-09,2003-10-13,2003-12-15,공장,66316,"주소 기반 추정 위치, 공사현장 좌표 아님"
15029300:1365,1365,건축행정기록,단독주택,인천광역시 미추홀구 용현동 39-14,37.4489457,126.6643770,geocoded_kakao_jibun,kakao_exact_jibun_address_match,인천 미추홀구 용현동 39-14,1,1,0.0,,kakao_local_api:address_jibun,https://dapi.kakao.com/v2/local/search/address.json,2026-09-06,https://www.data.go.kr/data/15029300/fileData.do,2025-09-25,2026-09-06,administrative_record_only_not_confirmed_active,증축,2003-10-09,2004-08-11,2004-11-05,단독주택,165.8,"주소 기반 추정 위치, 공사현장 좌표 아님"
15029300:1366,1366,건축행정기록,단독주택,인천광역시 미추홀구 주안동 1339-19 외1필지,37.4472774,126.6768441,geocoded_kakao_jibun,kakao_exact_jibun_address_match,인천 미추홀구 주안동 1339-19,1,1,0.0,,kakao_local_api:address_jibun,https://dapi.kakao.com/v2/local/search/address.json,2026-09-06,https://www.data.go.kr/data/15029300/fileData.do,2025-09-25,2026-09-06,administrative_record_only_not_confirmed_active,신축,2003-10-07,2003-10-24,2004-02-02,단독주택,63.85,"주소 기반 추정 위치, 공사현장 좌표 아님"
15029300:1367,1367,건축행정기록,단독주택,인천광역시 미추홀구 용현동 114-29,37.4563988,126.6656453,geocoded_kakao_jibun,kakao_exact_jibun_address_match,인천 미추홀구 용현동 114-29,1,1,0.0,,kakao_local_api:address_jibun,https://dapi.kakao.com/v2/local/search/address.json,2026-09-06,https://www.data.go.kr/data/15029300/fileData.do,2025-09-25,2026-09-06,administrative_record_only_not_confirmed_active,증축,2003-10-06,2003-11-08,2005-07-27,단독주택,158.9,"주소 기반 추정 위치, 공사현장 좌표 아님"
15029300:1368,1368,건축행정기록,제1종근린생활시설,인천광역시 미추홀구 주안동 544-9,37.4550931,126.6775189,geocoded_kakao_jibun,kakao_exact_jibun_address_match,인천 미추홀구 주안동 544-9,1,1,0.0,,kakao_local_api:address_jibun,https://dapi.kakao.com/v2/local/search/address.json,2026-09-06,https://www.data.go.kr/data/15029300/fileData.do,2025-09-25,2026-09-06,administrative_record_only_not_confirmed_active,증축,2003-10-04,2003-10-10,2003-10-23,제1종근린생활시설,165.6,"주소 기반 추정 위치, 공사현장 좌표 아님"
15029300:1369,1369,건축행정기록,단독주택,인천광역시 미추홀구 용현동 58-1,37.4562310,126.6615318,geocoded_kakao_jibun,kakao_exact_jibun_address_match,인천 미추홀구 용현동 58-1,1,1,0.0,,kakao_local_api:address_jibun,https://dapi.kakao.com/v2/local/search/address.json,2026-09-06,https://www.data.go.kr/data/15029300/fileData.do,2025-09-25,2026-09-06,administrative_record_only_not_confirmed_active,증축,2003-10-02,2003-10-07,2003-12-03,단독주택,201,"주소 기반 추정 위치, 공사현장 좌표 아님"
15029300:1370,1370,건축행정기록,단독주택,인천광역시 미추홀구 주안동 1343-159,37.4464177,126.6764296,geocoded_kakao_jibun,kakao_exact_jibun_address_match,인천 미추홀구 주안동 1343-159,1,1,0.0,,kakao_local_api:address_jibun,https://dapi.kakao.com/v2/local/search/address.json,2026-09-06,https://www.data.go.kr/data/15029300/fileData.do,2025-09-25,2026-09-06,administrative_record_only_not_confirmed_active,신축,2003-09-30,2003-12-30,2004-02-27,단독주택,36,"주소 기반 추정 위치, 공사현장 좌표 아님"
15029300:1371,1371,건축행정기록,자동차관련시설,인천광역시 미추홀구 주안동 115-11,37.4634055,126.6854153,geocoded_kakao_jibun,kakao_exact_jibun_address_match,인천 미추홀구 주안동 115-11,1,1,0.0,,kakao_local_api:address_jibun,https://dapi.kakao.com/v2/local/search/address.json,2026-09-06,https://www.data.go.kr/data/15029300/fileData.do,2025-09-25,2026-09-06,administrative_record_only_not_confirmed_active,증축,2003-09-30,2003-10-01,2003-10-10,자동차관련시설,738.1,"주소 기반 추정 위치, 공사현장 좌표 아님"
15029300:1372,1372,건축행정기록,위험물저장및처리시설,인천광역시 미추홀구 관교동 394-20 외2필지,37.4418948,126.6931310,geocoded_kakao_jibun,kakao_exact_jibun_address_match,인천 미추홀구 관교동 394-20,1,1,0.0,,kakao_local_api:address_jibun,https://dapi.kakao.com/v2/local/search/address.json,2026-09-06,https://www.data.go.kr/data/15029300/fileData.do,2025-09-25,2026-09-06,administrative_record_only_not_confirmed_active,증축,2003-09-30,2003-10-04,2003-10-10,위험물저장및처리시설,846,"주소 기반 추정 위치, 공사현장 좌표 아님"
15029300:1373,1373,건축행정기록,제1종근린생활시설,인천광역시 미추홀구 주안동 101-9,37.4621891,126.6858328,geocoded_kakao_jibun,kakao_exact_jibun_address_match,인천 미추홀구 주안동 101-9,1,1,0.0,,kakao_local_api:address_jibun,https://dapi.kakao.com/v2/local/search/address.json,2026-09-06,https://www.data.go.kr/data/15029300/fileData.do,2025-09-25,2026-09-06,administrative_record_only_not_confirmed_active,증축,2003-09-26,2003-10-01,2003-10-23,제1종근린생활시설,222.9,"주소 기반 추정 위치, 공사현장 좌표 아님"
15029300:1374,1374,건축행정기록,단독주택,인천광역시 미추홀구 주안동 1498-3 외1필지,37.4478588,126.6853882,geocoded_kakao_jibun,kakao_exact_jibun_address_match,인천 미추홀구 주안동 1498-3,1,1,0.0,,kakao_local_api:address_jibun,https://dapi.kakao.com/v2/local/search/address.json,2026-09-06,https://www.data.go.kr/data/15029300/fileData.do,2025-09-25,2026-09-06,administrative_record_only_not_confirmed_active,증축,2003-09-24,2003-09-30,2003-11-06,단독주택,302.8,"주소 기반 추정 위치, 공사현장 좌표 아님"
15029300:1375,1375,건축행정기록,단독주택,인천광역시 미추홀구 주안동 515-8 외1필지,,,unresolved,no_exact_parcel_match_in_kakao,,0,0,,,kakao_local_api:unresolved,https://dapi.kakao.com/v2/local/search/address.json,2026-09-06,https://www.data.go.kr/data/15029300/fileData.do,2025-09-25,2026-09-06,administrative_record_only_not_confirmed_active,증축,2003-09-23,2003-09-29,2003-11-24,단독주택,188,"주소 기반 추정 위치, 공사현장 좌표 아님"
15029300:1376,1376,건축행정기록,단독주택,인천광역시 미추홀구 주안동 591-11,37.4559426,126.6726319,geocoded_kakao_jibun,kakao_exact_jibun_address_match,인천 미추홀구 주안동 591-11,1,1,0.0,,kakao_local_api:address_jibun,https://dapi.kakao.com/v2/local/search/address.json,2026-09-06,https://www.data.go.kr/data/15029300/fileData.do,2025-09-25,2026-09-06,administrative_record_only_not_confirmed_active,증축,2003-09-09,2003-09-18,2003-09-23,단독주택,200.4,"주소 기반 추정 위치, 공사현장 좌표 아님"
15029300:1377,1377,건축행정기록,제2종근린생활시설,인천광역시 미추홀구 주안동 1559-28,37.4519274,126.6902449,geocoded_kakao_jibun,kakao_exact_jibun_address_match,인천 미추홀구 주안동 1559-28,1,1,0.0,,kakao_local_api:address_jibun,https://dapi.kakao.com/v2/local/search/address.json,2026-09-06,https://www.data.go.kr/data/15029300/fileData.do,2025-09-25,2026-09-06,administrative_record_only_not_confirmed_active,증축,2003-09-09,2003-09-13,2005-07-19,제2종근린생활시설,941.7,"주소 기반 추정 위치, 공사현장 좌표 아님"
15029300:1378,1378,건축행정기록,단독주택,인천광역시 미추홀구 용현동 488-12,,,unresolved,no_exact_parcel_match_in_kakao,,0,0,,,kakao_local_api:unresolved,https://dapi.kakao.com/v2/local/search/address.json,2026-09-06,https://www.data.go.kr/data/15029300/fileData.do,2025-09-25,2026-09-06,administrative_record_only_not_confirmed_active,신축,2003-09-08,2003-09-17,2004-03-05,단독주택,130.9,"주소 기반 추정 위치, 공사현장 좌표 아님"
15029300:1379,1379,건축행정기록,단독주택,인천광역시 미추홀구 학익동 302-5,37.4471638,126.6661814,geocoded_kakao_jibun,kakao_exact_jibun_address_match,인천 미추홀구 학익동 302-5,1,1,0.0,,kakao_local_api:address_jibun,https://dapi.kakao.com/v2/local/search/address.json,2026-09-06,https://www.data.go.kr/data/15029300/fileData.do,2025-09-25,2026-09-06,administrative_record_only_not_confirmed_active,신축,2003-08-26,2004-03-03,2004-06-11,단독주택,271,"주소 기반 추정 위치, 공사현장 좌표 아님"
15029300:1380,1380,건축행정기록,제2종근린생활시설,인천광역시 미추홀구 학익동 213-8 외1필지,37.4415838,126.6626878,geocoded_kakao_jibun,kakao_exact_jibun_address_match,인천 미추홀구 학익동 213-8,1,1,0.0,,kakao_local_api:address_jibun,https://dapi.kakao.com/v2/local/search/address.json,2026-09-06,https://www.data.go.kr/data/15029300/fileData.do,2025-09-25,2026-09-06,administrative_record_only_not_confirmed_active,신축,2003-08-26,2003-08-29,2003-10-08,제2종근린생활시설,166.58,"주소 기반 추정 위치, 공사현장 좌표 아님"
15029300:1381,1381,건축행정기록,단독주택,인천광역시 미추홀구 주안동 417-31,37.4540846,126.6840661,geocoded_kakao_jibun,kakao_exact_jibun_address_match,인천 미추홀구 주안동 417-31,1,1,0.0,,kakao_local_api:address_jibun,https://dapi.kakao.com/v2/local/search/address.json,2026-09-06,https://www.data.go.kr/data/15029300/fileData.do,2025-09-25,2026-09-06,administrative_record_only_not_confirmed_active,증축,2003-08-26,2003-09-19,2003-09-22,단독주택,315.9,"주소 기반 추정 위치, 공사현장 좌표 아님"
15029300:1382,1382,건축행정기록,공장,인천광역시 미추홀구 도화동 737-1,37.4754506,126.6713968,geocoded_kakao_jibun,kakao_exact_jibun_address_match,인천 미추홀구 도화동 737-1,1,1,0.0,,kakao_local_api:address_jibun,https://dapi.kakao.com/v2/local/search/address.json,2026-09-06,https://www.data.go.kr/data/15029300/fileData.do,2025-09-25,2026-09-06,administrative_record_only_not_confirmed_active,증축,2003-08-22,2003-08-25,2003-08-29,공장,1895.3,"주소 기반 추정 위치, 공사현장 좌표 아님"
15029300:1383,1383,건축행정기록,제1종근린생활시설,인천광역시 미추홀구 용현동 491-120,37.4577707,126.6531882,geocoded_kakao_jibun,kakao_exact_jibun_address_match,인천 미추홀구 용현동 491-120,1,1,0.0,,kakao_local_api:address_jibun,https://dapi.kakao.com/v2/local/search/address.json,2026-09-06,https://www.data.go.kr/data/15029300/fileData.do,2025-09-25,2026-09-06,administrative_record_only_not_confirmed_active,개축,2003-08-20,2003-08-20,2003-09-22,제1종근린생활시설,105.1,"주소 기반 추정 위치, 공사현장 좌표 아님"
15029300:1384,1384,건축행정기록,단독주택,인천광역시 미추홀구 주안동 546-32,,,unresolved,no_exact_parcel_match_in_kakao,,0,0,,,kakao_local_api:unresolved,https://dapi.kakao.com/v2/local/search/address.json,2026-09-06,https://www.data.go.kr/data/15029300/fileData.do,2025-09-25,2026-09-06,administrative_record_only_not_confirmed_active,증축,2003-08-20,2003-08-22,2003-11-08,단독주택,127.7,"주소 기반 추정 위치, 공사현장 좌표 아님"
15029300:1385,1385,건축행정기록,교육연구및복지시설,인천광역시 미추홀구 학익동 686-17,37.4384969,126.6679105,geocoded_kakao_jibun,kakao_exact_jibun_address_match,인천 미추홀구 학익동 686-17,1,1,0.0,,kakao_local_api:address_jibun,https://dapi.kakao.com/v2/local/search/address.json,2026-09-06,https://www.data.go.kr/data/15029300/fileData.do,2025-09-25,2026-09-06,administrative_record_only_not_confirmed_active,증축,2003-08-19,2003-08-20,2004-07-30,교육연구및복지시설,1642.7,"주소 기반 추정 위치, 공사현장 좌표 아님"
15029300:1386,1386,건축행정기록,단독주택,인천광역시 미추홀구 학익동 311-9,37.4459275,126.6653086,geocoded_kakao_jibun,kakao_exact_jibun_address_match,인천 미추홀구 학익동 311-9,1,1,0.0,,kakao_local_api:address_jibun,https://dapi.kakao.com/v2/local/search/address.json,2026-09-06,https://www.data.go.kr/data/15029300/fileData.do,2025-09-25,2026-09-06,administrative_record_only_not_confirmed_active,신축,2003-08-16,2003-08-18,2003-10-22,단독주택,181,"주소 기반 추정 위치, 공사현장 좌표 아님"
15029300:1387,1387,건축행정기록,자동차관련시설,인천광역시 미추홀구 주안동 26-11,37.4668579,126.6761131,geocoded_kakao_jibun,kakao_exact_jibun_address_match,인천 미추홀구 주안동 26-11,1,1,0.0,,kakao_local_api:address_jibun,https://dapi.kakao.com/v2/local/search/address.json,2026-09-06,https://www.data.go.kr/data/15029300/fileData.do,2025-09-25,2026-09-06,administrative_record_only_not_confirmed_active,대수선,2003-08-14,2003-08-26,2003-09-01,자동차관련시설,358.3,"주소 기반 추정 위치, 공사현장 좌표 아님"
15029300:1388,1388,건축행정기록,단독주택,인천광역시 미추홀구 주안동 1301-12,37.4425741,126.6795937,geocoded_kakao_jibun,kakao_exact_jibun_address_match,인천 미추홀구 주안동 1301-12,1,1,0.0,,kakao_local_api:address_jibun,https://dapi.kakao.com/v2/local/search/address.json,2026-09-06,https://www.data.go.kr/data/15029300/fileData.do,2025-09-25,2026-09-06,administrative_record_only_not_confirmed_active,대수선,2003-08-13,2003-08-14,2003-10-08,단독주택,136,"주소 기반 추정 위치, 공사현장 좌표 아님"
15029300:1389,1389,건축행정기록,제2종근린생활시설,인천광역시 미추홀구 주안동 147-16,37.4628566,126.6822739,geocoded_kakao_jibun,kakao_exact_jibun_address_match,인천 미추홀구 주안동 147-16,1,1,0.0,,kakao_local_api:address_jibun,https://dapi.kakao.com/v2/local/search/address.json,2026-09-06,https://www.data.go.kr/data/15029300/fileData.do,2025-09-25,2026-09-06,administrative_record_only_not_confirmed_active,증축,2003-08-09,2003-08-13,2003-09-03,제2종근린생활시설,153.3,"주소 기반 추정 위치, 공사현장 좌표 아님"
15029300:1390,1390,건축행정기록,단독주택,인천광역시 미추홀구 도화동 80-154,37.4674923,126.6557158,geocoded_kakao_jibun,kakao_exact_jibun_address_match,인천 미추홀구 도화동 80-154,1,1,0.0,,kakao_local_api:address_jibun,https://dapi.kakao.com/v2/local/search/address.json,2026-09-06,https://www.data.go.kr/data/15029300/fileData.do,2025-09-25,2026-09-06,administrative_record_only_not_confirmed_active,신축,2003-08-07,2003-11-08,,단독주택,97.9,"주소 기반 추정 위치, 공사현장 좌표 아님"
15029300:1391,1391,건축행정기록,제2종근린생활시설,인천광역시 미추홀구 용현동 624-55,37.4562298,126.6354465,geocoded_kakao_jibun,kakao_exact_jibun_address_match,인천 미추홀구 용현동 624-55,1,1,0.0,,kakao_local_api:address_jibun,https://dapi.kakao.com/v2/local/search/address.json,2026-09-06,https://www.data.go.kr/data/15029300/fileData.do,2025-09-25,2026-09-06,administrative_record_only_not_confirmed_active,대수선,2003-08-05,2003-08-11,,제2종근린생활시설,598.7,"주소 기반 추정 위치, 공사현장 좌표 아님"
15029300:1392,1392,건축행정기록,단독주택,인천광역시 미추홀구 용현동 174-29,37.4539498,126.6606035,geocoded_kakao_jibun,kakao_exact_jibun_address_match,인천 미추홀구 용현동 174-29,1,1,0.0,,kakao_local_api:address_jibun,https://dapi.kakao.com/v2/local/search/address.json,2026-09-06,https://www.data.go.kr/data/15029300/fileData.do,2025-09-25,2026-09-06,administrative_record_only_not_confirmed_active,증축,2003-08-04,2003-08-12,2003-09-25,단독주택,117.1,"주소 기반 추정 위치, 공사현장 좌표 아님"
15029300:1393,1393,건축행정기록,제1종근린생활시설,인천광역시 미추홀구 용현동 29-1,37.4500889,126.6648066,geocoded_kakao_jibun,kakao_exact_jibun_address_match,인천 미추홀구 용현동 29-1,1,1,0.0,,kakao_local_api:address_jibun,https://dapi.kakao.com/v2/local/search/address.json,2026-09-06,https://www.data.go.kr/data/15029300/fileData.do,2025-09-25,2026-09-06,administrative_record_only_not_confirmed_active,신축,2003-08-02,2003-08-06,2003-08-19,제1종근린생활시설,197.4,"주소 기반 추정 위치, 공사현장 좌표 아님"
15029300:1394,1394,건축행정기록,공장,인천광역시 미추홀구 주안동 1381-1,37.4734670,126.6801777,geocoded_kakao_jibun,kakao_exact_jibun_address_match,인천 미추홀구 주안동 1381-1,1,1,0.0,,kakao_local_api:address_jibun,https://dapi.kakao.com/v2/local/search/address.json,2026-09-06,https://www.data.go.kr/data/15029300/fileData.do,2025-09-25,2026-09-06,administrative_record_only_not_confirmed_active,대수선,2003-07-31,2003-08-08,2003-11-04,공장,13884.3,"주소 기반 추정 위치, 공사현장 좌표 아님"
15029300:1395,1395,건축행정기록,단독주택,인천광역시 미추홀구 도화동 538-37,37.4622610,126.6679057,geocoded_kakao_jibun,kakao_exact_jibun_address_match,인천 미추홀구 도화동 538-37,1,1,0.0,,kakao_local_api:address_jibun,https://dapi.kakao.com/v2/local/search/address.json,2026-09-06,https://www.data.go.kr/data/15029300/fileData.do,2025-09-25,2026-09-06,administrative_record_only_not_confirmed_active,신축,2003-07-26,2003-07-28,2003-12-16,단독주택,106.01,"주소 기반 추정 위치, 공사현장 좌표 아님"
15029300:1396,1396,건축행정기록,단독주택,인천광역시 미추홀구 숭의동 241-15,37.4624442,126.6521963,geocoded_kakao_jibun,kakao_exact_jibun_address_match,인천 미추홀구 숭의동 241-15,1,1,0.0,,kakao_local_api:address_jibun,https://dapi.kakao.com/v2/local/search/address.json,2026-09-06,https://www.data.go.kr/data/15029300/fileData.do,2025-09-25,2026-09-06,administrative_record_only_not_confirmed_active,증축,2003-07-24,2003-07-25,2003-11-13,단독주택,132,"주소 기반 추정 위치, 공사현장 좌표 아님"
15029300:1397,1397,건축행정기록,제2종근린생활시설,인천광역시 미추홀구 학익동 262-18,37.4442435,126.6655744,geocoded_kakao_jibun,kakao_exact_jibun_address_match,인천 미추홀구 학익동 262-18,1,1,0.0,,kakao_local_api:address_jibun,https://dapi.kakao.com/v2/local/search/address.json,2026-09-06,https://www.data.go.kr/data/15029300/fileData.do,2025-09-25,2026-09-06,administrative_record_only_not_confirmed_active,증축,2003-07-21,2003-07-22,2006-06-21,제2종근린생활시설,416,"주소 기반 추정 위치, 공사현장 좌표 아님"
15029300:1398,1398,건축행정기록,제1종근린생활시설,인천광역시 미추홀구 도화동 115-12,37.4698015,126.6667261,geocoded_kakao_jibun,kakao_exact_jibun_address_match,인천 미추홀구 도화동 115-12,1,1,0.0,,kakao_local_api:address_jibun,https://dapi.kakao.com/v2/local/search/address.json,2026-09-06,https://www.data.go.kr/data/15029300/fileData.do,2025-09-25,2026-09-06,administrative_record_only_not_confirmed_active,신축,2003-07-15,2003-09-03,2004-01-15,제1종근린생활시설,151.3,"주소 기반 추정 위치, 공사현장 좌표 아님"
15029300:1399,1399,건축행정기록,공장,인천광역시 미추홀구 주안동 26-11,37.4668579,126.6761131,geocoded_kakao_jibun,kakao_exact_jibun_address_match,인천 미추홀구 주안동 26-11,1,1,0.0,,kakao_local_api:address_jibun,https://dapi.kakao.com/v2/local/search/address.json,2026-09-06,https://www.data.go.kr/data/15029300/fileData.do,2025-09-25,2026-09-06,administrative_record_only_not_confirmed_active,대수선,2003-07-10,2003-07-19,2003-07-26,공장,358.3,"주소 기반 추정 위치, 공사현장 좌표 아님"
15029300:1400,1400,건축행정기록,제1종근린생활시설,인천광역시 미추홀구 주안동 503-3,37.4574795,126.6779733,geocoded_kakao_jibun,kakao_exact_jibun_address_match,인천 미추홀구 주안동 503-3,1,1,0.0,,kakao_local_api:address_jibun,https://dapi.kakao.com/v2/local/search/address.json,2026-09-06,https://www.data.go.kr/data/15029300/fileData.do,2025-09-25,2026-09-06,administrative_record_only_not_confirmed_active,증축,2003-07-09,2003-08-06,2003-12-26,제1종근린생활시설,167.8,"주소 기반 추정 위치, 공사현장 좌표 아님"
15029300:1401,1401,건축행정기록,단독주택,인천광역시 미추홀구 용현동 114-22,37.4564370,126.6644640,geocoded_kakao_jibun,kakao_exact_jibun_address_match,인천 미추홀구 용현동 114-22,1,1,0.0,,kakao_local_api:address_jibun,https://dapi.kakao.com/v2/local/search/address.json,2026-09-06,https://www.data.go.kr/data/15029300/fileData.do,2025-09-25,2026-09-06,administrative_record_only_not_confirmed_active,증축,2003-07-05,2003-07-05,,단독주택,175.5,"주소 기반 추정 위치, 공사현장 좌표 아님"
15029300:1402,1402,건축행정기록,단독주택,인천광역시 미추홀구 용현동 110-8,37.4544328,126.6630540,geocoded_kakao_jibun,kakao_exact_jibun_address_match,인천 미추홀구 용현동 110-8,1,1,0.0,,kakao_local_api:address_jibun,https://dapi.kakao.com/v2/local/search/address.json,2026-09-06,https://www.data.go.kr/data/15029300/fileData.do,2025-09-25,2026-09-06,administrative_record_only_not_confirmed_active,신축,2003-07-04,2003-07-21,2003-11-20,단독주택,115.2,"주소 기반 추정 위치, 공사현장 좌표 아님"
15029300:1403,1403,건축행정기록,제2종근린생활시설,인천광역시 미추홀구 용현동 627-260 외1필지,37.4499948,126.6350447,geocoded_kakao_jibun,kakao_exact_jibun_address_match,인천 미추홀구 용현동 627-260,1,1,0.0,,kakao_local_api:address_jibun,https://dapi.kakao.com/v2/local/search/address.json,2026-09-06,https://www.data.go.kr/data/15029300/fileData.do,2025-09-25,2026-09-06,administrative_record_only_not_confirmed_active,증축,2003-07-04,2003-07-10,2003-09-16,제2종근린생활시설,394,"주소 기반 추정 위치, 공사현장 좌표 아님"
15029300:1404,1404,건축행정기록,공장,인천광역시 미추홀구 도화동 772,37.4768732,126.6644250,geocoded_kakao_jibun,kakao_exact_jibun_address_match,인천 미추홀구 도화동 772,1,1,0.0,,kakao_local_api:address_jibun,https://dapi.kakao.com/v2/local/search/address.json,2026-09-06,https://www.data.go.kr/data/15029300/fileData.do,2025-09-25,2026-09-06,administrative_record_only_not_confirmed_active,신축,2003-07-03,2003-07-10,2003-10-07,공장,512.4,"주소 기반 추정 위치, 공사현장 좌표 아님"
15029300:1405,1405,건축행정기록,제2종근린생활시설,인천광역시 미추홀구 도화동 104-6,37.4689613,126.6659038,geocoded_kakao_jibun,kakao_exact_jibun_address_match,인천 미추홀구 도화동 104-6,1,1,0.0,,kakao_local_api:address_jibun,https://dapi.kakao.com/v2/local/search/address.json,2026-09-06,https://www.data.go.kr/data/15029300/fileData.do,2025-09-25,2026-09-06,administrative_record_only_not_confirmed_active,증축,2003-07-03,2003-07-08,2003-07-14,제2종근린생활시설,197.7,"주소 기반 추정 위치, 공사현장 좌표 아님"
15029300:1406,1406,건축행정기록,제2종근린생활시설,인천광역시 미추홀구 도화동 88-2,37.4671968,126.6580907,geocoded_kakao_jibun,kakao_exact_jibun_address_match,인천 미추홀구 도화동 88-2,1,1,0.0,,kakao_local_api:address_jibun,https://dapi.kakao.com/v2/local/search/address.json,2026-09-06,https://www.data.go.kr/data/15029300/fileData.do,2025-09-25,2026-09-06,administrative_record_only_not_confirmed_active,증축,2003-07-01,2003-07-05,2004-04-09,제2종근린생활시설,74.2,"주소 기반 추정 위치, 공사현장 좌표 아님"
15029300:1407,1407,건축행정기록,제2종근린생활시설,인천광역시 미추홀구 주안동 산 34-8,,,unresolved,no_exact_parcel_match_in_kakao,,0,0,,,kakao_local_api:unresolved,https://dapi.kakao.com/v2/local/search/address.json,2026-09-06,https://www.data.go.kr/data/15029300/fileData.do,2025-09-25,2026-09-06,administrative_record_only_not_confirmed_active,증축,2003-06-30,2003-06-30,,제2종근린생활시설,311,"주소 기반 추정 위치, 공사현장 좌표 아님"
15029300:1408,1408,건축행정기록,제2종근린생활시설,인천광역시 미추홀구 용현동 446-34,,,unresolved,no_exact_parcel_match_in_kakao,,0,0,,,kakao_local_api:unresolved,https://dapi.kakao.com/v2/local/search/address.json,2026-09-06,https://www.data.go.kr/data/15029300/fileData.do,2025-09-25,2026-09-06,administrative_record_only_not_confirmed_active,증축,2003-06-30,2003-07-11,2007-08-31,제2종근린생활시설,204.7,"주소 기반 추정 위치, 공사현장 좌표 아님"
15029300:1409,1409,건축행정기록,제2종근린생활시설,인천광역시 미추홀구 학익동 252-6,37.4416263,126.6667827,geocoded_kakao_jibun,kakao_exact_jibun_address_match,인천 미추홀구 학익동 252-6,1,1,0.0,,kakao_local_api:address_jibun,https://dapi.kakao.com/v2/local/search/address.json,2026-09-06,https://www.data.go.kr/data/15029300/fileData.do,2025-09-25,2026-09-06,administrative_record_only_not_confirmed_active,증축,2003-06-27,2003-06-30,2003-07-29,제2종근린생활시설,340,"주소 기반 추정 위치, 공사현장 좌표 아님"
15029300:1410,1410,건축행정기록,단독주택,인천광역시 미추홀구 주안동 1551-26,37.4549625,126.6916667,geocoded_kakao_jibun,kakao_exact_jibun_address_match,인천 미추홀구 주안동 1551-26,1,1,0.0,,kakao_local_api:address_jibun,https://dapi.kakao.com/v2/local/search/address.json,2026-09-06,https://www.data.go.kr/data/15029300/fileData.do,2025-09-25,2026-09-06,administrative_record_only_not_confirmed_active,증축,2003-06-27,2003-07-08,2003-07-10,단독주택,503.7,"주소 기반 추정 위치, 공사현장 좌표 아님"
15029300:1411,1411,건축행정기록,제1종근린생활시설,인천광역시 미추홀구 숭의동 204-19,37.4612002,126.6511476,geocoded_kakao_jibun,kakao_exact_jibun_address_match,인천 미추홀구 숭의동 204-19,1,1,0.0,,kakao_local_api:address_jibun,https://dapi.kakao.com/v2/local/search/address.json,2026-09-06,https://www.data.go.kr/data/15029300/fileData.do,2025-09-25,2026-09-06,administrative_record_only_not_confirmed_active,증축,2003-06-27,2003-06-28,2005-06-15,제1종근린생활시설,533.2,"주소 기반 추정 위치, 공사현장 좌표 아님"
15029300:1412,1412,건축행정기록,문화및집회시설,인천광역시 미추홀구 용현동 628-77,37.4544634,126.6366037,geocoded_kakao_jibun,kakao_exact_jibun_address_match,인천 미추홀구 용현동 628-77,1,1,0.0,,kakao_local_api:address_jibun,https://dapi.kakao.com/v2/local/search/address.json,2026-09-06,https://www.data.go.kr/data/15029300/fileData.do,2025-09-25,2026-09-06,administrative_record_only_not_confirmed_active,증축,2003-06-27,2003-07-03,2003-07-18,문화및집회시설,261.5,"주소 기반 추정 위치, 공사현장 좌표 아님"
15029300:1413,1413,건축행정기록,단독주택,인천광역시 미추홀구 용현동 622-10,37.4542939,126.6368795,geocoded_kakao_jibun,kakao_exact_jibun_address_match,인천 미추홀구 용현동 622-10,1,1,0.0,,kakao_local_api:address_jibun,https://dapi.kakao.com/v2/local/search/address.json,2026-09-06,https://www.data.go.kr/data/15029300/fileData.do,2025-09-25,2026-09-06,administrative_record_only_not_confirmed_active,증축,2003-06-27,2003-07-14,2004-10-15,단독주택,170.5,"주소 기반 추정 위치, 공사현장 좌표 아님"
15029300:1414,1414,건축행정기록,문화및집회시설,인천광역시 미추홀구 주안동 1420-10,37.4492666,126.6738715,geocoded_kakao_jibun,kakao_exact_jibun_address_match,인천 미추홀구 주안동 1420-10,1,1,0.0,,kakao_local_api:address_jibun,https://dapi.kakao.com/v2/local/search/address.json,2026-09-06,https://www.data.go.kr/data/15029300/fileData.do,2025-09-25,2026-09-06,administrative_record_only_not_confirmed_active,증축,2003-06-26,2003-06-27,2004-03-04,문화및집회시설,1311.5,"주소 기반 추정 위치, 공사현장 좌표 아님"
15029300:1415,1415,건축행정기록,단독주택,인천광역시 미추홀구 학익동 288-2,37.4459815,126.6674718,geocoded_kakao_jibun,kakao_exact_jibun_address_match,인천 미추홀구 학익동 288-2,1,1,0.0,,kakao_local_api:address_jibun,https://dapi.kakao.com/v2/local/search/address.json,2026-09-06,https://www.data.go.kr/data/15029300/fileData.do,2025-09-25,2026-09-06,administrative_record_only_not_confirmed_active,증축,2003-06-26,2003-07-03,2003-07-24,단독주택,165,"주소 기반 추정 위치, 공사현장 좌표 아님"
15029300:1416,1416,건축행정기록,단독주택,인천광역시 미추홀구 학익동 306-31,37.4477242,126.6638600,geocoded_kakao_jibun,kakao_exact_jibun_address_match,인천 미추홀구 학익동 306-31,1,1,0.0,,kakao_local_api:address_jibun,https://dapi.kakao.com/v2/local/search/address.json,2026-09-06,https://www.data.go.kr/data/15029300/fileData.do,2025-09-25,2026-09-06,administrative_record_only_not_confirmed_active,증축,2003-06-24,2003-06-30,2003-07-24,단독주택,214,"주소 기반 추정 위치, 공사현장 좌표 아님"
15029300:1417,1417,건축행정기록,제1종근린생활시설,인천광역시 미추홀구 용현동 195-23,37.4527701,126.6574172,geocoded_kakao_jibun,kakao_exact_jibun_address_match,인천 미추홀구 용현동 195-23,1,1,0.0,,kakao_local_api:address_jibun,https://dapi.kakao.com/v2/local/search/address.json,2026-09-06,https://www.data.go.kr/data/15029300/fileData.do,2025-09-25,2026-09-06,administrative_record_only_not_confirmed_active,증축,2003-06-20,2003-06-25,2005-05-18,제1종근린생활시설,214.2,"주소 기반 추정 위치, 공사현장 좌표 아님"
15029300:1418,1418,건축행정기록,제1종근린생활시설,인천광역시 미추홀구 관교동 317-37 외1필지,37.4474076,126.6927144,geocoded_kakao_jibun,kakao_exact_jibun_address_match,인천 미추홀구 관교동 317-37,1,1,0.0,,kakao_local_api:address_jibun,https://dapi.kakao.com/v2/local/search/address.json,2026-09-06,https://www.data.go.kr/data/15029300/fileData.do,2025-09-25,2026-09-06,administrative_record_only_not_confirmed_active,증축,2003-06-12,2003-06-14,2003-06-23,제1종근린생활시설,206,"주소 기반 추정 위치, 공사현장 좌표 아님"
15029300:1419,1419,건축행정기록,공장,인천광역시 미추홀구 도화동 710,37.4732040,126.6702751,geocoded_kakao_jibun,kakao_exact_jibun_address_match,인천 미추홀구 도화동 710,1,1,0.0,,kakao_local_api:address_jibun,https://dapi.kakao.com/v2/local/search/address.json,2026-09-06,https://www.data.go.kr/data/15029300/fileData.do,2025-09-25,2026-09-06,administrative_record_only_not_confirmed_active,증축,2003-06-12,2003-06-13,2003-07-18,공장,2624.8,"주소 기반 추정 위치, 공사현장 좌표 아님"
15029300:1420,1420,건축행정기록,단독주택,인천광역시 미추홀구 도화동 538-24,37.4619770,126.6684825,geocoded_kakao_jibun,kakao_exact_jibun_address_match,인천 미추홀구 도화동 538-24,1,1,0.0,,kakao_local_api:address_jibun,https://dapi.kakao.com/v2/local/search/address.json,2026-09-06,https://www.data.go.kr/data/15029300/fileData.do,2025-09-25,2026-09-06,administrative_record_only_not_confirmed_active,증축,2003-06-10,2003-06-12,2003-10-06,단독주택,122,"주소 기반 추정 위치, 공사현장 좌표 아님"
15029300:1421,1421,건축행정기록,제2종근린생활시설,인천광역시 미추홀구 학익동 251-2 외1필지,37.4417831,126.6678109,geocoded_kakao_jibun,kakao_exact_jibun_address_match,인천 미추홀구 학익동 251-2,1,1,0.0,,kakao_local_api:address_jibun,https://dapi.kakao.com/v2/local/search/address.json,2026-09-06,https://www.data.go.kr/data/15029300/fileData.do,2025-09-25,2026-09-06,administrative_record_only_not_confirmed_active,증축,2003-06-04,2003-06-24,2005-08-18,제2종근린생활시설,728,"주소 기반 추정 위치, 공사현장 좌표 아님"
15029300:1422,1422,건축행정기록,단독주택,인천광역시 미추홀구 주안동 390-16,37.4559564,126.6852150,geocoded_kakao_jibun,kakao_exact_jibun_address_match,인천 미추홀구 주안동 390-16,1,1,0.0,,kakao_local_api:address_jibun,https://dapi.kakao.com/v2/local/search/address.json,2026-09-06,https://www.data.go.kr/data/15029300/fileData.do,2025-09-25,2026-09-06,administrative_record_only_not_confirmed_active,증축,2003-06-02,2003-06-10,2003-06-19,단독주택,136.75,"주소 기반 추정 위치, 공사현장 좌표 아님"
15029300:1423,1423,건축행정기록,제1종근린생활시설,인천광역시 미추홀구 용현동 622-122,37.4529716,126.6373785,geocoded_kakao_jibun,kakao_exact_jibun_address_match,인천 미추홀구 용현동 622-122,1,1,0.0,,kakao_local_api:address_jibun,https://dapi.kakao.com/v2/local/search/address.json,2026-09-06,https://www.data.go.kr/data/15029300/fileData.do,2025-09-25,2026-09-06,administrative_record_only_not_confirmed_active,증축,2003-06-02,2003-06-13,2003-07-21,제1종근린생활시설,176.9,"주소 기반 추정 위치, 공사현장 좌표 아님"
15029300:1424,1424,건축행정기록,단독주택,인천광역시 미추홀구 용현동 456-447,37.4590481,126.6562971,geocoded_kakao_jibun,kakao_exact_jibun_address_match,인천 미추홀구 용현동 456-447,1,1,0.0,,kakao_local_api:address_jibun,https://dapi.kakao.com/v2/local/search/address.json,2026-09-06,https://www.data.go.kr/data/15029300/fileData.do,2025-09-25,2026-09-06,administrative_record_only_not_confirmed_active,증축,2003-05-29,2003-05-30,2003-09-19,단독주택,203,"주소 기반 추정 위치, 공사현장 좌표 아님"
15029300:1425,1425,건축행정기록,제1종근린생활시설,인천광역시 미추홀구 주안동 1527-6,37.4483914,126.6893444,geocoded_kakao_jibun,kakao_exact_jibun_address_match,인천 미추홀구 주안동 1527-6,1,1,0.0,,kakao_local_api:address_jibun,https://dapi.kakao.com/v2/local/search/address.json,2026-09-06,https://www.data.go.kr/data/15029300/fileData.do,2025-09-25,2026-09-06,administrative_record_only_not_confirmed_active,증축,2003-05-27,2003-09-19,,제1종근린생활시설,216.4,"주소 기반 추정 위치, 공사현장 좌표 아님"
15029300:1426,1426,건축행정기록,단독주택,인천광역시 미추홀구 숭의동 66-68,37.4652145,126.6541429,geocoded_kakao_jibun,kakao_exact_jibun_address_match,인천 미추홀구 숭의동 66-68,1,1,0.0,,kakao_local_api:address_jibun,https://dapi.kakao.com/v2/local/search/address.json,2026-09-06,https://www.data.go.kr/data/15029300/fileData.do,2025-09-25,2026-09-06,administrative_record_only_not_confirmed_active,증축,2003-05-27,2003-05-29,,단독주택,131,"주소 기반 추정 위치, 공사현장 좌표 아님"
15029300:1427,1427,건축행정기록,단독주택,인천광역시 미추홀구 주안동 411-17,37.4571763,126.6838128,geocoded_kakao_jibun,kakao_exact_jibun_address_match,인천 미추홀구 주안동 411-17,1,1,0.0,,kakao_local_api:address_jibun,https://dapi.kakao.com/v2/local/search/address.json,2026-09-06,https://www.data.go.kr/data/15029300/fileData.do,2025-09-25,2026-09-06,administrative_record_only_not_confirmed_active,신축,2003-05-23,2003-06-04,2003-09-06,단독주택,117.13,"주소 기반 추정 위치, 공사현장 좌표 아님"
15029300:1428,1428,건축행정기록,단독주택,인천광역시 미추홀구 주안동 1343-153,37.4465074,126.6762731,geocoded_kakao_jibun,kakao_exact_jibun_address_match,인천 미추홀구 주안동 1343-153,1,1,0.0,,kakao_local_api:address_jibun,https://dapi.kakao.com/v2/local/search/address.json,2026-09-06,https://www.data.go.kr/data/15029300/fileData.do,2025-09-25,2026-09-06,administrative_record_only_not_confirmed_active,증축,2003-05-20,2003-05-23,2003-06-16,단독주택,40,"주소 기반 추정 위치, 공사현장 좌표 아님"
15029300:1429,1429,건축행정기록,단독주택,인천광역시 미추홀구 용현동 114-66,37.4561338,126.6658675,geocoded_kakao_jibun,kakao_exact_jibun_address_match,인천 미추홀구 용현동 114-66,1,1,0.0,,kakao_local_api:address_jibun,https://dapi.kakao.com/v2/local/search/address.json,2026-09-06,https://www.data.go.kr/data/15029300/fileData.do,2025-09-25,2026-09-06,administrative_record_only_not_confirmed_active,신축,2003-05-20,2003-05-30,2004-04-06,단독주택,132.7,"주소 기반 추정 위치, 공사현장 좌표 아님"
15029300:1430,1430,건축행정기록,단독주택,인천광역시 미추홀구 도화동 841-14,37.4762424,126.6590245,geocoded_kakao_jibun,kakao_exact_jibun_address_match,인천 미추홀구 도화동 841-14,1,1,0.0,,kakao_local_api:address_jibun,https://dapi.kakao.com/v2/local/search/address.json,2026-09-06,https://www.data.go.kr/data/15029300/fileData.do,2025-09-25,2026-09-06,administrative_record_only_not_confirmed_active,증축,2003-05-19,2003-05-23,2003-07-03,단독주택,125.7,"주소 기반 추정 위치, 공사현장 좌표 아님"
15029300:1431,1431,건축행정기록,단독주택,인천광역시 미추홀구 주안동 711-7,37.4528935,126.6703521,geocoded_kakao_jibun,kakao_exact_jibun_address_match,인천 미추홀구 주안동 711-7,1,1,0.0,,kakao_local_api:address_jibun,https://dapi.kakao.com/v2/local/search/address.json,2026-09-06,https://www.data.go.kr/data/15029300/fileData.do,2025-09-25,2026-09-06,administrative_record_only_not_confirmed_active,증축,2003-05-19,2003-05-21,2003-06-16,단독주택,171.1,"주소 기반 추정 위치, 공사현장 좌표 아님"
15029300:1432,1432,건축행정기록,단독주택,인천광역시 미추홀구 주안동 1301-16,37.4424674,126.6793409,geocoded_kakao_jibun,kakao_exact_jibun_address_match,인천 미추홀구 주안동 1301-16,1,1,0.0,,kakao_local_api:address_jibun,https://dapi.kakao.com/v2/local/search/address.json,2026-09-06,https://www.data.go.kr/data/15029300/fileData.do,2025-09-25,2026-09-06,administrative_record_only_not_confirmed_active,신축,2003-05-17,2003-05-20,2003-09-03,단독주택,129,"주소 기반 추정 위치, 공사현장 좌표 아님"
15029300:1433,1433,건축행정기록,단독주택,인천광역시 미추홀구 주안동 579-4,37.4577868,126.6673288,geocoded_kakao_jibun,kakao_exact_jibun_address_match,인천 미추홀구 주안동 579-4,1,1,0.0,,kakao_local_api:address_jibun,https://dapi.kakao.com/v2/local/search/address.json,2026-09-06,https://www.data.go.kr/data/15029300/fileData.do,2025-09-25,2026-09-06,administrative_record_only_not_confirmed_active,증축,2003-05-17,2003-05-21,2003-06-05,단독주택,148.1,"주소 기반 추정 위치, 공사현장 좌표 아님"
15029300:1434,1434,건축행정기록,단독주택,인천광역시 미추홀구 용현동 617-43,37.4515904,126.6382766,geocoded_kakao_jibun,kakao_exact_jibun_address_match,인천 미추홀구 용현동 617-43,1,1,0.0,,kakao_local_api:address_jibun,https://dapi.kakao.com/v2/local/search/address.json,2026-09-06,https://www.data.go.kr/data/15029300/fileData.do,2025-09-25,2026-09-06,administrative_record_only_not_confirmed_active,증축,2003-05-16,2003-05-16,2003-05-30,단독주택,181.9,"주소 기반 추정 위치, 공사현장 좌표 아님"
15029300:1435,1435,건축행정기록,제2종근린생활시설,인천광역시 미추홀구 용현동 630-5,37.4528092,126.6332557,geocoded_kakao_jibun,kakao_exact_jibun_address_match,인천 미추홀구 용현동 630-5,1,1,0.0,,kakao_local_api:address_jibun,https://dapi.kakao.com/v2/local/search/address.json,2026-09-06,https://www.data.go.kr/data/15029300/fileData.do,2025-09-25,2026-09-06,administrative_record_only_not_confirmed_active,증축,2003-05-14,2003-05-16,2003-06-17,제2종근린생활시설,278.4,"주소 기반 추정 위치, 공사현장 좌표 아님"
15029300:1436,1436,건축행정기록,단독주택,인천광역시 미추홀구 숭의동 89-20,37.4679376,126.6522736,geocoded_kakao_jibun,kakao_exact_jibun_address_match,인천 미추홀구 숭의동 89-20,1,1,0.0,,kakao_local_api:address_jibun,https://dapi.kakao.com/v2/local/search/address.json,2026-09-06,https://www.data.go.kr/data/15029300/fileData.do,2025-09-25,2026-09-06,administrative_record_only_not_confirmed_active,증축,2003-05-13,2003-05-21,,단독주택,197.14,"주소 기반 추정 위치, 공사현장 좌표 아님"
15029300:1437,1437,건축행정기록,단독주택,인천광역시 미추홀구 도화동 530-4,37.4610643,126.6694411,geocoded_kakao_jibun,kakao_exact_jibun_address_match,인천 미추홀구 도화동 530-4,1,1,0.0,,kakao_local_api:address_jibun,https://dapi.kakao.com/v2/local/search/address.json,2026-09-06,https://www.data.go.kr/data/15029300/fileData.do,2025-09-25,2026-09-06,administrative_record_only_not_confirmed_active,증축,2003-05-01,2003-05-12,2003-05-29,단독주택,136.2,"주소 기반 추정 위치, 공사현장 좌표 아님"
15029300:1438,1438,건축행정기록,단독주택,인천광역시 미추홀구 주안동 56-13,37.4613364,126.6861927,geocoded_kakao_jibun,kakao_exact_jibun_address_match,인천 미추홀구 주안동 56-13,1,1,0.0,,kakao_local_api:address_jibun,https://dapi.kakao.com/v2/local/search/address.json,2026-09-06,https://www.data.go.kr/data/15029300/fileData.do,2025-09-25,2026-09-06,administrative_record_only_not_confirmed_active,증축,2003-05-01,2003-05-13,2003-05-29,단독주택,207.5,"주소 기반 추정 위치, 공사현장 좌표 아님"
15029300:1439,1439,건축행정기록,제2종근린생활시설,인천광역시 미추홀구 주안동 1585 외2필지,37.4578999,126.6927918,geocoded_kakao_jibun,kakao_exact_jibun_address_match,인천 미추홀구 주안동 1585,1,1,0.0,,kakao_local_api:address_jibun,https://dapi.kakao.com/v2/local/search/address.json,2026-09-06,https://www.data.go.kr/data/15029300/fileData.do,2025-09-25,2026-09-06,administrative_record_only_not_confirmed_active,증축,2003-04-30,2003-05-01,2003-05-07,제2종근린생활시설,845.8,"주소 기반 추정 위치, 공사현장 좌표 아님"
15029300:1440,1440,건축행정기록,제2종근린생활시설,인천광역시 미추홀구 주안동 1466-10,37.4500612,126.6816013,geocoded_kakao_jibun,kakao_exact_jibun_address_match,인천 미추홀구 주안동 1466-10,1,1,0.0,,kakao_local_api:address_jibun,https://dapi.kakao.com/v2/local/search/address.json,2026-09-06,https://www.data.go.kr/data/15029300/fileData.do,2025-09-25,2026-09-06,administrative_record_only_not_confirmed_active,증축,2003-04-25,2003-05-27,2003-12-09,제2종근린생활시설,138.4,"주소 기반 추정 위치, 공사현장 좌표 아님"
15029300:1441,1441,건축행정기록,단독주택,인천광역시 미추홀구 도화동 128-16,37.4664271,126.6724570,geocoded_kakao_jibun,kakao_exact_jibun_address_match,인천 미추홀구 도화동 128-16,1,1,0.0,,kakao_local_api:address_jibun,https://dapi.kakao.com/v2/local/search/address.json,2026-09-06,https://www.data.go.kr/data/15029300/fileData.do,2025-09-25,2026-09-06,administrative_record_only_not_confirmed_active,신축,2003-04-24,2003-05-02,2003-09-09,단독주택,131.9,"주소 기반 추정 위치, 공사현장 좌표 아님"
15029300:1442,1442,건축행정기록,단독주택,인천광역시 미추홀구 숭의동 90-21,37.4674857,126.6520212,geocoded_kakao_jibun,kakao_exact_jibun_address_match,인천 미추홀구 숭의동 90-21,1,1,0.0,,kakao_local_api:address_jibun,https://dapi.kakao.com/v2/local/search/address.json,2026-09-06,https://www.data.go.kr/data/15029300/fileData.do,2025-09-25,2026-09-06,administrative_record_only_not_confirmed_active,증축,2003-04-24,2003-04-30,2003-05-01,단독주택,104.2,"주소 기반 추정 위치, 공사현장 좌표 아님"
15029300:1443,1443,건축행정기록,단독주택,인천광역시 미추홀구 용현동 147-115 외1필지,37.4548191,126.6554862,geocoded_kakao_jibun,kakao_exact_jibun_address_match,인천 미추홀구 용현동 147-115,1,1,0.0,,kakao_local_api:address_jibun,https://dapi.kakao.com/v2/local/search/address.json,2026-09-06,https://www.data.go.kr/data/15029300/fileData.do,2025-09-25,2026-09-06,administrative_record_only_not_confirmed_active,증축,2003-04-22,2003-04-24,2004-12-06,단독주택,82,"주소 기반 추정 위치, 공사현장 좌표 아님"
15029300:1444,1444,건축행정기록,단독주택,인천광역시 미추홀구 주안동 660-161,37.4582499,126.6652551,geocoded_kakao_jibun,kakao_exact_jibun_address_match,인천 미추홀구 주안동 660-161,1,1,0.0,,kakao_local_api:address_jibun,https://dapi.kakao.com/v2/local/search/address.json,2026-09-06,https://www.data.go.kr/data/15029300/fileData.do,2025-09-25,2026-09-06,administrative_record_only_not_confirmed_active,신축,2003-04-22,2003-04-24,2003-08-18,단독주택,179,"주소 기반 추정 위치, 공사현장 좌표 아님"
15029300:1445,1445,건축행정기록,제1종근린생활시설,인천광역시 미추홀구 도화동 440-14,37.4600057,126.6722670,geocoded_kakao_jibun,kakao_exact_jibun_address_match,인천 미추홀구 도화동 440-14,1,1,0.0,,kakao_local_api:address_jibun,https://dapi.kakao.com/v2/local/search/address.json,2026-09-06,https://www.data.go.kr/data/15029300/fileData.do,2025-09-25,2026-09-06,administrative_record_only_not_confirmed_active,신축,2003-04-22,2003-04-24,,제1종근린생활시설,158.7,"주소 기반 추정 위치, 공사현장 좌표 아님"
15029300:1446,1446,건축행정기록,단독주택,인천광역시 미추홀구 용현동 490-69,37.4565604,126.6548833,geocoded_kakao_jibun,kakao_exact_jibun_address_match,인천 미추홀구 용현동 490-69,1,1,0.0,,kakao_local_api:address_jibun,https://dapi.kakao.com/v2/local/search/address.json,2026-09-06,https://www.data.go.kr/data/15029300/fileData.do,2025-09-25,2026-09-06,administrative_record_only_not_confirmed_active,대수선,2003-04-21,2003-04-22,2005-06-09,단독주택,164.3,"주소 기반 추정 위치, 공사현장 좌표 아님"
15029300:1447,1447,건축행정기록,단독주택,인천광역시 미추홀구 주안동 1561-27,37.4512310,126.6914575,geocoded_kakao_jibun,kakao_exact_jibun_address_match,인천 미추홀구 주안동 1561-27,1,1,0.0,,kakao_local_api:address_jibun,https://dapi.kakao.com/v2/local/search/address.json,2026-09-06,https://www.data.go.kr/data/15029300/fileData.do,2025-09-25,2026-09-06,administrative_record_only_not_confirmed_active,증축,2003-04-19,2003-05-15,2003-07-18,단독주택,182.9,"주소 기반 추정 위치, 공사현장 좌표 아님"
15029300:1448,1448,건축행정기록,단독주택,인천광역시 미추홀구 숭의동 241-15,37.4624442,126.6521963,geocoded_kakao_jibun,kakao_exact_jibun_address_match,인천 미추홀구 숭의동 241-15,1,1,0.0,,kakao_local_api:address_jibun,https://dapi.kakao.com/v2/local/search/address.json,2026-09-06,https://www.data.go.kr/data/15029300/fileData.do,2025-09-25,2026-09-06,administrative_record_only_not_confirmed_active,신축,2003-04-17,2003-04-18,2003-07-12,단독주택,132,"주소 기반 추정 위치, 공사현장 좌표 아님"
15029300:1449,1449,건축행정기록,단독주택,인천광역시 미추홀구 주안동 555-40,37.4557309,126.6750101,geocoded_kakao_jibun,kakao_exact_jibun_address_match,인천 미추홀구 주안동 555-40,1,1,0.0,,kakao_local_api:address_jibun,https://dapi.kakao.com/v2/local/search/address.json,2026-09-06,https://www.data.go.kr/data/15029300/fileData.do,2025-09-25,2026-09-06,administrative_record_only_not_confirmed_active,신축,2003-04-14,2003-04-17,2003-08-09,단독주택,104.3,"주소 기반 추정 위치, 공사현장 좌표 아님"
15029300:1450,1450,건축행정기록,제1종근린생활시설,인천광역시 미추홀구 주안동 91-4,37.4610211,126.6838601,geocoded_kakao_jibun,kakao_exact_jibun_address_match,인천 미추홀구 주안동 91-4,1,1,0.0,,kakao_local_api:address_jibun,https://dapi.kakao.com/v2/local/search/address.json,2026-09-06,https://www.data.go.kr/data/15029300/fileData.do,2025-09-25,2026-09-06,administrative_record_only_not_confirmed_active,증축,2003-04-10,2003-04-16,2005-08-26,제1종근린생활시설,107.4,"주소 기반 추정 위치, 공사현장 좌표 아님"
15029300:1451,1451,건축행정기록,제1종근린생활시설,인천광역시 미추홀구 주안동 695-10,37.4541023,126.6687243,geocoded_kakao_jibun,kakao_exact_jibun_address_match,인천 미추홀구 주안동 695-10,1,1,0.0,,kakao_local_api:address_jibun,https://dapi.kakao.com/v2/local/search/address.json,2026-09-06,https://www.data.go.kr/data/15029300/fileData.do,2025-09-25,2026-09-06,administrative_record_only_not_confirmed_active,신축,2003-04-09,2003-04-11,2003-05-29,제1종근린생활시설,178.2,"주소 기반 추정 위치, 공사현장 좌표 아님"
15029300:1452,1452,건축행정기록,단독주택,인천광역시 미추홀구 주안동 555-22,37.4560132,126.6751808,geocoded_kakao_jibun,kakao_exact_jibun_address_match,인천 미추홀구 주안동 555-22,1,1,0.0,,kakao_local_api:address_jibun,https://dapi.kakao.com/v2/local/search/address.json,2026-09-06,https://www.data.go.kr/data/15029300/fileData.do,2025-09-25,2026-09-06,administrative_record_only_not_confirmed_active,증축,2003-04-09,2003-04-11,2003-06-23,단독주택,166.7,"주소 기반 추정 위치, 공사현장 좌표 아님"
15029300:1453,1453,건축행정기록,단독주택,인천광역시 미추홀구 도화동 122-18,37.4704441,126.6622365,geocoded_kakao_jibun,kakao_exact_jibun_address_match,인천 미추홀구 도화동 122-18,1,1,0.0,,kakao_local_api:address_jibun,https://dapi.kakao.com/v2/local/search/address.json,2026-09-06,https://www.data.go.kr/data/15029300/fileData.do,2025-09-25,2026-09-06,administrative_record_only_not_confirmed_active,신축,2003-04-08,2003-04-21,2004-02-16,단독주택,192,"주소 기반 추정 위치, 공사현장 좌표 아님"
15029300:1454,1454,건축행정기록,단독주택,인천광역시 미추홀구 용현동 146-605,37.4564487,126.6569062,geocoded_kakao_jibun,kakao_exact_jibun_address_match,인천 미추홀구 용현동 146-605,1,1,0.0,,kakao_local_api:address_jibun,https://dapi.kakao.com/v2/local/search/address.json,2026-09-06,https://www.data.go.kr/data/15029300/fileData.do,2025-09-25,2026-09-06,administrative_record_only_not_confirmed_active,증축,2003-04-07,2003-04-14,2003-05-10,단독주택,104,"주소 기반 추정 위치, 공사현장 좌표 아님"
15029300:1455,1455,건축행정기록,제2종근린생활시설,인천광역시 미추홀구 주안동 1417-93,37.4520921,126.6726048,geocoded_kakao_jibun,kakao_exact_jibun_address_match,인천 미추홀구 주안동 1417-93,1,1,0.0,,kakao_local_api:address_jibun,https://dapi.kakao.com/v2/local/search/address.json,2026-09-06,https://www.data.go.kr/data/15029300/fileData.do,2025-09-25,2026-09-06,administrative_record_only_not_confirmed_active,증축,2003-04-04,2003-04-10,2003-07-04,제2종근린생활시설,245.4,"주소 기반 추정 위치, 공사현장 좌표 아님"
15029300:1456,1456,건축행정기록,제1종근린생활시설,인천광역시 미추홀구 주안동 1301-8,37.4427848,126.6796081,geocoded_kakao_jibun,kakao_exact_jibun_address_match,인천 미추홀구 주안동 1301-8,1,1,0.0,,kakao_local_api:address_jibun,https://dapi.kakao.com/v2/local/search/address.json,2026-09-06,https://www.data.go.kr/data/15029300/fileData.do,2025-09-25,2026-09-06,administrative_record_only_not_confirmed_active,증축,2003-03-31,2003-04-07,2003-05-21,제1종근린생활시설,112,"주소 기반 추정 위치, 공사현장 좌표 아님"
15029300:1457,1457,건축행정기록,제1종근린생활시설,인천광역시 미추홀구 학익동 660-11,37.4403146,126.6702506,geocoded_kakao_jibun,kakao_exact_jibun_address_match,인천 미추홀구 학익동 660-11,1,1,0.0,,kakao_local_api:address_jibun,https://dapi.kakao.com/v2/local/search/address.json,2026-09-06,https://www.data.go.kr/data/15029300/fileData.do,2025-09-25,2026-09-06,administrative_record_only_not_confirmed_active,증축,2003-03-31,2003-04-11,2003-08-22,제1종근린생활시설,242.7,"주소 기반 추정 위치, 공사현장 좌표 아님"
15029300:1458,1458,건축행정기록,숙박시설,인천광역시 미추홀구 주안동 157-4 외1필지,37.4615779,126.6820712,geocoded_kakao_jibun,kakao_exact_jibun_address_match,인천 미추홀구 주안동 157-4,1,1,0.0,,kakao_local_api:address_jibun,https://dapi.kakao.com/v2/local/search/address.json,2026-09-06,https://www.data.go.kr/data/15029300/fileData.do,2025-09-25,2026-09-06,administrative_record_only_not_confirmed_active,증축,2003-03-26,2003-04-03,2003-06-19,숙박시설,399.3,"주소 기반 추정 위치, 공사현장 좌표 아님"
15029300:1459,1459,건축행정기록,단독주택,인천광역시 미추홀구 주안동 543-18,37.4559495,126.6768155,geocoded_kakao_jibun,kakao_exact_jibun_address_match,인천 미추홀구 주안동 543-18,1,1,0.0,,kakao_local_api:address_jibun,https://dapi.kakao.com/v2/local/search/address.json,2026-09-06,https://www.data.go.kr/data/15029300/fileData.do,2025-09-25,2026-09-06,administrative_record_only_not_confirmed_active,신축,2003-03-24,2003-04-08,2003-08-07,단독주택,208.3,"주소 기반 추정 위치, 공사현장 좌표 아님"
15029300:1460,1460,건축행정기록,제2종근린생활시설,인천광역시 미추홀구 주안동 453-19,37.4547522,126.6801826,geocoded_kakao_jibun,kakao_exact_jibun_address_match,인천 미추홀구 주안동 453-19,1,1,0.0,,kakao_local_api:address_jibun,https://dapi.kakao.com/v2/local/search/address.json,2026-09-06,https://www.data.go.kr/data/15029300/fileData.do,2025-09-25,2026-09-06,administrative_record_only_not_confirmed_active,증축,2003-03-24,2003-03-29,2006-08-04,제2종근린생활시설,205.6,"주소 기반 추정 위치, 공사현장 좌표 아님"
15029300:1461,1461,건축행정기록,단독주택,인천광역시 미추홀구 숭의동 48-17,37.4647070,126.6576124,geocoded_kakao_jibun,kakao_exact_jibun_address_match,인천 미추홀구 숭의동 48-17,1,1,0.0,,kakao_local_api:address_jibun,https://dapi.kakao.com/v2/local/search/address.json,2026-09-06,https://www.data.go.kr/data/15029300/fileData.do,2025-09-25,2026-09-06,administrative_record_only_not_confirmed_active,증축,2003-03-24,2003-04-04,2005-06-01,단독주택,212,"주소 기반 추정 위치, 공사현장 좌표 아님"
15029300:1462,1462,건축행정기록,단독주택,인천광역시 미추홀구 주안동 1301-6,37.4428196,126.6793847,geocoded_kakao_jibun,kakao_exact_jibun_address_match,인천 미추홀구 주안동 1301-6,1,1,0.0,,kakao_local_api:address_jibun,https://dapi.kakao.com/v2/local/search/address.json,2026-09-06,https://www.data.go.kr/data/15029300/fileData.do,2025-09-25,2026-09-06,administrative_record_only_not_confirmed_active,증축,2003-03-19,2003-03-21,2003-04-22,단독주택,116,"주소 기반 추정 위치, 공사현장 좌표 아님"
15029300:1463,1463,건축행정기록,단독주택,인천광역시 미추홀구 주안동 1285-11,37.4441814,126.6798217,geocoded_kakao_jibun,kakao_exact_jibun_address_match,인천 미추홀구 주안동 1285-11,1,1,0.0,,kakao_local_api:address_jibun,https://dapi.kakao.com/v2/local/search/address.json,2026-09-06,https://www.data.go.kr/data/15029300/fileData.do,2025-09-25,2026-09-06,administrative_record_only_not_confirmed_active,대수선,2003-03-18,2003-03-19,2003-03-27,단독주택,116,"주소 기반 추정 위치, 공사현장 좌표 아님"
15029300:1464,1464,건축행정기록,단독주택,인천광역시 미추홀구 용현동 146-25,37.4563990,126.6577077,geocoded_kakao_jibun,kakao_exact_jibun_address_match,인천 미추홀구 용현동 146-25,1,1,0.0,,kakao_local_api:address_jibun,https://dapi.kakao.com/v2/local/search/address.json,2026-09-06,https://www.data.go.kr/data/15029300/fileData.do,2025-09-25,2026-09-06,administrative_record_only_not_confirmed_active,신축,2003-03-18,2003-03-20,2003-08-01,단독주택,93,"주소 기반 추정 위치, 공사현장 좌표 아님"
15029300:1465,1465,건축행정기록,단독주택,인천광역시 미추홀구 주안동 1354-32,37.4447531,126.6774004,geocoded_kakao_jibun,kakao_exact_jibun_address_match,인천 미추홀구 주안동 1354-32,1,1,0.0,,kakao_local_api:address_jibun,https://dapi.kakao.com/v2/local/search/address.json,2026-09-06,https://www.data.go.kr/data/15029300/fileData.do,2025-09-25,2026-09-06,administrative_record_only_not_confirmed_active,신축,2003-03-17,2003-05-22,2003-06-23,단독주택,134.9,"주소 기반 추정 위치, 공사현장 좌표 아님"
15029300:1466,1466,건축행정기록,단독주택,인천광역시 미추홀구 숭의동 176-78,37.4639008,126.6491166,geocoded_kakao_jibun,kakao_exact_jibun_address_match,인천 미추홀구 숭의동 176-78,1,1,0.0,,kakao_local_api:address_jibun,https://dapi.kakao.com/v2/local/search/address.json,2026-09-06,https://www.data.go.kr/data/15029300/fileData.do,2025-09-25,2026-09-06,administrative_record_only_not_confirmed_active,증축,2003-03-17,2003-03-21,2003-05-01,단독주택,76.7,"주소 기반 추정 위치, 공사현장 좌표 아님"
15029300:1467,1467,건축행정기록,단독주택,인천광역시 미추홀구 용현동 623-184,37.4540513,126.6385092,geocoded_kakao_jibun,kakao_exact_jibun_address_match,인천 미추홀구 용현동 623-184,1,1,0.0,,kakao_local_api:address_jibun,https://dapi.kakao.com/v2/local/search/address.json,2026-09-06,https://www.data.go.kr/data/15029300/fileData.do,2025-09-25,2026-09-06,administrative_record_only_not_confirmed_active,증축,2003-03-17,2003-04-16,2004-05-29,단독주택,197.3,"주소 기반 추정 위치, 공사현장 좌표 아님"
15029300:1468,1468,건축행정기록,제1종근린생활시설,인천광역시 미추홀구 숭의동 147-25,37.4646044,126.6484307,geocoded_kakao_jibun,kakao_exact_jibun_address_match,인천 미추홀구 숭의동 147-25,1,1,0.0,,kakao_local_api:address_jibun,https://dapi.kakao.com/v2/local/search/address.json,2026-09-06,https://www.data.go.kr/data/15029300/fileData.do,2025-09-25,2026-09-06,administrative_record_only_not_confirmed_active,증축,2003-03-14,2003-03-18,2003-04-11,제1종근린생활시설,87.3,"주소 기반 추정 위치, 공사현장 좌표 아님"
15029300:1469,1469,건축행정기록,단독주택,인천광역시 미추홀구 도화동 554-5,37.4636699,126.6723536,geocoded_kakao_jibun,kakao_exact_jibun_address_match,인천 미추홀구 도화동 554-5,1,1,0.0,,kakao_local_api:address_jibun,https://dapi.kakao.com/v2/local/search/address.json,2026-09-06,https://www.data.go.kr/data/15029300/fileData.do,2025-09-25,2026-09-06,administrative_record_only_not_confirmed_active,증축,2003-03-14,2003-03-21,2005-06-20,단독주택,180.7,"주소 기반 추정 위치, 공사현장 좌표 아님"
15029300:1470,1470,건축행정기록,단독주택,인천광역시 미추홀구 숭의동 34-52,37.4628824,126.6544586,geocoded_kakao_jibun,kakao_exact_jibun_address_match,인천 미추홀구 숭의동 34-52,1,1,0.0,,kakao_local_api:address_jibun,https://dapi.kakao.com/v2/local/search/address.json,2026-09-06,https://www.data.go.kr/data/15029300/fileData.do,2025-09-25,2026-09-06,administrative_record_only_not_confirmed_active,개축,2003-03-12,2003-03-18,2004-06-12,단독주택,130.8,"주소 기반 추정 위치, 공사현장 좌표 아님"
15029300:1471,1471,건축행정기록,단독주택,인천광역시 미추홀구 숭의동 34-53,37.4628487,126.6543584,geocoded_kakao_jibun,kakao_exact_jibun_address_match,인천 미추홀구 숭의동 34-53,1,1,0.0,,kakao_local_api:address_jibun,https://dapi.kakao.com/v2/local/search/address.json,2026-09-06,https://www.data.go.kr/data/15029300/fileData.do,2025-09-25,2026-09-06,administrative_record_only_not_confirmed_active,개축,2003-03-12,2003-03-18,2004-06-21,단독주택,114.1,"주소 기반 추정 위치, 공사현장 좌표 아님"
15029300:1472,1472,건축행정기록,단독주택,인천광역시 미추홀구 용현동 179-28,37.4524213,126.6603818,geocoded_kakao_jibun,kakao_exact_jibun_address_match,인천 미추홀구 용현동 179-28,1,1,0.0,,kakao_local_api:address_jibun,https://dapi.kakao.com/v2/local/search/address.json,2026-09-06,https://www.data.go.kr/data/15029300/fileData.do,2025-09-25,2026-09-06,administrative_record_only_not_confirmed_active,신축,2003-03-06,2003-03-06,2003-06-12,단독주택,107,"주소 기반 추정 위치, 공사현장 좌표 아님"
15029300:1473,1473,건축행정기록,창고시설,인천광역시 미추홀구 도화동 941,37.4793226,126.6571317,geocoded_kakao_jibun,kakao_exact_jibun_address_match,인천 미추홀구 도화동 941,1,1,0.0,,kakao_local_api:address_jibun,https://dapi.kakao.com/v2/local/search/address.json,2026-09-06,https://www.data.go.kr/data/15029300/fileData.do,2025-09-25,2026-09-06,administrative_record_only_not_confirmed_active,신축,2003-03-06,2003-03-07,,창고시설,1621.8,"주소 기반 추정 위치, 공사현장 좌표 아님"
15029300:1474,1474,건축행정기록,단독주택,인천광역시 미추홀구 용현동 114-14,37.4566115,126.6647782,geocoded_kakao_jibun,kakao_exact_jibun_address_match,인천 미추홀구 용현동 114-14,1,1,0.0,,kakao_local_api:address_jibun,https://dapi.kakao.com/v2/local/search/address.json,2026-09-06,https://www.data.go.kr/data/15029300/fileData.do,2025-09-25,2026-09-06,administrative_record_only_not_confirmed_active,증축,2003-03-05,2003-03-06,2003-04-08,단독주택,196.8,"주소 기반 추정 위치, 공사현장 좌표 아님"
15029300:1475,1475,건축행정기록,단독주택,인천광역시 미추홀구 용현동 571-47,37.4570138,126.6401228,geocoded_kakao_jibun,kakao_exact_jibun_address_match,인천 미추홀구 용현동 571-47,1,1,0.0,,kakao_local_api:address_jibun,https://dapi.kakao.com/v2/local/search/address.json,2026-09-06,https://www.data.go.kr/data/15029300/fileData.do,2025-09-25,2026-09-06,administrative_record_only_not_confirmed_active,증축,2003-03-04,2003-03-06,2003-05-21,단독주택,139.35,"주소 기반 추정 위치, 공사현장 좌표 아님"
15029300:1476,1476,건축행정기록,숙박시설,인천광역시 미추홀구 주안동 153-1,37.4619801,126.6816746,geocoded_kakao_jibun,kakao_exact_jibun_address_match,인천 미추홀구 주안동 153-1,1,1,0.0,,kakao_local_api:address_jibun,https://dapi.kakao.com/v2/local/search/address.json,2026-09-06,https://www.data.go.kr/data/15029300/fileData.do,2025-09-25,2026-09-06,administrative_record_only_not_confirmed_active,증축,2003-03-03,2003-03-06,2003-06-05,숙박시설,270.3,"주소 기반 추정 위치, 공사현장 좌표 아님"
15029300:1477,1477,건축행정기록,제1종근린생활시설,인천광역시 미추홀구 주안동 486-27,37.4545938,126.6796775,geocoded_kakao_jibun,kakao_exact_jibun_address_match,인천 미추홀구 주안동 486-27,1,1,0.0,,kakao_local_api:address_jibun,https://dapi.kakao.com/v2/local/search/address.json,2026-09-06,https://www.data.go.kr/data/15029300/fileData.do,2025-09-25,2026-09-06,administrative_record_only_not_confirmed_active,증축,2003-03-03,2003-03-12,2003-05-16,제1종근린생활시설,180.1,"주소 기반 추정 위치, 공사현장 좌표 아님"
15029300:1478,1478,건축행정기록,공장,인천광역시 미추홀구 학익동 587-59,37.4399080,126.6383910,geocoded_kakao_jibun,kakao_exact_jibun_address_match,인천 미추홀구 학익동 587-59,1,1,0.0,,kakao_local_api:address_jibun,https://dapi.kakao.com/v2/local/search/address.json,2026-09-06,https://www.data.go.kr/data/15029300/fileData.do,2025-09-25,2026-09-06,administrative_record_only_not_confirmed_active,증축,2003-03-03,2003-03-06,2003-04-02,공장,66118,"주소 기반 추정 위치, 공사현장 좌표 아님"
15029300:1479,1479,건축행정기록,판매및영업시설,인천광역시 미추홀구 숭의동 60-31 외2필지,37.4659375,126.6555921,geocoded_kakao_jibun,kakao_exact_jibun_address_match,인천 미추홀구 숭의동 60-31,1,1,0.0,,kakao_local_api:address_jibun,https://dapi.kakao.com/v2/local/search/address.json,2026-09-06,https://www.data.go.kr/data/15029300/fileData.do,2025-09-25,2026-09-06,administrative_record_only_not_confirmed_active,대수선,2003-02-27,2003-03-15,2003-11-14,판매및영업시설,761,"주소 기반 추정 위치, 공사현장 좌표 아님"
15029300:1480,1480,건축행정기록,단독주택,인천광역시 미추홀구 주안동 495-26,37.4550620,126.6784802,geocoded_kakao_jibun,kakao_exact_jibun_address_match,인천 미추홀구 주안동 495-26,1,1,0.0,,kakao_local_api:address_jibun,https://dapi.kakao.com/v2/local/search/address.json,2026-09-06,https://www.data.go.kr/data/15029300/fileData.do,2025-09-25,2026-09-06,administrative_record_only_not_confirmed_active,증축,2003-02-26,2003-03-05,2003-03-07,단독주택,152.2,"주소 기반 추정 위치, 공사현장 좌표 아님"
15029300:1481,1481,건축행정기록,제2종근린생활시설,인천광역시 미추홀구 도화동 89-13,37.4675517,126.6583303,geocoded_kakao_jibun,kakao_exact_jibun_address_match,인천 미추홀구 도화동 89-13,1,1,0.0,,kakao_local_api:address_jibun,https://dapi.kakao.com/v2/local/search/address.json,2026-09-06,https://www.data.go.kr/data/15029300/fileData.do,2025-09-25,2026-09-06,administrative_record_only_not_confirmed_active,증축,2003-02-25,2003-02-26,2003-04-03,제2종근린생활시설,122.2,"주소 기반 추정 위치, 공사현장 좌표 아님"
15029300:1482,1482,건축행정기록,제2종근린생활시설,인천광역시 미추홀구 학익동 673-3,37.4394309,126.6721917,geocoded_kakao_jibun,kakao_exact_jibun_address_match,인천 미추홀구 학익동 673-3,1,1,0.0,,kakao_local_api:address_jibun,https://dapi.kakao.com/v2/local/search/address.json,2026-09-06,https://www.data.go.kr/data/15029300/fileData.do,2025-09-25,2026-09-06,administrative_record_only_not_confirmed_active,증축,2003-02-25,2003-03-18,2003-04-22,제2종근린생활시설,965.8,"주소 기반 추정 위치, 공사현장 좌표 아님"
15029300:1483,1483,건축행정기록,단독주택,인천광역시 미추홀구 숭의동 8-159,37.4602670,126.6605315,geocoded_kakao_jibun,kakao_exact_jibun_address_match,인천 미추홀구 숭의동 8-159,1,1,0.0,,kakao_local_api:address_jibun,https://dapi.kakao.com/v2/local/search/address.json,2026-09-06,https://www.data.go.kr/data/15029300/fileData.do,2025-09-25,2026-09-06,administrative_record_only_not_confirmed_active,신축,2003-02-21,2003-10-08,2005-05-13,단독주택,175.92,"주소 기반 추정 위치, 공사현장 좌표 아님"
15029300:1484,1484,건축행정기록,문화및집회시설,인천광역시 미추홀구 주안동 1218-6,37.4456482,126.6832073,geocoded_kakao_jibun,kakao_exact_jibun_address_match,인천 미추홀구 주안동 1218-6,1,1,0.0,,kakao_local_api:address_jibun,https://dapi.kakao.com/v2/local/search/address.json,2026-09-06,https://www.data.go.kr/data/15029300/fileData.do,2025-09-25,2026-09-06,administrative_record_only_not_confirmed_active,증축,2003-02-19,2003-02-21,2003-02-26,문화및집회시설,2220.25,"주소 기반 추정 위치, 공사현장 좌표 아님"
15029300:1485,1485,건축행정기록,제2종근린생활시설,인천광역시 미추홀구 주안동 507-4,37.4584007,126.6767601,geocoded_kakao_jibun,kakao_exact_jibun_address_match,인천 미추홀구 주안동 507-4,1,1,0.0,,kakao_local_api:address_jibun,https://dapi.kakao.com/v2/local/search/address.json,2026-09-06,https://www.data.go.kr/data/15029300/fileData.do,2025-09-25,2026-09-06,administrative_record_only_not_confirmed_active,증축,2003-02-17,2003-02-20,2003-07-18,제2종근린생활시설,318.6,"주소 기반 추정 위치, 공사현장 좌표 아님"
15029300:1486,1486,건축행정기록,제2종근린생활시설,인천광역시 미추홀구 학익동 664-6,37.4388700,126.6761668,geocoded_kakao_jibun,kakao_exact_jibun_address_match,인천 미추홀구 학익동 664-6,1,1,0.0,,kakao_local_api:address_jibun,https://dapi.kakao.com/v2/local/search/address.json,2026-09-06,https://www.data.go.kr/data/15029300/fileData.do,2025-09-25,2026-09-06,administrative_record_only_not_confirmed_active,신축,2003-02-15,2003-03-06,2003-04-07,제2종근린생활시설,443.7,"주소 기반 추정 위치, 공사현장 좌표 아님"
15029300:1487,1487,건축행정기록,단독주택,인천광역시 미추홀구 용현동 623-79,37.4544638,126.6376538,geocoded_kakao_jibun,kakao_exact_jibun_address_match,인천 미추홀구 용현동 623-79,1,1,0.0,,kakao_local_api:address_jibun,https://dapi.kakao.com/v2/local/search/address.json,2026-09-06,https://www.data.go.kr/data/15029300/fileData.do,2025-09-25,2026-09-06,administrative_record_only_not_confirmed_active,증축,2003-02-15,2003-02-17,2003-04-04,단독주택,191.5,"주소 기반 추정 위치, 공사현장 좌표 아님"
15029300:1488,1488,건축행정기록,단독주택,인천광역시 미추홀구 용현동 453-212,37.4569771,126.6523731,geocoded_kakao_jibun,kakao_exact_jibun_address_match,인천 미추홀구 용현동 453-212,1,1,0.0,,kakao_local_api:address_jibun,https://dapi.kakao.com/v2/local/search/address.json,2026-09-06,https://www.data.go.kr/data/15029300/fileData.do,2025-09-25,2026-09-06,administrative_record_only_not_confirmed_active,증축,2003-02-13,2003-02-27,2003-07-05,단독주택,82.5,"주소 기반 추정 위치, 공사현장 좌표 아님"
15029300:1489,1489,건축행정기록,제2종근린생활시설,인천광역시 미추홀구 학익동 660-16,37.4400322,126.6708762,geocoded_kakao_jibun,kakao_exact_jibun_address_match,인천 미추홀구 학익동 660-16,1,1,0.0,,kakao_local_api:address_jibun,https://dapi.kakao.com/v2/local/search/address.json,2026-09-06,https://www.data.go.kr/data/15029300/fileData.do,2025-09-25,2026-09-06,administrative_record_only_not_confirmed_active,증축,2003-02-11,2003-02-13,2004-08-17,제2종근린생활시설,642.2,"주소 기반 추정 위치, 공사현장 좌표 아님"
15029300:1490,1490,건축행정기록,단독주택,인천광역시 미추홀구 도화동 281-16,37.4668169,126.6633674,geocoded_kakao_jibun,kakao_exact_jibun_address_match,인천 미추홀구 도화동 281-16,1,1,0.0,,kakao_local_api:address_jibun,https://dapi.kakao.com/v2/local/search/address.json,2026-09-06,https://www.data.go.kr/data/15029300/fileData.do,2025-09-25,2026-09-06,administrative_record_only_not_confirmed_active,신축,2003-02-06,2003-02-17,2003-07-04,단독주택,73,"주소 기반 추정 위치, 공사현장 좌표 아님"
15029300:1491,1491,건축행정기록,자동차관련시설,인천광역시 미추홀구 주안동 1412-54,37.4702668,126.6823597,geocoded_kakao_jibun,kakao_exact_jibun_address_match,인천 미추홀구 주안동 1412-54,1,1,0.0,,kakao_local_api:address_jibun,https://dapi.kakao.com/v2/local/search/address.json,2026-09-06,https://www.data.go.kr/data/15029300/fileData.do,2025-09-25,2026-09-06,administrative_record_only_not_confirmed_active,증축,2003-02-05,2003-02-10,2003-02-12,자동차관련시설,1934.6,"주소 기반 추정 위치, 공사현장 좌표 아님"
15029300:1492,1492,건축행정기록,교육연구및복지시설,인천광역시 미추홀구 숭의동 66-33 외2필지,37.4659713,126.6550991,geocoded_kakao_jibun,kakao_exact_jibun_address_match,인천 미추홀구 숭의동 66-33,1,1,0.0,,kakao_local_api:address_jibun,https://dapi.kakao.com/v2/local/search/address.json,2026-09-06,https://www.data.go.kr/data/15029300/fileData.do,2025-09-25,2026-09-06,administrative_record_only_not_confirmed_active,증축,2003-01-24,2003-03-02,2003-05-27,교육연구및복지시설,455.38,"주소 기반 추정 위치, 공사현장 좌표 아님"
15029300:1493,1493,건축행정기록,제2종근린생활시설,인천광역시 미추홀구 용현동 617-61,37.4512132,126.6373843,geocoded_kakao_jibun,kakao_exact_jibun_address_match,인천 미추홀구 용현동 617-61,1,1,0.0,,kakao_local_api:address_jibun,https://dapi.kakao.com/v2/local/search/address.json,2026-09-06,https://www.data.go.kr/data/15029300/fileData.do,2025-09-25,2026-09-06,administrative_record_only_not_confirmed_active,증축,2003-01-21,2003-01-25,,제2종근린생활시설,212.2,"주소 기반 추정 위치, 공사현장 좌표 아님"
15029300:1494,1494,건축행정기록,업무시설,인천광역시 미추홀구 도화동 71-12,,,unresolved,no_exact_parcel_match_in_kakao,,0,0,,,kakao_local_api:unresolved,https://dapi.kakao.com/v2/local/search/address.json,2026-09-06,https://www.data.go.kr/data/15029300/fileData.do,2025-09-25,2026-09-06,administrative_record_only_not_confirmed_active,증축,2003-01-16,2003-01-25,2005-06-23,업무시설,265.2,"주소 기반 추정 위치, 공사현장 좌표 아님"
15029300:1495,1495,건축행정기록,단독주택,인천광역시 미추홀구 용현동 99-5,37.4527489,126.6622778,geocoded_kakao_jibun,kakao_exact_jibun_address_match,인천 미추홀구 용현동 99-5,1,1,0.0,,kakao_local_api:address_jibun,https://dapi.kakao.com/v2/local/search/address.json,2026-09-06,https://www.data.go.kr/data/15029300/fileData.do,2025-09-25,2026-09-06,administrative_record_only_not_confirmed_active,증축,2003-01-13,2003-01-24,2005-06-17,단독주택,158.9,"주소 기반 추정 위치, 공사현장 좌표 아님"
15029300:1496,1496,건축행정기록,제1종근린생활시설,인천광역시 미추홀구 주안동 68-1,37.4596856,126.6864856,geocoded_kakao_jibun,kakao_exact_jibun_address_match,인천 미추홀구 주안동 68-1,1,1,0.0,,kakao_local_api:address_jibun,https://dapi.kakao.com/v2/local/search/address.json,2026-09-06,https://www.data.go.kr/data/15029300/fileData.do,2025-09-25,2026-09-06,administrative_record_only_not_confirmed_active,증축,2003-01-13,2003-01-16,,제1종근린생활시설,247.6,"주소 기반 추정 위치, 공사현장 좌표 아님"
15029300:1497,1497,건축행정기록,제1종근린생활시설,인천광역시 미추홀구 숭의동 89-18,37.4681000,126.6522849,geocoded_kakao_jibun,kakao_exact_jibun_address_match,인천 미추홀구 숭의동 89-18,1,1,0.0,,kakao_local_api:address_jibun,https://dapi.kakao.com/v2/local/search/address.json,2026-09-06,https://www.data.go.kr/data/15029300/fileData.do,2025-09-25,2026-09-06,administrative_record_only_not_confirmed_active,증축,2003-01-06,2003-01-09,2003-05-27,제1종근린생활시설,210.3,"주소 기반 추정 위치, 공사현장 좌표 아님"
15029300:1498,1498,건축행정기록,제2종근린생활시설,인천광역시 미추홀구 학익동 660-15,37.4401069,126.6706309,geocoded_kakao_jibun,kakao_exact_jibun_address_match,인천 미추홀구 학익동 660-15,1,1,0.0,,kakao_local_api:address_jibun,https://dapi.kakao.com/v2/local/search/address.json,2026-09-06,https://www.data.go.kr/data/15029300/fileData.do,2025-09-25,2026-09-06,administrative_record_only_not_confirmed_active,증축,2002-12-30,2003-01-03,2003-01-13,제2종근린생활시설,170.2,"주소 기반 추정 위치, 공사현장 좌표 아님"
15029300:1499,1499,건축행정기록,단독주택,인천광역시 미추홀구 주안동 1240-38,37.4446471,126.6813771,geocoded_kakao_jibun,kakao_exact_jibun_address_match,인천 미추홀구 주안동 1240-38,1,1,0.0,,kakao_local_api:address_jibun,https://dapi.kakao.com/v2/local/search/address.json,2026-09-06,https://www.data.go.kr/data/15029300/fileData.do,2025-09-25,2026-09-06,administrative_record_only_not_confirmed_active,대수선,2002-12-23,2004-02-10,2004-02-24,단독주택,128,"주소 기반 추정 위치, 공사현장 좌표 아님"
15029300:1500,1500,건축행정기록,제2종근린생활시설,인천광역시 미추홀구 용현동 629-108,37.4529466,126.6354381,geocoded_kakao_jibun,kakao_exact_jibun_address_match,인천 미추홀구 용현동 629-108,1,1,0.0,,kakao_local_api:address_jibun,https://dapi.kakao.com/v2/local/search/address.json,2026-09-06,https://www.data.go.kr/data/15029300/fileData.do,2025-09-25,2026-09-06,administrative_record_only_not_confirmed_active,증축,2002-12-21,2002-12-24,2003-07-12,제2종근린생활시설,253.7,"주소 기반 추정 위치, 공사현장 좌표 아님"
15029300:1501,1501,건축행정기록,공동주택,인천광역시 미추홀구 용현동 630-66,37.4522223,126.6341422,geocoded_kakao_jibun,kakao_exact_jibun_address_match,인천 미추홀구 용현동 630-66,1,1,0.0,,kakao_local_api:address_jibun,https://dapi.kakao.com/v2/local/search/address.json,2026-09-06,https://www.data.go.kr/data/15029300/fileData.do,2025-09-25,2026-09-06,administrative_record_only_not_confirmed_active,증축,2002-12-18,2005-05-27,,공동주택,232.2,"주소 기반 추정 위치, 공사현장 좌표 아님"
15029300:1502,1502,건축행정기록,숙박시설,인천광역시 남구 용현동 628-1,37.4553896,126.6348062,geocoded_kakao_jibun,kakao_exact_jibun_address_match,인천 미추홀구 용현동 628-1,1,1,0.0,,kakao_local_api:address_jibun,https://dapi.kakao.com/v2/local/search/address.json,2026-09-06,https://www.data.go.kr/data/15029300/fileData.do,2025-09-25,2026-09-06,administrative_record_only_not_confirmed_active,증축,2002-12-18,2002-12-18,2003-01-07,숙박시설,560.3,"주소 기반 추정 위치, 공사현장 좌표 아님"
15029300:1503,1503,건축행정기록,제2종근린생활시설,인천광역시 미추홀구 주안동 1004-6,37.4586398,126.6883963,geocoded_kakao_jibun,kakao_exact_jibun_address_match,인천 미추홀구 주안동 1004-6,1,1,0.0,,kakao_local_api:address_jibun,https://dapi.kakao.com/v2/local/search/address.json,2026-09-06,https://www.data.go.kr/data/15029300/fileData.do,2025-09-25,2026-09-06,administrative_record_only_not_confirmed_active,증축,2002-12-17,2002-12-24,,제2종근린생활시설,222,"주소 기반 추정 위치, 공사현장 좌표 아님"
15029300:1504,1504,건축행정기록,단독주택,인천광역시 미추홀구 용현동 147-58,37.4546180,126.6549759,geocoded_kakao_jibun,kakao_exact_jibun_address_match,인천 미추홀구 용현동 147-58,1,1,0.0,,kakao_local_api:address_jibun,https://dapi.kakao.com/v2/local/search/address.json,2026-09-06,https://www.data.go.kr/data/15029300/fileData.do,2025-09-25,2026-09-06,administrative_record_only_not_confirmed_active,신축,2002-12-10,2002-12-12,2004-10-27,단독주택,42.05,"주소 기반 추정 위치, 공사현장 좌표 아님"
15029300:1505,1505,건축행정기록,업무시설,인천광역시 미추홀구 주안동 302-1 외3필지,37.4577352,126.6876226,geocoded_kakao_jibun,kakao_exact_jibun_address_match,인천 미추홀구 주안동 302-1,1,1,0.0,,kakao_local_api:address_jibun,https://dapi.kakao.com/v2/local/search/address.json,2026-09-06,https://www.data.go.kr/data/15029300/fileData.do,2025-09-25,2026-09-06,administrative_record_only_not_confirmed_active,대수선,2002-12-09,2002-12-12,2003-04-29,업무시설,1322.7,"주소 기반 추정 위치, 공사현장 좌표 아님"
15029300:1506,1506,건축행정기록,위락시설,인천광역시 미추홀구 주안동 113-1 외1필지,37.4635470,126.6848340,geocoded_kakao_jibun,kakao_exact_jibun_address_match,인천 미추홀구 주안동 113-1,1,1,0.0,,kakao_local_api:address_jibun,https://dapi.kakao.com/v2/local/search/address.json,2026-09-06,https://www.data.go.kr/data/15029300/fileData.do,2025-09-25,2026-09-06,administrative_record_only_not_confirmed_active,용도변경,2002-12-05,2002-12-16,2002-12-17,위락시설,2158.6,"주소 기반 추정 위치, 공사현장 좌표 아님"
15029300:1507,1507,건축행정기록,제2종근린생활시설,인천광역시 미추홀구 학익동 220-3,37.4409878,126.6643111,geocoded_kakao_jibun,kakao_exact_jibun_address_match,인천 미추홀구 학익동 220-3,1,1,0.0,,kakao_local_api:address_jibun,https://dapi.kakao.com/v2/local/search/address.json,2026-09-06,https://www.data.go.kr/data/15029300/fileData.do,2025-09-25,2026-09-06,administrative_record_only_not_confirmed_active,증축,2002-12-03,2002-12-05,2002-12-20,제2종근린생활시설,185,"주소 기반 추정 위치, 공사현장 좌표 아님"
15029300:1508,1508,건축행정기록,단독주택,인천광역시 미추홀구 용현동 627-218,37.4505075,126.6343011,geocoded_kakao_jibun,kakao_exact_jibun_address_match,인천 미추홀구 용현동 627-218,1,1,0.0,,kakao_local_api:address_jibun,https://dapi.kakao.com/v2/local/search/address.json,2026-09-06,https://www.data.go.kr/data/15029300/fileData.do,2025-09-25,2026-09-06,administrative_record_only_not_confirmed_active,증축,2002-12-03,2002-12-05,2002-12-30,단독주택,197,"주소 기반 추정 위치, 공사현장 좌표 아님"
15029300:1509,1509,건축행정기록,제2종근린생활시설,인천광역시 미추홀구 학익동 220-4,37.4408420,126.6641956,geocoded_kakao_jibun,kakao_exact_jibun_address_match,인천 미추홀구 학익동 220-4,1,1,0.0,,kakao_local_api:address_jibun,https://dapi.kakao.com/v2/local/search/address.json,2026-09-06,https://www.data.go.kr/data/15029300/fileData.do,2025-09-25,2026-09-06,administrative_record_only_not_confirmed_active,증축,2002-11-21,2002-11-26,2002-12-06,제2종근린생활시설,158,"주소 기반 추정 위치, 공사현장 좌표 아님"
15029300:1510,1510,건축행정기록,단독주택,인천광역시 미추홀구 용현동 623-147,37.4548956,126.6391606,geocoded_kakao_jibun,kakao_exact_jibun_address_match,인천 미추홀구 용현동 623-147,1,1,0.0,,kakao_local_api:address_jibun,https://dapi.kakao.com/v2/local/search/address.json,2026-09-06,https://www.data.go.kr/data/15029300/fileData.do,2025-09-25,2026-09-06,administrative_record_only_not_confirmed_active,증축,2002-11-19,2002-11-21,2002-12-24,단독주택,183.5,"주소 기반 추정 위치, 공사현장 좌표 아님"
15029300:1511,1511,건축행정기록,단독주택,인천광역시 미추홀구 용현동 197-10,37.4522171,126.6557029,geocoded_kakao_jibun,kakao_exact_jibun_address_match,인천 미추홀구 용현동 197-10,1,1,0.0,,kakao_local_api:address_jibun,https://dapi.kakao.com/v2/local/search/address.json,2026-09-06,https://www.data.go.kr/data/15029300/fileData.do,2025-09-25,2026-09-06,administrative_record_only_not_confirmed_active,증축,2002-11-18,2002-11-20,2002-12-02,단독주택,173.3,"주소 기반 추정 위치, 공사현장 좌표 아님"
15029300:1512,1512,건축행정기록,단독주택,인천광역시 미추홀구 주안동 879-14 외1필지,,,unresolved,no_exact_parcel_match_in_kakao,,0,0,,,kakao_local_api:unresolved,https://dapi.kakao.com/v2/local/search/address.json,2026-09-06,https://www.data.go.kr/data/15029300/fileData.do,2025-09-25,2026-09-06,administrative_record_only_not_confirmed_active,증축,2002-11-15,2002-12-28,,단독주택,239.2,"주소 기반 추정 위치, 공사현장 좌표 아님"
15029300:1513,1513,건축행정기록,제2종근린생활시설,인천광역시 미추홀구 주안동 598-33,37.4543257,126.6707020,geocoded_kakao_jibun,kakao_exact_jibun_address_match,인천 미추홀구 주안동 598-33,1,1,0.0,,kakao_local_api:address_jibun,https://dapi.kakao.com/v2/local/search/address.json,2026-09-06,https://www.data.go.kr/data/15029300/fileData.do,2025-09-25,2026-09-06,administrative_record_only_not_confirmed_active,신축,2002-11-13,2002-11-22,2003-03-24,제2종근린생활시설,161.6,"주소 기반 추정 위치, 공사현장 좌표 아님"
15029300:1514,1514,건축행정기록,문화및집회시설,인천광역시 미추홀구 주안동 193-3 외1필지,37.4592020,126.6783819,geocoded_kakao_jibun,kakao_exact_jibun_address_match,인천 미추홀구 주안동 193-3,1,1,0.0,,kakao_local_api:address_jibun,https://dapi.kakao.com/v2/local/search/address.json,2026-09-06,https://www.data.go.kr/data/15029300/fileData.do,2025-09-25,2026-09-06,administrative_record_only_not_confirmed_active,증축,2002-11-13,2002-11-25,2003-01-21,문화및집회시설,3694.9,"주소 기반 추정 위치, 공사현장 좌표 아님"
15029300:1515,1515,건축행정기록,제1종근린생활시설,인천광역시 미추홀구 숭의동 297-2,37.4581581,126.6468982,geocoded_kakao_jibun,kakao_exact_jibun_address_match,인천 미추홀구 숭의동 297-2,1,1,0.0,,kakao_local_api:address_jibun,https://dapi.kakao.com/v2/local/search/address.json,2026-09-06,https://www.data.go.kr/data/15029300/fileData.do,2025-09-25,2026-09-06,administrative_record_only_not_confirmed_active,증축,2002-11-09,2002-11-11,2002-12-30,제1종근린생활시설,110.99,"주소 기반 추정 위치, 공사현장 좌표 아님"
15029300:1516,1516,건축행정기록,단독주택,인천광역시 미추홀구 학익동 312-135 외1필지,37.4454127,126.6640571,geocoded_kakao_jibun,kakao_exact_jibun_address_match,인천 미추홀구 학익동 312-135,1,1,0.0,,kakao_local_api:address_jibun,https://dapi.kakao.com/v2/local/search/address.json,2026-09-06,https://www.data.go.kr/data/15029300/fileData.do,2025-09-25,2026-09-06,administrative_record_only_not_confirmed_active,신축,2002-11-05,2002-11-22,2003-05-07,단독주택,88,"주소 기반 추정 위치, 공사현장 좌표 아님"
15029300:1517,1517,건축행정기록,단독주택,인천광역시 미추홀구 용현동 450-189,37.4556389,126.6517883,geocoded_kakao_jibun,kakao_exact_jibun_address_match,인천 미추홀구 용현동 450-189,1,1,0.0,,kakao_local_api:address_jibun,https://dapi.kakao.com/v2/local/search/address.json,2026-09-06,https://www.data.go.kr/data/15029300/fileData.do,2025-09-25,2026-09-06,administrative_record_only_not_confirmed_active,신축,2002-11-04,2003-05-06,2005-08-02,단독주택,90,"주소 기반 추정 위치, 공사현장 좌표 아님"
15029300:1518,1518,건축행정기록,제1종근린생활시설,인천광역시 미추홀구 주안동 1340-38,37.4474053,126.6773592,geocoded_kakao_jibun,kakao_exact_jibun_address_match,인천 미추홀구 주안동 1340-38,1,1,0.0,,kakao_local_api:address_jibun,https://dapi.kakao.com/v2/local/search/address.json,2026-09-06,https://www.data.go.kr/data/15029300/fileData.do,2025-09-25,2026-09-06,administrative_record_only_not_confirmed_active,증축,2002-11-04,2002-11-05,2002-12-16,제1종근린생활시설,92,"주소 기반 추정 위치, 공사현장 좌표 아님"
15029300:1519,1519,건축행정기록,제2종근린생활시설,인천광역시 미추홀구 주안동 866-103 외2필지,37.4440501,126.6722513,geocoded_kakao_jibun,kakao_exact_jibun_address_match,인천 미추홀구 주안동 866-103,1,1,0.0,,kakao_local_api:address_jibun,https://dapi.kakao.com/v2/local/search/address.json,2026-09-06,https://www.data.go.kr/data/15029300/fileData.do,2025-09-25,2026-09-06,administrative_record_only_not_confirmed_active,증축,2002-11-04,2002-11-05,2005-08-16,제2종근린생활시설,260,"주소 기반 추정 위치, 공사현장 좌표 아님"
15029300:1520,1520,건축행정기록,단독주택,인천광역시 미추홀구 주안동 259-7,37.4554200,126.6882197,geocoded_kakao_jibun,kakao_exact_jibun_address_match,인천 미추홀구 주안동 259-7,1,1,0.0,,kakao_local_api:address_jibun,https://dapi.kakao.com/v2/local/search/address.json,2026-09-06,https://www.data.go.kr/data/15029300/fileData.do,2025-09-25,2026-09-06,administrative_record_only_not_confirmed_active,증축,2002-11-01,2002-11-02,2002-11-26,단독주택,252.2,"주소 기반 추정 위치, 공사현장 좌표 아님"
15029300:1521,1521,건축행정기록,단독주택,인천광역시 미추홀구 문학동 375-3,37.4365846,126.6828539,geocoded_kakao_jibun,kakao_exact_jibun_address_match,인천 미추홀구 문학동 375-3,1,1,0.0,,kakao_local_api:address_jibun,https://dapi.kakao.com/v2/local/search/address.json,2026-09-06,https://www.data.go.kr/data/15029300/fileData.do,2025-09-25,2026-09-06,administrative_record_only_not_confirmed_active,신축,2002-10-31,2003-04-03,2003-09-30,단독주택,121.7,"주소 기반 추정 위치, 공사현장 좌표 아님"
15029300:1522,1522,건축행정기록,공장,인천광역시 미추홀구 주안동 1381,37.4737473,126.6789010,geocoded_kakao_jibun,kakao_exact_jibun_address_match,인천 미추홀구 주안동 1381,1,1,0.0,,kakao_local_api:address_jibun,https://dapi.kakao.com/v2/local/search/address.json,2026-09-06,https://www.data.go.kr/data/15029300/fileData.do,2025-09-25,2026-09-06,administrative_record_only_not_confirmed_active,증축,2002-10-30,2002-11-07,2003-02-12,공장,14543.8,"주소 기반 추정 위치, 공사현장 좌표 아님"
15029300:1523,1523,건축행정기록,단독주택,인천광역시 미추홀구 용현동 623-135,37.4548981,126.6396174,geocoded_kakao_jibun,kakao_exact_jibun_address_match,인천 미추홀구 용현동 623-135,1,1,0.0,,kakao_local_api:address_jibun,https://dapi.kakao.com/v2/local/search/address.json,2026-09-06,https://www.data.go.kr/data/15029300/fileData.do,2025-09-25,2026-09-06,administrative_record_only_not_confirmed_active,증축,2002-10-30,2002-11-05,2002-11-19,단독주택,164.9,"주소 기반 추정 위치, 공사현장 좌표 아님"
15029300:1524,1524,건축행정기록,단독주택,인천광역시 미추홀구 용현동 69-4,37.4517864,126.6653487,geocoded_kakao_jibun,kakao_exact_jibun_address_match,인천 미추홀구 용현동 69-4,1,1,0.0,,kakao_local_api:address_jibun,https://dapi.kakao.com/v2/local/search/address.json,2026-09-06,https://www.data.go.kr/data/15029300/fileData.do,2025-09-25,2026-09-06,administrative_record_only_not_confirmed_active,증축,2002-10-26,2002-11-08,2005-09-20,단독주택,224.5,"주소 기반 추정 위치, 공사현장 좌표 아님"
15029300:1525,1525,건축행정기록,공장,인천광역시 미추홀구 도화동 740 외2필지,37.4757005,126.6720087,geocoded_kakao_jibun,kakao_exact_jibun_address_match,인천 미추홀구 도화동 740,1,1,0.0,,kakao_local_api:address_jibun,https://dapi.kakao.com/v2/local/search/address.json,2026-09-06,https://www.data.go.kr/data/15029300/fileData.do,2025-09-25,2026-09-06,administrative_record_only_not_confirmed_active,증축,2002-10-25,2002-11-07,2002-12-02,공장,19063.2,"주소 기반 추정 위치, 공사현장 좌표 아님"
15029300:1526,1526,건축행정기록,제1종근린생활시설,인천광역시 미추홀구 숭의동 203-16,37.4615181,126.6518835,geocoded_kakao_jibun,kakao_exact_jibun_address_match,인천 미추홀구 숭의동 203-16,1,1,0.0,,kakao_local_api:address_jibun,https://dapi.kakao.com/v2/local/search/address.json,2026-09-06,https://www.data.go.kr/data/15029300/fileData.do,2025-09-25,2026-09-06,administrative_record_only_not_confirmed_active,증축,2002-10-25,2002-11-05,2003-02-20,제1종근린생활시설,530.2,"주소 기반 추정 위치, 공사현장 좌표 아님"
15029300:1527,1527,건축행정기록,공장,인천광역시 미추홀구 도화동 756,37.4762964,126.6669313,geocoded_kakao_jibun,kakao_exact_jibun_address_match,인천 미추홀구 도화동 756,1,1,0.0,,kakao_local_api:address_jibun,https://dapi.kakao.com/v2/local/search/address.json,2026-09-06,https://www.data.go.kr/data/15029300/fileData.do,2025-09-25,2026-09-06,administrative_record_only_not_confirmed_active,증축,2002-10-22,2002-11-22,2003-01-21,공장,1889.6,"주소 기반 추정 위치, 공사현장 좌표 아님"
15029300:1528,1528,건축행정기록,창고시설,인천광역시 미추홀구 숭의동 201-23,37.4611312,126.6525539,geocoded_kakao_jibun,kakao_exact_jibun_address_match,인천 미추홀구 숭의동 201-23,1,1,0.0,,kakao_local_api:address_jibun,https://dapi.kakao.com/v2/local/search/address.json,2026-09-06,https://www.data.go.kr/data/15029300/fileData.do,2025-09-25,2026-09-06,administrative_record_only_not_confirmed_active,신축,2002-10-21,2002-10-24,2002-12-13,창고시설,96.2,"주소 기반 추정 위치, 공사현장 좌표 아님"
15029300:1529,1529,건축행정기록,단독주택,인천광역시 미추홀구 주안동 555-31,37.4559300,126.6747251,geocoded_kakao_jibun,kakao_exact_jibun_address_match,인천 미추홀구 주안동 555-31,1,1,0.0,,kakao_local_api:address_jibun,https://dapi.kakao.com/v2/local/search/address.json,2026-09-06,https://www.data.go.kr/data/15029300/fileData.do,2025-09-25,2026-09-06,administrative_record_only_not_confirmed_active,증축,2002-10-18,2002-10-27,2002-12-06,단독주택,154.4,"주소 기반 추정 위치, 공사현장 좌표 아님"
15029300:1530,1530,건축행정기록,제2종근린생활시설,인천광역시 미추홀구 학익동 314-5,37.4446883,126.6647448,geocoded_kakao_jibun,kakao_exact_jibun_address_match,인천 미추홀구 학익동 314-5,1,1,0.0,,kakao_local_api:address_jibun,https://dapi.kakao.com/v2/local/search/address.json,2026-09-06,https://www.data.go.kr/data/15029300/fileData.do,2025-09-25,2026-09-06,administrative_record_only_not_confirmed_active,증축,2002-10-12,2002-11-22,2004-02-11,제2종근린생활시설,117,"주소 기반 추정 위치, 공사현장 좌표 아님"
15029300:1531,1531,건축행정기록,제2종근린생활시설,인천광역시 미추홀구 학익동 660-16,37.4400322,126.6708762,geocoded_kakao_jibun,kakao_exact_jibun_address_match,인천 미추홀구 학익동 660-16,1,1,0.0,,kakao_local_api:address_jibun,https://dapi.kakao.com/v2/local/search/address.json,2026-09-06,https://www.data.go.kr/data/15029300/fileData.do,2025-09-25,2026-09-06,administrative_record_only_not_confirmed_active,증축,2002-10-11,2002-10-12,2002-12-10,제2종근린생활시설,642.2,"주소 기반 추정 위치, 공사현장 좌표 아님"
15029300:1532,1532,건축행정기록,제1종근린생활시설,인천광역시 미추홀구 숭의동 168-1,37.4623697,126.6468883,geocoded_kakao_jibun,kakao_exact_jibun_address_match,인천 미추홀구 숭의동 168-1,1,1,0.0,,kakao_local_api:address_jibun,https://dapi.kakao.com/v2/local/search/address.json,2026-09-06,https://www.data.go.kr/data/15029300/fileData.do,2025-09-25,2026-09-06,administrative_record_only_not_confirmed_active,증축,2002-10-10,2002-10-14,2002-11-12,제1종근린생활시설,250.2,"주소 기반 추정 위치, 공사현장 좌표 아님"
15029300:1533,1533,건축행정기록,위험물저장및처리시설,인천광역시 미추홀구 문학동 387-5,37.4374013,126.6879868,geocoded_kakao_jibun,kakao_exact_jibun_address_match,인천 미추홀구 문학동 387-5,1,1,0.0,,kakao_local_api:address_jibun,https://dapi.kakao.com/v2/local/search/address.json,2026-09-06,https://www.data.go.kr/data/15029300/fileData.do,2025-09-25,2026-09-06,administrative_record_only_not_confirmed_active,증축,2002-10-10,2002-10-14,2002-11-14,위험물저장및처리시설,1010.8,"주소 기반 추정 위치, 공사현장 좌표 아님"
15029300:1534,1534,건축행정기록,단독주택,인천광역시 미추홀구 주안동 452-18,37.4542386,126.6806232,geocoded_kakao_jibun,kakao_exact_jibun_address_match,인천 미추홀구 주안동 452-18,1,1,0.0,,kakao_local_api:address_jibun,https://dapi.kakao.com/v2/local/search/address.json,2026-09-06,https://www.data.go.kr/data/15029300/fileData.do,2025-09-25,2026-09-06,administrative_record_only_not_confirmed_active,증축,2002-10-08,2002-10-27,2002-11-20,단독주택,179.7,"주소 기반 추정 위치, 공사현장 좌표 아님"
15029300:1535,1535,건축행정기록,단독주택,인천광역시 미추홀구 용현동 456-313 외1필지,37.4589290,126.6546785,geocoded_kakao_jibun,kakao_exact_jibun_address_match,인천 미추홀구 용현동 456-313,1,1,0.0,,kakao_local_api:address_jibun,https://dapi.kakao.com/v2/local/search/address.json,2026-09-06,https://www.data.go.kr/data/15029300/fileData.do,2025-09-25,2026-09-06,administrative_record_only_not_confirmed_active,증축,2002-10-04,2002-10-29,2005-07-21,단독주택,43,"주소 기반 추정 위치, 공사현장 좌표 아님"
15029300:1536,1536,건축행정기록,위락시설,인천광역시 미추홀구 주안동 132,37.4635589,126.6825454,geocoded_kakao_jibun,kakao_exact_jibun_address_match,인천 미추홀구 주안동 132,1,1,0.0,,kakao_local_api:address_jibun,https://dapi.kakao.com/v2/local/search/address.json,2026-09-06,https://www.data.go.kr/data/15029300/fileData.do,2025-09-25,2026-09-06,administrative_record_only_not_confirmed_active,대수선,2002-10-04,2002-10-07,2005-06-13,위락시설,1396.4,"주소 기반 추정 위치, 공사현장 좌표 아님"
15029300:1537,1537,건축행정기록,단독주택,인천광역시 미추홀구 용현동 510-68,37.4560763,126.6460998,geocoded_kakao_jibun,kakao_exact_jibun_address_match,인천 미추홀구 용현동 510-68,1,1,0.0,,kakao_local_api:address_jibun,https://dapi.kakao.com/v2/local/search/address.json,2026-09-06,https://www.data.go.kr/data/15029300/fileData.do,2025-09-25,2026-09-06,administrative_record_only_not_confirmed_active,증축,2002-10-04,2002-10-08,2003-03-28,단독주택,116,"주소 기반 추정 위치, 공사현장 좌표 아님"
15029300:1538,1538,건축행정기록,단독주택,인천광역시 미추홀구 주안동 1497-5,37.4476671,126.6838463,geocoded_kakao_jibun,kakao_exact_jibun_address_match,인천 미추홀구 주안동 1497-5,1,1,0.0,,kakao_local_api:address_jibun,https://dapi.kakao.com/v2/local/search/address.json,2026-09-06,https://www.data.go.kr/data/15029300/fileData.do,2025-09-25,2026-09-06,administrative_record_only_not_confirmed_active,신축,2002-10-02,2002-10-04,,단독주택,119.4,"주소 기반 추정 위치, 공사현장 좌표 아님"
15029300:1539,1539,건축행정기록,제2종근린생활시설,인천광역시 미추홀구 관교동 320-26,37.4466766,126.6927943,geocoded_kakao_jibun,kakao_exact_jibun_address_match,인천 미추홀구 관교동 320-26,1,1,0.0,,kakao_local_api:address_jibun,https://dapi.kakao.com/v2/local/search/address.json,2026-09-06,https://www.data.go.kr/data/15029300/fileData.do,2025-09-25,2026-09-06,administrative_record_only_not_confirmed_active,신축,2002-10-01,2002-10-04,2002-12-05,제2종근린생활시설,118,"주소 기반 추정 위치, 공사현장 좌표 아님"
15029300:1540,1540,건축행정기록,단독주택,인천광역시 미추홀구 주안동 1472-21,37.4522716,126.6816856,geocoded_kakao_jibun,kakao_exact_jibun_address_match,인천 미추홀구 주안동 1472-21,1,1,0.0,,kakao_local_api:address_jibun,https://dapi.kakao.com/v2/local/search/address.json,2026-09-06,https://www.data.go.kr/data/15029300/fileData.do,2025-09-25,2026-09-06,administrative_record_only_not_confirmed_active,증축,2002-10-01,2002-10-02,2005-05-19,단독주택,145.2,"주소 기반 추정 위치, 공사현장 좌표 아님"
15029300:1541,1541,건축행정기록,단독주택,인천광역시 미추홀구 용현동 622-108 외1필지,37.4536960,126.6385787,geocoded_kakao_jibun,kakao_exact_jibun_address_match,인천 미추홀구 용현동 622-108,1,1,0.0,,kakao_local_api:address_jibun,https://dapi.kakao.com/v2/local/search/address.json,2026-09-06,https://www.data.go.kr/data/15029300/fileData.do,2025-09-25,2026-09-06,administrative_record_only_not_confirmed_active,증축,2002-09-26,2002-10-01,2002-11-22,단독주택,202.5,"주소 기반 추정 위치, 공사현장 좌표 아님"
15029300:1542,1542,건축행정기록,공장,인천광역시 미추홀구 학익동 587-79 외1필지,37.4404091,126.6376775,geocoded_kakao_jibun,kakao_exact_jibun_address_match,인천 미추홀구 학익동 587-79,1,1,0.0,,kakao_local_api:address_jibun,https://dapi.kakao.com/v2/local/search/address.json,2026-09-06,https://www.data.go.kr/data/15029300/fileData.do,2025-09-25,2026-09-06,administrative_record_only_not_confirmed_active,증축,2002-09-25,2005-06-27,2005-08-04,공장,7893,"주소 기반 추정 위치, 공사현장 좌표 아님"
15029300:1543,1543,건축행정기록,제2종근린생활시설,인천광역시 미추홀구 용현동 342-5,37.4537576,126.6493509,geocoded_kakao_jibun,kakao_exact_jibun_address_match,인천 미추홀구 용현동 342-5,1,1,0.0,,kakao_local_api:address_jibun,https://dapi.kakao.com/v2/local/search/address.json,2026-09-06,https://www.data.go.kr/data/15029300/fileData.do,2025-09-25,2026-09-06,administrative_record_only_not_confirmed_active,증축,2002-09-23,2002-09-25,2002-11-23,제2종근린생활시설,104.1,"주소 기반 추정 위치, 공사현장 좌표 아님"
15029300:1544,1544,건축행정기록,단독주택,인천광역시 미추홀구 숭의동 190-25,37.4624182,126.6476580,geocoded_kakao_jibun,kakao_exact_jibun_address_match,인천 미추홀구 숭의동 190-25,1,1,0.0,,kakao_local_api:address_jibun,https://dapi.kakao.com/v2/local/search/address.json,2026-09-06,https://www.data.go.kr/data/15029300/fileData.do,2025-09-25,2026-09-06,administrative_record_only_not_confirmed_active,증축,2002-09-18,2002-09-26,,단독주택,105.1,"주소 기반 추정 위치, 공사현장 좌표 아님"
15029300:1545,1545,건축행정기록,제2종근린생활시설,인천광역시 미추홀구 주안동 62-5,37.4599569,126.6866984,geocoded_kakao_jibun,kakao_exact_jibun_address_match,인천 미추홀구 주안동 62-5,1,1,0.0,,kakao_local_api:address_jibun,https://dapi.kakao.com/v2/local/search/address.json,2026-09-06,https://www.data.go.kr/data/15029300/fileData.do,2025-09-25,2026-09-06,administrative_record_only_not_confirmed_active,증축,2002-09-18,2002-10-15,2003-02-20,제2종근린생활시설,175.2,"주소 기반 추정 위치, 공사현장 좌표 아님"
15029300:1546,1546,건축행정기록,단독주택,인천광역시 미추홀구 주안동 104-7,37.4628170,126.6838358,geocoded_kakao_jibun,kakao_exact_jibun_address_match,인천 미추홀구 주안동 104-7,1,1,0.0,,kakao_local_api:address_jibun,https://dapi.kakao.com/v2/local/search/address.json,2026-09-06,https://www.data.go.kr/data/15029300/fileData.do,2025-09-25,2026-09-06,administrative_record_only_not_confirmed_active,증축,2002-09-18,2002-09-25,2003-01-29,단독주택,123.21,"주소 기반 추정 위치, 공사현장 좌표 아님"
15029300:1547,1547,건축행정기록,단독주택,인천광역시 미추홀구 용현동 146-105,37.4567353,126.6571805,geocoded_kakao_jibun,kakao_exact_jibun_address_match,인천 미추홀구 용현동 146-105,1,1,0.0,,kakao_local_api:address_jibun,https://dapi.kakao.com/v2/local/search/address.json,2026-09-06,https://www.data.go.kr/data/15029300/fileData.do,2025-09-25,2026-09-06,administrative_record_only_not_confirmed_active,신축,2002-09-17,2002-09-24,2003-10-24,단독주택,130,"주소 기반 추정 위치, 공사현장 좌표 아님"
15029300:1548,1548,건축행정기록,단독주택,인천광역시 미추홀구 주안동 421-13,37.4555944,126.6823586,geocoded_kakao_jibun,kakao_exact_jibun_address_match,인천 미추홀구 주안동 421-13,1,1,0.0,,kakao_local_api:address_jibun,https://dapi.kakao.com/v2/local/search/address.json,2026-09-06,https://www.data.go.kr/data/15029300/fileData.do,2025-09-25,2026-09-06,administrative_record_only_not_confirmed_active,신축,2002-09-16,2002-10-08,2003-02-21,단독주택,104.1,"주소 기반 추정 위치, 공사현장 좌표 아님"
15029300:1549,1549,건축행정기록,단독주택,인천광역시 미추홀구 주안동 743-2,,,unresolved,no_exact_parcel_match_in_kakao,,0,0,,,kakao_local_api:unresolved,https://dapi.kakao.com/v2/local/search/address.json,2026-09-06,https://www.data.go.kr/data/15029300/fileData.do,2025-09-25,2026-09-06,administrative_record_only_not_confirmed_active,증축,2002-09-16,2002-09-17,2003-03-13,단독주택,150.7,"주소 기반 추정 위치, 공사현장 좌표 아님"
15029300:1550,1550,건축행정기록,제2종근린생활시설,인천광역시 남구 남구 1526-1,,,unresolved,address_not_parcel_or_road_notation,,0,0,,,kakao_local_api:unresolved,https://dapi.kakao.com/v2/local/search/address.json,2026-09-06,https://www.data.go.kr/data/15029300/fileData.do,2025-09-25,2026-09-06,administrative_record_only_not_confirmed_active,증축,2002-09-14,2002-09-18,2002-11-30,제2종근린생활시설,361.8,"주소 기반 추정 위치, 공사현장 좌표 아님"
15029300:1551,1551,건축행정기록,교육연구및복지시설,인천광역시 미추홀구 주안동 206-4,37.4605348,126.6798517,geocoded_kakao_jibun,kakao_exact_jibun_address_match,인천 미추홀구 주안동 206-4,1,1,0.0,,kakao_local_api:address_jibun,https://dapi.kakao.com/v2/local/search/address.json,2026-09-06,https://www.data.go.kr/data/15029300/fileData.do,2025-09-25,2026-09-06,administrative_record_only_not_confirmed_active,증축,2002-09-14,2002-09-17,2002-11-16,교육연구및복지시설,588.7,"주소 기반 추정 위치, 공사현장 좌표 아님"
15029300:1552,1552,건축행정기록,공동주택,인천광역시 미추홀구 주안동 19-68,,,unresolved,no_exact_parcel_match_in_kakao,,0,0,,,kakao_local_api:unresolved,https://dapi.kakao.com/v2/local/search/address.json,2026-09-06,https://www.data.go.kr/data/15029300/fileData.do,2025-09-25,2026-09-06,administrative_record_only_not_confirmed_active,증축,2002-09-14,2002-09-30,2005-06-17,공동주택,226.3,"주소 기반 추정 위치, 공사현장 좌표 아님"
15029300:1553,1553,건축행정기록,단독주택,인천광역시 미추홀구 용현동 1-128,37.4571164,126.6628713,geocoded_kakao_jibun,kakao_exact_jibun_address_match,인천 미추홀구 용현동 1-128,1,1,0.0,,kakao_local_api:address_jibun,https://dapi.kakao.com/v2/local/search/address.json,2026-09-06,https://www.data.go.kr/data/15029300/fileData.do,2025-09-25,2026-09-06,administrative_record_only_not_confirmed_active,신축,2002-09-13,2002-09-18,2003-04-28,단독주택,141,"주소 기반 추정 위치, 공사현장 좌표 아님"
15029300:1554,1554,건축행정기록,단독주택,인천광역시 미추홀구 용현동 629-40,37.4532035,126.6345882,geocoded_kakao_jibun,kakao_exact_jibun_address_match,인천 미추홀구 용현동 629-40,1,1,0.0,,kakao_local_api:address_jibun,https://dapi.kakao.com/v2/local/search/address.json,2026-09-06,https://www.data.go.kr/data/15029300/fileData.do,2025-09-25,2026-09-06,administrative_record_only_not_confirmed_active,증축,2002-09-13,2002-09-16,2002-10-19,단독주택,223.2,"주소 기반 추정 위치, 공사현장 좌표 아님"
15029300:1555,1555,건축행정기록,제1종근린생활시설,인천광역시 미추홀구 도화동 51-8,37.4756874,126.6676740,geocoded_kakao_jibun,kakao_exact_jibun_address_match,인천 미추홀구 도화동 51-8,1,1,0.0,,kakao_local_api:address_jibun,https://dapi.kakao.com/v2/local/search/address.json,2026-09-06,https://www.data.go.kr/data/15029300/fileData.do,2025-09-25,2026-09-06,administrative_record_only_not_confirmed_active,증축,2002-09-13,2002-09-24,2002-12-06,제1종근린생활시설,454.4,"주소 기반 추정 위치, 공사현장 좌표 아님"
15029300:1556,1556,건축행정기록,제1종근린생활시설,인천광역시 미추홀구 용현동 627-298,37.4498810,126.6337950,geocoded_kakao_jibun,kakao_exact_jibun_address_match,인천 미추홀구 용현동 627-298,1,1,0.0,,kakao_local_api:address_jibun,https://dapi.kakao.com/v2/local/search/address.json,2026-09-06,https://www.data.go.kr/data/15029300/fileData.do,2025-09-25,2026-09-06,administrative_record_only_not_confirmed_active,증축,2002-09-09,2002-10-25,2002-11-06,제1종근린생활시설,270,"주소 기반 추정 위치, 공사현장 좌표 아님"
15029300:1557,1557,건축행정기록,단독주택,인천광역시 미추홀구 도화동 426-5,37.4602100,126.6716465,geocoded_kakao_jibun,kakao_exact_jibun_address_match,인천 미추홀구 도화동 426-5,1,1,0.0,,kakao_local_api:address_jibun,https://dapi.kakao.com/v2/local/search/address.json,2026-09-06,https://www.data.go.kr/data/15029300/fileData.do,2025-09-25,2026-09-06,administrative_record_only_not_confirmed_active,신축,2002-09-07,2002-09-11,2002-11-30,단독주택,259.3,"주소 기반 추정 위치, 공사현장 좌표 아님"
15029300:1558,1558,건축행정기록,단독주택,인천광역시 미추홀구 주안동 10-165,37.4692245,126.6764033,geocoded_kakao_jibun,kakao_exact_jibun_address_match,인천 미추홀구 주안동 10-165,1,1,0.0,,kakao_local_api:address_jibun,https://dapi.kakao.com/v2/local/search/address.json,2026-09-06,https://www.data.go.kr/data/15029300/fileData.do,2025-09-25,2026-09-06,administrative_record_only_not_confirmed_active,신축,2002-09-06,2002-09-06,2003-08-29,단독주택,206.6,"주소 기반 추정 위치, 공사현장 좌표 아님"
15029300:1559,1559,건축행정기록,제2종근린생활시설,인천광역시 미추홀구 용현동 509-40,37.4558936,126.6489272,geocoded_kakao_jibun,kakao_exact_jibun_address_match,인천 미추홀구 용현동 509-40,1,1,0.0,,kakao_local_api:address_jibun,https://dapi.kakao.com/v2/local/search/address.json,2026-09-06,https://www.data.go.kr/data/15029300/fileData.do,2025-09-25,2026-09-06,administrative_record_only_not_confirmed_active,신축,2002-09-06,2002-09-12,,제2종근린생활시설,113.43,"주소 기반 추정 위치, 공사현장 좌표 아님"
15029300:1560,1560,건축행정기록,단독주택,인천광역시 남구 용현동 679-14,,,unresolved,no_exact_parcel_match_in_kakao,,0,0,,,kakao_local_api:unresolved,https://dapi.kakao.com/v2/local/search/address.json,2026-09-06,https://www.data.go.kr/data/15029300/fileData.do,2025-09-25,2026-09-06,administrative_record_only_not_confirmed_active,증축,2002-09-06,2002-09-10,2002-11-06,단독주택,69.6,"주소 기반 추정 위치, 공사현장 좌표 아님"
15029300:1561,1561,건축행정기록,숙박시설,인천광역시 미추홀구 용현동 629-14,37.4529411,126.6336250,geocoded_kakao_jibun,kakao_exact_jibun_address_match,인천 미추홀구 용현동 629-14,1,1,0.0,,kakao_local_api:address_jibun,https://dapi.kakao.com/v2/local/search/address.json,2026-09-06,https://www.data.go.kr/data/15029300/fileData.do,2025-09-25,2026-09-06,administrative_record_only_not_confirmed_active,증축,2002-09-06,2002-09-10,2002-12-17,숙박시설,273,"주소 기반 추정 위치, 공사현장 좌표 아님"
15029300:1562,1562,건축행정기록,단독주택,인천광역시 미추홀구 용현동 56-2,37.4561064,126.6622298,geocoded_kakao_jibun,kakao_exact_jibun_address_match,인천 미추홀구 용현동 56-2,1,1,0.0,,kakao_local_api:address_jibun,https://dapi.kakao.com/v2/local/search/address.json,2026-09-06,https://www.data.go.kr/data/15029300/fileData.do,2025-09-25,2026-09-06,administrative_record_only_not_confirmed_active,신축,2002-09-03,2002-09-10,2002-11-28,단독주택,271,"주소 기반 추정 위치, 공사현장 좌표 아님"
15029300:1563,1563,건축행정기록,제2종근린생활시설,인천광역시 미추홀구 주안동 179-8,37.4598057,126.6822914,geocoded_kakao_jibun,kakao_exact_jibun_address_match,인천 미추홀구 주안동 179-8,1,1,0.0,,kakao_local_api:address_jibun,https://dapi.kakao.com/v2/local/search/address.json,2026-09-06,https://www.data.go.kr/data/15029300/fileData.do,2025-09-25,2026-09-06,administrative_record_only_not_confirmed_active,증축,2002-09-03,2002-09-04,2002-12-23,제2종근린생활시설,148.1,"주소 기반 추정 위치, 공사현장 좌표 아님"
15029300:1564,1564,건축행정기록,단독주택,인천광역시 미추홀구 주안동 844-42,,,unresolved,no_exact_parcel_match_in_kakao,,0,0,,,kakao_local_api:unresolved,https://dapi.kakao.com/v2/local/search/address.json,2026-09-06,https://www.data.go.kr/data/15029300/fileData.do,2025-09-25,2026-09-06,administrative_record_only_not_confirmed_active,증축,2002-09-02,2002-09-06,2002-10-16,단독주택,148,"주소 기반 추정 위치, 공사현장 좌표 아님"
15029300:1565,1565,건축행정기록,제2종근린생활시설,인천광역시 미추홀구 주안동 1306-3 외1필지,37.4443757,126.6793528,geocoded_kakao_jibun,kakao_exact_jibun_address_match,인천 미추홀구 주안동 1306-3,1,1,0.0,,kakao_local_api:address_jibun,https://dapi.kakao.com/v2/local/search/address.json,2026-09-06,https://www.data.go.kr/data/15029300/fileData.do,2025-09-25,2026-09-06,administrative_record_only_not_confirmed_active,증축,2002-09-02,2002-09-10,2002-10-14,제2종근린생활시설,171.26,"주소 기반 추정 위치, 공사현장 좌표 아님"
15029300:1566,1566,건축행정기록,단독주택,인천광역시 미추홀구 용현동 509-68,37.4565639,126.6478180,geocoded_kakao_jibun,kakao_exact_jibun_address_match,인천 미추홀구 용현동 509-68,1,1,0.0,,kakao_local_api:address_jibun,https://dapi.kakao.com/v2/local/search/address.json,2026-09-06,https://www.data.go.kr/data/15029300/fileData.do,2025-09-25,2026-09-06,administrative_record_only_not_confirmed_active,신축,2002-08-31,2002-09-03,2002-10-11,단독주택,172.6,"주소 기반 추정 위치, 공사현장 좌표 아님"
15029300:1567,1567,건축행정기록,공장,인천광역시 미추홀구 도화동 818,37.4794805,126.6623057,geocoded_kakao_jibun,kakao_exact_jibun_address_match,인천 미추홀구 도화동 818,1,1,0.0,,kakao_local_api:address_jibun,https://dapi.kakao.com/v2/local/search/address.json,2026-09-06,https://www.data.go.kr/data/15029300/fileData.do,2025-09-25,2026-09-06,administrative_record_only_not_confirmed_active,증축,2002-08-30,2002-09-07,2002-10-09,공장,23089.9,"주소 기반 추정 위치, 공사현장 좌표 아님"
15029300:1568,1568,건축행정기록,단독주택,인천광역시 미추홀구 도화동 521-3,37.4602694,126.6685388,geocoded_kakao_jibun,kakao_exact_jibun_address_match,인천 미추홀구 도화동 521-3,1,1,0.0,,kakao_local_api:address_jibun,https://dapi.kakao.com/v2/local/search/address.json,2026-09-06,https://www.data.go.kr/data/15029300/fileData.do,2025-09-25,2026-09-06,administrative_record_only_not_confirmed_active,신축,2002-08-29,2002-10-04,,단독주택,245.5,"주소 기반 추정 위치, 공사현장 좌표 아님"
15029300:1569,1569,건축행정기록,단독주택,인천광역시 미추홀구 주안동 804-2,37.4513192,126.6683151,geocoded_kakao_jibun,kakao_exact_jibun_address_match,인천 미추홀구 주안동 804-2,1,1,0.0,,kakao_local_api:address_jibun,https://dapi.kakao.com/v2/local/search/address.json,2026-09-06,https://www.data.go.kr/data/15029300/fileData.do,2025-09-25,2026-09-06,administrative_record_only_not_confirmed_active,증축,2002-08-28,2002-10-26,,단독주택,195,"주소 기반 추정 위치, 공사현장 좌표 아님"
15029300:1570,1570,건축행정기록,단독주택,인천광역시 미추홀구 용현동 623-19,37.4556967,126.6379538,geocoded_kakao_jibun,kakao_exact_jibun_address_match,인천 미추홀구 용현동 623-19,1,1,0.0,,kakao_local_api:address_jibun,https://dapi.kakao.com/v2/local/search/address.json,2026-09-06,https://www.data.go.kr/data/15029300/fileData.do,2025-09-25,2026-09-06,administrative_record_only_not_confirmed_active,증축,2002-08-28,2002-08-30,2009-04-08,단독주택,205,"주소 기반 추정 위치, 공사현장 좌표 아님"
15029300:1571,1571,건축행정기록,공장,인천광역시 미추홀구 학익동 486-2,,,unresolved,no_exact_parcel_match_in_kakao,,0,0,,,kakao_local_api:unresolved,https://dapi.kakao.com/v2/local/search/address.json,2026-09-06,https://www.data.go.kr/data/15029300/fileData.do,2025-09-25,2026-09-06,administrative_record_only_not_confirmed_active,증축,2002-08-26,2005-06-17,,공장,3469,"주소 기반 추정 위치, 공사현장 좌표 아님"
15029300:1572,1572,건축행정기록,문화및집회시설,인천광역시 미추홀구 주안동 143-6 외2필지,37.4625752,126.6808169,geocoded_kakao_jibun,kakao_exact_jibun_address_match,인천 미추홀구 주안동 143-6,1,1,0.0,,kakao_local_api:address_jibun,https://dapi.kakao.com/v2/local/search/address.json,2026-09-06,https://www.data.go.kr/data/15029300/fileData.do,2025-09-25,2026-09-06,administrative_record_only_not_confirmed_active,증축,2002-08-23,2002-08-24,2002-11-22,문화및집회시설,1984.5,"주소 기반 추정 위치, 공사현장 좌표 아님"
15029300:1573,1573,건축행정기록,제2종근린생활시설,인천광역시 미추홀구 주안동 216-15,37.4610150,126.6779401,geocoded_kakao_jibun,kakao_exact_jibun_address_match,인천 미추홀구 주안동 216-15,1,1,0.0,,kakao_local_api:address_jibun,https://dapi.kakao.com/v2/local/search/address.json,2026-09-06,https://www.data.go.kr/data/15029300/fileData.do,2025-09-25,2026-09-06,administrative_record_only_not_confirmed_active,증축,2002-08-22,2002-08-23,2005-07-13,제2종근린생활시설,83.7,"주소 기반 추정 위치, 공사현장 좌표 아님"
15029300:1574,1574,건축행정기록,단독주택,인천광역시 미추홀구 주안동 1425-12,,,unresolved,no_exact_parcel_match_in_kakao,,0,0,,,kakao_local_api:unresolved,https://dapi.kakao.com/v2/local/search/address.json,2026-09-06,https://www.data.go.kr/data/15029300/fileData.do,2025-09-25,2026-09-06,administrative_record_only_not_confirmed_active,증축,2002-08-19,2002-09-04,2005-07-25,단독주택,149.5,"주소 기반 추정 위치, 공사현장 좌표 아님"
15029300:1575,1575,건축행정기록,제2종근린생활시설,인천광역시 미추홀구 학익동 701-5,37.4387054,126.6611783,geocoded_kakao_jibun,kakao_exact_jibun_address_match,인천 미추홀구 학익동 701-5,1,1,0.0,,kakao_local_api:address_jibun,https://dapi.kakao.com/v2/local/search/address.json,2026-09-06,https://www.data.go.kr/data/15029300/fileData.do,2025-09-25,2026-09-06,administrative_record_only_not_confirmed_active,증축,2002-08-19,2004-06-12,2014-07-14,제2종근린생활시설,147.3,"주소 기반 추정 위치, 공사현장 좌표 아님"
15029300:1576,1576,건축행정기록,제2종근린생활시설,인천광역시 미추홀구 문학동 355-2,37.4389436,126.6796211,geocoded_kakao_jibun,kakao_exact_jibun_address_match,인천 미추홀구 문학동 355-2,1,1,0.0,,kakao_local_api:address_jibun,https://dapi.kakao.com/v2/local/search/address.json,2026-09-06,https://www.data.go.kr/data/15029300/fileData.do,2025-09-25,2026-09-06,administrative_record_only_not_confirmed_active,증축,2002-08-17,2002-08-17,2005-03-03,제2종근린생활시설,443.4,"주소 기반 추정 위치, 공사현장 좌표 아님"
15029300:1577,1577,건축행정기록,단독주택,인천광역시 미추홀구 용현동 214-39,37.4533298,126.6531344,geocoded_kakao_jibun,kakao_exact_jibun_address_match,인천 미추홀구 용현동 214-39,1,1,0.0,,kakao_local_api:address_jibun,https://dapi.kakao.com/v2/local/search/address.json,2026-09-06,https://www.data.go.kr/data/15029300/fileData.do,2025-09-25,2026-09-06,administrative_record_only_not_confirmed_active,신축,2002-08-13,2002-08-21,2003-05-28,단독주택,133.8,"주소 기반 추정 위치, 공사현장 좌표 아님"
15029300:1578,1578,건축행정기록,단독주택,인천광역시 미추홀구 주안동 542-16,37.4562274,126.6774466,geocoded_kakao_jibun,kakao_exact_jibun_address_match,인천 미추홀구 주안동 542-16,1,1,0.0,,kakao_local_api:address_jibun,https://dapi.kakao.com/v2/local/search/address.json,2026-09-06,https://www.data.go.kr/data/15029300/fileData.do,2025-09-25,2026-09-06,administrative_record_only_not_confirmed_active,신축,2002-08-08,2002-08-13,2002-11-13,단독주택,119.7,"주소 기반 추정 위치, 공사현장 좌표 아님"
15029300:1579,1579,건축행정기록,단독주택,인천광역시 미추홀구 주안동 804-7,37.4510881,126.6682687,geocoded_kakao_jibun,kakao_exact_jibun_address_match,인천 미추홀구 주안동 804-7,1,1,0.0,,kakao_local_api:address_jibun,https://dapi.kakao.com/v2/local/search/address.json,2026-09-06,https://www.data.go.kr/data/15029300/fileData.do,2025-09-25,2026-09-06,administrative_record_only_not_confirmed_active,증축,2002-08-01,2002-08-05,2002-09-12,단독주택,123,"주소 기반 추정 위치, 공사현장 좌표 아님"
15029300:1580,1580,건축행정기록,단독주택,인천광역시 미추홀구 문학동 337-14,37.4394744,126.6801895,geocoded_kakao_jibun,kakao_exact_jibun_address_match,인천 미추홀구 문학동 337-14,1,1,0.0,,kakao_local_api:address_jibun,https://dapi.kakao.com/v2/local/search/address.json,2026-09-06,https://www.data.go.kr/data/15029300/fileData.do,2025-09-25,2026-09-06,administrative_record_only_not_confirmed_active,증축,2002-07-29,2002-07-31,2002-08-21,단독주택,208.7,"주소 기반 추정 위치, 공사현장 좌표 아님"
15029300:1581,1581,건축행정기록,제2종근린생활시설,인천광역시 미추홀구 용현동 492-186,37.4583529,126.6538217,geocoded_kakao_jibun,kakao_exact_jibun_address_match,인천 미추홀구 용현동 492-186,1,1,0.0,,kakao_local_api:address_jibun,https://dapi.kakao.com/v2/local/search/address.json,2026-09-06,https://www.data.go.kr/data/15029300/fileData.do,2025-09-25,2026-09-06,administrative_record_only_not_confirmed_active,증축,2002-07-23,2002-07-24,,제2종근린생활시설,727.6,"주소 기반 추정 위치, 공사현장 좌표 아님"
15029300:1582,1582,건축행정기록,단독주택,인천광역시 미추홀구 주안동 994-21,37.4603232,126.6878484,geocoded_kakao_jibun,kakao_exact_jibun_address_match,인천 미추홀구 주안동 994-21,1,1,0.0,,kakao_local_api:address_jibun,https://dapi.kakao.com/v2/local/search/address.json,2026-09-06,https://www.data.go.kr/data/15029300/fileData.do,2025-09-25,2026-09-06,administrative_record_only_not_confirmed_active,증축,2002-07-22,2002-07-30,2005-05-27,단독주택,248.6,"주소 기반 추정 위치, 공사현장 좌표 아님"
15029300:1583,1583,건축행정기록,단독주택,인천광역시 미추홀구 주안동 719-5,37.4525087,126.6698773,geocoded_kakao_jibun,kakao_exact_jibun_address_match,인천 미추홀구 주안동 719-5,1,1,0.0,,kakao_local_api:address_jibun,https://dapi.kakao.com/v2/local/search/address.json,2026-09-06,https://www.data.go.kr/data/15029300/fileData.do,2025-09-25,2026-09-06,administrative_record_only_not_confirmed_active,증축,2002-07-22,2002-07-25,2002-10-09,단독주택,231.5,"주소 기반 추정 위치, 공사현장 좌표 아님"
15029300:1584,1584,건축행정기록,제2종근린생활시설,인천광역시 미추홀구 주안동 1417-50,37.4524608,126.6721060,geocoded_kakao_jibun,kakao_exact_jibun_address_match,인천 미추홀구 주안동 1417-50,1,1,0.0,,kakao_local_api:address_jibun,https://dapi.kakao.com/v2/local/search/address.json,2026-09-06,https://www.data.go.kr/data/15029300/fileData.do,2025-09-25,2026-09-06,administrative_record_only_not_confirmed_active,증축,2002-07-22,2002-07-26,,제2종근린생활시설,232.6,"주소 기반 추정 위치, 공사현장 좌표 아님"
15029300:1585,1585,건축행정기록,단독주택,인천광역시 미추홀구 용현동 85-19 외1필지,37.4480741,126.6608524,geocoded_kakao_jibun,kakao_exact_jibun_address_match,인천 미추홀구 용현동 85-19,1,1,0.0,,kakao_local_api:address_jibun,https://dapi.kakao.com/v2/local/search/address.json,2026-09-06,https://www.data.go.kr/data/15029300/fileData.do,2025-09-25,2026-09-06,administrative_record_only_not_confirmed_active,신축,2002-07-18,2002-08-06,2003-12-20,단독주택,164.8,"주소 기반 추정 위치, 공사현장 좌표 아님"
15029300:1586,1586,건축행정기록,제2종근린생활시설,인천광역시 미추홀구 문학동 355-22,37.4387539,126.6793620,geocoded_kakao_jibun,kakao_exact_jibun_address_match,인천 미추홀구 문학동 355-22,1,1,0.0,,kakao_local_api:address_jibun,https://dapi.kakao.com/v2/local/search/address.json,2026-09-06,https://www.data.go.kr/data/15029300/fileData.do,2025-09-25,2026-09-06,administrative_record_only_not_confirmed_active,신축,2002-07-16,2002-07-18,2002-08-07,제2종근린생활시설,118.9,"주소 기반 추정 위치, 공사현장 좌표 아님"
15029300:1587,1587,건축행정기록,제1종근린생활시설,인천광역시 미추홀구 주안동 490-1,37.4547968,126.6792068,geocoded_kakao_jibun,kakao_exact_jibun_address_match,인천 미추홀구 주안동 490-1,1,1,0.0,,kakao_local_api:address_jibun,https://dapi.kakao.com/v2/local/search/address.json,2026-09-06,https://www.data.go.kr/data/15029300/fileData.do,2025-09-25,2026-09-06,administrative_record_only_not_confirmed_active,증축,2002-07-16,2003-06-25,2003-11-21,제1종근린생활시설,374.2,"주소 기반 추정 위치, 공사현장 좌표 아님"
15029300:1588,1588,건축행정기록,공장,인천광역시 미추홀구 학익동 587-122,37.4371475,126.6470446,geocoded_kakao_jibun,kakao_exact_jibun_address_match,인천 미추홀구 학익동 587-122,1,1,0.0,,kakao_local_api:address_jibun,https://dapi.kakao.com/v2/local/search/address.json,2026-09-06,https://www.data.go.kr/data/15029300/fileData.do,2025-09-25,2026-09-06,administrative_record_only_not_confirmed_active,증축,2002-07-13,2002-07-16,2002-08-13,공장,3361,"주소 기반 추정 위치, 공사현장 좌표 아님"
15029300:1589,1589,건축행정기록,단독주택,인천광역시 미추홀구 주안동 1425-21,,,unresolved,no_exact_parcel_match_in_kakao,,0,0,,,kakao_local_api:unresolved,https://dapi.kakao.com/v2/local/search/address.json,2026-09-06,https://www.data.go.kr/data/15029300/fileData.do,2025-09-25,2026-09-06,administrative_record_only_not_confirmed_active,증축,2002-07-09,2002-07-26,2002-09-14,단독주택,149.1,"주소 기반 추정 위치, 공사현장 좌표 아님"
15029300:1590,1590,건축행정기록,단독주택,인천광역시 미추홀구 관교동 515-6,37.4455986,126.6868673,geocoded_kakao_jibun,kakao_exact_jibun_address_match,인천 미추홀구 관교동 515-6,1,1,0.0,,kakao_local_api:address_jibun,https://dapi.kakao.com/v2/local/search/address.json,2026-09-06,https://www.data.go.kr/data/15029300/fileData.do,2025-09-25,2026-09-06,administrative_record_only_not_confirmed_active,증축,2002-07-09,2002-07-12,2002-10-18,단독주택,204.1,"주소 기반 추정 위치, 공사현장 좌표 아님"
15029300:1591,1591,건축행정기록,단독주택,인천광역시 미추홀구 주안동 1556-34,37.4536099,126.6916876,geocoded_kakao_jibun,kakao_exact_jibun_address_match,인천 미추홀구 주안동 1556-34,1,1,0.0,,kakao_local_api:address_jibun,https://dapi.kakao.com/v2/local/search/address.json,2026-09-06,https://www.data.go.kr/data/15029300/fileData.do,2025-09-25,2026-09-06,administrative_record_only_not_confirmed_active,증축,2002-07-08,2002-07-11,2002-08-09,단독주택,148,"주소 기반 추정 위치, 공사현장 좌표 아님"
15029300:1592,1592,건축행정기록,제1종근린생활시설,인천광역시 미추홀구 주안동 722-27,37.4516665,126.6715144,geocoded_kakao_jibun,kakao_exact_jibun_address_match,인천 미추홀구 주안동 722-27,1,1,0.0,,kakao_local_api:address_jibun,https://dapi.kakao.com/v2/local/search/address.json,2026-09-06,https://www.data.go.kr/data/15029300/fileData.do,2025-09-25,2026-09-06,administrative_record_only_not_confirmed_active,증축,2002-07-05,2002-07-06,2002-07-19,제1종근린생활시설,197.8,"주소 기반 추정 위치, 공사현장 좌표 아님"
15029300:1593,1593,건축행정기록,단독주택,인천광역시 미추홀구 주안동 1063-5,37.4489692,126.6927171,geocoded_kakao_jibun,kakao_exact_jibun_address_match,인천 미추홀구 주안동 1063-5,1,1,0.0,,kakao_local_api:address_jibun,https://dapi.kakao.com/v2/local/search/address.json,2026-09-06,https://www.data.go.kr/data/15029300/fileData.do,2025-09-25,2026-09-06,administrative_record_only_not_confirmed_active,신축,2002-06-28,2002-07-03,2002-11-20,단독주택,185,"주소 기반 추정 위치, 공사현장 좌표 아님"
15029300:1594,1594,건축행정기록,단독주택,인천광역시 미추홀구 주안동 1063-16,37.4488214,126.6927569,geocoded_kakao_jibun,kakao_exact_jibun_address_match,인천 미추홀구 주안동 1063-16,1,1,0.0,,kakao_local_api:address_jibun,https://dapi.kakao.com/v2/local/search/address.json,2026-09-06,https://www.data.go.kr/data/15029300/fileData.do,2025-09-25,2026-09-06,administrative_record_only_not_confirmed_active,신축,2002-06-28,2002-07-03,2002-11-20,단독주택,339,"주소 기반 추정 위치, 공사현장 좌표 아님"
15029300:1595,1595,건축행정기록,단독주택,인천광역시 미추홀구 도화동 103-20,37.4680174,126.6638277,geocoded_kakao_jibun,kakao_exact_jibun_address_match,인천 미추홀구 도화동 103-20,1,1,0.0,,kakao_local_api:address_jibun,https://dapi.kakao.com/v2/local/search/address.json,2026-09-06,https://www.data.go.kr/data/15029300/fileData.do,2025-09-25,2026-09-06,administrative_record_only_not_confirmed_active,신축,2002-06-28,2002-06-29,2002-10-24,단독주택,174.4,"주소 기반 추정 위치, 공사현장 좌표 아님"
15029300:1596,1596,건축행정기록,제2종근린생활시설,인천광역시 미추홀구 학익동 689-8,37.4401628,126.6636234,geocoded_kakao_jibun,kakao_exact_jibun_address_match,인천 미추홀구 학익동 689-8,1,1,0.0,,kakao_local_api:address_jibun,https://dapi.kakao.com/v2/local/search/address.json,2026-09-06,https://www.data.go.kr/data/15029300/fileData.do,2025-09-25,2026-09-06,administrative_record_only_not_confirmed_active,증축,2002-06-28,2002-07-04,2002-10-07,제2종근린생활시설,224.4,"주소 기반 추정 위치, 공사현장 좌표 아님"
15029300:1597,1597,건축행정기록,공장,인천광역시 미추홀구 주안동 1389,37.4729029,126.6751002,geocoded_kakao_jibun,kakao_exact_jibun_address_match,인천 미추홀구 주안동 1389,1,1,0.0,,kakao_local_api:address_jibun,https://dapi.kakao.com/v2/local/search/address.json,2026-09-06,https://www.data.go.kr/data/15029300/fileData.do,2025-09-25,2026-09-06,administrative_record_only_not_confirmed_active,증축,2002-06-27,2002-07-06,,공장,7337.9,"주소 기반 추정 위치, 공사현장 좌표 아님"
15029300:1598,1598,건축행정기록,단독주택,인천광역시 미추홀구 주안동 685-10,37.4536314,126.6673900,geocoded_kakao_jibun,kakao_exact_jibun_address_match,인천 미추홀구 주안동 685-10,1,1,0.0,,kakao_local_api:address_jibun,https://dapi.kakao.com/v2/local/search/address.json,2026-09-06,https://www.data.go.kr/data/15029300/fileData.do,2025-09-25,2026-09-06,administrative_record_only_not_confirmed_active,증축,2002-06-21,2002-06-26,2002-08-07,단독주택,122.6,"주소 기반 추정 위치, 공사현장 좌표 아님"
15029300:1599,1599,건축행정기록,단독주택,인천광역시 미추홀구 숭의동 204-43,37.4615919,126.6511820,geocoded_kakao_jibun,kakao_exact_jibun_address_match,인천 미추홀구 숭의동 204-43,1,1,0.0,,kakao_local_api:address_jibun,https://dapi.kakao.com/v2/local/search/address.json,2026-09-06,https://www.data.go.kr/data/15029300/fileData.do,2025-09-25,2026-09-06,administrative_record_only_not_confirmed_active,증축,2002-06-19,2002-06-26,2002-07-14,단독주택,144.5,"주소 기반 추정 위치, 공사현장 좌표 아님"
15029300:1600,1600,건축행정기록,제1종근린생활시설,인천광역시 미추홀구 학익동 661-5,37.4391501,126.6741650,geocoded_kakao_jibun,kakao_exact_jibun_address_match,인천 미추홀구 학익동 661-5,1,1,0.0,,kakao_local_api:address_jibun,https://dapi.kakao.com/v2/local/search/address.json,2026-09-06,https://www.data.go.kr/data/15029300/fileData.do,2025-09-25,2026-09-06,administrative_record_only_not_confirmed_active,용도변경,2002-06-17,2005-05-23,,제1종근린생활시설,586.9,"주소 기반 추정 위치, 공사현장 좌표 아님"
15029300:1601,1601,건축행정기록,단독주택,인천광역시 미추홀구 용현동 561-46,37.4535190,126.6467560,geocoded_kakao_jibun,kakao_exact_jibun_address_match,인천 미추홀구 용현동 561-46,1,1,0.0,,kakao_local_api:address_jibun,https://dapi.kakao.com/v2/local/search/address.json,2026-09-06,https://www.data.go.kr/data/15029300/fileData.do,2025-09-25,2026-09-06,administrative_record_only_not_confirmed_active,신축,2002-06-07,2002-06-10,2002-08-24,단독주택,60,"주소 기반 추정 위치, 공사현장 좌표 아님"
15029300:1602,1602,건축행정기록,제1종근린생활시설,인천광역시 미추홀구 용현동 509-43 외2필지,37.4556920,126.6492665,geocoded_kakao_jibun,kakao_exact_jibun_address_match,인천 미추홀구 용현동 509-43,1,1,0.0,,kakao_local_api:address_jibun,https://dapi.kakao.com/v2/local/search/address.json,2026-09-06,https://www.data.go.kr/data/15029300/fileData.do,2025-09-25,2026-09-06,administrative_record_only_not_confirmed_active,증축,2002-06-07,2002-06-11,2002-08-07,제1종근린생활시설,917,"주소 기반 추정 위치, 공사현장 좌표 아님"
15029300:1603,1603,건축행정기록,단독주택,인천광역시 미추홀구 주안동 549-10,37.4551412,126.6763122,geocoded_kakao_jibun,kakao_exact_jibun_address_match,인천 미추홀구 주안동 549-10,1,1,0.0,,kakao_local_api:address_jibun,https://dapi.kakao.com/v2/local/search/address.json,2026-09-06,https://www.data.go.kr/data/15029300/fileData.do,2025-09-25,2026-09-06,administrative_record_only_not_confirmed_active,증축,2002-06-05,2002-06-05,2002-10-30,단독주택,162.3,"주소 기반 추정 위치, 공사현장 좌표 아님"
15029300:1604,1604,건축행정기록,문화및집회시설,인천광역시 미추홀구 학익동 251-16,37.4413522,126.6672416,geocoded_kakao_jibun,kakao_exact_jibun_address_match,인천 미추홀구 학익동 251-16,1,1,0.0,,kakao_local_api:address_jibun,https://dapi.kakao.com/v2/local/search/address.json,2026-09-06,https://www.data.go.kr/data/15029300/fileData.do,2025-09-25,2026-09-06,administrative_record_only_not_confirmed_active,증축,2002-06-03,2002-06-06,2021-07-29,문화및집회시설,2006,"주소 기반 추정 위치, 공사현장 좌표 아님"
15029300:1605,1605,건축행정기록,단독주택,인천광역시 미추홀구 주안동 84-9,37.4598375,126.6840917,geocoded_kakao_jibun,kakao_exact_jibun_address_match,인천 미추홀구 주안동 84-9,1,1,0.0,,kakao_local_api:address_jibun,https://dapi.kakao.com/v2/local/search/address.json,2026-09-06,https://www.data.go.kr/data/15029300/fileData.do,2025-09-25,2026-09-06,administrative_record_only_not_confirmed_active,증축,2002-06-03,2002-06-25,2002-07-23,단독주택,221.5,"주소 기반 추정 위치, 공사현장 좌표 아님"
15029300:1606,1606,건축행정기록,제1종근린생활시설,인천광역시 미추홀구 주안동 1535-3,37.4521969,126.6893953,geocoded_kakao_jibun,kakao_exact_jibun_address_match,인천 미추홀구 주안동 1535-3,1,1,0.0,,kakao_local_api:address_jibun,https://dapi.kakao.com/v2/local/search/address.json,2026-09-06,https://www.data.go.kr/data/15029300/fileData.do,2025-09-25,2026-09-06,administrative_record_only_not_confirmed_active,증축,2002-05-28,2002-06-21,2002-11-12,제1종근린생활시설,171.2,"주소 기반 추정 위치, 공사현장 좌표 아님"
15029300:1607,1607,건축행정기록,숙박시설,인천광역시 미추홀구 용현동 628-40 외2필지,37.4546706,126.6353192,geocoded_kakao_jibun,kakao_exact_jibun_address_match,인천 미추홀구 용현동 628-40,1,1,0.0,,kakao_local_api:address_jibun,https://dapi.kakao.com/v2/local/search/address.json,2026-09-06,https://www.data.go.kr/data/15029300/fileData.do,2025-09-25,2026-09-06,administrative_record_only_not_confirmed_active,증축,2002-05-28,2002-05-28,2002-07-25,숙박시설,684,"주소 기반 추정 위치, 공사현장 좌표 아님"
15029300:1608,1608,건축행정기록,제1종근린생활시설,인천광역시 미추홀구 학익동 36-16,37.4419365,126.6712482,geocoded_kakao_jibun,kakao_exact_jibun_address_match,인천 미추홀구 학익동 36-16,1,1,0.0,,kakao_local_api:address_jibun,https://dapi.kakao.com/v2/local/search/address.json,2026-09-06,https://www.data.go.kr/data/15029300/fileData.do,2025-09-25,2026-09-06,administrative_record_only_not_confirmed_active,대수선,2002-05-27,2002-05-30,2002-07-08,제1종근린생활시설,63,"주소 기반 추정 위치, 공사현장 좌표 아님"
15029300:1609,1609,건축행정기록,단독주택,인천광역시 미추홀구 용현동 624-44,37.4559706,126.6361034,geocoded_kakao_jibun,kakao_exact_jibun_address_match,인천 미추홀구 용현동 624-44,1,1,0.0,,kakao_local_api:address_jibun,https://dapi.kakao.com/v2/local/search/address.json,2026-09-06,https://www.data.go.kr/data/15029300/fileData.do,2025-09-25,2026-09-06,administrative_record_only_not_confirmed_active,증축,2002-05-27,2002-05-29,2002-08-28,단독주택,251.8,"주소 기반 추정 위치, 공사현장 좌표 아님"
15029300:1610,1610,건축행정기록,제2종근린생활시설,인천광역시 미추홀구 용현동 170-6,37.4532481,126.6583307,geocoded_kakao_jibun,kakao_exact_jibun_address_match,인천 미추홀구 용현동 170-6,1,1,0.0,,kakao_local_api:address_jibun,https://dapi.kakao.com/v2/local/search/address.json,2026-09-06,https://www.data.go.kr/data/15029300/fileData.do,2025-09-25,2026-09-06,administrative_record_only_not_confirmed_active,증축,2002-05-25,2005-06-13,2008-10-15,제2종근린생활시설,171.2,"주소 기반 추정 위치, 공사현장 좌표 아님"
15029300:1611,1611,건축행정기록,제1종근린생활시설,인천광역시 미추홀구 주안동 1492-15,37.4483210,126.6847083,geocoded_kakao_jibun,kakao_exact_jibun_address_match,인천 미추홀구 주안동 1492-15,1,1,0.0,,kakao_local_api:address_jibun,https://dapi.kakao.com/v2/local/search/address.json,2026-09-06,https://www.data.go.kr/data/15029300/fileData.do,2025-09-25,2026-09-06,administrative_record_only_not_confirmed_active,증축,2002-05-22,2002-10-27,2005-11-08,제1종근린생활시설,238.3,"주소 기반 추정 위치, 공사현장 좌표 아님"
15029300:1612,1612,건축행정기록,단독주택,인천광역시 미추홀구 용현동 623-20,37.4556083,126.6378741,geocoded_kakao_jibun,kakao_exact_jibun_address_match,인천 미추홀구 용현동 623-20,1,1,0.0,,kakao_local_api:address_jibun,https://dapi.kakao.com/v2/local/search/address.json,2026-09-06,https://www.data.go.kr/data/15029300/fileData.do,2025-09-25,2026-09-06,administrative_record_only_not_confirmed_active,증축,2002-05-21,2002-05-31,2002-06-17,단독주택,185.7,"주소 기반 추정 위치, 공사현장 좌표 아님"
15029300:1613,1613,건축행정기록,단독주택,인천광역시 미추홀구 용현동 622-52,37.4534482,126.6363987,geocoded_kakao_jibun,kakao_exact_jibun_address_match,인천 미추홀구 용현동 622-52,1,1,0.0,,kakao_local_api:address_jibun,https://dapi.kakao.com/v2/local/search/address.json,2026-09-06,https://www.data.go.kr/data/15029300/fileData.do,2025-09-25,2026-09-06,administrative_record_only_not_confirmed_active,증축,2002-05-21,2002-05-25,2002-07-16,단독주택,204.1,"주소 기반 추정 위치, 공사현장 좌표 아님"
15029300:1614,1614,건축행정기록,단독주택,인천광역시 미추홀구 용현동 48-48,37.4486748,126.6628998,geocoded_kakao_jibun,kakao_exact_jibun_address_match,인천 미추홀구 용현동 48-48,1,1,0.0,,kakao_local_api:address_jibun,https://dapi.kakao.com/v2/local/search/address.json,2026-09-06,https://www.data.go.kr/data/15029300/fileData.do,2025-09-25,2026-09-06,administrative_record_only_not_confirmed_active,신축,2002-05-20,2002-05-25,2002-09-03,단독주택,104.3,"주소 기반 추정 위치, 공사현장 좌표 아님"
15029300:1615,1615,건축행정기록,단독주택,인천광역시 미추홀구 용현동 48-47,37.4486895,126.6628013,geocoded_kakao_jibun,kakao_exact_jibun_address_match,인천 미추홀구 용현동 48-47,1,1,0.0,,kakao_local_api:address_jibun,https://dapi.kakao.com/v2/local/search/address.json,2026-09-06,https://www.data.go.kr/data/15029300/fileData.do,2025-09-25,2026-09-06,administrative_record_only_not_confirmed_active,신축,2002-05-20,2002-05-25,2002-09-03,단독주택,108,"주소 기반 추정 위치, 공사현장 좌표 아님"
15029300:1616,1616,건축행정기록,숙박시설,인천광역시 미추홀구 주안동 137-2 외1필지,37.4632834,126.6817602,geocoded_kakao_jibun,kakao_exact_jibun_address_match,인천 미추홀구 주안동 137-2,1,1,0.0,,kakao_local_api:address_jibun,https://dapi.kakao.com/v2/local/search/address.json,2026-09-06,https://www.data.go.kr/data/15029300/fileData.do,2025-09-25,2026-09-06,administrative_record_only_not_confirmed_active,증축,2002-05-20,2002-05-27,,숙박시설,275.4,"주소 기반 추정 위치, 공사현장 좌표 아님"
15029300:1617,1617,건축행정기록,제2종근린생활시설,인천광역시 미추홀구 학익동 668-1,37.4379107,126.6759071,geocoded_kakao_jibun,kakao_exact_jibun_address_match,인천 미추홀구 학익동 668-1,1,1,0.0,,kakao_local_api:address_jibun,https://dapi.kakao.com/v2/local/search/address.json,2026-09-06,https://www.data.go.kr/data/15029300/fileData.do,2025-09-25,2026-09-06,administrative_record_only_not_confirmed_active,증축,2002-05-18,2002-05-20,,제2종근린생활시설,769,"주소 기반 추정 위치, 공사현장 좌표 아님"
15029300:1618,1618,건축행정기록,단독주택,인천광역시 미추홀구 용현동 617-76,37.4517129,126.6390123,geocoded_kakao_jibun,kakao_exact_jibun_address_match,인천 미추홀구 용현동 617-76,1,1,0.0,,kakao_local_api:address_jibun,https://dapi.kakao.com/v2/local/search/address.json,2026-09-06,https://www.data.go.kr/data/15029300/fileData.do,2025-09-25,2026-09-06,administrative_record_only_not_confirmed_active,증축,2002-05-16,2002-05-21,2002-12-30,단독주택,148.7,"주소 기반 추정 위치, 공사현장 좌표 아님"
15029300:1619,1619,건축행정기록,제2종근린생활시설,인천광역시 미추홀구 도화동 479,37.4618638,126.6714484,geocoded_kakao_jibun,kakao_exact_jibun_address_match,인천 미추홀구 도화동 479,1,1,0.0,,kakao_local_api:address_jibun,https://dapi.kakao.com/v2/local/search/address.json,2026-09-06,https://www.data.go.kr/data/15029300/fileData.do,2025-09-25,2026-09-06,administrative_record_only_not_confirmed_active,신축,2002-05-14,2002-05-17,2002-09-09,제2종근린생활시설,249.4,"주소 기반 추정 위치, 공사현장 좌표 아님"
15029300:1620,1620,건축행정기록,단독주택,인천광역시 미추홀구 용현동 475-23,37.4566383,126.6470867,geocoded_kakao_jibun,kakao_exact_jibun_address_match,인천 미추홀구 용현동 475-23,1,1,0.0,,kakao_local_api:address_jibun,https://dapi.kakao.com/v2/local/search/address.json,2026-09-06,https://www.data.go.kr/data/15029300/fileData.do,2025-09-25,2026-09-06,administrative_record_only_not_confirmed_active,증축,2002-05-14,2002-05-15,2002-09-28,단독주택,127.3,"주소 기반 추정 위치, 공사현장 좌표 아님"
15029300:1621,1621,건축행정기록,제2종근린생활시설,인천광역시 미추홀구 주안동 134-1,37.4633678,126.6820912,geocoded_kakao_jibun,kakao_exact_jibun_address_match,인천 미추홀구 주안동 134-1,1,1,0.0,,kakao_local_api:address_jibun,https://dapi.kakao.com/v2/local/search/address.json,2026-09-06,https://www.data.go.kr/data/15029300/fileData.do,2025-09-25,2026-09-06,administrative_record_only_not_confirmed_active,증축,2002-05-13,2002-05-23,2002-09-09,제2종근린생활시설,254.8,"주소 기반 추정 위치, 공사현장 좌표 아님"
15029300:1622,1622,건축행정기록,공동주택,인천광역시 미추홀구 학익동 705-23 외1필지,37.4385297,126.6575392,geocoded_kakao_jibun,kakao_exact_jibun_address_match,인천 미추홀구 학익동 705-23,1,1,0.0,,kakao_local_api:address_jibun,https://dapi.kakao.com/v2/local/search/address.json,2026-09-06,https://www.data.go.kr/data/15029300/fileData.do,2025-09-25,2026-09-06,administrative_record_only_not_confirmed_active,증축,2002-05-13,2002-05-23,2002-06-26,공동주택,480.5,"주소 기반 추정 위치, 공사현장 좌표 아님"
15029300:1623,1623,건축행정기록,단독주택,인천광역시 미추홀구 용현동 621-163,37.4518460,126.6373997,geocoded_kakao_jibun,kakao_exact_jibun_address_match,인천 미추홀구 용현동 621-163,1,1,0.0,,kakao_local_api:address_jibun,https://dapi.kakao.com/v2/local/search/address.json,2026-09-06,https://www.data.go.kr/data/15029300/fileData.do,2025-09-25,2026-09-06,administrative_record_only_not_confirmed_active,대수선,2002-05-08,2002-05-16,2002-06-11,단독주택,175.1,"주소 기반 추정 위치, 공사현장 좌표 아님"
15029300:1624,1624,건축행정기록,단독주택,인천광역시 미추홀구 용현동 117-21,37.4559277,126.6641477,geocoded_kakao_jibun,kakao_exact_jibun_address_match,인천 미추홀구 용현동 117-21,1,1,0.0,,kakao_local_api:address_jibun,https://dapi.kakao.com/v2/local/search/address.json,2026-09-06,https://www.data.go.kr/data/15029300/fileData.do,2025-09-25,2026-09-06,administrative_record_only_not_confirmed_active,증축,2002-05-08,2002-05-21,2002-05-28,단독주택,118.2,"주소 기반 추정 위치, 공사현장 좌표 아님"
15029300:1625,1625,건축행정기록,제1종근린생활시설,인천광역시 미추홀구 주안동 679-14,37.4530183,126.6670759,geocoded_kakao_jibun,kakao_exact_jibun_address_match,인천 미추홀구 주안동 679-14,1,1,0.0,,kakao_local_api:address_jibun,https://dapi.kakao.com/v2/local/search/address.json,2026-09-06,https://www.data.go.kr/data/15029300/fileData.do,2025-09-25,2026-09-06,administrative_record_only_not_confirmed_active,개축,2002-05-02,2002-05-07,2002-08-29,제1종근린생활시설,69.6,"주소 기반 추정 위치, 공사현장 좌표 아님"
15029300:1626,1626,건축행정기록,단독주택,인천광역시 미추홀구 주안동 497-9,37.4557015,126.6778510,geocoded_kakao_jibun,kakao_exact_jibun_address_match,인천 미추홀구 주안동 497-9,1,1,0.0,,kakao_local_api:address_jibun,https://dapi.kakao.com/v2/local/search/address.json,2026-09-06,https://www.data.go.kr/data/15029300/fileData.do,2025-09-25,2026-09-06,administrative_record_only_not_confirmed_active,증축,2002-05-01,2002-05-02,2005-12-21,단독주택,156.41,"주소 기반 추정 위치, 공사현장 좌표 아님"
15029300:1627,1627,건축행정기록,제1종근린생활시설,인천광역시 미추홀구 용현동 35-1 외1필지,37.4491478,126.6671371,geocoded_kakao_jibun,kakao_exact_jibun_address_match,인천 미추홀구 용현동 35-1,1,1,0.0,,kakao_local_api:address_jibun,https://dapi.kakao.com/v2/local/search/address.json,2026-09-06,https://www.data.go.kr/data/15029300/fileData.do,2025-09-25,2026-09-06,administrative_record_only_not_confirmed_active,증축,2002-04-30,2002-05-02,2005-06-16,제1종근린생활시설,646.6,"주소 기반 추정 위치, 공사현장 좌표 아님"
15029300:1628,1628,건축행정기록,단독주택,인천광역시 미추홀구 학익동 215-11,37.4420855,126.6631023,geocoded_kakao_jibun,kakao_exact_jibun_address_match,인천 미추홀구 학익동 215-11,1,1,0.0,,kakao_local_api:address_jibun,https://dapi.kakao.com/v2/local/search/address.json,2026-09-06,https://www.data.go.kr/data/15029300/fileData.do,2025-09-25,2026-09-06,administrative_record_only_not_confirmed_active,증축,2002-04-30,2002-05-03,2002-06-20,단독주택,365.18,"주소 기반 추정 위치, 공사현장 좌표 아님"
15029300:1629,1629,건축행정기록,단독주택,인천광역시 미추홀구 용현동 623-185,37.4539925,126.6386321,geocoded_kakao_jibun,kakao_exact_jibun_address_match,인천 미추홀구 용현동 623-185,1,1,0.0,,kakao_local_api:address_jibun,https://dapi.kakao.com/v2/local/search/address.json,2026-09-06,https://www.data.go.kr/data/15029300/fileData.do,2025-09-25,2026-09-06,administrative_record_only_not_confirmed_active,증축,2002-04-29,2002-05-03,2002-07-09,단독주택,193.4,"주소 기반 추정 위치, 공사현장 좌표 아님"
15029300:1630,1630,건축행정기록,교육연구및복지시설,인천광역시 미추홀구 주안동 1468-20,37.4507493,126.6813855,geocoded_kakao_jibun,kakao_exact_jibun_address_match,인천 미추홀구 주안동 1468-20,1,1,0.0,,kakao_local_api:address_jibun,https://dapi.kakao.com/v2/local/search/address.json,2026-09-06,https://www.data.go.kr/data/15029300/fileData.do,2025-09-25,2026-09-06,administrative_record_only_not_confirmed_active,증축,2002-04-26,2002-04-29,2002-07-30,교육연구및복지시설,214.8,"주소 기반 추정 위치, 공사현장 좌표 아님"
15029300:1631,1631,건축행정기록,단독주택,인천광역시 미추홀구 주안동 800-6,37.4517016,126.6686688,geocoded_kakao_jibun,kakao_exact_jibun_address_match,인천 미추홀구 주안동 800-6,1,1,0.0,,kakao_local_api:address_jibun,https://dapi.kakao.com/v2/local/search/address.json,2026-09-06,https://www.data.go.kr/data/15029300/fileData.do,2025-09-25,2026-09-06,administrative_record_only_not_confirmed_active,증축,2002-04-26,2002-04-29,2002-05-13,단독주택,408.3,"주소 기반 추정 위치, 공사현장 좌표 아님"
15029300:1632,1632,건축행정기록,단독주택,인천광역시 미추홀구 숭의동 285-33 외2필지,,,unresolved,no_exact_parcel_match_in_kakao,,0,0,,,kakao_local_api:unresolved,https://dapi.kakao.com/v2/local/search/address.json,2026-09-06,https://www.data.go.kr/data/15029300/fileData.do,2025-09-25,2026-09-06,administrative_record_only_not_confirmed_active,신축,2002-04-25,2002-08-20,2002-09-19,단독주택,396.8,"주소 기반 추정 위치, 공사현장 좌표 아님"
15029300:1633,1633,건축행정기록,제1종근린생활시설,인천광역시 미추홀구 주안동 1423-33,,,unresolved,no_exact_parcel_match_in_kakao,,0,0,,,kakao_local_api:unresolved,https://dapi.kakao.com/v2/local/search/address.json,2026-09-06,https://www.data.go.kr/data/15029300/fileData.do,2025-09-25,2026-09-06,administrative_record_only_not_confirmed_active,증축,2002-04-25,2002-04-29,2002-05-09,제1종근린생활시설,395.6,"주소 기반 추정 위치, 공사현장 좌표 아님"
15029300:1634,1634,건축행정기록,제1종근린생활시설,인천광역시 미추홀구 용현동 617-68,37.4511557,126.6381764,geocoded_kakao_jibun,kakao_exact_jibun_address_match,인천 미추홀구 용현동 617-68,1,1,0.0,,kakao_local_api:address_jibun,https://dapi.kakao.com/v2/local/search/address.json,2026-09-06,https://www.data.go.kr/data/15029300/fileData.do,2025-09-25,2026-09-06,administrative_record_only_not_confirmed_active,증축,2002-04-25,2002-04-26,2002-11-16,제1종근린생활시설,168.8,"주소 기반 추정 위치, 공사현장 좌표 아님"
15029300:1635,1635,건축행정기록,제1종근린생활시설,인천광역시 미추홀구 용현동 351-1,37.4544926,126.6484391,geocoded_kakao_jibun,kakao_exact_jibun_address_match,인천 미추홀구 용현동 351-1,1,1,0.0,,kakao_local_api:address_jibun,https://dapi.kakao.com/v2/local/search/address.json,2026-09-06,https://www.data.go.kr/data/15029300/fileData.do,2025-09-25,2026-09-06,administrative_record_only_not_confirmed_active,증축,2002-04-24,2002-04-25,2002-08-21,제1종근린생활시설,764.9,"주소 기반 추정 위치, 공사현장 좌표 아님"
15029300:1636,1636,건축행정기록,제1종근린생활시설,인천광역시 미추홀구 문학동 342-1,37.4390675,126.6813400,geocoded_kakao_jibun,kakao_exact_jibun_address_match,인천 미추홀구 문학동 342-1,1,1,0.0,,kakao_local_api:address_jibun,https://dapi.kakao.com/v2/local/search/address.json,2026-09-06,https://www.data.go.kr/data/15029300/fileData.do,2025-09-25,2026-09-06,administrative_record_only_not_confirmed_active,증축,2002-04-23,2002-04-25,2002-05-23,제1종근린생활시설,328.7,"주소 기반 추정 위치, 공사현장 좌표 아님"
15029300:1637,1637,건축행정기록,문화및집회시설,인천광역시 미추홀구 도화동 624-240,37.4627049,126.6626989,geocoded_kakao_jibun,kakao_exact_jibun_address_match,인천 미추홀구 도화동 624-240,1,1,0.0,,kakao_local_api:address_jibun,https://dapi.kakao.com/v2/local/search/address.json,2026-09-06,https://www.data.go.kr/data/15029300/fileData.do,2025-09-25,2026-09-06,administrative_record_only_not_confirmed_active,증축,2002-04-22,2007-03-05,2007-05-30,문화및집회시설,3747,"주소 기반 추정 위치, 공사현장 좌표 아님"
15029300:1638,1638,건축행정기록,제1종근린생활시설,인천광역시 미추홀구 학익동 224-7,37.4403217,126.6656145,geocoded_kakao_jibun,kakao_exact_jibun_address_match,인천 미추홀구 학익동 224-7,1,1,0.0,,kakao_local_api:address_jibun,https://dapi.kakao.com/v2/local/search/address.json,2026-09-06,https://www.data.go.kr/data/15029300/fileData.do,2025-09-25,2026-09-06,administrative_record_only_not_confirmed_active,증축,2002-04-22,2002-04-30,2002-06-24,제1종근린생활시설,218,"주소 기반 추정 위치, 공사현장 좌표 아님"
15029300:1639,1639,건축행정기록,단독주택,인천광역시 미추홀구 용현동 627-295,37.4501216,126.6340090,geocoded_kakao_jibun,kakao_exact_jibun_address_match,인천 미추홀구 용현동 627-295,1,1,0.0,,kakao_local_api:address_jibun,https://dapi.kakao.com/v2/local/search/address.json,2026-09-06,https://www.data.go.kr/data/15029300/fileData.do,2025-09-25,2026-09-06,administrative_record_only_not_confirmed_active,신축,2002-04-19,2002-04-22,2002-10-22,단독주택,140,"주소 기반 추정 위치, 공사현장 좌표 아님"
15029300:1640,1640,건축행정기록,단독주택,인천광역시 미추홀구 주안동 669-1,37.4543061,126.6664087,geocoded_kakao_jibun,kakao_exact_jibun_address_match,인천 미추홀구 주안동 669-1,1,1,0.0,,kakao_local_api:address_jibun,https://dapi.kakao.com/v2/local/search/address.json,2026-09-06,https://www.data.go.kr/data/15029300/fileData.do,2025-09-25,2026-09-06,administrative_record_only_not_confirmed_active,증축,2002-04-18,2002-04-19,2002-06-18,단독주택,154.4,"주소 기반 추정 위치, 공사현장 좌표 아님"
15029300:1641,1641,건축행정기록,자동차관련시설,인천광역시 미추홀구 주안동 221-3,37.4629300,126.6788856,geocoded_kakao_jibun,kakao_exact_jibun_address_match,인천 미추홀구 주안동 221-3,1,1,0.0,,kakao_local_api:address_jibun,https://dapi.kakao.com/v2/local/search/address.json,2026-09-06,https://www.data.go.kr/data/15029300/fileData.do,2025-09-25,2026-09-06,administrative_record_only_not_confirmed_active,신축,2002-04-18,2008-05-29,2008-06-23,자동차관련시설,460.5,"주소 기반 추정 위치, 공사현장 좌표 아님"
15029300:1642,1642,건축행정기록,자동차관련시설,인천광역시 미추홀구 숭의동 129-63,37.4648704,126.6485599,geocoded_kakao_jibun,kakao_exact_jibun_address_match,인천 미추홀구 숭의동 129-63,1,1,0.0,,kakao_local_api:address_jibun,https://dapi.kakao.com/v2/local/search/address.json,2026-09-06,https://www.data.go.kr/data/15029300/fileData.do,2025-09-25,2026-09-06,administrative_record_only_not_confirmed_active,신축,2002-04-16,2002-04-18,2002-06-01,자동차관련시설,257.2,"주소 기반 추정 위치, 공사현장 좌표 아님"
15029300:1643,1643,건축행정기록,단독주택,인천광역시 미추홀구 숭의동 204-18,37.4612668,126.6513179,geocoded_kakao_jibun,kakao_exact_jibun_address_match,인천 미추홀구 숭의동 204-18,1,1,0.0,,kakao_local_api:address_jibun,https://dapi.kakao.com/v2/local/search/address.json,2026-09-06,https://www.data.go.kr/data/15029300/fileData.do,2025-09-25,2026-09-06,administrative_record_only_not_confirmed_active,증축,2002-04-13,2002-04-16,2002-05-20,단독주택,194.4,"주소 기반 추정 위치, 공사현장 좌표 아님"
15029300:1644,1644,건축행정기록,제2종근린생활시설,인천광역시 미추홀구 주안동 62-5,37.4599569,126.6866984,geocoded_kakao_jibun,kakao_exact_jibun_address_match,인천 미추홀구 주안동 62-5,1,1,0.0,,kakao_local_api:address_jibun,https://dapi.kakao.com/v2/local/search/address.json,2026-09-06,https://www.data.go.kr/data/15029300/fileData.do,2025-09-25,2026-09-06,administrative_record_only_not_confirmed_active,증축,2002-04-13,2002-04-22,2002-08-23,제2종근린생활시설,175.2,"주소 기반 추정 위치, 공사현장 좌표 아님"
15029300:1645,1645,건축행정기록,단독주택,인천광역시 미추홀구 숭의동 10-60,37.4592319,126.6595617,geocoded_kakao_jibun,kakao_exact_jibun_address_match,인천 미추홀구 숭의동 10-60,1,1,0.0,,kakao_local_api:address_jibun,https://dapi.kakao.com/v2/local/search/address.json,2026-09-06,https://www.data.go.kr/data/15029300/fileData.do,2025-09-25,2026-09-06,administrative_record_only_not_confirmed_active,신축,2002-04-12,2002-04-17,2002-09-06,단독주택,346.97,"주소 기반 추정 위치, 공사현장 좌표 아님"
15029300:1646,1646,건축행정기록,단독주택,인천광역시 미추홀구 용현동 556-21,37.4547774,126.6429397,geocoded_kakao_jibun,kakao_exact_jibun_address_match,인천 미추홀구 용현동 556-21,1,1,0.0,,kakao_local_api:address_jibun,https://dapi.kakao.com/v2/local/search/address.json,2026-09-06,https://www.data.go.kr/data/15029300/fileData.do,2025-09-25,2026-09-06,administrative_record_only_not_confirmed_active,신축,2002-04-12,2002-06-03,2002-09-12,단독주택,164.3,"주소 기반 추정 위치, 공사현장 좌표 아님"
15029300:1647,1647,건축행정기록,제1종근린생활시설,인천광역시 미추홀구 용현동 185-8,37.4510625,126.6599547,geocoded_kakao_jibun,kakao_exact_jibun_address_match,인천 미추홀구 용현동 185-8,1,1,0.0,,kakao_local_api:address_jibun,https://dapi.kakao.com/v2/local/search/address.json,2026-09-06,https://www.data.go.kr/data/15029300/fileData.do,2025-09-25,2026-09-06,administrative_record_only_not_confirmed_active,증축,2002-04-11,2002-04-19,2002-07-11,제1종근린생활시설,114.7,"주소 기반 추정 위치, 공사현장 좌표 아님"
15029300:1648,1648,건축행정기록,제2종근린생활시설,인천광역시 미추홀구 주안동 622-15,37.4580292,126.6714207,geocoded_kakao_jibun,kakao_exact_jibun_address_match,인천 미추홀구 주안동 622-15,1,1,0.0,,kakao_local_api:address_jibun,https://dapi.kakao.com/v2/local/search/address.json,2026-09-06,https://www.data.go.kr/data/15029300/fileData.do,2025-09-25,2026-09-06,administrative_record_only_not_confirmed_active,증축,2002-04-09,2002-04-12,,제2종근린생활시설,377.8,"주소 기반 추정 위치, 공사현장 좌표 아님"
15029300:1649,1649,건축행정기록,제1종근린생활시설,인천광역시 미추홀구 주안동 1450-4,,,unresolved,no_exact_parcel_match_in_kakao,,0,0,,,kakao_local_api:unresolved,https://dapi.kakao.com/v2/local/search/address.json,2026-09-06,https://www.data.go.kr/data/15029300/fileData.do,2025-09-25,2026-09-06,administrative_record_only_not_confirmed_active,증축,2002-04-09,2002-04-13,2002-05-03,제1종근린생활시설,619.5,"주소 기반 추정 위치, 공사현장 좌표 아님"
15029300:1650,1650,건축행정기록,단독주택,인천광역시 미추홀구 용현동 189-37,37.4475186,126.6633576,geocoded_kakao_jibun,kakao_exact_jibun_address_match,인천 미추홀구 용현동 189-37,1,1,0.0,,kakao_local_api:address_jibun,https://dapi.kakao.com/v2/local/search/address.json,2026-09-06,https://www.data.go.kr/data/15029300/fileData.do,2025-09-25,2026-09-06,administrative_record_only_not_confirmed_active,신축,2002-04-08,2002-05-17,,단독주택,159,"주소 기반 추정 위치, 공사현장 좌표 아님"
15029300:1651,1651,건축행정기록,단독주택,인천광역시 미추홀구 용현동 60-16,37.4557178,126.6603245,geocoded_kakao_jibun,kakao_exact_jibun_address_match,인천 미추홀구 용현동 60-16,1,1,0.0,,kakao_local_api:address_jibun,https://dapi.kakao.com/v2/local/search/address.json,2026-09-06,https://www.data.go.kr/data/15029300/fileData.do,2025-09-25,2026-09-06,administrative_record_only_not_confirmed_active,증축,2002-04-08,2002-04-11,2002-05-31,단독주택,150,"주소 기반 추정 위치, 공사현장 좌표 아님"
15029300:1652,1652,건축행정기록,단독주택,인천광역시 미추홀구 용현동 627-202,37.4509744,126.6343044,geocoded_kakao_jibun,kakao_exact_jibun_address_match,인천 미추홀구 용현동 627-202,1,1,0.0,,kakao_local_api:address_jibun,https://dapi.kakao.com/v2/local/search/address.json,2026-09-06,https://www.data.go.kr/data/15029300/fileData.do,2025-09-25,2026-09-06,administrative_record_only_not_confirmed_active,증축,2002-04-08,2002-04-13,2005-09-06,단독주택,147,"주소 기반 추정 위치, 공사현장 좌표 아님"
15029300:1653,1653,건축행정기록,단독주택,인천광역시 미추홀구 주안동 23-37,37.4662903,126.6823747,geocoded_kakao_jibun,kakao_exact_jibun_address_match,인천 미추홀구 주안동 23-37,1,1,0.0,,kakao_local_api:address_jibun,https://dapi.kakao.com/v2/local/search/address.json,2026-09-06,https://www.data.go.kr/data/15029300/fileData.do,2025-09-25,2026-09-06,administrative_record_only_not_confirmed_active,증축,2002-04-08,2002-04-11,,단독주택,200.1,"주소 기반 추정 위치, 공사현장 좌표 아님"
15029300:1654,1654,건축행정기록,단독주택,인천광역시 미추홀구 주안동 804-29,37.4506698,126.6682397,geocoded_kakao_jibun,kakao_exact_jibun_address_match,인천 미추홀구 주안동 804-29,1,1,0.0,,kakao_local_api:address_jibun,https://dapi.kakao.com/v2/local/search/address.json,2026-09-06,https://www.data.go.kr/data/15029300/fileData.do,2025-09-25,2026-09-06,administrative_record_only_not_confirmed_active,증축,2002-04-08,2008-11-18,,단독주택,201.9,"주소 기반 추정 위치, 공사현장 좌표 아님"
15029300:1655,1655,건축행정기록,제1종근린생활시설,인천광역시 미추홀구 학익동 251-12,37.4415633,126.6670796,geocoded_kakao_jibun,kakao_exact_jibun_address_match,인천 미추홀구 학익동 251-12,1,1,0.0,,kakao_local_api:address_jibun,https://dapi.kakao.com/v2/local/search/address.json,2026-09-06,https://www.data.go.kr/data/15029300/fileData.do,2025-09-25,2026-09-06,administrative_record_only_not_confirmed_active,증축,2002-04-03,2002-06-04,2002-08-08,제1종근린생활시설,193,"주소 기반 추정 위치, 공사현장 좌표 아님"
15029300:1656,1656,건축행정기록,제2종근린생활시설,인천광역시 미추홀구 주안동 965-7,37.4642753,126.6882399,geocoded_kakao_jibun,kakao_exact_jibun_address_match,인천 미추홀구 주안동 965-7,1,1,0.0,,kakao_local_api:address_jibun,https://dapi.kakao.com/v2/local/search/address.json,2026-09-06,https://www.data.go.kr/data/15029300/fileData.do,2025-09-25,2026-09-06,administrative_record_only_not_confirmed_active,증축,2002-03-28,2002-04-01,2002-05-03,제2종근린생활시설,221.2,"주소 기반 추정 위치, 공사현장 좌표 아님"
15029300:1657,1657,건축행정기록,단독주택,인천광역시 미추홀구 용현동 610-258,37.4522429,126.6428332,geocoded_kakao_jibun,kakao_exact_jibun_address_match,인천 미추홀구 용현동 610-258,1,1,0.0,,kakao_local_api:address_jibun,https://dapi.kakao.com/v2/local/search/address.json,2026-09-06,https://www.data.go.kr/data/15029300/fileData.do,2025-09-25,2026-09-06,administrative_record_only_not_confirmed_active,증축,2002-03-28,2002-03-29,2002-05-06,단독주택,140,"주소 기반 추정 위치, 공사현장 좌표 아님"
15029300:1658,1658,건축행정기록,제2종근린생활시설,인천광역시 미추홀구 주안동 965-2,37.4642758,126.6880562,geocoded_kakao_jibun,kakao_exact_jibun_address_match,인천 미추홀구 주안동 965-2,1,1,0.0,,kakao_local_api:address_jibun,https://dapi.kakao.com/v2/local/search/address.json,2026-09-06,https://www.data.go.kr/data/15029300/fileData.do,2025-09-25,2026-09-06,administrative_record_only_not_confirmed_active,증축,2002-03-28,2002-04-01,2002-05-03,제2종근린생활시설,218.1,"주소 기반 추정 위치, 공사현장 좌표 아님"
15029300:1659,1659,건축행정기록,제1종근린생활시설,인천광역시 미추홀구 용현동 621-20,37.4528253,126.6357686,geocoded_kakao_jibun,kakao_exact_jibun_address_match,인천 미추홀구 용현동 621-20,1,1,0.0,,kakao_local_api:address_jibun,https://dapi.kakao.com/v2/local/search/address.json,2026-09-06,https://www.data.go.kr/data/15029300/fileData.do,2025-09-25,2026-09-06,administrative_record_only_not_confirmed_active,증축,2002-03-26,2002-04-16,2005-06-24,제1종근린생활시설,195.9,"주소 기반 추정 위치, 공사현장 좌표 아님"
15029300:1660,1660,건축행정기록,제1종근린생활시설,인천광역시 미추홀구 주안동 989-4,37.4600346,126.6888457,geocoded_kakao_jibun,kakao_exact_jibun_address_match,인천 미추홀구 주안동 989-4,1,1,0.0,,kakao_local_api:address_jibun,https://dapi.kakao.com/v2/local/search/address.json,2026-09-06,https://www.data.go.kr/data/15029300/fileData.do,2025-09-25,2026-09-06,administrative_record_only_not_confirmed_active,용도변경,2002-03-25,2002-04-09,2002-10-16,제1종근린생활시설,452.6,"주소 기반 추정 위치, 공사현장 좌표 아님"
15029300:1661,1661,건축행정기록,제1종근린생활시설,인천광역시 미추홀구 용현동 371-7,,,unresolved,no_exact_parcel_match_in_kakao,,0,0,,,kakao_local_api:unresolved,https://dapi.kakao.com/v2/local/search/address.json,2026-09-06,https://www.data.go.kr/data/15029300/fileData.do,2025-09-25,2026-09-06,administrative_record_only_not_confirmed_active,신축,2002-03-21,2002-03-21,,제1종근린생활시설,89.2,"주소 기반 추정 위치, 공사현장 좌표 아님"
15029300:1662,1662,건축행정기록,창고시설,인천광역시 미추홀구 주안동 1065-1,37.4484890,126.6927566,geocoded_kakao_jibun,kakao_exact_jibun_address_match,인천 미추홀구 주안동 1065-1,1,1,0.0,,kakao_local_api:address_jibun,https://dapi.kakao.com/v2/local/search/address.json,2026-09-06,https://www.data.go.kr/data/15029300/fileData.do,2025-09-25,2026-09-06,administrative_record_only_not_confirmed_active,신축,2002-03-20,2002-03-22,2002-03-25,창고시설,222,"주소 기반 추정 위치, 공사현장 좌표 아님"
15029300:1663,1663,건축행정기록,단독주택,인천광역시 미추홀구 주안동 679-14,37.4530183,126.6670759,geocoded_kakao_jibun,kakao_exact_jibun_address_match,인천 미추홀구 주안동 679-14,1,1,0.0,,kakao_local_api:address_jibun,https://dapi.kakao.com/v2/local/search/address.json,2026-09-06,https://www.data.go.kr/data/15029300/fileData.do,2025-09-25,2026-09-06,administrative_record_only_not_confirmed_active,대수선,2002-03-19,2002-03-22,,단독주택,101.9,"주소 기반 추정 위치, 공사현장 좌표 아님"
15029300:1664,1664,건축행정기록,단독주택,인천광역시 미추홀구 주안동 1547-41,37.4562964,126.6911038,geocoded_kakao_jibun,kakao_exact_jibun_address_match,인천 미추홀구 주안동 1547-41,1,1,0.0,,kakao_local_api:address_jibun,https://dapi.kakao.com/v2/local/search/address.json,2026-09-06,https://www.data.go.kr/data/15029300/fileData.do,2025-09-25,2026-09-06,administrative_record_only_not_confirmed_active,증축,2002-03-19,2002-03-22,,단독주택,129.4,"주소 기반 추정 위치, 공사현장 좌표 아님"
15029300:1665,1665,건축행정기록,단독주택,인천광역시 미추홀구 용현동 610-264,37.4523632,126.6420246,geocoded_kakao_jibun,kakao_exact_jibun_address_match,인천 미추홀구 용현동 610-264,1,1,0.0,,kakao_local_api:address_jibun,https://dapi.kakao.com/v2/local/search/address.json,2026-09-06,https://www.data.go.kr/data/15029300/fileData.do,2025-09-25,2026-09-06,administrative_record_only_not_confirmed_active,증축,2002-03-18,2002-03-21,2002-05-17,단독주택,122,"주소 기반 추정 위치, 공사현장 좌표 아님"
15029300:1666,1666,건축행정기록,제2종근린생활시설,인천광역시 미추홀구 주안동 18-70,37.4681838,126.6844525,geocoded_kakao_jibun,kakao_exact_jibun_address_match,인천 미추홀구 주안동 18-70,1,1,0.0,,kakao_local_api:address_jibun,https://dapi.kakao.com/v2/local/search/address.json,2026-09-06,https://www.data.go.kr/data/15029300/fileData.do,2025-09-25,2026-09-06,administrative_record_only_not_confirmed_active,증축,2002-03-15,2005-07-08,2005-07-19,제2종근린생활시설,285.9,"주소 기반 추정 위치, 공사현장 좌표 아님"
15029300:1667,1667,건축행정기록,단독주택,인천광역시 미추홀구 주안동 1564-4,37.4498864,126.6906232,geocoded_kakao_jibun,kakao_exact_jibun_address_match,인천 미추홀구 주안동 1564-4,1,1,0.0,,kakao_local_api:address_jibun,https://dapi.kakao.com/v2/local/search/address.json,2026-09-06,https://www.data.go.kr/data/15029300/fileData.do,2025-09-25,2026-09-06,administrative_record_only_not_confirmed_active,증축,2002-03-11,2002-03-22,2002-10-14,단독주택,165.4,"주소 기반 추정 위치, 공사현장 좌표 아님"
15029300:1668,1668,건축행정기록,제1종근린생활시설,인천광역시 미추홀구 주안동 216-2,37.4609982,126.6786723,geocoded_kakao_jibun,kakao_exact_jibun_address_match,인천 미추홀구 주안동 216-2,1,1,0.0,,kakao_local_api:address_jibun,https://dapi.kakao.com/v2/local/search/address.json,2026-09-06,https://www.data.go.kr/data/15029300/fileData.do,2025-09-25,2026-09-06,administrative_record_only_not_confirmed_active,증축,2002-03-11,2002-03-13,,제1종근린생활시설,259.8,"주소 기반 추정 위치, 공사현장 좌표 아님"
15029300:1669,1669,건축행정기록,단독주택,인천광역시 미추홀구 용현동 621-129,37.4515913,126.6363888,geocoded_kakao_jibun,kakao_exact_jibun_address_match,인천 미추홀구 용현동 621-129,1,1,0.0,,kakao_local_api:address_jibun,https://dapi.kakao.com/v2/local/search/address.json,2026-09-06,https://www.data.go.kr/data/15029300/fileData.do,2025-09-25,2026-09-06,administrative_record_only_not_confirmed_active,증축,2002-03-07,2002-03-14,2002-03-21,단독주택,173,"주소 기반 추정 위치, 공사현장 좌표 아님"
15029300:1670,1670,건축행정기록,제2종근린생활시설,인천광역시 미추홀구 용현동 371-5,,,unresolved,no_exact_parcel_match_in_kakao,,0,0,,,kakao_local_api:unresolved,https://dapi.kakao.com/v2/local/search/address.json,2026-09-06,https://www.data.go.kr/data/15029300/fileData.do,2025-09-25,2026-09-06,administrative_record_only_not_confirmed_active,증축,2002-03-06,2002-03-12,2002-04-03,제2종근린생활시설,327.6,"주소 기반 추정 위치, 공사현장 좌표 아님"
15029300:1671,1671,건축행정기록,제1종근린생활시설,인천광역시 미추홀구 용현동 627-249,37.4504179,126.6356587,geocoded_kakao_jibun,kakao_exact_jibun_address_match,인천 미추홀구 용현동 627-249,1,1,0.0,,kakao_local_api:address_jibun,https://dapi.kakao.com/v2/local/search/address.json,2026-09-06,https://www.data.go.kr/data/15029300/fileData.do,2025-09-25,2026-09-06,administrative_record_only_not_confirmed_active,증축,2002-03-06,2002-03-11,2002-04-02,제1종근린생활시설,147,"주소 기반 추정 위치, 공사현장 좌표 아님"
15029300:1672,1672,건축행정기록,단독주택,인천광역시 미추홀구 학익동 312-27 외1필지,37.4456212,126.6653605,geocoded_kakao_jibun,kakao_exact_jibun_address_match,인천 미추홀구 학익동 312-27,1,1,0.0,,kakao_local_api:address_jibun,https://dapi.kakao.com/v2/local/search/address.json,2026-09-06,https://www.data.go.kr/data/15029300/fileData.do,2025-09-25,2026-09-06,administrative_record_only_not_confirmed_active,신축,2002-03-05,2002-03-12,2002-06-01,단독주택,175,"주소 기반 추정 위치, 공사현장 좌표 아님"
15029300:1673,1673,건축행정기록,단독주택,인천광역시 미추홀구 주안동 690-26,37.4539714,126.6667537,geocoded_kakao_jibun,kakao_exact_jibun_address_match,인천 미추홀구 주안동 690-26,1,1,0.0,,kakao_local_api:address_jibun,https://dapi.kakao.com/v2/local/search/address.json,2026-09-06,https://www.data.go.kr/data/15029300/fileData.do,2025-09-25,2026-09-06,administrative_record_only_not_confirmed_active,증축,2002-03-05,2002-03-12,,단독주택,178.65,"주소 기반 추정 위치, 공사현장 좌표 아님"
15029300:1674,1674,건축행정기록,단독주택,인천광역시 미추홀구 용현동 610-217,37.4524460,126.6420812,geocoded_kakao_jibun,kakao_exact_jibun_address_match,인천 미추홀구 용현동 610-217,1,1,0.0,,kakao_local_api:address_jibun,https://dapi.kakao.com/v2/local/search/address.json,2026-09-06,https://www.data.go.kr/data/15029300/fileData.do,2025-09-25,2026-09-06,administrative_record_only_not_confirmed_active,증축,2002-03-05,2002-03-07,2002-04-17,단독주택,136,"주소 기반 추정 위치, 공사현장 좌표 아님"
15029300:1675,1675,건축행정기록,제2종근린생활시설,인천광역시 미추홀구 주안동 1412-49,37.4706239,126.6821155,geocoded_kakao_jibun,kakao_exact_jibun_address_match,인천 미추홀구 주안동 1412-49,1,1,0.0,,kakao_local_api:address_jibun,https://dapi.kakao.com/v2/local/search/address.json,2026-09-06,https://www.data.go.kr/data/15029300/fileData.do,2025-09-25,2026-09-06,administrative_record_only_not_confirmed_active,신축,2002-03-04,2002-03-06,2002-04-26,제2종근린생활시설,107.76,"주소 기반 추정 위치, 공사현장 좌표 아님"
15029300:1676,1676,건축행정기록,단독주택,인천광역시 미추홀구 주안동 31-16,37.4653275,126.6835330,geocoded_kakao_jibun,kakao_exact_jibun_address_match,인천 미추홀구 주안동 31-16,1,1,0.0,,kakao_local_api:address_jibun,https://dapi.kakao.com/v2/local/search/address.json,2026-09-06,https://www.data.go.kr/data/15029300/fileData.do,2025-09-25,2026-09-06,administrative_record_only_not_confirmed_active,증축,2002-03-04,2002-03-06,2002-03-15,단독주택,161.4,"주소 기반 추정 위치, 공사현장 좌표 아님"
15029300:1677,1677,건축행정기록,자동차관련시설,인천광역시 미추홀구 도화동 800,,,unresolved,no_exact_parcel_match_in_kakao,,0,0,,,kakao_local_api:unresolved,https://dapi.kakao.com/v2/local/search/address.json,2026-09-06,https://www.data.go.kr/data/15029300/fileData.do,2025-09-25,2026-09-06,administrative_record_only_not_confirmed_active,증축,2002-03-04,2002-04-19,2002-04-30,자동차관련시설,4096.5,"주소 기반 추정 위치, 공사현장 좌표 아님"
15029300:1678,1678,건축행정기록,단독주택,인천광역시 미추홀구 숭의동 8-36,37.4599096,126.6604718,geocoded_kakao_jibun,kakao_exact_jibun_address_match,인천 미추홀구 숭의동 8-36,1,1,0.0,,kakao_local_api:address_jibun,https://dapi.kakao.com/v2/local/search/address.json,2026-09-06,https://www.data.go.kr/data/15029300/fileData.do,2025-09-25,2026-09-06,administrative_record_only_not_confirmed_active,증축,2002-02-27,2002-03-15,2007-01-26,단독주택,75,"주소 기반 추정 위치, 공사현장 좌표 아님"
15029300:1679,1679,건축행정기록,단독주택,인천광역시 미추홀구 용현동 627-199,37.4510121,126.6343907,geocoded_kakao_jibun,kakao_exact_jibun_address_match,인천 미추홀구 용현동 627-199,1,1,0.0,,kakao_local_api:address_jibun,https://dapi.kakao.com/v2/local/search/address.json,2026-09-06,https://www.data.go.kr/data/15029300/fileData.do,2025-09-25,2026-09-06,administrative_record_only_not_confirmed_active,증축,2002-02-23,2002-03-04,2005-09-14,단독주택,167,"주소 기반 추정 위치, 공사현장 좌표 아님"
15029300:1680,1680,건축행정기록,단독주택,인천광역시 미추홀구 도화동 75-21,,,unresolved,no_exact_parcel_match_in_kakao,,0,0,,,kakao_local_api:unresolved,https://dapi.kakao.com/v2/local/search/address.json,2026-09-06,https://www.data.go.kr/data/15029300/fileData.do,2025-09-25,2026-09-06,administrative_record_only_not_confirmed_active,신축,2002-02-19,2002-02-21,2002-03-25,단독주택,97.1,"주소 기반 추정 위치, 공사현장 좌표 아님"
15029300:1681,1681,건축행정기록,제1종근린생활시설,인천광역시 미추홀구 주안동 1462,37.4485571,126.6781207,geocoded_kakao_jibun,kakao_exact_jibun_address_match,인천 미추홀구 주안동 1462,1,1,0.0,,kakao_local_api:address_jibun,https://dapi.kakao.com/v2/local/search/address.json,2026-09-06,https://www.data.go.kr/data/15029300/fileData.do,2025-09-25,2026-09-06,administrative_record_only_not_confirmed_active,증축,2002-02-19,2002-02-22,2002-03-26,제1종근린생활시설,341.8,"주소 기반 추정 위치, 공사현장 좌표 아님"
15029300:1682,1682,건축행정기록,단독주택,인천광역시 미추홀구 주안동 31-15,37.4653590,126.6833822,geocoded_kakao_jibun,kakao_exact_jibun_address_match,인천 미추홀구 주안동 31-15,1,1,0.0,,kakao_local_api:address_jibun,https://dapi.kakao.com/v2/local/search/address.json,2026-09-06,https://www.data.go.kr/data/15029300/fileData.do,2025-09-25,2026-09-06,administrative_record_only_not_confirmed_active,증축,2002-02-08,2002-03-04,2007-03-19,단독주택,159.9,"주소 기반 추정 위치, 공사현장 좌표 아님"
15029300:1683,1683,건축행정기록,숙박시설,인천광역시 미추홀구 용현동 629-31 외1필지,37.4535550,126.6338216,geocoded_kakao_jibun,kakao_exact_jibun_address_match,인천 미추홀구 용현동 629-31,1,1,0.0,,kakao_local_api:address_jibun,https://dapi.kakao.com/v2/local/search/address.json,2026-09-06,https://www.data.go.kr/data/15029300/fileData.do,2025-09-25,2026-09-06,administrative_record_only_not_confirmed_active,증축,2002-02-06,2002-02-28,2002-06-05,숙박시설,436.3,"주소 기반 추정 위치, 공사현장 좌표 아님"
15029300:1684,1684,건축행정기록,제1종근린생활시설,인천광역시 미추홀구 학익동 260-25,37.4435563,126.6644309,geocoded_kakao_jibun,kakao_exact_jibun_address_match,인천 미추홀구 학익동 260-25,1,1,0.0,,kakao_local_api:address_jibun,https://dapi.kakao.com/v2/local/search/address.json,2026-09-06,https://www.data.go.kr/data/15029300/fileData.do,2025-09-25,2026-09-06,administrative_record_only_not_confirmed_active,대수선,2002-02-05,2002-02-08,2002-03-15,제1종근린생활시설,132,"주소 기반 추정 위치, 공사현장 좌표 아님"
15029300:1685,1685,건축행정기록,단독주택,인천광역시 미추홀구 주안동 84-28,37.4601638,126.6842777,geocoded_kakao_jibun,kakao_exact_jibun_address_match,인천 미추홀구 주안동 84-28,1,1,0.0,,kakao_local_api:address_jibun,https://dapi.kakao.com/v2/local/search/address.json,2026-09-06,https://www.data.go.kr/data/15029300/fileData.do,2025-09-25,2026-09-06,administrative_record_only_not_confirmed_active,증축,2002-02-02,2002-02-04,2002-03-11,단독주택,213.1,"주소 기반 추정 위치, 공사현장 좌표 아님"
15029300:1686,1686,건축행정기록,제1종근린생활시설,인천광역시 미추홀구 주안동 1340-19,37.4468907,126.6775631,geocoded_kakao_jibun,kakao_exact_jibun_address_match,인천 미추홀구 주안동 1340-19,1,1,0.0,,kakao_local_api:address_jibun,https://dapi.kakao.com/v2/local/search/address.json,2026-09-06,https://www.data.go.kr/data/15029300/fileData.do,2025-09-25,2026-09-06,administrative_record_only_not_confirmed_active,증축,2002-01-31,2002-02-04,2002-02-21,제1종근린생활시설,136,"주소 기반 추정 위치, 공사현장 좌표 아님"
15029300:1687,1687,건축행정기록,제1종근린생활시설,인천광역시 미추홀구 도화동 586-2,,,unresolved,no_exact_parcel_match_in_kakao,,0,0,,,kakao_local_api:unresolved,https://dapi.kakao.com/v2/local/search/address.json,2026-09-06,https://www.data.go.kr/data/15029300/fileData.do,2025-09-25,2026-09-06,administrative_record_only_not_confirmed_active,신축,2002-01-28,2002-10-11,2003-06-25,제1종근린생활시설,66.7,"주소 기반 추정 위치, 공사현장 좌표 아님"
15029300:1688,1688,건축행정기록,단독주택,인천광역시 미추홀구 주안동 26-21,37.4667688,126.6767560,geocoded_kakao_jibun,kakao_exact_jibun_address_match,인천 미추홀구 주안동 26-21,1,1,0.0,,kakao_local_api:address_jibun,https://dapi.kakao.com/v2/local/search/address.json,2026-09-06,https://www.data.go.kr/data/15029300/fileData.do,2025-09-25,2026-09-06,administrative_record_only_not_confirmed_active,증축,2002-01-25,2002-03-19,2002-05-21,단독주택,193.9,"주소 기반 추정 위치, 공사현장 좌표 아님"
15029300:1689,1689,건축행정기록,제1종근린생활시설,인천광역시 미추홀구 용현동 623-54,37.4546664,126.6371825,geocoded_kakao_jibun,kakao_exact_jibun_address_match,인천 미추홀구 용현동 623-54,1,1,0.0,,kakao_local_api:address_jibun,https://dapi.kakao.com/v2/local/search/address.json,2026-09-06,https://www.data.go.kr/data/15029300/fileData.do,2025-09-25,2026-09-06,administrative_record_only_not_confirmed_active,증축,2002-01-21,2002-01-24,2002-03-16,제1종근린생활시설,166.2,"주소 기반 추정 위치, 공사현장 좌표 아님"
15029300:1690,1690,건축행정기록,제1종근린생활시설,인천광역시 미추홀구 용현동 629-64,37.4538031,126.6350176,geocoded_kakao_jibun,kakao_exact_jibun_address_match,인천 미추홀구 용현동 629-64,1,1,0.0,,kakao_local_api:address_jibun,https://dapi.kakao.com/v2/local/search/address.json,2026-09-06,https://www.data.go.kr/data/15029300/fileData.do,2025-09-25,2026-09-06,administrative_record_only_not_confirmed_active,증축,2002-01-18,2002-01-25,2005-09-12,제1종근린생활시설,266.4,"주소 기반 추정 위치, 공사현장 좌표 아님"
15029300:1691,1691,건축행정기록,숙박시설,인천광역시 미추홀구 용현동 624-60,37.4555022,126.6355151,geocoded_kakao_jibun,kakao_exact_jibun_address_match,인천 미추홀구 용현동 624-60,1,1,0.0,,kakao_local_api:address_jibun,https://dapi.kakao.com/v2/local/search/address.json,2026-09-06,https://www.data.go.kr/data/15029300/fileData.do,2025-09-25,2026-09-06,administrative_record_only_not_confirmed_active,증축,2002-01-18,2002-01-23,2002-09-06,숙박시설,259.3,"주소 기반 추정 위치, 공사현장 좌표 아님"
15029300:1692,1692,건축행정기록,교육연구및복지시설,인천광역시 미추홀구 주안동 1521-22,37.4487206,126.6870671,geocoded_kakao_jibun,kakao_exact_jibun_address_match,인천 미추홀구 주안동 1521-22,1,1,0.0,,kakao_local_api:address_jibun,https://dapi.kakao.com/v2/local/search/address.json,2026-09-06,https://www.data.go.kr/data/15029300/fileData.do,2025-09-25,2026-09-06,administrative_record_only_not_confirmed_active,증축,2002-01-17,2002-02-01,2002-09-07,교육연구및복지시설,216.9,"주소 기반 추정 위치, 공사현장 좌표 아님"
15029300:1693,1693,건축행정기록,제2종근린생활시설,인천광역시 미추홀구 학익동 253-13 외1필지,37.4419333,126.6660795,geocoded_kakao_jibun,kakao_exact_jibun_address_match,인천 미추홀구 학익동 253-13,1,1,0.0,,kakao_local_api:address_jibun,https://dapi.kakao.com/v2/local/search/address.json,2026-09-06,https://www.data.go.kr/data/15029300/fileData.do,2025-09-25,2026-09-06,administrative_record_only_not_confirmed_active,대수선,2002-01-11,2002-02-19,2007-05-11,제2종근린생활시설,358,"주소 기반 추정 위치, 공사현장 좌표 아님"
15029300:1694,1694,건축행정기록,단독주택,인천광역시 미추홀구 용현동 617-86,37.4516558,126.6387134,geocoded_kakao_jibun,kakao_exact_jibun_address_match,인천 미추홀구 용현동 617-86,1,1,0.0,,kakao_local_api:address_jibun,https://dapi.kakao.com/v2/local/search/address.json,2026-09-06,https://www.data.go.kr/data/15029300/fileData.do,2025-09-25,2026-09-06,administrative_record_only_not_confirmed_active,증축,2002-01-10,2002-01-14,2002-05-08,단독주택,174,"주소 기반 추정 위치, 공사현장 좌표 아님"
15029300:1695,1695,건축행정기록,단독주택,인천광역시 미추홀구 용현동 617-74,37.4519201,126.6389134,geocoded_kakao_jibun,kakao_exact_jibun_address_match,인천 미추홀구 용현동 617-74,1,1,0.0,,kakao_local_api:address_jibun,https://dapi.kakao.com/v2/local/search/address.json,2026-09-06,https://www.data.go.kr/data/15029300/fileData.do,2025-09-25,2026-09-06,administrative_record_only_not_confirmed_active,증축,2002-01-10,2002-01-14,2002-04-10,단독주택,162.1,"주소 기반 추정 위치, 공사현장 좌표 아님"
15029300:1696,1696,건축행정기록,단독주택,인천광역시 미추홀구 주안동 599-20 외1필지,37.4554099,126.6709372,geocoded_kakao_jibun,kakao_exact_jibun_address_match,인천 미추홀구 주안동 599-20,1,1,0.0,,kakao_local_api:address_jibun,https://dapi.kakao.com/v2/local/search/address.json,2026-09-06,https://www.data.go.kr/data/15029300/fileData.do,2025-09-25,2026-09-06,administrative_record_only_not_confirmed_active,증축,2002-01-09,2005-05-20,,단독주택,445.06,"주소 기반 추정 위치, 공사현장 좌표 아님"
15029300:1697,1697,건축행정기록,공장,인천광역시 미추홀구 도화동 969,37.4798649,126.6535544,geocoded_kakao_jibun,kakao_exact_jibun_address_match,인천 미추홀구 도화동 969,1,1,0.0,,kakao_local_api:address_jibun,https://dapi.kakao.com/v2/local/search/address.json,2026-09-06,https://www.data.go.kr/data/15029300/fileData.do,2025-09-25,2026-09-06,administrative_record_only_not_confirmed_active,증축,2002-01-04,2002-01-12,2002-02-08,공장,3177.4,"주소 기반 추정 위치, 공사현장 좌표 아님"
15029300:1698,1698,건축행정기록,공장,인천광역시 미추홀구 도화동 119-67,37.4696031,126.6696472,geocoded_kakao_jibun,kakao_exact_jibun_address_match,인천 미추홀구 도화동 119-67,1,1,0.0,,kakao_local_api:address_jibun,https://dapi.kakao.com/v2/local/search/address.json,2026-09-06,https://www.data.go.kr/data/15029300/fileData.do,2025-09-25,2026-09-06,administrative_record_only_not_confirmed_active,신축,2002-01-03,2002-02-20,2002-05-16,공장,198.4,"주소 기반 추정 위치, 공사현장 좌표 아님"
15029300:1699,1699,건축행정기록,단독주택,인천광역시 미추홀구 도화동 100-4,37.4671152,126.6655073,geocoded_kakao_jibun,kakao_exact_jibun_address_match,인천 미추홀구 도화동 100-4,1,1,0.0,,kakao_local_api:address_jibun,https://dapi.kakao.com/v2/local/search/address.json,2026-09-06,https://www.data.go.kr/data/15029300/fileData.do,2025-09-25,2026-09-06,administrative_record_only_not_confirmed_active,증축,2002-01-03,2002-01-09,,단독주택,142.5,"주소 기반 추정 위치, 공사현장 좌표 아님"
15029300:1700,1700,건축행정기록,숙박시설,인천광역시 미추홀구 주안동 200-16 외1필지,37.4598443,126.6771980,geocoded_kakao_jibun,kakao_exact_jibun_address_match,인천 미추홀구 주안동 200-16,1,1,0.0,,kakao_local_api:address_jibun,https://dapi.kakao.com/v2/local/search/address.json,2026-09-06,https://www.data.go.kr/data/15029300/fileData.do,2025-09-25,2026-09-06,administrative_record_only_not_confirmed_active,증축,2001-12-27,2001-12-31,,숙박시설,339.2,"주소 기반 추정 위치, 공사현장 좌표 아님"
15029300:1701,1701,건축행정기록,창고시설,인천광역시 미추홀구 용현동 621-165,,,unresolved,no_exact_parcel_match_in_kakao,,0,0,,,kakao_local_api:unresolved,https://dapi.kakao.com/v2/local/search/address.json,2026-09-06,https://www.data.go.kr/data/15029300/fileData.do,2025-09-25,2026-09-06,administrative_record_only_not_confirmed_active,신축,2001-12-19,2001-12-22,2002-03-12,창고시설,174.8,"주소 기반 추정 위치, 공사현장 좌표 아님"
15029300:1702,1702,건축행정기록,단독주택,인천광역시 미추홀구 용현동 132-3,37.4564997,126.6581967,geocoded_kakao_jibun,kakao_exact_jibun_address_match,인천 미추홀구 용현동 132-3,1,1,0.0,,kakao_local_api:address_jibun,https://dapi.kakao.com/v2/local/search/address.json,2026-09-06,https://www.data.go.kr/data/15029300/fileData.do,2025-09-25,2026-09-06,administrative_record_only_not_confirmed_active,증축,2001-12-19,2005-06-20,2005-07-06,단독주택,127,"주소 기반 추정 위치, 공사현장 좌표 아님"
15029300:1703,1703,건축행정기록,단독주택,인천광역시 미추홀구 용현동 617-73,37.4518185,126.6388366,geocoded_kakao_jibun,kakao_exact_jibun_address_match,인천 미추홀구 용현동 617-73,1,1,0.0,,kakao_local_api:address_jibun,https://dapi.kakao.com/v2/local/search/address.json,2026-09-06,https://www.data.go.kr/data/15029300/fileData.do,2025-09-25,2026-09-06,administrative_record_only_not_confirmed_active,증축,2001-12-19,2002-01-08,2002-02-21,단독주택,158.5,"주소 기반 추정 위치, 공사현장 좌표 아님"
15029300:1704,1704,건축행정기록,단독주택,인천광역시 미추홀구 용현동 617-67,37.4512217,126.6380316,geocoded_kakao_jibun,kakao_exact_jibun_address_match,인천 미추홀구 용현동 617-67,1,1,0.0,,kakao_local_api:address_jibun,https://dapi.kakao.com/v2/local/search/address.json,2026-09-06,https://www.data.go.kr/data/15029300/fileData.do,2025-09-25,2026-09-06,administrative_record_only_not_confirmed_active,증축,2001-12-19,2002-01-08,2002-03-20,단독주택,172.9,"주소 기반 추정 위치, 공사현장 좌표 아님"
15029300:1705,1705,건축행정기록,제2종근린생활시설,인천광역시 미추홀구 주안동 1563-6,37.4502892,126.6920758,geocoded_kakao_jibun,kakao_exact_jibun_address_match,인천 미추홀구 주안동 1563-6,1,1,0.0,,kakao_local_api:address_jibun,https://dapi.kakao.com/v2/local/search/address.json,2026-09-06,https://www.data.go.kr/data/15029300/fileData.do,2025-09-25,2026-09-06,administrative_record_only_not_confirmed_active,증축,2001-12-19,2001-12-20,2002-08-07,제2종근린생활시설,972.5,"주소 기반 추정 위치, 공사현장 좌표 아님"
15029300:1706,1706,건축행정기록,단독주택,인천광역시 미추홀구 주안동 1332-73,37.4475477,126.6757504,geocoded_kakao_jibun,kakao_exact_jibun_address_match,인천 미추홀구 주안동 1332-73,1,1,0.0,,kakao_local_api:address_jibun,https://dapi.kakao.com/v2/local/search/address.json,2026-09-06,https://www.data.go.kr/data/15029300/fileData.do,2025-09-25,2026-09-06,administrative_record_only_not_confirmed_active,신축,2001-12-17,2001-12-19,2002-11-11,단독주택,49,"주소 기반 추정 위치, 공사현장 좌표 아님"
15029300:1707,1707,건축행정기록,공공용시설,인천광역시 미추홀구 학익동 401-74,37.4457475,126.6513859,geocoded_kakao_jibun,kakao_exact_jibun_address_match,인천 미추홀구 학익동 401-74,1,1,0.0,,kakao_local_api:address_jibun,https://dapi.kakao.com/v2/local/search/address.json,2026-09-06,https://www.data.go.kr/data/15029300/fileData.do,2025-09-25,2026-09-06,administrative_record_only_not_confirmed_active,증축,2001-12-17,2001-12-26,2002-01-12,공공용시설,3009,"주소 기반 추정 위치, 공사현장 좌표 아님"
15029300:1708,1708,건축행정기록,제1종근린생활시설,인천광역시 미추홀구 주안동 130-5,37.4642430,126.6822523,geocoded_kakao_jibun,kakao_exact_jibun_address_match,인천 미추홀구 주안동 130-5,1,1,0.0,,kakao_local_api:address_jibun,https://dapi.kakao.com/v2/local/search/address.json,2026-09-06,https://www.data.go.kr/data/15029300/fileData.do,2025-09-25,2026-09-06,administrative_record_only_not_confirmed_active,용도변경,2001-12-14,2001-12-14,2001-12-27,제1종근린생활시설,571,"주소 기반 추정 위치, 공사현장 좌표 아님"
15029300:1709,1709,건축행정기록,제2종근린생활시설,인천광역시 미추홀구 주안동 1240-4,37.4451488,126.6812246,geocoded_kakao_jibun,kakao_exact_jibun_address_match,인천 미추홀구 주안동 1240-4,1,1,0.0,,kakao_local_api:address_jibun,https://dapi.kakao.com/v2/local/search/address.json,2026-09-06,https://www.data.go.kr/data/15029300/fileData.do,2025-09-25,2026-09-06,administrative_record_only_not_confirmed_active,신축,2001-12-10,2001-12-11,2002-01-16,제2종근린생활시설,142,"주소 기반 추정 위치, 공사현장 좌표 아님"
15029300:1710,1710,건축행정기록,제2종근린생활시설,인천광역시 미추홀구 주안동 1592-1,37.4588827,126.6930881,geocoded_kakao_jibun,kakao_exact_jibun_address_match,인천 미추홀구 주안동 1592-1,1,1,0.0,,kakao_local_api:address_jibun,https://dapi.kakao.com/v2/local/search/address.json,2026-09-06,https://www.data.go.kr/data/15029300/fileData.do,2025-09-25,2026-09-06,administrative_record_only_not_confirmed_active,신축,2001-12-07,2001-12-11,,제2종근린생활시설,147.2,"주소 기반 추정 위치, 공사현장 좌표 아님"
15029300:1711,1711,건축행정기록,단독주택,인천광역시 미추홀구 주안동 413-40,37.4565525,126.6836644,geocoded_kakao_jibun,kakao_exact_jibun_address_match,인천 미추홀구 주안동 413-40,1,1,0.0,,kakao_local_api:address_jibun,https://dapi.kakao.com/v2/local/search/address.json,2026-09-06,https://www.data.go.kr/data/15029300/fileData.do,2025-09-25,2026-09-06,administrative_record_only_not_confirmed_active,증축,2001-12-07,2001-12-21,2002-05-20,단독주택,249.7,"주소 기반 추정 위치, 공사현장 좌표 아님"
15029300:1712,1712,건축행정기록,숙박시설,인천광역시 미추홀구 용현동 628-54,37.4544461,126.6344924,geocoded_kakao_jibun,kakao_exact_jibun_address_match,인천 미추홀구 용현동 628-54,1,1,0.0,,kakao_local_api:address_jibun,https://dapi.kakao.com/v2/local/search/address.json,2026-09-06,https://www.data.go.kr/data/15029300/fileData.do,2025-09-25,2026-09-06,administrative_record_only_not_confirmed_active,증축,2001-12-06,2001-12-11,2002-01-14,숙박시설,481,"주소 기반 추정 위치, 공사현장 좌표 아님"
15029300:1713,1713,건축행정기록,제1종근린생활시설,인천광역시 미추홀구 학익동 297-8,37.4464786,126.6666596,geocoded_kakao_jibun,kakao_exact_jibun_address_match,인천 미추홀구 학익동 297-8,1,1,0.0,,kakao_local_api:address_jibun,https://dapi.kakao.com/v2/local/search/address.json,2026-09-06,https://www.data.go.kr/data/15029300/fileData.do,2025-09-25,2026-09-06,administrative_record_only_not_confirmed_active,증축,2001-12-03,2001-12-04,2002-04-23,제1종근린생활시설,130.26,"주소 기반 추정 위치, 공사현장 좌표 아님"
15029300:1714,1714,건축행정기록,단독주택,인천광역시 미추홀구 숭의동 302-14 외1필지,37.4594855,126.6463482,geocoded_kakao_jibun,kakao_exact_jibun_address_match,인천 미추홀구 숭의동 302-14,1,1,0.0,,kakao_local_api:address_jibun,https://dapi.kakao.com/v2/local/search/address.json,2026-09-06,https://www.data.go.kr/data/15029300/fileData.do,2025-09-25,2026-09-06,administrative_record_only_not_confirmed_active,증축,2001-12-03,2001-12-05,2002-01-02,단독주택,153.9,"주소 기반 추정 위치, 공사현장 좌표 아님"
15029300:1715,1715,건축행정기록,단독주택,인천광역시 미추홀구 용현동 491-211,37.4573707,126.6542096,geocoded_kakao_jibun,kakao_exact_jibun_address_match,인천 미추홀구 용현동 491-211,1,1,0.0,,kakao_local_api:address_jibun,https://dapi.kakao.com/v2/local/search/address.json,2026-09-06,https://www.data.go.kr/data/15029300/fileData.do,2025-09-25,2026-09-06,administrative_record_only_not_confirmed_active,신축,2001-11-30,2002-01-25,2002-07-11,단독주택,137,"주소 기반 추정 위치, 공사현장 좌표 아님"
15029300:1716,1716,건축행정기록,제2종근린생활시설,인천광역시 미추홀구 주안동 1437,37.4486708,126.6769175,geocoded_kakao_jibun,kakao_exact_jibun_address_match,인천 미추홀구 주안동 1437,1,1,0.0,,kakao_local_api:address_jibun,https://dapi.kakao.com/v2/local/search/address.json,2026-09-06,https://www.data.go.kr/data/15029300/fileData.do,2025-09-25,2026-09-06,administrative_record_only_not_confirmed_active,신축,2001-11-30,2001-12-06,2002-01-14,제2종근린생활시설,272.1,"주소 기반 추정 위치, 공사현장 좌표 아님"
15029300:1717,1717,건축행정기록,단독주택,인천광역시 미추홀구 주안동 412-54,37.4562231,126.6841501,geocoded_kakao_jibun,kakao_exact_jibun_address_match,인천 미추홀구 주안동 412-54,1,1,0.0,,kakao_local_api:address_jibun,https://dapi.kakao.com/v2/local/search/address.json,2026-09-06,https://www.data.go.kr/data/15029300/fileData.do,2025-09-25,2026-09-06,administrative_record_only_not_confirmed_active,증축,2001-11-30,2002-05-23,2002-07-23,단독주택,119.83,"주소 기반 추정 위치, 공사현장 좌표 아님"
15029300:1718,1718,건축행정기록,제2종근린생활시설,인천광역시 미추홀구 주안동 107-1,37.4628167,126.6829875,geocoded_kakao_jibun,kakao_exact_jibun_address_match,인천 미추홀구 주안동 107-1,1,1,0.0,,kakao_local_api:address_jibun,https://dapi.kakao.com/v2/local/search/address.json,2026-09-06,https://www.data.go.kr/data/15029300/fileData.do,2025-09-25,2026-09-06,administrative_record_only_not_confirmed_active,증축,2001-11-27,2005-06-01,2005-06-30,제2종근린생활시설,334.5,"주소 기반 추정 위치, 공사현장 좌표 아님"
15029300:1719,1719,건축행정기록,단독주택,인천광역시 미추홀구 주안동 1461-1,37.4496559,126.6785646,geocoded_kakao_jibun,kakao_exact_jibun_address_match,인천 미추홀구 주안동 1461-1,1,1,0.0,,kakao_local_api:address_jibun,https://dapi.kakao.com/v2/local/search/address.json,2026-09-06,https://www.data.go.kr/data/15029300/fileData.do,2025-09-25,2026-09-06,administrative_record_only_not_confirmed_active,신축,2001-11-26,2001-11-26,2002-04-29,단독주택,191.9,"주소 기반 추정 위치, 공사현장 좌표 아님"
15029300:1720,1720,건축행정기록,단독주택,인천광역시 미추홀구 숭의동 160-76,37.4640691,126.6454028,geocoded_kakao_jibun,kakao_exact_jibun_address_match,인천 미추홀구 숭의동 160-76,1,1,0.0,,kakao_local_api:address_jibun,https://dapi.kakao.com/v2/local/search/address.json,2026-09-06,https://www.data.go.kr/data/15029300/fileData.do,2025-09-25,2026-09-06,administrative_record_only_not_confirmed_active,증축,2001-11-24,2001-12-03,2004-02-24,단독주택,100.25,"주소 기반 추정 위치, 공사현장 좌표 아님"
15029300:1721,1721,건축행정기록,단독주택,인천광역시 미추홀구 학익동 312-72,37.4451772,126.6650066,geocoded_kakao_jibun,kakao_exact_jibun_address_match,인천 미추홀구 학익동 312-72,1,1,0.0,,kakao_local_api:address_jibun,https://dapi.kakao.com/v2/local/search/address.json,2026-09-06,https://www.data.go.kr/data/15029300/fileData.do,2025-09-25,2026-09-06,administrative_record_only_not_confirmed_active,증축,2001-11-22,2001-11-22,2002-01-14,단독주택,46,"주소 기반 추정 위치, 공사현장 좌표 아님"
15029300:1722,1722,건축행정기록,제2종근린생활시설,인천광역시 미추홀구 학익동 660-16,37.4400322,126.6708762,geocoded_kakao_jibun,kakao_exact_jibun_address_match,인천 미추홀구 학익동 660-16,1,1,0.0,,kakao_local_api:address_jibun,https://dapi.kakao.com/v2/local/search/address.json,2026-09-06,https://www.data.go.kr/data/15029300/fileData.do,2025-09-25,2026-09-06,administrative_record_only_not_confirmed_active,증축,2001-11-20,2001-11-26,2002-06-24,제2종근린생활시설,593,"주소 기반 추정 위치, 공사현장 좌표 아님"
15029300:1723,1723,건축행정기록,단독주택,인천광역시 미추홀구 용현동 680-30,,,unresolved,no_exact_parcel_match_in_kakao,,0,0,,,kakao_local_api:unresolved,https://dapi.kakao.com/v2/local/search/address.json,2026-09-06,https://www.data.go.kr/data/15029300/fileData.do,2025-09-25,2026-09-06,administrative_record_only_not_confirmed_active,개축,2001-11-19,2001-11-21,2002-06-01,단독주택,98.9,"주소 기반 추정 위치, 공사현장 좌표 아님"
15029300:1724,1724,건축행정기록,제1종근린생활시설,인천광역시 미추홀구 학익동 800-2 외1필지,,,unresolved,no_exact_parcel_match_in_kakao,,0,0,,,kakao_local_api:unresolved,https://dapi.kakao.com/v2/local/search/address.json,2026-09-06,https://www.data.go.kr/data/15029300/fileData.do,2025-09-25,2026-09-06,administrative_record_only_not_confirmed_active,증축,2001-11-19,2001-11-23,2001-12-11,제1종근린생활시설,860.32,"주소 기반 추정 위치, 공사현장 좌표 아님"
15029300:1725,1725,건축행정기록,단독주택,인천광역시 미추홀구 주안동 544-40,37.4555135,126.6774327,geocoded_kakao_jibun,kakao_exact_jibun_address_match,인천 미추홀구 주안동 544-40,1,1,0.0,,kakao_local_api:address_jibun,https://dapi.kakao.com/v2/local/search/address.json,2026-09-06,https://www.data.go.kr/data/15029300/fileData.do,2025-09-25,2026-09-06,administrative_record_only_not_confirmed_active,신축,2001-11-15,2001-11-30,2002-07-30,단독주택,149.5,"주소 기반 추정 위치, 공사현장 좌표 아님"
15029300:1726,1726,건축행정기록,단독주택,인천광역시 미추홀구 학익동 420-36,37.4451279,126.6599711,geocoded_kakao_jibun,kakao_exact_jibun_address_match,인천 미추홀구 학익동 420-36,1,1,0.0,,kakao_local_api:address_jibun,https://dapi.kakao.com/v2/local/search/address.json,2026-09-06,https://www.data.go.kr/data/15029300/fileData.do,2025-09-25,2026-09-06,administrative_record_only_not_confirmed_active,증축,2001-11-15,2001-11-23,2002-03-28,단독주택,153,"주소 기반 추정 위치, 공사현장 좌표 아님"
15029300:1727,1727,건축행정기록,단독주택,인천광역시 미추홀구 숭의동 92-24,37.4672845,126.6540075,geocoded_kakao_jibun,kakao_exact_jibun_address_match,인천 미추홀구 숭의동 92-24,1,1,0.0,,kakao_local_api:address_jibun,https://dapi.kakao.com/v2/local/search/address.json,2026-09-06,https://www.data.go.kr/data/15029300/fileData.do,2025-09-25,2026-09-06,administrative_record_only_not_confirmed_active,신축,2001-11-14,2001-11-16,2002-06-11,단독주택,174.8,"주소 기반 추정 위치, 공사현장 좌표 아님"
15029300:1728,1728,건축행정기록,공장,인천광역시 미추홀구 학익동 401-16,37.4452243,126.6530479,geocoded_kakao_jibun,kakao_exact_jibun_address_match,인천 미추홀구 학익동 401-16,1,1,0.0,,kakao_local_api:address_jibun,https://dapi.kakao.com/v2/local/search/address.json,2026-09-06,https://www.data.go.kr/data/15029300/fileData.do,2025-09-25,2026-09-06,administrative_record_only_not_confirmed_active,증축,2001-11-12,2001-11-16,2002-03-26,공장,8252,"주소 기반 추정 위치, 공사현장 좌표 아님"
15029300:1729,1729,건축행정기록,단독주택,인천광역시 미추홀구 주안동 15-17,37.4675591,126.6800237,geocoded_kakao_jibun,kakao_exact_jibun_address_match,인천 미추홀구 주안동 15-17,1,1,0.0,,kakao_local_api:address_jibun,https://dapi.kakao.com/v2/local/search/address.json,2026-09-06,https://www.data.go.kr/data/15029300/fileData.do,2025-09-25,2026-09-06,administrative_record_only_not_confirmed_active,대수선,2001-11-10,2001-11-13,,단독주택,202.2,"주소 기반 추정 위치, 공사현장 좌표 아님"
15029300:1730,1730,건축행정기록,단독주택,인천광역시 미추홀구 주안동 418-11,37.4539220,126.6829678,geocoded_kakao_jibun,kakao_exact_jibun_address_match,인천 미추홀구 주안동 418-11,1,1,0.0,,kakao_local_api:address_jibun,https://dapi.kakao.com/v2/local/search/address.json,2026-09-06,https://www.data.go.kr/data/15029300/fileData.do,2025-09-25,2026-09-06,administrative_record_only_not_confirmed_active,증축,2001-11-10,2001-11-12,2001-12-20,단독주택,186.8,"주소 기반 추정 위치, 공사현장 좌표 아님"
15029300:1731,1731,건축행정기록,제1종근린생활시설,인천광역시 미추홀구 주안동 8-33,37.4689466,126.6784479,geocoded_kakao_jibun,kakao_exact_jibun_address_match,인천 미추홀구 주안동 8-33,1,1,0.0,,kakao_local_api:address_jibun,https://dapi.kakao.com/v2/local/search/address.json,2026-09-06,https://www.data.go.kr/data/15029300/fileData.do,2025-09-25,2026-09-06,administrative_record_only_not_confirmed_active,증축,2001-11-10,2001-11-12,2001-11-17,제1종근린생활시설,163.5,"주소 기반 추정 위치, 공사현장 좌표 아님"
15029300:1732,1732,건축행정기록,단독주택,인천광역시 미추홀구 숭의동 103-44,37.4688821,126.6471914,geocoded_kakao_jibun,kakao_exact_jibun_address_match,인천 미추홀구 숭의동 103-44,1,1,0.0,,kakao_local_api:address_jibun,https://dapi.kakao.com/v2/local/search/address.json,2026-09-06,https://www.data.go.kr/data/15029300/fileData.do,2025-09-25,2026-09-06,administrative_record_only_not_confirmed_active,증축,2001-11-10,2001-11-17,2005-07-22,단독주택,83.89,"주소 기반 추정 위치, 공사현장 좌표 아님"
15029300:1733,1733,건축행정기록,제1종근린생활시설,인천광역시 미추홀구 주안동 126-7,37.4641546,126.6833548,geocoded_kakao_jibun,kakao_exact_jibun_address_match,인천 미추홀구 주안동 126-7,1,1,0.0,,kakao_local_api:address_jibun,https://dapi.kakao.com/v2/local/search/address.json,2026-09-06,https://www.data.go.kr/data/15029300/fileData.do,2025-09-25,2026-09-06,administrative_record_only_not_confirmed_active,신축,2001-11-06,2001-11-12,,제1종근린생활시설,291.4,"주소 기반 추정 위치, 공사현장 좌표 아님"
15029300:1734,1734,건축행정기록,단독주택,인천광역시 미추홀구 용현동 617-42,37.4514879,126.6381983,geocoded_kakao_jibun,kakao_exact_jibun_address_match,인천 미추홀구 용현동 617-42,1,1,0.0,,kakao_local_api:address_jibun,https://dapi.kakao.com/v2/local/search/address.json,2026-09-06,https://www.data.go.kr/data/15029300/fileData.do,2025-09-25,2026-09-06,administrative_record_only_not_confirmed_active,증축,2001-11-06,2001-11-12,2001-12-18,단독주택,184.5,"주소 기반 추정 위치, 공사현장 좌표 아님"
15029300:1735,1735,건축행정기록,제1종근린생활시설,인천광역시 미추홀구 학익동 437-24,37.4441638,126.6623749,geocoded_kakao_jibun,kakao_exact_jibun_address_match,인천 미추홀구 학익동 437-24,1,1,0.0,,kakao_local_api:address_jibun,https://dapi.kakao.com/v2/local/search/address.json,2026-09-06,https://www.data.go.kr/data/15029300/fileData.do,2025-09-25,2026-09-06,administrative_record_only_not_confirmed_active,증축,2001-10-31,2001-10-31,2002-01-04,제1종근린생활시설,159,"주소 기반 추정 위치, 공사현장 좌표 아님"
15029300:1736,1736,건축행정기록,단독주택,인천광역시 미추홀구 도화동 388-13,37.4613614,126.6744290,geocoded_kakao_jibun,kakao_exact_jibun_address_match,인천 미추홀구 도화동 388-13,1,1,0.0,,kakao_local_api:address_jibun,https://dapi.kakao.com/v2/local/search/address.json,2026-09-06,https://www.data.go.kr/data/15029300/fileData.do,2025-09-25,2026-09-06,administrative_record_only_not_confirmed_active,증축,2001-10-26,2001-10-31,2005-05-23,단독주택,100,"주소 기반 추정 위치, 공사현장 좌표 아님"
15029300:1737,1737,건축행정기록,제1종근린생활시설,인천광역시 미추홀구 주안동 544-9,37.4550931,126.6775189,geocoded_kakao_jibun,kakao_exact_jibun_address_match,인천 미추홀구 주안동 544-9,1,1,0.0,,kakao_local_api:address_jibun,https://dapi.kakao.com/v2/local/search/address.json,2026-09-06,https://www.data.go.kr/data/15029300/fileData.do,2025-09-25,2026-09-06,administrative_record_only_not_confirmed_active,증축,2001-10-25,2002-06-26,,제1종근린생활시설,165.6,"주소 기반 추정 위치, 공사현장 좌표 아님"
15029300:1738,1738,건축행정기록,단독주택,인천광역시 미추홀구 용현동 191-37,37.4477484,126.6613519,geocoded_kakao_jibun,kakao_exact_jibun_address_match,인천 미추홀구 용현동 191-37,1,1,0.0,,kakao_local_api:address_jibun,https://dapi.kakao.com/v2/local/search/address.json,2026-09-06,https://www.data.go.kr/data/15029300/fileData.do,2025-09-25,2026-09-06,administrative_record_only_not_confirmed_active,증축,2001-10-25,2001-11-06,,단독주택,149,"주소 기반 추정 위치, 공사현장 좌표 아님"
15029300:1739,1739,건축행정기록,단독주택,인천광역시 미추홀구 용현동 617-84,37.4512378,126.6386748,geocoded_kakao_jibun,kakao_exact_jibun_address_match,인천 미추홀구 용현동 617-84,1,1,0.0,,kakao_local_api:address_jibun,https://dapi.kakao.com/v2/local/search/address.json,2026-09-06,https://www.data.go.kr/data/15029300/fileData.do,2025-09-25,2026-09-06,administrative_record_only_not_confirmed_active,증축,2001-10-24,2001-10-26,2002-01-18,단독주택,206.2,"주소 기반 추정 위치, 공사현장 좌표 아님"
15029300:1740,1740,건축행정기록,제1종근린생활시설,인천광역시 미추홀구 숭의동 297-2,37.4581581,126.6468982,geocoded_kakao_jibun,kakao_exact_jibun_address_match,인천 미추홀구 숭의동 297-2,1,1,0.0,,kakao_local_api:address_jibun,https://dapi.kakao.com/v2/local/search/address.json,2026-09-06,https://www.data.go.kr/data/15029300/fileData.do,2025-09-25,2026-09-06,administrative_record_only_not_confirmed_active,신축,2001-10-24,2001-10-26,2002-01-08,제1종근린생활시설,110.99,"주소 기반 추정 위치, 공사현장 좌표 아님"
15029300:1741,1741,건축행정기록,단독주택,인천광역시 미추홀구 용현동 617-88,37.4516155,126.6385211,geocoded_kakao_jibun,kakao_exact_jibun_address_match,인천 미추홀구 용현동 617-88,1,1,0.0,,kakao_local_api:address_jibun,https://dapi.kakao.com/v2/local/search/address.json,2026-09-06,https://www.data.go.kr/data/15029300/fileData.do,2025-09-25,2026-09-06,administrative_record_only_not_confirmed_active,증축,2001-10-24,2001-10-29,2001-12-03,단독주택,160.1,"주소 기반 추정 위치, 공사현장 좌표 아님"
15029300:1742,1742,건축행정기록,제2종근린생활시설,인천광역시 미추홀구 주안동 1327-31,37.4478985,126.6762651,geocoded_kakao_jibun,kakao_exact_jibun_address_match,인천 미추홀구 주안동 1327-31,1,1,0.0,,kakao_local_api:address_jibun,https://dapi.kakao.com/v2/local/search/address.json,2026-09-06,https://www.data.go.kr/data/15029300/fileData.do,2025-09-25,2026-09-06,administrative_record_only_not_confirmed_active,신축,2001-10-23,2001-10-29,2002-01-16,제2종근린생활시설,90,"주소 기반 추정 위치, 공사현장 좌표 아님"
15029300:1743,1743,건축행정기록,제1종근린생활시설,인천광역시 남구 남구 677-4,,,unresolved,address_not_parcel_or_road_notation,,0,0,,,kakao_local_api:unresolved,https://dapi.kakao.com/v2/local/search/address.json,2026-09-06,https://www.data.go.kr/data/15029300/fileData.do,2025-09-25,2026-09-06,administrative_record_only_not_confirmed_active,증축,2001-10-23,2001-10-23,2001-11-19,제1종근린생활시설,499.4,"주소 기반 추정 위치, 공사현장 좌표 아님"
15029300:1744,1744,건축행정기록,제1종근린생활시설,인천광역시 남구 남구 677-12,,,unresolved,address_not_parcel_or_road_notation,,0,0,,,kakao_local_api:unresolved,https://dapi.kakao.com/v2/local/search/address.json,2026-09-06,https://www.data.go.kr/data/15029300/fileData.do,2025-09-25,2026-09-06,administrative_record_only_not_confirmed_active,증축,2001-10-23,2001-10-23,2001-11-19,제1종근린생활시설,537.3,"주소 기반 추정 위치, 공사현장 좌표 아님"
15029300:1745,1745,건축행정기록,단독주택,인천광역시 미추홀구 용현동 617-17,37.4520943,126.6385566,geocoded_kakao_jibun,kakao_exact_jibun_address_match,인천 미추홀구 용현동 617-17,1,1,0.0,,kakao_local_api:address_jibun,https://dapi.kakao.com/v2/local/search/address.json,2026-09-06,https://www.data.go.kr/data/15029300/fileData.do,2025-09-25,2026-09-06,administrative_record_only_not_confirmed_active,증축,2001-10-23,2001-10-29,2001-12-13,단독주택,158.4,"주소 기반 추정 위치, 공사현장 좌표 아님"
15029300:1746,1746,건축행정기록,단독주택,인천광역시 미추홀구 주안동 1431-28,37.4493098,126.6752435,geocoded_kakao_jibun,kakao_exact_jibun_address_match,인천 미추홀구 주안동 1431-28,1,1,0.0,,kakao_local_api:address_jibun,https://dapi.kakao.com/v2/local/search/address.json,2026-09-06,https://www.data.go.kr/data/15029300/fileData.do,2025-09-25,2026-09-06,administrative_record_only_not_confirmed_active,증축,2001-10-23,2001-10-25,2002-05-27,단독주택,173.1,"주소 기반 추정 위치, 공사현장 좌표 아님"
15029300:1747,1747,건축행정기록,단독주택,인천광역시 미추홀구 용현동 191-31,37.4477698,126.6612000,geocoded_kakao_jibun,kakao_exact_jibun_address_match,인천 미추홀구 용현동 191-31,1,1,0.0,,kakao_local_api:address_jibun,https://dapi.kakao.com/v2/local/search/address.json,2026-09-06,https://www.data.go.kr/data/15029300/fileData.do,2025-09-25,2026-09-06,administrative_record_only_not_confirmed_active,증축,2001-10-17,2001-11-06,2005-06-02,단독주택,192.6,"주소 기반 추정 위치, 공사현장 좌표 아님"
15029300:1748,1748,건축행정기록,단독주택,인천광역시 미추홀구 용현동 68-13,37.4516520,126.6647287,geocoded_kakao_jibun,kakao_exact_jibun_address_match,인천 미추홀구 용현동 68-13,1,1,0.0,,kakao_local_api:address_jibun,https://dapi.kakao.com/v2/local/search/address.json,2026-09-06,https://www.data.go.kr/data/15029300/fileData.do,2025-09-25,2026-09-06,administrative_record_only_not_confirmed_active,증축,2001-10-17,2001-11-06,,단독주택,150.73,"주소 기반 추정 위치, 공사현장 좌표 아님"
15029300:1749,1749,건축행정기록,창고시설,인천광역시 미추홀구 주안동 1556-28,37.4542633,126.6921632,geocoded_kakao_jibun,kakao_exact_jibun_address_match,인천 미추홀구 주안동 1556-28,1,1,0.0,,kakao_local_api:address_jibun,https://dapi.kakao.com/v2/local/search/address.json,2026-09-06,https://www.data.go.kr/data/15029300/fileData.do,2025-09-25,2026-09-06,administrative_record_only_not_confirmed_active,대수선,2001-10-16,2001-10-18,,창고시설,938,"주소 기반 추정 위치, 공사현장 좌표 아님"
15029300:1750,1750,건축행정기록,단독주택,인천광역시 미추홀구 숭의동 18-13,37.4609560,126.6577094,geocoded_kakao_jibun,kakao_exact_jibun_address_match,인천 미추홀구 숭의동 18-13,1,1,0.0,,kakao_local_api:address_jibun,https://dapi.kakao.com/v2/local/search/address.json,2026-09-06,https://www.data.go.kr/data/15029300/fileData.do,2025-09-25,2026-09-06,administrative_record_only_not_confirmed_active,신축,2001-10-16,2001-10-24,2002-01-09,단독주택,91,"주소 기반 추정 위치, 공사현장 좌표 아님"
15029300:1751,1751,건축행정기록,단독주택,인천광역시 미추홀구 용현동 623-14,37.4554797,126.6386763,geocoded_kakao_jibun,kakao_exact_jibun_address_match,인천 미추홀구 용현동 623-14,1,1,0.0,,kakao_local_api:address_jibun,https://dapi.kakao.com/v2/local/search/address.json,2026-09-06,https://www.data.go.kr/data/15029300/fileData.do,2025-09-25,2026-09-06,administrative_record_only_not_confirmed_active,증축,2001-10-16,2001-10-18,2001-12-03,단독주택,204.7,"주소 기반 추정 위치, 공사현장 좌표 아님"
15029300:1752,1752,건축행정기록,단독주택,인천광역시 미추홀구 용현동 617-91,37.4515120,126.6384418,geocoded_kakao_jibun,kakao_exact_jibun_address_match,인천 미추홀구 용현동 617-91,1,1,0.0,,kakao_local_api:address_jibun,https://dapi.kakao.com/v2/local/search/address.json,2026-09-06,https://www.data.go.kr/data/15029300/fileData.do,2025-09-25,2026-09-06,administrative_record_only_not_confirmed_active,증축,2001-10-15,2001-10-18,2001-12-20,단독주택,164.9,"주소 기반 추정 위치, 공사현장 좌표 아님"
15029300:1753,1753,건축행정기록,단독주택,인천광역시 미추홀구 용현동 617-43,37.4515904,126.6382766,geocoded_kakao_jibun,kakao_exact_jibun_address_match,인천 미추홀구 용현동 617-43,1,1,0.0,,kakao_local_api:address_jibun,https://dapi.kakao.com/v2/local/search/address.json,2026-09-06,https://www.data.go.kr/data/15029300/fileData.do,2025-09-25,2026-09-06,administrative_record_only_not_confirmed_active,증축,2001-10-12,2001-10-18,2001-12-03,단독주택,181.9,"주소 기반 추정 위치, 공사현장 좌표 아님"
15029300:1754,1754,건축행정기록,공장,인천광역시 미추홀구 도화동 732-5,37.4747609,126.6703204,geocoded_kakao_jibun,kakao_exact_jibun_address_match,인천 미추홀구 도화동 732-5,1,1,0.0,,kakao_local_api:address_jibun,https://dapi.kakao.com/v2/local/search/address.json,2026-09-06,https://www.data.go.kr/data/15029300/fileData.do,2025-09-25,2026-09-06,administrative_record_only_not_confirmed_active,증축,2001-10-09,2001-10-13,2005-12-22,공장,1235.1,"주소 기반 추정 위치, 공사현장 좌표 아님"
15029300:1755,1755,건축행정기록,단독주택,인천광역시 미추홀구 용현동 617-92 외1필지,37.4514075,126.6383646,geocoded_kakao_jibun,kakao_exact_jibun_address_match,인천 미추홀구 용현동 617-92,1,1,0.0,,kakao_local_api:address_jibun,https://dapi.kakao.com/v2/local/search/address.json,2026-09-06,https://www.data.go.kr/data/15029300/fileData.do,2025-09-25,2026-09-06,administrative_record_only_not_confirmed_active,증축,2001-10-09,2001-10-11,2001-12-08,단독주택,165.7,"주소 기반 추정 위치, 공사현장 좌표 아님"
15029300:1756,1756,건축행정기록,제2종근린생활시설,인천광역시 미추홀구 문학동 374-6,37.4369586,126.6835827,geocoded_kakao_jibun,kakao_exact_jibun_address_match,인천 미추홀구 문학동 374-6,1,1,0.0,,kakao_local_api:address_jibun,https://dapi.kakao.com/v2/local/search/address.json,2026-09-06,https://www.data.go.kr/data/15029300/fileData.do,2025-09-25,2026-09-06,administrative_record_only_not_confirmed_active,신축,2001-10-05,2001-10-08,2001-12-13,제2종근린생활시설,203.4,"주소 기반 추정 위치, 공사현장 좌표 아님"
15029300:1757,1757,건축행정기록,단독주택,인천광역시 미추홀구 용현동 617-44,37.4516551,126.6381432,geocoded_kakao_jibun,kakao_exact_jibun_address_match,인천 미추홀구 용현동 617-44,1,1,0.0,,kakao_local_api:address_jibun,https://dapi.kakao.com/v2/local/search/address.json,2026-09-06,https://www.data.go.kr/data/15029300/fileData.do,2025-09-25,2026-09-06,administrative_record_only_not_confirmed_active,증축,2001-10-05,2001-10-08,2001-12-08,단독주택,187,"주소 기반 추정 위치, 공사현장 좌표 아님"
15029300:1758,1758,건축행정기록,단독주택,인천광역시 미추홀구 용현동 523-26,,,unresolved,no_exact_parcel_match_in_kakao,,0,0,,,kakao_local_api:unresolved,https://dapi.kakao.com/v2/local/search/address.json,2026-09-06,https://www.data.go.kr/data/15029300/fileData.do,2025-09-25,2026-09-06,administrative_record_only_not_confirmed_active,신축,2001-09-28,2001-10-08,,단독주택,99,"주소 기반 추정 위치, 공사현장 좌표 아님"
15029300:1759,1759,건축행정기록,단독주택,인천광역시 미추홀구 숭의동 2-19 외1필지,37.4640402,126.6608294,geocoded_kakao_jibun,kakao_exact_jibun_address_match,인천 미추홀구 숭의동 2-19,1,1,0.0,,kakao_local_api:address_jibun,https://dapi.kakao.com/v2/local/search/address.json,2026-09-06,https://www.data.go.kr/data/15029300/fileData.do,2025-09-25,2026-09-06,administrative_record_only_not_confirmed_active,증축,2001-09-28,2001-10-05,2001-11-12,단독주택,321,"주소 기반 추정 위치, 공사현장 좌표 아님"
15029300:1760,1760,건축행정기록,단독주택,인천광역시 미추홀구 주안동 464-2,37.4566404,126.6807894,geocoded_kakao_jibun,kakao_exact_jibun_address_match,인천 미추홀구 주안동 464-2,1,1,0.0,,kakao_local_api:address_jibun,https://dapi.kakao.com/v2/local/search/address.json,2026-09-06,https://www.data.go.kr/data/15029300/fileData.do,2025-09-25,2026-09-06,administrative_record_only_not_confirmed_active,증축,2001-09-27,2001-10-06,2001-11-08,단독주택,114.4,"주소 기반 추정 위치, 공사현장 좌표 아님"
15029300:1761,1761,건축행정기록,제2종근린생활시설,인천광역시 미추홀구 용현동 172-21,37.4534348,126.6592338,geocoded_kakao_jibun,kakao_exact_jibun_address_match,인천 미추홀구 용현동 172-21,1,1,0.0,,kakao_local_api:address_jibun,https://dapi.kakao.com/v2/local/search/address.json,2026-09-06,https://www.data.go.kr/data/15029300/fileData.do,2025-09-25,2026-09-06,administrative_record_only_not_confirmed_active,증축,2001-09-26,2003-06-27,2008-01-29,제2종근린생활시설,140.6,"주소 기반 추정 위치, 공사현장 좌표 아님"
15029300:1762,1762,건축행정기록,단독주택,인천광역시 미추홀구 용현동 617-39,37.4513807,126.6381161,geocoded_kakao_jibun,kakao_exact_jibun_address_match,인천 미추홀구 용현동 617-39,1,1,0.0,,kakao_local_api:address_jibun,https://dapi.kakao.com/v2/local/search/address.json,2026-09-06,https://www.data.go.kr/data/15029300/fileData.do,2025-09-25,2026-09-06,administrative_record_only_not_confirmed_active,증축,2001-09-26,2001-10-05,2001-12-03,단독주택,191.4,"주소 기반 추정 위치, 공사현장 좌표 아님"
15029300:1763,1763,건축행정기록,제2종근린생활시설,인천광역시 미추홀구 학익동 690-6,37.4402486,126.6624727,geocoded_kakao_jibun,kakao_exact_jibun_address_match,인천 미추홀구 학익동 690-6,1,1,0.0,,kakao_local_api:address_jibun,https://dapi.kakao.com/v2/local/search/address.json,2026-09-06,https://www.data.go.kr/data/15029300/fileData.do,2025-09-25,2026-09-06,administrative_record_only_not_confirmed_active,신축,2001-09-25,2001-09-27,2002-07-08,제2종근린생활시설,339.9,"주소 기반 추정 위치, 공사현장 좌표 아님"
15029300:1764,1764,건축행정기록,단독주택,인천광역시 남구 남구 209-36,,,unresolved,address_not_parcel_or_road_notation,,0,0,,,kakao_local_api:unresolved,https://dapi.kakao.com/v2/local/search/address.json,2026-09-06,https://www.data.go.kr/data/15029300/fileData.do,2025-09-25,2026-09-06,administrative_record_only_not_confirmed_active,신축,2001-09-25,2001-09-27,2002-03-19,단독주택,93.6,"주소 기반 추정 위치, 공사현장 좌표 아님"
15029300:1765,1765,건축행정기록,단독주택,인천광역시 미추홀구 문학동 337-13,37.4395972,126.6802306,geocoded_kakao_jibun,kakao_exact_jibun_address_match,인천 미추홀구 문학동 337-13,1,1,0.0,,kakao_local_api:address_jibun,https://dapi.kakao.com/v2/local/search/address.json,2026-09-06,https://www.data.go.kr/data/15029300/fileData.do,2025-09-25,2026-09-06,administrative_record_only_not_confirmed_active,신축,2001-09-24,2002-01-25,2002-02-26,단독주택,83.1,"주소 기반 추정 위치, 공사현장 좌표 아님"
15029300:1766,1766,건축행정기록,단독주택,인천광역시 미추홀구 학익동 306-26,37.4464612,126.6646135,geocoded_kakao_jibun,kakao_exact_jibun_address_match,인천 미추홀구 학익동 306-26,1,1,0.0,,kakao_local_api:address_jibun,https://dapi.kakao.com/v2/local/search/address.json,2026-09-06,https://www.data.go.kr/data/15029300/fileData.do,2025-09-25,2026-09-06,administrative_record_only_not_confirmed_active,신축,2001-09-22,2001-09-24,2002-03-13,단독주택,298,"주소 기반 추정 위치, 공사현장 좌표 아님"
15029300:1767,1767,건축행정기록,단독주택,인천광역시 미추홀구 용현동 684-27,37.4594525,126.6404742,geocoded_kakao_jibun,kakao_exact_jibun_address_match,인천 미추홀구 용현동 684-27,1,1,0.0,,kakao_local_api:address_jibun,https://dapi.kakao.com/v2/local/search/address.json,2026-09-06,https://www.data.go.kr/data/15029300/fileData.do,2025-09-25,2026-09-06,administrative_record_only_not_confirmed_active,증축,2001-09-22,2001-09-29,2005-06-27,단독주택,79.08,"주소 기반 추정 위치, 공사현장 좌표 아님"
15029300:1768,1768,건축행정기록,단독주택,인천광역시 미추홀구 도화동 632-2,,,unresolved,no_exact_parcel_match_in_kakao,,0,0,,,kakao_local_api:unresolved,https://dapi.kakao.com/v2/local/search/address.json,2026-09-06,https://www.data.go.kr/data/15029300/fileData.do,2025-09-25,2026-09-06,administrative_record_only_not_confirmed_active,개축,2001-09-21,2001-09-25,2002-01-04,단독주택,59.56,"주소 기반 추정 위치, 공사현장 좌표 아님"
15029300:1769,1769,건축행정기록,단독주택,인천광역시 미추홀구 용현동 11-30,37.4513424,126.6655031,geocoded_kakao_jibun,kakao_exact_jibun_address_match,인천 미추홀구 용현동 11-30,1,1,0.0,,kakao_local_api:address_jibun,https://dapi.kakao.com/v2/local/search/address.json,2026-09-06,https://www.data.go.kr/data/15029300/fileData.do,2025-09-25,2026-09-06,administrative_record_only_not_confirmed_active,증축,2001-09-21,2001-09-25,2001-11-30,단독주택,105.1,"주소 기반 추정 위치, 공사현장 좌표 아님"
15029300:1770,1770,건축행정기록,단독주택,인천광역시 미추홀구 도화동 93-40,37.4673161,126.6616886,geocoded_kakao_jibun,kakao_exact_jibun_address_match,인천 미추홀구 도화동 93-40,1,1,0.0,,kakao_local_api:address_jibun,https://dapi.kakao.com/v2/local/search/address.json,2026-09-06,https://www.data.go.kr/data/15029300/fileData.do,2025-09-25,2026-09-06,administrative_record_only_not_confirmed_active,증축,2001-09-20,2001-11-03,2001-12-29,단독주택,132.83,"주소 기반 추정 위치, 공사현장 좌표 아님"
15029300:1771,1771,건축행정기록,단독주택,인천광역시 미추홀구 용현동 50-27,37.4495926,126.6642555,geocoded_kakao_jibun,kakao_exact_jibun_address_match,인천 미추홀구 용현동 50-27,1,1,0.0,,kakao_local_api:address_jibun,https://dapi.kakao.com/v2/local/search/address.json,2026-09-06,https://www.data.go.kr/data/15029300/fileData.do,2025-09-25,2026-09-06,administrative_record_only_not_confirmed_active,증축,2001-09-15,2001-09-17,2001-12-20,단독주택,207.7,"주소 기반 추정 위치, 공사현장 좌표 아님"
15029300:1772,1772,건축행정기록,공장,인천광역시 미추홀구 도화동 807-2,,,unresolved,no_exact_parcel_match_in_kakao,,0,0,,,kakao_local_api:unresolved,https://dapi.kakao.com/v2/local/search/address.json,2026-09-06,https://www.data.go.kr/data/15029300/fileData.do,2025-09-25,2026-09-06,administrative_record_only_not_confirmed_active,증축,2001-09-14,2005-05-25,,공장,551.7,"주소 기반 추정 위치, 공사현장 좌표 아님"
15029300:1773,1773,건축행정기록,제2종근린생활시설,인천광역시 미추홀구 숭의동 293-32,37.4582553,126.6501946,geocoded_kakao_jibun,kakao_exact_jibun_address_match,인천 미추홀구 숭의동 293-32,1,1,0.0,,kakao_local_api:address_jibun,https://dapi.kakao.com/v2/local/search/address.json,2026-09-06,https://www.data.go.kr/data/15029300/fileData.do,2025-09-25,2026-09-06,administrative_record_only_not_confirmed_active,증축,2001-09-13,2001-09-15,2001-11-16,제2종근린생활시설,262.1,"주소 기반 추정 위치, 공사현장 좌표 아님"
15029300:1774,1774,건축행정기록,단독주택,인천광역시 미추홀구 숭의동 106-8,37.4696120,126.6422895,geocoded_kakao_jibun,kakao_exact_jibun_address_match,인천 미추홀구 숭의동 106-8,1,1,0.0,,kakao_local_api:address_jibun,https://dapi.kakao.com/v2/local/search/address.json,2026-09-06,https://www.data.go.kr/data/15029300/fileData.do,2025-09-25,2026-09-06,administrative_record_only_not_confirmed_active,신축,2001-09-12,2001-09-14,2001-12-05,단독주택,114.5,"주소 기반 추정 위치, 공사현장 좌표 아님"
15029300:1775,1775,건축행정기록,단독주택,인천광역시 미추홀구 용현동 11-29,37.4512469,126.6654553,geocoded_kakao_jibun,kakao_exact_jibun_address_match,인천 미추홀구 용현동 11-29,1,1,0.0,,kakao_local_api:address_jibun,https://dapi.kakao.com/v2/local/search/address.json,2026-09-06,https://www.data.go.kr/data/15029300/fileData.do,2025-09-25,2026-09-06,administrative_record_only_not_confirmed_active,증축,2001-09-12,2001-09-14,2001-11-30,단독주택,109.8,"주소 기반 추정 위치, 공사현장 좌표 아님"
15029300:1776,1776,건축행정기록,단독주택,인천광역시 미추홀구 도화동 119-60,37.4685199,126.6706914,geocoded_kakao_jibun,kakao_exact_jibun_address_match,인천 미추홀구 도화동 119-60,1,1,0.0,,kakao_local_api:address_jibun,https://dapi.kakao.com/v2/local/search/address.json,2026-09-06,https://www.data.go.kr/data/15029300/fileData.do,2025-09-25,2026-09-06,administrative_record_only_not_confirmed_active,증축,2001-09-12,2001-09-27,2002-01-29,단독주택,205.6,"주소 기반 추정 위치, 공사현장 좌표 아님"
15029300:1777,1777,건축행정기록,단독주택,인천광역시 미추홀구 용현동 37-16,37.4482579,126.6671301,geocoded_kakao_jibun,kakao_exact_jibun_address_match,인천 미추홀구 용현동 37-16,1,1,0.0,,kakao_local_api:address_jibun,https://dapi.kakao.com/v2/local/search/address.json,2026-09-06,https://www.data.go.kr/data/15029300/fileData.do,2025-09-25,2026-09-06,administrative_record_only_not_confirmed_active,신축,2001-09-11,2001-09-26,2002-02-15,단독주택,143.02,"주소 기반 추정 위치, 공사현장 좌표 아님"
15029300:1778,1778,건축행정기록,단독주택,인천광역시 미추홀구 주안동 866-57,,,unresolved,no_exact_parcel_match_in_kakao,,0,0,,,kakao_local_api:unresolved,https://dapi.kakao.com/v2/local/search/address.json,2026-09-06,https://www.data.go.kr/data/15029300/fileData.do,2025-09-25,2026-09-06,administrative_record_only_not_confirmed_active,신축,2001-09-10,2001-09-13,2001-10-26,단독주택,87.15,"주소 기반 추정 위치, 공사현장 좌표 아님"
15029300:1779,1779,건축행정기록,단독주택,인천광역시 미추홀구 숭의동 8-171,37.4599467,126.6599492,geocoded_kakao_jibun,kakao_exact_jibun_address_match,인천 미추홀구 숭의동 8-171,1,1,0.0,,kakao_local_api:address_jibun,https://dapi.kakao.com/v2/local/search/address.json,2026-09-06,https://www.data.go.kr/data/15029300/fileData.do,2025-09-25,2026-09-06,administrative_record_only_not_confirmed_active,신축,2001-09-05,2001-10-25,2001-12-21,단독주택,129,"주소 기반 추정 위치, 공사현장 좌표 아님"
15029300:1780,1780,건축행정기록,단독주택,인천광역시 미추홀구 주안동 752-9,,,unresolved,no_exact_parcel_match_in_kakao,,0,0,,,kakao_local_api:unresolved,https://dapi.kakao.com/v2/local/search/address.json,2026-09-06,https://www.data.go.kr/data/15029300/fileData.do,2025-09-25,2026-09-06,administrative_record_only_not_confirmed_active,증축,2001-09-05,2001-09-07,2001-11-21,단독주택,146.4,"주소 기반 추정 위치, 공사현장 좌표 아님"
15029300:1781,1781,건축행정기록,단독주택,인천광역시 미추홀구 도화동 615-4,37.4660619,126.6646916,geocoded_kakao_jibun,kakao_exact_jibun_address_match,인천 미추홀구 도화동 615-4,1,1,0.0,,kakao_local_api:address_jibun,https://dapi.kakao.com/v2/local/search/address.json,2026-09-06,https://www.data.go.kr/data/15029300/fileData.do,2025-09-25,2026-09-06,administrative_record_only_not_confirmed_active,증축,2001-09-05,2001-09-14,2002-01-22,단독주택,198,"주소 기반 추정 위치, 공사현장 좌표 아님"
15029300:1782,1782,건축행정기록,제1종근린생활시설,인천광역시 미추홀구 숭의동 48-10,37.4642525,126.6561927,geocoded_kakao_jibun,kakao_exact_jibun_address_match,인천 미추홀구 숭의동 48-10,1,1,0.0,,kakao_local_api:address_jibun,https://dapi.kakao.com/v2/local/search/address.json,2026-09-06,https://www.data.go.kr/data/15029300/fileData.do,2025-09-25,2026-09-06,administrative_record_only_not_confirmed_active,증축,2001-09-05,2001-09-07,2001-09-20,제1종근린생활시설,25.43,"주소 기반 추정 위치, 공사현장 좌표 아님"
15029300:1783,1783,건축행정기록,단독주택,인천광역시 미추홀구 주안동 693-21,37.4542565,126.6683516,geocoded_kakao_jibun,kakao_exact_jibun_address_match,인천 미추홀구 주안동 693-21,1,1,0.0,,kakao_local_api:address_jibun,https://dapi.kakao.com/v2/local/search/address.json,2026-09-06,https://www.data.go.kr/data/15029300/fileData.do,2025-09-25,2026-09-06,administrative_record_only_not_confirmed_active,증축,2001-08-29,2001-09-05,2002-04-24,단독주택,221.8,"주소 기반 추정 위치, 공사현장 좌표 아님"
15029300:1784,1784,건축행정기록,제2종근린생활시설,인천광역시 미추홀구 도화동 448-6,37.4575978,126.6746212,geocoded_kakao_jibun,kakao_exact_jibun_address_match,인천 미추홀구 도화동 448-6,1,1,0.0,,kakao_local_api:address_jibun,https://dapi.kakao.com/v2/local/search/address.json,2026-09-06,https://www.data.go.kr/data/15029300/fileData.do,2025-09-25,2026-09-06,administrative_record_only_not_confirmed_active,증축,2001-08-29,2001-08-31,2001-11-09,제2종근린생활시설,202.3,"주소 기반 추정 위치, 공사현장 좌표 아님"
15029300:1785,1785,건축행정기록,단독주택,인천광역시 미추홀구 주안동 436-18,37.4566339,126.6813299,geocoded_kakao_jibun,kakao_exact_jibun_address_match,인천 미추홀구 주안동 436-18,1,1,0.0,,kakao_local_api:address_jibun,https://dapi.kakao.com/v2/local/search/address.json,2026-09-06,https://www.data.go.kr/data/15029300/fileData.do,2025-09-25,2026-09-06,administrative_record_only_not_confirmed_active,증축,2001-08-24,2001-08-30,2005-06-30,단독주택,138.85,"주소 기반 추정 위치, 공사현장 좌표 아님"
15029300:1786,1786,건축행정기록,제1종근린생활시설,인천광역시 미추홀구 용현동 1-112,37.4575166,126.6635218,geocoded_kakao_jibun,kakao_exact_jibun_address_match,인천 미추홀구 용현동 1-112,1,1,0.0,,kakao_local_api:address_jibun,https://dapi.kakao.com/v2/local/search/address.json,2026-09-06,https://www.data.go.kr/data/15029300/fileData.do,2025-09-25,2026-09-06,administrative_record_only_not_confirmed_active,증축,2001-08-21,2001-08-24,2001-10-08,제1종근린생활시설,165,"주소 기반 추정 위치, 공사현장 좌표 아님"
15029300:1787,1787,건축행정기록,단독주택,인천광역시 미추홀구 숭의동 89-38,37.4675518,126.6524611,geocoded_kakao_jibun,kakao_exact_jibun_address_match,인천 미추홀구 숭의동 89-38,1,1,0.0,,kakao_local_api:address_jibun,https://dapi.kakao.com/v2/local/search/address.json,2026-09-06,https://www.data.go.kr/data/15029300/fileData.do,2025-09-25,2026-09-06,administrative_record_only_not_confirmed_active,증축,2001-08-20,2001-08-23,2001-11-01,단독주택,130.09,"주소 기반 추정 위치, 공사현장 좌표 아님"
15029300:1788,1788,건축행정기록,단독주택,인천광역시 미추홀구 용현동 85-11,37.4481691,126.6612153,geocoded_kakao_jibun,kakao_exact_jibun_address_match,인천 미추홀구 용현동 85-11,1,1,0.0,,kakao_local_api:address_jibun,https://dapi.kakao.com/v2/local/search/address.json,2026-09-06,https://www.data.go.kr/data/15029300/fileData.do,2025-09-25,2026-09-06,administrative_record_only_not_confirmed_active,증축,2001-08-14,2001-08-17,,단독주택,143.8,"주소 기반 추정 위치, 공사현장 좌표 아님"
15029300:1789,1789,건축행정기록,단독주택,인천광역시 미추홀구 용현동 191-72,37.4477844,126.6624060,geocoded_kakao_jibun,kakao_exact_jibun_address_match,인천 미추홀구 용현동 191-72,1,1,0.0,,kakao_local_api:address_jibun,https://dapi.kakao.com/v2/local/search/address.json,2026-09-06,https://www.data.go.kr/data/15029300/fileData.do,2025-09-25,2026-09-06,administrative_record_only_not_confirmed_active,증축,2001-08-09,2001-08-11,2001-12-06,단독주택,203,"주소 기반 추정 위치, 공사현장 좌표 아님"
15029300:1790,1790,건축행정기록,단독주택,인천광역시 미추홀구 도화동 533-12,37.4621125,126.6695579,geocoded_kakao_jibun,kakao_exact_jibun_address_match,인천 미추홀구 도화동 533-12,1,1,0.0,,kakao_local_api:address_jibun,https://dapi.kakao.com/v2/local/search/address.json,2026-09-06,https://www.data.go.kr/data/15029300/fileData.do,2025-09-25,2026-09-06,administrative_record_only_not_confirmed_active,증축,2001-08-06,2001-08-09,2001-10-23,단독주택,144.1,"주소 기반 추정 위치, 공사현장 좌표 아님"
15029300:1791,1791,건축행정기록,단독주택,인천광역시 미추홀구 숭의동 129-95,37.4659018,126.6492438,geocoded_kakao_jibun,kakao_exact_jibun_address_match,인천 미추홀구 숭의동 129-95,1,1,0.0,,kakao_local_api:address_jibun,https://dapi.kakao.com/v2/local/search/address.json,2026-09-06,https://www.data.go.kr/data/15029300/fileData.do,2025-09-25,2026-09-06,administrative_record_only_not_confirmed_active,증축,2001-08-06,2001-08-08,2006-11-16,단독주택,215.8,"주소 기반 추정 위치, 공사현장 좌표 아님"
15029300:1792,1792,건축행정기록,제2종근린생활시설,인천광역시 미추홀구 도화동 554-2,37.4638057,126.6724176,geocoded_kakao_jibun,kakao_exact_jibun_address_match,인천 미추홀구 도화동 554-2,1,1,0.0,,kakao_local_api:address_jibun,https://dapi.kakao.com/v2/local/search/address.json,2026-09-06,https://www.data.go.kr/data/15029300/fileData.do,2025-09-25,2026-09-06,administrative_record_only_not_confirmed_active,증축,2001-08-06,2001-08-08,2002-06-27,제2종근린생활시설,729.7,"주소 기반 추정 위치, 공사현장 좌표 아님"
15029300:1793,1793,건축행정기록,단독주택,인천광역시 미추홀구 주안동 809-5,37.4495480,126.6684614,geocoded_kakao_jibun,kakao_exact_jibun_address_match,인천 미추홀구 주안동 809-5,1,1,0.0,,kakao_local_api:address_jibun,https://dapi.kakao.com/v2/local/search/address.json,2026-09-06,https://www.data.go.kr/data/15029300/fileData.do,2025-09-25,2026-09-06,administrative_record_only_not_confirmed_active,증축,2001-07-26,2001-07-28,2001-09-21,단독주택,99.42,"주소 기반 추정 위치, 공사현장 좌표 아님"
15029300:1794,1794,건축행정기록,공장,인천광역시 미추홀구 도화동 744-4,37.4766135,126.6681149,geocoded_kakao_jibun,kakao_exact_jibun_address_match,인천 미추홀구 도화동 744-4,1,1,0.0,,kakao_local_api:address_jibun,https://dapi.kakao.com/v2/local/search/address.json,2026-09-06,https://www.data.go.kr/data/15029300/fileData.do,2025-09-25,2026-09-06,administrative_record_only_not_confirmed_active,증축,2001-07-25,2001-07-28,2001-08-08,공장,363.3,"주소 기반 추정 위치, 공사현장 좌표 아님"
15029300:1795,1795,건축행정기록,단독주택,인천광역시 미추홀구 숭의동 89-39,37.4675297,126.6526127,geocoded_kakao_jibun,kakao_exact_jibun_address_match,인천 미추홀구 숭의동 89-39,1,1,0.0,,kakao_local_api:address_jibun,https://dapi.kakao.com/v2/local/search/address.json,2026-09-06,https://www.data.go.kr/data/15029300/fileData.do,2025-09-25,2026-09-06,administrative_record_only_not_confirmed_active,증축,2001-07-25,2001-07-28,2002-05-16,단독주택,124,"주소 기반 추정 위치, 공사현장 좌표 아님"
15029300:1796,1796,건축행정기록,단독주택,인천광역시 미추홀구 문학동 372-12,37.4360137,126.6829227,geocoded_kakao_jibun,kakao_exact_jibun_address_match,인천 미추홀구 문학동 372-12,1,1,0.0,,kakao_local_api:address_jibun,https://dapi.kakao.com/v2/local/search/address.json,2026-09-06,https://www.data.go.kr/data/15029300/fileData.do,2025-09-25,2026-09-06,administrative_record_only_not_confirmed_active,신축,2001-07-24,2001-07-25,2005-07-19,단독주택,109.6,"주소 기반 추정 위치, 공사현장 좌표 아님"
15029300:1797,1797,건축행정기록,단독주택,인천광역시 미추홀구 주안동 298-3,37.4638432,126.6935371,geocoded_kakao_jibun,kakao_exact_jibun_address_match,인천 미추홀구 주안동 298-3,1,1,0.0,,kakao_local_api:address_jibun,https://dapi.kakao.com/v2/local/search/address.json,2026-09-06,https://www.data.go.kr/data/15029300/fileData.do,2025-09-25,2026-09-06,administrative_record_only_not_confirmed_active,증축,2001-07-23,2001-07-25,2001-09-22,단독주택,231.7,"주소 기반 추정 위치, 공사현장 좌표 아님"
15029300:1798,1798,건축행정기록,단독주택,인천광역시 미추홀구 용현동 131-3,37.4570926,126.6593372,geocoded_kakao_jibun,kakao_exact_jibun_address_match,인천 미추홀구 용현동 131-3,1,1,0.0,,kakao_local_api:address_jibun,https://dapi.kakao.com/v2/local/search/address.json,2026-09-06,https://www.data.go.kr/data/15029300/fileData.do,2025-09-25,2026-09-06,administrative_record_only_not_confirmed_active,증축,2001-07-21,2001-08-03,2001-10-15,단독주택,209,"주소 기반 추정 위치, 공사현장 좌표 아님"
15029300:1799,1799,건축행정기록,단독주택,인천광역시 미추홀구 용현동 627-332,37.4496840,126.6348337,geocoded_kakao_jibun,kakao_exact_jibun_address_match,인천 미추홀구 용현동 627-332,1,1,0.0,,kakao_local_api:address_jibun,https://dapi.kakao.com/v2/local/search/address.json,2026-09-06,https://www.data.go.kr/data/15029300/fileData.do,2025-09-25,2026-09-06,administrative_record_only_not_confirmed_active,증축,2001-07-21,2001-07-25,2001-08-18,단독주택,140,"주소 기반 추정 위치, 공사현장 좌표 아님"
15029300:1800,1800,건축행정기록,단독주택,인천광역시 미추홀구 용현동 623-135,37.4548981,126.6396174,geocoded_kakao_jibun,kakao_exact_jibun_address_match,인천 미추홀구 용현동 623-135,1,1,0.0,,kakao_local_api:address_jibun,https://dapi.kakao.com/v2/local/search/address.json,2026-09-06,https://www.data.go.kr/data/15029300/fileData.do,2025-09-25,2026-09-06,administrative_record_only_not_confirmed_active,증축,2001-07-20,2001-10-15,2001-12-04,단독주택,164.9,"주소 기반 추정 위치, 공사현장 좌표 아님"
15029300:1801,1801,건축행정기록,제2종근린생활시설,인천광역시 미추홀구 주안동 145-8,37.4627656,126.6817294,geocoded_kakao_jibun,kakao_exact_jibun_address_match,인천 미추홀구 주안동 145-8,1,1,0.0,,kakao_local_api:address_jibun,https://dapi.kakao.com/v2/local/search/address.json,2026-09-06,https://www.data.go.kr/data/15029300/fileData.do,2025-09-25,2026-09-06,administrative_record_only_not_confirmed_active,증축,2001-07-20,2001-09-20,2001-09-27,제2종근린생활시설,269.1,"주소 기반 추정 위치, 공사현장 좌표 아님"
15029300:1802,1802,건축행정기록,단독주택,인천광역시 미추홀구 학익동 330-14,37.4457854,126.6590093,geocoded_kakao_jibun,kakao_exact_jibun_address_match,인천 미추홀구 학익동 330-14,1,1,0.0,,kakao_local_api:address_jibun,https://dapi.kakao.com/v2/local/search/address.json,2026-09-06,https://www.data.go.kr/data/15029300/fileData.do,2025-09-25,2026-09-06,administrative_record_only_not_confirmed_active,증축,2001-07-20,2001-09-15,2001-09-22,단독주택,165,"주소 기반 추정 위치, 공사현장 좌표 아님"
15029300:1803,1803,건축행정기록,단독주택,인천광역시 미추홀구 숭의동 3-60,37.4653792,126.6600994,geocoded_kakao_jibun,kakao_exact_jibun_address_match,인천 미추홀구 숭의동 3-60,1,1,0.0,,kakao_local_api:address_jibun,https://dapi.kakao.com/v2/local/search/address.json,2026-09-06,https://www.data.go.kr/data/15029300/fileData.do,2025-09-25,2026-09-06,administrative_record_only_not_confirmed_active,증축,2001-07-19,2001-07-21,,단독주택,136.18,"주소 기반 추정 위치, 공사현장 좌표 아님"
15029300:1804,1804,건축행정기록,단독주택,인천광역시 미추홀구 용현동 621-126,37.4516552,126.6362563,geocoded_kakao_jibun,kakao_exact_jibun_address_match,인천 미추홀구 용현동 621-126,1,1,0.0,,kakao_local_api:address_jibun,https://dapi.kakao.com/v2/local/search/address.json,2026-09-06,https://www.data.go.kr/data/15029300/fileData.do,2025-09-25,2026-09-06,administrative_record_only_not_confirmed_active,증축,2001-07-19,2001-07-20,2001-09-28,단독주택,177.4,"주소 기반 추정 위치, 공사현장 좌표 아님"
15029300:1805,1805,건축행정기록,단독주택,인천광역시 미추홀구 숭의동 169-13,,,unresolved,no_exact_parcel_match_in_kakao,,0,0,,,kakao_local_api:unresolved,https://dapi.kakao.com/v2/local/search/address.json,2026-09-06,https://www.data.go.kr/data/15029300/fileData.do,2025-09-25,2026-09-06,administrative_record_only_not_confirmed_active,증축,2001-07-19,2001-07-20,2001-08-31,단독주택,268.8,"주소 기반 추정 위치, 공사현장 좌표 아님"
15029300:1806,1806,건축행정기록,단독주택,인천광역시 미추홀구 도화동 411-58,37.4621035,126.6763718,geocoded_kakao_jibun,kakao_exact_jibun_address_match,인천 미추홀구 도화동 411-58,1,1,0.0,,kakao_local_api:address_jibun,https://dapi.kakao.com/v2/local/search/address.json,2026-09-06,https://www.data.go.kr/data/15029300/fileData.do,2025-09-25,2026-09-06,administrative_record_only_not_confirmed_active,신축,2001-07-14,2001-07-14,2001-10-26,단독주택,160.85,"주소 기반 추정 위치, 공사현장 좌표 아님"
15029300:1807,1807,건축행정기록,단독주택,인천광역시 미추홀구 주안동 735-4,37.4490241,126.6708622,geocoded_kakao_jibun,kakao_exact_jibun_address_match,인천 미추홀구 주안동 735-4,1,1,0.0,,kakao_local_api:address_jibun,https://dapi.kakao.com/v2/local/search/address.json,2026-09-06,https://www.data.go.kr/data/15029300/fileData.do,2025-09-25,2026-09-06,administrative_record_only_not_confirmed_active,증축,2001-07-13,2001-07-16,2001-09-20,단독주택,152.7,"주소 기반 추정 위치, 공사현장 좌표 아님"
15029300:1808,1808,건축행정기록,숙박시설,인천광역시 미추홀구 용현동 628-6,37.4549952,126.6345071,geocoded_kakao_jibun,kakao_exact_jibun_address_match,인천 미추홀구 용현동 628-6,1,1,0.0,,kakao_local_api:address_jibun,https://dapi.kakao.com/v2/local/search/address.json,2026-09-06,https://www.data.go.kr/data/15029300/fileData.do,2025-09-25,2026-09-06,administrative_record_only_not_confirmed_active,대수선,2001-07-04,2001-07-04,2005-06-16,숙박시설,590.3,"주소 기반 추정 위치, 공사현장 좌표 아님"
15029300:1809,1809,건축행정기록,단독주택,인천광역시 미추홀구 용현동 617-47,37.4517927,126.6384314,geocoded_kakao_jibun,kakao_exact_jibun_address_match,인천 미추홀구 용현동 617-47,1,1,0.0,,kakao_local_api:address_jibun,https://dapi.kakao.com/v2/local/search/address.json,2026-09-06,https://www.data.go.kr/data/15029300/fileData.do,2025-09-25,2026-09-06,administrative_record_only_not_confirmed_active,증축,2001-07-03,2001-07-09,2001-09-25,단독주택,195.2,"주소 기반 추정 위치, 공사현장 좌표 아님"
15029300:1810,1810,건축행정기록,단독주택,인천광역시 미추홀구 주안동 1336-8,37.4461572,126.6760007,geocoded_kakao_jibun,kakao_exact_jibun_address_match,인천 미추홀구 주안동 1336-8,1,1,0.0,,kakao_local_api:address_jibun,https://dapi.kakao.com/v2/local/search/address.json,2026-09-06,https://www.data.go.kr/data/15029300/fileData.do,2025-09-25,2026-09-06,administrative_record_only_not_confirmed_active,신축,2001-07-02,2001-07-07,2001-10-26,단독주택,92.36,"주소 기반 추정 위치, 공사현장 좌표 아님"
15029300:1811,1811,건축행정기록,제1종근린생활시설,인천광역시 미추홀구 주안동 1532-20,37.4502790,126.6886584,geocoded_kakao_jibun,kakao_exact_jibun_address_match,인천 미추홀구 주안동 1532-20,1,1,0.0,,kakao_local_api:address_jibun,https://dapi.kakao.com/v2/local/search/address.json,2026-09-06,https://www.data.go.kr/data/15029300/fileData.do,2025-09-25,2026-09-06,administrative_record_only_not_confirmed_active,신축,2001-06-29,2001-06-30,2001-12-31,제1종근린생활시설,145.1,"주소 기반 추정 위치, 공사현장 좌표 아님"
15029300:1812,1812,건축행정기록,단독주택,인천광역시 미추홀구 용현동 577-84,37.4533491,126.6398169,geocoded_kakao_jibun,kakao_exact_jibun_address_match,인천 미추홀구 용현동 577-84,1,1,0.0,,kakao_local_api:address_jibun,https://dapi.kakao.com/v2/local/search/address.json,2026-09-06,https://www.data.go.kr/data/15029300/fileData.do,2025-09-25,2026-09-06,administrative_record_only_not_confirmed_active,증축,2001-06-29,2001-06-29,,단독주택,137.7,"주소 기반 추정 위치, 공사현장 좌표 아님"
15029300:1813,1813,건축행정기록,단독주택,인천광역시 미추홀구 용현동 94-42,37.4509416,126.6614368,geocoded_kakao_jibun,kakao_exact_jibun_address_match,인천 미추홀구 용현동 94-42,1,1,0.0,,kakao_local_api:address_jibun,https://dapi.kakao.com/v2/local/search/address.json,2026-09-06,https://www.data.go.kr/data/15029300/fileData.do,2025-09-25,2026-09-06,administrative_record_only_not_confirmed_active,증축,2001-06-29,2001-07-04,2001-11-01,단독주택,144.3,"주소 기반 추정 위치, 공사현장 좌표 아님"
15029300:1814,1814,건축행정기록,단독주택,인천광역시 미추홀구 주안동 1477-39,,,unresolved,no_exact_parcel_match_in_kakao,,0,0,,,kakao_local_api:unresolved,https://dapi.kakao.com/v2/local/search/address.json,2026-09-06,https://www.data.go.kr/data/15029300/fileData.do,2025-09-25,2026-09-06,administrative_record_only_not_confirmed_active,증축,2001-06-29,2001-07-02,2001-09-18,단독주택,144.3,"주소 기반 추정 위치, 공사현장 좌표 아님"
15029300:1815,1815,건축행정기록,단독주택,인천광역시 미추홀구 용현동 94-3,37.4509580,126.6616923,geocoded_kakao_jibun,kakao_exact_jibun_address_match,인천 미추홀구 용현동 94-3,1,1,0.0,,kakao_local_api:address_jibun,https://dapi.kakao.com/v2/local/search/address.json,2026-09-06,https://www.data.go.kr/data/15029300/fileData.do,2025-09-25,2026-09-06,administrative_record_only_not_confirmed_active,증축,2001-06-28,2001-10-05,2001-11-17,단독주택,132.4,"주소 기반 추정 위치, 공사현장 좌표 아님"
15029300:1816,1816,건축행정기록,위험물저장및처리시설,인천광역시 미추홀구 용현동 287-1,,,unresolved,no_exact_parcel_match_in_kakao,,0,0,,,kakao_local_api:unresolved,https://dapi.kakao.com/v2/local/search/address.json,2026-09-06,https://www.data.go.kr/data/15029300/fileData.do,2025-09-25,2026-09-06,administrative_record_only_not_confirmed_active,증축,2001-06-27,2001-06-28,2001-07-20,위험물저장및처리시설,2365.06,"주소 기반 추정 위치, 공사현장 좌표 아님"
15029300:1817,1817,건축행정기록,제1종근린생활시설,인천광역시 미추홀구 주안동 1517-9,37.4503846,126.6872159,geocoded_kakao_jibun,kakao_exact_jibun_address_match,인천 미추홀구 주안동 1517-9,1,1,0.0,,kakao_local_api:address_jibun,https://dapi.kakao.com/v2/local/search/address.json,2026-09-06,https://www.data.go.kr/data/15029300/fileData.do,2025-09-25,2026-09-06,administrative_record_only_not_confirmed_active,증축,2001-06-27,2001-06-29,2001-07-23,제1종근린생활시설,621.4,"주소 기반 추정 위치, 공사현장 좌표 아님"
15029300:1818,1818,건축행정기록,단독주택,인천광역시 미추홀구 학익동 312-68,37.4448730,126.6645477,geocoded_kakao_jibun,kakao_exact_jibun_address_match,인천 미추홀구 학익동 312-68,1,1,0.0,,kakao_local_api:address_jibun,https://dapi.kakao.com/v2/local/search/address.json,2026-09-06,https://www.data.go.kr/data/15029300/fileData.do,2025-09-25,2026-09-06,administrative_record_only_not_confirmed_active,신축,2001-06-23,2001-06-26,2001-11-29,단독주택,116,"주소 기반 추정 위치, 공사현장 좌표 아님"
15029300:1819,1819,건축행정기록,단독주택,인천광역시 미추홀구 용현동 155-15,37.4540051,126.6571471,geocoded_kakao_jibun,kakao_exact_jibun_address_match,인천 미추홀구 용현동 155-15,1,1,0.0,,kakao_local_api:address_jibun,https://dapi.kakao.com/v2/local/search/address.json,2026-09-06,https://www.data.go.kr/data/15029300/fileData.do,2025-09-25,2026-09-06,administrative_record_only_not_confirmed_active,증축,2001-06-23,2001-07-13,2002-01-04,단독주택,146.8,"주소 기반 추정 위치, 공사현장 좌표 아님"
15029300:1820,1820,건축행정기록,단독주택,인천광역시 미추홀구 용현동 482-12,37.4555267,126.6502704,geocoded_kakao_jibun,kakao_exact_jibun_address_match,인천 미추홀구 용현동 482-12,1,1,0.0,,kakao_local_api:address_jibun,https://dapi.kakao.com/v2/local/search/address.json,2026-09-06,https://www.data.go.kr/data/15029300/fileData.do,2025-09-25,2026-09-06,administrative_record_only_not_confirmed_active,증축,2001-06-22,2001-06-28,2005-05-30,단독주택,208.5,"주소 기반 추정 위치, 공사현장 좌표 아님"
15029300:1821,1821,건축행정기록,제2종근린생활시설,인천광역시 미추홀구 용현동 617-41,37.4515524,126.6380649,geocoded_kakao_jibun,kakao_exact_jibun_address_match,인천 미추홀구 용현동 617-41,1,1,0.0,,kakao_local_api:address_jibun,https://dapi.kakao.com/v2/local/search/address.json,2026-09-06,https://www.data.go.kr/data/15029300/fileData.do,2025-09-25,2026-09-06,administrative_record_only_not_confirmed_active,증축,2001-06-20,2001-06-21,2001-08-10,제2종근린생활시설,187.7,"주소 기반 추정 위치, 공사현장 좌표 아님"
15029300:1822,1822,건축행정기록,단독주택,인천광역시 미추홀구 주안동 1354-20,37.4448092,126.6783294,geocoded_kakao_jibun,kakao_exact_jibun_address_match,인천 미추홀구 주안동 1354-20,1,1,0.0,,kakao_local_api:address_jibun,https://dapi.kakao.com/v2/local/search/address.json,2026-09-06,https://www.data.go.kr/data/15029300/fileData.do,2025-09-25,2026-09-06,administrative_record_only_not_confirmed_active,증축,2001-06-20,2001-06-22,,단독주택,269,"주소 기반 추정 위치, 공사현장 좌표 아님"
15029300:1823,1823,건축행정기록,제1종근린생활시설,인천광역시 미추홀구 주안동 421-14,37.4552927,126.6821335,geocoded_kakao_jibun,kakao_exact_jibun_address_match,인천 미추홀구 주안동 421-14,1,1,0.0,,kakao_local_api:address_jibun,https://dapi.kakao.com/v2/local/search/address.json,2026-09-06,https://www.data.go.kr/data/15029300/fileData.do,2025-09-25,2026-09-06,administrative_record_only_not_confirmed_active,신축,2001-06-20,2001-06-22,2001-11-13,제1종근린생활시설,92.4,"주소 기반 추정 위치, 공사현장 좌표 아님"
15029300:1824,1824,건축행정기록,단독주택,인천광역시 미추홀구 용현동 549-3,,,unresolved,no_exact_parcel_match_in_kakao,,0,0,,,kakao_local_api:unresolved,https://dapi.kakao.com/v2/local/search/address.json,2026-09-06,https://www.data.go.kr/data/15029300/fileData.do,2025-09-25,2026-09-06,administrative_record_only_not_confirmed_active,대수선,2001-06-15,2001-06-28,2002-02-27,단독주택,131.2,"주소 기반 추정 위치, 공사현장 좌표 아님"
15029300:1825,1825,건축행정기록,제2종근린생활시설,인천광역시 미추홀구 숭의동 82-6 외1필지,,,unresolved,no_exact_parcel_match_in_kakao,,0,0,,,kakao_local_api:unresolved,https://dapi.kakao.com/v2/local/search/address.json,2026-09-06,https://www.data.go.kr/data/15029300/fileData.do,2025-09-25,2026-09-06,administrative_record_only_not_confirmed_active,신축,2001-06-15,2001-06-20,2001-10-18,제2종근린생활시설,149.8,"주소 기반 추정 위치, 공사현장 좌표 아님"
15029300:1826,1826,건축행정기록,단독주택,인천광역시 미추홀구 용현동 610-203,37.4528495,126.6430062,geocoded_kakao_jibun,kakao_exact_jibun_address_match,인천 미추홀구 용현동 610-203,1,1,0.0,,kakao_local_api:address_jibun,https://dapi.kakao.com/v2/local/search/address.json,2026-09-06,https://www.data.go.kr/data/15029300/fileData.do,2025-09-25,2026-09-06,administrative_record_only_not_confirmed_active,증축,2001-06-15,2001-06-15,,단독주택,169,"주소 기반 추정 위치, 공사현장 좌표 아님"
15029300:1827,1827,건축행정기록,제1종근린생활시설,인천광역시 미추홀구 용현동 617-51 외1필지,37.4517395,126.6379722,geocoded_kakao_jibun,kakao_exact_jibun_address_match,인천 미추홀구 용현동 617-51,1,1,0.0,,kakao_local_api:address_jibun,https://dapi.kakao.com/v2/local/search/address.json,2026-09-06,https://www.data.go.kr/data/15029300/fileData.do,2025-09-25,2026-09-06,administrative_record_only_not_confirmed_active,증축,2001-06-14,2001-06-14,2001-09-26,제1종근린생활시설,188.6,"주소 기반 추정 위치, 공사현장 좌표 아님"
15029300:1828,1828,건축행정기록,업무시설,인천광역시 미추홀구 주안동 205-11,37.4599704,126.6798636,geocoded_kakao_jibun,kakao_exact_jibun_address_match,인천 미추홀구 주안동 205-11,1,1,0.0,,kakao_local_api:address_jibun,https://dapi.kakao.com/v2/local/search/address.json,2026-09-06,https://www.data.go.kr/data/15029300/fileData.do,2025-09-25,2026-09-06,administrative_record_only_not_confirmed_active,증축,2001-06-14,2001-06-15,2002-01-04,업무시설,799,"주소 기반 추정 위치, 공사현장 좌표 아님"
15029300:1829,1829,건축행정기록,제1종근린생활시설,인천광역시 미추홀구 주안동 946-12,37.4593161,126.6909814,geocoded_kakao_jibun,kakao_exact_jibun_address_match,인천 미추홀구 주안동 946-12,1,1,0.0,,kakao_local_api:address_jibun,https://dapi.kakao.com/v2/local/search/address.json,2026-09-06,https://www.data.go.kr/data/15029300/fileData.do,2025-09-25,2026-09-06,administrative_record_only_not_confirmed_active,증축,2001-06-13,2001-06-13,2001-06-22,제1종근린생활시설,149.2,"주소 기반 추정 위치, 공사현장 좌표 아님"
15029300:1830,1830,건축행정기록,단독주택,인천광역시 미추홀구 용현동 617-45,37.4517589,126.6382224,geocoded_kakao_jibun,kakao_exact_jibun_address_match,인천 미추홀구 용현동 617-45,1,1,0.0,,kakao_local_api:address_jibun,https://dapi.kakao.com/v2/local/search/address.json,2026-09-06,https://www.data.go.kr/data/15029300/fileData.do,2025-09-25,2026-09-06,administrative_record_only_not_confirmed_active,증축,2001-06-12,2001-06-13,2001-09-11,단독주택,188.7,"주소 기반 추정 위치, 공사현장 좌표 아님"
15029300:1831,1831,건축행정기록,단독주택,인천광역시 미추홀구 용현동 617-95,37.4513108,126.6382886,geocoded_kakao_jibun,kakao_exact_jibun_address_match,인천 미추홀구 용현동 617-95,1,1,0.0,,kakao_local_api:address_jibun,https://dapi.kakao.com/v2/local/search/address.json,2026-09-06,https://www.data.go.kr/data/15029300/fileData.do,2025-09-25,2026-09-06,administrative_record_only_not_confirmed_active,증축,2001-06-12,2001-06-13,2001-09-20,단독주택,173.9,"주소 기반 추정 위치, 공사현장 좌표 아님"
15029300:1832,1832,건축행정기록,단독주택,인천광역시 미추홀구 용현동 617-48,37.4518658,126.6383040,geocoded_kakao_jibun,kakao_exact_jibun_address_match,인천 미추홀구 용현동 617-48,1,1,0.0,,kakao_local_api:address_jibun,https://dapi.kakao.com/v2/local/search/address.json,2026-09-06,https://www.data.go.kr/data/15029300/fileData.do,2025-09-25,2026-09-06,administrative_record_only_not_confirmed_active,증축,2001-06-12,2001-06-13,,단독주택,197.7,"주소 기반 추정 위치, 공사현장 좌표 아님"
15029300:1833,1833,건축행정기록,단독주택,인천광역시 미추홀구 용현동 617-94,37.4512440,126.6384016,geocoded_kakao_jibun,kakao_exact_jibun_address_match,인천 미추홀구 용현동 617-94,1,1,0.0,,kakao_local_api:address_jibun,https://dapi.kakao.com/v2/local/search/address.json,2026-09-06,https://www.data.go.kr/data/15029300/fileData.do,2025-09-25,2026-09-06,administrative_record_only_not_confirmed_active,증축,2001-06-12,2001-06-13,2001-09-07,단독주택,168.9,"주소 기반 추정 위치, 공사현장 좌표 아님"
15029300:1834,1834,건축행정기록,판매및영업시설,인천광역시 미추홀구 도화동 957,,,unresolved,no_exact_parcel_match_in_kakao,,0,0,,,kakao_local_api:unresolved,https://dapi.kakao.com/v2/local/search/address.json,2026-09-06,https://www.data.go.kr/data/15029300/fileData.do,2025-09-25,2026-09-06,administrative_record_only_not_confirmed_active,증축,2001-06-11,2001-07-27,,판매및영업시설,45985.1,"주소 기반 추정 위치, 공사현장 좌표 아님"
15029300:1835,1835,건축행정기록,단독주택,인천광역시 미추홀구 용현동 627-371,37.4506152,126.6363194,geocoded_kakao_jibun,kakao_exact_jibun_address_match,인천 미추홀구 용현동 627-371,1,1,0.0,,kakao_local_api:address_jibun,https://dapi.kakao.com/v2/local/search/address.json,2026-09-06,https://www.data.go.kr/data/15029300/fileData.do,2025-09-25,2026-09-06,administrative_record_only_not_confirmed_active,증축,2001-06-09,2001-06-12,2001-07-21,단독주택,135.41,"주소 기반 추정 위치, 공사현장 좌표 아님"
15029300:1836,1836,건축행정기록,제2종근린생활시설,인천광역시 미추홀구 주안동 1292-10,37.4425246,126.6818276,geocoded_kakao_jibun,kakao_exact_jibun_address_match,인천 미추홀구 주안동 1292-10,1,1,0.0,,kakao_local_api:address_jibun,https://dapi.kakao.com/v2/local/search/address.json,2026-09-06,https://www.data.go.kr/data/15029300/fileData.do,2025-09-25,2026-09-06,administrative_record_only_not_confirmed_active,증축,2001-06-02,2001-06-04,2003-10-23,제2종근린생활시설,117,"주소 기반 추정 위치, 공사현장 좌표 아님"
15029300:1837,1837,건축행정기록,단독주택,인천광역시 미추홀구 도화동 537-51,37.4623229,126.6679907,geocoded_kakao_jibun,kakao_exact_jibun_address_match,인천 미추홀구 도화동 537-51,1,1,0.0,,kakao_local_api:address_jibun,https://dapi.kakao.com/v2/local/search/address.json,2026-09-06,https://www.data.go.kr/data/15029300/fileData.do,2025-09-25,2026-09-06,administrative_record_only_not_confirmed_active,증축,2001-06-01,2001-06-08,2002-12-06,단독주택,253.31,"주소 기반 추정 위치, 공사현장 좌표 아님"
15029300:1838,1838,건축행정기록,제2종근린생활시설,인천광역시 미추홀구 학익동 701-5,37.4387054,126.6611783,geocoded_kakao_jibun,kakao_exact_jibun_address_match,인천 미추홀구 학익동 701-5,1,1,0.0,,kakao_local_api:address_jibun,https://dapi.kakao.com/v2/local/search/address.json,2026-09-06,https://www.data.go.kr/data/15029300/fileData.do,2025-09-25,2026-09-06,administrative_record_only_not_confirmed_active,신축,2001-05-30,2001-06-04,2001-08-24,제2종근린생활시설,147.3,"주소 기반 추정 위치, 공사현장 좌표 아님"
15029300:1839,1839,건축행정기록,위험물저장및처리시설,인천광역시 미추홀구 학익동 401-21,37.4455941,126.6518137,geocoded_kakao_jibun,kakao_exact_jibun_address_match,인천 미추홀구 학익동 401-21,1,1,0.0,,kakao_local_api:address_jibun,https://dapi.kakao.com/v2/local/search/address.json,2026-09-06,https://www.data.go.kr/data/15029300/fileData.do,2025-09-25,2026-09-06,administrative_record_only_not_confirmed_active,증축,2001-05-30,2001-12-24,2001-12-28,위험물저장및처리시설,2611,"주소 기반 추정 위치, 공사현장 좌표 아님"
15029300:1840,1840,건축행정기록,단독주택,인천광역시 미추홀구 도화동 548-24 외1필지,37.4633363,126.6719587,geocoded_kakao_jibun,kakao_exact_jibun_address_match,인천 미추홀구 도화동 548-24,1,1,0.0,,kakao_local_api:address_jibun,https://dapi.kakao.com/v2/local/search/address.json,2026-09-06,https://www.data.go.kr/data/15029300/fileData.do,2025-09-25,2026-09-06,administrative_record_only_not_confirmed_active,신축,2001-05-29,2001-05-31,2001-08-28,단독주택,143.1,"주소 기반 추정 위치, 공사현장 좌표 아님"
15029300:1841,1841,건축행정기록,단독주택,인천광역시 미추홀구 용현동 617-54,37.4516355,126.6378928,geocoded_kakao_jibun,kakao_exact_jibun_address_match,인천 미추홀구 용현동 617-54,1,1,0.0,,kakao_local_api:address_jibun,https://dapi.kakao.com/v2/local/search/address.json,2026-09-06,https://www.data.go.kr/data/15029300/fileData.do,2025-09-25,2026-09-06,administrative_record_only_not_confirmed_active,증축,2001-05-28,2001-05-28,2001-08-17,단독주택,183.5,"주소 기반 추정 위치, 공사현장 좌표 아님"
15029300:1842,1842,건축행정기록,단독주택,인천광역시 미추홀구 용현동 617-65,37.4512479,126.6377999,geocoded_kakao_jibun,kakao_exact_jibun_address_match,인천 미추홀구 용현동 617-65,1,1,0.0,,kakao_local_api:address_jibun,https://dapi.kakao.com/v2/local/search/address.json,2026-09-06,https://www.data.go.kr/data/15029300/fileData.do,2025-09-25,2026-09-06,administrative_record_only_not_confirmed_active,증축,2001-05-28,2001-05-28,2001-08-07,단독주택,176.6,"주소 기반 추정 위치, 공사현장 좌표 아님"
15029300:1843,1843,건축행정기록,단독주택,인천광역시 미추홀구 용현동 488-54 외1필지,,,unresolved,no_exact_parcel_match_in_kakao,,0,0,,,kakao_local_api:unresolved,https://dapi.kakao.com/v2/local/search/address.json,2026-09-06,https://www.data.go.kr/data/15029300/fileData.do,2025-09-25,2026-09-06,administrative_record_only_not_confirmed_active,신축,2001-05-26,2001-05-28,2001-08-18,단독주택,182.6,"주소 기반 추정 위치, 공사현장 좌표 아님"
15029300:1844,1844,건축행정기록,자동차관련시설,인천광역시 미추홀구 학익동 624-2 외1필지,37.4349837,126.6471993,geocoded_kakao_jibun,kakao_exact_jibun_address_match,인천 미추홀구 학익동 624-2,1,1,0.0,,kakao_local_api:address_jibun,https://dapi.kakao.com/v2/local/search/address.json,2026-09-06,https://www.data.go.kr/data/15029300/fileData.do,2025-09-25,2026-09-06,administrative_record_only_not_confirmed_active,증축,2001-05-25,2001-05-25,2001-07-18,자동차관련시설,379,"주소 기반 추정 위치, 공사현장 좌표 아님"
15029300:1845,1845,건축행정기록,단독주택,인천광역시 미추홀구 숭의동 7-120,37.4617984,126.6594852,geocoded_kakao_jibun,kakao_exact_jibun_address_match,인천 미추홀구 숭의동 7-120,1,1,0.0,,kakao_local_api:address_jibun,https://dapi.kakao.com/v2/local/search/address.json,2026-09-06,https://www.data.go.kr/data/15029300/fileData.do,2025-09-25,2026-09-06,administrative_record_only_not_confirmed_active,증축,2001-05-24,2001-05-24,2001-08-14,단독주택,174.93,"주소 기반 추정 위치, 공사현장 좌표 아님"
15029300:1846,1846,건축행정기록,단독주택,인천광역시 미추홀구 도화동 91-36,37.4670677,126.6598180,geocoded_kakao_jibun,kakao_exact_jibun_address_match,인천 미추홀구 도화동 91-36,1,1,0.0,,kakao_local_api:address_jibun,https://dapi.kakao.com/v2/local/search/address.json,2026-09-06,https://www.data.go.kr/data/15029300/fileData.do,2025-09-25,2026-09-06,administrative_record_only_not_confirmed_active,증축,2001-05-24,2001-05-25,2001-09-22,단독주택,147.9,"주소 기반 추정 위치, 공사현장 좌표 아님"
15029300:1847,1847,건축행정기록,단독주택,인천광역시 미추홀구 도화동 533-8,37.4620185,126.6697915,geocoded_kakao_jibun,kakao_exact_jibun_address_match,인천 미추홀구 도화동 533-8,1,1,0.0,,kakao_local_api:address_jibun,https://dapi.kakao.com/v2/local/search/address.json,2026-09-06,https://www.data.go.kr/data/15029300/fileData.do,2025-09-25,2026-09-06,administrative_record_only_not_confirmed_active,증축,2001-05-23,2001-05-25,2005-06-28,단독주택,171.8,"주소 기반 추정 위치, 공사현장 좌표 아님"
15029300:1848,1848,건축행정기록,단독주택,인천광역시 미추홀구 관교동 487-5,37.4433290,126.6929598,geocoded_kakao_jibun,kakao_exact_jibun_address_match,인천 미추홀구 관교동 487-5,1,1,0.0,,kakao_local_api:address_jibun,https://dapi.kakao.com/v2/local/search/address.json,2026-09-06,https://www.data.go.kr/data/15029300/fileData.do,2025-09-25,2026-09-06,administrative_record_only_not_confirmed_active,증축,2001-05-23,2001-05-26,,단독주택,202,"주소 기반 추정 위치, 공사현장 좌표 아님"
15029300:1849,1849,건축행정기록,제2종근린생활시설,인천광역시 미추홀구 숭의동 342-6,,,unresolved,no_exact_parcel_match_in_kakao,,0,0,,,kakao_local_api:unresolved,https://dapi.kakao.com/v2/local/search/address.json,2026-09-06,https://www.data.go.kr/data/15029300/fileData.do,2025-09-25,2026-09-06,administrative_record_only_not_confirmed_active,증축,2001-05-22,2001-05-25,2001-08-01,제2종근린생활시설,80,"주소 기반 추정 위치, 공사현장 좌표 아님"
15029300:1850,1850,건축행정기록,단독주택,인천광역시 미추홀구 용현동 627-147 외1필지,37.4512219,126.6351241,geocoded_kakao_jibun,kakao_exact_jibun_address_match,인천 미추홀구 용현동 627-147,1,1,0.0,,kakao_local_api:address_jibun,https://dapi.kakao.com/v2/local/search/address.json,2026-09-06,https://www.data.go.kr/data/15029300/fileData.do,2025-09-25,2026-09-06,administrative_record_only_not_confirmed_active,증축,2001-05-22,2001-05-24,2001-07-24,단독주택,141,"주소 기반 추정 위치, 공사현장 좌표 아님"
15029300:1851,1851,건축행정기록,단독주택,인천광역시 미추홀구 주안동 591-36,37.4560425,126.6725851,geocoded_kakao_jibun,kakao_exact_jibun_address_match,인천 미추홀구 주안동 591-36,1,1,0.0,,kakao_local_api:address_jibun,https://dapi.kakao.com/v2/local/search/address.json,2026-09-06,https://www.data.go.kr/data/15029300/fileData.do,2025-09-25,2026-09-06,administrative_record_only_not_confirmed_active,대수선,2001-05-18,2001-06-27,2001-07-24,단독주택,119.56,"주소 기반 추정 위치, 공사현장 좌표 아님"
15029300:1852,1852,건축행정기록,문화및집회시설,인천광역시 미추홀구 용현동 89-9 외2필지,37.4496103,126.6604708,geocoded_kakao_jibun,kakao_exact_jibun_address_match,인천 미추홀구 용현동 89-9,1,1,0.0,,kakao_local_api:address_jibun,https://dapi.kakao.com/v2/local/search/address.json,2026-09-06,https://www.data.go.kr/data/15029300/fileData.do,2025-09-25,2026-09-06,administrative_record_only_not_confirmed_active,증축,2001-05-18,2001-05-23,2001-08-28,문화및집회시설,431.6,"주소 기반 추정 위치, 공사현장 좌표 아님"
15029300:1853,1853,건축행정기록,,인천광역시 미추홀구 학익동 1-15,37.4475729,126.6667768,geocoded_kakao_jibun,kakao_exact_jibun_address_match,인천 미추홀구 학익동 1-15,1,1,0.0,,kakao_local_api:address_jibun,https://dapi.kakao.com/v2/local/search/address.json,2026-09-06,https://www.data.go.kr/data/15029300/fileData.do,2025-09-25,2026-09-06,administrative_record_only_not_confirmed_active,신축,2001-05-16,2001-05-16,2001-06-29,,128,"주소 기반 추정 위치, 공사현장 좌표 아님"
15029300:1854,1854,건축행정기록,단독주택,인천광역시 미추홀구 용현동 610-221,37.4528296,126.6423438,geocoded_kakao_jibun,kakao_exact_jibun_address_match,인천 미추홀구 용현동 610-221,1,1,0.0,,kakao_local_api:address_jibun,https://dapi.kakao.com/v2/local/search/address.json,2026-09-06,https://www.data.go.kr/data/15029300/fileData.do,2025-09-25,2026-09-06,administrative_record_only_not_confirmed_active,증축,2001-05-16,2001-05-18,,단독주택,136,"주소 기반 추정 위치, 공사현장 좌표 아님"
15029300:1855,1855,건축행정기록,단독주택,인천광역시 미추홀구 용현동 488-57,,,unresolved,no_exact_parcel_match_in_kakao,,0,0,,,kakao_local_api:unresolved,https://dapi.kakao.com/v2/local/search/address.json,2026-09-06,https://www.data.go.kr/data/15029300/fileData.do,2025-09-25,2026-09-06,administrative_record_only_not_confirmed_active,증축,2001-05-16,2001-08-29,,단독주택,94.68,"주소 기반 추정 위치, 공사현장 좌표 아님"
15029300:1856,1856,건축행정기록,단독주택,인천광역시 미추홀구 용현동 627-209,37.4509102,126.6347291,geocoded_kakao_jibun,kakao_exact_jibun_address_match,인천 미추홀구 용현동 627-209,1,1,0.0,,kakao_local_api:address_jibun,https://dapi.kakao.com/v2/local/search/address.json,2026-09-06,https://www.data.go.kr/data/15029300/fileData.do,2025-09-25,2026-09-06,administrative_record_only_not_confirmed_active,증축,2001-05-15,2005-06-03,2006-05-17,단독주택,138.91,"주소 기반 추정 위치, 공사현장 좌표 아님"
15029300:1857,1857,건축행정기록,제2종근린생활시설,인천광역시 미추홀구 용현동 182-26,37.4520011,126.6576499,geocoded_kakao_jibun,kakao_exact_jibun_address_match,인천 미추홀구 용현동 182-26,1,1,0.0,,kakao_local_api:address_jibun,https://dapi.kakao.com/v2/local/search/address.json,2026-09-06,https://www.data.go.kr/data/15029300/fileData.do,2025-09-25,2026-09-06,administrative_record_only_not_confirmed_active,증축,2001-05-15,2001-05-18,2001-08-24,제2종근린생활시설,316.5,"주소 기반 추정 위치, 공사현장 좌표 아님"
15029300:1858,1858,건축행정기록,단독주택,인천광역시 미추홀구 용현동 204-11 외1필지,37.4530586,126.6484108,geocoded_kakao_jibun,kakao_exact_jibun_address_match,인천 미추홀구 용현동 204-11,1,1,0.0,,kakao_local_api:address_jibun,https://dapi.kakao.com/v2/local/search/address.json,2026-09-06,https://www.data.go.kr/data/15029300/fileData.do,2025-09-25,2026-09-06,administrative_record_only_not_confirmed_active,증축,2001-05-14,2001-05-16,2005-06-30,단독주택,154.04,"주소 기반 추정 위치, 공사현장 좌표 아님"
15029300:1859,1859,건축행정기록,제1종근린생활시설,인천광역시 미추홀구 주안동 8-7,37.4693692,126.6794831,geocoded_kakao_jibun,kakao_exact_jibun_address_match,인천 미추홀구 주안동 8-7,1,1,0.0,,kakao_local_api:address_jibun,https://dapi.kakao.com/v2/local/search/address.json,2026-09-06,https://www.data.go.kr/data/15029300/fileData.do,2025-09-25,2026-09-06,administrative_record_only_not_confirmed_active,증축,2001-05-12,2001-05-16,,제1종근린생활시설,203.9,"주소 기반 추정 위치, 공사현장 좌표 아님"
15029300:1860,1860,건축행정기록,제2종근린생활시설,인천광역시 미추홀구 도화동 88-25,37.4670695,126.6589565,geocoded_kakao_jibun,kakao_exact_jibun_address_match,인천 미추홀구 도화동 88-25,1,1,0.0,,kakao_local_api:address_jibun,https://dapi.kakao.com/v2/local/search/address.json,2026-09-06,https://www.data.go.kr/data/15029300/fileData.do,2025-09-25,2026-09-06,administrative_record_only_not_confirmed_active,증축,2001-05-09,2001-06-08,2001-08-01,제2종근린생활시설,152.2,"주소 기반 추정 위치, 공사현장 좌표 아님"
15029300:1861,1861,건축행정기록,단독주택,인천광역시 미추홀구 주안동 491-5,37.4538832,126.6789374,geocoded_kakao_jibun,kakao_exact_jibun_address_match,인천 미추홀구 주안동 491-5,1,1,0.0,,kakao_local_api:address_jibun,https://dapi.kakao.com/v2/local/search/address.json,2026-09-06,https://www.data.go.kr/data/15029300/fileData.do,2025-09-25,2026-09-06,administrative_record_only_not_confirmed_active,증축,2001-05-08,2001-05-09,2001-05-31,단독주택,146.1,"주소 기반 추정 위치, 공사현장 좌표 아님"
15029300:1862,1862,건축행정기록,단독주택,인천광역시 미추홀구 숭의동 285-44,37.4599405,126.6519451,geocoded_kakao_jibun,kakao_exact_jibun_address_match,인천 미추홀구 숭의동 285-44,1,1,0.0,,kakao_local_api:address_jibun,https://dapi.kakao.com/v2/local/search/address.json,2026-09-06,https://www.data.go.kr/data/15029300/fileData.do,2025-09-25,2026-09-06,administrative_record_only_not_confirmed_active,증축,2001-05-07,2001-05-10,2001-06-14,단독주택,120.5,"주소 기반 추정 위치, 공사현장 좌표 아님"
15029300:1863,1863,건축행정기록,단독주택,인천광역시 미추홀구 숭의동 166-66,37.4622524,126.6458569,geocoded_kakao_jibun,kakao_exact_jibun_address_match,인천 미추홀구 숭의동 166-66,1,1,0.0,,kakao_local_api:address_jibun,https://dapi.kakao.com/v2/local/search/address.json,2026-09-06,https://www.data.go.kr/data/15029300/fileData.do,2025-09-25,2026-09-06,administrative_record_only_not_confirmed_active,신축,2001-05-04,2001-05-04,2001-06-22,단독주택,87.1,"주소 기반 추정 위치, 공사현장 좌표 아님"
15029300:1864,1864,건축행정기록,단독주택,인천광역시 미추홀구 주안동 51-3,37.4632967,126.6864805,geocoded_kakao_jibun,kakao_exact_jibun_address_match,인천 미추홀구 주안동 51-3,1,1,0.0,,kakao_local_api:address_jibun,https://dapi.kakao.com/v2/local/search/address.json,2026-09-06,https://www.data.go.kr/data/15029300/fileData.do,2025-09-25,2026-09-06,administrative_record_only_not_confirmed_active,증축,2001-05-04,2001-05-07,2001-07-18,단독주택,162.1,"주소 기반 추정 위치, 공사현장 좌표 아님"
15029300:1865,1865,건축행정기록,단독주택,인천광역시 미추홀구 숭의동 3-68,37.4654763,126.6599504,geocoded_kakao_jibun,kakao_exact_jibun_address_match,인천 미추홀구 숭의동 3-68,1,1,0.0,,kakao_local_api:address_jibun,https://dapi.kakao.com/v2/local/search/address.json,2026-09-06,https://www.data.go.kr/data/15029300/fileData.do,2025-09-25,2026-09-06,administrative_record_only_not_confirmed_active,증축,2001-05-03,2001-05-08,2002-08-05,단독주택,142.96,"주소 기반 추정 위치, 공사현장 좌표 아님"
15029300:1866,1866,건축행정기록,제2종근린생활시설,인천광역시 미추홀구 학익동 437-25,37.4440701,126.6623165,geocoded_kakao_jibun,kakao_exact_jibun_address_match,인천 미추홀구 학익동 437-25,1,1,0.0,,kakao_local_api:address_jibun,https://dapi.kakao.com/v2/local/search/address.json,2026-09-06,https://www.data.go.kr/data/15029300/fileData.do,2025-09-25,2026-09-06,administrative_record_only_not_confirmed_active,신축,2001-05-02,2001-08-06,2001-08-27,제2종근린생활시설,132,"주소 기반 추정 위치, 공사현장 좌표 아님"
15029300:1867,1867,건축행정기록,단독주택,인천광역시 미추홀구 숭의동 207-46,37.4608987,126.6520332,geocoded_kakao_jibun,kakao_exact_jibun_address_match,인천 미추홀구 숭의동 207-46,1,1,0.0,,kakao_local_api:address_jibun,https://dapi.kakao.com/v2/local/search/address.json,2026-09-06,https://www.data.go.kr/data/15029300/fileData.do,2025-09-25,2026-09-06,administrative_record_only_not_confirmed_active,증축,2001-04-28,2001-05-10,2002-04-24,단독주택,157.3,"주소 기반 추정 위치, 공사현장 좌표 아님"
15029300:1868,1868,건축행정기록,단독주택,인천광역시 미추홀구 용현동 48-25,37.4481713,126.6629177,geocoded_kakao_jibun,kakao_exact_jibun_address_match,인천 미추홀구 용현동 48-25,1,1,0.0,,kakao_local_api:address_jibun,https://dapi.kakao.com/v2/local/search/address.json,2026-09-06,https://www.data.go.kr/data/15029300/fileData.do,2025-09-25,2026-09-06,administrative_record_only_not_confirmed_active,증축,2001-04-28,2001-05-10,2001-10-24,단독주택,126.3,"주소 기반 추정 위치, 공사현장 좌표 아님"
15029300:1869,1869,건축행정기록,제2종근린생활시설,인천광역시 미추홀구 문학동 386-7,37.4373567,126.6873302,geocoded_kakao_jibun,kakao_exact_jibun_address_match,인천 미추홀구 문학동 386-7,1,1,0.0,,kakao_local_api:address_jibun,https://dapi.kakao.com/v2/local/search/address.json,2026-09-06,https://www.data.go.kr/data/15029300/fileData.do,2025-09-25,2026-09-06,administrative_record_only_not_confirmed_active,신축,2001-04-26,2001-04-27,2001-06-04,제2종근린생활시설,166.9,"주소 기반 추정 위치, 공사현장 좌표 아님"
15029300:1870,1870,건축행정기록,단독주택,인천광역시 미추홀구 주안동 1354-1,37.4450399,126.6782234,geocoded_kakao_jibun,kakao_exact_jibun_address_match,인천 미추홀구 주안동 1354-1,1,1,0.0,,kakao_local_api:address_jibun,https://dapi.kakao.com/v2/local/search/address.json,2026-09-06,https://www.data.go.kr/data/15029300/fileData.do,2025-09-25,2026-09-06,administrative_record_only_not_confirmed_active,신축,2001-04-25,2001-04-26,2001-08-13,단독주택,58,"주소 기반 추정 위치, 공사현장 좌표 아님"
15029300:1871,1871,건축행정기록,단독주택,인천광역시 미추홀구 용현동 149-19,37.4541128,126.6550589,geocoded_kakao_jibun,kakao_exact_jibun_address_match,인천 미추홀구 용현동 149-19,1,1,0.0,,kakao_local_api:address_jibun,https://dapi.kakao.com/v2/local/search/address.json,2026-09-06,https://www.data.go.kr/data/15029300/fileData.do,2025-09-25,2026-09-06,administrative_record_only_not_confirmed_active,신축,2001-04-25,2001-05-02,2001-06-22,단독주택,101.41,"주소 기반 추정 위치, 공사현장 좌표 아님"
15029300:1872,1872,건축행정기록,단독주택,인천광역시 미추홀구 용현동 622-28,37.4541826,126.6375717,geocoded_kakao_jibun,kakao_exact_jibun_address_match,인천 미추홀구 용현동 622-28,1,1,0.0,,kakao_local_api:address_jibun,https://dapi.kakao.com/v2/local/search/address.json,2026-09-06,https://www.data.go.kr/data/15029300/fileData.do,2025-09-25,2026-09-06,administrative_record_only_not_confirmed_active,증축,2001-04-24,2001-04-26,2001-06-14,단독주택,180.7,"주소 기반 추정 위치, 공사현장 좌표 아님"
15029300:1873,1873,건축행정기록,단독주택,인천광역시 미추홀구 주안동 1343-153,37.4465074,126.6762731,geocoded_kakao_jibun,kakao_exact_jibun_address_match,인천 미추홀구 주안동 1343-153,1,1,0.0,,kakao_local_api:address_jibun,https://dapi.kakao.com/v2/local/search/address.json,2026-09-06,https://www.data.go.kr/data/15029300/fileData.do,2025-09-25,2026-09-06,administrative_record_only_not_confirmed_active,신축,2001-04-23,2001-04-25,2001-12-04,단독주택,40,"주소 기반 추정 위치, 공사현장 좌표 아님"
15029300:1874,1874,건축행정기록,제1종근린생활시설,인천광역시 미추홀구 용현동 621-67,37.4528169,126.6370677,geocoded_kakao_jibun,kakao_exact_jibun_address_match,인천 미추홀구 용현동 621-67,1,1,0.0,,kakao_local_api:address_jibun,https://dapi.kakao.com/v2/local/search/address.json,2026-09-06,https://www.data.go.kr/data/15029300/fileData.do,2025-09-25,2026-09-06,administrative_record_only_not_confirmed_active,증축,2001-04-23,2001-04-27,2001-06-13,제1종근린생활시설,175.3,"주소 기반 추정 위치, 공사현장 좌표 아님"
15029300:1875,1875,건축행정기록,제2종근린생활시설,인천광역시 미추홀구 도화동 464-7,37.4580289,126.6722069,geocoded_kakao_jibun,kakao_exact_jibun_address_match,인천 미추홀구 도화동 464-7,1,1,0.0,,kakao_local_api:address_jibun,https://dapi.kakao.com/v2/local/search/address.json,2026-09-06,https://www.data.go.kr/data/15029300/fileData.do,2025-09-25,2026-09-06,administrative_record_only_not_confirmed_active,증축,2001-04-21,2002-10-17,2003-01-15,제2종근린생활시설,190.7,"주소 기반 추정 위치, 공사현장 좌표 아님"
15029300:1876,1876,건축행정기록,제1종근린생활시설,인천광역시 미추홀구 주안동 213-1,37.4616954,126.6791093,geocoded_kakao_jibun,kakao_exact_jibun_address_match,인천 미추홀구 주안동 213-1,1,1,0.0,,kakao_local_api:address_jibun,https://dapi.kakao.com/v2/local/search/address.json,2026-09-06,https://www.data.go.kr/data/15029300/fileData.do,2025-09-25,2026-09-06,administrative_record_only_not_confirmed_active,증축,2001-04-18,2001-05-02,2001-12-14,제1종근린생활시설,217.2,"주소 기반 추정 위치, 공사현장 좌표 아님"
15029300:1877,1877,건축행정기록,단독주택,인천광역시 미추홀구 숭의동 403-37,37.4636254,126.6398745,geocoded_kakao_jibun,kakao_exact_jibun_address_match,인천 미추홀구 숭의동 403-37,1,1,0.0,,kakao_local_api:address_jibun,https://dapi.kakao.com/v2/local/search/address.json,2026-09-06,https://www.data.go.kr/data/15029300/fileData.do,2025-09-25,2026-09-06,administrative_record_only_not_confirmed_active,증축,2001-04-16,2001-05-15,2005-08-08,단독주택,67,"주소 기반 추정 위치, 공사현장 좌표 아님"
15029300:1878,1878,건축행정기록,단독주택,인천광역시 미추홀구 용현동 627-207,37.4509234,126.6349151,geocoded_kakao_jibun,kakao_exact_jibun_address_match,인천 미추홀구 용현동 627-207,1,1,0.0,,kakao_local_api:address_jibun,https://dapi.kakao.com/v2/local/search/address.json,2026-09-06,https://www.data.go.kr/data/15029300/fileData.do,2025-09-25,2026-09-06,administrative_record_only_not_confirmed_active,대수선,2001-04-13,2001-04-13,2002-04-11,단독주택,149,"주소 기반 추정 위치, 공사현장 좌표 아님"
15029300:1879,1879,건축행정기록,단독주택,인천광역시 미추홀구 용현동 627-220,37.4507736,126.6350640,geocoded_kakao_jibun,kakao_exact_jibun_address_match,인천 미추홀구 용현동 627-220,1,1,0.0,,kakao_local_api:address_jibun,https://dapi.kakao.com/v2/local/search/address.json,2026-09-06,https://www.data.go.kr/data/15029300/fileData.do,2025-09-25,2026-09-06,administrative_record_only_not_confirmed_active,대수선,2001-04-13,2001-04-13,2002-04-11,단독주택,149,"주소 기반 추정 위치, 공사현장 좌표 아님"
15029300:1880,1880,건축행정기록,제1종근린생활시설,인천광역시 미추홀구 용현동 459-67,37.4566047,126.6503941,geocoded_kakao_jibun,kakao_exact_jibun_address_match,인천 미추홀구 용현동 459-67,1,1,0.0,,kakao_local_api:address_jibun,https://dapi.kakao.com/v2/local/search/address.json,2026-09-06,https://www.data.go.kr/data/15029300/fileData.do,2025-09-25,2026-09-06,administrative_record_only_not_confirmed_active,증축,2001-04-13,2008-07-04,,제1종근린생활시설,182.8,"주소 기반 추정 위치, 공사현장 좌표 아님"
15029300:1881,1881,건축행정기록,단독주택,인천광역시 미추홀구 도화동 504-6,37.4584659,126.6684000,geocoded_kakao_jibun,kakao_exact_jibun_address_match,인천 미추홀구 도화동 504-6,1,1,0.0,,kakao_local_api:address_jibun,https://dapi.kakao.com/v2/local/search/address.json,2026-09-06,https://www.data.go.kr/data/15029300/fileData.do,2025-09-25,2026-09-06,administrative_record_only_not_confirmed_active,신축,2001-04-12,2001-04-16,2001-07-07,단독주택,150.1,"주소 기반 추정 위치, 공사현장 좌표 아님"
15029300:1882,1882,건축행정기록,단독주택,인천광역시 미추홀구 숭의동 26-16,37.4623989,126.6579576,geocoded_kakao_jibun,kakao_exact_jibun_address_match,인천 미추홀구 숭의동 26-16,1,1,0.0,,kakao_local_api:address_jibun,https://dapi.kakao.com/v2/local/search/address.json,2026-09-06,https://www.data.go.kr/data/15029300/fileData.do,2025-09-25,2026-09-06,administrative_record_only_not_confirmed_active,증축,2001-04-12,2001-04-13,2001-08-08,단독주택,175,"주소 기반 추정 위치, 공사현장 좌표 아님"
15029300:1883,1883,건축행정기록,제2종근린생활시설,인천광역시 미추홀구 용현동 629-108,37.4529466,126.6354381,geocoded_kakao_jibun,kakao_exact_jibun_address_match,인천 미추홀구 용현동 629-108,1,1,0.0,,kakao_local_api:address_jibun,https://dapi.kakao.com/v2/local/search/address.json,2026-09-06,https://www.data.go.kr/data/15029300/fileData.do,2025-09-25,2026-09-06,administrative_record_only_not_confirmed_active,증축,2001-04-12,2001-04-16,2001-06-25,제2종근린생활시설,253.7,"주소 기반 추정 위치, 공사현장 좌표 아님"
15029300:1884,1884,건축행정기록,단독주택,인천광역시 미추홀구 주안동 24-28,37.4659945,126.6814590,geocoded_kakao_jibun,kakao_exact_jibun_address_match,인천 미추홀구 주안동 24-28,1,1,0.0,,kakao_local_api:address_jibun,https://dapi.kakao.com/v2/local/search/address.json,2026-09-06,https://www.data.go.kr/data/15029300/fileData.do,2025-09-25,2026-09-06,administrative_record_only_not_confirmed_active,증축,2001-04-12,2001-05-18,2001-05-28,단독주택,218.1,"주소 기반 추정 위치, 공사현장 좌표 아님"
15029300:1885,1885,건축행정기록,단독주택,인천광역시 미추홀구 주안동 866-39,,,unresolved,no_exact_parcel_match_in_kakao,,0,0,,,kakao_local_api:unresolved,https://dapi.kakao.com/v2/local/search/address.json,2026-09-06,https://www.data.go.kr/data/15029300/fileData.do,2025-09-25,2026-09-06,administrative_record_only_not_confirmed_active,증축,2001-04-12,2001-04-13,,단독주택,257.4,"주소 기반 추정 위치, 공사현장 좌표 아님"
15029300:1886,1886,건축행정기록,단독주택,인천광역시 미추홀구 숭의동 166-26,37.4622573,126.6456329,geocoded_kakao_jibun,kakao_exact_jibun_address_match,인천 미추홀구 숭의동 166-26,1,1,0.0,,kakao_local_api:address_jibun,https://dapi.kakao.com/v2/local/search/address.json,2026-09-06,https://www.data.go.kr/data/15029300/fileData.do,2025-09-25,2026-09-06,administrative_record_only_not_confirmed_active,신축,2001-04-11,2001-04-13,2001-05-10,단독주택,101.72,"주소 기반 추정 위치, 공사현장 좌표 아님"
15029300:1887,1887,건축행정기록,단독주택,인천광역시 미추홀구 용현동 146-451,37.4575868,126.6569800,geocoded_kakao_jibun,kakao_exact_jibun_address_match,인천 미추홀구 용현동 146-451,1,1,0.0,,kakao_local_api:address_jibun,https://dapi.kakao.com/v2/local/search/address.json,2026-09-06,https://www.data.go.kr/data/15029300/fileData.do,2025-09-25,2026-09-06,administrative_record_only_not_confirmed_active,증축,2001-04-11,2001-06-07,2001-07-24,단독주택,236,"주소 기반 추정 위치, 공사현장 좌표 아님"
15029300:1888,1888,건축행정기록,단독주택,인천광역시 미추홀구 주안동 699-20,37.4537263,126.6698335,geocoded_kakao_jibun,kakao_exact_jibun_address_match,인천 미추홀구 주안동 699-20,1,1,0.0,,kakao_local_api:address_jibun,https://dapi.kakao.com/v2/local/search/address.json,2026-09-06,https://www.data.go.kr/data/15029300/fileData.do,2025-09-25,2026-09-06,administrative_record_only_not_confirmed_active,증축,2001-04-11,2001-04-18,2001-06-28,단독주택,154,"주소 기반 추정 위치, 공사현장 좌표 아님"
15029300:1889,1889,건축행정기록,단독주택,인천광역시 미추홀구 용현동 41-7,37.4483562,126.6650023,geocoded_kakao_jibun,kakao_exact_jibun_address_match,인천 미추홀구 용현동 41-7,1,1,0.0,,kakao_local_api:address_jibun,https://dapi.kakao.com/v2/local/search/address.json,2026-09-06,https://www.data.go.kr/data/15029300/fileData.do,2025-09-25,2026-09-06,administrative_record_only_not_confirmed_active,증축,2001-04-09,2001-04-12,2001-07-24,단독주택,115.62,"주소 기반 추정 위치, 공사현장 좌표 아님"
15029300:1890,1890,건축행정기록,제2종근린생활시설,인천광역시 미추홀구 학익동 670-2,37.4383059,126.6752522,geocoded_kakao_jibun,kakao_exact_jibun_address_match,인천 미추홀구 학익동 670-2,1,1,0.0,,kakao_local_api:address_jibun,https://dapi.kakao.com/v2/local/search/address.json,2026-09-06,https://www.data.go.kr/data/15029300/fileData.do,2025-09-25,2026-09-06,administrative_record_only_not_confirmed_active,증축,2001-04-07,2001-04-12,2001-07-13,제2종근린생활시설,232.5,"주소 기반 추정 위치, 공사현장 좌표 아님"
15029300:1891,1891,건축행정기록,제2종근린생활시설,인천광역시 미추홀구 숭의동 외1필지,,,unresolved,address_not_parcel_or_road_notation,,0,0,,,kakao_local_api:unresolved,https://dapi.kakao.com/v2/local/search/address.json,2026-09-06,https://www.data.go.kr/data/15029300/fileData.do,2025-09-25,2026-09-06,administrative_record_only_not_confirmed_active,대수선,2001-04-06,2001-04-07,2001-07-03,제2종근린생활시설,137.8,"주소 기반 추정 위치, 공사현장 좌표 아님"
15029300:1892,1892,건축행정기록,단독주택,인천광역시 미추홀구 도화동 533-34,37.4617566,126.6701732,geocoded_kakao_jibun,kakao_exact_jibun_address_match,인천 미추홀구 도화동 533-34,1,1,0.0,,kakao_local_api:address_jibun,https://dapi.kakao.com/v2/local/search/address.json,2026-09-06,https://www.data.go.kr/data/15029300/fileData.do,2025-09-25,2026-09-06,administrative_record_only_not_confirmed_active,증축,2001-04-06,2001-04-11,2001-05-17,단독주택,157.7,"주소 기반 추정 위치, 공사현장 좌표 아님"
15029300:1893,1893,건축행정기록,단독주택,인천광역시 미추홀구 주안동 1285-18,37.4441390,126.6801973,geocoded_kakao_jibun,kakao_exact_jibun_address_match,인천 미추홀구 주안동 1285-18,1,1,0.0,,kakao_local_api:address_jibun,https://dapi.kakao.com/v2/local/search/address.json,2026-09-06,https://www.data.go.kr/data/15029300/fileData.do,2025-09-25,2026-09-06,administrative_record_only_not_confirmed_active,대수선,2001-04-03,2001-04-07,2001-04-26,단독주택,102,"주소 기반 추정 위치, 공사현장 좌표 아님"
15029300:1894,1894,건축행정기록,단독주택,인천광역시 미추홀구 용현동 475-57,37.4560812,126.6468307,geocoded_kakao_jibun,kakao_exact_jibun_address_match,인천 미추홀구 용현동 475-57,1,1,0.0,,kakao_local_api:address_jibun,https://dapi.kakao.com/v2/local/search/address.json,2026-09-06,https://www.data.go.kr/data/15029300/fileData.do,2025-09-25,2026-09-06,administrative_record_only_not_confirmed_active,신축,2001-04-03,2001-04-06,2001-05-31,단독주택,118,"주소 기반 추정 위치, 공사현장 좌표 아님"
15029300:1895,1895,건축행정기록,단독주택,인천광역시 미추홀구 주안동 421-45,37.4554098,126.6822449,geocoded_kakao_jibun,kakao_exact_jibun_address_match,인천 미추홀구 주안동 421-45,1,1,0.0,,kakao_local_api:address_jibun,https://dapi.kakao.com/v2/local/search/address.json,2026-09-06,https://www.data.go.kr/data/15029300/fileData.do,2025-09-25,2026-09-06,administrative_record_only_not_confirmed_active,증축,2001-04-03,2001-04-04,2001-04-19,단독주택,123.55,"주소 기반 추정 위치, 공사현장 좌표 아님"
15029300:1896,1896,건축행정기록,단독주택,인천광역시 미추홀구 용현동 475-82,37.4561717,126.6468963,geocoded_kakao_jibun,kakao_exact_jibun_address_match,인천 미추홀구 용현동 475-82,1,1,0.0,,kakao_local_api:address_jibun,https://dapi.kakao.com/v2/local/search/address.json,2026-09-06,https://www.data.go.kr/data/15029300/fileData.do,2025-09-25,2026-09-06,administrative_record_only_not_confirmed_active,신축,2001-04-02,2001-04-10,2001-05-30,단독주택,133.2,"주소 기반 추정 위치, 공사현장 좌표 아님"
15029300:1897,1897,건축행정기록,제2종근린생활시설,인천광역시 미추홀구 주안동 737-5 외1필지,37.4483282,126.6710823,geocoded_kakao_jibun,kakao_exact_jibun_address_match,인천 미추홀구 주안동 737-5,1,1,0.0,,kakao_local_api:address_jibun,https://dapi.kakao.com/v2/local/search/address.json,2026-09-06,https://www.data.go.kr/data/15029300/fileData.do,2025-09-25,2026-09-06,administrative_record_only_not_confirmed_active,신축,2001-03-30,2001-04-02,2001-07-26,제2종근린생활시설,538.2,"주소 기반 추정 위치, 공사현장 좌표 아님"
15029300:1898,1898,건축행정기록,단독주택,인천광역시 미추홀구 용현동 451-8,37.4551397,126.6549838,geocoded_kakao_jibun,kakao_exact_jibun_address_match,인천 미추홀구 용현동 451-8,1,1,0.0,,kakao_local_api:address_jibun,https://dapi.kakao.com/v2/local/search/address.json,2026-09-06,https://www.data.go.kr/data/15029300/fileData.do,2025-09-25,2026-09-06,administrative_record_only_not_confirmed_active,증축,2001-03-30,2005-05-25,2005-07-08,단독주택,54,"주소 기반 추정 위치, 공사현장 좌표 아님"
15029300:1899,1899,건축행정기록,교육연구및복지시설,인천광역시 미추홀구 숭의동 290-63 외1필지,37.4589214,126.6505410,geocoded_kakao_jibun,kakao_exact_jibun_address_match,인천 미추홀구 숭의동 290-63,1,1,0.0,,kakao_local_api:address_jibun,https://dapi.kakao.com/v2/local/search/address.json,2026-09-06,https://www.data.go.kr/data/15029300/fileData.do,2025-09-25,2026-09-06,administrative_record_only_not_confirmed_active,증축,2001-03-30,2001-04-06,2005-07-06,교육연구및복지시설,382.2,"주소 기반 추정 위치, 공사현장 좌표 아님"
15029300:1900,1900,건축행정기록,단독주택,인천광역시 미추홀구 용현동 1-163,37.4566920,126.6635085,geocoded_kakao_jibun,kakao_exact_jibun_address_match,인천 미추홀구 용현동 1-163,1,1,0.0,,kakao_local_api:address_jibun,https://dapi.kakao.com/v2/local/search/address.json,2026-09-06,https://www.data.go.kr/data/15029300/fileData.do,2025-09-25,2026-09-06,administrative_record_only_not_confirmed_active,대수선,2001-03-27,2001-04-03,2001-05-19,단독주택,118,"주소 기반 추정 위치, 공사현장 좌표 아님"
15029300:1901,1901,건축행정기록,제2종근린생활시설,인천광역시 미추홀구 숭의동 303-9,37.4606432,126.6458245,geocoded_kakao_jibun,kakao_exact_jibun_address_match,인천 미추홀구 숭의동 303-9,1,1,0.0,,kakao_local_api:address_jibun,https://dapi.kakao.com/v2/local/search/address.json,2026-09-06,https://www.data.go.kr/data/15029300/fileData.do,2025-09-25,2026-09-06,administrative_record_only_not_confirmed_active,증축,2001-03-27,2001-03-30,2001-04-27,제2종근린생활시설,266.66,"주소 기반 추정 위치, 공사현장 좌표 아님"
15029300:1902,1902,건축행정기록,단독주택,인천광역시 미추홀구 도화동 88-18,37.4670652,126.6588491,geocoded_kakao_jibun,kakao_exact_jibun_address_match,인천 미추홀구 도화동 88-18,1,1,0.0,,kakao_local_api:address_jibun,https://dapi.kakao.com/v2/local/search/address.json,2026-09-06,https://www.data.go.kr/data/15029300/fileData.do,2025-09-25,2026-09-06,administrative_record_only_not_confirmed_active,증축,2001-03-27,2001-03-29,2001-04-14,단독주택,124.9,"주소 기반 추정 위치, 공사현장 좌표 아님"
15029300:1903,1903,건축행정기록,단독주택,인천광역시 미추홀구 주안동 850-25,,,unresolved,no_exact_parcel_match_in_kakao,,0,0,,,kakao_local_api:unresolved,https://dapi.kakao.com/v2/local/search/address.json,2026-09-06,https://www.data.go.kr/data/15029300/fileData.do,2025-09-25,2026-09-06,administrative_record_only_not_confirmed_active,증축,2001-03-24,2001-03-26,2001-06-04,단독주택,162,"주소 기반 추정 위치, 공사현장 좌표 아님"
15029300:1904,1904,건축행정기록,단독주택,인천광역시 미추홀구 용현동 451-38,37.4556614,126.6540661,geocoded_kakao_jibun,kakao_exact_jibun_address_match,인천 미추홀구 용현동 451-38,1,1,0.0,,kakao_local_api:address_jibun,https://dapi.kakao.com/v2/local/search/address.json,2026-09-06,https://www.data.go.kr/data/15029300/fileData.do,2025-09-25,2026-09-06,administrative_record_only_not_confirmed_active,신축,2001-03-22,2001-03-23,2001-06-25,단독주택,100.92,"주소 기반 추정 위치, 공사현장 좌표 아님"
15029300:1905,1905,건축행정기록,단독주택,인천광역시 미추홀구 숭의동 248-19,37.4610121,126.6547491,geocoded_kakao_jibun,kakao_exact_jibun_address_match,인천 미추홀구 숭의동 248-19,1,1,0.0,,kakao_local_api:address_jibun,https://dapi.kakao.com/v2/local/search/address.json,2026-09-06,https://www.data.go.kr/data/15029300/fileData.do,2025-09-25,2026-09-06,administrative_record_only_not_confirmed_active,증축,2001-03-22,2001-03-29,2001-05-28,단독주택,166,"주소 기반 추정 위치, 공사현장 좌표 아님"
15029300:1906,1906,건축행정기록,단독주택,인천광역시 미추홀구 용현동 141-62,37.4552134,126.6559044,geocoded_kakao_jibun,kakao_exact_jibun_address_match,인천 미추홀구 용현동 141-62,1,1,0.0,,kakao_local_api:address_jibun,https://dapi.kakao.com/v2/local/search/address.json,2026-09-06,https://www.data.go.kr/data/15029300/fileData.do,2025-09-25,2026-09-06,administrative_record_only_not_confirmed_active,신축,2001-03-20,2001-04-11,2001-07-07,단독주택,65.07,"주소 기반 추정 위치, 공사현장 좌표 아님"
15029300:1907,1907,건축행정기록,제1종근린생활시설,인천광역시 미추홀구 주안동 1341-9,37.4466238,126.6777005,geocoded_kakao_jibun,kakao_exact_jibun_address_match,인천 미추홀구 주안동 1341-9,1,1,0.0,,kakao_local_api:address_jibun,https://dapi.kakao.com/v2/local/search/address.json,2026-09-06,https://www.data.go.kr/data/15029300/fileData.do,2025-09-25,2026-09-06,administrative_record_only_not_confirmed_active,신축,2001-03-19,2001-03-29,2001-05-24,제1종근린생활시설,66,"주소 기반 추정 위치, 공사현장 좌표 아님"
15029300:1908,1908,건축행정기록,단독주택,인천광역시 미추홀구 주안동 850-38,37.4470896,126.6728011,geocoded_kakao_jibun,kakao_exact_jibun_address_match,인천 미추홀구 주안동 850-38,1,1,0.0,,kakao_local_api:address_jibun,https://dapi.kakao.com/v2/local/search/address.json,2026-09-06,https://www.data.go.kr/data/15029300/fileData.do,2025-09-25,2026-09-06,administrative_record_only_not_confirmed_active,신축,2001-03-17,2001-03-21,2001-06-07,단독주택,133,"주소 기반 추정 위치, 공사현장 좌표 아님"
15029300:1909,1909,건축행정기록,제2종근린생활시설,인천광역시 미추홀구 숭의동 68-3,37.4659884,126.6542100,geocoded_kakao_jibun,kakao_exact_jibun_address_match,인천 미추홀구 숭의동 68-3,1,1,0.0,,kakao_local_api:address_jibun,https://dapi.kakao.com/v2/local/search/address.json,2026-09-06,https://www.data.go.kr/data/15029300/fileData.do,2025-09-25,2026-09-06,administrative_record_only_not_confirmed_active,증축,2001-03-17,2001-03-22,,제2종근린생활시설,274.25,"주소 기반 추정 위치, 공사현장 좌표 아님"
15029300:1910,1910,건축행정기록,단독주택,인천광역시 미추홀구 주안동 외1필지,,,unresolved,address_not_parcel_or_road_notation,,0,0,,,kakao_local_api:unresolved,https://dapi.kakao.com/v2/local/search/address.json,2026-09-06,https://www.data.go.kr/data/15029300/fileData.do,2025-09-25,2026-09-06,administrative_record_only_not_confirmed_active,증축,2001-03-16,2001-03-20,2001-05-19,단독주택,169.2,"주소 기반 추정 위치, 공사현장 좌표 아님"
15029300:1911,1911,건축행정기록,단독주택,인천광역시 미추홀구 용현동 450-146,37.4553678,126.6512974,geocoded_kakao_jibun,kakao_exact_jibun_address_match,인천 미추홀구 용현동 450-146,1,1,0.0,,kakao_local_api:address_jibun,https://dapi.kakao.com/v2/local/search/address.json,2026-09-06,https://www.data.go.kr/data/15029300/fileData.do,2025-09-25,2026-09-06,administrative_record_only_not_confirmed_active,신축,2001-03-15,2001-03-20,2002-10-29,단독주택,128.08,"주소 기반 추정 위치, 공사현장 좌표 아님"
15029300:1912,1912,건축행정기록,단독주택,인천광역시 미추홀구 용현동 148-19,37.4543037,126.6551461,geocoded_kakao_jibun,kakao_exact_jibun_address_match,인천 미추홀구 용현동 148-19,1,1,0.0,,kakao_local_api:address_jibun,https://dapi.kakao.com/v2/local/search/address.json,2026-09-06,https://www.data.go.kr/data/15029300/fileData.do,2025-09-25,2026-09-06,administrative_record_only_not_confirmed_active,신축,2001-03-15,2001-03-17,,단독주택,67.15,"주소 기반 추정 위치, 공사현장 좌표 아님"
15029300:1913,1913,건축행정기록,단독주택,인천광역시 미추홀구 숭의동 341-3,37.4603685,126.6428236,geocoded_kakao_jibun,kakao_exact_jibun_address_match,인천 미추홀구 숭의동 341-3,1,1,0.0,,kakao_local_api:address_jibun,https://dapi.kakao.com/v2/local/search/address.json,2026-09-06,https://www.data.go.kr/data/15029300/fileData.do,2025-09-25,2026-09-06,administrative_record_only_not_confirmed_active,신축,2001-03-15,2001-03-17,2001-12-27,단독주택,249.5,"주소 기반 추정 위치, 공사현장 좌표 아님"
15029300:1914,1914,건축행정기록,단독주택,인천광역시 미추홀구 용현동 188-5,37.4513457,126.6582083,geocoded_kakao_jibun,kakao_exact_jibun_address_match,인천 미추홀구 용현동 188-5,1,1,0.0,,kakao_local_api:address_jibun,https://dapi.kakao.com/v2/local/search/address.json,2026-09-06,https://www.data.go.kr/data/15029300/fileData.do,2025-09-25,2026-09-06,administrative_record_only_not_confirmed_active,증축,2001-03-12,2001-03-13,,단독주택,108.8,"주소 기반 추정 위치, 공사현장 좌표 아님"
15029300:1915,1915,건축행정기록,단독주택,인천광역시 미추홀구 도화동 423-7,37.4604357,126.6715167,geocoded_kakao_jibun,kakao_exact_jibun_address_match,인천 미추홀구 도화동 423-7,1,1,0.0,,kakao_local_api:address_jibun,https://dapi.kakao.com/v2/local/search/address.json,2026-09-06,https://www.data.go.kr/data/15029300/fileData.do,2025-09-25,2026-09-06,administrative_record_only_not_confirmed_active,신축,2001-03-09,2001-03-16,2001-05-29,단독주택,141,"주소 기반 추정 위치, 공사현장 좌표 아님"
15029300:1916,1916,건축행정기록,제1종근린생활시설,인천광역시 미추홀구 숭의동 31-61,37.4618513,126.6575493,geocoded_kakao_jibun,kakao_exact_jibun_address_match,인천 미추홀구 숭의동 31-61,1,1,0.0,,kakao_local_api:address_jibun,https://dapi.kakao.com/v2/local/search/address.json,2026-09-06,https://www.data.go.kr/data/15029300/fileData.do,2025-09-25,2026-09-06,administrative_record_only_not_confirmed_active,증축,2001-03-09,2001-03-21,2001-04-10,제1종근린생활시설,278,"주소 기반 추정 위치, 공사현장 좌표 아님"
15029300:1917,1917,건축행정기록,단독주택,인천광역시 미추홀구 주안동 450-44,37.4544316,126.6809214,geocoded_kakao_jibun,kakao_exact_jibun_address_match,인천 미추홀구 주안동 450-44,1,1,0.0,,kakao_local_api:address_jibun,https://dapi.kakao.com/v2/local/search/address.json,2026-09-06,https://www.data.go.kr/data/15029300/fileData.do,2025-09-25,2026-09-06,administrative_record_only_not_confirmed_active,증축,2001-03-08,2001-03-09,2001-04-30,단독주택,172.7,"주소 기반 추정 위치, 공사현장 좌표 아님"
15029300:1918,1918,건축행정기록,단독주택,인천광역시 미추홀구 주안동 620-17,37.4583221,126.6703504,geocoded_kakao_jibun,kakao_exact_jibun_address_match,인천 미추홀구 주안동 620-17,1,1,0.0,,kakao_local_api:address_jibun,https://dapi.kakao.com/v2/local/search/address.json,2026-09-06,https://www.data.go.kr/data/15029300/fileData.do,2025-09-25,2026-09-06,administrative_record_only_not_confirmed_active,신축,2001-02-28,2001-03-29,2001-05-25,단독주택,150.94,"주소 기반 추정 위치, 공사현장 좌표 아님"
15029300:1919,1919,건축행정기록,제1종근린생활시설,인천광역시 미추홀구 주안동 1517-4,37.4505514,126.6865684,geocoded_kakao_jibun,kakao_exact_jibun_address_match,인천 미추홀구 주안동 1517-4,1,1,0.0,,kakao_local_api:address_jibun,https://dapi.kakao.com/v2/local/search/address.json,2026-09-06,https://www.data.go.kr/data/15029300/fileData.do,2025-09-25,2026-09-06,administrative_record_only_not_confirmed_active,신축,2001-02-22,2001-02-23,,제1종근린생활시설,426.5,"주소 기반 추정 위치, 공사현장 좌표 아님"
15029300:1920,1920,건축행정기록,제1종근린생활시설,인천광역시 미추홀구 주안동 1483-23,37.4514963,126.6825305,geocoded_kakao_jibun,kakao_exact_jibun_address_match,인천 미추홀구 주안동 1483-23,1,1,0.0,,kakao_local_api:address_jibun,https://dapi.kakao.com/v2/local/search/address.json,2026-09-06,https://www.data.go.kr/data/15029300/fileData.do,2025-09-25,2026-09-06,administrative_record_only_not_confirmed_active,신축,2001-02-21,2001-04-13,2001-12-15,제1종근린생활시설,288.6,"주소 기반 추정 위치, 공사현장 좌표 아님"
15029300:1921,1921,건축행정기록,단독주택,인천광역시 남구 남구 1423-31,,,unresolved,address_not_parcel_or_road_notation,,0,0,,,kakao_local_api:unresolved,https://dapi.kakao.com/v2/local/search/address.json,2026-09-06,https://www.data.go.kr/data/15029300/fileData.do,2025-09-25,2026-09-06,administrative_record_only_not_confirmed_active,증축,2001-02-20,2001-02-21,2001-03-20,단독주택,160.7,"주소 기반 추정 위치, 공사현장 좌표 아님"
15029300:1922,1922,건축행정기록,공장,인천광역시 미추홀구 용현동 604-7,37.4453309,126.6444755,geocoded_kakao_jibun,kakao_exact_jibun_address_match,인천 미추홀구 용현동 604-7,1,1,0.0,,kakao_local_api:address_jibun,https://dapi.kakao.com/v2/local/search/address.json,2026-09-06,https://www.data.go.kr/data/15029300/fileData.do,2025-09-25,2026-09-06,administrative_record_only_not_confirmed_active,증축,2001-02-20,2002-01-31,2002-03-21,공장,115847,"주소 기반 추정 위치, 공사현장 좌표 아님"
15029300:1923,1923,건축행정기록,제2종근린생활시설,인천광역시 남구 남구 294-11,,,unresolved,address_not_parcel_or_road_notation,,0,0,,,kakao_local_api:unresolved,https://dapi.kakao.com/v2/local/search/address.json,2026-09-06,https://www.data.go.kr/data/15029300/fileData.do,2025-09-25,2026-09-06,administrative_record_only_not_confirmed_active,증축,2001-02-19,2001-02-23,2001-04-23,제2종근린생활시설,3967,"주소 기반 추정 위치, 공사현장 좌표 아님"
15029300:1924,1924,건축행정기록,자동차관련시설,인천광역시 미추홀구 주안동 229-4,37.4631907,126.6791256,geocoded_kakao_jibun,kakao_exact_jibun_address_match,인천 미추홀구 주안동 229-4,1,1,0.0,,kakao_local_api:address_jibun,https://dapi.kakao.com/v2/local/search/address.json,2026-09-06,https://www.data.go.kr/data/15029300/fileData.do,2025-09-25,2026-09-06,administrative_record_only_not_confirmed_active,증축,2001-02-16,2001-02-17,2001-02-24,자동차관련시설,462.1,"주소 기반 추정 위치, 공사현장 좌표 아님"
15029300:1925,1925,건축행정기록,단독주택,인천광역시 미추홀구 용현동 617-59,37.4512681,126.6376138,geocoded_kakao_jibun,kakao_exact_jibun_address_match,인천 미추홀구 용현동 617-59,1,1,0.0,,kakao_local_api:address_jibun,https://dapi.kakao.com/v2/local/search/address.json,2026-09-06,https://www.data.go.kr/data/15029300/fileData.do,2025-09-25,2026-09-06,administrative_record_only_not_confirmed_active,증축,2001-02-15,2001-02-17,2001-04-30,단독주택,185.7,"주소 기반 추정 위치, 공사현장 좌표 아님"
15029300:1926,1926,건축행정기록,단독주택,인천광역시 미추홀구 숭의동 2-27,37.4640752,126.6603248,geocoded_kakao_jibun,kakao_exact_jibun_address_match,인천 미추홀구 숭의동 2-27,1,1,0.0,,kakao_local_api:address_jibun,https://dapi.kakao.com/v2/local/search/address.json,2026-09-06,https://www.data.go.kr/data/15029300/fileData.do,2025-09-25,2026-09-06,administrative_record_only_not_confirmed_active,증축,2001-02-08,2001-02-12,2001-12-12,단독주택,192,"주소 기반 추정 위치, 공사현장 좌표 아님"
15029300:1927,1927,건축행정기록,제2종근린생활시설,인천광역시 미추홀구 도화동 625-6,37.4651883,126.6636746,geocoded_kakao_jibun,kakao_exact_jibun_address_match,인천 미추홀구 도화동 625-6,1,1,0.0,,kakao_local_api:address_jibun,https://dapi.kakao.com/v2/local/search/address.json,2026-09-06,https://www.data.go.kr/data/15029300/fileData.do,2025-09-25,2026-09-06,administrative_record_only_not_confirmed_active,신축,2001-02-01,2001-02-03,2001-02-16,제2종근린생활시설,162,"주소 기반 추정 위치, 공사현장 좌표 아님"
15029300:1928,1928,건축행정기록,제2종근린생활시설,인천광역시 남구 남구 633-14,,,unresolved,address_not_parcel_or_road_notation,,0,0,,,kakao_local_api:unresolved,https://dapi.kakao.com/v2/local/search/address.json,2026-09-06,https://www.data.go.kr/data/15029300/fileData.do,2025-09-25,2026-09-06,administrative_record_only_not_confirmed_active,신축,2001-01-31,2001-02-03,2001-03-09,제2종근린생활시설,159,"주소 기반 추정 위치, 공사현장 좌표 아님"
15029300:1929,1929,건축행정기록,공장,인천광역시 미추홀구 학익동 587-59,37.4399080,126.6383910,geocoded_kakao_jibun,kakao_exact_jibun_address_match,인천 미추홀구 학익동 587-59,1,1,0.0,,kakao_local_api:address_jibun,https://dapi.kakao.com/v2/local/search/address.json,2026-09-06,https://www.data.go.kr/data/15029300/fileData.do,2025-09-25,2026-09-06,administrative_record_only_not_confirmed_active,증축,2001-01-31,2001-02-08,2001-03-03,공장,66118,"주소 기반 추정 위치, 공사현장 좌표 아님"
15029300:1930,1930,건축행정기록,위험물저장및처리시설,인천광역시 미추홀구 용현동 287-1 외1필지,,,unresolved,no_exact_parcel_match_in_kakao,,0,0,,,kakao_local_api:unresolved,https://dapi.kakao.com/v2/local/search/address.json,2026-09-06,https://www.data.go.kr/data/15029300/fileData.do,2025-09-25,2026-09-06,administrative_record_only_not_confirmed_active,증축,2001-01-31,2001-02-03,2001-02-21,위험물저장및처리시설,2365.06,"주소 기반 추정 위치, 공사현장 좌표 아님"
15029300:1931,1931,건축행정기록,단독주택,인천광역시 미추홀구 숭의동 166-26,37.4622573,126.6456329,geocoded_kakao_jibun,kakao_exact_jibun_address_match,인천 미추홀구 숭의동 166-26,1,1,0.0,,kakao_local_api:address_jibun,https://dapi.kakao.com/v2/local/search/address.json,2026-09-06,https://www.data.go.kr/data/15029300/fileData.do,2025-09-25,2026-09-06,administrative_record_only_not_confirmed_active,신축,2001-01-26,2001-01-30,,단독주택,101.72,"주소 기반 추정 위치, 공사현장 좌표 아님"
15029300:1932,1932,건축행정기록,제2종근린생활시설,인천광역시 미추홀구 용현동 194-2,37.4522486,126.6569644,geocoded_kakao_jibun,kakao_exact_jibun_address_match,인천 미추홀구 용현동 194-2,1,1,0.0,,kakao_local_api:address_jibun,https://dapi.kakao.com/v2/local/search/address.json,2026-09-06,https://www.data.go.kr/data/15029300/fileData.do,2025-09-25,2026-09-06,administrative_record_only_not_confirmed_active,증축,2001-01-17,2001-01-18,2001-02-01,제2종근린생활시설,217.4,"주소 기반 추정 위치, 공사현장 좌표 아님"
15029300:1933,1933,건축행정기록,단독주택,인천광역시 미추홀구 주안동 417-25,37.4541903,126.6837569,geocoded_kakao_jibun,kakao_exact_jibun_address_match,인천 미추홀구 주안동 417-25,1,1,0.0,,kakao_local_api:address_jibun,https://dapi.kakao.com/v2/local/search/address.json,2026-09-06,https://www.data.go.kr/data/15029300/fileData.do,2025-09-25,2026-09-06,administrative_record_only_not_confirmed_active,증축,2001-01-12,2001-01-17,2001-03-28,단독주택,103.55,"주소 기반 추정 위치, 공사현장 좌표 아님"
15029300:1934,1934,건축행정기록,제2종근린생활시설,인천광역시 미추홀구 용현동 617-40,37.4514541,126.6379900,geocoded_kakao_jibun,kakao_exact_jibun_address_match,인천 미추홀구 용현동 617-40,1,1,0.0,,kakao_local_api:address_jibun,https://dapi.kakao.com/v2/local/search/address.json,2026-09-06,https://www.data.go.kr/data/15029300/fileData.do,2025-09-25,2026-09-06,administrative_record_only_not_confirmed_active,증축,2001-01-11,2001-03-06,2001-05-02,제2종근린생활시설,195.1,"주소 기반 추정 위치, 공사현장 좌표 아님"
15029300:1935,1935,건축행정기록,제1종근린생활시설,인천광역시 미추홀구 학익동 312-12,37.4452192,126.6657014,geocoded_kakao_jibun,kakao_exact_jibun_address_match,인천 미추홀구 학익동 312-12,1,1,0.0,,kakao_local_api:address_jibun,https://dapi.kakao.com/v2/local/search/address.json,2026-09-06,https://www.data.go.kr/data/15029300/fileData.do,2025-09-25,2026-09-06,administrative_record_only_not_confirmed_active,증축,2001-01-05,2001-01-10,2001-03-16,제1종근린생활시설,159,"주소 기반 추정 위치, 공사현장 좌표 아님"
15029300:1936,1936,건축행정기록,제2종근린생활시설,인천광역시 미추홀구 주안동 1297-2,37.4422489,126.6789514,geocoded_kakao_jibun,kakao_exact_jibun_address_match,인천 미추홀구 주안동 1297-2,1,1,0.0,,kakao_local_api:address_jibun,https://dapi.kakao.com/v2/local/search/address.json,2026-09-06,https://www.data.go.kr/data/15029300/fileData.do,2025-09-25,2026-09-06,administrative_record_only_not_confirmed_active,신축,2000-12-30,2001-01-06,2001-02-06,제2종근린생활시설,145,"주소 기반 추정 위치, 공사현장 좌표 아님"
15029300:1937,1937,건축행정기록,단독주택,인천광역시 미추홀구 도화동 46-18,,,unresolved,no_exact_parcel_match_in_kakao,,0,0,,,kakao_local_api:unresolved,https://dapi.kakao.com/v2/local/search/address.json,2026-09-06,https://www.data.go.kr/data/15029300/fileData.do,2025-09-25,2026-09-06,administrative_record_only_not_confirmed_active,증축,2000-12-30,2001-01-05,2001-01-16,단독주택,161.9,"주소 기반 추정 위치, 공사현장 좌표 아님"
15029300:1938,1938,건축행정기록,단독주택,인천광역시 미추홀구 주안동 586-7,37.4563516,126.6659582,geocoded_kakao_jibun,kakao_exact_jibun_address_match,인천 미추홀구 주안동 586-7,1,1,0.0,,kakao_local_api:address_jibun,https://dapi.kakao.com/v2/local/search/address.json,2026-09-06,https://www.data.go.kr/data/15029300/fileData.do,2025-09-25,2026-09-06,administrative_record_only_not_confirmed_active,증축,2000-12-26,2000-12-29,,단독주택,153,"주소 기반 추정 위치, 공사현장 좌표 아님"
15029300:1939,1939,건축행정기록,창고시설,인천광역시 미추홀구 용현동 371-2,,,unresolved,no_exact_parcel_match_in_kakao,,0,0,,,kakao_local_api:unresolved,https://dapi.kakao.com/v2/local/search/address.json,2026-09-06,https://www.data.go.kr/data/15029300/fileData.do,2025-09-25,2026-09-06,administrative_record_only_not_confirmed_active,신축,2000-12-14,2000-12-27,2001-01-05,창고시설,1239.1,"주소 기반 추정 위치, 공사현장 좌표 아님"
15029300:1940,1940,건축행정기록,교육연구및복지시설,인천광역시 미추홀구 도화동 119-15,37.4705696,126.6686667,geocoded_kakao_jibun,kakao_exact_jibun_address_match,인천 미추홀구 도화동 119-15,1,1,0.0,,kakao_local_api:address_jibun,https://dapi.kakao.com/v2/local/search/address.json,2026-09-06,https://www.data.go.kr/data/15029300/fileData.do,2025-09-25,2026-09-06,administrative_record_only_not_confirmed_active,증축,2000-12-14,2000-12-18,2001-01-13,교육연구및복지시설,302.2,"주소 기반 추정 위치, 공사현장 좌표 아님"
15029300:1941,1941,건축행정기록,제1종근린생활시설,인천광역시 미추홀구 주안동 1205-4,,,unresolved,no_exact_parcel_match_in_kakao,,0,0,,,kakao_local_api:unresolved,https://dapi.kakao.com/v2/local/search/address.json,2026-09-06,https://www.data.go.kr/data/15029300/fileData.do,2025-09-25,2026-09-06,administrative_record_only_not_confirmed_active,신축,2000-12-13,2000-12-13,2001-01-26,제1종근린생활시설,196,"주소 기반 추정 위치, 공사현장 좌표 아님"
15029300:1942,1942,건축행정기록,제1종근린생활시설,인천광역시 미추홀구 주안동 799-10,37.4517907,126.6698353,geocoded_kakao_jibun,kakao_exact_jibun_address_match,인천 미추홀구 주안동 799-10,1,1,0.0,,kakao_local_api:address_jibun,https://dapi.kakao.com/v2/local/search/address.json,2026-09-06,https://www.data.go.kr/data/15029300/fileData.do,2025-09-25,2026-09-06,administrative_record_only_not_confirmed_active,신축,2000-12-13,2000-12-13,2001-01-26,제1종근린생활시설,217.9,"주소 기반 추정 위치, 공사현장 좌표 아님"
15029300:1943,1943,건축행정기록,제1종근린생활시설,인천광역시 미추홀구 용현동 198-22,37.4517852,126.6551241,geocoded_kakao_jibun,kakao_exact_jibun_address_match,인천 미추홀구 용현동 198-22,1,1,0.0,,kakao_local_api:address_jibun,https://dapi.kakao.com/v2/local/search/address.json,2026-09-06,https://www.data.go.kr/data/15029300/fileData.do,2025-09-25,2026-09-06,administrative_record_only_not_confirmed_active,신축,2000-12-12,2000-12-14,2001-01-06,제1종근린생활시설,65.4,"주소 기반 추정 위치, 공사현장 좌표 아님"
15029300:1944,1944,건축행정기록,제1종근린생활시설,인천광역시 미추홀구 주안동 1486-5,37.4507948,126.6843070,geocoded_kakao_jibun,kakao_exact_jibun_address_match,인천 미추홀구 주안동 1486-5,1,1,0.0,,kakao_local_api:address_jibun,https://dapi.kakao.com/v2/local/search/address.json,2026-09-06,https://www.data.go.kr/data/15029300/fileData.do,2025-09-25,2026-09-06,administrative_record_only_not_confirmed_active,신축,2000-12-12,2000-12-13,2001-02-26,제1종근린생활시설,397.6,"주소 기반 추정 위치, 공사현장 좌표 아님"
15029300:1945,1945,건축행정기록,제1종근린생활시설,인천광역시 미추홀구 주안동 19-129,37.4676659,126.6867614,geocoded_kakao_jibun,kakao_exact_jibun_address_match,인천 미추홀구 주안동 19-129,1,1,0.0,,kakao_local_api:address_jibun,https://dapi.kakao.com/v2/local/search/address.json,2026-09-06,https://www.data.go.kr/data/15029300/fileData.do,2025-09-25,2026-09-06,administrative_record_only_not_confirmed_active,증축,2000-12-11,2000-12-13,2001-03-30,제1종근린생활시설,285,"주소 기반 추정 위치, 공사현장 좌표 아님"
15029300:1946,1946,건축행정기록,자동차관련시설,인천광역시 미추홀구 숭의동 294-35,37.4594873,126.6480204,geocoded_kakao_jibun,kakao_exact_jibun_address_match,인천 미추홀구 숭의동 294-35,1,1,0.0,,kakao_local_api:address_jibun,https://dapi.kakao.com/v2/local/search/address.json,2026-09-06,https://www.data.go.kr/data/15029300/fileData.do,2025-09-25,2026-09-06,administrative_record_only_not_confirmed_active,증축,2000-12-04,2000-12-04,2001-02-06,자동차관련시설,997,"주소 기반 추정 위치, 공사현장 좌표 아님"
15029300:1947,1947,건축행정기록,단독주택,인천광역시 미추홀구 용현동 147-48,37.4545500,126.6548445,geocoded_kakao_jibun,kakao_exact_jibun_address_match,인천 미추홀구 용현동 147-48,1,1,0.0,,kakao_local_api:address_jibun,https://dapi.kakao.com/v2/local/search/address.json,2026-09-06,https://www.data.go.kr/data/15029300/fileData.do,2025-09-25,2026-09-06,administrative_record_only_not_confirmed_active,증축,2000-11-29,2000-12-01,2001-04-13,단독주택,50,"주소 기반 추정 위치, 공사현장 좌표 아님"
15029300:1948,1948,건축행정기록,제1종근린생활시설,인천광역시 미추홀구 학익동 212-29,37.4408049,126.6632452,geocoded_kakao_jibun,kakao_exact_jibun_address_match,인천 미추홀구 학익동 212-29,1,1,0.0,,kakao_local_api:address_jibun,https://dapi.kakao.com/v2/local/search/address.json,2026-09-06,https://www.data.go.kr/data/15029300/fileData.do,2025-09-25,2026-09-06,administrative_record_only_not_confirmed_active,신축,2000-11-25,2000-11-28,2000-12-14,제1종근린생활시설,182,"주소 기반 추정 위치, 공사현장 좌표 아님"
15029300:1949,1949,건축행정기록,업무시설,인천광역시 미추홀구 주안동 17-1,37.4708489,126.6847440,geocoded_kakao_jibun,kakao_exact_jibun_address_match,인천 미추홀구 주안동 17-1,1,1,0.0,,kakao_local_api:address_jibun,https://dapi.kakao.com/v2/local/search/address.json,2026-09-06,https://www.data.go.kr/data/15029300/fileData.do,2025-09-25,2026-09-06,administrative_record_only_not_confirmed_active,증축,2000-11-25,2000-11-27,,업무시설,15939,"주소 기반 추정 위치, 공사현장 좌표 아님"
15029300:1950,1950,건축행정기록,제2종근린생활시설,인천광역시 미추홀구 학익동 222-15,37.4404296,126.6643697,geocoded_kakao_jibun,kakao_exact_jibun_address_match,인천 미추홀구 학익동 222-15,1,1,0.0,,kakao_local_api:address_jibun,https://dapi.kakao.com/v2/local/search/address.json,2026-09-06,https://www.data.go.kr/data/15029300/fileData.do,2025-09-25,2026-09-06,administrative_record_only_not_confirmed_active,신축,2000-11-25,2000-12-01,2001-03-09,제2종근린생활시설,107,"주소 기반 추정 위치, 공사현장 좌표 아님"
15029300:1951,1951,건축행정기록,단독주택,인천광역시 미추홀구 학익동 186-2,37.4379521,126.6634550,geocoded_kakao_jibun,kakao_exact_jibun_address_match,인천 미추홀구 학익동 186-2,1,1,0.0,,kakao_local_api:address_jibun,https://dapi.kakao.com/v2/local/search/address.json,2026-09-06,https://www.data.go.kr/data/15029300/fileData.do,2025-09-25,2026-09-06,administrative_record_only_not_confirmed_active,신축,2000-11-25,2000-12-06,2001-04-02,단독주택,655,"주소 기반 추정 위치, 공사현장 좌표 아님"
15029300:1952,1952,건축행정기록,단독주택,인천광역시 미추홀구 도화동 122-73,,,unresolved,no_exact_parcel_match_in_kakao,,0,0,,,kakao_local_api:unresolved,https://dapi.kakao.com/v2/local/search/address.json,2026-09-06,https://www.data.go.kr/data/15029300/fileData.do,2025-09-25,2026-09-06,administrative_record_only_not_confirmed_active,대수선,2000-11-23,2000-11-24,2001-03-03,단독주택,235.5,"주소 기반 추정 위치, 공사현장 좌표 아님"
15029300:1953,1953,건축행정기록,제2종근린생활시설,인천광역시 미추홀구 주안동 62-4,37.4600130,126.6868843,geocoded_kakao_jibun,kakao_exact_jibun_address_match,인천 미추홀구 주안동 62-4,1,1,0.0,,kakao_local_api:address_jibun,https://dapi.kakao.com/v2/local/search/address.json,2026-09-06,https://www.data.go.kr/data/15029300/fileData.do,2025-09-25,2026-09-06,administrative_record_only_not_confirmed_active,증축,2000-11-21,2000-11-22,2000-11-24,제2종근린생활시설,421.2,"주소 기반 추정 위치, 공사현장 좌표 아님"
15029300:1954,1954,건축행정기록,단독주택,인천광역시 미추홀구 주안동 811-9,37.4492932,126.6683837,geocoded_kakao_jibun,kakao_exact_jibun_address_match,인천 미추홀구 주안동 811-9,1,1,0.0,,kakao_local_api:address_jibun,https://dapi.kakao.com/v2/local/search/address.json,2026-09-06,https://www.data.go.kr/data/15029300/fileData.do,2025-09-25,2026-09-06,administrative_record_only_not_confirmed_active,증축,2000-11-20,2000-11-21,2000-12-23,단독주택,170.5,"주소 기반 추정 위치, 공사현장 좌표 아님"
15029300:1955,1955,건축행정기록,단독주택,인천광역시 남구 남구 599-31,,,unresolved,address_not_parcel_or_road_notation,,0,0,,,kakao_local_api:unresolved,https://dapi.kakao.com/v2/local/search/address.json,2026-09-06,https://www.data.go.kr/data/15029300/fileData.do,2025-09-25,2026-09-06,administrative_record_only_not_confirmed_active,신축,2000-11-13,2000-11-15,2001-01-04,단독주택,192,"주소 기반 추정 위치, 공사현장 좌표 아님"
15029300:1956,1956,건축행정기록,단독주택,인천광역시 미추홀구 주안동 1426-11 외1필지,,,unresolved,no_exact_parcel_match_in_kakao,,0,0,,,kakao_local_api:unresolved,https://dapi.kakao.com/v2/local/search/address.json,2026-09-06,https://www.data.go.kr/data/15029300/fileData.do,2025-09-25,2026-09-06,administrative_record_only_not_confirmed_active,증축,2000-11-07,2000-11-13,2001-01-12,단독주택,136.6,"주소 기반 추정 위치, 공사현장 좌표 아님"
15029300:1957,1957,건축행정기록,제2종근린생활시설,인천광역시 미추홀구 용현동 169-3 외1필지,37.4532031,126.6572423,geocoded_kakao_jibun,kakao_exact_jibun_address_match,인천 미추홀구 용현동 169-3,1,1,0.0,,kakao_local_api:address_jibun,https://dapi.kakao.com/v2/local/search/address.json,2026-09-06,https://www.data.go.kr/data/15029300/fileData.do,2025-09-25,2026-09-06,administrative_record_only_not_confirmed_active,용도변경,2000-11-04,2005-10-28,2005-11-02,제2종근린생활시설,535,"주소 기반 추정 위치, 공사현장 좌표 아님"
15029300:1958,1958,건축행정기록,제1종근린생활시설,인천광역시 미추홀구 주안동 155-4,37.4611534,126.6817752,geocoded_kakao_jibun,kakao_exact_jibun_address_match,인천 미추홀구 주안동 155-4,1,1,0.0,,kakao_local_api:address_jibun,https://dapi.kakao.com/v2/local/search/address.json,2026-09-06,https://www.data.go.kr/data/15029300/fileData.do,2025-09-25,2026-09-06,administrative_record_only_not_confirmed_active,용도변경,2000-11-02,2000-11-09,2000-12-12,제1종근린생활시설,224.5,"주소 기반 추정 위치, 공사현장 좌표 아님"
15029300:1959,1959,건축행정기록,제2종근린생활시설,인천광역시 미추홀구 주안동 107-3,37.4628270,126.6831695,geocoded_kakao_jibun,kakao_exact_jibun_address_match,인천 미추홀구 주안동 107-3,1,1,0.0,,kakao_local_api:address_jibun,https://dapi.kakao.com/v2/local/search/address.json,2026-09-06,https://www.data.go.kr/data/15029300/fileData.do,2025-09-25,2026-09-06,administrative_record_only_not_confirmed_active,증축,2000-11-01,2000-11-01,2000-12-08,제2종근린생활시설,201.6,"주소 기반 추정 위치, 공사현장 좌표 아님"
15029300:1960,1960,건축행정기록,단독주택,인천광역시 미추홀구 용현동 39-35,37.4486622,126.6646491,geocoded_kakao_jibun,kakao_exact_jibun_address_match,인천 미추홀구 용현동 39-35,1,1,0.0,,kakao_local_api:address_jibun,https://dapi.kakao.com/v2/local/search/address.json,2026-09-06,https://www.data.go.kr/data/15029300/fileData.do,2025-09-25,2026-09-06,administrative_record_only_not_confirmed_active,증축,2000-10-31,2000-11-01,2000-11-25,단독주택,98.1,"주소 기반 추정 위치, 공사현장 좌표 아님"
15029300:1961,1961,건축행정기록,단독주택,인천광역시 미추홀구 주안동 18-116,37.4675345,126.6833799,geocoded_kakao_jibun,kakao_exact_jibun_address_match,인천 미추홀구 주안동 18-116,1,1,0.0,,kakao_local_api:address_jibun,https://dapi.kakao.com/v2/local/search/address.json,2026-09-06,https://www.data.go.kr/data/15029300/fileData.do,2025-09-25,2026-09-06,administrative_record_only_not_confirmed_active,증축,2000-10-09,2000-11-01,2000-12-05,단독주택,198.5,"주소 기반 추정 위치, 공사현장 좌표 아님"
15029300:1962,1962,건축행정기록,단독주택,인천광역시 미추홀구 도화동 6-48,,,unresolved,no_exact_parcel_match_in_kakao,,0,0,,,kakao_local_api:unresolved,https://dapi.kakao.com/v2/local/search/address.json,2026-09-06,https://www.data.go.kr/data/15029300/fileData.do,2025-09-25,2026-09-06,administrative_record_only_not_confirmed_active,신축,2000-08-03,2002-03-27,2002-07-12,단독주택,118.6,"주소 기반 추정 위치, 공사현장 좌표 아님"
15029300:1963,1963,건축행정기록,교육연구및복지시설,인천광역시 미추홀구 문학동,,,unresolved,address_not_parcel_or_road_notation,,0,0,,,kakao_local_api:unresolved,https://dapi.kakao.com/v2/local/search/address.json,2026-09-06,https://www.data.go.kr/data/15029300/fileData.do,2025-09-25,2026-09-06,administrative_record_only_not_confirmed_active,증축,2000-07-07,2001-01-18,2001-01-30,교육연구및복지시설,2881.2,"주소 기반 추정 위치, 공사현장 좌표 아님"
15029300:1964,1964,건축행정기록,업무시설,인천광역시 미추홀구 주안동 408-2,37.4578770,126.6852892,geocoded_kakao_jibun,kakao_exact_jibun_address_match,인천 미추홀구 주안동 408-2,1,1,0.0,,kakao_local_api:address_jibun,https://dapi.kakao.com/v2/local/search/address.json,2026-09-06,https://www.data.go.kr/data/15029300/fileData.do,2025-09-25,2026-09-06,administrative_record_only_not_confirmed_active,대수선,2000-07-03,2000-07-07,2000-12-28,업무시설,2029.1,"주소 기반 추정 위치, 공사현장 좌표 아님"
15029300:1965,1965,건축행정기록,단독주택,인천광역시 미추홀구 주안동 671-8,37.4535985,126.6657538,geocoded_kakao_jibun,kakao_exact_jibun_address_match,인천 미추홀구 주안동 671-8,1,1,0.0,,kakao_local_api:address_jibun,https://dapi.kakao.com/v2/local/search/address.json,2026-09-06,https://www.data.go.kr/data/15029300/fileData.do,2025-09-25,2026-09-06,administrative_record_only_not_confirmed_active,증축,1999-12-10,1999-12-11,2000-12-30,단독주택,274,"주소 기반 추정 위치, 공사현장 좌표 아님"
15029300:1966,1966,건축행정기록,제2종근린생활시설,인천광역시 미추홀구 주안동 1531-1,37.4504989,126.6890866,geocoded_kakao_jibun,kakao_exact_jibun_address_match,인천 미추홀구 주안동 1531-1,1,1,0.0,,kakao_local_api:address_jibun,https://dapi.kakao.com/v2/local/search/address.json,2026-09-06,https://www.data.go.kr/data/15029300/fileData.do,2025-09-25,2026-09-06,administrative_record_only_not_confirmed_active,증축,1999-10-29,1999-10-30,2001-06-19,제2종근린생활시설,547.3,"주소 기반 추정 위치, 공사현장 좌표 아님"
15029300:1967,1967,건축행정기록,단독주택,인천광역시 미추홀구 숭의동 432-20,37.4633254,126.6417662,geocoded_kakao_jibun,kakao_exact_jibun_address_match,인천 미추홀구 숭의동 432-20,1,1,0.0,,kakao_local_api:address_jibun,https://dapi.kakao.com/v2/local/search/address.json,2026-09-06,https://www.data.go.kr/data/15029300/fileData.do,2025-09-25,2026-09-06,administrative_record_only_not_confirmed_active,증축,1993-08-20,2011-05-20,2011-05-27,단독주택,394.9,"주소 기반 추정 위치, 공사현장 좌표 아님"
15029300:1968,1968,건축행정기록,단독주택,인천광역시 미추홀구 주안동 656-16,37.4590484,126.6667570,geocoded_kakao_jibun,kakao_exact_jibun_address_match,인천 미추홀구 주안동 656-16,1,1,0.0,,kakao_local_api:address_jibun,https://dapi.kakao.com/v2/local/search/address.json,2026-09-06,https://www.data.go.kr/data/15029300/fileData.do,2025-09-25,2026-09-06,administrative_record_only_not_confirmed_active,증축,1992-08-22,1992-08-24,2004-11-29,단독주택,168.5,"주소 기반 추정 위치, 공사현장 좌표 아님"
15029300:1969,1969,건축행정기록,단독주택,인천광역시 미추홀구 주안동 605-3,37.4554686,126.6706791,geocoded_kakao_jibun,kakao_exact_jibun_address_match,인천 미추홀구 주안동 605-3,1,1,0.0,,kakao_local_api:address_jibun,https://dapi.kakao.com/v2/local/search/address.json,2026-09-06,https://www.data.go.kr/data/15029300/fileData.do,2025-09-25,2026-09-06,administrative_record_only_not_confirmed_active,증축,1991-11-30,2007-03-26,2007-04-23,단독주택,268.8,"주소 기반 추정 위치, 공사현장 좌표 아님"
15029300:1970,1970,건축행정기록,단독주택,인천광역시 미추홀구 숭의동 248-217,37.4594431,126.6558502,geocoded_kakao_jibun,kakao_exact_jibun_address_match,인천 미추홀구 숭의동 248-217,1,1,0.0,,kakao_local_api:address_jibun,https://dapi.kakao.com/v2/local/search/address.json,2026-09-06,https://www.data.go.kr/data/15029300/fileData.do,2025-09-25,2026-09-06,administrative_record_only_not_confirmed_active,증축,1990-04-25,1990-10-08,2016-05-13,단독주택,171,"주소 기반 추정 위치, 공사현장 좌표 아님"
15029300:1971,1971,건축행정기록,제2종근린생활시설,인천광역시 미추홀구 학익동 660-1,37.4404088,126.6699178,geocoded_kakao_jibun,kakao_exact_jibun_address_match,인천 미추홀구 학익동 660-1,1,1,0.0,,kakao_local_api:address_jibun,https://dapi.kakao.com/v2/local/search/address.json,2026-09-06,https://www.data.go.kr/data/15029300/fileData.do,2025-09-25,2026-09-06,administrative_record_only_not_confirmed_active,대수선,,2004-08-26,2004-11-26,제2종근린생활시설,435.1,"주소 기반 추정 위치, 공사현장 좌표 아님"
