source_record_id,source_row,facility_type,facility_name,address,latitude,longitude,coordinate_status,match_reason,matched_address_key,coordinate_matching_record_count,coordinate_unique_point_count,coordinate_max_pairwise_distance_m,coordinate_source_record_ids,coordinate_source,coordinate_source_url,coordinate_source_as_of,source_url,source_as_of,retrieved_at,construction_status,construction_type,permit_date,start_date,approval_date,main_use,site_area_sqm,coordinate_limitations
15038929:7,7,건축행정기록,제1종근린생활시설,인천광역시 계양구 계산동 1080-8,37.5358365,126.7378714,geocoded_kakao_jibun,kakao_exact_jibun_address_match,인천 계양구 계산동 1080-8,1,1,0.0,,kakao_local_api:address_jibun,https://dapi.kakao.com/v2/local/search/address.json,2026-09-06,https://www.data.go.kr/data/15038929/fileData.do,2026-01-19,2026-09-06,administrative_record_only_not_confirmed_active,대수선,2025-12-19,2025-12-22,2026-01-08,제1종근린생활시설,,"주소 기반 추정 위치, 공사현장 좌표 아님"
15038929:20,20,건축행정기록,종교시설,인천광역시 계양구 동양동 인천계양 테크노밸리 공공주택지구내 종교시설1,,,unresolved,address_not_parcel_or_road_notation,,0,0,,,kakao_local_api:unresolved,https://dapi.kakao.com/v2/local/search/address.json,2026-09-06,https://www.data.go.kr/data/15038929/fileData.do,2026-01-19,2026-09-06,administrative_record_only_not_confirmed_active,신축,2025-10-28,2025-12-12,,종교시설,,"주소 기반 추정 위치, 공사현장 좌표 아님"
15038929:22,22,건축행정기록,제1종근린생활시설,인천광역시 계양구 작전동 866-4,37.5296581,126.7232698,geocoded_kakao_jibun,kakao_exact_jibun_address_match,인천 계양구 작전동 866-4,1,1,0.0,,kakao_local_api:address_jibun,https://dapi.kakao.com/v2/local/search/address.json,2026-09-06,https://www.data.go.kr/data/15038929/fileData.do,2026-01-19,2026-09-06,administrative_record_only_not_confirmed_active,용도변경,2025-09-29,,2025-11-14,제1종근린생활시설,,"주소 기반 추정 위치, 공사현장 좌표 아님"
15038929:24,24,건축행정기록,제2종근린생활시설,인천광역시 계양구 계산동 1074-11,37.5363277,126.7346290,geocoded_kakao_jibun,kakao_exact_jibun_address_match,인천 계양구 계산동 1074-11,1,1,0.0,,kakao_local_api:address_jibun,https://dapi.kakao.com/v2/local/search/address.json,2026-09-06,https://www.data.go.kr/data/15038929/fileData.do,2026-01-19,2026-09-06,administrative_record_only_not_confirmed_active,대수선,2025-09-02,2025-10-21,,제2종근린생활시설,,"주소 기반 추정 위치, 공사현장 좌표 아님"
15038929:25,25,건축행정기록,종교시설,인천광역시 계양구 작전동 177,37.5271873,126.7301726,geocoded_kakao_jibun,kakao_exact_jibun_address_match,인천 계양구 작전동 177,1,1,0.0,,kakao_local_api:address_jibun,https://dapi.kakao.com/v2/local/search/address.json,2026-09-06,https://www.data.go.kr/data/15038929/fileData.do,2026-01-19,2026-09-06,administrative_record_only_not_confirmed_active,증축,2025-09-02,2025-10-15,,종교시설,,"주소 기반 추정 위치, 공사현장 좌표 아님"
15038929:26,26,건축행정기록,제1종근린생활시설,인천광역시 계양구 계산동 929-6,37.5437109,126.7253859,geocoded_kakao_jibun,kakao_exact_jibun_address_match,인천 계양구 계산동 929-6,1,1,0.0,,kakao_local_api:address_jibun,https://dapi.kakao.com/v2/local/search/address.json,2026-09-06,https://www.data.go.kr/data/15038929/fileData.do,2026-01-19,2026-09-06,administrative_record_only_not_confirmed_active,증축,2025-09-01,2025-12-09,,제1종근린생활시설,,"주소 기반 추정 위치, 공사현장 좌표 아님"
15038929:27,27,건축행정기록,제2종근린생활시설,인천광역시 계양구 오류동 152-1 외1필지,37.5872157,126.7233097,geocoded_kakao_jibun,kakao_exact_jibun_address_match,인천 계양구 오류동 152-1,1,1,0.0,,kakao_local_api:address_jibun,https://dapi.kakao.com/v2/local/search/address.json,2026-09-06,https://www.data.go.kr/data/15038929/fileData.do,2026-01-19,2026-09-06,administrative_record_only_not_confirmed_active,신축,2025-08-21,2025-09-11,,제2종근린생활시설,,"주소 기반 추정 위치, 공사현장 좌표 아님"
15038929:28,28,건축행정기록,제2종근린생활시설,인천광역시 계양구 오류동 137-6,37.5863247,126.7263503,geocoded_kakao_jibun,kakao_exact_jibun_address_match,인천 계양구 오류동 137-6,1,1,0.0,,kakao_local_api:address_jibun,https://dapi.kakao.com/v2/local/search/address.json,2026-09-06,https://www.data.go.kr/data/15038929/fileData.do,2026-01-19,2026-09-06,administrative_record_only_not_confirmed_active,증축,2025-08-20,2025-08-29,2025-12-19,제2종근린생활시설,,"주소 기반 추정 위치, 공사현장 좌표 아님"
15038929:29,29,건축행정기록,노유자시설,인천광역시 계양구 선주지동 121-6,37.5801733,126.7449392,geocoded_kakao_jibun,kakao_exact_jibun_address_match,인천 계양구 선주지동 121-6,1,1,0.0,,kakao_local_api:address_jibun,https://dapi.kakao.com/v2/local/search/address.json,2026-09-06,https://www.data.go.kr/data/15038929/fileData.do,2026-01-19,2026-09-06,administrative_record_only_not_confirmed_active,증축,2025-08-14,2025-09-19,2025-12-19,노유자시설,,"주소 기반 추정 위치, 공사현장 좌표 아님"
15038929:30,30,건축행정기록,종교시설,인천광역시 계양구 박촌동 19-3 외2필지,37.5563182,126.7442516,geocoded_kakao_jibun,kakao_exact_jibun_address_match,인천 계양구 박촌동 19-3,1,1,0.0,,kakao_local_api:address_jibun,https://dapi.kakao.com/v2/local/search/address.json,2026-09-06,https://www.data.go.kr/data/15038929/fileData.do,2026-01-19,2026-09-06,administrative_record_only_not_confirmed_active,증축,2025-08-01,2025-09-04,,종교시설,,"주소 기반 추정 위치, 공사현장 좌표 아님"
15038929:33,33,건축행정기록,제1종근린생활시설,인천광역시 계양구 계산동 931-51,37.5438943,126.7234349,geocoded_kakao_jibun,kakao_exact_jibun_address_match,인천 계양구 계산동 931-51,1,1,0.0,,kakao_local_api:address_jibun,https://dapi.kakao.com/v2/local/search/address.json,2026-09-06,https://www.data.go.kr/data/15038929/fileData.do,2026-01-19,2026-09-06,administrative_record_only_not_confirmed_active,용도변경,2025-07-23,,2025-08-19,제1종근린생활시설,,"주소 기반 추정 위치, 공사현장 좌표 아님"
15038929:36,36,건축행정기록,공동주택,인천광역시 계양구 귤현동 507,37.5675825,126.7445656,geocoded_kakao_jibun,kakao_exact_jibun_address_match,인천 계양구 귤현동 507,1,1,0.0,,kakao_local_api:address_jibun,https://dapi.kakao.com/v2/local/search/address.json,2026-09-06,https://www.data.go.kr/data/15038929/fileData.do,2026-01-19,2026-09-06,administrative_record_only_not_confirmed_active,신축,2025-07-14,2025-07-22,2026-01-15,공동주택,,"주소 기반 추정 위치, 공사현장 좌표 아님"
15038929:38,38,건축행정기록,제1종근린생활시설,인천광역시 계양구 작전동 135-4 외1필지,37.5286416,126.7337181,geocoded_kakao_jibun,kakao_exact_jibun_address_match,인천 계양구 작전동 135-4,1,1,0.0,,kakao_local_api:address_jibun,https://dapi.kakao.com/v2/local/search/address.json,2026-09-06,https://www.data.go.kr/data/15038929/fileData.do,2026-01-19,2026-09-06,administrative_record_only_not_confirmed_active,증축,2025-06-30,2025-08-06,2025-12-01,제1종근린생활시설,,"주소 기반 추정 위치, 공사현장 좌표 아님"
15038929:40,40,건축행정기록,제1종근린생활시설,인천광역시 계양구 계산동 1080-7,37.5356005,126.7378442,geocoded_kakao_jibun,kakao_exact_jibun_address_match,인천 계양구 계산동 1080-7,1,1,0.0,,kakao_local_api:address_jibun,https://dapi.kakao.com/v2/local/search/address.json,2026-09-06,https://www.data.go.kr/data/15038929/fileData.do,2026-01-19,2026-09-06,administrative_record_only_not_confirmed_active,용도변경,2025-06-25,,2025-07-31,제1종근린생활시설,,"주소 기반 추정 위치, 공사현장 좌표 아님"
15038929:41,41,건축행정기록,종교시설,인천광역시 계양구 계산동 933 외2필지,37.5447336,126.7203844,geocoded_kakao_jibun,kakao_exact_jibun_address_match,인천 계양구 계산동 933,1,1,0.0,,kakao_local_api:address_jibun,https://dapi.kakao.com/v2/local/search/address.json,2026-09-06,https://www.data.go.kr/data/15038929/fileData.do,2026-01-19,2026-09-06,administrative_record_only_not_confirmed_active,증축,2025-06-23,2025-08-29,,종교시설,,"주소 기반 추정 위치, 공사현장 좌표 아님"
15038929:43,43,건축행정기록,제2종근린생활시설,인천광역시 계양구 평동 46-19,37.5840683,126.7781511,geocoded_kakao_jibun,kakao_exact_jibun_address_match,인천 계양구 평동 46-19,1,1,0.0,,kakao_local_api:address_jibun,https://dapi.kakao.com/v2/local/search/address.json,2026-09-06,https://www.data.go.kr/data/15038929/fileData.do,2026-01-19,2026-09-06,administrative_record_only_not_confirmed_active,재축,2025-05-26,2025-06-25,2025-11-28,제2종근린생활시설,,"주소 기반 추정 위치, 공사현장 좌표 아님"
15038929:44,44,건축행정기록,공장,인천광역시 계양구 작전동 476-8,37.5242193,126.7197174,geocoded_kakao_jibun,kakao_exact_jibun_address_match,인천 계양구 작전동 476-8,1,1,0.0,,kakao_local_api:address_jibun,https://dapi.kakao.com/v2/local/search/address.json,2026-09-06,https://www.data.go.kr/data/15038929/fileData.do,2026-01-19,2026-09-06,administrative_record_only_not_confirmed_active,대수선,2025-05-26,2025-06-12,2025-11-05,공장,,"주소 기반 추정 위치, 공사현장 좌표 아님"
15038929:45,45,건축행정기록,제2종근린생활시설,인천광역시 계양구 이화동 122-86,37.5823640,126.7406232,geocoded_kakao_jibun,kakao_exact_jibun_address_match,인천 계양구 이화동 122-86,1,1,0.0,,kakao_local_api:address_jibun,https://dapi.kakao.com/v2/local/search/address.json,2026-09-06,https://www.data.go.kr/data/15038929/fileData.do,2026-01-19,2026-09-06,administrative_record_only_not_confirmed_active,신축,2025-05-26,2025-06-11,2025-09-12,제2종근린생활시설,,"주소 기반 추정 위치, 공사현장 좌표 아님"
15038929:49,49,건축행정기록,교육연구시설,인천광역시 계양구 계산동 548-4 외21필지,37.5487313,126.7229528,geocoded_kakao_jibun,kakao_exact_jibun_address_match,인천 계양구 계산동 548-4,1,1,0.0,,kakao_local_api:address_jibun,https://dapi.kakao.com/v2/local/search/address.json,2026-09-06,https://www.data.go.kr/data/15038929/fileData.do,2026-01-19,2026-09-06,administrative_record_only_not_confirmed_active,증축,2025-04-23,2025-07-25,,교육연구시설,,"주소 기반 추정 위치, 공사현장 좌표 아님"
15038929:50,50,건축행정기록,제2종근린생활시설,인천광역시 계양구 선주지동 20-10,37.5822811,126.7424309,geocoded_kakao_jibun,kakao_exact_jibun_address_match,인천 계양구 선주지동 20-10,1,1,0.0,,kakao_local_api:address_jibun,https://dapi.kakao.com/v2/local/search/address.json,2026-09-06,https://www.data.go.kr/data/15038929/fileData.do,2026-01-19,2026-09-06,administrative_record_only_not_confirmed_active,신축,2025-04-23,2025-05-14,2025-11-20,제2종근린생활시설,,"주소 기반 추정 위치, 공사현장 좌표 아님"
15038929:53,53,건축행정기록,노유자시설,인천광역시 계양구 다남동 77-24 외1필지,37.5691497,126.7243358,geocoded_kakao_jibun,kakao_exact_jibun_address_match,인천 계양구 다남동 77-24,1,1,0.0,,kakao_local_api:address_jibun,https://dapi.kakao.com/v2/local/search/address.json,2026-09-06,https://www.data.go.kr/data/15038929/fileData.do,2026-01-19,2026-09-06,administrative_record_only_not_confirmed_active,신축,2025-03-28,2025-04-28,2025-09-29,노유자시설,,"주소 기반 추정 위치, 공사현장 좌표 아님"
15038929:58,58,건축행정기록,자동차관련시설,인천광역시 계양구 작전동 619-5,37.5250510,126.7394494,geocoded_kakao_jibun,kakao_exact_jibun_address_match,인천 계양구 작전동 619-5,1,1,0.0,,kakao_local_api:address_jibun,https://dapi.kakao.com/v2/local/search/address.json,2026-09-06,https://www.data.go.kr/data/15038929/fileData.do,2026-01-19,2026-09-06,administrative_record_only_not_confirmed_active,신축,2025-03-14,2025-12-03,,자동차관련시설,,"주소 기반 추정 위치, 공사현장 좌표 아님"
15038929:60,60,건축행정기록,제2종근린생활시설,인천광역시 계양구 작전동 668-8,37.5248051,126.7386802,geocoded_kakao_jibun,kakao_exact_jibun_address_match,인천 계양구 작전동 668-8,1,1,0.0,,kakao_local_api:address_jibun,https://dapi.kakao.com/v2/local/search/address.json,2026-09-06,https://www.data.go.kr/data/15038929/fileData.do,2026-01-19,2026-09-06,administrative_record_only_not_confirmed_active,신축,2025-02-18,2025-04-25,2025-07-17,제2종근린생활시설,,"주소 기반 추정 위치, 공사현장 좌표 아님"
15038929:62,62,건축행정기록,창고시설,인천광역시 계양구 귤현동 451-565,37.5707183,126.7351623,geocoded_kakao_jibun,kakao_exact_jibun_address_match,인천 계양구 귤현동 451-565,1,1,0.0,,kakao_local_api:address_jibun,https://dapi.kakao.com/v2/local/search/address.json,2026-09-06,https://www.data.go.kr/data/15038929/fileData.do,2026-01-19,2026-09-06,administrative_record_only_not_confirmed_active,신축,2025-02-10,2025-07-11,2025-09-25,창고시설,,"주소 기반 추정 위치, 공사현장 좌표 아님"
15038929:64,64,건축행정기록,단독주택,인천광역시 계양구 효성동 495-6,37.5269722,126.7065547,geocoded_kakao_jibun,kakao_exact_jibun_address_match,인천 계양구 효성동 495-6,1,1,0.0,,kakao_local_api:address_jibun,https://dapi.kakao.com/v2/local/search/address.json,2026-09-06,https://www.data.go.kr/data/15038929/fileData.do,2026-01-19,2026-09-06,administrative_record_only_not_confirmed_active,대수선,2025-02-04,2025-02-11,2025-06-05,단독주택,,"주소 기반 추정 위치, 공사현장 좌표 아님"
15038929:65,65,건축행정기록,의료시설,인천광역시 계양구 작전동 708-3,37.5250984,126.7341001,geocoded_kakao_jibun,kakao_exact_jibun_address_match,인천 계양구 작전동 708-3,1,1,0.0,,kakao_local_api:address_jibun,https://dapi.kakao.com/v2/local/search/address.json,2026-09-06,https://www.data.go.kr/data/15038929/fileData.do,2026-01-19,2026-09-06,administrative_record_only_not_confirmed_active,증축,2025-01-24,2025-08-19,,의료시설,,"주소 기반 추정 위치, 공사현장 좌표 아님"
15038929:67,67,건축행정기록,제1종근린생활시설,인천광역시 계양구 계산동 918-6 외1필지,37.5435348,126.7307777,geocoded_kakao_jibun,kakao_exact_jibun_address_match,인천 계양구 계산동 918-6,1,1,0.0,,kakao_local_api:address_jibun,https://dapi.kakao.com/v2/local/search/address.json,2026-09-06,https://www.data.go.kr/data/15038929/fileData.do,2026-01-19,2026-09-06,administrative_record_only_not_confirmed_active,용도변경,2024-12-27,,2025-02-06,제1종근린생활시설,,"주소 기반 추정 위치, 공사현장 좌표 아님"
15038929:68,68,건축행정기록,제2종근린생활시설,인천광역시 계양구 평동 96-16 외1필지,37.5779105,126.7748065,geocoded_kakao_jibun,kakao_exact_jibun_address_match,인천 계양구 평동 96-16,1,1,0.0,,kakao_local_api:address_jibun,https://dapi.kakao.com/v2/local/search/address.json,2026-09-06,https://www.data.go.kr/data/15038929/fileData.do,2026-01-19,2026-09-06,administrative_record_only_not_confirmed_active,신축,2024-12-26,2025-06-11,,제2종근린생활시설,,"주소 기반 추정 위치, 공사현장 좌표 아님"
15038929:70,70,건축행정기록,제2종근린생활시설,인천광역시 계양구 오류동 137-6 외1필지,37.5863247,126.7263503,geocoded_kakao_jibun,kakao_exact_jibun_address_match,인천 계양구 오류동 137-6,1,1,0.0,,kakao_local_api:address_jibun,https://dapi.kakao.com/v2/local/search/address.json,2026-09-06,https://www.data.go.kr/data/15038929/fileData.do,2026-01-19,2026-09-06,administrative_record_only_not_confirmed_active,신축,2024-12-11,2025-01-07,2025-06-20,제2종근린생활시설,,"주소 기반 추정 위치, 공사현장 좌표 아님"
15038929:71,71,건축행정기록,제2종근린생활시설,인천광역시 계양구 오류동 137-2 외1필지,37.5861925,126.7263629,geocoded_kakao_jibun,kakao_exact_jibun_address_match,인천 계양구 오류동 137-2,1,1,0.0,,kakao_local_api:address_jibun,https://dapi.kakao.com/v2/local/search/address.json,2026-09-06,https://www.data.go.kr/data/15038929/fileData.do,2026-01-19,2026-09-06,administrative_record_only_not_confirmed_active,신축,2024-12-11,2025-01-07,2025-07-08,제2종근린생활시설,,"주소 기반 추정 위치, 공사현장 좌표 아님"
15038929:72,72,건축행정기록,창고시설,인천광역시 계양구 선주지동 6-7,37.5837673,126.7472322,geocoded_kakao_jibun,kakao_exact_jibun_address_match,인천 계양구 선주지동 6-7,1,1,0.0,,kakao_local_api:address_jibun,https://dapi.kakao.com/v2/local/search/address.json,2026-09-06,https://www.data.go.kr/data/15038929/fileData.do,2026-01-19,2026-09-06,administrative_record_only_not_confirmed_active,신축,2024-12-06,2025-07-03,,창고시설,,"주소 기반 추정 위치, 공사현장 좌표 아님"
15038929:73,73,건축행정기록,의료시설,인천광역시 계양구 작전동 407-1 외1필지,37.5250635,126.7257048,geocoded_kakao_jibun,kakao_exact_jibun_address_match,인천 계양구 작전동 407-1,1,1,0.0,,kakao_local_api:address_jibun,https://dapi.kakao.com/v2/local/search/address.json,2026-09-06,https://www.data.go.kr/data/15038929/fileData.do,2026-01-19,2026-09-06,administrative_record_only_not_confirmed_active,용도변경,2024-12-05,,2025-03-11,의료시설,,"주소 기반 추정 위치, 공사현장 좌표 아님"
15038929:74,74,건축행정기록,공장,인천광역시 계양구 서운동 216-2,37.5331258,126.7553886,geocoded_kakao_jibun,kakao_exact_jibun_address_match,인천 계양구 서운동 216-2,1,1,0.0,,kakao_local_api:address_jibun,https://dapi.kakao.com/v2/local/search/address.json,2026-09-06,https://www.data.go.kr/data/15038929/fileData.do,2026-01-19,2026-09-06,administrative_record_only_not_confirmed_active,증축,2024-12-03,2024-12-12,2025-06-09,공장,,"주소 기반 추정 위치, 공사현장 좌표 아님"
15038929:75,75,건축행정기록,"국방,군사시설",인천광역시 계양구 갈현동 60-16 외1필지,37.5777912,126.7265846,geocoded_kakao_jibun,kakao_exact_jibun_address_match,인천 계양구 갈현동 60-16,1,1,0.0,,kakao_local_api:address_jibun,https://dapi.kakao.com/v2/local/search/address.json,2026-09-06,https://www.data.go.kr/data/15038929/fileData.do,2026-01-19,2026-09-06,administrative_record_only_not_confirmed_active,신축,2024-12-02,2025-08-07,,"국방,군사시설",,"주소 기반 추정 위치, 공사현장 좌표 아님"
15038929:76,76,건축행정기록,공장,인천광역시 계양구 효성동 515-2,37.5256269,126.7037073,geocoded_kakao_jibun,kakao_exact_jibun_address_match,인천 계양구 효성동 515-2,1,1,0.0,,kakao_local_api:address_jibun,https://dapi.kakao.com/v2/local/search/address.json,2026-09-06,https://www.data.go.kr/data/15038929/fileData.do,2026-01-19,2026-09-06,administrative_record_only_not_confirmed_active,용도변경,2024-11-29,,2025-01-25,공장,,"주소 기반 추정 위치, 공사현장 좌표 아님"
15038929:78,78,건축행정기록,제2종근린생활시설,인천광역시 계양구 갈현동 101-12,37.5766318,126.7219601,geocoded_kakao_jibun,kakao_exact_jibun_address_match,인천 계양구 갈현동 101-12,1,1,0.0,,kakao_local_api:address_jibun,https://dapi.kakao.com/v2/local/search/address.json,2026-09-06,https://www.data.go.kr/data/15038929/fileData.do,2026-01-19,2026-09-06,administrative_record_only_not_confirmed_active,신축,2024-11-25,2025-08-19,,제2종근린생활시설,,"주소 기반 추정 위치, 공사현장 좌표 아님"
15038929:79,79,건축행정기록,종교시설,인천광역시 계양구 계산동 산 50-1,37.5462349,126.7146860,geocoded_kakao_jibun,kakao_exact_jibun_address_match,인천 계양구 계산동 산 50-1,1,1,0.0,,kakao_local_api:address_jibun,https://dapi.kakao.com/v2/local/search/address.json,2026-09-06,https://www.data.go.kr/data/15038929/fileData.do,2026-01-19,2026-09-06,administrative_record_only_not_confirmed_active,증축,2024-11-05,2024-11-22,2025-07-25,종교시설,,"주소 기반 추정 위치, 공사현장 좌표 아님"
15038929:80,80,건축행정기록,제2종근린생활시설,인천광역시 계양구 다남동 74-21 외1필지,37.5709074,126.7239537,geocoded_kakao_jibun,kakao_exact_jibun_address_match,인천 계양구 다남동 74-21,1,1,0.0,,kakao_local_api:address_jibun,https://dapi.kakao.com/v2/local/search/address.json,2026-09-06,https://www.data.go.kr/data/15038929/fileData.do,2026-01-19,2026-09-06,administrative_record_only_not_confirmed_active,증축,2024-10-25,2024-11-14,2025-04-29,제2종근린생활시설,,"주소 기반 추정 위치, 공사현장 좌표 아님"
15038929:81,81,건축행정기록,창고시설,인천광역시 계양구 서운동 136-30,37.5245918,126.7524102,geocoded_kakao_jibun,kakao_exact_jibun_address_match,인천 계양구 서운동 136-30,1,1,0.0,,kakao_local_api:address_jibun,https://dapi.kakao.com/v2/local/search/address.json,2026-09-06,https://www.data.go.kr/data/15038929/fileData.do,2026-01-19,2026-09-06,administrative_record_only_not_confirmed_active,용도변경,2024-10-24,,2025-02-12,창고시설,,"주소 기반 추정 위치, 공사현장 좌표 아님"
15038929:82,82,건축행정기록,제1종근린생활시설,인천광역시 계양구 계산동 1063-14,37.5398453,126.7350298,geocoded_kakao_jibun,kakao_exact_jibun_address_match,인천 계양구 계산동 1063-14,1,1,0.0,,kakao_local_api:address_jibun,https://dapi.kakao.com/v2/local/search/address.json,2026-09-06,https://www.data.go.kr/data/15038929/fileData.do,2026-01-19,2026-09-06,administrative_record_only_not_confirmed_active,용도변경,2024-10-20,,2025-01-13,제1종근린생활시설,,"주소 기반 추정 위치, 공사현장 좌표 아님"
15038929:83,83,건축행정기록,업무시설,인천광역시 계양구 효성동 34 외2필지,37.5341924,126.7077720,geocoded_kakao_jibun,kakao_exact_jibun_address_match,인천 계양구 효성동 34,1,1,0.0,,kakao_local_api:address_jibun,https://dapi.kakao.com/v2/local/search/address.json,2026-09-06,https://www.data.go.kr/data/15038929/fileData.do,2026-01-19,2026-09-06,administrative_record_only_not_confirmed_active,신축,2024-10-16,2024-12-13,,업무시설,,"주소 기반 추정 위치, 공사현장 좌표 아님"
15038929:84,84,건축행정기록,노유자시설,인천광역시 계양구 작전동 407-1 외1필지,37.5250635,126.7257048,geocoded_kakao_jibun,kakao_exact_jibun_address_match,인천 계양구 작전동 407-1,1,1,0.0,,kakao_local_api:address_jibun,https://dapi.kakao.com/v2/local/search/address.json,2026-09-06,https://www.data.go.kr/data/15038929/fileData.do,2026-01-19,2026-09-06,administrative_record_only_not_confirmed_active,대수선,2024-10-15,2024-11-06,2025-02-26,노유자시설,,"주소 기반 추정 위치, 공사현장 좌표 아님"
15038929:88,88,건축행정기록,단독주택,인천광역시 계양구 서운동 28-6,37.5298337,126.7436257,geocoded_kakao_jibun,kakao_exact_jibun_address_match,인천 계양구 서운동 28-6,1,1,0.0,,kakao_local_api:address_jibun,https://dapi.kakao.com/v2/local/search/address.json,2026-09-06,https://www.data.go.kr/data/15038929/fileData.do,2026-01-19,2026-09-06,administrative_record_only_not_confirmed_active,신축,2024-09-12,2024-11-15,2025-08-14,단독주택,,"주소 기반 추정 위치, 공사현장 좌표 아님"
15038929:90,90,건축행정기록,제2종근린생활시설,인천광역시 계양구 평동 96-5,37.5785469,126.7744217,geocoded_kakao_jibun,kakao_exact_jibun_address_match,인천 계양구 평동 96-5,1,1,0.0,,kakao_local_api:address_jibun,https://dapi.kakao.com/v2/local/search/address.json,2026-09-06,https://www.data.go.kr/data/15038929/fileData.do,2026-01-19,2026-09-06,administrative_record_only_not_confirmed_active,신축,2024-09-04,2024-09-19,2024-12-18,제2종근린생활시설,,"주소 기반 추정 위치, 공사현장 좌표 아님"
15038929:96,96,건축행정기록,제1종근린생활시설,인천광역시 계양구 선주지동 196-2,37.5781696,126.7461401,geocoded_kakao_jibun,kakao_exact_jibun_address_match,인천 계양구 선주지동 196-2,1,1,0.0,,kakao_local_api:address_jibun,https://dapi.kakao.com/v2/local/search/address.json,2026-09-06,https://www.data.go.kr/data/15038929/fileData.do,2026-01-19,2026-09-06,administrative_record_only_not_confirmed_active,신축,2024-08-20,2024-08-23,2024-11-06,제1종근린생활시설,,"주소 기반 추정 위치, 공사현장 좌표 아님"
15038929:97,97,건축행정기록,제2종근린생활시설,인천광역시 계양구 효성동 185-1 외1필지,37.5293799,126.7059386,geocoded_kakao_jibun,kakao_exact_jibun_address_match,인천 계양구 효성동 185-1,1,1,0.0,,kakao_local_api:address_jibun,https://dapi.kakao.com/v2/local/search/address.json,2026-09-06,https://www.data.go.kr/data/15038929/fileData.do,2026-01-19,2026-09-06,administrative_record_only_not_confirmed_active,신축,2024-08-20,2024-08-29,2024-11-26,제2종근린생활시설,,"주소 기반 추정 위치, 공사현장 좌표 아님"
15038929:99,99,건축행정기록,제1종근린생활시설,인천광역시 계양구 용종동 211-3,37.5383841,126.7385474,geocoded_kakao_jibun,kakao_exact_jibun_address_match,인천 계양구 용종동 211-3,1,1,0.0,,kakao_local_api:address_jibun,https://dapi.kakao.com/v2/local/search/address.json,2026-09-06,https://www.data.go.kr/data/15038929/fileData.do,2026-01-19,2026-09-06,administrative_record_only_not_confirmed_active,용도변경,2024-08-05,,2025-03-12,제1종근린생활시설,,"주소 기반 추정 위치, 공사현장 좌표 아님"
15038929:100,100,건축행정기록,제1종근린생활시설,인천광역시 계양구 귤현동 427-6,37.5681267,126.7373328,geocoded_kakao_jibun,kakao_exact_jibun_address_match,인천 계양구 귤현동 427-6,1,1,0.0,,kakao_local_api:address_jibun,https://dapi.kakao.com/v2/local/search/address.json,2026-09-06,https://www.data.go.kr/data/15038929/fileData.do,2026-01-19,2026-09-06,administrative_record_only_not_confirmed_active,신축,2024-07-26,2025-01-10,2025-06-23,제1종근린생활시설,,"주소 기반 추정 위치, 공사현장 좌표 아님"
15038929:101,101,건축행정기록,제1종근린생활시설,인천광역시 계양구 귤현동 427-32,37.5677797,126.7373436,geocoded_kakao_jibun,kakao_exact_jibun_address_match,인천 계양구 귤현동 427-32,1,1,0.0,,kakao_local_api:address_jibun,https://dapi.kakao.com/v2/local/search/address.json,2026-09-06,https://www.data.go.kr/data/15038929/fileData.do,2026-01-19,2026-09-06,administrative_record_only_not_confirmed_active,신축,2024-07-26,2025-01-10,2025-06-23,제1종근린생활시설,,"주소 기반 추정 위치, 공사현장 좌표 아님"
15038929:103,103,건축행정기록,단독주택,인천광역시 계양구 다남동 72-3,37.5693441,126.7235991,geocoded_kakao_jibun,kakao_exact_jibun_address_match,인천 계양구 다남동 72-3,1,1,0.0,,kakao_local_api:address_jibun,https://dapi.kakao.com/v2/local/search/address.json,2026-09-06,https://www.data.go.kr/data/15038929/fileData.do,2026-01-19,2026-09-06,administrative_record_only_not_confirmed_active,신축,2024-07-23,2024-07-31,2025-02-19,단독주택,,"주소 기반 추정 위치, 공사현장 좌표 아님"
15038929:106,106,건축행정기록,제1종근린생활시설,인천광역시 계양구 계산동 946-5,37.5430314,126.7275507,geocoded_kakao_jibun,kakao_exact_jibun_address_match,인천 계양구 계산동 946-5,1,1,0.0,,kakao_local_api:address_jibun,https://dapi.kakao.com/v2/local/search/address.json,2026-09-06,https://www.data.go.kr/data/15038929/fileData.do,2026-01-19,2026-09-06,administrative_record_only_not_confirmed_active,증축,2024-07-17,2025-05-20,,제1종근린생활시설,,"주소 기반 추정 위치, 공사현장 좌표 아님"
15038929:108,108,건축행정기록,공동주택,인천광역시 계양구 장기동 142-9,37.5799590,126.7370636,geocoded_kakao_jibun,kakao_exact_jibun_address_match,인천 계양구 장기동 142-9,1,1,0.0,,kakao_local_api:address_jibun,https://dapi.kakao.com/v2/local/search/address.json,2026-09-06,https://www.data.go.kr/data/15038929/fileData.do,2026-01-19,2026-09-06,administrative_record_only_not_confirmed_active,신축,2024-07-01,2024-08-07,2025-02-25,공동주택,,"주소 기반 추정 위치, 공사현장 좌표 아님"
15038929:110,110,건축행정기록,단독주택,인천광역시 계양구 둑실동 194-2,37.5800342,126.6923691,geocoded_kakao_jibun,kakao_exact_jibun_address_match,인천 계양구 둑실동 194-2,1,1,0.0,,kakao_local_api:address_jibun,https://dapi.kakao.com/v2/local/search/address.json,2026-09-06,https://www.data.go.kr/data/15038929/fileData.do,2026-01-19,2026-09-06,administrative_record_only_not_confirmed_active,신축,2024-04-19,2024-08-08,2025-02-18,단독주택,,"주소 기반 추정 위치, 공사현장 좌표 아님"
15038929:111,111,건축행정기록,"국방,군사시설",인천광역시 계양구 동양동 320-1 외31필지,37.5608197,126.7501087,geocoded_kakao_jibun,kakao_exact_jibun_address_match,인천 계양구 동양동 320-1,1,1,0.0,,kakao_local_api:address_jibun,https://dapi.kakao.com/v2/local/search/address.json,2026-09-06,https://www.data.go.kr/data/15038929/fileData.do,2026-01-19,2026-09-06,administrative_record_only_not_confirmed_active,증축,2024-04-08,2025-02-04,,"국방,군사시설",,"주소 기반 추정 위치, 공사현장 좌표 아님"
15038929:112,112,건축행정기록,"국방,군사시설",인천광역시 계양구 갈현동 60-16 외10필지,37.5777912,126.7265846,geocoded_kakao_jibun,kakao_exact_jibun_address_match,인천 계양구 갈현동 60-16,1,1,0.0,,kakao_local_api:address_jibun,https://dapi.kakao.com/v2/local/search/address.json,2026-09-06,https://www.data.go.kr/data/15038929/fileData.do,2026-01-19,2026-09-06,administrative_record_only_not_confirmed_active,증축,2024-04-08,2025-02-04,,"국방,군사시설",,"주소 기반 추정 위치, 공사현장 좌표 아님"
15038929:113,113,건축행정기록,공동주택,인천광역시 계양구 계산동 906-15,37.5466642,126.7284122,geocoded_kakao_jibun,kakao_exact_jibun_address_match,인천 계양구 계산동 906-15,1,1,0.0,,kakao_local_api:address_jibun,https://dapi.kakao.com/v2/local/search/address.json,2026-09-06,https://www.data.go.kr/data/15038929/fileData.do,2026-01-19,2026-09-06,administrative_record_only_not_confirmed_active,신축,2024-04-01,2024-06-04,2025-05-20,공동주택,,"주소 기반 추정 위치, 공사현장 좌표 아님"
15038929:114,114,건축행정기록,제1종근린생활시설,인천광역시 계양구 오류동 23-1,37.5868241,126.7285923,geocoded_kakao_jibun,kakao_exact_jibun_address_match,인천 계양구 오류동 23-1,1,1,0.0,,kakao_local_api:address_jibun,https://dapi.kakao.com/v2/local/search/address.json,2026-09-06,https://www.data.go.kr/data/15038929/fileData.do,2026-01-19,2026-09-06,administrative_record_only_not_confirmed_active,신축,2024-03-28,2024-04-25,2024-08-27,제1종근린생활시설,,"주소 기반 추정 위치, 공사현장 좌표 아님"
15038929:115,115,건축행정기록,제1종근린생활시설,인천광역시 계양구 작전동 852-32,37.5352924,126.7222252,geocoded_kakao_jibun,kakao_exact_jibun_address_match,인천 계양구 작전동 852-32,1,1,0.0,,kakao_local_api:address_jibun,https://dapi.kakao.com/v2/local/search/address.json,2026-09-06,https://www.data.go.kr/data/15038929/fileData.do,2026-01-19,2026-09-06,administrative_record_only_not_confirmed_active,신축,2024-03-18,2024-08-26,2025-10-01,제1종근린생활시설,,"주소 기반 추정 위치, 공사현장 좌표 아님"
15038929:116,116,건축행정기록,의료시설,인천광역시 계양구 작전동 900-4 외2필지,37.5321429,126.7343356,geocoded_kakao_jibun,kakao_exact_jibun_address_match,인천 계양구 작전동 900-4,1,1,0.0,,kakao_local_api:address_jibun,https://dapi.kakao.com/v2/local/search/address.json,2026-09-06,https://www.data.go.kr/data/15038929/fileData.do,2026-01-19,2026-09-06,administrative_record_only_not_confirmed_active,증축,2024-03-08,2024-03-20,2024-09-25,의료시설,,"주소 기반 추정 위치, 공사현장 좌표 아님"
15038929:117,117,건축행정기록,제2종근린생활시설,인천광역시 계양구 상야동 148-5 외1필지,37.5796983,126.7773405,geocoded_kakao_jibun,kakao_exact_jibun_address_match,인천 계양구 상야동 148-5,1,1,0.0,,kakao_local_api:address_jibun,https://dapi.kakao.com/v2/local/search/address.json,2026-09-06,https://www.data.go.kr/data/15038929/fileData.do,2026-01-19,2026-09-06,administrative_record_only_not_confirmed_active,증축,2024-03-06,2024-05-29,,제2종근린생활시설,,"주소 기반 추정 위치, 공사현장 좌표 아님"
15038929:118,118,건축행정기록,"국방,군사시설",인천광역시 계양구 귤현동 344-1,37.5631893,126.7377270,geocoded_kakao_jibun,kakao_exact_jibun_address_match,인천 계양구 귤현동 344-1,1,1,0.0,,kakao_local_api:address_jibun,https://dapi.kakao.com/v2/local/search/address.json,2026-09-06,https://www.data.go.kr/data/15038929/fileData.do,2026-01-19,2026-09-06,administrative_record_only_not_confirmed_active,증축,2024-03-04,2024-10-22,,"국방,군사시설",,"주소 기반 추정 위치, 공사현장 좌표 아님"
15038929:120,120,건축행정기록,운동시설,인천광역시 계양구 동양동 225 외6필지,37.5640338,126.7563269,geocoded_kakao_jibun,kakao_exact_jibun_address_match,인천 계양구 동양동 225,1,1,0.0,,kakao_local_api:address_jibun,https://dapi.kakao.com/v2/local/search/address.json,2026-09-06,https://www.data.go.kr/data/15038929/fileData.do,2026-01-19,2026-09-06,administrative_record_only_not_confirmed_active,신축,2024-02-26,2024-08-16,,운동시설,,"주소 기반 추정 위치, 공사현장 좌표 아님"
15038929:123,123,건축행정기록,제1종근린생활시설,인천광역시 계양구 병방동 317-3,37.5476579,126.7404849,geocoded_kakao_jibun,kakao_exact_jibun_address_match,인천 계양구 병방동 317-3,1,1,0.0,,kakao_local_api:address_jibun,https://dapi.kakao.com/v2/local/search/address.json,2026-09-06,https://www.data.go.kr/data/15038929/fileData.do,2026-01-19,2026-09-06,administrative_record_only_not_confirmed_active,대수선,2024-02-08,2024-06-10,2024-09-25,제1종근린생활시설,,"주소 기반 추정 위치, 공사현장 좌표 아님"
15038929:125,125,건축행정기록,제2종근린생활시설,인천광역시 계양구 다남동 82-32 외1필지,37.5691294,126.7255406,geocoded_kakao_jibun,kakao_exact_jibun_address_match,인천 계양구 다남동 82-32,1,1,0.0,,kakao_local_api:address_jibun,https://dapi.kakao.com/v2/local/search/address.json,2026-09-06,https://www.data.go.kr/data/15038929/fileData.do,2026-01-19,2026-09-06,administrative_record_only_not_confirmed_active,신축,2024-01-30,2024-06-14,2025-11-25,제2종근린생활시설,,"주소 기반 추정 위치, 공사현장 좌표 아님"
15038929:126,126,건축행정기록,자원순환관련시설,인천광역시 계양구 서운동 142-28 외1필지,37.5258955,126.7562535,geocoded_kakao_jibun,kakao_exact_jibun_address_match,인천 계양구 서운동 142-28,1,1,0.0,,kakao_local_api:address_jibun,https://dapi.kakao.com/v2/local/search/address.json,2026-09-06,https://www.data.go.kr/data/15038929/fileData.do,2026-01-19,2026-09-06,administrative_record_only_not_confirmed_active,증축,2024-01-22,2024-03-22,2024-08-02,자원순환관련시설,,"주소 기반 추정 위치, 공사현장 좌표 아님"
15038929:129,129,건축행정기록,제1종근린생활시설,인천광역시 계양구 계산동 348-4,37.5426090,126.7299354,geocoded_kakao_jibun,kakao_exact_jibun_address_match,인천 계양구 계산동 348-4,1,1,0.0,,kakao_local_api:address_jibun,https://dapi.kakao.com/v2/local/search/address.json,2026-09-06,https://www.data.go.kr/data/15038929/fileData.do,2026-01-19,2026-09-06,administrative_record_only_not_confirmed_active,증축,2024-01-13,2024-05-09,2025-12-30,제1종근린생활시설,,"주소 기반 추정 위치, 공사현장 좌표 아님"
15038929:131,131,건축행정기록,공동주택,인천광역시 계양구 계산동 896-5,37.5455425,126.7197779,geocoded_kakao_jibun,kakao_exact_jibun_address_match,인천 계양구 계산동 896-5,1,1,0.0,,kakao_local_api:address_jibun,https://dapi.kakao.com/v2/local/search/address.json,2026-09-06,https://www.data.go.kr/data/15038929/fileData.do,2026-01-19,2026-09-06,administrative_record_only_not_confirmed_active,신축,2023-12-22,2024-01-03,2024-08-29,공동주택,,"주소 기반 추정 위치, 공사현장 좌표 아님"
15038929:133,133,건축행정기록,"국방,군사시설",인천광역시 계양구 동양동 320-1 외31필지,37.5608197,126.7501087,geocoded_kakao_jibun,kakao_exact_jibun_address_match,인천 계양구 동양동 320-1,1,1,0.0,,kakao_local_api:address_jibun,https://dapi.kakao.com/v2/local/search/address.json,2026-09-06,https://www.data.go.kr/data/15038929/fileData.do,2026-01-19,2026-09-06,administrative_record_only_not_confirmed_active,증축,2023-12-13,2025-05-21,,"국방,군사시설",,"주소 기반 추정 위치, 공사현장 좌표 아님"
15038929:135,135,건축행정기록,노유자시설,인천광역시 계양구 계산동 906,37.5473556,126.7271554,geocoded_kakao_jibun,kakao_exact_jibun_address_match,인천 계양구 계산동 906,1,1,0.0,,kakao_local_api:address_jibun,https://dapi.kakao.com/v2/local/search/address.json,2026-09-06,https://www.data.go.kr/data/15038929/fileData.do,2026-01-19,2026-09-06,administrative_record_only_not_confirmed_active,대수선,2023-11-24,2024-03-20,,노유자시설,,"주소 기반 추정 위치, 공사현장 좌표 아님"
15038929:139,139,건축행정기록,노유자시설,인천광역시 계양구 갈현동 100,37.5766164,126.7222495,geocoded_kakao_jibun,kakao_exact_jibun_address_match,인천 계양구 갈현동 100,1,1,0.0,,kakao_local_api:address_jibun,https://dapi.kakao.com/v2/local/search/address.json,2026-09-06,https://www.data.go.kr/data/15038929/fileData.do,2026-01-19,2026-09-06,administrative_record_only_not_confirmed_active,신축,2023-10-30,2024-05-29,2024-12-05,노유자시설,,"주소 기반 추정 위치, 공사현장 좌표 아님"
15038929:140,140,건축행정기록,제1종근린생활시설,인천광역시 계양구 작전동 693-4,37.5270690,126.7350763,geocoded_kakao_jibun,kakao_exact_jibun_address_match,인천 계양구 작전동 693-4,1,1,0.0,,kakao_local_api:address_jibun,https://dapi.kakao.com/v2/local/search/address.json,2026-09-06,https://www.data.go.kr/data/15038929/fileData.do,2026-01-19,2026-09-06,administrative_record_only_not_confirmed_active,대수선,2023-10-04,2023-12-07,2024-07-02,제1종근린생활시설,,"주소 기반 추정 위치, 공사현장 좌표 아님"
15038929:141,141,건축행정기록,단독주택,인천광역시 계양구 방축동 3-39 외1필지,37.5519677,126.7410018,geocoded_kakao_jibun,kakao_exact_jibun_address_match,인천 계양구 방축동 3-39,1,1,0.0,,kakao_local_api:address_jibun,https://dapi.kakao.com/v2/local/search/address.json,2026-09-06,https://www.data.go.kr/data/15038929/fileData.do,2026-01-19,2026-09-06,administrative_record_only_not_confirmed_active,신축,2023-09-22,2024-03-07,2024-10-28,단독주택,,"주소 기반 추정 위치, 공사현장 좌표 아님"
15038929:142,142,건축행정기록,단독주택,인천광역시 계양구 동양동 596-9,37.5630186,126.7560781,geocoded_kakao_jibun,kakao_exact_jibun_address_match,인천 계양구 동양동 596-9,1,1,0.0,,kakao_local_api:address_jibun,https://dapi.kakao.com/v2/local/search/address.json,2026-09-06,https://www.data.go.kr/data/15038929/fileData.do,2026-01-19,2026-09-06,administrative_record_only_not_confirmed_active,신축,2023-09-21,2023-11-02,2024-05-21,단독주택,,"주소 기반 추정 위치, 공사현장 좌표 아님"
15038929:143,143,건축행정기록,업무시설,인천광역시 계양구 계산동 1079-4,37.5362436,126.7382709,geocoded_kakao_jibun,kakao_exact_jibun_address_match,인천 계양구 계산동 1079-4,1,1,0.0,,kakao_local_api:address_jibun,https://dapi.kakao.com/v2/local/search/address.json,2026-09-06,https://www.data.go.kr/data/15038929/fileData.do,2026-01-19,2026-09-06,administrative_record_only_not_confirmed_active,신축,2023-09-19,2024-04-25,2025-12-22,업무시설,,"주소 기반 추정 위치, 공사현장 좌표 아님"
15038929:145,145,건축행정기록,제2종근린생활시설,인천광역시 계양구 작전동 645-2,37.5283140,126.7342388,geocoded_kakao_jibun,kakao_exact_jibun_address_match,인천 계양구 작전동 645-2,1,1,0.0,,kakao_local_api:address_jibun,https://dapi.kakao.com/v2/local/search/address.json,2026-09-06,https://www.data.go.kr/data/15038929/fileData.do,2026-01-19,2026-09-06,administrative_record_only_not_confirmed_active,신축,2023-08-16,2023-09-19,2024-08-29,제2종근린생활시설,,"주소 기반 추정 위치, 공사현장 좌표 아님"
15038929:146,146,건축행정기록,노유자시설,인천광역시 계양구 갈현동 80-2,37.5749558,126.7279865,geocoded_kakao_jibun,kakao_exact_jibun_address_match,인천 계양구 갈현동 80-2,1,1,0.0,,kakao_local_api:address_jibun,https://dapi.kakao.com/v2/local/search/address.json,2026-09-06,https://www.data.go.kr/data/15038929/fileData.do,2026-01-19,2026-09-06,administrative_record_only_not_confirmed_active,신축,2023-08-10,2024-06-04,,노유자시설,,"주소 기반 추정 위치, 공사현장 좌표 아님"
15038929:147,147,건축행정기록,제2종근린생활시설,인천광역시 계양구 서운동 149-18,37.5305502,126.7564342,geocoded_kakao_jibun,kakao_exact_jibun_address_match,인천 계양구 서운동 149-18,1,1,0.0,,kakao_local_api:address_jibun,https://dapi.kakao.com/v2/local/search/address.json,2026-09-06,https://www.data.go.kr/data/15038929/fileData.do,2026-01-19,2026-09-06,administrative_record_only_not_confirmed_active,증축,2023-08-07,2023-08-16,2023-10-20,제2종근린생활시설,,"주소 기반 추정 위치, 공사현장 좌표 아님"
15038929:149,149,건축행정기록,노유자시설,인천광역시 계양구 병방동 162-1,37.5467261,126.7447095,geocoded_kakao_jibun,kakao_exact_jibun_address_match,인천 계양구 병방동 162-1,1,1,0.0,,kakao_local_api:address_jibun,https://dapi.kakao.com/v2/local/search/address.json,2026-09-06,https://www.data.go.kr/data/15038929/fileData.do,2026-01-19,2026-09-06,administrative_record_only_not_confirmed_active,신축,2023-07-28,2023-10-26,2024-06-07,노유자시설,,"주소 기반 추정 위치, 공사현장 좌표 아님"
15038929:151,151,건축행정기록,제1종근린생활시설,인천광역시 계양구 계산동 960-25 외1필지,37.5393948,126.7249137,geocoded_kakao_jibun,kakao_exact_jibun_address_match,인천 계양구 계산동 960-25,1,1,0.0,,kakao_local_api:address_jibun,https://dapi.kakao.com/v2/local/search/address.json,2026-09-06,https://www.data.go.kr/data/15038929/fileData.do,2026-01-19,2026-09-06,administrative_record_only_not_confirmed_active,대수선,2023-07-13,2023-08-08,2024-02-16,제1종근린생활시설,,"주소 기반 추정 위치, 공사현장 좌표 아님"
15038929:152,152,건축행정기록,공장,인천광역시 계양구 서운동 211-5,37.5359203,126.7572887,geocoded_kakao_jibun,kakao_exact_jibun_address_match,인천 계양구 서운동 211-5,1,1,0.0,,kakao_local_api:address_jibun,https://dapi.kakao.com/v2/local/search/address.json,2026-09-06,https://www.data.go.kr/data/15038929/fileData.do,2026-01-19,2026-09-06,administrative_record_only_not_confirmed_active,대수선,2023-07-11,2023-08-28,2023-11-01,공장,,"주소 기반 추정 위치, 공사현장 좌표 아님"
15038929:153,153,건축행정기록,노유자시설,인천광역시 계양구 계산동 960-19,37.5391561,126.7253489,geocoded_kakao_jibun,kakao_exact_jibun_address_match,인천 계양구 계산동 960-19,1,1,0.0,,kakao_local_api:address_jibun,https://dapi.kakao.com/v2/local/search/address.json,2026-09-06,https://www.data.go.kr/data/15038929/fileData.do,2026-01-19,2026-09-06,administrative_record_only_not_confirmed_active,신축,2023-07-03,2023-09-13,2024-03-12,노유자시설,,"주소 기반 추정 위치, 공사현장 좌표 아님"
15038929:154,154,건축행정기록,공동주택,인천광역시 계양구 효성동 495-10,37.5270361,126.7071662,geocoded_kakao_jibun,kakao_exact_jibun_address_match,인천 계양구 효성동 495-10,1,1,0.0,,kakao_local_api:address_jibun,https://dapi.kakao.com/v2/local/search/address.json,2026-09-06,https://www.data.go.kr/data/15038929/fileData.do,2026-01-19,2026-09-06,administrative_record_only_not_confirmed_active,신축,2023-06-15,2023-09-05,2024-07-24,공동주택,,"주소 기반 추정 위치, 공사현장 좌표 아님"
15038929:155,155,건축행정기록,제1종근린생활시설,인천광역시 계양구 이화동 23-5 외2필지,37.5874727,126.7458722,geocoded_kakao_jibun,kakao_exact_jibun_address_match,인천 계양구 이화동 23-5,1,1,0.0,,kakao_local_api:address_jibun,https://dapi.kakao.com/v2/local/search/address.json,2026-09-06,https://www.data.go.kr/data/15038929/fileData.do,2026-01-19,2026-09-06,administrative_record_only_not_confirmed_active,신축,2023-06-15,2024-04-15,,제1종근린생활시설,,"주소 기반 추정 위치, 공사현장 좌표 아님"
15038929:157,157,건축행정기록,제2종근린생활시설,인천광역시 계양구 이화동 382-2,37.5815922,126.7375472,geocoded_kakao_jibun,kakao_exact_jibun_address_match,인천 계양구 이화동 382-2,1,1,0.0,,kakao_local_api:address_jibun,https://dapi.kakao.com/v2/local/search/address.json,2026-09-06,https://www.data.go.kr/data/15038929/fileData.do,2026-01-19,2026-09-06,administrative_record_only_not_confirmed_active,용도변경,2023-05-24,,2023-08-14,제2종근린생활시설,,"주소 기반 추정 위치, 공사현장 좌표 아님"
15038929:158,158,건축행정기록,공장,인천광역시 계양구 서운동 211-2,37.5363478,126.7580275,geocoded_kakao_jibun,kakao_exact_jibun_address_match,인천 계양구 서운동 211-2,1,1,0.0,,kakao_local_api:address_jibun,https://dapi.kakao.com/v2/local/search/address.json,2026-09-06,https://www.data.go.kr/data/15038929/fileData.do,2026-01-19,2026-09-06,administrative_record_only_not_confirmed_active,증축,2023-05-19,2023-07-17,2024-08-29,공장,,"주소 기반 추정 위치, 공사현장 좌표 아님"
15038929:159,159,건축행정기록,자동차관련시설,인천광역시 계양구 서운동 136,37.5252443,126.7510899,geocoded_kakao_jibun,kakao_exact_jibun_address_match,인천 계양구 서운동 136,1,1,0.0,,kakao_local_api:address_jibun,https://dapi.kakao.com/v2/local/search/address.json,2026-09-06,https://www.data.go.kr/data/15038929/fileData.do,2026-01-19,2026-09-06,administrative_record_only_not_confirmed_active,증축,2023-05-17,2023-09-27,2023-12-13,자동차관련시설,,"주소 기반 추정 위치, 공사현장 좌표 아님"
15038929:160,160,건축행정기록,제1종근린생활시설,인천광역시 계양구 박촌동 2-4,37.5605056,126.7450420,geocoded_kakao_jibun,kakao_exact_jibun_address_match,인천 계양구 박촌동 2-4,1,1,0.0,,kakao_local_api:address_jibun,https://dapi.kakao.com/v2/local/search/address.json,2026-09-06,https://www.data.go.kr/data/15038929/fileData.do,2026-01-19,2026-09-06,administrative_record_only_not_confirmed_active,신축,2023-05-04,2023-12-06,2025-01-10,제1종근린생활시설,,"주소 기반 추정 위치, 공사현장 좌표 아님"
15038929:162,162,건축행정기록,제1종근린생활시설,인천광역시 계양구 작전동 901-3,37.5313539,126.7342537,geocoded_kakao_jibun,kakao_exact_jibun_address_match,인천 계양구 작전동 901-3,1,1,0.0,,kakao_local_api:address_jibun,https://dapi.kakao.com/v2/local/search/address.json,2026-09-06,https://www.data.go.kr/data/15038929/fileData.do,2026-01-19,2026-09-06,administrative_record_only_not_confirmed_active,용도변경,2023-05-02,,2023-05-18,제1종근린생활시설,,"주소 기반 추정 위치, 공사현장 좌표 아님"
15038929:166,166,건축행정기록,공동주택,인천광역시 계양구 작전동 870-2,37.5297093,126.7270392,geocoded_kakao_jibun,kakao_exact_jibun_address_match,인천 계양구 작전동 870-2,1,1,0.0,,kakao_local_api:address_jibun,https://dapi.kakao.com/v2/local/search/address.json,2026-09-06,https://www.data.go.kr/data/15038929/fileData.do,2026-01-19,2026-09-06,administrative_record_only_not_confirmed_active,신축,2023-04-19,2024-01-30,2024-07-16,공동주택,,"주소 기반 추정 위치, 공사현장 좌표 아님"
15038929:167,167,건축행정기록,종교시설,인천광역시 계양구 작전동 765-45 외7필지,37.5339662,126.7189051,geocoded_kakao_jibun,kakao_exact_jibun_address_match,인천 계양구 작전동 765-45,1,1,0.0,,kakao_local_api:address_jibun,https://dapi.kakao.com/v2/local/search/address.json,2026-09-06,https://www.data.go.kr/data/15038929/fileData.do,2026-01-19,2026-09-06,administrative_record_only_not_confirmed_active,신축,2023-04-06,2023-06-09,2024-11-25,종교시설,,"주소 기반 추정 위치, 공사현장 좌표 아님"
15038929:168,168,건축행정기록,제2종근린생활시설,인천광역시 계양구 박촌동 2-6,37.5604166,126.7448910,geocoded_kakao_jibun,kakao_exact_jibun_address_match,인천 계양구 박촌동 2-6,1,1,0.0,,kakao_local_api:address_jibun,https://dapi.kakao.com/v2/local/search/address.json,2026-09-06,https://www.data.go.kr/data/15038929/fileData.do,2026-01-19,2026-09-06,administrative_record_only_not_confirmed_active,신축,2023-04-05,2023-12-06,2025-01-10,제2종근린생활시설,,"주소 기반 추정 위치, 공사현장 좌표 아님"
15038929:169,169,건축행정기록,단독주택,인천광역시 계양구 선주지동 125-1 외1필지,37.5795103,126.7444045,geocoded_kakao_jibun,kakao_exact_jibun_address_match,인천 계양구 선주지동 125-1,1,1,0.0,,kakao_local_api:address_jibun,https://dapi.kakao.com/v2/local/search/address.json,2026-09-06,https://www.data.go.kr/data/15038929/fileData.do,2026-01-19,2026-09-06,administrative_record_only_not_confirmed_active,증축,2023-04-04,2023-04-25,2023-11-02,단독주택,,"주소 기반 추정 위치, 공사현장 좌표 아님"
15038929:170,170,건축행정기록,제1종근린생활시설,인천광역시 계양구 효성동 273-30,37.5266615,126.7122413,geocoded_kakao_jibun,kakao_exact_jibun_address_match,인천 계양구 효성동 273-30,1,1,0.0,,kakao_local_api:address_jibun,https://dapi.kakao.com/v2/local/search/address.json,2026-09-06,https://www.data.go.kr/data/15038929/fileData.do,2026-01-19,2026-09-06,administrative_record_only_not_confirmed_active,신축,2023-04-04,2023-08-16,2024-06-25,제1종근린생활시설,,"주소 기반 추정 위치, 공사현장 좌표 아님"
15038929:171,171,건축행정기록,제2종근린생활시설,인천광역시 계양구 계산동 942-41 외1필지,37.5405477,126.7222358,geocoded_kakao_jibun,kakao_exact_jibun_address_match,인천 계양구 계산동 942-41,1,1,0.0,,kakao_local_api:address_jibun,https://dapi.kakao.com/v2/local/search/address.json,2026-09-06,https://www.data.go.kr/data/15038929/fileData.do,2026-01-19,2026-09-06,administrative_record_only_not_confirmed_active,대수선,2023-03-31,2023-12-01,2024-05-24,제2종근린생활시설,,"주소 기반 추정 위치, 공사현장 좌표 아님"
15038929:172,172,건축행정기록,제2종근린생활시설,인천광역시 계양구 효성동 412-13,37.5248453,126.7056060,geocoded_kakao_jibun,kakao_exact_jibun_address_match,인천 계양구 효성동 412-13,1,1,0.0,,kakao_local_api:address_jibun,https://dapi.kakao.com/v2/local/search/address.json,2026-09-06,https://www.data.go.kr/data/15038929/fileData.do,2026-01-19,2026-09-06,administrative_record_only_not_confirmed_active,신축,2023-03-22,2023-04-13,2023-08-09,제2종근린생활시설,,"주소 기반 추정 위치, 공사현장 좌표 아님"
15038929:173,173,건축행정기록,제2종근린생활시설,인천광역시 계양구 장기동 115-22,37.5761740,126.7357613,geocoded_kakao_jibun,kakao_exact_jibun_address_match,인천 계양구 장기동 115-22,1,1,0.0,,kakao_local_api:address_jibun,https://dapi.kakao.com/v2/local/search/address.json,2026-09-06,https://www.data.go.kr/data/15038929/fileData.do,2026-01-19,2026-09-06,administrative_record_only_not_confirmed_active,증축,2023-03-20,2024-05-08,2024-08-23,제2종근린생활시설,,"주소 기반 추정 위치, 공사현장 좌표 아님"
15038929:174,174,건축행정기록,제2종근린생활시설,인천광역시 계양구 평동 93-6,37.5795164,126.7749077,geocoded_kakao_jibun,kakao_exact_jibun_address_match,인천 계양구 평동 93-6,1,1,0.0,,kakao_local_api:address_jibun,https://dapi.kakao.com/v2/local/search/address.json,2026-09-06,https://www.data.go.kr/data/15038929/fileData.do,2026-01-19,2026-09-06,administrative_record_only_not_confirmed_active,신축,2023-03-14,2023-03-21,2023-05-30,제2종근린생활시설,,"주소 기반 추정 위치, 공사현장 좌표 아님"
15038929:175,175,건축행정기록,단독주택,인천광역시 계양구 귤현동 505-5,37.5669642,126.7461562,geocoded_kakao_jibun,kakao_exact_jibun_address_match,인천 계양구 귤현동 505-5,1,1,0.0,,kakao_local_api:address_jibun,https://dapi.kakao.com/v2/local/search/address.json,2026-09-06,https://www.data.go.kr/data/15038929/fileData.do,2026-01-19,2026-09-06,administrative_record_only_not_confirmed_active,신축,2023-03-06,2023-03-23,2023-11-30,단독주택,,"주소 기반 추정 위치, 공사현장 좌표 아님"
15038929:176,176,건축행정기록,업무시설,인천광역시 계양구 계산동 1074-8 외1필지,37.5357429,126.7345854,geocoded_kakao_jibun,kakao_exact_jibun_address_match,인천 계양구 계산동 1074-8,1,1,0.0,,kakao_local_api:address_jibun,https://dapi.kakao.com/v2/local/search/address.json,2026-09-06,https://www.data.go.kr/data/15038929/fileData.do,2026-01-19,2026-09-06,administrative_record_only_not_confirmed_active,신축,2023-02-23,2023-04-19,2025-07-08,업무시설,,"주소 기반 추정 위치, 공사현장 좌표 아님"
15038929:177,177,건축행정기록,제2종근린생활시설,인천광역시 계양구 이화동 250-4,37.5901772,126.7373810,geocoded_kakao_jibun,kakao_exact_jibun_address_match,인천 계양구 이화동 250-4,1,1,0.0,,kakao_local_api:address_jibun,https://dapi.kakao.com/v2/local/search/address.json,2026-09-06,https://www.data.go.kr/data/15038929/fileData.do,2026-01-19,2026-09-06,administrative_record_only_not_confirmed_active,신축,2023-02-23,2023-03-07,2023-08-08,제2종근린생활시설,,"주소 기반 추정 위치, 공사현장 좌표 아님"
15038929:180,180,건축행정기록,공장,인천광역시 계양구 효성동 626-3 외1필지,37.5239186,126.6928352,geocoded_kakao_jibun,kakao_exact_jibun_address_match,인천 계양구 효성동 626-3,1,1,0.0,,kakao_local_api:address_jibun,https://dapi.kakao.com/v2/local/search/address.json,2026-09-06,https://www.data.go.kr/data/15038929/fileData.do,2026-01-19,2026-09-06,administrative_record_only_not_confirmed_active,증축,2023-01-26,2023-02-03,2023-04-11,공장,,"주소 기반 추정 위치, 공사현장 좌표 아님"
15038929:182,182,건축행정기록,공동주택,인천광역시 계양구 효성동 221-7,37.5247264,126.7137095,geocoded_kakao_jibun,kakao_exact_jibun_address_match,인천 계양구 효성동 221-7,1,1,0.0,,kakao_local_api:address_jibun,https://dapi.kakao.com/v2/local/search/address.json,2026-09-06,https://www.data.go.kr/data/15038929/fileData.do,2026-01-19,2026-09-06,administrative_record_only_not_confirmed_active,신축,2023-01-25,2023-03-06,2023-09-21,공동주택,,"주소 기반 추정 위치, 공사현장 좌표 아님"
15038929:184,184,건축행정기록,종교시설,인천광역시 계양구 효성동 321-51,37.5275241,126.7103589,geocoded_kakao_jibun,kakao_exact_jibun_address_match,인천 계양구 효성동 321-51,1,1,0.0,,kakao_local_api:address_jibun,https://dapi.kakao.com/v2/local/search/address.json,2026-09-06,https://www.data.go.kr/data/15038929/fileData.do,2026-01-19,2026-09-06,administrative_record_only_not_confirmed_active,대수선,2023-01-09,2023-02-03,2023-07-04,종교시설,,"주소 기반 추정 위치, 공사현장 좌표 아님"
15038929:186,186,건축행정기록,단독주택,인천광역시 계양구 박촌동 1-1 외1필지,37.5612258,126.7440929,geocoded_kakao_jibun,kakao_exact_jibun_address_match,인천 계양구 박촌동 1-1,1,1,0.0,,kakao_local_api:address_jibun,https://dapi.kakao.com/v2/local/search/address.json,2026-09-06,https://www.data.go.kr/data/15038929/fileData.do,2026-01-19,2026-09-06,administrative_record_only_not_confirmed_active,신축,2022-12-30,2025-05-30,,단독주택,,"주소 기반 추정 위치, 공사현장 좌표 아님"
15038929:187,187,건축행정기록,공동주택,인천광역시 계양구 계산동 974-20,37.5402214,126.7213134,geocoded_kakao_jibun,kakao_exact_jibun_address_match,인천 계양구 계산동 974-20,1,1,0.0,,kakao_local_api:address_jibun,https://dapi.kakao.com/v2/local/search/address.json,2026-09-06,https://www.data.go.kr/data/15038929/fileData.do,2026-01-19,2026-09-06,administrative_record_only_not_confirmed_active,신축,2022-12-07,2023-01-25,2023-08-25,공동주택,,"주소 기반 추정 위치, 공사현장 좌표 아님"
15038929:188,188,건축행정기록,제1종근린생활시설,인천광역시 계양구 이화동 52-19,37.5836417,126.7449808,geocoded_kakao_jibun,kakao_exact_jibun_address_match,인천 계양구 이화동 52-19,1,1,0.0,,kakao_local_api:address_jibun,https://dapi.kakao.com/v2/local/search/address.json,2026-09-06,https://www.data.go.kr/data/15038929/fileData.do,2026-01-19,2026-09-06,administrative_record_only_not_confirmed_active,신축,2022-11-29,2025-04-25,2025-10-01,제1종근린생활시설,,"주소 기반 추정 위치, 공사현장 좌표 아님"
15038929:189,189,건축행정기록,업무시설,인천광역시 계양구 귤현동 451-315 외38필지,,,unresolved,no_exact_parcel_match_in_kakao,,0,0,,,kakao_local_api:unresolved,https://dapi.kakao.com/v2/local/search/address.json,2026-09-06,https://www.data.go.kr/data/15038929/fileData.do,2026-01-19,2026-09-06,administrative_record_only_not_confirmed_active,증축,2022-11-25,2023-02-07,,업무시설,,"주소 기반 추정 위치, 공사현장 좌표 아님"
15038929:196,196,건축행정기록,제1종근린생활시설,인천광역시 계양구 효성동 63-8 외1필지,37.5318973,126.7111875,geocoded_kakao_jibun,kakao_exact_jibun_address_match,인천 계양구 효성동 63-8,1,1,0.0,,kakao_local_api:address_jibun,https://dapi.kakao.com/v2/local/search/address.json,2026-09-06,https://www.data.go.kr/data/15038929/fileData.do,2026-01-19,2026-09-06,administrative_record_only_not_confirmed_active,용도변경,2022-10-26,,2023-11-22,제1종근린생활시설,,"주소 기반 추정 위치, 공사현장 좌표 아님"
15038929:197,197,건축행정기록,제1종근린생활시설,인천광역시 계양구 귤현동 497-2,37.5678213,126.7479787,geocoded_kakao_jibun,kakao_exact_jibun_address_match,인천 계양구 귤현동 497-2,1,1,0.0,,kakao_local_api:address_jibun,https://dapi.kakao.com/v2/local/search/address.json,2026-09-06,https://www.data.go.kr/data/15038929/fileData.do,2026-01-19,2026-09-06,administrative_record_only_not_confirmed_active,신축,2022-10-26,2022-11-08,2023-04-12,제1종근린생활시설,,"주소 기반 추정 위치, 공사현장 좌표 아님"
15038929:198,198,건축행정기록,공동주택,인천광역시 계양구 계산동 974-19,37.5403637,126.7212926,geocoded_kakao_jibun,kakao_exact_jibun_address_match,인천 계양구 계산동 974-19,1,1,0.0,,kakao_local_api:address_jibun,https://dapi.kakao.com/v2/local/search/address.json,2026-09-06,https://www.data.go.kr/data/15038929/fileData.do,2026-01-19,2026-09-06,administrative_record_only_not_confirmed_active,신축,2022-10-24,2022-11-25,2024-01-10,공동주택,,"주소 기반 추정 위치, 공사현장 좌표 아님"
15038929:199,199,건축행정기록,공동주택,인천광역시 계양구 계산동 990-24,37.5364437,126.7264171,geocoded_kakao_jibun,kakao_exact_jibun_address_match,인천 계양구 계산동 990-24,1,1,0.0,,kakao_local_api:address_jibun,https://dapi.kakao.com/v2/local/search/address.json,2026-09-06,https://www.data.go.kr/data/15038929/fileData.do,2026-01-19,2026-09-06,administrative_record_only_not_confirmed_active,신축,2022-10-21,2022-12-22,2023-10-05,공동주택,,"주소 기반 추정 위치, 공사현장 좌표 아님"
15038929:200,200,건축행정기록,제1종근린생활시설,인천광역시 계양구 장기동 134-4,37.5790624,126.7339870,geocoded_kakao_jibun,kakao_exact_jibun_address_match,인천 계양구 장기동 134-4,1,1,0.0,,kakao_local_api:address_jibun,https://dapi.kakao.com/v2/local/search/address.json,2026-09-06,https://www.data.go.kr/data/15038929/fileData.do,2026-01-19,2026-09-06,administrative_record_only_not_confirmed_active,신축,2022-10-07,2024-05-29,2025-01-03,제1종근린생활시설,,"주소 기반 추정 위치, 공사현장 좌표 아님"
15038929:201,201,건축행정기록,제2종근린생활시설,인천광역시 계양구 박촌동 2-1,37.5602899,126.7450945,geocoded_kakao_jibun,kakao_exact_jibun_address_match,인천 계양구 박촌동 2-1,1,1,0.0,,kakao_local_api:address_jibun,https://dapi.kakao.com/v2/local/search/address.json,2026-09-06,https://www.data.go.kr/data/15038929/fileData.do,2026-01-19,2026-09-06,administrative_record_only_not_confirmed_active,신축,2022-09-28,2024-08-09,2024-12-24,제2종근린생활시설,,"주소 기반 추정 위치, 공사현장 좌표 아님"
15038929:203,203,건축행정기록,제2종근린생활시설,인천광역시 계양구 다남동 103-4,37.5696574,126.7292580,geocoded_kakao_jibun,kakao_exact_jibun_address_match,인천 계양구 다남동 103-4,1,1,0.0,,kakao_local_api:address_jibun,https://dapi.kakao.com/v2/local/search/address.json,2026-09-06,https://www.data.go.kr/data/15038929/fileData.do,2026-01-19,2026-09-06,administrative_record_only_not_confirmed_active,신축,2022-09-07,2022-09-28,2023-03-31,제2종근린생활시설,,"주소 기반 추정 위치, 공사현장 좌표 아님"
15038929:204,204,건축행정기록,노유자시설,인천광역시 계양구 귤현동 504-9,37.5669386,126.7468842,geocoded_kakao_jibun,kakao_exact_jibun_address_match,인천 계양구 귤현동 504-9,1,1,0.0,,kakao_local_api:address_jibun,https://dapi.kakao.com/v2/local/search/address.json,2026-09-06,https://www.data.go.kr/data/15038929/fileData.do,2026-01-19,2026-09-06,administrative_record_only_not_confirmed_active,대수선,2022-09-06,2022-11-21,2023-05-03,노유자시설,,"주소 기반 추정 위치, 공사현장 좌표 아님"
15038929:205,205,건축행정기록,제2종근린생활시설,인천광역시 계양구 선주지동 106-7,37.5796596,126.7482439,geocoded_kakao_jibun,kakao_exact_jibun_address_match,인천 계양구 선주지동 106-7,1,1,0.0,,kakao_local_api:address_jibun,https://dapi.kakao.com/v2/local/search/address.json,2026-09-06,https://www.data.go.kr/data/15038929/fileData.do,2026-01-19,2026-09-06,administrative_record_only_not_confirmed_active,증축,2022-09-02,2022-09-30,2023-01-03,제2종근린생활시설,,"주소 기반 추정 위치, 공사현장 좌표 아님"
15038929:206,206,건축행정기록,창고시설,인천광역시 계양구 서운동 147-14,37.5268137,126.7588434,geocoded_kakao_jibun,kakao_exact_jibun_address_match,인천 계양구 서운동 147-14,1,1,0.0,,kakao_local_api:address_jibun,https://dapi.kakao.com/v2/local/search/address.json,2026-09-06,https://www.data.go.kr/data/15038929/fileData.do,2026-01-19,2026-09-06,administrative_record_only_not_confirmed_active,증축,2022-08-31,2022-09-14,2022-09-28,창고시설,,"주소 기반 추정 위치, 공사현장 좌표 아님"
15038929:207,207,건축행정기록,제1종근린생활시설,인천광역시 계양구 갈현동 82-10,37.5750724,126.7255380,geocoded_kakao_jibun,kakao_exact_jibun_address_match,인천 계양구 갈현동 82-10,1,1,0.0,,kakao_local_api:address_jibun,https://dapi.kakao.com/v2/local/search/address.json,2026-09-06,https://www.data.go.kr/data/15038929/fileData.do,2026-01-19,2026-09-06,administrative_record_only_not_confirmed_active,신축,2022-08-23,2022-11-02,2024-09-06,제1종근린생활시설,,"주소 기반 추정 위치, 공사현장 좌표 아님"
15038929:208,208,건축행정기록,제1종근린생활시설,인천광역시 계양구 선주지동 6 외1필지,37.5832927,126.7471310,geocoded_kakao_jibun,kakao_exact_jibun_address_match,인천 계양구 선주지동 6,1,1,0.0,,kakao_local_api:address_jibun,https://dapi.kakao.com/v2/local/search/address.json,2026-09-06,https://www.data.go.kr/data/15038929/fileData.do,2026-01-19,2026-09-06,administrative_record_only_not_confirmed_active,신축,2022-08-18,2022-09-22,2023-04-11,제1종근린생활시설,,"주소 기반 추정 위치, 공사현장 좌표 아님"
15038929:209,209,건축행정기록,제1종근린생활시설,인천광역시 계양구 선주지동 6 외1필지,37.5832927,126.7471310,geocoded_kakao_jibun,kakao_exact_jibun_address_match,인천 계양구 선주지동 6,1,1,0.0,,kakao_local_api:address_jibun,https://dapi.kakao.com/v2/local/search/address.json,2026-09-06,https://www.data.go.kr/data/15038929/fileData.do,2026-01-19,2026-09-06,administrative_record_only_not_confirmed_active,신축,2022-08-18,2022-09-22,2023-04-11,제1종근린생활시설,,"주소 기반 추정 위치, 공사현장 좌표 아님"
15038929:211,211,건축행정기록,제2종근린생활시설,인천광역시 계양구 효성동 412-1,37.5251000,126.7065684,geocoded_kakao_jibun,kakao_exact_jibun_address_match,인천 계양구 효성동 412-1,1,1,0.0,,kakao_local_api:address_jibun,https://dapi.kakao.com/v2/local/search/address.json,2026-09-06,https://www.data.go.kr/data/15038929/fileData.do,2026-01-19,2026-09-06,administrative_record_only_not_confirmed_active,신축,2022-08-09,2023-02-16,2023-08-07,제2종근린생활시설,,"주소 기반 추정 위치, 공사현장 좌표 아님"
15038929:213,213,건축행정기록,제2종근린생활시설,인천광역시 계양구 서운동 130-4 외1필지,,,unresolved,no_exact_parcel_match_in_kakao,,0,0,,,kakao_local_api:unresolved,https://dapi.kakao.com/v2/local/search/address.json,2026-09-06,https://www.data.go.kr/data/15038929/fileData.do,2026-01-19,2026-09-06,administrative_record_only_not_confirmed_active,신축,2022-07-29,2022-09-14,2023-02-16,제2종근린생활시설,,"주소 기반 추정 위치, 공사현장 좌표 아님"
15038929:214,214,건축행정기록,제1종근린생활시설,인천광역시 계양구 이화동 222-3,37.5927188,126.7388804,geocoded_kakao_jibun,kakao_exact_jibun_address_match,인천 계양구 이화동 222-3,1,1,0.0,,kakao_local_api:address_jibun,https://dapi.kakao.com/v2/local/search/address.json,2026-09-06,https://www.data.go.kr/data/15038929/fileData.do,2026-01-19,2026-09-06,administrative_record_only_not_confirmed_active,증축,2022-07-26,2022-10-18,2023-03-24,제1종근린생활시설,,"주소 기반 추정 위치, 공사현장 좌표 아님"
15038929:216,216,건축행정기록,제1종근린생활시설,인천광역시 계양구 서운동 234,37.5283671,126.7478118,geocoded_kakao_jibun,kakao_exact_jibun_address_match,인천 계양구 서운동 234,1,1,0.0,,kakao_local_api:address_jibun,https://dapi.kakao.com/v2/local/search/address.json,2026-09-06,https://www.data.go.kr/data/15038929/fileData.do,2026-01-19,2026-09-06,administrative_record_only_not_confirmed_active,신축,2022-07-22,2022-09-15,,제1종근린생활시설,,"주소 기반 추정 위치, 공사현장 좌표 아님"
15038929:220,220,건축행정기록,공동주택,인천광역시 계양구 효성동 152-3 외1필지,37.5292574,126.7103914,geocoded_kakao_jibun,kakao_exact_jibun_address_match,인천 계양구 효성동 152-3,1,1,0.0,,kakao_local_api:address_jibun,https://dapi.kakao.com/v2/local/search/address.json,2026-09-06,https://www.data.go.kr/data/15038929/fileData.do,2026-01-19,2026-09-06,administrative_record_only_not_confirmed_active,신축,2022-07-12,2022-07-26,2022-12-14,공동주택,,"주소 기반 추정 위치, 공사현장 좌표 아님"
15038929:222,222,건축행정기록,판매시설,인천광역시 계양구 계산동 300-13 외2필지,37.5367059,126.7297236,geocoded_kakao_jibun,kakao_exact_jibun_address_match,인천 계양구 계산동 300-13,1,1,0.0,,kakao_local_api:address_jibun,https://dapi.kakao.com/v2/local/search/address.json,2026-09-06,https://www.data.go.kr/data/15038929/fileData.do,2026-01-19,2026-09-06,administrative_record_only_not_confirmed_active,용도변경,2022-07-06,,2022-07-26,판매시설,,"주소 기반 추정 위치, 공사현장 좌표 아님"
15038929:224,224,건축행정기록,제1종근린생활시설,인천광역시 계양구 하야동 65-8,37.5816881,126.7788654,geocoded_kakao_jibun,kakao_exact_jibun_address_match,인천 계양구 하야동 65-8,1,1,0.0,,kakao_local_api:address_jibun,https://dapi.kakao.com/v2/local/search/address.json,2026-09-06,https://www.data.go.kr/data/15038929/fileData.do,2026-01-19,2026-09-06,administrative_record_only_not_confirmed_active,신축,2022-07-06,2022-08-22,2022-11-15,제1종근린생활시설,,"주소 기반 추정 위치, 공사현장 좌표 아님"
15038929:227,227,건축행정기록,공동주택,인천광역시 계양구 작전동 644-2,37.5283171,126.7346431,geocoded_kakao_jibun,kakao_exact_jibun_address_match,인천 계양구 작전동 644-2,1,1,0.0,,kakao_local_api:address_jibun,https://dapi.kakao.com/v2/local/search/address.json,2026-09-06,https://www.data.go.kr/data/15038929/fileData.do,2026-01-19,2026-09-06,administrative_record_only_not_confirmed_active,신축,2022-07-04,2022-07-14,2022-12-02,공동주택,,"주소 기반 추정 위치, 공사현장 좌표 아님"
15038929:230,230,건축행정기록,제2종근린생활시설,인천광역시 계양구 하야동 38-23,37.5828266,126.7816182,geocoded_kakao_jibun,kakao_exact_jibun_address_match,인천 계양구 하야동 38-23,1,1,0.0,,kakao_local_api:address_jibun,https://dapi.kakao.com/v2/local/search/address.json,2026-09-06,https://www.data.go.kr/data/15038929/fileData.do,2026-01-19,2026-09-06,administrative_record_only_not_confirmed_active,신축,2022-06-29,2022-07-22,2022-11-16,제2종근린생활시설,,"주소 기반 추정 위치, 공사현장 좌표 아님"
15038929:231,231,건축행정기록,제2종근린생활시설,인천광역시 계양구 상야동 18-8,37.5780996,126.7809100,geocoded_kakao_jibun,kakao_exact_jibun_address_match,인천 계양구 상야동 18-8,1,1,0.0,,kakao_local_api:address_jibun,https://dapi.kakao.com/v2/local/search/address.json,2026-09-06,https://www.data.go.kr/data/15038929/fileData.do,2026-01-19,2026-09-06,administrative_record_only_not_confirmed_active,신축,2022-06-20,2022-10-04,2023-03-24,제2종근린생활시설,,"주소 기반 추정 위치, 공사현장 좌표 아님"
15038929:233,233,건축행정기록,업무시설,인천광역시 계양구 효성동 304-3 외1필지,37.5245414,126.7128688,geocoded_kakao_jibun,kakao_exact_jibun_address_match,인천 계양구 효성동 304-3,1,1,0.0,,kakao_local_api:address_jibun,https://dapi.kakao.com/v2/local/search/address.json,2026-09-06,https://www.data.go.kr/data/15038929/fileData.do,2026-01-19,2026-09-06,administrative_record_only_not_confirmed_active,신축,2022-06-10,2025-09-17,,업무시설,,"주소 기반 추정 위치, 공사현장 좌표 아님"
15038929:234,234,건축행정기록,종교시설,인천광역시 계양구 박촌동 19-3 외2필지,37.5563182,126.7442516,geocoded_kakao_jibun,kakao_exact_jibun_address_match,인천 계양구 박촌동 19-3,1,1,0.0,,kakao_local_api:address_jibun,https://dapi.kakao.com/v2/local/search/address.json,2026-09-06,https://www.data.go.kr/data/15038929/fileData.do,2026-01-19,2026-09-06,administrative_record_only_not_confirmed_active,증축,2022-06-08,2022-09-21,2024-12-17,종교시설,,"주소 기반 추정 위치, 공사현장 좌표 아님"
15038929:235,235,건축행정기록,제1종근린생활시설,인천광역시 계양구 계산동 1080-2,37.5355733,126.7382604,geocoded_kakao_jibun,kakao_exact_jibun_address_match,인천 계양구 계산동 1080-2,1,1,0.0,,kakao_local_api:address_jibun,https://dapi.kakao.com/v2/local/search/address.json,2026-09-06,https://www.data.go.kr/data/15038929/fileData.do,2026-01-19,2026-09-06,administrative_record_only_not_confirmed_active,대수선,2022-05-31,2022-08-05,,제1종근린생활시설,,"주소 기반 추정 위치, 공사현장 좌표 아님"
15038929:236,236,건축행정기록,제1종근린생활시설,인천광역시 계양구 방축동 87-12 외1필지,37.5539807,126.7341707,geocoded_kakao_jibun,kakao_exact_jibun_address_match,인천 계양구 방축동 87-12,1,1,0.0,,kakao_local_api:address_jibun,https://dapi.kakao.com/v2/local/search/address.json,2026-09-06,https://www.data.go.kr/data/15038929/fileData.do,2026-01-19,2026-09-06,administrative_record_only_not_confirmed_active,신축,2022-05-30,2022-07-27,2024-01-15,제1종근린생활시설,,"주소 기반 추정 위치, 공사현장 좌표 아님"
15038929:238,238,건축행정기록,제2종근린생활시설,인천광역시 계양구 효성동 198-1 외3필지,37.5270967,126.7171960,geocoded_kakao_jibun,kakao_exact_jibun_address_match,인천 계양구 효성동 198-1,1,1,0.0,,kakao_local_api:address_jibun,https://dapi.kakao.com/v2/local/search/address.json,2026-09-06,https://www.data.go.kr/data/15038929/fileData.do,2026-01-19,2026-09-06,administrative_record_only_not_confirmed_active,용도변경,2022-05-26,,2023-05-31,제2종근린생활시설,,"주소 기반 추정 위치, 공사현장 좌표 아님"
15038929:240,240,건축행정기록,판매시설,인천광역시 계양구 계산동 1061,37.5395042,126.7362101,geocoded_kakao_jibun,kakao_exact_jibun_address_match,인천 계양구 계산동 1061,1,1,0.0,,kakao_local_api:address_jibun,https://dapi.kakao.com/v2/local/search/address.json,2026-09-06,https://www.data.go.kr/data/15038929/fileData.do,2026-01-19,2026-09-06,administrative_record_only_not_confirmed_active,용도변경,2022-05-24,,2022-07-25,판매시설,,"주소 기반 추정 위치, 공사현장 좌표 아님"
15038929:241,241,건축행정기록,제1종근린생활시설,인천광역시 계양구 효성동 198-1 외3필지,37.5270967,126.7171960,geocoded_kakao_jibun,kakao_exact_jibun_address_match,인천 계양구 효성동 198-1,1,1,0.0,,kakao_local_api:address_jibun,https://dapi.kakao.com/v2/local/search/address.json,2026-09-06,https://www.data.go.kr/data/15038929/fileData.do,2026-01-19,2026-09-06,administrative_record_only_not_confirmed_active,용도변경,2022-05-20,,2022-07-13,제1종근린생활시설,,"주소 기반 추정 위치, 공사현장 좌표 아님"
15038929:242,242,건축행정기록,교정및군사시설,인천광역시 계양구 귤현동 344-1 외2필지,37.5631893,126.7377270,geocoded_kakao_jibun,kakao_exact_jibun_address_match,인천 계양구 귤현동 344-1,1,1,0.0,,kakao_local_api:address_jibun,https://dapi.kakao.com/v2/local/search/address.json,2026-09-06,https://www.data.go.kr/data/15038929/fileData.do,2026-01-19,2026-09-06,administrative_record_only_not_confirmed_active,신축,2022-05-19,2022-05-27,,교정및군사시설,,"주소 기반 추정 위치, 공사현장 좌표 아님"
15038929:243,243,건축행정기록,노유자시설,인천광역시 계양구 둑실동 121,37.5794507,126.7004078,geocoded_kakao_jibun,kakao_exact_jibun_address_match,인천 계양구 둑실동 121,1,1,0.0,,kakao_local_api:address_jibun,https://dapi.kakao.com/v2/local/search/address.json,2026-09-06,https://www.data.go.kr/data/15038929/fileData.do,2026-01-19,2026-09-06,administrative_record_only_not_confirmed_active,신축,2022-05-19,2022-07-06,2023-02-23,노유자시설,,"주소 기반 추정 위치, 공사현장 좌표 아님"
15038929:245,245,건축행정기록,제1종근린생활시설,인천광역시 계양구 이화동 23-56 외1필지,37.5881632,126.7458229,geocoded_kakao_jibun,kakao_exact_jibun_address_match,인천 계양구 이화동 23-56,1,1,0.0,,kakao_local_api:address_jibun,https://dapi.kakao.com/v2/local/search/address.json,2026-09-06,https://www.data.go.kr/data/15038929/fileData.do,2026-01-19,2026-09-06,administrative_record_only_not_confirmed_active,신축,2022-05-17,2022-12-13,2025-12-22,제1종근린생활시설,,"주소 기반 추정 위치, 공사현장 좌표 아님"
15038929:246,246,건축행정기록,공동주택,인천광역시 계양구 임학동 47-10 외1필지,37.5458481,126.7326969,geocoded_kakao_jibun,kakao_exact_jibun_address_match,인천 계양구 임학동 47-10,1,1,0.0,,kakao_local_api:address_jibun,https://dapi.kakao.com/v2/local/search/address.json,2026-09-06,https://www.data.go.kr/data/15038929/fileData.do,2026-01-19,2026-09-06,administrative_record_only_not_confirmed_active,신축,2022-05-17,2022-05-25,2022-11-01,공동주택,,"주소 기반 추정 위치, 공사현장 좌표 아님"
15038929:249,249,건축행정기록,의료시설,인천광역시 계양구 작전동 909,37.5320806,126.7368315,geocoded_kakao_jibun,kakao_exact_jibun_address_match,인천 계양구 작전동 909,1,1,0.0,,kakao_local_api:address_jibun,https://dapi.kakao.com/v2/local/search/address.json,2026-09-06,https://www.data.go.kr/data/15038929/fileData.do,2026-01-19,2026-09-06,administrative_record_only_not_confirmed_active,증축,2022-05-09,2022-08-11,2023-03-28,의료시설,,"주소 기반 추정 위치, 공사현장 좌표 아님"
15038929:250,250,건축행정기록,제1종근린생활시설,인천광역시 계양구 임학동 6,37.5473817,126.7400035,geocoded_kakao_jibun,kakao_exact_jibun_address_match,인천 계양구 임학동 6,1,1,0.0,,kakao_local_api:address_jibun,https://dapi.kakao.com/v2/local/search/address.json,2026-09-06,https://www.data.go.kr/data/15038929/fileData.do,2026-01-19,2026-09-06,administrative_record_only_not_confirmed_active,대수선,2022-04-26,2022-05-20,2023-01-06,제1종근린생활시설,,"주소 기반 추정 위치, 공사현장 좌표 아님"
15038929:253,253,건축행정기록,노유자시설,인천광역시 계양구 효성동 273-16,37.5263518,126.7115914,geocoded_kakao_jibun,kakao_exact_jibun_address_match,인천 계양구 효성동 273-16,1,1,0.0,,kakao_local_api:address_jibun,https://dapi.kakao.com/v2/local/search/address.json,2026-09-06,https://www.data.go.kr/data/15038929/fileData.do,2026-01-19,2026-09-06,administrative_record_only_not_confirmed_active,신축,2022-04-20,2022-05-31,2023-01-19,노유자시설,,"주소 기반 추정 위치, 공사현장 좌표 아님"
15038929:254,254,건축행정기록,공동주택,인천광역시 계양구 동양동 609-5,37.5611468,126.7539609,geocoded_kakao_jibun,kakao_exact_jibun_address_match,인천 계양구 동양동 609-5,1,1,0.0,,kakao_local_api:address_jibun,https://dapi.kakao.com/v2/local/search/address.json,2026-09-06,https://www.data.go.kr/data/15038929/fileData.do,2026-01-19,2026-09-06,administrative_record_only_not_confirmed_active,신축,2022-04-20,2022-05-02,2022-12-14,공동주택,,"주소 기반 추정 위치, 공사현장 좌표 아님"
15038929:255,255,건축행정기록,단독주택,인천광역시 계양구 계산동 906-70,37.5463384,126.7283791,geocoded_kakao_jibun,kakao_exact_jibun_address_match,인천 계양구 계산동 906-70,1,1,0.0,,kakao_local_api:address_jibun,https://dapi.kakao.com/v2/local/search/address.json,2026-09-06,https://www.data.go.kr/data/15038929/fileData.do,2026-01-19,2026-09-06,administrative_record_only_not_confirmed_active,신축,2022-04-08,2022-04-25,2022-10-17,단독주택,,"주소 기반 추정 위치, 공사현장 좌표 아님"
15038929:256,256,건축행정기록,제2종근린생활시설,인천광역시 계양구 효성동 54-3,37.5331174,126.7097368,geocoded_kakao_jibun,kakao_exact_jibun_address_match,인천 계양구 효성동 54-3,1,1,0.0,,kakao_local_api:address_jibun,https://dapi.kakao.com/v2/local/search/address.json,2026-09-06,https://www.data.go.kr/data/15038929/fileData.do,2026-01-19,2026-09-06,administrative_record_only_not_confirmed_active,신축,2022-04-07,2022-11-29,2023-06-01,제2종근린생활시설,,"주소 기반 추정 위치, 공사현장 좌표 아님"
15038929:257,257,건축행정기록,노유자시설,인천광역시 계양구 이화동 241-4 외3필지,37.5916666,126.7372219,geocoded_kakao_jibun,kakao_exact_jibun_address_match,인천 계양구 이화동 241-4,1,1,0.0,,kakao_local_api:address_jibun,https://dapi.kakao.com/v2/local/search/address.json,2026-09-06,https://www.data.go.kr/data/15038929/fileData.do,2026-01-19,2026-09-06,administrative_record_only_not_confirmed_active,신축,2022-03-30,2022-05-27,2023-02-21,노유자시설,,"주소 기반 추정 위치, 공사현장 좌표 아님"
15038929:258,258,건축행정기록,제1종근린생활시설,인천광역시 계양구 장기동 152-2,37.5773026,126.7363486,geocoded_kakao_jibun,kakao_exact_jibun_address_match,인천 계양구 장기동 152-2,1,1,0.0,,kakao_local_api:address_jibun,https://dapi.kakao.com/v2/local/search/address.json,2026-09-06,https://www.data.go.kr/data/15038929/fileData.do,2026-01-19,2026-09-06,administrative_record_only_not_confirmed_active,신축,2022-03-29,2022-06-20,2023-10-20,제1종근린생활시설,,"주소 기반 추정 위치, 공사현장 좌표 아님"
15038929:259,259,건축행정기록,공동주택,인천광역시 계양구 병방동 104-10,37.5474621,126.7433216,geocoded_kakao_jibun,kakao_exact_jibun_address_match,인천 계양구 병방동 104-10,1,1,0.0,,kakao_local_api:address_jibun,https://dapi.kakao.com/v2/local/search/address.json,2026-09-06,https://www.data.go.kr/data/15038929/fileData.do,2026-01-19,2026-09-06,administrative_record_only_not_confirmed_active,신축,2022-03-28,2022-04-27,2023-07-18,공동주택,,"주소 기반 추정 위치, 공사현장 좌표 아님"
15038929:261,261,건축행정기록,제1종근린생활시설,인천광역시 계양구 서운동 130-21 외1필지,37.5264334,126.7493342,geocoded_kakao_jibun,kakao_exact_jibun_address_match,인천 계양구 서운동 130-21,1,1,0.0,,kakao_local_api:address_jibun,https://dapi.kakao.com/v2/local/search/address.json,2026-09-06,https://www.data.go.kr/data/15038929/fileData.do,2026-01-19,2026-09-06,administrative_record_only_not_confirmed_active,신축,2022-03-24,2022-08-24,2023-01-26,제1종근린생활시설,,"주소 기반 추정 위치, 공사현장 좌표 아님"
15038929:263,263,건축행정기록,노유자시설,인천광역시 계양구 계산동 968-7 외3필지,37.5385219,126.7235573,geocoded_kakao_jibun,kakao_exact_jibun_address_match,인천 계양구 계산동 968-7,1,1,0.0,,kakao_local_api:address_jibun,https://dapi.kakao.com/v2/local/search/address.json,2026-09-06,https://www.data.go.kr/data/15038929/fileData.do,2026-01-19,2026-09-06,administrative_record_only_not_confirmed_active,신축,2022-03-24,2022-07-22,,노유자시설,,"주소 기반 추정 위치, 공사현장 좌표 아님"
15038929:264,264,건축행정기록,공장,인천광역시 계양구 서운동 211-5,37.5359203,126.7572887,geocoded_kakao_jibun,kakao_exact_jibun_address_match,인천 계양구 서운동 211-5,1,1,0.0,,kakao_local_api:address_jibun,https://dapi.kakao.com/v2/local/search/address.json,2026-09-06,https://www.data.go.kr/data/15038929/fileData.do,2026-01-19,2026-09-06,administrative_record_only_not_confirmed_active,대수선,2022-03-23,2022-03-31,2022-04-26,공장,,"주소 기반 추정 위치, 공사현장 좌표 아님"
15038929:266,266,건축행정기록,제2종근린생활시설,인천광역시 계양구 서운동 214-4 외1필지,37.5341421,126.7556840,geocoded_kakao_jibun,kakao_exact_jibun_address_match,인천 계양구 서운동 214-4,1,1,0.0,,kakao_local_api:address_jibun,https://dapi.kakao.com/v2/local/search/address.json,2026-09-06,https://www.data.go.kr/data/15038929/fileData.do,2026-01-19,2026-09-06,administrative_record_only_not_confirmed_active,용도변경,2022-03-21,,2022-07-18,제2종근린생활시설,,"주소 기반 추정 위치, 공사현장 좌표 아님"
15038929:267,267,건축행정기록,제2종근린생활시설,인천광역시 계양구 다남동 77-2,37.5689348,126.7247118,geocoded_kakao_jibun,kakao_exact_jibun_address_match,인천 계양구 다남동 77-2,1,1,0.0,,kakao_local_api:address_jibun,https://dapi.kakao.com/v2/local/search/address.json,2026-09-06,https://www.data.go.kr/data/15038929/fileData.do,2026-01-19,2026-09-06,administrative_record_only_not_confirmed_active,신축,2022-03-18,2022-04-12,2022-11-29,제2종근린생활시설,,"주소 기반 추정 위치, 공사현장 좌표 아님"
15038929:273,273,건축행정기록,제2종근린생활시설,인천광역시 계양구 갈현동 101-40,37.5778507,126.7210376,geocoded_kakao_jibun,kakao_exact_jibun_address_match,인천 계양구 갈현동 101-40,1,1,0.0,,kakao_local_api:address_jibun,https://dapi.kakao.com/v2/local/search/address.json,2026-09-06,https://www.data.go.kr/data/15038929/fileData.do,2026-01-19,2026-09-06,administrative_record_only_not_confirmed_active,신축,2022-03-07,2022-03-29,2022-07-01,제2종근린생활시설,,"주소 기반 추정 위치, 공사현장 좌표 아님"
15038929:274,274,건축행정기록,업무시설,인천광역시 계양구 효성동 34 외2필지,37.5341924,126.7077720,geocoded_kakao_jibun,kakao_exact_jibun_address_match,인천 계양구 효성동 34,1,1,0.0,,kakao_local_api:address_jibun,https://dapi.kakao.com/v2/local/search/address.json,2026-09-06,https://www.data.go.kr/data/15038929/fileData.do,2026-01-19,2026-09-06,administrative_record_only_not_confirmed_active,신축,2022-03-03,2022-07-07,,업무시설,,"주소 기반 추정 위치, 공사현장 좌표 아님"
15038929:275,275,건축행정기록,제1종근린생활시설,인천광역시 계양구 이화동 273-1 외1필지,37.5893457,126.7359217,geocoded_kakao_jibun,kakao_exact_jibun_address_match,인천 계양구 이화동 273-1,1,1,0.0,,kakao_local_api:address_jibun,https://dapi.kakao.com/v2/local/search/address.json,2026-09-06,https://www.data.go.kr/data/15038929/fileData.do,2026-01-19,2026-09-06,administrative_record_only_not_confirmed_active,신축,2022-03-03,2022-04-05,2022-07-07,제1종근린생활시설,,"주소 기반 추정 위치, 공사현장 좌표 아님"
15038929:276,276,건축행정기록,공장,인천광역시 계양구 서운동 218,37.5319799,126.7548915,geocoded_kakao_jibun,kakao_exact_jibun_address_match,인천 계양구 서운동 218,1,1,0.0,,kakao_local_api:address_jibun,https://dapi.kakao.com/v2/local/search/address.json,2026-09-06,https://www.data.go.kr/data/15038929/fileData.do,2026-01-19,2026-09-06,administrative_record_only_not_confirmed_active,증축,2022-02-25,2024-11-20,,공장,,"주소 기반 추정 위치, 공사현장 좌표 아님"
15038929:277,277,건축행정기록,창고시설,인천광역시 계양구 서운동 55-54 외2필지,37.5263843,126.7470538,geocoded_kakao_jibun,kakao_exact_jibun_address_match,인천 계양구 서운동 55-54,1,1,0.0,,kakao_local_api:address_jibun,https://dapi.kakao.com/v2/local/search/address.json,2026-09-06,https://www.data.go.kr/data/15038929/fileData.do,2026-01-19,2026-09-06,administrative_record_only_not_confirmed_active,대수선,2022-02-24,2022-02-25,2022-03-15,창고시설,,"주소 기반 추정 위치, 공사현장 좌표 아님"
15038929:278,278,건축행정기록,노유자시설,인천광역시 계양구 귤현동 507-11,37.5674070,126.7450848,geocoded_kakao_jibun,kakao_exact_jibun_address_match,인천 계양구 귤현동 507-11,1,1,0.0,,kakao_local_api:address_jibun,https://dapi.kakao.com/v2/local/search/address.json,2026-09-06,https://www.data.go.kr/data/15038929/fileData.do,2026-01-19,2026-09-06,administrative_record_only_not_confirmed_active,대수선,2022-02-08,2022-04-22,2022-08-09,노유자시설,,"주소 기반 추정 위치, 공사현장 좌표 아님"
15038929:280,280,건축행정기록,제2종근린생활시설,인천광역시 계양구 귤현동 496,37.5673040,126.7474713,geocoded_kakao_jibun,kakao_exact_jibun_address_match,인천 계양구 귤현동 496,1,1,0.0,,kakao_local_api:address_jibun,https://dapi.kakao.com/v2/local/search/address.json,2026-09-06,https://www.data.go.kr/data/15038929/fileData.do,2026-01-19,2026-09-06,administrative_record_only_not_confirmed_active,신축,2022-01-26,2022-02-18,2022-12-29,제2종근린생활시설,,"주소 기반 추정 위치, 공사현장 좌표 아님"
15038929:281,281,건축행정기록,제2종근린생활시설,인천광역시 계양구 하야동 64-7,37.5819766,126.7800625,geocoded_kakao_jibun,kakao_exact_jibun_address_match,인천 계양구 하야동 64-7,1,1,0.0,,kakao_local_api:address_jibun,https://dapi.kakao.com/v2/local/search/address.json,2026-09-06,https://www.data.go.kr/data/15038929/fileData.do,2026-01-19,2026-09-06,administrative_record_only_not_confirmed_active,신축,2022-01-25,2022-02-07,2022-04-13,제2종근린생활시설,,"주소 기반 추정 위치, 공사현장 좌표 아님"
15038929:282,282,건축행정기록,제1종근린생활시설,인천광역시 계양구 임학동 67-13,37.5445444,126.7379091,geocoded_kakao_jibun,kakao_exact_jibun_address_match,인천 계양구 임학동 67-13,1,1,0.0,,kakao_local_api:address_jibun,https://dapi.kakao.com/v2/local/search/address.json,2026-09-06,https://www.data.go.kr/data/15038929/fileData.do,2026-01-19,2026-09-06,administrative_record_only_not_confirmed_active,대수선,2022-01-21,2022-04-08,2023-08-28,제1종근린생활시설,,"주소 기반 추정 위치, 공사현장 좌표 아님"
15038929:283,283,건축행정기록,제2종근린생활시설,인천광역시 계양구 계산동 763-20 외2필지,37.5441223,126.7131919,geocoded_kakao_jibun,kakao_exact_jibun_address_match,인천 계양구 계산동 763-20,1,1,0.0,,kakao_local_api:address_jibun,https://dapi.kakao.com/v2/local/search/address.json,2026-09-06,https://www.data.go.kr/data/15038929/fileData.do,2026-01-19,2026-09-06,administrative_record_only_not_confirmed_active,신축,2022-01-21,2022-06-03,2023-08-09,제2종근린생활시설,,"주소 기반 추정 위치, 공사현장 좌표 아님"
15038929:284,284,건축행정기록,제1종근린생활시설,인천광역시 계양구 선주지동 195-3,37.5776347,126.7467609,geocoded_kakao_jibun,kakao_exact_jibun_address_match,인천 계양구 선주지동 195-3,1,1,0.0,,kakao_local_api:address_jibun,https://dapi.kakao.com/v2/local/search/address.json,2026-09-06,https://www.data.go.kr/data/15038929/fileData.do,2026-01-19,2026-09-06,administrative_record_only_not_confirmed_active,신축,2022-01-20,2022-02-16,2022-07-01,제1종근린생활시설,,"주소 기반 추정 위치, 공사현장 좌표 아님"
15038929:286,286,건축행정기록,창고시설,인천광역시 계양구 이화동 122-73,37.5824240,126.7393926,geocoded_kakao_jibun,kakao_exact_jibun_address_match,인천 계양구 이화동 122-73,1,1,0.0,,kakao_local_api:address_jibun,https://dapi.kakao.com/v2/local/search/address.json,2026-09-06,https://www.data.go.kr/data/15038929/fileData.do,2026-01-19,2026-09-06,administrative_record_only_not_confirmed_active,신축,2022-01-18,2024-04-09,2024-11-08,창고시설,,"주소 기반 추정 위치, 공사현장 좌표 아님"
15038929:288,288,건축행정기록,제1종근린생활시설,인천광역시 계양구 선주지동 198-3,37.5785081,126.7460782,geocoded_kakao_jibun,kakao_exact_jibun_address_match,인천 계양구 선주지동 198-3,1,1,0.0,,kakao_local_api:address_jibun,https://dapi.kakao.com/v2/local/search/address.json,2026-09-06,https://www.data.go.kr/data/15038929/fileData.do,2026-01-19,2026-09-06,administrative_record_only_not_confirmed_active,신축,2022-01-11,2022-02-07,2022-05-26,제1종근린생활시설,,"주소 기반 추정 위치, 공사현장 좌표 아님"
15038929:290,290,건축행정기록,제1종근린생활시설,인천광역시 계양구 둑실동 156,37.5798675,126.6996135,geocoded_kakao_jibun,kakao_exact_jibun_address_match,인천 계양구 둑실동 156,1,1,0.0,,kakao_local_api:address_jibun,https://dapi.kakao.com/v2/local/search/address.json,2026-09-06,https://www.data.go.kr/data/15038929/fileData.do,2026-01-19,2026-09-06,administrative_record_only_not_confirmed_active,신축,2022-01-10,2022-03-03,2022-12-28,제1종근린생활시설,,"주소 기반 추정 위치, 공사현장 좌표 아님"
15038929:291,291,건축행정기록,업무시설,인천광역시 계양구 작전동 408-14,37.5242591,126.7256365,geocoded_kakao_jibun,kakao_exact_jibun_address_match,인천 계양구 작전동 408-14,1,1,0.0,,kakao_local_api:address_jibun,https://dapi.kakao.com/v2/local/search/address.json,2026-09-06,https://www.data.go.kr/data/15038929/fileData.do,2026-01-19,2026-09-06,administrative_record_only_not_confirmed_active,신축,2022-01-07,2022-03-04,2023-04-14,업무시설,,"주소 기반 추정 위치, 공사현장 좌표 아님"
15038929:295,295,건축행정기록,위험물저장및처리시설,인천광역시 계양구 서운동 142-36,37.5258264,126.7541092,geocoded_kakao_jibun,kakao_exact_jibun_address_match,인천 계양구 서운동 142-36,1,1,0.0,,kakao_local_api:address_jibun,https://dapi.kakao.com/v2/local/search/address.json,2026-09-06,https://www.data.go.kr/data/15038929/fileData.do,2026-01-19,2026-09-06,administrative_record_only_not_confirmed_active,증축,2022-01-03,2022-03-23,2023-01-04,위험물저장및처리시설,,"주소 기반 추정 위치, 공사현장 좌표 아님"
15038929:298,298,건축행정기록,제2종근린생활시설,인천광역시 계양구 다남동 102-8,37.5696385,126.7282806,geocoded_kakao_jibun,kakao_exact_jibun_address_match,인천 계양구 다남동 102-8,1,1,0.0,,kakao_local_api:address_jibun,https://dapi.kakao.com/v2/local/search/address.json,2026-09-06,https://www.data.go.kr/data/15038929/fileData.do,2026-01-19,2026-09-06,administrative_record_only_not_confirmed_active,신축,2021-12-31,2022-02-21,2024-12-02,제2종근린생활시설,,"주소 기반 추정 위치, 공사현장 좌표 아님"
15038929:300,300,건축행정기록,공장,인천광역시 계양구 서운동 213-5,37.5348495,126.7578354,geocoded_kakao_jibun,kakao_exact_jibun_address_match,인천 계양구 서운동 213-5,1,1,0.0,,kakao_local_api:address_jibun,https://dapi.kakao.com/v2/local/search/address.json,2026-09-06,https://www.data.go.kr/data/15038929/fileData.do,2026-01-19,2026-09-06,administrative_record_only_not_confirmed_active,신축,2021-12-30,2022-03-29,2023-01-11,공장,,"주소 기반 추정 위치, 공사현장 좌표 아님"
15038929:301,301,건축행정기록,제2종근린생활시설,인천광역시 계양구 귤현동 507-9,37.5673054,126.7452586,geocoded_kakao_jibun,kakao_exact_jibun_address_match,인천 계양구 귤현동 507-9,1,1,0.0,,kakao_local_api:address_jibun,https://dapi.kakao.com/v2/local/search/address.json,2026-09-06,https://www.data.go.kr/data/15038929/fileData.do,2026-01-19,2026-09-06,administrative_record_only_not_confirmed_active,신축,2021-12-30,2022-02-17,,제2종근린생활시설,,"주소 기반 추정 위치, 공사현장 좌표 아님"
15038929:302,302,건축행정기록,공장,인천광역시 계양구 서운동 216-2,37.5331258,126.7553886,geocoded_kakao_jibun,kakao_exact_jibun_address_match,인천 계양구 서운동 216-2,1,1,0.0,,kakao_local_api:address_jibun,https://dapi.kakao.com/v2/local/search/address.json,2026-09-06,https://www.data.go.kr/data/15038929/fileData.do,2026-01-19,2026-09-06,administrative_record_only_not_confirmed_active,증축,2021-12-21,2022-01-04,2022-02-11,공장,,"주소 기반 추정 위치, 공사현장 좌표 아님"
15038929:305,305,건축행정기록,업무시설,인천광역시 계양구 계산동 955-23,37.5401649,126.7235711,geocoded_kakao_jibun,kakao_exact_jibun_address_match,인천 계양구 계산동 955-23,1,1,0.0,,kakao_local_api:address_jibun,https://dapi.kakao.com/v2/local/search/address.json,2026-09-06,https://www.data.go.kr/data/15038929/fileData.do,2026-01-19,2026-09-06,administrative_record_only_not_confirmed_active,신축,2021-12-16,2021-12-31,2022-11-03,업무시설,,"주소 기반 추정 위치, 공사현장 좌표 아님"
15038929:308,308,건축행정기록,업무시설,인천광역시 계양구 효성동 604,37.5248108,126.6972352,geocoded_kakao_jibun,kakao_exact_jibun_address_match,인천 계양구 효성동 604,1,1,0.0,,kakao_local_api:address_jibun,https://dapi.kakao.com/v2/local/search/address.json,2026-09-06,https://www.data.go.kr/data/15038929/fileData.do,2026-01-19,2026-09-06,administrative_record_only_not_confirmed_active,신축,2021-12-02,2022-08-18,2025-02-28,업무시설,,"주소 기반 추정 위치, 공사현장 좌표 아님"
15038929:309,309,건축행정기록,업무시설,인천광역시 계양구 계산동 967-14 외2필지,37.5378017,126.7237980,geocoded_kakao_jibun,kakao_exact_jibun_address_match,인천 계양구 계산동 967-14,1,1,0.0,,kakao_local_api:address_jibun,https://dapi.kakao.com/v2/local/search/address.json,2026-09-06,https://www.data.go.kr/data/15038929/fileData.do,2026-01-19,2026-09-06,administrative_record_only_not_confirmed_active,신축,2021-12-02,2022-04-18,2023-08-18,업무시설,,"주소 기반 추정 위치, 공사현장 좌표 아님"
15038929:310,310,건축행정기록,관광휴게시설,인천광역시 계양구 계산동 산 48-33 외1필지,37.5467279,126.7125633,geocoded_kakao_jibun,kakao_exact_jibun_address_match,인천 계양구 계산동 산 48-33,1,1,0.0,,kakao_local_api:address_jibun,https://dapi.kakao.com/v2/local/search/address.json,2026-09-06,https://www.data.go.kr/data/15038929/fileData.do,2026-01-19,2026-09-06,administrative_record_only_not_confirmed_active,증축,2021-12-01,2022-05-24,,관광휴게시설,,"주소 기반 추정 위치, 공사현장 좌표 아님"
15038929:311,311,건축행정기록,공장,인천광역시 계양구 서운동 222,37.5319203,126.7532568,geocoded_kakao_jibun,kakao_exact_jibun_address_match,인천 계양구 서운동 222,1,1,0.0,,kakao_local_api:address_jibun,https://dapi.kakao.com/v2/local/search/address.json,2026-09-06,https://www.data.go.kr/data/15038929/fileData.do,2026-01-19,2026-09-06,administrative_record_only_not_confirmed_active,용도변경,2021-11-30,,2022-01-25,공장,,"주소 기반 추정 위치, 공사현장 좌표 아님"
15038929:312,312,건축행정기록,노유자시설,인천광역시 계양구 계산동 1071-2,37.5353740,126.7337828,geocoded_kakao_jibun,kakao_exact_jibun_address_match,인천 계양구 계산동 1071-2,1,1,0.0,,kakao_local_api:address_jibun,https://dapi.kakao.com/v2/local/search/address.json,2026-09-06,https://www.data.go.kr/data/15038929/fileData.do,2026-01-19,2026-09-06,administrative_record_only_not_confirmed_active,대수선,2021-11-26,2021-12-10,2022-06-22,노유자시설,,"주소 기반 추정 위치, 공사현장 좌표 아님"
15038929:313,313,건축행정기록,의료시설,인천광역시 계양구 작전동 910-5 외1필지,37.5318926,126.7379459,geocoded_kakao_jibun,kakao_exact_jibun_address_match,인천 계양구 작전동 910-5,1,1,0.0,,kakao_local_api:address_jibun,https://dapi.kakao.com/v2/local/search/address.json,2026-09-06,https://www.data.go.kr/data/15038929/fileData.do,2026-01-19,2026-09-06,administrative_record_only_not_confirmed_active,증축,2021-11-25,2022-05-16,2022-12-21,의료시설,,"주소 기반 추정 위치, 공사현장 좌표 아님"
15038929:314,314,건축행정기록,제2종근린생활시설,인천광역시 계양구 계산동 332-4,37.5393675,126.7284431,geocoded_kakao_jibun,kakao_exact_jibun_address_match,인천 계양구 계산동 332-4,1,1,0.0,,kakao_local_api:address_jibun,https://dapi.kakao.com/v2/local/search/address.json,2026-09-06,https://www.data.go.kr/data/15038929/fileData.do,2026-01-19,2026-09-06,administrative_record_only_not_confirmed_active,증축,2021-11-25,2022-11-07,2024-12-18,제2종근린생활시설,,"주소 기반 추정 위치, 공사현장 좌표 아님"
15038929:315,315,건축행정기록,공장,인천광역시 계양구 서운동 212-2,37.5348819,126.7550205,geocoded_kakao_jibun,kakao_exact_jibun_address_match,인천 계양구 서운동 212-2,1,1,0.0,,kakao_local_api:address_jibun,https://dapi.kakao.com/v2/local/search/address.json,2026-09-06,https://www.data.go.kr/data/15038929/fileData.do,2026-01-19,2026-09-06,administrative_record_only_not_confirmed_active,증축,2021-11-24,2022-01-10,2022-04-19,공장,,"주소 기반 추정 위치, 공사현장 좌표 아님"
15038929:316,316,건축행정기록,단독주택,인천광역시 계양구 동양동 612-6,37.5604253,126.7538174,geocoded_kakao_jibun,kakao_exact_jibun_address_match,인천 계양구 동양동 612-6,1,1,0.0,,kakao_local_api:address_jibun,https://dapi.kakao.com/v2/local/search/address.json,2026-09-06,https://www.data.go.kr/data/15038929/fileData.do,2026-01-19,2026-09-06,administrative_record_only_not_confirmed_active,신축,2021-11-24,2022-04-08,2022-10-06,단독주택,,"주소 기반 추정 위치, 공사현장 좌표 아님"
15038929:317,317,건축행정기록,제2종근린생활시설,인천광역시 계양구 서운동 26-8,37.5292395,126.7433736,geocoded_kakao_jibun,kakao_exact_jibun_address_match,인천 계양구 서운동 26-8,1,1,0.0,,kakao_local_api:address_jibun,https://dapi.kakao.com/v2/local/search/address.json,2026-09-06,https://www.data.go.kr/data/15038929/fileData.do,2026-01-19,2026-09-06,administrative_record_only_not_confirmed_active,신축,2021-11-18,2022-07-26,2022-12-07,제2종근린생활시설,,"주소 기반 추정 위치, 공사현장 좌표 아님"
15038929:318,318,건축행정기록,교정및군사시설,인천광역시 계양구 갈현동 60-16,37.5777912,126.7265846,geocoded_kakao_jibun,kakao_exact_jibun_address_match,인천 계양구 갈현동 60-16,1,1,0.0,,kakao_local_api:address_jibun,https://dapi.kakao.com/v2/local/search/address.json,2026-09-06,https://www.data.go.kr/data/15038929/fileData.do,2026-01-19,2026-09-06,administrative_record_only_not_confirmed_active,신축,2021-11-17,2022-11-08,,교정및군사시설,,"주소 기반 추정 위치, 공사현장 좌표 아님"
15038929:319,319,건축행정기록,공동주택,인천광역시 계양구 계산동 964-36,37.5382778,126.7271358,geocoded_kakao_jibun,kakao_exact_jibun_address_match,인천 계양구 계산동 964-36,1,1,0.0,,kakao_local_api:address_jibun,https://dapi.kakao.com/v2/local/search/address.json,2026-09-06,https://www.data.go.kr/data/15038929/fileData.do,2026-01-19,2026-09-06,administrative_record_only_not_confirmed_active,신축,2021-11-16,2021-12-01,2022-05-24,공동주택,,"주소 기반 추정 위치, 공사현장 좌표 아님"
15038929:322,322,건축행정기록,단독주택,인천광역시 계양구 계산동 783-6 외2필지,37.5402576,126.7169400,geocoded_kakao_jibun,kakao_exact_jibun_address_match,인천 계양구 계산동 783-6,1,1,0.0,,kakao_local_api:address_jibun,https://dapi.kakao.com/v2/local/search/address.json,2026-09-06,https://www.data.go.kr/data/15038929/fileData.do,2026-01-19,2026-09-06,administrative_record_only_not_confirmed_active,신축,2021-11-10,2022-01-17,,단독주택,,"주소 기반 추정 위치, 공사현장 좌표 아님"
15038929:323,323,건축행정기록,문화및집회시설,인천광역시 계양구 계산동 1063-9,37.5386613,126.7348873,geocoded_kakao_jibun,kakao_exact_jibun_address_match,인천 계양구 계산동 1063-9,1,1,0.0,,kakao_local_api:address_jibun,https://dapi.kakao.com/v2/local/search/address.json,2026-09-06,https://www.data.go.kr/data/15038929/fileData.do,2026-01-19,2026-09-06,administrative_record_only_not_confirmed_active,대수선,2021-11-03,2021-11-09,2021-12-17,문화및집회시설,,"주소 기반 추정 위치, 공사현장 좌표 아님"
15038929:325,325,건축행정기록,공동주택,인천광역시 계양구 효성동 192-6,37.5283463,126.7075763,geocoded_kakao_jibun,kakao_exact_jibun_address_match,인천 계양구 효성동 192-6,1,1,0.0,,kakao_local_api:address_jibun,https://dapi.kakao.com/v2/local/search/address.json,2026-09-06,https://www.data.go.kr/data/15038929/fileData.do,2026-01-19,2026-09-06,administrative_record_only_not_confirmed_active,신축,2021-10-21,2021-11-04,2022-06-20,공동주택,,"주소 기반 추정 위치, 공사현장 좌표 아님"
15038929:327,327,건축행정기록,공동주택,인천광역시 계양구 임학동 32-3,37.5465916,126.7342884,geocoded_kakao_jibun,kakao_exact_jibun_address_match,인천 계양구 임학동 32-3,1,1,0.0,,kakao_local_api:address_jibun,https://dapi.kakao.com/v2/local/search/address.json,2026-09-06,https://www.data.go.kr/data/15038929/fileData.do,2026-01-19,2026-09-06,administrative_record_only_not_confirmed_active,신축,2021-10-20,2021-11-03,2022-04-26,공동주택,,"주소 기반 추정 위치, 공사현장 좌표 아님"
15038929:328,328,건축행정기록,제2종근린생활시설,인천광역시 계양구 다남동 100-7 외1필지,37.5709750,126.7308591,geocoded_kakao_jibun,kakao_exact_jibun_address_match,인천 계양구 다남동 100-7,1,1,0.0,,kakao_local_api:address_jibun,https://dapi.kakao.com/v2/local/search/address.json,2026-09-06,https://www.data.go.kr/data/15038929/fileData.do,2026-01-19,2026-09-06,administrative_record_only_not_confirmed_active,신축,2021-10-18,2024-10-14,,제2종근린생활시설,,"주소 기반 추정 위치, 공사현장 좌표 아님"
15038929:329,329,건축행정기록,제1종근린생활시설,인천광역시 계양구 선주지동 105-1,37.5789572,126.7479824,geocoded_kakao_jibun,kakao_exact_jibun_address_match,인천 계양구 선주지동 105-1,1,1,0.0,,kakao_local_api:address_jibun,https://dapi.kakao.com/v2/local/search/address.json,2026-09-06,https://www.data.go.kr/data/15038929/fileData.do,2026-01-19,2026-09-06,administrative_record_only_not_confirmed_active,신축,2021-10-14,2021-12-22,2024-12-17,제1종근린생활시설,,"주소 기반 추정 위치, 공사현장 좌표 아님"
15038929:331,331,건축행정기록,제1종근린생활시설,인천광역시 계양구 선주지동 124-6,37.5796492,126.7446765,geocoded_kakao_jibun,kakao_exact_jibun_address_match,인천 계양구 선주지동 124-6,1,1,0.0,,kakao_local_api:address_jibun,https://dapi.kakao.com/v2/local/search/address.json,2026-09-06,https://www.data.go.kr/data/15038929/fileData.do,2026-01-19,2026-09-06,administrative_record_only_not_confirmed_active,신축,2021-10-01,2021-12-08,2022-05-20,제1종근린생활시설,,"주소 기반 추정 위치, 공사현장 좌표 아님"
15038929:335,335,건축행정기록,공장,인천광역시 계양구 작전동 619-7,37.5249004,126.7389761,geocoded_kakao_jibun,kakao_exact_jibun_address_match,인천 계양구 작전동 619-7,1,1,0.0,,kakao_local_api:address_jibun,https://dapi.kakao.com/v2/local/search/address.json,2026-09-06,https://www.data.go.kr/data/15038929/fileData.do,2026-01-19,2026-09-06,administrative_record_only_not_confirmed_active,신축,2021-09-24,2021-11-03,2022-07-07,공장,,"주소 기반 추정 위치, 공사현장 좌표 아님"
15038929:336,336,건축행정기록,업무시설,인천광역시 계양구 작전동 427-2,37.5258771,126.7237018,geocoded_kakao_jibun,kakao_exact_jibun_address_match,인천 계양구 작전동 427-2,1,1,0.0,,kakao_local_api:address_jibun,https://dapi.kakao.com/v2/local/search/address.json,2026-09-06,https://www.data.go.kr/data/15038929/fileData.do,2026-01-19,2026-09-06,administrative_record_only_not_confirmed_active,신축,2021-09-24,2024-07-02,,업무시설,,"주소 기반 추정 위치, 공사현장 좌표 아님"
15038929:339,339,건축행정기록,종교시설,인천광역시 계양구 계산동 944-46,37.5414022,126.7231716,geocoded_kakao_jibun,kakao_exact_jibun_address_match,인천 계양구 계산동 944-46,1,1,0.0,,kakao_local_api:address_jibun,https://dapi.kakao.com/v2/local/search/address.json,2026-09-06,https://www.data.go.kr/data/15038929/fileData.do,2026-01-19,2026-09-06,administrative_record_only_not_confirmed_active,대수선,2021-09-02,2021-11-01,2022-03-07,종교시설,,"주소 기반 추정 위치, 공사현장 좌표 아님"
15038929:340,340,건축행정기록,업무시설,인천광역시 계양구 작전동 899-3,37.5333804,126.7344788,geocoded_kakao_jibun,kakao_exact_jibun_address_match,인천 계양구 작전동 899-3,1,1,0.0,,kakao_local_api:address_jibun,https://dapi.kakao.com/v2/local/search/address.json,2026-09-06,https://www.data.go.kr/data/15038929/fileData.do,2026-01-19,2026-09-06,administrative_record_only_not_confirmed_active,신축,2021-08-31,2022-06-10,2025-01-23,업무시설,,"주소 기반 추정 위치, 공사현장 좌표 아님"
15038929:341,341,건축행정기록,업무시설,인천광역시 계양구 용종동 9-1 외3필지,37.5413697,126.7520458,geocoded_kakao_jibun,kakao_exact_jibun_address_match,인천 계양구 용종동 9-1,1,1,0.0,,kakao_local_api:address_jibun,https://dapi.kakao.com/v2/local/search/address.json,2026-09-06,https://www.data.go.kr/data/15038929/fileData.do,2026-01-19,2026-09-06,administrative_record_only_not_confirmed_active,증축,2021-08-27,2021-10-27,2021-12-30,업무시설,,"주소 기반 추정 위치, 공사현장 좌표 아님"
15038929:346,346,건축행정기록,창고시설,인천광역시 계양구 서운동 55-100 외1필지,37.5247573,126.7464238,geocoded_kakao_jibun,kakao_exact_jibun_address_match,인천 계양구 서운동 55-100,1,1,0.0,,kakao_local_api:address_jibun,https://dapi.kakao.com/v2/local/search/address.json,2026-09-06,https://www.data.go.kr/data/15038929/fileData.do,2026-01-19,2026-09-06,administrative_record_only_not_confirmed_active,증축,2021-08-19,2021-08-24,2022-02-18,창고시설,,"주소 기반 추정 위치, 공사현장 좌표 아님"
15038929:348,348,건축행정기록,공장,인천광역시 계양구 서운동 209,37.5372025,126.7565142,geocoded_kakao_jibun,kakao_exact_jibun_address_match,인천 계양구 서운동 209,1,1,0.0,,kakao_local_api:address_jibun,https://dapi.kakao.com/v2/local/search/address.json,2026-09-06,https://www.data.go.kr/data/15038929/fileData.do,2026-01-19,2026-09-06,administrative_record_only_not_confirmed_active,증축,2021-08-17,2021-08-27,2022-07-01,공장,,"주소 기반 추정 위치, 공사현장 좌표 아님"
15038929:350,350,건축행정기록,업무시설,인천광역시 계양구 작전동 428-4,37.5264251,126.7237859,geocoded_kakao_jibun,kakao_exact_jibun_address_match,인천 계양구 작전동 428-4,1,1,0.0,,kakao_local_api:address_jibun,https://dapi.kakao.com/v2/local/search/address.json,2026-09-06,https://www.data.go.kr/data/15038929/fileData.do,2026-01-19,2026-09-06,administrative_record_only_not_confirmed_active,신축,2021-08-13,2024-07-02,,업무시설,,"주소 기반 추정 위치, 공사현장 좌표 아님"
15038929:351,351,건축행정기록,제1종근린생활시설,인천광역시 계양구 이화동 230-9 외2필지,37.5923426,126.7380716,geocoded_kakao_jibun,kakao_exact_jibun_address_match,인천 계양구 이화동 230-9,1,1,0.0,,kakao_local_api:address_jibun,https://dapi.kakao.com/v2/local/search/address.json,2026-09-06,https://www.data.go.kr/data/15038929/fileData.do,2026-01-19,2026-09-06,administrative_record_only_not_confirmed_active,신축,2021-08-10,2021-10-15,2022-06-20,제1종근린생활시설,,"주소 기반 추정 위치, 공사현장 좌표 아님"
15038929:353,353,건축행정기록,제1종근린생활시설,인천광역시 계양구 하야동 40-21 외1필지,37.5812375,126.7808188,geocoded_kakao_jibun,kakao_exact_jibun_address_match,인천 계양구 하야동 40-21,1,1,0.0,,kakao_local_api:address_jibun,https://dapi.kakao.com/v2/local/search/address.json,2026-09-06,https://www.data.go.kr/data/15038929/fileData.do,2026-01-19,2026-09-06,administrative_record_only_not_confirmed_active,신축,2021-08-02,2021-10-29,2022-03-08,제1종근린생활시설,,"주소 기반 추정 위치, 공사현장 좌표 아님"
15038929:354,354,건축행정기록,종교시설,인천광역시 계양구 임학동 70 외1필지,37.5439469,126.7359464,geocoded_kakao_jibun,kakao_exact_jibun_address_match,인천 계양구 임학동 70,1,1,0.0,,kakao_local_api:address_jibun,https://dapi.kakao.com/v2/local/search/address.json,2026-09-06,https://www.data.go.kr/data/15038929/fileData.do,2026-01-19,2026-09-06,administrative_record_only_not_confirmed_active,증축,2021-07-22,2021-09-23,2022-01-19,종교시설,,"주소 기반 추정 위치, 공사현장 좌표 아님"
15038929:355,355,건축행정기록,업무시설,인천광역시 계양구 계산동 1062,37.5386002,126.7361075,geocoded_kakao_jibun,kakao_exact_jibun_address_match,인천 계양구 계산동 1062,1,1,0.0,,kakao_local_api:address_jibun,https://dapi.kakao.com/v2/local/search/address.json,2026-09-06,https://www.data.go.kr/data/15038929/fileData.do,2026-01-19,2026-09-06,administrative_record_only_not_confirmed_active,용도변경,2021-07-21,,2021-08-02,업무시설,,"주소 기반 추정 위치, 공사현장 좌표 아님"
15038929:356,356,건축행정기록,제2종근린생활시설,인천광역시 계양구 다남동 102-19 외1필지,37.5702941,126.7299355,geocoded_kakao_jibun,kakao_exact_jibun_address_match,인천 계양구 다남동 102-19,1,1,0.0,,kakao_local_api:address_jibun,https://dapi.kakao.com/v2/local/search/address.json,2026-09-06,https://www.data.go.kr/data/15038929/fileData.do,2026-01-19,2026-09-06,administrative_record_only_not_confirmed_active,신축,2021-07-20,2024-07-25,2025-04-08,제2종근린생활시설,,"주소 기반 추정 위치, 공사현장 좌표 아님"
15038929:365,365,건축행정기록,자동차관련시설,인천광역시 계양구 병방동 169,37.5462817,126.7439326,geocoded_kakao_jibun,kakao_exact_jibun_address_match,인천 계양구 병방동 169,1,1,0.0,,kakao_local_api:address_jibun,https://dapi.kakao.com/v2/local/search/address.json,2026-09-06,https://www.data.go.kr/data/15038929/fileData.do,2026-01-19,2026-09-06,administrative_record_only_not_confirmed_active,신축,2021-07-08,2021-07-23,2021-09-17,자동차관련시설,,"주소 기반 추정 위치, 공사현장 좌표 아님"
15038929:368,368,건축행정기록,공동주택,인천광역시 계양구 귤현동 504-4 외1필지,37.5667267,126.7469685,geocoded_kakao_jibun,kakao_exact_jibun_address_match,인천 계양구 귤현동 504-4,1,1,0.0,,kakao_local_api:address_jibun,https://dapi.kakao.com/v2/local/search/address.json,2026-09-06,https://www.data.go.kr/data/15038929/fileData.do,2026-01-19,2026-09-06,administrative_record_only_not_confirmed_active,신축,2021-07-06,2021-07-20,2022-03-25,공동주택,,"주소 기반 추정 위치, 공사현장 좌표 아님"
15038929:370,370,건축행정기록,공장,인천광역시 계양구 효성동 519-1,37.5242956,126.7044970,geocoded_kakao_jibun,kakao_exact_jibun_address_match,인천 계양구 효성동 519-1,1,1,0.0,,kakao_local_api:address_jibun,https://dapi.kakao.com/v2/local/search/address.json,2026-09-06,https://www.data.go.kr/data/15038929/fileData.do,2026-01-19,2026-09-06,administrative_record_only_not_confirmed_active,증축,2021-07-01,2021-07-30,2021-11-19,공장,,"주소 기반 추정 위치, 공사현장 좌표 아님"
15038929:373,373,건축행정기록,운동시설,인천광역시 계양구 효성동 324-1 외2필지,37.5264945,126.7105894,geocoded_kakao_jibun,kakao_exact_jibun_address_match,인천 계양구 효성동 324-1,1,1,0.0,,kakao_local_api:address_jibun,https://dapi.kakao.com/v2/local/search/address.json,2026-09-06,https://www.data.go.kr/data/15038929/fileData.do,2026-01-19,2026-09-06,administrative_record_only_not_confirmed_active,신축,2021-06-30,2021-10-06,2024-11-12,운동시설,,"주소 기반 추정 위치, 공사현장 좌표 아님"
15038929:374,374,건축행정기록,제1종근린생활시설,인천광역시 계양구 선주지동 124,37.5798515,126.7446140,geocoded_kakao_jibun,kakao_exact_jibun_address_match,인천 계양구 선주지동 124,1,1,0.0,,kakao_local_api:address_jibun,https://dapi.kakao.com/v2/local/search/address.json,2026-09-06,https://www.data.go.kr/data/15038929/fileData.do,2026-01-19,2026-09-06,administrative_record_only_not_confirmed_active,신축,2021-06-30,2021-07-29,2021-12-01,제1종근린생활시설,,"주소 기반 추정 위치, 공사현장 좌표 아님"
15038929:375,375,건축행정기록,업무시설,인천광역시 계양구 계산동 1062,37.5386002,126.7361075,geocoded_kakao_jibun,kakao_exact_jibun_address_match,인천 계양구 계산동 1062,1,1,0.0,,kakao_local_api:address_jibun,https://dapi.kakao.com/v2/local/search/address.json,2026-09-06,https://www.data.go.kr/data/15038929/fileData.do,2026-01-19,2026-09-06,administrative_record_only_not_confirmed_active,용도변경,2021-06-28,,2021-09-03,업무시설,,"주소 기반 추정 위치, 공사현장 좌표 아님"
15038929:376,376,건축행정기록,자동차관련시설,인천광역시 계양구 작전동 903,37.5318890,126.7350492,geocoded_kakao_jibun,kakao_exact_jibun_address_match,인천 계양구 작전동 903,1,1,0.0,,kakao_local_api:address_jibun,https://dapi.kakao.com/v2/local/search/address.json,2026-09-06,https://www.data.go.kr/data/15038929/fileData.do,2026-01-19,2026-09-06,administrative_record_only_not_confirmed_active,신축,2021-06-24,2021-11-05,,자동차관련시설,,"주소 기반 추정 위치, 공사현장 좌표 아님"
15038929:377,377,건축행정기록,제1종근린생활시설,인천광역시 계양구 효성동 253-1,37.5280559,126.7118763,geocoded_kakao_jibun,kakao_exact_jibun_address_match,인천 계양구 효성동 253-1,1,1,0.0,,kakao_local_api:address_jibun,https://dapi.kakao.com/v2/local/search/address.json,2026-09-06,https://www.data.go.kr/data/15038929/fileData.do,2026-01-19,2026-09-06,administrative_record_only_not_confirmed_active,대수선,2021-06-22,2021-09-01,2022-03-28,제1종근린생활시설,,"주소 기반 추정 위치, 공사현장 좌표 아님"
15038929:378,378,건축행정기록,제2종근린생활시설,인천광역시 계양구 선주지동 200-11,37.5780996,126.7469573,geocoded_kakao_jibun,kakao_exact_jibun_address_match,인천 계양구 선주지동 200-11,1,1,0.0,,kakao_local_api:address_jibun,https://dapi.kakao.com/v2/local/search/address.json,2026-09-06,https://www.data.go.kr/data/15038929/fileData.do,2026-01-19,2026-09-06,administrative_record_only_not_confirmed_active,신축,2021-06-22,2022-04-14,2022-12-29,제2종근린생활시설,,"주소 기반 추정 위치, 공사현장 좌표 아님"
15038929:379,379,건축행정기록,제1종근린생활시설,인천광역시 계양구 선주지동 200-10,37.5786336,126.7473275,geocoded_kakao_jibun,kakao_exact_jibun_address_match,인천 계양구 선주지동 200-10,1,1,0.0,,kakao_local_api:address_jibun,https://dapi.kakao.com/v2/local/search/address.json,2026-09-06,https://www.data.go.kr/data/15038929/fileData.do,2026-01-19,2026-09-06,administrative_record_only_not_confirmed_active,신축,2021-06-21,2022-06-10,2023-04-03,제1종근린생활시설,,"주소 기반 추정 위치, 공사현장 좌표 아님"
15038929:380,380,건축행정기록,제2종근린생활시설,인천광역시 계양구 선주지동 114-20,37.5785380,126.7468894,geocoded_kakao_jibun,kakao_exact_jibun_address_match,인천 계양구 선주지동 114-20,1,1,0.0,,kakao_local_api:address_jibun,https://dapi.kakao.com/v2/local/search/address.json,2026-09-06,https://www.data.go.kr/data/15038929/fileData.do,2026-01-19,2026-09-06,administrative_record_only_not_confirmed_active,신축,2021-06-21,2021-09-09,2023-01-11,제2종근린생활시설,,"주소 기반 추정 위치, 공사현장 좌표 아님"
15038929:381,381,건축행정기록,제1종근린생활시설,인천광역시 계양구 선주지동 200-8,37.5784102,126.7469124,geocoded_kakao_jibun,kakao_exact_jibun_address_match,인천 계양구 선주지동 200-8,1,1,0.0,,kakao_local_api:address_jibun,https://dapi.kakao.com/v2/local/search/address.json,2026-09-06,https://www.data.go.kr/data/15038929/fileData.do,2026-01-19,2026-09-06,administrative_record_only_not_confirmed_active,신축,2021-06-21,2021-10-22,2022-11-09,제1종근린생활시설,,"주소 기반 추정 위치, 공사현장 좌표 아님"
15038929:382,382,건축행정기록,단독주택,인천광역시 계양구 다남동 77-21,37.5686489,126.7249630,geocoded_kakao_jibun,kakao_exact_jibun_address_match,인천 계양구 다남동 77-21,1,1,0.0,,kakao_local_api:address_jibun,https://dapi.kakao.com/v2/local/search/address.json,2026-09-06,https://www.data.go.kr/data/15038929/fileData.do,2026-01-19,2026-09-06,administrative_record_only_not_confirmed_active,신축,2021-06-21,2021-09-06,2022-02-16,단독주택,,"주소 기반 추정 위치, 공사현장 좌표 아님"
15038929:383,383,건축행정기록,제2종근린생활시설,인천광역시 계양구 선주지동 200-7,37.5783041,126.7467548,geocoded_kakao_jibun,kakao_exact_jibun_address_match,인천 계양구 선주지동 200-7,1,1,0.0,,kakao_local_api:address_jibun,https://dapi.kakao.com/v2/local/search/address.json,2026-09-06,https://www.data.go.kr/data/15038929/fileData.do,2026-01-19,2026-09-06,administrative_record_only_not_confirmed_active,신축,2021-06-21,2022-04-14,2023-01-18,제2종근린생활시설,,"주소 기반 추정 위치, 공사현장 좌표 아님"
15038929:384,384,건축행정기록,제1종근린생활시설,인천광역시 계양구 선주지동 200-5,37.5779481,126.7469029,geocoded_kakao_jibun,kakao_exact_jibun_address_match,인천 계양구 선주지동 200-5,1,1,0.0,,kakao_local_api:address_jibun,https://dapi.kakao.com/v2/local/search/address.json,2026-09-06,https://www.data.go.kr/data/15038929/fileData.do,2026-01-19,2026-09-06,administrative_record_only_not_confirmed_active,신축,2021-06-18,2021-07-01,2022-10-26,제1종근린생활시설,,"주소 기반 추정 위치, 공사현장 좌표 아님"
15038929:385,385,건축행정기록,제2종근린생활시설,인천광역시 계양구 선주지동 200-13,37.5784251,126.7476517,geocoded_kakao_jibun,kakao_exact_jibun_address_match,인천 계양구 선주지동 200-13,1,1,0.0,,kakao_local_api:address_jibun,https://dapi.kakao.com/v2/local/search/address.json,2026-09-06,https://www.data.go.kr/data/15038929/fileData.do,2026-01-19,2026-09-06,administrative_record_only_not_confirmed_active,신축,2021-06-18,2022-04-19,2023-02-13,제2종근린생활시설,,"주소 기반 추정 위치, 공사현장 좌표 아님"
15038929:386,386,건축행정기록,제2종근린생활시설,인천광역시 계양구 선주지동 200-6,37.5783458,126.7473704,geocoded_kakao_jibun,kakao_exact_jibun_address_match,인천 계양구 선주지동 200-6,1,1,0.0,,kakao_local_api:address_jibun,https://dapi.kakao.com/v2/local/search/address.json,2026-09-06,https://www.data.go.kr/data/15038929/fileData.do,2026-01-19,2026-09-06,administrative_record_only_not_confirmed_active,신축,2021-06-18,2022-06-14,2022-11-09,제2종근린생활시설,,"주소 기반 추정 위치, 공사현장 좌표 아님"
15038929:387,387,건축행정기록,제2종근린생활시설,인천광역시 계양구 선주지동 200-12,37.5781762,126.7470660,geocoded_kakao_jibun,kakao_exact_jibun_address_match,인천 계양구 선주지동 200-12,1,1,0.0,,kakao_local_api:address_jibun,https://dapi.kakao.com/v2/local/search/address.json,2026-09-06,https://www.data.go.kr/data/15038929/fileData.do,2026-01-19,2026-09-06,administrative_record_only_not_confirmed_active,신축,2021-06-18,2021-09-16,2022-11-04,제2종근린생활시설,,"주소 기반 추정 위치, 공사현장 좌표 아님"
15038929:388,388,건축행정기록,공동주택,인천광역시 계양구 귤현동 491,37.5692861,126.7480248,geocoded_kakao_jibun,kakao_exact_jibun_address_match,인천 계양구 귤현동 491,1,1,0.0,,kakao_local_api:address_jibun,https://dapi.kakao.com/v2/local/search/address.json,2026-09-06,https://www.data.go.kr/data/15038929/fileData.do,2026-01-19,2026-09-06,administrative_record_only_not_confirmed_active,신축,2021-06-18,2021-06-28,2022-01-06,공동주택,,"주소 기반 추정 위치, 공사현장 좌표 아님"
15038929:389,389,건축행정기록,제1종근린생활시설,인천광역시 계양구 선주지동 200-9,37.5785634,126.7471466,geocoded_kakao_jibun,kakao_exact_jibun_address_match,인천 계양구 선주지동 200-9,1,1,0.0,,kakao_local_api:address_jibun,https://dapi.kakao.com/v2/local/search/address.json,2026-09-06,https://www.data.go.kr/data/15038929/fileData.do,2026-01-19,2026-09-06,administrative_record_only_not_confirmed_active,신축,2021-06-18,2021-10-22,2022-11-14,제1종근린생활시설,,"주소 기반 추정 위치, 공사현장 좌표 아님"
15038929:392,392,건축행정기록,제1종근린생활시설,인천광역시 계양구 효성동 151-4,37.5299924,126.7096081,geocoded_kakao_jibun,kakao_exact_jibun_address_match,인천 계양구 효성동 151-4,1,1,0.0,,kakao_local_api:address_jibun,https://dapi.kakao.com/v2/local/search/address.json,2026-09-06,https://www.data.go.kr/data/15038929/fileData.do,2026-01-19,2026-09-06,administrative_record_only_not_confirmed_active,신축,2021-06-03,2021-06-17,2021-10-07,제1종근린생활시설,,"주소 기반 추정 위치, 공사현장 좌표 아님"
15038929:393,393,건축행정기록,종교시설,인천광역시 계양구 작전동 682-1,37.5251249,126.7370593,geocoded_kakao_jibun,kakao_exact_jibun_address_match,인천 계양구 작전동 682-1,1,1,0.0,,kakao_local_api:address_jibun,https://dapi.kakao.com/v2/local/search/address.json,2026-09-06,https://www.data.go.kr/data/15038929/fileData.do,2026-01-19,2026-09-06,administrative_record_only_not_confirmed_active,대수선,2021-06-02,2022-05-17,,종교시설,,"주소 기반 추정 위치, 공사현장 좌표 아님"
15038929:395,395,건축행정기록,제1종근린생활시설,인천광역시 계양구 용종동 209-3,37.5392356,126.7372321,geocoded_kakao_jibun,kakao_exact_jibun_address_match,인천 계양구 용종동 209-3,1,1,0.0,,kakao_local_api:address_jibun,https://dapi.kakao.com/v2/local/search/address.json,2026-09-06,https://www.data.go.kr/data/15038929/fileData.do,2026-01-19,2026-09-06,administrative_record_only_not_confirmed_active,용도변경,2021-05-31,,2021-08-31,제1종근린생활시설,,"주소 기반 추정 위치, 공사현장 좌표 아님"
15038929:398,398,건축행정기록,제2종근린생활시설,인천광역시 계양구 서운동 55-239,37.5257139,126.7426008,geocoded_kakao_jibun,kakao_exact_jibun_address_match,인천 계양구 서운동 55-239,1,1,0.0,,kakao_local_api:address_jibun,https://dapi.kakao.com/v2/local/search/address.json,2026-09-06,https://www.data.go.kr/data/15038929/fileData.do,2026-01-19,2026-09-06,administrative_record_only_not_confirmed_active,신축,2021-05-28,2021-08-12,2021-11-24,제2종근린생활시설,,"주소 기반 추정 위치, 공사현장 좌표 아님"
15038929:399,399,건축행정기록,단독주택,인천광역시 계양구 다남동 78-4,37.5689961,126.7249841,geocoded_kakao_jibun,kakao_exact_jibun_address_match,인천 계양구 다남동 78-4,1,1,0.0,,kakao_local_api:address_jibun,https://dapi.kakao.com/v2/local/search/address.json,2026-09-06,https://www.data.go.kr/data/15038929/fileData.do,2026-01-19,2026-09-06,administrative_record_only_not_confirmed_active,신축,2021-05-27,2021-06-11,2021-10-26,단독주택,,"주소 기반 추정 위치, 공사현장 좌표 아님"
15038929:400,400,건축행정기록,제1종근린생활시설,인천광역시 계양구 계산동 969-16,37.5381835,126.7222686,geocoded_kakao_jibun,kakao_exact_jibun_address_match,인천 계양구 계산동 969-16,1,1,0.0,,kakao_local_api:address_jibun,https://dapi.kakao.com/v2/local/search/address.json,2026-09-06,https://www.data.go.kr/data/15038929/fileData.do,2026-01-19,2026-09-06,administrative_record_only_not_confirmed_active,증축,2021-05-26,2021-06-03,2022-02-24,제1종근린생활시설,,"주소 기반 추정 위치, 공사현장 좌표 아님"
15038929:401,401,건축행정기록,단독주택,인천광역시 계양구 계산동 897-36,37.5460044,126.7203952,geocoded_kakao_jibun,kakao_exact_jibun_address_match,인천 계양구 계산동 897-36,1,1,0.0,,kakao_local_api:address_jibun,https://dapi.kakao.com/v2/local/search/address.json,2026-09-06,https://www.data.go.kr/data/15038929/fileData.do,2026-01-19,2026-09-06,administrative_record_only_not_confirmed_active,대수선,2021-05-25,2021-06-16,,단독주택,,"주소 기반 추정 위치, 공사현장 좌표 아님"
15038929:403,403,건축행정기록,제1종근린생활시설,인천광역시 계양구 계산동 969-19,37.5379536,126.7222666,geocoded_kakao_jibun,kakao_exact_jibun_address_match,인천 계양구 계산동 969-19,1,1,0.0,,kakao_local_api:address_jibun,https://dapi.kakao.com/v2/local/search/address.json,2026-09-06,https://www.data.go.kr/data/15038929/fileData.do,2026-01-19,2026-09-06,administrative_record_only_not_confirmed_active,대수선,2021-05-21,2021-06-03,2021-12-31,제1종근린생활시설,,"주소 기반 추정 위치, 공사현장 좌표 아님"
15038929:404,404,건축행정기록,제2종근린생활시설,인천광역시 계양구 이화동 23-47,37.5859149,126.7469969,geocoded_kakao_jibun,kakao_exact_jibun_address_match,인천 계양구 이화동 23-47,1,1,0.0,,kakao_local_api:address_jibun,https://dapi.kakao.com/v2/local/search/address.json,2026-09-06,https://www.data.go.kr/data/15038929/fileData.do,2026-01-19,2026-09-06,administrative_record_only_not_confirmed_active,신축,2021-05-20,2022-05-11,2022-09-19,제2종근린생활시설,,"주소 기반 추정 위치, 공사현장 좌표 아님"
15038929:405,405,건축행정기록,제2종근린생활시설,인천광역시 계양구 서운동 27-3 외1필지,37.5294606,126.7436500,geocoded_kakao_jibun,kakao_exact_jibun_address_match,인천 계양구 서운동 27-3,1,1,0.0,,kakao_local_api:address_jibun,https://dapi.kakao.com/v2/local/search/address.json,2026-09-06,https://www.data.go.kr/data/15038929/fileData.do,2026-01-19,2026-09-06,administrative_record_only_not_confirmed_active,신축,2021-05-20,2021-06-15,2021-11-16,제2종근린생활시설,,"주소 기반 추정 위치, 공사현장 좌표 아님"
15038929:408,408,건축행정기록,제1종근린생활시설,인천광역시 계양구 귤현동 497-5,37.5673126,126.7482792,geocoded_kakao_jibun,kakao_exact_jibun_address_match,인천 계양구 귤현동 497-5,1,1,0.0,,kakao_local_api:address_jibun,https://dapi.kakao.com/v2/local/search/address.json,2026-09-06,https://www.data.go.kr/data/15038929/fileData.do,2026-01-19,2026-09-06,administrative_record_only_not_confirmed_active,신축,2021-05-10,2021-05-25,2021-12-21,제1종근린생활시설,,"주소 기반 추정 위치, 공사현장 좌표 아님"
15038929:409,409,건축행정기록,숙박시설,인천광역시 계양구 작전동 901-2,37.5315993,126.7342790,geocoded_kakao_jibun,kakao_exact_jibun_address_match,인천 계양구 작전동 901-2,1,1,0.0,,kakao_local_api:address_jibun,https://dapi.kakao.com/v2/local/search/address.json,2026-09-06,https://www.data.go.kr/data/15038929/fileData.do,2026-01-19,2026-09-06,administrative_record_only_not_confirmed_active,신축,2021-05-10,2023-03-13,,숙박시설,,"주소 기반 추정 위치, 공사현장 좌표 아님"
15038929:410,410,건축행정기록,노유자시설,인천광역시 계양구 효성동 186-67 외11필지,37.5291921,126.7056966,geocoded_kakao_jibun,kakao_exact_jibun_address_match,인천 계양구 효성동 186-67,1,1,0.0,,kakao_local_api:address_jibun,https://dapi.kakao.com/v2/local/search/address.json,2026-09-06,https://www.data.go.kr/data/15038929/fileData.do,2026-01-19,2026-09-06,administrative_record_only_not_confirmed_active,신축,2021-05-06,2021-08-11,2023-09-04,노유자시설,,"주소 기반 추정 위치, 공사현장 좌표 아님"
15038929:411,411,건축행정기록,공장,인천광역시 계양구 효성동 519-2,37.5243062,126.7037426,geocoded_kakao_jibun,kakao_exact_jibun_address_match,인천 계양구 효성동 519-2,1,1,0.0,,kakao_local_api:address_jibun,https://dapi.kakao.com/v2/local/search/address.json,2026-09-06,https://www.data.go.kr/data/15038929/fileData.do,2026-01-19,2026-09-06,administrative_record_only_not_confirmed_active,증축,2021-04-27,2021-08-03,2022-12-02,공장,,"주소 기반 추정 위치, 공사현장 좌표 아님"
15038929:412,412,건축행정기록,제2종근린생활시설,인천광역시 계양구 다남동 81-8 외1필지,37.5700853,126.7267531,geocoded_kakao_jibun,kakao_exact_jibun_address_match,인천 계양구 다남동 81-8,1,1,0.0,,kakao_local_api:address_jibun,https://dapi.kakao.com/v2/local/search/address.json,2026-09-06,https://www.data.go.kr/data/15038929/fileData.do,2026-01-19,2026-09-06,administrative_record_only_not_confirmed_active,신축,2021-04-23,2021-07-19,2022-02-23,제2종근린생활시설,,"주소 기반 추정 위치, 공사현장 좌표 아님"
15038929:413,413,건축행정기록,단독주택,인천광역시 계양구 귤현동 487-6,37.5696166,126.7472311,geocoded_kakao_jibun,kakao_exact_jibun_address_match,인천 계양구 귤현동 487-6,1,1,0.0,,kakao_local_api:address_jibun,https://dapi.kakao.com/v2/local/search/address.json,2026-09-06,https://www.data.go.kr/data/15038929/fileData.do,2026-01-19,2026-09-06,administrative_record_only_not_confirmed_active,신축,2021-04-23,2021-06-09,2021-12-27,단독주택,,"주소 기반 추정 위치, 공사현장 좌표 아님"
15038929:414,414,건축행정기록,제2종근린생활시설,인천광역시 계양구 이화동 299-1,37.5911580,126.7293528,geocoded_kakao_jibun,kakao_exact_jibun_address_match,인천 계양구 이화동 299-1,1,1,0.0,,kakao_local_api:address_jibun,https://dapi.kakao.com/v2/local/search/address.json,2026-09-06,https://www.data.go.kr/data/15038929/fileData.do,2026-01-19,2026-09-06,administrative_record_only_not_confirmed_active,증축,2021-04-21,2021-08-09,2022-05-17,제2종근린생활시설,,"주소 기반 추정 위치, 공사현장 좌표 아님"
15038929:416,416,건축행정기록,업무시설,인천광역시 계양구 효성동 305-7 외3필지,37.5245122,126.7110712,geocoded_kakao_jibun,kakao_exact_jibun_address_match,인천 계양구 효성동 305-7,1,1,0.0,,kakao_local_api:address_jibun,https://dapi.kakao.com/v2/local/search/address.json,2026-09-06,https://www.data.go.kr/data/15038929/fileData.do,2026-01-19,2026-09-06,administrative_record_only_not_confirmed_active,신축,2021-04-21,2021-10-07,,업무시설,,"주소 기반 추정 위치, 공사현장 좌표 아님"
15038929:417,417,건축행정기록,제1종근린생활시설,인천광역시 계양구 선주지동 116-1,37.5789383,126.7457857,geocoded_kakao_jibun,kakao_exact_jibun_address_match,인천 계양구 선주지동 116-1,1,1,0.0,,kakao_local_api:address_jibun,https://dapi.kakao.com/v2/local/search/address.json,2026-09-06,https://www.data.go.kr/data/15038929/fileData.do,2026-01-19,2026-09-06,administrative_record_only_not_confirmed_active,신축,2021-04-19,2021-05-27,2021-10-07,제1종근린생활시설,,"주소 기반 추정 위치, 공사현장 좌표 아님"
15038929:418,418,건축행정기록,문화및집회시설,인천광역시 계양구 장기동 139-1,37.5790128,126.7353909,geocoded_kakao_jibun,kakao_exact_jibun_address_match,인천 계양구 장기동 139-1,1,1,0.0,,kakao_local_api:address_jibun,https://dapi.kakao.com/v2/local/search/address.json,2026-09-06,https://www.data.go.kr/data/15038929/fileData.do,2026-01-19,2026-09-06,administrative_record_only_not_confirmed_active,증축,2021-04-16,2021-06-28,2022-02-17,문화및집회시설,,"주소 기반 추정 위치, 공사현장 좌표 아님"
15038929:419,419,건축행정기록,자동차관련시설,인천광역시 계양구 방축동 112-8 외11필지,37.5509257,126.7401602,geocoded_kakao_jibun,kakao_exact_jibun_address_match,인천 계양구 방축동 112-8,1,1,0.0,,kakao_local_api:address_jibun,https://dapi.kakao.com/v2/local/search/address.json,2026-09-06,https://www.data.go.kr/data/15038929/fileData.do,2026-01-19,2026-09-06,administrative_record_only_not_confirmed_active,신축,2021-04-15,2021-06-04,,자동차관련시설,,"주소 기반 추정 위치, 공사현장 좌표 아님"
15038929:420,420,건축행정기록,수련시설,인천광역시 계양구 효성동 266-9 외9필지,,,unresolved,no_exact_parcel_match_in_kakao,,0,0,,,kakao_local_api:unresolved,https://dapi.kakao.com/v2/local/search/address.json,2026-09-06,https://www.data.go.kr/data/15038929/fileData.do,2026-01-19,2026-09-06,administrative_record_only_not_confirmed_active,신축,2021-04-13,2021-06-22,2022-11-02,수련시설,,"주소 기반 추정 위치, 공사현장 좌표 아님"
15038929:421,421,건축행정기록,제1종근린생활시설,인천광역시 계양구 계산동 903-15,37.5475679,126.7257417,geocoded_kakao_jibun,kakao_exact_jibun_address_match,인천 계양구 계산동 903-15,1,1,0.0,,kakao_local_api:address_jibun,https://dapi.kakao.com/v2/local/search/address.json,2026-09-06,https://www.data.go.kr/data/15038929/fileData.do,2026-01-19,2026-09-06,administrative_record_only_not_confirmed_active,신축,2021-04-12,2021-08-13,2022-06-03,제1종근린생활시설,,"주소 기반 추정 위치, 공사현장 좌표 아님"
15038929:422,422,건축행정기록,제2종근린생활시설,인천광역시 계양구 효성동 320-1,37.5276507,126.7107860,geocoded_kakao_jibun,kakao_exact_jibun_address_match,인천 계양구 효성동 320-1,1,1,0.0,,kakao_local_api:address_jibun,https://dapi.kakao.com/v2/local/search/address.json,2026-09-06,https://www.data.go.kr/data/15038929/fileData.do,2026-01-19,2026-09-06,administrative_record_only_not_confirmed_active,용도변경,2021-04-06,,2021-06-01,제2종근린생활시설,,"주소 기반 추정 위치, 공사현장 좌표 아님"
15038929:423,423,건축행정기록,제2종근린생활시설,인천광역시 계양구 서운동 214-6,37.5336976,126.7556953,geocoded_kakao_jibun,kakao_exact_jibun_address_match,인천 계양구 서운동 214-6,1,1,0.0,,kakao_local_api:address_jibun,https://dapi.kakao.com/v2/local/search/address.json,2026-09-06,https://www.data.go.kr/data/15038929/fileData.do,2026-01-19,2026-09-06,administrative_record_only_not_confirmed_active,용도변경,2021-04-05,,2021-05-26,제2종근린생활시설,,"주소 기반 추정 위치, 공사현장 좌표 아님"
15038929:424,424,건축행정기록,자동차관련시설,인천광역시 계양구 효성동 336-11,37.5241020,126.7080852,geocoded_kakao_jibun,kakao_exact_jibun_address_match,인천 계양구 효성동 336-11,1,1,0.0,,kakao_local_api:address_jibun,https://dapi.kakao.com/v2/local/search/address.json,2026-09-06,https://www.data.go.kr/data/15038929/fileData.do,2026-01-19,2026-09-06,administrative_record_only_not_confirmed_active,신축,2021-04-05,2021-06-02,2022-02-22,자동차관련시설,,"주소 기반 추정 위치, 공사현장 좌표 아님"
15038929:426,426,건축행정기록,제1종근린생활시설,인천광역시 계양구 하야동 64-18,37.5829836,126.7801112,geocoded_kakao_jibun,kakao_exact_jibun_address_match,인천 계양구 하야동 64-18,1,1,0.0,,kakao_local_api:address_jibun,https://dapi.kakao.com/v2/local/search/address.json,2026-09-06,https://www.data.go.kr/data/15038929/fileData.do,2026-01-19,2026-09-06,administrative_record_only_not_confirmed_active,신축,2021-03-30,2021-12-06,2022-04-05,제1종근린생활시설,,"주소 기반 추정 위치, 공사현장 좌표 아님"
15038929:428,428,건축행정기록,자동차관련시설,인천광역시 계양구 효성동 293-8,37.5290549,126.7178795,geocoded_kakao_jibun,kakao_exact_jibun_address_match,인천 계양구 효성동 293-8,1,1,0.0,,kakao_local_api:address_jibun,https://dapi.kakao.com/v2/local/search/address.json,2026-09-06,https://www.data.go.kr/data/15038929/fileData.do,2026-01-19,2026-09-06,administrative_record_only_not_confirmed_active,신축,2021-03-24,2021-06-10,2022-06-23,자동차관련시설,,"주소 기반 추정 위치, 공사현장 좌표 아님"
15038929:430,430,건축행정기록,업무시설,인천광역시 계양구 작전동 863-3,37.5321189,126.7230415,geocoded_kakao_jibun,kakao_exact_jibun_address_match,인천 계양구 작전동 863-3,1,1,0.0,,kakao_local_api:address_jibun,https://dapi.kakao.com/v2/local/search/address.json,2026-09-06,https://www.data.go.kr/data/15038929/fileData.do,2026-01-19,2026-09-06,administrative_record_only_not_confirmed_active,대수선,2021-03-23,2021-04-28,2021-08-13,업무시설,,"주소 기반 추정 위치, 공사현장 좌표 아님"
15038929:431,431,건축행정기록,의료시설,인천광역시 계양구 작전동 708-3,37.5250984,126.7341001,geocoded_kakao_jibun,kakao_exact_jibun_address_match,인천 계양구 작전동 708-3,1,1,0.0,,kakao_local_api:address_jibun,https://dapi.kakao.com/v2/local/search/address.json,2026-09-06,https://www.data.go.kr/data/15038929/fileData.do,2026-01-19,2026-09-06,administrative_record_only_not_confirmed_active,증축,2021-03-22,2021-04-12,2021-09-30,의료시설,,"주소 기반 추정 위치, 공사현장 좌표 아님"
15038929:432,432,건축행정기록,제2종근린생활시설,인천광역시 계양구 선주지동 201-4 외1필지,37.5781917,126.7474845,geocoded_kakao_jibun,kakao_exact_jibun_address_match,인천 계양구 선주지동 201-4,1,1,0.0,,kakao_local_api:address_jibun,https://dapi.kakao.com/v2/local/search/address.json,2026-09-06,https://www.data.go.kr/data/15038929/fileData.do,2026-01-19,2026-09-06,administrative_record_only_not_confirmed_active,증축,2021-03-22,2021-04-28,2022-10-17,제2종근린생활시설,,"주소 기반 추정 위치, 공사현장 좌표 아님"
15038929:434,434,건축행정기록,제1종근린생활시설,인천광역시 계양구 작전동 901-1,37.5318193,126.7343021,geocoded_kakao_jibun,kakao_exact_jibun_address_match,인천 계양구 작전동 901-1,1,1,0.0,,kakao_local_api:address_jibun,https://dapi.kakao.com/v2/local/search/address.json,2026-09-06,https://www.data.go.kr/data/15038929/fileData.do,2026-01-19,2026-09-06,administrative_record_only_not_confirmed_active,용도변경,2021-03-22,,2021-12-09,제1종근린생활시설,,"주소 기반 추정 위치, 공사현장 좌표 아님"
15038929:435,435,건축행정기록,제2종근린생활시설,인천광역시 계양구 선주지동 114-16,37.5786840,126.7468392,geocoded_kakao_jibun,kakao_exact_jibun_address_match,인천 계양구 선주지동 114-16,1,1,0.0,,kakao_local_api:address_jibun,https://dapi.kakao.com/v2/local/search/address.json,2026-09-06,https://www.data.go.kr/data/15038929/fileData.do,2026-01-19,2026-09-06,administrative_record_only_not_confirmed_active,신축,2021-03-22,2021-06-24,2023-01-06,제2종근린생활시설,,"주소 기반 추정 위치, 공사현장 좌표 아님"
15038929:436,436,건축행정기록,제2종근린생활시설,인천광역시 계양구 선주지동 200-3 외2필지,,,unresolved,no_exact_parcel_match_in_kakao,,0,0,,,kakao_local_api:unresolved,https://dapi.kakao.com/v2/local/search/address.json,2026-09-06,https://www.data.go.kr/data/15038929/fileData.do,2026-01-19,2026-09-06,administrative_record_only_not_confirmed_active,신축,2021-03-22,2021-04-20,2022-10-17,제2종근린생활시설,,"주소 기반 추정 위치, 공사현장 좌표 아님"
15038929:437,437,건축행정기록,제2종근린생활시설,인천광역시 계양구 선주지동 200-17 외1필지,,,unresolved,no_exact_parcel_match_in_kakao,,0,0,,,kakao_local_api:unresolved,https://dapi.kakao.com/v2/local/search/address.json,2026-09-06,https://www.data.go.kr/data/15038929/fileData.do,2026-01-19,2026-09-06,administrative_record_only_not_confirmed_active,신축,2021-03-22,2021-04-20,2022-10-17,제2종근린생활시설,,"주소 기반 추정 위치, 공사현장 좌표 아님"
15038929:438,438,건축행정기록,제2종근린생활시설,인천광역시 계양구 선주지동 200-16 외1필지,,,unresolved,no_exact_parcel_match_in_kakao,,0,0,,,kakao_local_api:unresolved,https://dapi.kakao.com/v2/local/search/address.json,2026-09-06,https://www.data.go.kr/data/15038929/fileData.do,2026-01-19,2026-09-06,administrative_record_only_not_confirmed_active,신축,2021-03-22,2021-04-20,2022-10-17,제2종근린생활시설,,"주소 기반 추정 위치, 공사현장 좌표 아님"
15038929:439,439,건축행정기록,제2종근린생활시설,인천광역시 계양구 선주지동 200-1 외1필지,,,unresolved,no_exact_parcel_match_in_kakao,,0,0,,,kakao_local_api:unresolved,https://dapi.kakao.com/v2/local/search/address.json,2026-09-06,https://www.data.go.kr/data/15038929/fileData.do,2026-01-19,2026-09-06,administrative_record_only_not_confirmed_active,신축,2021-03-22,2021-04-27,2022-10-11,제2종근린생활시설,,"주소 기반 추정 위치, 공사현장 좌표 아님"
15038929:440,440,건축행정기록,제1종근린생활시설,인천광역시 계양구 장기동 134-8,37.5787360,126.7344756,geocoded_kakao_jibun,kakao_exact_jibun_address_match,인천 계양구 장기동 134-8,1,1,0.0,,kakao_local_api:address_jibun,https://dapi.kakao.com/v2/local/search/address.json,2026-09-06,https://www.data.go.kr/data/15038929/fileData.do,2026-01-19,2026-09-06,administrative_record_only_not_confirmed_active,신축,2021-03-16,2021-05-14,2021-11-16,제1종근린생활시설,,"주소 기반 추정 위치, 공사현장 좌표 아님"
15038929:441,441,건축행정기록,제2종근린생활시설,인천광역시 계양구 효성동 404-12,37.5246084,126.7069107,geocoded_kakao_jibun,kakao_exact_jibun_address_match,인천 계양구 효성동 404-12,1,1,0.0,,kakao_local_api:address_jibun,https://dapi.kakao.com/v2/local/search/address.json,2026-09-06,https://www.data.go.kr/data/15038929/fileData.do,2026-01-19,2026-09-06,administrative_record_only_not_confirmed_active,신축,2021-03-16,2022-04-27,2022-11-16,제2종근린생활시설,,"주소 기반 추정 위치, 공사현장 좌표 아님"
15038929:442,442,건축행정기록,자원순환관련시설,인천광역시 계양구 서운동 146,37.5253366,126.7575994,geocoded_kakao_jibun,kakao_exact_jibun_address_match,인천 계양구 서운동 146,1,1,0.0,,kakao_local_api:address_jibun,https://dapi.kakao.com/v2/local/search/address.json,2026-09-06,https://www.data.go.kr/data/15038929/fileData.do,2026-01-19,2026-09-06,administrative_record_only_not_confirmed_active,신축,2021-03-16,2021-04-02,2021-10-07,자원순환관련시설,,"주소 기반 추정 위치, 공사현장 좌표 아님"
15038929:443,443,건축행정기록,제1종근린생활시설,인천광역시 계양구 이화동 216-2,37.5921137,126.7385656,geocoded_kakao_jibun,kakao_exact_jibun_address_match,인천 계양구 이화동 216-2,1,1,0.0,,kakao_local_api:address_jibun,https://dapi.kakao.com/v2/local/search/address.json,2026-09-06,https://www.data.go.kr/data/15038929/fileData.do,2026-01-19,2026-09-06,administrative_record_only_not_confirmed_active,신축,2021-03-11,2021-07-22,2022-02-14,제1종근린생활시설,,"주소 기반 추정 위치, 공사현장 좌표 아님"
15038929:444,444,건축행정기록,업무시설,인천광역시 계양구 서운동 207-1,37.5338133,126.7448158,geocoded_kakao_jibun,kakao_exact_jibun_address_match,인천 계양구 서운동 207-1,1,1,0.0,,kakao_local_api:address_jibun,https://dapi.kakao.com/v2/local/search/address.json,2026-09-06,https://www.data.go.kr/data/15038929/fileData.do,2026-01-19,2026-09-06,administrative_record_only_not_confirmed_active,증축,2021-03-10,2021-05-18,,업무시설,,"주소 기반 추정 위치, 공사현장 좌표 아님"
15038929:445,445,건축행정기록,공동주택,인천광역시 계양구 동양동 600,37.5625865,126.7542596,geocoded_kakao_jibun,kakao_exact_jibun_address_match,인천 계양구 동양동 600,1,1,0.0,,kakao_local_api:address_jibun,https://dapi.kakao.com/v2/local/search/address.json,2026-09-06,https://www.data.go.kr/data/15038929/fileData.do,2026-01-19,2026-09-06,administrative_record_only_not_confirmed_active,신축,2021-03-03,2021-03-18,2021-08-13,공동주택,,"주소 기반 추정 위치, 공사현장 좌표 아님"
15038929:447,447,건축행정기록,판매시설,인천광역시 계양구 병방동 109-4,37.5492662,126.7423717,geocoded_kakao_jibun,kakao_exact_jibun_address_match,인천 계양구 병방동 109-4,1,1,0.0,,kakao_local_api:address_jibun,https://dapi.kakao.com/v2/local/search/address.json,2026-09-06,https://www.data.go.kr/data/15038929/fileData.do,2026-01-19,2026-09-06,administrative_record_only_not_confirmed_active,용도변경,2021-02-24,,2021-03-19,판매시설,,"주소 기반 추정 위치, 공사현장 좌표 아님"
15038929:448,448,건축행정기록,제2종근린생활시설,인천광역시 계양구 다남동 103-37,37.5668980,126.7249968,geocoded_kakao_jibun,kakao_exact_jibun_address_match,인천 계양구 다남동 103-37,1,1,0.0,,kakao_local_api:address_jibun,https://dapi.kakao.com/v2/local/search/address.json,2026-09-06,https://www.data.go.kr/data/15038929/fileData.do,2026-01-19,2026-09-06,administrative_record_only_not_confirmed_active,증축,2021-02-23,2021-03-08,2021-09-16,제2종근린생활시설,,"주소 기반 추정 위치, 공사현장 좌표 아님"
15038929:450,450,건축행정기록,공동주택,인천광역시 계양구 작전동 863-46,37.5318331,126.7238192,geocoded_kakao_jibun,kakao_exact_jibun_address_match,인천 계양구 작전동 863-46,1,1,0.0,,kakao_local_api:address_jibun,https://dapi.kakao.com/v2/local/search/address.json,2026-09-06,https://www.data.go.kr/data/15038929/fileData.do,2026-01-19,2026-09-06,administrative_record_only_not_confirmed_active,대수선,2021-02-19,2021-04-30,,공동주택,,"주소 기반 추정 위치, 공사현장 좌표 아님"
15038929:451,451,건축행정기록,제1종근린생활시설,인천광역시 계양구 이화동 231-1 외1필지,37.5922569,126.7378881,geocoded_kakao_jibun,kakao_exact_jibun_address_match,인천 계양구 이화동 231-1,1,1,0.0,,kakao_local_api:address_jibun,https://dapi.kakao.com/v2/local/search/address.json,2026-09-06,https://www.data.go.kr/data/15038929/fileData.do,2026-01-19,2026-09-06,administrative_record_only_not_confirmed_active,신축,2021-02-18,2021-10-15,2022-07-01,제1종근린생활시설,,"주소 기반 추정 위치, 공사현장 좌표 아님"
15038929:452,452,건축행정기록,노유자시설,인천광역시 계양구 서운동 214-3,37.5343119,126.7556933,geocoded_kakao_jibun,kakao_exact_jibun_address_match,인천 계양구 서운동 214-3,1,1,0.0,,kakao_local_api:address_jibun,https://dapi.kakao.com/v2/local/search/address.json,2026-09-06,https://www.data.go.kr/data/15038929/fileData.do,2026-01-19,2026-09-06,administrative_record_only_not_confirmed_active,신축,2021-02-17,2021-04-22,2022-03-24,노유자시설,,"주소 기반 추정 위치, 공사현장 좌표 아님"
15038929:453,453,건축행정기록,업무시설,인천광역시 계양구 장기동 130 외1필지,37.5767916,126.7341472,geocoded_kakao_jibun,kakao_exact_jibun_address_match,인천 계양구 장기동 130,1,1,0.0,,kakao_local_api:address_jibun,https://dapi.kakao.com/v2/local/search/address.json,2026-09-06,https://www.data.go.kr/data/15038929/fileData.do,2026-01-19,2026-09-06,administrative_record_only_not_confirmed_active,증축,2021-02-17,2021-05-04,2022-06-29,업무시설,,"주소 기반 추정 위치, 공사현장 좌표 아님"
15038929:454,454,건축행정기록,제1종근린생활시설,인천광역시 계양구 이화동 52-24,37.5836401,126.7452167,geocoded_kakao_jibun,kakao_exact_jibun_address_match,인천 계양구 이화동 52-24,1,1,0.0,,kakao_local_api:address_jibun,https://dapi.kakao.com/v2/local/search/address.json,2026-09-06,https://www.data.go.kr/data/15038929/fileData.do,2026-01-19,2026-09-06,administrative_record_only_not_confirmed_active,증축,2021-02-16,2021-03-17,2021-05-20,제1종근린생활시설,,"주소 기반 추정 위치, 공사현장 좌표 아님"
15038929:455,455,건축행정기록,제1종근린생활시설,인천광역시 계양구 선주지동 114-2,37.5793704,126.7464006,geocoded_kakao_jibun,kakao_exact_jibun_address_match,인천 계양구 선주지동 114-2,1,1,0.0,,kakao_local_api:address_jibun,https://dapi.kakao.com/v2/local/search/address.json,2026-09-06,https://www.data.go.kr/data/15038929/fileData.do,2026-01-19,2026-09-06,administrative_record_only_not_confirmed_active,신축,2021-02-16,2021-03-11,2021-06-24,제1종근린생활시설,,"주소 기반 추정 위치, 공사현장 좌표 아님"
15038929:456,456,건축행정기록,제1종근린생활시설,인천광역시 계양구 선주지동 114-21,37.5792665,126.7464270,geocoded_kakao_jibun,kakao_exact_jibun_address_match,인천 계양구 선주지동 114-21,1,1,0.0,,kakao_local_api:address_jibun,https://dapi.kakao.com/v2/local/search/address.json,2026-09-06,https://www.data.go.kr/data/15038929/fileData.do,2026-01-19,2026-09-06,administrative_record_only_not_confirmed_active,신축,2021-02-16,2021-03-11,2021-06-24,제1종근린생활시설,,"주소 기반 추정 위치, 공사현장 좌표 아님"
15038929:457,457,건축행정기록,제1종근린생활시설,인천광역시 계양구 선주지동 114-22,37.5791545,126.7464553,geocoded_kakao_jibun,kakao_exact_jibun_address_match,인천 계양구 선주지동 114-22,1,1,0.0,,kakao_local_api:address_jibun,https://dapi.kakao.com/v2/local/search/address.json,2026-09-06,https://www.data.go.kr/data/15038929/fileData.do,2026-01-19,2026-09-06,administrative_record_only_not_confirmed_active,신축,2021-02-16,2021-03-11,2021-06-24,제1종근린생활시설,,"주소 기반 추정 위치, 공사현장 좌표 아님"
15038929:458,458,건축행정기록,제2종근린생활시설,인천광역시 계양구 귤현동 귤현지역 1블럭 2로트,,,unresolved,address_not_parcel_or_road_notation,,0,0,,,kakao_local_api:unresolved,https://dapi.kakao.com/v2/local/search/address.json,2026-09-06,https://www.data.go.kr/data/15038929/fileData.do,2026-01-19,2026-09-06,administrative_record_only_not_confirmed_active,증축,2021-02-10,2021-11-08,2022-05-10,제2종근린생활시설,,"주소 기반 추정 위치, 공사현장 좌표 아님"
15038929:460,460,건축행정기록,제2종근린생활시설,인천광역시 계양구 효성동 149-2 외1필지,37.5299906,126.7094981,geocoded_kakao_jibun,kakao_exact_jibun_address_match,인천 계양구 효성동 149-2,1,1,0.0,,kakao_local_api:address_jibun,https://dapi.kakao.com/v2/local/search/address.json,2026-09-06,https://www.data.go.kr/data/15038929/fileData.do,2026-01-19,2026-09-06,administrative_record_only_not_confirmed_active,신축,2021-02-04,2021-04-16,2022-02-15,제2종근린생활시설,,"주소 기반 추정 위치, 공사현장 좌표 아님"
15038929:461,461,건축행정기록,공동주택,인천광역시 계양구 동양동 603-1,37.5625567,126.7539408,geocoded_kakao_jibun,kakao_exact_jibun_address_match,인천 계양구 동양동 603-1,1,1,0.0,,kakao_local_api:address_jibun,https://dapi.kakao.com/v2/local/search/address.json,2026-09-06,https://www.data.go.kr/data/15038929/fileData.do,2026-01-19,2026-09-06,administrative_record_only_not_confirmed_active,신축,2021-02-03,2021-03-19,2021-12-01,공동주택,,"주소 기반 추정 위치, 공사현장 좌표 아님"
15038929:462,462,건축행정기록,공동주택,인천광역시 계양구 계산동 917-3 외1필지,37.5435953,126.7325514,geocoded_kakao_jibun,kakao_exact_jibun_address_match,인천 계양구 계산동 917-3,1,1,0.0,,kakao_local_api:address_jibun,https://dapi.kakao.com/v2/local/search/address.json,2026-09-06,https://www.data.go.kr/data/15038929/fileData.do,2026-01-19,2026-09-06,administrative_record_only_not_confirmed_active,신축,2021-02-03,2021-05-31,2022-01-06,공동주택,,"주소 기반 추정 위치, 공사현장 좌표 아님"
15038929:463,463,건축행정기록,업무시설,인천광역시 계양구 임학동 69-23,37.5437716,126.7371160,geocoded_kakao_jibun,kakao_exact_jibun_address_match,인천 계양구 임학동 69-23,1,1,0.0,,kakao_local_api:address_jibun,https://dapi.kakao.com/v2/local/search/address.json,2026-09-06,https://www.data.go.kr/data/15038929/fileData.do,2026-01-19,2026-09-06,administrative_record_only_not_confirmed_active,신축,2021-02-01,2021-04-28,2022-08-29,업무시설,,"주소 기반 추정 위치, 공사현장 좌표 아님"
15038929:464,464,건축행정기록,자동차관련시설,인천광역시 계양구 임학동 73-6 외1필지,37.5434095,126.7356042,geocoded_kakao_jibun,kakao_exact_jibun_address_match,인천 계양구 임학동 73-6,1,1,0.0,,kakao_local_api:address_jibun,https://dapi.kakao.com/v2/local/search/address.json,2026-09-06,https://www.data.go.kr/data/15038929/fileData.do,2026-01-19,2026-09-06,administrative_record_only_not_confirmed_active,신축,2021-02-01,2021-03-26,2021-07-14,자동차관련시설,,"주소 기반 추정 위치, 공사현장 좌표 아님"
15038929:465,465,건축행정기록,노유자시설,인천광역시 계양구 효성동 168-4,37.5295459,126.7085131,geocoded_kakao_jibun,kakao_exact_jibun_address_match,인천 계양구 효성동 168-4,1,1,0.0,,kakao_local_api:address_jibun,https://dapi.kakao.com/v2/local/search/address.json,2026-09-06,https://www.data.go.kr/data/15038929/fileData.do,2026-01-19,2026-09-06,administrative_record_only_not_confirmed_active,신축,2021-01-27,2021-01-29,2021-10-05,노유자시설,,"주소 기반 추정 위치, 공사현장 좌표 아님"
15038929:466,466,건축행정기록,업무시설,인천광역시 계양구 계산동 1078-3,37.5369038,126.7362863,geocoded_kakao_jibun,kakao_exact_jibun_address_match,인천 계양구 계산동 1078-3,1,1,0.0,,kakao_local_api:address_jibun,https://dapi.kakao.com/v2/local/search/address.json,2026-09-06,https://www.data.go.kr/data/15038929/fileData.do,2026-01-19,2026-09-06,administrative_record_only_not_confirmed_active,대수선,2021-01-26,2021-02-22,,업무시설,,"주소 기반 추정 위치, 공사현장 좌표 아님"
15038929:467,467,건축행정기록,단독주택,인천광역시 계양구 귤현동 506,37.5669548,126.7446898,geocoded_kakao_jibun,kakao_exact_jibun_address_match,인천 계양구 귤현동 506,1,1,0.0,,kakao_local_api:address_jibun,https://dapi.kakao.com/v2/local/search/address.json,2026-09-06,https://www.data.go.kr/data/15038929/fileData.do,2026-01-19,2026-09-06,administrative_record_only_not_confirmed_active,신축,2021-01-21,2021-02-25,2021-04-29,단독주택,,"주소 기반 추정 위치, 공사현장 좌표 아님"
15038929:468,468,건축행정기록,노유자시설,인천광역시 계양구 효성동 293-8,37.5290549,126.7178795,geocoded_kakao_jibun,kakao_exact_jibun_address_match,인천 계양구 효성동 293-8,1,1,0.0,,kakao_local_api:address_jibun,https://dapi.kakao.com/v2/local/search/address.json,2026-09-06,https://www.data.go.kr/data/15038929/fileData.do,2026-01-19,2026-09-06,administrative_record_only_not_confirmed_active,신축,2021-01-19,2021-06-17,2022-06-23,노유자시설,,"주소 기반 추정 위치, 공사현장 좌표 아님"
15038929:469,469,건축행정기록,판매시설,인천광역시 계양구 효성동 15-27 외1필지,37.5310690,126.7121400,geocoded_kakao_jibun,kakao_exact_jibun_address_match,인천 계양구 효성동 15-27,1,1,0.0,,kakao_local_api:address_jibun,https://dapi.kakao.com/v2/local/search/address.json,2026-09-06,https://www.data.go.kr/data/15038929/fileData.do,2026-01-19,2026-09-06,administrative_record_only_not_confirmed_active,용도변경,2021-01-19,,2021-03-18,판매시설,,"주소 기반 추정 위치, 공사현장 좌표 아님"
15038929:471,471,건축행정기록,공동주택,인천광역시 계양구 계산동 896-13 외1필지,37.5456570,126.7200913,geocoded_kakao_jibun,kakao_exact_jibun_address_match,인천 계양구 계산동 896-13,1,1,0.0,,kakao_local_api:address_jibun,https://dapi.kakao.com/v2/local/search/address.json,2026-09-06,https://www.data.go.kr/data/15038929/fileData.do,2026-01-19,2026-09-06,administrative_record_only_not_confirmed_active,신축,2021-01-07,2021-01-14,2021-05-21,공동주택,,"주소 기반 추정 위치, 공사현장 좌표 아님"
15038929:474,474,건축행정기록,제1종근린생활시설,인천광역시 계양구 이화동 239-4,37.5921193,126.7374313,geocoded_kakao_jibun,kakao_exact_jibun_address_match,인천 계양구 이화동 239-4,1,1,0.0,,kakao_local_api:address_jibun,https://dapi.kakao.com/v2/local/search/address.json,2026-09-06,https://www.data.go.kr/data/15038929/fileData.do,2026-01-19,2026-09-06,administrative_record_only_not_confirmed_active,신축,2020-12-31,2021-10-28,2022-05-16,제1종근린생활시설,,"주소 기반 추정 위치, 공사현장 좌표 아님"
15038929:475,475,건축행정기록,제1종근린생활시설,인천광역시 계양구 서운동 55-45 외1필지,37.5265295,126.7487519,geocoded_kakao_jibun,kakao_exact_jibun_address_match,인천 계양구 서운동 55-45,1,1,0.0,,kakao_local_api:address_jibun,https://dapi.kakao.com/v2/local/search/address.json,2026-09-06,https://www.data.go.kr/data/15038929/fileData.do,2026-01-19,2026-09-06,administrative_record_only_not_confirmed_active,증축,2020-12-31,2021-07-27,2021-12-01,제1종근린생활시설,,"주소 기반 추정 위치, 공사현장 좌표 아님"
15038929:476,476,건축행정기록,노유자시설,인천광역시 계양구 임학동 6-5,37.5471418,126.7397843,geocoded_kakao_jibun,kakao_exact_jibun_address_match,인천 계양구 임학동 6-5,1,1,0.0,,kakao_local_api:address_jibun,https://dapi.kakao.com/v2/local/search/address.json,2026-09-06,https://www.data.go.kr/data/15038929/fileData.do,2026-01-19,2026-09-06,administrative_record_only_not_confirmed_active,대수선,2020-12-30,2021-06-16,2023-05-15,노유자시설,,"주소 기반 추정 위치, 공사현장 좌표 아님"
15038929:478,478,건축행정기록,제2종근린생활시설,인천광역시 계양구 서운동 55-488 외2필지,37.5270618,126.7487683,geocoded_kakao_jibun,kakao_exact_jibun_address_match,인천 계양구 서운동 55-488,1,1,0.0,,kakao_local_api:address_jibun,https://dapi.kakao.com/v2/local/search/address.json,2026-09-06,https://www.data.go.kr/data/15038929/fileData.do,2026-01-19,2026-09-06,administrative_record_only_not_confirmed_active,신축,2020-12-30,2021-03-30,2021-11-04,제2종근린생활시설,,"주소 기반 추정 위치, 공사현장 좌표 아님"
15038929:479,479,건축행정기록,공동주택,인천광역시 계양구 다남동 64-26,37.5700811,126.7239069,geocoded_kakao_jibun,kakao_exact_jibun_address_match,인천 계양구 다남동 64-26,1,1,0.0,,kakao_local_api:address_jibun,https://dapi.kakao.com/v2/local/search/address.json,2026-09-06,https://www.data.go.kr/data/15038929/fileData.do,2026-01-19,2026-09-06,administrative_record_only_not_confirmed_active,신축,2020-12-28,2021-08-04,2022-05-30,공동주택,,"주소 기반 추정 위치, 공사현장 좌표 아님"
15038929:482,482,건축행정기록,공장,인천광역시 계양구 서운동 221-2,37.5309436,126.7583081,geocoded_kakao_jibun,kakao_exact_jibun_address_match,인천 계양구 서운동 221-2,1,1,0.0,,kakao_local_api:address_jibun,https://dapi.kakao.com/v2/local/search/address.json,2026-09-06,https://www.data.go.kr/data/15038929/fileData.do,2026-01-19,2026-09-06,administrative_record_only_not_confirmed_active,신축,2020-12-23,2020-12-31,2021-12-08,공장,,"주소 기반 추정 위치, 공사현장 좌표 아님"
15038929:483,483,건축행정기록,의료시설,인천광역시 계양구 갈현동 77-1,37.5748317,126.7289800,geocoded_kakao_jibun,kakao_exact_jibun_address_match,인천 계양구 갈현동 77-1,1,1,0.0,,kakao_local_api:address_jibun,https://dapi.kakao.com/v2/local/search/address.json,2026-09-06,https://www.data.go.kr/data/15038929/fileData.do,2026-01-19,2026-09-06,administrative_record_only_not_confirmed_active,증축,2020-12-22,2021-08-25,,의료시설,,"주소 기반 추정 위치, 공사현장 좌표 아님"
15038929:485,485,건축행정기록,의료시설,인천광역시 계양구 계산동 944-30,37.5420869,126.7230514,geocoded_kakao_jibun,kakao_exact_jibun_address_match,인천 계양구 계산동 944-30,1,1,0.0,,kakao_local_api:address_jibun,https://dapi.kakao.com/v2/local/search/address.json,2026-09-06,https://www.data.go.kr/data/15038929/fileData.do,2026-01-19,2026-09-06,administrative_record_only_not_confirmed_active,증축,2020-12-16,2021-11-08,2022-05-19,의료시설,,"주소 기반 추정 위치, 공사현장 좌표 아님"
15038929:488,488,건축행정기록,교정및군사시설,인천광역시 계양구 귤현동 산 28,,,unresolved,no_exact_parcel_match_in_kakao,,0,0,,,kakao_local_api:unresolved,https://dapi.kakao.com/v2/local/search/address.json,2026-09-06,https://www.data.go.kr/data/15038929/fileData.do,2026-01-19,2026-09-06,administrative_record_only_not_confirmed_active,신축,2020-12-07,2021-12-01,,교정및군사시설,,"주소 기반 추정 위치, 공사현장 좌표 아님"
15038929:489,489,건축행정기록,공장,인천광역시 계양구 서운동 214-8,37.5337708,126.7547690,geocoded_kakao_jibun,kakao_exact_jibun_address_match,인천 계양구 서운동 214-8,1,1,0.0,,kakao_local_api:address_jibun,https://dapi.kakao.com/v2/local/search/address.json,2026-09-06,https://www.data.go.kr/data/15038929/fileData.do,2026-01-19,2026-09-06,administrative_record_only_not_confirmed_active,신축,2020-12-03,2021-03-05,2021-08-05,공장,,"주소 기반 추정 위치, 공사현장 좌표 아님"
15038929:490,490,건축행정기록,제1종근린생활시설,인천광역시 계양구 용종동 208,37.5405609,126.7381938,geocoded_kakao_jibun,kakao_exact_jibun_address_match,인천 계양구 용종동 208,1,1,0.0,,kakao_local_api:address_jibun,https://dapi.kakao.com/v2/local/search/address.json,2026-09-06,https://www.data.go.kr/data/15038929/fileData.do,2026-01-19,2026-09-06,administrative_record_only_not_confirmed_active,개축,2020-12-02,2021-03-18,2021-07-02,제1종근린생활시설,,"주소 기반 추정 위치, 공사현장 좌표 아님"
15038929:492,492,건축행정기록,제1종근린생활시설,인천광역시 계양구 선주지동 110-1 외2필지,37.5793788,126.7472067,geocoded_kakao_jibun,kakao_exact_jibun_address_match,인천 계양구 선주지동 110-1,1,1,0.0,,kakao_local_api:address_jibun,https://dapi.kakao.com/v2/local/search/address.json,2026-09-06,https://www.data.go.kr/data/15038929/fileData.do,2026-01-19,2026-09-06,administrative_record_only_not_confirmed_active,신축,2020-12-01,2020-12-11,2021-03-10,제1종근린생활시설,,"주소 기반 추정 위치, 공사현장 좌표 아님"
15038929:493,493,건축행정기록,제1종근린생활시설,인천광역시 계양구 선주지동 110-8 외2필지,37.5793106,126.7473118,geocoded_kakao_jibun,kakao_exact_jibun_address_match,인천 계양구 선주지동 110-8,1,1,0.0,,kakao_local_api:address_jibun,https://dapi.kakao.com/v2/local/search/address.json,2026-09-06,https://www.data.go.kr/data/15038929/fileData.do,2026-01-19,2026-09-06,administrative_record_only_not_confirmed_active,신축,2020-12-01,2020-12-11,2021-03-10,제1종근린생활시설,,"주소 기반 추정 위치, 공사현장 좌표 아님"
15038929:494,494,건축행정기록,공장,인천광역시 계양구 서운동 220-5,37.5329738,126.7589206,geocoded_kakao_jibun,kakao_exact_jibun_address_match,인천 계양구 서운동 220-5,1,1,0.0,,kakao_local_api:address_jibun,https://dapi.kakao.com/v2/local/search/address.json,2026-09-06,https://www.data.go.kr/data/15038929/fileData.do,2026-01-19,2026-09-06,administrative_record_only_not_confirmed_active,신축,2020-11-30,2020-12-11,2021-10-28,공장,,"주소 기반 추정 위치, 공사현장 좌표 아님"
15038929:495,495,건축행정기록,공동주택,인천광역시 계양구 효성동 273-24 외1필지,37.5263522,126.7119087,geocoded_kakao_jibun,kakao_exact_jibun_address_match,인천 계양구 효성동 273-24,1,1,0.0,,kakao_local_api:address_jibun,https://dapi.kakao.com/v2/local/search/address.json,2026-09-06,https://www.data.go.kr/data/15038929/fileData.do,2026-01-19,2026-09-06,administrative_record_only_not_confirmed_active,신축,2020-11-26,2020-12-09,2021-06-09,공동주택,,"주소 기반 추정 위치, 공사현장 좌표 아님"
15038929:496,496,건축행정기록,공장,인천광역시 계양구 서운동 208-2,37.5361698,126.7522346,geocoded_kakao_jibun,kakao_exact_jibun_address_match,인천 계양구 서운동 208-2,1,1,0.0,,kakao_local_api:address_jibun,https://dapi.kakao.com/v2/local/search/address.json,2026-09-06,https://www.data.go.kr/data/15038929/fileData.do,2026-01-19,2026-09-06,administrative_record_only_not_confirmed_active,증축,2020-11-25,2021-03-12,2021-10-22,공장,,"주소 기반 추정 위치, 공사현장 좌표 아님"
15038929:497,497,건축행정기록,공장,인천광역시 계양구 서운동 217,37.5331282,126.7565685,geocoded_kakao_jibun,kakao_exact_jibun_address_match,인천 계양구 서운동 217,1,1,0.0,,kakao_local_api:address_jibun,https://dapi.kakao.com/v2/local/search/address.json,2026-09-06,https://www.data.go.kr/data/15038929/fileData.do,2026-01-19,2026-09-06,administrative_record_only_not_confirmed_active,신축,2020-11-24,2020-12-21,2022-05-06,공장,,"주소 기반 추정 위치, 공사현장 좌표 아님"
15038929:498,498,건축행정기록,제1종근린생활시설,인천광역시 계양구 선주지동 108-1,37.5795181,126.7476830,geocoded_kakao_jibun,kakao_exact_jibun_address_match,인천 계양구 선주지동 108-1,1,1,0.0,,kakao_local_api:address_jibun,https://dapi.kakao.com/v2/local/search/address.json,2026-09-06,https://www.data.go.kr/data/15038929/fileData.do,2026-01-19,2026-09-06,administrative_record_only_not_confirmed_active,신축,2020-11-20,2020-12-30,2021-05-26,제1종근린생활시설,,"주소 기반 추정 위치, 공사현장 좌표 아님"
15038929:499,499,건축행정기록,교정및군사시설,인천광역시 계양구 동양동 320-11 외1필지,37.5618093,126.7503111,geocoded_kakao_jibun,kakao_exact_jibun_address_match,인천 계양구 동양동 320-11,1,1,0.0,,kakao_local_api:address_jibun,https://dapi.kakao.com/v2/local/search/address.json,2026-09-06,https://www.data.go.kr/data/15038929/fileData.do,2026-01-19,2026-09-06,administrative_record_only_not_confirmed_active,신축,2020-11-18,2022-05-02,,교정및군사시설,,"주소 기반 추정 위치, 공사현장 좌표 아님"
15038929:500,500,건축행정기록,교정및군사시설,인천광역시 계양구 동양동 320-1 외1필지,37.5608197,126.7501087,geocoded_kakao_jibun,kakao_exact_jibun_address_match,인천 계양구 동양동 320-1,1,1,0.0,,kakao_local_api:address_jibun,https://dapi.kakao.com/v2/local/search/address.json,2026-09-06,https://www.data.go.kr/data/15038929/fileData.do,2026-01-19,2026-09-06,administrative_record_only_not_confirmed_active,신축,2020-11-18,2021-03-22,,교정및군사시설,,"주소 기반 추정 위치, 공사현장 좌표 아님"
15038929:501,501,건축행정기록,교정및군사시설,인천광역시 계양구 귤현동 312 외4필지,37.5638475,126.7450259,geocoded_kakao_jibun,kakao_exact_jibun_address_match,인천 계양구 귤현동 312,1,1,0.0,,kakao_local_api:address_jibun,https://dapi.kakao.com/v2/local/search/address.json,2026-09-06,https://www.data.go.kr/data/15038929/fileData.do,2026-01-19,2026-09-06,administrative_record_only_not_confirmed_active,신축,2020-11-18,2021-03-22,,교정및군사시설,,"주소 기반 추정 위치, 공사현장 좌표 아님"
15038929:502,502,건축행정기록,제1종근린생활시설,인천광역시 계양구 선주지동 122-3,37.5799277,126.7458716,geocoded_kakao_jibun,kakao_exact_jibun_address_match,인천 계양구 선주지동 122-3,1,1,0.0,,kakao_local_api:address_jibun,https://dapi.kakao.com/v2/local/search/address.json,2026-09-06,https://www.data.go.kr/data/15038929/fileData.do,2026-01-19,2026-09-06,administrative_record_only_not_confirmed_active,신축,2020-11-17,2021-12-07,2022-04-29,제1종근린생활시설,,"주소 기반 추정 위치, 공사현장 좌표 아님"
15038929:504,504,건축행정기록,숙박시설,인천광역시 계양구 계산동 1076-4,37.5359134,126.7359105,geocoded_kakao_jibun,kakao_exact_jibun_address_match,인천 계양구 계산동 1076-4,1,1,0.0,,kakao_local_api:address_jibun,https://dapi.kakao.com/v2/local/search/address.json,2026-09-06,https://www.data.go.kr/data/15038929/fileData.do,2026-01-19,2026-09-06,administrative_record_only_not_confirmed_active,증축,2020-11-12,2020-12-03,2021-01-08,숙박시설,,"주소 기반 추정 위치, 공사현장 좌표 아님"
15038929:505,505,건축행정기록,운동시설,인천광역시 계양구 방축동 3-37 외2필지,37.5515895,126.7416700,geocoded_kakao_jibun,kakao_exact_jibun_address_match,인천 계양구 방축동 3-37,1,1,0.0,,kakao_local_api:address_jibun,https://dapi.kakao.com/v2/local/search/address.json,2026-09-06,https://www.data.go.kr/data/15038929/fileData.do,2026-01-19,2026-09-06,administrative_record_only_not_confirmed_active,신축,2020-11-06,2021-03-19,2022-06-16,운동시설,,"주소 기반 추정 위치, 공사현장 좌표 아님"
15038929:506,506,건축행정기록,제1종근린생활시설,인천광역시 계양구 효성동 549-2,37.5256015,126.6997691,geocoded_kakao_jibun,kakao_exact_jibun_address_match,인천 계양구 효성동 549-2,1,1,0.0,,kakao_local_api:address_jibun,https://dapi.kakao.com/v2/local/search/address.json,2026-09-06,https://www.data.go.kr/data/15038929/fileData.do,2026-01-19,2026-09-06,administrative_record_only_not_confirmed_active,용도변경,2020-11-05,,2021-02-24,제1종근린생활시설,,"주소 기반 추정 위치, 공사현장 좌표 아님"
15038929:507,507,건축행정기록,제1종근린생활시설,인천광역시 계양구 둑실동 86,37.5777573,126.7119112,geocoded_kakao_jibun,kakao_exact_jibun_address_match,인천 계양구 둑실동 86,1,1,0.0,,kakao_local_api:address_jibun,https://dapi.kakao.com/v2/local/search/address.json,2026-09-06,https://www.data.go.kr/data/15038929/fileData.do,2026-01-19,2026-09-06,administrative_record_only_not_confirmed_active,신축,2020-11-02,2022-10-18,,제1종근린생활시설,,"주소 기반 추정 위치, 공사현장 좌표 아님"
15038929:509,509,건축행정기록,제1종근린생활시설,인천광역시 계양구 선주지동 101-1,37.5794437,126.7484956,geocoded_kakao_jibun,kakao_exact_jibun_address_match,인천 계양구 선주지동 101-1,1,1,0.0,,kakao_local_api:address_jibun,https://dapi.kakao.com/v2/local/search/address.json,2026-09-06,https://www.data.go.kr/data/15038929/fileData.do,2026-01-19,2026-09-06,administrative_record_only_not_confirmed_active,신축,2020-10-30,2020-11-16,2021-04-20,제1종근린생활시설,,"주소 기반 추정 위치, 공사현장 좌표 아님"
15038929:510,510,건축행정기록,제2종근린생활시설,인천광역시 계양구 장기동 152-10,37.5771273,126.7363144,geocoded_kakao_jibun,kakao_exact_jibun_address_match,인천 계양구 장기동 152-10,1,1,0.0,,kakao_local_api:address_jibun,https://dapi.kakao.com/v2/local/search/address.json,2026-09-06,https://www.data.go.kr/data/15038929/fileData.do,2026-01-19,2026-09-06,administrative_record_only_not_confirmed_active,신축,2020-10-28,2020-12-11,2021-07-20,제2종근린생활시설,,"주소 기반 추정 위치, 공사현장 좌표 아님"
15038929:512,512,건축행정기록,제1종근린생활시설,인천광역시 계양구 효성동 549-2,37.5256015,126.6997691,geocoded_kakao_jibun,kakao_exact_jibun_address_match,인천 계양구 효성동 549-2,1,1,0.0,,kakao_local_api:address_jibun,https://dapi.kakao.com/v2/local/search/address.json,2026-09-06,https://www.data.go.kr/data/15038929/fileData.do,2026-01-19,2026-09-06,administrative_record_only_not_confirmed_active,용도변경,2020-10-23,,2021-03-12,제1종근린생활시설,,"주소 기반 추정 위치, 공사현장 좌표 아님"
15038929:514,514,건축행정기록,제1종근린생활시설,인천광역시 계양구 효성동 549-2,37.5256015,126.6997691,geocoded_kakao_jibun,kakao_exact_jibun_address_match,인천 계양구 효성동 549-2,1,1,0.0,,kakao_local_api:address_jibun,https://dapi.kakao.com/v2/local/search/address.json,2026-09-06,https://www.data.go.kr/data/15038929/fileData.do,2026-01-19,2026-09-06,administrative_record_only_not_confirmed_active,용도변경,2020-10-20,,2021-01-26,제1종근린생활시설,,"주소 기반 추정 위치, 공사현장 좌표 아님"
15038929:515,515,건축행정기록,제1종근린생활시설,인천광역시 계양구 효성동 549-2,37.5256015,126.6997691,geocoded_kakao_jibun,kakao_exact_jibun_address_match,인천 계양구 효성동 549-2,1,1,0.0,,kakao_local_api:address_jibun,https://dapi.kakao.com/v2/local/search/address.json,2026-09-06,https://www.data.go.kr/data/15038929/fileData.do,2026-01-19,2026-09-06,administrative_record_only_not_confirmed_active,용도변경,2020-10-20,,2021-01-26,제1종근린생활시설,,"주소 기반 추정 위치, 공사현장 좌표 아님"
15038929:516,516,건축행정기록,제1종근린생활시설,인천광역시 계양구 효성동 549-2,37.5256015,126.6997691,geocoded_kakao_jibun,kakao_exact_jibun_address_match,인천 계양구 효성동 549-2,1,1,0.0,,kakao_local_api:address_jibun,https://dapi.kakao.com/v2/local/search/address.json,2026-09-06,https://www.data.go.kr/data/15038929/fileData.do,2026-01-19,2026-09-06,administrative_record_only_not_confirmed_active,용도변경,2020-10-16,,2021-01-26,제1종근린생활시설,,"주소 기반 추정 위치, 공사현장 좌표 아님"
15038929:520,520,건축행정기록,판매시설,인천광역시 계양구 용종동 207-1,37.5418330,126.7378599,geocoded_kakao_jibun,kakao_exact_jibun_address_match,인천 계양구 용종동 207-1,1,1,0.0,,kakao_local_api:address_jibun,https://dapi.kakao.com/v2/local/search/address.json,2026-09-06,https://www.data.go.kr/data/15038929/fileData.do,2026-01-19,2026-09-06,administrative_record_only_not_confirmed_active,대수선,2020-09-21,2020-09-22,2020-10-12,판매시설,,"주소 기반 추정 위치, 공사현장 좌표 아님"
15038929:521,521,건축행정기록,판매시설,인천광역시 계양구 계산동 300-13 외2필지,37.5367059,126.7297236,geocoded_kakao_jibun,kakao_exact_jibun_address_match,인천 계양구 계산동 300-13,1,1,0.0,,kakao_local_api:address_jibun,https://dapi.kakao.com/v2/local/search/address.json,2026-09-06,https://www.data.go.kr/data/15038929/fileData.do,2026-01-19,2026-09-06,administrative_record_only_not_confirmed_active,용도변경,2020-09-18,,2020-09-25,판매시설,,"주소 기반 추정 위치, 공사현장 좌표 아님"
15038929:522,522,건축행정기록,교육연구시설,인천광역시 계양구 계산동 857-87 외2필지,37.5383437,126.7164918,geocoded_kakao_jibun,kakao_exact_jibun_address_match,인천 계양구 계산동 857-87,1,1,0.0,,kakao_local_api:address_jibun,https://dapi.kakao.com/v2/local/search/address.json,2026-09-06,https://www.data.go.kr/data/15038929/fileData.do,2026-01-19,2026-09-06,administrative_record_only_not_confirmed_active,증축,2020-09-17,2020-10-22,,교육연구시설,,"주소 기반 추정 위치, 공사현장 좌표 아님"
15038929:523,523,건축행정기록,제1종근린생활시설,인천광역시 계양구 선주지동 110-2,37.5790683,126.7471600,geocoded_kakao_jibun,kakao_exact_jibun_address_match,인천 계양구 선주지동 110-2,1,1,0.0,,kakao_local_api:address_jibun,https://dapi.kakao.com/v2/local/search/address.json,2026-09-06,https://www.data.go.kr/data/15038929/fileData.do,2026-01-19,2026-09-06,administrative_record_only_not_confirmed_active,신축,2020-09-15,2020-09-22,2021-01-18,제1종근린생활시설,,"주소 기반 추정 위치, 공사현장 좌표 아님"
15038929:524,524,건축행정기록,자동차관련시설,인천광역시 계양구 작전동 740-5,37.5246164,126.7299351,geocoded_kakao_jibun,kakao_exact_jibun_address_match,인천 계양구 작전동 740-5,1,1,0.0,,kakao_local_api:address_jibun,https://dapi.kakao.com/v2/local/search/address.json,2026-09-06,https://www.data.go.kr/data/15038929/fileData.do,2026-01-19,2026-09-06,administrative_record_only_not_confirmed_active,증축,2020-09-11,2020-09-18,2020-11-27,자동차관련시설,,"주소 기반 추정 위치, 공사현장 좌표 아님"
15038929:526,526,건축행정기록,종교시설,인천광역시 계양구 효성동 147-3 외1필지,37.5309634,126.7092017,geocoded_kakao_jibun,kakao_exact_jibun_address_match,인천 계양구 효성동 147-3,1,1,0.0,,kakao_local_api:address_jibun,https://dapi.kakao.com/v2/local/search/address.json,2026-09-06,https://www.data.go.kr/data/15038929/fileData.do,2026-01-19,2026-09-06,administrative_record_only_not_confirmed_active,증축,2020-09-10,2022-08-01,2025-07-23,종교시설,,"주소 기반 추정 위치, 공사현장 좌표 아님"
15038929:529,529,건축행정기록,제2종근린생활시설,인천광역시 계양구 계산동 897-130,37.5465237,126.7212306,geocoded_kakao_jibun,kakao_exact_jibun_address_match,인천 계양구 계산동 897-130,1,1,0.0,,kakao_local_api:address_jibun,https://dapi.kakao.com/v2/local/search/address.json,2026-09-06,https://www.data.go.kr/data/15038929/fileData.do,2026-01-19,2026-09-06,administrative_record_only_not_confirmed_active,신축,2020-09-09,2020-09-14,2021-04-14,제2종근린생활시설,,"주소 기반 추정 위치, 공사현장 좌표 아님"
15038929:530,530,건축행정기록,공장,인천광역시 계양구 서운동 221,37.5309133,126.7563266,geocoded_kakao_jibun,kakao_exact_jibun_address_match,인천 계양구 서운동 221,1,1,0.0,,kakao_local_api:address_jibun,https://dapi.kakao.com/v2/local/search/address.json,2026-09-06,https://www.data.go.kr/data/15038929/fileData.do,2026-01-19,2026-09-06,administrative_record_only_not_confirmed_active,신축,2020-09-09,2021-01-29,2022-04-26,공장,,"주소 기반 추정 위치, 공사현장 좌표 아님"
15038929:531,531,건축행정기록,공장,인천광역시 계양구 서운동 213-4,37.5348885,126.7582133,geocoded_kakao_jibun,kakao_exact_jibun_address_match,인천 계양구 서운동 213-4,1,1,0.0,,kakao_local_api:address_jibun,https://dapi.kakao.com/v2/local/search/address.json,2026-09-06,https://www.data.go.kr/data/15038929/fileData.do,2026-01-19,2026-09-06,administrative_record_only_not_confirmed_active,신축,2020-09-07,2020-11-19,2022-01-19,공장,,"주소 기반 추정 위치, 공사현장 좌표 아님"
15038929:532,532,건축행정기록,업무시설,인천광역시 계양구 계산동 1077-2,37.5363971,126.7362389,geocoded_kakao_jibun,kakao_exact_jibun_address_match,인천 계양구 계산동 1077-2,1,1,0.0,,kakao_local_api:address_jibun,https://dapi.kakao.com/v2/local/search/address.json,2026-09-06,https://www.data.go.kr/data/15038929/fileData.do,2026-01-19,2026-09-06,administrative_record_only_not_confirmed_active,신축,2020-09-04,2020-12-10,2022-05-20,업무시설,,"주소 기반 추정 위치, 공사현장 좌표 아님"
15038929:533,533,건축행정기록,단독주택,인천광역시 계양구 계산동 921-25,37.5440186,126.7277897,geocoded_kakao_jibun,kakao_exact_jibun_address_match,인천 계양구 계산동 921-25,1,1,0.0,,kakao_local_api:address_jibun,https://dapi.kakao.com/v2/local/search/address.json,2026-09-06,https://www.data.go.kr/data/15038929/fileData.do,2026-01-19,2026-09-06,administrative_record_only_not_confirmed_active,신축,2020-08-31,2020-09-21,2021-04-19,단독주택,,"주소 기반 추정 위치, 공사현장 좌표 아님"
15038929:534,534,건축행정기록,장례시설,인천광역시 계양구 서운동 174 외1필지,37.5265022,126.7529356,geocoded_kakao_jibun,kakao_exact_jibun_address_match,인천 계양구 서운동 174,1,1,0.0,,kakao_local_api:address_jibun,https://dapi.kakao.com/v2/local/search/address.json,2026-09-06,https://www.data.go.kr/data/15038929/fileData.do,2026-01-19,2026-09-06,administrative_record_only_not_confirmed_active,대수선,2020-08-28,2020-09-09,,장례시설,,"주소 기반 추정 위치, 공사현장 좌표 아님"
15038929:535,535,건축행정기록,단독주택,인천광역시 계양구 다남동 64-40,37.5702066,126.7238148,geocoded_kakao_jibun,kakao_exact_jibun_address_match,인천 계양구 다남동 64-40,1,1,0.0,,kakao_local_api:address_jibun,https://dapi.kakao.com/v2/local/search/address.json,2026-09-06,https://www.data.go.kr/data/15038929/fileData.do,2026-01-19,2026-09-06,administrative_record_only_not_confirmed_active,신축,2020-08-28,2020-09-18,2021-09-16,단독주택,,"주소 기반 추정 위치, 공사현장 좌표 아님"
15038929:536,536,건축행정기록,단독주택,인천광역시 계양구 계산동 971-14,37.5388144,126.7209148,geocoded_kakao_jibun,kakao_exact_jibun_address_match,인천 계양구 계산동 971-14,1,1,0.0,,kakao_local_api:address_jibun,https://dapi.kakao.com/v2/local/search/address.json,2026-09-06,https://www.data.go.kr/data/15038929/fileData.do,2026-01-19,2026-09-06,administrative_record_only_not_confirmed_active,신축,2020-08-27,2020-12-15,2021-05-27,단독주택,,"주소 기반 추정 위치, 공사현장 좌표 아님"
15038929:539,539,건축행정기록,운동시설,인천광역시 계양구 갈현동 산 52-9 외5필지,37.5765074,126.7291945,geocoded_kakao_jibun,kakao_exact_jibun_address_match,인천 계양구 갈현동 산 52-9,1,1,0.0,,kakao_local_api:address_jibun,https://dapi.kakao.com/v2/local/search/address.json,2026-09-06,https://www.data.go.kr/data/15038929/fileData.do,2026-01-19,2026-09-06,administrative_record_only_not_confirmed_active,신축,2020-08-14,2021-03-04,2021-10-28,운동시설,,"주소 기반 추정 위치, 공사현장 좌표 아님"
15038929:540,540,건축행정기록,단독주택,인천광역시 계양구 방축동 144,37.5491325,126.7381697,geocoded_kakao_jibun,kakao_exact_jibun_address_match,인천 계양구 방축동 144,1,1,0.0,,kakao_local_api:address_jibun,https://dapi.kakao.com/v2/local/search/address.json,2026-09-06,https://www.data.go.kr/data/15038929/fileData.do,2026-01-19,2026-09-06,administrative_record_only_not_confirmed_active,신축,2020-08-13,2020-09-02,2021-02-01,단독주택,,"주소 기반 추정 위치, 공사현장 좌표 아님"
15038929:541,541,건축행정기록,공동주택,인천광역시 계양구 효성동 273-51,37.5259982,126.7125622,geocoded_kakao_jibun,kakao_exact_jibun_address_match,인천 계양구 효성동 273-51,1,1,0.0,,kakao_local_api:address_jibun,https://dapi.kakao.com/v2/local/search/address.json,2026-09-06,https://www.data.go.kr/data/15038929/fileData.do,2026-01-19,2026-09-06,administrative_record_only_not_confirmed_active,신축,2020-08-06,2020-10-27,2021-06-29,공동주택,,"주소 기반 추정 위치, 공사현장 좌표 아님"
15038929:543,543,건축행정기록,업무시설,인천광역시 계양구 서운동 214-7,37.5337907,126.7551323,geocoded_kakao_jibun,kakao_exact_jibun_address_match,인천 계양구 서운동 214-7,1,1,0.0,,kakao_local_api:address_jibun,https://dapi.kakao.com/v2/local/search/address.json,2026-09-06,https://www.data.go.kr/data/15038929/fileData.do,2026-01-19,2026-09-06,administrative_record_only_not_confirmed_active,신축,2020-07-31,2020-12-02,2021-12-16,업무시설,,"주소 기반 추정 위치, 공사현장 좌표 아님"
15038929:544,544,건축행정기록,공동주택,인천광역시 계양구 계산동 971-33,37.5385507,126.7202550,geocoded_kakao_jibun,kakao_exact_jibun_address_match,인천 계양구 계산동 971-33,1,1,0.0,,kakao_local_api:address_jibun,https://dapi.kakao.com/v2/local/search/address.json,2026-09-06,https://www.data.go.kr/data/15038929/fileData.do,2026-01-19,2026-09-06,administrative_record_only_not_confirmed_active,신축,2020-07-30,2020-08-20,2021-01-20,공동주택,,"주소 기반 추정 위치, 공사현장 좌표 아님"
15038929:545,545,건축행정기록,단독주택,인천광역시 계양구 임학동 196,37.5481098,126.7348891,geocoded_kakao_jibun,kakao_exact_jibun_address_match,인천 계양구 임학동 196,1,1,0.0,,kakao_local_api:address_jibun,https://dapi.kakao.com/v2/local/search/address.json,2026-09-06,https://www.data.go.kr/data/15038929/fileData.do,2026-01-19,2026-09-06,administrative_record_only_not_confirmed_active,신축,2020-07-27,2020-08-20,2021-02-10,단독주택,,"주소 기반 추정 위치, 공사현장 좌표 아님"
15038929:546,546,건축행정기록,제1종근린생활시설,인천광역시 계양구 서운동 26-10,37.5292508,126.7435724,geocoded_kakao_jibun,kakao_exact_jibun_address_match,인천 계양구 서운동 26-10,1,1,0.0,,kakao_local_api:address_jibun,https://dapi.kakao.com/v2/local/search/address.json,2026-09-06,https://www.data.go.kr/data/15038929/fileData.do,2026-01-19,2026-09-06,administrative_record_only_not_confirmed_active,증축,2020-07-23,2020-09-29,2020-12-30,제1종근린생활시설,,"주소 기반 추정 위치, 공사현장 좌표 아님"
15038929:549,549,건축행정기록,단독주택,인천광역시 계양구 다남동 80-8,37.5694708,126.7268483,geocoded_kakao_jibun,kakao_exact_jibun_address_match,인천 계양구 다남동 80-8,1,1,0.0,,kakao_local_api:address_jibun,https://dapi.kakao.com/v2/local/search/address.json,2026-09-06,https://www.data.go.kr/data/15038929/fileData.do,2026-01-19,2026-09-06,administrative_record_only_not_confirmed_active,신축,2020-07-20,2020-08-05,2021-01-19,단독주택,,"주소 기반 추정 위치, 공사현장 좌표 아님"
15038929:551,551,건축행정기록,제2종근린생활시설,인천광역시 계양구 효성동 404-6 외4필지,37.5250451,126.7069039,geocoded_kakao_jibun,kakao_exact_jibun_address_match,인천 계양구 효성동 404-6,1,1,0.0,,kakao_local_api:address_jibun,https://dapi.kakao.com/v2/local/search/address.json,2026-09-06,https://www.data.go.kr/data/15038929/fileData.do,2026-01-19,2026-09-06,administrative_record_only_not_confirmed_active,신축,2020-07-14,2021-03-05,2021-08-09,제2종근린생활시설,,"주소 기반 추정 위치, 공사현장 좌표 아님"
15038929:552,552,건축행정기록,제1종근린생활시설,인천광역시 계양구 갈현동 101-41,37.5777477,126.7212038,geocoded_kakao_jibun,kakao_exact_jibun_address_match,인천 계양구 갈현동 101-41,1,1,0.0,,kakao_local_api:address_jibun,https://dapi.kakao.com/v2/local/search/address.json,2026-09-06,https://www.data.go.kr/data/15038929/fileData.do,2026-01-19,2026-09-06,administrative_record_only_not_confirmed_active,신축,2020-07-14,2020-12-01,2021-07-13,제1종근린생활시설,,"주소 기반 추정 위치, 공사현장 좌표 아님"
15038929:553,553,건축행정기록,공동주택,인천광역시 계양구 임학동 63-40 외3필지,37.5448205,126.7346293,geocoded_kakao_jibun,kakao_exact_jibun_address_match,인천 계양구 임학동 63-40,1,1,0.0,,kakao_local_api:address_jibun,https://dapi.kakao.com/v2/local/search/address.json,2026-09-06,https://www.data.go.kr/data/15038929/fileData.do,2026-01-19,2026-09-06,administrative_record_only_not_confirmed_active,신축,2020-07-13,2020-07-24,2020-12-11,공동주택,,"주소 기반 추정 위치, 공사현장 좌표 아님"
15038929:555,555,건축행정기록,제1종근린생활시설,인천광역시 계양구 선주지동 120-2,37.5797810,126.7453107,geocoded_kakao_jibun,kakao_exact_jibun_address_match,인천 계양구 선주지동 120-2,1,1,0.0,,kakao_local_api:address_jibun,https://dapi.kakao.com/v2/local/search/address.json,2026-09-06,https://www.data.go.kr/data/15038929/fileData.do,2026-01-19,2026-09-06,administrative_record_only_not_confirmed_active,신축,2020-07-09,2020-08-20,2020-11-02,제1종근린생활시설,,"주소 기반 추정 위치, 공사현장 좌표 아님"
15038929:556,556,건축행정기록,공동주택,인천광역시 계양구 계산동 900-7,37.5475308,126.7247516,geocoded_kakao_jibun,kakao_exact_jibun_address_match,인천 계양구 계산동 900-7,1,1,0.0,,kakao_local_api:address_jibun,https://dapi.kakao.com/v2/local/search/address.json,2026-09-06,https://www.data.go.kr/data/15038929/fileData.do,2026-01-19,2026-09-06,administrative_record_only_not_confirmed_active,신축,2020-07-03,2020-07-14,2021-01-28,공동주택,,"주소 기반 추정 위치, 공사현장 좌표 아님"
15038929:557,557,건축행정기록,공장,인천광역시 계양구 서운동 217-3,37.5331314,126.7580379,geocoded_kakao_jibun,kakao_exact_jibun_address_match,인천 계양구 서운동 217-3,1,1,0.0,,kakao_local_api:address_jibun,https://dapi.kakao.com/v2/local/search/address.json,2026-09-06,https://www.data.go.kr/data/15038929/fileData.do,2026-01-19,2026-09-06,administrative_record_only_not_confirmed_active,신축,2020-07-03,2020-12-31,2021-11-24,공장,,"주소 기반 추정 위치, 공사현장 좌표 아님"
15038929:558,558,건축행정기록,공동주택,인천광역시 계양구 다남동 80-9,37.5692889,126.7269228,geocoded_kakao_jibun,kakao_exact_jibun_address_match,인천 계양구 다남동 80-9,1,1,0.0,,kakao_local_api:address_jibun,https://dapi.kakao.com/v2/local/search/address.json,2026-09-06,https://www.data.go.kr/data/15038929/fileData.do,2026-01-19,2026-09-06,administrative_record_only_not_confirmed_active,신축,2020-06-30,2020-07-31,2021-03-31,공동주택,,"주소 기반 추정 위치, 공사현장 좌표 아님"
15038929:559,559,건축행정기록,공동주택,인천광역시 계양구 다남동 80-7,37.5691966,126.7265094,geocoded_kakao_jibun,kakao_exact_jibun_address_match,인천 계양구 다남동 80-7,1,1,0.0,,kakao_local_api:address_jibun,https://dapi.kakao.com/v2/local/search/address.json,2026-09-06,https://www.data.go.kr/data/15038929/fileData.do,2026-01-19,2026-09-06,administrative_record_only_not_confirmed_active,신축,2020-06-30,2020-07-31,2021-03-31,공동주택,,"주소 기반 추정 위치, 공사현장 좌표 아님"
15038929:560,560,건축행정기록,공동주택,인천광역시 계양구 다남동 80-27,37.5691887,126.7266812,geocoded_kakao_jibun,kakao_exact_jibun_address_match,인천 계양구 다남동 80-27,1,1,0.0,,kakao_local_api:address_jibun,https://dapi.kakao.com/v2/local/search/address.json,2026-09-06,https://www.data.go.kr/data/15038929/fileData.do,2026-01-19,2026-09-06,administrative_record_only_not_confirmed_active,신축,2020-06-30,2020-07-31,2021-03-31,공동주택,,"주소 기반 추정 위치, 공사현장 좌표 아님"
15038929:561,561,건축행정기록,공장,인천광역시 계양구 서운동 208-3,37.5357754,126.7523499,geocoded_kakao_jibun,kakao_exact_jibun_address_match,인천 계양구 서운동 208-3,1,1,0.0,,kakao_local_api:address_jibun,https://dapi.kakao.com/v2/local/search/address.json,2026-09-06,https://www.data.go.kr/data/15038929/fileData.do,2026-01-19,2026-09-06,administrative_record_only_not_confirmed_active,증축,2020-06-26,2020-07-20,2020-10-22,공장,,"주소 기반 추정 위치, 공사현장 좌표 아님"
15038929:562,562,건축행정기록,공동주택,인천광역시 계양구 효성동 272-10,37.5269445,126.7112906,geocoded_kakao_jibun,kakao_exact_jibun_address_match,인천 계양구 효성동 272-10,1,1,0.0,,kakao_local_api:address_jibun,https://dapi.kakao.com/v2/local/search/address.json,2026-09-06,https://www.data.go.kr/data/15038929/fileData.do,2026-01-19,2026-09-06,administrative_record_only_not_confirmed_active,신축,2020-06-26,2020-07-02,2020-12-22,공동주택,,"주소 기반 추정 위치, 공사현장 좌표 아님"
15038929:565,565,건축행정기록,운동시설,인천광역시 계양구 방축동 102 외15필지,37.5524970,126.7373089,geocoded_kakao_jibun,kakao_exact_jibun_address_match,인천 계양구 방축동 102,1,1,0.0,,kakao_local_api:address_jibun,https://dapi.kakao.com/v2/local/search/address.json,2026-09-06,https://www.data.go.kr/data/15038929/fileData.do,2026-01-19,2026-09-06,administrative_record_only_not_confirmed_active,신축,2020-06-17,2021-06-21,,운동시설,,"주소 기반 추정 위치, 공사현장 좌표 아님"
15038929:568,568,건축행정기록,제2종근린생활시설,인천광역시 계양구 효성동 494-11 외1필지,37.5273455,126.7063278,geocoded_kakao_jibun,kakao_exact_jibun_address_match,인천 계양구 효성동 494-11,1,1,0.0,,kakao_local_api:address_jibun,https://dapi.kakao.com/v2/local/search/address.json,2026-09-06,https://www.data.go.kr/data/15038929/fileData.do,2026-01-19,2026-09-06,administrative_record_only_not_confirmed_active,신축,2020-06-05,2020-08-05,2021-03-22,제2종근린생활시설,,"주소 기반 추정 위치, 공사현장 좌표 아님"
15038929:570,570,건축행정기록,교정및군사시설,인천광역시 계양구 갈현동 산 64-1 외1필지,37.5778142,126.7229746,geocoded_kakao_jibun,kakao_exact_jibun_address_match,인천 계양구 갈현동 산 64-1,1,1,0.0,,kakao_local_api:address_jibun,https://dapi.kakao.com/v2/local/search/address.json,2026-09-06,https://www.data.go.kr/data/15038929/fileData.do,2026-01-19,2026-09-06,administrative_record_only_not_confirmed_active,신축,2020-05-27,2021-03-16,,교정및군사시설,,"주소 기반 추정 위치, 공사현장 좌표 아님"
15038929:571,571,건축행정기록,제1종근린생활시설,인천광역시 계양구 선주지동 120-1,37.5797088,126.7451259,geocoded_kakao_jibun,kakao_exact_jibun_address_match,인천 계양구 선주지동 120-1,1,1,0.0,,kakao_local_api:address_jibun,https://dapi.kakao.com/v2/local/search/address.json,2026-09-06,https://www.data.go.kr/data/15038929/fileData.do,2026-01-19,2026-09-06,administrative_record_only_not_confirmed_active,신축,2020-05-22,2020-07-14,2021-01-05,제1종근린생활시설,,"주소 기반 추정 위치, 공사현장 좌표 아님"
15038929:573,573,건축행정기록,공장,인천광역시 계양구 서운동 218,37.5319799,126.7548915,geocoded_kakao_jibun,kakao_exact_jibun_address_match,인천 계양구 서운동 218,1,1,0.0,,kakao_local_api:address_jibun,https://dapi.kakao.com/v2/local/search/address.json,2026-09-06,https://www.data.go.kr/data/15038929/fileData.do,2026-01-19,2026-09-06,administrative_record_only_not_confirmed_active,신축,2020-05-15,2020-08-10,2021-07-30,공장,,"주소 기반 추정 위치, 공사현장 좌표 아님"
15038929:574,574,건축행정기록,제1종근린생활시설,인천광역시 계양구 계산동 967-15,37.5376425,126.7237614,geocoded_kakao_jibun,kakao_exact_jibun_address_match,인천 계양구 계산동 967-15,1,1,0.0,,kakao_local_api:address_jibun,https://dapi.kakao.com/v2/local/search/address.json,2026-09-06,https://www.data.go.kr/data/15038929/fileData.do,2026-01-19,2026-09-06,administrative_record_only_not_confirmed_active,증축,2020-05-11,2020-06-02,2021-04-19,제1종근린생활시설,,"주소 기반 추정 위치, 공사현장 좌표 아님"
15038929:575,575,건축행정기록,제2종근린생활시설,인천광역시 계양구 작전동 603-4,37.5252528,126.7415686,geocoded_kakao_jibun,kakao_exact_jibun_address_match,인천 계양구 작전동 603-4,1,1,0.0,,kakao_local_api:address_jibun,https://dapi.kakao.com/v2/local/search/address.json,2026-09-06,https://www.data.go.kr/data/15038929/fileData.do,2026-01-19,2026-09-06,administrative_record_only_not_confirmed_active,증축,2020-05-08,2020-05-14,2020-07-22,제2종근린생활시설,,"주소 기반 추정 위치, 공사현장 좌표 아님"
15038929:578,578,건축행정기록,공장,인천광역시 계양구 서운동 216,37.5331198,126.7541456,geocoded_kakao_jibun,kakao_exact_jibun_address_match,인천 계양구 서운동 216,1,1,0.0,,kakao_local_api:address_jibun,https://dapi.kakao.com/v2/local/search/address.json,2026-09-06,https://www.data.go.kr/data/15038929/fileData.do,2026-01-19,2026-09-06,administrative_record_only_not_confirmed_active,대수선,2020-04-14,2020-04-24,2020-07-02,공장,,"주소 기반 추정 위치, 공사현장 좌표 아님"
15038929:579,579,건축행정기록,제2종근린생활시설,인천광역시 계양구 하야동 64-82 외1필지,37.5830867,126.7800014,geocoded_kakao_jibun,kakao_exact_jibun_address_match,인천 계양구 하야동 64-82,1,1,0.0,,kakao_local_api:address_jibun,https://dapi.kakao.com/v2/local/search/address.json,2026-09-06,https://www.data.go.kr/data/15038929/fileData.do,2026-01-19,2026-09-06,administrative_record_only_not_confirmed_active,신축,2020-04-13,2020-04-24,2020-08-03,제2종근린생활시설,,"주소 기반 추정 위치, 공사현장 좌표 아님"
15038929:580,580,건축행정기록,제2종근린생활시설,인천광역시 계양구 하야동 64-51 외1필지,37.5831499,126.7797799,geocoded_kakao_jibun,kakao_exact_jibun_address_match,인천 계양구 하야동 64-51,1,1,0.0,,kakao_local_api:address_jibun,https://dapi.kakao.com/v2/local/search/address.json,2026-09-06,https://www.data.go.kr/data/15038929/fileData.do,2026-01-19,2026-09-06,administrative_record_only_not_confirmed_active,신축,2020-04-13,2020-04-22,2020-07-22,제2종근린생활시설,,"주소 기반 추정 위치, 공사현장 좌표 아님"
15038929:581,581,건축행정기록,위험물저장및처리시설,인천광역시 계양구 상야동 10-3 외1필지,37.5801786,126.7803627,geocoded_kakao_jibun,kakao_exact_jibun_address_match,인천 계양구 상야동 10-3,1,1,0.0,,kakao_local_api:address_jibun,https://dapi.kakao.com/v2/local/search/address.json,2026-09-06,https://www.data.go.kr/data/15038929/fileData.do,2026-01-19,2026-09-06,administrative_record_only_not_confirmed_active,증축,2020-04-09,2020-04-22,2020-06-04,위험물저장및처리시설,,"주소 기반 추정 위치, 공사현장 좌표 아님"
15038929:583,583,건축행정기록,제2종근린생활시설,인천광역시 계양구 귤현동 507-8,37.5673179,126.7454696,geocoded_kakao_jibun,kakao_exact_jibun_address_match,인천 계양구 귤현동 507-8,1,1,0.0,,kakao_local_api:address_jibun,https://dapi.kakao.com/v2/local/search/address.json,2026-09-06,https://www.data.go.kr/data/15038929/fileData.do,2026-01-19,2026-09-06,administrative_record_only_not_confirmed_active,신축,2020-04-09,2020-05-15,2021-02-09,제2종근린생활시설,,"주소 기반 추정 위치, 공사현장 좌표 아님"
15038929:584,584,건축행정기록,공동주택,인천광역시 계양구 효성동 321-5,37.5275951,126.7085066,geocoded_kakao_jibun,kakao_exact_jibun_address_match,인천 계양구 효성동 321-5,1,1,0.0,,kakao_local_api:address_jibun,https://dapi.kakao.com/v2/local/search/address.json,2026-09-06,https://www.data.go.kr/data/15038929/fileData.do,2026-01-19,2026-09-06,administrative_record_only_not_confirmed_active,신축,2020-04-09,2020-06-26,2021-05-21,공동주택,,"주소 기반 추정 위치, 공사현장 좌표 아님"
15038929:587,587,건축행정기록,공동주택,인천광역시 계양구 작전동 870-15,37.5289886,126.7265191,geocoded_kakao_jibun,kakao_exact_jibun_address_match,인천 계양구 작전동 870-15,1,1,0.0,,kakao_local_api:address_jibun,https://dapi.kakao.com/v2/local/search/address.json,2026-09-06,https://www.data.go.kr/data/15038929/fileData.do,2026-01-19,2026-09-06,administrative_record_only_not_confirmed_active,신축,2020-03-30,2020-05-11,2021-07-01,공동주택,,"주소 기반 추정 위치, 공사현장 좌표 아님"
15038929:588,588,건축행정기록,공장,인천광역시 계양구 서운동 216-1,37.5331625,126.7546596,geocoded_kakao_jibun,kakao_exact_jibun_address_match,인천 계양구 서운동 216-1,1,1,0.0,,kakao_local_api:address_jibun,https://dapi.kakao.com/v2/local/search/address.json,2026-09-06,https://www.data.go.kr/data/15038929/fileData.do,2026-01-19,2026-09-06,administrative_record_only_not_confirmed_active,증축,2020-03-27,2020-07-22,2020-09-15,공장,,"주소 기반 추정 위치, 공사현장 좌표 아님"
15038929:589,589,건축행정기록,제1종근린생활시설,인천광역시 계양구 서운동 148-115,37.5284186,126.7563942,geocoded_kakao_jibun,kakao_exact_jibun_address_match,인천 계양구 서운동 148-115,1,1,0.0,,kakao_local_api:address_jibun,https://dapi.kakao.com/v2/local/search/address.json,2026-09-06,https://www.data.go.kr/data/15038929/fileData.do,2026-01-19,2026-09-06,administrative_record_only_not_confirmed_active,신축,2020-03-27,2020-04-06,2020-06-10,제1종근린생활시설,,"주소 기반 추정 위치, 공사현장 좌표 아님"
15038929:591,591,건축행정기록,노유자시설,인천광역시 계양구 귤현동 497,37.5682458,126.7479828,geocoded_kakao_jibun,kakao_exact_jibun_address_match,인천 계양구 귤현동 497,1,1,0.0,,kakao_local_api:address_jibun,https://dapi.kakao.com/v2/local/search/address.json,2026-09-06,https://www.data.go.kr/data/15038929/fileData.do,2026-01-19,2026-09-06,administrative_record_only_not_confirmed_active,대수선,2020-03-25,2020-03-27,2020-05-19,노유자시설,,"주소 기반 추정 위치, 공사현장 좌표 아님"
15038929:593,593,건축행정기록,노유자시설,인천광역시 계양구 둑실동 184-1,37.5800855,126.6968666,geocoded_kakao_jibun,kakao_exact_jibun_address_match,인천 계양구 둑실동 184-1,1,1,0.0,,kakao_local_api:address_jibun,https://dapi.kakao.com/v2/local/search/address.json,2026-09-06,https://www.data.go.kr/data/15038929/fileData.do,2026-01-19,2026-09-06,administrative_record_only_not_confirmed_active,대수선,2020-03-17,2020-05-12,2020-08-05,노유자시설,,"주소 기반 추정 위치, 공사현장 좌표 아님"
15038929:594,594,건축행정기록,창고시설,인천광역시 계양구 상야동 209,37.5782034,126.7735658,geocoded_kakao_jibun,kakao_exact_jibun_address_match,인천 계양구 상야동 209,1,1,0.0,,kakao_local_api:address_jibun,https://dapi.kakao.com/v2/local/search/address.json,2026-09-06,https://www.data.go.kr/data/15038929/fileData.do,2026-01-19,2026-09-06,administrative_record_only_not_confirmed_active,신축,2020-03-16,2020-04-03,2021-08-04,창고시설,,"주소 기반 추정 위치, 공사현장 좌표 아님"
15038929:596,596,건축행정기록,공장,인천광역시 계양구 서운동 217-7,37.5327405,126.7565698,geocoded_kakao_jibun,kakao_exact_jibun_address_match,인천 계양구 서운동 217-7,1,1,0.0,,kakao_local_api:address_jibun,https://dapi.kakao.com/v2/local/search/address.json,2026-09-06,https://www.data.go.kr/data/15038929/fileData.do,2026-01-19,2026-09-06,administrative_record_only_not_confirmed_active,신축,2020-03-16,2020-04-09,2020-12-17,공장,,"주소 기반 추정 위치, 공사현장 좌표 아님"
15038929:597,597,건축행정기록,제2종근린생활시설,인천광역시 계양구 갈현동 98-2 외2필지,37.5782372,126.7216159,geocoded_kakao_jibun,kakao_exact_jibun_address_match,인천 계양구 갈현동 98-2,1,1,0.0,,kakao_local_api:address_jibun,https://dapi.kakao.com/v2/local/search/address.json,2026-09-06,https://www.data.go.kr/data/15038929/fileData.do,2026-01-19,2026-09-06,administrative_record_only_not_confirmed_active,증축,2020-03-11,2020-05-15,2021-01-06,제2종근린생활시설,,"주소 기반 추정 위치, 공사현장 좌표 아님"
15038929:598,598,건축행정기록,업무시설,인천광역시 계양구 작전동 679-12,37.5264395,126.7394721,geocoded_kakao_jibun,kakao_exact_jibun_address_match,인천 계양구 작전동 679-12,1,1,0.0,,kakao_local_api:address_jibun,https://dapi.kakao.com/v2/local/search/address.json,2026-09-06,https://www.data.go.kr/data/15038929/fileData.do,2026-01-19,2026-09-06,administrative_record_only_not_confirmed_active,신축,2020-03-09,2023-09-05,,업무시설,,"주소 기반 추정 위치, 공사현장 좌표 아님"
15038929:600,600,건축행정기록,공동주택,인천광역시 계양구 병방동 133-1,37.5475357,126.7418053,geocoded_kakao_jibun,kakao_exact_jibun_address_match,인천 계양구 병방동 133-1,1,1,0.0,,kakao_local_api:address_jibun,https://dapi.kakao.com/v2/local/search/address.json,2026-09-06,https://www.data.go.kr/data/15038929/fileData.do,2026-01-19,2026-09-06,administrative_record_only_not_confirmed_active,신축,2020-03-04,2020-03-31,2020-11-30,공동주택,,"주소 기반 추정 위치, 공사현장 좌표 아님"
15038929:603,603,건축행정기록,단독주택,인천광역시 계양구 다남동 101-4,37.5696536,126.7297569,geocoded_kakao_jibun,kakao_exact_jibun_address_match,인천 계양구 다남동 101-4,1,1,0.0,,kakao_local_api:address_jibun,https://dapi.kakao.com/v2/local/search/address.json,2026-09-06,https://www.data.go.kr/data/15038929/fileData.do,2026-01-19,2026-09-06,administrative_record_only_not_confirmed_active,신축,2020-02-28,2020-03-09,2020-06-05,단독주택,,"주소 기반 추정 위치, 공사현장 좌표 아님"
15038929:604,604,건축행정기록,제1종근린생활시설,인천광역시 계양구 작전동 863-49,37.5315488,126.7239558,geocoded_kakao_jibun,kakao_exact_jibun_address_match,인천 계양구 작전동 863-49,1,1,0.0,,kakao_local_api:address_jibun,https://dapi.kakao.com/v2/local/search/address.json,2026-09-06,https://www.data.go.kr/data/15038929/fileData.do,2026-01-19,2026-09-06,administrative_record_only_not_confirmed_active,신축,2020-02-27,2020-07-22,2021-01-19,제1종근린생활시설,,"주소 기반 추정 위치, 공사현장 좌표 아님"
15038929:605,605,건축행정기록,제1종근린생활시설,인천광역시 계양구 작전동 870-47,37.5281836,126.7268564,geocoded_kakao_jibun,kakao_exact_jibun_address_match,인천 계양구 작전동 870-47,1,1,0.0,,kakao_local_api:address_jibun,https://dapi.kakao.com/v2/local/search/address.json,2026-09-06,https://www.data.go.kr/data/15038929/fileData.do,2026-01-19,2026-09-06,administrative_record_only_not_confirmed_active,신축,2020-02-27,2020-05-11,2022-05-20,제1종근린생활시설,,"주소 기반 추정 위치, 공사현장 좌표 아님"
15038929:606,606,건축행정기록,제1종근린생활시설,인천광역시 계양구 작전동 901-1,37.5318193,126.7343021,geocoded_kakao_jibun,kakao_exact_jibun_address_match,인천 계양구 작전동 901-1,1,1,0.0,,kakao_local_api:address_jibun,https://dapi.kakao.com/v2/local/search/address.json,2026-09-06,https://www.data.go.kr/data/15038929/fileData.do,2026-01-19,2026-09-06,administrative_record_only_not_confirmed_active,용도변경,2020-02-25,,2020-05-04,제1종근린생활시설,,"주소 기반 추정 위치, 공사현장 좌표 아님"
15038929:607,607,건축행정기록,공장,인천광역시 계양구 서운동 222,37.5319203,126.7532568,geocoded_kakao_jibun,kakao_exact_jibun_address_match,인천 계양구 서운동 222,1,1,0.0,,kakao_local_api:address_jibun,https://dapi.kakao.com/v2/local/search/address.json,2026-09-06,https://www.data.go.kr/data/15038929/fileData.do,2026-01-19,2026-09-06,administrative_record_only_not_confirmed_active,신축,2020-02-20,2020-05-04,2021-10-25,공장,,"주소 기반 추정 위치, 공사현장 좌표 아님"
15038929:608,608,건축행정기록,공장,인천광역시 계양구 서운동 210-1,37.5363412,126.7548342,geocoded_kakao_jibun,kakao_exact_jibun_address_match,인천 계양구 서운동 210-1,1,1,0.0,,kakao_local_api:address_jibun,https://dapi.kakao.com/v2/local/search/address.json,2026-09-06,https://www.data.go.kr/data/15038929/fileData.do,2026-01-19,2026-09-06,administrative_record_only_not_confirmed_active,신축,2020-02-14,2020-04-28,2021-03-04,공장,,"주소 기반 추정 위치, 공사현장 좌표 아님"
15038929:609,609,건축행정기록,제2종근린생활시설,인천광역시 계양구 서운동 148-99,37.5281639,126.7588656,geocoded_kakao_jibun,kakao_exact_jibun_address_match,인천 계양구 서운동 148-99,1,1,0.0,,kakao_local_api:address_jibun,https://dapi.kakao.com/v2/local/search/address.json,2026-09-06,https://www.data.go.kr/data/15038929/fileData.do,2026-01-19,2026-09-06,administrative_record_only_not_confirmed_active,대수선,2020-02-13,2020-02-19,2020-04-29,제2종근린생활시설,,"주소 기반 추정 위치, 공사현장 좌표 아님"
15038929:610,610,건축행정기록,공장,인천광역시 계양구 서운동 209,37.5372025,126.7565142,geocoded_kakao_jibun,kakao_exact_jibun_address_match,인천 계양구 서운동 209,1,1,0.0,,kakao_local_api:address_jibun,https://dapi.kakao.com/v2/local/search/address.json,2026-09-06,https://www.data.go.kr/data/15038929/fileData.do,2026-01-19,2026-09-06,administrative_record_only_not_confirmed_active,신축,2020-02-13,2020-03-09,2020-12-16,공장,,"주소 기반 추정 위치, 공사현장 좌표 아님"
15038929:612,612,건축행정기록,공장,인천광역시 계양구 서운동 212,37.5352628,126.7535221,geocoded_kakao_jibun,kakao_exact_jibun_address_match,인천 계양구 서운동 212,1,1,0.0,,kakao_local_api:address_jibun,https://dapi.kakao.com/v2/local/search/address.json,2026-09-06,https://www.data.go.kr/data/15038929/fileData.do,2026-01-19,2026-09-06,administrative_record_only_not_confirmed_active,신축,2020-02-11,2020-03-05,2020-12-08,공장,,"주소 기반 추정 위치, 공사현장 좌표 아님"
15038929:613,613,건축행정기록,제2종근린생활시설,인천광역시 계양구 서운동 127-30 외3필지,,,unresolved,no_exact_parcel_match_in_kakao,,0,0,,,kakao_local_api:unresolved,https://dapi.kakao.com/v2/local/search/address.json,2026-09-06,https://www.data.go.kr/data/15038929/fileData.do,2026-01-19,2026-09-06,administrative_record_only_not_confirmed_active,신축,2020-02-07,2020-06-26,2021-03-26,제2종근린생활시설,,"주소 기반 추정 위치, 공사현장 좌표 아님"
15038929:614,614,건축행정기록,노유자시설,인천광역시 계양구 목상동 209-6,37.5692087,126.7070820,geocoded_kakao_jibun,kakao_exact_jibun_address_match,인천 계양구 목상동 209-6,1,1,0.0,,kakao_local_api:address_jibun,https://dapi.kakao.com/v2/local/search/address.json,2026-09-06,https://www.data.go.kr/data/15038929/fileData.do,2026-01-19,2026-09-06,administrative_record_only_not_confirmed_active,신축,2020-02-03,2020-02-19,2020-07-13,노유자시설,,"주소 기반 추정 위치, 공사현장 좌표 아님"
15038929:615,615,건축행정기록,제1종근린생활시설,인천광역시 계양구 선주지동 119-1,37.5795055,126.7455949,geocoded_kakao_jibun,kakao_exact_jibun_address_match,인천 계양구 선주지동 119-1,1,1,0.0,,kakao_local_api:address_jibun,https://dapi.kakao.com/v2/local/search/address.json,2026-09-06,https://www.data.go.kr/data/15038929/fileData.do,2026-01-19,2026-09-06,administrative_record_only_not_confirmed_active,신축,2020-01-30,2020-04-03,2020-06-05,제1종근린생활시설,,"주소 기반 추정 위치, 공사현장 좌표 아님"
15038929:616,616,건축행정기록,제1종근린생활시설,인천광역시 계양구 선주지동 119-2,37.5793647,126.7455905,geocoded_kakao_jibun,kakao_exact_jibun_address_match,인천 계양구 선주지동 119-2,1,1,0.0,,kakao_local_api:address_jibun,https://dapi.kakao.com/v2/local/search/address.json,2026-09-06,https://www.data.go.kr/data/15038929/fileData.do,2026-01-19,2026-09-06,administrative_record_only_not_confirmed_active,신축,2020-01-30,2020-04-03,2020-06-11,제1종근린생활시설,,"주소 기반 추정 위치, 공사현장 좌표 아님"
15038929:618,618,건축행정기록,공장,인천광역시 계양구 효성동 412-6 외1필지,37.5249108,126.7060489,geocoded_kakao_jibun,kakao_exact_jibun_address_match,인천 계양구 효성동 412-6,1,1,0.0,,kakao_local_api:address_jibun,https://dapi.kakao.com/v2/local/search/address.json,2026-09-06,https://www.data.go.kr/data/15038929/fileData.do,2026-01-19,2026-09-06,administrative_record_only_not_confirmed_active,신축,2020-01-28,2020-03-16,2020-09-25,공장,,"주소 기반 추정 위치, 공사현장 좌표 아님"
15038929:619,619,건축행정기록,공장,인천광역시 계양구 서운동 212-2,37.5348819,126.7550205,geocoded_kakao_jibun,kakao_exact_jibun_address_match,인천 계양구 서운동 212-2,1,1,0.0,,kakao_local_api:address_jibun,https://dapi.kakao.com/v2/local/search/address.json,2026-09-06,https://www.data.go.kr/data/15038929/fileData.do,2026-01-19,2026-09-06,administrative_record_only_not_confirmed_active,신축,2020-01-28,2020-03-25,2021-08-13,공장,,"주소 기반 추정 위치, 공사현장 좌표 아님"
15038929:620,620,건축행정기록,의료시설,인천광역시 계양구 계산동 14-3,37.5428379,126.7325136,geocoded_kakao_jibun,kakao_exact_jibun_address_match,인천 계양구 계산동 14-3,1,1,0.0,,kakao_local_api:address_jibun,https://dapi.kakao.com/v2/local/search/address.json,2026-09-06,https://www.data.go.kr/data/15038929/fileData.do,2026-01-19,2026-09-06,administrative_record_only_not_confirmed_active,신축,2020-01-28,2020-02-21,2020-11-12,의료시설,,"주소 기반 추정 위치, 공사현장 좌표 아님"
15038929:622,622,건축행정기록,제1종근린생활시설,인천광역시 계양구 다남동 100-2,37.5703853,126.7312733,geocoded_kakao_jibun,kakao_exact_jibun_address_match,인천 계양구 다남동 100-2,1,1,0.0,,kakao_local_api:address_jibun,https://dapi.kakao.com/v2/local/search/address.json,2026-09-06,https://www.data.go.kr/data/15038929/fileData.do,2026-01-19,2026-09-06,administrative_record_only_not_confirmed_active,신축,2020-01-13,2020-02-26,2020-07-02,제1종근린생활시설,,"주소 기반 추정 위치, 공사현장 좌표 아님"
15038929:623,623,건축행정기록,자원순환관련시설,인천광역시 계양구 서운동 149-19,37.5299565,126.7564607,geocoded_kakao_jibun,kakao_exact_jibun_address_match,인천 계양구 서운동 149-19,1,1,0.0,,kakao_local_api:address_jibun,https://dapi.kakao.com/v2/local/search/address.json,2026-09-06,https://www.data.go.kr/data/15038929/fileData.do,2026-01-19,2026-09-06,administrative_record_only_not_confirmed_active,증축,2020-01-09,2020-01-23,2020-04-07,자원순환관련시설,,"주소 기반 추정 위치, 공사현장 좌표 아님"
15038929:624,624,건축행정기록,동물및식물관련시설,인천광역시 계양구 갈현동 59,37.5801022,126.7270867,geocoded_kakao_jibun,kakao_exact_jibun_address_match,인천 계양구 갈현동 59,1,1,0.0,,kakao_local_api:address_jibun,https://dapi.kakao.com/v2/local/search/address.json,2026-09-06,https://www.data.go.kr/data/15038929/fileData.do,2026-01-19,2026-09-06,administrative_record_only_not_confirmed_active,신축,2020-01-08,2020-03-27,2020-07-24,동물및식물관련시설,,"주소 기반 추정 위치, 공사현장 좌표 아님"
15038929:625,625,건축행정기록,노유자시설,인천광역시 계양구 오류동 80-2 외4필지,37.5809503,126.7283014,geocoded_kakao_jibun,kakao_exact_jibun_address_match,인천 계양구 오류동 80-2,1,1,0.0,,kakao_local_api:address_jibun,https://dapi.kakao.com/v2/local/search/address.json,2026-09-06,https://www.data.go.kr/data/15038929/fileData.do,2026-01-19,2026-09-06,administrative_record_only_not_confirmed_active,신축,2019-12-31,2023-07-07,2024-08-01,노유자시설,,"주소 기반 추정 위치, 공사현장 좌표 아님"
15038929:627,627,건축행정기록,제2종근린생활시설,인천광역시 계양구 다남동 99-2,37.5696806,126.7306932,geocoded_kakao_jibun,kakao_exact_jibun_address_match,인천 계양구 다남동 99-2,1,1,0.0,,kakao_local_api:address_jibun,https://dapi.kakao.com/v2/local/search/address.json,2026-09-06,https://www.data.go.kr/data/15038929/fileData.do,2026-01-19,2026-09-06,administrative_record_only_not_confirmed_active,신축,2019-12-27,2020-02-06,2020-06-05,제2종근린생활시설,,"주소 기반 추정 위치, 공사현장 좌표 아님"
15038929:629,629,건축행정기록,자동차관련시설,인천광역시 계양구 용종동 27-1 외10필지,37.5393776,126.7518425,geocoded_kakao_jibun,kakao_exact_jibun_address_match,인천 계양구 용종동 27-1,1,1,0.0,,kakao_local_api:address_jibun,https://dapi.kakao.com/v2/local/search/address.json,2026-09-06,https://www.data.go.kr/data/15038929/fileData.do,2026-01-19,2026-09-06,administrative_record_only_not_confirmed_active,신축,2019-12-26,2020-03-23,,자동차관련시설,,"주소 기반 추정 위치, 공사현장 좌표 아님"
15038929:630,630,건축행정기록,제2종근린생활시설,인천광역시 계양구 다남동 68-1,37.5693460,126.7231136,geocoded_kakao_jibun,kakao_exact_jibun_address_match,인천 계양구 다남동 68-1,1,1,0.0,,kakao_local_api:address_jibun,https://dapi.kakao.com/v2/local/search/address.json,2026-09-06,https://www.data.go.kr/data/15038929/fileData.do,2026-01-19,2026-09-06,administrative_record_only_not_confirmed_active,신축,2019-12-26,2022-12-19,2023-08-10,제2종근린생활시설,,"주소 기반 추정 위치, 공사현장 좌표 아님"
15038929:632,632,건축행정기록,제2종근린생활시설,인천광역시 계양구 계산동 332-4,37.5393675,126.7284431,geocoded_kakao_jibun,kakao_exact_jibun_address_match,인천 계양구 계산동 332-4,1,1,0.0,,kakao_local_api:address_jibun,https://dapi.kakao.com/v2/local/search/address.json,2026-09-06,https://www.data.go.kr/data/15038929/fileData.do,2026-01-19,2026-09-06,administrative_record_only_not_confirmed_active,증축,2019-12-24,2020-02-14,2021-03-15,제2종근린생활시설,,"주소 기반 추정 위치, 공사현장 좌표 아님"
15038929:633,633,건축행정기록,공동주택,인천광역시 계양구 효성동 273-37 외1필지,37.5261987,126.7124269,geocoded_kakao_jibun,kakao_exact_jibun_address_match,인천 계양구 효성동 273-37,1,1,0.0,,kakao_local_api:address_jibun,https://dapi.kakao.com/v2/local/search/address.json,2026-09-06,https://www.data.go.kr/data/15038929/fileData.do,2026-01-19,2026-09-06,administrative_record_only_not_confirmed_active,신축,2019-12-16,2020-03-26,2022-03-03,공동주택,,"주소 기반 추정 위치, 공사현장 좌표 아님"
15038929:634,634,건축행정기록,공동주택,인천광역시 계양구 작전동 870-10,37.5293744,126.7266750,geocoded_kakao_jibun,kakao_exact_jibun_address_match,인천 계양구 작전동 870-10,1,1,0.0,,kakao_local_api:address_jibun,https://dapi.kakao.com/v2/local/search/address.json,2026-09-06,https://www.data.go.kr/data/15038929/fileData.do,2026-01-19,2026-09-06,administrative_record_only_not_confirmed_active,신축,2019-12-16,2019-12-23,2020-07-03,공동주택,,"주소 기반 추정 위치, 공사현장 좌표 아님"
15038929:639,639,건축행정기록,공동주택,인천광역시 계양구 임학동 60-15 외3필지,37.5457106,126.7333935,geocoded_kakao_jibun,kakao_exact_jibun_address_match,인천 계양구 임학동 60-15,1,1,0.0,,kakao_local_api:address_jibun,https://dapi.kakao.com/v2/local/search/address.json,2026-09-06,https://www.data.go.kr/data/15038929/fileData.do,2026-01-19,2026-09-06,administrative_record_only_not_confirmed_active,신축,2019-12-03,2019-12-11,2020-05-06,공동주택,,"주소 기반 추정 위치, 공사현장 좌표 아님"
15038929:640,640,건축행정기록,제1종근린생활시설,인천광역시 계양구 선주지동 121-1,37.5801385,126.7452687,geocoded_kakao_jibun,kakao_exact_jibun_address_match,인천 계양구 선주지동 121-1,1,1,0.0,,kakao_local_api:address_jibun,https://dapi.kakao.com/v2/local/search/address.json,2026-09-06,https://www.data.go.kr/data/15038929/fileData.do,2026-01-19,2026-09-06,administrative_record_only_not_confirmed_active,증축,2019-12-02,2020-04-08,2020-08-14,제1종근린생활시설,,"주소 기반 추정 위치, 공사현장 좌표 아님"
15038929:641,641,건축행정기록,제2종근린생활시설,인천광역시 계양구 효성동 209-5,37.5241944,126.7165984,geocoded_kakao_jibun,kakao_exact_jibun_address_match,인천 계양구 효성동 209-5,1,1,0.0,,kakao_local_api:address_jibun,https://dapi.kakao.com/v2/local/search/address.json,2026-09-06,https://www.data.go.kr/data/15038929/fileData.do,2026-01-19,2026-09-06,administrative_record_only_not_confirmed_active,용도변경,2019-11-26,,2020-10-21,제2종근린생활시설,,"주소 기반 추정 위치, 공사현장 좌표 아님"
15038929:642,642,건축행정기록,제1종근린생활시설,인천광역시 계양구 오류동 153-2 외1필지,37.5869282,126.7239071,geocoded_kakao_jibun,kakao_exact_jibun_address_match,인천 계양구 오류동 153-2,1,1,0.0,,kakao_local_api:address_jibun,https://dapi.kakao.com/v2/local/search/address.json,2026-09-06,https://www.data.go.kr/data/15038929/fileData.do,2026-01-19,2026-09-06,administrative_record_only_not_confirmed_active,증축,2019-11-25,2020-01-17,2020-04-29,제1종근린생활시설,,"주소 기반 추정 위치, 공사현장 좌표 아님"
15038929:643,643,건축행정기록,제2종근린생활시설,인천광역시 계양구 계산동 918,37.5435767,126.7298279,geocoded_kakao_jibun,kakao_exact_jibun_address_match,인천 계양구 계산동 918,1,1,0.0,,kakao_local_api:address_jibun,https://dapi.kakao.com/v2/local/search/address.json,2026-09-06,https://www.data.go.kr/data/15038929/fileData.do,2026-01-19,2026-09-06,administrative_record_only_not_confirmed_active,신축,2019-11-21,2019-12-19,2020-06-18,제2종근린생활시설,,"주소 기반 추정 위치, 공사현장 좌표 아님"
15038929:644,644,건축행정기록,제2종근린생활시설,인천광역시 계양구 서운동 130-19,37.5274705,126.7505938,geocoded_kakao_jibun,kakao_exact_jibun_address_match,인천 계양구 서운동 130-19,1,1,0.0,,kakao_local_api:address_jibun,https://dapi.kakao.com/v2/local/search/address.json,2026-09-06,https://www.data.go.kr/data/15038929/fileData.do,2026-01-19,2026-09-06,administrative_record_only_not_confirmed_active,신축,2019-11-19,2019-11-29,2020-02-21,제2종근린생활시설,,"주소 기반 추정 위치, 공사현장 좌표 아님"
15038929:645,645,건축행정기록,공동주택,인천광역시 계양구 작전동 852-9 외1필지,37.5352206,126.7209295,geocoded_kakao_jibun,kakao_exact_jibun_address_match,인천 계양구 작전동 852-9,1,1,0.0,,kakao_local_api:address_jibun,https://dapi.kakao.com/v2/local/search/address.json,2026-09-06,https://www.data.go.kr/data/15038929/fileData.do,2026-01-19,2026-09-06,administrative_record_only_not_confirmed_active,신축,2019-11-14,2019-11-25,2020-09-14,공동주택,,"주소 기반 추정 위치, 공사현장 좌표 아님"
15038929:647,647,건축행정기록,업무시설,인천광역시 계양구 작전동 614-3,37.5273219,126.7391467,geocoded_kakao_jibun,kakao_exact_jibun_address_match,인천 계양구 작전동 614-3,1,1,0.0,,kakao_local_api:address_jibun,https://dapi.kakao.com/v2/local/search/address.json,2026-09-06,https://www.data.go.kr/data/15038929/fileData.do,2026-01-19,2026-09-06,administrative_record_only_not_confirmed_active,신축,2019-11-11,2022-11-24,2025-03-14,업무시설,,"주소 기반 추정 위치, 공사현장 좌표 아님"
15038929:648,648,건축행정기록,자동차관련시설,인천광역시 계양구 서운동 219,37.5320420,126.7567465,geocoded_kakao_jibun,kakao_exact_jibun_address_match,인천 계양구 서운동 219,1,1,0.0,,kakao_local_api:address_jibun,https://dapi.kakao.com/v2/local/search/address.json,2026-09-06,https://www.data.go.kr/data/15038929/fileData.do,2026-01-19,2026-09-06,administrative_record_only_not_confirmed_active,신축,2019-11-08,2020-01-16,2021-07-07,자동차관련시설,,"주소 기반 추정 위치, 공사현장 좌표 아님"
15038929:650,650,건축행정기록,제1종근린생활시설,인천광역시 계양구 계산동 728-31,37.5446707,126.7141742,geocoded_kakao_jibun,kakao_exact_jibun_address_match,인천 계양구 계산동 728-31,1,1,0.0,,kakao_local_api:address_jibun,https://dapi.kakao.com/v2/local/search/address.json,2026-09-06,https://www.data.go.kr/data/15038929/fileData.do,2026-01-19,2026-09-06,administrative_record_only_not_confirmed_active,신축,2019-11-06,2020-02-11,2020-11-11,제1종근린생활시설,,"주소 기반 추정 위치, 공사현장 좌표 아님"
15038929:651,651,건축행정기록,제1종근린생활시설,인천광역시 계양구 계산동 947,37.5425622,126.7280740,geocoded_kakao_jibun,kakao_exact_jibun_address_match,인천 계양구 계산동 947,1,1,0.0,,kakao_local_api:address_jibun,https://dapi.kakao.com/v2/local/search/address.json,2026-09-06,https://www.data.go.kr/data/15038929/fileData.do,2026-01-19,2026-09-06,administrative_record_only_not_confirmed_active,용도변경,2019-11-05,,2019-12-31,제1종근린생활시설,,"주소 기반 추정 위치, 공사현장 좌표 아님"
15038929:652,652,건축행정기록,단독주택,인천광역시 계양구 효성동 180-10,37.5286849,126.7067741,geocoded_kakao_jibun,kakao_exact_jibun_address_match,인천 계양구 효성동 180-10,1,1,0.0,,kakao_local_api:address_jibun,https://dapi.kakao.com/v2/local/search/address.json,2026-09-06,https://www.data.go.kr/data/15038929/fileData.do,2026-01-19,2026-09-06,administrative_record_only_not_confirmed_active,신축,2019-11-05,2019-11-18,2020-04-29,단독주택,,"주소 기반 추정 위치, 공사현장 좌표 아님"
15038929:653,653,건축행정기록,제1종근린생활시설,인천광역시 계양구 효성동 554-4,37.5260287,126.6994161,geocoded_kakao_jibun,kakao_exact_jibun_address_match,인천 계양구 효성동 554-4,1,1,0.0,,kakao_local_api:address_jibun,https://dapi.kakao.com/v2/local/search/address.json,2026-09-06,https://www.data.go.kr/data/15038929/fileData.do,2026-01-19,2026-09-06,administrative_record_only_not_confirmed_active,신축,2019-11-05,2019-11-21,2020-06-18,제1종근린생활시설,,"주소 기반 추정 위치, 공사현장 좌표 아님"
15038929:654,654,건축행정기록,제2종근린생활시설,인천광역시 계양구 귤현동 497-10,37.5676695,126.7479778,geocoded_kakao_jibun,kakao_exact_jibun_address_match,인천 계양구 귤현동 497-10,1,1,0.0,,kakao_local_api:address_jibun,https://dapi.kakao.com/v2/local/search/address.json,2026-09-06,https://www.data.go.kr/data/15038929/fileData.do,2026-01-19,2026-09-06,administrative_record_only_not_confirmed_active,신축,2019-11-04,2020-04-10,2020-09-22,제2종근린생활시설,,"주소 기반 추정 위치, 공사현장 좌표 아님"
15038929:655,655,건축행정기록,제1종근린생활시설,인천광역시 계양구 서운동 214-6,37.5336976,126.7556953,geocoded_kakao_jibun,kakao_exact_jibun_address_match,인천 계양구 서운동 214-6,1,1,0.0,,kakao_local_api:address_jibun,https://dapi.kakao.com/v2/local/search/address.json,2026-09-06,https://www.data.go.kr/data/15038929/fileData.do,2026-01-19,2026-09-06,administrative_record_only_not_confirmed_active,신축,2019-11-04,2019-11-20,2020-11-12,제1종근린생활시설,,"주소 기반 추정 위치, 공사현장 좌표 아님"
15038929:656,656,건축행정기록,공장,인천광역시 계양구 효성동 208-13,37.5241575,126.7190677,geocoded_kakao_jibun,kakao_exact_jibun_address_match,인천 계양구 효성동 208-13,1,1,0.0,,kakao_local_api:address_jibun,https://dapi.kakao.com/v2/local/search/address.json,2026-09-06,https://www.data.go.kr/data/15038929/fileData.do,2026-01-19,2026-09-06,administrative_record_only_not_confirmed_active,증축,2019-10-31,2019-11-12,2020-01-07,공장,,"주소 기반 추정 위치, 공사현장 좌표 아님"
15038929:657,657,건축행정기록,공장,인천광역시 계양구 서운동 217-4,37.5327437,126.7580392,geocoded_kakao_jibun,kakao_exact_jibun_address_match,인천 계양구 서운동 217-4,1,1,0.0,,kakao_local_api:address_jibun,https://dapi.kakao.com/v2/local/search/address.json,2026-09-06,https://www.data.go.kr/data/15038929/fileData.do,2026-01-19,2026-09-06,administrative_record_only_not_confirmed_active,신축,2019-10-30,2019-12-10,2020-11-12,공장,,"주소 기반 추정 위치, 공사현장 좌표 아님"
15038929:658,658,건축행정기록,공장,인천광역시 계양구 서운동 208-4,37.5353367,126.7524793,geocoded_kakao_jibun,kakao_exact_jibun_address_match,인천 계양구 서운동 208-4,1,1,0.0,,kakao_local_api:address_jibun,https://dapi.kakao.com/v2/local/search/address.json,2026-09-06,https://www.data.go.kr/data/15038929/fileData.do,2026-01-19,2026-09-06,administrative_record_only_not_confirmed_active,증축,2019-10-29,2020-02-26,2020-07-31,공장,,"주소 기반 추정 위치, 공사현장 좌표 아님"
15038929:660,660,건축행정기록,제1종근린생활시설,인천광역시 계양구 서운동 125-32 외1필지,37.5301899,126.7456711,geocoded_kakao_jibun,kakao_exact_jibun_address_match,인천 계양구 서운동 125-32,1,1,0.0,,kakao_local_api:address_jibun,https://dapi.kakao.com/v2/local/search/address.json,2026-09-06,https://www.data.go.kr/data/15038929/fileData.do,2026-01-19,2026-09-06,administrative_record_only_not_confirmed_active,신축,2019-10-25,2022-10-25,,제1종근린생활시설,,"주소 기반 추정 위치, 공사현장 좌표 아님"
15038929:661,661,건축행정기록,제2종근린생활시설,인천광역시 계양구 계산동 955-17 외1필지,37.5404347,126.7238614,geocoded_kakao_jibun,kakao_exact_jibun_address_match,인천 계양구 계산동 955-17,1,1,0.0,,kakao_local_api:address_jibun,https://dapi.kakao.com/v2/local/search/address.json,2026-09-06,https://www.data.go.kr/data/15038929/fileData.do,2026-01-19,2026-09-06,administrative_record_only_not_confirmed_active,신축,2019-10-25,2019-12-26,2021-01-20,제2종근린생활시설,,"주소 기반 추정 위치, 공사현장 좌표 아님"
15038929:662,662,건축행정기록,창고시설,인천광역시 계양구 상야동 208-7,37.5777782,126.7739811,geocoded_kakao_jibun,kakao_exact_jibun_address_match,인천 계양구 상야동 208-7,1,1,0.0,,kakao_local_api:address_jibun,https://dapi.kakao.com/v2/local/search/address.json,2026-09-06,https://www.data.go.kr/data/15038929/fileData.do,2026-01-19,2026-09-06,administrative_record_only_not_confirmed_active,신축,2019-10-25,2020-03-02,2022-04-11,창고시설,,"주소 기반 추정 위치, 공사현장 좌표 아님"
15038929:664,664,건축행정기록,공동주택,인천광역시 계양구 계산동 923-19,37.5460060,126.7279026,geocoded_kakao_jibun,kakao_exact_jibun_address_match,인천 계양구 계산동 923-19,1,1,0.0,,kakao_local_api:address_jibun,https://dapi.kakao.com/v2/local/search/address.json,2026-09-06,https://www.data.go.kr/data/15038929/fileData.do,2026-01-19,2026-09-06,administrative_record_only_not_confirmed_active,신축,2019-10-23,2020-03-31,2020-07-24,공동주택,,"주소 기반 추정 위치, 공사현장 좌표 아님"
15038929:665,665,건축행정기록,단독주택,인천광역시 계양구 귤현동 506-7,37.5663164,126.7450746,geocoded_kakao_jibun,kakao_exact_jibun_address_match,인천 계양구 귤현동 506-7,1,1,0.0,,kakao_local_api:address_jibun,https://dapi.kakao.com/v2/local/search/address.json,2026-09-06,https://www.data.go.kr/data/15038929/fileData.do,2026-01-19,2026-09-06,administrative_record_only_not_confirmed_active,신축,2019-10-16,2019-10-24,2020-02-27,단독주택,,"주소 기반 추정 위치, 공사현장 좌표 아님"
15038929:666,666,건축행정기록,제1종근린생활시설,인천광역시 계양구 선주지동 108-4,37.5794777,126.7474780,geocoded_kakao_jibun,kakao_exact_jibun_address_match,인천 계양구 선주지동 108-4,1,1,0.0,,kakao_local_api:address_jibun,https://dapi.kakao.com/v2/local/search/address.json,2026-09-06,https://www.data.go.kr/data/15038929/fileData.do,2026-01-19,2026-09-06,administrative_record_only_not_confirmed_active,신축,2019-10-16,2020-03-10,2020-05-19,제1종근린생활시설,,"주소 기반 추정 위치, 공사현장 좌표 아님"
15038929:667,667,건축행정기록,제1종근린생활시설,인천광역시 계양구 상야동 176-20,37.5784309,126.7790986,geocoded_kakao_jibun,kakao_exact_jibun_address_match,인천 계양구 상야동 176-20,1,1,0.0,,kakao_local_api:address_jibun,https://dapi.kakao.com/v2/local/search/address.json,2026-09-06,https://www.data.go.kr/data/15038929/fileData.do,2026-01-19,2026-09-06,administrative_record_only_not_confirmed_active,신축,2019-10-15,2019-10-29,2019-12-27,제1종근린생활시설,,"주소 기반 추정 위치, 공사현장 좌표 아님"
15038929:668,668,건축행정기록,교정및군사시설,인천광역시 계양구 동양동 320-7,37.5621684,126.7500275,geocoded_kakao_jibun,kakao_exact_jibun_address_match,인천 계양구 동양동 320-7,1,1,0.0,,kakao_local_api:address_jibun,https://dapi.kakao.com/v2/local/search/address.json,2026-09-06,https://www.data.go.kr/data/15038929/fileData.do,2026-01-19,2026-09-06,administrative_record_only_not_confirmed_active,신축,2019-09-30,2020-01-16,,교정및군사시설,,"주소 기반 추정 위치, 공사현장 좌표 아님"
15038929:669,669,건축행정기록,교정및군사시설,인천광역시 계양구 갈현동 산 41-1 외6필지,,,unresolved,no_exact_parcel_match_in_kakao,,0,0,,,kakao_local_api:unresolved,https://dapi.kakao.com/v2/local/search/address.json,2026-09-06,https://www.data.go.kr/data/15038929/fileData.do,2026-01-19,2026-09-06,administrative_record_only_not_confirmed_active,신축,2019-09-30,2020-01-16,,교정및군사시설,,"주소 기반 추정 위치, 공사현장 좌표 아님"
15038929:670,670,건축행정기록,공동주택,인천광역시 계양구 효성동 106-1,37.5327789,126.7077049,geocoded_kakao_jibun,kakao_exact_jibun_address_match,인천 계양구 효성동 106-1,1,1,0.0,,kakao_local_api:address_jibun,https://dapi.kakao.com/v2/local/search/address.json,2026-09-06,https://www.data.go.kr/data/15038929/fileData.do,2026-01-19,2026-09-06,administrative_record_only_not_confirmed_active,신축,2019-09-25,2019-10-01,2020-03-10,공동주택,,"주소 기반 추정 위치, 공사현장 좌표 아님"
15038929:671,671,건축행정기록,제2종근린생활시설,인천광역시 계양구 이화동 122-26 외2필지,37.5825535,126.7400412,geocoded_kakao_jibun,kakao_exact_jibun_address_match,인천 계양구 이화동 122-26,1,1,0.0,,kakao_local_api:address_jibun,https://dapi.kakao.com/v2/local/search/address.json,2026-09-06,https://www.data.go.kr/data/15038929/fileData.do,2026-01-19,2026-09-06,administrative_record_only_not_confirmed_active,증축,2019-09-24,2019-10-23,2020-06-01,제2종근린생활시설,,"주소 기반 추정 위치, 공사현장 좌표 아님"
15038929:672,672,건축행정기록,단독주택,인천광역시 계양구 다남동 103-178,37.5689336,126.7306979,geocoded_kakao_jibun,kakao_exact_jibun_address_match,인천 계양구 다남동 103-178,1,1,0.0,,kakao_local_api:address_jibun,https://dapi.kakao.com/v2/local/search/address.json,2026-09-06,https://www.data.go.kr/data/15038929/fileData.do,2026-01-19,2026-09-06,administrative_record_only_not_confirmed_active,신축,2019-09-23,2019-11-11,2020-08-18,단독주택,,"주소 기반 추정 위치, 공사현장 좌표 아님"
15038929:673,673,건축행정기록,공장,인천광역시 계양구 효성동 335-5,37.5242327,126.7096158,geocoded_kakao_jibun,kakao_exact_jibun_address_match,인천 계양구 효성동 335-5,1,1,0.0,,kakao_local_api:address_jibun,https://dapi.kakao.com/v2/local/search/address.json,2026-09-06,https://www.data.go.kr/data/15038929/fileData.do,2026-01-19,2026-09-06,administrative_record_only_not_confirmed_active,증축,2019-09-19,2019-10-16,2020-02-04,공장,,"주소 기반 추정 위치, 공사현장 좌표 아님"
15038929:674,674,건축행정기록,업무시설,인천광역시 계양구 계산동 1078-1,37.5376049,126.7353622,geocoded_kakao_jibun,kakao_exact_jibun_address_match,인천 계양구 계산동 1078-1,1,1,0.0,,kakao_local_api:address_jibun,https://dapi.kakao.com/v2/local/search/address.json,2026-09-06,https://www.data.go.kr/data/15038929/fileData.do,2026-01-19,2026-09-06,administrative_record_only_not_confirmed_active,증축,2019-09-09,2020-02-21,,업무시설,,"주소 기반 추정 위치, 공사현장 좌표 아님"
15038929:675,675,건축행정기록,공장,인천광역시 계양구 서운동 208-2,37.5361698,126.7522346,geocoded_kakao_jibun,kakao_exact_jibun_address_match,인천 계양구 서운동 208-2,1,1,0.0,,kakao_local_api:address_jibun,https://dapi.kakao.com/v2/local/search/address.json,2026-09-06,https://www.data.go.kr/data/15038929/fileData.do,2026-01-19,2026-09-06,administrative_record_only_not_confirmed_active,신축,2019-09-05,2019-10-10,2020-08-20,공장,,"주소 기반 추정 위치, 공사현장 좌표 아님"
15038929:676,676,건축행정기록,단독주택,인천광역시 계양구 계산동 970-23,37.5381078,126.7208011,geocoded_kakao_jibun,kakao_exact_jibun_address_match,인천 계양구 계산동 970-23,1,1,0.0,,kakao_local_api:address_jibun,https://dapi.kakao.com/v2/local/search/address.json,2026-09-06,https://www.data.go.kr/data/15038929/fileData.do,2026-01-19,2026-09-06,administrative_record_only_not_confirmed_active,대수선,2019-08-28,2019-09-17,2022-03-03,단독주택,,"주소 기반 추정 위치, 공사현장 좌표 아님"
15038929:679,679,건축행정기록,공장,인천광역시 계양구 효성동 623-67,37.5276399,126.7012137,geocoded_kakao_jibun,kakao_exact_jibun_address_match,인천 계양구 효성동 623-67,1,1,0.0,,kakao_local_api:address_jibun,https://dapi.kakao.com/v2/local/search/address.json,2026-09-06,https://www.data.go.kr/data/15038929/fileData.do,2026-01-19,2026-09-06,administrative_record_only_not_confirmed_active,용도변경,2019-08-18,,2019-08-21,공장,,"주소 기반 추정 위치, 공사현장 좌표 아님"
15038929:680,680,건축행정기록,제2종근린생활시설,인천광역시 계양구 용종동 209-3,37.5392356,126.7372321,geocoded_kakao_jibun,kakao_exact_jibun_address_match,인천 계양구 용종동 209-3,1,1,0.0,,kakao_local_api:address_jibun,https://dapi.kakao.com/v2/local/search/address.json,2026-09-06,https://www.data.go.kr/data/15038929/fileData.do,2026-01-19,2026-09-06,administrative_record_only_not_confirmed_active,개축,2019-08-16,2019-09-06,2020-05-18,제2종근린생활시설,,"주소 기반 추정 위치, 공사현장 좌표 아님"
15038929:681,681,건축행정기록,제2종근린생활시설,인천광역시 계양구 용종동 209-3,37.5392356,126.7372321,geocoded_kakao_jibun,kakao_exact_jibun_address_match,인천 계양구 용종동 209-3,1,1,0.0,,kakao_local_api:address_jibun,https://dapi.kakao.com/v2/local/search/address.json,2026-09-06,https://www.data.go.kr/data/15038929/fileData.do,2026-01-19,2026-09-06,administrative_record_only_not_confirmed_active,개축,2019-08-16,2019-09-06,2020-05-18,제2종근린생활시설,,"주소 기반 추정 위치, 공사현장 좌표 아님"
15038929:683,683,건축행정기록,제1종근린생활시설,인천광역시 계양구 평동 19-9 외1필지,37.5824197,126.7766662,geocoded_kakao_jibun,kakao_exact_jibun_address_match,인천 계양구 평동 19-9,1,1,0.0,,kakao_local_api:address_jibun,https://dapi.kakao.com/v2/local/search/address.json,2026-09-06,https://www.data.go.kr/data/15038929/fileData.do,2026-01-19,2026-09-06,administrative_record_only_not_confirmed_active,증축,2019-08-12,2019-09-02,2019-11-20,제1종근린생활시설,,"주소 기반 추정 위치, 공사현장 좌표 아님"
15038929:684,684,건축행정기록,제1종근린생활시설,인천광역시 계양구 서운동 55-482,37.5246841,126.7449672,geocoded_kakao_jibun,kakao_exact_jibun_address_match,인천 계양구 서운동 55-482,1,1,0.0,,kakao_local_api:address_jibun,https://dapi.kakao.com/v2/local/search/address.json,2026-09-06,https://www.data.go.kr/data/15038929/fileData.do,2026-01-19,2026-09-06,administrative_record_only_not_confirmed_active,신축,2019-08-12,2019-10-22,2020-01-31,제1종근린생활시설,,"주소 기반 추정 위치, 공사현장 좌표 아님"
15038929:687,687,건축행정기록,제2종근린생활시설,인천광역시 계양구 다남동 68-12,37.5681507,126.7231644,geocoded_kakao_jibun,kakao_exact_jibun_address_match,인천 계양구 다남동 68-12,1,1,0.0,,kakao_local_api:address_jibun,https://dapi.kakao.com/v2/local/search/address.json,2026-09-06,https://www.data.go.kr/data/15038929/fileData.do,2026-01-19,2026-09-06,administrative_record_only_not_confirmed_active,신축,2019-08-09,2021-08-05,2022-02-11,제2종근린생활시설,,"주소 기반 추정 위치, 공사현장 좌표 아님"
15038929:688,688,건축행정기록,공장,인천광역시 계양구 서운동 211-1,37.5363844,126.7572869,geocoded_kakao_jibun,kakao_exact_jibun_address_match,인천 계양구 서운동 211-1,1,1,0.0,,kakao_local_api:address_jibun,https://dapi.kakao.com/v2/local/search/address.json,2026-09-06,https://www.data.go.kr/data/15038929/fileData.do,2026-01-19,2026-09-06,administrative_record_only_not_confirmed_active,신축,2019-08-09,2019-08-20,2020-02-28,공장,,"주소 기반 추정 위치, 공사현장 좌표 아님"
15038929:689,689,건축행정기록,제1종근린생활시설,인천광역시 계양구 계산동 1082-5,37.5341629,126.7371205,geocoded_kakao_jibun,kakao_exact_jibun_address_match,인천 계양구 계산동 1082-5,1,1,0.0,,kakao_local_api:address_jibun,https://dapi.kakao.com/v2/local/search/address.json,2026-09-06,https://www.data.go.kr/data/15038929/fileData.do,2026-01-19,2026-09-06,administrative_record_only_not_confirmed_active,용도변경,2019-08-06,,2020-03-17,제1종근린생활시설,,"주소 기반 추정 위치, 공사현장 좌표 아님"
15038929:690,690,건축행정기록,공동주택,인천광역시 계양구 효성동 273-80 외1필지,37.5256755,126.7114648,geocoded_kakao_jibun,kakao_exact_jibun_address_match,인천 계양구 효성동 273-80,1,1,0.0,,kakao_local_api:address_jibun,https://dapi.kakao.com/v2/local/search/address.json,2026-09-06,https://www.data.go.kr/data/15038929/fileData.do,2026-01-19,2026-09-06,administrative_record_only_not_confirmed_active,신축,2019-08-06,2019-12-27,2020-05-26,공동주택,,"주소 기반 추정 위치, 공사현장 좌표 아님"
15038929:691,691,건축행정기록,공동주택,인천광역시 계양구 계산동 971-3 외1필지,37.5391074,126.7210819,geocoded_kakao_jibun,kakao_exact_jibun_address_match,인천 계양구 계산동 971-3,1,1,0.0,,kakao_local_api:address_jibun,https://dapi.kakao.com/v2/local/search/address.json,2026-09-06,https://www.data.go.kr/data/15038929/fileData.do,2026-01-19,2026-09-06,administrative_record_only_not_confirmed_active,신축,2019-08-05,2019-08-09,2020-02-24,공동주택,,"주소 기반 추정 위치, 공사현장 좌표 아님"
15038929:692,692,건축행정기록,제1종근린생활시설,인천광역시 계양구 이화동 213-3,37.5915517,126.7384098,geocoded_kakao_jibun,kakao_exact_jibun_address_match,인천 계양구 이화동 213-3,1,1,0.0,,kakao_local_api:address_jibun,https://dapi.kakao.com/v2/local/search/address.json,2026-09-06,https://www.data.go.kr/data/15038929/fileData.do,2026-01-19,2026-09-06,administrative_record_only_not_confirmed_active,신축,2019-07-29,2019-08-16,2019-12-10,제1종근린생활시설,,"주소 기반 추정 위치, 공사현장 좌표 아님"
15038929:695,695,건축행정기록,공장,인천광역시 계양구 서운동 220-6,37.5321386,126.7589027,geocoded_kakao_jibun,kakao_exact_jibun_address_match,인천 계양구 서운동 220-6,1,1,0.0,,kakao_local_api:address_jibun,https://dapi.kakao.com/v2/local/search/address.json,2026-09-06,https://www.data.go.kr/data/15038929/fileData.do,2026-01-19,2026-09-06,administrative_record_only_not_confirmed_active,신축,2019-07-24,2019-08-16,2020-06-17,공장,,"주소 기반 추정 위치, 공사현장 좌표 아님"
15038929:696,696,건축행정기록,제2종근린생활시설,인천광역시 계양구 서운동 214-4 외1필지,37.5341421,126.7556840,geocoded_kakao_jibun,kakao_exact_jibun_address_match,인천 계양구 서운동 214-4,1,1,0.0,,kakao_local_api:address_jibun,https://dapi.kakao.com/v2/local/search/address.json,2026-09-06,https://www.data.go.kr/data/15038929/fileData.do,2026-01-19,2026-09-06,administrative_record_only_not_confirmed_active,신축,2019-07-19,2019-11-14,2020-12-30,제2종근린생활시설,,"주소 기반 추정 위치, 공사현장 좌표 아님"
15038929:697,697,건축행정기록,공장,인천광역시 계양구 서운동 215-2,37.5342415,126.7578596,geocoded_kakao_jibun,kakao_exact_jibun_address_match,인천 계양구 서운동 215-2,1,1,0.0,,kakao_local_api:address_jibun,https://dapi.kakao.com/v2/local/search/address.json,2026-09-06,https://www.data.go.kr/data/15038929/fileData.do,2026-01-19,2026-09-06,administrative_record_only_not_confirmed_active,신축,2019-07-19,2019-08-27,2020-06-18,공장,,"주소 기반 추정 위치, 공사현장 좌표 아님"
15038929:698,698,건축행정기록,교육연구시설,인천광역시 계양구 효성동 산 19-1 외1필지,37.5377320,126.7125312,geocoded_kakao_jibun,kakao_exact_jibun_address_match,인천 계양구 효성동 산 19-1,1,1,0.0,,kakao_local_api:address_jibun,https://dapi.kakao.com/v2/local/search/address.json,2026-09-06,https://www.data.go.kr/data/15038929/fileData.do,2026-01-19,2026-09-06,administrative_record_only_not_confirmed_active,증축,2019-07-17,2019-08-05,,교육연구시설,,"주소 기반 추정 위치, 공사현장 좌표 아님"
15038929:699,699,건축행정기록,동물및식물관련시설,인천광역시 계양구 갈현동 38-27 외2필지,37.5795722,126.7210190,geocoded_kakao_jibun,kakao_exact_jibun_address_match,인천 계양구 갈현동 38-27,1,1,0.0,,kakao_local_api:address_jibun,https://dapi.kakao.com/v2/local/search/address.json,2026-09-06,https://www.data.go.kr/data/15038929/fileData.do,2026-01-19,2026-09-06,administrative_record_only_not_confirmed_active,개축,2019-07-15,2019-08-06,2020-01-23,동물및식물관련시설,,"주소 기반 추정 위치, 공사현장 좌표 아님"
15038929:700,700,건축행정기록,의료시설,인천광역시 계양구 계산동 1074-1 외1필지,37.5365407,126.7349370,geocoded_kakao_jibun,kakao_exact_jibun_address_match,인천 계양구 계산동 1074-1,1,1,0.0,,kakao_local_api:address_jibun,https://dapi.kakao.com/v2/local/search/address.json,2026-09-06,https://www.data.go.kr/data/15038929/fileData.do,2026-01-19,2026-09-06,administrative_record_only_not_confirmed_active,용도변경,2019-07-10,,2019-11-26,의료시설,,"주소 기반 추정 위치, 공사현장 좌표 아님"
15038929:701,701,건축행정기록,제1종근린생활시설,인천광역시 계양구 선주지동 126-2 외1필지,37.5794333,126.7447623,geocoded_kakao_jibun,kakao_exact_jibun_address_match,인천 계양구 선주지동 126-2,1,1,0.0,,kakao_local_api:address_jibun,https://dapi.kakao.com/v2/local/search/address.json,2026-09-06,https://www.data.go.kr/data/15038929/fileData.do,2026-01-19,2026-09-06,administrative_record_only_not_confirmed_active,신축,2019-07-09,2019-07-30,2019-11-06,제1종근린생활시설,,"주소 기반 추정 위치, 공사현장 좌표 아님"
15038929:702,702,건축행정기록,공동주택,인천광역시 계양구 임학동 44-7 외1필지,37.5452741,126.7319610,geocoded_kakao_jibun,kakao_exact_jibun_address_match,인천 계양구 임학동 44-7,1,1,0.0,,kakao_local_api:address_jibun,https://dapi.kakao.com/v2/local/search/address.json,2026-09-06,https://www.data.go.kr/data/15038929/fileData.do,2026-01-19,2026-09-06,administrative_record_only_not_confirmed_active,신축,2019-07-02,2019-07-15,2020-01-17,공동주택,,"주소 기반 추정 위치, 공사현장 좌표 아님"
15038929:703,703,건축행정기록,교정및군사시설,인천광역시 계양구 귤현동 산 28,,,unresolved,no_exact_parcel_match_in_kakao,,0,0,,,kakao_local_api:unresolved,https://dapi.kakao.com/v2/local/search/address.json,2026-09-06,https://www.data.go.kr/data/15038929/fileData.do,2026-01-19,2026-09-06,administrative_record_only_not_confirmed_active,신축,2019-06-27,2019-09-05,,교정및군사시설,,"주소 기반 추정 위치, 공사현장 좌표 아님"
15038929:704,704,건축행정기록,단독주택,인천광역시 계양구 목상동 211-1,37.5693694,126.7066794,geocoded_kakao_jibun,kakao_exact_jibun_address_match,인천 계양구 목상동 211-1,1,1,0.0,,kakao_local_api:address_jibun,https://dapi.kakao.com/v2/local/search/address.json,2026-09-06,https://www.data.go.kr/data/15038929/fileData.do,2026-01-19,2026-09-06,administrative_record_only_not_confirmed_active,신축,2019-06-24,2019-06-27,2019-10-14,단독주택,,"주소 기반 추정 위치, 공사현장 좌표 아님"
15038929:705,705,건축행정기록,교육연구시설,인천광역시 계양구 계산동 857-87 외2필지,37.5383437,126.7164918,geocoded_kakao_jibun,kakao_exact_jibun_address_match,인천 계양구 계산동 857-87,1,1,0.0,,kakao_local_api:address_jibun,https://dapi.kakao.com/v2/local/search/address.json,2026-09-06,https://www.data.go.kr/data/15038929/fileData.do,2026-01-19,2026-09-06,administrative_record_only_not_confirmed_active,증축,2019-06-21,2019-07-01,,교육연구시설,,"주소 기반 추정 위치, 공사현장 좌표 아님"
15038929:706,706,건축행정기록,제1종근린생활시설,인천광역시 계양구 오류동 99-3,37.5856011,126.7280659,geocoded_kakao_jibun,kakao_exact_jibun_address_match,인천 계양구 오류동 99-3,1,1,0.0,,kakao_local_api:address_jibun,https://dapi.kakao.com/v2/local/search/address.json,2026-09-06,https://www.data.go.kr/data/15038929/fileData.do,2026-01-19,2026-09-06,administrative_record_only_not_confirmed_active,신축,2019-06-21,2019-07-09,2019-11-11,제1종근린생활시설,,"주소 기반 추정 위치, 공사현장 좌표 아님"
15038929:707,707,건축행정기록,공장,인천광역시 계양구 서운동 208-8,37.5335438,126.7529464,geocoded_kakao_jibun,kakao_exact_jibun_address_match,인천 계양구 서운동 208-8,1,1,0.0,,kakao_local_api:address_jibun,https://dapi.kakao.com/v2/local/search/address.json,2026-09-06,https://www.data.go.kr/data/15038929/fileData.do,2026-01-19,2026-09-06,administrative_record_only_not_confirmed_active,신축,2019-06-21,2019-09-05,2020-05-18,공장,,"주소 기반 추정 위치, 공사현장 좌표 아님"
15038929:708,708,건축행정기록,제1종근린생활시설,인천광역시 계양구 다남동 102-11,37.5707341,126.7305147,geocoded_kakao_jibun,kakao_exact_jibun_address_match,인천 계양구 다남동 102-11,1,1,0.0,,kakao_local_api:address_jibun,https://dapi.kakao.com/v2/local/search/address.json,2026-09-06,https://www.data.go.kr/data/15038929/fileData.do,2026-01-19,2026-09-06,administrative_record_only_not_confirmed_active,신축,2019-06-19,2019-07-30,2020-02-10,제1종근린생활시설,,"주소 기반 추정 위치, 공사현장 좌표 아님"
15038929:709,709,건축행정기록,제1종근린생활시설,인천광역시 계양구 작전동 866-4,37.5296581,126.7232698,geocoded_kakao_jibun,kakao_exact_jibun_address_match,인천 계양구 작전동 866-4,1,1,0.0,,kakao_local_api:address_jibun,https://dapi.kakao.com/v2/local/search/address.json,2026-09-06,https://www.data.go.kr/data/15038929/fileData.do,2026-01-19,2026-09-06,administrative_record_only_not_confirmed_active,용도변경,2019-06-18,,2019-07-26,제1종근린생활시설,,"주소 기반 추정 위치, 공사현장 좌표 아님"
15038929:710,710,건축행정기록,공장,인천광역시 계양구 서운동 220,37.5360848,126.7589933,geocoded_kakao_jibun,kakao_exact_jibun_address_match,인천 계양구 서운동 220,1,1,0.0,,kakao_local_api:address_jibun,https://dapi.kakao.com/v2/local/search/address.json,2026-09-06,https://www.data.go.kr/data/15038929/fileData.do,2026-01-19,2026-09-06,administrative_record_only_not_confirmed_active,신축,2019-06-13,2019-07-02,2020-05-27,공장,,"주소 기반 추정 위치, 공사현장 좌표 아님"
15038929:711,711,건축행정기록,제1종근린생활시설,인천광역시 계양구 작전동 444-1,37.5276113,126.7216414,geocoded_kakao_jibun,kakao_exact_jibun_address_match,인천 계양구 작전동 444-1,1,1,0.0,,kakao_local_api:address_jibun,https://dapi.kakao.com/v2/local/search/address.json,2026-09-06,https://www.data.go.kr/data/15038929/fileData.do,2026-01-19,2026-09-06,administrative_record_only_not_confirmed_active,용도변경,2019-06-11,,2019-09-16,제1종근린생활시설,,"주소 기반 추정 위치, 공사현장 좌표 아님"
15038929:714,714,건축행정기록,공장,인천광역시 계양구 서운동 209-1,37.5371630,126.7572763,geocoded_kakao_jibun,kakao_exact_jibun_address_match,인천 계양구 서운동 209-1,1,1,0.0,,kakao_local_api:address_jibun,https://dapi.kakao.com/v2/local/search/address.json,2026-09-06,https://www.data.go.kr/data/15038929/fileData.do,2026-01-19,2026-09-06,administrative_record_only_not_confirmed_active,신축,2019-06-11,2019-09-11,2020-04-09,공장,,"주소 기반 추정 위치, 공사현장 좌표 아님"
15038929:716,716,건축행정기록,공장,인천광역시 계양구 서운동 220-2,37.5347290,126.7586199,geocoded_kakao_jibun,kakao_exact_jibun_address_match,인천 계양구 서운동 220-2,1,1,0.0,,kakao_local_api:address_jibun,https://dapi.kakao.com/v2/local/search/address.json,2026-09-06,https://www.data.go.kr/data/15038929/fileData.do,2026-01-19,2026-09-06,administrative_record_only_not_confirmed_active,신축,2019-06-10,2019-06-26,2020-05-08,공장,,"주소 기반 추정 위치, 공사현장 좌표 아님"
15038929:717,717,건축행정기록,판매시설,인천광역시 계양구 계산동 300-13 외2필지,37.5367059,126.7297236,geocoded_kakao_jibun,kakao_exact_jibun_address_match,인천 계양구 계산동 300-13,1,1,0.0,,kakao_local_api:address_jibun,https://dapi.kakao.com/v2/local/search/address.json,2026-09-06,https://www.data.go.kr/data/15038929/fileData.do,2026-01-19,2026-09-06,administrative_record_only_not_confirmed_active,신축,2019-06-07,2019-07-03,2020-03-13,판매시설,,"주소 기반 추정 위치, 공사현장 좌표 아님"
15038929:718,718,건축행정기록,제1종근린생활시설,인천광역시 계양구 병방동 78-1 외1필지,37.5481998,126.7457647,geocoded_kakao_jibun,kakao_exact_jibun_address_match,인천 계양구 병방동 78-1,1,1,0.0,,kakao_local_api:address_jibun,https://dapi.kakao.com/v2/local/search/address.json,2026-09-06,https://www.data.go.kr/data/15038929/fileData.do,2026-01-19,2026-09-06,administrative_record_only_not_confirmed_active,신축,2019-06-05,2019-07-25,2019-11-04,제1종근린생활시설,,"주소 기반 추정 위치, 공사현장 좌표 아님"
15038929:719,719,건축행정기록,제1종근린생활시설,인천광역시 계양구 이화동 23-58,37.5848711,126.7475502,geocoded_kakao_jibun,kakao_exact_jibun_address_match,인천 계양구 이화동 23-58,1,1,0.0,,kakao_local_api:address_jibun,https://dapi.kakao.com/v2/local/search/address.json,2026-09-06,https://www.data.go.kr/data/15038929/fileData.do,2026-01-19,2026-09-06,administrative_record_only_not_confirmed_active,신축,2019-06-05,2019-07-04,2019-10-08,제1종근린생활시설,,"주소 기반 추정 위치, 공사현장 좌표 아님"
15038929:720,720,건축행정기록,업무시설,인천광역시 계양구 작전동 853-27 외1필지,37.5335162,126.7219727,geocoded_kakao_jibun,kakao_exact_jibun_address_match,인천 계양구 작전동 853-27,1,1,0.0,,kakao_local_api:address_jibun,https://dapi.kakao.com/v2/local/search/address.json,2026-09-06,https://www.data.go.kr/data/15038929/fileData.do,2026-01-19,2026-09-06,administrative_record_only_not_confirmed_active,신축,2019-06-05,2019-09-27,2020-07-08,업무시설,,"주소 기반 추정 위치, 공사현장 좌표 아님"
15038929:721,721,건축행정기록,제1종근린생활시설,인천광역시 계양구 상야동 16-17 외1필지,37.5786993,126.7797535,geocoded_kakao_jibun,kakao_exact_jibun_address_match,인천 계양구 상야동 16-17,1,1,0.0,,kakao_local_api:address_jibun,https://dapi.kakao.com/v2/local/search/address.json,2026-09-06,https://www.data.go.kr/data/15038929/fileData.do,2026-01-19,2026-09-06,administrative_record_only_not_confirmed_active,신축,2019-06-05,2019-07-15,2019-11-28,제1종근린생활시설,,"주소 기반 추정 위치, 공사현장 좌표 아님"
15038929:722,722,건축행정기록,단독주택,인천광역시 계양구 선주지동 107-1 외1필지,37.5797006,126.7476140,geocoded_kakao_jibun,kakao_exact_jibun_address_match,인천 계양구 선주지동 107-1,1,1,0.0,,kakao_local_api:address_jibun,https://dapi.kakao.com/v2/local/search/address.json,2026-09-06,https://www.data.go.kr/data/15038929/fileData.do,2026-01-19,2026-09-06,administrative_record_only_not_confirmed_active,증축,2019-05-30,2019-06-05,2019-09-10,단독주택,,"주소 기반 추정 위치, 공사현장 좌표 아님"
15038929:723,723,건축행정기록,노유자시설,인천광역시 계양구 병방동 91-3,37.5496993,126.7435935,geocoded_kakao_jibun,kakao_exact_jibun_address_match,인천 계양구 병방동 91-3,1,1,0.0,,kakao_local_api:address_jibun,https://dapi.kakao.com/v2/local/search/address.json,2026-09-06,https://www.data.go.kr/data/15038929/fileData.do,2026-01-19,2026-09-06,administrative_record_only_not_confirmed_active,대수선,2019-05-29,2019-07-02,2020-01-23,노유자시설,,"주소 기반 추정 위치, 공사현장 좌표 아님"
15038929:724,724,건축행정기록,업무시설,인천광역시 계양구 작전동 737-3,37.5251096,126.7321359,geocoded_kakao_jibun,kakao_exact_jibun_address_match,인천 계양구 작전동 737-3,1,1,0.0,,kakao_local_api:address_jibun,https://dapi.kakao.com/v2/local/search/address.json,2026-09-06,https://www.data.go.kr/data/15038929/fileData.do,2026-01-19,2026-09-06,administrative_record_only_not_confirmed_active,신축,2019-05-27,2019-07-10,2020-08-06,업무시설,,"주소 기반 추정 위치, 공사현장 좌표 아님"
15038929:725,725,건축행정기록,공장,인천광역시 계양구 서운동 211,37.5363446,126.7565581,geocoded_kakao_jibun,kakao_exact_jibun_address_match,인천 계양구 서운동 211,1,1,0.0,,kakao_local_api:address_jibun,https://dapi.kakao.com/v2/local/search/address.json,2026-09-06,https://www.data.go.kr/data/15038929/fileData.do,2026-01-19,2026-09-06,administrative_record_only_not_confirmed_active,신축,2019-05-24,2020-06-03,2021-06-02,공장,,"주소 기반 추정 위치, 공사현장 좌표 아님"
15038929:727,727,건축행정기록,노유자시설,인천광역시 계양구 작전동 636-4,37.5275666,126.7365727,geocoded_kakao_jibun,kakao_exact_jibun_address_match,인천 계양구 작전동 636-4,1,1,0.0,,kakao_local_api:address_jibun,https://dapi.kakao.com/v2/local/search/address.json,2026-09-06,https://www.data.go.kr/data/15038929/fileData.do,2026-01-19,2026-09-06,administrative_record_only_not_confirmed_active,대수선,2019-05-22,2019-08-23,2020-08-28,노유자시설,,"주소 기반 추정 위치, 공사현장 좌표 아님"
15038929:728,728,건축행정기록,제2종근린생활시설,인천광역시 계양구 서운동 148-2 외1필지,37.5295107,126.7541004,geocoded_kakao_jibun,kakao_exact_jibun_address_match,인천 계양구 서운동 148-2,1,1,0.0,,kakao_local_api:address_jibun,https://dapi.kakao.com/v2/local/search/address.json,2026-09-06,https://www.data.go.kr/data/15038929/fileData.do,2026-01-19,2026-09-06,administrative_record_only_not_confirmed_active,증축,2019-05-20,2019-06-18,2019-10-11,제2종근린생활시설,,"주소 기반 추정 위치, 공사현장 좌표 아님"
15038929:729,729,건축행정기록,공장,인천광역시 계양구 서운동 217-2,37.5331684,126.7574784,geocoded_kakao_jibun,kakao_exact_jibun_address_match,인천 계양구 서운동 217-2,1,1,0.0,,kakao_local_api:address_jibun,https://dapi.kakao.com/v2/local/search/address.json,2026-09-06,https://www.data.go.kr/data/15038929/fileData.do,2026-01-19,2026-09-06,administrative_record_only_not_confirmed_active,신축,2019-05-20,2019-07-24,2020-05-22,공장,,"주소 기반 추정 위치, 공사현장 좌표 아님"
15038929:730,730,건축행정기록,제2종근린생활시설,인천광역시 계양구 계산동 967-22,37.5378348,126.7242031,geocoded_kakao_jibun,kakao_exact_jibun_address_match,인천 계양구 계산동 967-22,1,1,0.0,,kakao_local_api:address_jibun,https://dapi.kakao.com/v2/local/search/address.json,2026-09-06,https://www.data.go.kr/data/15038929/fileData.do,2026-01-19,2026-09-06,administrative_record_only_not_confirmed_active,증축,2019-05-17,2019-06-10,,제2종근린생활시설,,"주소 기반 추정 위치, 공사현장 좌표 아님"
15038929:731,731,건축행정기록,공동주택,인천광역시 계양구 효성동 273-52 외1필지,37.5258423,126.7125645,geocoded_kakao_jibun,kakao_exact_jibun_address_match,인천 계양구 효성동 273-52,1,1,0.0,,kakao_local_api:address_jibun,https://dapi.kakao.com/v2/local/search/address.json,2026-09-06,https://www.data.go.kr/data/15038929/fileData.do,2026-01-19,2026-09-06,administrative_record_only_not_confirmed_active,신축,2019-05-16,2019-05-29,2019-11-25,공동주택,,"주소 기반 추정 위치, 공사현장 좌표 아님"
15038929:733,733,건축행정기록,공장,인천광역시 계양구 서운동 213-6,37.5348488,126.7574727,geocoded_kakao_jibun,kakao_exact_jibun_address_match,인천 계양구 서운동 213-6,1,1,0.0,,kakao_local_api:address_jibun,https://dapi.kakao.com/v2/local/search/address.json,2026-09-06,https://www.data.go.kr/data/15038929/fileData.do,2026-01-19,2026-09-06,administrative_record_only_not_confirmed_active,신축,2019-05-13,2019-05-20,2020-03-20,공장,,"주소 기반 추정 위치, 공사현장 좌표 아님"
15038929:735,735,건축행정기록,제1종근린생활시설,인천광역시 계양구 효성동 286-2,37.5308429,126.7171099,geocoded_kakao_jibun,kakao_exact_jibun_address_match,인천 계양구 효성동 286-2,1,1,0.0,,kakao_local_api:address_jibun,https://dapi.kakao.com/v2/local/search/address.json,2026-09-06,https://www.data.go.kr/data/15038929/fileData.do,2026-01-19,2026-09-06,administrative_record_only_not_confirmed_active,신축,2019-05-10,2020-01-03,2021-05-24,제1종근린생활시설,,"주소 기반 추정 위치, 공사현장 좌표 아님"
15038929:736,736,건축행정기록,공장,인천광역시 계양구 서운동 217-6,37.5327035,126.7571176,geocoded_kakao_jibun,kakao_exact_jibun_address_match,인천 계양구 서운동 217-6,1,1,0.0,,kakao_local_api:address_jibun,https://dapi.kakao.com/v2/local/search/address.json,2026-09-06,https://www.data.go.kr/data/15038929/fileData.do,2026-01-19,2026-09-06,administrative_record_only_not_confirmed_active,신축,2019-05-10,2019-07-15,2020-05-04,공장,,"주소 기반 추정 위치, 공사현장 좌표 아님"
15038929:737,737,건축행정기록,제2종근린생활시설,인천광역시 계양구 둑실동 192-1 외1필지,37.5799890,126.6931088,geocoded_kakao_jibun,kakao_exact_jibun_address_match,인천 계양구 둑실동 192-1,1,1,0.0,,kakao_local_api:address_jibun,https://dapi.kakao.com/v2/local/search/address.json,2026-09-06,https://www.data.go.kr/data/15038929/fileData.do,2026-01-19,2026-09-06,administrative_record_only_not_confirmed_active,신축,2019-05-08,2019-06-27,,제2종근린생활시설,,"주소 기반 추정 위치, 공사현장 좌표 아님"
15038929:738,738,건축행정기록,관광휴게시설,인천광역시 계양구 계산동 산 53 외7필지,37.5437191,126.7093428,geocoded_kakao_jibun,kakao_exact_jibun_address_match,인천 계양구 계산동 산 53,1,1,0.0,,kakao_local_api:address_jibun,https://dapi.kakao.com/v2/local/search/address.json,2026-09-06,https://www.data.go.kr/data/15038929/fileData.do,2026-01-19,2026-09-06,administrative_record_only_not_confirmed_active,용도변경,2019-05-08,,2019-06-11,관광휴게시설,,"주소 기반 추정 위치, 공사현장 좌표 아님"
15038929:739,739,건축행정기록,제1종근린생활시설,인천광역시 계양구 이화동 248-19,37.5898416,126.7380680,geocoded_kakao_jibun,kakao_exact_jibun_address_match,인천 계양구 이화동 248-19,1,1,0.0,,kakao_local_api:address_jibun,https://dapi.kakao.com/v2/local/search/address.json,2026-09-06,https://www.data.go.kr/data/15038929/fileData.do,2026-01-19,2026-09-06,administrative_record_only_not_confirmed_active,신축,2019-05-07,2019-06-03,2020-04-29,제1종근린생활시설,,"주소 기반 추정 위치, 공사현장 좌표 아님"
15038929:740,740,건축행정기록,공동주택,인천광역시 계양구 병방동 92-13,37.5499769,126.7428917,geocoded_kakao_jibun,kakao_exact_jibun_address_match,인천 계양구 병방동 92-13,1,1,0.0,,kakao_local_api:address_jibun,https://dapi.kakao.com/v2/local/search/address.json,2026-09-06,https://www.data.go.kr/data/15038929/fileData.do,2026-01-19,2026-09-06,administrative_record_only_not_confirmed_active,신축,2019-04-29,2019-12-27,2020-06-24,공동주택,,"주소 기반 추정 위치, 공사현장 좌표 아님"
15038929:741,741,건축행정기록,공장,인천광역시 계양구 서운동 214-2,37.5342165,126.7551308,geocoded_kakao_jibun,kakao_exact_jibun_address_match,인천 계양구 서운동 214-2,1,1,0.0,,kakao_local_api:address_jibun,https://dapi.kakao.com/v2/local/search/address.json,2026-09-06,https://www.data.go.kr/data/15038929/fileData.do,2026-01-19,2026-09-06,administrative_record_only_not_confirmed_active,신축,2019-04-29,2019-05-23,2020-03-09,공장,,"주소 기반 추정 위치, 공사현장 좌표 아님"
15038929:742,742,건축행정기록,공장,인천광역시 계양구 서운동 214-1,37.5342345,126.7545860,geocoded_kakao_jibun,kakao_exact_jibun_address_match,인천 계양구 서운동 214-1,1,1,0.0,,kakao_local_api:address_jibun,https://dapi.kakao.com/v2/local/search/address.json,2026-09-06,https://www.data.go.kr/data/15038929/fileData.do,2026-01-19,2026-09-06,administrative_record_only_not_confirmed_active,신축,2019-04-26,2019-05-08,2020-02-04,공장,,"주소 기반 추정 위치, 공사현장 좌표 아님"
15038929:744,744,건축행정기록,공장,인천광역시 계양구 서운동 213-3,37.5352761,126.7582120,geocoded_kakao_jibun,kakao_exact_jibun_address_match,인천 계양구 서운동 213-3,1,1,0.0,,kakao_local_api:address_jibun,https://dapi.kakao.com/v2/local/search/address.json,2026-09-06,https://www.data.go.kr/data/15038929/fileData.do,2026-01-19,2026-09-06,administrative_record_only_not_confirmed_active,신축,2019-04-23,2019-05-13,2020-02-19,공장,,"주소 기반 추정 위치, 공사현장 좌표 아님"
15038929:745,745,건축행정기록,공장,인천광역시 계양구 서운동 220-1,37.5352498,126.7589619,geocoded_kakao_jibun,kakao_exact_jibun_address_match,인천 계양구 서운동 220-1,1,1,0.0,,kakao_local_api:address_jibun,https://dapi.kakao.com/v2/local/search/address.json,2026-09-06,https://www.data.go.kr/data/15038929/fileData.do,2026-01-19,2026-09-06,administrative_record_only_not_confirmed_active,신축,2019-04-19,2019-05-03,2020-04-23,공장,,"주소 기반 추정 위치, 공사현장 좌표 아님"
15038929:746,746,건축행정기록,공장,인천광역시 계양구 서운동 216,37.5331198,126.7541456,geocoded_kakao_jibun,kakao_exact_jibun_address_match,인천 계양구 서운동 216,1,1,0.0,,kakao_local_api:address_jibun,https://dapi.kakao.com/v2/local/search/address.json,2026-09-06,https://www.data.go.kr/data/15038929/fileData.do,2026-01-19,2026-09-06,administrative_record_only_not_confirmed_active,신축,2019-04-19,2019-04-26,2019-12-31,공장,,"주소 기반 추정 위치, 공사현장 좌표 아님"
15038929:747,747,건축행정기록,공장,인천광역시 계양구 서운동 213,37.5348855,126.7567438,geocoded_kakao_jibun,kakao_exact_jibun_address_match,인천 계양구 서운동 213,1,1,0.0,,kakao_local_api:address_jibun,https://dapi.kakao.com/v2/local/search/address.json,2026-09-06,https://www.data.go.kr/data/15038929/fileData.do,2026-01-19,2026-09-06,administrative_record_only_not_confirmed_active,신축,2019-04-18,2019-05-09,2020-04-01,공장,,"주소 기반 추정 위치, 공사현장 좌표 아님"
15038929:748,748,건축행정기록,제1종근린생활시설,인천광역시 계양구 임학동 69-9,37.5443574,126.7361916,geocoded_kakao_jibun,kakao_exact_jibun_address_match,인천 계양구 임학동 69-9,1,1,0.0,,kakao_local_api:address_jibun,https://dapi.kakao.com/v2/local/search/address.json,2026-09-06,https://www.data.go.kr/data/15038929/fileData.do,2026-01-19,2026-09-06,administrative_record_only_not_confirmed_active,신축,2019-04-17,2019-06-27,2020-09-28,제1종근린생활시설,,"주소 기반 추정 위치, 공사현장 좌표 아님"
15038929:749,749,건축행정기록,제1종근린생활시설,인천광역시 계양구 효성동 246-6,37.5287950,126.7114776,geocoded_kakao_jibun,kakao_exact_jibun_address_match,인천 계양구 효성동 246-6,1,1,0.0,,kakao_local_api:address_jibun,https://dapi.kakao.com/v2/local/search/address.json,2026-09-06,https://www.data.go.kr/data/15038929/fileData.do,2026-01-19,2026-09-06,administrative_record_only_not_confirmed_active,증축,2019-04-16,2021-10-28,2022-04-01,제1종근린생활시설,,"주소 기반 추정 위치, 공사현장 좌표 아님"
15038929:750,750,건축행정기록,제1종근린생활시설,인천광역시 계양구 작전동 444-1,37.5276113,126.7216414,geocoded_kakao_jibun,kakao_exact_jibun_address_match,인천 계양구 작전동 444-1,1,1,0.0,,kakao_local_api:address_jibun,https://dapi.kakao.com/v2/local/search/address.json,2026-09-06,https://www.data.go.kr/data/15038929/fileData.do,2026-01-19,2026-09-06,administrative_record_only_not_confirmed_active,용도변경,2019-04-15,,2019-06-28,제1종근린생활시설,,"주소 기반 추정 위치, 공사현장 좌표 아님"
15038929:751,751,건축행정기록,단독주택,인천광역시 계양구 동양동 625-4,37.5606951,126.7590744,geocoded_kakao_jibun,kakao_exact_jibun_address_match,인천 계양구 동양동 625-4,1,1,0.0,,kakao_local_api:address_jibun,https://dapi.kakao.com/v2/local/search/address.json,2026-09-06,https://www.data.go.kr/data/15038929/fileData.do,2026-01-19,2026-09-06,administrative_record_only_not_confirmed_active,신축,2019-04-15,2019-07-04,2020-04-13,단독주택,,"주소 기반 추정 위치, 공사현장 좌표 아님"
15038929:754,754,건축행정기록,제1종근린생활시설,인천광역시 계양구 작전동 855-12 외1필지,37.5359391,126.7231136,geocoded_kakao_jibun,kakao_exact_jibun_address_match,인천 계양구 작전동 855-12,1,1,0.0,,kakao_local_api:address_jibun,https://dapi.kakao.com/v2/local/search/address.json,2026-09-06,https://www.data.go.kr/data/15038929/fileData.do,2026-01-19,2026-09-06,administrative_record_only_not_confirmed_active,신축,2019-04-10,2019-04-18,2019-07-11,제1종근린생활시설,,"주소 기반 추정 위치, 공사현장 좌표 아님"
15038929:755,755,건축행정기록,제2종근린생활시설,인천광역시 계양구 서운동 55-55,37.5265632,126.7473967,geocoded_kakao_jibun,kakao_exact_jibun_address_match,인천 계양구 서운동 55-55,1,1,0.0,,kakao_local_api:address_jibun,https://dapi.kakao.com/v2/local/search/address.json,2026-09-06,https://www.data.go.kr/data/15038929/fileData.do,2026-01-19,2026-09-06,administrative_record_only_not_confirmed_active,신축,2019-04-09,2019-05-27,2019-10-08,제2종근린생활시설,,"주소 기반 추정 위치, 공사현장 좌표 아님"
15038929:756,756,건축행정기록,제2종근린생활시설,인천광역시 계양구 효성동 114 외1필지,37.5311002,126.7062344,geocoded_kakao_jibun,kakao_exact_jibun_address_match,인천 계양구 효성동 114,1,1,0.0,,kakao_local_api:address_jibun,https://dapi.kakao.com/v2/local/search/address.json,2026-09-06,https://www.data.go.kr/data/15038929/fileData.do,2026-01-19,2026-09-06,administrative_record_only_not_confirmed_active,증축,2019-04-03,2019-04-09,2019-07-31,제2종근린생활시설,,"주소 기반 추정 위치, 공사현장 좌표 아님"
15038929:757,757,건축행정기록,공장,인천광역시 계양구 서운동 217-5,37.5327043,126.7574801,geocoded_kakao_jibun,kakao_exact_jibun_address_match,인천 계양구 서운동 217-5,1,1,0.0,,kakao_local_api:address_jibun,https://dapi.kakao.com/v2/local/search/address.json,2026-09-06,https://www.data.go.kr/data/15038929/fileData.do,2026-01-19,2026-09-06,administrative_record_only_not_confirmed_active,신축,2019-04-01,2019-07-05,2020-03-23,공장,,"주소 기반 추정 위치, 공사현장 좌표 아님"
15038929:758,758,건축행정기록,공동주택,인천광역시 계양구 작전동 857-15,37.5361863,126.7268038,geocoded_kakao_jibun,kakao_exact_jibun_address_match,인천 계양구 작전동 857-15,1,1,0.0,,kakao_local_api:address_jibun,https://dapi.kakao.com/v2/local/search/address.json,2026-09-06,https://www.data.go.kr/data/15038929/fileData.do,2026-01-19,2026-09-06,administrative_record_only_not_confirmed_active,신축,2019-03-29,2019-11-05,2020-04-08,공동주택,,"주소 기반 추정 위치, 공사현장 좌표 아님"
15038929:760,760,건축행정기록,공동주택,인천광역시 계양구 오류동 22-1 외1필지,37.5872695,126.7283343,geocoded_kakao_jibun,kakao_exact_jibun_address_match,인천 계양구 오류동 22-1,1,1,0.0,,kakao_local_api:address_jibun,https://dapi.kakao.com/v2/local/search/address.json,2026-09-06,https://www.data.go.kr/data/15038929/fileData.do,2026-01-19,2026-09-06,administrative_record_only_not_confirmed_active,신축,2019-03-28,2019-04-09,,공동주택,,"주소 기반 추정 위치, 공사현장 좌표 아님"
15038929:761,761,건축행정기록,공장,인천광역시 계양구 서운동 213-2,37.5353136,126.7578336,geocoded_kakao_jibun,kakao_exact_jibun_address_match,인천 계양구 서운동 213-2,1,1,0.0,,kakao_local_api:address_jibun,https://dapi.kakao.com/v2/local/search/address.json,2026-09-06,https://www.data.go.kr/data/15038929/fileData.do,2026-01-19,2026-09-06,administrative_record_only_not_confirmed_active,신축,2019-03-28,2019-06-13,2020-07-16,공장,,"주소 기반 추정 위치, 공사현장 좌표 아님"
15038929:762,762,건축행정기록,단독주택,인천광역시 계양구 임학동 29-9,37.5473854,126.7358365,geocoded_kakao_jibun,kakao_exact_jibun_address_match,인천 계양구 임학동 29-9,1,1,0.0,,kakao_local_api:address_jibun,https://dapi.kakao.com/v2/local/search/address.json,2026-09-06,https://www.data.go.kr/data/15038929/fileData.do,2026-01-19,2026-09-06,administrative_record_only_not_confirmed_active,신축,2019-03-27,2019-04-11,2019-09-26,단독주택,,"주소 기반 추정 위치, 공사현장 좌표 아님"
15038929:763,763,건축행정기록,제1종근린생활시설,인천광역시 계양구 이화동 43-13 외1필지,37.5894205,126.7371722,geocoded_kakao_jibun,kakao_exact_jibun_address_match,인천 계양구 이화동 43-13,1,1,0.0,,kakao_local_api:address_jibun,https://dapi.kakao.com/v2/local/search/address.json,2026-09-06,https://www.data.go.kr/data/15038929/fileData.do,2026-01-19,2026-09-06,administrative_record_only_not_confirmed_active,증축,2019-03-25,2019-04-16,2019-06-18,제1종근린생활시설,,"주소 기반 추정 위치, 공사현장 좌표 아님"
15038929:764,764,건축행정기록,제1종근린생활시설,인천광역시 계양구 작전동 149-1,37.5277804,126.7338073,geocoded_kakao_jibun,kakao_exact_jibun_address_match,인천 계양구 작전동 149-1,1,1,0.0,,kakao_local_api:address_jibun,https://dapi.kakao.com/v2/local/search/address.json,2026-09-06,https://www.data.go.kr/data/15038929/fileData.do,2026-01-19,2026-09-06,administrative_record_only_not_confirmed_active,용도변경,2019-03-25,,2019-04-22,제1종근린생활시설,,"주소 기반 추정 위치, 공사현장 좌표 아님"
15038929:765,765,건축행정기록,제2종근린생활시설,인천광역시 계양구 하야동 33-7,37.5808981,126.7805285,geocoded_kakao_jibun,kakao_exact_jibun_address_match,인천 계양구 하야동 33-7,1,1,0.0,,kakao_local_api:address_jibun,https://dapi.kakao.com/v2/local/search/address.json,2026-09-06,https://www.data.go.kr/data/15038929/fileData.do,2026-01-19,2026-09-06,administrative_record_only_not_confirmed_active,신축,2019-03-25,2019-04-04,2019-07-05,제2종근린생활시설,,"주소 기반 추정 위치, 공사현장 좌표 아님"
15038929:767,767,건축행정기록,제2종근린생활시설,인천광역시 계양구 선주지동 114-10,37.5789408,126.7464761,geocoded_kakao_jibun,kakao_exact_jibun_address_match,인천 계양구 선주지동 114-10,1,1,0.0,,kakao_local_api:address_jibun,https://dapi.kakao.com/v2/local/search/address.json,2026-09-06,https://www.data.go.kr/data/15038929/fileData.do,2026-01-19,2026-09-06,administrative_record_only_not_confirmed_active,신축,2019-03-20,2019-03-28,2019-06-18,제2종근린생활시설,,"주소 기반 추정 위치, 공사현장 좌표 아님"
15038929:768,768,건축행정기록,동물및식물관련시설,인천광역시 계양구 상야동 208-1 외1필지,37.5780399,126.7741073,geocoded_kakao_jibun,kakao_exact_jibun_address_match,인천 계양구 상야동 208-1,1,1,0.0,,kakao_local_api:address_jibun,https://dapi.kakao.com/v2/local/search/address.json,2026-09-06,https://www.data.go.kr/data/15038929/fileData.do,2026-01-19,2026-09-06,administrative_record_only_not_confirmed_active,신축,2019-03-19,2019-05-27,2019-10-01,동물및식물관련시설,,"주소 기반 추정 위치, 공사현장 좌표 아님"
15038929:769,769,건축행정기록,의료시설,인천광역시 계양구 작전동 900-4 외2필지,37.5321429,126.7343356,geocoded_kakao_jibun,kakao_exact_jibun_address_match,인천 계양구 작전동 900-4,1,1,0.0,,kakao_local_api:address_jibun,https://dapi.kakao.com/v2/local/search/address.json,2026-09-06,https://www.data.go.kr/data/15038929/fileData.do,2026-01-19,2026-09-06,administrative_record_only_not_confirmed_active,대수선,2019-03-18,2019-05-31,2020-01-17,의료시설,,"주소 기반 추정 위치, 공사현장 좌표 아님"
15038929:770,770,건축행정기록,공장,인천광역시 계양구 서운동 208-6,37.5344578,126.7527188,geocoded_kakao_jibun,kakao_exact_jibun_address_match,인천 계양구 서운동 208-6,1,1,0.0,,kakao_local_api:address_jibun,https://dapi.kakao.com/v2/local/search/address.json,2026-09-06,https://www.data.go.kr/data/15038929/fileData.do,2026-01-19,2026-09-06,administrative_record_only_not_confirmed_active,신축,2019-03-18,2019-05-13,2020-03-31,공장,,"주소 기반 추정 위치, 공사현장 좌표 아님"
15038929:771,771,건축행정기록,단독주택,인천광역시 계양구 계산동 923-42,37.5449579,126.7278461,geocoded_kakao_jibun,kakao_exact_jibun_address_match,인천 계양구 계산동 923-42,1,1,0.0,,kakao_local_api:address_jibun,https://dapi.kakao.com/v2/local/search/address.json,2026-09-06,https://www.data.go.kr/data/15038929/fileData.do,2026-01-19,2026-09-06,administrative_record_only_not_confirmed_active,신축,2019-03-18,2019-06-07,2019-11-08,단독주택,,"주소 기반 추정 위치, 공사현장 좌표 아님"
15038929:772,772,건축행정기록,단독주택,인천광역시 계양구 상야동 208-3 외1필지,37.5776698,126.7740493,geocoded_kakao_jibun,kakao_exact_jibun_address_match,인천 계양구 상야동 208-3,1,1,0.0,,kakao_local_api:address_jibun,https://dapi.kakao.com/v2/local/search/address.json,2026-09-06,https://www.data.go.kr/data/15038929/fileData.do,2026-01-19,2026-09-06,administrative_record_only_not_confirmed_active,신축,2019-03-15,2019-05-27,2020-06-17,단독주택,,"주소 기반 추정 위치, 공사현장 좌표 아님"
15038929:773,773,건축행정기록,노유자시설,인천광역시 계양구 계산동 911-34,37.5450493,126.7316474,geocoded_kakao_jibun,kakao_exact_jibun_address_match,인천 계양구 계산동 911-34,1,1,0.0,,kakao_local_api:address_jibun,https://dapi.kakao.com/v2/local/search/address.json,2026-09-06,https://www.data.go.kr/data/15038929/fileData.do,2026-01-19,2026-09-06,administrative_record_only_not_confirmed_active,신축,2019-03-15,2019-05-28,2019-12-09,노유자시설,,"주소 기반 추정 위치, 공사현장 좌표 아님"
15038929:774,774,건축행정기록,제1종근린생활시설,인천광역시 계양구 작전동 444-1,37.5276113,126.7216414,geocoded_kakao_jibun,kakao_exact_jibun_address_match,인천 계양구 작전동 444-1,1,1,0.0,,kakao_local_api:address_jibun,https://dapi.kakao.com/v2/local/search/address.json,2026-09-06,https://www.data.go.kr/data/15038929/fileData.do,2026-01-19,2026-09-06,administrative_record_only_not_confirmed_active,용도변경,2019-03-15,,2019-07-26,제1종근린생활시설,,"주소 기반 추정 위치, 공사현장 좌표 아님"
15038929:775,775,건축행정기록,제2종근린생활시설,인천광역시 계양구 동양동 599-5,37.5624839,126.7556113,geocoded_kakao_jibun,kakao_exact_jibun_address_match,인천 계양구 동양동 599-5,1,1,0.0,,kakao_local_api:address_jibun,https://dapi.kakao.com/v2/local/search/address.json,2026-09-06,https://www.data.go.kr/data/15038929/fileData.do,2026-01-19,2026-09-06,administrative_record_only_not_confirmed_active,신축,2019-03-14,2020-04-29,2020-10-29,제2종근린생활시설,,"주소 기반 추정 위치, 공사현장 좌표 아님"
15038929:776,776,건축행정기록,제1종근린생활시설,인천광역시 계양구 효성동 157,37.5299868,126.7089863,geocoded_kakao_jibun,kakao_exact_jibun_address_match,인천 계양구 효성동 157,1,1,0.0,,kakao_local_api:address_jibun,https://dapi.kakao.com/v2/local/search/address.json,2026-09-06,https://www.data.go.kr/data/15038929/fileData.do,2026-01-19,2026-09-06,administrative_record_only_not_confirmed_active,증축,2019-03-12,2021-03-11,2021-12-30,제1종근린생활시설,,"주소 기반 추정 위치, 공사현장 좌표 아님"
15038929:777,777,건축행정기록,업무시설,인천광역시 계양구 계산동 917-5,37.5435161,126.7326898,geocoded_kakao_jibun,kakao_exact_jibun_address_match,인천 계양구 계산동 917-5,1,1,0.0,,kakao_local_api:address_jibun,https://dapi.kakao.com/v2/local/search/address.json,2026-09-06,https://www.data.go.kr/data/15038929/fileData.do,2026-01-19,2026-09-06,administrative_record_only_not_confirmed_active,신축,2019-03-12,2019-03-20,2019-12-30,업무시설,,"주소 기반 추정 위치, 공사현장 좌표 아님"
15038929:780,780,건축행정기록,업무시설,인천광역시 계양구 임학동 69-28 외1필지,37.5444249,126.7375325,geocoded_kakao_jibun,kakao_exact_jibun_address_match,인천 계양구 임학동 69-28,1,1,0.0,,kakao_local_api:address_jibun,https://dapi.kakao.com/v2/local/search/address.json,2026-09-06,https://www.data.go.kr/data/15038929/fileData.do,2026-01-19,2026-09-06,administrative_record_only_not_confirmed_active,신축,2019-02-28,2019-03-20,2020-02-06,업무시설,,"주소 기반 추정 위치, 공사현장 좌표 아님"
15038929:781,781,건축행정기록,공동주택,인천광역시 계양구 임학동 47-1,37.5462085,126.7323085,geocoded_kakao_jibun,kakao_exact_jibun_address_match,인천 계양구 임학동 47-1,1,1,0.0,,kakao_local_api:address_jibun,https://dapi.kakao.com/v2/local/search/address.json,2026-09-06,https://www.data.go.kr/data/15038929/fileData.do,2026-01-19,2026-09-06,administrative_record_only_not_confirmed_active,신축,2019-02-28,2019-03-06,2019-07-15,공동주택,,"주소 기반 추정 위치, 공사현장 좌표 아님"
15038929:782,782,건축행정기록,공동주택,인천광역시 계양구 임학동 38-7,37.5467326,126.7315241,geocoded_kakao_jibun,kakao_exact_jibun_address_match,인천 계양구 임학동 38-7,1,1,0.0,,kakao_local_api:address_jibun,https://dapi.kakao.com/v2/local/search/address.json,2026-09-06,https://www.data.go.kr/data/15038929/fileData.do,2026-01-19,2026-09-06,administrative_record_only_not_confirmed_active,신축,2019-02-28,2019-03-09,2019-08-07,공동주택,,"주소 기반 추정 위치, 공사현장 좌표 아님"
15038929:786,786,건축행정기록,제2종근린생활시설,인천광역시 계양구 작전동 852-30 외1필지,37.5356205,126.7222187,geocoded_kakao_jibun,kakao_exact_jibun_address_match,인천 계양구 작전동 852-30,1,1,0.0,,kakao_local_api:address_jibun,https://dapi.kakao.com/v2/local/search/address.json,2026-09-06,https://www.data.go.kr/data/15038929/fileData.do,2026-01-19,2026-09-06,administrative_record_only_not_confirmed_active,신축,2019-02-22,2019-03-08,2019-09-20,제2종근린생활시설,,"주소 기반 추정 위치, 공사현장 좌표 아님"
15038929:787,787,건축행정기록,업무시설,인천광역시 계양구 작전동 658-1 외5필지,37.5271805,126.7366274,geocoded_kakao_jibun,kakao_exact_jibun_address_match,인천 계양구 작전동 658-1,1,1,0.0,,kakao_local_api:address_jibun,https://dapi.kakao.com/v2/local/search/address.json,2026-09-06,https://www.data.go.kr/data/15038929/fileData.do,2026-01-19,2026-09-06,administrative_record_only_not_confirmed_active,신축,2019-02-22,2019-03-19,2020-02-12,업무시설,,"주소 기반 추정 위치, 공사현장 좌표 아님"
15038929:789,789,건축행정기록,공장,인천광역시 계양구 서운동 215-1,37.5342407,126.7574972,geocoded_kakao_jibun,kakao_exact_jibun_address_match,인천 계양구 서운동 215-1,1,1,0.0,,kakao_local_api:address_jibun,https://dapi.kakao.com/v2/local/search/address.json,2026-09-06,https://www.data.go.kr/data/15038929/fileData.do,2026-01-19,2026-09-06,administrative_record_only_not_confirmed_active,신축,2019-02-19,2019-06-19,2020-02-26,공장,,"주소 기반 추정 위치, 공사현장 좌표 아님"
15038929:790,790,건축행정기록,공동주택,인천광역시 계양구 다남동 103-180,37.5687052,126.7302426,geocoded_kakao_jibun,kakao_exact_jibun_address_match,인천 계양구 다남동 103-180,1,1,0.0,,kakao_local_api:address_jibun,https://dapi.kakao.com/v2/local/search/address.json,2026-09-06,https://www.data.go.kr/data/15038929/fileData.do,2026-01-19,2026-09-06,administrative_record_only_not_confirmed_active,신축,2019-02-18,2019-04-12,2019-09-06,공동주택,,"주소 기반 추정 위치, 공사현장 좌표 아님"
15038929:791,791,건축행정기록,공동주택,인천광역시 계양구 다남동 103-10,37.5688171,126.7300719,geocoded_kakao_jibun,kakao_exact_jibun_address_match,인천 계양구 다남동 103-10,1,1,0.0,,kakao_local_api:address_jibun,https://dapi.kakao.com/v2/local/search/address.json,2026-09-06,https://www.data.go.kr/data/15038929/fileData.do,2026-01-19,2026-09-06,administrative_record_only_not_confirmed_active,신축,2019-02-18,2019-04-11,2019-09-06,공동주택,,"주소 기반 추정 위치, 공사현장 좌표 아님"
15038929:792,792,건축행정기록,공장,인천광역시 계양구 효성동 320-9,37.5273591,126.7104571,geocoded_kakao_jibun,kakao_exact_jibun_address_match,인천 계양구 효성동 320-9,1,1,0.0,,kakao_local_api:address_jibun,https://dapi.kakao.com/v2/local/search/address.json,2026-09-06,https://www.data.go.kr/data/15038929/fileData.do,2026-01-19,2026-09-06,administrative_record_only_not_confirmed_active,증축,2019-02-12,2019-02-22,2019-06-05,공장,,"주소 기반 추정 위치, 공사현장 좌표 아님"
15038929:793,793,건축행정기록,교정및군사시설,인천광역시 계양구 둑실동 산 129-2 외52필지,,,unresolved,no_exact_parcel_match_in_kakao,,0,0,,,kakao_local_api:unresolved,https://dapi.kakao.com/v2/local/search/address.json,2026-09-06,https://www.data.go.kr/data/15038929/fileData.do,2026-01-19,2026-09-06,administrative_record_only_not_confirmed_active,증축,2019-02-11,2019-02-20,,교정및군사시설,,"주소 기반 추정 위치, 공사현장 좌표 아님"
15038929:794,794,건축행정기록,공장,인천광역시 계양구 서운동 서운일반산업단지 E-2,,,unresolved,address_not_parcel_or_road_notation,,0,0,,,kakao_local_api:unresolved,https://dapi.kakao.com/v2/local/search/address.json,2026-09-06,https://www.data.go.kr/data/15038929/fileData.do,2026-01-19,2026-09-06,administrative_record_only_not_confirmed_active,신축,2019-02-11,2019-02-18,2019-10-02,공장,,"주소 기반 추정 위치, 공사현장 좌표 아님"
15038929:795,795,건축행정기록,단독주택,인천광역시 계양구 선주지동 106-7,37.5796596,126.7482439,geocoded_kakao_jibun,kakao_exact_jibun_address_match,인천 계양구 선주지동 106-7,1,1,0.0,,kakao_local_api:address_jibun,https://dapi.kakao.com/v2/local/search/address.json,2026-09-06,https://www.data.go.kr/data/15038929/fileData.do,2026-01-19,2026-09-06,administrative_record_only_not_confirmed_active,증축,2019-02-01,2019-05-02,2019-07-18,단독주택,,"주소 기반 추정 위치, 공사현장 좌표 아님"
15038929:796,796,건축행정기록,제1종근린생활시설,인천광역시 계양구 이화동 230-34 외1필지,37.5924047,126.7383309,geocoded_kakao_jibun,kakao_exact_jibun_address_match,인천 계양구 이화동 230-34,1,1,0.0,,kakao_local_api:address_jibun,https://dapi.kakao.com/v2/local/search/address.json,2026-09-06,https://www.data.go.kr/data/15038929/fileData.do,2026-01-19,2026-09-06,administrative_record_only_not_confirmed_active,증축,2019-02-01,2019-02-14,2021-06-24,제1종근린생활시설,,"주소 기반 추정 위치, 공사현장 좌표 아님"
15038929:797,797,건축행정기록,제2종근린생활시설,인천광역시 계양구 효성동 497-7,37.5276282,126.7057172,geocoded_kakao_jibun,kakao_exact_jibun_address_match,인천 계양구 효성동 497-7,1,1,0.0,,kakao_local_api:address_jibun,https://dapi.kakao.com/v2/local/search/address.json,2026-09-06,https://www.data.go.kr/data/15038929/fileData.do,2026-01-19,2026-09-06,administrative_record_only_not_confirmed_active,신축,2019-01-30,2019-02-28,2019-09-19,제2종근린생활시설,,"주소 기반 추정 위치, 공사현장 좌표 아님"
15038929:799,799,건축행정기록,공장,인천광역시 계양구 서운동 216-3,37.5327383,126.7553900,geocoded_kakao_jibun,kakao_exact_jibun_address_match,인천 계양구 서운동 216-3,1,1,0.0,,kakao_local_api:address_jibun,https://dapi.kakao.com/v2/local/search/address.json,2026-09-06,https://www.data.go.kr/data/15038929/fileData.do,2026-01-19,2026-09-06,administrative_record_only_not_confirmed_active,신축,2019-01-28,2019-04-11,2020-03-31,공장,,"주소 기반 추정 위치, 공사현장 좌표 아님"
15038929:800,800,건축행정기록,제1종근린생활시설,인천광역시 계양구 동양동 617-5 외2필지,37.5611771,126.7577755,geocoded_kakao_jibun,kakao_exact_jibun_address_match,인천 계양구 동양동 617-5,1,1,0.0,,kakao_local_api:address_jibun,https://dapi.kakao.com/v2/local/search/address.json,2026-09-06,https://www.data.go.kr/data/15038929/fileData.do,2026-01-19,2026-09-06,administrative_record_only_not_confirmed_active,증축,2019-01-25,2019-02-12,2019-07-01,제1종근린생활시설,,"주소 기반 추정 위치, 공사현장 좌표 아님"
15038929:801,801,건축행정기록,교정및군사시설,인천광역시 계양구 동양동 320-7,37.5621684,126.7500275,geocoded_kakao_jibun,kakao_exact_jibun_address_match,인천 계양구 동양동 320-7,1,1,0.0,,kakao_local_api:address_jibun,https://dapi.kakao.com/v2/local/search/address.json,2026-09-06,https://www.data.go.kr/data/15038929/fileData.do,2026-01-19,2026-09-06,administrative_record_only_not_confirmed_active,신축,2019-01-23,2019-04-15,,교정및군사시설,,"주소 기반 추정 위치, 공사현장 좌표 아님"
15038929:802,802,건축행정기록,숙박시설,인천광역시 계양구 작전동 428-2 외2필지,37.5263408,126.7229333,geocoded_kakao_jibun,kakao_exact_jibun_address_match,인천 계양구 작전동 428-2,1,1,0.0,,kakao_local_api:address_jibun,https://dapi.kakao.com/v2/local/search/address.json,2026-09-06,https://www.data.go.kr/data/15038929/fileData.do,2026-01-19,2026-09-06,administrative_record_only_not_confirmed_active,증축,2019-01-21,2019-03-29,,숙박시설,,"주소 기반 추정 위치, 공사현장 좌표 아님"
15038929:803,803,건축행정기록,공장,인천광역시 계양구 작전동 619-6,37.5243620,126.7393288,geocoded_kakao_jibun,kakao_exact_jibun_address_match,인천 계양구 작전동 619-6,1,1,0.0,,kakao_local_api:address_jibun,https://dapi.kakao.com/v2/local/search/address.json,2026-09-06,https://www.data.go.kr/data/15038929/fileData.do,2026-01-19,2026-09-06,administrative_record_only_not_confirmed_active,증축,2019-01-18,2019-03-08,2019-08-02,공장,,"주소 기반 추정 위치, 공사현장 좌표 아님"
15038929:804,804,건축행정기록,제2종근린생활시설,인천광역시 계양구 계산동 334-1,37.5402461,126.7285565,geocoded_kakao_jibun,kakao_exact_jibun_address_match,인천 계양구 계산동 334-1,1,1,0.0,,kakao_local_api:address_jibun,https://dapi.kakao.com/v2/local/search/address.json,2026-09-06,https://www.data.go.kr/data/15038929/fileData.do,2026-01-19,2026-09-06,administrative_record_only_not_confirmed_active,증축,2019-01-15,2019-01-25,2019-08-21,제2종근린생활시설,,"주소 기반 추정 위치, 공사현장 좌표 아님"
15038929:805,805,건축행정기록,자동차관련시설,인천광역시 계양구 효성동 515-1,37.5256986,126.7043623,geocoded_kakao_jibun,kakao_exact_jibun_address_match,인천 계양구 효성동 515-1,1,1,0.0,,kakao_local_api:address_jibun,https://dapi.kakao.com/v2/local/search/address.json,2026-09-06,https://www.data.go.kr/data/15038929/fileData.do,2026-01-19,2026-09-06,administrative_record_only_not_confirmed_active,용도변경,2019-01-15,,2019-02-11,자동차관련시설,,"주소 기반 추정 위치, 공사현장 좌표 아님"
15038929:807,807,건축행정기록,제2종근린생활시설,인천광역시 계양구 계산동 1063-2,37.5395846,126.7352952,geocoded_kakao_jibun,kakao_exact_jibun_address_match,인천 계양구 계산동 1063-2,1,1,0.0,,kakao_local_api:address_jibun,https://dapi.kakao.com/v2/local/search/address.json,2026-09-06,https://www.data.go.kr/data/15038929/fileData.do,2026-01-19,2026-09-06,administrative_record_only_not_confirmed_active,대수선,2019-01-14,2019-01-25,2019-07-25,제2종근린생활시설,,"주소 기반 추정 위치, 공사현장 좌표 아님"
15038929:808,808,건축행정기록,제1종근린생활시설,인천광역시 계양구 용종동 209-1,37.5397108,126.7377052,geocoded_kakao_jibun,kakao_exact_jibun_address_match,인천 계양구 용종동 209-1,1,1,0.0,,kakao_local_api:address_jibun,https://dapi.kakao.com/v2/local/search/address.json,2026-09-06,https://www.data.go.kr/data/15038929/fileData.do,2026-01-19,2026-09-06,administrative_record_only_not_confirmed_active,신축,2019-01-09,2019-02-22,2020-05-18,제1종근린생활시설,,"주소 기반 추정 위치, 공사현장 좌표 아님"
15038929:809,809,건축행정기록,공동주택,인천광역시 계양구 다남동 103-172,37.5691081,126.7300879,geocoded_kakao_jibun,kakao_exact_jibun_address_match,인천 계양구 다남동 103-172,1,1,0.0,,kakao_local_api:address_jibun,https://dapi.kakao.com/v2/local/search/address.json,2026-09-06,https://www.data.go.kr/data/15038929/fileData.do,2026-01-19,2026-09-06,administrative_record_only_not_confirmed_active,신축,2019-01-08,2019-02-12,2019-09-10,공동주택,,"주소 기반 추정 위치, 공사현장 좌표 아님"
15038929:810,810,건축행정기록,공동주택,인천광역시 계양구 다남동 103-158 외1필지,37.5691552,126.7302858,geocoded_kakao_jibun,kakao_exact_jibun_address_match,인천 계양구 다남동 103-158,1,1,0.0,,kakao_local_api:address_jibun,https://dapi.kakao.com/v2/local/search/address.json,2026-09-06,https://www.data.go.kr/data/15038929/fileData.do,2026-01-19,2026-09-06,administrative_record_only_not_confirmed_active,신축,2019-01-08,2019-02-12,2019-09-06,공동주택,,"주소 기반 추정 위치, 공사현장 좌표 아님"
15038929:811,811,건축행정기록,공동주택,인천광역시 계양구 귤현동 486-3,37.5703231,126.7467696,geocoded_kakao_jibun,kakao_exact_jibun_address_match,인천 계양구 귤현동 486-3,1,1,0.0,,kakao_local_api:address_jibun,https://dapi.kakao.com/v2/local/search/address.json,2026-09-06,https://www.data.go.kr/data/15038929/fileData.do,2026-01-19,2026-09-06,administrative_record_only_not_confirmed_active,신축,2019-01-07,2019-01-15,2019-08-08,공동주택,,"주소 기반 추정 위치, 공사현장 좌표 아님"
15038929:813,813,건축행정기록,제1종근린생활시설,인천광역시 계양구 작전동 866-4,37.5296581,126.7232698,geocoded_kakao_jibun,kakao_exact_jibun_address_match,인천 계양구 작전동 866-4,1,1,0.0,,kakao_local_api:address_jibun,https://dapi.kakao.com/v2/local/search/address.json,2026-09-06,https://www.data.go.kr/data/15038929/fileData.do,2026-01-19,2026-09-06,administrative_record_only_not_confirmed_active,용도변경,2019-01-07,,2019-03-14,제1종근린생활시설,,"주소 기반 추정 위치, 공사현장 좌표 아님"
15038929:814,814,건축행정기록,공장,인천광역시 계양구 작전동 605-2,37.5243506,126.7421278,geocoded_kakao_jibun,kakao_exact_jibun_address_match,인천 계양구 작전동 605-2,1,1,0.0,,kakao_local_api:address_jibun,https://dapi.kakao.com/v2/local/search/address.json,2026-09-06,https://www.data.go.kr/data/15038929/fileData.do,2026-01-19,2026-09-06,administrative_record_only_not_confirmed_active,용도변경,2019-01-07,,2019-01-31,공장,,"주소 기반 추정 위치, 공사현장 좌표 아님"
15038929:817,817,건축행정기록,제1종근린생활시설,인천광역시 계양구 계산동 1080-8,37.5358365,126.7378714,geocoded_kakao_jibun,kakao_exact_jibun_address_match,인천 계양구 계산동 1080-8,1,1,0.0,,kakao_local_api:address_jibun,https://dapi.kakao.com/v2/local/search/address.json,2026-09-06,https://www.data.go.kr/data/15038929/fileData.do,2026-01-19,2026-09-06,administrative_record_only_not_confirmed_active,대수선,2025-12-19,2025-12-22,2026-01-08,제1종근린생활시설,,"주소 기반 추정 위치, 공사현장 좌표 아님"
15038929:818,818,건축행정기록,종교시설,인천광역시 계양구 동양동 인천계양 테크노밸리 공공주택지구내 종교시설1,,,unresolved,address_not_parcel_or_road_notation,,0,0,,,kakao_local_api:unresolved,https://dapi.kakao.com/v2/local/search/address.json,2026-09-06,https://www.data.go.kr/data/15038929/fileData.do,2026-01-19,2026-09-06,administrative_record_only_not_confirmed_active,신축,2025-10-28,2025-12-12,,종교시설,,"주소 기반 추정 위치, 공사현장 좌표 아님"
15038929:819,819,건축행정기록,제2종근린생활시설,인천광역시 계양구 계산동 1074-11,37.5363277,126.7346290,geocoded_kakao_jibun,kakao_exact_jibun_address_match,인천 계양구 계산동 1074-11,1,1,0.0,,kakao_local_api:address_jibun,https://dapi.kakao.com/v2/local/search/address.json,2026-09-06,https://www.data.go.kr/data/15038929/fileData.do,2026-01-19,2026-09-06,administrative_record_only_not_confirmed_active,대수선,2025-09-02,2025-10-21,,제2종근린생활시설,,"주소 기반 추정 위치, 공사현장 좌표 아님"
15038929:820,820,건축행정기록,종교시설,인천광역시 계양구 작전동 177,37.5271873,126.7301726,geocoded_kakao_jibun,kakao_exact_jibun_address_match,인천 계양구 작전동 177,1,1,0.0,,kakao_local_api:address_jibun,https://dapi.kakao.com/v2/local/search/address.json,2026-09-06,https://www.data.go.kr/data/15038929/fileData.do,2026-01-19,2026-09-06,administrative_record_only_not_confirmed_active,증축,2025-09-02,2025-10-15,,종교시설,,"주소 기반 추정 위치, 공사현장 좌표 아님"
15038929:821,821,건축행정기록,제1종근린생활시설,인천광역시 계양구 계산동 929-6,37.5437109,126.7253859,geocoded_kakao_jibun,kakao_exact_jibun_address_match,인천 계양구 계산동 929-6,1,1,0.0,,kakao_local_api:address_jibun,https://dapi.kakao.com/v2/local/search/address.json,2026-09-06,https://www.data.go.kr/data/15038929/fileData.do,2026-01-19,2026-09-06,administrative_record_only_not_confirmed_active,증축,2025-09-01,2025-12-09,,제1종근린생활시설,,"주소 기반 추정 위치, 공사현장 좌표 아님"
15038929:822,822,건축행정기록,제2종근린생활시설,인천광역시 계양구 오류동 152-1 외1필지,37.5872157,126.7233097,geocoded_kakao_jibun,kakao_exact_jibun_address_match,인천 계양구 오류동 152-1,1,1,0.0,,kakao_local_api:address_jibun,https://dapi.kakao.com/v2/local/search/address.json,2026-09-06,https://www.data.go.kr/data/15038929/fileData.do,2026-01-19,2026-09-06,administrative_record_only_not_confirmed_active,신축,2025-08-21,2025-09-11,,제2종근린생활시설,,"주소 기반 추정 위치, 공사현장 좌표 아님"
15038929:823,823,건축행정기록,제2종근린생활시설,인천광역시 계양구 오류동 137-6,37.5863247,126.7263503,geocoded_kakao_jibun,kakao_exact_jibun_address_match,인천 계양구 오류동 137-6,1,1,0.0,,kakao_local_api:address_jibun,https://dapi.kakao.com/v2/local/search/address.json,2026-09-06,https://www.data.go.kr/data/15038929/fileData.do,2026-01-19,2026-09-06,administrative_record_only_not_confirmed_active,증축,2025-08-20,2025-08-29,2025-12-19,제2종근린생활시설,,"주소 기반 추정 위치, 공사현장 좌표 아님"
15038929:824,824,건축행정기록,노유자시설,인천광역시 계양구 선주지동 121-6,37.5801733,126.7449392,geocoded_kakao_jibun,kakao_exact_jibun_address_match,인천 계양구 선주지동 121-6,1,1,0.0,,kakao_local_api:address_jibun,https://dapi.kakao.com/v2/local/search/address.json,2026-09-06,https://www.data.go.kr/data/15038929/fileData.do,2026-01-19,2026-09-06,administrative_record_only_not_confirmed_active,증축,2025-08-14,2025-09-19,2025-12-19,노유자시설,,"주소 기반 추정 위치, 공사현장 좌표 아님"
15038929:825,825,건축행정기록,종교시설,인천광역시 계양구 박촌동 19-3 외2필지,37.5563182,126.7442516,geocoded_kakao_jibun,kakao_exact_jibun_address_match,인천 계양구 박촌동 19-3,1,1,0.0,,kakao_local_api:address_jibun,https://dapi.kakao.com/v2/local/search/address.json,2026-09-06,https://www.data.go.kr/data/15038929/fileData.do,2026-01-19,2026-09-06,administrative_record_only_not_confirmed_active,증축,2025-08-01,2025-09-04,,종교시설,,"주소 기반 추정 위치, 공사현장 좌표 아님"
15038929:826,826,건축행정기록,공동주택,인천광역시 계양구 귤현동 507,37.5675825,126.7445656,geocoded_kakao_jibun,kakao_exact_jibun_address_match,인천 계양구 귤현동 507,1,1,0.0,,kakao_local_api:address_jibun,https://dapi.kakao.com/v2/local/search/address.json,2026-09-06,https://www.data.go.kr/data/15038929/fileData.do,2026-01-19,2026-09-06,administrative_record_only_not_confirmed_active,신축,2025-07-14,2025-07-22,2026-01-15,공동주택,,"주소 기반 추정 위치, 공사현장 좌표 아님"
15038929:827,827,건축행정기록,제1종근린생활시설,인천광역시 계양구 작전동 135-4 외1필지,37.5286416,126.7337181,geocoded_kakao_jibun,kakao_exact_jibun_address_match,인천 계양구 작전동 135-4,1,1,0.0,,kakao_local_api:address_jibun,https://dapi.kakao.com/v2/local/search/address.json,2026-09-06,https://www.data.go.kr/data/15038929/fileData.do,2026-01-19,2026-09-06,administrative_record_only_not_confirmed_active,증축,2025-06-30,2025-08-06,2025-12-01,제1종근린생활시설,,"주소 기반 추정 위치, 공사현장 좌표 아님"
15038929:828,828,건축행정기록,종교시설,인천광역시 계양구 계산동 933 외2필지,37.5447336,126.7203844,geocoded_kakao_jibun,kakao_exact_jibun_address_match,인천 계양구 계산동 933,1,1,0.0,,kakao_local_api:address_jibun,https://dapi.kakao.com/v2/local/search/address.json,2026-09-06,https://www.data.go.kr/data/15038929/fileData.do,2026-01-19,2026-09-06,administrative_record_only_not_confirmed_active,증축,2025-06-23,2025-08-29,,종교시설,,"주소 기반 추정 위치, 공사현장 좌표 아님"
15038929:829,829,건축행정기록,제2종근린생활시설,인천광역시 계양구 평동 46-19,37.5840683,126.7781511,geocoded_kakao_jibun,kakao_exact_jibun_address_match,인천 계양구 평동 46-19,1,1,0.0,,kakao_local_api:address_jibun,https://dapi.kakao.com/v2/local/search/address.json,2026-09-06,https://www.data.go.kr/data/15038929/fileData.do,2026-01-19,2026-09-06,administrative_record_only_not_confirmed_active,재축,2025-05-26,2025-06-25,2025-11-28,제2종근린생활시설,,"주소 기반 추정 위치, 공사현장 좌표 아님"
15038929:830,830,건축행정기록,공장,인천광역시 계양구 작전동 476-8,37.5242193,126.7197174,geocoded_kakao_jibun,kakao_exact_jibun_address_match,인천 계양구 작전동 476-8,1,1,0.0,,kakao_local_api:address_jibun,https://dapi.kakao.com/v2/local/search/address.json,2026-09-06,https://www.data.go.kr/data/15038929/fileData.do,2026-01-19,2026-09-06,administrative_record_only_not_confirmed_active,대수선,2025-05-26,2025-06-12,2025-11-05,공장,,"주소 기반 추정 위치, 공사현장 좌표 아님"
15038929:831,831,건축행정기록,제2종근린생활시설,인천광역시 계양구 이화동 122-86,37.5823640,126.7406232,geocoded_kakao_jibun,kakao_exact_jibun_address_match,인천 계양구 이화동 122-86,1,1,0.0,,kakao_local_api:address_jibun,https://dapi.kakao.com/v2/local/search/address.json,2026-09-06,https://www.data.go.kr/data/15038929/fileData.do,2026-01-19,2026-09-06,administrative_record_only_not_confirmed_active,신축,2025-05-26,2025-06-11,2025-09-12,제2종근린생활시설,,"주소 기반 추정 위치, 공사현장 좌표 아님"
15038929:832,832,건축행정기록,교육연구시설,인천광역시 계양구 계산동 548-4 외21필지,37.5487313,126.7229528,geocoded_kakao_jibun,kakao_exact_jibun_address_match,인천 계양구 계산동 548-4,1,1,0.0,,kakao_local_api:address_jibun,https://dapi.kakao.com/v2/local/search/address.json,2026-09-06,https://www.data.go.kr/data/15038929/fileData.do,2026-01-19,2026-09-06,administrative_record_only_not_confirmed_active,증축,2025-04-23,2025-07-25,,교육연구시설,,"주소 기반 추정 위치, 공사현장 좌표 아님"
15038929:833,833,건축행정기록,제2종근린생활시설,인천광역시 계양구 선주지동 20-10,37.5822811,126.7424309,geocoded_kakao_jibun,kakao_exact_jibun_address_match,인천 계양구 선주지동 20-10,1,1,0.0,,kakao_local_api:address_jibun,https://dapi.kakao.com/v2/local/search/address.json,2026-09-06,https://www.data.go.kr/data/15038929/fileData.do,2026-01-19,2026-09-06,administrative_record_only_not_confirmed_active,신축,2025-04-23,2025-05-14,2025-11-20,제2종근린생활시설,,"주소 기반 추정 위치, 공사현장 좌표 아님"
15038929:834,834,건축행정기록,노유자시설,인천광역시 계양구 다남동 77-24 외1필지,37.5691497,126.7243358,geocoded_kakao_jibun,kakao_exact_jibun_address_match,인천 계양구 다남동 77-24,1,1,0.0,,kakao_local_api:address_jibun,https://dapi.kakao.com/v2/local/search/address.json,2026-09-06,https://www.data.go.kr/data/15038929/fileData.do,2026-01-19,2026-09-06,administrative_record_only_not_confirmed_active,신축,2025-03-28,2025-04-28,2025-09-29,노유자시설,,"주소 기반 추정 위치, 공사현장 좌표 아님"
15038929:835,835,건축행정기록,자동차관련시설,인천광역시 계양구 작전동 619-5,37.5250510,126.7394494,geocoded_kakao_jibun,kakao_exact_jibun_address_match,인천 계양구 작전동 619-5,1,1,0.0,,kakao_local_api:address_jibun,https://dapi.kakao.com/v2/local/search/address.json,2026-09-06,https://www.data.go.kr/data/15038929/fileData.do,2026-01-19,2026-09-06,administrative_record_only_not_confirmed_active,신축,2025-03-14,2025-12-03,,자동차관련시설,,"주소 기반 추정 위치, 공사현장 좌표 아님"
15038929:836,836,건축행정기록,제2종근린생활시설,인천광역시 계양구 작전동 668-8,37.5248051,126.7386802,geocoded_kakao_jibun,kakao_exact_jibun_address_match,인천 계양구 작전동 668-8,1,1,0.0,,kakao_local_api:address_jibun,https://dapi.kakao.com/v2/local/search/address.json,2026-09-06,https://www.data.go.kr/data/15038929/fileData.do,2026-01-19,2026-09-06,administrative_record_only_not_confirmed_active,신축,2025-02-18,2025-04-25,2025-07-17,제2종근린생활시설,,"주소 기반 추정 위치, 공사현장 좌표 아님"
15038929:837,837,건축행정기록,창고시설,인천광역시 계양구 귤현동 451-565,37.5707183,126.7351623,geocoded_kakao_jibun,kakao_exact_jibun_address_match,인천 계양구 귤현동 451-565,1,1,0.0,,kakao_local_api:address_jibun,https://dapi.kakao.com/v2/local/search/address.json,2026-09-06,https://www.data.go.kr/data/15038929/fileData.do,2026-01-19,2026-09-06,administrative_record_only_not_confirmed_active,신축,2025-02-10,2025-07-11,2025-09-25,창고시설,,"주소 기반 추정 위치, 공사현장 좌표 아님"
15038929:838,838,건축행정기록,단독주택,인천광역시 계양구 효성동 495-6,37.5269722,126.7065547,geocoded_kakao_jibun,kakao_exact_jibun_address_match,인천 계양구 효성동 495-6,1,1,0.0,,kakao_local_api:address_jibun,https://dapi.kakao.com/v2/local/search/address.json,2026-09-06,https://www.data.go.kr/data/15038929/fileData.do,2026-01-19,2026-09-06,administrative_record_only_not_confirmed_active,대수선,2025-02-04,2025-02-11,2025-06-05,단독주택,,"주소 기반 추정 위치, 공사현장 좌표 아님"
15038929:839,839,건축행정기록,의료시설,인천광역시 계양구 작전동 708-3,37.5250984,126.7341001,geocoded_kakao_jibun,kakao_exact_jibun_address_match,인천 계양구 작전동 708-3,1,1,0.0,,kakao_local_api:address_jibun,https://dapi.kakao.com/v2/local/search/address.json,2026-09-06,https://www.data.go.kr/data/15038929/fileData.do,2026-01-19,2026-09-06,administrative_record_only_not_confirmed_active,증축,2025-01-24,2025-08-19,,의료시설,,"주소 기반 추정 위치, 공사현장 좌표 아님"
15038929:840,840,건축행정기록,제2종근린생활시설,인천광역시 계양구 평동 96-16 외1필지,37.5779105,126.7748065,geocoded_kakao_jibun,kakao_exact_jibun_address_match,인천 계양구 평동 96-16,1,1,0.0,,kakao_local_api:address_jibun,https://dapi.kakao.com/v2/local/search/address.json,2026-09-06,https://www.data.go.kr/data/15038929/fileData.do,2026-01-19,2026-09-06,administrative_record_only_not_confirmed_active,신축,2024-12-26,2025-06-11,,제2종근린생활시설,,"주소 기반 추정 위치, 공사현장 좌표 아님"
15038929:841,841,건축행정기록,제2종근린생활시설,인천광역시 계양구 오류동 137-6 외1필지,37.5863247,126.7263503,geocoded_kakao_jibun,kakao_exact_jibun_address_match,인천 계양구 오류동 137-6,1,1,0.0,,kakao_local_api:address_jibun,https://dapi.kakao.com/v2/local/search/address.json,2026-09-06,https://www.data.go.kr/data/15038929/fileData.do,2026-01-19,2026-09-06,administrative_record_only_not_confirmed_active,신축,2024-12-11,2025-01-07,2025-06-20,제2종근린생활시설,,"주소 기반 추정 위치, 공사현장 좌표 아님"
15038929:842,842,건축행정기록,제2종근린생활시설,인천광역시 계양구 오류동 137-2 외1필지,37.5861925,126.7263629,geocoded_kakao_jibun,kakao_exact_jibun_address_match,인천 계양구 오류동 137-2,1,1,0.0,,kakao_local_api:address_jibun,https://dapi.kakao.com/v2/local/search/address.json,2026-09-06,https://www.data.go.kr/data/15038929/fileData.do,2026-01-19,2026-09-06,administrative_record_only_not_confirmed_active,신축,2024-12-11,2025-01-07,2025-07-08,제2종근린생활시설,,"주소 기반 추정 위치, 공사현장 좌표 아님"
15038929:843,843,건축행정기록,창고시설,인천광역시 계양구 선주지동 6-7,37.5837673,126.7472322,geocoded_kakao_jibun,kakao_exact_jibun_address_match,인천 계양구 선주지동 6-7,1,1,0.0,,kakao_local_api:address_jibun,https://dapi.kakao.com/v2/local/search/address.json,2026-09-06,https://www.data.go.kr/data/15038929/fileData.do,2026-01-19,2026-09-06,administrative_record_only_not_confirmed_active,신축,2024-12-06,2025-07-03,,창고시설,,"주소 기반 추정 위치, 공사현장 좌표 아님"
15038929:844,844,건축행정기록,공장,인천광역시 계양구 서운동 216-2,37.5331258,126.7553886,geocoded_kakao_jibun,kakao_exact_jibun_address_match,인천 계양구 서운동 216-2,1,1,0.0,,kakao_local_api:address_jibun,https://dapi.kakao.com/v2/local/search/address.json,2026-09-06,https://www.data.go.kr/data/15038929/fileData.do,2026-01-19,2026-09-06,administrative_record_only_not_confirmed_active,증축,2024-12-03,2024-12-12,2025-06-09,공장,,"주소 기반 추정 위치, 공사현장 좌표 아님"
15038929:845,845,건축행정기록,"국방,군사시설",인천광역시 계양구 갈현동 60-16 외1필지,37.5777912,126.7265846,geocoded_kakao_jibun,kakao_exact_jibun_address_match,인천 계양구 갈현동 60-16,1,1,0.0,,kakao_local_api:address_jibun,https://dapi.kakao.com/v2/local/search/address.json,2026-09-06,https://www.data.go.kr/data/15038929/fileData.do,2026-01-19,2026-09-06,administrative_record_only_not_confirmed_active,신축,2024-12-02,2025-08-07,,"국방,군사시설",,"주소 기반 추정 위치, 공사현장 좌표 아님"
15038929:846,846,건축행정기록,제2종근린생활시설,인천광역시 계양구 갈현동 101-12,37.5766318,126.7219601,geocoded_kakao_jibun,kakao_exact_jibun_address_match,인천 계양구 갈현동 101-12,1,1,0.0,,kakao_local_api:address_jibun,https://dapi.kakao.com/v2/local/search/address.json,2026-09-06,https://www.data.go.kr/data/15038929/fileData.do,2026-01-19,2026-09-06,administrative_record_only_not_confirmed_active,신축,2024-11-25,2025-08-19,,제2종근린생활시설,,"주소 기반 추정 위치, 공사현장 좌표 아님"
15038929:847,847,건축행정기록,종교시설,인천광역시 계양구 계산동 산 50-1,37.5462349,126.7146860,geocoded_kakao_jibun,kakao_exact_jibun_address_match,인천 계양구 계산동 산 50-1,1,1,0.0,,kakao_local_api:address_jibun,https://dapi.kakao.com/v2/local/search/address.json,2026-09-06,https://www.data.go.kr/data/15038929/fileData.do,2026-01-19,2026-09-06,administrative_record_only_not_confirmed_active,증축,2024-11-05,2024-11-22,2025-07-25,종교시설,,"주소 기반 추정 위치, 공사현장 좌표 아님"
15038929:848,848,건축행정기록,제2종근린생활시설,인천광역시 계양구 다남동 74-21 외1필지,37.5709074,126.7239537,geocoded_kakao_jibun,kakao_exact_jibun_address_match,인천 계양구 다남동 74-21,1,1,0.0,,kakao_local_api:address_jibun,https://dapi.kakao.com/v2/local/search/address.json,2026-09-06,https://www.data.go.kr/data/15038929/fileData.do,2026-01-19,2026-09-06,administrative_record_only_not_confirmed_active,증축,2024-10-25,2024-11-14,2025-04-29,제2종근린생활시설,,"주소 기반 추정 위치, 공사현장 좌표 아님"
15038929:849,849,건축행정기록,업무시설,인천광역시 계양구 효성동 34 외2필지,37.5341924,126.7077720,geocoded_kakao_jibun,kakao_exact_jibun_address_match,인천 계양구 효성동 34,1,1,0.0,,kakao_local_api:address_jibun,https://dapi.kakao.com/v2/local/search/address.json,2026-09-06,https://www.data.go.kr/data/15038929/fileData.do,2026-01-19,2026-09-06,administrative_record_only_not_confirmed_active,신축,2024-10-16,2024-12-13,,업무시설,,"주소 기반 추정 위치, 공사현장 좌표 아님"
15038929:850,850,건축행정기록,노유자시설,인천광역시 계양구 작전동 407-1 외1필지,37.5250635,126.7257048,geocoded_kakao_jibun,kakao_exact_jibun_address_match,인천 계양구 작전동 407-1,1,1,0.0,,kakao_local_api:address_jibun,https://dapi.kakao.com/v2/local/search/address.json,2026-09-06,https://www.data.go.kr/data/15038929/fileData.do,2026-01-19,2026-09-06,administrative_record_only_not_confirmed_active,대수선,2024-10-15,2024-11-06,2025-02-26,노유자시설,,"주소 기반 추정 위치, 공사현장 좌표 아님"
15038929:851,851,건축행정기록,단독주택,인천광역시 계양구 서운동 28-6,37.5298337,126.7436257,geocoded_kakao_jibun,kakao_exact_jibun_address_match,인천 계양구 서운동 28-6,1,1,0.0,,kakao_local_api:address_jibun,https://dapi.kakao.com/v2/local/search/address.json,2026-09-06,https://www.data.go.kr/data/15038929/fileData.do,2026-01-19,2026-09-06,administrative_record_only_not_confirmed_active,신축,2024-09-12,2024-11-15,2025-08-14,단독주택,,"주소 기반 추정 위치, 공사현장 좌표 아님"
15038929:852,852,건축행정기록,제2종근린생활시설,인천광역시 계양구 평동 96-5,37.5785469,126.7744217,geocoded_kakao_jibun,kakao_exact_jibun_address_match,인천 계양구 평동 96-5,1,1,0.0,,kakao_local_api:address_jibun,https://dapi.kakao.com/v2/local/search/address.json,2026-09-06,https://www.data.go.kr/data/15038929/fileData.do,2026-01-19,2026-09-06,administrative_record_only_not_confirmed_active,신축,2024-09-04,2024-09-19,2024-12-18,제2종근린생활시설,,"주소 기반 추정 위치, 공사현장 좌표 아님"
15038929:853,853,건축행정기록,제1종근린생활시설,인천광역시 계양구 선주지동 196-2,37.5781696,126.7461401,geocoded_kakao_jibun,kakao_exact_jibun_address_match,인천 계양구 선주지동 196-2,1,1,0.0,,kakao_local_api:address_jibun,https://dapi.kakao.com/v2/local/search/address.json,2026-09-06,https://www.data.go.kr/data/15038929/fileData.do,2026-01-19,2026-09-06,administrative_record_only_not_confirmed_active,신축,2024-08-20,2024-08-23,2024-11-06,제1종근린생활시설,,"주소 기반 추정 위치, 공사현장 좌표 아님"
15038929:854,854,건축행정기록,제2종근린생활시설,인천광역시 계양구 효성동 185-1 외1필지,37.5293799,126.7059386,geocoded_kakao_jibun,kakao_exact_jibun_address_match,인천 계양구 효성동 185-1,1,1,0.0,,kakao_local_api:address_jibun,https://dapi.kakao.com/v2/local/search/address.json,2026-09-06,https://www.data.go.kr/data/15038929/fileData.do,2026-01-19,2026-09-06,administrative_record_only_not_confirmed_active,신축,2024-08-20,2024-08-29,2024-11-26,제2종근린생활시설,,"주소 기반 추정 위치, 공사현장 좌표 아님"
15038929:855,855,건축행정기록,제1종근린생활시설,인천광역시 계양구 귤현동 427-6,37.5681267,126.7373328,geocoded_kakao_jibun,kakao_exact_jibun_address_match,인천 계양구 귤현동 427-6,1,1,0.0,,kakao_local_api:address_jibun,https://dapi.kakao.com/v2/local/search/address.json,2026-09-06,https://www.data.go.kr/data/15038929/fileData.do,2026-01-19,2026-09-06,administrative_record_only_not_confirmed_active,신축,2024-07-26,2025-01-10,2025-06-23,제1종근린생활시설,,"주소 기반 추정 위치, 공사현장 좌표 아님"
15038929:856,856,건축행정기록,제1종근린생활시설,인천광역시 계양구 귤현동 427-32,37.5677797,126.7373436,geocoded_kakao_jibun,kakao_exact_jibun_address_match,인천 계양구 귤현동 427-32,1,1,0.0,,kakao_local_api:address_jibun,https://dapi.kakao.com/v2/local/search/address.json,2026-09-06,https://www.data.go.kr/data/15038929/fileData.do,2026-01-19,2026-09-06,administrative_record_only_not_confirmed_active,신축,2024-07-26,2025-01-10,2025-06-23,제1종근린생활시설,,"주소 기반 추정 위치, 공사현장 좌표 아님"
15038929:857,857,건축행정기록,단독주택,인천광역시 계양구 다남동 72-3,37.5693441,126.7235991,geocoded_kakao_jibun,kakao_exact_jibun_address_match,인천 계양구 다남동 72-3,1,1,0.0,,kakao_local_api:address_jibun,https://dapi.kakao.com/v2/local/search/address.json,2026-09-06,https://www.data.go.kr/data/15038929/fileData.do,2026-01-19,2026-09-06,administrative_record_only_not_confirmed_active,신축,2024-07-23,2024-07-31,2025-02-19,단독주택,,"주소 기반 추정 위치, 공사현장 좌표 아님"
15038929:858,858,건축행정기록,제1종근린생활시설,인천광역시 계양구 계산동 946-5,37.5430314,126.7275507,geocoded_kakao_jibun,kakao_exact_jibun_address_match,인천 계양구 계산동 946-5,1,1,0.0,,kakao_local_api:address_jibun,https://dapi.kakao.com/v2/local/search/address.json,2026-09-06,https://www.data.go.kr/data/15038929/fileData.do,2026-01-19,2026-09-06,administrative_record_only_not_confirmed_active,증축,2024-07-17,2025-05-20,,제1종근린생활시설,,"주소 기반 추정 위치, 공사현장 좌표 아님"
15038929:859,859,건축행정기록,공동주택,인천광역시 계양구 장기동 142-9,37.5799590,126.7370636,geocoded_kakao_jibun,kakao_exact_jibun_address_match,인천 계양구 장기동 142-9,1,1,0.0,,kakao_local_api:address_jibun,https://dapi.kakao.com/v2/local/search/address.json,2026-09-06,https://www.data.go.kr/data/15038929/fileData.do,2026-01-19,2026-09-06,administrative_record_only_not_confirmed_active,신축,2024-07-01,2024-08-07,2025-02-25,공동주택,,"주소 기반 추정 위치, 공사현장 좌표 아님"
15038929:860,860,건축행정기록,단독주택,인천광역시 계양구 둑실동 194-2,37.5800342,126.6923691,geocoded_kakao_jibun,kakao_exact_jibun_address_match,인천 계양구 둑실동 194-2,1,1,0.0,,kakao_local_api:address_jibun,https://dapi.kakao.com/v2/local/search/address.json,2026-09-06,https://www.data.go.kr/data/15038929/fileData.do,2026-01-19,2026-09-06,administrative_record_only_not_confirmed_active,신축,2024-04-19,2024-08-08,2025-02-18,단독주택,,"주소 기반 추정 위치, 공사현장 좌표 아님"
15038929:861,861,건축행정기록,"국방,군사시설",인천광역시 계양구 동양동 320-1 외31필지,37.5608197,126.7501087,geocoded_kakao_jibun,kakao_exact_jibun_address_match,인천 계양구 동양동 320-1,1,1,0.0,,kakao_local_api:address_jibun,https://dapi.kakao.com/v2/local/search/address.json,2026-09-06,https://www.data.go.kr/data/15038929/fileData.do,2026-01-19,2026-09-06,administrative_record_only_not_confirmed_active,증축,2024-04-08,2025-02-04,,"국방,군사시설",,"주소 기반 추정 위치, 공사현장 좌표 아님"
15038929:862,862,건축행정기록,"국방,군사시설",인천광역시 계양구 갈현동 60-16 외10필지,37.5777912,126.7265846,geocoded_kakao_jibun,kakao_exact_jibun_address_match,인천 계양구 갈현동 60-16,1,1,0.0,,kakao_local_api:address_jibun,https://dapi.kakao.com/v2/local/search/address.json,2026-09-06,https://www.data.go.kr/data/15038929/fileData.do,2026-01-19,2026-09-06,administrative_record_only_not_confirmed_active,증축,2024-04-08,2025-02-04,,"국방,군사시설",,"주소 기반 추정 위치, 공사현장 좌표 아님"
15038929:863,863,건축행정기록,공동주택,인천광역시 계양구 계산동 906-15,37.5466642,126.7284122,geocoded_kakao_jibun,kakao_exact_jibun_address_match,인천 계양구 계산동 906-15,1,1,0.0,,kakao_local_api:address_jibun,https://dapi.kakao.com/v2/local/search/address.json,2026-09-06,https://www.data.go.kr/data/15038929/fileData.do,2026-01-19,2026-09-06,administrative_record_only_not_confirmed_active,신축,2024-04-01,2024-06-04,2025-05-20,공동주택,,"주소 기반 추정 위치, 공사현장 좌표 아님"
15038929:864,864,건축행정기록,제1종근린생활시설,인천광역시 계양구 오류동 23-1,37.5868241,126.7285923,geocoded_kakao_jibun,kakao_exact_jibun_address_match,인천 계양구 오류동 23-1,1,1,0.0,,kakao_local_api:address_jibun,https://dapi.kakao.com/v2/local/search/address.json,2026-09-06,https://www.data.go.kr/data/15038929/fileData.do,2026-01-19,2026-09-06,administrative_record_only_not_confirmed_active,신축,2024-03-28,2024-04-25,2024-08-27,제1종근린생활시설,,"주소 기반 추정 위치, 공사현장 좌표 아님"
15038929:865,865,건축행정기록,제1종근린생활시설,인천광역시 계양구 작전동 852-32,37.5352924,126.7222252,geocoded_kakao_jibun,kakao_exact_jibun_address_match,인천 계양구 작전동 852-32,1,1,0.0,,kakao_local_api:address_jibun,https://dapi.kakao.com/v2/local/search/address.json,2026-09-06,https://www.data.go.kr/data/15038929/fileData.do,2026-01-19,2026-09-06,administrative_record_only_not_confirmed_active,신축,2024-03-18,2024-08-26,2025-10-01,제1종근린생활시설,,"주소 기반 추정 위치, 공사현장 좌표 아님"
15038929:866,866,건축행정기록,의료시설,인천광역시 계양구 작전동 900-4 외2필지,37.5321429,126.7343356,geocoded_kakao_jibun,kakao_exact_jibun_address_match,인천 계양구 작전동 900-4,1,1,0.0,,kakao_local_api:address_jibun,https://dapi.kakao.com/v2/local/search/address.json,2026-09-06,https://www.data.go.kr/data/15038929/fileData.do,2026-01-19,2026-09-06,administrative_record_only_not_confirmed_active,증축,2024-03-08,2024-03-20,2024-09-25,의료시설,,"주소 기반 추정 위치, 공사현장 좌표 아님"
15038929:867,867,건축행정기록,제2종근린생활시설,인천광역시 계양구 상야동 148-5 외1필지,37.5796983,126.7773405,geocoded_kakao_jibun,kakao_exact_jibun_address_match,인천 계양구 상야동 148-5,1,1,0.0,,kakao_local_api:address_jibun,https://dapi.kakao.com/v2/local/search/address.json,2026-09-06,https://www.data.go.kr/data/15038929/fileData.do,2026-01-19,2026-09-06,administrative_record_only_not_confirmed_active,증축,2024-03-06,2024-05-29,,제2종근린생활시설,,"주소 기반 추정 위치, 공사현장 좌표 아님"
15038929:868,868,건축행정기록,"국방,군사시설",인천광역시 계양구 귤현동 344-1,37.5631893,126.7377270,geocoded_kakao_jibun,kakao_exact_jibun_address_match,인천 계양구 귤현동 344-1,1,1,0.0,,kakao_local_api:address_jibun,https://dapi.kakao.com/v2/local/search/address.json,2026-09-06,https://www.data.go.kr/data/15038929/fileData.do,2026-01-19,2026-09-06,administrative_record_only_not_confirmed_active,증축,2024-03-04,2024-10-22,,"국방,군사시설",,"주소 기반 추정 위치, 공사현장 좌표 아님"
15038929:869,869,건축행정기록,운동시설,인천광역시 계양구 동양동 225 외6필지,37.5640338,126.7563269,geocoded_kakao_jibun,kakao_exact_jibun_address_match,인천 계양구 동양동 225,1,1,0.0,,kakao_local_api:address_jibun,https://dapi.kakao.com/v2/local/search/address.json,2026-09-06,https://www.data.go.kr/data/15038929/fileData.do,2026-01-19,2026-09-06,administrative_record_only_not_confirmed_active,신축,2024-02-26,2024-08-16,,운동시설,,"주소 기반 추정 위치, 공사현장 좌표 아님"
15038929:870,870,건축행정기록,제1종근린생활시설,인천광역시 계양구 병방동 317-3,37.5476579,126.7404849,geocoded_kakao_jibun,kakao_exact_jibun_address_match,인천 계양구 병방동 317-3,1,1,0.0,,kakao_local_api:address_jibun,https://dapi.kakao.com/v2/local/search/address.json,2026-09-06,https://www.data.go.kr/data/15038929/fileData.do,2026-01-19,2026-09-06,administrative_record_only_not_confirmed_active,대수선,2024-02-08,2024-06-10,2024-09-25,제1종근린생활시설,,"주소 기반 추정 위치, 공사현장 좌표 아님"
15038929:871,871,건축행정기록,제2종근린생활시설,인천광역시 계양구 다남동 82-32 외1필지,37.5691294,126.7255406,geocoded_kakao_jibun,kakao_exact_jibun_address_match,인천 계양구 다남동 82-32,1,1,0.0,,kakao_local_api:address_jibun,https://dapi.kakao.com/v2/local/search/address.json,2026-09-06,https://www.data.go.kr/data/15038929/fileData.do,2026-01-19,2026-09-06,administrative_record_only_not_confirmed_active,신축,2024-01-30,2024-06-14,2025-11-25,제2종근린생활시설,,"주소 기반 추정 위치, 공사현장 좌표 아님"
15038929:872,872,건축행정기록,자원순환관련시설,인천광역시 계양구 서운동 142-28 외1필지,37.5258955,126.7562535,geocoded_kakao_jibun,kakao_exact_jibun_address_match,인천 계양구 서운동 142-28,1,1,0.0,,kakao_local_api:address_jibun,https://dapi.kakao.com/v2/local/search/address.json,2026-09-06,https://www.data.go.kr/data/15038929/fileData.do,2026-01-19,2026-09-06,administrative_record_only_not_confirmed_active,증축,2024-01-22,2024-03-22,2024-08-02,자원순환관련시설,,"주소 기반 추정 위치, 공사현장 좌표 아님"
15038929:873,873,건축행정기록,제1종근린생활시설,인천광역시 계양구 계산동 348-4,37.5426090,126.7299354,geocoded_kakao_jibun,kakao_exact_jibun_address_match,인천 계양구 계산동 348-4,1,1,0.0,,kakao_local_api:address_jibun,https://dapi.kakao.com/v2/local/search/address.json,2026-09-06,https://www.data.go.kr/data/15038929/fileData.do,2026-01-19,2026-09-06,administrative_record_only_not_confirmed_active,증축,2024-01-13,2024-05-09,2025-12-30,제1종근린생활시설,,"주소 기반 추정 위치, 공사현장 좌표 아님"
15038929:874,874,건축행정기록,공동주택,인천광역시 계양구 계산동 896-5,37.5455425,126.7197779,geocoded_kakao_jibun,kakao_exact_jibun_address_match,인천 계양구 계산동 896-5,1,1,0.0,,kakao_local_api:address_jibun,https://dapi.kakao.com/v2/local/search/address.json,2026-09-06,https://www.data.go.kr/data/15038929/fileData.do,2026-01-19,2026-09-06,administrative_record_only_not_confirmed_active,신축,2023-12-22,2024-01-03,2024-08-29,공동주택,,"주소 기반 추정 위치, 공사현장 좌표 아님"
15038929:875,875,건축행정기록,"국방,군사시설",인천광역시 계양구 동양동 320-1 외31필지,37.5608197,126.7501087,geocoded_kakao_jibun,kakao_exact_jibun_address_match,인천 계양구 동양동 320-1,1,1,0.0,,kakao_local_api:address_jibun,https://dapi.kakao.com/v2/local/search/address.json,2026-09-06,https://www.data.go.kr/data/15038929/fileData.do,2026-01-19,2026-09-06,administrative_record_only_not_confirmed_active,증축,2023-12-13,2025-05-21,,"국방,군사시설",,"주소 기반 추정 위치, 공사현장 좌표 아님"
15038929:876,876,건축행정기록,노유자시설,인천광역시 계양구 계산동 906,37.5473556,126.7271554,geocoded_kakao_jibun,kakao_exact_jibun_address_match,인천 계양구 계산동 906,1,1,0.0,,kakao_local_api:address_jibun,https://dapi.kakao.com/v2/local/search/address.json,2026-09-06,https://www.data.go.kr/data/15038929/fileData.do,2026-01-19,2026-09-06,administrative_record_only_not_confirmed_active,대수선,2023-11-24,2024-03-20,,노유자시설,,"주소 기반 추정 위치, 공사현장 좌표 아님"
15038929:877,877,건축행정기록,노유자시설,인천광역시 계양구 갈현동 100,37.5766164,126.7222495,geocoded_kakao_jibun,kakao_exact_jibun_address_match,인천 계양구 갈현동 100,1,1,0.0,,kakao_local_api:address_jibun,https://dapi.kakao.com/v2/local/search/address.json,2026-09-06,https://www.data.go.kr/data/15038929/fileData.do,2026-01-19,2026-09-06,administrative_record_only_not_confirmed_active,신축,2023-10-30,2024-05-29,2024-12-05,노유자시설,,"주소 기반 추정 위치, 공사현장 좌표 아님"
15038929:878,878,건축행정기록,제1종근린생활시설,인천광역시 계양구 작전동 693-4,37.5270690,126.7350763,geocoded_kakao_jibun,kakao_exact_jibun_address_match,인천 계양구 작전동 693-4,1,1,0.0,,kakao_local_api:address_jibun,https://dapi.kakao.com/v2/local/search/address.json,2026-09-06,https://www.data.go.kr/data/15038929/fileData.do,2026-01-19,2026-09-06,administrative_record_only_not_confirmed_active,대수선,2023-10-04,2023-12-07,2024-07-02,제1종근린생활시설,,"주소 기반 추정 위치, 공사현장 좌표 아님"
15038929:879,879,건축행정기록,단독주택,인천광역시 계양구 방축동 3-39 외1필지,37.5519677,126.7410018,geocoded_kakao_jibun,kakao_exact_jibun_address_match,인천 계양구 방축동 3-39,1,1,0.0,,kakao_local_api:address_jibun,https://dapi.kakao.com/v2/local/search/address.json,2026-09-06,https://www.data.go.kr/data/15038929/fileData.do,2026-01-19,2026-09-06,administrative_record_only_not_confirmed_active,신축,2023-09-22,2024-03-07,2024-10-28,단독주택,,"주소 기반 추정 위치, 공사현장 좌표 아님"
15038929:880,880,건축행정기록,단독주택,인천광역시 계양구 동양동 596-9,37.5630186,126.7560781,geocoded_kakao_jibun,kakao_exact_jibun_address_match,인천 계양구 동양동 596-9,1,1,0.0,,kakao_local_api:address_jibun,https://dapi.kakao.com/v2/local/search/address.json,2026-09-06,https://www.data.go.kr/data/15038929/fileData.do,2026-01-19,2026-09-06,administrative_record_only_not_confirmed_active,신축,2023-09-21,2023-11-02,2024-05-21,단독주택,,"주소 기반 추정 위치, 공사현장 좌표 아님"
15038929:881,881,건축행정기록,업무시설,인천광역시 계양구 계산동 1079-4,37.5362436,126.7382709,geocoded_kakao_jibun,kakao_exact_jibun_address_match,인천 계양구 계산동 1079-4,1,1,0.0,,kakao_local_api:address_jibun,https://dapi.kakao.com/v2/local/search/address.json,2026-09-06,https://www.data.go.kr/data/15038929/fileData.do,2026-01-19,2026-09-06,administrative_record_only_not_confirmed_active,신축,2023-09-19,2024-04-25,2025-12-22,업무시설,,"주소 기반 추정 위치, 공사현장 좌표 아님"
15038929:882,882,건축행정기록,제2종근린생활시설,인천광역시 계양구 작전동 645-2,37.5283140,126.7342388,geocoded_kakao_jibun,kakao_exact_jibun_address_match,인천 계양구 작전동 645-2,1,1,0.0,,kakao_local_api:address_jibun,https://dapi.kakao.com/v2/local/search/address.json,2026-09-06,https://www.data.go.kr/data/15038929/fileData.do,2026-01-19,2026-09-06,administrative_record_only_not_confirmed_active,신축,2023-08-16,2023-09-19,2024-08-29,제2종근린생활시설,,"주소 기반 추정 위치, 공사현장 좌표 아님"
15038929:883,883,건축행정기록,노유자시설,인천광역시 계양구 갈현동 80-2,37.5749558,126.7279865,geocoded_kakao_jibun,kakao_exact_jibun_address_match,인천 계양구 갈현동 80-2,1,1,0.0,,kakao_local_api:address_jibun,https://dapi.kakao.com/v2/local/search/address.json,2026-09-06,https://www.data.go.kr/data/15038929/fileData.do,2026-01-19,2026-09-06,administrative_record_only_not_confirmed_active,신축,2023-08-10,2024-06-04,,노유자시설,,"주소 기반 추정 위치, 공사현장 좌표 아님"
15038929:884,884,건축행정기록,제2종근린생활시설,인천광역시 계양구 서운동 149-18,37.5305502,126.7564342,geocoded_kakao_jibun,kakao_exact_jibun_address_match,인천 계양구 서운동 149-18,1,1,0.0,,kakao_local_api:address_jibun,https://dapi.kakao.com/v2/local/search/address.json,2026-09-06,https://www.data.go.kr/data/15038929/fileData.do,2026-01-19,2026-09-06,administrative_record_only_not_confirmed_active,증축,2023-08-07,2023-08-16,2023-10-20,제2종근린생활시설,,"주소 기반 추정 위치, 공사현장 좌표 아님"
15038929:885,885,건축행정기록,노유자시설,인천광역시 계양구 병방동 162-1,37.5467261,126.7447095,geocoded_kakao_jibun,kakao_exact_jibun_address_match,인천 계양구 병방동 162-1,1,1,0.0,,kakao_local_api:address_jibun,https://dapi.kakao.com/v2/local/search/address.json,2026-09-06,https://www.data.go.kr/data/15038929/fileData.do,2026-01-19,2026-09-06,administrative_record_only_not_confirmed_active,신축,2023-07-28,2023-10-26,2024-06-07,노유자시설,,"주소 기반 추정 위치, 공사현장 좌표 아님"
15038929:886,886,건축행정기록,제1종근린생활시설,인천광역시 계양구 계산동 960-25 외1필지,37.5393948,126.7249137,geocoded_kakao_jibun,kakao_exact_jibun_address_match,인천 계양구 계산동 960-25,1,1,0.0,,kakao_local_api:address_jibun,https://dapi.kakao.com/v2/local/search/address.json,2026-09-06,https://www.data.go.kr/data/15038929/fileData.do,2026-01-19,2026-09-06,administrative_record_only_not_confirmed_active,대수선,2023-07-13,2023-08-08,2024-02-16,제1종근린생활시설,,"주소 기반 추정 위치, 공사현장 좌표 아님"
15038929:887,887,건축행정기록,공장,인천광역시 계양구 서운동 211-5,37.5359203,126.7572887,geocoded_kakao_jibun,kakao_exact_jibun_address_match,인천 계양구 서운동 211-5,1,1,0.0,,kakao_local_api:address_jibun,https://dapi.kakao.com/v2/local/search/address.json,2026-09-06,https://www.data.go.kr/data/15038929/fileData.do,2026-01-19,2026-09-06,administrative_record_only_not_confirmed_active,대수선,2023-07-11,2023-08-28,2023-11-01,공장,,"주소 기반 추정 위치, 공사현장 좌표 아님"
15038929:888,888,건축행정기록,노유자시설,인천광역시 계양구 계산동 960-19,37.5391561,126.7253489,geocoded_kakao_jibun,kakao_exact_jibun_address_match,인천 계양구 계산동 960-19,1,1,0.0,,kakao_local_api:address_jibun,https://dapi.kakao.com/v2/local/search/address.json,2026-09-06,https://www.data.go.kr/data/15038929/fileData.do,2026-01-19,2026-09-06,administrative_record_only_not_confirmed_active,신축,2023-07-03,2023-09-13,2024-03-12,노유자시설,,"주소 기반 추정 위치, 공사현장 좌표 아님"
15038929:889,889,건축행정기록,공동주택,인천광역시 계양구 효성동 495-10,37.5270361,126.7071662,geocoded_kakao_jibun,kakao_exact_jibun_address_match,인천 계양구 효성동 495-10,1,1,0.0,,kakao_local_api:address_jibun,https://dapi.kakao.com/v2/local/search/address.json,2026-09-06,https://www.data.go.kr/data/15038929/fileData.do,2026-01-19,2026-09-06,administrative_record_only_not_confirmed_active,신축,2023-06-15,2023-09-05,2024-07-24,공동주택,,"주소 기반 추정 위치, 공사현장 좌표 아님"
15038929:890,890,건축행정기록,제1종근린생활시설,인천광역시 계양구 이화동 23-5 외2필지,37.5874727,126.7458722,geocoded_kakao_jibun,kakao_exact_jibun_address_match,인천 계양구 이화동 23-5,1,1,0.0,,kakao_local_api:address_jibun,https://dapi.kakao.com/v2/local/search/address.json,2026-09-06,https://www.data.go.kr/data/15038929/fileData.do,2026-01-19,2026-09-06,administrative_record_only_not_confirmed_active,신축,2023-06-15,2024-04-15,,제1종근린생활시설,,"주소 기반 추정 위치, 공사현장 좌표 아님"
15038929:891,891,건축행정기록,공장,인천광역시 계양구 서운동 211-2,37.5363478,126.7580275,geocoded_kakao_jibun,kakao_exact_jibun_address_match,인천 계양구 서운동 211-2,1,1,0.0,,kakao_local_api:address_jibun,https://dapi.kakao.com/v2/local/search/address.json,2026-09-06,https://www.data.go.kr/data/15038929/fileData.do,2026-01-19,2026-09-06,administrative_record_only_not_confirmed_active,증축,2023-05-19,2023-07-17,2024-08-29,공장,,"주소 기반 추정 위치, 공사현장 좌표 아님"
15038929:892,892,건축행정기록,자동차관련시설,인천광역시 계양구 서운동 136,37.5252443,126.7510899,geocoded_kakao_jibun,kakao_exact_jibun_address_match,인천 계양구 서운동 136,1,1,0.0,,kakao_local_api:address_jibun,https://dapi.kakao.com/v2/local/search/address.json,2026-09-06,https://www.data.go.kr/data/15038929/fileData.do,2026-01-19,2026-09-06,administrative_record_only_not_confirmed_active,증축,2023-05-17,2023-09-27,2023-12-13,자동차관련시설,,"주소 기반 추정 위치, 공사현장 좌표 아님"
15038929:893,893,건축행정기록,제1종근린생활시설,인천광역시 계양구 박촌동 2-4,37.5605056,126.7450420,geocoded_kakao_jibun,kakao_exact_jibun_address_match,인천 계양구 박촌동 2-4,1,1,0.0,,kakao_local_api:address_jibun,https://dapi.kakao.com/v2/local/search/address.json,2026-09-06,https://www.data.go.kr/data/15038929/fileData.do,2026-01-19,2026-09-06,administrative_record_only_not_confirmed_active,신축,2023-05-04,2023-12-06,2025-01-10,제1종근린생활시설,,"주소 기반 추정 위치, 공사현장 좌표 아님"
15038929:894,894,건축행정기록,공동주택,인천광역시 계양구 작전동 870-2,37.5297093,126.7270392,geocoded_kakao_jibun,kakao_exact_jibun_address_match,인천 계양구 작전동 870-2,1,1,0.0,,kakao_local_api:address_jibun,https://dapi.kakao.com/v2/local/search/address.json,2026-09-06,https://www.data.go.kr/data/15038929/fileData.do,2026-01-19,2026-09-06,administrative_record_only_not_confirmed_active,신축,2023-04-19,2024-01-30,2024-07-16,공동주택,,"주소 기반 추정 위치, 공사현장 좌표 아님"
15038929:895,895,건축행정기록,종교시설,인천광역시 계양구 작전동 765-45 외7필지,37.5339662,126.7189051,geocoded_kakao_jibun,kakao_exact_jibun_address_match,인천 계양구 작전동 765-45,1,1,0.0,,kakao_local_api:address_jibun,https://dapi.kakao.com/v2/local/search/address.json,2026-09-06,https://www.data.go.kr/data/15038929/fileData.do,2026-01-19,2026-09-06,administrative_record_only_not_confirmed_active,신축,2023-04-06,2023-06-09,2024-11-25,종교시설,,"주소 기반 추정 위치, 공사현장 좌표 아님"
15038929:896,896,건축행정기록,제2종근린생활시설,인천광역시 계양구 박촌동 2-6,37.5604166,126.7448910,geocoded_kakao_jibun,kakao_exact_jibun_address_match,인천 계양구 박촌동 2-6,1,1,0.0,,kakao_local_api:address_jibun,https://dapi.kakao.com/v2/local/search/address.json,2026-09-06,https://www.data.go.kr/data/15038929/fileData.do,2026-01-19,2026-09-06,administrative_record_only_not_confirmed_active,신축,2023-04-05,2023-12-06,2025-01-10,제2종근린생활시설,,"주소 기반 추정 위치, 공사현장 좌표 아님"
15038929:897,897,건축행정기록,단독주택,인천광역시 계양구 선주지동 125-1 외1필지,37.5795103,126.7444045,geocoded_kakao_jibun,kakao_exact_jibun_address_match,인천 계양구 선주지동 125-1,1,1,0.0,,kakao_local_api:address_jibun,https://dapi.kakao.com/v2/local/search/address.json,2026-09-06,https://www.data.go.kr/data/15038929/fileData.do,2026-01-19,2026-09-06,administrative_record_only_not_confirmed_active,증축,2023-04-04,2023-04-25,2023-11-02,단독주택,,"주소 기반 추정 위치, 공사현장 좌표 아님"
15038929:898,898,건축행정기록,제1종근린생활시설,인천광역시 계양구 효성동 273-30,37.5266615,126.7122413,geocoded_kakao_jibun,kakao_exact_jibun_address_match,인천 계양구 효성동 273-30,1,1,0.0,,kakao_local_api:address_jibun,https://dapi.kakao.com/v2/local/search/address.json,2026-09-06,https://www.data.go.kr/data/15038929/fileData.do,2026-01-19,2026-09-06,administrative_record_only_not_confirmed_active,신축,2023-04-04,2023-08-16,2024-06-25,제1종근린생활시설,,"주소 기반 추정 위치, 공사현장 좌표 아님"
15038929:899,899,건축행정기록,제2종근린생활시설,인천광역시 계양구 계산동 942-41 외1필지,37.5405477,126.7222358,geocoded_kakao_jibun,kakao_exact_jibun_address_match,인천 계양구 계산동 942-41,1,1,0.0,,kakao_local_api:address_jibun,https://dapi.kakao.com/v2/local/search/address.json,2026-09-06,https://www.data.go.kr/data/15038929/fileData.do,2026-01-19,2026-09-06,administrative_record_only_not_confirmed_active,대수선,2023-03-31,2023-12-01,2024-05-24,제2종근린생활시설,,"주소 기반 추정 위치, 공사현장 좌표 아님"
15038929:900,900,건축행정기록,제2종근린생활시설,인천광역시 계양구 효성동 412-13,37.5248453,126.7056060,geocoded_kakao_jibun,kakao_exact_jibun_address_match,인천 계양구 효성동 412-13,1,1,0.0,,kakao_local_api:address_jibun,https://dapi.kakao.com/v2/local/search/address.json,2026-09-06,https://www.data.go.kr/data/15038929/fileData.do,2026-01-19,2026-09-06,administrative_record_only_not_confirmed_active,신축,2023-03-22,2023-04-13,2023-08-09,제2종근린생활시설,,"주소 기반 추정 위치, 공사현장 좌표 아님"
15038929:901,901,건축행정기록,제2종근린생활시설,인천광역시 계양구 장기동 115-22,37.5761740,126.7357613,geocoded_kakao_jibun,kakao_exact_jibun_address_match,인천 계양구 장기동 115-22,1,1,0.0,,kakao_local_api:address_jibun,https://dapi.kakao.com/v2/local/search/address.json,2026-09-06,https://www.data.go.kr/data/15038929/fileData.do,2026-01-19,2026-09-06,administrative_record_only_not_confirmed_active,증축,2023-03-20,2024-05-08,2024-08-23,제2종근린생활시설,,"주소 기반 추정 위치, 공사현장 좌표 아님"
15038929:902,902,건축행정기록,제2종근린생활시설,인천광역시 계양구 평동 93-6,37.5795164,126.7749077,geocoded_kakao_jibun,kakao_exact_jibun_address_match,인천 계양구 평동 93-6,1,1,0.0,,kakao_local_api:address_jibun,https://dapi.kakao.com/v2/local/search/address.json,2026-09-06,https://www.data.go.kr/data/15038929/fileData.do,2026-01-19,2026-09-06,administrative_record_only_not_confirmed_active,신축,2023-03-14,2023-03-21,2023-05-30,제2종근린생활시설,,"주소 기반 추정 위치, 공사현장 좌표 아님"
15038929:903,903,건축행정기록,단독주택,인천광역시 계양구 귤현동 505-5,37.5669642,126.7461562,geocoded_kakao_jibun,kakao_exact_jibun_address_match,인천 계양구 귤현동 505-5,1,1,0.0,,kakao_local_api:address_jibun,https://dapi.kakao.com/v2/local/search/address.json,2026-09-06,https://www.data.go.kr/data/15038929/fileData.do,2026-01-19,2026-09-06,administrative_record_only_not_confirmed_active,신축,2023-03-06,2023-03-23,2023-11-30,단독주택,,"주소 기반 추정 위치, 공사현장 좌표 아님"
15038929:904,904,건축행정기록,업무시설,인천광역시 계양구 계산동 1074-8 외1필지,37.5357429,126.7345854,geocoded_kakao_jibun,kakao_exact_jibun_address_match,인천 계양구 계산동 1074-8,1,1,0.0,,kakao_local_api:address_jibun,https://dapi.kakao.com/v2/local/search/address.json,2026-09-06,https://www.data.go.kr/data/15038929/fileData.do,2026-01-19,2026-09-06,administrative_record_only_not_confirmed_active,신축,2023-02-23,2023-04-19,2025-07-08,업무시설,,"주소 기반 추정 위치, 공사현장 좌표 아님"
15038929:905,905,건축행정기록,제2종근린생활시설,인천광역시 계양구 이화동 250-4,37.5901772,126.7373810,geocoded_kakao_jibun,kakao_exact_jibun_address_match,인천 계양구 이화동 250-4,1,1,0.0,,kakao_local_api:address_jibun,https://dapi.kakao.com/v2/local/search/address.json,2026-09-06,https://www.data.go.kr/data/15038929/fileData.do,2026-01-19,2026-09-06,administrative_record_only_not_confirmed_active,신축,2023-02-23,2023-03-07,2023-08-08,제2종근린생활시설,,"주소 기반 추정 위치, 공사현장 좌표 아님"
15038929:906,906,건축행정기록,공장,인천광역시 계양구 효성동 626-3 외1필지,37.5239186,126.6928352,geocoded_kakao_jibun,kakao_exact_jibun_address_match,인천 계양구 효성동 626-3,1,1,0.0,,kakao_local_api:address_jibun,https://dapi.kakao.com/v2/local/search/address.json,2026-09-06,https://www.data.go.kr/data/15038929/fileData.do,2026-01-19,2026-09-06,administrative_record_only_not_confirmed_active,증축,2023-01-26,2023-02-03,2023-04-11,공장,,"주소 기반 추정 위치, 공사현장 좌표 아님"
15038929:907,907,건축행정기록,공동주택,인천광역시 계양구 효성동 221-7,37.5247264,126.7137095,geocoded_kakao_jibun,kakao_exact_jibun_address_match,인천 계양구 효성동 221-7,1,1,0.0,,kakao_local_api:address_jibun,https://dapi.kakao.com/v2/local/search/address.json,2026-09-06,https://www.data.go.kr/data/15038929/fileData.do,2026-01-19,2026-09-06,administrative_record_only_not_confirmed_active,신축,2023-01-25,2023-03-06,2023-09-21,공동주택,,"주소 기반 추정 위치, 공사현장 좌표 아님"
15038929:908,908,건축행정기록,종교시설,인천광역시 계양구 효성동 321-51,37.5275241,126.7103589,geocoded_kakao_jibun,kakao_exact_jibun_address_match,인천 계양구 효성동 321-51,1,1,0.0,,kakao_local_api:address_jibun,https://dapi.kakao.com/v2/local/search/address.json,2026-09-06,https://www.data.go.kr/data/15038929/fileData.do,2026-01-19,2026-09-06,administrative_record_only_not_confirmed_active,대수선,2023-01-09,2023-02-03,2023-07-04,종교시설,,"주소 기반 추정 위치, 공사현장 좌표 아님"
15038929:909,909,건축행정기록,단독주택,인천광역시 계양구 박촌동 1-1 외1필지,37.5612258,126.7440929,geocoded_kakao_jibun,kakao_exact_jibun_address_match,인천 계양구 박촌동 1-1,1,1,0.0,,kakao_local_api:address_jibun,https://dapi.kakao.com/v2/local/search/address.json,2026-09-06,https://www.data.go.kr/data/15038929/fileData.do,2026-01-19,2026-09-06,administrative_record_only_not_confirmed_active,신축,2022-12-30,2025-05-30,,단독주택,,"주소 기반 추정 위치, 공사현장 좌표 아님"
15038929:910,910,건축행정기록,공동주택,인천광역시 계양구 계산동 974-20,37.5402214,126.7213134,geocoded_kakao_jibun,kakao_exact_jibun_address_match,인천 계양구 계산동 974-20,1,1,0.0,,kakao_local_api:address_jibun,https://dapi.kakao.com/v2/local/search/address.json,2026-09-06,https://www.data.go.kr/data/15038929/fileData.do,2026-01-19,2026-09-06,administrative_record_only_not_confirmed_active,신축,2022-12-07,2023-01-25,2023-08-25,공동주택,,"주소 기반 추정 위치, 공사현장 좌표 아님"
15038929:911,911,건축행정기록,제1종근린생활시설,인천광역시 계양구 이화동 52-19,37.5836417,126.7449808,geocoded_kakao_jibun,kakao_exact_jibun_address_match,인천 계양구 이화동 52-19,1,1,0.0,,kakao_local_api:address_jibun,https://dapi.kakao.com/v2/local/search/address.json,2026-09-06,https://www.data.go.kr/data/15038929/fileData.do,2026-01-19,2026-09-06,administrative_record_only_not_confirmed_active,신축,2022-11-29,2025-04-25,2025-10-01,제1종근린생활시설,,"주소 기반 추정 위치, 공사현장 좌표 아님"
15038929:912,912,건축행정기록,업무시설,인천광역시 계양구 귤현동 451-315 외38필지,,,unresolved,no_exact_parcel_match_in_kakao,,0,0,,,kakao_local_api:unresolved,https://dapi.kakao.com/v2/local/search/address.json,2026-09-06,https://www.data.go.kr/data/15038929/fileData.do,2026-01-19,2026-09-06,administrative_record_only_not_confirmed_active,증축,2022-11-25,2023-02-07,,업무시설,,"주소 기반 추정 위치, 공사현장 좌표 아님"
15038929:913,913,건축행정기록,제1종근린생활시설,인천광역시 계양구 귤현동 497-2,37.5678213,126.7479787,geocoded_kakao_jibun,kakao_exact_jibun_address_match,인천 계양구 귤현동 497-2,1,1,0.0,,kakao_local_api:address_jibun,https://dapi.kakao.com/v2/local/search/address.json,2026-09-06,https://www.data.go.kr/data/15038929/fileData.do,2026-01-19,2026-09-06,administrative_record_only_not_confirmed_active,신축,2022-10-26,2022-11-08,2023-04-12,제1종근린생활시설,,"주소 기반 추정 위치, 공사현장 좌표 아님"
15038929:914,914,건축행정기록,공동주택,인천광역시 계양구 계산동 974-19,37.5403637,126.7212926,geocoded_kakao_jibun,kakao_exact_jibun_address_match,인천 계양구 계산동 974-19,1,1,0.0,,kakao_local_api:address_jibun,https://dapi.kakao.com/v2/local/search/address.json,2026-09-06,https://www.data.go.kr/data/15038929/fileData.do,2026-01-19,2026-09-06,administrative_record_only_not_confirmed_active,신축,2022-10-24,2022-11-25,2024-01-10,공동주택,,"주소 기반 추정 위치, 공사현장 좌표 아님"
15038929:915,915,건축행정기록,공동주택,인천광역시 계양구 계산동 990-24,37.5364437,126.7264171,geocoded_kakao_jibun,kakao_exact_jibun_address_match,인천 계양구 계산동 990-24,1,1,0.0,,kakao_local_api:address_jibun,https://dapi.kakao.com/v2/local/search/address.json,2026-09-06,https://www.data.go.kr/data/15038929/fileData.do,2026-01-19,2026-09-06,administrative_record_only_not_confirmed_active,신축,2022-10-21,2022-12-22,2023-10-05,공동주택,,"주소 기반 추정 위치, 공사현장 좌표 아님"
15038929:916,916,건축행정기록,제1종근린생활시설,인천광역시 계양구 장기동 134-4,37.5790624,126.7339870,geocoded_kakao_jibun,kakao_exact_jibun_address_match,인천 계양구 장기동 134-4,1,1,0.0,,kakao_local_api:address_jibun,https://dapi.kakao.com/v2/local/search/address.json,2026-09-06,https://www.data.go.kr/data/15038929/fileData.do,2026-01-19,2026-09-06,administrative_record_only_not_confirmed_active,신축,2022-10-07,2024-05-29,2025-01-03,제1종근린생활시설,,"주소 기반 추정 위치, 공사현장 좌표 아님"
15038929:917,917,건축행정기록,제2종근린생활시설,인천광역시 계양구 박촌동 2-1,37.5602899,126.7450945,geocoded_kakao_jibun,kakao_exact_jibun_address_match,인천 계양구 박촌동 2-1,1,1,0.0,,kakao_local_api:address_jibun,https://dapi.kakao.com/v2/local/search/address.json,2026-09-06,https://www.data.go.kr/data/15038929/fileData.do,2026-01-19,2026-09-06,administrative_record_only_not_confirmed_active,신축,2022-09-28,2024-08-09,2024-12-24,제2종근린생활시설,,"주소 기반 추정 위치, 공사현장 좌표 아님"
15038929:918,918,건축행정기록,제2종근린생활시설,인천광역시 계양구 다남동 103-4,37.5696574,126.7292580,geocoded_kakao_jibun,kakao_exact_jibun_address_match,인천 계양구 다남동 103-4,1,1,0.0,,kakao_local_api:address_jibun,https://dapi.kakao.com/v2/local/search/address.json,2026-09-06,https://www.data.go.kr/data/15038929/fileData.do,2026-01-19,2026-09-06,administrative_record_only_not_confirmed_active,신축,2022-09-07,2022-09-28,2023-03-31,제2종근린생활시설,,"주소 기반 추정 위치, 공사현장 좌표 아님"
15038929:919,919,건축행정기록,노유자시설,인천광역시 계양구 귤현동 504-9,37.5669386,126.7468842,geocoded_kakao_jibun,kakao_exact_jibun_address_match,인천 계양구 귤현동 504-9,1,1,0.0,,kakao_local_api:address_jibun,https://dapi.kakao.com/v2/local/search/address.json,2026-09-06,https://www.data.go.kr/data/15038929/fileData.do,2026-01-19,2026-09-06,administrative_record_only_not_confirmed_active,대수선,2022-09-06,2022-11-21,2023-05-03,노유자시설,,"주소 기반 추정 위치, 공사현장 좌표 아님"
15038929:920,920,건축행정기록,제2종근린생활시설,인천광역시 계양구 선주지동 106-7,37.5796596,126.7482439,geocoded_kakao_jibun,kakao_exact_jibun_address_match,인천 계양구 선주지동 106-7,1,1,0.0,,kakao_local_api:address_jibun,https://dapi.kakao.com/v2/local/search/address.json,2026-09-06,https://www.data.go.kr/data/15038929/fileData.do,2026-01-19,2026-09-06,administrative_record_only_not_confirmed_active,증축,2022-09-02,2022-09-30,2023-01-03,제2종근린생활시설,,"주소 기반 추정 위치, 공사현장 좌표 아님"
15038929:921,921,건축행정기록,창고시설,인천광역시 계양구 서운동 147-14,37.5268137,126.7588434,geocoded_kakao_jibun,kakao_exact_jibun_address_match,인천 계양구 서운동 147-14,1,1,0.0,,kakao_local_api:address_jibun,https://dapi.kakao.com/v2/local/search/address.json,2026-09-06,https://www.data.go.kr/data/15038929/fileData.do,2026-01-19,2026-09-06,administrative_record_only_not_confirmed_active,증축,2022-08-31,2022-09-14,2022-09-28,창고시설,,"주소 기반 추정 위치, 공사현장 좌표 아님"
15038929:922,922,건축행정기록,제1종근린생활시설,인천광역시 계양구 갈현동 82-10,37.5750724,126.7255380,geocoded_kakao_jibun,kakao_exact_jibun_address_match,인천 계양구 갈현동 82-10,1,1,0.0,,kakao_local_api:address_jibun,https://dapi.kakao.com/v2/local/search/address.json,2026-09-06,https://www.data.go.kr/data/15038929/fileData.do,2026-01-19,2026-09-06,administrative_record_only_not_confirmed_active,신축,2022-08-23,2022-11-02,2024-09-06,제1종근린생활시설,,"주소 기반 추정 위치, 공사현장 좌표 아님"
15038929:923,923,건축행정기록,제1종근린생활시설,인천광역시 계양구 선주지동 6 외1필지,37.5832927,126.7471310,geocoded_kakao_jibun,kakao_exact_jibun_address_match,인천 계양구 선주지동 6,1,1,0.0,,kakao_local_api:address_jibun,https://dapi.kakao.com/v2/local/search/address.json,2026-09-06,https://www.data.go.kr/data/15038929/fileData.do,2026-01-19,2026-09-06,administrative_record_only_not_confirmed_active,신축,2022-08-18,2022-09-22,2023-04-11,제1종근린생활시설,,"주소 기반 추정 위치, 공사현장 좌표 아님"
15038929:924,924,건축행정기록,제1종근린생활시설,인천광역시 계양구 선주지동 6 외1필지,37.5832927,126.7471310,geocoded_kakao_jibun,kakao_exact_jibun_address_match,인천 계양구 선주지동 6,1,1,0.0,,kakao_local_api:address_jibun,https://dapi.kakao.com/v2/local/search/address.json,2026-09-06,https://www.data.go.kr/data/15038929/fileData.do,2026-01-19,2026-09-06,administrative_record_only_not_confirmed_active,신축,2022-08-18,2022-09-22,2023-04-11,제1종근린생활시설,,"주소 기반 추정 위치, 공사현장 좌표 아님"
15038929:925,925,건축행정기록,제2종근린생활시설,인천광역시 계양구 효성동 412-1,37.5251000,126.7065684,geocoded_kakao_jibun,kakao_exact_jibun_address_match,인천 계양구 효성동 412-1,1,1,0.0,,kakao_local_api:address_jibun,https://dapi.kakao.com/v2/local/search/address.json,2026-09-06,https://www.data.go.kr/data/15038929/fileData.do,2026-01-19,2026-09-06,administrative_record_only_not_confirmed_active,신축,2022-08-09,2023-02-16,2023-08-07,제2종근린생활시설,,"주소 기반 추정 위치, 공사현장 좌표 아님"
15038929:926,926,건축행정기록,제2종근린생활시설,인천광역시 계양구 서운동 130-4 외1필지,,,unresolved,no_exact_parcel_match_in_kakao,,0,0,,,kakao_local_api:unresolved,https://dapi.kakao.com/v2/local/search/address.json,2026-09-06,https://www.data.go.kr/data/15038929/fileData.do,2026-01-19,2026-09-06,administrative_record_only_not_confirmed_active,신축,2022-07-29,2022-09-14,2023-02-16,제2종근린생활시설,,"주소 기반 추정 위치, 공사현장 좌표 아님"
15038929:927,927,건축행정기록,제1종근린생활시설,인천광역시 계양구 이화동 222-3,37.5927188,126.7388804,geocoded_kakao_jibun,kakao_exact_jibun_address_match,인천 계양구 이화동 222-3,1,1,0.0,,kakao_local_api:address_jibun,https://dapi.kakao.com/v2/local/search/address.json,2026-09-06,https://www.data.go.kr/data/15038929/fileData.do,2026-01-19,2026-09-06,administrative_record_only_not_confirmed_active,증축,2022-07-26,2022-10-18,2023-03-24,제1종근린생활시설,,"주소 기반 추정 위치, 공사현장 좌표 아님"
15038929:928,928,건축행정기록,제1종근린생활시설,인천광역시 계양구 서운동 234,37.5283671,126.7478118,geocoded_kakao_jibun,kakao_exact_jibun_address_match,인천 계양구 서운동 234,1,1,0.0,,kakao_local_api:address_jibun,https://dapi.kakao.com/v2/local/search/address.json,2026-09-06,https://www.data.go.kr/data/15038929/fileData.do,2026-01-19,2026-09-06,administrative_record_only_not_confirmed_active,신축,2022-07-22,2022-09-15,,제1종근린생활시설,,"주소 기반 추정 위치, 공사현장 좌표 아님"
15038929:929,929,건축행정기록,공동주택,인천광역시 계양구 효성동 152-3 외1필지,37.5292574,126.7103914,geocoded_kakao_jibun,kakao_exact_jibun_address_match,인천 계양구 효성동 152-3,1,1,0.0,,kakao_local_api:address_jibun,https://dapi.kakao.com/v2/local/search/address.json,2026-09-06,https://www.data.go.kr/data/15038929/fileData.do,2026-01-19,2026-09-06,administrative_record_only_not_confirmed_active,신축,2022-07-12,2022-07-26,2022-12-14,공동주택,,"주소 기반 추정 위치, 공사현장 좌표 아님"
15038929:930,930,건축행정기록,제1종근린생활시설,인천광역시 계양구 하야동 65-8,37.5816881,126.7788654,geocoded_kakao_jibun,kakao_exact_jibun_address_match,인천 계양구 하야동 65-8,1,1,0.0,,kakao_local_api:address_jibun,https://dapi.kakao.com/v2/local/search/address.json,2026-09-06,https://www.data.go.kr/data/15038929/fileData.do,2026-01-19,2026-09-06,administrative_record_only_not_confirmed_active,신축,2022-07-06,2022-08-22,2022-11-15,제1종근린생활시설,,"주소 기반 추정 위치, 공사현장 좌표 아님"
15038929:931,931,건축행정기록,공동주택,인천광역시 계양구 작전동 644-2,37.5283171,126.7346431,geocoded_kakao_jibun,kakao_exact_jibun_address_match,인천 계양구 작전동 644-2,1,1,0.0,,kakao_local_api:address_jibun,https://dapi.kakao.com/v2/local/search/address.json,2026-09-06,https://www.data.go.kr/data/15038929/fileData.do,2026-01-19,2026-09-06,administrative_record_only_not_confirmed_active,신축,2022-07-04,2022-07-14,2022-12-02,공동주택,,"주소 기반 추정 위치, 공사현장 좌표 아님"
15038929:932,932,건축행정기록,제2종근린생활시설,인천광역시 계양구 하야동 38-23,37.5828266,126.7816182,geocoded_kakao_jibun,kakao_exact_jibun_address_match,인천 계양구 하야동 38-23,1,1,0.0,,kakao_local_api:address_jibun,https://dapi.kakao.com/v2/local/search/address.json,2026-09-06,https://www.data.go.kr/data/15038929/fileData.do,2026-01-19,2026-09-06,administrative_record_only_not_confirmed_active,신축,2022-06-29,2022-07-22,2022-11-16,제2종근린생활시설,,"주소 기반 추정 위치, 공사현장 좌표 아님"
15038929:933,933,건축행정기록,제2종근린생활시설,인천광역시 계양구 상야동 18-8,37.5780996,126.7809100,geocoded_kakao_jibun,kakao_exact_jibun_address_match,인천 계양구 상야동 18-8,1,1,0.0,,kakao_local_api:address_jibun,https://dapi.kakao.com/v2/local/search/address.json,2026-09-06,https://www.data.go.kr/data/15038929/fileData.do,2026-01-19,2026-09-06,administrative_record_only_not_confirmed_active,신축,2022-06-20,2022-10-04,2023-03-24,제2종근린생활시설,,"주소 기반 추정 위치, 공사현장 좌표 아님"
15038929:934,934,건축행정기록,업무시설,인천광역시 계양구 효성동 304-3 외1필지,37.5245414,126.7128688,geocoded_kakao_jibun,kakao_exact_jibun_address_match,인천 계양구 효성동 304-3,1,1,0.0,,kakao_local_api:address_jibun,https://dapi.kakao.com/v2/local/search/address.json,2026-09-06,https://www.data.go.kr/data/15038929/fileData.do,2026-01-19,2026-09-06,administrative_record_only_not_confirmed_active,신축,2022-06-10,2025-09-17,,업무시설,,"주소 기반 추정 위치, 공사현장 좌표 아님"
15038929:935,935,건축행정기록,종교시설,인천광역시 계양구 박촌동 19-3 외2필지,37.5563182,126.7442516,geocoded_kakao_jibun,kakao_exact_jibun_address_match,인천 계양구 박촌동 19-3,1,1,0.0,,kakao_local_api:address_jibun,https://dapi.kakao.com/v2/local/search/address.json,2026-09-06,https://www.data.go.kr/data/15038929/fileData.do,2026-01-19,2026-09-06,administrative_record_only_not_confirmed_active,증축,2022-06-08,2022-09-21,2024-12-17,종교시설,,"주소 기반 추정 위치, 공사현장 좌표 아님"
15038929:936,936,건축행정기록,제1종근린생활시설,인천광역시 계양구 계산동 1080-2,37.5355733,126.7382604,geocoded_kakao_jibun,kakao_exact_jibun_address_match,인천 계양구 계산동 1080-2,1,1,0.0,,kakao_local_api:address_jibun,https://dapi.kakao.com/v2/local/search/address.json,2026-09-06,https://www.data.go.kr/data/15038929/fileData.do,2026-01-19,2026-09-06,administrative_record_only_not_confirmed_active,대수선,2022-05-31,2022-08-05,,제1종근린생활시설,,"주소 기반 추정 위치, 공사현장 좌표 아님"
15038929:937,937,건축행정기록,제1종근린생활시설,인천광역시 계양구 방축동 87-12 외1필지,37.5539807,126.7341707,geocoded_kakao_jibun,kakao_exact_jibun_address_match,인천 계양구 방축동 87-12,1,1,0.0,,kakao_local_api:address_jibun,https://dapi.kakao.com/v2/local/search/address.json,2026-09-06,https://www.data.go.kr/data/15038929/fileData.do,2026-01-19,2026-09-06,administrative_record_only_not_confirmed_active,신축,2022-05-30,2022-07-27,2024-01-15,제1종근린생활시설,,"주소 기반 추정 위치, 공사현장 좌표 아님"
15038929:938,938,건축행정기록,교정및군사시설,인천광역시 계양구 귤현동 344-1 외2필지,37.5631893,126.7377270,geocoded_kakao_jibun,kakao_exact_jibun_address_match,인천 계양구 귤현동 344-1,1,1,0.0,,kakao_local_api:address_jibun,https://dapi.kakao.com/v2/local/search/address.json,2026-09-06,https://www.data.go.kr/data/15038929/fileData.do,2026-01-19,2026-09-06,administrative_record_only_not_confirmed_active,신축,2022-05-19,2022-05-27,,교정및군사시설,,"주소 기반 추정 위치, 공사현장 좌표 아님"
15038929:939,939,건축행정기록,노유자시설,인천광역시 계양구 둑실동 121,37.5794507,126.7004078,geocoded_kakao_jibun,kakao_exact_jibun_address_match,인천 계양구 둑실동 121,1,1,0.0,,kakao_local_api:address_jibun,https://dapi.kakao.com/v2/local/search/address.json,2026-09-06,https://www.data.go.kr/data/15038929/fileData.do,2026-01-19,2026-09-06,administrative_record_only_not_confirmed_active,신축,2022-05-19,2022-07-06,2023-02-23,노유자시설,,"주소 기반 추정 위치, 공사현장 좌표 아님"
15038929:940,940,건축행정기록,제1종근린생활시설,인천광역시 계양구 이화동 23-56 외1필지,37.5881632,126.7458229,geocoded_kakao_jibun,kakao_exact_jibun_address_match,인천 계양구 이화동 23-56,1,1,0.0,,kakao_local_api:address_jibun,https://dapi.kakao.com/v2/local/search/address.json,2026-09-06,https://www.data.go.kr/data/15038929/fileData.do,2026-01-19,2026-09-06,administrative_record_only_not_confirmed_active,신축,2022-05-17,2022-12-13,2025-12-22,제1종근린생활시설,,"주소 기반 추정 위치, 공사현장 좌표 아님"
15038929:941,941,건축행정기록,공동주택,인천광역시 계양구 임학동 47-10 외1필지,37.5458481,126.7326969,geocoded_kakao_jibun,kakao_exact_jibun_address_match,인천 계양구 임학동 47-10,1,1,0.0,,kakao_local_api:address_jibun,https://dapi.kakao.com/v2/local/search/address.json,2026-09-06,https://www.data.go.kr/data/15038929/fileData.do,2026-01-19,2026-09-06,administrative_record_only_not_confirmed_active,신축,2022-05-17,2022-05-25,2022-11-01,공동주택,,"주소 기반 추정 위치, 공사현장 좌표 아님"
15038929:942,942,건축행정기록,의료시설,인천광역시 계양구 작전동 909,37.5320806,126.7368315,geocoded_kakao_jibun,kakao_exact_jibun_address_match,인천 계양구 작전동 909,1,1,0.0,,kakao_local_api:address_jibun,https://dapi.kakao.com/v2/local/search/address.json,2026-09-06,https://www.data.go.kr/data/15038929/fileData.do,2026-01-19,2026-09-06,administrative_record_only_not_confirmed_active,증축,2022-05-09,2022-08-11,2023-03-28,의료시설,,"주소 기반 추정 위치, 공사현장 좌표 아님"
15038929:943,943,건축행정기록,제1종근린생활시설,인천광역시 계양구 임학동 6,37.5473817,126.7400035,geocoded_kakao_jibun,kakao_exact_jibun_address_match,인천 계양구 임학동 6,1,1,0.0,,kakao_local_api:address_jibun,https://dapi.kakao.com/v2/local/search/address.json,2026-09-06,https://www.data.go.kr/data/15038929/fileData.do,2026-01-19,2026-09-06,administrative_record_only_not_confirmed_active,대수선,2022-04-26,2022-05-20,2023-01-06,제1종근린생활시설,,"주소 기반 추정 위치, 공사현장 좌표 아님"
15038929:944,944,건축행정기록,노유자시설,인천광역시 계양구 효성동 273-16,37.5263518,126.7115914,geocoded_kakao_jibun,kakao_exact_jibun_address_match,인천 계양구 효성동 273-16,1,1,0.0,,kakao_local_api:address_jibun,https://dapi.kakao.com/v2/local/search/address.json,2026-09-06,https://www.data.go.kr/data/15038929/fileData.do,2026-01-19,2026-09-06,administrative_record_only_not_confirmed_active,신축,2022-04-20,2022-05-31,2023-01-19,노유자시설,,"주소 기반 추정 위치, 공사현장 좌표 아님"
15038929:945,945,건축행정기록,공동주택,인천광역시 계양구 동양동 609-5,37.5611468,126.7539609,geocoded_kakao_jibun,kakao_exact_jibun_address_match,인천 계양구 동양동 609-5,1,1,0.0,,kakao_local_api:address_jibun,https://dapi.kakao.com/v2/local/search/address.json,2026-09-06,https://www.data.go.kr/data/15038929/fileData.do,2026-01-19,2026-09-06,administrative_record_only_not_confirmed_active,신축,2022-04-20,2022-05-02,2022-12-14,공동주택,,"주소 기반 추정 위치, 공사현장 좌표 아님"
15038929:946,946,건축행정기록,단독주택,인천광역시 계양구 계산동 906-70,37.5463384,126.7283791,geocoded_kakao_jibun,kakao_exact_jibun_address_match,인천 계양구 계산동 906-70,1,1,0.0,,kakao_local_api:address_jibun,https://dapi.kakao.com/v2/local/search/address.json,2026-09-06,https://www.data.go.kr/data/15038929/fileData.do,2026-01-19,2026-09-06,administrative_record_only_not_confirmed_active,신축,2022-04-08,2022-04-25,2022-10-17,단독주택,,"주소 기반 추정 위치, 공사현장 좌표 아님"
15038929:947,947,건축행정기록,제2종근린생활시설,인천광역시 계양구 효성동 54-3,37.5331174,126.7097368,geocoded_kakao_jibun,kakao_exact_jibun_address_match,인천 계양구 효성동 54-3,1,1,0.0,,kakao_local_api:address_jibun,https://dapi.kakao.com/v2/local/search/address.json,2026-09-06,https://www.data.go.kr/data/15038929/fileData.do,2026-01-19,2026-09-06,administrative_record_only_not_confirmed_active,신축,2022-04-07,2022-11-29,2023-06-01,제2종근린생활시설,,"주소 기반 추정 위치, 공사현장 좌표 아님"
15038929:948,948,건축행정기록,노유자시설,인천광역시 계양구 이화동 241-4 외3필지,37.5916666,126.7372219,geocoded_kakao_jibun,kakao_exact_jibun_address_match,인천 계양구 이화동 241-4,1,1,0.0,,kakao_local_api:address_jibun,https://dapi.kakao.com/v2/local/search/address.json,2026-09-06,https://www.data.go.kr/data/15038929/fileData.do,2026-01-19,2026-09-06,administrative_record_only_not_confirmed_active,신축,2022-03-30,2022-05-27,2023-02-21,노유자시설,,"주소 기반 추정 위치, 공사현장 좌표 아님"
15038929:949,949,건축행정기록,제1종근린생활시설,인천광역시 계양구 장기동 152-2,37.5773026,126.7363486,geocoded_kakao_jibun,kakao_exact_jibun_address_match,인천 계양구 장기동 152-2,1,1,0.0,,kakao_local_api:address_jibun,https://dapi.kakao.com/v2/local/search/address.json,2026-09-06,https://www.data.go.kr/data/15038929/fileData.do,2026-01-19,2026-09-06,administrative_record_only_not_confirmed_active,신축,2022-03-29,2022-06-20,2023-10-20,제1종근린생활시설,,"주소 기반 추정 위치, 공사현장 좌표 아님"
15038929:950,950,건축행정기록,공동주택,인천광역시 계양구 병방동 104-10,37.5474621,126.7433216,geocoded_kakao_jibun,kakao_exact_jibun_address_match,인천 계양구 병방동 104-10,1,1,0.0,,kakao_local_api:address_jibun,https://dapi.kakao.com/v2/local/search/address.json,2026-09-06,https://www.data.go.kr/data/15038929/fileData.do,2026-01-19,2026-09-06,administrative_record_only_not_confirmed_active,신축,2022-03-28,2022-04-27,2023-07-18,공동주택,,"주소 기반 추정 위치, 공사현장 좌표 아님"
15038929:951,951,건축행정기록,제1종근린생활시설,인천광역시 계양구 서운동 130-21 외1필지,37.5264334,126.7493342,geocoded_kakao_jibun,kakao_exact_jibun_address_match,인천 계양구 서운동 130-21,1,1,0.0,,kakao_local_api:address_jibun,https://dapi.kakao.com/v2/local/search/address.json,2026-09-06,https://www.data.go.kr/data/15038929/fileData.do,2026-01-19,2026-09-06,administrative_record_only_not_confirmed_active,신축,2022-03-24,2022-08-24,2023-01-26,제1종근린생활시설,,"주소 기반 추정 위치, 공사현장 좌표 아님"
15038929:952,952,건축행정기록,노유자시설,인천광역시 계양구 계산동 968-7 외3필지,37.5385219,126.7235573,geocoded_kakao_jibun,kakao_exact_jibun_address_match,인천 계양구 계산동 968-7,1,1,0.0,,kakao_local_api:address_jibun,https://dapi.kakao.com/v2/local/search/address.json,2026-09-06,https://www.data.go.kr/data/15038929/fileData.do,2026-01-19,2026-09-06,administrative_record_only_not_confirmed_active,신축,2022-03-24,2022-07-22,,노유자시설,,"주소 기반 추정 위치, 공사현장 좌표 아님"
15038929:953,953,건축행정기록,공장,인천광역시 계양구 서운동 211-5,37.5359203,126.7572887,geocoded_kakao_jibun,kakao_exact_jibun_address_match,인천 계양구 서운동 211-5,1,1,0.0,,kakao_local_api:address_jibun,https://dapi.kakao.com/v2/local/search/address.json,2026-09-06,https://www.data.go.kr/data/15038929/fileData.do,2026-01-19,2026-09-06,administrative_record_only_not_confirmed_active,대수선,2022-03-23,2022-03-31,2022-04-26,공장,,"주소 기반 추정 위치, 공사현장 좌표 아님"
15038929:954,954,건축행정기록,제2종근린생활시설,인천광역시 계양구 다남동 77-2,37.5689348,126.7247118,geocoded_kakao_jibun,kakao_exact_jibun_address_match,인천 계양구 다남동 77-2,1,1,0.0,,kakao_local_api:address_jibun,https://dapi.kakao.com/v2/local/search/address.json,2026-09-06,https://www.data.go.kr/data/15038929/fileData.do,2026-01-19,2026-09-06,administrative_record_only_not_confirmed_active,신축,2022-03-18,2022-04-12,2022-11-29,제2종근린생활시설,,"주소 기반 추정 위치, 공사현장 좌표 아님"
15038929:955,955,건축행정기록,제2종근린생활시설,인천광역시 계양구 갈현동 101-40,37.5778507,126.7210376,geocoded_kakao_jibun,kakao_exact_jibun_address_match,인천 계양구 갈현동 101-40,1,1,0.0,,kakao_local_api:address_jibun,https://dapi.kakao.com/v2/local/search/address.json,2026-09-06,https://www.data.go.kr/data/15038929/fileData.do,2026-01-19,2026-09-06,administrative_record_only_not_confirmed_active,신축,2022-03-07,2022-03-29,2022-07-01,제2종근린생활시설,,"주소 기반 추정 위치, 공사현장 좌표 아님"
15038929:956,956,건축행정기록,제1종근린생활시설,인천광역시 계양구 이화동 273-1 외1필지,37.5893457,126.7359217,geocoded_kakao_jibun,kakao_exact_jibun_address_match,인천 계양구 이화동 273-1,1,1,0.0,,kakao_local_api:address_jibun,https://dapi.kakao.com/v2/local/search/address.json,2026-09-06,https://www.data.go.kr/data/15038929/fileData.do,2026-01-19,2026-09-06,administrative_record_only_not_confirmed_active,신축,2022-03-03,2022-04-05,2022-07-07,제1종근린생활시설,,"주소 기반 추정 위치, 공사현장 좌표 아님"
15038929:957,957,건축행정기록,공장,인천광역시 계양구 서운동 218,37.5319799,126.7548915,geocoded_kakao_jibun,kakao_exact_jibun_address_match,인천 계양구 서운동 218,1,1,0.0,,kakao_local_api:address_jibun,https://dapi.kakao.com/v2/local/search/address.json,2026-09-06,https://www.data.go.kr/data/15038929/fileData.do,2026-01-19,2026-09-06,administrative_record_only_not_confirmed_active,증축,2022-02-25,2024-11-20,,공장,,"주소 기반 추정 위치, 공사현장 좌표 아님"
15038929:958,958,건축행정기록,창고시설,인천광역시 계양구 서운동 55-54 외2필지,37.5263843,126.7470538,geocoded_kakao_jibun,kakao_exact_jibun_address_match,인천 계양구 서운동 55-54,1,1,0.0,,kakao_local_api:address_jibun,https://dapi.kakao.com/v2/local/search/address.json,2026-09-06,https://www.data.go.kr/data/15038929/fileData.do,2026-01-19,2026-09-06,administrative_record_only_not_confirmed_active,대수선,2022-02-24,2022-02-25,2022-03-15,창고시설,,"주소 기반 추정 위치, 공사현장 좌표 아님"
15038929:959,959,건축행정기록,노유자시설,인천광역시 계양구 귤현동 507-11,37.5674070,126.7450848,geocoded_kakao_jibun,kakao_exact_jibun_address_match,인천 계양구 귤현동 507-11,1,1,0.0,,kakao_local_api:address_jibun,https://dapi.kakao.com/v2/local/search/address.json,2026-09-06,https://www.data.go.kr/data/15038929/fileData.do,2026-01-19,2026-09-06,administrative_record_only_not_confirmed_active,대수선,2022-02-08,2022-04-22,2022-08-09,노유자시설,,"주소 기반 추정 위치, 공사현장 좌표 아님"
15038929:960,960,건축행정기록,제2종근린생활시설,인천광역시 계양구 귤현동 496,37.5673040,126.7474713,geocoded_kakao_jibun,kakao_exact_jibun_address_match,인천 계양구 귤현동 496,1,1,0.0,,kakao_local_api:address_jibun,https://dapi.kakao.com/v2/local/search/address.json,2026-09-06,https://www.data.go.kr/data/15038929/fileData.do,2026-01-19,2026-09-06,administrative_record_only_not_confirmed_active,신축,2022-01-26,2022-02-18,2022-12-29,제2종근린생활시설,,"주소 기반 추정 위치, 공사현장 좌표 아님"
15038929:961,961,건축행정기록,제2종근린생활시설,인천광역시 계양구 하야동 64-7,37.5819766,126.7800625,geocoded_kakao_jibun,kakao_exact_jibun_address_match,인천 계양구 하야동 64-7,1,1,0.0,,kakao_local_api:address_jibun,https://dapi.kakao.com/v2/local/search/address.json,2026-09-06,https://www.data.go.kr/data/15038929/fileData.do,2026-01-19,2026-09-06,administrative_record_only_not_confirmed_active,신축,2022-01-25,2022-02-07,2022-04-13,제2종근린생활시설,,"주소 기반 추정 위치, 공사현장 좌표 아님"
15038929:962,962,건축행정기록,제1종근린생활시설,인천광역시 계양구 임학동 67-13,37.5445444,126.7379091,geocoded_kakao_jibun,kakao_exact_jibun_address_match,인천 계양구 임학동 67-13,1,1,0.0,,kakao_local_api:address_jibun,https://dapi.kakao.com/v2/local/search/address.json,2026-09-06,https://www.data.go.kr/data/15038929/fileData.do,2026-01-19,2026-09-06,administrative_record_only_not_confirmed_active,대수선,2022-01-21,2022-04-08,2023-08-28,제1종근린생활시설,,"주소 기반 추정 위치, 공사현장 좌표 아님"
15038929:963,963,건축행정기록,제2종근린생활시설,인천광역시 계양구 계산동 763-20 외2필지,37.5441223,126.7131919,geocoded_kakao_jibun,kakao_exact_jibun_address_match,인천 계양구 계산동 763-20,1,1,0.0,,kakao_local_api:address_jibun,https://dapi.kakao.com/v2/local/search/address.json,2026-09-06,https://www.data.go.kr/data/15038929/fileData.do,2026-01-19,2026-09-06,administrative_record_only_not_confirmed_active,신축,2022-01-21,2022-06-03,2023-08-09,제2종근린생활시설,,"주소 기반 추정 위치, 공사현장 좌표 아님"
15038929:964,964,건축행정기록,제1종근린생활시설,인천광역시 계양구 선주지동 195-3,37.5776347,126.7467609,geocoded_kakao_jibun,kakao_exact_jibun_address_match,인천 계양구 선주지동 195-3,1,1,0.0,,kakao_local_api:address_jibun,https://dapi.kakao.com/v2/local/search/address.json,2026-09-06,https://www.data.go.kr/data/15038929/fileData.do,2026-01-19,2026-09-06,administrative_record_only_not_confirmed_active,신축,2022-01-20,2022-02-16,2022-07-01,제1종근린생활시설,,"주소 기반 추정 위치, 공사현장 좌표 아님"
15038929:965,965,건축행정기록,창고시설,인천광역시 계양구 이화동 122-73,37.5824240,126.7393926,geocoded_kakao_jibun,kakao_exact_jibun_address_match,인천 계양구 이화동 122-73,1,1,0.0,,kakao_local_api:address_jibun,https://dapi.kakao.com/v2/local/search/address.json,2026-09-06,https://www.data.go.kr/data/15038929/fileData.do,2026-01-19,2026-09-06,administrative_record_only_not_confirmed_active,신축,2022-01-18,2024-04-09,2024-11-08,창고시설,,"주소 기반 추정 위치, 공사현장 좌표 아님"
15038929:966,966,건축행정기록,제1종근린생활시설,인천광역시 계양구 선주지동 198-3,37.5785081,126.7460782,geocoded_kakao_jibun,kakao_exact_jibun_address_match,인천 계양구 선주지동 198-3,1,1,0.0,,kakao_local_api:address_jibun,https://dapi.kakao.com/v2/local/search/address.json,2026-09-06,https://www.data.go.kr/data/15038929/fileData.do,2026-01-19,2026-09-06,administrative_record_only_not_confirmed_active,신축,2022-01-11,2022-02-07,2022-05-26,제1종근린생활시설,,"주소 기반 추정 위치, 공사현장 좌표 아님"
15038929:967,967,건축행정기록,제1종근린생활시설,인천광역시 계양구 둑실동 156,37.5798675,126.6996135,geocoded_kakao_jibun,kakao_exact_jibun_address_match,인천 계양구 둑실동 156,1,1,0.0,,kakao_local_api:address_jibun,https://dapi.kakao.com/v2/local/search/address.json,2026-09-06,https://www.data.go.kr/data/15038929/fileData.do,2026-01-19,2026-09-06,administrative_record_only_not_confirmed_active,신축,2022-01-10,2022-03-03,2022-12-28,제1종근린생활시설,,"주소 기반 추정 위치, 공사현장 좌표 아님"
15038929:968,968,건축행정기록,업무시설,인천광역시 계양구 작전동 408-14,37.5242591,126.7256365,geocoded_kakao_jibun,kakao_exact_jibun_address_match,인천 계양구 작전동 408-14,1,1,0.0,,kakao_local_api:address_jibun,https://dapi.kakao.com/v2/local/search/address.json,2026-09-06,https://www.data.go.kr/data/15038929/fileData.do,2026-01-19,2026-09-06,administrative_record_only_not_confirmed_active,신축,2022-01-07,2022-03-04,2023-04-14,업무시설,,"주소 기반 추정 위치, 공사현장 좌표 아님"
15038929:969,969,건축행정기록,위험물저장및처리시설,인천광역시 계양구 서운동 142-36,37.5258264,126.7541092,geocoded_kakao_jibun,kakao_exact_jibun_address_match,인천 계양구 서운동 142-36,1,1,0.0,,kakao_local_api:address_jibun,https://dapi.kakao.com/v2/local/search/address.json,2026-09-06,https://www.data.go.kr/data/15038929/fileData.do,2026-01-19,2026-09-06,administrative_record_only_not_confirmed_active,증축,2022-01-03,2022-03-23,2023-01-04,위험물저장및처리시설,,"주소 기반 추정 위치, 공사현장 좌표 아님"
15038929:970,970,건축행정기록,제2종근린생활시설,인천광역시 계양구 다남동 102-8,37.5696385,126.7282806,geocoded_kakao_jibun,kakao_exact_jibun_address_match,인천 계양구 다남동 102-8,1,1,0.0,,kakao_local_api:address_jibun,https://dapi.kakao.com/v2/local/search/address.json,2026-09-06,https://www.data.go.kr/data/15038929/fileData.do,2026-01-19,2026-09-06,administrative_record_only_not_confirmed_active,신축,2021-12-31,2022-02-21,2024-12-02,제2종근린생활시설,,"주소 기반 추정 위치, 공사현장 좌표 아님"
15038929:971,971,건축행정기록,공장,인천광역시 계양구 서운동 213-5,37.5348495,126.7578354,geocoded_kakao_jibun,kakao_exact_jibun_address_match,인천 계양구 서운동 213-5,1,1,0.0,,kakao_local_api:address_jibun,https://dapi.kakao.com/v2/local/search/address.json,2026-09-06,https://www.data.go.kr/data/15038929/fileData.do,2026-01-19,2026-09-06,administrative_record_only_not_confirmed_active,신축,2021-12-30,2022-03-29,2023-01-11,공장,,"주소 기반 추정 위치, 공사현장 좌표 아님"
15038929:972,972,건축행정기록,제2종근린생활시설,인천광역시 계양구 귤현동 507-9,37.5673054,126.7452586,geocoded_kakao_jibun,kakao_exact_jibun_address_match,인천 계양구 귤현동 507-9,1,1,0.0,,kakao_local_api:address_jibun,https://dapi.kakao.com/v2/local/search/address.json,2026-09-06,https://www.data.go.kr/data/15038929/fileData.do,2026-01-19,2026-09-06,administrative_record_only_not_confirmed_active,신축,2021-12-30,2022-02-17,,제2종근린생활시설,,"주소 기반 추정 위치, 공사현장 좌표 아님"
15038929:973,973,건축행정기록,공장,인천광역시 계양구 서운동 216-2,37.5331258,126.7553886,geocoded_kakao_jibun,kakao_exact_jibun_address_match,인천 계양구 서운동 216-2,1,1,0.0,,kakao_local_api:address_jibun,https://dapi.kakao.com/v2/local/search/address.json,2026-09-06,https://www.data.go.kr/data/15038929/fileData.do,2026-01-19,2026-09-06,administrative_record_only_not_confirmed_active,증축,2021-12-21,2022-01-04,2022-02-11,공장,,"주소 기반 추정 위치, 공사현장 좌표 아님"
15038929:974,974,건축행정기록,업무시설,인천광역시 계양구 계산동 955-23,37.5401649,126.7235711,geocoded_kakao_jibun,kakao_exact_jibun_address_match,인천 계양구 계산동 955-23,1,1,0.0,,kakao_local_api:address_jibun,https://dapi.kakao.com/v2/local/search/address.json,2026-09-06,https://www.data.go.kr/data/15038929/fileData.do,2026-01-19,2026-09-06,administrative_record_only_not_confirmed_active,신축,2021-12-16,2021-12-31,2022-11-03,업무시설,,"주소 기반 추정 위치, 공사현장 좌표 아님"
15038929:975,975,건축행정기록,업무시설,인천광역시 계양구 효성동 604,37.5248108,126.6972352,geocoded_kakao_jibun,kakao_exact_jibun_address_match,인천 계양구 효성동 604,1,1,0.0,,kakao_local_api:address_jibun,https://dapi.kakao.com/v2/local/search/address.json,2026-09-06,https://www.data.go.kr/data/15038929/fileData.do,2026-01-19,2026-09-06,administrative_record_only_not_confirmed_active,신축,2021-12-02,2022-08-18,2025-02-28,업무시설,,"주소 기반 추정 위치, 공사현장 좌표 아님"
15038929:976,976,건축행정기록,업무시설,인천광역시 계양구 계산동 967-14 외2필지,37.5378017,126.7237980,geocoded_kakao_jibun,kakao_exact_jibun_address_match,인천 계양구 계산동 967-14,1,1,0.0,,kakao_local_api:address_jibun,https://dapi.kakao.com/v2/local/search/address.json,2026-09-06,https://www.data.go.kr/data/15038929/fileData.do,2026-01-19,2026-09-06,administrative_record_only_not_confirmed_active,신축,2021-12-02,2022-04-18,2023-08-18,업무시설,,"주소 기반 추정 위치, 공사현장 좌표 아님"
15038929:977,977,건축행정기록,관광휴게시설,인천광역시 계양구 계산동 산 48-33 외1필지,37.5467279,126.7125633,geocoded_kakao_jibun,kakao_exact_jibun_address_match,인천 계양구 계산동 산 48-33,1,1,0.0,,kakao_local_api:address_jibun,https://dapi.kakao.com/v2/local/search/address.json,2026-09-06,https://www.data.go.kr/data/15038929/fileData.do,2026-01-19,2026-09-06,administrative_record_only_not_confirmed_active,증축,2021-12-01,2022-05-24,,관광휴게시설,,"주소 기반 추정 위치, 공사현장 좌표 아님"
15038929:978,978,건축행정기록,노유자시설,인천광역시 계양구 계산동 1071-2,37.5353740,126.7337828,geocoded_kakao_jibun,kakao_exact_jibun_address_match,인천 계양구 계산동 1071-2,1,1,0.0,,kakao_local_api:address_jibun,https://dapi.kakao.com/v2/local/search/address.json,2026-09-06,https://www.data.go.kr/data/15038929/fileData.do,2026-01-19,2026-09-06,administrative_record_only_not_confirmed_active,대수선,2021-11-26,2021-12-10,2022-06-22,노유자시설,,"주소 기반 추정 위치, 공사현장 좌표 아님"
15038929:979,979,건축행정기록,의료시설,인천광역시 계양구 작전동 910-5 외1필지,37.5318926,126.7379459,geocoded_kakao_jibun,kakao_exact_jibun_address_match,인천 계양구 작전동 910-5,1,1,0.0,,kakao_local_api:address_jibun,https://dapi.kakao.com/v2/local/search/address.json,2026-09-06,https://www.data.go.kr/data/15038929/fileData.do,2026-01-19,2026-09-06,administrative_record_only_not_confirmed_active,증축,2021-11-25,2022-05-16,2022-12-21,의료시설,,"주소 기반 추정 위치, 공사현장 좌표 아님"
15038929:980,980,건축행정기록,제2종근린생활시설,인천광역시 계양구 계산동 332-4,37.5393675,126.7284431,geocoded_kakao_jibun,kakao_exact_jibun_address_match,인천 계양구 계산동 332-4,1,1,0.0,,kakao_local_api:address_jibun,https://dapi.kakao.com/v2/local/search/address.json,2026-09-06,https://www.data.go.kr/data/15038929/fileData.do,2026-01-19,2026-09-06,administrative_record_only_not_confirmed_active,증축,2021-11-25,2022-11-07,2024-12-18,제2종근린생활시설,,"주소 기반 추정 위치, 공사현장 좌표 아님"
15038929:981,981,건축행정기록,공장,인천광역시 계양구 서운동 212-2,37.5348819,126.7550205,geocoded_kakao_jibun,kakao_exact_jibun_address_match,인천 계양구 서운동 212-2,1,1,0.0,,kakao_local_api:address_jibun,https://dapi.kakao.com/v2/local/search/address.json,2026-09-06,https://www.data.go.kr/data/15038929/fileData.do,2026-01-19,2026-09-06,administrative_record_only_not_confirmed_active,증축,2021-11-24,2022-01-10,2022-04-19,공장,,"주소 기반 추정 위치, 공사현장 좌표 아님"
15038929:982,982,건축행정기록,단독주택,인천광역시 계양구 동양동 612-6,37.5604253,126.7538174,geocoded_kakao_jibun,kakao_exact_jibun_address_match,인천 계양구 동양동 612-6,1,1,0.0,,kakao_local_api:address_jibun,https://dapi.kakao.com/v2/local/search/address.json,2026-09-06,https://www.data.go.kr/data/15038929/fileData.do,2026-01-19,2026-09-06,administrative_record_only_not_confirmed_active,신축,2021-11-24,2022-04-08,2022-10-06,단독주택,,"주소 기반 추정 위치, 공사현장 좌표 아님"
15038929:983,983,건축행정기록,제2종근린생활시설,인천광역시 계양구 서운동 26-8,37.5292395,126.7433736,geocoded_kakao_jibun,kakao_exact_jibun_address_match,인천 계양구 서운동 26-8,1,1,0.0,,kakao_local_api:address_jibun,https://dapi.kakao.com/v2/local/search/address.json,2026-09-06,https://www.data.go.kr/data/15038929/fileData.do,2026-01-19,2026-09-06,administrative_record_only_not_confirmed_active,신축,2021-11-18,2022-07-26,2022-12-07,제2종근린생활시설,,"주소 기반 추정 위치, 공사현장 좌표 아님"
15038929:984,984,건축행정기록,교정및군사시설,인천광역시 계양구 갈현동 60-16,37.5777912,126.7265846,geocoded_kakao_jibun,kakao_exact_jibun_address_match,인천 계양구 갈현동 60-16,1,1,0.0,,kakao_local_api:address_jibun,https://dapi.kakao.com/v2/local/search/address.json,2026-09-06,https://www.data.go.kr/data/15038929/fileData.do,2026-01-19,2026-09-06,administrative_record_only_not_confirmed_active,신축,2021-11-17,2022-11-08,,교정및군사시설,,"주소 기반 추정 위치, 공사현장 좌표 아님"
15038929:985,985,건축행정기록,공동주택,인천광역시 계양구 계산동 964-36,37.5382778,126.7271358,geocoded_kakao_jibun,kakao_exact_jibun_address_match,인천 계양구 계산동 964-36,1,1,0.0,,kakao_local_api:address_jibun,https://dapi.kakao.com/v2/local/search/address.json,2026-09-06,https://www.data.go.kr/data/15038929/fileData.do,2026-01-19,2026-09-06,administrative_record_only_not_confirmed_active,신축,2021-11-16,2021-12-01,2022-05-24,공동주택,,"주소 기반 추정 위치, 공사현장 좌표 아님"
15038929:986,986,건축행정기록,단독주택,인천광역시 계양구 계산동 783-6 외2필지,37.5402576,126.7169400,geocoded_kakao_jibun,kakao_exact_jibun_address_match,인천 계양구 계산동 783-6,1,1,0.0,,kakao_local_api:address_jibun,https://dapi.kakao.com/v2/local/search/address.json,2026-09-06,https://www.data.go.kr/data/15038929/fileData.do,2026-01-19,2026-09-06,administrative_record_only_not_confirmed_active,신축,2021-11-10,2022-01-17,,단독주택,,"주소 기반 추정 위치, 공사현장 좌표 아님"
15038929:987,987,건축행정기록,문화및집회시설,인천광역시 계양구 계산동 1063-9,37.5386613,126.7348873,geocoded_kakao_jibun,kakao_exact_jibun_address_match,인천 계양구 계산동 1063-9,1,1,0.0,,kakao_local_api:address_jibun,https://dapi.kakao.com/v2/local/search/address.json,2026-09-06,https://www.data.go.kr/data/15038929/fileData.do,2026-01-19,2026-09-06,administrative_record_only_not_confirmed_active,대수선,2021-11-03,2021-11-09,2021-12-17,문화및집회시설,,"주소 기반 추정 위치, 공사현장 좌표 아님"
15038929:988,988,건축행정기록,공동주택,인천광역시 계양구 효성동 192-6,37.5283463,126.7075763,geocoded_kakao_jibun,kakao_exact_jibun_address_match,인천 계양구 효성동 192-6,1,1,0.0,,kakao_local_api:address_jibun,https://dapi.kakao.com/v2/local/search/address.json,2026-09-06,https://www.data.go.kr/data/15038929/fileData.do,2026-01-19,2026-09-06,administrative_record_only_not_confirmed_active,신축,2021-10-21,2021-11-04,2022-06-20,공동주택,,"주소 기반 추정 위치, 공사현장 좌표 아님"
15038929:989,989,건축행정기록,공동주택,인천광역시 계양구 임학동 32-3,37.5465916,126.7342884,geocoded_kakao_jibun,kakao_exact_jibun_address_match,인천 계양구 임학동 32-3,1,1,0.0,,kakao_local_api:address_jibun,https://dapi.kakao.com/v2/local/search/address.json,2026-09-06,https://www.data.go.kr/data/15038929/fileData.do,2026-01-19,2026-09-06,administrative_record_only_not_confirmed_active,신축,2021-10-20,2021-11-03,2022-04-26,공동주택,,"주소 기반 추정 위치, 공사현장 좌표 아님"
15038929:990,990,건축행정기록,제2종근린생활시설,인천광역시 계양구 다남동 100-7 외1필지,37.5709750,126.7308591,geocoded_kakao_jibun,kakao_exact_jibun_address_match,인천 계양구 다남동 100-7,1,1,0.0,,kakao_local_api:address_jibun,https://dapi.kakao.com/v2/local/search/address.json,2026-09-06,https://www.data.go.kr/data/15038929/fileData.do,2026-01-19,2026-09-06,administrative_record_only_not_confirmed_active,신축,2021-10-18,2024-10-14,,제2종근린생활시설,,"주소 기반 추정 위치, 공사현장 좌표 아님"
15038929:991,991,건축행정기록,제1종근린생활시설,인천광역시 계양구 선주지동 105-1,37.5789572,126.7479824,geocoded_kakao_jibun,kakao_exact_jibun_address_match,인천 계양구 선주지동 105-1,1,1,0.0,,kakao_local_api:address_jibun,https://dapi.kakao.com/v2/local/search/address.json,2026-09-06,https://www.data.go.kr/data/15038929/fileData.do,2026-01-19,2026-09-06,administrative_record_only_not_confirmed_active,신축,2021-10-14,2021-12-22,2024-12-17,제1종근린생활시설,,"주소 기반 추정 위치, 공사현장 좌표 아님"
15038929:992,992,건축행정기록,제1종근린생활시설,인천광역시 계양구 선주지동 124-6,37.5796492,126.7446765,geocoded_kakao_jibun,kakao_exact_jibun_address_match,인천 계양구 선주지동 124-6,1,1,0.0,,kakao_local_api:address_jibun,https://dapi.kakao.com/v2/local/search/address.json,2026-09-06,https://www.data.go.kr/data/15038929/fileData.do,2026-01-19,2026-09-06,administrative_record_only_not_confirmed_active,신축,2021-10-01,2021-12-08,2022-05-20,제1종근린생활시설,,"주소 기반 추정 위치, 공사현장 좌표 아님"
15038929:993,993,건축행정기록,공장,인천광역시 계양구 작전동 619-7,37.5249004,126.7389761,geocoded_kakao_jibun,kakao_exact_jibun_address_match,인천 계양구 작전동 619-7,1,1,0.0,,kakao_local_api:address_jibun,https://dapi.kakao.com/v2/local/search/address.json,2026-09-06,https://www.data.go.kr/data/15038929/fileData.do,2026-01-19,2026-09-06,administrative_record_only_not_confirmed_active,신축,2021-09-24,2021-11-03,2022-07-07,공장,,"주소 기반 추정 위치, 공사현장 좌표 아님"
15038929:994,994,건축행정기록,업무시설,인천광역시 계양구 작전동 427-2,37.5258771,126.7237018,geocoded_kakao_jibun,kakao_exact_jibun_address_match,인천 계양구 작전동 427-2,1,1,0.0,,kakao_local_api:address_jibun,https://dapi.kakao.com/v2/local/search/address.json,2026-09-06,https://www.data.go.kr/data/15038929/fileData.do,2026-01-19,2026-09-06,administrative_record_only_not_confirmed_active,신축,2021-09-24,2024-07-02,,업무시설,,"주소 기반 추정 위치, 공사현장 좌표 아님"
15038929:995,995,건축행정기록,종교시설,인천광역시 계양구 계산동 944-46,37.5414022,126.7231716,geocoded_kakao_jibun,kakao_exact_jibun_address_match,인천 계양구 계산동 944-46,1,1,0.0,,kakao_local_api:address_jibun,https://dapi.kakao.com/v2/local/search/address.json,2026-09-06,https://www.data.go.kr/data/15038929/fileData.do,2026-01-19,2026-09-06,administrative_record_only_not_confirmed_active,대수선,2021-09-02,2021-11-01,2022-03-07,종교시설,,"주소 기반 추정 위치, 공사현장 좌표 아님"
15038929:996,996,건축행정기록,업무시설,인천광역시 계양구 작전동 899-3,37.5333804,126.7344788,geocoded_kakao_jibun,kakao_exact_jibun_address_match,인천 계양구 작전동 899-3,1,1,0.0,,kakao_local_api:address_jibun,https://dapi.kakao.com/v2/local/search/address.json,2026-09-06,https://www.data.go.kr/data/15038929/fileData.do,2026-01-19,2026-09-06,administrative_record_only_not_confirmed_active,신축,2021-08-31,2022-06-10,2025-01-23,업무시설,,"주소 기반 추정 위치, 공사현장 좌표 아님"
15038929:997,997,건축행정기록,업무시설,인천광역시 계양구 용종동 9-1 외3필지,37.5413697,126.7520458,geocoded_kakao_jibun,kakao_exact_jibun_address_match,인천 계양구 용종동 9-1,1,1,0.0,,kakao_local_api:address_jibun,https://dapi.kakao.com/v2/local/search/address.json,2026-09-06,https://www.data.go.kr/data/15038929/fileData.do,2026-01-19,2026-09-06,administrative_record_only_not_confirmed_active,증축,2021-08-27,2021-10-27,2021-12-30,업무시설,,"주소 기반 추정 위치, 공사현장 좌표 아님"
15038929:998,998,건축행정기록,창고시설,인천광역시 계양구 서운동 55-100 외1필지,37.5247573,126.7464238,geocoded_kakao_jibun,kakao_exact_jibun_address_match,인천 계양구 서운동 55-100,1,1,0.0,,kakao_local_api:address_jibun,https://dapi.kakao.com/v2/local/search/address.json,2026-09-06,https://www.data.go.kr/data/15038929/fileData.do,2026-01-19,2026-09-06,administrative_record_only_not_confirmed_active,증축,2021-08-19,2021-08-24,2022-02-18,창고시설,,"주소 기반 추정 위치, 공사현장 좌표 아님"
15038929:999,999,건축행정기록,공장,인천광역시 계양구 서운동 209,37.5372025,126.7565142,geocoded_kakao_jibun,kakao_exact_jibun_address_match,인천 계양구 서운동 209,1,1,0.0,,kakao_local_api:address_jibun,https://dapi.kakao.com/v2/local/search/address.json,2026-09-06,https://www.data.go.kr/data/15038929/fileData.do,2026-01-19,2026-09-06,administrative_record_only_not_confirmed_active,증축,2021-08-17,2021-08-27,2022-07-01,공장,,"주소 기반 추정 위치, 공사현장 좌표 아님"
15038929:1000,1000,건축행정기록,업무시설,인천광역시 계양구 작전동 428-4,37.5264251,126.7237859,geocoded_kakao_jibun,kakao_exact_jibun_address_match,인천 계양구 작전동 428-4,1,1,0.0,,kakao_local_api:address_jibun,https://dapi.kakao.com/v2/local/search/address.json,2026-09-06,https://www.data.go.kr/data/15038929/fileData.do,2026-01-19,2026-09-06,administrative_record_only_not_confirmed_active,신축,2021-08-13,2024-07-02,,업무시설,,"주소 기반 추정 위치, 공사현장 좌표 아님"
15038929:1001,1001,건축행정기록,제1종근린생활시설,인천광역시 계양구 이화동 230-9 외2필지,37.5923426,126.7380716,geocoded_kakao_jibun,kakao_exact_jibun_address_match,인천 계양구 이화동 230-9,1,1,0.0,,kakao_local_api:address_jibun,https://dapi.kakao.com/v2/local/search/address.json,2026-09-06,https://www.data.go.kr/data/15038929/fileData.do,2026-01-19,2026-09-06,administrative_record_only_not_confirmed_active,신축,2021-08-10,2021-10-15,2022-06-20,제1종근린생활시설,,"주소 기반 추정 위치, 공사현장 좌표 아님"
15038929:1002,1002,건축행정기록,제1종근린생활시설,인천광역시 계양구 하야동 40-21 외1필지,37.5812375,126.7808188,geocoded_kakao_jibun,kakao_exact_jibun_address_match,인천 계양구 하야동 40-21,1,1,0.0,,kakao_local_api:address_jibun,https://dapi.kakao.com/v2/local/search/address.json,2026-09-06,https://www.data.go.kr/data/15038929/fileData.do,2026-01-19,2026-09-06,administrative_record_only_not_confirmed_active,신축,2021-08-02,2021-10-29,2022-03-08,제1종근린생활시설,,"주소 기반 추정 위치, 공사현장 좌표 아님"
15038929:1003,1003,건축행정기록,종교시설,인천광역시 계양구 임학동 70 외1필지,37.5439469,126.7359464,geocoded_kakao_jibun,kakao_exact_jibun_address_match,인천 계양구 임학동 70,1,1,0.0,,kakao_local_api:address_jibun,https://dapi.kakao.com/v2/local/search/address.json,2026-09-06,https://www.data.go.kr/data/15038929/fileData.do,2026-01-19,2026-09-06,administrative_record_only_not_confirmed_active,증축,2021-07-22,2021-09-23,2022-01-19,종교시설,,"주소 기반 추정 위치, 공사현장 좌표 아님"
15038929:1004,1004,건축행정기록,제2종근린생활시설,인천광역시 계양구 다남동 102-19 외1필지,37.5702941,126.7299355,geocoded_kakao_jibun,kakao_exact_jibun_address_match,인천 계양구 다남동 102-19,1,1,0.0,,kakao_local_api:address_jibun,https://dapi.kakao.com/v2/local/search/address.json,2026-09-06,https://www.data.go.kr/data/15038929/fileData.do,2026-01-19,2026-09-06,administrative_record_only_not_confirmed_active,신축,2021-07-20,2024-07-25,2025-04-08,제2종근린생활시설,,"주소 기반 추정 위치, 공사현장 좌표 아님"
15038929:1005,1005,건축행정기록,자동차관련시설,인천광역시 계양구 병방동 169,37.5462817,126.7439326,geocoded_kakao_jibun,kakao_exact_jibun_address_match,인천 계양구 병방동 169,1,1,0.0,,kakao_local_api:address_jibun,https://dapi.kakao.com/v2/local/search/address.json,2026-09-06,https://www.data.go.kr/data/15038929/fileData.do,2026-01-19,2026-09-06,administrative_record_only_not_confirmed_active,신축,2021-07-08,2021-07-23,2021-09-17,자동차관련시설,,"주소 기반 추정 위치, 공사현장 좌표 아님"
15038929:1006,1006,건축행정기록,공동주택,인천광역시 계양구 귤현동 504-4 외1필지,37.5667267,126.7469685,geocoded_kakao_jibun,kakao_exact_jibun_address_match,인천 계양구 귤현동 504-4,1,1,0.0,,kakao_local_api:address_jibun,https://dapi.kakao.com/v2/local/search/address.json,2026-09-06,https://www.data.go.kr/data/15038929/fileData.do,2026-01-19,2026-09-06,administrative_record_only_not_confirmed_active,신축,2021-07-06,2021-07-20,2022-03-25,공동주택,,"주소 기반 추정 위치, 공사현장 좌표 아님"
15038929:1007,1007,건축행정기록,공장,인천광역시 계양구 효성동 519-1,37.5242956,126.7044970,geocoded_kakao_jibun,kakao_exact_jibun_address_match,인천 계양구 효성동 519-1,1,1,0.0,,kakao_local_api:address_jibun,https://dapi.kakao.com/v2/local/search/address.json,2026-09-06,https://www.data.go.kr/data/15038929/fileData.do,2026-01-19,2026-09-06,administrative_record_only_not_confirmed_active,증축,2021-07-01,2021-07-30,2021-11-19,공장,,"주소 기반 추정 위치, 공사현장 좌표 아님"
15038929:1008,1008,건축행정기록,운동시설,인천광역시 계양구 효성동 324-1 외2필지,37.5264945,126.7105894,geocoded_kakao_jibun,kakao_exact_jibun_address_match,인천 계양구 효성동 324-1,1,1,0.0,,kakao_local_api:address_jibun,https://dapi.kakao.com/v2/local/search/address.json,2026-09-06,https://www.data.go.kr/data/15038929/fileData.do,2026-01-19,2026-09-06,administrative_record_only_not_confirmed_active,신축,2021-06-30,2021-10-06,2024-11-12,운동시설,,"주소 기반 추정 위치, 공사현장 좌표 아님"
15038929:1009,1009,건축행정기록,제1종근린생활시설,인천광역시 계양구 선주지동 124,37.5798515,126.7446140,geocoded_kakao_jibun,kakao_exact_jibun_address_match,인천 계양구 선주지동 124,1,1,0.0,,kakao_local_api:address_jibun,https://dapi.kakao.com/v2/local/search/address.json,2026-09-06,https://www.data.go.kr/data/15038929/fileData.do,2026-01-19,2026-09-06,administrative_record_only_not_confirmed_active,신축,2021-06-30,2021-07-29,2021-12-01,제1종근린생활시설,,"주소 기반 추정 위치, 공사현장 좌표 아님"
15038929:1010,1010,건축행정기록,자동차관련시설,인천광역시 계양구 작전동 903,37.5318890,126.7350492,geocoded_kakao_jibun,kakao_exact_jibun_address_match,인천 계양구 작전동 903,1,1,0.0,,kakao_local_api:address_jibun,https://dapi.kakao.com/v2/local/search/address.json,2026-09-06,https://www.data.go.kr/data/15038929/fileData.do,2026-01-19,2026-09-06,administrative_record_only_not_confirmed_active,신축,2021-06-24,2021-11-05,,자동차관련시설,,"주소 기반 추정 위치, 공사현장 좌표 아님"
15038929:1011,1011,건축행정기록,제1종근린생활시설,인천광역시 계양구 효성동 253-1,37.5280559,126.7118763,geocoded_kakao_jibun,kakao_exact_jibun_address_match,인천 계양구 효성동 253-1,1,1,0.0,,kakao_local_api:address_jibun,https://dapi.kakao.com/v2/local/search/address.json,2026-09-06,https://www.data.go.kr/data/15038929/fileData.do,2026-01-19,2026-09-06,administrative_record_only_not_confirmed_active,대수선,2021-06-22,2021-09-01,2022-03-28,제1종근린생활시설,,"주소 기반 추정 위치, 공사현장 좌표 아님"
15038929:1012,1012,건축행정기록,제2종근린생활시설,인천광역시 계양구 선주지동 200-11,37.5780996,126.7469573,geocoded_kakao_jibun,kakao_exact_jibun_address_match,인천 계양구 선주지동 200-11,1,1,0.0,,kakao_local_api:address_jibun,https://dapi.kakao.com/v2/local/search/address.json,2026-09-06,https://www.data.go.kr/data/15038929/fileData.do,2026-01-19,2026-09-06,administrative_record_only_not_confirmed_active,신축,2021-06-22,2022-04-14,2022-12-29,제2종근린생활시설,,"주소 기반 추정 위치, 공사현장 좌표 아님"
15038929:1013,1013,건축행정기록,제1종근린생활시설,인천광역시 계양구 선주지동 200-10,37.5786336,126.7473275,geocoded_kakao_jibun,kakao_exact_jibun_address_match,인천 계양구 선주지동 200-10,1,1,0.0,,kakao_local_api:address_jibun,https://dapi.kakao.com/v2/local/search/address.json,2026-09-06,https://www.data.go.kr/data/15038929/fileData.do,2026-01-19,2026-09-06,administrative_record_only_not_confirmed_active,신축,2021-06-21,2022-06-10,2023-04-03,제1종근린생활시설,,"주소 기반 추정 위치, 공사현장 좌표 아님"
15038929:1014,1014,건축행정기록,제2종근린생활시설,인천광역시 계양구 선주지동 114-20,37.5785380,126.7468894,geocoded_kakao_jibun,kakao_exact_jibun_address_match,인천 계양구 선주지동 114-20,1,1,0.0,,kakao_local_api:address_jibun,https://dapi.kakao.com/v2/local/search/address.json,2026-09-06,https://www.data.go.kr/data/15038929/fileData.do,2026-01-19,2026-09-06,administrative_record_only_not_confirmed_active,신축,2021-06-21,2021-09-09,2023-01-11,제2종근린생활시설,,"주소 기반 추정 위치, 공사현장 좌표 아님"
15038929:1015,1015,건축행정기록,제1종근린생활시설,인천광역시 계양구 선주지동 200-8,37.5784102,126.7469124,geocoded_kakao_jibun,kakao_exact_jibun_address_match,인천 계양구 선주지동 200-8,1,1,0.0,,kakao_local_api:address_jibun,https://dapi.kakao.com/v2/local/search/address.json,2026-09-06,https://www.data.go.kr/data/15038929/fileData.do,2026-01-19,2026-09-06,administrative_record_only_not_confirmed_active,신축,2021-06-21,2021-10-22,2022-11-09,제1종근린생활시설,,"주소 기반 추정 위치, 공사현장 좌표 아님"
15038929:1016,1016,건축행정기록,단독주택,인천광역시 계양구 다남동 77-21,37.5686489,126.7249630,geocoded_kakao_jibun,kakao_exact_jibun_address_match,인천 계양구 다남동 77-21,1,1,0.0,,kakao_local_api:address_jibun,https://dapi.kakao.com/v2/local/search/address.json,2026-09-06,https://www.data.go.kr/data/15038929/fileData.do,2026-01-19,2026-09-06,administrative_record_only_not_confirmed_active,신축,2021-06-21,2021-09-06,2022-02-16,단독주택,,"주소 기반 추정 위치, 공사현장 좌표 아님"
15038929:1017,1017,건축행정기록,제2종근린생활시설,인천광역시 계양구 선주지동 200-7,37.5783041,126.7467548,geocoded_kakao_jibun,kakao_exact_jibun_address_match,인천 계양구 선주지동 200-7,1,1,0.0,,kakao_local_api:address_jibun,https://dapi.kakao.com/v2/local/search/address.json,2026-09-06,https://www.data.go.kr/data/15038929/fileData.do,2026-01-19,2026-09-06,administrative_record_only_not_confirmed_active,신축,2021-06-21,2022-04-14,2023-01-18,제2종근린생활시설,,"주소 기반 추정 위치, 공사현장 좌표 아님"
15038929:1018,1018,건축행정기록,제1종근린생활시설,인천광역시 계양구 선주지동 200-5,37.5779481,126.7469029,geocoded_kakao_jibun,kakao_exact_jibun_address_match,인천 계양구 선주지동 200-5,1,1,0.0,,kakao_local_api:address_jibun,https://dapi.kakao.com/v2/local/search/address.json,2026-09-06,https://www.data.go.kr/data/15038929/fileData.do,2026-01-19,2026-09-06,administrative_record_only_not_confirmed_active,신축,2021-06-18,2021-07-01,2022-10-26,제1종근린생활시설,,"주소 기반 추정 위치, 공사현장 좌표 아님"
15038929:1019,1019,건축행정기록,제2종근린생활시설,인천광역시 계양구 선주지동 200-13,37.5784251,126.7476517,geocoded_kakao_jibun,kakao_exact_jibun_address_match,인천 계양구 선주지동 200-13,1,1,0.0,,kakao_local_api:address_jibun,https://dapi.kakao.com/v2/local/search/address.json,2026-09-06,https://www.data.go.kr/data/15038929/fileData.do,2026-01-19,2026-09-06,administrative_record_only_not_confirmed_active,신축,2021-06-18,2022-04-19,2023-02-13,제2종근린생활시설,,"주소 기반 추정 위치, 공사현장 좌표 아님"
15038929:1020,1020,건축행정기록,제2종근린생활시설,인천광역시 계양구 선주지동 200-6,37.5783458,126.7473704,geocoded_kakao_jibun,kakao_exact_jibun_address_match,인천 계양구 선주지동 200-6,1,1,0.0,,kakao_local_api:address_jibun,https://dapi.kakao.com/v2/local/search/address.json,2026-09-06,https://www.data.go.kr/data/15038929/fileData.do,2026-01-19,2026-09-06,administrative_record_only_not_confirmed_active,신축,2021-06-18,2022-06-14,2022-11-09,제2종근린생활시설,,"주소 기반 추정 위치, 공사현장 좌표 아님"
15038929:1021,1021,건축행정기록,제2종근린생활시설,인천광역시 계양구 선주지동 200-12,37.5781762,126.7470660,geocoded_kakao_jibun,kakao_exact_jibun_address_match,인천 계양구 선주지동 200-12,1,1,0.0,,kakao_local_api:address_jibun,https://dapi.kakao.com/v2/local/search/address.json,2026-09-06,https://www.data.go.kr/data/15038929/fileData.do,2026-01-19,2026-09-06,administrative_record_only_not_confirmed_active,신축,2021-06-18,2021-09-16,2022-11-04,제2종근린생활시설,,"주소 기반 추정 위치, 공사현장 좌표 아님"
15038929:1022,1022,건축행정기록,공동주택,인천광역시 계양구 귤현동 491,37.5692861,126.7480248,geocoded_kakao_jibun,kakao_exact_jibun_address_match,인천 계양구 귤현동 491,1,1,0.0,,kakao_local_api:address_jibun,https://dapi.kakao.com/v2/local/search/address.json,2026-09-06,https://www.data.go.kr/data/15038929/fileData.do,2026-01-19,2026-09-06,administrative_record_only_not_confirmed_active,신축,2021-06-18,2021-06-28,2022-01-06,공동주택,,"주소 기반 추정 위치, 공사현장 좌표 아님"
15038929:1023,1023,건축행정기록,제1종근린생활시설,인천광역시 계양구 선주지동 200-9,37.5785634,126.7471466,geocoded_kakao_jibun,kakao_exact_jibun_address_match,인천 계양구 선주지동 200-9,1,1,0.0,,kakao_local_api:address_jibun,https://dapi.kakao.com/v2/local/search/address.json,2026-09-06,https://www.data.go.kr/data/15038929/fileData.do,2026-01-19,2026-09-06,administrative_record_only_not_confirmed_active,신축,2021-06-18,2021-10-22,2022-11-14,제1종근린생활시설,,"주소 기반 추정 위치, 공사현장 좌표 아님"
15038929:1024,1024,건축행정기록,제1종근린생활시설,인천광역시 계양구 효성동 151-4,37.5299924,126.7096081,geocoded_kakao_jibun,kakao_exact_jibun_address_match,인천 계양구 효성동 151-4,1,1,0.0,,kakao_local_api:address_jibun,https://dapi.kakao.com/v2/local/search/address.json,2026-09-06,https://www.data.go.kr/data/15038929/fileData.do,2026-01-19,2026-09-06,administrative_record_only_not_confirmed_active,신축,2021-06-03,2021-06-17,2021-10-07,제1종근린생활시설,,"주소 기반 추정 위치, 공사현장 좌표 아님"
15038929:1025,1025,건축행정기록,종교시설,인천광역시 계양구 작전동 682-1,37.5251249,126.7370593,geocoded_kakao_jibun,kakao_exact_jibun_address_match,인천 계양구 작전동 682-1,1,1,0.0,,kakao_local_api:address_jibun,https://dapi.kakao.com/v2/local/search/address.json,2026-09-06,https://www.data.go.kr/data/15038929/fileData.do,2026-01-19,2026-09-06,administrative_record_only_not_confirmed_active,대수선,2021-06-02,2022-05-17,,종교시설,,"주소 기반 추정 위치, 공사현장 좌표 아님"
15038929:1026,1026,건축행정기록,제2종근린생활시설,인천광역시 계양구 서운동 55-239,37.5257139,126.7426008,geocoded_kakao_jibun,kakao_exact_jibun_address_match,인천 계양구 서운동 55-239,1,1,0.0,,kakao_local_api:address_jibun,https://dapi.kakao.com/v2/local/search/address.json,2026-09-06,https://www.data.go.kr/data/15038929/fileData.do,2026-01-19,2026-09-06,administrative_record_only_not_confirmed_active,신축,2021-05-28,2021-08-12,2021-11-24,제2종근린생활시설,,"주소 기반 추정 위치, 공사현장 좌표 아님"
15038929:1027,1027,건축행정기록,단독주택,인천광역시 계양구 다남동 78-4,37.5689961,126.7249841,geocoded_kakao_jibun,kakao_exact_jibun_address_match,인천 계양구 다남동 78-4,1,1,0.0,,kakao_local_api:address_jibun,https://dapi.kakao.com/v2/local/search/address.json,2026-09-06,https://www.data.go.kr/data/15038929/fileData.do,2026-01-19,2026-09-06,administrative_record_only_not_confirmed_active,신축,2021-05-27,2021-06-11,2021-10-26,단독주택,,"주소 기반 추정 위치, 공사현장 좌표 아님"
15038929:1028,1028,건축행정기록,제1종근린생활시설,인천광역시 계양구 계산동 969-16,37.5381835,126.7222686,geocoded_kakao_jibun,kakao_exact_jibun_address_match,인천 계양구 계산동 969-16,1,1,0.0,,kakao_local_api:address_jibun,https://dapi.kakao.com/v2/local/search/address.json,2026-09-06,https://www.data.go.kr/data/15038929/fileData.do,2026-01-19,2026-09-06,administrative_record_only_not_confirmed_active,증축,2021-05-26,2021-06-03,2022-02-24,제1종근린생활시설,,"주소 기반 추정 위치, 공사현장 좌표 아님"
15038929:1029,1029,건축행정기록,단독주택,인천광역시 계양구 계산동 897-36,37.5460044,126.7203952,geocoded_kakao_jibun,kakao_exact_jibun_address_match,인천 계양구 계산동 897-36,1,1,0.0,,kakao_local_api:address_jibun,https://dapi.kakao.com/v2/local/search/address.json,2026-09-06,https://www.data.go.kr/data/15038929/fileData.do,2026-01-19,2026-09-06,administrative_record_only_not_confirmed_active,대수선,2021-05-25,2021-06-16,,단독주택,,"주소 기반 추정 위치, 공사현장 좌표 아님"
15038929:1030,1030,건축행정기록,제1종근린생활시설,인천광역시 계양구 계산동 969-19,37.5379536,126.7222666,geocoded_kakao_jibun,kakao_exact_jibun_address_match,인천 계양구 계산동 969-19,1,1,0.0,,kakao_local_api:address_jibun,https://dapi.kakao.com/v2/local/search/address.json,2026-09-06,https://www.data.go.kr/data/15038929/fileData.do,2026-01-19,2026-09-06,administrative_record_only_not_confirmed_active,대수선,2021-05-21,2021-06-03,2021-12-31,제1종근린생활시설,,"주소 기반 추정 위치, 공사현장 좌표 아님"
15038929:1031,1031,건축행정기록,제2종근린생활시설,인천광역시 계양구 이화동 23-47,37.5859149,126.7469969,geocoded_kakao_jibun,kakao_exact_jibun_address_match,인천 계양구 이화동 23-47,1,1,0.0,,kakao_local_api:address_jibun,https://dapi.kakao.com/v2/local/search/address.json,2026-09-06,https://www.data.go.kr/data/15038929/fileData.do,2026-01-19,2026-09-06,administrative_record_only_not_confirmed_active,신축,2021-05-20,2022-05-11,2022-09-19,제2종근린생활시설,,"주소 기반 추정 위치, 공사현장 좌표 아님"
15038929:1032,1032,건축행정기록,제2종근린생활시설,인천광역시 계양구 서운동 27-3 외1필지,37.5294606,126.7436500,geocoded_kakao_jibun,kakao_exact_jibun_address_match,인천 계양구 서운동 27-3,1,1,0.0,,kakao_local_api:address_jibun,https://dapi.kakao.com/v2/local/search/address.json,2026-09-06,https://www.data.go.kr/data/15038929/fileData.do,2026-01-19,2026-09-06,administrative_record_only_not_confirmed_active,신축,2021-05-20,2021-06-15,2021-11-16,제2종근린생활시설,,"주소 기반 추정 위치, 공사현장 좌표 아님"
15038929:1033,1033,건축행정기록,제1종근린생활시설,인천광역시 계양구 귤현동 497-5,37.5673126,126.7482792,geocoded_kakao_jibun,kakao_exact_jibun_address_match,인천 계양구 귤현동 497-5,1,1,0.0,,kakao_local_api:address_jibun,https://dapi.kakao.com/v2/local/search/address.json,2026-09-06,https://www.data.go.kr/data/15038929/fileData.do,2026-01-19,2026-09-06,administrative_record_only_not_confirmed_active,신축,2021-05-10,2021-05-25,2021-12-21,제1종근린생활시설,,"주소 기반 추정 위치, 공사현장 좌표 아님"
15038929:1034,1034,건축행정기록,숙박시설,인천광역시 계양구 작전동 901-2,37.5315993,126.7342790,geocoded_kakao_jibun,kakao_exact_jibun_address_match,인천 계양구 작전동 901-2,1,1,0.0,,kakao_local_api:address_jibun,https://dapi.kakao.com/v2/local/search/address.json,2026-09-06,https://www.data.go.kr/data/15038929/fileData.do,2026-01-19,2026-09-06,administrative_record_only_not_confirmed_active,신축,2021-05-10,2023-03-13,,숙박시설,,"주소 기반 추정 위치, 공사현장 좌표 아님"
15038929:1035,1035,건축행정기록,노유자시설,인천광역시 계양구 효성동 186-67 외11필지,37.5291921,126.7056966,geocoded_kakao_jibun,kakao_exact_jibun_address_match,인천 계양구 효성동 186-67,1,1,0.0,,kakao_local_api:address_jibun,https://dapi.kakao.com/v2/local/search/address.json,2026-09-06,https://www.data.go.kr/data/15038929/fileData.do,2026-01-19,2026-09-06,administrative_record_only_not_confirmed_active,신축,2021-05-06,2021-08-11,2023-09-04,노유자시설,,"주소 기반 추정 위치, 공사현장 좌표 아님"
15038929:1036,1036,건축행정기록,공장,인천광역시 계양구 효성동 519-2,37.5243062,126.7037426,geocoded_kakao_jibun,kakao_exact_jibun_address_match,인천 계양구 효성동 519-2,1,1,0.0,,kakao_local_api:address_jibun,https://dapi.kakao.com/v2/local/search/address.json,2026-09-06,https://www.data.go.kr/data/15038929/fileData.do,2026-01-19,2026-09-06,administrative_record_only_not_confirmed_active,증축,2021-04-27,2021-08-03,2022-12-02,공장,,"주소 기반 추정 위치, 공사현장 좌표 아님"
15038929:1037,1037,건축행정기록,제2종근린생활시설,인천광역시 계양구 다남동 81-8 외1필지,37.5700853,126.7267531,geocoded_kakao_jibun,kakao_exact_jibun_address_match,인천 계양구 다남동 81-8,1,1,0.0,,kakao_local_api:address_jibun,https://dapi.kakao.com/v2/local/search/address.json,2026-09-06,https://www.data.go.kr/data/15038929/fileData.do,2026-01-19,2026-09-06,administrative_record_only_not_confirmed_active,신축,2021-04-23,2021-07-19,2022-02-23,제2종근린생활시설,,"주소 기반 추정 위치, 공사현장 좌표 아님"
15038929:1038,1038,건축행정기록,단독주택,인천광역시 계양구 귤현동 487-6,37.5696166,126.7472311,geocoded_kakao_jibun,kakao_exact_jibun_address_match,인천 계양구 귤현동 487-6,1,1,0.0,,kakao_local_api:address_jibun,https://dapi.kakao.com/v2/local/search/address.json,2026-09-06,https://www.data.go.kr/data/15038929/fileData.do,2026-01-19,2026-09-06,administrative_record_only_not_confirmed_active,신축,2021-04-23,2021-06-09,2021-12-27,단독주택,,"주소 기반 추정 위치, 공사현장 좌표 아님"
15038929:1039,1039,건축행정기록,제2종근린생활시설,인천광역시 계양구 이화동 299-1,37.5911580,126.7293528,geocoded_kakao_jibun,kakao_exact_jibun_address_match,인천 계양구 이화동 299-1,1,1,0.0,,kakao_local_api:address_jibun,https://dapi.kakao.com/v2/local/search/address.json,2026-09-06,https://www.data.go.kr/data/15038929/fileData.do,2026-01-19,2026-09-06,administrative_record_only_not_confirmed_active,증축,2021-04-21,2021-08-09,2022-05-17,제2종근린생활시설,,"주소 기반 추정 위치, 공사현장 좌표 아님"
15038929:1040,1040,건축행정기록,업무시설,인천광역시 계양구 효성동 305-7 외3필지,37.5245122,126.7110712,geocoded_kakao_jibun,kakao_exact_jibun_address_match,인천 계양구 효성동 305-7,1,1,0.0,,kakao_local_api:address_jibun,https://dapi.kakao.com/v2/local/search/address.json,2026-09-06,https://www.data.go.kr/data/15038929/fileData.do,2026-01-19,2026-09-06,administrative_record_only_not_confirmed_active,신축,2021-04-21,2021-10-07,,업무시설,,"주소 기반 추정 위치, 공사현장 좌표 아님"
15038929:1041,1041,건축행정기록,제1종근린생활시설,인천광역시 계양구 선주지동 116-1,37.5789383,126.7457857,geocoded_kakao_jibun,kakao_exact_jibun_address_match,인천 계양구 선주지동 116-1,1,1,0.0,,kakao_local_api:address_jibun,https://dapi.kakao.com/v2/local/search/address.json,2026-09-06,https://www.data.go.kr/data/15038929/fileData.do,2026-01-19,2026-09-06,administrative_record_only_not_confirmed_active,신축,2021-04-19,2021-05-27,2021-10-07,제1종근린생활시설,,"주소 기반 추정 위치, 공사현장 좌표 아님"
15038929:1042,1042,건축행정기록,문화및집회시설,인천광역시 계양구 장기동 139-1,37.5790128,126.7353909,geocoded_kakao_jibun,kakao_exact_jibun_address_match,인천 계양구 장기동 139-1,1,1,0.0,,kakao_local_api:address_jibun,https://dapi.kakao.com/v2/local/search/address.json,2026-09-06,https://www.data.go.kr/data/15038929/fileData.do,2026-01-19,2026-09-06,administrative_record_only_not_confirmed_active,증축,2021-04-16,2021-06-28,2022-02-17,문화및집회시설,,"주소 기반 추정 위치, 공사현장 좌표 아님"
15038929:1043,1043,건축행정기록,자동차관련시설,인천광역시 계양구 방축동 112-8 외11필지,37.5509257,126.7401602,geocoded_kakao_jibun,kakao_exact_jibun_address_match,인천 계양구 방축동 112-8,1,1,0.0,,kakao_local_api:address_jibun,https://dapi.kakao.com/v2/local/search/address.json,2026-09-06,https://www.data.go.kr/data/15038929/fileData.do,2026-01-19,2026-09-06,administrative_record_only_not_confirmed_active,신축,2021-04-15,2021-06-04,,자동차관련시설,,"주소 기반 추정 위치, 공사현장 좌표 아님"
15038929:1044,1044,건축행정기록,수련시설,인천광역시 계양구 효성동 266-9 외9필지,,,unresolved,no_exact_parcel_match_in_kakao,,0,0,,,kakao_local_api:unresolved,https://dapi.kakao.com/v2/local/search/address.json,2026-09-06,https://www.data.go.kr/data/15038929/fileData.do,2026-01-19,2026-09-06,administrative_record_only_not_confirmed_active,신축,2021-04-13,2021-06-22,2022-11-02,수련시설,,"주소 기반 추정 위치, 공사현장 좌표 아님"
15038929:1045,1045,건축행정기록,제1종근린생활시설,인천광역시 계양구 계산동 903-15,37.5475679,126.7257417,geocoded_kakao_jibun,kakao_exact_jibun_address_match,인천 계양구 계산동 903-15,1,1,0.0,,kakao_local_api:address_jibun,https://dapi.kakao.com/v2/local/search/address.json,2026-09-06,https://www.data.go.kr/data/15038929/fileData.do,2026-01-19,2026-09-06,administrative_record_only_not_confirmed_active,신축,2021-04-12,2021-08-13,2022-06-03,제1종근린생활시설,,"주소 기반 추정 위치, 공사현장 좌표 아님"
15038929:1046,1046,건축행정기록,자동차관련시설,인천광역시 계양구 효성동 336-11,37.5241020,126.7080852,geocoded_kakao_jibun,kakao_exact_jibun_address_match,인천 계양구 효성동 336-11,1,1,0.0,,kakao_local_api:address_jibun,https://dapi.kakao.com/v2/local/search/address.json,2026-09-06,https://www.data.go.kr/data/15038929/fileData.do,2026-01-19,2026-09-06,administrative_record_only_not_confirmed_active,신축,2021-04-05,2021-06-02,2022-02-22,자동차관련시설,,"주소 기반 추정 위치, 공사현장 좌표 아님"
15038929:1047,1047,건축행정기록,제1종근린생활시설,인천광역시 계양구 하야동 64-18,37.5829836,126.7801112,geocoded_kakao_jibun,kakao_exact_jibun_address_match,인천 계양구 하야동 64-18,1,1,0.0,,kakao_local_api:address_jibun,https://dapi.kakao.com/v2/local/search/address.json,2026-09-06,https://www.data.go.kr/data/15038929/fileData.do,2026-01-19,2026-09-06,administrative_record_only_not_confirmed_active,신축,2021-03-30,2021-12-06,2022-04-05,제1종근린생활시설,,"주소 기반 추정 위치, 공사현장 좌표 아님"
15038929:1048,1048,건축행정기록,자동차관련시설,인천광역시 계양구 효성동 293-8,37.5290549,126.7178795,geocoded_kakao_jibun,kakao_exact_jibun_address_match,인천 계양구 효성동 293-8,1,1,0.0,,kakao_local_api:address_jibun,https://dapi.kakao.com/v2/local/search/address.json,2026-09-06,https://www.data.go.kr/data/15038929/fileData.do,2026-01-19,2026-09-06,administrative_record_only_not_confirmed_active,신축,2021-03-24,2021-06-10,2022-06-23,자동차관련시설,,"주소 기반 추정 위치, 공사현장 좌표 아님"
15038929:1049,1049,건축행정기록,업무시설,인천광역시 계양구 작전동 863-3,37.5321189,126.7230415,geocoded_kakao_jibun,kakao_exact_jibun_address_match,인천 계양구 작전동 863-3,1,1,0.0,,kakao_local_api:address_jibun,https://dapi.kakao.com/v2/local/search/address.json,2026-09-06,https://www.data.go.kr/data/15038929/fileData.do,2026-01-19,2026-09-06,administrative_record_only_not_confirmed_active,대수선,2021-03-23,2021-04-28,2021-08-13,업무시설,,"주소 기반 추정 위치, 공사현장 좌표 아님"
15038929:1050,1050,건축행정기록,의료시설,인천광역시 계양구 작전동 708-3,37.5250984,126.7341001,geocoded_kakao_jibun,kakao_exact_jibun_address_match,인천 계양구 작전동 708-3,1,1,0.0,,kakao_local_api:address_jibun,https://dapi.kakao.com/v2/local/search/address.json,2026-09-06,https://www.data.go.kr/data/15038929/fileData.do,2026-01-19,2026-09-06,administrative_record_only_not_confirmed_active,증축,2021-03-22,2021-04-12,2021-09-30,의료시설,,"주소 기반 추정 위치, 공사현장 좌표 아님"
15038929:1051,1051,건축행정기록,제2종근린생활시설,인천광역시 계양구 선주지동 201-4 외1필지,37.5781917,126.7474845,geocoded_kakao_jibun,kakao_exact_jibun_address_match,인천 계양구 선주지동 201-4,1,1,0.0,,kakao_local_api:address_jibun,https://dapi.kakao.com/v2/local/search/address.json,2026-09-06,https://www.data.go.kr/data/15038929/fileData.do,2026-01-19,2026-09-06,administrative_record_only_not_confirmed_active,증축,2021-03-22,2021-04-28,2022-10-17,제2종근린생활시설,,"주소 기반 추정 위치, 공사현장 좌표 아님"
15038929:1052,1052,건축행정기록,제2종근린생활시설,인천광역시 계양구 선주지동 114-16,37.5786840,126.7468392,geocoded_kakao_jibun,kakao_exact_jibun_address_match,인천 계양구 선주지동 114-16,1,1,0.0,,kakao_local_api:address_jibun,https://dapi.kakao.com/v2/local/search/address.json,2026-09-06,https://www.data.go.kr/data/15038929/fileData.do,2026-01-19,2026-09-06,administrative_record_only_not_confirmed_active,신축,2021-03-22,2021-06-24,2023-01-06,제2종근린생활시설,,"주소 기반 추정 위치, 공사현장 좌표 아님"
15038929:1053,1053,건축행정기록,제2종근린생활시설,인천광역시 계양구 선주지동 200-3 외2필지,,,unresolved,no_exact_parcel_match_in_kakao,,0,0,,,kakao_local_api:unresolved,https://dapi.kakao.com/v2/local/search/address.json,2026-09-06,https://www.data.go.kr/data/15038929/fileData.do,2026-01-19,2026-09-06,administrative_record_only_not_confirmed_active,신축,2021-03-22,2021-04-20,2022-10-17,제2종근린생활시설,,"주소 기반 추정 위치, 공사현장 좌표 아님"
15038929:1054,1054,건축행정기록,제2종근린생활시설,인천광역시 계양구 선주지동 200-17 외1필지,,,unresolved,no_exact_parcel_match_in_kakao,,0,0,,,kakao_local_api:unresolved,https://dapi.kakao.com/v2/local/search/address.json,2026-09-06,https://www.data.go.kr/data/15038929/fileData.do,2026-01-19,2026-09-06,administrative_record_only_not_confirmed_active,신축,2021-03-22,2021-04-20,2022-10-17,제2종근린생활시설,,"주소 기반 추정 위치, 공사현장 좌표 아님"
15038929:1055,1055,건축행정기록,제2종근린생활시설,인천광역시 계양구 선주지동 200-16 외1필지,,,unresolved,no_exact_parcel_match_in_kakao,,0,0,,,kakao_local_api:unresolved,https://dapi.kakao.com/v2/local/search/address.json,2026-09-06,https://www.data.go.kr/data/15038929/fileData.do,2026-01-19,2026-09-06,administrative_record_only_not_confirmed_active,신축,2021-03-22,2021-04-20,2022-10-17,제2종근린생활시설,,"주소 기반 추정 위치, 공사현장 좌표 아님"
15038929:1056,1056,건축행정기록,제2종근린생활시설,인천광역시 계양구 선주지동 200-1 외1필지,,,unresolved,no_exact_parcel_match_in_kakao,,0,0,,,kakao_local_api:unresolved,https://dapi.kakao.com/v2/local/search/address.json,2026-09-06,https://www.data.go.kr/data/15038929/fileData.do,2026-01-19,2026-09-06,administrative_record_only_not_confirmed_active,신축,2021-03-22,2021-04-27,2022-10-11,제2종근린생활시설,,"주소 기반 추정 위치, 공사현장 좌표 아님"
15038929:1057,1057,건축행정기록,제1종근린생활시설,인천광역시 계양구 장기동 134-8,37.5787360,126.7344756,geocoded_kakao_jibun,kakao_exact_jibun_address_match,인천 계양구 장기동 134-8,1,1,0.0,,kakao_local_api:address_jibun,https://dapi.kakao.com/v2/local/search/address.json,2026-09-06,https://www.data.go.kr/data/15038929/fileData.do,2026-01-19,2026-09-06,administrative_record_only_not_confirmed_active,신축,2021-03-16,2021-05-14,2021-11-16,제1종근린생활시설,,"주소 기반 추정 위치, 공사현장 좌표 아님"
15038929:1058,1058,건축행정기록,제2종근린생활시설,인천광역시 계양구 효성동 404-12,37.5246084,126.7069107,geocoded_kakao_jibun,kakao_exact_jibun_address_match,인천 계양구 효성동 404-12,1,1,0.0,,kakao_local_api:address_jibun,https://dapi.kakao.com/v2/local/search/address.json,2026-09-06,https://www.data.go.kr/data/15038929/fileData.do,2026-01-19,2026-09-06,administrative_record_only_not_confirmed_active,신축,2021-03-16,2022-04-27,2022-11-16,제2종근린생활시설,,"주소 기반 추정 위치, 공사현장 좌표 아님"
15038929:1059,1059,건축행정기록,자원순환관련시설,인천광역시 계양구 서운동 146,37.5253366,126.7575994,geocoded_kakao_jibun,kakao_exact_jibun_address_match,인천 계양구 서운동 146,1,1,0.0,,kakao_local_api:address_jibun,https://dapi.kakao.com/v2/local/search/address.json,2026-09-06,https://www.data.go.kr/data/15038929/fileData.do,2026-01-19,2026-09-06,administrative_record_only_not_confirmed_active,신축,2021-03-16,2021-04-02,2021-10-07,자원순환관련시설,,"주소 기반 추정 위치, 공사현장 좌표 아님"
15038929:1060,1060,건축행정기록,제1종근린생활시설,인천광역시 계양구 이화동 216-2,37.5921137,126.7385656,geocoded_kakao_jibun,kakao_exact_jibun_address_match,인천 계양구 이화동 216-2,1,1,0.0,,kakao_local_api:address_jibun,https://dapi.kakao.com/v2/local/search/address.json,2026-09-06,https://www.data.go.kr/data/15038929/fileData.do,2026-01-19,2026-09-06,administrative_record_only_not_confirmed_active,신축,2021-03-11,2021-07-22,2022-02-14,제1종근린생활시설,,"주소 기반 추정 위치, 공사현장 좌표 아님"
15038929:1061,1061,건축행정기록,업무시설,인천광역시 계양구 서운동 207-1,37.5338133,126.7448158,geocoded_kakao_jibun,kakao_exact_jibun_address_match,인천 계양구 서운동 207-1,1,1,0.0,,kakao_local_api:address_jibun,https://dapi.kakao.com/v2/local/search/address.json,2026-09-06,https://www.data.go.kr/data/15038929/fileData.do,2026-01-19,2026-09-06,administrative_record_only_not_confirmed_active,증축,2021-03-10,2021-05-18,,업무시설,,"주소 기반 추정 위치, 공사현장 좌표 아님"
15038929:1062,1062,건축행정기록,공동주택,인천광역시 계양구 동양동 600,37.5625865,126.7542596,geocoded_kakao_jibun,kakao_exact_jibun_address_match,인천 계양구 동양동 600,1,1,0.0,,kakao_local_api:address_jibun,https://dapi.kakao.com/v2/local/search/address.json,2026-09-06,https://www.data.go.kr/data/15038929/fileData.do,2026-01-19,2026-09-06,administrative_record_only_not_confirmed_active,신축,2021-03-03,2021-03-18,2021-08-13,공동주택,,"주소 기반 추정 위치, 공사현장 좌표 아님"
15038929:1063,1063,건축행정기록,제2종근린생활시설,인천광역시 계양구 다남동 103-37,37.5668980,126.7249968,geocoded_kakao_jibun,kakao_exact_jibun_address_match,인천 계양구 다남동 103-37,1,1,0.0,,kakao_local_api:address_jibun,https://dapi.kakao.com/v2/local/search/address.json,2026-09-06,https://www.data.go.kr/data/15038929/fileData.do,2026-01-19,2026-09-06,administrative_record_only_not_confirmed_active,증축,2021-02-23,2021-03-08,2021-09-16,제2종근린생활시설,,"주소 기반 추정 위치, 공사현장 좌표 아님"
15038929:1064,1064,건축행정기록,공동주택,인천광역시 계양구 작전동 863-46,37.5318331,126.7238192,geocoded_kakao_jibun,kakao_exact_jibun_address_match,인천 계양구 작전동 863-46,1,1,0.0,,kakao_local_api:address_jibun,https://dapi.kakao.com/v2/local/search/address.json,2026-09-06,https://www.data.go.kr/data/15038929/fileData.do,2026-01-19,2026-09-06,administrative_record_only_not_confirmed_active,대수선,2021-02-19,2021-04-30,,공동주택,,"주소 기반 추정 위치, 공사현장 좌표 아님"
15038929:1065,1065,건축행정기록,제1종근린생활시설,인천광역시 계양구 이화동 231-1 외1필지,37.5922569,126.7378881,geocoded_kakao_jibun,kakao_exact_jibun_address_match,인천 계양구 이화동 231-1,1,1,0.0,,kakao_local_api:address_jibun,https://dapi.kakao.com/v2/local/search/address.json,2026-09-06,https://www.data.go.kr/data/15038929/fileData.do,2026-01-19,2026-09-06,administrative_record_only_not_confirmed_active,신축,2021-02-18,2021-10-15,2022-07-01,제1종근린생활시설,,"주소 기반 추정 위치, 공사현장 좌표 아님"
15038929:1066,1066,건축행정기록,노유자시설,인천광역시 계양구 서운동 214-3,37.5343119,126.7556933,geocoded_kakao_jibun,kakao_exact_jibun_address_match,인천 계양구 서운동 214-3,1,1,0.0,,kakao_local_api:address_jibun,https://dapi.kakao.com/v2/local/search/address.json,2026-09-06,https://www.data.go.kr/data/15038929/fileData.do,2026-01-19,2026-09-06,administrative_record_only_not_confirmed_active,신축,2021-02-17,2021-04-22,2022-03-24,노유자시설,,"주소 기반 추정 위치, 공사현장 좌표 아님"
15038929:1067,1067,건축행정기록,업무시설,인천광역시 계양구 장기동 130 외1필지,37.5767916,126.7341472,geocoded_kakao_jibun,kakao_exact_jibun_address_match,인천 계양구 장기동 130,1,1,0.0,,kakao_local_api:address_jibun,https://dapi.kakao.com/v2/local/search/address.json,2026-09-06,https://www.data.go.kr/data/15038929/fileData.do,2026-01-19,2026-09-06,administrative_record_only_not_confirmed_active,증축,2021-02-17,2021-05-04,2022-06-29,업무시설,,"주소 기반 추정 위치, 공사현장 좌표 아님"
15038929:1068,1068,건축행정기록,제1종근린생활시설,인천광역시 계양구 이화동 52-24,37.5836401,126.7452167,geocoded_kakao_jibun,kakao_exact_jibun_address_match,인천 계양구 이화동 52-24,1,1,0.0,,kakao_local_api:address_jibun,https://dapi.kakao.com/v2/local/search/address.json,2026-09-06,https://www.data.go.kr/data/15038929/fileData.do,2026-01-19,2026-09-06,administrative_record_only_not_confirmed_active,증축,2021-02-16,2021-03-17,2021-05-20,제1종근린생활시설,,"주소 기반 추정 위치, 공사현장 좌표 아님"
15038929:1069,1069,건축행정기록,제1종근린생활시설,인천광역시 계양구 선주지동 114-2,37.5793704,126.7464006,geocoded_kakao_jibun,kakao_exact_jibun_address_match,인천 계양구 선주지동 114-2,1,1,0.0,,kakao_local_api:address_jibun,https://dapi.kakao.com/v2/local/search/address.json,2026-09-06,https://www.data.go.kr/data/15038929/fileData.do,2026-01-19,2026-09-06,administrative_record_only_not_confirmed_active,신축,2021-02-16,2021-03-11,2021-06-24,제1종근린생활시설,,"주소 기반 추정 위치, 공사현장 좌표 아님"
15038929:1070,1070,건축행정기록,제1종근린생활시설,인천광역시 계양구 선주지동 114-21,37.5792665,126.7464270,geocoded_kakao_jibun,kakao_exact_jibun_address_match,인천 계양구 선주지동 114-21,1,1,0.0,,kakao_local_api:address_jibun,https://dapi.kakao.com/v2/local/search/address.json,2026-09-06,https://www.data.go.kr/data/15038929/fileData.do,2026-01-19,2026-09-06,administrative_record_only_not_confirmed_active,신축,2021-02-16,2021-03-11,2021-06-24,제1종근린생활시설,,"주소 기반 추정 위치, 공사현장 좌표 아님"
15038929:1071,1071,건축행정기록,제1종근린생활시설,인천광역시 계양구 선주지동 114-22,37.5791545,126.7464553,geocoded_kakao_jibun,kakao_exact_jibun_address_match,인천 계양구 선주지동 114-22,1,1,0.0,,kakao_local_api:address_jibun,https://dapi.kakao.com/v2/local/search/address.json,2026-09-06,https://www.data.go.kr/data/15038929/fileData.do,2026-01-19,2026-09-06,administrative_record_only_not_confirmed_active,신축,2021-02-16,2021-03-11,2021-06-24,제1종근린생활시설,,"주소 기반 추정 위치, 공사현장 좌표 아님"
15038929:1072,1072,건축행정기록,제2종근린생활시설,인천광역시 계양구 귤현동 귤현지역 1블럭 2로트,,,unresolved,address_not_parcel_or_road_notation,,0,0,,,kakao_local_api:unresolved,https://dapi.kakao.com/v2/local/search/address.json,2026-09-06,https://www.data.go.kr/data/15038929/fileData.do,2026-01-19,2026-09-06,administrative_record_only_not_confirmed_active,증축,2021-02-10,2021-11-08,2022-05-10,제2종근린생활시설,,"주소 기반 추정 위치, 공사현장 좌표 아님"
15038929:1073,1073,건축행정기록,제2종근린생활시설,인천광역시 계양구 효성동 149-2 외1필지,37.5299906,126.7094981,geocoded_kakao_jibun,kakao_exact_jibun_address_match,인천 계양구 효성동 149-2,1,1,0.0,,kakao_local_api:address_jibun,https://dapi.kakao.com/v2/local/search/address.json,2026-09-06,https://www.data.go.kr/data/15038929/fileData.do,2026-01-19,2026-09-06,administrative_record_only_not_confirmed_active,신축,2021-02-04,2021-04-16,2022-02-15,제2종근린생활시설,,"주소 기반 추정 위치, 공사현장 좌표 아님"
15038929:1074,1074,건축행정기록,공동주택,인천광역시 계양구 동양동 603-1,37.5625567,126.7539408,geocoded_kakao_jibun,kakao_exact_jibun_address_match,인천 계양구 동양동 603-1,1,1,0.0,,kakao_local_api:address_jibun,https://dapi.kakao.com/v2/local/search/address.json,2026-09-06,https://www.data.go.kr/data/15038929/fileData.do,2026-01-19,2026-09-06,administrative_record_only_not_confirmed_active,신축,2021-02-03,2021-03-19,2021-12-01,공동주택,,"주소 기반 추정 위치, 공사현장 좌표 아님"
15038929:1075,1075,건축행정기록,공동주택,인천광역시 계양구 계산동 917-3 외1필지,37.5435953,126.7325514,geocoded_kakao_jibun,kakao_exact_jibun_address_match,인천 계양구 계산동 917-3,1,1,0.0,,kakao_local_api:address_jibun,https://dapi.kakao.com/v2/local/search/address.json,2026-09-06,https://www.data.go.kr/data/15038929/fileData.do,2026-01-19,2026-09-06,administrative_record_only_not_confirmed_active,신축,2021-02-03,2021-05-31,2022-01-06,공동주택,,"주소 기반 추정 위치, 공사현장 좌표 아님"
15038929:1076,1076,건축행정기록,업무시설,인천광역시 계양구 임학동 69-23,37.5437716,126.7371160,geocoded_kakao_jibun,kakao_exact_jibun_address_match,인천 계양구 임학동 69-23,1,1,0.0,,kakao_local_api:address_jibun,https://dapi.kakao.com/v2/local/search/address.json,2026-09-06,https://www.data.go.kr/data/15038929/fileData.do,2026-01-19,2026-09-06,administrative_record_only_not_confirmed_active,신축,2021-02-01,2021-04-28,2022-08-29,업무시설,,"주소 기반 추정 위치, 공사현장 좌표 아님"
15038929:1077,1077,건축행정기록,자동차관련시설,인천광역시 계양구 임학동 73-6 외1필지,37.5434095,126.7356042,geocoded_kakao_jibun,kakao_exact_jibun_address_match,인천 계양구 임학동 73-6,1,1,0.0,,kakao_local_api:address_jibun,https://dapi.kakao.com/v2/local/search/address.json,2026-09-06,https://www.data.go.kr/data/15038929/fileData.do,2026-01-19,2026-09-06,administrative_record_only_not_confirmed_active,신축,2021-02-01,2021-03-26,2021-07-14,자동차관련시설,,"주소 기반 추정 위치, 공사현장 좌표 아님"
15038929:1078,1078,건축행정기록,노유자시설,인천광역시 계양구 효성동 168-4,37.5295459,126.7085131,geocoded_kakao_jibun,kakao_exact_jibun_address_match,인천 계양구 효성동 168-4,1,1,0.0,,kakao_local_api:address_jibun,https://dapi.kakao.com/v2/local/search/address.json,2026-09-06,https://www.data.go.kr/data/15038929/fileData.do,2026-01-19,2026-09-06,administrative_record_only_not_confirmed_active,신축,2021-01-27,2021-01-29,2021-10-05,노유자시설,,"주소 기반 추정 위치, 공사현장 좌표 아님"
15038929:1079,1079,건축행정기록,업무시설,인천광역시 계양구 계산동 1078-3,37.5369038,126.7362863,geocoded_kakao_jibun,kakao_exact_jibun_address_match,인천 계양구 계산동 1078-3,1,1,0.0,,kakao_local_api:address_jibun,https://dapi.kakao.com/v2/local/search/address.json,2026-09-06,https://www.data.go.kr/data/15038929/fileData.do,2026-01-19,2026-09-06,administrative_record_only_not_confirmed_active,대수선,2021-01-26,2021-02-22,,업무시설,,"주소 기반 추정 위치, 공사현장 좌표 아님"
15038929:1080,1080,건축행정기록,단독주택,인천광역시 계양구 귤현동 506,37.5669548,126.7446898,geocoded_kakao_jibun,kakao_exact_jibun_address_match,인천 계양구 귤현동 506,1,1,0.0,,kakao_local_api:address_jibun,https://dapi.kakao.com/v2/local/search/address.json,2026-09-06,https://www.data.go.kr/data/15038929/fileData.do,2026-01-19,2026-09-06,administrative_record_only_not_confirmed_active,신축,2021-01-21,2021-02-25,2021-04-29,단독주택,,"주소 기반 추정 위치, 공사현장 좌표 아님"
15038929:1081,1081,건축행정기록,노유자시설,인천광역시 계양구 효성동 293-8,37.5290549,126.7178795,geocoded_kakao_jibun,kakao_exact_jibun_address_match,인천 계양구 효성동 293-8,1,1,0.0,,kakao_local_api:address_jibun,https://dapi.kakao.com/v2/local/search/address.json,2026-09-06,https://www.data.go.kr/data/15038929/fileData.do,2026-01-19,2026-09-06,administrative_record_only_not_confirmed_active,신축,2021-01-19,2021-06-17,2022-06-23,노유자시설,,"주소 기반 추정 위치, 공사현장 좌표 아님"
15038929:1082,1082,건축행정기록,공동주택,인천광역시 계양구 계산동 896-13 외1필지,37.5456570,126.7200913,geocoded_kakao_jibun,kakao_exact_jibun_address_match,인천 계양구 계산동 896-13,1,1,0.0,,kakao_local_api:address_jibun,https://dapi.kakao.com/v2/local/search/address.json,2026-09-06,https://www.data.go.kr/data/15038929/fileData.do,2026-01-19,2026-09-06,administrative_record_only_not_confirmed_active,신축,2021-01-07,2021-01-14,2021-05-21,공동주택,,"주소 기반 추정 위치, 공사현장 좌표 아님"
15038929:1083,1083,건축행정기록,제1종근린생활시설,인천광역시 계양구 이화동 239-4,37.5921193,126.7374313,geocoded_kakao_jibun,kakao_exact_jibun_address_match,인천 계양구 이화동 239-4,1,1,0.0,,kakao_local_api:address_jibun,https://dapi.kakao.com/v2/local/search/address.json,2026-09-06,https://www.data.go.kr/data/15038929/fileData.do,2026-01-19,2026-09-06,administrative_record_only_not_confirmed_active,신축,2020-12-31,2021-10-28,2022-05-16,제1종근린생활시설,,"주소 기반 추정 위치, 공사현장 좌표 아님"
15038929:1084,1084,건축행정기록,제1종근린생활시설,인천광역시 계양구 서운동 55-45 외1필지,37.5265295,126.7487519,geocoded_kakao_jibun,kakao_exact_jibun_address_match,인천 계양구 서운동 55-45,1,1,0.0,,kakao_local_api:address_jibun,https://dapi.kakao.com/v2/local/search/address.json,2026-09-06,https://www.data.go.kr/data/15038929/fileData.do,2026-01-19,2026-09-06,administrative_record_only_not_confirmed_active,증축,2020-12-31,2021-07-27,2021-12-01,제1종근린생활시설,,"주소 기반 추정 위치, 공사현장 좌표 아님"
15038929:1085,1085,건축행정기록,노유자시설,인천광역시 계양구 임학동 6-5,37.5471418,126.7397843,geocoded_kakao_jibun,kakao_exact_jibun_address_match,인천 계양구 임학동 6-5,1,1,0.0,,kakao_local_api:address_jibun,https://dapi.kakao.com/v2/local/search/address.json,2026-09-06,https://www.data.go.kr/data/15038929/fileData.do,2026-01-19,2026-09-06,administrative_record_only_not_confirmed_active,대수선,2020-12-30,2021-06-16,2023-05-15,노유자시설,,"주소 기반 추정 위치, 공사현장 좌표 아님"
15038929:1086,1086,건축행정기록,제2종근린생활시설,인천광역시 계양구 서운동 55-488 외2필지,37.5270618,126.7487683,geocoded_kakao_jibun,kakao_exact_jibun_address_match,인천 계양구 서운동 55-488,1,1,0.0,,kakao_local_api:address_jibun,https://dapi.kakao.com/v2/local/search/address.json,2026-09-06,https://www.data.go.kr/data/15038929/fileData.do,2026-01-19,2026-09-06,administrative_record_only_not_confirmed_active,신축,2020-12-30,2021-03-30,2021-11-04,제2종근린생활시설,,"주소 기반 추정 위치, 공사현장 좌표 아님"
15038929:1087,1087,건축행정기록,공동주택,인천광역시 계양구 다남동 64-26,37.5700811,126.7239069,geocoded_kakao_jibun,kakao_exact_jibun_address_match,인천 계양구 다남동 64-26,1,1,0.0,,kakao_local_api:address_jibun,https://dapi.kakao.com/v2/local/search/address.json,2026-09-06,https://www.data.go.kr/data/15038929/fileData.do,2026-01-19,2026-09-06,administrative_record_only_not_confirmed_active,신축,2020-12-28,2021-08-04,2022-05-30,공동주택,,"주소 기반 추정 위치, 공사현장 좌표 아님"
15038929:1088,1088,건축행정기록,공장,인천광역시 계양구 서운동 221-2,37.5309436,126.7583081,geocoded_kakao_jibun,kakao_exact_jibun_address_match,인천 계양구 서운동 221-2,1,1,0.0,,kakao_local_api:address_jibun,https://dapi.kakao.com/v2/local/search/address.json,2026-09-06,https://www.data.go.kr/data/15038929/fileData.do,2026-01-19,2026-09-06,administrative_record_only_not_confirmed_active,신축,2020-12-23,2020-12-31,2021-12-08,공장,,"주소 기반 추정 위치, 공사현장 좌표 아님"
15038929:1089,1089,건축행정기록,의료시설,인천광역시 계양구 갈현동 77-1,37.5748317,126.7289800,geocoded_kakao_jibun,kakao_exact_jibun_address_match,인천 계양구 갈현동 77-1,1,1,0.0,,kakao_local_api:address_jibun,https://dapi.kakao.com/v2/local/search/address.json,2026-09-06,https://www.data.go.kr/data/15038929/fileData.do,2026-01-19,2026-09-06,administrative_record_only_not_confirmed_active,증축,2020-12-22,2021-08-25,,의료시설,,"주소 기반 추정 위치, 공사현장 좌표 아님"
15038929:1090,1090,건축행정기록,의료시설,인천광역시 계양구 계산동 944-30,37.5420869,126.7230514,geocoded_kakao_jibun,kakao_exact_jibun_address_match,인천 계양구 계산동 944-30,1,1,0.0,,kakao_local_api:address_jibun,https://dapi.kakao.com/v2/local/search/address.json,2026-09-06,https://www.data.go.kr/data/15038929/fileData.do,2026-01-19,2026-09-06,administrative_record_only_not_confirmed_active,증축,2020-12-16,2021-11-08,2022-05-19,의료시설,,"주소 기반 추정 위치, 공사현장 좌표 아님"
15038929:1091,1091,건축행정기록,교정및군사시설,인천광역시 계양구 귤현동 산 28,,,unresolved,no_exact_parcel_match_in_kakao,,0,0,,,kakao_local_api:unresolved,https://dapi.kakao.com/v2/local/search/address.json,2026-09-06,https://www.data.go.kr/data/15038929/fileData.do,2026-01-19,2026-09-06,administrative_record_only_not_confirmed_active,신축,2020-12-07,2021-12-01,,교정및군사시설,,"주소 기반 추정 위치, 공사현장 좌표 아님"
15038929:1092,1092,건축행정기록,공장,인천광역시 계양구 서운동 214-8,37.5337708,126.7547690,geocoded_kakao_jibun,kakao_exact_jibun_address_match,인천 계양구 서운동 214-8,1,1,0.0,,kakao_local_api:address_jibun,https://dapi.kakao.com/v2/local/search/address.json,2026-09-06,https://www.data.go.kr/data/15038929/fileData.do,2026-01-19,2026-09-06,administrative_record_only_not_confirmed_active,신축,2020-12-03,2021-03-05,2021-08-05,공장,,"주소 기반 추정 위치, 공사현장 좌표 아님"
15038929:1093,1093,건축행정기록,제1종근린생활시설,인천광역시 계양구 용종동 208,37.5405609,126.7381938,geocoded_kakao_jibun,kakao_exact_jibun_address_match,인천 계양구 용종동 208,1,1,0.0,,kakao_local_api:address_jibun,https://dapi.kakao.com/v2/local/search/address.json,2026-09-06,https://www.data.go.kr/data/15038929/fileData.do,2026-01-19,2026-09-06,administrative_record_only_not_confirmed_active,개축,2020-12-02,2021-03-18,2021-07-02,제1종근린생활시설,,"주소 기반 추정 위치, 공사현장 좌표 아님"
15038929:1094,1094,건축행정기록,제1종근린생활시설,인천광역시 계양구 선주지동 110-1 외2필지,37.5793788,126.7472067,geocoded_kakao_jibun,kakao_exact_jibun_address_match,인천 계양구 선주지동 110-1,1,1,0.0,,kakao_local_api:address_jibun,https://dapi.kakao.com/v2/local/search/address.json,2026-09-06,https://www.data.go.kr/data/15038929/fileData.do,2026-01-19,2026-09-06,administrative_record_only_not_confirmed_active,신축,2020-12-01,2020-12-11,2021-03-10,제1종근린생활시설,,"주소 기반 추정 위치, 공사현장 좌표 아님"
15038929:1095,1095,건축행정기록,제1종근린생활시설,인천광역시 계양구 선주지동 110-8 외2필지,37.5793106,126.7473118,geocoded_kakao_jibun,kakao_exact_jibun_address_match,인천 계양구 선주지동 110-8,1,1,0.0,,kakao_local_api:address_jibun,https://dapi.kakao.com/v2/local/search/address.json,2026-09-06,https://www.data.go.kr/data/15038929/fileData.do,2026-01-19,2026-09-06,administrative_record_only_not_confirmed_active,신축,2020-12-01,2020-12-11,2021-03-10,제1종근린생활시설,,"주소 기반 추정 위치, 공사현장 좌표 아님"
15038929:1096,1096,건축행정기록,공장,인천광역시 계양구 서운동 220-5,37.5329738,126.7589206,geocoded_kakao_jibun,kakao_exact_jibun_address_match,인천 계양구 서운동 220-5,1,1,0.0,,kakao_local_api:address_jibun,https://dapi.kakao.com/v2/local/search/address.json,2026-09-06,https://www.data.go.kr/data/15038929/fileData.do,2026-01-19,2026-09-06,administrative_record_only_not_confirmed_active,신축,2020-11-30,2020-12-11,2021-10-28,공장,,"주소 기반 추정 위치, 공사현장 좌표 아님"
15038929:1097,1097,건축행정기록,공동주택,인천광역시 계양구 효성동 273-24 외1필지,37.5263522,126.7119087,geocoded_kakao_jibun,kakao_exact_jibun_address_match,인천 계양구 효성동 273-24,1,1,0.0,,kakao_local_api:address_jibun,https://dapi.kakao.com/v2/local/search/address.json,2026-09-06,https://www.data.go.kr/data/15038929/fileData.do,2026-01-19,2026-09-06,administrative_record_only_not_confirmed_active,신축,2020-11-26,2020-12-09,2021-06-09,공동주택,,"주소 기반 추정 위치, 공사현장 좌표 아님"
15038929:1098,1098,건축행정기록,공장,인천광역시 계양구 서운동 208-2,37.5361698,126.7522346,geocoded_kakao_jibun,kakao_exact_jibun_address_match,인천 계양구 서운동 208-2,1,1,0.0,,kakao_local_api:address_jibun,https://dapi.kakao.com/v2/local/search/address.json,2026-09-06,https://www.data.go.kr/data/15038929/fileData.do,2026-01-19,2026-09-06,administrative_record_only_not_confirmed_active,증축,2020-11-25,2021-03-12,2021-10-22,공장,,"주소 기반 추정 위치, 공사현장 좌표 아님"
15038929:1099,1099,건축행정기록,공장,인천광역시 계양구 서운동 217,37.5331282,126.7565685,geocoded_kakao_jibun,kakao_exact_jibun_address_match,인천 계양구 서운동 217,1,1,0.0,,kakao_local_api:address_jibun,https://dapi.kakao.com/v2/local/search/address.json,2026-09-06,https://www.data.go.kr/data/15038929/fileData.do,2026-01-19,2026-09-06,administrative_record_only_not_confirmed_active,신축,2020-11-24,2020-12-21,2022-05-06,공장,,"주소 기반 추정 위치, 공사현장 좌표 아님"
15038929:1100,1100,건축행정기록,제1종근린생활시설,인천광역시 계양구 선주지동 108-1,37.5795181,126.7476830,geocoded_kakao_jibun,kakao_exact_jibun_address_match,인천 계양구 선주지동 108-1,1,1,0.0,,kakao_local_api:address_jibun,https://dapi.kakao.com/v2/local/search/address.json,2026-09-06,https://www.data.go.kr/data/15038929/fileData.do,2026-01-19,2026-09-06,administrative_record_only_not_confirmed_active,신축,2020-11-20,2020-12-30,2021-05-26,제1종근린생활시설,,"주소 기반 추정 위치, 공사현장 좌표 아님"
15038929:1101,1101,건축행정기록,교정및군사시설,인천광역시 계양구 동양동 320-11 외1필지,37.5618093,126.7503111,geocoded_kakao_jibun,kakao_exact_jibun_address_match,인천 계양구 동양동 320-11,1,1,0.0,,kakao_local_api:address_jibun,https://dapi.kakao.com/v2/local/search/address.json,2026-09-06,https://www.data.go.kr/data/15038929/fileData.do,2026-01-19,2026-09-06,administrative_record_only_not_confirmed_active,신축,2020-11-18,2022-05-02,,교정및군사시설,,"주소 기반 추정 위치, 공사현장 좌표 아님"
15038929:1102,1102,건축행정기록,교정및군사시설,인천광역시 계양구 동양동 320-1 외1필지,37.5608197,126.7501087,geocoded_kakao_jibun,kakao_exact_jibun_address_match,인천 계양구 동양동 320-1,1,1,0.0,,kakao_local_api:address_jibun,https://dapi.kakao.com/v2/local/search/address.json,2026-09-06,https://www.data.go.kr/data/15038929/fileData.do,2026-01-19,2026-09-06,administrative_record_only_not_confirmed_active,신축,2020-11-18,2021-03-22,,교정및군사시설,,"주소 기반 추정 위치, 공사현장 좌표 아님"
15038929:1103,1103,건축행정기록,교정및군사시설,인천광역시 계양구 귤현동 312 외4필지,37.5638475,126.7450259,geocoded_kakao_jibun,kakao_exact_jibun_address_match,인천 계양구 귤현동 312,1,1,0.0,,kakao_local_api:address_jibun,https://dapi.kakao.com/v2/local/search/address.json,2026-09-06,https://www.data.go.kr/data/15038929/fileData.do,2026-01-19,2026-09-06,administrative_record_only_not_confirmed_active,신축,2020-11-18,2021-03-22,,교정및군사시설,,"주소 기반 추정 위치, 공사현장 좌표 아님"
15038929:1104,1104,건축행정기록,제1종근린생활시설,인천광역시 계양구 선주지동 122-3,37.5799277,126.7458716,geocoded_kakao_jibun,kakao_exact_jibun_address_match,인천 계양구 선주지동 122-3,1,1,0.0,,kakao_local_api:address_jibun,https://dapi.kakao.com/v2/local/search/address.json,2026-09-06,https://www.data.go.kr/data/15038929/fileData.do,2026-01-19,2026-09-06,administrative_record_only_not_confirmed_active,신축,2020-11-17,2021-12-07,2022-04-29,제1종근린생활시설,,"주소 기반 추정 위치, 공사현장 좌표 아님"
15038929:1105,1105,건축행정기록,숙박시설,인천광역시 계양구 계산동 1076-4,37.5359134,126.7359105,geocoded_kakao_jibun,kakao_exact_jibun_address_match,인천 계양구 계산동 1076-4,1,1,0.0,,kakao_local_api:address_jibun,https://dapi.kakao.com/v2/local/search/address.json,2026-09-06,https://www.data.go.kr/data/15038929/fileData.do,2026-01-19,2026-09-06,administrative_record_only_not_confirmed_active,증축,2020-11-12,2020-12-03,2021-01-08,숙박시설,,"주소 기반 추정 위치, 공사현장 좌표 아님"
15038929:1106,1106,건축행정기록,운동시설,인천광역시 계양구 방축동 3-37 외2필지,37.5515895,126.7416700,geocoded_kakao_jibun,kakao_exact_jibun_address_match,인천 계양구 방축동 3-37,1,1,0.0,,kakao_local_api:address_jibun,https://dapi.kakao.com/v2/local/search/address.json,2026-09-06,https://www.data.go.kr/data/15038929/fileData.do,2026-01-19,2026-09-06,administrative_record_only_not_confirmed_active,신축,2020-11-06,2021-03-19,2022-06-16,운동시설,,"주소 기반 추정 위치, 공사현장 좌표 아님"
15038929:1107,1107,건축행정기록,제1종근린생활시설,인천광역시 계양구 둑실동 86,37.5777573,126.7119112,geocoded_kakao_jibun,kakao_exact_jibun_address_match,인천 계양구 둑실동 86,1,1,0.0,,kakao_local_api:address_jibun,https://dapi.kakao.com/v2/local/search/address.json,2026-09-06,https://www.data.go.kr/data/15038929/fileData.do,2026-01-19,2026-09-06,administrative_record_only_not_confirmed_active,신축,2020-11-02,2022-10-18,,제1종근린생활시설,,"주소 기반 추정 위치, 공사현장 좌표 아님"
15038929:1108,1108,건축행정기록,제1종근린생활시설,인천광역시 계양구 선주지동 101-1,37.5794437,126.7484956,geocoded_kakao_jibun,kakao_exact_jibun_address_match,인천 계양구 선주지동 101-1,1,1,0.0,,kakao_local_api:address_jibun,https://dapi.kakao.com/v2/local/search/address.json,2026-09-06,https://www.data.go.kr/data/15038929/fileData.do,2026-01-19,2026-09-06,administrative_record_only_not_confirmed_active,신축,2020-10-30,2020-11-16,2021-04-20,제1종근린생활시설,,"주소 기반 추정 위치, 공사현장 좌표 아님"
15038929:1109,1109,건축행정기록,제2종근린생활시설,인천광역시 계양구 장기동 152-10,37.5771273,126.7363144,geocoded_kakao_jibun,kakao_exact_jibun_address_match,인천 계양구 장기동 152-10,1,1,0.0,,kakao_local_api:address_jibun,https://dapi.kakao.com/v2/local/search/address.json,2026-09-06,https://www.data.go.kr/data/15038929/fileData.do,2026-01-19,2026-09-06,administrative_record_only_not_confirmed_active,신축,2020-10-28,2020-12-11,2021-07-20,제2종근린생활시설,,"주소 기반 추정 위치, 공사현장 좌표 아님"
15038929:1110,1110,건축행정기록,판매시설,인천광역시 계양구 용종동 207-1,37.5418330,126.7378599,geocoded_kakao_jibun,kakao_exact_jibun_address_match,인천 계양구 용종동 207-1,1,1,0.0,,kakao_local_api:address_jibun,https://dapi.kakao.com/v2/local/search/address.json,2026-09-06,https://www.data.go.kr/data/15038929/fileData.do,2026-01-19,2026-09-06,administrative_record_only_not_confirmed_active,대수선,2020-09-21,2020-09-22,2020-10-12,판매시설,,"주소 기반 추정 위치, 공사현장 좌표 아님"
15038929:1111,1111,건축행정기록,교육연구시설,인천광역시 계양구 계산동 857-87 외2필지,37.5383437,126.7164918,geocoded_kakao_jibun,kakao_exact_jibun_address_match,인천 계양구 계산동 857-87,1,1,0.0,,kakao_local_api:address_jibun,https://dapi.kakao.com/v2/local/search/address.json,2026-09-06,https://www.data.go.kr/data/15038929/fileData.do,2026-01-19,2026-09-06,administrative_record_only_not_confirmed_active,증축,2020-09-17,2020-10-22,,교육연구시설,,"주소 기반 추정 위치, 공사현장 좌표 아님"
15038929:1112,1112,건축행정기록,제1종근린생활시설,인천광역시 계양구 선주지동 110-2,37.5790683,126.7471600,geocoded_kakao_jibun,kakao_exact_jibun_address_match,인천 계양구 선주지동 110-2,1,1,0.0,,kakao_local_api:address_jibun,https://dapi.kakao.com/v2/local/search/address.json,2026-09-06,https://www.data.go.kr/data/15038929/fileData.do,2026-01-19,2026-09-06,administrative_record_only_not_confirmed_active,신축,2020-09-15,2020-09-22,2021-01-18,제1종근린생활시설,,"주소 기반 추정 위치, 공사현장 좌표 아님"
15038929:1113,1113,건축행정기록,자동차관련시설,인천광역시 계양구 작전동 740-5,37.5246164,126.7299351,geocoded_kakao_jibun,kakao_exact_jibun_address_match,인천 계양구 작전동 740-5,1,1,0.0,,kakao_local_api:address_jibun,https://dapi.kakao.com/v2/local/search/address.json,2026-09-06,https://www.data.go.kr/data/15038929/fileData.do,2026-01-19,2026-09-06,administrative_record_only_not_confirmed_active,증축,2020-09-11,2020-09-18,2020-11-27,자동차관련시설,,"주소 기반 추정 위치, 공사현장 좌표 아님"
15038929:1114,1114,건축행정기록,종교시설,인천광역시 계양구 효성동 147-3 외1필지,37.5309634,126.7092017,geocoded_kakao_jibun,kakao_exact_jibun_address_match,인천 계양구 효성동 147-3,1,1,0.0,,kakao_local_api:address_jibun,https://dapi.kakao.com/v2/local/search/address.json,2026-09-06,https://www.data.go.kr/data/15038929/fileData.do,2026-01-19,2026-09-06,administrative_record_only_not_confirmed_active,증축,2020-09-10,2022-08-01,2025-07-23,종교시설,,"주소 기반 추정 위치, 공사현장 좌표 아님"
15038929:1115,1115,건축행정기록,제2종근린생활시설,인천광역시 계양구 계산동 897-130,37.5465237,126.7212306,geocoded_kakao_jibun,kakao_exact_jibun_address_match,인천 계양구 계산동 897-130,1,1,0.0,,kakao_local_api:address_jibun,https://dapi.kakao.com/v2/local/search/address.json,2026-09-06,https://www.data.go.kr/data/15038929/fileData.do,2026-01-19,2026-09-06,administrative_record_only_not_confirmed_active,신축,2020-09-09,2020-09-14,2021-04-14,제2종근린생활시설,,"주소 기반 추정 위치, 공사현장 좌표 아님"
15038929:1116,1116,건축행정기록,공장,인천광역시 계양구 서운동 221,37.5309133,126.7563266,geocoded_kakao_jibun,kakao_exact_jibun_address_match,인천 계양구 서운동 221,1,1,0.0,,kakao_local_api:address_jibun,https://dapi.kakao.com/v2/local/search/address.json,2026-09-06,https://www.data.go.kr/data/15038929/fileData.do,2026-01-19,2026-09-06,administrative_record_only_not_confirmed_active,신축,2020-09-09,2021-01-29,2022-04-26,공장,,"주소 기반 추정 위치, 공사현장 좌표 아님"
15038929:1117,1117,건축행정기록,공장,인천광역시 계양구 서운동 213-4,37.5348885,126.7582133,geocoded_kakao_jibun,kakao_exact_jibun_address_match,인천 계양구 서운동 213-4,1,1,0.0,,kakao_local_api:address_jibun,https://dapi.kakao.com/v2/local/search/address.json,2026-09-06,https://www.data.go.kr/data/15038929/fileData.do,2026-01-19,2026-09-06,administrative_record_only_not_confirmed_active,신축,2020-09-07,2020-11-19,2022-01-19,공장,,"주소 기반 추정 위치, 공사현장 좌표 아님"
15038929:1118,1118,건축행정기록,업무시설,인천광역시 계양구 계산동 1077-2,37.5363971,126.7362389,geocoded_kakao_jibun,kakao_exact_jibun_address_match,인천 계양구 계산동 1077-2,1,1,0.0,,kakao_local_api:address_jibun,https://dapi.kakao.com/v2/local/search/address.json,2026-09-06,https://www.data.go.kr/data/15038929/fileData.do,2026-01-19,2026-09-06,administrative_record_only_not_confirmed_active,신축,2020-09-04,2020-12-10,2022-05-20,업무시설,,"주소 기반 추정 위치, 공사현장 좌표 아님"
15038929:1119,1119,건축행정기록,단독주택,인천광역시 계양구 계산동 921-25,37.5440186,126.7277897,geocoded_kakao_jibun,kakao_exact_jibun_address_match,인천 계양구 계산동 921-25,1,1,0.0,,kakao_local_api:address_jibun,https://dapi.kakao.com/v2/local/search/address.json,2026-09-06,https://www.data.go.kr/data/15038929/fileData.do,2026-01-19,2026-09-06,administrative_record_only_not_confirmed_active,신축,2020-08-31,2020-09-21,2021-04-19,단독주택,,"주소 기반 추정 위치, 공사현장 좌표 아님"
15038929:1120,1120,건축행정기록,장례시설,인천광역시 계양구 서운동 174 외1필지,37.5265022,126.7529356,geocoded_kakao_jibun,kakao_exact_jibun_address_match,인천 계양구 서운동 174,1,1,0.0,,kakao_local_api:address_jibun,https://dapi.kakao.com/v2/local/search/address.json,2026-09-06,https://www.data.go.kr/data/15038929/fileData.do,2026-01-19,2026-09-06,administrative_record_only_not_confirmed_active,대수선,2020-08-28,2020-09-09,,장례시설,,"주소 기반 추정 위치, 공사현장 좌표 아님"
15038929:1121,1121,건축행정기록,단독주택,인천광역시 계양구 다남동 64-40,37.5702066,126.7238148,geocoded_kakao_jibun,kakao_exact_jibun_address_match,인천 계양구 다남동 64-40,1,1,0.0,,kakao_local_api:address_jibun,https://dapi.kakao.com/v2/local/search/address.json,2026-09-06,https://www.data.go.kr/data/15038929/fileData.do,2026-01-19,2026-09-06,administrative_record_only_not_confirmed_active,신축,2020-08-28,2020-09-18,2021-09-16,단독주택,,"주소 기반 추정 위치, 공사현장 좌표 아님"
15038929:1122,1122,건축행정기록,단독주택,인천광역시 계양구 계산동 971-14,37.5388144,126.7209148,geocoded_kakao_jibun,kakao_exact_jibun_address_match,인천 계양구 계산동 971-14,1,1,0.0,,kakao_local_api:address_jibun,https://dapi.kakao.com/v2/local/search/address.json,2026-09-06,https://www.data.go.kr/data/15038929/fileData.do,2026-01-19,2026-09-06,administrative_record_only_not_confirmed_active,신축,2020-08-27,2020-12-15,2021-05-27,단독주택,,"주소 기반 추정 위치, 공사현장 좌표 아님"
15038929:1123,1123,건축행정기록,운동시설,인천광역시 계양구 갈현동 산 52-9 외5필지,37.5765074,126.7291945,geocoded_kakao_jibun,kakao_exact_jibun_address_match,인천 계양구 갈현동 산 52-9,1,1,0.0,,kakao_local_api:address_jibun,https://dapi.kakao.com/v2/local/search/address.json,2026-09-06,https://www.data.go.kr/data/15038929/fileData.do,2026-01-19,2026-09-06,administrative_record_only_not_confirmed_active,신축,2020-08-14,2021-03-04,2021-10-28,운동시설,,"주소 기반 추정 위치, 공사현장 좌표 아님"
15038929:1124,1124,건축행정기록,단독주택,인천광역시 계양구 방축동 144,37.5491325,126.7381697,geocoded_kakao_jibun,kakao_exact_jibun_address_match,인천 계양구 방축동 144,1,1,0.0,,kakao_local_api:address_jibun,https://dapi.kakao.com/v2/local/search/address.json,2026-09-06,https://www.data.go.kr/data/15038929/fileData.do,2026-01-19,2026-09-06,administrative_record_only_not_confirmed_active,신축,2020-08-13,2020-09-02,2021-02-01,단독주택,,"주소 기반 추정 위치, 공사현장 좌표 아님"
15038929:1125,1125,건축행정기록,공동주택,인천광역시 계양구 효성동 273-51,37.5259982,126.7125622,geocoded_kakao_jibun,kakao_exact_jibun_address_match,인천 계양구 효성동 273-51,1,1,0.0,,kakao_local_api:address_jibun,https://dapi.kakao.com/v2/local/search/address.json,2026-09-06,https://www.data.go.kr/data/15038929/fileData.do,2026-01-19,2026-09-06,administrative_record_only_not_confirmed_active,신축,2020-08-06,2020-10-27,2021-06-29,공동주택,,"주소 기반 추정 위치, 공사현장 좌표 아님"
15038929:1126,1126,건축행정기록,업무시설,인천광역시 계양구 서운동 214-7,37.5337907,126.7551323,geocoded_kakao_jibun,kakao_exact_jibun_address_match,인천 계양구 서운동 214-7,1,1,0.0,,kakao_local_api:address_jibun,https://dapi.kakao.com/v2/local/search/address.json,2026-09-06,https://www.data.go.kr/data/15038929/fileData.do,2026-01-19,2026-09-06,administrative_record_only_not_confirmed_active,신축,2020-07-31,2020-12-02,2021-12-16,업무시설,,"주소 기반 추정 위치, 공사현장 좌표 아님"
15038929:1127,1127,건축행정기록,공동주택,인천광역시 계양구 계산동 971-33,37.5385507,126.7202550,geocoded_kakao_jibun,kakao_exact_jibun_address_match,인천 계양구 계산동 971-33,1,1,0.0,,kakao_local_api:address_jibun,https://dapi.kakao.com/v2/local/search/address.json,2026-09-06,https://www.data.go.kr/data/15038929/fileData.do,2026-01-19,2026-09-06,administrative_record_only_not_confirmed_active,신축,2020-07-30,2020-08-20,2021-01-20,공동주택,,"주소 기반 추정 위치, 공사현장 좌표 아님"
15038929:1128,1128,건축행정기록,단독주택,인천광역시 계양구 임학동 196,37.5481098,126.7348891,geocoded_kakao_jibun,kakao_exact_jibun_address_match,인천 계양구 임학동 196,1,1,0.0,,kakao_local_api:address_jibun,https://dapi.kakao.com/v2/local/search/address.json,2026-09-06,https://www.data.go.kr/data/15038929/fileData.do,2026-01-19,2026-09-06,administrative_record_only_not_confirmed_active,신축,2020-07-27,2020-08-20,2021-02-10,단독주택,,"주소 기반 추정 위치, 공사현장 좌표 아님"
15038929:1129,1129,건축행정기록,제1종근린생활시설,인천광역시 계양구 서운동 26-10,37.5292508,126.7435724,geocoded_kakao_jibun,kakao_exact_jibun_address_match,인천 계양구 서운동 26-10,1,1,0.0,,kakao_local_api:address_jibun,https://dapi.kakao.com/v2/local/search/address.json,2026-09-06,https://www.data.go.kr/data/15038929/fileData.do,2026-01-19,2026-09-06,administrative_record_only_not_confirmed_active,증축,2020-07-23,2020-09-29,2020-12-30,제1종근린생활시설,,"주소 기반 추정 위치, 공사현장 좌표 아님"
15038929:1130,1130,건축행정기록,단독주택,인천광역시 계양구 다남동 80-8,37.5694708,126.7268483,geocoded_kakao_jibun,kakao_exact_jibun_address_match,인천 계양구 다남동 80-8,1,1,0.0,,kakao_local_api:address_jibun,https://dapi.kakao.com/v2/local/search/address.json,2026-09-06,https://www.data.go.kr/data/15038929/fileData.do,2026-01-19,2026-09-06,administrative_record_only_not_confirmed_active,신축,2020-07-20,2020-08-05,2021-01-19,단독주택,,"주소 기반 추정 위치, 공사현장 좌표 아님"
15038929:1131,1131,건축행정기록,제2종근린생활시설,인천광역시 계양구 효성동 404-6 외4필지,37.5250451,126.7069039,geocoded_kakao_jibun,kakao_exact_jibun_address_match,인천 계양구 효성동 404-6,1,1,0.0,,kakao_local_api:address_jibun,https://dapi.kakao.com/v2/local/search/address.json,2026-09-06,https://www.data.go.kr/data/15038929/fileData.do,2026-01-19,2026-09-06,administrative_record_only_not_confirmed_active,신축,2020-07-14,2021-03-05,2021-08-09,제2종근린생활시설,,"주소 기반 추정 위치, 공사현장 좌표 아님"
15038929:1132,1132,건축행정기록,제1종근린생활시설,인천광역시 계양구 갈현동 101-41,37.5777477,126.7212038,geocoded_kakao_jibun,kakao_exact_jibun_address_match,인천 계양구 갈현동 101-41,1,1,0.0,,kakao_local_api:address_jibun,https://dapi.kakao.com/v2/local/search/address.json,2026-09-06,https://www.data.go.kr/data/15038929/fileData.do,2026-01-19,2026-09-06,administrative_record_only_not_confirmed_active,신축,2020-07-14,2020-12-01,2021-07-13,제1종근린생활시설,,"주소 기반 추정 위치, 공사현장 좌표 아님"
15038929:1133,1133,건축행정기록,공동주택,인천광역시 계양구 임학동 63-40 외3필지,37.5448205,126.7346293,geocoded_kakao_jibun,kakao_exact_jibun_address_match,인천 계양구 임학동 63-40,1,1,0.0,,kakao_local_api:address_jibun,https://dapi.kakao.com/v2/local/search/address.json,2026-09-06,https://www.data.go.kr/data/15038929/fileData.do,2026-01-19,2026-09-06,administrative_record_only_not_confirmed_active,신축,2020-07-13,2020-07-24,2020-12-11,공동주택,,"주소 기반 추정 위치, 공사현장 좌표 아님"
15038929:1134,1134,건축행정기록,제1종근린생활시설,인천광역시 계양구 선주지동 120-2,37.5797810,126.7453107,geocoded_kakao_jibun,kakao_exact_jibun_address_match,인천 계양구 선주지동 120-2,1,1,0.0,,kakao_local_api:address_jibun,https://dapi.kakao.com/v2/local/search/address.json,2026-09-06,https://www.data.go.kr/data/15038929/fileData.do,2026-01-19,2026-09-06,administrative_record_only_not_confirmed_active,신축,2020-07-09,2020-08-20,2020-11-02,제1종근린생활시설,,"주소 기반 추정 위치, 공사현장 좌표 아님"
15038929:1135,1135,건축행정기록,공동주택,인천광역시 계양구 계산동 900-7,37.5475308,126.7247516,geocoded_kakao_jibun,kakao_exact_jibun_address_match,인천 계양구 계산동 900-7,1,1,0.0,,kakao_local_api:address_jibun,https://dapi.kakao.com/v2/local/search/address.json,2026-09-06,https://www.data.go.kr/data/15038929/fileData.do,2026-01-19,2026-09-06,administrative_record_only_not_confirmed_active,신축,2020-07-03,2020-07-14,2021-01-28,공동주택,,"주소 기반 추정 위치, 공사현장 좌표 아님"
15038929:1136,1136,건축행정기록,공장,인천광역시 계양구 서운동 217-3,37.5331314,126.7580379,geocoded_kakao_jibun,kakao_exact_jibun_address_match,인천 계양구 서운동 217-3,1,1,0.0,,kakao_local_api:address_jibun,https://dapi.kakao.com/v2/local/search/address.json,2026-09-06,https://www.data.go.kr/data/15038929/fileData.do,2026-01-19,2026-09-06,administrative_record_only_not_confirmed_active,신축,2020-07-03,2020-12-31,2021-11-24,공장,,"주소 기반 추정 위치, 공사현장 좌표 아님"
15038929:1137,1137,건축행정기록,공동주택,인천광역시 계양구 다남동 80-9,37.5692889,126.7269228,geocoded_kakao_jibun,kakao_exact_jibun_address_match,인천 계양구 다남동 80-9,1,1,0.0,,kakao_local_api:address_jibun,https://dapi.kakao.com/v2/local/search/address.json,2026-09-06,https://www.data.go.kr/data/15038929/fileData.do,2026-01-19,2026-09-06,administrative_record_only_not_confirmed_active,신축,2020-06-30,2020-07-31,2021-03-31,공동주택,,"주소 기반 추정 위치, 공사현장 좌표 아님"
15038929:1138,1138,건축행정기록,공동주택,인천광역시 계양구 다남동 80-7,37.5691966,126.7265094,geocoded_kakao_jibun,kakao_exact_jibun_address_match,인천 계양구 다남동 80-7,1,1,0.0,,kakao_local_api:address_jibun,https://dapi.kakao.com/v2/local/search/address.json,2026-09-06,https://www.data.go.kr/data/15038929/fileData.do,2026-01-19,2026-09-06,administrative_record_only_not_confirmed_active,신축,2020-06-30,2020-07-31,2021-03-31,공동주택,,"주소 기반 추정 위치, 공사현장 좌표 아님"
15038929:1139,1139,건축행정기록,공동주택,인천광역시 계양구 다남동 80-27,37.5691887,126.7266812,geocoded_kakao_jibun,kakao_exact_jibun_address_match,인천 계양구 다남동 80-27,1,1,0.0,,kakao_local_api:address_jibun,https://dapi.kakao.com/v2/local/search/address.json,2026-09-06,https://www.data.go.kr/data/15038929/fileData.do,2026-01-19,2026-09-06,administrative_record_only_not_confirmed_active,신축,2020-06-30,2020-07-31,2021-03-31,공동주택,,"주소 기반 추정 위치, 공사현장 좌표 아님"
15038929:1140,1140,건축행정기록,공장,인천광역시 계양구 서운동 208-3,37.5357754,126.7523499,geocoded_kakao_jibun,kakao_exact_jibun_address_match,인천 계양구 서운동 208-3,1,1,0.0,,kakao_local_api:address_jibun,https://dapi.kakao.com/v2/local/search/address.json,2026-09-06,https://www.data.go.kr/data/15038929/fileData.do,2026-01-19,2026-09-06,administrative_record_only_not_confirmed_active,증축,2020-06-26,2020-07-20,2020-10-22,공장,,"주소 기반 추정 위치, 공사현장 좌표 아님"
15038929:1141,1141,건축행정기록,공동주택,인천광역시 계양구 효성동 272-10,37.5269445,126.7112906,geocoded_kakao_jibun,kakao_exact_jibun_address_match,인천 계양구 효성동 272-10,1,1,0.0,,kakao_local_api:address_jibun,https://dapi.kakao.com/v2/local/search/address.json,2026-09-06,https://www.data.go.kr/data/15038929/fileData.do,2026-01-19,2026-09-06,administrative_record_only_not_confirmed_active,신축,2020-06-26,2020-07-02,2020-12-22,공동주택,,"주소 기반 추정 위치, 공사현장 좌표 아님"
15038929:1142,1142,건축행정기록,운동시설,인천광역시 계양구 방축동 102 외15필지,37.5524970,126.7373089,geocoded_kakao_jibun,kakao_exact_jibun_address_match,인천 계양구 방축동 102,1,1,0.0,,kakao_local_api:address_jibun,https://dapi.kakao.com/v2/local/search/address.json,2026-09-06,https://www.data.go.kr/data/15038929/fileData.do,2026-01-19,2026-09-06,administrative_record_only_not_confirmed_active,신축,2020-06-17,2021-06-21,,운동시설,,"주소 기반 추정 위치, 공사현장 좌표 아님"
15038929:1143,1143,건축행정기록,제2종근린생활시설,인천광역시 계양구 효성동 494-11 외1필지,37.5273455,126.7063278,geocoded_kakao_jibun,kakao_exact_jibun_address_match,인천 계양구 효성동 494-11,1,1,0.0,,kakao_local_api:address_jibun,https://dapi.kakao.com/v2/local/search/address.json,2026-09-06,https://www.data.go.kr/data/15038929/fileData.do,2026-01-19,2026-09-06,administrative_record_only_not_confirmed_active,신축,2020-06-05,2020-08-05,2021-03-22,제2종근린생활시설,,"주소 기반 추정 위치, 공사현장 좌표 아님"
15038929:1144,1144,건축행정기록,교정및군사시설,인천광역시 계양구 갈현동 산 64-1 외1필지,37.5778142,126.7229746,geocoded_kakao_jibun,kakao_exact_jibun_address_match,인천 계양구 갈현동 산 64-1,1,1,0.0,,kakao_local_api:address_jibun,https://dapi.kakao.com/v2/local/search/address.json,2026-09-06,https://www.data.go.kr/data/15038929/fileData.do,2026-01-19,2026-09-06,administrative_record_only_not_confirmed_active,신축,2020-05-27,2021-03-16,,교정및군사시설,,"주소 기반 추정 위치, 공사현장 좌표 아님"
15038929:1145,1145,건축행정기록,제1종근린생활시설,인천광역시 계양구 선주지동 120-1,37.5797088,126.7451259,geocoded_kakao_jibun,kakao_exact_jibun_address_match,인천 계양구 선주지동 120-1,1,1,0.0,,kakao_local_api:address_jibun,https://dapi.kakao.com/v2/local/search/address.json,2026-09-06,https://www.data.go.kr/data/15038929/fileData.do,2026-01-19,2026-09-06,administrative_record_only_not_confirmed_active,신축,2020-05-22,2020-07-14,2021-01-05,제1종근린생활시설,,"주소 기반 추정 위치, 공사현장 좌표 아님"
15038929:1146,1146,건축행정기록,공장,인천광역시 계양구 서운동 218,37.5319799,126.7548915,geocoded_kakao_jibun,kakao_exact_jibun_address_match,인천 계양구 서운동 218,1,1,0.0,,kakao_local_api:address_jibun,https://dapi.kakao.com/v2/local/search/address.json,2026-09-06,https://www.data.go.kr/data/15038929/fileData.do,2026-01-19,2026-09-06,administrative_record_only_not_confirmed_active,신축,2020-05-15,2020-08-10,2021-07-30,공장,,"주소 기반 추정 위치, 공사현장 좌표 아님"
15038929:1147,1147,건축행정기록,제1종근린생활시설,인천광역시 계양구 계산동 967-15,37.5376425,126.7237614,geocoded_kakao_jibun,kakao_exact_jibun_address_match,인천 계양구 계산동 967-15,1,1,0.0,,kakao_local_api:address_jibun,https://dapi.kakao.com/v2/local/search/address.json,2026-09-06,https://www.data.go.kr/data/15038929/fileData.do,2026-01-19,2026-09-06,administrative_record_only_not_confirmed_active,증축,2020-05-11,2020-06-02,2021-04-19,제1종근린생활시설,,"주소 기반 추정 위치, 공사현장 좌표 아님"
15038929:1148,1148,건축행정기록,제2종근린생활시설,인천광역시 계양구 작전동 603-4,37.5252528,126.7415686,geocoded_kakao_jibun,kakao_exact_jibun_address_match,인천 계양구 작전동 603-4,1,1,0.0,,kakao_local_api:address_jibun,https://dapi.kakao.com/v2/local/search/address.json,2026-09-06,https://www.data.go.kr/data/15038929/fileData.do,2026-01-19,2026-09-06,administrative_record_only_not_confirmed_active,증축,2020-05-08,2020-05-14,2020-07-22,제2종근린생활시설,,"주소 기반 추정 위치, 공사현장 좌표 아님"
15038929:1149,1149,건축행정기록,공장,인천광역시 계양구 서운동 216,37.5331198,126.7541456,geocoded_kakao_jibun,kakao_exact_jibun_address_match,인천 계양구 서운동 216,1,1,0.0,,kakao_local_api:address_jibun,https://dapi.kakao.com/v2/local/search/address.json,2026-09-06,https://www.data.go.kr/data/15038929/fileData.do,2026-01-19,2026-09-06,administrative_record_only_not_confirmed_active,대수선,2020-04-14,2020-04-24,2020-07-02,공장,,"주소 기반 추정 위치, 공사현장 좌표 아님"
15038929:1150,1150,건축행정기록,제2종근린생활시설,인천광역시 계양구 하야동 64-82 외1필지,37.5830867,126.7800014,geocoded_kakao_jibun,kakao_exact_jibun_address_match,인천 계양구 하야동 64-82,1,1,0.0,,kakao_local_api:address_jibun,https://dapi.kakao.com/v2/local/search/address.json,2026-09-06,https://www.data.go.kr/data/15038929/fileData.do,2026-01-19,2026-09-06,administrative_record_only_not_confirmed_active,신축,2020-04-13,2020-04-24,2020-08-03,제2종근린생활시설,,"주소 기반 추정 위치, 공사현장 좌표 아님"
15038929:1151,1151,건축행정기록,제2종근린생활시설,인천광역시 계양구 하야동 64-51 외1필지,37.5831499,126.7797799,geocoded_kakao_jibun,kakao_exact_jibun_address_match,인천 계양구 하야동 64-51,1,1,0.0,,kakao_local_api:address_jibun,https://dapi.kakao.com/v2/local/search/address.json,2026-09-06,https://www.data.go.kr/data/15038929/fileData.do,2026-01-19,2026-09-06,administrative_record_only_not_confirmed_active,신축,2020-04-13,2020-04-22,2020-07-22,제2종근린생활시설,,"주소 기반 추정 위치, 공사현장 좌표 아님"
15038929:1152,1152,건축행정기록,위험물저장및처리시설,인천광역시 계양구 상야동 10-3 외1필지,37.5801786,126.7803627,geocoded_kakao_jibun,kakao_exact_jibun_address_match,인천 계양구 상야동 10-3,1,1,0.0,,kakao_local_api:address_jibun,https://dapi.kakao.com/v2/local/search/address.json,2026-09-06,https://www.data.go.kr/data/15038929/fileData.do,2026-01-19,2026-09-06,administrative_record_only_not_confirmed_active,증축,2020-04-09,2020-04-22,2020-06-04,위험물저장및처리시설,,"주소 기반 추정 위치, 공사현장 좌표 아님"
15038929:1153,1153,건축행정기록,제2종근린생활시설,인천광역시 계양구 귤현동 507-8,37.5673179,126.7454696,geocoded_kakao_jibun,kakao_exact_jibun_address_match,인천 계양구 귤현동 507-8,1,1,0.0,,kakao_local_api:address_jibun,https://dapi.kakao.com/v2/local/search/address.json,2026-09-06,https://www.data.go.kr/data/15038929/fileData.do,2026-01-19,2026-09-06,administrative_record_only_not_confirmed_active,신축,2020-04-09,2020-05-15,2021-02-09,제2종근린생활시설,,"주소 기반 추정 위치, 공사현장 좌표 아님"
15038929:1154,1154,건축행정기록,공동주택,인천광역시 계양구 효성동 321-5,37.5275951,126.7085066,geocoded_kakao_jibun,kakao_exact_jibun_address_match,인천 계양구 효성동 321-5,1,1,0.0,,kakao_local_api:address_jibun,https://dapi.kakao.com/v2/local/search/address.json,2026-09-06,https://www.data.go.kr/data/15038929/fileData.do,2026-01-19,2026-09-06,administrative_record_only_not_confirmed_active,신축,2020-04-09,2020-06-26,2021-05-21,공동주택,,"주소 기반 추정 위치, 공사현장 좌표 아님"
15038929:1155,1155,건축행정기록,공동주택,인천광역시 계양구 작전동 870-15,37.5289886,126.7265191,geocoded_kakao_jibun,kakao_exact_jibun_address_match,인천 계양구 작전동 870-15,1,1,0.0,,kakao_local_api:address_jibun,https://dapi.kakao.com/v2/local/search/address.json,2026-09-06,https://www.data.go.kr/data/15038929/fileData.do,2026-01-19,2026-09-06,administrative_record_only_not_confirmed_active,신축,2020-03-30,2020-05-11,2021-07-01,공동주택,,"주소 기반 추정 위치, 공사현장 좌표 아님"
15038929:1156,1156,건축행정기록,공장,인천광역시 계양구 서운동 216-1,37.5331625,126.7546596,geocoded_kakao_jibun,kakao_exact_jibun_address_match,인천 계양구 서운동 216-1,1,1,0.0,,kakao_local_api:address_jibun,https://dapi.kakao.com/v2/local/search/address.json,2026-09-06,https://www.data.go.kr/data/15038929/fileData.do,2026-01-19,2026-09-06,administrative_record_only_not_confirmed_active,증축,2020-03-27,2020-07-22,2020-09-15,공장,,"주소 기반 추정 위치, 공사현장 좌표 아님"
15038929:1157,1157,건축행정기록,제1종근린생활시설,인천광역시 계양구 서운동 148-115,37.5284186,126.7563942,geocoded_kakao_jibun,kakao_exact_jibun_address_match,인천 계양구 서운동 148-115,1,1,0.0,,kakao_local_api:address_jibun,https://dapi.kakao.com/v2/local/search/address.json,2026-09-06,https://www.data.go.kr/data/15038929/fileData.do,2026-01-19,2026-09-06,administrative_record_only_not_confirmed_active,신축,2020-03-27,2020-04-06,2020-06-10,제1종근린생활시설,,"주소 기반 추정 위치, 공사현장 좌표 아님"
15038929:1158,1158,건축행정기록,노유자시설,인천광역시 계양구 귤현동 497,37.5682458,126.7479828,geocoded_kakao_jibun,kakao_exact_jibun_address_match,인천 계양구 귤현동 497,1,1,0.0,,kakao_local_api:address_jibun,https://dapi.kakao.com/v2/local/search/address.json,2026-09-06,https://www.data.go.kr/data/15038929/fileData.do,2026-01-19,2026-09-06,administrative_record_only_not_confirmed_active,대수선,2020-03-25,2020-03-27,2020-05-19,노유자시설,,"주소 기반 추정 위치, 공사현장 좌표 아님"
15038929:1159,1159,건축행정기록,노유자시설,인천광역시 계양구 둑실동 184-1,37.5800855,126.6968666,geocoded_kakao_jibun,kakao_exact_jibun_address_match,인천 계양구 둑실동 184-1,1,1,0.0,,kakao_local_api:address_jibun,https://dapi.kakao.com/v2/local/search/address.json,2026-09-06,https://www.data.go.kr/data/15038929/fileData.do,2026-01-19,2026-09-06,administrative_record_only_not_confirmed_active,대수선,2020-03-17,2020-05-12,2020-08-05,노유자시설,,"주소 기반 추정 위치, 공사현장 좌표 아님"
15038929:1160,1160,건축행정기록,창고시설,인천광역시 계양구 상야동 209,37.5782034,126.7735658,geocoded_kakao_jibun,kakao_exact_jibun_address_match,인천 계양구 상야동 209,1,1,0.0,,kakao_local_api:address_jibun,https://dapi.kakao.com/v2/local/search/address.json,2026-09-06,https://www.data.go.kr/data/15038929/fileData.do,2026-01-19,2026-09-06,administrative_record_only_not_confirmed_active,신축,2020-03-16,2020-04-03,2021-08-04,창고시설,,"주소 기반 추정 위치, 공사현장 좌표 아님"
15038929:1161,1161,건축행정기록,공장,인천광역시 계양구 서운동 217-7,37.5327405,126.7565698,geocoded_kakao_jibun,kakao_exact_jibun_address_match,인천 계양구 서운동 217-7,1,1,0.0,,kakao_local_api:address_jibun,https://dapi.kakao.com/v2/local/search/address.json,2026-09-06,https://www.data.go.kr/data/15038929/fileData.do,2026-01-19,2026-09-06,administrative_record_only_not_confirmed_active,신축,2020-03-16,2020-04-09,2020-12-17,공장,,"주소 기반 추정 위치, 공사현장 좌표 아님"
15038929:1162,1162,건축행정기록,제2종근린생활시설,인천광역시 계양구 갈현동 98-2 외2필지,37.5782372,126.7216159,geocoded_kakao_jibun,kakao_exact_jibun_address_match,인천 계양구 갈현동 98-2,1,1,0.0,,kakao_local_api:address_jibun,https://dapi.kakao.com/v2/local/search/address.json,2026-09-06,https://www.data.go.kr/data/15038929/fileData.do,2026-01-19,2026-09-06,administrative_record_only_not_confirmed_active,증축,2020-03-11,2020-05-15,2021-01-06,제2종근린생활시설,,"주소 기반 추정 위치, 공사현장 좌표 아님"
15038929:1163,1163,건축행정기록,공동주택,인천광역시 계양구 병방동 133-1,37.5475357,126.7418053,geocoded_kakao_jibun,kakao_exact_jibun_address_match,인천 계양구 병방동 133-1,1,1,0.0,,kakao_local_api:address_jibun,https://dapi.kakao.com/v2/local/search/address.json,2026-09-06,https://www.data.go.kr/data/15038929/fileData.do,2026-01-19,2026-09-06,administrative_record_only_not_confirmed_active,신축,2020-03-04,2020-03-31,2020-11-30,공동주택,,"주소 기반 추정 위치, 공사현장 좌표 아님"
15038929:1164,1164,건축행정기록,단독주택,인천광역시 계양구 다남동 101-4,37.5696536,126.7297569,geocoded_kakao_jibun,kakao_exact_jibun_address_match,인천 계양구 다남동 101-4,1,1,0.0,,kakao_local_api:address_jibun,https://dapi.kakao.com/v2/local/search/address.json,2026-09-06,https://www.data.go.kr/data/15038929/fileData.do,2026-01-19,2026-09-06,administrative_record_only_not_confirmed_active,신축,2020-02-28,2020-03-09,2020-06-05,단독주택,,"주소 기반 추정 위치, 공사현장 좌표 아님"
15038929:1165,1165,건축행정기록,제1종근린생활시설,인천광역시 계양구 작전동 863-49,37.5315488,126.7239558,geocoded_kakao_jibun,kakao_exact_jibun_address_match,인천 계양구 작전동 863-49,1,1,0.0,,kakao_local_api:address_jibun,https://dapi.kakao.com/v2/local/search/address.json,2026-09-06,https://www.data.go.kr/data/15038929/fileData.do,2026-01-19,2026-09-06,administrative_record_only_not_confirmed_active,신축,2020-02-27,2020-07-22,2021-01-19,제1종근린생활시설,,"주소 기반 추정 위치, 공사현장 좌표 아님"
15038929:1166,1166,건축행정기록,제1종근린생활시설,인천광역시 계양구 작전동 870-47,37.5281836,126.7268564,geocoded_kakao_jibun,kakao_exact_jibun_address_match,인천 계양구 작전동 870-47,1,1,0.0,,kakao_local_api:address_jibun,https://dapi.kakao.com/v2/local/search/address.json,2026-09-06,https://www.data.go.kr/data/15038929/fileData.do,2026-01-19,2026-09-06,administrative_record_only_not_confirmed_active,신축,2020-02-27,2020-05-11,2022-05-20,제1종근린생활시설,,"주소 기반 추정 위치, 공사현장 좌표 아님"
15038929:1167,1167,건축행정기록,공장,인천광역시 계양구 서운동 222,37.5319203,126.7532568,geocoded_kakao_jibun,kakao_exact_jibun_address_match,인천 계양구 서운동 222,1,1,0.0,,kakao_local_api:address_jibun,https://dapi.kakao.com/v2/local/search/address.json,2026-09-06,https://www.data.go.kr/data/15038929/fileData.do,2026-01-19,2026-09-06,administrative_record_only_not_confirmed_active,신축,2020-02-20,2020-05-04,2021-10-25,공장,,"주소 기반 추정 위치, 공사현장 좌표 아님"
15038929:1168,1168,건축행정기록,공장,인천광역시 계양구 서운동 210-1,37.5363412,126.7548342,geocoded_kakao_jibun,kakao_exact_jibun_address_match,인천 계양구 서운동 210-1,1,1,0.0,,kakao_local_api:address_jibun,https://dapi.kakao.com/v2/local/search/address.json,2026-09-06,https://www.data.go.kr/data/15038929/fileData.do,2026-01-19,2026-09-06,administrative_record_only_not_confirmed_active,신축,2020-02-14,2020-04-28,2021-03-04,공장,,"주소 기반 추정 위치, 공사현장 좌표 아님"
15038929:1169,1169,건축행정기록,제2종근린생활시설,인천광역시 계양구 서운동 148-99,37.5281639,126.7588656,geocoded_kakao_jibun,kakao_exact_jibun_address_match,인천 계양구 서운동 148-99,1,1,0.0,,kakao_local_api:address_jibun,https://dapi.kakao.com/v2/local/search/address.json,2026-09-06,https://www.data.go.kr/data/15038929/fileData.do,2026-01-19,2026-09-06,administrative_record_only_not_confirmed_active,대수선,2020-02-13,2020-02-19,2020-04-29,제2종근린생활시설,,"주소 기반 추정 위치, 공사현장 좌표 아님"
15038929:1170,1170,건축행정기록,공장,인천광역시 계양구 서운동 209,37.5372025,126.7565142,geocoded_kakao_jibun,kakao_exact_jibun_address_match,인천 계양구 서운동 209,1,1,0.0,,kakao_local_api:address_jibun,https://dapi.kakao.com/v2/local/search/address.json,2026-09-06,https://www.data.go.kr/data/15038929/fileData.do,2026-01-19,2026-09-06,administrative_record_only_not_confirmed_active,신축,2020-02-13,2020-03-09,2020-12-16,공장,,"주소 기반 추정 위치, 공사현장 좌표 아님"
15038929:1171,1171,건축행정기록,공장,인천광역시 계양구 서운동 212,37.5352628,126.7535221,geocoded_kakao_jibun,kakao_exact_jibun_address_match,인천 계양구 서운동 212,1,1,0.0,,kakao_local_api:address_jibun,https://dapi.kakao.com/v2/local/search/address.json,2026-09-06,https://www.data.go.kr/data/15038929/fileData.do,2026-01-19,2026-09-06,administrative_record_only_not_confirmed_active,신축,2020-02-11,2020-03-05,2020-12-08,공장,,"주소 기반 추정 위치, 공사현장 좌표 아님"
15038929:1172,1172,건축행정기록,제2종근린생활시설,인천광역시 계양구 서운동 127-30 외3필지,,,unresolved,no_exact_parcel_match_in_kakao,,0,0,,,kakao_local_api:unresolved,https://dapi.kakao.com/v2/local/search/address.json,2026-09-06,https://www.data.go.kr/data/15038929/fileData.do,2026-01-19,2026-09-06,administrative_record_only_not_confirmed_active,신축,2020-02-07,2020-06-26,2021-03-26,제2종근린생활시설,,"주소 기반 추정 위치, 공사현장 좌표 아님"
15038929:1173,1173,건축행정기록,노유자시설,인천광역시 계양구 목상동 209-6,37.5692087,126.7070820,geocoded_kakao_jibun,kakao_exact_jibun_address_match,인천 계양구 목상동 209-6,1,1,0.0,,kakao_local_api:address_jibun,https://dapi.kakao.com/v2/local/search/address.json,2026-09-06,https://www.data.go.kr/data/15038929/fileData.do,2026-01-19,2026-09-06,administrative_record_only_not_confirmed_active,신축,2020-02-03,2020-02-19,2020-07-13,노유자시설,,"주소 기반 추정 위치, 공사현장 좌표 아님"
15038929:1174,1174,건축행정기록,제1종근린생활시설,인천광역시 계양구 선주지동 119-1,37.5795055,126.7455949,geocoded_kakao_jibun,kakao_exact_jibun_address_match,인천 계양구 선주지동 119-1,1,1,0.0,,kakao_local_api:address_jibun,https://dapi.kakao.com/v2/local/search/address.json,2026-09-06,https://www.data.go.kr/data/15038929/fileData.do,2026-01-19,2026-09-06,administrative_record_only_not_confirmed_active,신축,2020-01-30,2020-04-03,2020-06-05,제1종근린생활시설,,"주소 기반 추정 위치, 공사현장 좌표 아님"
15038929:1175,1175,건축행정기록,제1종근린생활시설,인천광역시 계양구 선주지동 119-2,37.5793647,126.7455905,geocoded_kakao_jibun,kakao_exact_jibun_address_match,인천 계양구 선주지동 119-2,1,1,0.0,,kakao_local_api:address_jibun,https://dapi.kakao.com/v2/local/search/address.json,2026-09-06,https://www.data.go.kr/data/15038929/fileData.do,2026-01-19,2026-09-06,administrative_record_only_not_confirmed_active,신축,2020-01-30,2020-04-03,2020-06-11,제1종근린생활시설,,"주소 기반 추정 위치, 공사현장 좌표 아님"
15038929:1176,1176,건축행정기록,공장,인천광역시 계양구 효성동 412-6 외1필지,37.5249108,126.7060489,geocoded_kakao_jibun,kakao_exact_jibun_address_match,인천 계양구 효성동 412-6,1,1,0.0,,kakao_local_api:address_jibun,https://dapi.kakao.com/v2/local/search/address.json,2026-09-06,https://www.data.go.kr/data/15038929/fileData.do,2026-01-19,2026-09-06,administrative_record_only_not_confirmed_active,신축,2020-01-28,2020-03-16,2020-09-25,공장,,"주소 기반 추정 위치, 공사현장 좌표 아님"
15038929:1177,1177,건축행정기록,공장,인천광역시 계양구 서운동 212-2,37.5348819,126.7550205,geocoded_kakao_jibun,kakao_exact_jibun_address_match,인천 계양구 서운동 212-2,1,1,0.0,,kakao_local_api:address_jibun,https://dapi.kakao.com/v2/local/search/address.json,2026-09-06,https://www.data.go.kr/data/15038929/fileData.do,2026-01-19,2026-09-06,administrative_record_only_not_confirmed_active,신축,2020-01-28,2020-03-25,2021-08-13,공장,,"주소 기반 추정 위치, 공사현장 좌표 아님"
15038929:1178,1178,건축행정기록,의료시설,인천광역시 계양구 계산동 14-3,37.5428379,126.7325136,geocoded_kakao_jibun,kakao_exact_jibun_address_match,인천 계양구 계산동 14-3,1,1,0.0,,kakao_local_api:address_jibun,https://dapi.kakao.com/v2/local/search/address.json,2026-09-06,https://www.data.go.kr/data/15038929/fileData.do,2026-01-19,2026-09-06,administrative_record_only_not_confirmed_active,신축,2020-01-28,2020-02-21,2020-11-12,의료시설,,"주소 기반 추정 위치, 공사현장 좌표 아님"
15038929:1179,1179,건축행정기록,제1종근린생활시설,인천광역시 계양구 다남동 100-2,37.5703853,126.7312733,geocoded_kakao_jibun,kakao_exact_jibun_address_match,인천 계양구 다남동 100-2,1,1,0.0,,kakao_local_api:address_jibun,https://dapi.kakao.com/v2/local/search/address.json,2026-09-06,https://www.data.go.kr/data/15038929/fileData.do,2026-01-19,2026-09-06,administrative_record_only_not_confirmed_active,신축,2020-01-13,2020-02-26,2020-07-02,제1종근린생활시설,,"주소 기반 추정 위치, 공사현장 좌표 아님"
15038929:1180,1180,건축행정기록,자원순환관련시설,인천광역시 계양구 서운동 149-19,37.5299565,126.7564607,geocoded_kakao_jibun,kakao_exact_jibun_address_match,인천 계양구 서운동 149-19,1,1,0.0,,kakao_local_api:address_jibun,https://dapi.kakao.com/v2/local/search/address.json,2026-09-06,https://www.data.go.kr/data/15038929/fileData.do,2026-01-19,2026-09-06,administrative_record_only_not_confirmed_active,증축,2020-01-09,2020-01-23,2020-04-07,자원순환관련시설,,"주소 기반 추정 위치, 공사현장 좌표 아님"
15038929:1181,1181,건축행정기록,동물및식물관련시설,인천광역시 계양구 갈현동 59,37.5801022,126.7270867,geocoded_kakao_jibun,kakao_exact_jibun_address_match,인천 계양구 갈현동 59,1,1,0.0,,kakao_local_api:address_jibun,https://dapi.kakao.com/v2/local/search/address.json,2026-09-06,https://www.data.go.kr/data/15038929/fileData.do,2026-01-19,2026-09-06,administrative_record_only_not_confirmed_active,신축,2020-01-08,2020-03-27,2020-07-24,동물및식물관련시설,,"주소 기반 추정 위치, 공사현장 좌표 아님"
15038929:1182,1182,건축행정기록,노유자시설,인천광역시 계양구 오류동 80-2 외4필지,37.5809503,126.7283014,geocoded_kakao_jibun,kakao_exact_jibun_address_match,인천 계양구 오류동 80-2,1,1,0.0,,kakao_local_api:address_jibun,https://dapi.kakao.com/v2/local/search/address.json,2026-09-06,https://www.data.go.kr/data/15038929/fileData.do,2026-01-19,2026-09-06,administrative_record_only_not_confirmed_active,신축,2019-12-31,2023-07-07,2024-08-01,노유자시설,,"주소 기반 추정 위치, 공사현장 좌표 아님"
15038929:1183,1183,건축행정기록,제2종근린생활시설,인천광역시 계양구 다남동 99-2,37.5696806,126.7306932,geocoded_kakao_jibun,kakao_exact_jibun_address_match,인천 계양구 다남동 99-2,1,1,0.0,,kakao_local_api:address_jibun,https://dapi.kakao.com/v2/local/search/address.json,2026-09-06,https://www.data.go.kr/data/15038929/fileData.do,2026-01-19,2026-09-06,administrative_record_only_not_confirmed_active,신축,2019-12-27,2020-02-06,2020-06-05,제2종근린생활시설,,"주소 기반 추정 위치, 공사현장 좌표 아님"
15038929:1184,1184,건축행정기록,자동차관련시설,인천광역시 계양구 용종동 27-1 외10필지,37.5393776,126.7518425,geocoded_kakao_jibun,kakao_exact_jibun_address_match,인천 계양구 용종동 27-1,1,1,0.0,,kakao_local_api:address_jibun,https://dapi.kakao.com/v2/local/search/address.json,2026-09-06,https://www.data.go.kr/data/15038929/fileData.do,2026-01-19,2026-09-06,administrative_record_only_not_confirmed_active,신축,2019-12-26,2020-03-23,,자동차관련시설,,"주소 기반 추정 위치, 공사현장 좌표 아님"
15038929:1185,1185,건축행정기록,제2종근린생활시설,인천광역시 계양구 다남동 68-1,37.5693460,126.7231136,geocoded_kakao_jibun,kakao_exact_jibun_address_match,인천 계양구 다남동 68-1,1,1,0.0,,kakao_local_api:address_jibun,https://dapi.kakao.com/v2/local/search/address.json,2026-09-06,https://www.data.go.kr/data/15038929/fileData.do,2026-01-19,2026-09-06,administrative_record_only_not_confirmed_active,신축,2019-12-26,2022-12-19,2023-08-10,제2종근린생활시설,,"주소 기반 추정 위치, 공사현장 좌표 아님"
15038929:1186,1186,건축행정기록,제2종근린생활시설,인천광역시 계양구 계산동 332-4,37.5393675,126.7284431,geocoded_kakao_jibun,kakao_exact_jibun_address_match,인천 계양구 계산동 332-4,1,1,0.0,,kakao_local_api:address_jibun,https://dapi.kakao.com/v2/local/search/address.json,2026-09-06,https://www.data.go.kr/data/15038929/fileData.do,2026-01-19,2026-09-06,administrative_record_only_not_confirmed_active,증축,2019-12-24,2020-02-14,2021-03-15,제2종근린생활시설,,"주소 기반 추정 위치, 공사현장 좌표 아님"
15038929:1187,1187,건축행정기록,공동주택,인천광역시 계양구 효성동 273-37 외1필지,37.5261987,126.7124269,geocoded_kakao_jibun,kakao_exact_jibun_address_match,인천 계양구 효성동 273-37,1,1,0.0,,kakao_local_api:address_jibun,https://dapi.kakao.com/v2/local/search/address.json,2026-09-06,https://www.data.go.kr/data/15038929/fileData.do,2026-01-19,2026-09-06,administrative_record_only_not_confirmed_active,신축,2019-12-16,2020-03-26,2022-03-03,공동주택,,"주소 기반 추정 위치, 공사현장 좌표 아님"
15038929:1188,1188,건축행정기록,공동주택,인천광역시 계양구 작전동 870-10,37.5293744,126.7266750,geocoded_kakao_jibun,kakao_exact_jibun_address_match,인천 계양구 작전동 870-10,1,1,0.0,,kakao_local_api:address_jibun,https://dapi.kakao.com/v2/local/search/address.json,2026-09-06,https://www.data.go.kr/data/15038929/fileData.do,2026-01-19,2026-09-06,administrative_record_only_not_confirmed_active,신축,2019-12-16,2019-12-23,2020-07-03,공동주택,,"주소 기반 추정 위치, 공사현장 좌표 아님"
15038929:1189,1189,건축행정기록,공동주택,인천광역시 계양구 임학동 60-15 외3필지,37.5457106,126.7333935,geocoded_kakao_jibun,kakao_exact_jibun_address_match,인천 계양구 임학동 60-15,1,1,0.0,,kakao_local_api:address_jibun,https://dapi.kakao.com/v2/local/search/address.json,2026-09-06,https://www.data.go.kr/data/15038929/fileData.do,2026-01-19,2026-09-06,administrative_record_only_not_confirmed_active,신축,2019-12-03,2019-12-11,2020-05-06,공동주택,,"주소 기반 추정 위치, 공사현장 좌표 아님"
15038929:1190,1190,건축행정기록,제1종근린생활시설,인천광역시 계양구 선주지동 121-1,37.5801385,126.7452687,geocoded_kakao_jibun,kakao_exact_jibun_address_match,인천 계양구 선주지동 121-1,1,1,0.0,,kakao_local_api:address_jibun,https://dapi.kakao.com/v2/local/search/address.json,2026-09-06,https://www.data.go.kr/data/15038929/fileData.do,2026-01-19,2026-09-06,administrative_record_only_not_confirmed_active,증축,2019-12-02,2020-04-08,2020-08-14,제1종근린생활시설,,"주소 기반 추정 위치, 공사현장 좌표 아님"
15038929:1191,1191,건축행정기록,제1종근린생활시설,인천광역시 계양구 오류동 153-2 외1필지,37.5869282,126.7239071,geocoded_kakao_jibun,kakao_exact_jibun_address_match,인천 계양구 오류동 153-2,1,1,0.0,,kakao_local_api:address_jibun,https://dapi.kakao.com/v2/local/search/address.json,2026-09-06,https://www.data.go.kr/data/15038929/fileData.do,2026-01-19,2026-09-06,administrative_record_only_not_confirmed_active,증축,2019-11-25,2020-01-17,2020-04-29,제1종근린생활시설,,"주소 기반 추정 위치, 공사현장 좌표 아님"
15038929:1192,1192,건축행정기록,제2종근린생활시설,인천광역시 계양구 계산동 918,37.5435767,126.7298279,geocoded_kakao_jibun,kakao_exact_jibun_address_match,인천 계양구 계산동 918,1,1,0.0,,kakao_local_api:address_jibun,https://dapi.kakao.com/v2/local/search/address.json,2026-09-06,https://www.data.go.kr/data/15038929/fileData.do,2026-01-19,2026-09-06,administrative_record_only_not_confirmed_active,신축,2019-11-21,2019-12-19,2020-06-18,제2종근린생활시설,,"주소 기반 추정 위치, 공사현장 좌표 아님"
15038929:1193,1193,건축행정기록,제2종근린생활시설,인천광역시 계양구 서운동 130-19,37.5274705,126.7505938,geocoded_kakao_jibun,kakao_exact_jibun_address_match,인천 계양구 서운동 130-19,1,1,0.0,,kakao_local_api:address_jibun,https://dapi.kakao.com/v2/local/search/address.json,2026-09-06,https://www.data.go.kr/data/15038929/fileData.do,2026-01-19,2026-09-06,administrative_record_only_not_confirmed_active,신축,2019-11-19,2019-11-29,2020-02-21,제2종근린생활시설,,"주소 기반 추정 위치, 공사현장 좌표 아님"
15038929:1194,1194,건축행정기록,공동주택,인천광역시 계양구 작전동 852-9 외1필지,37.5352206,126.7209295,geocoded_kakao_jibun,kakao_exact_jibun_address_match,인천 계양구 작전동 852-9,1,1,0.0,,kakao_local_api:address_jibun,https://dapi.kakao.com/v2/local/search/address.json,2026-09-06,https://www.data.go.kr/data/15038929/fileData.do,2026-01-19,2026-09-06,administrative_record_only_not_confirmed_active,신축,2019-11-14,2019-11-25,2020-09-14,공동주택,,"주소 기반 추정 위치, 공사현장 좌표 아님"
15038929:1195,1195,건축행정기록,업무시설,인천광역시 계양구 작전동 614-3,37.5273219,126.7391467,geocoded_kakao_jibun,kakao_exact_jibun_address_match,인천 계양구 작전동 614-3,1,1,0.0,,kakao_local_api:address_jibun,https://dapi.kakao.com/v2/local/search/address.json,2026-09-06,https://www.data.go.kr/data/15038929/fileData.do,2026-01-19,2026-09-06,administrative_record_only_not_confirmed_active,신축,2019-11-11,2022-11-24,2025-03-14,업무시설,,"주소 기반 추정 위치, 공사현장 좌표 아님"
15038929:1196,1196,건축행정기록,자동차관련시설,인천광역시 계양구 서운동 219,37.5320420,126.7567465,geocoded_kakao_jibun,kakao_exact_jibun_address_match,인천 계양구 서운동 219,1,1,0.0,,kakao_local_api:address_jibun,https://dapi.kakao.com/v2/local/search/address.json,2026-09-06,https://www.data.go.kr/data/15038929/fileData.do,2026-01-19,2026-09-06,administrative_record_only_not_confirmed_active,신축,2019-11-08,2020-01-16,2021-07-07,자동차관련시설,,"주소 기반 추정 위치, 공사현장 좌표 아님"
15038929:1197,1197,건축행정기록,제1종근린생활시설,인천광역시 계양구 계산동 728-31,37.5446707,126.7141742,geocoded_kakao_jibun,kakao_exact_jibun_address_match,인천 계양구 계산동 728-31,1,1,0.0,,kakao_local_api:address_jibun,https://dapi.kakao.com/v2/local/search/address.json,2026-09-06,https://www.data.go.kr/data/15038929/fileData.do,2026-01-19,2026-09-06,administrative_record_only_not_confirmed_active,신축,2019-11-06,2020-02-11,2020-11-11,제1종근린생활시설,,"주소 기반 추정 위치, 공사현장 좌표 아님"
15038929:1198,1198,건축행정기록,단독주택,인천광역시 계양구 효성동 180-10,37.5286849,126.7067741,geocoded_kakao_jibun,kakao_exact_jibun_address_match,인천 계양구 효성동 180-10,1,1,0.0,,kakao_local_api:address_jibun,https://dapi.kakao.com/v2/local/search/address.json,2026-09-06,https://www.data.go.kr/data/15038929/fileData.do,2026-01-19,2026-09-06,administrative_record_only_not_confirmed_active,신축,2019-11-05,2019-11-18,2020-04-29,단독주택,,"주소 기반 추정 위치, 공사현장 좌표 아님"
15038929:1199,1199,건축행정기록,제1종근린생활시설,인천광역시 계양구 효성동 554-4,37.5260287,126.6994161,geocoded_kakao_jibun,kakao_exact_jibun_address_match,인천 계양구 효성동 554-4,1,1,0.0,,kakao_local_api:address_jibun,https://dapi.kakao.com/v2/local/search/address.json,2026-09-06,https://www.data.go.kr/data/15038929/fileData.do,2026-01-19,2026-09-06,administrative_record_only_not_confirmed_active,신축,2019-11-05,2019-11-21,2020-06-18,제1종근린생활시설,,"주소 기반 추정 위치, 공사현장 좌표 아님"
15038929:1200,1200,건축행정기록,제2종근린생활시설,인천광역시 계양구 귤현동 497-10,37.5676695,126.7479778,geocoded_kakao_jibun,kakao_exact_jibun_address_match,인천 계양구 귤현동 497-10,1,1,0.0,,kakao_local_api:address_jibun,https://dapi.kakao.com/v2/local/search/address.json,2026-09-06,https://www.data.go.kr/data/15038929/fileData.do,2026-01-19,2026-09-06,administrative_record_only_not_confirmed_active,신축,2019-11-04,2020-04-10,2020-09-22,제2종근린생활시설,,"주소 기반 추정 위치, 공사현장 좌표 아님"
15038929:1201,1201,건축행정기록,제1종근린생활시설,인천광역시 계양구 서운동 214-6,37.5336976,126.7556953,geocoded_kakao_jibun,kakao_exact_jibun_address_match,인천 계양구 서운동 214-6,1,1,0.0,,kakao_local_api:address_jibun,https://dapi.kakao.com/v2/local/search/address.json,2026-09-06,https://www.data.go.kr/data/15038929/fileData.do,2026-01-19,2026-09-06,administrative_record_only_not_confirmed_active,신축,2019-11-04,2019-11-20,2020-11-12,제1종근린생활시설,,"주소 기반 추정 위치, 공사현장 좌표 아님"
15038929:1202,1202,건축행정기록,공장,인천광역시 계양구 효성동 208-13,37.5241575,126.7190677,geocoded_kakao_jibun,kakao_exact_jibun_address_match,인천 계양구 효성동 208-13,1,1,0.0,,kakao_local_api:address_jibun,https://dapi.kakao.com/v2/local/search/address.json,2026-09-06,https://www.data.go.kr/data/15038929/fileData.do,2026-01-19,2026-09-06,administrative_record_only_not_confirmed_active,증축,2019-10-31,2019-11-12,2020-01-07,공장,,"주소 기반 추정 위치, 공사현장 좌표 아님"
15038929:1203,1203,건축행정기록,공장,인천광역시 계양구 서운동 217-4,37.5327437,126.7580392,geocoded_kakao_jibun,kakao_exact_jibun_address_match,인천 계양구 서운동 217-4,1,1,0.0,,kakao_local_api:address_jibun,https://dapi.kakao.com/v2/local/search/address.json,2026-09-06,https://www.data.go.kr/data/15038929/fileData.do,2026-01-19,2026-09-06,administrative_record_only_not_confirmed_active,신축,2019-10-30,2019-12-10,2020-11-12,공장,,"주소 기반 추정 위치, 공사현장 좌표 아님"
15038929:1204,1204,건축행정기록,공장,인천광역시 계양구 서운동 208-4,37.5353367,126.7524793,geocoded_kakao_jibun,kakao_exact_jibun_address_match,인천 계양구 서운동 208-4,1,1,0.0,,kakao_local_api:address_jibun,https://dapi.kakao.com/v2/local/search/address.json,2026-09-06,https://www.data.go.kr/data/15038929/fileData.do,2026-01-19,2026-09-06,administrative_record_only_not_confirmed_active,증축,2019-10-29,2020-02-26,2020-07-31,공장,,"주소 기반 추정 위치, 공사현장 좌표 아님"
15038929:1205,1205,건축행정기록,제1종근린생활시설,인천광역시 계양구 서운동 125-32 외1필지,37.5301899,126.7456711,geocoded_kakao_jibun,kakao_exact_jibun_address_match,인천 계양구 서운동 125-32,1,1,0.0,,kakao_local_api:address_jibun,https://dapi.kakao.com/v2/local/search/address.json,2026-09-06,https://www.data.go.kr/data/15038929/fileData.do,2026-01-19,2026-09-06,administrative_record_only_not_confirmed_active,신축,2019-10-25,2022-10-25,,제1종근린생활시설,,"주소 기반 추정 위치, 공사현장 좌표 아님"
15038929:1206,1206,건축행정기록,제2종근린생활시설,인천광역시 계양구 계산동 955-17 외1필지,37.5404347,126.7238614,geocoded_kakao_jibun,kakao_exact_jibun_address_match,인천 계양구 계산동 955-17,1,1,0.0,,kakao_local_api:address_jibun,https://dapi.kakao.com/v2/local/search/address.json,2026-09-06,https://www.data.go.kr/data/15038929/fileData.do,2026-01-19,2026-09-06,administrative_record_only_not_confirmed_active,신축,2019-10-25,2019-12-26,2021-01-20,제2종근린생활시설,,"주소 기반 추정 위치, 공사현장 좌표 아님"
15038929:1207,1207,건축행정기록,창고시설,인천광역시 계양구 상야동 208-7,37.5777782,126.7739811,geocoded_kakao_jibun,kakao_exact_jibun_address_match,인천 계양구 상야동 208-7,1,1,0.0,,kakao_local_api:address_jibun,https://dapi.kakao.com/v2/local/search/address.json,2026-09-06,https://www.data.go.kr/data/15038929/fileData.do,2026-01-19,2026-09-06,administrative_record_only_not_confirmed_active,신축,2019-10-25,2020-03-02,2022-04-11,창고시설,,"주소 기반 추정 위치, 공사현장 좌표 아님"
15038929:1208,1208,건축행정기록,공동주택,인천광역시 계양구 계산동 923-19,37.5460060,126.7279026,geocoded_kakao_jibun,kakao_exact_jibun_address_match,인천 계양구 계산동 923-19,1,1,0.0,,kakao_local_api:address_jibun,https://dapi.kakao.com/v2/local/search/address.json,2026-09-06,https://www.data.go.kr/data/15038929/fileData.do,2026-01-19,2026-09-06,administrative_record_only_not_confirmed_active,신축,2019-10-23,2020-03-31,2020-07-24,공동주택,,"주소 기반 추정 위치, 공사현장 좌표 아님"
15038929:1209,1209,건축행정기록,단독주택,인천광역시 계양구 귤현동 506-7,37.5663164,126.7450746,geocoded_kakao_jibun,kakao_exact_jibun_address_match,인천 계양구 귤현동 506-7,1,1,0.0,,kakao_local_api:address_jibun,https://dapi.kakao.com/v2/local/search/address.json,2026-09-06,https://www.data.go.kr/data/15038929/fileData.do,2026-01-19,2026-09-06,administrative_record_only_not_confirmed_active,신축,2019-10-16,2019-10-24,2020-02-27,단독주택,,"주소 기반 추정 위치, 공사현장 좌표 아님"
15038929:1210,1210,건축행정기록,제1종근린생활시설,인천광역시 계양구 선주지동 108-4,37.5794777,126.7474780,geocoded_kakao_jibun,kakao_exact_jibun_address_match,인천 계양구 선주지동 108-4,1,1,0.0,,kakao_local_api:address_jibun,https://dapi.kakao.com/v2/local/search/address.json,2026-09-06,https://www.data.go.kr/data/15038929/fileData.do,2026-01-19,2026-09-06,administrative_record_only_not_confirmed_active,신축,2019-10-16,2020-03-10,2020-05-19,제1종근린생활시설,,"주소 기반 추정 위치, 공사현장 좌표 아님"
15038929:1211,1211,건축행정기록,제1종근린생활시설,인천광역시 계양구 상야동 176-20,37.5784309,126.7790986,geocoded_kakao_jibun,kakao_exact_jibun_address_match,인천 계양구 상야동 176-20,1,1,0.0,,kakao_local_api:address_jibun,https://dapi.kakao.com/v2/local/search/address.json,2026-09-06,https://www.data.go.kr/data/15038929/fileData.do,2026-01-19,2026-09-06,administrative_record_only_not_confirmed_active,신축,2019-10-15,2019-10-29,2019-12-27,제1종근린생활시설,,"주소 기반 추정 위치, 공사현장 좌표 아님"
15038929:1212,1212,건축행정기록,교정및군사시설,인천광역시 계양구 동양동 320-7,37.5621684,126.7500275,geocoded_kakao_jibun,kakao_exact_jibun_address_match,인천 계양구 동양동 320-7,1,1,0.0,,kakao_local_api:address_jibun,https://dapi.kakao.com/v2/local/search/address.json,2026-09-06,https://www.data.go.kr/data/15038929/fileData.do,2026-01-19,2026-09-06,administrative_record_only_not_confirmed_active,신축,2019-09-30,2020-01-16,,교정및군사시설,,"주소 기반 추정 위치, 공사현장 좌표 아님"
15038929:1213,1213,건축행정기록,교정및군사시설,인천광역시 계양구 갈현동 산 41-1 외6필지,,,unresolved,no_exact_parcel_match_in_kakao,,0,0,,,kakao_local_api:unresolved,https://dapi.kakao.com/v2/local/search/address.json,2026-09-06,https://www.data.go.kr/data/15038929/fileData.do,2026-01-19,2026-09-06,administrative_record_only_not_confirmed_active,신축,2019-09-30,2020-01-16,,교정및군사시설,,"주소 기반 추정 위치, 공사현장 좌표 아님"
15038929:1214,1214,건축행정기록,공동주택,인천광역시 계양구 효성동 106-1,37.5327789,126.7077049,geocoded_kakao_jibun,kakao_exact_jibun_address_match,인천 계양구 효성동 106-1,1,1,0.0,,kakao_local_api:address_jibun,https://dapi.kakao.com/v2/local/search/address.json,2026-09-06,https://www.data.go.kr/data/15038929/fileData.do,2026-01-19,2026-09-06,administrative_record_only_not_confirmed_active,신축,2019-09-25,2019-10-01,2020-03-10,공동주택,,"주소 기반 추정 위치, 공사현장 좌표 아님"
15038929:1215,1215,건축행정기록,제2종근린생활시설,인천광역시 계양구 이화동 122-26 외2필지,37.5825535,126.7400412,geocoded_kakao_jibun,kakao_exact_jibun_address_match,인천 계양구 이화동 122-26,1,1,0.0,,kakao_local_api:address_jibun,https://dapi.kakao.com/v2/local/search/address.json,2026-09-06,https://www.data.go.kr/data/15038929/fileData.do,2026-01-19,2026-09-06,administrative_record_only_not_confirmed_active,증축,2019-09-24,2019-10-23,2020-06-01,제2종근린생활시설,,"주소 기반 추정 위치, 공사현장 좌표 아님"
15038929:1216,1216,건축행정기록,단독주택,인천광역시 계양구 다남동 103-178,37.5689336,126.7306979,geocoded_kakao_jibun,kakao_exact_jibun_address_match,인천 계양구 다남동 103-178,1,1,0.0,,kakao_local_api:address_jibun,https://dapi.kakao.com/v2/local/search/address.json,2026-09-06,https://www.data.go.kr/data/15038929/fileData.do,2026-01-19,2026-09-06,administrative_record_only_not_confirmed_active,신축,2019-09-23,2019-11-11,2020-08-18,단독주택,,"주소 기반 추정 위치, 공사현장 좌표 아님"
15038929:1217,1217,건축행정기록,공장,인천광역시 계양구 효성동 335-5,37.5242327,126.7096158,geocoded_kakao_jibun,kakao_exact_jibun_address_match,인천 계양구 효성동 335-5,1,1,0.0,,kakao_local_api:address_jibun,https://dapi.kakao.com/v2/local/search/address.json,2026-09-06,https://www.data.go.kr/data/15038929/fileData.do,2026-01-19,2026-09-06,administrative_record_only_not_confirmed_active,증축,2019-09-19,2019-10-16,2020-02-04,공장,,"주소 기반 추정 위치, 공사현장 좌표 아님"
15038929:1218,1218,건축행정기록,업무시설,인천광역시 계양구 계산동 1078-1,37.5376049,126.7353622,geocoded_kakao_jibun,kakao_exact_jibun_address_match,인천 계양구 계산동 1078-1,1,1,0.0,,kakao_local_api:address_jibun,https://dapi.kakao.com/v2/local/search/address.json,2026-09-06,https://www.data.go.kr/data/15038929/fileData.do,2026-01-19,2026-09-06,administrative_record_only_not_confirmed_active,증축,2019-09-09,2020-02-21,,업무시설,,"주소 기반 추정 위치, 공사현장 좌표 아님"
15038929:1219,1219,건축행정기록,공장,인천광역시 계양구 서운동 208-2,37.5361698,126.7522346,geocoded_kakao_jibun,kakao_exact_jibun_address_match,인천 계양구 서운동 208-2,1,1,0.0,,kakao_local_api:address_jibun,https://dapi.kakao.com/v2/local/search/address.json,2026-09-06,https://www.data.go.kr/data/15038929/fileData.do,2026-01-19,2026-09-06,administrative_record_only_not_confirmed_active,신축,2019-09-05,2019-10-10,2020-08-20,공장,,"주소 기반 추정 위치, 공사현장 좌표 아님"
15038929:1220,1220,건축행정기록,단독주택,인천광역시 계양구 계산동 970-23,37.5381078,126.7208011,geocoded_kakao_jibun,kakao_exact_jibun_address_match,인천 계양구 계산동 970-23,1,1,0.0,,kakao_local_api:address_jibun,https://dapi.kakao.com/v2/local/search/address.json,2026-09-06,https://www.data.go.kr/data/15038929/fileData.do,2026-01-19,2026-09-06,administrative_record_only_not_confirmed_active,대수선,2019-08-28,2019-09-17,2022-03-03,단독주택,,"주소 기반 추정 위치, 공사현장 좌표 아님"
15038929:1221,1221,건축행정기록,제2종근린생활시설,인천광역시 계양구 용종동 209-3,37.5392356,126.7372321,geocoded_kakao_jibun,kakao_exact_jibun_address_match,인천 계양구 용종동 209-3,1,1,0.0,,kakao_local_api:address_jibun,https://dapi.kakao.com/v2/local/search/address.json,2026-09-06,https://www.data.go.kr/data/15038929/fileData.do,2026-01-19,2026-09-06,administrative_record_only_not_confirmed_active,개축,2019-08-16,2019-09-06,2020-05-18,제2종근린생활시설,,"주소 기반 추정 위치, 공사현장 좌표 아님"
15038929:1222,1222,건축행정기록,제2종근린생활시설,인천광역시 계양구 용종동 209-3,37.5392356,126.7372321,geocoded_kakao_jibun,kakao_exact_jibun_address_match,인천 계양구 용종동 209-3,1,1,0.0,,kakao_local_api:address_jibun,https://dapi.kakao.com/v2/local/search/address.json,2026-09-06,https://www.data.go.kr/data/15038929/fileData.do,2026-01-19,2026-09-06,administrative_record_only_not_confirmed_active,개축,2019-08-16,2019-09-06,2020-05-18,제2종근린생활시설,,"주소 기반 추정 위치, 공사현장 좌표 아님"
15038929:1223,1223,건축행정기록,제1종근린생활시설,인천광역시 계양구 평동 19-9 외1필지,37.5824197,126.7766662,geocoded_kakao_jibun,kakao_exact_jibun_address_match,인천 계양구 평동 19-9,1,1,0.0,,kakao_local_api:address_jibun,https://dapi.kakao.com/v2/local/search/address.json,2026-09-06,https://www.data.go.kr/data/15038929/fileData.do,2026-01-19,2026-09-06,administrative_record_only_not_confirmed_active,증축,2019-08-12,2019-09-02,2019-11-20,제1종근린생활시설,,"주소 기반 추정 위치, 공사현장 좌표 아님"
15038929:1224,1224,건축행정기록,제1종근린생활시설,인천광역시 계양구 서운동 55-482,37.5246841,126.7449672,geocoded_kakao_jibun,kakao_exact_jibun_address_match,인천 계양구 서운동 55-482,1,1,0.0,,kakao_local_api:address_jibun,https://dapi.kakao.com/v2/local/search/address.json,2026-09-06,https://www.data.go.kr/data/15038929/fileData.do,2026-01-19,2026-09-06,administrative_record_only_not_confirmed_active,신축,2019-08-12,2019-10-22,2020-01-31,제1종근린생활시설,,"주소 기반 추정 위치, 공사현장 좌표 아님"
15038929:1225,1225,건축행정기록,제2종근린생활시설,인천광역시 계양구 다남동 68-12,37.5681507,126.7231644,geocoded_kakao_jibun,kakao_exact_jibun_address_match,인천 계양구 다남동 68-12,1,1,0.0,,kakao_local_api:address_jibun,https://dapi.kakao.com/v2/local/search/address.json,2026-09-06,https://www.data.go.kr/data/15038929/fileData.do,2026-01-19,2026-09-06,administrative_record_only_not_confirmed_active,신축,2019-08-09,2021-08-05,2022-02-11,제2종근린생활시설,,"주소 기반 추정 위치, 공사현장 좌표 아님"
15038929:1226,1226,건축행정기록,공장,인천광역시 계양구 서운동 211-1,37.5363844,126.7572869,geocoded_kakao_jibun,kakao_exact_jibun_address_match,인천 계양구 서운동 211-1,1,1,0.0,,kakao_local_api:address_jibun,https://dapi.kakao.com/v2/local/search/address.json,2026-09-06,https://www.data.go.kr/data/15038929/fileData.do,2026-01-19,2026-09-06,administrative_record_only_not_confirmed_active,신축,2019-08-09,2019-08-20,2020-02-28,공장,,"주소 기반 추정 위치, 공사현장 좌표 아님"
15038929:1227,1227,건축행정기록,공동주택,인천광역시 계양구 효성동 273-80 외1필지,37.5256755,126.7114648,geocoded_kakao_jibun,kakao_exact_jibun_address_match,인천 계양구 효성동 273-80,1,1,0.0,,kakao_local_api:address_jibun,https://dapi.kakao.com/v2/local/search/address.json,2026-09-06,https://www.data.go.kr/data/15038929/fileData.do,2026-01-19,2026-09-06,administrative_record_only_not_confirmed_active,신축,2019-08-06,2019-12-27,2020-05-26,공동주택,,"주소 기반 추정 위치, 공사현장 좌표 아님"
15038929:1228,1228,건축행정기록,공동주택,인천광역시 계양구 계산동 971-3 외1필지,37.5391074,126.7210819,geocoded_kakao_jibun,kakao_exact_jibun_address_match,인천 계양구 계산동 971-3,1,1,0.0,,kakao_local_api:address_jibun,https://dapi.kakao.com/v2/local/search/address.json,2026-09-06,https://www.data.go.kr/data/15038929/fileData.do,2026-01-19,2026-09-06,administrative_record_only_not_confirmed_active,신축,2019-08-05,2019-08-09,2020-02-24,공동주택,,"주소 기반 추정 위치, 공사현장 좌표 아님"
15038929:1229,1229,건축행정기록,제1종근린생활시설,인천광역시 계양구 이화동 213-3,37.5915517,126.7384098,geocoded_kakao_jibun,kakao_exact_jibun_address_match,인천 계양구 이화동 213-3,1,1,0.0,,kakao_local_api:address_jibun,https://dapi.kakao.com/v2/local/search/address.json,2026-09-06,https://www.data.go.kr/data/15038929/fileData.do,2026-01-19,2026-09-06,administrative_record_only_not_confirmed_active,신축,2019-07-29,2019-08-16,2019-12-10,제1종근린생활시설,,"주소 기반 추정 위치, 공사현장 좌표 아님"
15038929:1230,1230,건축행정기록,공장,인천광역시 계양구 서운동 220-6,37.5321386,126.7589027,geocoded_kakao_jibun,kakao_exact_jibun_address_match,인천 계양구 서운동 220-6,1,1,0.0,,kakao_local_api:address_jibun,https://dapi.kakao.com/v2/local/search/address.json,2026-09-06,https://www.data.go.kr/data/15038929/fileData.do,2026-01-19,2026-09-06,administrative_record_only_not_confirmed_active,신축,2019-07-24,2019-08-16,2020-06-17,공장,,"주소 기반 추정 위치, 공사현장 좌표 아님"
15038929:1231,1231,건축행정기록,제2종근린생활시설,인천광역시 계양구 서운동 214-4 외1필지,37.5341421,126.7556840,geocoded_kakao_jibun,kakao_exact_jibun_address_match,인천 계양구 서운동 214-4,1,1,0.0,,kakao_local_api:address_jibun,https://dapi.kakao.com/v2/local/search/address.json,2026-09-06,https://www.data.go.kr/data/15038929/fileData.do,2026-01-19,2026-09-06,administrative_record_only_not_confirmed_active,신축,2019-07-19,2019-11-14,2020-12-30,제2종근린생활시설,,"주소 기반 추정 위치, 공사현장 좌표 아님"
15038929:1232,1232,건축행정기록,공장,인천광역시 계양구 서운동 215-2,37.5342415,126.7578596,geocoded_kakao_jibun,kakao_exact_jibun_address_match,인천 계양구 서운동 215-2,1,1,0.0,,kakao_local_api:address_jibun,https://dapi.kakao.com/v2/local/search/address.json,2026-09-06,https://www.data.go.kr/data/15038929/fileData.do,2026-01-19,2026-09-06,administrative_record_only_not_confirmed_active,신축,2019-07-19,2019-08-27,2020-06-18,공장,,"주소 기반 추정 위치, 공사현장 좌표 아님"
15038929:1233,1233,건축행정기록,교육연구시설,인천광역시 계양구 효성동 산 19-1 외1필지,37.5377320,126.7125312,geocoded_kakao_jibun,kakao_exact_jibun_address_match,인천 계양구 효성동 산 19-1,1,1,0.0,,kakao_local_api:address_jibun,https://dapi.kakao.com/v2/local/search/address.json,2026-09-06,https://www.data.go.kr/data/15038929/fileData.do,2026-01-19,2026-09-06,administrative_record_only_not_confirmed_active,증축,2019-07-17,2019-08-05,,교육연구시설,,"주소 기반 추정 위치, 공사현장 좌표 아님"
15038929:1234,1234,건축행정기록,동물및식물관련시설,인천광역시 계양구 갈현동 38-27 외2필지,37.5795722,126.7210190,geocoded_kakao_jibun,kakao_exact_jibun_address_match,인천 계양구 갈현동 38-27,1,1,0.0,,kakao_local_api:address_jibun,https://dapi.kakao.com/v2/local/search/address.json,2026-09-06,https://www.data.go.kr/data/15038929/fileData.do,2026-01-19,2026-09-06,administrative_record_only_not_confirmed_active,개축,2019-07-15,2019-08-06,2020-01-23,동물및식물관련시설,,"주소 기반 추정 위치, 공사현장 좌표 아님"
15038929:1235,1235,건축행정기록,제1종근린생활시설,인천광역시 계양구 선주지동 126-2 외1필지,37.5794333,126.7447623,geocoded_kakao_jibun,kakao_exact_jibun_address_match,인천 계양구 선주지동 126-2,1,1,0.0,,kakao_local_api:address_jibun,https://dapi.kakao.com/v2/local/search/address.json,2026-09-06,https://www.data.go.kr/data/15038929/fileData.do,2026-01-19,2026-09-06,administrative_record_only_not_confirmed_active,신축,2019-07-09,2019-07-30,2019-11-06,제1종근린생활시설,,"주소 기반 추정 위치, 공사현장 좌표 아님"
15038929:1236,1236,건축행정기록,공동주택,인천광역시 계양구 임학동 44-7 외1필지,37.5452741,126.7319610,geocoded_kakao_jibun,kakao_exact_jibun_address_match,인천 계양구 임학동 44-7,1,1,0.0,,kakao_local_api:address_jibun,https://dapi.kakao.com/v2/local/search/address.json,2026-09-06,https://www.data.go.kr/data/15038929/fileData.do,2026-01-19,2026-09-06,administrative_record_only_not_confirmed_active,신축,2019-07-02,2019-07-15,2020-01-17,공동주택,,"주소 기반 추정 위치, 공사현장 좌표 아님"
15038929:1237,1237,건축행정기록,교정및군사시설,인천광역시 계양구 귤현동 산 28,,,unresolved,no_exact_parcel_match_in_kakao,,0,0,,,kakao_local_api:unresolved,https://dapi.kakao.com/v2/local/search/address.json,2026-09-06,https://www.data.go.kr/data/15038929/fileData.do,2026-01-19,2026-09-06,administrative_record_only_not_confirmed_active,신축,2019-06-27,2019-09-05,,교정및군사시설,,"주소 기반 추정 위치, 공사현장 좌표 아님"
15038929:1238,1238,건축행정기록,단독주택,인천광역시 계양구 목상동 211-1,37.5693694,126.7066794,geocoded_kakao_jibun,kakao_exact_jibun_address_match,인천 계양구 목상동 211-1,1,1,0.0,,kakao_local_api:address_jibun,https://dapi.kakao.com/v2/local/search/address.json,2026-09-06,https://www.data.go.kr/data/15038929/fileData.do,2026-01-19,2026-09-06,administrative_record_only_not_confirmed_active,신축,2019-06-24,2019-06-27,2019-10-14,단독주택,,"주소 기반 추정 위치, 공사현장 좌표 아님"
15038929:1239,1239,건축행정기록,교육연구시설,인천광역시 계양구 계산동 857-87 외2필지,37.5383437,126.7164918,geocoded_kakao_jibun,kakao_exact_jibun_address_match,인천 계양구 계산동 857-87,1,1,0.0,,kakao_local_api:address_jibun,https://dapi.kakao.com/v2/local/search/address.json,2026-09-06,https://www.data.go.kr/data/15038929/fileData.do,2026-01-19,2026-09-06,administrative_record_only_not_confirmed_active,증축,2019-06-21,2019-07-01,,교육연구시설,,"주소 기반 추정 위치, 공사현장 좌표 아님"
15038929:1240,1240,건축행정기록,제1종근린생활시설,인천광역시 계양구 오류동 99-3,37.5856011,126.7280659,geocoded_kakao_jibun,kakao_exact_jibun_address_match,인천 계양구 오류동 99-3,1,1,0.0,,kakao_local_api:address_jibun,https://dapi.kakao.com/v2/local/search/address.json,2026-09-06,https://www.data.go.kr/data/15038929/fileData.do,2026-01-19,2026-09-06,administrative_record_only_not_confirmed_active,신축,2019-06-21,2019-07-09,2019-11-11,제1종근린생활시설,,"주소 기반 추정 위치, 공사현장 좌표 아님"
15038929:1241,1241,건축행정기록,공장,인천광역시 계양구 서운동 208-8,37.5335438,126.7529464,geocoded_kakao_jibun,kakao_exact_jibun_address_match,인천 계양구 서운동 208-8,1,1,0.0,,kakao_local_api:address_jibun,https://dapi.kakao.com/v2/local/search/address.json,2026-09-06,https://www.data.go.kr/data/15038929/fileData.do,2026-01-19,2026-09-06,administrative_record_only_not_confirmed_active,신축,2019-06-21,2019-09-05,2020-05-18,공장,,"주소 기반 추정 위치, 공사현장 좌표 아님"
15038929:1242,1242,건축행정기록,제1종근린생활시설,인천광역시 계양구 다남동 102-11,37.5707341,126.7305147,geocoded_kakao_jibun,kakao_exact_jibun_address_match,인천 계양구 다남동 102-11,1,1,0.0,,kakao_local_api:address_jibun,https://dapi.kakao.com/v2/local/search/address.json,2026-09-06,https://www.data.go.kr/data/15038929/fileData.do,2026-01-19,2026-09-06,administrative_record_only_not_confirmed_active,신축,2019-06-19,2019-07-30,2020-02-10,제1종근린생활시설,,"주소 기반 추정 위치, 공사현장 좌표 아님"
15038929:1243,1243,건축행정기록,공장,인천광역시 계양구 서운동 220,37.5360848,126.7589933,geocoded_kakao_jibun,kakao_exact_jibun_address_match,인천 계양구 서운동 220,1,1,0.0,,kakao_local_api:address_jibun,https://dapi.kakao.com/v2/local/search/address.json,2026-09-06,https://www.data.go.kr/data/15038929/fileData.do,2026-01-19,2026-09-06,administrative_record_only_not_confirmed_active,신축,2019-06-13,2019-07-02,2020-05-27,공장,,"주소 기반 추정 위치, 공사현장 좌표 아님"
15038929:1244,1244,건축행정기록,공장,인천광역시 계양구 서운동 209-1,37.5371630,126.7572763,geocoded_kakao_jibun,kakao_exact_jibun_address_match,인천 계양구 서운동 209-1,1,1,0.0,,kakao_local_api:address_jibun,https://dapi.kakao.com/v2/local/search/address.json,2026-09-06,https://www.data.go.kr/data/15038929/fileData.do,2026-01-19,2026-09-06,administrative_record_only_not_confirmed_active,신축,2019-06-11,2019-09-11,2020-04-09,공장,,"주소 기반 추정 위치, 공사현장 좌표 아님"
15038929:1245,1245,건축행정기록,공장,인천광역시 계양구 서운동 220-2,37.5347290,126.7586199,geocoded_kakao_jibun,kakao_exact_jibun_address_match,인천 계양구 서운동 220-2,1,1,0.0,,kakao_local_api:address_jibun,https://dapi.kakao.com/v2/local/search/address.json,2026-09-06,https://www.data.go.kr/data/15038929/fileData.do,2026-01-19,2026-09-06,administrative_record_only_not_confirmed_active,신축,2019-06-10,2019-06-26,2020-05-08,공장,,"주소 기반 추정 위치, 공사현장 좌표 아님"
15038929:1246,1246,건축행정기록,판매시설,인천광역시 계양구 계산동 300-13 외2필지,37.5367059,126.7297236,geocoded_kakao_jibun,kakao_exact_jibun_address_match,인천 계양구 계산동 300-13,1,1,0.0,,kakao_local_api:address_jibun,https://dapi.kakao.com/v2/local/search/address.json,2026-09-06,https://www.data.go.kr/data/15038929/fileData.do,2026-01-19,2026-09-06,administrative_record_only_not_confirmed_active,신축,2019-06-07,2019-07-03,2020-03-13,판매시설,,"주소 기반 추정 위치, 공사현장 좌표 아님"
15038929:1247,1247,건축행정기록,제1종근린생활시설,인천광역시 계양구 병방동 78-1 외1필지,37.5481998,126.7457647,geocoded_kakao_jibun,kakao_exact_jibun_address_match,인천 계양구 병방동 78-1,1,1,0.0,,kakao_local_api:address_jibun,https://dapi.kakao.com/v2/local/search/address.json,2026-09-06,https://www.data.go.kr/data/15038929/fileData.do,2026-01-19,2026-09-06,administrative_record_only_not_confirmed_active,신축,2019-06-05,2019-07-25,2019-11-04,제1종근린생활시설,,"주소 기반 추정 위치, 공사현장 좌표 아님"
15038929:1248,1248,건축행정기록,제1종근린생활시설,인천광역시 계양구 이화동 23-58,37.5848711,126.7475502,geocoded_kakao_jibun,kakao_exact_jibun_address_match,인천 계양구 이화동 23-58,1,1,0.0,,kakao_local_api:address_jibun,https://dapi.kakao.com/v2/local/search/address.json,2026-09-06,https://www.data.go.kr/data/15038929/fileData.do,2026-01-19,2026-09-06,administrative_record_only_not_confirmed_active,신축,2019-06-05,2019-07-04,2019-10-08,제1종근린생활시설,,"주소 기반 추정 위치, 공사현장 좌표 아님"
15038929:1249,1249,건축행정기록,업무시설,인천광역시 계양구 작전동 853-27 외1필지,37.5335162,126.7219727,geocoded_kakao_jibun,kakao_exact_jibun_address_match,인천 계양구 작전동 853-27,1,1,0.0,,kakao_local_api:address_jibun,https://dapi.kakao.com/v2/local/search/address.json,2026-09-06,https://www.data.go.kr/data/15038929/fileData.do,2026-01-19,2026-09-06,administrative_record_only_not_confirmed_active,신축,2019-06-05,2019-09-27,2020-07-08,업무시설,,"주소 기반 추정 위치, 공사현장 좌표 아님"
15038929:1250,1250,건축행정기록,제1종근린생활시설,인천광역시 계양구 상야동 16-17 외1필지,37.5786993,126.7797535,geocoded_kakao_jibun,kakao_exact_jibun_address_match,인천 계양구 상야동 16-17,1,1,0.0,,kakao_local_api:address_jibun,https://dapi.kakao.com/v2/local/search/address.json,2026-09-06,https://www.data.go.kr/data/15038929/fileData.do,2026-01-19,2026-09-06,administrative_record_only_not_confirmed_active,신축,2019-06-05,2019-07-15,2019-11-28,제1종근린생활시설,,"주소 기반 추정 위치, 공사현장 좌표 아님"
15038929:1251,1251,건축행정기록,단독주택,인천광역시 계양구 선주지동 107-1 외1필지,37.5797006,126.7476140,geocoded_kakao_jibun,kakao_exact_jibun_address_match,인천 계양구 선주지동 107-1,1,1,0.0,,kakao_local_api:address_jibun,https://dapi.kakao.com/v2/local/search/address.json,2026-09-06,https://www.data.go.kr/data/15038929/fileData.do,2026-01-19,2026-09-06,administrative_record_only_not_confirmed_active,증축,2019-05-30,2019-06-05,2019-09-10,단독주택,,"주소 기반 추정 위치, 공사현장 좌표 아님"
15038929:1252,1252,건축행정기록,노유자시설,인천광역시 계양구 병방동 91-3,37.5496993,126.7435935,geocoded_kakao_jibun,kakao_exact_jibun_address_match,인천 계양구 병방동 91-3,1,1,0.0,,kakao_local_api:address_jibun,https://dapi.kakao.com/v2/local/search/address.json,2026-09-06,https://www.data.go.kr/data/15038929/fileData.do,2026-01-19,2026-09-06,administrative_record_only_not_confirmed_active,대수선,2019-05-29,2019-07-02,2020-01-23,노유자시설,,"주소 기반 추정 위치, 공사현장 좌표 아님"
15038929:1253,1253,건축행정기록,업무시설,인천광역시 계양구 작전동 737-3,37.5251096,126.7321359,geocoded_kakao_jibun,kakao_exact_jibun_address_match,인천 계양구 작전동 737-3,1,1,0.0,,kakao_local_api:address_jibun,https://dapi.kakao.com/v2/local/search/address.json,2026-09-06,https://www.data.go.kr/data/15038929/fileData.do,2026-01-19,2026-09-06,administrative_record_only_not_confirmed_active,신축,2019-05-27,2019-07-10,2020-08-06,업무시설,,"주소 기반 추정 위치, 공사현장 좌표 아님"
15038929:1254,1254,건축행정기록,공장,인천광역시 계양구 서운동 211,37.5363446,126.7565581,geocoded_kakao_jibun,kakao_exact_jibun_address_match,인천 계양구 서운동 211,1,1,0.0,,kakao_local_api:address_jibun,https://dapi.kakao.com/v2/local/search/address.json,2026-09-06,https://www.data.go.kr/data/15038929/fileData.do,2026-01-19,2026-09-06,administrative_record_only_not_confirmed_active,신축,2019-05-24,2020-06-03,2021-06-02,공장,,"주소 기반 추정 위치, 공사현장 좌표 아님"
15038929:1255,1255,건축행정기록,노유자시설,인천광역시 계양구 작전동 636-4,37.5275666,126.7365727,geocoded_kakao_jibun,kakao_exact_jibun_address_match,인천 계양구 작전동 636-4,1,1,0.0,,kakao_local_api:address_jibun,https://dapi.kakao.com/v2/local/search/address.json,2026-09-06,https://www.data.go.kr/data/15038929/fileData.do,2026-01-19,2026-09-06,administrative_record_only_not_confirmed_active,대수선,2019-05-22,2019-08-23,2020-08-28,노유자시설,,"주소 기반 추정 위치, 공사현장 좌표 아님"
15038929:1256,1256,건축행정기록,제2종근린생활시설,인천광역시 계양구 서운동 148-2 외1필지,37.5295107,126.7541004,geocoded_kakao_jibun,kakao_exact_jibun_address_match,인천 계양구 서운동 148-2,1,1,0.0,,kakao_local_api:address_jibun,https://dapi.kakao.com/v2/local/search/address.json,2026-09-06,https://www.data.go.kr/data/15038929/fileData.do,2026-01-19,2026-09-06,administrative_record_only_not_confirmed_active,증축,2019-05-20,2019-06-18,2019-10-11,제2종근린생활시설,,"주소 기반 추정 위치, 공사현장 좌표 아님"
15038929:1257,1257,건축행정기록,공장,인천광역시 계양구 서운동 217-2,37.5331684,126.7574784,geocoded_kakao_jibun,kakao_exact_jibun_address_match,인천 계양구 서운동 217-2,1,1,0.0,,kakao_local_api:address_jibun,https://dapi.kakao.com/v2/local/search/address.json,2026-09-06,https://www.data.go.kr/data/15038929/fileData.do,2026-01-19,2026-09-06,administrative_record_only_not_confirmed_active,신축,2019-05-20,2019-07-24,2020-05-22,공장,,"주소 기반 추정 위치, 공사현장 좌표 아님"
15038929:1258,1258,건축행정기록,공동주택,인천광역시 계양구 효성동 273-52 외1필지,37.5258423,126.7125645,geocoded_kakao_jibun,kakao_exact_jibun_address_match,인천 계양구 효성동 273-52,1,1,0.0,,kakao_local_api:address_jibun,https://dapi.kakao.com/v2/local/search/address.json,2026-09-06,https://www.data.go.kr/data/15038929/fileData.do,2026-01-19,2026-09-06,administrative_record_only_not_confirmed_active,신축,2019-05-16,2019-05-29,2019-11-25,공동주택,,"주소 기반 추정 위치, 공사현장 좌표 아님"
15038929:1259,1259,건축행정기록,공장,인천광역시 계양구 서운동 213-6,37.5348488,126.7574727,geocoded_kakao_jibun,kakao_exact_jibun_address_match,인천 계양구 서운동 213-6,1,1,0.0,,kakao_local_api:address_jibun,https://dapi.kakao.com/v2/local/search/address.json,2026-09-06,https://www.data.go.kr/data/15038929/fileData.do,2026-01-19,2026-09-06,administrative_record_only_not_confirmed_active,신축,2019-05-13,2019-05-20,2020-03-20,공장,,"주소 기반 추정 위치, 공사현장 좌표 아님"
15038929:1260,1260,건축행정기록,제1종근린생활시설,인천광역시 계양구 효성동 286-2,37.5308429,126.7171099,geocoded_kakao_jibun,kakao_exact_jibun_address_match,인천 계양구 효성동 286-2,1,1,0.0,,kakao_local_api:address_jibun,https://dapi.kakao.com/v2/local/search/address.json,2026-09-06,https://www.data.go.kr/data/15038929/fileData.do,2026-01-19,2026-09-06,administrative_record_only_not_confirmed_active,신축,2019-05-10,2020-01-03,2021-05-24,제1종근린생활시설,,"주소 기반 추정 위치, 공사현장 좌표 아님"
15038929:1261,1261,건축행정기록,공장,인천광역시 계양구 서운동 217-6,37.5327035,126.7571176,geocoded_kakao_jibun,kakao_exact_jibun_address_match,인천 계양구 서운동 217-6,1,1,0.0,,kakao_local_api:address_jibun,https://dapi.kakao.com/v2/local/search/address.json,2026-09-06,https://www.data.go.kr/data/15038929/fileData.do,2026-01-19,2026-09-06,administrative_record_only_not_confirmed_active,신축,2019-05-10,2019-07-15,2020-05-04,공장,,"주소 기반 추정 위치, 공사현장 좌표 아님"
15038929:1262,1262,건축행정기록,제2종근린생활시설,인천광역시 계양구 둑실동 192-1 외1필지,37.5799890,126.6931088,geocoded_kakao_jibun,kakao_exact_jibun_address_match,인천 계양구 둑실동 192-1,1,1,0.0,,kakao_local_api:address_jibun,https://dapi.kakao.com/v2/local/search/address.json,2026-09-06,https://www.data.go.kr/data/15038929/fileData.do,2026-01-19,2026-09-06,administrative_record_only_not_confirmed_active,신축,2019-05-08,2019-06-27,,제2종근린생활시설,,"주소 기반 추정 위치, 공사현장 좌표 아님"
15038929:1263,1263,건축행정기록,제1종근린생활시설,인천광역시 계양구 이화동 248-19,37.5898416,126.7380680,geocoded_kakao_jibun,kakao_exact_jibun_address_match,인천 계양구 이화동 248-19,1,1,0.0,,kakao_local_api:address_jibun,https://dapi.kakao.com/v2/local/search/address.json,2026-09-06,https://www.data.go.kr/data/15038929/fileData.do,2026-01-19,2026-09-06,administrative_record_only_not_confirmed_active,신축,2019-05-07,2019-06-03,2020-04-29,제1종근린생활시설,,"주소 기반 추정 위치, 공사현장 좌표 아님"
15038929:1264,1264,건축행정기록,공동주택,인천광역시 계양구 병방동 92-13,37.5499769,126.7428917,geocoded_kakao_jibun,kakao_exact_jibun_address_match,인천 계양구 병방동 92-13,1,1,0.0,,kakao_local_api:address_jibun,https://dapi.kakao.com/v2/local/search/address.json,2026-09-06,https://www.data.go.kr/data/15038929/fileData.do,2026-01-19,2026-09-06,administrative_record_only_not_confirmed_active,신축,2019-04-29,2019-12-27,2020-06-24,공동주택,,"주소 기반 추정 위치, 공사현장 좌표 아님"
15038929:1265,1265,건축행정기록,공장,인천광역시 계양구 서운동 214-2,37.5342165,126.7551308,geocoded_kakao_jibun,kakao_exact_jibun_address_match,인천 계양구 서운동 214-2,1,1,0.0,,kakao_local_api:address_jibun,https://dapi.kakao.com/v2/local/search/address.json,2026-09-06,https://www.data.go.kr/data/15038929/fileData.do,2026-01-19,2026-09-06,administrative_record_only_not_confirmed_active,신축,2019-04-29,2019-05-23,2020-03-09,공장,,"주소 기반 추정 위치, 공사현장 좌표 아님"
15038929:1266,1266,건축행정기록,공장,인천광역시 계양구 서운동 214-1,37.5342345,126.7545860,geocoded_kakao_jibun,kakao_exact_jibun_address_match,인천 계양구 서운동 214-1,1,1,0.0,,kakao_local_api:address_jibun,https://dapi.kakao.com/v2/local/search/address.json,2026-09-06,https://www.data.go.kr/data/15038929/fileData.do,2026-01-19,2026-09-06,administrative_record_only_not_confirmed_active,신축,2019-04-26,2019-05-08,2020-02-04,공장,,"주소 기반 추정 위치, 공사현장 좌표 아님"
15038929:1267,1267,건축행정기록,공장,인천광역시 계양구 서운동 213-3,37.5352761,126.7582120,geocoded_kakao_jibun,kakao_exact_jibun_address_match,인천 계양구 서운동 213-3,1,1,0.0,,kakao_local_api:address_jibun,https://dapi.kakao.com/v2/local/search/address.json,2026-09-06,https://www.data.go.kr/data/15038929/fileData.do,2026-01-19,2026-09-06,administrative_record_only_not_confirmed_active,신축,2019-04-23,2019-05-13,2020-02-19,공장,,"주소 기반 추정 위치, 공사현장 좌표 아님"
15038929:1268,1268,건축행정기록,공장,인천광역시 계양구 서운동 220-1,37.5352498,126.7589619,geocoded_kakao_jibun,kakao_exact_jibun_address_match,인천 계양구 서운동 220-1,1,1,0.0,,kakao_local_api:address_jibun,https://dapi.kakao.com/v2/local/search/address.json,2026-09-06,https://www.data.go.kr/data/15038929/fileData.do,2026-01-19,2026-09-06,administrative_record_only_not_confirmed_active,신축,2019-04-19,2019-05-03,2020-04-23,공장,,"주소 기반 추정 위치, 공사현장 좌표 아님"
15038929:1269,1269,건축행정기록,공장,인천광역시 계양구 서운동 216,37.5331198,126.7541456,geocoded_kakao_jibun,kakao_exact_jibun_address_match,인천 계양구 서운동 216,1,1,0.0,,kakao_local_api:address_jibun,https://dapi.kakao.com/v2/local/search/address.json,2026-09-06,https://www.data.go.kr/data/15038929/fileData.do,2026-01-19,2026-09-06,administrative_record_only_not_confirmed_active,신축,2019-04-19,2019-04-26,2019-12-31,공장,,"주소 기반 추정 위치, 공사현장 좌표 아님"
15038929:1270,1270,건축행정기록,공장,인천광역시 계양구 서운동 213,37.5348855,126.7567438,geocoded_kakao_jibun,kakao_exact_jibun_address_match,인천 계양구 서운동 213,1,1,0.0,,kakao_local_api:address_jibun,https://dapi.kakao.com/v2/local/search/address.json,2026-09-06,https://www.data.go.kr/data/15038929/fileData.do,2026-01-19,2026-09-06,administrative_record_only_not_confirmed_active,신축,2019-04-18,2019-05-09,2020-04-01,공장,,"주소 기반 추정 위치, 공사현장 좌표 아님"
15038929:1271,1271,건축행정기록,제1종근린생활시설,인천광역시 계양구 임학동 69-9,37.5443574,126.7361916,geocoded_kakao_jibun,kakao_exact_jibun_address_match,인천 계양구 임학동 69-9,1,1,0.0,,kakao_local_api:address_jibun,https://dapi.kakao.com/v2/local/search/address.json,2026-09-06,https://www.data.go.kr/data/15038929/fileData.do,2026-01-19,2026-09-06,administrative_record_only_not_confirmed_active,신축,2019-04-17,2019-06-27,2020-09-28,제1종근린생활시설,,"주소 기반 추정 위치, 공사현장 좌표 아님"
15038929:1272,1272,건축행정기록,제1종근린생활시설,인천광역시 계양구 효성동 246-6,37.5287950,126.7114776,geocoded_kakao_jibun,kakao_exact_jibun_address_match,인천 계양구 효성동 246-6,1,1,0.0,,kakao_local_api:address_jibun,https://dapi.kakao.com/v2/local/search/address.json,2026-09-06,https://www.data.go.kr/data/15038929/fileData.do,2026-01-19,2026-09-06,administrative_record_only_not_confirmed_active,증축,2019-04-16,2021-10-28,2022-04-01,제1종근린생활시설,,"주소 기반 추정 위치, 공사현장 좌표 아님"
15038929:1273,1273,건축행정기록,단독주택,인천광역시 계양구 동양동 625-4,37.5606951,126.7590744,geocoded_kakao_jibun,kakao_exact_jibun_address_match,인천 계양구 동양동 625-4,1,1,0.0,,kakao_local_api:address_jibun,https://dapi.kakao.com/v2/local/search/address.json,2026-09-06,https://www.data.go.kr/data/15038929/fileData.do,2026-01-19,2026-09-06,administrative_record_only_not_confirmed_active,신축,2019-04-15,2019-07-04,2020-04-13,단독주택,,"주소 기반 추정 위치, 공사현장 좌표 아님"
15038929:1274,1274,건축행정기록,제1종근린생활시설,인천광역시 계양구 작전동 855-12 외1필지,37.5359391,126.7231136,geocoded_kakao_jibun,kakao_exact_jibun_address_match,인천 계양구 작전동 855-12,1,1,0.0,,kakao_local_api:address_jibun,https://dapi.kakao.com/v2/local/search/address.json,2026-09-06,https://www.data.go.kr/data/15038929/fileData.do,2026-01-19,2026-09-06,administrative_record_only_not_confirmed_active,신축,2019-04-10,2019-04-18,2019-07-11,제1종근린생활시설,,"주소 기반 추정 위치, 공사현장 좌표 아님"
15038929:1275,1275,건축행정기록,제2종근린생활시설,인천광역시 계양구 서운동 55-55,37.5265632,126.7473967,geocoded_kakao_jibun,kakao_exact_jibun_address_match,인천 계양구 서운동 55-55,1,1,0.0,,kakao_local_api:address_jibun,https://dapi.kakao.com/v2/local/search/address.json,2026-09-06,https://www.data.go.kr/data/15038929/fileData.do,2026-01-19,2026-09-06,administrative_record_only_not_confirmed_active,신축,2019-04-09,2019-05-27,2019-10-08,제2종근린생활시설,,"주소 기반 추정 위치, 공사현장 좌표 아님"
15038929:1276,1276,건축행정기록,제2종근린생활시설,인천광역시 계양구 효성동 114 외1필지,37.5311002,126.7062344,geocoded_kakao_jibun,kakao_exact_jibun_address_match,인천 계양구 효성동 114,1,1,0.0,,kakao_local_api:address_jibun,https://dapi.kakao.com/v2/local/search/address.json,2026-09-06,https://www.data.go.kr/data/15038929/fileData.do,2026-01-19,2026-09-06,administrative_record_only_not_confirmed_active,증축,2019-04-03,2019-04-09,2019-07-31,제2종근린생활시설,,"주소 기반 추정 위치, 공사현장 좌표 아님"
15038929:1277,1277,건축행정기록,공장,인천광역시 계양구 서운동 217-5,37.5327043,126.7574801,geocoded_kakao_jibun,kakao_exact_jibun_address_match,인천 계양구 서운동 217-5,1,1,0.0,,kakao_local_api:address_jibun,https://dapi.kakao.com/v2/local/search/address.json,2026-09-06,https://www.data.go.kr/data/15038929/fileData.do,2026-01-19,2026-09-06,administrative_record_only_not_confirmed_active,신축,2019-04-01,2019-07-05,2020-03-23,공장,,"주소 기반 추정 위치, 공사현장 좌표 아님"
15038929:1278,1278,건축행정기록,공동주택,인천광역시 계양구 작전동 857-15,37.5361863,126.7268038,geocoded_kakao_jibun,kakao_exact_jibun_address_match,인천 계양구 작전동 857-15,1,1,0.0,,kakao_local_api:address_jibun,https://dapi.kakao.com/v2/local/search/address.json,2026-09-06,https://www.data.go.kr/data/15038929/fileData.do,2026-01-19,2026-09-06,administrative_record_only_not_confirmed_active,신축,2019-03-29,2019-11-05,2020-04-08,공동주택,,"주소 기반 추정 위치, 공사현장 좌표 아님"
15038929:1279,1279,건축행정기록,공동주택,인천광역시 계양구 오류동 22-1 외1필지,37.5872695,126.7283343,geocoded_kakao_jibun,kakao_exact_jibun_address_match,인천 계양구 오류동 22-1,1,1,0.0,,kakao_local_api:address_jibun,https://dapi.kakao.com/v2/local/search/address.json,2026-09-06,https://www.data.go.kr/data/15038929/fileData.do,2026-01-19,2026-09-06,administrative_record_only_not_confirmed_active,신축,2019-03-28,2019-04-09,,공동주택,,"주소 기반 추정 위치, 공사현장 좌표 아님"
15038929:1280,1280,건축행정기록,공장,인천광역시 계양구 서운동 213-2,37.5353136,126.7578336,geocoded_kakao_jibun,kakao_exact_jibun_address_match,인천 계양구 서운동 213-2,1,1,0.0,,kakao_local_api:address_jibun,https://dapi.kakao.com/v2/local/search/address.json,2026-09-06,https://www.data.go.kr/data/15038929/fileData.do,2026-01-19,2026-09-06,administrative_record_only_not_confirmed_active,신축,2019-03-28,2019-06-13,2020-07-16,공장,,"주소 기반 추정 위치, 공사현장 좌표 아님"
15038929:1281,1281,건축행정기록,단독주택,인천광역시 계양구 임학동 29-9,37.5473854,126.7358365,geocoded_kakao_jibun,kakao_exact_jibun_address_match,인천 계양구 임학동 29-9,1,1,0.0,,kakao_local_api:address_jibun,https://dapi.kakao.com/v2/local/search/address.json,2026-09-06,https://www.data.go.kr/data/15038929/fileData.do,2026-01-19,2026-09-06,administrative_record_only_not_confirmed_active,신축,2019-03-27,2019-04-11,2019-09-26,단독주택,,"주소 기반 추정 위치, 공사현장 좌표 아님"
15038929:1282,1282,건축행정기록,제1종근린생활시설,인천광역시 계양구 이화동 43-13 외1필지,37.5894205,126.7371722,geocoded_kakao_jibun,kakao_exact_jibun_address_match,인천 계양구 이화동 43-13,1,1,0.0,,kakao_local_api:address_jibun,https://dapi.kakao.com/v2/local/search/address.json,2026-09-06,https://www.data.go.kr/data/15038929/fileData.do,2026-01-19,2026-09-06,administrative_record_only_not_confirmed_active,증축,2019-03-25,2019-04-16,2019-06-18,제1종근린생활시설,,"주소 기반 추정 위치, 공사현장 좌표 아님"
15038929:1283,1283,건축행정기록,제2종근린생활시설,인천광역시 계양구 하야동 33-7,37.5808981,126.7805285,geocoded_kakao_jibun,kakao_exact_jibun_address_match,인천 계양구 하야동 33-7,1,1,0.0,,kakao_local_api:address_jibun,https://dapi.kakao.com/v2/local/search/address.json,2026-09-06,https://www.data.go.kr/data/15038929/fileData.do,2026-01-19,2026-09-06,administrative_record_only_not_confirmed_active,신축,2019-03-25,2019-04-04,2019-07-05,제2종근린생활시설,,"주소 기반 추정 위치, 공사현장 좌표 아님"
15038929:1284,1284,건축행정기록,제2종근린생활시설,인천광역시 계양구 선주지동 114-10,37.5789408,126.7464761,geocoded_kakao_jibun,kakao_exact_jibun_address_match,인천 계양구 선주지동 114-10,1,1,0.0,,kakao_local_api:address_jibun,https://dapi.kakao.com/v2/local/search/address.json,2026-09-06,https://www.data.go.kr/data/15038929/fileData.do,2026-01-19,2026-09-06,administrative_record_only_not_confirmed_active,신축,2019-03-20,2019-03-28,2019-06-18,제2종근린생활시설,,"주소 기반 추정 위치, 공사현장 좌표 아님"
15038929:1285,1285,건축행정기록,동물및식물관련시설,인천광역시 계양구 상야동 208-1 외1필지,37.5780399,126.7741073,geocoded_kakao_jibun,kakao_exact_jibun_address_match,인천 계양구 상야동 208-1,1,1,0.0,,kakao_local_api:address_jibun,https://dapi.kakao.com/v2/local/search/address.json,2026-09-06,https://www.data.go.kr/data/15038929/fileData.do,2026-01-19,2026-09-06,administrative_record_only_not_confirmed_active,신축,2019-03-19,2019-05-27,2019-10-01,동물및식물관련시설,,"주소 기반 추정 위치, 공사현장 좌표 아님"
15038929:1286,1286,건축행정기록,의료시설,인천광역시 계양구 작전동 900-4 외2필지,37.5321429,126.7343356,geocoded_kakao_jibun,kakao_exact_jibun_address_match,인천 계양구 작전동 900-4,1,1,0.0,,kakao_local_api:address_jibun,https://dapi.kakao.com/v2/local/search/address.json,2026-09-06,https://www.data.go.kr/data/15038929/fileData.do,2026-01-19,2026-09-06,administrative_record_only_not_confirmed_active,대수선,2019-03-18,2019-05-31,2020-01-17,의료시설,,"주소 기반 추정 위치, 공사현장 좌표 아님"
15038929:1287,1287,건축행정기록,공장,인천광역시 계양구 서운동 208-6,37.5344578,126.7527188,geocoded_kakao_jibun,kakao_exact_jibun_address_match,인천 계양구 서운동 208-6,1,1,0.0,,kakao_local_api:address_jibun,https://dapi.kakao.com/v2/local/search/address.json,2026-09-06,https://www.data.go.kr/data/15038929/fileData.do,2026-01-19,2026-09-06,administrative_record_only_not_confirmed_active,신축,2019-03-18,2019-05-13,2020-03-31,공장,,"주소 기반 추정 위치, 공사현장 좌표 아님"
15038929:1288,1288,건축행정기록,단독주택,인천광역시 계양구 계산동 923-42,37.5449579,126.7278461,geocoded_kakao_jibun,kakao_exact_jibun_address_match,인천 계양구 계산동 923-42,1,1,0.0,,kakao_local_api:address_jibun,https://dapi.kakao.com/v2/local/search/address.json,2026-09-06,https://www.data.go.kr/data/15038929/fileData.do,2026-01-19,2026-09-06,administrative_record_only_not_confirmed_active,신축,2019-03-18,2019-06-07,2019-11-08,단독주택,,"주소 기반 추정 위치, 공사현장 좌표 아님"
15038929:1289,1289,건축행정기록,단독주택,인천광역시 계양구 상야동 208-3 외1필지,37.5776698,126.7740493,geocoded_kakao_jibun,kakao_exact_jibun_address_match,인천 계양구 상야동 208-3,1,1,0.0,,kakao_local_api:address_jibun,https://dapi.kakao.com/v2/local/search/address.json,2026-09-06,https://www.data.go.kr/data/15038929/fileData.do,2026-01-19,2026-09-06,administrative_record_only_not_confirmed_active,신축,2019-03-15,2019-05-27,2020-06-17,단독주택,,"주소 기반 추정 위치, 공사현장 좌표 아님"
15038929:1290,1290,건축행정기록,노유자시설,인천광역시 계양구 계산동 911-34,37.5450493,126.7316474,geocoded_kakao_jibun,kakao_exact_jibun_address_match,인천 계양구 계산동 911-34,1,1,0.0,,kakao_local_api:address_jibun,https://dapi.kakao.com/v2/local/search/address.json,2026-09-06,https://www.data.go.kr/data/15038929/fileData.do,2026-01-19,2026-09-06,administrative_record_only_not_confirmed_active,신축,2019-03-15,2019-05-28,2019-12-09,노유자시설,,"주소 기반 추정 위치, 공사현장 좌표 아님"
15038929:1291,1291,건축행정기록,제2종근린생활시설,인천광역시 계양구 동양동 599-5,37.5624839,126.7556113,geocoded_kakao_jibun,kakao_exact_jibun_address_match,인천 계양구 동양동 599-5,1,1,0.0,,kakao_local_api:address_jibun,https://dapi.kakao.com/v2/local/search/address.json,2026-09-06,https://www.data.go.kr/data/15038929/fileData.do,2026-01-19,2026-09-06,administrative_record_only_not_confirmed_active,신축,2019-03-14,2020-04-29,2020-10-29,제2종근린생활시설,,"주소 기반 추정 위치, 공사현장 좌표 아님"
15038929:1292,1292,건축행정기록,제1종근린생활시설,인천광역시 계양구 효성동 157,37.5299868,126.7089863,geocoded_kakao_jibun,kakao_exact_jibun_address_match,인천 계양구 효성동 157,1,1,0.0,,kakao_local_api:address_jibun,https://dapi.kakao.com/v2/local/search/address.json,2026-09-06,https://www.data.go.kr/data/15038929/fileData.do,2026-01-19,2026-09-06,administrative_record_only_not_confirmed_active,증축,2019-03-12,2021-03-11,2021-12-30,제1종근린생활시설,,"주소 기반 추정 위치, 공사현장 좌표 아님"
15038929:1293,1293,건축행정기록,업무시설,인천광역시 계양구 계산동 917-5,37.5435161,126.7326898,geocoded_kakao_jibun,kakao_exact_jibun_address_match,인천 계양구 계산동 917-5,1,1,0.0,,kakao_local_api:address_jibun,https://dapi.kakao.com/v2/local/search/address.json,2026-09-06,https://www.data.go.kr/data/15038929/fileData.do,2026-01-19,2026-09-06,administrative_record_only_not_confirmed_active,신축,2019-03-12,2019-03-20,2019-12-30,업무시설,,"주소 기반 추정 위치, 공사현장 좌표 아님"
15038929:1294,1294,건축행정기록,업무시설,인천광역시 계양구 임학동 69-28 외1필지,37.5444249,126.7375325,geocoded_kakao_jibun,kakao_exact_jibun_address_match,인천 계양구 임학동 69-28,1,1,0.0,,kakao_local_api:address_jibun,https://dapi.kakao.com/v2/local/search/address.json,2026-09-06,https://www.data.go.kr/data/15038929/fileData.do,2026-01-19,2026-09-06,administrative_record_only_not_confirmed_active,신축,2019-02-28,2019-03-20,2020-02-06,업무시설,,"주소 기반 추정 위치, 공사현장 좌표 아님"
15038929:1295,1295,건축행정기록,공동주택,인천광역시 계양구 임학동 47-1,37.5462085,126.7323085,geocoded_kakao_jibun,kakao_exact_jibun_address_match,인천 계양구 임학동 47-1,1,1,0.0,,kakao_local_api:address_jibun,https://dapi.kakao.com/v2/local/search/address.json,2026-09-06,https://www.data.go.kr/data/15038929/fileData.do,2026-01-19,2026-09-06,administrative_record_only_not_confirmed_active,신축,2019-02-28,2019-03-06,2019-07-15,공동주택,,"주소 기반 추정 위치, 공사현장 좌표 아님"
15038929:1296,1296,건축행정기록,공동주택,인천광역시 계양구 임학동 38-7,37.5467326,126.7315241,geocoded_kakao_jibun,kakao_exact_jibun_address_match,인천 계양구 임학동 38-7,1,1,0.0,,kakao_local_api:address_jibun,https://dapi.kakao.com/v2/local/search/address.json,2026-09-06,https://www.data.go.kr/data/15038929/fileData.do,2026-01-19,2026-09-06,administrative_record_only_not_confirmed_active,신축,2019-02-28,2019-03-09,2019-08-07,공동주택,,"주소 기반 추정 위치, 공사현장 좌표 아님"
15038929:1297,1297,건축행정기록,제2종근린생활시설,인천광역시 계양구 작전동 852-30 외1필지,37.5356205,126.7222187,geocoded_kakao_jibun,kakao_exact_jibun_address_match,인천 계양구 작전동 852-30,1,1,0.0,,kakao_local_api:address_jibun,https://dapi.kakao.com/v2/local/search/address.json,2026-09-06,https://www.data.go.kr/data/15038929/fileData.do,2026-01-19,2026-09-06,administrative_record_only_not_confirmed_active,신축,2019-02-22,2019-03-08,2019-09-20,제2종근린생활시설,,"주소 기반 추정 위치, 공사현장 좌표 아님"
15038929:1298,1298,건축행정기록,업무시설,인천광역시 계양구 작전동 658-1 외5필지,37.5271805,126.7366274,geocoded_kakao_jibun,kakao_exact_jibun_address_match,인천 계양구 작전동 658-1,1,1,0.0,,kakao_local_api:address_jibun,https://dapi.kakao.com/v2/local/search/address.json,2026-09-06,https://www.data.go.kr/data/15038929/fileData.do,2026-01-19,2026-09-06,administrative_record_only_not_confirmed_active,신축,2019-02-22,2019-03-19,2020-02-12,업무시설,,"주소 기반 추정 위치, 공사현장 좌표 아님"
15038929:1299,1299,건축행정기록,공장,인천광역시 계양구 서운동 215-1,37.5342407,126.7574972,geocoded_kakao_jibun,kakao_exact_jibun_address_match,인천 계양구 서운동 215-1,1,1,0.0,,kakao_local_api:address_jibun,https://dapi.kakao.com/v2/local/search/address.json,2026-09-06,https://www.data.go.kr/data/15038929/fileData.do,2026-01-19,2026-09-06,administrative_record_only_not_confirmed_active,신축,2019-02-19,2019-06-19,2020-02-26,공장,,"주소 기반 추정 위치, 공사현장 좌표 아님"
15038929:1300,1300,건축행정기록,공동주택,인천광역시 계양구 다남동 103-180,37.5687052,126.7302426,geocoded_kakao_jibun,kakao_exact_jibun_address_match,인천 계양구 다남동 103-180,1,1,0.0,,kakao_local_api:address_jibun,https://dapi.kakao.com/v2/local/search/address.json,2026-09-06,https://www.data.go.kr/data/15038929/fileData.do,2026-01-19,2026-09-06,administrative_record_only_not_confirmed_active,신축,2019-02-18,2019-04-12,2019-09-06,공동주택,,"주소 기반 추정 위치, 공사현장 좌표 아님"
15038929:1301,1301,건축행정기록,공동주택,인천광역시 계양구 다남동 103-10,37.5688171,126.7300719,geocoded_kakao_jibun,kakao_exact_jibun_address_match,인천 계양구 다남동 103-10,1,1,0.0,,kakao_local_api:address_jibun,https://dapi.kakao.com/v2/local/search/address.json,2026-09-06,https://www.data.go.kr/data/15038929/fileData.do,2026-01-19,2026-09-06,administrative_record_only_not_confirmed_active,신축,2019-02-18,2019-04-11,2019-09-06,공동주택,,"주소 기반 추정 위치, 공사현장 좌표 아님"
15038929:1302,1302,건축행정기록,공장,인천광역시 계양구 효성동 320-9,37.5273591,126.7104571,geocoded_kakao_jibun,kakao_exact_jibun_address_match,인천 계양구 효성동 320-9,1,1,0.0,,kakao_local_api:address_jibun,https://dapi.kakao.com/v2/local/search/address.json,2026-09-06,https://www.data.go.kr/data/15038929/fileData.do,2026-01-19,2026-09-06,administrative_record_only_not_confirmed_active,증축,2019-02-12,2019-02-22,2019-06-05,공장,,"주소 기반 추정 위치, 공사현장 좌표 아님"
15038929:1303,1303,건축행정기록,교정및군사시설,인천광역시 계양구 둑실동 산 129-2 외52필지,,,unresolved,no_exact_parcel_match_in_kakao,,0,0,,,kakao_local_api:unresolved,https://dapi.kakao.com/v2/local/search/address.json,2026-09-06,https://www.data.go.kr/data/15038929/fileData.do,2026-01-19,2026-09-06,administrative_record_only_not_confirmed_active,증축,2019-02-11,2019-02-20,,교정및군사시설,,"주소 기반 추정 위치, 공사현장 좌표 아님"
15038929:1304,1304,건축행정기록,공장,인천광역시 계양구 서운동 서운일반산업단지 E-2,,,unresolved,address_not_parcel_or_road_notation,,0,0,,,kakao_local_api:unresolved,https://dapi.kakao.com/v2/local/search/address.json,2026-09-06,https://www.data.go.kr/data/15038929/fileData.do,2026-01-19,2026-09-06,administrative_record_only_not_confirmed_active,신축,2019-02-11,2019-02-18,2019-10-02,공장,,"주소 기반 추정 위치, 공사현장 좌표 아님"
15038929:1305,1305,건축행정기록,단독주택,인천광역시 계양구 선주지동 106-7,37.5796596,126.7482439,geocoded_kakao_jibun,kakao_exact_jibun_address_match,인천 계양구 선주지동 106-7,1,1,0.0,,kakao_local_api:address_jibun,https://dapi.kakao.com/v2/local/search/address.json,2026-09-06,https://www.data.go.kr/data/15038929/fileData.do,2026-01-19,2026-09-06,administrative_record_only_not_confirmed_active,증축,2019-02-01,2019-05-02,2019-07-18,단독주택,,"주소 기반 추정 위치, 공사현장 좌표 아님"
15038929:1306,1306,건축행정기록,제1종근린생활시설,인천광역시 계양구 이화동 230-34 외1필지,37.5924047,126.7383309,geocoded_kakao_jibun,kakao_exact_jibun_address_match,인천 계양구 이화동 230-34,1,1,0.0,,kakao_local_api:address_jibun,https://dapi.kakao.com/v2/local/search/address.json,2026-09-06,https://www.data.go.kr/data/15038929/fileData.do,2026-01-19,2026-09-06,administrative_record_only_not_confirmed_active,증축,2019-02-01,2019-02-14,2021-06-24,제1종근린생활시설,,"주소 기반 추정 위치, 공사현장 좌표 아님"
15038929:1307,1307,건축행정기록,제2종근린생활시설,인천광역시 계양구 효성동 497-7,37.5276282,126.7057172,geocoded_kakao_jibun,kakao_exact_jibun_address_match,인천 계양구 효성동 497-7,1,1,0.0,,kakao_local_api:address_jibun,https://dapi.kakao.com/v2/local/search/address.json,2026-09-06,https://www.data.go.kr/data/15038929/fileData.do,2026-01-19,2026-09-06,administrative_record_only_not_confirmed_active,신축,2019-01-30,2019-02-28,2019-09-19,제2종근린생활시설,,"주소 기반 추정 위치, 공사현장 좌표 아님"
15038929:1308,1308,건축행정기록,공장,인천광역시 계양구 서운동 216-3,37.5327383,126.7553900,geocoded_kakao_jibun,kakao_exact_jibun_address_match,인천 계양구 서운동 216-3,1,1,0.0,,kakao_local_api:address_jibun,https://dapi.kakao.com/v2/local/search/address.json,2026-09-06,https://www.data.go.kr/data/15038929/fileData.do,2026-01-19,2026-09-06,administrative_record_only_not_confirmed_active,신축,2019-01-28,2019-04-11,2020-03-31,공장,,"주소 기반 추정 위치, 공사현장 좌표 아님"
15038929:1309,1309,건축행정기록,제1종근린생활시설,인천광역시 계양구 동양동 617-5 외2필지,37.5611771,126.7577755,geocoded_kakao_jibun,kakao_exact_jibun_address_match,인천 계양구 동양동 617-5,1,1,0.0,,kakao_local_api:address_jibun,https://dapi.kakao.com/v2/local/search/address.json,2026-09-06,https://www.data.go.kr/data/15038929/fileData.do,2026-01-19,2026-09-06,administrative_record_only_not_confirmed_active,증축,2019-01-25,2019-02-12,2019-07-01,제1종근린생활시설,,"주소 기반 추정 위치, 공사현장 좌표 아님"
15038929:1310,1310,건축행정기록,교정및군사시설,인천광역시 계양구 동양동 320-7,37.5621684,126.7500275,geocoded_kakao_jibun,kakao_exact_jibun_address_match,인천 계양구 동양동 320-7,1,1,0.0,,kakao_local_api:address_jibun,https://dapi.kakao.com/v2/local/search/address.json,2026-09-06,https://www.data.go.kr/data/15038929/fileData.do,2026-01-19,2026-09-06,administrative_record_only_not_confirmed_active,신축,2019-01-23,2019-04-15,,교정및군사시설,,"주소 기반 추정 위치, 공사현장 좌표 아님"
15038929:1311,1311,건축행정기록,숙박시설,인천광역시 계양구 작전동 428-2 외2필지,37.5263408,126.7229333,geocoded_kakao_jibun,kakao_exact_jibun_address_match,인천 계양구 작전동 428-2,1,1,0.0,,kakao_local_api:address_jibun,https://dapi.kakao.com/v2/local/search/address.json,2026-09-06,https://www.data.go.kr/data/15038929/fileData.do,2026-01-19,2026-09-06,administrative_record_only_not_confirmed_active,증축,2019-01-21,2019-03-29,,숙박시설,,"주소 기반 추정 위치, 공사현장 좌표 아님"
15038929:1312,1312,건축행정기록,공장,인천광역시 계양구 작전동 619-6,37.5243620,126.7393288,geocoded_kakao_jibun,kakao_exact_jibun_address_match,인천 계양구 작전동 619-6,1,1,0.0,,kakao_local_api:address_jibun,https://dapi.kakao.com/v2/local/search/address.json,2026-09-06,https://www.data.go.kr/data/15038929/fileData.do,2026-01-19,2026-09-06,administrative_record_only_not_confirmed_active,증축,2019-01-18,2019-03-08,2019-08-02,공장,,"주소 기반 추정 위치, 공사현장 좌표 아님"
15038929:1313,1313,건축행정기록,제2종근린생활시설,인천광역시 계양구 계산동 334-1,37.5402461,126.7285565,geocoded_kakao_jibun,kakao_exact_jibun_address_match,인천 계양구 계산동 334-1,1,1,0.0,,kakao_local_api:address_jibun,https://dapi.kakao.com/v2/local/search/address.json,2026-09-06,https://www.data.go.kr/data/15038929/fileData.do,2026-01-19,2026-09-06,administrative_record_only_not_confirmed_active,증축,2019-01-15,2019-01-25,2019-08-21,제2종근린생활시설,,"주소 기반 추정 위치, 공사현장 좌표 아님"
15038929:1314,1314,건축행정기록,제2종근린생활시설,인천광역시 계양구 계산동 1063-2,37.5395846,126.7352952,geocoded_kakao_jibun,kakao_exact_jibun_address_match,인천 계양구 계산동 1063-2,1,1,0.0,,kakao_local_api:address_jibun,https://dapi.kakao.com/v2/local/search/address.json,2026-09-06,https://www.data.go.kr/data/15038929/fileData.do,2026-01-19,2026-09-06,administrative_record_only_not_confirmed_active,대수선,2019-01-14,2019-01-25,2019-07-25,제2종근린생활시설,,"주소 기반 추정 위치, 공사현장 좌표 아님"
15038929:1315,1315,건축행정기록,제1종근린생활시설,인천광역시 계양구 용종동 209-1,37.5397108,126.7377052,geocoded_kakao_jibun,kakao_exact_jibun_address_match,인천 계양구 용종동 209-1,1,1,0.0,,kakao_local_api:address_jibun,https://dapi.kakao.com/v2/local/search/address.json,2026-09-06,https://www.data.go.kr/data/15038929/fileData.do,2026-01-19,2026-09-06,administrative_record_only_not_confirmed_active,신축,2019-01-09,2019-02-22,2020-05-18,제1종근린생활시설,,"주소 기반 추정 위치, 공사현장 좌표 아님"
15038929:1316,1316,건축행정기록,공동주택,인천광역시 계양구 다남동 103-172,37.5691081,126.7300879,geocoded_kakao_jibun,kakao_exact_jibun_address_match,인천 계양구 다남동 103-172,1,1,0.0,,kakao_local_api:address_jibun,https://dapi.kakao.com/v2/local/search/address.json,2026-09-06,https://www.data.go.kr/data/15038929/fileData.do,2026-01-19,2026-09-06,administrative_record_only_not_confirmed_active,신축,2019-01-08,2019-02-12,2019-09-10,공동주택,,"주소 기반 추정 위치, 공사현장 좌표 아님"
15038929:1317,1317,건축행정기록,공동주택,인천광역시 계양구 다남동 103-158 외1필지,37.5691552,126.7302858,geocoded_kakao_jibun,kakao_exact_jibun_address_match,인천 계양구 다남동 103-158,1,1,0.0,,kakao_local_api:address_jibun,https://dapi.kakao.com/v2/local/search/address.json,2026-09-06,https://www.data.go.kr/data/15038929/fileData.do,2026-01-19,2026-09-06,administrative_record_only_not_confirmed_active,신축,2019-01-08,2019-02-12,2019-09-06,공동주택,,"주소 기반 추정 위치, 공사현장 좌표 아님"
15038929:1318,1318,건축행정기록,공동주택,인천광역시 계양구 귤현동 486-3,37.5703231,126.7467696,geocoded_kakao_jibun,kakao_exact_jibun_address_match,인천 계양구 귤현동 486-3,1,1,0.0,,kakao_local_api:address_jibun,https://dapi.kakao.com/v2/local/search/address.json,2026-09-06,https://www.data.go.kr/data/15038929/fileData.do,2026-01-19,2026-09-06,administrative_record_only_not_confirmed_active,신축,2019-01-07,2019-01-15,2019-08-08,공동주택,,"주소 기반 추정 위치, 공사현장 좌표 아님"
15038929:1319,1319,건축행정기록,공장,인천광역시 계양구 서운동 211-2,37.5363478,126.7580275,geocoded_kakao_jibun,kakao_exact_jibun_address_match,인천 계양구 서운동 211-2,1,1,0.0,,kakao_local_api:address_jibun,https://dapi.kakao.com/v2/local/search/address.json,2026-09-06,https://www.data.go.kr/data/15038929/fileData.do,2026-01-19,2026-09-06,administrative_record_only_not_confirmed_active,신축,2018-12-27,2019-01-18,2019-12-24,공장,,"주소 기반 추정 위치, 공사현장 좌표 아님"
15038929:1320,1320,건축행정기록,단독주택,인천광역시 계양구 계산동 928-10,37.5443338,126.7263447,geocoded_kakao_jibun,kakao_exact_jibun_address_match,인천 계양구 계산동 928-10,1,1,0.0,,kakao_local_api:address_jibun,https://dapi.kakao.com/v2/local/search/address.json,2026-09-06,https://www.data.go.kr/data/15038929/fileData.do,2026-01-19,2026-09-06,administrative_record_only_not_confirmed_active,신축,2018-12-24,2019-03-06,2019-08-13,단독주택,,"주소 기반 추정 위치, 공사현장 좌표 아님"
15038929:1321,1321,건축행정기록,제2종근린생활시설,인천광역시 계양구 하야동 64-72,37.5835318,126.7798762,geocoded_kakao_jibun,kakao_exact_jibun_address_match,인천 계양구 하야동 64-72,1,1,0.0,,kakao_local_api:address_jibun,https://dapi.kakao.com/v2/local/search/address.json,2026-09-06,https://www.data.go.kr/data/15038929/fileData.do,2026-01-19,2026-09-06,administrative_record_only_not_confirmed_active,증축,2018-12-21,2019-02-07,2019-04-08,제2종근린생활시설,,"주소 기반 추정 위치, 공사현장 좌표 아님"
15038929:1322,1322,건축행정기록,공장,인천광역시 계양구 서운동 221-3,37.5309089,126.7588693,geocoded_kakao_jibun,kakao_exact_jibun_address_match,인천 계양구 서운동 221-3,1,1,0.0,,kakao_local_api:address_jibun,https://dapi.kakao.com/v2/local/search/address.json,2026-09-06,https://www.data.go.kr/data/15038929/fileData.do,2026-01-19,2026-09-06,administrative_record_only_not_confirmed_active,신축,2018-12-18,2019-12-02,2021-05-20,공장,,"주소 기반 추정 위치, 공사현장 좌표 아님"
15038929:1323,1323,건축행정기록,공장,인천광역시 계양구 효성동 336-5 외1필지,37.5244255,126.7081979,geocoded_kakao_jibun,kakao_exact_jibun_address_match,인천 계양구 효성동 336-5,1,1,0.0,,kakao_local_api:address_jibun,https://dapi.kakao.com/v2/local/search/address.json,2026-09-06,https://www.data.go.kr/data/15038929/fileData.do,2026-01-19,2026-09-06,administrative_record_only_not_confirmed_active,증축,2018-12-14,2019-01-07,2019-05-15,공장,,"주소 기반 추정 위치, 공사현장 좌표 아님"
15038929:1324,1324,건축행정기록,노유자시설,인천광역시 계양구 선주지동 121-6,37.5801733,126.7449392,geocoded_kakao_jibun,kakao_exact_jibun_address_match,인천 계양구 선주지동 121-6,1,1,0.0,,kakao_local_api:address_jibun,https://dapi.kakao.com/v2/local/search/address.json,2026-09-06,https://www.data.go.kr/data/15038929/fileData.do,2026-01-19,2026-09-06,administrative_record_only_not_confirmed_active,대수선,2018-12-12,2019-02-12,2019-06-05,노유자시설,,"주소 기반 추정 위치, 공사현장 좌표 아님"
15038929:1325,1325,건축행정기록,제1종근린생활시설,인천광역시 계양구 둑실동 182-7,37.5795585,126.6967435,geocoded_kakao_jibun,kakao_exact_jibun_address_match,인천 계양구 둑실동 182-7,1,1,0.0,,kakao_local_api:address_jibun,https://dapi.kakao.com/v2/local/search/address.json,2026-09-06,https://www.data.go.kr/data/15038929/fileData.do,2026-01-19,2026-09-06,administrative_record_only_not_confirmed_active,신축,2018-12-11,2019-06-11,2023-01-26,제1종근린생활시설,,"주소 기반 추정 위치, 공사현장 좌표 아님"
15038929:1326,1326,건축행정기록,제1종근린생활시설,인천광역시 계양구 둑실동 182-6,37.5796416,126.6966957,geocoded_kakao_jibun,kakao_exact_jibun_address_match,인천 계양구 둑실동 182-6,1,1,0.0,,kakao_local_api:address_jibun,https://dapi.kakao.com/v2/local/search/address.json,2026-09-06,https://www.data.go.kr/data/15038929/fileData.do,2026-01-19,2026-09-06,administrative_record_only_not_confirmed_active,신축,2018-12-11,2019-06-12,2019-11-12,제1종근린생활시설,,"주소 기반 추정 위치, 공사현장 좌표 아님"
15038929:1327,1327,건축행정기록,공장,인천광역시 계양구 서운동 서운산업단지 E 4,,,unresolved,address_not_parcel_or_road_notation,,0,0,,,kakao_local_api:unresolved,https://dapi.kakao.com/v2/local/search/address.json,2026-09-06,https://www.data.go.kr/data/15038929/fileData.do,2026-01-19,2026-09-06,administrative_record_only_not_confirmed_active,신축,2018-12-10,2019-01-08,2019-09-05,공장,,"주소 기반 추정 위치, 공사현장 좌표 아님"
15038929:1328,1328,건축행정기록,공장,인천광역시 계양구 서운동 214,37.5341914,126.7538894,geocoded_kakao_jibun,kakao_exact_jibun_address_match,인천 계양구 서운동 214,1,1,0.0,,kakao_local_api:address_jibun,https://dapi.kakao.com/v2/local/search/address.json,2026-09-06,https://www.data.go.kr/data/15038929/fileData.do,2026-01-19,2026-09-06,administrative_record_only_not_confirmed_active,신축,2018-12-10,2019-02-15,2020-01-16,공장,,"주소 기반 추정 위치, 공사현장 좌표 아님"
15038929:1329,1329,건축행정기록,공동주택,인천광역시 계양구 작전동 852-23,37.5359689,126.7219991,geocoded_kakao_jibun,kakao_exact_jibun_address_match,인천 계양구 작전동 852-23,1,1,0.0,,kakao_local_api:address_jibun,https://dapi.kakao.com/v2/local/search/address.json,2026-09-06,https://www.data.go.kr/data/15038929/fileData.do,2026-01-19,2026-09-06,administrative_record_only_not_confirmed_active,신축,2018-11-19,2019-01-14,2019-10-16,공동주택,,"주소 기반 추정 위치, 공사현장 좌표 아님"
15038929:1330,1330,건축행정기록,공동주택,인천광역시 계양구 작전동 852-26,37.5361068,126.7219999,geocoded_kakao_jibun,kakao_exact_jibun_address_match,인천 계양구 작전동 852-26,1,1,0.0,,kakao_local_api:address_jibun,https://dapi.kakao.com/v2/local/search/address.json,2026-09-06,https://www.data.go.kr/data/15038929/fileData.do,2026-01-19,2026-09-06,administrative_record_only_not_confirmed_active,신축,2018-11-19,2019-01-14,2019-10-16,공동주택,,"주소 기반 추정 위치, 공사현장 좌표 아님"
15038929:1331,1331,건축행정기록,공장,인천광역시 계양구 서운동 208-3,37.5357754,126.7523499,geocoded_kakao_jibun,kakao_exact_jibun_address_match,인천 계양구 서운동 208-3,1,1,0.0,,kakao_local_api:address_jibun,https://dapi.kakao.com/v2/local/search/address.json,2026-09-06,https://www.data.go.kr/data/15038929/fileData.do,2026-01-19,2026-09-06,administrative_record_only_not_confirmed_active,신축,2018-11-07,2019-02-22,2020-01-22,공장,,"주소 기반 추정 위치, 공사현장 좌표 아님"
15038929:1332,1332,건축행정기록,종교시설,인천광역시 계양구 서운동 43-2,37.5271667,126.7425235,geocoded_kakao_jibun,kakao_exact_jibun_address_match,인천 계양구 서운동 43-2,1,1,0.0,,kakao_local_api:address_jibun,https://dapi.kakao.com/v2/local/search/address.json,2026-09-06,https://www.data.go.kr/data/15038929/fileData.do,2026-01-19,2026-09-06,administrative_record_only_not_confirmed_active,증축,2018-10-23,2019-02-28,2021-01-21,종교시설,,"주소 기반 추정 위치, 공사현장 좌표 아님"
15038929:1333,1333,건축행정기록,업무시설,인천광역시 계양구 서운동 207-1,37.5338133,126.7448158,geocoded_kakao_jibun,kakao_exact_jibun_address_match,인천 계양구 서운동 207-1,1,1,0.0,,kakao_local_api:address_jibun,https://dapi.kakao.com/v2/local/search/address.json,2026-09-06,https://www.data.go.kr/data/15038929/fileData.do,2026-01-19,2026-09-06,administrative_record_only_not_confirmed_active,신축,2018-10-15,2019-08-01,,업무시설,,"주소 기반 추정 위치, 공사현장 좌표 아님"
15038929:1334,1334,건축행정기록,단독주택,인천광역시 계양구 박촌동 60-5,37.5552057,126.7449014,geocoded_kakao_jibun,kakao_exact_jibun_address_match,인천 계양구 박촌동 60-5,1,1,0.0,,kakao_local_api:address_jibun,https://dapi.kakao.com/v2/local/search/address.json,2026-09-06,https://www.data.go.kr/data/15038929/fileData.do,2026-01-19,2026-09-06,administrative_record_only_not_confirmed_active,신축,2018-10-12,2019-04-11,2019-10-22,단독주택,,"주소 기반 추정 위치, 공사현장 좌표 아님"
15038929:1335,1335,건축행정기록,공장,인천광역시 계양구 서운동 215-5,37.5337770,126.7576801,geocoded_kakao_jibun,kakao_exact_jibun_address_match,인천 계양구 서운동 215-5,1,1,0.0,,kakao_local_api:address_jibun,https://dapi.kakao.com/v2/local/search/address.json,2026-09-06,https://www.data.go.kr/data/15038929/fileData.do,2026-01-19,2026-09-06,administrative_record_only_not_confirmed_active,신축,2018-09-20,2019-01-17,2020-02-03,공장,,"주소 기반 추정 위치, 공사현장 좌표 아님"
15038929:1336,1336,건축행정기록,제1종근린생활시설,인천광역시 계양구 이화동 52-24,37.5836401,126.7452167,geocoded_kakao_jibun,kakao_exact_jibun_address_match,인천 계양구 이화동 52-24,1,1,0.0,,kakao_local_api:address_jibun,https://dapi.kakao.com/v2/local/search/address.json,2026-09-06,https://www.data.go.kr/data/15038929/fileData.do,2026-01-19,2026-09-06,administrative_record_only_not_confirmed_active,신축,2018-09-04,2020-05-26,2020-10-20,제1종근린생활시설,,"주소 기반 추정 위치, 공사현장 좌표 아님"
15038929:1337,1337,건축행정기록,공장,인천광역시 계양구 서운동 서운일반산업단지 산업4블록 D-5로트,,,unresolved,address_not_parcel_or_road_notation,,0,0,,,kakao_local_api:unresolved,https://dapi.kakao.com/v2/local/search/address.json,2026-09-06,https://www.data.go.kr/data/15038929/fileData.do,2026-01-19,2026-09-06,administrative_record_only_not_confirmed_active,신축,2018-08-30,2019-03-07,2019-07-23,공장,,"주소 기반 추정 위치, 공사현장 좌표 아님"
15038929:1338,1338,건축행정기록,제2종근린생활시설,인천광역시 계양구 이화동 122-36,37.5821037,126.7412587,geocoded_kakao_jibun,kakao_exact_jibun_address_match,인천 계양구 이화동 122-36,1,1,0.0,,kakao_local_api:address_jibun,https://dapi.kakao.com/v2/local/search/address.json,2026-09-06,https://www.data.go.kr/data/15038929/fileData.do,2026-01-19,2026-09-06,administrative_record_only_not_confirmed_active,신축,2018-08-23,2021-04-28,2022-01-12,제2종근린생활시설,,"주소 기반 추정 위치, 공사현장 좌표 아님"
15038929:1339,1339,건축행정기록,제2종근린생활시설,인천광역시 계양구 서운동 148-101,37.5285693,126.7550982,geocoded_kakao_jibun,kakao_exact_jibun_address_match,인천 계양구 서운동 148-101,1,1,0.0,,kakao_local_api:address_jibun,https://dapi.kakao.com/v2/local/search/address.json,2026-09-06,https://www.data.go.kr/data/15038929/fileData.do,2026-01-19,2026-09-06,administrative_record_only_not_confirmed_active,신축,2018-07-27,2019-01-04,2020-04-06,제2종근린생활시설,,"주소 기반 추정 위치, 공사현장 좌표 아님"
15038929:1340,1340,건축행정기록,제1종근린생활시설,인천광역시 계양구 서운동 148-102,37.5282612,126.7551545,geocoded_kakao_jibun,kakao_exact_jibun_address_match,인천 계양구 서운동 148-102,1,1,0.0,,kakao_local_api:address_jibun,https://dapi.kakao.com/v2/local/search/address.json,2026-09-06,https://www.data.go.kr/data/15038929/fileData.do,2026-01-19,2026-09-06,administrative_record_only_not_confirmed_active,신축,2018-07-27,2019-01-04,2020-04-06,제1종근린생활시설,,"주소 기반 추정 위치, 공사현장 좌표 아님"
15038929:1341,1341,건축행정기록,공동주택,인천광역시 계양구 박촌동 149-7,37.5568390,126.7478748,geocoded_kakao_jibun,kakao_exact_jibun_address_match,인천 계양구 박촌동 149-7,1,1,0.0,,kakao_local_api:address_jibun,https://dapi.kakao.com/v2/local/search/address.json,2026-09-06,https://www.data.go.kr/data/15038929/fileData.do,2026-01-19,2026-09-06,administrative_record_only_not_confirmed_active,신축,2018-03-28,2019-04-29,2020-04-23,공동주택,,"주소 기반 추정 위치, 공사현장 좌표 아님"
15038929:1342,1342,건축행정기록,제1종근린생활시설,인천광역시 계양구 장기동 136-2,37.5773376,126.7348111,geocoded_kakao_jibun,kakao_exact_jibun_address_match,인천 계양구 장기동 136-2,1,1,0.0,,kakao_local_api:address_jibun,https://dapi.kakao.com/v2/local/search/address.json,2026-09-06,https://www.data.go.kr/data/15038929/fileData.do,2026-01-19,2026-09-06,administrative_record_only_not_confirmed_active,신축,2018-02-02,2020-01-22,,제1종근린생활시설,,"주소 기반 추정 위치, 공사현장 좌표 아님"
15038929:1343,1343,건축행정기록,공동주택,인천광역시 계양구 작전동 863-46,37.5318331,126.7238192,geocoded_kakao_jibun,kakao_exact_jibun_address_match,인천 계양구 작전동 863-46,1,1,0.0,,kakao_local_api:address_jibun,https://dapi.kakao.com/v2/local/search/address.json,2026-09-06,https://www.data.go.kr/data/15038929/fileData.do,2026-01-19,2026-09-06,administrative_record_only_not_confirmed_active,신축,2018-01-15,2020-03-25,2020-11-12,공동주택,,"주소 기반 추정 위치, 공사현장 좌표 아님"
15038929:1344,1344,건축행정기록,업무시설,인천광역시 계양구 계산동 958-5,37.5405052,126.7241556,geocoded_kakao_jibun,kakao_exact_jibun_address_match,인천 계양구 계산동 958-5,1,1,0.0,,kakao_local_api:address_jibun,https://dapi.kakao.com/v2/local/search/address.json,2026-09-06,https://www.data.go.kr/data/15038929/fileData.do,2026-01-19,2026-09-06,administrative_record_only_not_confirmed_active,신축,2017-10-16,2019-02-07,2020-03-23,업무시설,,"주소 기반 추정 위치, 공사현장 좌표 아님"
15038929:1345,1345,건축행정기록,제2종근린생활시설,인천광역시 계양구 동양동 606-8,37.5612753,126.7554967,geocoded_kakao_jibun,kakao_exact_jibun_address_match,인천 계양구 동양동 606-8,1,1,0.0,,kakao_local_api:address_jibun,https://dapi.kakao.com/v2/local/search/address.json,2026-09-06,https://www.data.go.kr/data/15038929/fileData.do,2026-01-19,2026-09-06,administrative_record_only_not_confirmed_active,신축,2017-04-14,2019-04-15,2020-01-17,제2종근린생활시설,,"주소 기반 추정 위치, 공사현장 좌표 아님"
15038929:1346,1346,건축행정기록,제1종근린생활시설,인천광역시 계양구 계산동 1080-8,37.5358365,126.7378714,geocoded_kakao_jibun,kakao_exact_jibun_address_match,인천 계양구 계산동 1080-8,1,1,0.0,,kakao_local_api:address_jibun,https://dapi.kakao.com/v2/local/search/address.json,2026-09-06,https://www.data.go.kr/data/15038929/fileData.do,2026-01-19,2026-09-06,administrative_record_only_not_confirmed_active,대수선,2025-12-19,2025-12-22,2026-01-08,제1종근린생활시설,,"주소 기반 추정 위치, 공사현장 좌표 아님"
15038929:1347,1347,건축행정기록,제1종근린생활시설,인천광역시 계양구 작전동 866-4,37.5296581,126.7232698,geocoded_kakao_jibun,kakao_exact_jibun_address_match,인천 계양구 작전동 866-4,1,1,0.0,,kakao_local_api:address_jibun,https://dapi.kakao.com/v2/local/search/address.json,2026-09-06,https://www.data.go.kr/data/15038929/fileData.do,2026-01-19,2026-09-06,administrative_record_only_not_confirmed_active,용도변경,2025-09-29,,2025-11-14,제1종근린생활시설,,"주소 기반 추정 위치, 공사현장 좌표 아님"
15038929:1348,1348,건축행정기록,제2종근린생활시설,인천광역시 계양구 오류동 137-6,37.5863247,126.7263503,geocoded_kakao_jibun,kakao_exact_jibun_address_match,인천 계양구 오류동 137-6,1,1,0.0,,kakao_local_api:address_jibun,https://dapi.kakao.com/v2/local/search/address.json,2026-09-06,https://www.data.go.kr/data/15038929/fileData.do,2026-01-19,2026-09-06,administrative_record_only_not_confirmed_active,증축,2025-08-20,2025-08-29,2025-12-19,제2종근린생활시설,,"주소 기반 추정 위치, 공사현장 좌표 아님"
15038929:1349,1349,건축행정기록,노유자시설,인천광역시 계양구 선주지동 121-6,37.5801733,126.7449392,geocoded_kakao_jibun,kakao_exact_jibun_address_match,인천 계양구 선주지동 121-6,1,1,0.0,,kakao_local_api:address_jibun,https://dapi.kakao.com/v2/local/search/address.json,2026-09-06,https://www.data.go.kr/data/15038929/fileData.do,2026-01-19,2026-09-06,administrative_record_only_not_confirmed_active,증축,2025-08-14,2025-09-19,2025-12-19,노유자시설,,"주소 기반 추정 위치, 공사현장 좌표 아님"
15038929:1350,1350,건축행정기록,제1종근린생활시설,인천광역시 계양구 계산동 931-51,37.5438943,126.7234349,geocoded_kakao_jibun,kakao_exact_jibun_address_match,인천 계양구 계산동 931-51,1,1,0.0,,kakao_local_api:address_jibun,https://dapi.kakao.com/v2/local/search/address.json,2026-09-06,https://www.data.go.kr/data/15038929/fileData.do,2026-01-19,2026-09-06,administrative_record_only_not_confirmed_active,용도변경,2025-07-23,,2025-08-19,제1종근린생활시설,,"주소 기반 추정 위치, 공사현장 좌표 아님"
15038929:1351,1351,건축행정기록,공동주택,인천광역시 계양구 귤현동 507,37.5675825,126.7445656,geocoded_kakao_jibun,kakao_exact_jibun_address_match,인천 계양구 귤현동 507,1,1,0.0,,kakao_local_api:address_jibun,https://dapi.kakao.com/v2/local/search/address.json,2026-09-06,https://www.data.go.kr/data/15038929/fileData.do,2026-01-19,2026-09-06,administrative_record_only_not_confirmed_active,신축,2025-07-14,2025-07-22,2026-01-15,공동주택,,"주소 기반 추정 위치, 공사현장 좌표 아님"
15038929:1352,1352,건축행정기록,제1종근린생활시설,인천광역시 계양구 작전동 135-4 외1필지,37.5286416,126.7337181,geocoded_kakao_jibun,kakao_exact_jibun_address_match,인천 계양구 작전동 135-4,1,1,0.0,,kakao_local_api:address_jibun,https://dapi.kakao.com/v2/local/search/address.json,2026-09-06,https://www.data.go.kr/data/15038929/fileData.do,2026-01-19,2026-09-06,administrative_record_only_not_confirmed_active,증축,2025-06-30,2025-08-06,2025-12-01,제1종근린생활시설,,"주소 기반 추정 위치, 공사현장 좌표 아님"
15038929:1353,1353,건축행정기록,제1종근린생활시설,인천광역시 계양구 계산동 1080-7,37.5356005,126.7378442,geocoded_kakao_jibun,kakao_exact_jibun_address_match,인천 계양구 계산동 1080-7,1,1,0.0,,kakao_local_api:address_jibun,https://dapi.kakao.com/v2/local/search/address.json,2026-09-06,https://www.data.go.kr/data/15038929/fileData.do,2026-01-19,2026-09-06,administrative_record_only_not_confirmed_active,용도변경,2025-06-25,,2025-07-31,제1종근린생활시설,,"주소 기반 추정 위치, 공사현장 좌표 아님"
15038929:1354,1354,건축행정기록,제2종근린생활시설,인천광역시 계양구 평동 46-19,37.5840683,126.7781511,geocoded_kakao_jibun,kakao_exact_jibun_address_match,인천 계양구 평동 46-19,1,1,0.0,,kakao_local_api:address_jibun,https://dapi.kakao.com/v2/local/search/address.json,2026-09-06,https://www.data.go.kr/data/15038929/fileData.do,2026-01-19,2026-09-06,administrative_record_only_not_confirmed_active,재축,2025-05-26,2025-06-25,2025-11-28,제2종근린생활시설,,"주소 기반 추정 위치, 공사현장 좌표 아님"
15038929:1355,1355,건축행정기록,공장,인천광역시 계양구 작전동 476-8,37.5242193,126.7197174,geocoded_kakao_jibun,kakao_exact_jibun_address_match,인천 계양구 작전동 476-8,1,1,0.0,,kakao_local_api:address_jibun,https://dapi.kakao.com/v2/local/search/address.json,2026-09-06,https://www.data.go.kr/data/15038929/fileData.do,2026-01-19,2026-09-06,administrative_record_only_not_confirmed_active,대수선,2025-05-26,2025-06-12,2025-11-05,공장,,"주소 기반 추정 위치, 공사현장 좌표 아님"
15038929:1356,1356,건축행정기록,제2종근린생활시설,인천광역시 계양구 이화동 122-86,37.5823640,126.7406232,geocoded_kakao_jibun,kakao_exact_jibun_address_match,인천 계양구 이화동 122-86,1,1,0.0,,kakao_local_api:address_jibun,https://dapi.kakao.com/v2/local/search/address.json,2026-09-06,https://www.data.go.kr/data/15038929/fileData.do,2026-01-19,2026-09-06,administrative_record_only_not_confirmed_active,신축,2025-05-26,2025-06-11,2025-09-12,제2종근린생활시설,,"주소 기반 추정 위치, 공사현장 좌표 아님"
15038929:1357,1357,건축행정기록,제2종근린생활시설,인천광역시 계양구 선주지동 20-10,37.5822811,126.7424309,geocoded_kakao_jibun,kakao_exact_jibun_address_match,인천 계양구 선주지동 20-10,1,1,0.0,,kakao_local_api:address_jibun,https://dapi.kakao.com/v2/local/search/address.json,2026-09-06,https://www.data.go.kr/data/15038929/fileData.do,2026-01-19,2026-09-06,administrative_record_only_not_confirmed_active,신축,2025-04-23,2025-05-14,2025-11-20,제2종근린생활시설,,"주소 기반 추정 위치, 공사현장 좌표 아님"
15038929:1358,1358,건축행정기록,노유자시설,인천광역시 계양구 다남동 77-24 외1필지,37.5691497,126.7243358,geocoded_kakao_jibun,kakao_exact_jibun_address_match,인천 계양구 다남동 77-24,1,1,0.0,,kakao_local_api:address_jibun,https://dapi.kakao.com/v2/local/search/address.json,2026-09-06,https://www.data.go.kr/data/15038929/fileData.do,2026-01-19,2026-09-06,administrative_record_only_not_confirmed_active,신축,2025-03-28,2025-04-28,2025-09-29,노유자시설,,"주소 기반 추정 위치, 공사현장 좌표 아님"
15038929:1359,1359,건축행정기록,제2종근린생활시설,인천광역시 계양구 작전동 668-8,37.5248051,126.7386802,geocoded_kakao_jibun,kakao_exact_jibun_address_match,인천 계양구 작전동 668-8,1,1,0.0,,kakao_local_api:address_jibun,https://dapi.kakao.com/v2/local/search/address.json,2026-09-06,https://www.data.go.kr/data/15038929/fileData.do,2026-01-19,2026-09-06,administrative_record_only_not_confirmed_active,신축,2025-02-18,2025-04-25,2025-07-17,제2종근린생활시설,,"주소 기반 추정 위치, 공사현장 좌표 아님"
15038929:1360,1360,건축행정기록,창고시설,인천광역시 계양구 귤현동 451-565,37.5707183,126.7351623,geocoded_kakao_jibun,kakao_exact_jibun_address_match,인천 계양구 귤현동 451-565,1,1,0.0,,kakao_local_api:address_jibun,https://dapi.kakao.com/v2/local/search/address.json,2026-09-06,https://www.data.go.kr/data/15038929/fileData.do,2026-01-19,2026-09-06,administrative_record_only_not_confirmed_active,신축,2025-02-10,2025-07-11,2025-09-25,창고시설,,"주소 기반 추정 위치, 공사현장 좌표 아님"
15038929:1361,1361,건축행정기록,단독주택,인천광역시 계양구 효성동 495-6,37.5269722,126.7065547,geocoded_kakao_jibun,kakao_exact_jibun_address_match,인천 계양구 효성동 495-6,1,1,0.0,,kakao_local_api:address_jibun,https://dapi.kakao.com/v2/local/search/address.json,2026-09-06,https://www.data.go.kr/data/15038929/fileData.do,2026-01-19,2026-09-06,administrative_record_only_not_confirmed_active,대수선,2025-02-04,2025-02-11,2025-06-05,단독주택,,"주소 기반 추정 위치, 공사현장 좌표 아님"
15038929:1362,1362,건축행정기록,제1종근린생활시설,인천광역시 계양구 계산동 918-6 외1필지,37.5435348,126.7307777,geocoded_kakao_jibun,kakao_exact_jibun_address_match,인천 계양구 계산동 918-6,1,1,0.0,,kakao_local_api:address_jibun,https://dapi.kakao.com/v2/local/search/address.json,2026-09-06,https://www.data.go.kr/data/15038929/fileData.do,2026-01-19,2026-09-06,administrative_record_only_not_confirmed_active,용도변경,2024-12-27,,2025-02-06,제1종근린생활시설,,"주소 기반 추정 위치, 공사현장 좌표 아님"
15038929:1363,1363,건축행정기록,제2종근린생활시설,인천광역시 계양구 오류동 137-6 외1필지,37.5863247,126.7263503,geocoded_kakao_jibun,kakao_exact_jibun_address_match,인천 계양구 오류동 137-6,1,1,0.0,,kakao_local_api:address_jibun,https://dapi.kakao.com/v2/local/search/address.json,2026-09-06,https://www.data.go.kr/data/15038929/fileData.do,2026-01-19,2026-09-06,administrative_record_only_not_confirmed_active,신축,2024-12-11,2025-01-07,2025-06-20,제2종근린생활시설,,"주소 기반 추정 위치, 공사현장 좌표 아님"
15038929:1364,1364,건축행정기록,제2종근린생활시설,인천광역시 계양구 오류동 137-2 외1필지,37.5861925,126.7263629,geocoded_kakao_jibun,kakao_exact_jibun_address_match,인천 계양구 오류동 137-2,1,1,0.0,,kakao_local_api:address_jibun,https://dapi.kakao.com/v2/local/search/address.json,2026-09-06,https://www.data.go.kr/data/15038929/fileData.do,2026-01-19,2026-09-06,administrative_record_only_not_confirmed_active,신축,2024-12-11,2025-01-07,2025-07-08,제2종근린생활시설,,"주소 기반 추정 위치, 공사현장 좌표 아님"
15038929:1365,1365,건축행정기록,의료시설,인천광역시 계양구 작전동 407-1 외1필지,37.5250635,126.7257048,geocoded_kakao_jibun,kakao_exact_jibun_address_match,인천 계양구 작전동 407-1,1,1,0.0,,kakao_local_api:address_jibun,https://dapi.kakao.com/v2/local/search/address.json,2026-09-06,https://www.data.go.kr/data/15038929/fileData.do,2026-01-19,2026-09-06,administrative_record_only_not_confirmed_active,용도변경,2024-12-05,,2025-03-11,의료시설,,"주소 기반 추정 위치, 공사현장 좌표 아님"
15038929:1366,1366,건축행정기록,공장,인천광역시 계양구 서운동 216-2,37.5331258,126.7553886,geocoded_kakao_jibun,kakao_exact_jibun_address_match,인천 계양구 서운동 216-2,1,1,0.0,,kakao_local_api:address_jibun,https://dapi.kakao.com/v2/local/search/address.json,2026-09-06,https://www.data.go.kr/data/15038929/fileData.do,2026-01-19,2026-09-06,administrative_record_only_not_confirmed_active,증축,2024-12-03,2024-12-12,2025-06-09,공장,,"주소 기반 추정 위치, 공사현장 좌표 아님"
15038929:1367,1367,건축행정기록,공장,인천광역시 계양구 효성동 515-2,37.5256269,126.7037073,geocoded_kakao_jibun,kakao_exact_jibun_address_match,인천 계양구 효성동 515-2,1,1,0.0,,kakao_local_api:address_jibun,https://dapi.kakao.com/v2/local/search/address.json,2026-09-06,https://www.data.go.kr/data/15038929/fileData.do,2026-01-19,2026-09-06,administrative_record_only_not_confirmed_active,용도변경,2024-11-29,,2025-01-25,공장,,"주소 기반 추정 위치, 공사현장 좌표 아님"
15038929:1368,1368,건축행정기록,종교시설,인천광역시 계양구 계산동 산 50-1,37.5462349,126.7146860,geocoded_kakao_jibun,kakao_exact_jibun_address_match,인천 계양구 계산동 산 50-1,1,1,0.0,,kakao_local_api:address_jibun,https://dapi.kakao.com/v2/local/search/address.json,2026-09-06,https://www.data.go.kr/data/15038929/fileData.do,2026-01-19,2026-09-06,administrative_record_only_not_confirmed_active,증축,2024-11-05,2024-11-22,2025-07-25,종교시설,,"주소 기반 추정 위치, 공사현장 좌표 아님"
15038929:1369,1369,건축행정기록,제2종근린생활시설,인천광역시 계양구 다남동 74-21 외1필지,37.5709074,126.7239537,geocoded_kakao_jibun,kakao_exact_jibun_address_match,인천 계양구 다남동 74-21,1,1,0.0,,kakao_local_api:address_jibun,https://dapi.kakao.com/v2/local/search/address.json,2026-09-06,https://www.data.go.kr/data/15038929/fileData.do,2026-01-19,2026-09-06,administrative_record_only_not_confirmed_active,증축,2024-10-25,2024-11-14,2025-04-29,제2종근린생활시설,,"주소 기반 추정 위치, 공사현장 좌표 아님"
15038929:1370,1370,건축행정기록,창고시설,인천광역시 계양구 서운동 136-30,37.5245918,126.7524102,geocoded_kakao_jibun,kakao_exact_jibun_address_match,인천 계양구 서운동 136-30,1,1,0.0,,kakao_local_api:address_jibun,https://dapi.kakao.com/v2/local/search/address.json,2026-09-06,https://www.data.go.kr/data/15038929/fileData.do,2026-01-19,2026-09-06,administrative_record_only_not_confirmed_active,용도변경,2024-10-24,,2025-02-12,창고시설,,"주소 기반 추정 위치, 공사현장 좌표 아님"
15038929:1371,1371,건축행정기록,제1종근린생활시설,인천광역시 계양구 계산동 1063-14,37.5398453,126.7350298,geocoded_kakao_jibun,kakao_exact_jibun_address_match,인천 계양구 계산동 1063-14,1,1,0.0,,kakao_local_api:address_jibun,https://dapi.kakao.com/v2/local/search/address.json,2026-09-06,https://www.data.go.kr/data/15038929/fileData.do,2026-01-19,2026-09-06,administrative_record_only_not_confirmed_active,용도변경,2024-10-20,,2025-01-13,제1종근린생활시설,,"주소 기반 추정 위치, 공사현장 좌표 아님"
15038929:1372,1372,건축행정기록,노유자시설,인천광역시 계양구 작전동 407-1 외1필지,37.5250635,126.7257048,geocoded_kakao_jibun,kakao_exact_jibun_address_match,인천 계양구 작전동 407-1,1,1,0.0,,kakao_local_api:address_jibun,https://dapi.kakao.com/v2/local/search/address.json,2026-09-06,https://www.data.go.kr/data/15038929/fileData.do,2026-01-19,2026-09-06,administrative_record_only_not_confirmed_active,대수선,2024-10-15,2024-11-06,2025-02-26,노유자시설,,"주소 기반 추정 위치, 공사현장 좌표 아님"
15038929:1373,1373,건축행정기록,단독주택,인천광역시 계양구 서운동 28-6,37.5298337,126.7436257,geocoded_kakao_jibun,kakao_exact_jibun_address_match,인천 계양구 서운동 28-6,1,1,0.0,,kakao_local_api:address_jibun,https://dapi.kakao.com/v2/local/search/address.json,2026-09-06,https://www.data.go.kr/data/15038929/fileData.do,2026-01-19,2026-09-06,administrative_record_only_not_confirmed_active,신축,2024-09-12,2024-11-15,2025-08-14,단독주택,,"주소 기반 추정 위치, 공사현장 좌표 아님"
15038929:1374,1374,건축행정기록,제2종근린생활시설,인천광역시 계양구 평동 96-5,37.5785469,126.7744217,geocoded_kakao_jibun,kakao_exact_jibun_address_match,인천 계양구 평동 96-5,1,1,0.0,,kakao_local_api:address_jibun,https://dapi.kakao.com/v2/local/search/address.json,2026-09-06,https://www.data.go.kr/data/15038929/fileData.do,2026-01-19,2026-09-06,administrative_record_only_not_confirmed_active,신축,2024-09-04,2024-09-19,2024-12-18,제2종근린생활시설,,"주소 기반 추정 위치, 공사현장 좌표 아님"
15038929:1375,1375,건축행정기록,제1종근린생활시설,인천광역시 계양구 선주지동 196-2,37.5781696,126.7461401,geocoded_kakao_jibun,kakao_exact_jibun_address_match,인천 계양구 선주지동 196-2,1,1,0.0,,kakao_local_api:address_jibun,https://dapi.kakao.com/v2/local/search/address.json,2026-09-06,https://www.data.go.kr/data/15038929/fileData.do,2026-01-19,2026-09-06,administrative_record_only_not_confirmed_active,신축,2024-08-20,2024-08-23,2024-11-06,제1종근린생활시설,,"주소 기반 추정 위치, 공사현장 좌표 아님"
15038929:1376,1376,건축행정기록,제2종근린생활시설,인천광역시 계양구 효성동 185-1 외1필지,37.5293799,126.7059386,geocoded_kakao_jibun,kakao_exact_jibun_address_match,인천 계양구 효성동 185-1,1,1,0.0,,kakao_local_api:address_jibun,https://dapi.kakao.com/v2/local/search/address.json,2026-09-06,https://www.data.go.kr/data/15038929/fileData.do,2026-01-19,2026-09-06,administrative_record_only_not_confirmed_active,신축,2024-08-20,2024-08-29,2024-11-26,제2종근린생활시설,,"주소 기반 추정 위치, 공사현장 좌표 아님"
15038929:1377,1377,건축행정기록,제1종근린생활시설,인천광역시 계양구 용종동 211-3,37.5383841,126.7385474,geocoded_kakao_jibun,kakao_exact_jibun_address_match,인천 계양구 용종동 211-3,1,1,0.0,,kakao_local_api:address_jibun,https://dapi.kakao.com/v2/local/search/address.json,2026-09-06,https://www.data.go.kr/data/15038929/fileData.do,2026-01-19,2026-09-06,administrative_record_only_not_confirmed_active,용도변경,2024-08-05,,2025-03-12,제1종근린생활시설,,"주소 기반 추정 위치, 공사현장 좌표 아님"
15038929:1378,1378,건축행정기록,제1종근린생활시설,인천광역시 계양구 귤현동 427-6,37.5681267,126.7373328,geocoded_kakao_jibun,kakao_exact_jibun_address_match,인천 계양구 귤현동 427-6,1,1,0.0,,kakao_local_api:address_jibun,https://dapi.kakao.com/v2/local/search/address.json,2026-09-06,https://www.data.go.kr/data/15038929/fileData.do,2026-01-19,2026-09-06,administrative_record_only_not_confirmed_active,신축,2024-07-26,2025-01-10,2025-06-23,제1종근린생활시설,,"주소 기반 추정 위치, 공사현장 좌표 아님"
15038929:1379,1379,건축행정기록,제1종근린생활시설,인천광역시 계양구 귤현동 427-32,37.5677797,126.7373436,geocoded_kakao_jibun,kakao_exact_jibun_address_match,인천 계양구 귤현동 427-32,1,1,0.0,,kakao_local_api:address_jibun,https://dapi.kakao.com/v2/local/search/address.json,2026-09-06,https://www.data.go.kr/data/15038929/fileData.do,2026-01-19,2026-09-06,administrative_record_only_not_confirmed_active,신축,2024-07-26,2025-01-10,2025-06-23,제1종근린생활시설,,"주소 기반 추정 위치, 공사현장 좌표 아님"
15038929:1380,1380,건축행정기록,단독주택,인천광역시 계양구 다남동 72-3,37.5693441,126.7235991,geocoded_kakao_jibun,kakao_exact_jibun_address_match,인천 계양구 다남동 72-3,1,1,0.0,,kakao_local_api:address_jibun,https://dapi.kakao.com/v2/local/search/address.json,2026-09-06,https://www.data.go.kr/data/15038929/fileData.do,2026-01-19,2026-09-06,administrative_record_only_not_confirmed_active,신축,2024-07-23,2024-07-31,2025-02-19,단독주택,,"주소 기반 추정 위치, 공사현장 좌표 아님"
15038929:1381,1381,건축행정기록,공동주택,인천광역시 계양구 장기동 142-9,37.5799590,126.7370636,geocoded_kakao_jibun,kakao_exact_jibun_address_match,인천 계양구 장기동 142-9,1,1,0.0,,kakao_local_api:address_jibun,https://dapi.kakao.com/v2/local/search/address.json,2026-09-06,https://www.data.go.kr/data/15038929/fileData.do,2026-01-19,2026-09-06,administrative_record_only_not_confirmed_active,신축,2024-07-01,2024-08-07,2025-02-25,공동주택,,"주소 기반 추정 위치, 공사현장 좌표 아님"
15038929:1382,1382,건축행정기록,단독주택,인천광역시 계양구 둑실동 194-2,37.5800342,126.6923691,geocoded_kakao_jibun,kakao_exact_jibun_address_match,인천 계양구 둑실동 194-2,1,1,0.0,,kakao_local_api:address_jibun,https://dapi.kakao.com/v2/local/search/address.json,2026-09-06,https://www.data.go.kr/data/15038929/fileData.do,2026-01-19,2026-09-06,administrative_record_only_not_confirmed_active,신축,2024-04-19,2024-08-08,2025-02-18,단독주택,,"주소 기반 추정 위치, 공사현장 좌표 아님"
15038929:1383,1383,건축행정기록,공동주택,인천광역시 계양구 계산동 906-15,37.5466642,126.7284122,geocoded_kakao_jibun,kakao_exact_jibun_address_match,인천 계양구 계산동 906-15,1,1,0.0,,kakao_local_api:address_jibun,https://dapi.kakao.com/v2/local/search/address.json,2026-09-06,https://www.data.go.kr/data/15038929/fileData.do,2026-01-19,2026-09-06,administrative_record_only_not_confirmed_active,신축,2024-04-01,2024-06-04,2025-05-20,공동주택,,"주소 기반 추정 위치, 공사현장 좌표 아님"
15038929:1384,1384,건축행정기록,제1종근린생활시설,인천광역시 계양구 오류동 23-1,37.5868241,126.7285923,geocoded_kakao_jibun,kakao_exact_jibun_address_match,인천 계양구 오류동 23-1,1,1,0.0,,kakao_local_api:address_jibun,https://dapi.kakao.com/v2/local/search/address.json,2026-09-06,https://www.data.go.kr/data/15038929/fileData.do,2026-01-19,2026-09-06,administrative_record_only_not_confirmed_active,신축,2024-03-28,2024-04-25,2024-08-27,제1종근린생활시설,,"주소 기반 추정 위치, 공사현장 좌표 아님"
15038929:1385,1385,건축행정기록,제1종근린생활시설,인천광역시 계양구 작전동 852-32,37.5352924,126.7222252,geocoded_kakao_jibun,kakao_exact_jibun_address_match,인천 계양구 작전동 852-32,1,1,0.0,,kakao_local_api:address_jibun,https://dapi.kakao.com/v2/local/search/address.json,2026-09-06,https://www.data.go.kr/data/15038929/fileData.do,2026-01-19,2026-09-06,administrative_record_only_not_confirmed_active,신축,2024-03-18,2024-08-26,2025-10-01,제1종근린생활시설,,"주소 기반 추정 위치, 공사현장 좌표 아님"
15038929:1386,1386,건축행정기록,의료시설,인천광역시 계양구 작전동 900-4 외2필지,37.5321429,126.7343356,geocoded_kakao_jibun,kakao_exact_jibun_address_match,인천 계양구 작전동 900-4,1,1,0.0,,kakao_local_api:address_jibun,https://dapi.kakao.com/v2/local/search/address.json,2026-09-06,https://www.data.go.kr/data/15038929/fileData.do,2026-01-19,2026-09-06,administrative_record_only_not_confirmed_active,증축,2024-03-08,2024-03-20,2024-09-25,의료시설,,"주소 기반 추정 위치, 공사현장 좌표 아님"
15038929:1387,1387,건축행정기록,제1종근린생활시설,인천광역시 계양구 병방동 317-3,37.5476579,126.7404849,geocoded_kakao_jibun,kakao_exact_jibun_address_match,인천 계양구 병방동 317-3,1,1,0.0,,kakao_local_api:address_jibun,https://dapi.kakao.com/v2/local/search/address.json,2026-09-06,https://www.data.go.kr/data/15038929/fileData.do,2026-01-19,2026-09-06,administrative_record_only_not_confirmed_active,대수선,2024-02-08,2024-06-10,2024-09-25,제1종근린생활시설,,"주소 기반 추정 위치, 공사현장 좌표 아님"
15038929:1388,1388,건축행정기록,제2종근린생활시설,인천광역시 계양구 다남동 82-32 외1필지,37.5691294,126.7255406,geocoded_kakao_jibun,kakao_exact_jibun_address_match,인천 계양구 다남동 82-32,1,1,0.0,,kakao_local_api:address_jibun,https://dapi.kakao.com/v2/local/search/address.json,2026-09-06,https://www.data.go.kr/data/15038929/fileData.do,2026-01-19,2026-09-06,administrative_record_only_not_confirmed_active,신축,2024-01-30,2024-06-14,2025-11-25,제2종근린생활시설,,"주소 기반 추정 위치, 공사현장 좌표 아님"
15038929:1389,1389,건축행정기록,자원순환관련시설,인천광역시 계양구 서운동 142-28 외1필지,37.5258955,126.7562535,geocoded_kakao_jibun,kakao_exact_jibun_address_match,인천 계양구 서운동 142-28,1,1,0.0,,kakao_local_api:address_jibun,https://dapi.kakao.com/v2/local/search/address.json,2026-09-06,https://www.data.go.kr/data/15038929/fileData.do,2026-01-19,2026-09-06,administrative_record_only_not_confirmed_active,증축,2024-01-22,2024-03-22,2024-08-02,자원순환관련시설,,"주소 기반 추정 위치, 공사현장 좌표 아님"
15038929:1390,1390,건축행정기록,제1종근린생활시설,인천광역시 계양구 계산동 348-4,37.5426090,126.7299354,geocoded_kakao_jibun,kakao_exact_jibun_address_match,인천 계양구 계산동 348-4,1,1,0.0,,kakao_local_api:address_jibun,https://dapi.kakao.com/v2/local/search/address.json,2026-09-06,https://www.data.go.kr/data/15038929/fileData.do,2026-01-19,2026-09-06,administrative_record_only_not_confirmed_active,증축,2024-01-13,2024-05-09,2025-12-30,제1종근린생활시설,,"주소 기반 추정 위치, 공사현장 좌표 아님"
15038929:1391,1391,건축행정기록,공동주택,인천광역시 계양구 계산동 896-5,37.5455425,126.7197779,geocoded_kakao_jibun,kakao_exact_jibun_address_match,인천 계양구 계산동 896-5,1,1,0.0,,kakao_local_api:address_jibun,https://dapi.kakao.com/v2/local/search/address.json,2026-09-06,https://www.data.go.kr/data/15038929/fileData.do,2026-01-19,2026-09-06,administrative_record_only_not_confirmed_active,신축,2023-12-22,2024-01-03,2024-08-29,공동주택,,"주소 기반 추정 위치, 공사현장 좌표 아님"
15038929:1392,1392,건축행정기록,노유자시설,인천광역시 계양구 갈현동 100,37.5766164,126.7222495,geocoded_kakao_jibun,kakao_exact_jibun_address_match,인천 계양구 갈현동 100,1,1,0.0,,kakao_local_api:address_jibun,https://dapi.kakao.com/v2/local/search/address.json,2026-09-06,https://www.data.go.kr/data/15038929/fileData.do,2026-01-19,2026-09-06,administrative_record_only_not_confirmed_active,신축,2023-10-30,2024-05-29,2024-12-05,노유자시설,,"주소 기반 추정 위치, 공사현장 좌표 아님"
15038929:1393,1393,건축행정기록,제1종근린생활시설,인천광역시 계양구 작전동 693-4,37.5270690,126.7350763,geocoded_kakao_jibun,kakao_exact_jibun_address_match,인천 계양구 작전동 693-4,1,1,0.0,,kakao_local_api:address_jibun,https://dapi.kakao.com/v2/local/search/address.json,2026-09-06,https://www.data.go.kr/data/15038929/fileData.do,2026-01-19,2026-09-06,administrative_record_only_not_confirmed_active,대수선,2023-10-04,2023-12-07,2024-07-02,제1종근린생활시설,,"주소 기반 추정 위치, 공사현장 좌표 아님"
15038929:1394,1394,건축행정기록,단독주택,인천광역시 계양구 방축동 3-39 외1필지,37.5519677,126.7410018,geocoded_kakao_jibun,kakao_exact_jibun_address_match,인천 계양구 방축동 3-39,1,1,0.0,,kakao_local_api:address_jibun,https://dapi.kakao.com/v2/local/search/address.json,2026-09-06,https://www.data.go.kr/data/15038929/fileData.do,2026-01-19,2026-09-06,administrative_record_only_not_confirmed_active,신축,2023-09-22,2024-03-07,2024-10-28,단독주택,,"주소 기반 추정 위치, 공사현장 좌표 아님"
15038929:1395,1395,건축행정기록,단독주택,인천광역시 계양구 동양동 596-9,37.5630186,126.7560781,geocoded_kakao_jibun,kakao_exact_jibun_address_match,인천 계양구 동양동 596-9,1,1,0.0,,kakao_local_api:address_jibun,https://dapi.kakao.com/v2/local/search/address.json,2026-09-06,https://www.data.go.kr/data/15038929/fileData.do,2026-01-19,2026-09-06,administrative_record_only_not_confirmed_active,신축,2023-09-21,2023-11-02,2024-05-21,단독주택,,"주소 기반 추정 위치, 공사현장 좌표 아님"
15038929:1396,1396,건축행정기록,업무시설,인천광역시 계양구 계산동 1079-4,37.5362436,126.7382709,geocoded_kakao_jibun,kakao_exact_jibun_address_match,인천 계양구 계산동 1079-4,1,1,0.0,,kakao_local_api:address_jibun,https://dapi.kakao.com/v2/local/search/address.json,2026-09-06,https://www.data.go.kr/data/15038929/fileData.do,2026-01-19,2026-09-06,administrative_record_only_not_confirmed_active,신축,2023-09-19,2024-04-25,2025-12-22,업무시설,,"주소 기반 추정 위치, 공사현장 좌표 아님"
15038929:1397,1397,건축행정기록,제2종근린생활시설,인천광역시 계양구 작전동 645-2,37.5283140,126.7342388,geocoded_kakao_jibun,kakao_exact_jibun_address_match,인천 계양구 작전동 645-2,1,1,0.0,,kakao_local_api:address_jibun,https://dapi.kakao.com/v2/local/search/address.json,2026-09-06,https://www.data.go.kr/data/15038929/fileData.do,2026-01-19,2026-09-06,administrative_record_only_not_confirmed_active,신축,2023-08-16,2023-09-19,2024-08-29,제2종근린생활시설,,"주소 기반 추정 위치, 공사현장 좌표 아님"
15038929:1398,1398,건축행정기록,제2종근린생활시설,인천광역시 계양구 서운동 149-18,37.5305502,126.7564342,geocoded_kakao_jibun,kakao_exact_jibun_address_match,인천 계양구 서운동 149-18,1,1,0.0,,kakao_local_api:address_jibun,https://dapi.kakao.com/v2/local/search/address.json,2026-09-06,https://www.data.go.kr/data/15038929/fileData.do,2026-01-19,2026-09-06,administrative_record_only_not_confirmed_active,증축,2023-08-07,2023-08-16,2023-10-20,제2종근린생활시설,,"주소 기반 추정 위치, 공사현장 좌표 아님"
15038929:1399,1399,건축행정기록,노유자시설,인천광역시 계양구 병방동 162-1,37.5467261,126.7447095,geocoded_kakao_jibun,kakao_exact_jibun_address_match,인천 계양구 병방동 162-1,1,1,0.0,,kakao_local_api:address_jibun,https://dapi.kakao.com/v2/local/search/address.json,2026-09-06,https://www.data.go.kr/data/15038929/fileData.do,2026-01-19,2026-09-06,administrative_record_only_not_confirmed_active,신축,2023-07-28,2023-10-26,2024-06-07,노유자시설,,"주소 기반 추정 위치, 공사현장 좌표 아님"
15038929:1400,1400,건축행정기록,제1종근린생활시설,인천광역시 계양구 계산동 960-25 외1필지,37.5393948,126.7249137,geocoded_kakao_jibun,kakao_exact_jibun_address_match,인천 계양구 계산동 960-25,1,1,0.0,,kakao_local_api:address_jibun,https://dapi.kakao.com/v2/local/search/address.json,2026-09-06,https://www.data.go.kr/data/15038929/fileData.do,2026-01-19,2026-09-06,administrative_record_only_not_confirmed_active,대수선,2023-07-13,2023-08-08,2024-02-16,제1종근린생활시설,,"주소 기반 추정 위치, 공사현장 좌표 아님"
15038929:1401,1401,건축행정기록,공장,인천광역시 계양구 서운동 211-5,37.5359203,126.7572887,geocoded_kakao_jibun,kakao_exact_jibun_address_match,인천 계양구 서운동 211-5,1,1,0.0,,kakao_local_api:address_jibun,https://dapi.kakao.com/v2/local/search/address.json,2026-09-06,https://www.data.go.kr/data/15038929/fileData.do,2026-01-19,2026-09-06,administrative_record_only_not_confirmed_active,대수선,2023-07-11,2023-08-28,2023-11-01,공장,,"주소 기반 추정 위치, 공사현장 좌표 아님"
15038929:1402,1402,건축행정기록,노유자시설,인천광역시 계양구 계산동 960-19,37.5391561,126.7253489,geocoded_kakao_jibun,kakao_exact_jibun_address_match,인천 계양구 계산동 960-19,1,1,0.0,,kakao_local_api:address_jibun,https://dapi.kakao.com/v2/local/search/address.json,2026-09-06,https://www.data.go.kr/data/15038929/fileData.do,2026-01-19,2026-09-06,administrative_record_only_not_confirmed_active,신축,2023-07-03,2023-09-13,2024-03-12,노유자시설,,"주소 기반 추정 위치, 공사현장 좌표 아님"
15038929:1403,1403,건축행정기록,공동주택,인천광역시 계양구 효성동 495-10,37.5270361,126.7071662,geocoded_kakao_jibun,kakao_exact_jibun_address_match,인천 계양구 효성동 495-10,1,1,0.0,,kakao_local_api:address_jibun,https://dapi.kakao.com/v2/local/search/address.json,2026-09-06,https://www.data.go.kr/data/15038929/fileData.do,2026-01-19,2026-09-06,administrative_record_only_not_confirmed_active,신축,2023-06-15,2023-09-05,2024-07-24,공동주택,,"주소 기반 추정 위치, 공사현장 좌표 아님"
15038929:1404,1404,건축행정기록,제2종근린생활시설,인천광역시 계양구 이화동 382-2,37.5815922,126.7375472,geocoded_kakao_jibun,kakao_exact_jibun_address_match,인천 계양구 이화동 382-2,1,1,0.0,,kakao_local_api:address_jibun,https://dapi.kakao.com/v2/local/search/address.json,2026-09-06,https://www.data.go.kr/data/15038929/fileData.do,2026-01-19,2026-09-06,administrative_record_only_not_confirmed_active,용도변경,2023-05-24,,2023-08-14,제2종근린생활시설,,"주소 기반 추정 위치, 공사현장 좌표 아님"
15038929:1405,1405,건축행정기록,공장,인천광역시 계양구 서운동 211-2,37.5363478,126.7580275,geocoded_kakao_jibun,kakao_exact_jibun_address_match,인천 계양구 서운동 211-2,1,1,0.0,,kakao_local_api:address_jibun,https://dapi.kakao.com/v2/local/search/address.json,2026-09-06,https://www.data.go.kr/data/15038929/fileData.do,2026-01-19,2026-09-06,administrative_record_only_not_confirmed_active,증축,2023-05-19,2023-07-17,2024-08-29,공장,,"주소 기반 추정 위치, 공사현장 좌표 아님"
15038929:1406,1406,건축행정기록,자동차관련시설,인천광역시 계양구 서운동 136,37.5252443,126.7510899,geocoded_kakao_jibun,kakao_exact_jibun_address_match,인천 계양구 서운동 136,1,1,0.0,,kakao_local_api:address_jibun,https://dapi.kakao.com/v2/local/search/address.json,2026-09-06,https://www.data.go.kr/data/15038929/fileData.do,2026-01-19,2026-09-06,administrative_record_only_not_confirmed_active,증축,2023-05-17,2023-09-27,2023-12-13,자동차관련시설,,"주소 기반 추정 위치, 공사현장 좌표 아님"
15038929:1407,1407,건축행정기록,제1종근린생활시설,인천광역시 계양구 박촌동 2-4,37.5605056,126.7450420,geocoded_kakao_jibun,kakao_exact_jibun_address_match,인천 계양구 박촌동 2-4,1,1,0.0,,kakao_local_api:address_jibun,https://dapi.kakao.com/v2/local/search/address.json,2026-09-06,https://www.data.go.kr/data/15038929/fileData.do,2026-01-19,2026-09-06,administrative_record_only_not_confirmed_active,신축,2023-05-04,2023-12-06,2025-01-10,제1종근린생활시설,,"주소 기반 추정 위치, 공사현장 좌표 아님"
15038929:1408,1408,건축행정기록,제1종근린생활시설,인천광역시 계양구 작전동 901-3,37.5313539,126.7342537,geocoded_kakao_jibun,kakao_exact_jibun_address_match,인천 계양구 작전동 901-3,1,1,0.0,,kakao_local_api:address_jibun,https://dapi.kakao.com/v2/local/search/address.json,2026-09-06,https://www.data.go.kr/data/15038929/fileData.do,2026-01-19,2026-09-06,administrative_record_only_not_confirmed_active,용도변경,2023-05-02,,2023-05-18,제1종근린생활시설,,"주소 기반 추정 위치, 공사현장 좌표 아님"
15038929:1409,1409,건축행정기록,공동주택,인천광역시 계양구 작전동 870-2,37.5297093,126.7270392,geocoded_kakao_jibun,kakao_exact_jibun_address_match,인천 계양구 작전동 870-2,1,1,0.0,,kakao_local_api:address_jibun,https://dapi.kakao.com/v2/local/search/address.json,2026-09-06,https://www.data.go.kr/data/15038929/fileData.do,2026-01-19,2026-09-06,administrative_record_only_not_confirmed_active,신축,2023-04-19,2024-01-30,2024-07-16,공동주택,,"주소 기반 추정 위치, 공사현장 좌표 아님"
15038929:1410,1410,건축행정기록,종교시설,인천광역시 계양구 작전동 765-45 외7필지,37.5339662,126.7189051,geocoded_kakao_jibun,kakao_exact_jibun_address_match,인천 계양구 작전동 765-45,1,1,0.0,,kakao_local_api:address_jibun,https://dapi.kakao.com/v2/local/search/address.json,2026-09-06,https://www.data.go.kr/data/15038929/fileData.do,2026-01-19,2026-09-06,administrative_record_only_not_confirmed_active,신축,2023-04-06,2023-06-09,2024-11-25,종교시설,,"주소 기반 추정 위치, 공사현장 좌표 아님"
15038929:1411,1411,건축행정기록,제2종근린생활시설,인천광역시 계양구 박촌동 2-6,37.5604166,126.7448910,geocoded_kakao_jibun,kakao_exact_jibun_address_match,인천 계양구 박촌동 2-6,1,1,0.0,,kakao_local_api:address_jibun,https://dapi.kakao.com/v2/local/search/address.json,2026-09-06,https://www.data.go.kr/data/15038929/fileData.do,2026-01-19,2026-09-06,administrative_record_only_not_confirmed_active,신축,2023-04-05,2023-12-06,2025-01-10,제2종근린생활시설,,"주소 기반 추정 위치, 공사현장 좌표 아님"
15038929:1412,1412,건축행정기록,단독주택,인천광역시 계양구 선주지동 125-1 외1필지,37.5795103,126.7444045,geocoded_kakao_jibun,kakao_exact_jibun_address_match,인천 계양구 선주지동 125-1,1,1,0.0,,kakao_local_api:address_jibun,https://dapi.kakao.com/v2/local/search/address.json,2026-09-06,https://www.data.go.kr/data/15038929/fileData.do,2026-01-19,2026-09-06,administrative_record_only_not_confirmed_active,증축,2023-04-04,2023-04-25,2023-11-02,단독주택,,"주소 기반 추정 위치, 공사현장 좌표 아님"
15038929:1413,1413,건축행정기록,제1종근린생활시설,인천광역시 계양구 효성동 273-30,37.5266615,126.7122413,geocoded_kakao_jibun,kakao_exact_jibun_address_match,인천 계양구 효성동 273-30,1,1,0.0,,kakao_local_api:address_jibun,https://dapi.kakao.com/v2/local/search/address.json,2026-09-06,https://www.data.go.kr/data/15038929/fileData.do,2026-01-19,2026-09-06,administrative_record_only_not_confirmed_active,신축,2023-04-04,2023-08-16,2024-06-25,제1종근린생활시설,,"주소 기반 추정 위치, 공사현장 좌표 아님"
15038929:1414,1414,건축행정기록,제2종근린생활시설,인천광역시 계양구 계산동 942-41 외1필지,37.5405477,126.7222358,geocoded_kakao_jibun,kakao_exact_jibun_address_match,인천 계양구 계산동 942-41,1,1,0.0,,kakao_local_api:address_jibun,https://dapi.kakao.com/v2/local/search/address.json,2026-09-06,https://www.data.go.kr/data/15038929/fileData.do,2026-01-19,2026-09-06,administrative_record_only_not_confirmed_active,대수선,2023-03-31,2023-12-01,2024-05-24,제2종근린생활시설,,"주소 기반 추정 위치, 공사현장 좌표 아님"
15038929:1415,1415,건축행정기록,제2종근린생활시설,인천광역시 계양구 효성동 412-13,37.5248453,126.7056060,geocoded_kakao_jibun,kakao_exact_jibun_address_match,인천 계양구 효성동 412-13,1,1,0.0,,kakao_local_api:address_jibun,https://dapi.kakao.com/v2/local/search/address.json,2026-09-06,https://www.data.go.kr/data/15038929/fileData.do,2026-01-19,2026-09-06,administrative_record_only_not_confirmed_active,신축,2023-03-22,2023-04-13,2023-08-09,제2종근린생활시설,,"주소 기반 추정 위치, 공사현장 좌표 아님"
15038929:1416,1416,건축행정기록,제2종근린생활시설,인천광역시 계양구 장기동 115-22,37.5761740,126.7357613,geocoded_kakao_jibun,kakao_exact_jibun_address_match,인천 계양구 장기동 115-22,1,1,0.0,,kakao_local_api:address_jibun,https://dapi.kakao.com/v2/local/search/address.json,2026-09-06,https://www.data.go.kr/data/15038929/fileData.do,2026-01-19,2026-09-06,administrative_record_only_not_confirmed_active,증축,2023-03-20,2024-05-08,2024-08-23,제2종근린생활시설,,"주소 기반 추정 위치, 공사현장 좌표 아님"
15038929:1417,1417,건축행정기록,제2종근린생활시설,인천광역시 계양구 평동 93-6,37.5795164,126.7749077,geocoded_kakao_jibun,kakao_exact_jibun_address_match,인천 계양구 평동 93-6,1,1,0.0,,kakao_local_api:address_jibun,https://dapi.kakao.com/v2/local/search/address.json,2026-09-06,https://www.data.go.kr/data/15038929/fileData.do,2026-01-19,2026-09-06,administrative_record_only_not_confirmed_active,신축,2023-03-14,2023-03-21,2023-05-30,제2종근린생활시설,,"주소 기반 추정 위치, 공사현장 좌표 아님"
15038929:1418,1418,건축행정기록,단독주택,인천광역시 계양구 귤현동 505-5,37.5669642,126.7461562,geocoded_kakao_jibun,kakao_exact_jibun_address_match,인천 계양구 귤현동 505-5,1,1,0.0,,kakao_local_api:address_jibun,https://dapi.kakao.com/v2/local/search/address.json,2026-09-06,https://www.data.go.kr/data/15038929/fileData.do,2026-01-19,2026-09-06,administrative_record_only_not_confirmed_active,신축,2023-03-06,2023-03-23,2023-11-30,단독주택,,"주소 기반 추정 위치, 공사현장 좌표 아님"
15038929:1419,1419,건축행정기록,업무시설,인천광역시 계양구 계산동 1074-8 외1필지,37.5357429,126.7345854,geocoded_kakao_jibun,kakao_exact_jibun_address_match,인천 계양구 계산동 1074-8,1,1,0.0,,kakao_local_api:address_jibun,https://dapi.kakao.com/v2/local/search/address.json,2026-09-06,https://www.data.go.kr/data/15038929/fileData.do,2026-01-19,2026-09-06,administrative_record_only_not_confirmed_active,신축,2023-02-23,2023-04-19,2025-07-08,업무시설,,"주소 기반 추정 위치, 공사현장 좌표 아님"
15038929:1420,1420,건축행정기록,제2종근린생활시설,인천광역시 계양구 이화동 250-4,37.5901772,126.7373810,geocoded_kakao_jibun,kakao_exact_jibun_address_match,인천 계양구 이화동 250-4,1,1,0.0,,kakao_local_api:address_jibun,https://dapi.kakao.com/v2/local/search/address.json,2026-09-06,https://www.data.go.kr/data/15038929/fileData.do,2026-01-19,2026-09-06,administrative_record_only_not_confirmed_active,신축,2023-02-23,2023-03-07,2023-08-08,제2종근린생활시설,,"주소 기반 추정 위치, 공사현장 좌표 아님"
15038929:1421,1421,건축행정기록,공장,인천광역시 계양구 효성동 626-3 외1필지,37.5239186,126.6928352,geocoded_kakao_jibun,kakao_exact_jibun_address_match,인천 계양구 효성동 626-3,1,1,0.0,,kakao_local_api:address_jibun,https://dapi.kakao.com/v2/local/search/address.json,2026-09-06,https://www.data.go.kr/data/15038929/fileData.do,2026-01-19,2026-09-06,administrative_record_only_not_confirmed_active,증축,2023-01-26,2023-02-03,2023-04-11,공장,,"주소 기반 추정 위치, 공사현장 좌표 아님"
15038929:1422,1422,건축행정기록,공동주택,인천광역시 계양구 효성동 221-7,37.5247264,126.7137095,geocoded_kakao_jibun,kakao_exact_jibun_address_match,인천 계양구 효성동 221-7,1,1,0.0,,kakao_local_api:address_jibun,https://dapi.kakao.com/v2/local/search/address.json,2026-09-06,https://www.data.go.kr/data/15038929/fileData.do,2026-01-19,2026-09-06,administrative_record_only_not_confirmed_active,신축,2023-01-25,2023-03-06,2023-09-21,공동주택,,"주소 기반 추정 위치, 공사현장 좌표 아님"
15038929:1423,1423,건축행정기록,종교시설,인천광역시 계양구 효성동 321-51,37.5275241,126.7103589,geocoded_kakao_jibun,kakao_exact_jibun_address_match,인천 계양구 효성동 321-51,1,1,0.0,,kakao_local_api:address_jibun,https://dapi.kakao.com/v2/local/search/address.json,2026-09-06,https://www.data.go.kr/data/15038929/fileData.do,2026-01-19,2026-09-06,administrative_record_only_not_confirmed_active,대수선,2023-01-09,2023-02-03,2023-07-04,종교시설,,"주소 기반 추정 위치, 공사현장 좌표 아님"
15038929:1424,1424,건축행정기록,공동주택,인천광역시 계양구 계산동 974-20,37.5402214,126.7213134,geocoded_kakao_jibun,kakao_exact_jibun_address_match,인천 계양구 계산동 974-20,1,1,0.0,,kakao_local_api:address_jibun,https://dapi.kakao.com/v2/local/search/address.json,2026-09-06,https://www.data.go.kr/data/15038929/fileData.do,2026-01-19,2026-09-06,administrative_record_only_not_confirmed_active,신축,2022-12-07,2023-01-25,2023-08-25,공동주택,,"주소 기반 추정 위치, 공사현장 좌표 아님"
15038929:1425,1425,건축행정기록,제1종근린생활시설,인천광역시 계양구 이화동 52-19,37.5836417,126.7449808,geocoded_kakao_jibun,kakao_exact_jibun_address_match,인천 계양구 이화동 52-19,1,1,0.0,,kakao_local_api:address_jibun,https://dapi.kakao.com/v2/local/search/address.json,2026-09-06,https://www.data.go.kr/data/15038929/fileData.do,2026-01-19,2026-09-06,administrative_record_only_not_confirmed_active,신축,2022-11-29,2025-04-25,2025-10-01,제1종근린생활시설,,"주소 기반 추정 위치, 공사현장 좌표 아님"
15038929:1426,1426,건축행정기록,제1종근린생활시설,인천광역시 계양구 효성동 63-8 외1필지,37.5318973,126.7111875,geocoded_kakao_jibun,kakao_exact_jibun_address_match,인천 계양구 효성동 63-8,1,1,0.0,,kakao_local_api:address_jibun,https://dapi.kakao.com/v2/local/search/address.json,2026-09-06,https://www.data.go.kr/data/15038929/fileData.do,2026-01-19,2026-09-06,administrative_record_only_not_confirmed_active,용도변경,2022-10-26,,2023-11-22,제1종근린생활시설,,"주소 기반 추정 위치, 공사현장 좌표 아님"
15038929:1427,1427,건축행정기록,제1종근린생활시설,인천광역시 계양구 귤현동 497-2,37.5678213,126.7479787,geocoded_kakao_jibun,kakao_exact_jibun_address_match,인천 계양구 귤현동 497-2,1,1,0.0,,kakao_local_api:address_jibun,https://dapi.kakao.com/v2/local/search/address.json,2026-09-06,https://www.data.go.kr/data/15038929/fileData.do,2026-01-19,2026-09-06,administrative_record_only_not_confirmed_active,신축,2022-10-26,2022-11-08,2023-04-12,제1종근린생활시설,,"주소 기반 추정 위치, 공사현장 좌표 아님"
15038929:1428,1428,건축행정기록,공동주택,인천광역시 계양구 계산동 974-19,37.5403637,126.7212926,geocoded_kakao_jibun,kakao_exact_jibun_address_match,인천 계양구 계산동 974-19,1,1,0.0,,kakao_local_api:address_jibun,https://dapi.kakao.com/v2/local/search/address.json,2026-09-06,https://www.data.go.kr/data/15038929/fileData.do,2026-01-19,2026-09-06,administrative_record_only_not_confirmed_active,신축,2022-10-24,2022-11-25,2024-01-10,공동주택,,"주소 기반 추정 위치, 공사현장 좌표 아님"
15038929:1429,1429,건축행정기록,공동주택,인천광역시 계양구 계산동 990-24,37.5364437,126.7264171,geocoded_kakao_jibun,kakao_exact_jibun_address_match,인천 계양구 계산동 990-24,1,1,0.0,,kakao_local_api:address_jibun,https://dapi.kakao.com/v2/local/search/address.json,2026-09-06,https://www.data.go.kr/data/15038929/fileData.do,2026-01-19,2026-09-06,administrative_record_only_not_confirmed_active,신축,2022-10-21,2022-12-22,2023-10-05,공동주택,,"주소 기반 추정 위치, 공사현장 좌표 아님"
15038929:1430,1430,건축행정기록,제1종근린생활시설,인천광역시 계양구 장기동 134-4,37.5790624,126.7339870,geocoded_kakao_jibun,kakao_exact_jibun_address_match,인천 계양구 장기동 134-4,1,1,0.0,,kakao_local_api:address_jibun,https://dapi.kakao.com/v2/local/search/address.json,2026-09-06,https://www.data.go.kr/data/15038929/fileData.do,2026-01-19,2026-09-06,administrative_record_only_not_confirmed_active,신축,2022-10-07,2024-05-29,2025-01-03,제1종근린생활시설,,"주소 기반 추정 위치, 공사현장 좌표 아님"
15038929:1431,1431,건축행정기록,제2종근린생활시설,인천광역시 계양구 박촌동 2-1,37.5602899,126.7450945,geocoded_kakao_jibun,kakao_exact_jibun_address_match,인천 계양구 박촌동 2-1,1,1,0.0,,kakao_local_api:address_jibun,https://dapi.kakao.com/v2/local/search/address.json,2026-09-06,https://www.data.go.kr/data/15038929/fileData.do,2026-01-19,2026-09-06,administrative_record_only_not_confirmed_active,신축,2022-09-28,2024-08-09,2024-12-24,제2종근린생활시설,,"주소 기반 추정 위치, 공사현장 좌표 아님"
15038929:1432,1432,건축행정기록,제2종근린생활시설,인천광역시 계양구 다남동 103-4,37.5696574,126.7292580,geocoded_kakao_jibun,kakao_exact_jibun_address_match,인천 계양구 다남동 103-4,1,1,0.0,,kakao_local_api:address_jibun,https://dapi.kakao.com/v2/local/search/address.json,2026-09-06,https://www.data.go.kr/data/15038929/fileData.do,2026-01-19,2026-09-06,administrative_record_only_not_confirmed_active,신축,2022-09-07,2022-09-28,2023-03-31,제2종근린생활시설,,"주소 기반 추정 위치, 공사현장 좌표 아님"
15038929:1433,1433,건축행정기록,노유자시설,인천광역시 계양구 귤현동 504-9,37.5669386,126.7468842,geocoded_kakao_jibun,kakao_exact_jibun_address_match,인천 계양구 귤현동 504-9,1,1,0.0,,kakao_local_api:address_jibun,https://dapi.kakao.com/v2/local/search/address.json,2026-09-06,https://www.data.go.kr/data/15038929/fileData.do,2026-01-19,2026-09-06,administrative_record_only_not_confirmed_active,대수선,2022-09-06,2022-11-21,2023-05-03,노유자시설,,"주소 기반 추정 위치, 공사현장 좌표 아님"
15038929:1434,1434,건축행정기록,제2종근린생활시설,인천광역시 계양구 선주지동 106-7,37.5796596,126.7482439,geocoded_kakao_jibun,kakao_exact_jibun_address_match,인천 계양구 선주지동 106-7,1,1,0.0,,kakao_local_api:address_jibun,https://dapi.kakao.com/v2/local/search/address.json,2026-09-06,https://www.data.go.kr/data/15038929/fileData.do,2026-01-19,2026-09-06,administrative_record_only_not_confirmed_active,증축,2022-09-02,2022-09-30,2023-01-03,제2종근린생활시설,,"주소 기반 추정 위치, 공사현장 좌표 아님"
15038929:1435,1435,건축행정기록,창고시설,인천광역시 계양구 서운동 147-14,37.5268137,126.7588434,geocoded_kakao_jibun,kakao_exact_jibun_address_match,인천 계양구 서운동 147-14,1,1,0.0,,kakao_local_api:address_jibun,https://dapi.kakao.com/v2/local/search/address.json,2026-09-06,https://www.data.go.kr/data/15038929/fileData.do,2026-01-19,2026-09-06,administrative_record_only_not_confirmed_active,증축,2022-08-31,2022-09-14,2022-09-28,창고시설,,"주소 기반 추정 위치, 공사현장 좌표 아님"
15038929:1436,1436,건축행정기록,제1종근린생활시설,인천광역시 계양구 갈현동 82-10,37.5750724,126.7255380,geocoded_kakao_jibun,kakao_exact_jibun_address_match,인천 계양구 갈현동 82-10,1,1,0.0,,kakao_local_api:address_jibun,https://dapi.kakao.com/v2/local/search/address.json,2026-09-06,https://www.data.go.kr/data/15038929/fileData.do,2026-01-19,2026-09-06,administrative_record_only_not_confirmed_active,신축,2022-08-23,2022-11-02,2024-09-06,제1종근린생활시설,,"주소 기반 추정 위치, 공사현장 좌표 아님"
15038929:1437,1437,건축행정기록,제1종근린생활시설,인천광역시 계양구 선주지동 6 외1필지,37.5832927,126.7471310,geocoded_kakao_jibun,kakao_exact_jibun_address_match,인천 계양구 선주지동 6,1,1,0.0,,kakao_local_api:address_jibun,https://dapi.kakao.com/v2/local/search/address.json,2026-09-06,https://www.data.go.kr/data/15038929/fileData.do,2026-01-19,2026-09-06,administrative_record_only_not_confirmed_active,신축,2022-08-18,2022-09-22,2023-04-11,제1종근린생활시설,,"주소 기반 추정 위치, 공사현장 좌표 아님"
15038929:1438,1438,건축행정기록,제1종근린생활시설,인천광역시 계양구 선주지동 6 외1필지,37.5832927,126.7471310,geocoded_kakao_jibun,kakao_exact_jibun_address_match,인천 계양구 선주지동 6,1,1,0.0,,kakao_local_api:address_jibun,https://dapi.kakao.com/v2/local/search/address.json,2026-09-06,https://www.data.go.kr/data/15038929/fileData.do,2026-01-19,2026-09-06,administrative_record_only_not_confirmed_active,신축,2022-08-18,2022-09-22,2023-04-11,제1종근린생활시설,,"주소 기반 추정 위치, 공사현장 좌표 아님"
15038929:1439,1439,건축행정기록,제2종근린생활시설,인천광역시 계양구 효성동 412-1,37.5251000,126.7065684,geocoded_kakao_jibun,kakao_exact_jibun_address_match,인천 계양구 효성동 412-1,1,1,0.0,,kakao_local_api:address_jibun,https://dapi.kakao.com/v2/local/search/address.json,2026-09-06,https://www.data.go.kr/data/15038929/fileData.do,2026-01-19,2026-09-06,administrative_record_only_not_confirmed_active,신축,2022-08-09,2023-02-16,2023-08-07,제2종근린생활시설,,"주소 기반 추정 위치, 공사현장 좌표 아님"
15038929:1440,1440,건축행정기록,제2종근린생활시설,인천광역시 계양구 서운동 130-4 외1필지,,,unresolved,no_exact_parcel_match_in_kakao,,0,0,,,kakao_local_api:unresolved,https://dapi.kakao.com/v2/local/search/address.json,2026-09-06,https://www.data.go.kr/data/15038929/fileData.do,2026-01-19,2026-09-06,administrative_record_only_not_confirmed_active,신축,2022-07-29,2022-09-14,2023-02-16,제2종근린생활시설,,"주소 기반 추정 위치, 공사현장 좌표 아님"
15038929:1441,1441,건축행정기록,제1종근린생활시설,인천광역시 계양구 이화동 222-3,37.5927188,126.7388804,geocoded_kakao_jibun,kakao_exact_jibun_address_match,인천 계양구 이화동 222-3,1,1,0.0,,kakao_local_api:address_jibun,https://dapi.kakao.com/v2/local/search/address.json,2026-09-06,https://www.data.go.kr/data/15038929/fileData.do,2026-01-19,2026-09-06,administrative_record_only_not_confirmed_active,증축,2022-07-26,2022-10-18,2023-03-24,제1종근린생활시설,,"주소 기반 추정 위치, 공사현장 좌표 아님"
15038929:1442,1442,건축행정기록,공동주택,인천광역시 계양구 효성동 152-3 외1필지,37.5292574,126.7103914,geocoded_kakao_jibun,kakao_exact_jibun_address_match,인천 계양구 효성동 152-3,1,1,0.0,,kakao_local_api:address_jibun,https://dapi.kakao.com/v2/local/search/address.json,2026-09-06,https://www.data.go.kr/data/15038929/fileData.do,2026-01-19,2026-09-06,administrative_record_only_not_confirmed_active,신축,2022-07-12,2022-07-26,2022-12-14,공동주택,,"주소 기반 추정 위치, 공사현장 좌표 아님"
15038929:1443,1443,건축행정기록,판매시설,인천광역시 계양구 계산동 300-13 외2필지,37.5367059,126.7297236,geocoded_kakao_jibun,kakao_exact_jibun_address_match,인천 계양구 계산동 300-13,1,1,0.0,,kakao_local_api:address_jibun,https://dapi.kakao.com/v2/local/search/address.json,2026-09-06,https://www.data.go.kr/data/15038929/fileData.do,2026-01-19,2026-09-06,administrative_record_only_not_confirmed_active,용도변경,2022-07-06,,2022-07-26,판매시설,,"주소 기반 추정 위치, 공사현장 좌표 아님"
15038929:1444,1444,건축행정기록,제1종근린생활시설,인천광역시 계양구 하야동 65-8,37.5816881,126.7788654,geocoded_kakao_jibun,kakao_exact_jibun_address_match,인천 계양구 하야동 65-8,1,1,0.0,,kakao_local_api:address_jibun,https://dapi.kakao.com/v2/local/search/address.json,2026-09-06,https://www.data.go.kr/data/15038929/fileData.do,2026-01-19,2026-09-06,administrative_record_only_not_confirmed_active,신축,2022-07-06,2022-08-22,2022-11-15,제1종근린생활시설,,"주소 기반 추정 위치, 공사현장 좌표 아님"
15038929:1445,1445,건축행정기록,공동주택,인천광역시 계양구 작전동 644-2,37.5283171,126.7346431,geocoded_kakao_jibun,kakao_exact_jibun_address_match,인천 계양구 작전동 644-2,1,1,0.0,,kakao_local_api:address_jibun,https://dapi.kakao.com/v2/local/search/address.json,2026-09-06,https://www.data.go.kr/data/15038929/fileData.do,2026-01-19,2026-09-06,administrative_record_only_not_confirmed_active,신축,2022-07-04,2022-07-14,2022-12-02,공동주택,,"주소 기반 추정 위치, 공사현장 좌표 아님"
15038929:1446,1446,건축행정기록,제2종근린생활시설,인천광역시 계양구 하야동 38-23,37.5828266,126.7816182,geocoded_kakao_jibun,kakao_exact_jibun_address_match,인천 계양구 하야동 38-23,1,1,0.0,,kakao_local_api:address_jibun,https://dapi.kakao.com/v2/local/search/address.json,2026-09-06,https://www.data.go.kr/data/15038929/fileData.do,2026-01-19,2026-09-06,administrative_record_only_not_confirmed_active,신축,2022-06-29,2022-07-22,2022-11-16,제2종근린생활시설,,"주소 기반 추정 위치, 공사현장 좌표 아님"
15038929:1447,1447,건축행정기록,제2종근린생활시설,인천광역시 계양구 상야동 18-8,37.5780996,126.7809100,geocoded_kakao_jibun,kakao_exact_jibun_address_match,인천 계양구 상야동 18-8,1,1,0.0,,kakao_local_api:address_jibun,https://dapi.kakao.com/v2/local/search/address.json,2026-09-06,https://www.data.go.kr/data/15038929/fileData.do,2026-01-19,2026-09-06,administrative_record_only_not_confirmed_active,신축,2022-06-20,2022-10-04,2023-03-24,제2종근린생활시설,,"주소 기반 추정 위치, 공사현장 좌표 아님"
15038929:1448,1448,건축행정기록,종교시설,인천광역시 계양구 박촌동 19-3 외2필지,37.5563182,126.7442516,geocoded_kakao_jibun,kakao_exact_jibun_address_match,인천 계양구 박촌동 19-3,1,1,0.0,,kakao_local_api:address_jibun,https://dapi.kakao.com/v2/local/search/address.json,2026-09-06,https://www.data.go.kr/data/15038929/fileData.do,2026-01-19,2026-09-06,administrative_record_only_not_confirmed_active,증축,2022-06-08,2022-09-21,2024-12-17,종교시설,,"주소 기반 추정 위치, 공사현장 좌표 아님"
15038929:1449,1449,건축행정기록,제1종근린생활시설,인천광역시 계양구 방축동 87-12 외1필지,37.5539807,126.7341707,geocoded_kakao_jibun,kakao_exact_jibun_address_match,인천 계양구 방축동 87-12,1,1,0.0,,kakao_local_api:address_jibun,https://dapi.kakao.com/v2/local/search/address.json,2026-09-06,https://www.data.go.kr/data/15038929/fileData.do,2026-01-19,2026-09-06,administrative_record_only_not_confirmed_active,신축,2022-05-30,2022-07-27,2024-01-15,제1종근린생활시설,,"주소 기반 추정 위치, 공사현장 좌표 아님"
15038929:1450,1450,건축행정기록,제2종근린생활시설,인천광역시 계양구 효성동 198-1 외3필지,37.5270967,126.7171960,geocoded_kakao_jibun,kakao_exact_jibun_address_match,인천 계양구 효성동 198-1,1,1,0.0,,kakao_local_api:address_jibun,https://dapi.kakao.com/v2/local/search/address.json,2026-09-06,https://www.data.go.kr/data/15038929/fileData.do,2026-01-19,2026-09-06,administrative_record_only_not_confirmed_active,용도변경,2022-05-26,,2023-05-31,제2종근린생활시설,,"주소 기반 추정 위치, 공사현장 좌표 아님"
15038929:1451,1451,건축행정기록,판매시설,인천광역시 계양구 계산동 1061,37.5395042,126.7362101,geocoded_kakao_jibun,kakao_exact_jibun_address_match,인천 계양구 계산동 1061,1,1,0.0,,kakao_local_api:address_jibun,https://dapi.kakao.com/v2/local/search/address.json,2026-09-06,https://www.data.go.kr/data/15038929/fileData.do,2026-01-19,2026-09-06,administrative_record_only_not_confirmed_active,용도변경,2022-05-24,,2022-07-25,판매시설,,"주소 기반 추정 위치, 공사현장 좌표 아님"
15038929:1452,1452,건축행정기록,제1종근린생활시설,인천광역시 계양구 효성동 198-1 외3필지,37.5270967,126.7171960,geocoded_kakao_jibun,kakao_exact_jibun_address_match,인천 계양구 효성동 198-1,1,1,0.0,,kakao_local_api:address_jibun,https://dapi.kakao.com/v2/local/search/address.json,2026-09-06,https://www.data.go.kr/data/15038929/fileData.do,2026-01-19,2026-09-06,administrative_record_only_not_confirmed_active,용도변경,2022-05-20,,2022-07-13,제1종근린생활시설,,"주소 기반 추정 위치, 공사현장 좌표 아님"
15038929:1453,1453,건축행정기록,노유자시설,인천광역시 계양구 둑실동 121,37.5794507,126.7004078,geocoded_kakao_jibun,kakao_exact_jibun_address_match,인천 계양구 둑실동 121,1,1,0.0,,kakao_local_api:address_jibun,https://dapi.kakao.com/v2/local/search/address.json,2026-09-06,https://www.data.go.kr/data/15038929/fileData.do,2026-01-19,2026-09-06,administrative_record_only_not_confirmed_active,신축,2022-05-19,2022-07-06,2023-02-23,노유자시설,,"주소 기반 추정 위치, 공사현장 좌표 아님"
15038929:1454,1454,건축행정기록,제1종근린생활시설,인천광역시 계양구 이화동 23-56 외1필지,37.5881632,126.7458229,geocoded_kakao_jibun,kakao_exact_jibun_address_match,인천 계양구 이화동 23-56,1,1,0.0,,kakao_local_api:address_jibun,https://dapi.kakao.com/v2/local/search/address.json,2026-09-06,https://www.data.go.kr/data/15038929/fileData.do,2026-01-19,2026-09-06,administrative_record_only_not_confirmed_active,신축,2022-05-17,2022-12-13,2025-12-22,제1종근린생활시설,,"주소 기반 추정 위치, 공사현장 좌표 아님"
15038929:1455,1455,건축행정기록,공동주택,인천광역시 계양구 임학동 47-10 외1필지,37.5458481,126.7326969,geocoded_kakao_jibun,kakao_exact_jibun_address_match,인천 계양구 임학동 47-10,1,1,0.0,,kakao_local_api:address_jibun,https://dapi.kakao.com/v2/local/search/address.json,2026-09-06,https://www.data.go.kr/data/15038929/fileData.do,2026-01-19,2026-09-06,administrative_record_only_not_confirmed_active,신축,2022-05-17,2022-05-25,2022-11-01,공동주택,,"주소 기반 추정 위치, 공사현장 좌표 아님"
15038929:1456,1456,건축행정기록,의료시설,인천광역시 계양구 작전동 909,37.5320806,126.7368315,geocoded_kakao_jibun,kakao_exact_jibun_address_match,인천 계양구 작전동 909,1,1,0.0,,kakao_local_api:address_jibun,https://dapi.kakao.com/v2/local/search/address.json,2026-09-06,https://www.data.go.kr/data/15038929/fileData.do,2026-01-19,2026-09-06,administrative_record_only_not_confirmed_active,증축,2022-05-09,2022-08-11,2023-03-28,의료시설,,"주소 기반 추정 위치, 공사현장 좌표 아님"
15038929:1457,1457,건축행정기록,제1종근린생활시설,인천광역시 계양구 임학동 6,37.5473817,126.7400035,geocoded_kakao_jibun,kakao_exact_jibun_address_match,인천 계양구 임학동 6,1,1,0.0,,kakao_local_api:address_jibun,https://dapi.kakao.com/v2/local/search/address.json,2026-09-06,https://www.data.go.kr/data/15038929/fileData.do,2026-01-19,2026-09-06,administrative_record_only_not_confirmed_active,대수선,2022-04-26,2022-05-20,2023-01-06,제1종근린생활시설,,"주소 기반 추정 위치, 공사현장 좌표 아님"
15038929:1458,1458,건축행정기록,노유자시설,인천광역시 계양구 효성동 273-16,37.5263518,126.7115914,geocoded_kakao_jibun,kakao_exact_jibun_address_match,인천 계양구 효성동 273-16,1,1,0.0,,kakao_local_api:address_jibun,https://dapi.kakao.com/v2/local/search/address.json,2026-09-06,https://www.data.go.kr/data/15038929/fileData.do,2026-01-19,2026-09-06,administrative_record_only_not_confirmed_active,신축,2022-04-20,2022-05-31,2023-01-19,노유자시설,,"주소 기반 추정 위치, 공사현장 좌표 아님"
15038929:1459,1459,건축행정기록,공동주택,인천광역시 계양구 동양동 609-5,37.5611468,126.7539609,geocoded_kakao_jibun,kakao_exact_jibun_address_match,인천 계양구 동양동 609-5,1,1,0.0,,kakao_local_api:address_jibun,https://dapi.kakao.com/v2/local/search/address.json,2026-09-06,https://www.data.go.kr/data/15038929/fileData.do,2026-01-19,2026-09-06,administrative_record_only_not_confirmed_active,신축,2022-04-20,2022-05-02,2022-12-14,공동주택,,"주소 기반 추정 위치, 공사현장 좌표 아님"
15038929:1460,1460,건축행정기록,단독주택,인천광역시 계양구 계산동 906-70,37.5463384,126.7283791,geocoded_kakao_jibun,kakao_exact_jibun_address_match,인천 계양구 계산동 906-70,1,1,0.0,,kakao_local_api:address_jibun,https://dapi.kakao.com/v2/local/search/address.json,2026-09-06,https://www.data.go.kr/data/15038929/fileData.do,2026-01-19,2026-09-06,administrative_record_only_not_confirmed_active,신축,2022-04-08,2022-04-25,2022-10-17,단독주택,,"주소 기반 추정 위치, 공사현장 좌표 아님"
15038929:1461,1461,건축행정기록,제2종근린생활시설,인천광역시 계양구 효성동 54-3,37.5331174,126.7097368,geocoded_kakao_jibun,kakao_exact_jibun_address_match,인천 계양구 효성동 54-3,1,1,0.0,,kakao_local_api:address_jibun,https://dapi.kakao.com/v2/local/search/address.json,2026-09-06,https://www.data.go.kr/data/15038929/fileData.do,2026-01-19,2026-09-06,administrative_record_only_not_confirmed_active,신축,2022-04-07,2022-11-29,2023-06-01,제2종근린생활시설,,"주소 기반 추정 위치, 공사현장 좌표 아님"
15038929:1462,1462,건축행정기록,노유자시설,인천광역시 계양구 이화동 241-4 외3필지,37.5916666,126.7372219,geocoded_kakao_jibun,kakao_exact_jibun_address_match,인천 계양구 이화동 241-4,1,1,0.0,,kakao_local_api:address_jibun,https://dapi.kakao.com/v2/local/search/address.json,2026-09-06,https://www.data.go.kr/data/15038929/fileData.do,2026-01-19,2026-09-06,administrative_record_only_not_confirmed_active,신축,2022-03-30,2022-05-27,2023-02-21,노유자시설,,"주소 기반 추정 위치, 공사현장 좌표 아님"
15038929:1463,1463,건축행정기록,제1종근린생활시설,인천광역시 계양구 장기동 152-2,37.5773026,126.7363486,geocoded_kakao_jibun,kakao_exact_jibun_address_match,인천 계양구 장기동 152-2,1,1,0.0,,kakao_local_api:address_jibun,https://dapi.kakao.com/v2/local/search/address.json,2026-09-06,https://www.data.go.kr/data/15038929/fileData.do,2026-01-19,2026-09-06,administrative_record_only_not_confirmed_active,신축,2022-03-29,2022-06-20,2023-10-20,제1종근린생활시설,,"주소 기반 추정 위치, 공사현장 좌표 아님"
15038929:1464,1464,건축행정기록,공동주택,인천광역시 계양구 병방동 104-10,37.5474621,126.7433216,geocoded_kakao_jibun,kakao_exact_jibun_address_match,인천 계양구 병방동 104-10,1,1,0.0,,kakao_local_api:address_jibun,https://dapi.kakao.com/v2/local/search/address.json,2026-09-06,https://www.data.go.kr/data/15038929/fileData.do,2026-01-19,2026-09-06,administrative_record_only_not_confirmed_active,신축,2022-03-28,2022-04-27,2023-07-18,공동주택,,"주소 기반 추정 위치, 공사현장 좌표 아님"
15038929:1465,1465,건축행정기록,제1종근린생활시설,인천광역시 계양구 서운동 130-21 외1필지,37.5264334,126.7493342,geocoded_kakao_jibun,kakao_exact_jibun_address_match,인천 계양구 서운동 130-21,1,1,0.0,,kakao_local_api:address_jibun,https://dapi.kakao.com/v2/local/search/address.json,2026-09-06,https://www.data.go.kr/data/15038929/fileData.do,2026-01-19,2026-09-06,administrative_record_only_not_confirmed_active,신축,2022-03-24,2022-08-24,2023-01-26,제1종근린생활시설,,"주소 기반 추정 위치, 공사현장 좌표 아님"
15038929:1466,1466,건축행정기록,공장,인천광역시 계양구 서운동 211-5,37.5359203,126.7572887,geocoded_kakao_jibun,kakao_exact_jibun_address_match,인천 계양구 서운동 211-5,1,1,0.0,,kakao_local_api:address_jibun,https://dapi.kakao.com/v2/local/search/address.json,2026-09-06,https://www.data.go.kr/data/15038929/fileData.do,2026-01-19,2026-09-06,administrative_record_only_not_confirmed_active,대수선,2022-03-23,2022-03-31,2022-04-26,공장,,"주소 기반 추정 위치, 공사현장 좌표 아님"
15038929:1467,1467,건축행정기록,제2종근린생활시설,인천광역시 계양구 서운동 214-4 외1필지,37.5341421,126.7556840,geocoded_kakao_jibun,kakao_exact_jibun_address_match,인천 계양구 서운동 214-4,1,1,0.0,,kakao_local_api:address_jibun,https://dapi.kakao.com/v2/local/search/address.json,2026-09-06,https://www.data.go.kr/data/15038929/fileData.do,2026-01-19,2026-09-06,administrative_record_only_not_confirmed_active,용도변경,2022-03-21,,2022-07-18,제2종근린생활시설,,"주소 기반 추정 위치, 공사현장 좌표 아님"
15038929:1468,1468,건축행정기록,제2종근린생활시설,인천광역시 계양구 다남동 77-2,37.5689348,126.7247118,geocoded_kakao_jibun,kakao_exact_jibun_address_match,인천 계양구 다남동 77-2,1,1,0.0,,kakao_local_api:address_jibun,https://dapi.kakao.com/v2/local/search/address.json,2026-09-06,https://www.data.go.kr/data/15038929/fileData.do,2026-01-19,2026-09-06,administrative_record_only_not_confirmed_active,신축,2022-03-18,2022-04-12,2022-11-29,제2종근린생활시설,,"주소 기반 추정 위치, 공사현장 좌표 아님"
15038929:1469,1469,건축행정기록,제2종근린생활시설,인천광역시 계양구 갈현동 101-40,37.5778507,126.7210376,geocoded_kakao_jibun,kakao_exact_jibun_address_match,인천 계양구 갈현동 101-40,1,1,0.0,,kakao_local_api:address_jibun,https://dapi.kakao.com/v2/local/search/address.json,2026-09-06,https://www.data.go.kr/data/15038929/fileData.do,2026-01-19,2026-09-06,administrative_record_only_not_confirmed_active,신축,2022-03-07,2022-03-29,2022-07-01,제2종근린생활시설,,"주소 기반 추정 위치, 공사현장 좌표 아님"
15038929:1470,1470,건축행정기록,제1종근린생활시설,인천광역시 계양구 이화동 273-1 외1필지,37.5893457,126.7359217,geocoded_kakao_jibun,kakao_exact_jibun_address_match,인천 계양구 이화동 273-1,1,1,0.0,,kakao_local_api:address_jibun,https://dapi.kakao.com/v2/local/search/address.json,2026-09-06,https://www.data.go.kr/data/15038929/fileData.do,2026-01-19,2026-09-06,administrative_record_only_not_confirmed_active,신축,2022-03-03,2022-04-05,2022-07-07,제1종근린생활시설,,"주소 기반 추정 위치, 공사현장 좌표 아님"
15038929:1471,1471,건축행정기록,창고시설,인천광역시 계양구 서운동 55-54 외2필지,37.5263843,126.7470538,geocoded_kakao_jibun,kakao_exact_jibun_address_match,인천 계양구 서운동 55-54,1,1,0.0,,kakao_local_api:address_jibun,https://dapi.kakao.com/v2/local/search/address.json,2026-09-06,https://www.data.go.kr/data/15038929/fileData.do,2026-01-19,2026-09-06,administrative_record_only_not_confirmed_active,대수선,2022-02-24,2022-02-25,2022-03-15,창고시설,,"주소 기반 추정 위치, 공사현장 좌표 아님"
15038929:1472,1472,건축행정기록,노유자시설,인천광역시 계양구 귤현동 507-11,37.5674070,126.7450848,geocoded_kakao_jibun,kakao_exact_jibun_address_match,인천 계양구 귤현동 507-11,1,1,0.0,,kakao_local_api:address_jibun,https://dapi.kakao.com/v2/local/search/address.json,2026-09-06,https://www.data.go.kr/data/15038929/fileData.do,2026-01-19,2026-09-06,administrative_record_only_not_confirmed_active,대수선,2022-02-08,2022-04-22,2022-08-09,노유자시설,,"주소 기반 추정 위치, 공사현장 좌표 아님"
15038929:1473,1473,건축행정기록,제2종근린생활시설,인천광역시 계양구 귤현동 496,37.5673040,126.7474713,geocoded_kakao_jibun,kakao_exact_jibun_address_match,인천 계양구 귤현동 496,1,1,0.0,,kakao_local_api:address_jibun,https://dapi.kakao.com/v2/local/search/address.json,2026-09-06,https://www.data.go.kr/data/15038929/fileData.do,2026-01-19,2026-09-06,administrative_record_only_not_confirmed_active,신축,2022-01-26,2022-02-18,2022-12-29,제2종근린생활시설,,"주소 기반 추정 위치, 공사현장 좌표 아님"
15038929:1474,1474,건축행정기록,제2종근린생활시설,인천광역시 계양구 하야동 64-7,37.5819766,126.7800625,geocoded_kakao_jibun,kakao_exact_jibun_address_match,인천 계양구 하야동 64-7,1,1,0.0,,kakao_local_api:address_jibun,https://dapi.kakao.com/v2/local/search/address.json,2026-09-06,https://www.data.go.kr/data/15038929/fileData.do,2026-01-19,2026-09-06,administrative_record_only_not_confirmed_active,신축,2022-01-25,2022-02-07,2022-04-13,제2종근린생활시설,,"주소 기반 추정 위치, 공사현장 좌표 아님"
15038929:1475,1475,건축행정기록,제1종근린생활시설,인천광역시 계양구 임학동 67-13,37.5445444,126.7379091,geocoded_kakao_jibun,kakao_exact_jibun_address_match,인천 계양구 임학동 67-13,1,1,0.0,,kakao_local_api:address_jibun,https://dapi.kakao.com/v2/local/search/address.json,2026-09-06,https://www.data.go.kr/data/15038929/fileData.do,2026-01-19,2026-09-06,administrative_record_only_not_confirmed_active,대수선,2022-01-21,2022-04-08,2023-08-28,제1종근린생활시설,,"주소 기반 추정 위치, 공사현장 좌표 아님"
15038929:1476,1476,건축행정기록,제2종근린생활시설,인천광역시 계양구 계산동 763-20 외2필지,37.5441223,126.7131919,geocoded_kakao_jibun,kakao_exact_jibun_address_match,인천 계양구 계산동 763-20,1,1,0.0,,kakao_local_api:address_jibun,https://dapi.kakao.com/v2/local/search/address.json,2026-09-06,https://www.data.go.kr/data/15038929/fileData.do,2026-01-19,2026-09-06,administrative_record_only_not_confirmed_active,신축,2022-01-21,2022-06-03,2023-08-09,제2종근린생활시설,,"주소 기반 추정 위치, 공사현장 좌표 아님"
15038929:1477,1477,건축행정기록,제1종근린생활시설,인천광역시 계양구 선주지동 195-3,37.5776347,126.7467609,geocoded_kakao_jibun,kakao_exact_jibun_address_match,인천 계양구 선주지동 195-3,1,1,0.0,,kakao_local_api:address_jibun,https://dapi.kakao.com/v2/local/search/address.json,2026-09-06,https://www.data.go.kr/data/15038929/fileData.do,2026-01-19,2026-09-06,administrative_record_only_not_confirmed_active,신축,2022-01-20,2022-02-16,2022-07-01,제1종근린생활시설,,"주소 기반 추정 위치, 공사현장 좌표 아님"
15038929:1478,1478,건축행정기록,창고시설,인천광역시 계양구 이화동 122-73,37.5824240,126.7393926,geocoded_kakao_jibun,kakao_exact_jibun_address_match,인천 계양구 이화동 122-73,1,1,0.0,,kakao_local_api:address_jibun,https://dapi.kakao.com/v2/local/search/address.json,2026-09-06,https://www.data.go.kr/data/15038929/fileData.do,2026-01-19,2026-09-06,administrative_record_only_not_confirmed_active,신축,2022-01-18,2024-04-09,2024-11-08,창고시설,,"주소 기반 추정 위치, 공사현장 좌표 아님"
15038929:1479,1479,건축행정기록,제1종근린생활시설,인천광역시 계양구 선주지동 198-3,37.5785081,126.7460782,geocoded_kakao_jibun,kakao_exact_jibun_address_match,인천 계양구 선주지동 198-3,1,1,0.0,,kakao_local_api:address_jibun,https://dapi.kakao.com/v2/local/search/address.json,2026-09-06,https://www.data.go.kr/data/15038929/fileData.do,2026-01-19,2026-09-06,administrative_record_only_not_confirmed_active,신축,2022-01-11,2022-02-07,2022-05-26,제1종근린생활시설,,"주소 기반 추정 위치, 공사현장 좌표 아님"
15038929:1480,1480,건축행정기록,제1종근린생활시설,인천광역시 계양구 둑실동 156,37.5798675,126.6996135,geocoded_kakao_jibun,kakao_exact_jibun_address_match,인천 계양구 둑실동 156,1,1,0.0,,kakao_local_api:address_jibun,https://dapi.kakao.com/v2/local/search/address.json,2026-09-06,https://www.data.go.kr/data/15038929/fileData.do,2026-01-19,2026-09-06,administrative_record_only_not_confirmed_active,신축,2022-01-10,2022-03-03,2022-12-28,제1종근린생활시설,,"주소 기반 추정 위치, 공사현장 좌표 아님"
15038929:1481,1481,건축행정기록,업무시설,인천광역시 계양구 작전동 408-14,37.5242591,126.7256365,geocoded_kakao_jibun,kakao_exact_jibun_address_match,인천 계양구 작전동 408-14,1,1,0.0,,kakao_local_api:address_jibun,https://dapi.kakao.com/v2/local/search/address.json,2026-09-06,https://www.data.go.kr/data/15038929/fileData.do,2026-01-19,2026-09-06,administrative_record_only_not_confirmed_active,신축,2022-01-07,2022-03-04,2023-04-14,업무시설,,"주소 기반 추정 위치, 공사현장 좌표 아님"
15038929:1482,1482,건축행정기록,위험물저장및처리시설,인천광역시 계양구 서운동 142-36,37.5258264,126.7541092,geocoded_kakao_jibun,kakao_exact_jibun_address_match,인천 계양구 서운동 142-36,1,1,0.0,,kakao_local_api:address_jibun,https://dapi.kakao.com/v2/local/search/address.json,2026-09-06,https://www.data.go.kr/data/15038929/fileData.do,2026-01-19,2026-09-06,administrative_record_only_not_confirmed_active,증축,2022-01-03,2022-03-23,2023-01-04,위험물저장및처리시설,,"주소 기반 추정 위치, 공사현장 좌표 아님"
15038929:1483,1483,건축행정기록,제2종근린생활시설,인천광역시 계양구 다남동 102-8,37.5696385,126.7282806,geocoded_kakao_jibun,kakao_exact_jibun_address_match,인천 계양구 다남동 102-8,1,1,0.0,,kakao_local_api:address_jibun,https://dapi.kakao.com/v2/local/search/address.json,2026-09-06,https://www.data.go.kr/data/15038929/fileData.do,2026-01-19,2026-09-06,administrative_record_only_not_confirmed_active,신축,2021-12-31,2022-02-21,2024-12-02,제2종근린생활시설,,"주소 기반 추정 위치, 공사현장 좌표 아님"
15038929:1484,1484,건축행정기록,공장,인천광역시 계양구 서운동 213-5,37.5348495,126.7578354,geocoded_kakao_jibun,kakao_exact_jibun_address_match,인천 계양구 서운동 213-5,1,1,0.0,,kakao_local_api:address_jibun,https://dapi.kakao.com/v2/local/search/address.json,2026-09-06,https://www.data.go.kr/data/15038929/fileData.do,2026-01-19,2026-09-06,administrative_record_only_not_confirmed_active,신축,2021-12-30,2022-03-29,2023-01-11,공장,,"주소 기반 추정 위치, 공사현장 좌표 아님"
15038929:1485,1485,건축행정기록,공장,인천광역시 계양구 서운동 216-2,37.5331258,126.7553886,geocoded_kakao_jibun,kakao_exact_jibun_address_match,인천 계양구 서운동 216-2,1,1,0.0,,kakao_local_api:address_jibun,https://dapi.kakao.com/v2/local/search/address.json,2026-09-06,https://www.data.go.kr/data/15038929/fileData.do,2026-01-19,2026-09-06,administrative_record_only_not_confirmed_active,증축,2021-12-21,2022-01-04,2022-02-11,공장,,"주소 기반 추정 위치, 공사현장 좌표 아님"
15038929:1486,1486,건축행정기록,업무시설,인천광역시 계양구 계산동 955-23,37.5401649,126.7235711,geocoded_kakao_jibun,kakao_exact_jibun_address_match,인천 계양구 계산동 955-23,1,1,0.0,,kakao_local_api:address_jibun,https://dapi.kakao.com/v2/local/search/address.json,2026-09-06,https://www.data.go.kr/data/15038929/fileData.do,2026-01-19,2026-09-06,administrative_record_only_not_confirmed_active,신축,2021-12-16,2021-12-31,2022-11-03,업무시설,,"주소 기반 추정 위치, 공사현장 좌표 아님"
15038929:1487,1487,건축행정기록,업무시설,인천광역시 계양구 효성동 604,37.5248108,126.6972352,geocoded_kakao_jibun,kakao_exact_jibun_address_match,인천 계양구 효성동 604,1,1,0.0,,kakao_local_api:address_jibun,https://dapi.kakao.com/v2/local/search/address.json,2026-09-06,https://www.data.go.kr/data/15038929/fileData.do,2026-01-19,2026-09-06,administrative_record_only_not_confirmed_active,신축,2021-12-02,2022-08-18,2025-02-28,업무시설,,"주소 기반 추정 위치, 공사현장 좌표 아님"
15038929:1488,1488,건축행정기록,업무시설,인천광역시 계양구 계산동 967-14 외2필지,37.5378017,126.7237980,geocoded_kakao_jibun,kakao_exact_jibun_address_match,인천 계양구 계산동 967-14,1,1,0.0,,kakao_local_api:address_jibun,https://dapi.kakao.com/v2/local/search/address.json,2026-09-06,https://www.data.go.kr/data/15038929/fileData.do,2026-01-19,2026-09-06,administrative_record_only_not_confirmed_active,신축,2021-12-02,2022-04-18,2023-08-18,업무시설,,"주소 기반 추정 위치, 공사현장 좌표 아님"
15038929:1489,1489,건축행정기록,공장,인천광역시 계양구 서운동 222,37.5319203,126.7532568,geocoded_kakao_jibun,kakao_exact_jibun_address_match,인천 계양구 서운동 222,1,1,0.0,,kakao_local_api:address_jibun,https://dapi.kakao.com/v2/local/search/address.json,2026-09-06,https://www.data.go.kr/data/15038929/fileData.do,2026-01-19,2026-09-06,administrative_record_only_not_confirmed_active,용도변경,2021-11-30,,2022-01-25,공장,,"주소 기반 추정 위치, 공사현장 좌표 아님"
15038929:1490,1490,건축행정기록,노유자시설,인천광역시 계양구 계산동 1071-2,37.5353740,126.7337828,geocoded_kakao_jibun,kakao_exact_jibun_address_match,인천 계양구 계산동 1071-2,1,1,0.0,,kakao_local_api:address_jibun,https://dapi.kakao.com/v2/local/search/address.json,2026-09-06,https://www.data.go.kr/data/15038929/fileData.do,2026-01-19,2026-09-06,administrative_record_only_not_confirmed_active,대수선,2021-11-26,2021-12-10,2022-06-22,노유자시설,,"주소 기반 추정 위치, 공사현장 좌표 아님"
15038929:1491,1491,건축행정기록,의료시설,인천광역시 계양구 작전동 910-5 외1필지,37.5318926,126.7379459,geocoded_kakao_jibun,kakao_exact_jibun_address_match,인천 계양구 작전동 910-5,1,1,0.0,,kakao_local_api:address_jibun,https://dapi.kakao.com/v2/local/search/address.json,2026-09-06,https://www.data.go.kr/data/15038929/fileData.do,2026-01-19,2026-09-06,administrative_record_only_not_confirmed_active,증축,2021-11-25,2022-05-16,2022-12-21,의료시설,,"주소 기반 추정 위치, 공사현장 좌표 아님"
15038929:1492,1492,건축행정기록,제2종근린생활시설,인천광역시 계양구 계산동 332-4,37.5393675,126.7284431,geocoded_kakao_jibun,kakao_exact_jibun_address_match,인천 계양구 계산동 332-4,1,1,0.0,,kakao_local_api:address_jibun,https://dapi.kakao.com/v2/local/search/address.json,2026-09-06,https://www.data.go.kr/data/15038929/fileData.do,2026-01-19,2026-09-06,administrative_record_only_not_confirmed_active,증축,2021-11-25,2022-11-07,2024-12-18,제2종근린생활시설,,"주소 기반 추정 위치, 공사현장 좌표 아님"
15038929:1493,1493,건축행정기록,공장,인천광역시 계양구 서운동 212-2,37.5348819,126.7550205,geocoded_kakao_jibun,kakao_exact_jibun_address_match,인천 계양구 서운동 212-2,1,1,0.0,,kakao_local_api:address_jibun,https://dapi.kakao.com/v2/local/search/address.json,2026-09-06,https://www.data.go.kr/data/15038929/fileData.do,2026-01-19,2026-09-06,administrative_record_only_not_confirmed_active,증축,2021-11-24,2022-01-10,2022-04-19,공장,,"주소 기반 추정 위치, 공사현장 좌표 아님"
15038929:1494,1494,건축행정기록,단독주택,인천광역시 계양구 동양동 612-6,37.5604253,126.7538174,geocoded_kakao_jibun,kakao_exact_jibun_address_match,인천 계양구 동양동 612-6,1,1,0.0,,kakao_local_api:address_jibun,https://dapi.kakao.com/v2/local/search/address.json,2026-09-06,https://www.data.go.kr/data/15038929/fileData.do,2026-01-19,2026-09-06,administrative_record_only_not_confirmed_active,신축,2021-11-24,2022-04-08,2022-10-06,단독주택,,"주소 기반 추정 위치, 공사현장 좌표 아님"
15038929:1495,1495,건축행정기록,제2종근린생활시설,인천광역시 계양구 서운동 26-8,37.5292395,126.7433736,geocoded_kakao_jibun,kakao_exact_jibun_address_match,인천 계양구 서운동 26-8,1,1,0.0,,kakao_local_api:address_jibun,https://dapi.kakao.com/v2/local/search/address.json,2026-09-06,https://www.data.go.kr/data/15038929/fileData.do,2026-01-19,2026-09-06,administrative_record_only_not_confirmed_active,신축,2021-11-18,2022-07-26,2022-12-07,제2종근린생활시설,,"주소 기반 추정 위치, 공사현장 좌표 아님"
15038929:1496,1496,건축행정기록,공동주택,인천광역시 계양구 계산동 964-36,37.5382778,126.7271358,geocoded_kakao_jibun,kakao_exact_jibun_address_match,인천 계양구 계산동 964-36,1,1,0.0,,kakao_local_api:address_jibun,https://dapi.kakao.com/v2/local/search/address.json,2026-09-06,https://www.data.go.kr/data/15038929/fileData.do,2026-01-19,2026-09-06,administrative_record_only_not_confirmed_active,신축,2021-11-16,2021-12-01,2022-05-24,공동주택,,"주소 기반 추정 위치, 공사현장 좌표 아님"
15038929:1497,1497,건축행정기록,문화및집회시설,인천광역시 계양구 계산동 1063-9,37.5386613,126.7348873,geocoded_kakao_jibun,kakao_exact_jibun_address_match,인천 계양구 계산동 1063-9,1,1,0.0,,kakao_local_api:address_jibun,https://dapi.kakao.com/v2/local/search/address.json,2026-09-06,https://www.data.go.kr/data/15038929/fileData.do,2026-01-19,2026-09-06,administrative_record_only_not_confirmed_active,대수선,2021-11-03,2021-11-09,2021-12-17,문화및집회시설,,"주소 기반 추정 위치, 공사현장 좌표 아님"
15038929:1498,1498,건축행정기록,공동주택,인천광역시 계양구 효성동 192-6,37.5283463,126.7075763,geocoded_kakao_jibun,kakao_exact_jibun_address_match,인천 계양구 효성동 192-6,1,1,0.0,,kakao_local_api:address_jibun,https://dapi.kakao.com/v2/local/search/address.json,2026-09-06,https://www.data.go.kr/data/15038929/fileData.do,2026-01-19,2026-09-06,administrative_record_only_not_confirmed_active,신축,2021-10-21,2021-11-04,2022-06-20,공동주택,,"주소 기반 추정 위치, 공사현장 좌표 아님"
15038929:1499,1499,건축행정기록,공동주택,인천광역시 계양구 임학동 32-3,37.5465916,126.7342884,geocoded_kakao_jibun,kakao_exact_jibun_address_match,인천 계양구 임학동 32-3,1,1,0.0,,kakao_local_api:address_jibun,https://dapi.kakao.com/v2/local/search/address.json,2026-09-06,https://www.data.go.kr/data/15038929/fileData.do,2026-01-19,2026-09-06,administrative_record_only_not_confirmed_active,신축,2021-10-20,2021-11-03,2022-04-26,공동주택,,"주소 기반 추정 위치, 공사현장 좌표 아님"
15038929:1500,1500,건축행정기록,제1종근린생활시설,인천광역시 계양구 선주지동 105-1,37.5789572,126.7479824,geocoded_kakao_jibun,kakao_exact_jibun_address_match,인천 계양구 선주지동 105-1,1,1,0.0,,kakao_local_api:address_jibun,https://dapi.kakao.com/v2/local/search/address.json,2026-09-06,https://www.data.go.kr/data/15038929/fileData.do,2026-01-19,2026-09-06,administrative_record_only_not_confirmed_active,신축,2021-10-14,2021-12-22,2024-12-17,제1종근린생활시설,,"주소 기반 추정 위치, 공사현장 좌표 아님"
15038929:1501,1501,건축행정기록,제1종근린생활시설,인천광역시 계양구 선주지동 124-6,37.5796492,126.7446765,geocoded_kakao_jibun,kakao_exact_jibun_address_match,인천 계양구 선주지동 124-6,1,1,0.0,,kakao_local_api:address_jibun,https://dapi.kakao.com/v2/local/search/address.json,2026-09-06,https://www.data.go.kr/data/15038929/fileData.do,2026-01-19,2026-09-06,administrative_record_only_not_confirmed_active,신축,2021-10-01,2021-12-08,2022-05-20,제1종근린생활시설,,"주소 기반 추정 위치, 공사현장 좌표 아님"
15038929:1502,1502,건축행정기록,공장,인천광역시 계양구 작전동 619-7,37.5249004,126.7389761,geocoded_kakao_jibun,kakao_exact_jibun_address_match,인천 계양구 작전동 619-7,1,1,0.0,,kakao_local_api:address_jibun,https://dapi.kakao.com/v2/local/search/address.json,2026-09-06,https://www.data.go.kr/data/15038929/fileData.do,2026-01-19,2026-09-06,administrative_record_only_not_confirmed_active,신축,2021-09-24,2021-11-03,2022-07-07,공장,,"주소 기반 추정 위치, 공사현장 좌표 아님"
15038929:1503,1503,건축행정기록,종교시설,인천광역시 계양구 계산동 944-46,37.5414022,126.7231716,geocoded_kakao_jibun,kakao_exact_jibun_address_match,인천 계양구 계산동 944-46,1,1,0.0,,kakao_local_api:address_jibun,https://dapi.kakao.com/v2/local/search/address.json,2026-09-06,https://www.data.go.kr/data/15038929/fileData.do,2026-01-19,2026-09-06,administrative_record_only_not_confirmed_active,대수선,2021-09-02,2021-11-01,2022-03-07,종교시설,,"주소 기반 추정 위치, 공사현장 좌표 아님"
15038929:1504,1504,건축행정기록,업무시설,인천광역시 계양구 작전동 899-3,37.5333804,126.7344788,geocoded_kakao_jibun,kakao_exact_jibun_address_match,인천 계양구 작전동 899-3,1,1,0.0,,kakao_local_api:address_jibun,https://dapi.kakao.com/v2/local/search/address.json,2026-09-06,https://www.data.go.kr/data/15038929/fileData.do,2026-01-19,2026-09-06,administrative_record_only_not_confirmed_active,신축,2021-08-31,2022-06-10,2025-01-23,업무시설,,"주소 기반 추정 위치, 공사현장 좌표 아님"
15038929:1505,1505,건축행정기록,업무시설,인천광역시 계양구 용종동 9-1 외3필지,37.5413697,126.7520458,geocoded_kakao_jibun,kakao_exact_jibun_address_match,인천 계양구 용종동 9-1,1,1,0.0,,kakao_local_api:address_jibun,https://dapi.kakao.com/v2/local/search/address.json,2026-09-06,https://www.data.go.kr/data/15038929/fileData.do,2026-01-19,2026-09-06,administrative_record_only_not_confirmed_active,증축,2021-08-27,2021-10-27,2021-12-30,업무시설,,"주소 기반 추정 위치, 공사현장 좌표 아님"
15038929:1506,1506,건축행정기록,창고시설,인천광역시 계양구 서운동 55-100 외1필지,37.5247573,126.7464238,geocoded_kakao_jibun,kakao_exact_jibun_address_match,인천 계양구 서운동 55-100,1,1,0.0,,kakao_local_api:address_jibun,https://dapi.kakao.com/v2/local/search/address.json,2026-09-06,https://www.data.go.kr/data/15038929/fileData.do,2026-01-19,2026-09-06,administrative_record_only_not_confirmed_active,증축,2021-08-19,2021-08-24,2022-02-18,창고시설,,"주소 기반 추정 위치, 공사현장 좌표 아님"
15038929:1507,1507,건축행정기록,공장,인천광역시 계양구 서운동 209,37.5372025,126.7565142,geocoded_kakao_jibun,kakao_exact_jibun_address_match,인천 계양구 서운동 209,1,1,0.0,,kakao_local_api:address_jibun,https://dapi.kakao.com/v2/local/search/address.json,2026-09-06,https://www.data.go.kr/data/15038929/fileData.do,2026-01-19,2026-09-06,administrative_record_only_not_confirmed_active,증축,2021-08-17,2021-08-27,2022-07-01,공장,,"주소 기반 추정 위치, 공사현장 좌표 아님"
15038929:1508,1508,건축행정기록,제1종근린생활시설,인천광역시 계양구 이화동 230-9 외2필지,37.5923426,126.7380716,geocoded_kakao_jibun,kakao_exact_jibun_address_match,인천 계양구 이화동 230-9,1,1,0.0,,kakao_local_api:address_jibun,https://dapi.kakao.com/v2/local/search/address.json,2026-09-06,https://www.data.go.kr/data/15038929/fileData.do,2026-01-19,2026-09-06,administrative_record_only_not_confirmed_active,신축,2021-08-10,2021-10-15,2022-06-20,제1종근린생활시설,,"주소 기반 추정 위치, 공사현장 좌표 아님"
15038929:1509,1509,건축행정기록,제1종근린생활시설,인천광역시 계양구 하야동 40-21 외1필지,37.5812375,126.7808188,geocoded_kakao_jibun,kakao_exact_jibun_address_match,인천 계양구 하야동 40-21,1,1,0.0,,kakao_local_api:address_jibun,https://dapi.kakao.com/v2/local/search/address.json,2026-09-06,https://www.data.go.kr/data/15038929/fileData.do,2026-01-19,2026-09-06,administrative_record_only_not_confirmed_active,신축,2021-08-02,2021-10-29,2022-03-08,제1종근린생활시설,,"주소 기반 추정 위치, 공사현장 좌표 아님"
15038929:1510,1510,건축행정기록,종교시설,인천광역시 계양구 임학동 70 외1필지,37.5439469,126.7359464,geocoded_kakao_jibun,kakao_exact_jibun_address_match,인천 계양구 임학동 70,1,1,0.0,,kakao_local_api:address_jibun,https://dapi.kakao.com/v2/local/search/address.json,2026-09-06,https://www.data.go.kr/data/15038929/fileData.do,2026-01-19,2026-09-06,administrative_record_only_not_confirmed_active,증축,2021-07-22,2021-09-23,2022-01-19,종교시설,,"주소 기반 추정 위치, 공사현장 좌표 아님"
15038929:1511,1511,건축행정기록,업무시설,인천광역시 계양구 계산동 1062,37.5386002,126.7361075,geocoded_kakao_jibun,kakao_exact_jibun_address_match,인천 계양구 계산동 1062,1,1,0.0,,kakao_local_api:address_jibun,https://dapi.kakao.com/v2/local/search/address.json,2026-09-06,https://www.data.go.kr/data/15038929/fileData.do,2026-01-19,2026-09-06,administrative_record_only_not_confirmed_active,용도변경,2021-07-21,,2021-08-02,업무시설,,"주소 기반 추정 위치, 공사현장 좌표 아님"
15038929:1512,1512,건축행정기록,제2종근린생활시설,인천광역시 계양구 다남동 102-19 외1필지,37.5702941,126.7299355,geocoded_kakao_jibun,kakao_exact_jibun_address_match,인천 계양구 다남동 102-19,1,1,0.0,,kakao_local_api:address_jibun,https://dapi.kakao.com/v2/local/search/address.json,2026-09-06,https://www.data.go.kr/data/15038929/fileData.do,2026-01-19,2026-09-06,administrative_record_only_not_confirmed_active,신축,2021-07-20,2024-07-25,2025-04-08,제2종근린생활시설,,"주소 기반 추정 위치, 공사현장 좌표 아님"
15038929:1513,1513,건축행정기록,자동차관련시설,인천광역시 계양구 병방동 169,37.5462817,126.7439326,geocoded_kakao_jibun,kakao_exact_jibun_address_match,인천 계양구 병방동 169,1,1,0.0,,kakao_local_api:address_jibun,https://dapi.kakao.com/v2/local/search/address.json,2026-09-06,https://www.data.go.kr/data/15038929/fileData.do,2026-01-19,2026-09-06,administrative_record_only_not_confirmed_active,신축,2021-07-08,2021-07-23,2021-09-17,자동차관련시설,,"주소 기반 추정 위치, 공사현장 좌표 아님"
15038929:1514,1514,건축행정기록,공동주택,인천광역시 계양구 귤현동 504-4 외1필지,37.5667267,126.7469685,geocoded_kakao_jibun,kakao_exact_jibun_address_match,인천 계양구 귤현동 504-4,1,1,0.0,,kakao_local_api:address_jibun,https://dapi.kakao.com/v2/local/search/address.json,2026-09-06,https://www.data.go.kr/data/15038929/fileData.do,2026-01-19,2026-09-06,administrative_record_only_not_confirmed_active,신축,2021-07-06,2021-07-20,2022-03-25,공동주택,,"주소 기반 추정 위치, 공사현장 좌표 아님"
15038929:1515,1515,건축행정기록,공장,인천광역시 계양구 효성동 519-1,37.5242956,126.7044970,geocoded_kakao_jibun,kakao_exact_jibun_address_match,인천 계양구 효성동 519-1,1,1,0.0,,kakao_local_api:address_jibun,https://dapi.kakao.com/v2/local/search/address.json,2026-09-06,https://www.data.go.kr/data/15038929/fileData.do,2026-01-19,2026-09-06,administrative_record_only_not_confirmed_active,증축,2021-07-01,2021-07-30,2021-11-19,공장,,"주소 기반 추정 위치, 공사현장 좌표 아님"
15038929:1516,1516,건축행정기록,운동시설,인천광역시 계양구 효성동 324-1 외2필지,37.5264945,126.7105894,geocoded_kakao_jibun,kakao_exact_jibun_address_match,인천 계양구 효성동 324-1,1,1,0.0,,kakao_local_api:address_jibun,https://dapi.kakao.com/v2/local/search/address.json,2026-09-06,https://www.data.go.kr/data/15038929/fileData.do,2026-01-19,2026-09-06,administrative_record_only_not_confirmed_active,신축,2021-06-30,2021-10-06,2024-11-12,운동시설,,"주소 기반 추정 위치, 공사현장 좌표 아님"
15038929:1517,1517,건축행정기록,제1종근린생활시설,인천광역시 계양구 선주지동 124,37.5798515,126.7446140,geocoded_kakao_jibun,kakao_exact_jibun_address_match,인천 계양구 선주지동 124,1,1,0.0,,kakao_local_api:address_jibun,https://dapi.kakao.com/v2/local/search/address.json,2026-09-06,https://www.data.go.kr/data/15038929/fileData.do,2026-01-19,2026-09-06,administrative_record_only_not_confirmed_active,신축,2021-06-30,2021-07-29,2021-12-01,제1종근린생활시설,,"주소 기반 추정 위치, 공사현장 좌표 아님"
15038929:1518,1518,건축행정기록,업무시설,인천광역시 계양구 계산동 1062,37.5386002,126.7361075,geocoded_kakao_jibun,kakao_exact_jibun_address_match,인천 계양구 계산동 1062,1,1,0.0,,kakao_local_api:address_jibun,https://dapi.kakao.com/v2/local/search/address.json,2026-09-06,https://www.data.go.kr/data/15038929/fileData.do,2026-01-19,2026-09-06,administrative_record_only_not_confirmed_active,용도변경,2021-06-28,,2021-09-03,업무시설,,"주소 기반 추정 위치, 공사현장 좌표 아님"
15038929:1519,1519,건축행정기록,제1종근린생활시설,인천광역시 계양구 효성동 253-1,37.5280559,126.7118763,geocoded_kakao_jibun,kakao_exact_jibun_address_match,인천 계양구 효성동 253-1,1,1,0.0,,kakao_local_api:address_jibun,https://dapi.kakao.com/v2/local/search/address.json,2026-09-06,https://www.data.go.kr/data/15038929/fileData.do,2026-01-19,2026-09-06,administrative_record_only_not_confirmed_active,대수선,2021-06-22,2021-09-01,2022-03-28,제1종근린생활시설,,"주소 기반 추정 위치, 공사현장 좌표 아님"
15038929:1520,1520,건축행정기록,제2종근린생활시설,인천광역시 계양구 선주지동 200-11,37.5780996,126.7469573,geocoded_kakao_jibun,kakao_exact_jibun_address_match,인천 계양구 선주지동 200-11,1,1,0.0,,kakao_local_api:address_jibun,https://dapi.kakao.com/v2/local/search/address.json,2026-09-06,https://www.data.go.kr/data/15038929/fileData.do,2026-01-19,2026-09-06,administrative_record_only_not_confirmed_active,신축,2021-06-22,2022-04-14,2022-12-29,제2종근린생활시설,,"주소 기반 추정 위치, 공사현장 좌표 아님"
15038929:1521,1521,건축행정기록,제1종근린생활시설,인천광역시 계양구 선주지동 200-10,37.5786336,126.7473275,geocoded_kakao_jibun,kakao_exact_jibun_address_match,인천 계양구 선주지동 200-10,1,1,0.0,,kakao_local_api:address_jibun,https://dapi.kakao.com/v2/local/search/address.json,2026-09-06,https://www.data.go.kr/data/15038929/fileData.do,2026-01-19,2026-09-06,administrative_record_only_not_confirmed_active,신축,2021-06-21,2022-06-10,2023-04-03,제1종근린생활시설,,"주소 기반 추정 위치, 공사현장 좌표 아님"
15038929:1522,1522,건축행정기록,제2종근린생활시설,인천광역시 계양구 선주지동 114-20,37.5785380,126.7468894,geocoded_kakao_jibun,kakao_exact_jibun_address_match,인천 계양구 선주지동 114-20,1,1,0.0,,kakao_local_api:address_jibun,https://dapi.kakao.com/v2/local/search/address.json,2026-09-06,https://www.data.go.kr/data/15038929/fileData.do,2026-01-19,2026-09-06,administrative_record_only_not_confirmed_active,신축,2021-06-21,2021-09-09,2023-01-11,제2종근린생활시설,,"주소 기반 추정 위치, 공사현장 좌표 아님"
15038929:1523,1523,건축행정기록,제1종근린생활시설,인천광역시 계양구 선주지동 200-8,37.5784102,126.7469124,geocoded_kakao_jibun,kakao_exact_jibun_address_match,인천 계양구 선주지동 200-8,1,1,0.0,,kakao_local_api:address_jibun,https://dapi.kakao.com/v2/local/search/address.json,2026-09-06,https://www.data.go.kr/data/15038929/fileData.do,2026-01-19,2026-09-06,administrative_record_only_not_confirmed_active,신축,2021-06-21,2021-10-22,2022-11-09,제1종근린생활시설,,"주소 기반 추정 위치, 공사현장 좌표 아님"
15038929:1524,1524,건축행정기록,단독주택,인천광역시 계양구 다남동 77-21,37.5686489,126.7249630,geocoded_kakao_jibun,kakao_exact_jibun_address_match,인천 계양구 다남동 77-21,1,1,0.0,,kakao_local_api:address_jibun,https://dapi.kakao.com/v2/local/search/address.json,2026-09-06,https://www.data.go.kr/data/15038929/fileData.do,2026-01-19,2026-09-06,administrative_record_only_not_confirmed_active,신축,2021-06-21,2021-09-06,2022-02-16,단독주택,,"주소 기반 추정 위치, 공사현장 좌표 아님"
15038929:1525,1525,건축행정기록,제2종근린생활시설,인천광역시 계양구 선주지동 200-7,37.5783041,126.7467548,geocoded_kakao_jibun,kakao_exact_jibun_address_match,인천 계양구 선주지동 200-7,1,1,0.0,,kakao_local_api:address_jibun,https://dapi.kakao.com/v2/local/search/address.json,2026-09-06,https://www.data.go.kr/data/15038929/fileData.do,2026-01-19,2026-09-06,administrative_record_only_not_confirmed_active,신축,2021-06-21,2022-04-14,2023-01-18,제2종근린생활시설,,"주소 기반 추정 위치, 공사현장 좌표 아님"
15038929:1526,1526,건축행정기록,제1종근린생활시설,인천광역시 계양구 선주지동 200-5,37.5779481,126.7469029,geocoded_kakao_jibun,kakao_exact_jibun_address_match,인천 계양구 선주지동 200-5,1,1,0.0,,kakao_local_api:address_jibun,https://dapi.kakao.com/v2/local/search/address.json,2026-09-06,https://www.data.go.kr/data/15038929/fileData.do,2026-01-19,2026-09-06,administrative_record_only_not_confirmed_active,신축,2021-06-18,2021-07-01,2022-10-26,제1종근린생활시설,,"주소 기반 추정 위치, 공사현장 좌표 아님"
15038929:1527,1527,건축행정기록,제2종근린생활시설,인천광역시 계양구 선주지동 200-13,37.5784251,126.7476517,geocoded_kakao_jibun,kakao_exact_jibun_address_match,인천 계양구 선주지동 200-13,1,1,0.0,,kakao_local_api:address_jibun,https://dapi.kakao.com/v2/local/search/address.json,2026-09-06,https://www.data.go.kr/data/15038929/fileData.do,2026-01-19,2026-09-06,administrative_record_only_not_confirmed_active,신축,2021-06-18,2022-04-19,2023-02-13,제2종근린생활시설,,"주소 기반 추정 위치, 공사현장 좌표 아님"
15038929:1528,1528,건축행정기록,제2종근린생활시설,인천광역시 계양구 선주지동 200-6,37.5783458,126.7473704,geocoded_kakao_jibun,kakao_exact_jibun_address_match,인천 계양구 선주지동 200-6,1,1,0.0,,kakao_local_api:address_jibun,https://dapi.kakao.com/v2/local/search/address.json,2026-09-06,https://www.data.go.kr/data/15038929/fileData.do,2026-01-19,2026-09-06,administrative_record_only_not_confirmed_active,신축,2021-06-18,2022-06-14,2022-11-09,제2종근린생활시설,,"주소 기반 추정 위치, 공사현장 좌표 아님"
15038929:1529,1529,건축행정기록,제2종근린생활시설,인천광역시 계양구 선주지동 200-12,37.5781762,126.7470660,geocoded_kakao_jibun,kakao_exact_jibun_address_match,인천 계양구 선주지동 200-12,1,1,0.0,,kakao_local_api:address_jibun,https://dapi.kakao.com/v2/local/search/address.json,2026-09-06,https://www.data.go.kr/data/15038929/fileData.do,2026-01-19,2026-09-06,administrative_record_only_not_confirmed_active,신축,2021-06-18,2021-09-16,2022-11-04,제2종근린생활시설,,"주소 기반 추정 위치, 공사현장 좌표 아님"
15038929:1530,1530,건축행정기록,공동주택,인천광역시 계양구 귤현동 491,37.5692861,126.7480248,geocoded_kakao_jibun,kakao_exact_jibun_address_match,인천 계양구 귤현동 491,1,1,0.0,,kakao_local_api:address_jibun,https://dapi.kakao.com/v2/local/search/address.json,2026-09-06,https://www.data.go.kr/data/15038929/fileData.do,2026-01-19,2026-09-06,administrative_record_only_not_confirmed_active,신축,2021-06-18,2021-06-28,2022-01-06,공동주택,,"주소 기반 추정 위치, 공사현장 좌표 아님"
15038929:1531,1531,건축행정기록,제1종근린생활시설,인천광역시 계양구 선주지동 200-9,37.5785634,126.7471466,geocoded_kakao_jibun,kakao_exact_jibun_address_match,인천 계양구 선주지동 200-9,1,1,0.0,,kakao_local_api:address_jibun,https://dapi.kakao.com/v2/local/search/address.json,2026-09-06,https://www.data.go.kr/data/15038929/fileData.do,2026-01-19,2026-09-06,administrative_record_only_not_confirmed_active,신축,2021-06-18,2021-10-22,2022-11-14,제1종근린생활시설,,"주소 기반 추정 위치, 공사현장 좌표 아님"
15038929:1532,1532,건축행정기록,제1종근린생활시설,인천광역시 계양구 효성동 151-4,37.5299924,126.7096081,geocoded_kakao_jibun,kakao_exact_jibun_address_match,인천 계양구 효성동 151-4,1,1,0.0,,kakao_local_api:address_jibun,https://dapi.kakao.com/v2/local/search/address.json,2026-09-06,https://www.data.go.kr/data/15038929/fileData.do,2026-01-19,2026-09-06,administrative_record_only_not_confirmed_active,신축,2021-06-03,2021-06-17,2021-10-07,제1종근린생활시설,,"주소 기반 추정 위치, 공사현장 좌표 아님"
15038929:1533,1533,건축행정기록,제1종근린생활시설,인천광역시 계양구 용종동 209-3,37.5392356,126.7372321,geocoded_kakao_jibun,kakao_exact_jibun_address_match,인천 계양구 용종동 209-3,1,1,0.0,,kakao_local_api:address_jibun,https://dapi.kakao.com/v2/local/search/address.json,2026-09-06,https://www.data.go.kr/data/15038929/fileData.do,2026-01-19,2026-09-06,administrative_record_only_not_confirmed_active,용도변경,2021-05-31,,2021-08-31,제1종근린생활시설,,"주소 기반 추정 위치, 공사현장 좌표 아님"
15038929:1534,1534,건축행정기록,제2종근린생활시설,인천광역시 계양구 서운동 55-239,37.5257139,126.7426008,geocoded_kakao_jibun,kakao_exact_jibun_address_match,인천 계양구 서운동 55-239,1,1,0.0,,kakao_local_api:address_jibun,https://dapi.kakao.com/v2/local/search/address.json,2026-09-06,https://www.data.go.kr/data/15038929/fileData.do,2026-01-19,2026-09-06,administrative_record_only_not_confirmed_active,신축,2021-05-28,2021-08-12,2021-11-24,제2종근린생활시설,,"주소 기반 추정 위치, 공사현장 좌표 아님"
15038929:1535,1535,건축행정기록,단독주택,인천광역시 계양구 다남동 78-4,37.5689961,126.7249841,geocoded_kakao_jibun,kakao_exact_jibun_address_match,인천 계양구 다남동 78-4,1,1,0.0,,kakao_local_api:address_jibun,https://dapi.kakao.com/v2/local/search/address.json,2026-09-06,https://www.data.go.kr/data/15038929/fileData.do,2026-01-19,2026-09-06,administrative_record_only_not_confirmed_active,신축,2021-05-27,2021-06-11,2021-10-26,단독주택,,"주소 기반 추정 위치, 공사현장 좌표 아님"
15038929:1536,1536,건축행정기록,제1종근린생활시설,인천광역시 계양구 계산동 969-16,37.5381835,126.7222686,geocoded_kakao_jibun,kakao_exact_jibun_address_match,인천 계양구 계산동 969-16,1,1,0.0,,kakao_local_api:address_jibun,https://dapi.kakao.com/v2/local/search/address.json,2026-09-06,https://www.data.go.kr/data/15038929/fileData.do,2026-01-19,2026-09-06,administrative_record_only_not_confirmed_active,증축,2021-05-26,2021-06-03,2022-02-24,제1종근린생활시설,,"주소 기반 추정 위치, 공사현장 좌표 아님"
15038929:1537,1537,건축행정기록,제1종근린생활시설,인천광역시 계양구 계산동 969-19,37.5379536,126.7222666,geocoded_kakao_jibun,kakao_exact_jibun_address_match,인천 계양구 계산동 969-19,1,1,0.0,,kakao_local_api:address_jibun,https://dapi.kakao.com/v2/local/search/address.json,2026-09-06,https://www.data.go.kr/data/15038929/fileData.do,2026-01-19,2026-09-06,administrative_record_only_not_confirmed_active,대수선,2021-05-21,2021-06-03,2021-12-31,제1종근린생활시설,,"주소 기반 추정 위치, 공사현장 좌표 아님"
15038929:1538,1538,건축행정기록,제2종근린생활시설,인천광역시 계양구 이화동 23-47,37.5859149,126.7469969,geocoded_kakao_jibun,kakao_exact_jibun_address_match,인천 계양구 이화동 23-47,1,1,0.0,,kakao_local_api:address_jibun,https://dapi.kakao.com/v2/local/search/address.json,2026-09-06,https://www.data.go.kr/data/15038929/fileData.do,2026-01-19,2026-09-06,administrative_record_only_not_confirmed_active,신축,2021-05-20,2022-05-11,2022-09-19,제2종근린생활시설,,"주소 기반 추정 위치, 공사현장 좌표 아님"
15038929:1539,1539,건축행정기록,제2종근린생활시설,인천광역시 계양구 서운동 27-3 외1필지,37.5294606,126.7436500,geocoded_kakao_jibun,kakao_exact_jibun_address_match,인천 계양구 서운동 27-3,1,1,0.0,,kakao_local_api:address_jibun,https://dapi.kakao.com/v2/local/search/address.json,2026-09-06,https://www.data.go.kr/data/15038929/fileData.do,2026-01-19,2026-09-06,administrative_record_only_not_confirmed_active,신축,2021-05-20,2021-06-15,2021-11-16,제2종근린생활시설,,"주소 기반 추정 위치, 공사현장 좌표 아님"
15038929:1540,1540,건축행정기록,제1종근린생활시설,인천광역시 계양구 귤현동 497-5,37.5673126,126.7482792,geocoded_kakao_jibun,kakao_exact_jibun_address_match,인천 계양구 귤현동 497-5,1,1,0.0,,kakao_local_api:address_jibun,https://dapi.kakao.com/v2/local/search/address.json,2026-09-06,https://www.data.go.kr/data/15038929/fileData.do,2026-01-19,2026-09-06,administrative_record_only_not_confirmed_active,신축,2021-05-10,2021-05-25,2021-12-21,제1종근린생활시설,,"주소 기반 추정 위치, 공사현장 좌표 아님"
15038929:1541,1541,건축행정기록,노유자시설,인천광역시 계양구 효성동 186-67 외11필지,37.5291921,126.7056966,geocoded_kakao_jibun,kakao_exact_jibun_address_match,인천 계양구 효성동 186-67,1,1,0.0,,kakao_local_api:address_jibun,https://dapi.kakao.com/v2/local/search/address.json,2026-09-06,https://www.data.go.kr/data/15038929/fileData.do,2026-01-19,2026-09-06,administrative_record_only_not_confirmed_active,신축,2021-05-06,2021-08-11,2023-09-04,노유자시설,,"주소 기반 추정 위치, 공사현장 좌표 아님"
15038929:1542,1542,건축행정기록,공장,인천광역시 계양구 효성동 519-2,37.5243062,126.7037426,geocoded_kakao_jibun,kakao_exact_jibun_address_match,인천 계양구 효성동 519-2,1,1,0.0,,kakao_local_api:address_jibun,https://dapi.kakao.com/v2/local/search/address.json,2026-09-06,https://www.data.go.kr/data/15038929/fileData.do,2026-01-19,2026-09-06,administrative_record_only_not_confirmed_active,증축,2021-04-27,2021-08-03,2022-12-02,공장,,"주소 기반 추정 위치, 공사현장 좌표 아님"
15038929:1543,1543,건축행정기록,제2종근린생활시설,인천광역시 계양구 다남동 81-8 외1필지,37.5700853,126.7267531,geocoded_kakao_jibun,kakao_exact_jibun_address_match,인천 계양구 다남동 81-8,1,1,0.0,,kakao_local_api:address_jibun,https://dapi.kakao.com/v2/local/search/address.json,2026-09-06,https://www.data.go.kr/data/15038929/fileData.do,2026-01-19,2026-09-06,administrative_record_only_not_confirmed_active,신축,2021-04-23,2021-07-19,2022-02-23,제2종근린생활시설,,"주소 기반 추정 위치, 공사현장 좌표 아님"
15038929:1544,1544,건축행정기록,단독주택,인천광역시 계양구 귤현동 487-6,37.5696166,126.7472311,geocoded_kakao_jibun,kakao_exact_jibun_address_match,인천 계양구 귤현동 487-6,1,1,0.0,,kakao_local_api:address_jibun,https://dapi.kakao.com/v2/local/search/address.json,2026-09-06,https://www.data.go.kr/data/15038929/fileData.do,2026-01-19,2026-09-06,administrative_record_only_not_confirmed_active,신축,2021-04-23,2021-06-09,2021-12-27,단독주택,,"주소 기반 추정 위치, 공사현장 좌표 아님"
15038929:1545,1545,건축행정기록,제2종근린생활시설,인천광역시 계양구 이화동 299-1,37.5911580,126.7293528,geocoded_kakao_jibun,kakao_exact_jibun_address_match,인천 계양구 이화동 299-1,1,1,0.0,,kakao_local_api:address_jibun,https://dapi.kakao.com/v2/local/search/address.json,2026-09-06,https://www.data.go.kr/data/15038929/fileData.do,2026-01-19,2026-09-06,administrative_record_only_not_confirmed_active,증축,2021-04-21,2021-08-09,2022-05-17,제2종근린생활시설,,"주소 기반 추정 위치, 공사현장 좌표 아님"
15038929:1546,1546,건축행정기록,제1종근린생활시설,인천광역시 계양구 선주지동 116-1,37.5789383,126.7457857,geocoded_kakao_jibun,kakao_exact_jibun_address_match,인천 계양구 선주지동 116-1,1,1,0.0,,kakao_local_api:address_jibun,https://dapi.kakao.com/v2/local/search/address.json,2026-09-06,https://www.data.go.kr/data/15038929/fileData.do,2026-01-19,2026-09-06,administrative_record_only_not_confirmed_active,신축,2021-04-19,2021-05-27,2021-10-07,제1종근린생활시설,,"주소 기반 추정 위치, 공사현장 좌표 아님"
15038929:1547,1547,건축행정기록,문화및집회시설,인천광역시 계양구 장기동 139-1,37.5790128,126.7353909,geocoded_kakao_jibun,kakao_exact_jibun_address_match,인천 계양구 장기동 139-1,1,1,0.0,,kakao_local_api:address_jibun,https://dapi.kakao.com/v2/local/search/address.json,2026-09-06,https://www.data.go.kr/data/15038929/fileData.do,2026-01-19,2026-09-06,administrative_record_only_not_confirmed_active,증축,2021-04-16,2021-06-28,2022-02-17,문화및집회시설,,"주소 기반 추정 위치, 공사현장 좌표 아님"
15038929:1548,1548,건축행정기록,수련시설,인천광역시 계양구 효성동 266-9 외9필지,,,unresolved,no_exact_parcel_match_in_kakao,,0,0,,,kakao_local_api:unresolved,https://dapi.kakao.com/v2/local/search/address.json,2026-09-06,https://www.data.go.kr/data/15038929/fileData.do,2026-01-19,2026-09-06,administrative_record_only_not_confirmed_active,신축,2021-04-13,2021-06-22,2022-11-02,수련시설,,"주소 기반 추정 위치, 공사현장 좌표 아님"
15038929:1549,1549,건축행정기록,제1종근린생활시설,인천광역시 계양구 계산동 903-15,37.5475679,126.7257417,geocoded_kakao_jibun,kakao_exact_jibun_address_match,인천 계양구 계산동 903-15,1,1,0.0,,kakao_local_api:address_jibun,https://dapi.kakao.com/v2/local/search/address.json,2026-09-06,https://www.data.go.kr/data/15038929/fileData.do,2026-01-19,2026-09-06,administrative_record_only_not_confirmed_active,신축,2021-04-12,2021-08-13,2022-06-03,제1종근린생활시설,,"주소 기반 추정 위치, 공사현장 좌표 아님"
15038929:1550,1550,건축행정기록,제2종근린생활시설,인천광역시 계양구 효성동 320-1,37.5276507,126.7107860,geocoded_kakao_jibun,kakao_exact_jibun_address_match,인천 계양구 효성동 320-1,1,1,0.0,,kakao_local_api:address_jibun,https://dapi.kakao.com/v2/local/search/address.json,2026-09-06,https://www.data.go.kr/data/15038929/fileData.do,2026-01-19,2026-09-06,administrative_record_only_not_confirmed_active,용도변경,2021-04-06,,2021-06-01,제2종근린생활시설,,"주소 기반 추정 위치, 공사현장 좌표 아님"
15038929:1551,1551,건축행정기록,제2종근린생활시설,인천광역시 계양구 서운동 214-6,37.5336976,126.7556953,geocoded_kakao_jibun,kakao_exact_jibun_address_match,인천 계양구 서운동 214-6,1,1,0.0,,kakao_local_api:address_jibun,https://dapi.kakao.com/v2/local/search/address.json,2026-09-06,https://www.data.go.kr/data/15038929/fileData.do,2026-01-19,2026-09-06,administrative_record_only_not_confirmed_active,용도변경,2021-04-05,,2021-05-26,제2종근린생활시설,,"주소 기반 추정 위치, 공사현장 좌표 아님"
15038929:1552,1552,건축행정기록,자동차관련시설,인천광역시 계양구 효성동 336-11,37.5241020,126.7080852,geocoded_kakao_jibun,kakao_exact_jibun_address_match,인천 계양구 효성동 336-11,1,1,0.0,,kakao_local_api:address_jibun,https://dapi.kakao.com/v2/local/search/address.json,2026-09-06,https://www.data.go.kr/data/15038929/fileData.do,2026-01-19,2026-09-06,administrative_record_only_not_confirmed_active,신축,2021-04-05,2021-06-02,2022-02-22,자동차관련시설,,"주소 기반 추정 위치, 공사현장 좌표 아님"
15038929:1553,1553,건축행정기록,제1종근린생활시설,인천광역시 계양구 하야동 64-18,37.5829836,126.7801112,geocoded_kakao_jibun,kakao_exact_jibun_address_match,인천 계양구 하야동 64-18,1,1,0.0,,kakao_local_api:address_jibun,https://dapi.kakao.com/v2/local/search/address.json,2026-09-06,https://www.data.go.kr/data/15038929/fileData.do,2026-01-19,2026-09-06,administrative_record_only_not_confirmed_active,신축,2021-03-30,2021-12-06,2022-04-05,제1종근린생활시설,,"주소 기반 추정 위치, 공사현장 좌표 아님"
15038929:1554,1554,건축행정기록,자동차관련시설,인천광역시 계양구 효성동 293-8,37.5290549,126.7178795,geocoded_kakao_jibun,kakao_exact_jibun_address_match,인천 계양구 효성동 293-8,1,1,0.0,,kakao_local_api:address_jibun,https://dapi.kakao.com/v2/local/search/address.json,2026-09-06,https://www.data.go.kr/data/15038929/fileData.do,2026-01-19,2026-09-06,administrative_record_only_not_confirmed_active,신축,2021-03-24,2021-06-10,2022-06-23,자동차관련시설,,"주소 기반 추정 위치, 공사현장 좌표 아님"
15038929:1555,1555,건축행정기록,업무시설,인천광역시 계양구 작전동 863-3,37.5321189,126.7230415,geocoded_kakao_jibun,kakao_exact_jibun_address_match,인천 계양구 작전동 863-3,1,1,0.0,,kakao_local_api:address_jibun,https://dapi.kakao.com/v2/local/search/address.json,2026-09-06,https://www.data.go.kr/data/15038929/fileData.do,2026-01-19,2026-09-06,administrative_record_only_not_confirmed_active,대수선,2021-03-23,2021-04-28,2021-08-13,업무시설,,"주소 기반 추정 위치, 공사현장 좌표 아님"
15038929:1556,1556,건축행정기록,의료시설,인천광역시 계양구 작전동 708-3,37.5250984,126.7341001,geocoded_kakao_jibun,kakao_exact_jibun_address_match,인천 계양구 작전동 708-3,1,1,0.0,,kakao_local_api:address_jibun,https://dapi.kakao.com/v2/local/search/address.json,2026-09-06,https://www.data.go.kr/data/15038929/fileData.do,2026-01-19,2026-09-06,administrative_record_only_not_confirmed_active,증축,2021-03-22,2021-04-12,2021-09-30,의료시설,,"주소 기반 추정 위치, 공사현장 좌표 아님"
15038929:1557,1557,건축행정기록,제2종근린생활시설,인천광역시 계양구 선주지동 201-4 외1필지,37.5781917,126.7474845,geocoded_kakao_jibun,kakao_exact_jibun_address_match,인천 계양구 선주지동 201-4,1,1,0.0,,kakao_local_api:address_jibun,https://dapi.kakao.com/v2/local/search/address.json,2026-09-06,https://www.data.go.kr/data/15038929/fileData.do,2026-01-19,2026-09-06,administrative_record_only_not_confirmed_active,증축,2021-03-22,2021-04-28,2022-10-17,제2종근린생활시설,,"주소 기반 추정 위치, 공사현장 좌표 아님"
15038929:1558,1558,건축행정기록,제1종근린생활시설,인천광역시 계양구 작전동 901-1,37.5318193,126.7343021,geocoded_kakao_jibun,kakao_exact_jibun_address_match,인천 계양구 작전동 901-1,1,1,0.0,,kakao_local_api:address_jibun,https://dapi.kakao.com/v2/local/search/address.json,2026-09-06,https://www.data.go.kr/data/15038929/fileData.do,2026-01-19,2026-09-06,administrative_record_only_not_confirmed_active,용도변경,2021-03-22,,2021-12-09,제1종근린생활시설,,"주소 기반 추정 위치, 공사현장 좌표 아님"
15038929:1559,1559,건축행정기록,제2종근린생활시설,인천광역시 계양구 선주지동 114-16,37.5786840,126.7468392,geocoded_kakao_jibun,kakao_exact_jibun_address_match,인천 계양구 선주지동 114-16,1,1,0.0,,kakao_local_api:address_jibun,https://dapi.kakao.com/v2/local/search/address.json,2026-09-06,https://www.data.go.kr/data/15038929/fileData.do,2026-01-19,2026-09-06,administrative_record_only_not_confirmed_active,신축,2021-03-22,2021-06-24,2023-01-06,제2종근린생활시설,,"주소 기반 추정 위치, 공사현장 좌표 아님"
15038929:1560,1560,건축행정기록,제2종근린생활시설,인천광역시 계양구 선주지동 200-3 외2필지,,,unresolved,no_exact_parcel_match_in_kakao,,0,0,,,kakao_local_api:unresolved,https://dapi.kakao.com/v2/local/search/address.json,2026-09-06,https://www.data.go.kr/data/15038929/fileData.do,2026-01-19,2026-09-06,administrative_record_only_not_confirmed_active,신축,2021-03-22,2021-04-20,2022-10-17,제2종근린생활시설,,"주소 기반 추정 위치, 공사현장 좌표 아님"
15038929:1561,1561,건축행정기록,제2종근린생활시설,인천광역시 계양구 선주지동 200-17 외1필지,,,unresolved,no_exact_parcel_match_in_kakao,,0,0,,,kakao_local_api:unresolved,https://dapi.kakao.com/v2/local/search/address.json,2026-09-06,https://www.data.go.kr/data/15038929/fileData.do,2026-01-19,2026-09-06,administrative_record_only_not_confirmed_active,신축,2021-03-22,2021-04-20,2022-10-17,제2종근린생활시설,,"주소 기반 추정 위치, 공사현장 좌표 아님"
15038929:1562,1562,건축행정기록,제2종근린생활시설,인천광역시 계양구 선주지동 200-16 외1필지,,,unresolved,no_exact_parcel_match_in_kakao,,0,0,,,kakao_local_api:unresolved,https://dapi.kakao.com/v2/local/search/address.json,2026-09-06,https://www.data.go.kr/data/15038929/fileData.do,2026-01-19,2026-09-06,administrative_record_only_not_confirmed_active,신축,2021-03-22,2021-04-20,2022-10-17,제2종근린생활시설,,"주소 기반 추정 위치, 공사현장 좌표 아님"
15038929:1563,1563,건축행정기록,제2종근린생활시설,인천광역시 계양구 선주지동 200-1 외1필지,,,unresolved,no_exact_parcel_match_in_kakao,,0,0,,,kakao_local_api:unresolved,https://dapi.kakao.com/v2/local/search/address.json,2026-09-06,https://www.data.go.kr/data/15038929/fileData.do,2026-01-19,2026-09-06,administrative_record_only_not_confirmed_active,신축,2021-03-22,2021-04-27,2022-10-11,제2종근린생활시설,,"주소 기반 추정 위치, 공사현장 좌표 아님"
15038929:1564,1564,건축행정기록,제1종근린생활시설,인천광역시 계양구 장기동 134-8,37.5787360,126.7344756,geocoded_kakao_jibun,kakao_exact_jibun_address_match,인천 계양구 장기동 134-8,1,1,0.0,,kakao_local_api:address_jibun,https://dapi.kakao.com/v2/local/search/address.json,2026-09-06,https://www.data.go.kr/data/15038929/fileData.do,2026-01-19,2026-09-06,administrative_record_only_not_confirmed_active,신축,2021-03-16,2021-05-14,2021-11-16,제1종근린생활시설,,"주소 기반 추정 위치, 공사현장 좌표 아님"
15038929:1565,1565,건축행정기록,제2종근린생활시설,인천광역시 계양구 효성동 404-12,37.5246084,126.7069107,geocoded_kakao_jibun,kakao_exact_jibun_address_match,인천 계양구 효성동 404-12,1,1,0.0,,kakao_local_api:address_jibun,https://dapi.kakao.com/v2/local/search/address.json,2026-09-06,https://www.data.go.kr/data/15038929/fileData.do,2026-01-19,2026-09-06,administrative_record_only_not_confirmed_active,신축,2021-03-16,2022-04-27,2022-11-16,제2종근린생활시설,,"주소 기반 추정 위치, 공사현장 좌표 아님"
15038929:1566,1566,건축행정기록,자원순환관련시설,인천광역시 계양구 서운동 146,37.5253366,126.7575994,geocoded_kakao_jibun,kakao_exact_jibun_address_match,인천 계양구 서운동 146,1,1,0.0,,kakao_local_api:address_jibun,https://dapi.kakao.com/v2/local/search/address.json,2026-09-06,https://www.data.go.kr/data/15038929/fileData.do,2026-01-19,2026-09-06,administrative_record_only_not_confirmed_active,신축,2021-03-16,2021-04-02,2021-10-07,자원순환관련시설,,"주소 기반 추정 위치, 공사현장 좌표 아님"
15038929:1567,1567,건축행정기록,제1종근린생활시설,인천광역시 계양구 이화동 216-2,37.5921137,126.7385656,geocoded_kakao_jibun,kakao_exact_jibun_address_match,인천 계양구 이화동 216-2,1,1,0.0,,kakao_local_api:address_jibun,https://dapi.kakao.com/v2/local/search/address.json,2026-09-06,https://www.data.go.kr/data/15038929/fileData.do,2026-01-19,2026-09-06,administrative_record_only_not_confirmed_active,신축,2021-03-11,2021-07-22,2022-02-14,제1종근린생활시설,,"주소 기반 추정 위치, 공사현장 좌표 아님"
15038929:1568,1568,건축행정기록,공동주택,인천광역시 계양구 동양동 600,37.5625865,126.7542596,geocoded_kakao_jibun,kakao_exact_jibun_address_match,인천 계양구 동양동 600,1,1,0.0,,kakao_local_api:address_jibun,https://dapi.kakao.com/v2/local/search/address.json,2026-09-06,https://www.data.go.kr/data/15038929/fileData.do,2026-01-19,2026-09-06,administrative_record_only_not_confirmed_active,신축,2021-03-03,2021-03-18,2021-08-13,공동주택,,"주소 기반 추정 위치, 공사현장 좌표 아님"
15038929:1569,1569,건축행정기록,판매시설,인천광역시 계양구 병방동 109-4,37.5492662,126.7423717,geocoded_kakao_jibun,kakao_exact_jibun_address_match,인천 계양구 병방동 109-4,1,1,0.0,,kakao_local_api:address_jibun,https://dapi.kakao.com/v2/local/search/address.json,2026-09-06,https://www.data.go.kr/data/15038929/fileData.do,2026-01-19,2026-09-06,administrative_record_only_not_confirmed_active,용도변경,2021-02-24,,2021-03-19,판매시설,,"주소 기반 추정 위치, 공사현장 좌표 아님"
15038929:1570,1570,건축행정기록,제2종근린생활시설,인천광역시 계양구 다남동 103-37,37.5668980,126.7249968,geocoded_kakao_jibun,kakao_exact_jibun_address_match,인천 계양구 다남동 103-37,1,1,0.0,,kakao_local_api:address_jibun,https://dapi.kakao.com/v2/local/search/address.json,2026-09-06,https://www.data.go.kr/data/15038929/fileData.do,2026-01-19,2026-09-06,administrative_record_only_not_confirmed_active,증축,2021-02-23,2021-03-08,2021-09-16,제2종근린생활시설,,"주소 기반 추정 위치, 공사현장 좌표 아님"
15038929:1571,1571,건축행정기록,제1종근린생활시설,인천광역시 계양구 이화동 231-1 외1필지,37.5922569,126.7378881,geocoded_kakao_jibun,kakao_exact_jibun_address_match,인천 계양구 이화동 231-1,1,1,0.0,,kakao_local_api:address_jibun,https://dapi.kakao.com/v2/local/search/address.json,2026-09-06,https://www.data.go.kr/data/15038929/fileData.do,2026-01-19,2026-09-06,administrative_record_only_not_confirmed_active,신축,2021-02-18,2021-10-15,2022-07-01,제1종근린생활시설,,"주소 기반 추정 위치, 공사현장 좌표 아님"
15038929:1572,1572,건축행정기록,노유자시설,인천광역시 계양구 서운동 214-3,37.5343119,126.7556933,geocoded_kakao_jibun,kakao_exact_jibun_address_match,인천 계양구 서운동 214-3,1,1,0.0,,kakao_local_api:address_jibun,https://dapi.kakao.com/v2/local/search/address.json,2026-09-06,https://www.data.go.kr/data/15038929/fileData.do,2026-01-19,2026-09-06,administrative_record_only_not_confirmed_active,신축,2021-02-17,2021-04-22,2022-03-24,노유자시설,,"주소 기반 추정 위치, 공사현장 좌표 아님"
15038929:1573,1573,건축행정기록,업무시설,인천광역시 계양구 장기동 130 외1필지,37.5767916,126.7341472,geocoded_kakao_jibun,kakao_exact_jibun_address_match,인천 계양구 장기동 130,1,1,0.0,,kakao_local_api:address_jibun,https://dapi.kakao.com/v2/local/search/address.json,2026-09-06,https://www.data.go.kr/data/15038929/fileData.do,2026-01-19,2026-09-06,administrative_record_only_not_confirmed_active,증축,2021-02-17,2021-05-04,2022-06-29,업무시설,,"주소 기반 추정 위치, 공사현장 좌표 아님"
15038929:1574,1574,건축행정기록,제1종근린생활시설,인천광역시 계양구 이화동 52-24,37.5836401,126.7452167,geocoded_kakao_jibun,kakao_exact_jibun_address_match,인천 계양구 이화동 52-24,1,1,0.0,,kakao_local_api:address_jibun,https://dapi.kakao.com/v2/local/search/address.json,2026-09-06,https://www.data.go.kr/data/15038929/fileData.do,2026-01-19,2026-09-06,administrative_record_only_not_confirmed_active,증축,2021-02-16,2021-03-17,2021-05-20,제1종근린생활시설,,"주소 기반 추정 위치, 공사현장 좌표 아님"
15038929:1575,1575,건축행정기록,제1종근린생활시설,인천광역시 계양구 선주지동 114-2,37.5793704,126.7464006,geocoded_kakao_jibun,kakao_exact_jibun_address_match,인천 계양구 선주지동 114-2,1,1,0.0,,kakao_local_api:address_jibun,https://dapi.kakao.com/v2/local/search/address.json,2026-09-06,https://www.data.go.kr/data/15038929/fileData.do,2026-01-19,2026-09-06,administrative_record_only_not_confirmed_active,신축,2021-02-16,2021-03-11,2021-06-24,제1종근린생활시설,,"주소 기반 추정 위치, 공사현장 좌표 아님"
15038929:1576,1576,건축행정기록,제1종근린생활시설,인천광역시 계양구 선주지동 114-21,37.5792665,126.7464270,geocoded_kakao_jibun,kakao_exact_jibun_address_match,인천 계양구 선주지동 114-21,1,1,0.0,,kakao_local_api:address_jibun,https://dapi.kakao.com/v2/local/search/address.json,2026-09-06,https://www.data.go.kr/data/15038929/fileData.do,2026-01-19,2026-09-06,administrative_record_only_not_confirmed_active,신축,2021-02-16,2021-03-11,2021-06-24,제1종근린생활시설,,"주소 기반 추정 위치, 공사현장 좌표 아님"
15038929:1577,1577,건축행정기록,제1종근린생활시설,인천광역시 계양구 선주지동 114-22,37.5791545,126.7464553,geocoded_kakao_jibun,kakao_exact_jibun_address_match,인천 계양구 선주지동 114-22,1,1,0.0,,kakao_local_api:address_jibun,https://dapi.kakao.com/v2/local/search/address.json,2026-09-06,https://www.data.go.kr/data/15038929/fileData.do,2026-01-19,2026-09-06,administrative_record_only_not_confirmed_active,신축,2021-02-16,2021-03-11,2021-06-24,제1종근린생활시설,,"주소 기반 추정 위치, 공사현장 좌표 아님"
15038929:1578,1578,건축행정기록,제2종근린생활시설,인천광역시 계양구 귤현동 귤현지역 1블럭 2로트,,,unresolved,address_not_parcel_or_road_notation,,0,0,,,kakao_local_api:unresolved,https://dapi.kakao.com/v2/local/search/address.json,2026-09-06,https://www.data.go.kr/data/15038929/fileData.do,2026-01-19,2026-09-06,administrative_record_only_not_confirmed_active,증축,2021-02-10,2021-11-08,2022-05-10,제2종근린생활시설,,"주소 기반 추정 위치, 공사현장 좌표 아님"
15038929:1579,1579,건축행정기록,제2종근린생활시설,인천광역시 계양구 효성동 149-2 외1필지,37.5299906,126.7094981,geocoded_kakao_jibun,kakao_exact_jibun_address_match,인천 계양구 효성동 149-2,1,1,0.0,,kakao_local_api:address_jibun,https://dapi.kakao.com/v2/local/search/address.json,2026-09-06,https://www.data.go.kr/data/15038929/fileData.do,2026-01-19,2026-09-06,administrative_record_only_not_confirmed_active,신축,2021-02-04,2021-04-16,2022-02-15,제2종근린생활시설,,"주소 기반 추정 위치, 공사현장 좌표 아님"
15038929:1580,1580,건축행정기록,공동주택,인천광역시 계양구 동양동 603-1,37.5625567,126.7539408,geocoded_kakao_jibun,kakao_exact_jibun_address_match,인천 계양구 동양동 603-1,1,1,0.0,,kakao_local_api:address_jibun,https://dapi.kakao.com/v2/local/search/address.json,2026-09-06,https://www.data.go.kr/data/15038929/fileData.do,2026-01-19,2026-09-06,administrative_record_only_not_confirmed_active,신축,2021-02-03,2021-03-19,2021-12-01,공동주택,,"주소 기반 추정 위치, 공사현장 좌표 아님"
15038929:1581,1581,건축행정기록,공동주택,인천광역시 계양구 계산동 917-3 외1필지,37.5435953,126.7325514,geocoded_kakao_jibun,kakao_exact_jibun_address_match,인천 계양구 계산동 917-3,1,1,0.0,,kakao_local_api:address_jibun,https://dapi.kakao.com/v2/local/search/address.json,2026-09-06,https://www.data.go.kr/data/15038929/fileData.do,2026-01-19,2026-09-06,administrative_record_only_not_confirmed_active,신축,2021-02-03,2021-05-31,2022-01-06,공동주택,,"주소 기반 추정 위치, 공사현장 좌표 아님"
15038929:1582,1582,건축행정기록,업무시설,인천광역시 계양구 임학동 69-23,37.5437716,126.7371160,geocoded_kakao_jibun,kakao_exact_jibun_address_match,인천 계양구 임학동 69-23,1,1,0.0,,kakao_local_api:address_jibun,https://dapi.kakao.com/v2/local/search/address.json,2026-09-06,https://www.data.go.kr/data/15038929/fileData.do,2026-01-19,2026-09-06,administrative_record_only_not_confirmed_active,신축,2021-02-01,2021-04-28,2022-08-29,업무시설,,"주소 기반 추정 위치, 공사현장 좌표 아님"
15038929:1583,1583,건축행정기록,자동차관련시설,인천광역시 계양구 임학동 73-6 외1필지,37.5434095,126.7356042,geocoded_kakao_jibun,kakao_exact_jibun_address_match,인천 계양구 임학동 73-6,1,1,0.0,,kakao_local_api:address_jibun,https://dapi.kakao.com/v2/local/search/address.json,2026-09-06,https://www.data.go.kr/data/15038929/fileData.do,2026-01-19,2026-09-06,administrative_record_only_not_confirmed_active,신축,2021-02-01,2021-03-26,2021-07-14,자동차관련시설,,"주소 기반 추정 위치, 공사현장 좌표 아님"
15038929:1584,1584,건축행정기록,노유자시설,인천광역시 계양구 효성동 168-4,37.5295459,126.7085131,geocoded_kakao_jibun,kakao_exact_jibun_address_match,인천 계양구 효성동 168-4,1,1,0.0,,kakao_local_api:address_jibun,https://dapi.kakao.com/v2/local/search/address.json,2026-09-06,https://www.data.go.kr/data/15038929/fileData.do,2026-01-19,2026-09-06,administrative_record_only_not_confirmed_active,신축,2021-01-27,2021-01-29,2021-10-05,노유자시설,,"주소 기반 추정 위치, 공사현장 좌표 아님"
15038929:1585,1585,건축행정기록,단독주택,인천광역시 계양구 귤현동 506,37.5669548,126.7446898,geocoded_kakao_jibun,kakao_exact_jibun_address_match,인천 계양구 귤현동 506,1,1,0.0,,kakao_local_api:address_jibun,https://dapi.kakao.com/v2/local/search/address.json,2026-09-06,https://www.data.go.kr/data/15038929/fileData.do,2026-01-19,2026-09-06,administrative_record_only_not_confirmed_active,신축,2021-01-21,2021-02-25,2021-04-29,단독주택,,"주소 기반 추정 위치, 공사현장 좌표 아님"
15038929:1586,1586,건축행정기록,노유자시설,인천광역시 계양구 효성동 293-8,37.5290549,126.7178795,geocoded_kakao_jibun,kakao_exact_jibun_address_match,인천 계양구 효성동 293-8,1,1,0.0,,kakao_local_api:address_jibun,https://dapi.kakao.com/v2/local/search/address.json,2026-09-06,https://www.data.go.kr/data/15038929/fileData.do,2026-01-19,2026-09-06,administrative_record_only_not_confirmed_active,신축,2021-01-19,2021-06-17,2022-06-23,노유자시설,,"주소 기반 추정 위치, 공사현장 좌표 아님"
15038929:1587,1587,건축행정기록,판매시설,인천광역시 계양구 효성동 15-27 외1필지,37.5310690,126.7121400,geocoded_kakao_jibun,kakao_exact_jibun_address_match,인천 계양구 효성동 15-27,1,1,0.0,,kakao_local_api:address_jibun,https://dapi.kakao.com/v2/local/search/address.json,2026-09-06,https://www.data.go.kr/data/15038929/fileData.do,2026-01-19,2026-09-06,administrative_record_only_not_confirmed_active,용도변경,2021-01-19,,2021-03-18,판매시설,,"주소 기반 추정 위치, 공사현장 좌표 아님"
15038929:1588,1588,건축행정기록,공동주택,인천광역시 계양구 계산동 896-13 외1필지,37.5456570,126.7200913,geocoded_kakao_jibun,kakao_exact_jibun_address_match,인천 계양구 계산동 896-13,1,1,0.0,,kakao_local_api:address_jibun,https://dapi.kakao.com/v2/local/search/address.json,2026-09-06,https://www.data.go.kr/data/15038929/fileData.do,2026-01-19,2026-09-06,administrative_record_only_not_confirmed_active,신축,2021-01-07,2021-01-14,2021-05-21,공동주택,,"주소 기반 추정 위치, 공사현장 좌표 아님"
15038929:1589,1589,건축행정기록,제1종근린생활시설,인천광역시 계양구 이화동 239-4,37.5921193,126.7374313,geocoded_kakao_jibun,kakao_exact_jibun_address_match,인천 계양구 이화동 239-4,1,1,0.0,,kakao_local_api:address_jibun,https://dapi.kakao.com/v2/local/search/address.json,2026-09-06,https://www.data.go.kr/data/15038929/fileData.do,2026-01-19,2026-09-06,administrative_record_only_not_confirmed_active,신축,2020-12-31,2021-10-28,2022-05-16,제1종근린생활시설,,"주소 기반 추정 위치, 공사현장 좌표 아님"
15038929:1590,1590,건축행정기록,제1종근린생활시설,인천광역시 계양구 서운동 55-45 외1필지,37.5265295,126.7487519,geocoded_kakao_jibun,kakao_exact_jibun_address_match,인천 계양구 서운동 55-45,1,1,0.0,,kakao_local_api:address_jibun,https://dapi.kakao.com/v2/local/search/address.json,2026-09-06,https://www.data.go.kr/data/15038929/fileData.do,2026-01-19,2026-09-06,administrative_record_only_not_confirmed_active,증축,2020-12-31,2021-07-27,2021-12-01,제1종근린생활시설,,"주소 기반 추정 위치, 공사현장 좌표 아님"
15038929:1591,1591,건축행정기록,노유자시설,인천광역시 계양구 임학동 6-5,37.5471418,126.7397843,geocoded_kakao_jibun,kakao_exact_jibun_address_match,인천 계양구 임학동 6-5,1,1,0.0,,kakao_local_api:address_jibun,https://dapi.kakao.com/v2/local/search/address.json,2026-09-06,https://www.data.go.kr/data/15038929/fileData.do,2026-01-19,2026-09-06,administrative_record_only_not_confirmed_active,대수선,2020-12-30,2021-06-16,2023-05-15,노유자시설,,"주소 기반 추정 위치, 공사현장 좌표 아님"
15038929:1592,1592,건축행정기록,제2종근린생활시설,인천광역시 계양구 서운동 55-488 외2필지,37.5270618,126.7487683,geocoded_kakao_jibun,kakao_exact_jibun_address_match,인천 계양구 서운동 55-488,1,1,0.0,,kakao_local_api:address_jibun,https://dapi.kakao.com/v2/local/search/address.json,2026-09-06,https://www.data.go.kr/data/15038929/fileData.do,2026-01-19,2026-09-06,administrative_record_only_not_confirmed_active,신축,2020-12-30,2021-03-30,2021-11-04,제2종근린생활시설,,"주소 기반 추정 위치, 공사현장 좌표 아님"
15038929:1593,1593,건축행정기록,공동주택,인천광역시 계양구 다남동 64-26,37.5700811,126.7239069,geocoded_kakao_jibun,kakao_exact_jibun_address_match,인천 계양구 다남동 64-26,1,1,0.0,,kakao_local_api:address_jibun,https://dapi.kakao.com/v2/local/search/address.json,2026-09-06,https://www.data.go.kr/data/15038929/fileData.do,2026-01-19,2026-09-06,administrative_record_only_not_confirmed_active,신축,2020-12-28,2021-08-04,2022-05-30,공동주택,,"주소 기반 추정 위치, 공사현장 좌표 아님"
15038929:1594,1594,건축행정기록,공장,인천광역시 계양구 서운동 221-2,37.5309436,126.7583081,geocoded_kakao_jibun,kakao_exact_jibun_address_match,인천 계양구 서운동 221-2,1,1,0.0,,kakao_local_api:address_jibun,https://dapi.kakao.com/v2/local/search/address.json,2026-09-06,https://www.data.go.kr/data/15038929/fileData.do,2026-01-19,2026-09-06,administrative_record_only_not_confirmed_active,신축,2020-12-23,2020-12-31,2021-12-08,공장,,"주소 기반 추정 위치, 공사현장 좌표 아님"
15038929:1595,1595,건축행정기록,의료시설,인천광역시 계양구 계산동 944-30,37.5420869,126.7230514,geocoded_kakao_jibun,kakao_exact_jibun_address_match,인천 계양구 계산동 944-30,1,1,0.0,,kakao_local_api:address_jibun,https://dapi.kakao.com/v2/local/search/address.json,2026-09-06,https://www.data.go.kr/data/15038929/fileData.do,2026-01-19,2026-09-06,administrative_record_only_not_confirmed_active,증축,2020-12-16,2021-11-08,2022-05-19,의료시설,,"주소 기반 추정 위치, 공사현장 좌표 아님"
15038929:1596,1596,건축행정기록,공장,인천광역시 계양구 서운동 214-8,37.5337708,126.7547690,geocoded_kakao_jibun,kakao_exact_jibun_address_match,인천 계양구 서운동 214-8,1,1,0.0,,kakao_local_api:address_jibun,https://dapi.kakao.com/v2/local/search/address.json,2026-09-06,https://www.data.go.kr/data/15038929/fileData.do,2026-01-19,2026-09-06,administrative_record_only_not_confirmed_active,신축,2020-12-03,2021-03-05,2021-08-05,공장,,"주소 기반 추정 위치, 공사현장 좌표 아님"
15038929:1597,1597,건축행정기록,제1종근린생활시설,인천광역시 계양구 용종동 208,37.5405609,126.7381938,geocoded_kakao_jibun,kakao_exact_jibun_address_match,인천 계양구 용종동 208,1,1,0.0,,kakao_local_api:address_jibun,https://dapi.kakao.com/v2/local/search/address.json,2026-09-06,https://www.data.go.kr/data/15038929/fileData.do,2026-01-19,2026-09-06,administrative_record_only_not_confirmed_active,개축,2020-12-02,2021-03-18,2021-07-02,제1종근린생활시설,,"주소 기반 추정 위치, 공사현장 좌표 아님"
15038929:1598,1598,건축행정기록,제1종근린생활시설,인천광역시 계양구 선주지동 110-1 외2필지,37.5793788,126.7472067,geocoded_kakao_jibun,kakao_exact_jibun_address_match,인천 계양구 선주지동 110-1,1,1,0.0,,kakao_local_api:address_jibun,https://dapi.kakao.com/v2/local/search/address.json,2026-09-06,https://www.data.go.kr/data/15038929/fileData.do,2026-01-19,2026-09-06,administrative_record_only_not_confirmed_active,신축,2020-12-01,2020-12-11,2021-03-10,제1종근린생활시설,,"주소 기반 추정 위치, 공사현장 좌표 아님"
15038929:1599,1599,건축행정기록,제1종근린생활시설,인천광역시 계양구 선주지동 110-8 외2필지,37.5793106,126.7473118,geocoded_kakao_jibun,kakao_exact_jibun_address_match,인천 계양구 선주지동 110-8,1,1,0.0,,kakao_local_api:address_jibun,https://dapi.kakao.com/v2/local/search/address.json,2026-09-06,https://www.data.go.kr/data/15038929/fileData.do,2026-01-19,2026-09-06,administrative_record_only_not_confirmed_active,신축,2020-12-01,2020-12-11,2021-03-10,제1종근린생활시설,,"주소 기반 추정 위치, 공사현장 좌표 아님"
15038929:1600,1600,건축행정기록,공장,인천광역시 계양구 서운동 220-5,37.5329738,126.7589206,geocoded_kakao_jibun,kakao_exact_jibun_address_match,인천 계양구 서운동 220-5,1,1,0.0,,kakao_local_api:address_jibun,https://dapi.kakao.com/v2/local/search/address.json,2026-09-06,https://www.data.go.kr/data/15038929/fileData.do,2026-01-19,2026-09-06,administrative_record_only_not_confirmed_active,신축,2020-11-30,2020-12-11,2021-10-28,공장,,"주소 기반 추정 위치, 공사현장 좌표 아님"
15038929:1601,1601,건축행정기록,공동주택,인천광역시 계양구 효성동 273-24 외1필지,37.5263522,126.7119087,geocoded_kakao_jibun,kakao_exact_jibun_address_match,인천 계양구 효성동 273-24,1,1,0.0,,kakao_local_api:address_jibun,https://dapi.kakao.com/v2/local/search/address.json,2026-09-06,https://www.data.go.kr/data/15038929/fileData.do,2026-01-19,2026-09-06,administrative_record_only_not_confirmed_active,신축,2020-11-26,2020-12-09,2021-06-09,공동주택,,"주소 기반 추정 위치, 공사현장 좌표 아님"
15038929:1602,1602,건축행정기록,공장,인천광역시 계양구 서운동 208-2,37.5361698,126.7522346,geocoded_kakao_jibun,kakao_exact_jibun_address_match,인천 계양구 서운동 208-2,1,1,0.0,,kakao_local_api:address_jibun,https://dapi.kakao.com/v2/local/search/address.json,2026-09-06,https://www.data.go.kr/data/15038929/fileData.do,2026-01-19,2026-09-06,administrative_record_only_not_confirmed_active,증축,2020-11-25,2021-03-12,2021-10-22,공장,,"주소 기반 추정 위치, 공사현장 좌표 아님"
15038929:1603,1603,건축행정기록,공장,인천광역시 계양구 서운동 217,37.5331282,126.7565685,geocoded_kakao_jibun,kakao_exact_jibun_address_match,인천 계양구 서운동 217,1,1,0.0,,kakao_local_api:address_jibun,https://dapi.kakao.com/v2/local/search/address.json,2026-09-06,https://www.data.go.kr/data/15038929/fileData.do,2026-01-19,2026-09-06,administrative_record_only_not_confirmed_active,신축,2020-11-24,2020-12-21,2022-05-06,공장,,"주소 기반 추정 위치, 공사현장 좌표 아님"
15038929:1604,1604,건축행정기록,제1종근린생활시설,인천광역시 계양구 선주지동 108-1,37.5795181,126.7476830,geocoded_kakao_jibun,kakao_exact_jibun_address_match,인천 계양구 선주지동 108-1,1,1,0.0,,kakao_local_api:address_jibun,https://dapi.kakao.com/v2/local/search/address.json,2026-09-06,https://www.data.go.kr/data/15038929/fileData.do,2026-01-19,2026-09-06,administrative_record_only_not_confirmed_active,신축,2020-11-20,2020-12-30,2021-05-26,제1종근린생활시설,,"주소 기반 추정 위치, 공사현장 좌표 아님"
15038929:1605,1605,건축행정기록,제1종근린생활시설,인천광역시 계양구 선주지동 122-3,37.5799277,126.7458716,geocoded_kakao_jibun,kakao_exact_jibun_address_match,인천 계양구 선주지동 122-3,1,1,0.0,,kakao_local_api:address_jibun,https://dapi.kakao.com/v2/local/search/address.json,2026-09-06,https://www.data.go.kr/data/15038929/fileData.do,2026-01-19,2026-09-06,administrative_record_only_not_confirmed_active,신축,2020-11-17,2021-12-07,2022-04-29,제1종근린생활시설,,"주소 기반 추정 위치, 공사현장 좌표 아님"
15038929:1606,1606,건축행정기록,숙박시설,인천광역시 계양구 계산동 1076-4,37.5359134,126.7359105,geocoded_kakao_jibun,kakao_exact_jibun_address_match,인천 계양구 계산동 1076-4,1,1,0.0,,kakao_local_api:address_jibun,https://dapi.kakao.com/v2/local/search/address.json,2026-09-06,https://www.data.go.kr/data/15038929/fileData.do,2026-01-19,2026-09-06,administrative_record_only_not_confirmed_active,증축,2020-11-12,2020-12-03,2021-01-08,숙박시설,,"주소 기반 추정 위치, 공사현장 좌표 아님"
15038929:1607,1607,건축행정기록,운동시설,인천광역시 계양구 방축동 3-37 외2필지,37.5515895,126.7416700,geocoded_kakao_jibun,kakao_exact_jibun_address_match,인천 계양구 방축동 3-37,1,1,0.0,,kakao_local_api:address_jibun,https://dapi.kakao.com/v2/local/search/address.json,2026-09-06,https://www.data.go.kr/data/15038929/fileData.do,2026-01-19,2026-09-06,administrative_record_only_not_confirmed_active,신축,2020-11-06,2021-03-19,2022-06-16,운동시설,,"주소 기반 추정 위치, 공사현장 좌표 아님"
15038929:1608,1608,건축행정기록,제1종근린생활시설,인천광역시 계양구 효성동 549-2,37.5256015,126.6997691,geocoded_kakao_jibun,kakao_exact_jibun_address_match,인천 계양구 효성동 549-2,1,1,0.0,,kakao_local_api:address_jibun,https://dapi.kakao.com/v2/local/search/address.json,2026-09-06,https://www.data.go.kr/data/15038929/fileData.do,2026-01-19,2026-09-06,administrative_record_only_not_confirmed_active,용도변경,2020-11-05,,2021-02-24,제1종근린생활시설,,"주소 기반 추정 위치, 공사현장 좌표 아님"
15038929:1609,1609,건축행정기록,제1종근린생활시설,인천광역시 계양구 선주지동 101-1,37.5794437,126.7484956,geocoded_kakao_jibun,kakao_exact_jibun_address_match,인천 계양구 선주지동 101-1,1,1,0.0,,kakao_local_api:address_jibun,https://dapi.kakao.com/v2/local/search/address.json,2026-09-06,https://www.data.go.kr/data/15038929/fileData.do,2026-01-19,2026-09-06,administrative_record_only_not_confirmed_active,신축,2020-10-30,2020-11-16,2021-04-20,제1종근린생활시설,,"주소 기반 추정 위치, 공사현장 좌표 아님"
15038929:1610,1610,건축행정기록,제2종근린생활시설,인천광역시 계양구 장기동 152-10,37.5771273,126.7363144,geocoded_kakao_jibun,kakao_exact_jibun_address_match,인천 계양구 장기동 152-10,1,1,0.0,,kakao_local_api:address_jibun,https://dapi.kakao.com/v2/local/search/address.json,2026-09-06,https://www.data.go.kr/data/15038929/fileData.do,2026-01-19,2026-09-06,administrative_record_only_not_confirmed_active,신축,2020-10-28,2020-12-11,2021-07-20,제2종근린생활시설,,"주소 기반 추정 위치, 공사현장 좌표 아님"
15038929:1611,1611,건축행정기록,제1종근린생활시설,인천광역시 계양구 효성동 549-2,37.5256015,126.6997691,geocoded_kakao_jibun,kakao_exact_jibun_address_match,인천 계양구 효성동 549-2,1,1,0.0,,kakao_local_api:address_jibun,https://dapi.kakao.com/v2/local/search/address.json,2026-09-06,https://www.data.go.kr/data/15038929/fileData.do,2026-01-19,2026-09-06,administrative_record_only_not_confirmed_active,용도변경,2020-10-23,,2021-03-12,제1종근린생활시설,,"주소 기반 추정 위치, 공사현장 좌표 아님"
15038929:1612,1612,건축행정기록,제1종근린생활시설,인천광역시 계양구 효성동 549-2,37.5256015,126.6997691,geocoded_kakao_jibun,kakao_exact_jibun_address_match,인천 계양구 효성동 549-2,1,1,0.0,,kakao_local_api:address_jibun,https://dapi.kakao.com/v2/local/search/address.json,2026-09-06,https://www.data.go.kr/data/15038929/fileData.do,2026-01-19,2026-09-06,administrative_record_only_not_confirmed_active,용도변경,2020-10-20,,2021-01-26,제1종근린생활시설,,"주소 기반 추정 위치, 공사현장 좌표 아님"
15038929:1613,1613,건축행정기록,제1종근린생활시설,인천광역시 계양구 효성동 549-2,37.5256015,126.6997691,geocoded_kakao_jibun,kakao_exact_jibun_address_match,인천 계양구 효성동 549-2,1,1,0.0,,kakao_local_api:address_jibun,https://dapi.kakao.com/v2/local/search/address.json,2026-09-06,https://www.data.go.kr/data/15038929/fileData.do,2026-01-19,2026-09-06,administrative_record_only_not_confirmed_active,용도변경,2020-10-20,,2021-01-26,제1종근린생활시설,,"주소 기반 추정 위치, 공사현장 좌표 아님"
15038929:1614,1614,건축행정기록,제1종근린생활시설,인천광역시 계양구 효성동 549-2,37.5256015,126.6997691,geocoded_kakao_jibun,kakao_exact_jibun_address_match,인천 계양구 효성동 549-2,1,1,0.0,,kakao_local_api:address_jibun,https://dapi.kakao.com/v2/local/search/address.json,2026-09-06,https://www.data.go.kr/data/15038929/fileData.do,2026-01-19,2026-09-06,administrative_record_only_not_confirmed_active,용도변경,2020-10-16,,2021-01-26,제1종근린생활시설,,"주소 기반 추정 위치, 공사현장 좌표 아님"
15038929:1615,1615,건축행정기록,판매시설,인천광역시 계양구 용종동 207-1,37.5418330,126.7378599,geocoded_kakao_jibun,kakao_exact_jibun_address_match,인천 계양구 용종동 207-1,1,1,0.0,,kakao_local_api:address_jibun,https://dapi.kakao.com/v2/local/search/address.json,2026-09-06,https://www.data.go.kr/data/15038929/fileData.do,2026-01-19,2026-09-06,administrative_record_only_not_confirmed_active,대수선,2020-09-21,2020-09-22,2020-10-12,판매시설,,"주소 기반 추정 위치, 공사현장 좌표 아님"
15038929:1616,1616,건축행정기록,판매시설,인천광역시 계양구 계산동 300-13 외2필지,37.5367059,126.7297236,geocoded_kakao_jibun,kakao_exact_jibun_address_match,인천 계양구 계산동 300-13,1,1,0.0,,kakao_local_api:address_jibun,https://dapi.kakao.com/v2/local/search/address.json,2026-09-06,https://www.data.go.kr/data/15038929/fileData.do,2026-01-19,2026-09-06,administrative_record_only_not_confirmed_active,용도변경,2020-09-18,,2020-09-25,판매시설,,"주소 기반 추정 위치, 공사현장 좌표 아님"
15038929:1617,1617,건축행정기록,제1종근린생활시설,인천광역시 계양구 선주지동 110-2,37.5790683,126.7471600,geocoded_kakao_jibun,kakao_exact_jibun_address_match,인천 계양구 선주지동 110-2,1,1,0.0,,kakao_local_api:address_jibun,https://dapi.kakao.com/v2/local/search/address.json,2026-09-06,https://www.data.go.kr/data/15038929/fileData.do,2026-01-19,2026-09-06,administrative_record_only_not_confirmed_active,신축,2020-09-15,2020-09-22,2021-01-18,제1종근린생활시설,,"주소 기반 추정 위치, 공사현장 좌표 아님"
15038929:1618,1618,건축행정기록,자동차관련시설,인천광역시 계양구 작전동 740-5,37.5246164,126.7299351,geocoded_kakao_jibun,kakao_exact_jibun_address_match,인천 계양구 작전동 740-5,1,1,0.0,,kakao_local_api:address_jibun,https://dapi.kakao.com/v2/local/search/address.json,2026-09-06,https://www.data.go.kr/data/15038929/fileData.do,2026-01-19,2026-09-06,administrative_record_only_not_confirmed_active,증축,2020-09-11,2020-09-18,2020-11-27,자동차관련시설,,"주소 기반 추정 위치, 공사현장 좌표 아님"
15038929:1619,1619,건축행정기록,종교시설,인천광역시 계양구 효성동 147-3 외1필지,37.5309634,126.7092017,geocoded_kakao_jibun,kakao_exact_jibun_address_match,인천 계양구 효성동 147-3,1,1,0.0,,kakao_local_api:address_jibun,https://dapi.kakao.com/v2/local/search/address.json,2026-09-06,https://www.data.go.kr/data/15038929/fileData.do,2026-01-19,2026-09-06,administrative_record_only_not_confirmed_active,증축,2020-09-10,2022-08-01,2025-07-23,종교시설,,"주소 기반 추정 위치, 공사현장 좌표 아님"
15038929:1620,1620,건축행정기록,제2종근린생활시설,인천광역시 계양구 계산동 897-130,37.5465237,126.7212306,geocoded_kakao_jibun,kakao_exact_jibun_address_match,인천 계양구 계산동 897-130,1,1,0.0,,kakao_local_api:address_jibun,https://dapi.kakao.com/v2/local/search/address.json,2026-09-06,https://www.data.go.kr/data/15038929/fileData.do,2026-01-19,2026-09-06,administrative_record_only_not_confirmed_active,신축,2020-09-09,2020-09-14,2021-04-14,제2종근린생활시설,,"주소 기반 추정 위치, 공사현장 좌표 아님"
15038929:1621,1621,건축행정기록,공장,인천광역시 계양구 서운동 221,37.5309133,126.7563266,geocoded_kakao_jibun,kakao_exact_jibun_address_match,인천 계양구 서운동 221,1,1,0.0,,kakao_local_api:address_jibun,https://dapi.kakao.com/v2/local/search/address.json,2026-09-06,https://www.data.go.kr/data/15038929/fileData.do,2026-01-19,2026-09-06,administrative_record_only_not_confirmed_active,신축,2020-09-09,2021-01-29,2022-04-26,공장,,"주소 기반 추정 위치, 공사현장 좌표 아님"
15038929:1622,1622,건축행정기록,공장,인천광역시 계양구 서운동 213-4,37.5348885,126.7582133,geocoded_kakao_jibun,kakao_exact_jibun_address_match,인천 계양구 서운동 213-4,1,1,0.0,,kakao_local_api:address_jibun,https://dapi.kakao.com/v2/local/search/address.json,2026-09-06,https://www.data.go.kr/data/15038929/fileData.do,2026-01-19,2026-09-06,administrative_record_only_not_confirmed_active,신축,2020-09-07,2020-11-19,2022-01-19,공장,,"주소 기반 추정 위치, 공사현장 좌표 아님"
15038929:1623,1623,건축행정기록,업무시설,인천광역시 계양구 계산동 1077-2,37.5363971,126.7362389,geocoded_kakao_jibun,kakao_exact_jibun_address_match,인천 계양구 계산동 1077-2,1,1,0.0,,kakao_local_api:address_jibun,https://dapi.kakao.com/v2/local/search/address.json,2026-09-06,https://www.data.go.kr/data/15038929/fileData.do,2026-01-19,2026-09-06,administrative_record_only_not_confirmed_active,신축,2020-09-04,2020-12-10,2022-05-20,업무시설,,"주소 기반 추정 위치, 공사현장 좌표 아님"
15038929:1624,1624,건축행정기록,단독주택,인천광역시 계양구 계산동 921-25,37.5440186,126.7277897,geocoded_kakao_jibun,kakao_exact_jibun_address_match,인천 계양구 계산동 921-25,1,1,0.0,,kakao_local_api:address_jibun,https://dapi.kakao.com/v2/local/search/address.json,2026-09-06,https://www.data.go.kr/data/15038929/fileData.do,2026-01-19,2026-09-06,administrative_record_only_not_confirmed_active,신축,2020-08-31,2020-09-21,2021-04-19,단독주택,,"주소 기반 추정 위치, 공사현장 좌표 아님"
15038929:1625,1625,건축행정기록,단독주택,인천광역시 계양구 다남동 64-40,37.5702066,126.7238148,geocoded_kakao_jibun,kakao_exact_jibun_address_match,인천 계양구 다남동 64-40,1,1,0.0,,kakao_local_api:address_jibun,https://dapi.kakao.com/v2/local/search/address.json,2026-09-06,https://www.data.go.kr/data/15038929/fileData.do,2026-01-19,2026-09-06,administrative_record_only_not_confirmed_active,신축,2020-08-28,2020-09-18,2021-09-16,단독주택,,"주소 기반 추정 위치, 공사현장 좌표 아님"
15038929:1626,1626,건축행정기록,단독주택,인천광역시 계양구 계산동 971-14,37.5388144,126.7209148,geocoded_kakao_jibun,kakao_exact_jibun_address_match,인천 계양구 계산동 971-14,1,1,0.0,,kakao_local_api:address_jibun,https://dapi.kakao.com/v2/local/search/address.json,2026-09-06,https://www.data.go.kr/data/15038929/fileData.do,2026-01-19,2026-09-06,administrative_record_only_not_confirmed_active,신축,2020-08-27,2020-12-15,2021-05-27,단독주택,,"주소 기반 추정 위치, 공사현장 좌표 아님"
15038929:1627,1627,건축행정기록,운동시설,인천광역시 계양구 갈현동 산 52-9 외5필지,37.5765074,126.7291945,geocoded_kakao_jibun,kakao_exact_jibun_address_match,인천 계양구 갈현동 산 52-9,1,1,0.0,,kakao_local_api:address_jibun,https://dapi.kakao.com/v2/local/search/address.json,2026-09-06,https://www.data.go.kr/data/15038929/fileData.do,2026-01-19,2026-09-06,administrative_record_only_not_confirmed_active,신축,2020-08-14,2021-03-04,2021-10-28,운동시설,,"주소 기반 추정 위치, 공사현장 좌표 아님"
15038929:1628,1628,건축행정기록,단독주택,인천광역시 계양구 방축동 144,37.5491325,126.7381697,geocoded_kakao_jibun,kakao_exact_jibun_address_match,인천 계양구 방축동 144,1,1,0.0,,kakao_local_api:address_jibun,https://dapi.kakao.com/v2/local/search/address.json,2026-09-06,https://www.data.go.kr/data/15038929/fileData.do,2026-01-19,2026-09-06,administrative_record_only_not_confirmed_active,신축,2020-08-13,2020-09-02,2021-02-01,단독주택,,"주소 기반 추정 위치, 공사현장 좌표 아님"
15038929:1629,1629,건축행정기록,공동주택,인천광역시 계양구 효성동 273-51,37.5259982,126.7125622,geocoded_kakao_jibun,kakao_exact_jibun_address_match,인천 계양구 효성동 273-51,1,1,0.0,,kakao_local_api:address_jibun,https://dapi.kakao.com/v2/local/search/address.json,2026-09-06,https://www.data.go.kr/data/15038929/fileData.do,2026-01-19,2026-09-06,administrative_record_only_not_confirmed_active,신축,2020-08-06,2020-10-27,2021-06-29,공동주택,,"주소 기반 추정 위치, 공사현장 좌표 아님"
15038929:1630,1630,건축행정기록,업무시설,인천광역시 계양구 서운동 214-7,37.5337907,126.7551323,geocoded_kakao_jibun,kakao_exact_jibun_address_match,인천 계양구 서운동 214-7,1,1,0.0,,kakao_local_api:address_jibun,https://dapi.kakao.com/v2/local/search/address.json,2026-09-06,https://www.data.go.kr/data/15038929/fileData.do,2026-01-19,2026-09-06,administrative_record_only_not_confirmed_active,신축,2020-07-31,2020-12-02,2021-12-16,업무시설,,"주소 기반 추정 위치, 공사현장 좌표 아님"
15038929:1631,1631,건축행정기록,공동주택,인천광역시 계양구 계산동 971-33,37.5385507,126.7202550,geocoded_kakao_jibun,kakao_exact_jibun_address_match,인천 계양구 계산동 971-33,1,1,0.0,,kakao_local_api:address_jibun,https://dapi.kakao.com/v2/local/search/address.json,2026-09-06,https://www.data.go.kr/data/15038929/fileData.do,2026-01-19,2026-09-06,administrative_record_only_not_confirmed_active,신축,2020-07-30,2020-08-20,2021-01-20,공동주택,,"주소 기반 추정 위치, 공사현장 좌표 아님"
15038929:1632,1632,건축행정기록,단독주택,인천광역시 계양구 임학동 196,37.5481098,126.7348891,geocoded_kakao_jibun,kakao_exact_jibun_address_match,인천 계양구 임학동 196,1,1,0.0,,kakao_local_api:address_jibun,https://dapi.kakao.com/v2/local/search/address.json,2026-09-06,https://www.data.go.kr/data/15038929/fileData.do,2026-01-19,2026-09-06,administrative_record_only_not_confirmed_active,신축,2020-07-27,2020-08-20,2021-02-10,단독주택,,"주소 기반 추정 위치, 공사현장 좌표 아님"
15038929:1633,1633,건축행정기록,제1종근린생활시설,인천광역시 계양구 서운동 26-10,37.5292508,126.7435724,geocoded_kakao_jibun,kakao_exact_jibun_address_match,인천 계양구 서운동 26-10,1,1,0.0,,kakao_local_api:address_jibun,https://dapi.kakao.com/v2/local/search/address.json,2026-09-06,https://www.data.go.kr/data/15038929/fileData.do,2026-01-19,2026-09-06,administrative_record_only_not_confirmed_active,증축,2020-07-23,2020-09-29,2020-12-30,제1종근린생활시설,,"주소 기반 추정 위치, 공사현장 좌표 아님"
15038929:1634,1634,건축행정기록,단독주택,인천광역시 계양구 다남동 80-8,37.5694708,126.7268483,geocoded_kakao_jibun,kakao_exact_jibun_address_match,인천 계양구 다남동 80-8,1,1,0.0,,kakao_local_api:address_jibun,https://dapi.kakao.com/v2/local/search/address.json,2026-09-06,https://www.data.go.kr/data/15038929/fileData.do,2026-01-19,2026-09-06,administrative_record_only_not_confirmed_active,신축,2020-07-20,2020-08-05,2021-01-19,단독주택,,"주소 기반 추정 위치, 공사현장 좌표 아님"
15038929:1635,1635,건축행정기록,제2종근린생활시설,인천광역시 계양구 효성동 404-6 외4필지,37.5250451,126.7069039,geocoded_kakao_jibun,kakao_exact_jibun_address_match,인천 계양구 효성동 404-6,1,1,0.0,,kakao_local_api:address_jibun,https://dapi.kakao.com/v2/local/search/address.json,2026-09-06,https://www.data.go.kr/data/15038929/fileData.do,2026-01-19,2026-09-06,administrative_record_only_not_confirmed_active,신축,2020-07-14,2021-03-05,2021-08-09,제2종근린생활시설,,"주소 기반 추정 위치, 공사현장 좌표 아님"
15038929:1636,1636,건축행정기록,제1종근린생활시설,인천광역시 계양구 갈현동 101-41,37.5777477,126.7212038,geocoded_kakao_jibun,kakao_exact_jibun_address_match,인천 계양구 갈현동 101-41,1,1,0.0,,kakao_local_api:address_jibun,https://dapi.kakao.com/v2/local/search/address.json,2026-09-06,https://www.data.go.kr/data/15038929/fileData.do,2026-01-19,2026-09-06,administrative_record_only_not_confirmed_active,신축,2020-07-14,2020-12-01,2021-07-13,제1종근린생활시설,,"주소 기반 추정 위치, 공사현장 좌표 아님"
15038929:1637,1637,건축행정기록,공동주택,인천광역시 계양구 임학동 63-40 외3필지,37.5448205,126.7346293,geocoded_kakao_jibun,kakao_exact_jibun_address_match,인천 계양구 임학동 63-40,1,1,0.0,,kakao_local_api:address_jibun,https://dapi.kakao.com/v2/local/search/address.json,2026-09-06,https://www.data.go.kr/data/15038929/fileData.do,2026-01-19,2026-09-06,administrative_record_only_not_confirmed_active,신축,2020-07-13,2020-07-24,2020-12-11,공동주택,,"주소 기반 추정 위치, 공사현장 좌표 아님"
15038929:1638,1638,건축행정기록,제1종근린생활시설,인천광역시 계양구 선주지동 120-2,37.5797810,126.7453107,geocoded_kakao_jibun,kakao_exact_jibun_address_match,인천 계양구 선주지동 120-2,1,1,0.0,,kakao_local_api:address_jibun,https://dapi.kakao.com/v2/local/search/address.json,2026-09-06,https://www.data.go.kr/data/15038929/fileData.do,2026-01-19,2026-09-06,administrative_record_only_not_confirmed_active,신축,2020-07-09,2020-08-20,2020-11-02,제1종근린생활시설,,"주소 기반 추정 위치, 공사현장 좌표 아님"
15038929:1639,1639,건축행정기록,공동주택,인천광역시 계양구 계산동 900-7,37.5475308,126.7247516,geocoded_kakao_jibun,kakao_exact_jibun_address_match,인천 계양구 계산동 900-7,1,1,0.0,,kakao_local_api:address_jibun,https://dapi.kakao.com/v2/local/search/address.json,2026-09-06,https://www.data.go.kr/data/15038929/fileData.do,2026-01-19,2026-09-06,administrative_record_only_not_confirmed_active,신축,2020-07-03,2020-07-14,2021-01-28,공동주택,,"주소 기반 추정 위치, 공사현장 좌표 아님"
15038929:1640,1640,건축행정기록,공장,인천광역시 계양구 서운동 217-3,37.5331314,126.7580379,geocoded_kakao_jibun,kakao_exact_jibun_address_match,인천 계양구 서운동 217-3,1,1,0.0,,kakao_local_api:address_jibun,https://dapi.kakao.com/v2/local/search/address.json,2026-09-06,https://www.data.go.kr/data/15038929/fileData.do,2026-01-19,2026-09-06,administrative_record_only_not_confirmed_active,신축,2020-07-03,2020-12-31,2021-11-24,공장,,"주소 기반 추정 위치, 공사현장 좌표 아님"
15038929:1641,1641,건축행정기록,공동주택,인천광역시 계양구 다남동 80-9,37.5692889,126.7269228,geocoded_kakao_jibun,kakao_exact_jibun_address_match,인천 계양구 다남동 80-9,1,1,0.0,,kakao_local_api:address_jibun,https://dapi.kakao.com/v2/local/search/address.json,2026-09-06,https://www.data.go.kr/data/15038929/fileData.do,2026-01-19,2026-09-06,administrative_record_only_not_confirmed_active,신축,2020-06-30,2020-07-31,2021-03-31,공동주택,,"주소 기반 추정 위치, 공사현장 좌표 아님"
15038929:1642,1642,건축행정기록,공동주택,인천광역시 계양구 다남동 80-7,37.5691966,126.7265094,geocoded_kakao_jibun,kakao_exact_jibun_address_match,인천 계양구 다남동 80-7,1,1,0.0,,kakao_local_api:address_jibun,https://dapi.kakao.com/v2/local/search/address.json,2026-09-06,https://www.data.go.kr/data/15038929/fileData.do,2026-01-19,2026-09-06,administrative_record_only_not_confirmed_active,신축,2020-06-30,2020-07-31,2021-03-31,공동주택,,"주소 기반 추정 위치, 공사현장 좌표 아님"
15038929:1643,1643,건축행정기록,공동주택,인천광역시 계양구 다남동 80-27,37.5691887,126.7266812,geocoded_kakao_jibun,kakao_exact_jibun_address_match,인천 계양구 다남동 80-27,1,1,0.0,,kakao_local_api:address_jibun,https://dapi.kakao.com/v2/local/search/address.json,2026-09-06,https://www.data.go.kr/data/15038929/fileData.do,2026-01-19,2026-09-06,administrative_record_only_not_confirmed_active,신축,2020-06-30,2020-07-31,2021-03-31,공동주택,,"주소 기반 추정 위치, 공사현장 좌표 아님"
15038929:1644,1644,건축행정기록,공장,인천광역시 계양구 서운동 208-3,37.5357754,126.7523499,geocoded_kakao_jibun,kakao_exact_jibun_address_match,인천 계양구 서운동 208-3,1,1,0.0,,kakao_local_api:address_jibun,https://dapi.kakao.com/v2/local/search/address.json,2026-09-06,https://www.data.go.kr/data/15038929/fileData.do,2026-01-19,2026-09-06,administrative_record_only_not_confirmed_active,증축,2020-06-26,2020-07-20,2020-10-22,공장,,"주소 기반 추정 위치, 공사현장 좌표 아님"
15038929:1645,1645,건축행정기록,공동주택,인천광역시 계양구 효성동 272-10,37.5269445,126.7112906,geocoded_kakao_jibun,kakao_exact_jibun_address_match,인천 계양구 효성동 272-10,1,1,0.0,,kakao_local_api:address_jibun,https://dapi.kakao.com/v2/local/search/address.json,2026-09-06,https://www.data.go.kr/data/15038929/fileData.do,2026-01-19,2026-09-06,administrative_record_only_not_confirmed_active,신축,2020-06-26,2020-07-02,2020-12-22,공동주택,,"주소 기반 추정 위치, 공사현장 좌표 아님"
15038929:1646,1646,건축행정기록,제2종근린생활시설,인천광역시 계양구 효성동 494-11 외1필지,37.5273455,126.7063278,geocoded_kakao_jibun,kakao_exact_jibun_address_match,인천 계양구 효성동 494-11,1,1,0.0,,kakao_local_api:address_jibun,https://dapi.kakao.com/v2/local/search/address.json,2026-09-06,https://www.data.go.kr/data/15038929/fileData.do,2026-01-19,2026-09-06,administrative_record_only_not_confirmed_active,신축,2020-06-05,2020-08-05,2021-03-22,제2종근린생활시설,,"주소 기반 추정 위치, 공사현장 좌표 아님"
15038929:1647,1647,건축행정기록,제1종근린생활시설,인천광역시 계양구 선주지동 120-1,37.5797088,126.7451259,geocoded_kakao_jibun,kakao_exact_jibun_address_match,인천 계양구 선주지동 120-1,1,1,0.0,,kakao_local_api:address_jibun,https://dapi.kakao.com/v2/local/search/address.json,2026-09-06,https://www.data.go.kr/data/15038929/fileData.do,2026-01-19,2026-09-06,administrative_record_only_not_confirmed_active,신축,2020-05-22,2020-07-14,2021-01-05,제1종근린생활시설,,"주소 기반 추정 위치, 공사현장 좌표 아님"
15038929:1648,1648,건축행정기록,공장,인천광역시 계양구 서운동 218,37.5319799,126.7548915,geocoded_kakao_jibun,kakao_exact_jibun_address_match,인천 계양구 서운동 218,1,1,0.0,,kakao_local_api:address_jibun,https://dapi.kakao.com/v2/local/search/address.json,2026-09-06,https://www.data.go.kr/data/15038929/fileData.do,2026-01-19,2026-09-06,administrative_record_only_not_confirmed_active,신축,2020-05-15,2020-08-10,2021-07-30,공장,,"주소 기반 추정 위치, 공사현장 좌표 아님"
15038929:1649,1649,건축행정기록,제1종근린생활시설,인천광역시 계양구 계산동 967-15,37.5376425,126.7237614,geocoded_kakao_jibun,kakao_exact_jibun_address_match,인천 계양구 계산동 967-15,1,1,0.0,,kakao_local_api:address_jibun,https://dapi.kakao.com/v2/local/search/address.json,2026-09-06,https://www.data.go.kr/data/15038929/fileData.do,2026-01-19,2026-09-06,administrative_record_only_not_confirmed_active,증축,2020-05-11,2020-06-02,2021-04-19,제1종근린생활시설,,"주소 기반 추정 위치, 공사현장 좌표 아님"
15038929:1650,1650,건축행정기록,제2종근린생활시설,인천광역시 계양구 작전동 603-4,37.5252528,126.7415686,geocoded_kakao_jibun,kakao_exact_jibun_address_match,인천 계양구 작전동 603-4,1,1,0.0,,kakao_local_api:address_jibun,https://dapi.kakao.com/v2/local/search/address.json,2026-09-06,https://www.data.go.kr/data/15038929/fileData.do,2026-01-19,2026-09-06,administrative_record_only_not_confirmed_active,증축,2020-05-08,2020-05-14,2020-07-22,제2종근린생활시설,,"주소 기반 추정 위치, 공사현장 좌표 아님"
15038929:1651,1651,건축행정기록,공장,인천광역시 계양구 서운동 216,37.5331198,126.7541456,geocoded_kakao_jibun,kakao_exact_jibun_address_match,인천 계양구 서운동 216,1,1,0.0,,kakao_local_api:address_jibun,https://dapi.kakao.com/v2/local/search/address.json,2026-09-06,https://www.data.go.kr/data/15038929/fileData.do,2026-01-19,2026-09-06,administrative_record_only_not_confirmed_active,대수선,2020-04-14,2020-04-24,2020-07-02,공장,,"주소 기반 추정 위치, 공사현장 좌표 아님"
15038929:1652,1652,건축행정기록,제2종근린생활시설,인천광역시 계양구 하야동 64-82 외1필지,37.5830867,126.7800014,geocoded_kakao_jibun,kakao_exact_jibun_address_match,인천 계양구 하야동 64-82,1,1,0.0,,kakao_local_api:address_jibun,https://dapi.kakao.com/v2/local/search/address.json,2026-09-06,https://www.data.go.kr/data/15038929/fileData.do,2026-01-19,2026-09-06,administrative_record_only_not_confirmed_active,신축,2020-04-13,2020-04-24,2020-08-03,제2종근린생활시설,,"주소 기반 추정 위치, 공사현장 좌표 아님"
15038929:1653,1653,건축행정기록,제2종근린생활시설,인천광역시 계양구 하야동 64-51 외1필지,37.5831499,126.7797799,geocoded_kakao_jibun,kakao_exact_jibun_address_match,인천 계양구 하야동 64-51,1,1,0.0,,kakao_local_api:address_jibun,https://dapi.kakao.com/v2/local/search/address.json,2026-09-06,https://www.data.go.kr/data/15038929/fileData.do,2026-01-19,2026-09-06,administrative_record_only_not_confirmed_active,신축,2020-04-13,2020-04-22,2020-07-22,제2종근린생활시설,,"주소 기반 추정 위치, 공사현장 좌표 아님"
15038929:1654,1654,건축행정기록,위험물저장및처리시설,인천광역시 계양구 상야동 10-3 외1필지,37.5801786,126.7803627,geocoded_kakao_jibun,kakao_exact_jibun_address_match,인천 계양구 상야동 10-3,1,1,0.0,,kakao_local_api:address_jibun,https://dapi.kakao.com/v2/local/search/address.json,2026-09-06,https://www.data.go.kr/data/15038929/fileData.do,2026-01-19,2026-09-06,administrative_record_only_not_confirmed_active,증축,2020-04-09,2020-04-22,2020-06-04,위험물저장및처리시설,,"주소 기반 추정 위치, 공사현장 좌표 아님"
15038929:1655,1655,건축행정기록,제2종근린생활시설,인천광역시 계양구 귤현동 507-8,37.5673179,126.7454696,geocoded_kakao_jibun,kakao_exact_jibun_address_match,인천 계양구 귤현동 507-8,1,1,0.0,,kakao_local_api:address_jibun,https://dapi.kakao.com/v2/local/search/address.json,2026-09-06,https://www.data.go.kr/data/15038929/fileData.do,2026-01-19,2026-09-06,administrative_record_only_not_confirmed_active,신축,2020-04-09,2020-05-15,2021-02-09,제2종근린생활시설,,"주소 기반 추정 위치, 공사현장 좌표 아님"
15038929:1656,1656,건축행정기록,공동주택,인천광역시 계양구 효성동 321-5,37.5275951,126.7085066,geocoded_kakao_jibun,kakao_exact_jibun_address_match,인천 계양구 효성동 321-5,1,1,0.0,,kakao_local_api:address_jibun,https://dapi.kakao.com/v2/local/search/address.json,2026-09-06,https://www.data.go.kr/data/15038929/fileData.do,2026-01-19,2026-09-06,administrative_record_only_not_confirmed_active,신축,2020-04-09,2020-06-26,2021-05-21,공동주택,,"주소 기반 추정 위치, 공사현장 좌표 아님"
15038929:1657,1657,건축행정기록,공동주택,인천광역시 계양구 작전동 870-15,37.5289886,126.7265191,geocoded_kakao_jibun,kakao_exact_jibun_address_match,인천 계양구 작전동 870-15,1,1,0.0,,kakao_local_api:address_jibun,https://dapi.kakao.com/v2/local/search/address.json,2026-09-06,https://www.data.go.kr/data/15038929/fileData.do,2026-01-19,2026-09-06,administrative_record_only_not_confirmed_active,신축,2020-03-30,2020-05-11,2021-07-01,공동주택,,"주소 기반 추정 위치, 공사현장 좌표 아님"
15038929:1658,1658,건축행정기록,공장,인천광역시 계양구 서운동 216-1,37.5331625,126.7546596,geocoded_kakao_jibun,kakao_exact_jibun_address_match,인천 계양구 서운동 216-1,1,1,0.0,,kakao_local_api:address_jibun,https://dapi.kakao.com/v2/local/search/address.json,2026-09-06,https://www.data.go.kr/data/15038929/fileData.do,2026-01-19,2026-09-06,administrative_record_only_not_confirmed_active,증축,2020-03-27,2020-07-22,2020-09-15,공장,,"주소 기반 추정 위치, 공사현장 좌표 아님"
15038929:1659,1659,건축행정기록,제1종근린생활시설,인천광역시 계양구 서운동 148-115,37.5284186,126.7563942,geocoded_kakao_jibun,kakao_exact_jibun_address_match,인천 계양구 서운동 148-115,1,1,0.0,,kakao_local_api:address_jibun,https://dapi.kakao.com/v2/local/search/address.json,2026-09-06,https://www.data.go.kr/data/15038929/fileData.do,2026-01-19,2026-09-06,administrative_record_only_not_confirmed_active,신축,2020-03-27,2020-04-06,2020-06-10,제1종근린생활시설,,"주소 기반 추정 위치, 공사현장 좌표 아님"
15038929:1660,1660,건축행정기록,노유자시설,인천광역시 계양구 귤현동 497,37.5682458,126.7479828,geocoded_kakao_jibun,kakao_exact_jibun_address_match,인천 계양구 귤현동 497,1,1,0.0,,kakao_local_api:address_jibun,https://dapi.kakao.com/v2/local/search/address.json,2026-09-06,https://www.data.go.kr/data/15038929/fileData.do,2026-01-19,2026-09-06,administrative_record_only_not_confirmed_active,대수선,2020-03-25,2020-03-27,2020-05-19,노유자시설,,"주소 기반 추정 위치, 공사현장 좌표 아님"
15038929:1661,1661,건축행정기록,노유자시설,인천광역시 계양구 둑실동 184-1,37.5800855,126.6968666,geocoded_kakao_jibun,kakao_exact_jibun_address_match,인천 계양구 둑실동 184-1,1,1,0.0,,kakao_local_api:address_jibun,https://dapi.kakao.com/v2/local/search/address.json,2026-09-06,https://www.data.go.kr/data/15038929/fileData.do,2026-01-19,2026-09-06,administrative_record_only_not_confirmed_active,대수선,2020-03-17,2020-05-12,2020-08-05,노유자시설,,"주소 기반 추정 위치, 공사현장 좌표 아님"
15038929:1662,1662,건축행정기록,창고시설,인천광역시 계양구 상야동 209,37.5782034,126.7735658,geocoded_kakao_jibun,kakao_exact_jibun_address_match,인천 계양구 상야동 209,1,1,0.0,,kakao_local_api:address_jibun,https://dapi.kakao.com/v2/local/search/address.json,2026-09-06,https://www.data.go.kr/data/15038929/fileData.do,2026-01-19,2026-09-06,administrative_record_only_not_confirmed_active,신축,2020-03-16,2020-04-03,2021-08-04,창고시설,,"주소 기반 추정 위치, 공사현장 좌표 아님"
15038929:1663,1663,건축행정기록,공장,인천광역시 계양구 서운동 217-7,37.5327405,126.7565698,geocoded_kakao_jibun,kakao_exact_jibun_address_match,인천 계양구 서운동 217-7,1,1,0.0,,kakao_local_api:address_jibun,https://dapi.kakao.com/v2/local/search/address.json,2026-09-06,https://www.data.go.kr/data/15038929/fileData.do,2026-01-19,2026-09-06,administrative_record_only_not_confirmed_active,신축,2020-03-16,2020-04-09,2020-12-17,공장,,"주소 기반 추정 위치, 공사현장 좌표 아님"
15038929:1664,1664,건축행정기록,제2종근린생활시설,인천광역시 계양구 갈현동 98-2 외2필지,37.5782372,126.7216159,geocoded_kakao_jibun,kakao_exact_jibun_address_match,인천 계양구 갈현동 98-2,1,1,0.0,,kakao_local_api:address_jibun,https://dapi.kakao.com/v2/local/search/address.json,2026-09-06,https://www.data.go.kr/data/15038929/fileData.do,2026-01-19,2026-09-06,administrative_record_only_not_confirmed_active,증축,2020-03-11,2020-05-15,2021-01-06,제2종근린생활시설,,"주소 기반 추정 위치, 공사현장 좌표 아님"
15038929:1665,1665,건축행정기록,공동주택,인천광역시 계양구 병방동 133-1,37.5475357,126.7418053,geocoded_kakao_jibun,kakao_exact_jibun_address_match,인천 계양구 병방동 133-1,1,1,0.0,,kakao_local_api:address_jibun,https://dapi.kakao.com/v2/local/search/address.json,2026-09-06,https://www.data.go.kr/data/15038929/fileData.do,2026-01-19,2026-09-06,administrative_record_only_not_confirmed_active,신축,2020-03-04,2020-03-31,2020-11-30,공동주택,,"주소 기반 추정 위치, 공사현장 좌표 아님"
15038929:1666,1666,건축행정기록,단독주택,인천광역시 계양구 다남동 101-4,37.5696536,126.7297569,geocoded_kakao_jibun,kakao_exact_jibun_address_match,인천 계양구 다남동 101-4,1,1,0.0,,kakao_local_api:address_jibun,https://dapi.kakao.com/v2/local/search/address.json,2026-09-06,https://www.data.go.kr/data/15038929/fileData.do,2026-01-19,2026-09-06,administrative_record_only_not_confirmed_active,신축,2020-02-28,2020-03-09,2020-06-05,단독주택,,"주소 기반 추정 위치, 공사현장 좌표 아님"
15038929:1667,1667,건축행정기록,제1종근린생활시설,인천광역시 계양구 작전동 863-49,37.5315488,126.7239558,geocoded_kakao_jibun,kakao_exact_jibun_address_match,인천 계양구 작전동 863-49,1,1,0.0,,kakao_local_api:address_jibun,https://dapi.kakao.com/v2/local/search/address.json,2026-09-06,https://www.data.go.kr/data/15038929/fileData.do,2026-01-19,2026-09-06,administrative_record_only_not_confirmed_active,신축,2020-02-27,2020-07-22,2021-01-19,제1종근린생활시설,,"주소 기반 추정 위치, 공사현장 좌표 아님"
15038929:1668,1668,건축행정기록,제1종근린생활시설,인천광역시 계양구 작전동 870-47,37.5281836,126.7268564,geocoded_kakao_jibun,kakao_exact_jibun_address_match,인천 계양구 작전동 870-47,1,1,0.0,,kakao_local_api:address_jibun,https://dapi.kakao.com/v2/local/search/address.json,2026-09-06,https://www.data.go.kr/data/15038929/fileData.do,2026-01-19,2026-09-06,administrative_record_only_not_confirmed_active,신축,2020-02-27,2020-05-11,2022-05-20,제1종근린생활시설,,"주소 기반 추정 위치, 공사현장 좌표 아님"
15038929:1669,1669,건축행정기록,제1종근린생활시설,인천광역시 계양구 작전동 901-1,37.5318193,126.7343021,geocoded_kakao_jibun,kakao_exact_jibun_address_match,인천 계양구 작전동 901-1,1,1,0.0,,kakao_local_api:address_jibun,https://dapi.kakao.com/v2/local/search/address.json,2026-09-06,https://www.data.go.kr/data/15038929/fileData.do,2026-01-19,2026-09-06,administrative_record_only_not_confirmed_active,용도변경,2020-02-25,,2020-05-04,제1종근린생활시설,,"주소 기반 추정 위치, 공사현장 좌표 아님"
15038929:1670,1670,건축행정기록,공장,인천광역시 계양구 서운동 222,37.5319203,126.7532568,geocoded_kakao_jibun,kakao_exact_jibun_address_match,인천 계양구 서운동 222,1,1,0.0,,kakao_local_api:address_jibun,https://dapi.kakao.com/v2/local/search/address.json,2026-09-06,https://www.data.go.kr/data/15038929/fileData.do,2026-01-19,2026-09-06,administrative_record_only_not_confirmed_active,신축,2020-02-20,2020-05-04,2021-10-25,공장,,"주소 기반 추정 위치, 공사현장 좌표 아님"
15038929:1671,1671,건축행정기록,공장,인천광역시 계양구 서운동 210-1,37.5363412,126.7548342,geocoded_kakao_jibun,kakao_exact_jibun_address_match,인천 계양구 서운동 210-1,1,1,0.0,,kakao_local_api:address_jibun,https://dapi.kakao.com/v2/local/search/address.json,2026-09-06,https://www.data.go.kr/data/15038929/fileData.do,2026-01-19,2026-09-06,administrative_record_only_not_confirmed_active,신축,2020-02-14,2020-04-28,2021-03-04,공장,,"주소 기반 추정 위치, 공사현장 좌표 아님"
15038929:1672,1672,건축행정기록,제2종근린생활시설,인천광역시 계양구 서운동 148-99,37.5281639,126.7588656,geocoded_kakao_jibun,kakao_exact_jibun_address_match,인천 계양구 서운동 148-99,1,1,0.0,,kakao_local_api:address_jibun,https://dapi.kakao.com/v2/local/search/address.json,2026-09-06,https://www.data.go.kr/data/15038929/fileData.do,2026-01-19,2026-09-06,administrative_record_only_not_confirmed_active,대수선,2020-02-13,2020-02-19,2020-04-29,제2종근린생활시설,,"주소 기반 추정 위치, 공사현장 좌표 아님"
15038929:1673,1673,건축행정기록,공장,인천광역시 계양구 서운동 209,37.5372025,126.7565142,geocoded_kakao_jibun,kakao_exact_jibun_address_match,인천 계양구 서운동 209,1,1,0.0,,kakao_local_api:address_jibun,https://dapi.kakao.com/v2/local/search/address.json,2026-09-06,https://www.data.go.kr/data/15038929/fileData.do,2026-01-19,2026-09-06,administrative_record_only_not_confirmed_active,신축,2020-02-13,2020-03-09,2020-12-16,공장,,"주소 기반 추정 위치, 공사현장 좌표 아님"
15038929:1674,1674,건축행정기록,공장,인천광역시 계양구 서운동 212,37.5352628,126.7535221,geocoded_kakao_jibun,kakao_exact_jibun_address_match,인천 계양구 서운동 212,1,1,0.0,,kakao_local_api:address_jibun,https://dapi.kakao.com/v2/local/search/address.json,2026-09-06,https://www.data.go.kr/data/15038929/fileData.do,2026-01-19,2026-09-06,administrative_record_only_not_confirmed_active,신축,2020-02-11,2020-03-05,2020-12-08,공장,,"주소 기반 추정 위치, 공사현장 좌표 아님"
15038929:1675,1675,건축행정기록,제2종근린생활시설,인천광역시 계양구 서운동 127-30 외3필지,,,unresolved,no_exact_parcel_match_in_kakao,,0,0,,,kakao_local_api:unresolved,https://dapi.kakao.com/v2/local/search/address.json,2026-09-06,https://www.data.go.kr/data/15038929/fileData.do,2026-01-19,2026-09-06,administrative_record_only_not_confirmed_active,신축,2020-02-07,2020-06-26,2021-03-26,제2종근린생활시설,,"주소 기반 추정 위치, 공사현장 좌표 아님"
15038929:1676,1676,건축행정기록,노유자시설,인천광역시 계양구 목상동 209-6,37.5692087,126.7070820,geocoded_kakao_jibun,kakao_exact_jibun_address_match,인천 계양구 목상동 209-6,1,1,0.0,,kakao_local_api:address_jibun,https://dapi.kakao.com/v2/local/search/address.json,2026-09-06,https://www.data.go.kr/data/15038929/fileData.do,2026-01-19,2026-09-06,administrative_record_only_not_confirmed_active,신축,2020-02-03,2020-02-19,2020-07-13,노유자시설,,"주소 기반 추정 위치, 공사현장 좌표 아님"
15038929:1677,1677,건축행정기록,제1종근린생활시설,인천광역시 계양구 선주지동 119-1,37.5795055,126.7455949,geocoded_kakao_jibun,kakao_exact_jibun_address_match,인천 계양구 선주지동 119-1,1,1,0.0,,kakao_local_api:address_jibun,https://dapi.kakao.com/v2/local/search/address.json,2026-09-06,https://www.data.go.kr/data/15038929/fileData.do,2026-01-19,2026-09-06,administrative_record_only_not_confirmed_active,신축,2020-01-30,2020-04-03,2020-06-05,제1종근린생활시설,,"주소 기반 추정 위치, 공사현장 좌표 아님"
15038929:1678,1678,건축행정기록,제1종근린생활시설,인천광역시 계양구 선주지동 119-2,37.5793647,126.7455905,geocoded_kakao_jibun,kakao_exact_jibun_address_match,인천 계양구 선주지동 119-2,1,1,0.0,,kakao_local_api:address_jibun,https://dapi.kakao.com/v2/local/search/address.json,2026-09-06,https://www.data.go.kr/data/15038929/fileData.do,2026-01-19,2026-09-06,administrative_record_only_not_confirmed_active,신축,2020-01-30,2020-04-03,2020-06-11,제1종근린생활시설,,"주소 기반 추정 위치, 공사현장 좌표 아님"
15038929:1679,1679,건축행정기록,공장,인천광역시 계양구 효성동 412-6 외1필지,37.5249108,126.7060489,geocoded_kakao_jibun,kakao_exact_jibun_address_match,인천 계양구 효성동 412-6,1,1,0.0,,kakao_local_api:address_jibun,https://dapi.kakao.com/v2/local/search/address.json,2026-09-06,https://www.data.go.kr/data/15038929/fileData.do,2026-01-19,2026-09-06,administrative_record_only_not_confirmed_active,신축,2020-01-28,2020-03-16,2020-09-25,공장,,"주소 기반 추정 위치, 공사현장 좌표 아님"
15038929:1680,1680,건축행정기록,공장,인천광역시 계양구 서운동 212-2,37.5348819,126.7550205,geocoded_kakao_jibun,kakao_exact_jibun_address_match,인천 계양구 서운동 212-2,1,1,0.0,,kakao_local_api:address_jibun,https://dapi.kakao.com/v2/local/search/address.json,2026-09-06,https://www.data.go.kr/data/15038929/fileData.do,2026-01-19,2026-09-06,administrative_record_only_not_confirmed_active,신축,2020-01-28,2020-03-25,2021-08-13,공장,,"주소 기반 추정 위치, 공사현장 좌표 아님"
15038929:1681,1681,건축행정기록,의료시설,인천광역시 계양구 계산동 14-3,37.5428379,126.7325136,geocoded_kakao_jibun,kakao_exact_jibun_address_match,인천 계양구 계산동 14-3,1,1,0.0,,kakao_local_api:address_jibun,https://dapi.kakao.com/v2/local/search/address.json,2026-09-06,https://www.data.go.kr/data/15038929/fileData.do,2026-01-19,2026-09-06,administrative_record_only_not_confirmed_active,신축,2020-01-28,2020-02-21,2020-11-12,의료시설,,"주소 기반 추정 위치, 공사현장 좌표 아님"
15038929:1682,1682,건축행정기록,제1종근린생활시설,인천광역시 계양구 다남동 100-2,37.5703853,126.7312733,geocoded_kakao_jibun,kakao_exact_jibun_address_match,인천 계양구 다남동 100-2,1,1,0.0,,kakao_local_api:address_jibun,https://dapi.kakao.com/v2/local/search/address.json,2026-09-06,https://www.data.go.kr/data/15038929/fileData.do,2026-01-19,2026-09-06,administrative_record_only_not_confirmed_active,신축,2020-01-13,2020-02-26,2020-07-02,제1종근린생활시설,,"주소 기반 추정 위치, 공사현장 좌표 아님"
15038929:1683,1683,건축행정기록,자원순환관련시설,인천광역시 계양구 서운동 149-19,37.5299565,126.7564607,geocoded_kakao_jibun,kakao_exact_jibun_address_match,인천 계양구 서운동 149-19,1,1,0.0,,kakao_local_api:address_jibun,https://dapi.kakao.com/v2/local/search/address.json,2026-09-06,https://www.data.go.kr/data/15038929/fileData.do,2026-01-19,2026-09-06,administrative_record_only_not_confirmed_active,증축,2020-01-09,2020-01-23,2020-04-07,자원순환관련시설,,"주소 기반 추정 위치, 공사현장 좌표 아님"
15038929:1684,1684,건축행정기록,동물및식물관련시설,인천광역시 계양구 갈현동 59,37.5801022,126.7270867,geocoded_kakao_jibun,kakao_exact_jibun_address_match,인천 계양구 갈현동 59,1,1,0.0,,kakao_local_api:address_jibun,https://dapi.kakao.com/v2/local/search/address.json,2026-09-06,https://www.data.go.kr/data/15038929/fileData.do,2026-01-19,2026-09-06,administrative_record_only_not_confirmed_active,신축,2020-01-08,2020-03-27,2020-07-24,동물및식물관련시설,,"주소 기반 추정 위치, 공사현장 좌표 아님"
15038929:1685,1685,건축행정기록,노유자시설,인천광역시 계양구 오류동 80-2 외4필지,37.5809503,126.7283014,geocoded_kakao_jibun,kakao_exact_jibun_address_match,인천 계양구 오류동 80-2,1,1,0.0,,kakao_local_api:address_jibun,https://dapi.kakao.com/v2/local/search/address.json,2026-09-06,https://www.data.go.kr/data/15038929/fileData.do,2026-01-19,2026-09-06,administrative_record_only_not_confirmed_active,신축,2019-12-31,2023-07-07,2024-08-01,노유자시설,,"주소 기반 추정 위치, 공사현장 좌표 아님"
15038929:1686,1686,건축행정기록,제2종근린생활시설,인천광역시 계양구 다남동 99-2,37.5696806,126.7306932,geocoded_kakao_jibun,kakao_exact_jibun_address_match,인천 계양구 다남동 99-2,1,1,0.0,,kakao_local_api:address_jibun,https://dapi.kakao.com/v2/local/search/address.json,2026-09-06,https://www.data.go.kr/data/15038929/fileData.do,2026-01-19,2026-09-06,administrative_record_only_not_confirmed_active,신축,2019-12-27,2020-02-06,2020-06-05,제2종근린생활시설,,"주소 기반 추정 위치, 공사현장 좌표 아님"
15038929:1687,1687,건축행정기록,제2종근린생활시설,인천광역시 계양구 다남동 68-1,37.5693460,126.7231136,geocoded_kakao_jibun,kakao_exact_jibun_address_match,인천 계양구 다남동 68-1,1,1,0.0,,kakao_local_api:address_jibun,https://dapi.kakao.com/v2/local/search/address.json,2026-09-06,https://www.data.go.kr/data/15038929/fileData.do,2026-01-19,2026-09-06,administrative_record_only_not_confirmed_active,신축,2019-12-26,2022-12-19,2023-08-10,제2종근린생활시설,,"주소 기반 추정 위치, 공사현장 좌표 아님"
15038929:1688,1688,건축행정기록,제2종근린생활시설,인천광역시 계양구 계산동 332-4,37.5393675,126.7284431,geocoded_kakao_jibun,kakao_exact_jibun_address_match,인천 계양구 계산동 332-4,1,1,0.0,,kakao_local_api:address_jibun,https://dapi.kakao.com/v2/local/search/address.json,2026-09-06,https://www.data.go.kr/data/15038929/fileData.do,2026-01-19,2026-09-06,administrative_record_only_not_confirmed_active,증축,2019-12-24,2020-02-14,2021-03-15,제2종근린생활시설,,"주소 기반 추정 위치, 공사현장 좌표 아님"
15038929:1689,1689,건축행정기록,공동주택,인천광역시 계양구 효성동 273-37 외1필지,37.5261987,126.7124269,geocoded_kakao_jibun,kakao_exact_jibun_address_match,인천 계양구 효성동 273-37,1,1,0.0,,kakao_local_api:address_jibun,https://dapi.kakao.com/v2/local/search/address.json,2026-09-06,https://www.data.go.kr/data/15038929/fileData.do,2026-01-19,2026-09-06,administrative_record_only_not_confirmed_active,신축,2019-12-16,2020-03-26,2022-03-03,공동주택,,"주소 기반 추정 위치, 공사현장 좌표 아님"
15038929:1690,1690,건축행정기록,공동주택,인천광역시 계양구 작전동 870-10,37.5293744,126.7266750,geocoded_kakao_jibun,kakao_exact_jibun_address_match,인천 계양구 작전동 870-10,1,1,0.0,,kakao_local_api:address_jibun,https://dapi.kakao.com/v2/local/search/address.json,2026-09-06,https://www.data.go.kr/data/15038929/fileData.do,2026-01-19,2026-09-06,administrative_record_only_not_confirmed_active,신축,2019-12-16,2019-12-23,2020-07-03,공동주택,,"주소 기반 추정 위치, 공사현장 좌표 아님"
15038929:1691,1691,건축행정기록,공동주택,인천광역시 계양구 임학동 60-15 외3필지,37.5457106,126.7333935,geocoded_kakao_jibun,kakao_exact_jibun_address_match,인천 계양구 임학동 60-15,1,1,0.0,,kakao_local_api:address_jibun,https://dapi.kakao.com/v2/local/search/address.json,2026-09-06,https://www.data.go.kr/data/15038929/fileData.do,2026-01-19,2026-09-06,administrative_record_only_not_confirmed_active,신축,2019-12-03,2019-12-11,2020-05-06,공동주택,,"주소 기반 추정 위치, 공사현장 좌표 아님"
15038929:1692,1692,건축행정기록,제1종근린생활시설,인천광역시 계양구 선주지동 121-1,37.5801385,126.7452687,geocoded_kakao_jibun,kakao_exact_jibun_address_match,인천 계양구 선주지동 121-1,1,1,0.0,,kakao_local_api:address_jibun,https://dapi.kakao.com/v2/local/search/address.json,2026-09-06,https://www.data.go.kr/data/15038929/fileData.do,2026-01-19,2026-09-06,administrative_record_only_not_confirmed_active,증축,2019-12-02,2020-04-08,2020-08-14,제1종근린생활시설,,"주소 기반 추정 위치, 공사현장 좌표 아님"
15038929:1693,1693,건축행정기록,제2종근린생활시설,인천광역시 계양구 효성동 209-5,37.5241944,126.7165984,geocoded_kakao_jibun,kakao_exact_jibun_address_match,인천 계양구 효성동 209-5,1,1,0.0,,kakao_local_api:address_jibun,https://dapi.kakao.com/v2/local/search/address.json,2026-09-06,https://www.data.go.kr/data/15038929/fileData.do,2026-01-19,2026-09-06,administrative_record_only_not_confirmed_active,용도변경,2019-11-26,,2020-10-21,제2종근린생활시설,,"주소 기반 추정 위치, 공사현장 좌표 아님"
15038929:1694,1694,건축행정기록,제1종근린생활시설,인천광역시 계양구 오류동 153-2 외1필지,37.5869282,126.7239071,geocoded_kakao_jibun,kakao_exact_jibun_address_match,인천 계양구 오류동 153-2,1,1,0.0,,kakao_local_api:address_jibun,https://dapi.kakao.com/v2/local/search/address.json,2026-09-06,https://www.data.go.kr/data/15038929/fileData.do,2026-01-19,2026-09-06,administrative_record_only_not_confirmed_active,증축,2019-11-25,2020-01-17,2020-04-29,제1종근린생활시설,,"주소 기반 추정 위치, 공사현장 좌표 아님"
15038929:1695,1695,건축행정기록,제2종근린생활시설,인천광역시 계양구 계산동 918,37.5435767,126.7298279,geocoded_kakao_jibun,kakao_exact_jibun_address_match,인천 계양구 계산동 918,1,1,0.0,,kakao_local_api:address_jibun,https://dapi.kakao.com/v2/local/search/address.json,2026-09-06,https://www.data.go.kr/data/15038929/fileData.do,2026-01-19,2026-09-06,administrative_record_only_not_confirmed_active,신축,2019-11-21,2019-12-19,2020-06-18,제2종근린생활시설,,"주소 기반 추정 위치, 공사현장 좌표 아님"
15038929:1696,1696,건축행정기록,제2종근린생활시설,인천광역시 계양구 서운동 130-19,37.5274705,126.7505938,geocoded_kakao_jibun,kakao_exact_jibun_address_match,인천 계양구 서운동 130-19,1,1,0.0,,kakao_local_api:address_jibun,https://dapi.kakao.com/v2/local/search/address.json,2026-09-06,https://www.data.go.kr/data/15038929/fileData.do,2026-01-19,2026-09-06,administrative_record_only_not_confirmed_active,신축,2019-11-19,2019-11-29,2020-02-21,제2종근린생활시설,,"주소 기반 추정 위치, 공사현장 좌표 아님"
15038929:1697,1697,건축행정기록,공동주택,인천광역시 계양구 작전동 852-9 외1필지,37.5352206,126.7209295,geocoded_kakao_jibun,kakao_exact_jibun_address_match,인천 계양구 작전동 852-9,1,1,0.0,,kakao_local_api:address_jibun,https://dapi.kakao.com/v2/local/search/address.json,2026-09-06,https://www.data.go.kr/data/15038929/fileData.do,2026-01-19,2026-09-06,administrative_record_only_not_confirmed_active,신축,2019-11-14,2019-11-25,2020-09-14,공동주택,,"주소 기반 추정 위치, 공사현장 좌표 아님"
15038929:1698,1698,건축행정기록,업무시설,인천광역시 계양구 작전동 614-3,37.5273219,126.7391467,geocoded_kakao_jibun,kakao_exact_jibun_address_match,인천 계양구 작전동 614-3,1,1,0.0,,kakao_local_api:address_jibun,https://dapi.kakao.com/v2/local/search/address.json,2026-09-06,https://www.data.go.kr/data/15038929/fileData.do,2026-01-19,2026-09-06,administrative_record_only_not_confirmed_active,신축,2019-11-11,2022-11-24,2025-03-14,업무시설,,"주소 기반 추정 위치, 공사현장 좌표 아님"
15038929:1699,1699,건축행정기록,자동차관련시설,인천광역시 계양구 서운동 219,37.5320420,126.7567465,geocoded_kakao_jibun,kakao_exact_jibun_address_match,인천 계양구 서운동 219,1,1,0.0,,kakao_local_api:address_jibun,https://dapi.kakao.com/v2/local/search/address.json,2026-09-06,https://www.data.go.kr/data/15038929/fileData.do,2026-01-19,2026-09-06,administrative_record_only_not_confirmed_active,신축,2019-11-08,2020-01-16,2021-07-07,자동차관련시설,,"주소 기반 추정 위치, 공사현장 좌표 아님"
15038929:1700,1700,건축행정기록,제1종근린생활시설,인천광역시 계양구 계산동 728-31,37.5446707,126.7141742,geocoded_kakao_jibun,kakao_exact_jibun_address_match,인천 계양구 계산동 728-31,1,1,0.0,,kakao_local_api:address_jibun,https://dapi.kakao.com/v2/local/search/address.json,2026-09-06,https://www.data.go.kr/data/15038929/fileData.do,2026-01-19,2026-09-06,administrative_record_only_not_confirmed_active,신축,2019-11-06,2020-02-11,2020-11-11,제1종근린생활시설,,"주소 기반 추정 위치, 공사현장 좌표 아님"
15038929:1701,1701,건축행정기록,제1종근린생활시설,인천광역시 계양구 계산동 947,37.5425622,126.7280740,geocoded_kakao_jibun,kakao_exact_jibun_address_match,인천 계양구 계산동 947,1,1,0.0,,kakao_local_api:address_jibun,https://dapi.kakao.com/v2/local/search/address.json,2026-09-06,https://www.data.go.kr/data/15038929/fileData.do,2026-01-19,2026-09-06,administrative_record_only_not_confirmed_active,용도변경,2019-11-05,,2019-12-31,제1종근린생활시설,,"주소 기반 추정 위치, 공사현장 좌표 아님"
15038929:1702,1702,건축행정기록,단독주택,인천광역시 계양구 효성동 180-10,37.5286849,126.7067741,geocoded_kakao_jibun,kakao_exact_jibun_address_match,인천 계양구 효성동 180-10,1,1,0.0,,kakao_local_api:address_jibun,https://dapi.kakao.com/v2/local/search/address.json,2026-09-06,https://www.data.go.kr/data/15038929/fileData.do,2026-01-19,2026-09-06,administrative_record_only_not_confirmed_active,신축,2019-11-05,2019-11-18,2020-04-29,단독주택,,"주소 기반 추정 위치, 공사현장 좌표 아님"
15038929:1703,1703,건축행정기록,제1종근린생활시설,인천광역시 계양구 효성동 554-4,37.5260287,126.6994161,geocoded_kakao_jibun,kakao_exact_jibun_address_match,인천 계양구 효성동 554-4,1,1,0.0,,kakao_local_api:address_jibun,https://dapi.kakao.com/v2/local/search/address.json,2026-09-06,https://www.data.go.kr/data/15038929/fileData.do,2026-01-19,2026-09-06,administrative_record_only_not_confirmed_active,신축,2019-11-05,2019-11-21,2020-06-18,제1종근린생활시설,,"주소 기반 추정 위치, 공사현장 좌표 아님"
15038929:1704,1704,건축행정기록,제2종근린생활시설,인천광역시 계양구 귤현동 497-10,37.5676695,126.7479778,geocoded_kakao_jibun,kakao_exact_jibun_address_match,인천 계양구 귤현동 497-10,1,1,0.0,,kakao_local_api:address_jibun,https://dapi.kakao.com/v2/local/search/address.json,2026-09-06,https://www.data.go.kr/data/15038929/fileData.do,2026-01-19,2026-09-06,administrative_record_only_not_confirmed_active,신축,2019-11-04,2020-04-10,2020-09-22,제2종근린생활시설,,"주소 기반 추정 위치, 공사현장 좌표 아님"
15038929:1705,1705,건축행정기록,제1종근린생활시설,인천광역시 계양구 서운동 214-6,37.5336976,126.7556953,geocoded_kakao_jibun,kakao_exact_jibun_address_match,인천 계양구 서운동 214-6,1,1,0.0,,kakao_local_api:address_jibun,https://dapi.kakao.com/v2/local/search/address.json,2026-09-06,https://www.data.go.kr/data/15038929/fileData.do,2026-01-19,2026-09-06,administrative_record_only_not_confirmed_active,신축,2019-11-04,2019-11-20,2020-11-12,제1종근린생활시설,,"주소 기반 추정 위치, 공사현장 좌표 아님"
15038929:1706,1706,건축행정기록,공장,인천광역시 계양구 효성동 208-13,37.5241575,126.7190677,geocoded_kakao_jibun,kakao_exact_jibun_address_match,인천 계양구 효성동 208-13,1,1,0.0,,kakao_local_api:address_jibun,https://dapi.kakao.com/v2/local/search/address.json,2026-09-06,https://www.data.go.kr/data/15038929/fileData.do,2026-01-19,2026-09-06,administrative_record_only_not_confirmed_active,증축,2019-10-31,2019-11-12,2020-01-07,공장,,"주소 기반 추정 위치, 공사현장 좌표 아님"
15038929:1707,1707,건축행정기록,공장,인천광역시 계양구 서운동 217-4,37.5327437,126.7580392,geocoded_kakao_jibun,kakao_exact_jibun_address_match,인천 계양구 서운동 217-4,1,1,0.0,,kakao_local_api:address_jibun,https://dapi.kakao.com/v2/local/search/address.json,2026-09-06,https://www.data.go.kr/data/15038929/fileData.do,2026-01-19,2026-09-06,administrative_record_only_not_confirmed_active,신축,2019-10-30,2019-12-10,2020-11-12,공장,,"주소 기반 추정 위치, 공사현장 좌표 아님"
15038929:1708,1708,건축행정기록,공장,인천광역시 계양구 서운동 208-4,37.5353367,126.7524793,geocoded_kakao_jibun,kakao_exact_jibun_address_match,인천 계양구 서운동 208-4,1,1,0.0,,kakao_local_api:address_jibun,https://dapi.kakao.com/v2/local/search/address.json,2026-09-06,https://www.data.go.kr/data/15038929/fileData.do,2026-01-19,2026-09-06,administrative_record_only_not_confirmed_active,증축,2019-10-29,2020-02-26,2020-07-31,공장,,"주소 기반 추정 위치, 공사현장 좌표 아님"
15038929:1709,1709,건축행정기록,제2종근린생활시설,인천광역시 계양구 계산동 955-17 외1필지,37.5404347,126.7238614,geocoded_kakao_jibun,kakao_exact_jibun_address_match,인천 계양구 계산동 955-17,1,1,0.0,,kakao_local_api:address_jibun,https://dapi.kakao.com/v2/local/search/address.json,2026-09-06,https://www.data.go.kr/data/15038929/fileData.do,2026-01-19,2026-09-06,administrative_record_only_not_confirmed_active,신축,2019-10-25,2019-12-26,2021-01-20,제2종근린생활시설,,"주소 기반 추정 위치, 공사현장 좌표 아님"
15038929:1710,1710,건축행정기록,창고시설,인천광역시 계양구 상야동 208-7,37.5777782,126.7739811,geocoded_kakao_jibun,kakao_exact_jibun_address_match,인천 계양구 상야동 208-7,1,1,0.0,,kakao_local_api:address_jibun,https://dapi.kakao.com/v2/local/search/address.json,2026-09-06,https://www.data.go.kr/data/15038929/fileData.do,2026-01-19,2026-09-06,administrative_record_only_not_confirmed_active,신축,2019-10-25,2020-03-02,2022-04-11,창고시설,,"주소 기반 추정 위치, 공사현장 좌표 아님"
15038929:1711,1711,건축행정기록,공동주택,인천광역시 계양구 계산동 923-19,37.5460060,126.7279026,geocoded_kakao_jibun,kakao_exact_jibun_address_match,인천 계양구 계산동 923-19,1,1,0.0,,kakao_local_api:address_jibun,https://dapi.kakao.com/v2/local/search/address.json,2026-09-06,https://www.data.go.kr/data/15038929/fileData.do,2026-01-19,2026-09-06,administrative_record_only_not_confirmed_active,신축,2019-10-23,2020-03-31,2020-07-24,공동주택,,"주소 기반 추정 위치, 공사현장 좌표 아님"
15038929:1712,1712,건축행정기록,단독주택,인천광역시 계양구 귤현동 506-7,37.5663164,126.7450746,geocoded_kakao_jibun,kakao_exact_jibun_address_match,인천 계양구 귤현동 506-7,1,1,0.0,,kakao_local_api:address_jibun,https://dapi.kakao.com/v2/local/search/address.json,2026-09-06,https://www.data.go.kr/data/15038929/fileData.do,2026-01-19,2026-09-06,administrative_record_only_not_confirmed_active,신축,2019-10-16,2019-10-24,2020-02-27,단독주택,,"주소 기반 추정 위치, 공사현장 좌표 아님"
15038929:1713,1713,건축행정기록,제1종근린생활시설,인천광역시 계양구 선주지동 108-4,37.5794777,126.7474780,geocoded_kakao_jibun,kakao_exact_jibun_address_match,인천 계양구 선주지동 108-4,1,1,0.0,,kakao_local_api:address_jibun,https://dapi.kakao.com/v2/local/search/address.json,2026-09-06,https://www.data.go.kr/data/15038929/fileData.do,2026-01-19,2026-09-06,administrative_record_only_not_confirmed_active,신축,2019-10-16,2020-03-10,2020-05-19,제1종근린생활시설,,"주소 기반 추정 위치, 공사현장 좌표 아님"
15038929:1714,1714,건축행정기록,제1종근린생활시설,인천광역시 계양구 상야동 176-20,37.5784309,126.7790986,geocoded_kakao_jibun,kakao_exact_jibun_address_match,인천 계양구 상야동 176-20,1,1,0.0,,kakao_local_api:address_jibun,https://dapi.kakao.com/v2/local/search/address.json,2026-09-06,https://www.data.go.kr/data/15038929/fileData.do,2026-01-19,2026-09-06,administrative_record_only_not_confirmed_active,신축,2019-10-15,2019-10-29,2019-12-27,제1종근린생활시설,,"주소 기반 추정 위치, 공사현장 좌표 아님"
15038929:1715,1715,건축행정기록,공동주택,인천광역시 계양구 효성동 106-1,37.5327789,126.7077049,geocoded_kakao_jibun,kakao_exact_jibun_address_match,인천 계양구 효성동 106-1,1,1,0.0,,kakao_local_api:address_jibun,https://dapi.kakao.com/v2/local/search/address.json,2026-09-06,https://www.data.go.kr/data/15038929/fileData.do,2026-01-19,2026-09-06,administrative_record_only_not_confirmed_active,신축,2019-09-25,2019-10-01,2020-03-10,공동주택,,"주소 기반 추정 위치, 공사현장 좌표 아님"
15038929:1716,1716,건축행정기록,제2종근린생활시설,인천광역시 계양구 이화동 122-26 외2필지,37.5825535,126.7400412,geocoded_kakao_jibun,kakao_exact_jibun_address_match,인천 계양구 이화동 122-26,1,1,0.0,,kakao_local_api:address_jibun,https://dapi.kakao.com/v2/local/search/address.json,2026-09-06,https://www.data.go.kr/data/15038929/fileData.do,2026-01-19,2026-09-06,administrative_record_only_not_confirmed_active,증축,2019-09-24,2019-10-23,2020-06-01,제2종근린생활시설,,"주소 기반 추정 위치, 공사현장 좌표 아님"
15038929:1717,1717,건축행정기록,단독주택,인천광역시 계양구 다남동 103-178,37.5689336,126.7306979,geocoded_kakao_jibun,kakao_exact_jibun_address_match,인천 계양구 다남동 103-178,1,1,0.0,,kakao_local_api:address_jibun,https://dapi.kakao.com/v2/local/search/address.json,2026-09-06,https://www.data.go.kr/data/15038929/fileData.do,2026-01-19,2026-09-06,administrative_record_only_not_confirmed_active,신축,2019-09-23,2019-11-11,2020-08-18,단독주택,,"주소 기반 추정 위치, 공사현장 좌표 아님"
15038929:1718,1718,건축행정기록,공장,인천광역시 계양구 효성동 335-5,37.5242327,126.7096158,geocoded_kakao_jibun,kakao_exact_jibun_address_match,인천 계양구 효성동 335-5,1,1,0.0,,kakao_local_api:address_jibun,https://dapi.kakao.com/v2/local/search/address.json,2026-09-06,https://www.data.go.kr/data/15038929/fileData.do,2026-01-19,2026-09-06,administrative_record_only_not_confirmed_active,증축,2019-09-19,2019-10-16,2020-02-04,공장,,"주소 기반 추정 위치, 공사현장 좌표 아님"
15038929:1719,1719,건축행정기록,공장,인천광역시 계양구 서운동 208-2,37.5361698,126.7522346,geocoded_kakao_jibun,kakao_exact_jibun_address_match,인천 계양구 서운동 208-2,1,1,0.0,,kakao_local_api:address_jibun,https://dapi.kakao.com/v2/local/search/address.json,2026-09-06,https://www.data.go.kr/data/15038929/fileData.do,2026-01-19,2026-09-06,administrative_record_only_not_confirmed_active,신축,2019-09-05,2019-10-10,2020-08-20,공장,,"주소 기반 추정 위치, 공사현장 좌표 아님"
15038929:1720,1720,건축행정기록,단독주택,인천광역시 계양구 계산동 970-23,37.5381078,126.7208011,geocoded_kakao_jibun,kakao_exact_jibun_address_match,인천 계양구 계산동 970-23,1,1,0.0,,kakao_local_api:address_jibun,https://dapi.kakao.com/v2/local/search/address.json,2026-09-06,https://www.data.go.kr/data/15038929/fileData.do,2026-01-19,2026-09-06,administrative_record_only_not_confirmed_active,대수선,2019-08-28,2019-09-17,2022-03-03,단독주택,,"주소 기반 추정 위치, 공사현장 좌표 아님"
15038929:1721,1721,건축행정기록,공장,인천광역시 계양구 효성동 623-67,37.5276399,126.7012137,geocoded_kakao_jibun,kakao_exact_jibun_address_match,인천 계양구 효성동 623-67,1,1,0.0,,kakao_local_api:address_jibun,https://dapi.kakao.com/v2/local/search/address.json,2026-09-06,https://www.data.go.kr/data/15038929/fileData.do,2026-01-19,2026-09-06,administrative_record_only_not_confirmed_active,용도변경,2019-08-18,,2019-08-21,공장,,"주소 기반 추정 위치, 공사현장 좌표 아님"
15038929:1722,1722,건축행정기록,제2종근린생활시설,인천광역시 계양구 용종동 209-3,37.5392356,126.7372321,geocoded_kakao_jibun,kakao_exact_jibun_address_match,인천 계양구 용종동 209-3,1,1,0.0,,kakao_local_api:address_jibun,https://dapi.kakao.com/v2/local/search/address.json,2026-09-06,https://www.data.go.kr/data/15038929/fileData.do,2026-01-19,2026-09-06,administrative_record_only_not_confirmed_active,개축,2019-08-16,2019-09-06,2020-05-18,제2종근린생활시설,,"주소 기반 추정 위치, 공사현장 좌표 아님"
15038929:1723,1723,건축행정기록,제2종근린생활시설,인천광역시 계양구 용종동 209-3,37.5392356,126.7372321,geocoded_kakao_jibun,kakao_exact_jibun_address_match,인천 계양구 용종동 209-3,1,1,0.0,,kakao_local_api:address_jibun,https://dapi.kakao.com/v2/local/search/address.json,2026-09-06,https://www.data.go.kr/data/15038929/fileData.do,2026-01-19,2026-09-06,administrative_record_only_not_confirmed_active,개축,2019-08-16,2019-09-06,2020-05-18,제2종근린생활시설,,"주소 기반 추정 위치, 공사현장 좌표 아님"
15038929:1724,1724,건축행정기록,제1종근린생활시설,인천광역시 계양구 평동 19-9 외1필지,37.5824197,126.7766662,geocoded_kakao_jibun,kakao_exact_jibun_address_match,인천 계양구 평동 19-9,1,1,0.0,,kakao_local_api:address_jibun,https://dapi.kakao.com/v2/local/search/address.json,2026-09-06,https://www.data.go.kr/data/15038929/fileData.do,2026-01-19,2026-09-06,administrative_record_only_not_confirmed_active,증축,2019-08-12,2019-09-02,2019-11-20,제1종근린생활시설,,"주소 기반 추정 위치, 공사현장 좌표 아님"
15038929:1725,1725,건축행정기록,제1종근린생활시설,인천광역시 계양구 서운동 55-482,37.5246841,126.7449672,geocoded_kakao_jibun,kakao_exact_jibun_address_match,인천 계양구 서운동 55-482,1,1,0.0,,kakao_local_api:address_jibun,https://dapi.kakao.com/v2/local/search/address.json,2026-09-06,https://www.data.go.kr/data/15038929/fileData.do,2026-01-19,2026-09-06,administrative_record_only_not_confirmed_active,신축,2019-08-12,2019-10-22,2020-01-31,제1종근린생활시설,,"주소 기반 추정 위치, 공사현장 좌표 아님"
15038929:1726,1726,건축행정기록,제2종근린생활시설,인천광역시 계양구 다남동 68-12,37.5681507,126.7231644,geocoded_kakao_jibun,kakao_exact_jibun_address_match,인천 계양구 다남동 68-12,1,1,0.0,,kakao_local_api:address_jibun,https://dapi.kakao.com/v2/local/search/address.json,2026-09-06,https://www.data.go.kr/data/15038929/fileData.do,2026-01-19,2026-09-06,administrative_record_only_not_confirmed_active,신축,2019-08-09,2021-08-05,2022-02-11,제2종근린생활시설,,"주소 기반 추정 위치, 공사현장 좌표 아님"
15038929:1727,1727,건축행정기록,공장,인천광역시 계양구 서운동 211-1,37.5363844,126.7572869,geocoded_kakao_jibun,kakao_exact_jibun_address_match,인천 계양구 서운동 211-1,1,1,0.0,,kakao_local_api:address_jibun,https://dapi.kakao.com/v2/local/search/address.json,2026-09-06,https://www.data.go.kr/data/15038929/fileData.do,2026-01-19,2026-09-06,administrative_record_only_not_confirmed_active,신축,2019-08-09,2019-08-20,2020-02-28,공장,,"주소 기반 추정 위치, 공사현장 좌표 아님"
15038929:1728,1728,건축행정기록,제1종근린생활시설,인천광역시 계양구 계산동 1082-5,37.5341629,126.7371205,geocoded_kakao_jibun,kakao_exact_jibun_address_match,인천 계양구 계산동 1082-5,1,1,0.0,,kakao_local_api:address_jibun,https://dapi.kakao.com/v2/local/search/address.json,2026-09-06,https://www.data.go.kr/data/15038929/fileData.do,2026-01-19,2026-09-06,administrative_record_only_not_confirmed_active,용도변경,2019-08-06,,2020-03-17,제1종근린생활시설,,"주소 기반 추정 위치, 공사현장 좌표 아님"
15038929:1729,1729,건축행정기록,공동주택,인천광역시 계양구 효성동 273-80 외1필지,37.5256755,126.7114648,geocoded_kakao_jibun,kakao_exact_jibun_address_match,인천 계양구 효성동 273-80,1,1,0.0,,kakao_local_api:address_jibun,https://dapi.kakao.com/v2/local/search/address.json,2026-09-06,https://www.data.go.kr/data/15038929/fileData.do,2026-01-19,2026-09-06,administrative_record_only_not_confirmed_active,신축,2019-08-06,2019-12-27,2020-05-26,공동주택,,"주소 기반 추정 위치, 공사현장 좌표 아님"
15038929:1730,1730,건축행정기록,공동주택,인천광역시 계양구 계산동 971-3 외1필지,37.5391074,126.7210819,geocoded_kakao_jibun,kakao_exact_jibun_address_match,인천 계양구 계산동 971-3,1,1,0.0,,kakao_local_api:address_jibun,https://dapi.kakao.com/v2/local/search/address.json,2026-09-06,https://www.data.go.kr/data/15038929/fileData.do,2026-01-19,2026-09-06,administrative_record_only_not_confirmed_active,신축,2019-08-05,2019-08-09,2020-02-24,공동주택,,"주소 기반 추정 위치, 공사현장 좌표 아님"
15038929:1731,1731,건축행정기록,제1종근린생활시설,인천광역시 계양구 이화동 213-3,37.5915517,126.7384098,geocoded_kakao_jibun,kakao_exact_jibun_address_match,인천 계양구 이화동 213-3,1,1,0.0,,kakao_local_api:address_jibun,https://dapi.kakao.com/v2/local/search/address.json,2026-09-06,https://www.data.go.kr/data/15038929/fileData.do,2026-01-19,2026-09-06,administrative_record_only_not_confirmed_active,신축,2019-07-29,2019-08-16,2019-12-10,제1종근린생활시설,,"주소 기반 추정 위치, 공사현장 좌표 아님"
15038929:1732,1732,건축행정기록,공장,인천광역시 계양구 서운동 220-6,37.5321386,126.7589027,geocoded_kakao_jibun,kakao_exact_jibun_address_match,인천 계양구 서운동 220-6,1,1,0.0,,kakao_local_api:address_jibun,https://dapi.kakao.com/v2/local/search/address.json,2026-09-06,https://www.data.go.kr/data/15038929/fileData.do,2026-01-19,2026-09-06,administrative_record_only_not_confirmed_active,신축,2019-07-24,2019-08-16,2020-06-17,공장,,"주소 기반 추정 위치, 공사현장 좌표 아님"
15038929:1733,1733,건축행정기록,제2종근린생활시설,인천광역시 계양구 서운동 214-4 외1필지,37.5341421,126.7556840,geocoded_kakao_jibun,kakao_exact_jibun_address_match,인천 계양구 서운동 214-4,1,1,0.0,,kakao_local_api:address_jibun,https://dapi.kakao.com/v2/local/search/address.json,2026-09-06,https://www.data.go.kr/data/15038929/fileData.do,2026-01-19,2026-09-06,administrative_record_only_not_confirmed_active,신축,2019-07-19,2019-11-14,2020-12-30,제2종근린생활시설,,"주소 기반 추정 위치, 공사현장 좌표 아님"
15038929:1734,1734,건축행정기록,공장,인천광역시 계양구 서운동 215-2,37.5342415,126.7578596,geocoded_kakao_jibun,kakao_exact_jibun_address_match,인천 계양구 서운동 215-2,1,1,0.0,,kakao_local_api:address_jibun,https://dapi.kakao.com/v2/local/search/address.json,2026-09-06,https://www.data.go.kr/data/15038929/fileData.do,2026-01-19,2026-09-06,administrative_record_only_not_confirmed_active,신축,2019-07-19,2019-08-27,2020-06-18,공장,,"주소 기반 추정 위치, 공사현장 좌표 아님"
15038929:1735,1735,건축행정기록,동물및식물관련시설,인천광역시 계양구 갈현동 38-27 외2필지,37.5795722,126.7210190,geocoded_kakao_jibun,kakao_exact_jibun_address_match,인천 계양구 갈현동 38-27,1,1,0.0,,kakao_local_api:address_jibun,https://dapi.kakao.com/v2/local/search/address.json,2026-09-06,https://www.data.go.kr/data/15038929/fileData.do,2026-01-19,2026-09-06,administrative_record_only_not_confirmed_active,개축,2019-07-15,2019-08-06,2020-01-23,동물및식물관련시설,,"주소 기반 추정 위치, 공사현장 좌표 아님"
15038929:1736,1736,건축행정기록,의료시설,인천광역시 계양구 계산동 1074-1 외1필지,37.5365407,126.7349370,geocoded_kakao_jibun,kakao_exact_jibun_address_match,인천 계양구 계산동 1074-1,1,1,0.0,,kakao_local_api:address_jibun,https://dapi.kakao.com/v2/local/search/address.json,2026-09-06,https://www.data.go.kr/data/15038929/fileData.do,2026-01-19,2026-09-06,administrative_record_only_not_confirmed_active,용도변경,2019-07-10,,2019-11-26,의료시설,,"주소 기반 추정 위치, 공사현장 좌표 아님"
15038929:1737,1737,건축행정기록,제1종근린생활시설,인천광역시 계양구 선주지동 126-2 외1필지,37.5794333,126.7447623,geocoded_kakao_jibun,kakao_exact_jibun_address_match,인천 계양구 선주지동 126-2,1,1,0.0,,kakao_local_api:address_jibun,https://dapi.kakao.com/v2/local/search/address.json,2026-09-06,https://www.data.go.kr/data/15038929/fileData.do,2026-01-19,2026-09-06,administrative_record_only_not_confirmed_active,신축,2019-07-09,2019-07-30,2019-11-06,제1종근린생활시설,,"주소 기반 추정 위치, 공사현장 좌표 아님"
15038929:1738,1738,건축행정기록,공동주택,인천광역시 계양구 임학동 44-7 외1필지,37.5452741,126.7319610,geocoded_kakao_jibun,kakao_exact_jibun_address_match,인천 계양구 임학동 44-7,1,1,0.0,,kakao_local_api:address_jibun,https://dapi.kakao.com/v2/local/search/address.json,2026-09-06,https://www.data.go.kr/data/15038929/fileData.do,2026-01-19,2026-09-06,administrative_record_only_not_confirmed_active,신축,2019-07-02,2019-07-15,2020-01-17,공동주택,,"주소 기반 추정 위치, 공사현장 좌표 아님"
15038929:1739,1739,건축행정기록,단독주택,인천광역시 계양구 목상동 211-1,37.5693694,126.7066794,geocoded_kakao_jibun,kakao_exact_jibun_address_match,인천 계양구 목상동 211-1,1,1,0.0,,kakao_local_api:address_jibun,https://dapi.kakao.com/v2/local/search/address.json,2026-09-06,https://www.data.go.kr/data/15038929/fileData.do,2026-01-19,2026-09-06,administrative_record_only_not_confirmed_active,신축,2019-06-24,2019-06-27,2019-10-14,단독주택,,"주소 기반 추정 위치, 공사현장 좌표 아님"
15038929:1740,1740,건축행정기록,제1종근린생활시설,인천광역시 계양구 오류동 99-3,37.5856011,126.7280659,geocoded_kakao_jibun,kakao_exact_jibun_address_match,인천 계양구 오류동 99-3,1,1,0.0,,kakao_local_api:address_jibun,https://dapi.kakao.com/v2/local/search/address.json,2026-09-06,https://www.data.go.kr/data/15038929/fileData.do,2026-01-19,2026-09-06,administrative_record_only_not_confirmed_active,신축,2019-06-21,2019-07-09,2019-11-11,제1종근린생활시설,,"주소 기반 추정 위치, 공사현장 좌표 아님"
15038929:1741,1741,건축행정기록,공장,인천광역시 계양구 서운동 208-8,37.5335438,126.7529464,geocoded_kakao_jibun,kakao_exact_jibun_address_match,인천 계양구 서운동 208-8,1,1,0.0,,kakao_local_api:address_jibun,https://dapi.kakao.com/v2/local/search/address.json,2026-09-06,https://www.data.go.kr/data/15038929/fileData.do,2026-01-19,2026-09-06,administrative_record_only_not_confirmed_active,신축,2019-06-21,2019-09-05,2020-05-18,공장,,"주소 기반 추정 위치, 공사현장 좌표 아님"
15038929:1742,1742,건축행정기록,제1종근린생활시설,인천광역시 계양구 다남동 102-11,37.5707341,126.7305147,geocoded_kakao_jibun,kakao_exact_jibun_address_match,인천 계양구 다남동 102-11,1,1,0.0,,kakao_local_api:address_jibun,https://dapi.kakao.com/v2/local/search/address.json,2026-09-06,https://www.data.go.kr/data/15038929/fileData.do,2026-01-19,2026-09-06,administrative_record_only_not_confirmed_active,신축,2019-06-19,2019-07-30,2020-02-10,제1종근린생활시설,,"주소 기반 추정 위치, 공사현장 좌표 아님"
15038929:1743,1743,건축행정기록,제1종근린생활시설,인천광역시 계양구 작전동 866-4,37.5296581,126.7232698,geocoded_kakao_jibun,kakao_exact_jibun_address_match,인천 계양구 작전동 866-4,1,1,0.0,,kakao_local_api:address_jibun,https://dapi.kakao.com/v2/local/search/address.json,2026-09-06,https://www.data.go.kr/data/15038929/fileData.do,2026-01-19,2026-09-06,administrative_record_only_not_confirmed_active,용도변경,2019-06-18,,2019-07-26,제1종근린생활시설,,"주소 기반 추정 위치, 공사현장 좌표 아님"
15038929:1744,1744,건축행정기록,공장,인천광역시 계양구 서운동 220,37.5360848,126.7589933,geocoded_kakao_jibun,kakao_exact_jibun_address_match,인천 계양구 서운동 220,1,1,0.0,,kakao_local_api:address_jibun,https://dapi.kakao.com/v2/local/search/address.json,2026-09-06,https://www.data.go.kr/data/15038929/fileData.do,2026-01-19,2026-09-06,administrative_record_only_not_confirmed_active,신축,2019-06-13,2019-07-02,2020-05-27,공장,,"주소 기반 추정 위치, 공사현장 좌표 아님"
15038929:1745,1745,건축행정기록,제1종근린생활시설,인천광역시 계양구 작전동 444-1,37.5276113,126.7216414,geocoded_kakao_jibun,kakao_exact_jibun_address_match,인천 계양구 작전동 444-1,1,1,0.0,,kakao_local_api:address_jibun,https://dapi.kakao.com/v2/local/search/address.json,2026-09-06,https://www.data.go.kr/data/15038929/fileData.do,2026-01-19,2026-09-06,administrative_record_only_not_confirmed_active,용도변경,2019-06-11,,2019-09-16,제1종근린생활시설,,"주소 기반 추정 위치, 공사현장 좌표 아님"
15038929:1746,1746,건축행정기록,공장,인천광역시 계양구 서운동 209-1,37.5371630,126.7572763,geocoded_kakao_jibun,kakao_exact_jibun_address_match,인천 계양구 서운동 209-1,1,1,0.0,,kakao_local_api:address_jibun,https://dapi.kakao.com/v2/local/search/address.json,2026-09-06,https://www.data.go.kr/data/15038929/fileData.do,2026-01-19,2026-09-06,administrative_record_only_not_confirmed_active,신축,2019-06-11,2019-09-11,2020-04-09,공장,,"주소 기반 추정 위치, 공사현장 좌표 아님"
15038929:1747,1747,건축행정기록,공장,인천광역시 계양구 서운동 220-2,37.5347290,126.7586199,geocoded_kakao_jibun,kakao_exact_jibun_address_match,인천 계양구 서운동 220-2,1,1,0.0,,kakao_local_api:address_jibun,https://dapi.kakao.com/v2/local/search/address.json,2026-09-06,https://www.data.go.kr/data/15038929/fileData.do,2026-01-19,2026-09-06,administrative_record_only_not_confirmed_active,신축,2019-06-10,2019-06-26,2020-05-08,공장,,"주소 기반 추정 위치, 공사현장 좌표 아님"
15038929:1748,1748,건축행정기록,판매시설,인천광역시 계양구 계산동 300-13 외2필지,37.5367059,126.7297236,geocoded_kakao_jibun,kakao_exact_jibun_address_match,인천 계양구 계산동 300-13,1,1,0.0,,kakao_local_api:address_jibun,https://dapi.kakao.com/v2/local/search/address.json,2026-09-06,https://www.data.go.kr/data/15038929/fileData.do,2026-01-19,2026-09-06,administrative_record_only_not_confirmed_active,신축,2019-06-07,2019-07-03,2020-03-13,판매시설,,"주소 기반 추정 위치, 공사현장 좌표 아님"
15038929:1749,1749,건축행정기록,제1종근린생활시설,인천광역시 계양구 병방동 78-1 외1필지,37.5481998,126.7457647,geocoded_kakao_jibun,kakao_exact_jibun_address_match,인천 계양구 병방동 78-1,1,1,0.0,,kakao_local_api:address_jibun,https://dapi.kakao.com/v2/local/search/address.json,2026-09-06,https://www.data.go.kr/data/15038929/fileData.do,2026-01-19,2026-09-06,administrative_record_only_not_confirmed_active,신축,2019-06-05,2019-07-25,2019-11-04,제1종근린생활시설,,"주소 기반 추정 위치, 공사현장 좌표 아님"
15038929:1750,1750,건축행정기록,제1종근린생활시설,인천광역시 계양구 이화동 23-58,37.5848711,126.7475502,geocoded_kakao_jibun,kakao_exact_jibun_address_match,인천 계양구 이화동 23-58,1,1,0.0,,kakao_local_api:address_jibun,https://dapi.kakao.com/v2/local/search/address.json,2026-09-06,https://www.data.go.kr/data/15038929/fileData.do,2026-01-19,2026-09-06,administrative_record_only_not_confirmed_active,신축,2019-06-05,2019-07-04,2019-10-08,제1종근린생활시설,,"주소 기반 추정 위치, 공사현장 좌표 아님"
15038929:1751,1751,건축행정기록,업무시설,인천광역시 계양구 작전동 853-27 외1필지,37.5335162,126.7219727,geocoded_kakao_jibun,kakao_exact_jibun_address_match,인천 계양구 작전동 853-27,1,1,0.0,,kakao_local_api:address_jibun,https://dapi.kakao.com/v2/local/search/address.json,2026-09-06,https://www.data.go.kr/data/15038929/fileData.do,2026-01-19,2026-09-06,administrative_record_only_not_confirmed_active,신축,2019-06-05,2019-09-27,2020-07-08,업무시설,,"주소 기반 추정 위치, 공사현장 좌표 아님"
15038929:1752,1752,건축행정기록,제1종근린생활시설,인천광역시 계양구 상야동 16-17 외1필지,37.5786993,126.7797535,geocoded_kakao_jibun,kakao_exact_jibun_address_match,인천 계양구 상야동 16-17,1,1,0.0,,kakao_local_api:address_jibun,https://dapi.kakao.com/v2/local/search/address.json,2026-09-06,https://www.data.go.kr/data/15038929/fileData.do,2026-01-19,2026-09-06,administrative_record_only_not_confirmed_active,신축,2019-06-05,2019-07-15,2019-11-28,제1종근린생활시설,,"주소 기반 추정 위치, 공사현장 좌표 아님"
15038929:1753,1753,건축행정기록,단독주택,인천광역시 계양구 선주지동 107-1 외1필지,37.5797006,126.7476140,geocoded_kakao_jibun,kakao_exact_jibun_address_match,인천 계양구 선주지동 107-1,1,1,0.0,,kakao_local_api:address_jibun,https://dapi.kakao.com/v2/local/search/address.json,2026-09-06,https://www.data.go.kr/data/15038929/fileData.do,2026-01-19,2026-09-06,administrative_record_only_not_confirmed_active,증축,2019-05-30,2019-06-05,2019-09-10,단독주택,,"주소 기반 추정 위치, 공사현장 좌표 아님"
15038929:1754,1754,건축행정기록,노유자시설,인천광역시 계양구 병방동 91-3,37.5496993,126.7435935,geocoded_kakao_jibun,kakao_exact_jibun_address_match,인천 계양구 병방동 91-3,1,1,0.0,,kakao_local_api:address_jibun,https://dapi.kakao.com/v2/local/search/address.json,2026-09-06,https://www.data.go.kr/data/15038929/fileData.do,2026-01-19,2026-09-06,administrative_record_only_not_confirmed_active,대수선,2019-05-29,2019-07-02,2020-01-23,노유자시설,,"주소 기반 추정 위치, 공사현장 좌표 아님"
15038929:1755,1755,건축행정기록,업무시설,인천광역시 계양구 작전동 737-3,37.5251096,126.7321359,geocoded_kakao_jibun,kakao_exact_jibun_address_match,인천 계양구 작전동 737-3,1,1,0.0,,kakao_local_api:address_jibun,https://dapi.kakao.com/v2/local/search/address.json,2026-09-06,https://www.data.go.kr/data/15038929/fileData.do,2026-01-19,2026-09-06,administrative_record_only_not_confirmed_active,신축,2019-05-27,2019-07-10,2020-08-06,업무시설,,"주소 기반 추정 위치, 공사현장 좌표 아님"
15038929:1756,1756,건축행정기록,공장,인천광역시 계양구 서운동 211,37.5363446,126.7565581,geocoded_kakao_jibun,kakao_exact_jibun_address_match,인천 계양구 서운동 211,1,1,0.0,,kakao_local_api:address_jibun,https://dapi.kakao.com/v2/local/search/address.json,2026-09-06,https://www.data.go.kr/data/15038929/fileData.do,2026-01-19,2026-09-06,administrative_record_only_not_confirmed_active,신축,2019-05-24,2020-06-03,2021-06-02,공장,,"주소 기반 추정 위치, 공사현장 좌표 아님"
15038929:1757,1757,건축행정기록,노유자시설,인천광역시 계양구 작전동 636-4,37.5275666,126.7365727,geocoded_kakao_jibun,kakao_exact_jibun_address_match,인천 계양구 작전동 636-4,1,1,0.0,,kakao_local_api:address_jibun,https://dapi.kakao.com/v2/local/search/address.json,2026-09-06,https://www.data.go.kr/data/15038929/fileData.do,2026-01-19,2026-09-06,administrative_record_only_not_confirmed_active,대수선,2019-05-22,2019-08-23,2020-08-28,노유자시설,,"주소 기반 추정 위치, 공사현장 좌표 아님"
15038929:1758,1758,건축행정기록,제2종근린생활시설,인천광역시 계양구 서운동 148-2 외1필지,37.5295107,126.7541004,geocoded_kakao_jibun,kakao_exact_jibun_address_match,인천 계양구 서운동 148-2,1,1,0.0,,kakao_local_api:address_jibun,https://dapi.kakao.com/v2/local/search/address.json,2026-09-06,https://www.data.go.kr/data/15038929/fileData.do,2026-01-19,2026-09-06,administrative_record_only_not_confirmed_active,증축,2019-05-20,2019-06-18,2019-10-11,제2종근린생활시설,,"주소 기반 추정 위치, 공사현장 좌표 아님"
15038929:1759,1759,건축행정기록,공장,인천광역시 계양구 서운동 217-2,37.5331684,126.7574784,geocoded_kakao_jibun,kakao_exact_jibun_address_match,인천 계양구 서운동 217-2,1,1,0.0,,kakao_local_api:address_jibun,https://dapi.kakao.com/v2/local/search/address.json,2026-09-06,https://www.data.go.kr/data/15038929/fileData.do,2026-01-19,2026-09-06,administrative_record_only_not_confirmed_active,신축,2019-05-20,2019-07-24,2020-05-22,공장,,"주소 기반 추정 위치, 공사현장 좌표 아님"
15038929:1760,1760,건축행정기록,공동주택,인천광역시 계양구 효성동 273-52 외1필지,37.5258423,126.7125645,geocoded_kakao_jibun,kakao_exact_jibun_address_match,인천 계양구 효성동 273-52,1,1,0.0,,kakao_local_api:address_jibun,https://dapi.kakao.com/v2/local/search/address.json,2026-09-06,https://www.data.go.kr/data/15038929/fileData.do,2026-01-19,2026-09-06,administrative_record_only_not_confirmed_active,신축,2019-05-16,2019-05-29,2019-11-25,공동주택,,"주소 기반 추정 위치, 공사현장 좌표 아님"
15038929:1761,1761,건축행정기록,공장,인천광역시 계양구 서운동 213-6,37.5348488,126.7574727,geocoded_kakao_jibun,kakao_exact_jibun_address_match,인천 계양구 서운동 213-6,1,1,0.0,,kakao_local_api:address_jibun,https://dapi.kakao.com/v2/local/search/address.json,2026-09-06,https://www.data.go.kr/data/15038929/fileData.do,2026-01-19,2026-09-06,administrative_record_only_not_confirmed_active,신축,2019-05-13,2019-05-20,2020-03-20,공장,,"주소 기반 추정 위치, 공사현장 좌표 아님"
15038929:1762,1762,건축행정기록,제1종근린생활시설,인천광역시 계양구 효성동 286-2,37.5308429,126.7171099,geocoded_kakao_jibun,kakao_exact_jibun_address_match,인천 계양구 효성동 286-2,1,1,0.0,,kakao_local_api:address_jibun,https://dapi.kakao.com/v2/local/search/address.json,2026-09-06,https://www.data.go.kr/data/15038929/fileData.do,2026-01-19,2026-09-06,administrative_record_only_not_confirmed_active,신축,2019-05-10,2020-01-03,2021-05-24,제1종근린생활시설,,"주소 기반 추정 위치, 공사현장 좌표 아님"
15038929:1763,1763,건축행정기록,공장,인천광역시 계양구 서운동 217-6,37.5327035,126.7571176,geocoded_kakao_jibun,kakao_exact_jibun_address_match,인천 계양구 서운동 217-6,1,1,0.0,,kakao_local_api:address_jibun,https://dapi.kakao.com/v2/local/search/address.json,2026-09-06,https://www.data.go.kr/data/15038929/fileData.do,2026-01-19,2026-09-06,administrative_record_only_not_confirmed_active,신축,2019-05-10,2019-07-15,2020-05-04,공장,,"주소 기반 추정 위치, 공사현장 좌표 아님"
15038929:1764,1764,건축행정기록,관광휴게시설,인천광역시 계양구 계산동 산 53 외7필지,37.5437191,126.7093428,geocoded_kakao_jibun,kakao_exact_jibun_address_match,인천 계양구 계산동 산 53,1,1,0.0,,kakao_local_api:address_jibun,https://dapi.kakao.com/v2/local/search/address.json,2026-09-06,https://www.data.go.kr/data/15038929/fileData.do,2026-01-19,2026-09-06,administrative_record_only_not_confirmed_active,용도변경,2019-05-08,,2019-06-11,관광휴게시설,,"주소 기반 추정 위치, 공사현장 좌표 아님"
15038929:1765,1765,건축행정기록,제1종근린생활시설,인천광역시 계양구 이화동 248-19,37.5898416,126.7380680,geocoded_kakao_jibun,kakao_exact_jibun_address_match,인천 계양구 이화동 248-19,1,1,0.0,,kakao_local_api:address_jibun,https://dapi.kakao.com/v2/local/search/address.json,2026-09-06,https://www.data.go.kr/data/15038929/fileData.do,2026-01-19,2026-09-06,administrative_record_only_not_confirmed_active,신축,2019-05-07,2019-06-03,2020-04-29,제1종근린생활시설,,"주소 기반 추정 위치, 공사현장 좌표 아님"
15038929:1766,1766,건축행정기록,공동주택,인천광역시 계양구 병방동 92-13,37.5499769,126.7428917,geocoded_kakao_jibun,kakao_exact_jibun_address_match,인천 계양구 병방동 92-13,1,1,0.0,,kakao_local_api:address_jibun,https://dapi.kakao.com/v2/local/search/address.json,2026-09-06,https://www.data.go.kr/data/15038929/fileData.do,2026-01-19,2026-09-06,administrative_record_only_not_confirmed_active,신축,2019-04-29,2019-12-27,2020-06-24,공동주택,,"주소 기반 추정 위치, 공사현장 좌표 아님"
15038929:1767,1767,건축행정기록,공장,인천광역시 계양구 서운동 214-2,37.5342165,126.7551308,geocoded_kakao_jibun,kakao_exact_jibun_address_match,인천 계양구 서운동 214-2,1,1,0.0,,kakao_local_api:address_jibun,https://dapi.kakao.com/v2/local/search/address.json,2026-09-06,https://www.data.go.kr/data/15038929/fileData.do,2026-01-19,2026-09-06,administrative_record_only_not_confirmed_active,신축,2019-04-29,2019-05-23,2020-03-09,공장,,"주소 기반 추정 위치, 공사현장 좌표 아님"
15038929:1768,1768,건축행정기록,공장,인천광역시 계양구 서운동 214-1,37.5342345,126.7545860,geocoded_kakao_jibun,kakao_exact_jibun_address_match,인천 계양구 서운동 214-1,1,1,0.0,,kakao_local_api:address_jibun,https://dapi.kakao.com/v2/local/search/address.json,2026-09-06,https://www.data.go.kr/data/15038929/fileData.do,2026-01-19,2026-09-06,administrative_record_only_not_confirmed_active,신축,2019-04-26,2019-05-08,2020-02-04,공장,,"주소 기반 추정 위치, 공사현장 좌표 아님"
15038929:1769,1769,건축행정기록,공장,인천광역시 계양구 서운동 213-3,37.5352761,126.7582120,geocoded_kakao_jibun,kakao_exact_jibun_address_match,인천 계양구 서운동 213-3,1,1,0.0,,kakao_local_api:address_jibun,https://dapi.kakao.com/v2/local/search/address.json,2026-09-06,https://www.data.go.kr/data/15038929/fileData.do,2026-01-19,2026-09-06,administrative_record_only_not_confirmed_active,신축,2019-04-23,2019-05-13,2020-02-19,공장,,"주소 기반 추정 위치, 공사현장 좌표 아님"
15038929:1770,1770,건축행정기록,공장,인천광역시 계양구 서운동 220-1,37.5352498,126.7589619,geocoded_kakao_jibun,kakao_exact_jibun_address_match,인천 계양구 서운동 220-1,1,1,0.0,,kakao_local_api:address_jibun,https://dapi.kakao.com/v2/local/search/address.json,2026-09-06,https://www.data.go.kr/data/15038929/fileData.do,2026-01-19,2026-09-06,administrative_record_only_not_confirmed_active,신축,2019-04-19,2019-05-03,2020-04-23,공장,,"주소 기반 추정 위치, 공사현장 좌표 아님"
15038929:1771,1771,건축행정기록,공장,인천광역시 계양구 서운동 216,37.5331198,126.7541456,geocoded_kakao_jibun,kakao_exact_jibun_address_match,인천 계양구 서운동 216,1,1,0.0,,kakao_local_api:address_jibun,https://dapi.kakao.com/v2/local/search/address.json,2026-09-06,https://www.data.go.kr/data/15038929/fileData.do,2026-01-19,2026-09-06,administrative_record_only_not_confirmed_active,신축,2019-04-19,2019-04-26,2019-12-31,공장,,"주소 기반 추정 위치, 공사현장 좌표 아님"
15038929:1772,1772,건축행정기록,공장,인천광역시 계양구 서운동 213,37.5348855,126.7567438,geocoded_kakao_jibun,kakao_exact_jibun_address_match,인천 계양구 서운동 213,1,1,0.0,,kakao_local_api:address_jibun,https://dapi.kakao.com/v2/local/search/address.json,2026-09-06,https://www.data.go.kr/data/15038929/fileData.do,2026-01-19,2026-09-06,administrative_record_only_not_confirmed_active,신축,2019-04-18,2019-05-09,2020-04-01,공장,,"주소 기반 추정 위치, 공사현장 좌표 아님"
15038929:1773,1773,건축행정기록,제1종근린생활시설,인천광역시 계양구 임학동 69-9,37.5443574,126.7361916,geocoded_kakao_jibun,kakao_exact_jibun_address_match,인천 계양구 임학동 69-9,1,1,0.0,,kakao_local_api:address_jibun,https://dapi.kakao.com/v2/local/search/address.json,2026-09-06,https://www.data.go.kr/data/15038929/fileData.do,2026-01-19,2026-09-06,administrative_record_only_not_confirmed_active,신축,2019-04-17,2019-06-27,2020-09-28,제1종근린생활시설,,"주소 기반 추정 위치, 공사현장 좌표 아님"
15038929:1774,1774,건축행정기록,제1종근린생활시설,인천광역시 계양구 효성동 246-6,37.5287950,126.7114776,geocoded_kakao_jibun,kakao_exact_jibun_address_match,인천 계양구 효성동 246-6,1,1,0.0,,kakao_local_api:address_jibun,https://dapi.kakao.com/v2/local/search/address.json,2026-09-06,https://www.data.go.kr/data/15038929/fileData.do,2026-01-19,2026-09-06,administrative_record_only_not_confirmed_active,증축,2019-04-16,2021-10-28,2022-04-01,제1종근린생활시설,,"주소 기반 추정 위치, 공사현장 좌표 아님"
15038929:1775,1775,건축행정기록,제1종근린생활시설,인천광역시 계양구 작전동 444-1,37.5276113,126.7216414,geocoded_kakao_jibun,kakao_exact_jibun_address_match,인천 계양구 작전동 444-1,1,1,0.0,,kakao_local_api:address_jibun,https://dapi.kakao.com/v2/local/search/address.json,2026-09-06,https://www.data.go.kr/data/15038929/fileData.do,2026-01-19,2026-09-06,administrative_record_only_not_confirmed_active,용도변경,2019-04-15,,2019-06-28,제1종근린생활시설,,"주소 기반 추정 위치, 공사현장 좌표 아님"
15038929:1776,1776,건축행정기록,단독주택,인천광역시 계양구 동양동 625-4,37.5606951,126.7590744,geocoded_kakao_jibun,kakao_exact_jibun_address_match,인천 계양구 동양동 625-4,1,1,0.0,,kakao_local_api:address_jibun,https://dapi.kakao.com/v2/local/search/address.json,2026-09-06,https://www.data.go.kr/data/15038929/fileData.do,2026-01-19,2026-09-06,administrative_record_only_not_confirmed_active,신축,2019-04-15,2019-07-04,2020-04-13,단독주택,,"주소 기반 추정 위치, 공사현장 좌표 아님"
15038929:1777,1777,건축행정기록,제1종근린생활시설,인천광역시 계양구 작전동 855-12 외1필지,37.5359391,126.7231136,geocoded_kakao_jibun,kakao_exact_jibun_address_match,인천 계양구 작전동 855-12,1,1,0.0,,kakao_local_api:address_jibun,https://dapi.kakao.com/v2/local/search/address.json,2026-09-06,https://www.data.go.kr/data/15038929/fileData.do,2026-01-19,2026-09-06,administrative_record_only_not_confirmed_active,신축,2019-04-10,2019-04-18,2019-07-11,제1종근린생활시설,,"주소 기반 추정 위치, 공사현장 좌표 아님"
15038929:1778,1778,건축행정기록,제2종근린생활시설,인천광역시 계양구 서운동 55-55,37.5265632,126.7473967,geocoded_kakao_jibun,kakao_exact_jibun_address_match,인천 계양구 서운동 55-55,1,1,0.0,,kakao_local_api:address_jibun,https://dapi.kakao.com/v2/local/search/address.json,2026-09-06,https://www.data.go.kr/data/15038929/fileData.do,2026-01-19,2026-09-06,administrative_record_only_not_confirmed_active,신축,2019-04-09,2019-05-27,2019-10-08,제2종근린생활시설,,"주소 기반 추정 위치, 공사현장 좌표 아님"
15038929:1779,1779,건축행정기록,제2종근린생활시설,인천광역시 계양구 효성동 114 외1필지,37.5311002,126.7062344,geocoded_kakao_jibun,kakao_exact_jibun_address_match,인천 계양구 효성동 114,1,1,0.0,,kakao_local_api:address_jibun,https://dapi.kakao.com/v2/local/search/address.json,2026-09-06,https://www.data.go.kr/data/15038929/fileData.do,2026-01-19,2026-09-06,administrative_record_only_not_confirmed_active,증축,2019-04-03,2019-04-09,2019-07-31,제2종근린생활시설,,"주소 기반 추정 위치, 공사현장 좌표 아님"
15038929:1780,1780,건축행정기록,공장,인천광역시 계양구 서운동 217-5,37.5327043,126.7574801,geocoded_kakao_jibun,kakao_exact_jibun_address_match,인천 계양구 서운동 217-5,1,1,0.0,,kakao_local_api:address_jibun,https://dapi.kakao.com/v2/local/search/address.json,2026-09-06,https://www.data.go.kr/data/15038929/fileData.do,2026-01-19,2026-09-06,administrative_record_only_not_confirmed_active,신축,2019-04-01,2019-07-05,2020-03-23,공장,,"주소 기반 추정 위치, 공사현장 좌표 아님"
15038929:1781,1781,건축행정기록,공동주택,인천광역시 계양구 작전동 857-15,37.5361863,126.7268038,geocoded_kakao_jibun,kakao_exact_jibun_address_match,인천 계양구 작전동 857-15,1,1,0.0,,kakao_local_api:address_jibun,https://dapi.kakao.com/v2/local/search/address.json,2026-09-06,https://www.data.go.kr/data/15038929/fileData.do,2026-01-19,2026-09-06,administrative_record_only_not_confirmed_active,신축,2019-03-29,2019-11-05,2020-04-08,공동주택,,"주소 기반 추정 위치, 공사현장 좌표 아님"
15038929:1782,1782,건축행정기록,공장,인천광역시 계양구 서운동 213-2,37.5353136,126.7578336,geocoded_kakao_jibun,kakao_exact_jibun_address_match,인천 계양구 서운동 213-2,1,1,0.0,,kakao_local_api:address_jibun,https://dapi.kakao.com/v2/local/search/address.json,2026-09-06,https://www.data.go.kr/data/15038929/fileData.do,2026-01-19,2026-09-06,administrative_record_only_not_confirmed_active,신축,2019-03-28,2019-06-13,2020-07-16,공장,,"주소 기반 추정 위치, 공사현장 좌표 아님"
15038929:1783,1783,건축행정기록,단독주택,인천광역시 계양구 임학동 29-9,37.5473854,126.7358365,geocoded_kakao_jibun,kakao_exact_jibun_address_match,인천 계양구 임학동 29-9,1,1,0.0,,kakao_local_api:address_jibun,https://dapi.kakao.com/v2/local/search/address.json,2026-09-06,https://www.data.go.kr/data/15038929/fileData.do,2026-01-19,2026-09-06,administrative_record_only_not_confirmed_active,신축,2019-03-27,2019-04-11,2019-09-26,단독주택,,"주소 기반 추정 위치, 공사현장 좌표 아님"
15038929:1784,1784,건축행정기록,제1종근린생활시설,인천광역시 계양구 이화동 43-13 외1필지,37.5894205,126.7371722,geocoded_kakao_jibun,kakao_exact_jibun_address_match,인천 계양구 이화동 43-13,1,1,0.0,,kakao_local_api:address_jibun,https://dapi.kakao.com/v2/local/search/address.json,2026-09-06,https://www.data.go.kr/data/15038929/fileData.do,2026-01-19,2026-09-06,administrative_record_only_not_confirmed_active,증축,2019-03-25,2019-04-16,2019-06-18,제1종근린생활시설,,"주소 기반 추정 위치, 공사현장 좌표 아님"
15038929:1785,1785,건축행정기록,제1종근린생활시설,인천광역시 계양구 작전동 149-1,37.5277804,126.7338073,geocoded_kakao_jibun,kakao_exact_jibun_address_match,인천 계양구 작전동 149-1,1,1,0.0,,kakao_local_api:address_jibun,https://dapi.kakao.com/v2/local/search/address.json,2026-09-06,https://www.data.go.kr/data/15038929/fileData.do,2026-01-19,2026-09-06,administrative_record_only_not_confirmed_active,용도변경,2019-03-25,,2019-04-22,제1종근린생활시설,,"주소 기반 추정 위치, 공사현장 좌표 아님"
15038929:1786,1786,건축행정기록,제2종근린생활시설,인천광역시 계양구 하야동 33-7,37.5808981,126.7805285,geocoded_kakao_jibun,kakao_exact_jibun_address_match,인천 계양구 하야동 33-7,1,1,0.0,,kakao_local_api:address_jibun,https://dapi.kakao.com/v2/local/search/address.json,2026-09-06,https://www.data.go.kr/data/15038929/fileData.do,2026-01-19,2026-09-06,administrative_record_only_not_confirmed_active,신축,2019-03-25,2019-04-04,2019-07-05,제2종근린생활시설,,"주소 기반 추정 위치, 공사현장 좌표 아님"
15038929:1787,1787,건축행정기록,제2종근린생활시설,인천광역시 계양구 선주지동 114-10,37.5789408,126.7464761,geocoded_kakao_jibun,kakao_exact_jibun_address_match,인천 계양구 선주지동 114-10,1,1,0.0,,kakao_local_api:address_jibun,https://dapi.kakao.com/v2/local/search/address.json,2026-09-06,https://www.data.go.kr/data/15038929/fileData.do,2026-01-19,2026-09-06,administrative_record_only_not_confirmed_active,신축,2019-03-20,2019-03-28,2019-06-18,제2종근린생활시설,,"주소 기반 추정 위치, 공사현장 좌표 아님"
15038929:1788,1788,건축행정기록,동물및식물관련시설,인천광역시 계양구 상야동 208-1 외1필지,37.5780399,126.7741073,geocoded_kakao_jibun,kakao_exact_jibun_address_match,인천 계양구 상야동 208-1,1,1,0.0,,kakao_local_api:address_jibun,https://dapi.kakao.com/v2/local/search/address.json,2026-09-06,https://www.data.go.kr/data/15038929/fileData.do,2026-01-19,2026-09-06,administrative_record_only_not_confirmed_active,신축,2019-03-19,2019-05-27,2019-10-01,동물및식물관련시설,,"주소 기반 추정 위치, 공사현장 좌표 아님"
15038929:1789,1789,건축행정기록,의료시설,인천광역시 계양구 작전동 900-4 외2필지,37.5321429,126.7343356,geocoded_kakao_jibun,kakao_exact_jibun_address_match,인천 계양구 작전동 900-4,1,1,0.0,,kakao_local_api:address_jibun,https://dapi.kakao.com/v2/local/search/address.json,2026-09-06,https://www.data.go.kr/data/15038929/fileData.do,2026-01-19,2026-09-06,administrative_record_only_not_confirmed_active,대수선,2019-03-18,2019-05-31,2020-01-17,의료시설,,"주소 기반 추정 위치, 공사현장 좌표 아님"
15038929:1790,1790,건축행정기록,공장,인천광역시 계양구 서운동 208-6,37.5344578,126.7527188,geocoded_kakao_jibun,kakao_exact_jibun_address_match,인천 계양구 서운동 208-6,1,1,0.0,,kakao_local_api:address_jibun,https://dapi.kakao.com/v2/local/search/address.json,2026-09-06,https://www.data.go.kr/data/15038929/fileData.do,2026-01-19,2026-09-06,administrative_record_only_not_confirmed_active,신축,2019-03-18,2019-05-13,2020-03-31,공장,,"주소 기반 추정 위치, 공사현장 좌표 아님"
15038929:1791,1791,건축행정기록,단독주택,인천광역시 계양구 계산동 923-42,37.5449579,126.7278461,geocoded_kakao_jibun,kakao_exact_jibun_address_match,인천 계양구 계산동 923-42,1,1,0.0,,kakao_local_api:address_jibun,https://dapi.kakao.com/v2/local/search/address.json,2026-09-06,https://www.data.go.kr/data/15038929/fileData.do,2026-01-19,2026-09-06,administrative_record_only_not_confirmed_active,신축,2019-03-18,2019-06-07,2019-11-08,단독주택,,"주소 기반 추정 위치, 공사현장 좌표 아님"
15038929:1792,1792,건축행정기록,단독주택,인천광역시 계양구 상야동 208-3 외1필지,37.5776698,126.7740493,geocoded_kakao_jibun,kakao_exact_jibun_address_match,인천 계양구 상야동 208-3,1,1,0.0,,kakao_local_api:address_jibun,https://dapi.kakao.com/v2/local/search/address.json,2026-09-06,https://www.data.go.kr/data/15038929/fileData.do,2026-01-19,2026-09-06,administrative_record_only_not_confirmed_active,신축,2019-03-15,2019-05-27,2020-06-17,단독주택,,"주소 기반 추정 위치, 공사현장 좌표 아님"
15038929:1793,1793,건축행정기록,노유자시설,인천광역시 계양구 계산동 911-34,37.5450493,126.7316474,geocoded_kakao_jibun,kakao_exact_jibun_address_match,인천 계양구 계산동 911-34,1,1,0.0,,kakao_local_api:address_jibun,https://dapi.kakao.com/v2/local/search/address.json,2026-09-06,https://www.data.go.kr/data/15038929/fileData.do,2026-01-19,2026-09-06,administrative_record_only_not_confirmed_active,신축,2019-03-15,2019-05-28,2019-12-09,노유자시설,,"주소 기반 추정 위치, 공사현장 좌표 아님"
15038929:1794,1794,건축행정기록,제1종근린생활시설,인천광역시 계양구 작전동 444-1,37.5276113,126.7216414,geocoded_kakao_jibun,kakao_exact_jibun_address_match,인천 계양구 작전동 444-1,1,1,0.0,,kakao_local_api:address_jibun,https://dapi.kakao.com/v2/local/search/address.json,2026-09-06,https://www.data.go.kr/data/15038929/fileData.do,2026-01-19,2026-09-06,administrative_record_only_not_confirmed_active,용도변경,2019-03-15,,2019-07-26,제1종근린생활시설,,"주소 기반 추정 위치, 공사현장 좌표 아님"
15038929:1795,1795,건축행정기록,제2종근린생활시설,인천광역시 계양구 동양동 599-5,37.5624839,126.7556113,geocoded_kakao_jibun,kakao_exact_jibun_address_match,인천 계양구 동양동 599-5,1,1,0.0,,kakao_local_api:address_jibun,https://dapi.kakao.com/v2/local/search/address.json,2026-09-06,https://www.data.go.kr/data/15038929/fileData.do,2026-01-19,2026-09-06,administrative_record_only_not_confirmed_active,신축,2019-03-14,2020-04-29,2020-10-29,제2종근린생활시설,,"주소 기반 추정 위치, 공사현장 좌표 아님"
15038929:1796,1796,건축행정기록,제1종근린생활시설,인천광역시 계양구 효성동 157,37.5299868,126.7089863,geocoded_kakao_jibun,kakao_exact_jibun_address_match,인천 계양구 효성동 157,1,1,0.0,,kakao_local_api:address_jibun,https://dapi.kakao.com/v2/local/search/address.json,2026-09-06,https://www.data.go.kr/data/15038929/fileData.do,2026-01-19,2026-09-06,administrative_record_only_not_confirmed_active,증축,2019-03-12,2021-03-11,2021-12-30,제1종근린생활시설,,"주소 기반 추정 위치, 공사현장 좌표 아님"
15038929:1797,1797,건축행정기록,업무시설,인천광역시 계양구 계산동 917-5,37.5435161,126.7326898,geocoded_kakao_jibun,kakao_exact_jibun_address_match,인천 계양구 계산동 917-5,1,1,0.0,,kakao_local_api:address_jibun,https://dapi.kakao.com/v2/local/search/address.json,2026-09-06,https://www.data.go.kr/data/15038929/fileData.do,2026-01-19,2026-09-06,administrative_record_only_not_confirmed_active,신축,2019-03-12,2019-03-20,2019-12-30,업무시설,,"주소 기반 추정 위치, 공사현장 좌표 아님"
15038929:1798,1798,건축행정기록,업무시설,인천광역시 계양구 임학동 69-28 외1필지,37.5444249,126.7375325,geocoded_kakao_jibun,kakao_exact_jibun_address_match,인천 계양구 임학동 69-28,1,1,0.0,,kakao_local_api:address_jibun,https://dapi.kakao.com/v2/local/search/address.json,2026-09-06,https://www.data.go.kr/data/15038929/fileData.do,2026-01-19,2026-09-06,administrative_record_only_not_confirmed_active,신축,2019-02-28,2019-03-20,2020-02-06,업무시설,,"주소 기반 추정 위치, 공사현장 좌표 아님"
15038929:1799,1799,건축행정기록,공동주택,인천광역시 계양구 임학동 47-1,37.5462085,126.7323085,geocoded_kakao_jibun,kakao_exact_jibun_address_match,인천 계양구 임학동 47-1,1,1,0.0,,kakao_local_api:address_jibun,https://dapi.kakao.com/v2/local/search/address.json,2026-09-06,https://www.data.go.kr/data/15038929/fileData.do,2026-01-19,2026-09-06,administrative_record_only_not_confirmed_active,신축,2019-02-28,2019-03-06,2019-07-15,공동주택,,"주소 기반 추정 위치, 공사현장 좌표 아님"
15038929:1800,1800,건축행정기록,공동주택,인천광역시 계양구 임학동 38-7,37.5467326,126.7315241,geocoded_kakao_jibun,kakao_exact_jibun_address_match,인천 계양구 임학동 38-7,1,1,0.0,,kakao_local_api:address_jibun,https://dapi.kakao.com/v2/local/search/address.json,2026-09-06,https://www.data.go.kr/data/15038929/fileData.do,2026-01-19,2026-09-06,administrative_record_only_not_confirmed_active,신축,2019-02-28,2019-03-09,2019-08-07,공동주택,,"주소 기반 추정 위치, 공사현장 좌표 아님"
15038929:1801,1801,건축행정기록,제2종근린생활시설,인천광역시 계양구 작전동 852-30 외1필지,37.5356205,126.7222187,geocoded_kakao_jibun,kakao_exact_jibun_address_match,인천 계양구 작전동 852-30,1,1,0.0,,kakao_local_api:address_jibun,https://dapi.kakao.com/v2/local/search/address.json,2026-09-06,https://www.data.go.kr/data/15038929/fileData.do,2026-01-19,2026-09-06,administrative_record_only_not_confirmed_active,신축,2019-02-22,2019-03-08,2019-09-20,제2종근린생활시설,,"주소 기반 추정 위치, 공사현장 좌표 아님"
15038929:1802,1802,건축행정기록,업무시설,인천광역시 계양구 작전동 658-1 외5필지,37.5271805,126.7366274,geocoded_kakao_jibun,kakao_exact_jibun_address_match,인천 계양구 작전동 658-1,1,1,0.0,,kakao_local_api:address_jibun,https://dapi.kakao.com/v2/local/search/address.json,2026-09-06,https://www.data.go.kr/data/15038929/fileData.do,2026-01-19,2026-09-06,administrative_record_only_not_confirmed_active,신축,2019-02-22,2019-03-19,2020-02-12,업무시설,,"주소 기반 추정 위치, 공사현장 좌표 아님"
15038929:1803,1803,건축행정기록,공장,인천광역시 계양구 서운동 215-1,37.5342407,126.7574972,geocoded_kakao_jibun,kakao_exact_jibun_address_match,인천 계양구 서운동 215-1,1,1,0.0,,kakao_local_api:address_jibun,https://dapi.kakao.com/v2/local/search/address.json,2026-09-06,https://www.data.go.kr/data/15038929/fileData.do,2026-01-19,2026-09-06,administrative_record_only_not_confirmed_active,신축,2019-02-19,2019-06-19,2020-02-26,공장,,"주소 기반 추정 위치, 공사현장 좌표 아님"
15038929:1804,1804,건축행정기록,공동주택,인천광역시 계양구 다남동 103-180,37.5687052,126.7302426,geocoded_kakao_jibun,kakao_exact_jibun_address_match,인천 계양구 다남동 103-180,1,1,0.0,,kakao_local_api:address_jibun,https://dapi.kakao.com/v2/local/search/address.json,2026-09-06,https://www.data.go.kr/data/15038929/fileData.do,2026-01-19,2026-09-06,administrative_record_only_not_confirmed_active,신축,2019-02-18,2019-04-12,2019-09-06,공동주택,,"주소 기반 추정 위치, 공사현장 좌표 아님"
15038929:1805,1805,건축행정기록,공동주택,인천광역시 계양구 다남동 103-10,37.5688171,126.7300719,geocoded_kakao_jibun,kakao_exact_jibun_address_match,인천 계양구 다남동 103-10,1,1,0.0,,kakao_local_api:address_jibun,https://dapi.kakao.com/v2/local/search/address.json,2026-09-06,https://www.data.go.kr/data/15038929/fileData.do,2026-01-19,2026-09-06,administrative_record_only_not_confirmed_active,신축,2019-02-18,2019-04-11,2019-09-06,공동주택,,"주소 기반 추정 위치, 공사현장 좌표 아님"
15038929:1806,1806,건축행정기록,공장,인천광역시 계양구 효성동 320-9,37.5273591,126.7104571,geocoded_kakao_jibun,kakao_exact_jibun_address_match,인천 계양구 효성동 320-9,1,1,0.0,,kakao_local_api:address_jibun,https://dapi.kakao.com/v2/local/search/address.json,2026-09-06,https://www.data.go.kr/data/15038929/fileData.do,2026-01-19,2026-09-06,administrative_record_only_not_confirmed_active,증축,2019-02-12,2019-02-22,2019-06-05,공장,,"주소 기반 추정 위치, 공사현장 좌표 아님"
15038929:1807,1807,건축행정기록,공장,인천광역시 계양구 서운동 서운일반산업단지 E-2,,,unresolved,address_not_parcel_or_road_notation,,0,0,,,kakao_local_api:unresolved,https://dapi.kakao.com/v2/local/search/address.json,2026-09-06,https://www.data.go.kr/data/15038929/fileData.do,2026-01-19,2026-09-06,administrative_record_only_not_confirmed_active,신축,2019-02-11,2019-02-18,2019-10-02,공장,,"주소 기반 추정 위치, 공사현장 좌표 아님"
15038929:1808,1808,건축행정기록,단독주택,인천광역시 계양구 선주지동 106-7,37.5796596,126.7482439,geocoded_kakao_jibun,kakao_exact_jibun_address_match,인천 계양구 선주지동 106-7,1,1,0.0,,kakao_local_api:address_jibun,https://dapi.kakao.com/v2/local/search/address.json,2026-09-06,https://www.data.go.kr/data/15038929/fileData.do,2026-01-19,2026-09-06,administrative_record_only_not_confirmed_active,증축,2019-02-01,2019-05-02,2019-07-18,단독주택,,"주소 기반 추정 위치, 공사현장 좌표 아님"
15038929:1809,1809,건축행정기록,제1종근린생활시설,인천광역시 계양구 이화동 230-34 외1필지,37.5924047,126.7383309,geocoded_kakao_jibun,kakao_exact_jibun_address_match,인천 계양구 이화동 230-34,1,1,0.0,,kakao_local_api:address_jibun,https://dapi.kakao.com/v2/local/search/address.json,2026-09-06,https://www.data.go.kr/data/15038929/fileData.do,2026-01-19,2026-09-06,administrative_record_only_not_confirmed_active,증축,2019-02-01,2019-02-14,2021-06-24,제1종근린생활시설,,"주소 기반 추정 위치, 공사현장 좌표 아님"
15038929:1810,1810,건축행정기록,제2종근린생활시설,인천광역시 계양구 효성동 497-7,37.5276282,126.7057172,geocoded_kakao_jibun,kakao_exact_jibun_address_match,인천 계양구 효성동 497-7,1,1,0.0,,kakao_local_api:address_jibun,https://dapi.kakao.com/v2/local/search/address.json,2026-09-06,https://www.data.go.kr/data/15038929/fileData.do,2026-01-19,2026-09-06,administrative_record_only_not_confirmed_active,신축,2019-01-30,2019-02-28,2019-09-19,제2종근린생활시설,,"주소 기반 추정 위치, 공사현장 좌표 아님"
15038929:1811,1811,건축행정기록,공장,인천광역시 계양구 서운동 216-3,37.5327383,126.7553900,geocoded_kakao_jibun,kakao_exact_jibun_address_match,인천 계양구 서운동 216-3,1,1,0.0,,kakao_local_api:address_jibun,https://dapi.kakao.com/v2/local/search/address.json,2026-09-06,https://www.data.go.kr/data/15038929/fileData.do,2026-01-19,2026-09-06,administrative_record_only_not_confirmed_active,신축,2019-01-28,2019-04-11,2020-03-31,공장,,"주소 기반 추정 위치, 공사현장 좌표 아님"
15038929:1812,1812,건축행정기록,제1종근린생활시설,인천광역시 계양구 동양동 617-5 외2필지,37.5611771,126.7577755,geocoded_kakao_jibun,kakao_exact_jibun_address_match,인천 계양구 동양동 617-5,1,1,0.0,,kakao_local_api:address_jibun,https://dapi.kakao.com/v2/local/search/address.json,2026-09-06,https://www.data.go.kr/data/15038929/fileData.do,2026-01-19,2026-09-06,administrative_record_only_not_confirmed_active,증축,2019-01-25,2019-02-12,2019-07-01,제1종근린생활시설,,"주소 기반 추정 위치, 공사현장 좌표 아님"
15038929:1813,1813,건축행정기록,공장,인천광역시 계양구 작전동 619-6,37.5243620,126.7393288,geocoded_kakao_jibun,kakao_exact_jibun_address_match,인천 계양구 작전동 619-6,1,1,0.0,,kakao_local_api:address_jibun,https://dapi.kakao.com/v2/local/search/address.json,2026-09-06,https://www.data.go.kr/data/15038929/fileData.do,2026-01-19,2026-09-06,administrative_record_only_not_confirmed_active,증축,2019-01-18,2019-03-08,2019-08-02,공장,,"주소 기반 추정 위치, 공사현장 좌표 아님"
15038929:1814,1814,건축행정기록,제2종근린생활시설,인천광역시 계양구 계산동 334-1,37.5402461,126.7285565,geocoded_kakao_jibun,kakao_exact_jibun_address_match,인천 계양구 계산동 334-1,1,1,0.0,,kakao_local_api:address_jibun,https://dapi.kakao.com/v2/local/search/address.json,2026-09-06,https://www.data.go.kr/data/15038929/fileData.do,2026-01-19,2026-09-06,administrative_record_only_not_confirmed_active,증축,2019-01-15,2019-01-25,2019-08-21,제2종근린생활시설,,"주소 기반 추정 위치, 공사현장 좌표 아님"
15038929:1815,1815,건축행정기록,자동차관련시설,인천광역시 계양구 효성동 515-1,37.5256986,126.7043623,geocoded_kakao_jibun,kakao_exact_jibun_address_match,인천 계양구 효성동 515-1,1,1,0.0,,kakao_local_api:address_jibun,https://dapi.kakao.com/v2/local/search/address.json,2026-09-06,https://www.data.go.kr/data/15038929/fileData.do,2026-01-19,2026-09-06,administrative_record_only_not_confirmed_active,용도변경,2019-01-15,,2019-02-11,자동차관련시설,,"주소 기반 추정 위치, 공사현장 좌표 아님"
15038929:1816,1816,건축행정기록,제2종근린생활시설,인천광역시 계양구 계산동 1063-2,37.5395846,126.7352952,geocoded_kakao_jibun,kakao_exact_jibun_address_match,인천 계양구 계산동 1063-2,1,1,0.0,,kakao_local_api:address_jibun,https://dapi.kakao.com/v2/local/search/address.json,2026-09-06,https://www.data.go.kr/data/15038929/fileData.do,2026-01-19,2026-09-06,administrative_record_only_not_confirmed_active,대수선,2019-01-14,2019-01-25,2019-07-25,제2종근린생활시설,,"주소 기반 추정 위치, 공사현장 좌표 아님"
15038929:1817,1817,건축행정기록,제1종근린생활시설,인천광역시 계양구 용종동 209-1,37.5397108,126.7377052,geocoded_kakao_jibun,kakao_exact_jibun_address_match,인천 계양구 용종동 209-1,1,1,0.0,,kakao_local_api:address_jibun,https://dapi.kakao.com/v2/local/search/address.json,2026-09-06,https://www.data.go.kr/data/15038929/fileData.do,2026-01-19,2026-09-06,administrative_record_only_not_confirmed_active,신축,2019-01-09,2019-02-22,2020-05-18,제1종근린생활시설,,"주소 기반 추정 위치, 공사현장 좌표 아님"
15038929:1818,1818,건축행정기록,공동주택,인천광역시 계양구 다남동 103-172,37.5691081,126.7300879,geocoded_kakao_jibun,kakao_exact_jibun_address_match,인천 계양구 다남동 103-172,1,1,0.0,,kakao_local_api:address_jibun,https://dapi.kakao.com/v2/local/search/address.json,2026-09-06,https://www.data.go.kr/data/15038929/fileData.do,2026-01-19,2026-09-06,administrative_record_only_not_confirmed_active,신축,2019-01-08,2019-02-12,2019-09-10,공동주택,,"주소 기반 추정 위치, 공사현장 좌표 아님"
15038929:1819,1819,건축행정기록,공동주택,인천광역시 계양구 다남동 103-158 외1필지,37.5691552,126.7302858,geocoded_kakao_jibun,kakao_exact_jibun_address_match,인천 계양구 다남동 103-158,1,1,0.0,,kakao_local_api:address_jibun,https://dapi.kakao.com/v2/local/search/address.json,2026-09-06,https://www.data.go.kr/data/15038929/fileData.do,2026-01-19,2026-09-06,administrative_record_only_not_confirmed_active,신축,2019-01-08,2019-02-12,2019-09-06,공동주택,,"주소 기반 추정 위치, 공사현장 좌표 아님"
15038929:1820,1820,건축행정기록,공동주택,인천광역시 계양구 귤현동 486-3,37.5703231,126.7467696,geocoded_kakao_jibun,kakao_exact_jibun_address_match,인천 계양구 귤현동 486-3,1,1,0.0,,kakao_local_api:address_jibun,https://dapi.kakao.com/v2/local/search/address.json,2026-09-06,https://www.data.go.kr/data/15038929/fileData.do,2026-01-19,2026-09-06,administrative_record_only_not_confirmed_active,신축,2019-01-07,2019-01-15,2019-08-08,공동주택,,"주소 기반 추정 위치, 공사현장 좌표 아님"
15038929:1821,1821,건축행정기록,제1종근린생활시설,인천광역시 계양구 작전동 866-4,37.5296581,126.7232698,geocoded_kakao_jibun,kakao_exact_jibun_address_match,인천 계양구 작전동 866-4,1,1,0.0,,kakao_local_api:address_jibun,https://dapi.kakao.com/v2/local/search/address.json,2026-09-06,https://www.data.go.kr/data/15038929/fileData.do,2026-01-19,2026-09-06,administrative_record_only_not_confirmed_active,용도변경,2019-01-07,,2019-03-14,제1종근린생활시설,,"주소 기반 추정 위치, 공사현장 좌표 아님"
15038929:1822,1822,건축행정기록,공장,인천광역시 계양구 작전동 605-2,37.5243506,126.7421278,geocoded_kakao_jibun,kakao_exact_jibun_address_match,인천 계양구 작전동 605-2,1,1,0.0,,kakao_local_api:address_jibun,https://dapi.kakao.com/v2/local/search/address.json,2026-09-06,https://www.data.go.kr/data/15038929/fileData.do,2026-01-19,2026-09-06,administrative_record_only_not_confirmed_active,용도변경,2019-01-07,,2019-01-31,공장,,"주소 기반 추정 위치, 공사현장 좌표 아님"
15038929:1823,1823,건축행정기록,공장,인천광역시 계양구 서운동 211-2,37.5363478,126.7580275,geocoded_kakao_jibun,kakao_exact_jibun_address_match,인천 계양구 서운동 211-2,1,1,0.0,,kakao_local_api:address_jibun,https://dapi.kakao.com/v2/local/search/address.json,2026-09-06,https://www.data.go.kr/data/15038929/fileData.do,2026-01-19,2026-09-06,administrative_record_only_not_confirmed_active,신축,2018-12-27,2019-01-18,2019-12-24,공장,,"주소 기반 추정 위치, 공사현장 좌표 아님"
15038929:1824,1824,건축행정기록,단독주택,인천광역시 계양구 계산동 928-10,37.5443338,126.7263447,geocoded_kakao_jibun,kakao_exact_jibun_address_match,인천 계양구 계산동 928-10,1,1,0.0,,kakao_local_api:address_jibun,https://dapi.kakao.com/v2/local/search/address.json,2026-09-06,https://www.data.go.kr/data/15038929/fileData.do,2026-01-19,2026-09-06,administrative_record_only_not_confirmed_active,신축,2018-12-24,2019-03-06,2019-08-13,단독주택,,"주소 기반 추정 위치, 공사현장 좌표 아님"
15038929:1825,1825,건축행정기록,제2종근린생활시설,인천광역시 계양구 하야동 64-72,37.5835318,126.7798762,geocoded_kakao_jibun,kakao_exact_jibun_address_match,인천 계양구 하야동 64-72,1,1,0.0,,kakao_local_api:address_jibun,https://dapi.kakao.com/v2/local/search/address.json,2026-09-06,https://www.data.go.kr/data/15038929/fileData.do,2026-01-19,2026-09-06,administrative_record_only_not_confirmed_active,증축,2018-12-21,2019-02-07,2019-04-08,제2종근린생활시설,,"주소 기반 추정 위치, 공사현장 좌표 아님"
15038929:1826,1826,건축행정기록,공장,인천광역시 계양구 서운동 221-3,37.5309089,126.7588693,geocoded_kakao_jibun,kakao_exact_jibun_address_match,인천 계양구 서운동 221-3,1,1,0.0,,kakao_local_api:address_jibun,https://dapi.kakao.com/v2/local/search/address.json,2026-09-06,https://www.data.go.kr/data/15038929/fileData.do,2026-01-19,2026-09-06,administrative_record_only_not_confirmed_active,신축,2018-12-18,2019-12-02,2021-05-20,공장,,"주소 기반 추정 위치, 공사현장 좌표 아님"
15038929:1827,1827,건축행정기록,공장,인천광역시 계양구 효성동 336-5 외1필지,37.5244255,126.7081979,geocoded_kakao_jibun,kakao_exact_jibun_address_match,인천 계양구 효성동 336-5,1,1,0.0,,kakao_local_api:address_jibun,https://dapi.kakao.com/v2/local/search/address.json,2026-09-06,https://www.data.go.kr/data/15038929/fileData.do,2026-01-19,2026-09-06,administrative_record_only_not_confirmed_active,증축,2018-12-14,2019-01-07,2019-05-15,공장,,"주소 기반 추정 위치, 공사현장 좌표 아님"
15038929:1828,1828,건축행정기록,노유자시설,인천광역시 계양구 선주지동 121-6,37.5801733,126.7449392,geocoded_kakao_jibun,kakao_exact_jibun_address_match,인천 계양구 선주지동 121-6,1,1,0.0,,kakao_local_api:address_jibun,https://dapi.kakao.com/v2/local/search/address.json,2026-09-06,https://www.data.go.kr/data/15038929/fileData.do,2026-01-19,2026-09-06,administrative_record_only_not_confirmed_active,대수선,2018-12-12,2019-02-12,2019-06-05,노유자시설,,"주소 기반 추정 위치, 공사현장 좌표 아님"
15038929:1829,1829,건축행정기록,제1종근린생활시설,인천광역시 계양구 둑실동 182-7,37.5795585,126.6967435,geocoded_kakao_jibun,kakao_exact_jibun_address_match,인천 계양구 둑실동 182-7,1,1,0.0,,kakao_local_api:address_jibun,https://dapi.kakao.com/v2/local/search/address.json,2026-09-06,https://www.data.go.kr/data/15038929/fileData.do,2026-01-19,2026-09-06,administrative_record_only_not_confirmed_active,신축,2018-12-11,2019-06-11,2023-01-26,제1종근린생활시설,,"주소 기반 추정 위치, 공사현장 좌표 아님"
15038929:1830,1830,건축행정기록,제1종근린생활시설,인천광역시 계양구 둑실동 182-6,37.5796416,126.6966957,geocoded_kakao_jibun,kakao_exact_jibun_address_match,인천 계양구 둑실동 182-6,1,1,0.0,,kakao_local_api:address_jibun,https://dapi.kakao.com/v2/local/search/address.json,2026-09-06,https://www.data.go.kr/data/15038929/fileData.do,2026-01-19,2026-09-06,administrative_record_only_not_confirmed_active,신축,2018-12-11,2019-06-12,2019-11-12,제1종근린생활시설,,"주소 기반 추정 위치, 공사현장 좌표 아님"
15038929:1831,1831,건축행정기록,공장,인천광역시 계양구 서운동 서운산업단지 E 4,,,unresolved,address_not_parcel_or_road_notation,,0,0,,,kakao_local_api:unresolved,https://dapi.kakao.com/v2/local/search/address.json,2026-09-06,https://www.data.go.kr/data/15038929/fileData.do,2026-01-19,2026-09-06,administrative_record_only_not_confirmed_active,신축,2018-12-10,2019-01-08,2019-09-05,공장,,"주소 기반 추정 위치, 공사현장 좌표 아님"
15038929:1832,1832,건축행정기록,공장,인천광역시 계양구 서운동 214,37.5341914,126.7538894,geocoded_kakao_jibun,kakao_exact_jibun_address_match,인천 계양구 서운동 214,1,1,0.0,,kakao_local_api:address_jibun,https://dapi.kakao.com/v2/local/search/address.json,2026-09-06,https://www.data.go.kr/data/15038929/fileData.do,2026-01-19,2026-09-06,administrative_record_only_not_confirmed_active,신축,2018-12-10,2019-02-15,2020-01-16,공장,,"주소 기반 추정 위치, 공사현장 좌표 아님"
15038929:1833,1833,건축행정기록,공장,인천광역시 계양구 서운동 서운산업단지 A 1,,,unresolved,address_not_parcel_or_road_notation,,0,0,,,kakao_local_api:unresolved,https://dapi.kakao.com/v2/local/search/address.json,2026-09-06,https://www.data.go.kr/data/15038929/fileData.do,2026-01-19,2026-09-06,administrative_record_only_not_confirmed_active,신축,2018-11-29,2018-12-11,2019-07-09,공장,,"주소 기반 추정 위치, 공사현장 좌표 아님"
15038929:1834,1834,건축행정기록,업무시설,인천광역시 계양구 작전동 428-3,37.5265328,126.7234501,geocoded_kakao_jibun,kakao_exact_jibun_address_match,인천 계양구 작전동 428-3,1,1,0.0,,kakao_local_api:address_jibun,https://dapi.kakao.com/v2/local/search/address.json,2026-09-06,https://www.data.go.kr/data/15038929/fileData.do,2026-01-19,2026-09-06,administrative_record_only_not_confirmed_active,신축,2018-11-28,2018-12-07,2020-04-28,업무시설,,"주소 기반 추정 위치, 공사현장 좌표 아님"
15038929:1835,1835,건축행정기록,공동주택,인천광역시 계양구 다남동 103-2 외2필지,37.5692774,126.7305939,geocoded_kakao_jibun,kakao_exact_jibun_address_match,인천 계양구 다남동 103-2,1,1,0.0,,kakao_local_api:address_jibun,https://dapi.kakao.com/v2/local/search/address.json,2026-09-06,https://www.data.go.kr/data/15038929/fileData.do,2026-01-19,2026-09-06,administrative_record_only_not_confirmed_active,신축,2018-11-23,2018-12-17,2019-09-03,공동주택,,"주소 기반 추정 위치, 공사현장 좌표 아님"
15038929:1836,1836,건축행정기록,공동주택,인천광역시 계양구 다남동 103-171 외4필지,37.5692147,126.7304403,geocoded_kakao_jibun,kakao_exact_jibun_address_match,인천 계양구 다남동 103-171,1,1,0.0,,kakao_local_api:address_jibun,https://dapi.kakao.com/v2/local/search/address.json,2026-09-06,https://www.data.go.kr/data/15038929/fileData.do,2026-01-19,2026-09-06,administrative_record_only_not_confirmed_active,신축,2018-11-23,2018-12-17,2019-09-06,공동주택,,"주소 기반 추정 위치, 공사현장 좌표 아님"
15038929:1837,1837,건축행정기록,제2종근린생활시설,인천광역시 계양구 계산동 964-57,37.5374994,126.7277561,geocoded_kakao_jibun,kakao_exact_jibun_address_match,인천 계양구 계산동 964-57,1,1,0.0,,kakao_local_api:address_jibun,https://dapi.kakao.com/v2/local/search/address.json,2026-09-06,https://www.data.go.kr/data/15038929/fileData.do,2026-01-19,2026-09-06,administrative_record_only_not_confirmed_active,신축,2018-11-22,2018-12-11,2020-03-24,제2종근린생활시설,,"주소 기반 추정 위치, 공사현장 좌표 아님"
15038929:1838,1838,건축행정기록,공동주택,인천광역시 계양구 작전동 852-23,37.5359689,126.7219991,geocoded_kakao_jibun,kakao_exact_jibun_address_match,인천 계양구 작전동 852-23,1,1,0.0,,kakao_local_api:address_jibun,https://dapi.kakao.com/v2/local/search/address.json,2026-09-06,https://www.data.go.kr/data/15038929/fileData.do,2026-01-19,2026-09-06,administrative_record_only_not_confirmed_active,신축,2018-11-19,2019-01-14,2019-10-16,공동주택,,"주소 기반 추정 위치, 공사현장 좌표 아님"
15038929:1839,1839,건축행정기록,공동주택,인천광역시 계양구 작전동 852-26,37.5361068,126.7219999,geocoded_kakao_jibun,kakao_exact_jibun_address_match,인천 계양구 작전동 852-26,1,1,0.0,,kakao_local_api:address_jibun,https://dapi.kakao.com/v2/local/search/address.json,2026-09-06,https://www.data.go.kr/data/15038929/fileData.do,2026-01-19,2026-09-06,administrative_record_only_not_confirmed_active,신축,2018-11-19,2019-01-14,2019-10-16,공동주택,,"주소 기반 추정 위치, 공사현장 좌표 아님"
15038929:1840,1840,건축행정기록,공장,인천광역시 계양구 서운동 서운일반산업단지 G-5,,,unresolved,address_not_parcel_or_road_notation,,0,0,,,kakao_local_api:unresolved,https://dapi.kakao.com/v2/local/search/address.json,2026-09-06,https://www.data.go.kr/data/15038929/fileData.do,2026-01-19,2026-09-06,administrative_record_only_not_confirmed_active,신축,2018-11-16,2018-12-10,2019-07-18,공장,,"주소 기반 추정 위치, 공사현장 좌표 아님"
15038929:1841,1841,건축행정기록,제1종근린생활시설,인천광역시 계양구 선주지동 50-2,37.5799710,126.7476498,geocoded_kakao_jibun,kakao_exact_jibun_address_match,인천 계양구 선주지동 50-2,1,1,0.0,,kakao_local_api:address_jibun,https://dapi.kakao.com/v2/local/search/address.json,2026-09-06,https://www.data.go.kr/data/15038929/fileData.do,2026-01-19,2026-09-06,administrative_record_only_not_confirmed_active,신축,2018-11-16,2018-12-26,2019-04-26,제1종근린생활시설,,"주소 기반 추정 위치, 공사현장 좌표 아님"
15038929:1842,1842,건축행정기록,공장,인천광역시 계양구 서운동 208-3,37.5357754,126.7523499,geocoded_kakao_jibun,kakao_exact_jibun_address_match,인천 계양구 서운동 208-3,1,1,0.0,,kakao_local_api:address_jibun,https://dapi.kakao.com/v2/local/search/address.json,2026-09-06,https://www.data.go.kr/data/15038929/fileData.do,2026-01-19,2026-09-06,administrative_record_only_not_confirmed_active,신축,2018-11-07,2019-02-22,2020-01-22,공장,,"주소 기반 추정 위치, 공사현장 좌표 아님"
15038929:1843,1843,건축행정기록,제1종근린생활시설,인천광역시 계양구 평동 19-39,37.5820529,126.7765473,geocoded_kakao_jibun,kakao_exact_jibun_address_match,인천 계양구 평동 19-39,1,1,0.0,,kakao_local_api:address_jibun,https://dapi.kakao.com/v2/local/search/address.json,2026-09-06,https://www.data.go.kr/data/15038929/fileData.do,2026-01-19,2026-09-06,administrative_record_only_not_confirmed_active,신축,2018-11-06,2018-11-15,2019-02-01,제1종근린생활시설,,"주소 기반 추정 위치, 공사현장 좌표 아님"
15038929:1844,1844,건축행정기록,업무시설,인천광역시 계양구 작전동 679-2,37.5263185,126.7403511,geocoded_kakao_jibun,kakao_exact_jibun_address_match,인천 계양구 작전동 679-2,1,1,0.0,,kakao_local_api:address_jibun,https://dapi.kakao.com/v2/local/search/address.json,2026-09-06,https://www.data.go.kr/data/15038929/fileData.do,2026-01-19,2026-09-06,administrative_record_only_not_confirmed_active,신축,2018-11-02,2018-11-27,2020-03-25,업무시설,,"주소 기반 추정 위치, 공사현장 좌표 아님"
15038929:1845,1845,건축행정기록,제1종근린생활시설,인천광역시 계양구 계산동 763-4 외4필지,37.5429295,126.7156135,geocoded_kakao_jibun,kakao_exact_jibun_address_match,인천 계양구 계산동 763-4,1,1,0.0,,kakao_local_api:address_jibun,https://dapi.kakao.com/v2/local/search/address.json,2026-09-06,https://www.data.go.kr/data/15038929/fileData.do,2026-01-19,2026-09-06,administrative_record_only_not_confirmed_active,신축,2018-11-01,2018-11-13,2019-05-28,제1종근린생활시설,,"주소 기반 추정 위치, 공사현장 좌표 아님"
15038929:1846,1846,건축행정기록,제1종근린생활시설,인천광역시 계양구 선주지동 121-2,37.5798473,126.7455643,geocoded_kakao_jibun,kakao_exact_jibun_address_match,인천 계양구 선주지동 121-2,1,1,0.0,,kakao_local_api:address_jibun,https://dapi.kakao.com/v2/local/search/address.json,2026-09-06,https://www.data.go.kr/data/15038929/fileData.do,2026-01-19,2026-09-06,administrative_record_only_not_confirmed_active,신축,2018-11-01,2018-12-12,2019-03-20,제1종근린생활시설,,"주소 기반 추정 위치, 공사현장 좌표 아님"
15038929:1847,1847,건축행정기록,업무시설,인천광역시 계양구 작전동 659-3,37.5265388,126.7372599,geocoded_kakao_jibun,kakao_exact_jibun_address_match,인천 계양구 작전동 659-3,1,1,0.0,,kakao_local_api:address_jibun,https://dapi.kakao.com/v2/local/search/address.json,2026-09-06,https://www.data.go.kr/data/15038929/fileData.do,2026-01-19,2026-09-06,administrative_record_only_not_confirmed_active,신축,2018-10-24,2018-11-30,2019-07-17,업무시설,,"주소 기반 추정 위치, 공사현장 좌표 아님"
15038929:1848,1848,건축행정기록,종교시설,인천광역시 계양구 서운동 43-2,37.5271667,126.7425235,geocoded_kakao_jibun,kakao_exact_jibun_address_match,인천 계양구 서운동 43-2,1,1,0.0,,kakao_local_api:address_jibun,https://dapi.kakao.com/v2/local/search/address.json,2026-09-06,https://www.data.go.kr/data/15038929/fileData.do,2026-01-19,2026-09-06,administrative_record_only_not_confirmed_active,증축,2018-10-23,2019-02-28,2021-01-21,종교시설,,"주소 기반 추정 위치, 공사현장 좌표 아님"
15038929:1849,1849,건축행정기록,제2종근린생활시설,인천광역시 계양구 계산동 926-7,37.5452137,126.7262729,geocoded_kakao_jibun,kakao_exact_jibun_address_match,인천 계양구 계산동 926-7,1,1,0.0,,kakao_local_api:address_jibun,https://dapi.kakao.com/v2/local/search/address.json,2026-09-06,https://www.data.go.kr/data/15038929/fileData.do,2026-01-19,2026-09-06,administrative_record_only_not_confirmed_active,신축,2018-10-16,2018-10-18,2019-04-08,제2종근린생활시설,,"주소 기반 추정 위치, 공사현장 좌표 아님"
15038929:1850,1850,건축행정기록,공장,인천광역시 계양구 서운동 서운일반산업단지 A 3,,,unresolved,address_not_parcel_or_road_notation,,0,0,,,kakao_local_api:unresolved,https://dapi.kakao.com/v2/local/search/address.json,2026-09-06,https://www.data.go.kr/data/15038929/fileData.do,2026-01-19,2026-09-06,administrative_record_only_not_confirmed_active,신축,2018-10-12,2018-10-25,2019-04-25,공장,,"주소 기반 추정 위치, 공사현장 좌표 아님"
15038929:1851,1851,건축행정기록,단독주택,인천광역시 계양구 박촌동 60-5,37.5552057,126.7449014,geocoded_kakao_jibun,kakao_exact_jibun_address_match,인천 계양구 박촌동 60-5,1,1,0.0,,kakao_local_api:address_jibun,https://dapi.kakao.com/v2/local/search/address.json,2026-09-06,https://www.data.go.kr/data/15038929/fileData.do,2026-01-19,2026-09-06,administrative_record_only_not_confirmed_active,신축,2018-10-12,2019-04-11,2019-10-22,단독주택,,"주소 기반 추정 위치, 공사현장 좌표 아님"
15038929:1852,1852,건축행정기록,공장,인천광역시 계양구 서운동 서운일반산업단지 J- 2,,,unresolved,address_not_parcel_or_road_notation,,0,0,,,kakao_local_api:unresolved,https://dapi.kakao.com/v2/local/search/address.json,2026-09-06,https://www.data.go.kr/data/15038929/fileData.do,2026-01-19,2026-09-06,administrative_record_only_not_confirmed_active,신축,2018-10-12,2018-10-18,2019-07-19,공장,,"주소 기반 추정 위치, 공사현장 좌표 아님"
15038929:1853,1853,건축행정기록,공장,인천광역시 계양구 서운동 서운일반산업단지 H- 4,,,unresolved,address_not_parcel_or_road_notation,,0,0,,,kakao_local_api:unresolved,https://dapi.kakao.com/v2/local/search/address.json,2026-09-06,https://www.data.go.kr/data/15038929/fileData.do,2026-01-19,2026-09-06,administrative_record_only_not_confirmed_active,신축,2018-10-08,2018-10-31,2019-03-22,공장,,"주소 기반 추정 위치, 공사현장 좌표 아님"
15038929:1854,1854,건축행정기록,공장,인천광역시 계양구 서운동 서운일반산업단지 F 2,,,unresolved,address_not_parcel_or_road_notation,,0,0,,,kakao_local_api:unresolved,https://dapi.kakao.com/v2/local/search/address.json,2026-09-06,https://www.data.go.kr/data/15038929/fileData.do,2026-01-19,2026-09-06,administrative_record_only_not_confirmed_active,신축,2018-10-05,2018-11-23,2019-07-18,공장,,"주소 기반 추정 위치, 공사현장 좌표 아님"
15038929:1855,1855,건축행정기록,제2종근린생활시설,인천광역시 계양구 평동 46-16 외2필지,37.5843921,126.7783135,geocoded_kakao_jibun,kakao_exact_jibun_address_match,인천 계양구 평동 46-16,1,1,0.0,,kakao_local_api:address_jibun,https://dapi.kakao.com/v2/local/search/address.json,2026-09-06,https://www.data.go.kr/data/15038929/fileData.do,2026-01-19,2026-09-06,administrative_record_only_not_confirmed_active,신축,2018-10-05,2018-10-19,2019-02-01,제2종근린생활시설,,"주소 기반 추정 위치, 공사현장 좌표 아님"
15038929:1856,1856,건축행정기록,공장,인천광역시 계양구 서운동 208,37.5371980,126.7543586,geocoded_kakao_jibun,kakao_exact_jibun_address_match,인천 계양구 서운동 208,1,1,0.0,,kakao_local_api:address_jibun,https://dapi.kakao.com/v2/local/search/address.json,2026-09-06,https://www.data.go.kr/data/15038929/fileData.do,2026-01-19,2026-09-06,administrative_record_only_not_confirmed_active,신축,2018-10-04,2018-12-24,2019-12-31,공장,,"주소 기반 추정 위치, 공사현장 좌표 아님"
15038929:1857,1857,건축행정기록,제1종근린생활시설,인천광역시 계양구 작전동 594-7 외1필지,37.5274908,126.7381151,geocoded_kakao_jibun,kakao_exact_jibun_address_match,인천 계양구 작전동 594-7,1,1,0.0,,kakao_local_api:address_jibun,https://dapi.kakao.com/v2/local/search/address.json,2026-09-06,https://www.data.go.kr/data/15038929/fileData.do,2026-01-19,2026-09-06,administrative_record_only_not_confirmed_active,용도변경,2018-10-01,,2019-01-24,제1종근린생활시설,,"주소 기반 추정 위치, 공사현장 좌표 아님"
15038929:1858,1858,건축행정기록,공동주택,인천광역시 계양구 작전동 858-11,37.5347273,126.7276391,geocoded_kakao_jibun,kakao_exact_jibun_address_match,인천 계양구 작전동 858-11,1,1,0.0,,kakao_local_api:address_jibun,https://dapi.kakao.com/v2/local/search/address.json,2026-09-06,https://www.data.go.kr/data/15038929/fileData.do,2026-01-19,2026-09-06,administrative_record_only_not_confirmed_active,신축,2018-09-21,2018-11-07,2019-09-02,공동주택,,"주소 기반 추정 위치, 공사현장 좌표 아님"
15038929:1859,1859,건축행정기록,공장,인천광역시 계양구 효성동 621-1,37.5242757,126.6940325,geocoded_kakao_jibun,kakao_exact_jibun_address_match,인천 계양구 효성동 621-1,1,1,0.0,,kakao_local_api:address_jibun,https://dapi.kakao.com/v2/local/search/address.json,2026-09-06,https://www.data.go.kr/data/15038929/fileData.do,2026-01-19,2026-09-06,administrative_record_only_not_confirmed_active,증축,2018-09-20,2018-10-24,2019-04-03,공장,,"주소 기반 추정 위치, 공사현장 좌표 아님"
15038929:1860,1860,건축행정기록,공장,인천광역시 계양구 서운동 215-5,37.5337770,126.7576801,geocoded_kakao_jibun,kakao_exact_jibun_address_match,인천 계양구 서운동 215-5,1,1,0.0,,kakao_local_api:address_jibun,https://dapi.kakao.com/v2/local/search/address.json,2026-09-06,https://www.data.go.kr/data/15038929/fileData.do,2026-01-19,2026-09-06,administrative_record_only_not_confirmed_active,신축,2018-09-20,2019-01-17,2020-02-03,공장,,"주소 기반 추정 위치, 공사현장 좌표 아님"
15038929:1861,1861,건축행정기록,공장,인천광역시 계양구 서운동 서운산업단지 I 3,,,unresolved,address_not_parcel_or_road_notation,,0,0,,,kakao_local_api:unresolved,https://dapi.kakao.com/v2/local/search/address.json,2026-09-06,https://www.data.go.kr/data/15038929/fileData.do,2026-01-19,2026-09-06,administrative_record_only_not_confirmed_active,신축,2018-09-20,2018-10-29,2019-07-01,공장,,"주소 기반 추정 위치, 공사현장 좌표 아님"
15038929:1862,1862,건축행정기록,단독주택,인천광역시 계양구 작전동 856-47,37.5347717,126.7253418,geocoded_kakao_jibun,kakao_exact_jibun_address_match,인천 계양구 작전동 856-47,1,1,0.0,,kakao_local_api:address_jibun,https://dapi.kakao.com/v2/local/search/address.json,2026-09-06,https://www.data.go.kr/data/15038929/fileData.do,2026-01-19,2026-09-06,administrative_record_only_not_confirmed_active,신축,2018-09-18,2018-10-19,2019-05-27,단독주택,,"주소 기반 추정 위치, 공사현장 좌표 아님"
15038929:1863,1863,건축행정기록,공장,인천광역시 계양구 서운동 서운일반산업단지 L 5,,,unresolved,address_not_parcel_or_road_notation,,0,0,,,kakao_local_api:unresolved,https://dapi.kakao.com/v2/local/search/address.json,2026-09-06,https://www.data.go.kr/data/15038929/fileData.do,2026-01-19,2026-09-06,administrative_record_only_not_confirmed_active,신축,2018-09-05,2018-09-18,2019-10-18,공장,,"주소 기반 추정 위치, 공사현장 좌표 아님"
15038929:1864,1864,건축행정기록,제1종근린생활시설,인천광역시 계양구 이화동 52-24,37.5836401,126.7452167,geocoded_kakao_jibun,kakao_exact_jibun_address_match,인천 계양구 이화동 52-24,1,1,0.0,,kakao_local_api:address_jibun,https://dapi.kakao.com/v2/local/search/address.json,2026-09-06,https://www.data.go.kr/data/15038929/fileData.do,2026-01-19,2026-09-06,administrative_record_only_not_confirmed_active,신축,2018-09-04,2020-05-26,2020-10-20,제1종근린생활시설,,"주소 기반 추정 위치, 공사현장 좌표 아님"
15038929:1865,1865,건축행정기록,공장,인천광역시 계양구 서운동 서운일반산업단지 산업4블록 D-5로트,,,unresolved,address_not_parcel_or_road_notation,,0,0,,,kakao_local_api:unresolved,https://dapi.kakao.com/v2/local/search/address.json,2026-09-06,https://www.data.go.kr/data/15038929/fileData.do,2026-01-19,2026-09-06,administrative_record_only_not_confirmed_active,신축,2018-08-30,2019-03-07,2019-07-23,공장,,"주소 기반 추정 위치, 공사현장 좌표 아님"
15038929:1866,1866,건축행정기록,공장,인천광역시 계양구 서운동 서운산업단지 I-2,,,unresolved,address_not_parcel_or_road_notation,,0,0,,,kakao_local_api:unresolved,https://dapi.kakao.com/v2/local/search/address.json,2026-09-06,https://www.data.go.kr/data/15038929/fileData.do,2026-01-19,2026-09-06,administrative_record_only_not_confirmed_active,신축,2018-08-29,2018-11-28,2019-06-11,공장,,"주소 기반 추정 위치, 공사현장 좌표 아님"
15038929:1867,1867,건축행정기록,제2종근린생활시설,인천광역시 계양구 이화동 122-36,37.5821037,126.7412587,geocoded_kakao_jibun,kakao_exact_jibun_address_match,인천 계양구 이화동 122-36,1,1,0.0,,kakao_local_api:address_jibun,https://dapi.kakao.com/v2/local/search/address.json,2026-09-06,https://www.data.go.kr/data/15038929/fileData.do,2026-01-19,2026-09-06,administrative_record_only_not_confirmed_active,신축,2018-08-23,2021-04-28,2022-01-12,제2종근린생활시설,,"주소 기반 추정 위치, 공사현장 좌표 아님"
15038929:1868,1868,건축행정기록,공장,인천광역시 계양구 서운동 서운일반산업단지 I 6,,,unresolved,address_not_parcel_or_road_notation,,0,0,,,kakao_local_api:unresolved,https://dapi.kakao.com/v2/local/search/address.json,2026-09-06,https://www.data.go.kr/data/15038929/fileData.do,2026-01-19,2026-09-06,administrative_record_only_not_confirmed_active,신축,2018-08-21,2018-09-21,2019-09-19,공장,,"주소 기반 추정 위치, 공사현장 좌표 아님"
15038929:1869,1869,건축행정기록,단독주택,인천광역시 계양구 장기동 150,37.5780153,126.7365940,geocoded_kakao_jibun,kakao_exact_jibun_address_match,인천 계양구 장기동 150,1,1,0.0,,kakao_local_api:address_jibun,https://dapi.kakao.com/v2/local/search/address.json,2026-09-06,https://www.data.go.kr/data/15038929/fileData.do,2026-01-19,2026-09-06,administrative_record_only_not_confirmed_active,신축,2018-08-20,2018-10-11,2019-04-03,단독주택,,"주소 기반 추정 위치, 공사현장 좌표 아님"
15038929:1870,1870,건축행정기록,공장,인천광역시 계양구 서운동 서운일반산업단지 H-3,,,unresolved,address_not_parcel_or_road_notation,,0,0,,,kakao_local_api:unresolved,https://dapi.kakao.com/v2/local/search/address.json,2026-09-06,https://www.data.go.kr/data/15038929/fileData.do,2026-01-19,2026-09-06,administrative_record_only_not_confirmed_active,신축,2018-08-17,2018-08-28,2019-04-18,공장,,"주소 기반 추정 위치, 공사현장 좌표 아님"
15038929:1871,1871,건축행정기록,단독주택,인천광역시 계양구 장기동 149-2 외1필지,37.5776277,126.7358745,geocoded_kakao_jibun,kakao_exact_jibun_address_match,인천 계양구 장기동 149-2,1,1,0.0,,kakao_local_api:address_jibun,https://dapi.kakao.com/v2/local/search/address.json,2026-09-06,https://www.data.go.kr/data/15038929/fileData.do,2026-01-19,2026-09-06,administrative_record_only_not_confirmed_active,신축,2018-08-10,2018-09-05,2019-04-18,단독주택,,"주소 기반 추정 위치, 공사현장 좌표 아님"
15038929:1872,1872,건축행정기록,제1종근린생활시설,인천광역시 계양구 선주지동 113-1,37.5797240,126.7464476,geocoded_kakao_jibun,kakao_exact_jibun_address_match,인천 계양구 선주지동 113-1,1,1,0.0,,kakao_local_api:address_jibun,https://dapi.kakao.com/v2/local/search/address.json,2026-09-06,https://www.data.go.kr/data/15038929/fileData.do,2026-01-19,2026-09-06,administrative_record_only_not_confirmed_active,신축,2018-08-07,2018-09-07,2019-02-20,제1종근린생활시설,,"주소 기반 추정 위치, 공사현장 좌표 아님"
15038929:1873,1873,건축행정기록,제1종근린생활시설,인천광역시 계양구 선주지동 113-8,37.5795451,126.7464288,geocoded_kakao_jibun,kakao_exact_jibun_address_match,인천 계양구 선주지동 113-8,1,1,0.0,,kakao_local_api:address_jibun,https://dapi.kakao.com/v2/local/search/address.json,2026-09-06,https://www.data.go.kr/data/15038929/fileData.do,2026-01-19,2026-09-06,administrative_record_only_not_confirmed_active,신축,2018-08-07,2018-09-07,2019-02-01,제1종근린생활시설,,"주소 기반 추정 위치, 공사현장 좌표 아님"
15038929:1874,1874,건축행정기록,제2종근린생활시설,인천광역시 계양구 서운동 55-485 외2필지,37.5245665,126.7454621,geocoded_kakao_jibun,kakao_exact_jibun_address_match,인천 계양구 서운동 55-485,1,1,0.0,,kakao_local_api:address_jibun,https://dapi.kakao.com/v2/local/search/address.json,2026-09-06,https://www.data.go.kr/data/15038929/fileData.do,2026-01-19,2026-09-06,administrative_record_only_not_confirmed_active,신축,2018-08-07,2018-11-16,2019-01-29,제2종근린생활시설,,"주소 기반 추정 위치, 공사현장 좌표 아님"
15038929:1875,1875,건축행정기록,공장,인천광역시 계양구 서운동 서운일반산업단지 산업4블록 D-4,,,unresolved,address_not_parcel_or_road_notation,,0,0,,,kakao_local_api:unresolved,https://dapi.kakao.com/v2/local/search/address.json,2026-09-06,https://www.data.go.kr/data/15038929/fileData.do,2026-01-19,2026-09-06,administrative_record_only_not_confirmed_active,신축,2018-08-03,2018-10-01,2019-04-03,공장,,"주소 기반 추정 위치, 공사현장 좌표 아님"
15038929:1876,1876,건축행정기록,공장,인천광역시 계양구 서운동 서운일반산업단지 G 6,,,unresolved,address_not_parcel_or_road_notation,,0,0,,,kakao_local_api:unresolved,https://dapi.kakao.com/v2/local/search/address.json,2026-09-06,https://www.data.go.kr/data/15038929/fileData.do,2026-01-19,2026-09-06,administrative_record_only_not_confirmed_active,신축,2018-07-31,2018-08-16,2019-06-20,공장,,"주소 기반 추정 위치, 공사현장 좌표 아님"
15038929:1877,1877,건축행정기록,공동주택,인천광역시 계양구 작전동 856-129,37.5358819,126.7255570,geocoded_kakao_jibun,kakao_exact_jibun_address_match,인천 계양구 작전동 856-129,1,1,0.0,,kakao_local_api:address_jibun,https://dapi.kakao.com/v2/local/search/address.json,2026-09-06,https://www.data.go.kr/data/15038929/fileData.do,2026-01-19,2026-09-06,administrative_record_only_not_confirmed_active,신축,2018-07-31,2018-08-28,2019-02-26,공동주택,,"주소 기반 추정 위치, 공사현장 좌표 아님"
15038929:1878,1878,건축행정기록,공장,인천광역시 계양구 서운동 일반산업단지 D-6,,,unresolved,address_not_parcel_or_road_notation,,0,0,,,kakao_local_api:unresolved,https://dapi.kakao.com/v2/local/search/address.json,2026-09-06,https://www.data.go.kr/data/15038929/fileData.do,2026-01-19,2026-09-06,administrative_record_only_not_confirmed_active,신축,2018-07-30,2018-09-13,2019-03-18,공장,,"주소 기반 추정 위치, 공사현장 좌표 아님"
15038929:1879,1879,건축행정기록,제2종근린생활시설,인천광역시 계양구 서운동 148-101,37.5285693,126.7550982,geocoded_kakao_jibun,kakao_exact_jibun_address_match,인천 계양구 서운동 148-101,1,1,0.0,,kakao_local_api:address_jibun,https://dapi.kakao.com/v2/local/search/address.json,2026-09-06,https://www.data.go.kr/data/15038929/fileData.do,2026-01-19,2026-09-06,administrative_record_only_not_confirmed_active,신축,2018-07-27,2019-01-04,2020-04-06,제2종근린생활시설,,"주소 기반 추정 위치, 공사현장 좌표 아님"
15038929:1880,1880,건축행정기록,제1종근린생활시설,인천광역시 계양구 서운동 148-102,37.5282612,126.7551545,geocoded_kakao_jibun,kakao_exact_jibun_address_match,인천 계양구 서운동 148-102,1,1,0.0,,kakao_local_api:address_jibun,https://dapi.kakao.com/v2/local/search/address.json,2026-09-06,https://www.data.go.kr/data/15038929/fileData.do,2026-01-19,2026-09-06,administrative_record_only_not_confirmed_active,신축,2018-07-27,2019-01-04,2020-04-06,제1종근린생활시설,,"주소 기반 추정 위치, 공사현장 좌표 아님"
15038929:1881,1881,건축행정기록,공동주택,인천광역시 계양구 동양동 624,37.5604865,126.7571403,geocoded_kakao_jibun,kakao_exact_jibun_address_match,인천 계양구 동양동 624,1,1,0.0,,kakao_local_api:address_jibun,https://dapi.kakao.com/v2/local/search/address.json,2026-09-06,https://www.data.go.kr/data/15038929/fileData.do,2026-01-19,2026-09-06,administrative_record_only_not_confirmed_active,신축,2018-07-26,2018-08-08,2019-03-20,공동주택,,"주소 기반 추정 위치, 공사현장 좌표 아님"
15038929:1882,1882,건축행정기록,제1종근린생활시설,인천광역시 계양구 선주지동 114-6,37.5792178,126.7459527,geocoded_kakao_jibun,kakao_exact_jibun_address_match,인천 계양구 선주지동 114-6,1,1,0.0,,kakao_local_api:address_jibun,https://dapi.kakao.com/v2/local/search/address.json,2026-09-06,https://www.data.go.kr/data/15038929/fileData.do,2026-01-19,2026-09-06,administrative_record_only_not_confirmed_active,신축,2018-07-25,2018-08-23,2019-03-15,제1종근린생활시설,,"주소 기반 추정 위치, 공사현장 좌표 아님"
15038929:1883,1883,건축행정기록,공장,인천광역시 계양구 서운동 서운산업단지 B -3,,,unresolved,address_not_parcel_or_road_notation,,0,0,,,kakao_local_api:unresolved,https://dapi.kakao.com/v2/local/search/address.json,2026-09-06,https://www.data.go.kr/data/15038929/fileData.do,2026-01-19,2026-09-06,administrative_record_only_not_confirmed_active,신축,2018-07-24,2018-07-27,2019-04-01,공장,,"주소 기반 추정 위치, 공사현장 좌표 아님"
15038929:1884,1884,건축행정기록,공장,인천광역시 계양구 서운동 서운일반산업단지 I 5,,,unresolved,address_not_parcel_or_road_notation,,0,0,,,kakao_local_api:unresolved,https://dapi.kakao.com/v2/local/search/address.json,2026-09-06,https://www.data.go.kr/data/15038929/fileData.do,2026-01-19,2026-09-06,administrative_record_only_not_confirmed_active,신축,2018-07-24,2018-08-03,2019-01-08,공장,,"주소 기반 추정 위치, 공사현장 좌표 아님"
15038929:1885,1885,건축행정기록,제2종근린생활시설,인천광역시 계양구 선주지동 114-7,37.5790126,126.7467403,geocoded_kakao_jibun,kakao_exact_jibun_address_match,인천 계양구 선주지동 114-7,1,1,0.0,,kakao_local_api:address_jibun,https://dapi.kakao.com/v2/local/search/address.json,2026-09-06,https://www.data.go.kr/data/15038929/fileData.do,2026-01-19,2026-09-06,administrative_record_only_not_confirmed_active,신축,2018-07-24,2018-08-08,2019-02-01,제2종근린생활시설,,"주소 기반 추정 위치, 공사현장 좌표 아님"
15038929:1886,1886,건축행정기록,제2종근린생활시설,인천광역시 계양구 선주지동 114-8,37.5788367,126.7467204,geocoded_kakao_jibun,kakao_exact_jibun_address_match,인천 계양구 선주지동 114-8,1,1,0.0,,kakao_local_api:address_jibun,https://dapi.kakao.com/v2/local/search/address.json,2026-09-06,https://www.data.go.kr/data/15038929/fileData.do,2026-01-19,2026-09-06,administrative_record_only_not_confirmed_active,신축,2018-07-24,2018-08-08,2019-02-01,제2종근린생활시설,,"주소 기반 추정 위치, 공사현장 좌표 아님"
15038929:1887,1887,건축행정기록,제1종근린생활시설,인천광역시 계양구 선주지동 198-1 외1필지,37.5785369,126.7462696,geocoded_kakao_jibun,kakao_exact_jibun_address_match,인천 계양구 선주지동 198-1,1,1,0.0,,kakao_local_api:address_jibun,https://dapi.kakao.com/v2/local/search/address.json,2026-09-06,https://www.data.go.kr/data/15038929/fileData.do,2026-01-19,2026-09-06,administrative_record_only_not_confirmed_active,신축,2018-07-24,2018-10-30,2019-04-19,제1종근린생활시설,,"주소 기반 추정 위치, 공사현장 좌표 아님"
15038929:1888,1888,건축행정기록,제2종근린생활시설,인천광역시 계양구 선주지동 116-8,37.5789295,126.7455623,geocoded_kakao_jibun,kakao_exact_jibun_address_match,인천 계양구 선주지동 116-8,1,1,0.0,,kakao_local_api:address_jibun,https://dapi.kakao.com/v2/local/search/address.json,2026-09-06,https://www.data.go.kr/data/15038929/fileData.do,2026-01-19,2026-09-06,administrative_record_only_not_confirmed_active,신축,2018-07-20,2018-08-27,2019-04-18,제2종근린생활시설,,"주소 기반 추정 위치, 공사현장 좌표 아님"
15038929:1889,1889,건축행정기록,제2종근린생활시설,인천광역시 계양구 선주지동 116-7,37.5792031,126.7456078,geocoded_kakao_jibun,kakao_exact_jibun_address_match,인천 계양구 선주지동 116-7,1,1,0.0,,kakao_local_api:address_jibun,https://dapi.kakao.com/v2/local/search/address.json,2026-09-06,https://www.data.go.kr/data/15038929/fileData.do,2026-01-19,2026-09-06,administrative_record_only_not_confirmed_active,신축,2018-07-20,2018-08-22,2019-04-18,제2종근린생활시설,,"주소 기반 추정 위치, 공사현장 좌표 아님"
15038929:1890,1890,건축행정기록,공장,인천광역시 계양구 서운동 서운일반산업단지 A-6,,,unresolved,address_not_parcel_or_road_notation,,0,0,,,kakao_local_api:unresolved,https://dapi.kakao.com/v2/local/search/address.json,2026-09-06,https://www.data.go.kr/data/15038929/fileData.do,2026-01-19,2026-09-06,administrative_record_only_not_confirmed_active,신축,2018-07-20,2018-08-03,2019-03-07,공장,,"주소 기반 추정 위치, 공사현장 좌표 아님"
15038929:1891,1891,건축행정기록,공장,인천광역시 계양구 서운동 서운일반산업단지 A5,,,unresolved,address_not_parcel_or_road_notation,,0,0,,,kakao_local_api:unresolved,https://dapi.kakao.com/v2/local/search/address.json,2026-09-06,https://www.data.go.kr/data/15038929/fileData.do,2026-01-19,2026-09-06,administrative_record_only_not_confirmed_active,신축,2018-07-20,2018-08-06,2019-03-18,공장,,"주소 기반 추정 위치, 공사현장 좌표 아님"
15038929:1892,1892,건축행정기록,공장,인천광역시 계양구 서운동 서운산업단지 c-2,,,unresolved,address_not_parcel_or_road_notation,,0,0,,,kakao_local_api:unresolved,https://dapi.kakao.com/v2/local/search/address.json,2026-09-06,https://www.data.go.kr/data/15038929/fileData.do,2026-01-19,2026-09-06,administrative_record_only_not_confirmed_active,신축,2018-07-20,2018-08-23,2019-10-08,공장,,"주소 기반 추정 위치, 공사현장 좌표 아님"
15038929:1893,1893,건축행정기록,공장,인천광역시 계양구 서운동 서운산업단지 L-4,,,unresolved,address_not_parcel_or_road_notation,,0,0,,,kakao_local_api:unresolved,https://dapi.kakao.com/v2/local/search/address.json,2026-09-06,https://www.data.go.kr/data/15038929/fileData.do,2026-01-19,2026-09-06,administrative_record_only_not_confirmed_active,신축,2018-07-20,2018-08-28,2019-09-30,공장,,"주소 기반 추정 위치, 공사현장 좌표 아님"
15038929:1894,1894,건축행정기록,공장,인천광역시 계양구 서운동 208-1,37.5371186,126.7520245,geocoded_kakao_jibun,kakao_exact_jibun_address_match,인천 계양구 서운동 208-1,1,1,0.0,,kakao_local_api:address_jibun,https://dapi.kakao.com/v2/local/search/address.json,2026-09-06,https://www.data.go.kr/data/15038929/fileData.do,2026-01-19,2026-09-06,administrative_record_only_not_confirmed_active,신축,2018-07-18,2018-08-09,2020-09-16,공장,,"주소 기반 추정 위치, 공사현장 좌표 아님"
15038929:1895,1895,건축행정기록,단독주택,인천광역시 계양구 계산동 984-5,37.5395453,126.7186374,geocoded_kakao_jibun,kakao_exact_jibun_address_match,인천 계양구 계산동 984-5,1,1,0.0,,kakao_local_api:address_jibun,https://dapi.kakao.com/v2/local/search/address.json,2026-09-06,https://www.data.go.kr/data/15038929/fileData.do,2026-01-19,2026-09-06,administrative_record_only_not_confirmed_active,신축,2018-07-17,2018-07-24,2019-02-01,단독주택,,"주소 기반 추정 위치, 공사현장 좌표 아님"
15038929:1896,1896,건축행정기록,공동주택,인천광역시 계양구 장기동 146-1,37.5785929,126.7372642,geocoded_kakao_jibun,kakao_exact_jibun_address_match,인천 계양구 장기동 146-1,1,1,0.0,,kakao_local_api:address_jibun,https://dapi.kakao.com/v2/local/search/address.json,2026-09-06,https://www.data.go.kr/data/15038929/fileData.do,2026-01-19,2026-09-06,administrative_record_only_not_confirmed_active,신축,2018-07-17,2018-07-31,2019-01-10,공동주택,,"주소 기반 추정 위치, 공사현장 좌표 아님"
15038929:1897,1897,건축행정기록,단독주택,인천광역시 계양구 계산동 897,37.5468719,126.7201551,geocoded_kakao_jibun,kakao_exact_jibun_address_match,인천 계양구 계산동 897,1,1,0.0,,kakao_local_api:address_jibun,https://dapi.kakao.com/v2/local/search/address.json,2026-09-06,https://www.data.go.kr/data/15038929/fileData.do,2026-01-19,2026-09-06,administrative_record_only_not_confirmed_active,신축,2018-07-08,2018-07-20,2019-02-22,단독주택,,"주소 기반 추정 위치, 공사현장 좌표 아님"
15038929:1898,1898,건축행정기록,제2종근린생활시설,인천광역시 계양구 평동 19-5 외1필지,37.5821645,126.7767096,geocoded_kakao_jibun,kakao_exact_jibun_address_match,인천 계양구 평동 19-5,1,1,0.0,,kakao_local_api:address_jibun,https://dapi.kakao.com/v2/local/search/address.json,2026-09-06,https://www.data.go.kr/data/15038929/fileData.do,2026-01-19,2026-09-06,administrative_record_only_not_confirmed_active,증축,2018-06-28,2018-08-31,2019-01-11,제2종근린생활시설,,"주소 기반 추정 위치, 공사현장 좌표 아님"
15038929:1899,1899,건축행정기록,단독주택,인천광역시 계양구 계산동 897-66,37.5455837,126.7203665,geocoded_kakao_jibun,kakao_exact_jibun_address_match,인천 계양구 계산동 897-66,1,1,0.0,,kakao_local_api:address_jibun,https://dapi.kakao.com/v2/local/search/address.json,2026-09-06,https://www.data.go.kr/data/15038929/fileData.do,2026-01-19,2026-09-06,administrative_record_only_not_confirmed_active,신축,2018-06-26,2018-09-17,2019-02-22,단독주택,,"주소 기반 추정 위치, 공사현장 좌표 아님"
15038929:1900,1900,건축행정기록,단독주택,인천광역시 계양구 계산동 983-17,37.5391294,126.7194328,geocoded_kakao_jibun,kakao_exact_jibun_address_match,인천 계양구 계산동 983-17,1,1,0.0,,kakao_local_api:address_jibun,https://dapi.kakao.com/v2/local/search/address.json,2026-09-06,https://www.data.go.kr/data/15038929/fileData.do,2026-01-19,2026-09-06,administrative_record_only_not_confirmed_active,신축,2018-06-22,2018-07-10,2019-01-07,단독주택,,"주소 기반 추정 위치, 공사현장 좌표 아님"
15038929:1901,1901,건축행정기록,제2종근린생활시설,인천광역시 계양구 계산동 897-72,37.5456983,126.7209402,geocoded_kakao_jibun,kakao_exact_jibun_address_match,인천 계양구 계산동 897-72,1,1,0.0,,kakao_local_api:address_jibun,https://dapi.kakao.com/v2/local/search/address.json,2026-09-06,https://www.data.go.kr/data/15038929/fileData.do,2026-01-19,2026-09-06,administrative_record_only_not_confirmed_active,신축,2018-06-22,2018-07-23,2019-02-28,제2종근린생활시설,,"주소 기반 추정 위치, 공사현장 좌표 아님"
15038929:1902,1902,건축행정기록,제1종근린생활시설,인천광역시 계양구 계산동 920-14,37.5439833,126.7281757,geocoded_kakao_jibun,kakao_exact_jibun_address_match,인천 계양구 계산동 920-14,1,1,0.0,,kakao_local_api:address_jibun,https://dapi.kakao.com/v2/local/search/address.json,2026-09-06,https://www.data.go.kr/data/15038929/fileData.do,2026-01-19,2026-09-06,administrative_record_only_not_confirmed_active,신축,2018-06-16,2018-07-26,2019-02-15,제1종근린생활시설,,"주소 기반 추정 위치, 공사현장 좌표 아님"
15038929:1903,1903,건축행정기록,제1종근린생활시설,인천광역시 계양구 선주지동 79-2,37.5796692,126.7487223,geocoded_kakao_jibun,kakao_exact_jibun_address_match,인천 계양구 선주지동 79-2,1,1,0.0,,kakao_local_api:address_jibun,https://dapi.kakao.com/v2/local/search/address.json,2026-09-06,https://www.data.go.kr/data/15038929/fileData.do,2026-01-19,2026-09-06,administrative_record_only_not_confirmed_active,신축,2018-06-14,2018-09-07,2019-06-11,제1종근린생활시설,,"주소 기반 추정 위치, 공사현장 좌표 아님"
15038929:1904,1904,건축행정기록,단독주택,인천광역시 계양구 계산동 926-14,37.5450472,126.7259805,geocoded_kakao_jibun,kakao_exact_jibun_address_match,인천 계양구 계산동 926-14,1,1,0.0,,kakao_local_api:address_jibun,https://dapi.kakao.com/v2/local/search/address.json,2026-09-06,https://www.data.go.kr/data/15038929/fileData.do,2026-01-19,2026-09-06,administrative_record_only_not_confirmed_active,신축,2018-06-12,2018-06-18,2019-04-05,단독주택,,"주소 기반 추정 위치, 공사현장 좌표 아님"
15038929:1905,1905,건축행정기록,제1종근린생활시설,인천광역시 계양구 장기동 148,37.5781930,126.7352281,geocoded_kakao_jibun,kakao_exact_jibun_address_match,인천 계양구 장기동 148,1,1,0.0,,kakao_local_api:address_jibun,https://dapi.kakao.com/v2/local/search/address.json,2026-09-06,https://www.data.go.kr/data/15038929/fileData.do,2026-01-19,2026-09-06,administrative_record_only_not_confirmed_active,신축,2018-05-31,2018-06-20,2019-01-14,제1종근린생활시설,,"주소 기반 추정 위치, 공사현장 좌표 아님"
15038929:1906,1906,건축행정기록,제1종근린생활시설,인천광역시 계양구 갈현동 104,37.5782720,126.7209974,geocoded_kakao_jibun,kakao_exact_jibun_address_match,인천 계양구 갈현동 104,1,1,0.0,,kakao_local_api:address_jibun,https://dapi.kakao.com/v2/local/search/address.json,2026-09-06,https://www.data.go.kr/data/15038929/fileData.do,2026-01-19,2026-09-06,administrative_record_only_not_confirmed_active,증축,2018-05-25,2018-06-14,2019-02-01,제1종근린생활시설,,"주소 기반 추정 위치, 공사현장 좌표 아님"
15038929:1907,1907,건축행정기록,단독주택,인천광역시 계양구 계산동 903-4,37.5475587,126.7262367,geocoded_kakao_jibun,kakao_exact_jibun_address_match,인천 계양구 계산동 903-4,1,1,0.0,,kakao_local_api:address_jibun,https://dapi.kakao.com/v2/local/search/address.json,2026-09-06,https://www.data.go.kr/data/15038929/fileData.do,2026-01-19,2026-09-06,administrative_record_only_not_confirmed_active,신축,2018-05-17,2018-05-30,2019-01-04,단독주택,,"주소 기반 추정 위치, 공사현장 좌표 아님"
15038929:1908,1908,건축행정기록,단독주택,인천광역시 계양구 다남동 64-9 외1필지,37.5698928,126.7234651,geocoded_kakao_jibun,kakao_exact_jibun_address_match,인천 계양구 다남동 64-9,1,1,0.0,,kakao_local_api:address_jibun,https://dapi.kakao.com/v2/local/search/address.json,2026-09-06,https://www.data.go.kr/data/15038929/fileData.do,2026-01-19,2026-09-06,administrative_record_only_not_confirmed_active,신축,2018-05-15,2018-06-12,2019-04-19,단독주택,,"주소 기반 추정 위치, 공사현장 좌표 아님"
15038929:1909,1909,건축행정기록,제2종근린생활시설,인천광역시 계양구 이화동 276,37.5903632,126.7363173,geocoded_kakao_jibun,kakao_exact_jibun_address_match,인천 계양구 이화동 276,1,1,0.0,,kakao_local_api:address_jibun,https://dapi.kakao.com/v2/local/search/address.json,2026-09-06,https://www.data.go.kr/data/15038929/fileData.do,2026-01-19,2026-09-06,administrative_record_only_not_confirmed_active,증축,2018-05-11,2018-06-14,2019-02-01,제2종근린생활시설,,"주소 기반 추정 위치, 공사현장 좌표 아님"
15038929:1910,1910,건축행정기록,업무시설,인천광역시 계양구 작전동 679-10 외2필지,37.5261619,126.7387510,geocoded_kakao_jibun,kakao_exact_jibun_address_match,인천 계양구 작전동 679-10,1,1,0.0,,kakao_local_api:address_jibun,https://dapi.kakao.com/v2/local/search/address.json,2026-09-06,https://www.data.go.kr/data/15038929/fileData.do,2026-01-19,2026-09-06,administrative_record_only_not_confirmed_active,신축,2018-04-20,2018-06-15,2019-09-04,업무시설,,"주소 기반 추정 위치, 공사현장 좌표 아님"
15038929:1911,1911,건축행정기록,공동주택,인천광역시 계양구 효성동 273-47,37.5258558,126.7127437,geocoded_kakao_jibun,kakao_exact_jibun_address_match,인천 계양구 효성동 273-47,1,1,0.0,,kakao_local_api:address_jibun,https://dapi.kakao.com/v2/local/search/address.json,2026-09-06,https://www.data.go.kr/data/15038929/fileData.do,2026-01-19,2026-09-06,administrative_record_only_not_confirmed_active,신축,2018-04-19,2018-09-05,2019-04-05,공동주택,,"주소 기반 추정 위치, 공사현장 좌표 아님"
15038929:1912,1912,건축행정기록,노유자시설,인천광역시 계양구 효성동 85 외2필지,37.5325320,126.7085491,geocoded_kakao_jibun,kakao_exact_jibun_address_match,인천 계양구 효성동 85,1,1,0.0,,kakao_local_api:address_jibun,https://dapi.kakao.com/v2/local/search/address.json,2026-09-06,https://www.data.go.kr/data/15038929/fileData.do,2026-01-19,2026-09-06,administrative_record_only_not_confirmed_active,신축,2018-04-06,2018-05-30,2019-11-04,노유자시설,,"주소 기반 추정 위치, 공사현장 좌표 아님"
15038929:1913,1913,건축행정기록,공동주택,인천광역시 계양구 박촌동 149-7,37.5568390,126.7478748,geocoded_kakao_jibun,kakao_exact_jibun_address_match,인천 계양구 박촌동 149-7,1,1,0.0,,kakao_local_api:address_jibun,https://dapi.kakao.com/v2/local/search/address.json,2026-09-06,https://www.data.go.kr/data/15038929/fileData.do,2026-01-19,2026-09-06,administrative_record_only_not_confirmed_active,신축,2018-03-28,2019-04-29,2020-04-23,공동주택,,"주소 기반 추정 위치, 공사현장 좌표 아님"
15038929:1914,1914,건축행정기록,의료시설,인천광역시 계양구 계산동 산 52-27 외3필지,37.5433770,126.7124492,geocoded_kakao_jibun,kakao_exact_jibun_address_match,인천 계양구 계산동 산 52-27,1,1,0.0,,kakao_local_api:address_jibun,https://dapi.kakao.com/v2/local/search/address.json,2026-09-06,https://www.data.go.kr/data/15038929/fileData.do,2026-01-19,2026-09-06,administrative_record_only_not_confirmed_active,신축,2018-02-26,2018-05-11,2023-01-27,의료시설,,"주소 기반 추정 위치, 공사현장 좌표 아님"
15038929:1915,1915,건축행정기록,제2종근린생활시설,인천광역시 계양구 동양동 610-5,37.5610815,126.7547055,geocoded_kakao_jibun,kakao_exact_jibun_address_match,인천 계양구 동양동 610-5,1,1,0.0,,kakao_local_api:address_jibun,https://dapi.kakao.com/v2/local/search/address.json,2026-09-06,https://www.data.go.kr/data/15038929/fileData.do,2026-01-19,2026-09-06,administrative_record_only_not_confirmed_active,신축,2018-02-19,2018-10-10,2019-04-09,제2종근린생활시설,,"주소 기반 추정 위치, 공사현장 좌표 아님"
15038929:1916,1916,건축행정기록,공동주택,인천광역시 계양구 계산동 320-9 외1필지,37.5379979,126.7285036,geocoded_kakao_jibun,kakao_exact_jibun_address_match,인천 계양구 계산동 320-9,1,1,0.0,,kakao_local_api:address_jibun,https://dapi.kakao.com/v2/local/search/address.json,2026-09-06,https://www.data.go.kr/data/15038929/fileData.do,2026-01-19,2026-09-06,administrative_record_only_not_confirmed_active,신축,2018-02-14,2018-03-29,2020-01-23,공동주택,,"주소 기반 추정 위치, 공사현장 좌표 아님"
15038929:1917,1917,건축행정기록,제2종근린생활시설,인천광역시 계양구 이화동 274-8 외1필지,37.5901449,126.7360945,geocoded_kakao_jibun,kakao_exact_jibun_address_match,인천 계양구 이화동 274-8,1,1,0.0,,kakao_local_api:address_jibun,https://dapi.kakao.com/v2/local/search/address.json,2026-09-06,https://www.data.go.kr/data/15038929/fileData.do,2026-01-19,2026-09-06,administrative_record_only_not_confirmed_active,신축,2018-02-01,2018-07-03,2019-06-28,제2종근린생활시설,,"주소 기반 추정 위치, 공사현장 좌표 아님"
15038929:1918,1918,건축행정기록,업무시설,인천광역시 계양구 작전동 634-9,37.5268102,126.7378403,geocoded_kakao_jibun,kakao_exact_jibun_address_match,인천 계양구 작전동 634-9,1,1,0.0,,kakao_local_api:address_jibun,https://dapi.kakao.com/v2/local/search/address.json,2026-09-06,https://www.data.go.kr/data/15038929/fileData.do,2026-01-19,2026-09-06,administrative_record_only_not_confirmed_active,신축,2018-01-29,2018-05-01,2019-08-01,업무시설,,"주소 기반 추정 위치, 공사현장 좌표 아님"
15038929:1919,1919,건축행정기록,업무시설,인천광역시 계양구 작전동 682-3,37.5253466,126.7364700,geocoded_kakao_jibun,kakao_exact_jibun_address_match,인천 계양구 작전동 682-3,1,1,0.0,,kakao_local_api:address_jibun,https://dapi.kakao.com/v2/local/search/address.json,2026-09-06,https://www.data.go.kr/data/15038929/fileData.do,2026-01-19,2026-09-06,administrative_record_only_not_confirmed_active,신축,2018-01-24,2018-02-06,2019-01-25,업무시설,,"주소 기반 추정 위치, 공사현장 좌표 아님"
15038929:1920,1920,건축행정기록,공동주택,인천광역시 계양구 병방동 106-1,37.5483487,126.7431265,geocoded_kakao_jibun,kakao_exact_jibun_address_match,인천 계양구 병방동 106-1,1,1,0.0,,kakao_local_api:address_jibun,https://dapi.kakao.com/v2/local/search/address.json,2026-09-06,https://www.data.go.kr/data/15038929/fileData.do,2026-01-19,2026-09-06,administrative_record_only_not_confirmed_active,신축,2018-01-22,2018-12-20,2019-06-17,공동주택,,"주소 기반 추정 위치, 공사현장 좌표 아님"
15038929:1921,1921,건축행정기록,공동주택,인천광역시 계양구 작전동 863-46,37.5318331,126.7238192,geocoded_kakao_jibun,kakao_exact_jibun_address_match,인천 계양구 작전동 863-46,1,1,0.0,,kakao_local_api:address_jibun,https://dapi.kakao.com/v2/local/search/address.json,2026-09-06,https://www.data.go.kr/data/15038929/fileData.do,2026-01-19,2026-09-06,administrative_record_only_not_confirmed_active,신축,2018-01-15,2020-03-25,2020-11-12,공동주택,,"주소 기반 추정 위치, 공사현장 좌표 아님"
15038929:1922,1922,건축행정기록,업무시설,인천광역시 계양구 작전동 476-30,37.5248314,126.7195617,geocoded_kakao_jibun,kakao_exact_jibun_address_match,인천 계양구 작전동 476-30,1,1,0.0,,kakao_local_api:address_jibun,https://dapi.kakao.com/v2/local/search/address.json,2026-09-06,https://www.data.go.kr/data/15038929/fileData.do,2026-01-19,2026-09-06,administrative_record_only_not_confirmed_active,신축,2018-01-15,2018-02-01,2019-02-18,업무시설,,"주소 기반 추정 위치, 공사현장 좌표 아님"
15038929:1923,1923,건축행정기록,업무시설,인천광역시 계양구 작전동 161-2,37.5258007,126.7336192,geocoded_kakao_jibun,kakao_exact_jibun_address_match,인천 계양구 작전동 161-2,1,1,0.0,,kakao_local_api:address_jibun,https://dapi.kakao.com/v2/local/search/address.json,2026-09-06,https://www.data.go.kr/data/15038929/fileData.do,2026-01-19,2026-09-06,administrative_record_only_not_confirmed_active,신축,2018-01-11,2018-02-01,2019-09-16,업무시설,,"주소 기반 추정 위치, 공사현장 좌표 아님"
15038929:1924,1924,건축행정기록,제2종근린생활시설,인천광역시 계양구 서운동 148-84,37.5282181,126.7581994,geocoded_kakao_jibun,kakao_exact_jibun_address_match,인천 계양구 서운동 148-84,1,1,0.0,,kakao_local_api:address_jibun,https://dapi.kakao.com/v2/local/search/address.json,2026-09-06,https://www.data.go.kr/data/15038929/fileData.do,2026-01-19,2026-09-06,administrative_record_only_not_confirmed_active,증축,2017-12-05,2018-07-26,2019-01-31,제2종근린생활시설,,"주소 기반 추정 위치, 공사현장 좌표 아님"
15038929:1925,1925,건축행정기록,업무시설,인천광역시 계양구 계산동 480-7 외3필지,37.5377829,126.7291403,geocoded_kakao_jibun,kakao_exact_jibun_address_match,인천 계양구 계산동 480-7,1,1,0.0,,kakao_local_api:address_jibun,https://dapi.kakao.com/v2/local/search/address.json,2026-09-06,https://www.data.go.kr/data/15038929/fileData.do,2026-01-19,2026-09-06,administrative_record_only_not_confirmed_active,신축,2017-10-18,2018-03-06,2019-02-18,업무시설,,"주소 기반 추정 위치, 공사현장 좌표 아님"
15038929:1926,1926,건축행정기록,업무시설,인천광역시 계양구 계산동 958-5,37.5405052,126.7241556,geocoded_kakao_jibun,kakao_exact_jibun_address_match,인천 계양구 계산동 958-5,1,1,0.0,,kakao_local_api:address_jibun,https://dapi.kakao.com/v2/local/search/address.json,2026-09-06,https://www.data.go.kr/data/15038929/fileData.do,2026-01-19,2026-09-06,administrative_record_only_not_confirmed_active,신축,2017-10-16,2019-02-07,2020-03-23,업무시설,,"주소 기반 추정 위치, 공사현장 좌표 아님"
15038929:1927,1927,건축행정기록,제2종근린생활시설,인천광역시 계양구 박촌동 40,37.5577586,126.7418033,geocoded_kakao_jibun,kakao_exact_jibun_address_match,인천 계양구 박촌동 40,1,1,0.0,,kakao_local_api:address_jibun,https://dapi.kakao.com/v2/local/search/address.json,2026-09-06,https://www.data.go.kr/data/15038929/fileData.do,2026-01-19,2026-09-06,administrative_record_only_not_confirmed_active,신축,2017-08-28,2017-09-26,2019-07-02,제2종근린생활시설,,"주소 기반 추정 위치, 공사현장 좌표 아님"
15038929:1928,1928,건축행정기록,공동주택,인천광역시 계양구 작전동 853-7 외1필지,37.5343301,126.7222014,geocoded_kakao_jibun,kakao_exact_jibun_address_match,인천 계양구 작전동 853-7,1,1,0.0,,kakao_local_api:address_jibun,https://dapi.kakao.com/v2/local/search/address.json,2026-09-06,https://www.data.go.kr/data/15038929/fileData.do,2026-01-19,2026-09-06,administrative_record_only_not_confirmed_active,신축,2017-08-04,2018-01-23,2019-08-09,공동주택,,"주소 기반 추정 위치, 공사현장 좌표 아님"
15038929:1929,1929,건축행정기록,단독주택,인천광역시 계양구 계산동 896-1,37.5462501,126.7198506,geocoded_kakao_jibun,kakao_exact_jibun_address_match,인천 계양구 계산동 896-1,1,1,0.0,,kakao_local_api:address_jibun,https://dapi.kakao.com/v2/local/search/address.json,2026-09-06,https://www.data.go.kr/data/15038929/fileData.do,2026-01-19,2026-09-06,administrative_record_only_not_confirmed_active,신축,2017-07-12,2018-04-19,2019-01-25,단독주택,,"주소 기반 추정 위치, 공사현장 좌표 아님"
15038929:1930,1930,건축행정기록,단독주택,인천광역시 계양구 계산동 925-6,37.5459333,126.7264681,geocoded_kakao_jibun,kakao_exact_jibun_address_match,인천 계양구 계산동 925-6,1,1,0.0,,kakao_local_api:address_jibun,https://dapi.kakao.com/v2/local/search/address.json,2026-09-06,https://www.data.go.kr/data/15038929/fileData.do,2026-01-19,2026-09-06,administrative_record_only_not_confirmed_active,신축,2017-07-12,2018-03-05,2019-01-14,단독주택,,"주소 기반 추정 위치, 공사현장 좌표 아님"
15038929:1931,1931,건축행정기록,제1종근린생활시설,인천광역시 계양구 장기동 135-5,37.5773702,126.7353777,geocoded_kakao_jibun,kakao_exact_jibun_address_match,인천 계양구 장기동 135-5,1,1,0.0,,kakao_local_api:address_jibun,https://dapi.kakao.com/v2/local/search/address.json,2026-09-06,https://www.data.go.kr/data/15038929/fileData.do,2026-01-19,2026-09-06,administrative_record_only_not_confirmed_active,신축,2017-07-07,2018-04-11,2019-08-19,제1종근린생활시설,,"주소 기반 추정 위치, 공사현장 좌표 아님"
15038929:1932,1932,건축행정기록,창고시설,인천광역시 계양구 둑실동 4,37.5761329,126.7128918,geocoded_kakao_jibun,kakao_exact_jibun_address_match,인천 계양구 둑실동 4,1,1,0.0,,kakao_local_api:address_jibun,https://dapi.kakao.com/v2/local/search/address.json,2026-09-06,https://www.data.go.kr/data/15038929/fileData.do,2026-01-19,2026-09-06,administrative_record_only_not_confirmed_active,신축,2017-05-25,2018-05-11,2019-01-07,창고시설,,"주소 기반 추정 위치, 공사현장 좌표 아님"
15038929:1933,1933,건축행정기록,제2종근린생활시설,인천광역시 계양구 동양동 606-8,37.5612753,126.7554967,geocoded_kakao_jibun,kakao_exact_jibun_address_match,인천 계양구 동양동 606-8,1,1,0.0,,kakao_local_api:address_jibun,https://dapi.kakao.com/v2/local/search/address.json,2026-09-06,https://www.data.go.kr/data/15038929/fileData.do,2026-01-19,2026-09-06,administrative_record_only_not_confirmed_active,신축,2017-04-14,2019-04-15,2020-01-17,제2종근린생활시설,,"주소 기반 추정 위치, 공사현장 좌표 아님"
15038929:1934,1934,건축행정기록,문화및집회시설,인천광역시 계양구 계산동 산 11,,,unresolved,no_exact_parcel_match_in_kakao,,0,0,,,kakao_local_api:unresolved,https://dapi.kakao.com/v2/local/search/address.json,2026-09-06,https://www.data.go.kr/data/15038929/fileData.do,2026-01-19,2026-09-06,administrative_record_only_not_confirmed_active,신축,2017-03-29,2017-07-18,2020-01-06,문화및집회시설,,"주소 기반 추정 위치, 공사현장 좌표 아님"
15038929:1935,1935,건축행정기록,자원순환관련시설,인천광역시 계양구 서운동 220-13,37.5365684,126.7590113,geocoded_kakao_jibun,kakao_exact_jibun_address_match,인천 계양구 서운동 220-13,1,1,0.0,,kakao_local_api:address_jibun,https://dapi.kakao.com/v2/local/search/address.json,2026-09-06,https://www.data.go.kr/data/15038929/fileData.do,2026-01-19,2026-09-06,administrative_record_only_not_confirmed_active,신축,2017-01-13,2017-05-15,2019-11-28,자원순환관련시설,,"주소 기반 추정 위치, 공사현장 좌표 아님"
15038929:1936,1936,건축행정기록,제2종근린생활시설,인천광역시 계양구 서운동 148-1,37.5295289,126.7537959,geocoded_kakao_jibun,kakao_exact_jibun_address_match,인천 계양구 서운동 148-1,1,1,0.0,,kakao_local_api:address_jibun,https://dapi.kakao.com/v2/local/search/address.json,2026-09-06,https://www.data.go.kr/data/15038929/fileData.do,2026-01-19,2026-09-06,administrative_record_only_not_confirmed_active,증축,2016-08-10,2016-08-12,2019-03-22,제2종근린생활시설,,"주소 기반 추정 위치, 공사현장 좌표 아님"
15038929:1937,1937,건축행정기록,단독주택,인천광역시 계양구 다남동 98-14,37.5702149,126.7318808,geocoded_kakao_jibun,kakao_exact_jibun_address_match,인천 계양구 다남동 98-14,1,1,0.0,,kakao_local_api:address_jibun,https://dapi.kakao.com/v2/local/search/address.json,2026-09-06,https://www.data.go.kr/data/15038929/fileData.do,2026-01-19,2026-09-06,administrative_record_only_not_confirmed_active,신축,2016-06-28,2018-06-27,2022-07-12,단독주택,,"주소 기반 추정 위치, 공사현장 좌표 아님"
15038929:1938,1938,건축행정기록,숙박시설,인천광역시 계양구 계산동 1081-9,37.5357642,126.7368715,geocoded_kakao_jibun,kakao_exact_jibun_address_match,인천 계양구 계산동 1081-9,1,1,0.0,,kakao_local_api:address_jibun,https://dapi.kakao.com/v2/local/search/address.json,2026-09-06,https://www.data.go.kr/data/15038929/fileData.do,2026-01-19,2026-09-06,administrative_record_only_not_confirmed_active,신축,2016-05-26,2017-03-10,2021-03-04,숙박시설,,"주소 기반 추정 위치, 공사현장 좌표 아님"
15038929:1939,1939,건축행정기록,제2종근린생활시설,인천광역시 계양구 서운동 142-49,37.5270895,126.7541908,geocoded_kakao_jibun,kakao_exact_jibun_address_match,인천 계양구 서운동 142-49,1,1,0.0,,kakao_local_api:address_jibun,https://dapi.kakao.com/v2/local/search/address.json,2026-09-06,https://www.data.go.kr/data/15038929/fileData.do,2026-01-19,2026-09-06,administrative_record_only_not_confirmed_active,증축,2016-01-11,2016-01-18,2022-01-26,제2종근린생활시설,,"주소 기반 추정 위치, 공사현장 좌표 아님"
15038929:1940,1940,건축행정기록,단독주택,인천광역시 계양구 장기동 143-5,37.5796384,126.7373162,geocoded_kakao_jibun,kakao_exact_jibun_address_match,인천 계양구 장기동 143-5,1,1,0.0,,kakao_local_api:address_jibun,https://dapi.kakao.com/v2/local/search/address.json,2026-09-06,https://www.data.go.kr/data/15038929/fileData.do,2026-01-19,2026-09-06,administrative_record_only_not_confirmed_active,신축,2015-07-14,2015-10-14,2019-07-12,단독주택,,"주소 기반 추정 위치, 공사현장 좌표 아님"
15038929:1941,1941,건축행정기록,공장,인천광역시 계양구 작전동 476-8,37.5242193,126.7197174,geocoded_kakao_jibun,kakao_exact_jibun_address_match,인천 계양구 작전동 476-8,1,1,0.0,,kakao_local_api:address_jibun,https://dapi.kakao.com/v2/local/search/address.json,2026-09-06,https://www.data.go.kr/data/15038929/fileData.do,2026-01-19,2026-09-06,administrative_record_only_not_confirmed_active,증축,2015-06-01,2015-06-11,2019-10-21,공장,,"주소 기반 추정 위치, 공사현장 좌표 아님"
15038929:1942,1942,건축행정기록,제2종근린생활시설,인천광역시 계양구 서운동 148-48,37.5300338,126.7582550,geocoded_kakao_jibun,kakao_exact_jibun_address_match,인천 계양구 서운동 148-48,1,1,0.0,,kakao_local_api:address_jibun,https://dapi.kakao.com/v2/local/search/address.json,2026-09-06,https://www.data.go.kr/data/15038929/fileData.do,2026-01-19,2026-09-06,administrative_record_only_not_confirmed_active,증축,2014-12-08,2014-12-26,2020-11-25,제2종근린생활시설,,"주소 기반 추정 위치, 공사현장 좌표 아님"
15038929:1943,1943,건축행정기록,제2종근린생활시설,인천광역시 계양구 서운동 148-99,37.5281639,126.7588656,geocoded_kakao_jibun,kakao_exact_jibun_address_match,인천 계양구 서운동 148-99,1,1,0.0,,kakao_local_api:address_jibun,https://dapi.kakao.com/v2/local/search/address.json,2026-09-06,https://www.data.go.kr/data/15038929/fileData.do,2026-01-19,2026-09-06,administrative_record_only_not_confirmed_active,증축,2014-04-30,2014-05-07,2019-12-09,제2종근린생활시설,,"주소 기반 추정 위치, 공사현장 좌표 아님"
15038929:1944,1944,건축행정기록,공장,인천광역시 계양구 효성동 623-113,37.5265317,126.6982969,geocoded_kakao_jibun,kakao_exact_jibun_address_match,인천 계양구 효성동 623-113,1,1,0.0,,kakao_local_api:address_jibun,https://dapi.kakao.com/v2/local/search/address.json,2026-09-06,https://www.data.go.kr/data/15038929/fileData.do,2026-01-19,2026-09-06,administrative_record_only_not_confirmed_active,증축,2009-12-29,2010-04-07,2019-05-03,공장,,"주소 기반 추정 위치, 공사현장 좌표 아님"
15038929:1945,1945,건축행정기록,단독주택,인천광역시 계양구 둑실동 194-5,37.5802863,126.6928979,geocoded_kakao_jibun,kakao_exact_jibun_address_match,인천 계양구 둑실동 194-5,1,1,0.0,,kakao_local_api:address_jibun,https://dapi.kakao.com/v2/local/search/address.json,2026-09-06,https://www.data.go.kr/data/15038929/fileData.do,2026-01-19,2026-09-06,administrative_record_only_not_confirmed_active,신축,2008-03-20,2008-06-12,2019-06-27,단독주택,,"주소 기반 추정 위치, 공사현장 좌표 아님"
15038929:1946,1946,건축행정기록,단독주택,인천광역시 계양구 둑실동 7-36,37.5762131,126.7126286,geocoded_kakao_jibun,kakao_exact_jibun_address_match,인천 계양구 둑실동 7-36,1,1,0.0,,kakao_local_api:address_jibun,https://dapi.kakao.com/v2/local/search/address.json,2026-09-06,https://www.data.go.kr/data/15038929/fileData.do,2026-01-19,2026-09-06,administrative_record_only_not_confirmed_active,신축,2005-02-22,2005-04-19,2023-03-09,단독주택,,"주소 기반 추정 위치, 공사현장 좌표 아님"
15038929:1947,1947,건축행정기록,공동주택,인천광역시 계양구 효성동 154-6,37.5297985,126.7086946,geocoded_kakao_jibun,kakao_exact_jibun_address_match,인천 계양구 효성동 154-6,1,1,0.0,,kakao_local_api:address_jibun,https://dapi.kakao.com/v2/local/search/address.json,2026-09-06,https://www.data.go.kr/data/15038929/fileData.do,2026-01-19,2026-09-06,administrative_record_only_not_confirmed_active,신축,2001-09-17,2002-03-04,2024-07-24,공동주택,,"주소 기반 추정 위치, 공사현장 좌표 아님"
15038929:1948,1948,건축행정기록,제2종근린생활시설,인천광역시 계양구 임학동 66-1,37.5453222,126.7364412,geocoded_kakao_jibun,kakao_exact_jibun_address_match,인천 계양구 임학동 66-1,1,1,0.0,,kakao_local_api:address_jibun,https://dapi.kakao.com/v2/local/search/address.json,2026-09-06,https://www.data.go.kr/data/15038929/fileData.do,2026-01-19,2026-09-06,administrative_record_only_not_confirmed_active,증축,1993-12-22,1994-11-07,2021-03-17,제2종근린생활시설,,"주소 기반 추정 위치, 공사현장 좌표 아님"
