source_record_id,facility_name,facility_type,subtype,address,latitude,longitude,source_as_of,retrieved_at,source_url,source_download_url,business_status,source_updated_at,source_modified_at,coordinate_source,coordinate_status,scope,original_x,original_y
3491000-102-2004-00002,파티파티노래클럽,유흥주점영업,룸살롱,"인천광역시 영종구 신도시남로142번길 5, 202호 (운서동, 신비프라자)",37.4941573,126.4912432,,2026-09-06,https://www.data.go.kr/data/15045018/fileData.do,https://file.localdata.go.kr/file/download/entertainment_bars/info,영업/정상,2026-07-01 09:21:24,2016-12-02 09:40:42,kakao_local_api:address_road,geocoded_kakao_road,인천광역시,,
3491000-102-2004-00004,테라,유흥주점영업,룸살롱,"인천광역시 영종구 신도시남로149번길 1, 403호 (운서동, 다모아프라자)",37.4944556,126.4901570,,2026-09-06,https://www.data.go.kr/data/15045018/fileData.do,https://file.localdata.go.kr/file/download/entertainment_bars/info,영업/정상,2026-07-01 09:21:24,2016-12-02 09:41:48,kakao_local_api:address_road,geocoded_kakao_road,인천광역시,,
3491000-102-2004-00005,천하뮤직뱅크,유흥주점영업,룸살롱,"인천광역시 영종구 신도시남로141번길 2, 지하1층 (운서동, 대원프라자)",37.4941835,126.4901636,,2026-09-06,https://www.data.go.kr/data/15045018/fileData.do,https://file.localdata.go.kr/file/download/entertainment_bars/info,영업/정상,2026-07-01 09:21:24,2020-06-05 21:19:57,kakao_local_api:address_road,geocoded_kakao_road,인천광역시,,
3491000-102-2004-00006,보보스,유흥주점영업,룸살롱,인천광역시 영종구 용유서로 283 (을왕동),37.4440377,126.3773611,,2026-09-06,https://www.data.go.kr/data/15045018/fileData.do,https://file.localdata.go.kr/file/download/entertainment_bars/info,영업/정상,2026-07-01 09:21:24,2016-12-02 09:43:25,kakao_local_api:address_road,geocoded_kakao_road,인천광역시,,
3491000-102-2005-00002,연예인Ⅰ,유흥주점영업,룸살롱,"인천광역시 영종구 신도시남로149번길 15, 지하1층 B101호 (운서동, 스카이블루)",37.4945369,126.4886543,,2026-09-06,https://www.data.go.kr/data/15045018/fileData.do,https://file.localdata.go.kr/file/download/entertainment_bars/info,영업/정상,2026-07-01 09:21:24,2017-05-15 16:31:41,kakao_local_api:address_road,geocoded_kakao_road,인천광역시,,
3491000-102-2006-00004,벤츠노래클럽,유흥주점영업,노래클럽,"인천광역시 영종구 신도시남로150번길 2, 지하1층 (운서동, 영종상가)",37.4944325,126.4908051,,2026-09-06,https://www.data.go.kr/data/15045018/fileData.do,https://file.localdata.go.kr/file/download/entertainment_bars/info,영업/정상,2026-07-01 09:21:24,2018-08-13 16:17:36,kakao_local_api:address_road,geocoded_kakao_road,인천광역시,,
3491000-102-2007-00001,강남 텐프로,유흥주점영업,룸살롱,"인천광역시 영종구 신도시남로142번길 3, 지하 1층 (운서동)",37.4941398,126.4910342,,2026-09-06,https://www.data.go.kr/data/15045018/fileData.do,https://file.localdata.go.kr/file/download/entertainment_bars/info,영업/정상,2026-07-01 09:21:24,2018-10-16 15:28:49,kakao_local_api:address_road,geocoded_kakao_road,인천광역시,,
3491000-102-2007-00009,파티파티노래클럽,유흥주점영업,기타,"인천광역시 영종구 을왕로58번길 7, 지하1층 (을왕동)",37.4495210,126.3719033,,2026-09-06,https://www.data.go.kr/data/15045018/fileData.do,https://file.localdata.go.kr/file/download/entertainment_bars/info,영업/정상,2026-07-01 09:21:24,2020-06-05 20:40:40,kakao_local_api:address_road,geocoded_kakao_road,인천광역시,,
3491000-102-2010-00001,보물섬노래클럽,유흥주점영업,룸살롱,"인천광역시 영종구 운중로21번길 8, 지하1층 (운남동)",37.4942302,126.5367086,,2026-09-06,https://www.data.go.kr/data/15045018/fileData.do,https://file.localdata.go.kr/file/download/entertainment_bars/info,영업/정상,2026-07-01 09:21:24,2020-05-13 13:03:09,kakao_local_api:address_road,geocoded_kakao_road,인천광역시,,
3491000-102-2011-00002,둥지노래클럽,유흥주점영업,룸살롱,"인천광역시 영종구 신도시남로141번길 2, 403호 (운서동, 대원프라자)",37.4941835,126.4901636,,2026-09-06,https://www.data.go.kr/data/15045018/fileData.do,https://file.localdata.go.kr/file/download/entertainment_bars/info,영업/정상,2026-07-01 09:21:24,2016-12-02 09:44:28,kakao_local_api:address_road,geocoded_kakao_road,인천광역시,,
3491000-102-2015-00001,연예인Ⅱ,유흥주점영업,룸살롱,"인천광역시 영종구 신도시남로149번길 15, 지하1층 B102호 (운서동, 스카이블루)",37.4945369,126.4886543,,2026-09-06,https://www.data.go.kr/data/15045018/fileData.do,https://file.localdata.go.kr/file/download/entertainment_bars/info,영업/정상,2026-07-01 09:21:24,2017-08-23 18:04:32,kakao_local_api:address_road,geocoded_kakao_road,인천광역시,,
3491000-102-2015-00002,연예인Ⅲ,유흥주점영업,룸살롱,"인천광역시 영종구 신도시남로149번길 15, 지하1층 B103호 (운서동, 스카이블루)",37.4945369,126.4886543,,2026-09-06,https://www.data.go.kr/data/15045018/fileData.do,https://file.localdata.go.kr/file/download/entertainment_bars/info,영업/정상,2026-07-01 09:21:24,2017-05-15 16:46:57,kakao_local_api:address_road,geocoded_kakao_road,인천광역시,,
3491000-102-2016-00001,영 준코 소주호프 노래타운,유흥주점영업,기타,"인천광역시 영종구 신도시남로149번길 1, 지하 1층 (운서동)",37.4944556,126.4901570,,2026-09-06,https://www.data.go.kr/data/15045018/fileData.do,https://file.localdata.go.kr/file/download/entertainment_bars/info,영업/정상,2026-07-01 09:21:24,2024-05-13 13:59:48,kakao_local_api:address_road,geocoded_kakao_road,인천광역시,,
3491000-102-2018-00001,크로마클럽,유흥주점영업,기타,"인천광역시 영종구 영종해안남로321번길 186, 1~4층 (운서동)",37.4374123,126.4555547,,2026-09-06,https://www.data.go.kr/data/15045018/fileData.do,https://file.localdata.go.kr/file/download/entertainment_bars/info,영업/정상,2026-07-01 09:21:24,2026-06-05 14:27:16,kakao_local_api:address_road,geocoded_kakao_road,인천광역시,,
3491000-102-2018-00002,콘서트노래클럽,유흥주점영업,노래클럽,"인천광역시 영종구 은하수로29번길 48, 203호 (중산동)",37.4915647,126.5814197,,2026-09-06,https://www.data.go.kr/data/15045018/fileData.do,https://file.localdata.go.kr/file/download/entertainment_bars/info,영업/정상,2026-07-01 09:21:24,2018-07-30 15:23:12,kakao_local_api:address_road,geocoded_kakao_road,인천광역시,,
3491000-102-2019-00005,시카고,유흥주점영업,룸살롱,"인천광역시 영종구 신도시남로142번길 11-6, 환희빌딩 지하1층 (운서동)",37.49442317122065,126.49222606962495,,2026-09-06,https://www.data.go.kr/data/15045018/fileData.do,https://file.localdata.go.kr/file/download/entertainment_bars/info,영업/정상,2026-08-11 22:47:10,2026-08-10 14:46:57,EPSG:5174 original transformed to EPSG:4326,official_coordinate,인천광역시,155026.265868156    ,443701.727268801    
3491000-102-2021-00001,두바이 노래클럽,유흥주점영업,룸살롱,"인천광역시 영종구 은하수로29번길 47, 지하1층 B01-1호 (중산동)",37.4915248,126.5809097,,2026-09-06,https://www.data.go.kr/data/15045018/fileData.do,https://file.localdata.go.kr/file/download/entertainment_bars/info,영업/정상,2026-07-01 09:21:24,2021-02-25 14:19:23,kakao_local_api:address_road,geocoded_kakao_road,인천광역시,,
3491000-102-2021-00002,차차,유흥주점영업,노래클럽,"인천광역시 영종구 신도시남로142번길 1, 2층 201호 (운서동)",37.4941576,126.4907869,,2026-09-06,https://www.data.go.kr/data/15045018/fileData.do,https://file.localdata.go.kr/file/download/entertainment_bars/info,영업/정상,2026-07-01 09:21:24,2021-11-05 15:20:38,kakao_local_api:address_road,geocoded_kakao_road,인천광역시,,
3491000-102-2022-00001,영종 별이빛나는밤에,유흥주점영업,기타,"인천광역시 영종구 하늘별빛로65번길 7-20, 5층 501,502,503,504호 (중산동)",37.4879716,126.5633520,,2026-09-06,https://www.data.go.kr/data/15045018/fileData.do,https://file.localdata.go.kr/file/download/entertainment_bars/info,영업/정상,2026-07-01 09:21:24,2025-01-09 16:04:42,kakao_local_api:address_road,geocoded_kakao_road,인천광역시,,
3491000-102-2025-00002,퍼즐엠,유흥주점영업,노래클럽,"인천광역시 영종구 신도시남로149번길 17, 다섬프라자 지하1층 (운서동)",37.4945111,126.4884178,,2026-09-06,https://www.data.go.kr/data/15045018/fileData.do,https://file.localdata.go.kr/file/download/entertainment_bars/info,영업/정상,2026-07-01 09:21:24,2025-04-10 11:14:12,kakao_local_api:address_road,geocoded_kakao_road,인천광역시,,
3491000-102-2001-00012,보스노래클럽,유흥주점영업,룸살롱,"인천광역시 영종구 흰바위로 35, 2층 (운서동, 영종해수사우나)",37.4927645,126.4888344,,2026-09-06,https://www.data.go.kr/data/15045018/fileData.do,https://file.localdata.go.kr/file/download/entertainment_bars/info,영업/정상,2026-07-01 09:21:24,2025-12-09 13:56:44,kakao_local_api:address_road,geocoded_kakao_road,인천광역시,,
3491000-102-2001-00014,브이아이피(VIP)노래클럽,유흥주점영업,룸살롱,"인천광역시 영종구 신도시남로150번길 4, 지하1층 (운서동, 스카이프라자)",37.4944370,126.4910469,,2026-09-06,https://www.data.go.kr/data/15045018/fileData.do,https://file.localdata.go.kr/file/download/entertainment_bars/info,영업/정상,2026-07-01 09:21:24,2018-06-27 09:10:20,kakao_local_api:address_road,geocoded_kakao_road,인천광역시,,
3491000-102-2002-00008,발리노래클럽,유흥주점영업,룸살롱,인천광역시 영종구 신도시남로142번길 1 (운서동),37.4941576,126.4907869,,2026-09-06,https://www.data.go.kr/data/15045018/fileData.do,https://file.localdata.go.kr/file/download/entertainment_bars/info,영업/정상,2026-07-01 09:21:24,2018-03-08 16:31:42,kakao_local_api:address_road,geocoded_kakao_road,인천광역시,,
3491000-102-2003-00001,락휴 노래타운(영종운서점),유흥주점영업,룸살롱,"인천광역시 영종구 흰바위로 37, 지하1층 (운서동, 영종프라자)",37.4927498,126.4890628,,2026-09-06,https://www.data.go.kr/data/15045018/fileData.do,https://file.localdata.go.kr/file/download/entertainment_bars/info,영업/정상,2026-07-01 09:21:24,2024-09-03 14:23:41,kakao_local_api:address_road,geocoded_kakao_road,인천광역시,,
3501000-102-2001-20016,오렌지,유흥주점영업,룸살롱,인천광역시 제물포구 제물량로 249 (항동1가),37.4740485,126.6177356,,2026-09-06,https://www.data.go.kr/data/15045018/fileData.do,https://file.localdata.go.kr/file/download/entertainment_bars/info,영업/정상,2026-07-01 09:40:35,2023-03-28 14:45:36,kakao_local_api:address_road,geocoded_kakao_road,인천광역시,,
3501000-102-2002-20001,일층 노래바,유흥주점영업,스텐드바,"인천광역시 제물포구 신포로 26-2 (신포동, 26-30, 33번지 (1층))",37.4711081,126.6251601,,2026-09-06,https://www.data.go.kr/data/15045018/fileData.do,https://file.localdata.go.kr/file/download/entertainment_bars/info,영업/정상,2026-07-01 09:40:35,2025-09-17 16:54:33,kakao_local_api:address_road,geocoded_kakao_road,인천광역시,,
3501000-102-2002-20010,행운노래바,유흥주점영업,룸살롱,"인천광역시 제물포구 홍예문로 13, 지하1층 (중앙동3가)",37.4719042,126.6235136,,2026-09-06,https://www.data.go.kr/data/15045018/fileData.do,https://file.localdata.go.kr/file/download/entertainment_bars/info,영업/정상,2026-07-01 09:40:35,2017-02-24 11:46:07,kakao_local_api:address_road,geocoded_kakao_road,인천광역시,,
3501000-102-2002-20019,미성가요방,유흥주점영업,기타,인천광역시 제물포구 우현로90번길 33 (용동),37.4732456,126.6310950,,2026-09-06,https://www.data.go.kr/data/15045018/fileData.do,https://file.localdata.go.kr/file/download/entertainment_bars/info,영업/정상,2026-07-01 09:40:35,2014-10-31 16:31:59,kakao_local_api:address_road,geocoded_kakao_road,인천광역시,,
3501000-102-2002-20020,비취노래바,유흥주점영업,기타,"인천광역시 제물포구 연안부두로33번길 16, 103,104호 (항동7가)",37.4542935,126.6038038,,2026-09-06,https://www.data.go.kr/data/15045018/fileData.do,https://file.localdata.go.kr/file/download/entertainment_bars/info,영업/정상,2026-07-01 09:40:35,2025-01-03 16:40:18,kakao_local_api:address_road,geocoded_kakao_road,인천광역시,,
3501000-102-2002-20023,왕궁노래타운,유흥주점영업,룸살롱,인천광역시 제물포구 신포로 16-1 (신생동),37.4705064,126.6244220,,2026-09-06,https://www.data.go.kr/data/15045018/fileData.do,https://file.localdata.go.kr/file/download/entertainment_bars/info,영업/정상,2026-07-01 09:40:35,2014-07-31 17:56:23,kakao_local_api:address_road,geocoded_kakao_road,인천광역시,,
3501000-102-2003-20004,상록수 가요주점,유흥주점영업,,인천광역시 제물포구 연안부두로33번길 5 (항동7가),37.4551929,126.6029941,,2026-09-06,https://www.data.go.kr/data/15045018/fileData.do,https://file.localdata.go.kr/file/download/entertainment_bars/info,영업/정상,2026-07-01 09:40:35,2012-07-05 14:54:13,kakao_local_api:address_road,geocoded_kakao_road,인천광역시,,
3501000-102-2012-20001,초콜릿,유흥주점영업,룸살롱,"인천광역시 제물포구 개항로 14 (중앙동4가, 지하1층)",37.4714071,126.6244630,,2026-09-06,https://www.data.go.kr/data/15045018/fileData.do,https://file.localdata.go.kr/file/download/entertainment_bars/info,영업/정상,2026-07-01 09:40:35,2025-09-01 11:17:55,kakao_local_api:address_road,geocoded_kakao_road,인천광역시,,
3501000-102-2012-20002,오페라 노래나라,유흥주점영업,룸살롱,"인천광역시 제물포구 우현로39번길 21-2 (신포동, 지상1층)",37.4710220,126.6253896,,2026-09-06,https://www.data.go.kr/data/15045018/fileData.do,https://file.localdata.go.kr/file/download/entertainment_bars/info,영업/정상,2026-07-01 09:40:35,2014-06-02 14:32:10,kakao_local_api:address_road,geocoded_kakao_road,인천광역시,,
3501000-102-2012-20003,7080라이브호프광장,유흥주점영업,간이주점,"인천광역시 제물포구 연안부두로33번길 10, 1층 106호 (항동7가)",37.4546046,126.6030626,,2026-09-06,https://www.data.go.kr/data/15045018/fileData.do,https://file.localdata.go.kr/file/download/entertainment_bars/info,영업/정상,2026-07-01 09:40:35,2012-07-05 16:40:05,kakao_local_api:address_road,geocoded_kakao_road,인천광역시,,
3501000-102-2012-20004,만남,유흥주점영업,기타,"인천광역시 제물포구 제물량로 63-1, 2층 (신흥동3가)",37.4658307,126.6350943,,2026-09-06,https://www.data.go.kr/data/15045018/fileData.do,https://file.localdata.go.kr/file/download/entertainment_bars/info,영업/정상,2026-07-01 09:40:35,2021-03-22 15:18:18,kakao_local_api:address_road,geocoded_kakao_road,인천광역시,,
3501000-102-2013-20001,별밤노래클럽,유흥주점영업,노래클럽,"인천광역시 제물포구 신포로23번길 31-1 (중앙동3가, 1층)",37.4717283,126.6231629,,2026-09-06,https://www.data.go.kr/data/15045018/fileData.do,https://file.localdata.go.kr/file/download/entertainment_bars/info,영업/정상,2026-07-01 09:40:35,2022-08-01 15:19:04,kakao_local_api:address_road,geocoded_kakao_road,인천광역시,,
3501000-102-2013-20003,벤츠,유흥주점영업,룸살롱,"인천광역시 제물포구 개항로 10-1 (중앙동4가, 2층)",37.4711890,126.6240889,,2026-09-06,https://www.data.go.kr/data/15045018/fileData.do,https://file.localdata.go.kr/file/download/entertainment_bars/info,영업/정상,2026-07-01 09:40:35,2023-04-17 12:02:54,kakao_local_api:address_road,geocoded_kakao_road,인천광역시,,
3501000-102-2013-20004,와우노래바,유흥주점영업,룸살롱,"인천광역시 제물포구 신포로23번길 9-1 (중앙동4가, 2층)",37.4712529,126.6242115,,2026-09-06,https://www.data.go.kr/data/15045018/fileData.do,https://file.localdata.go.kr/file/download/entertainment_bars/info,영업/정상,2026-07-01 09:40:35,2022-07-22 14:18:44,kakao_local_api:address_road,geocoded_kakao_road,인천광역시,,
3501000-102-2014-20001,세븐노래바,유흥주점영업,룸살롱,"인천광역시 제물포구 신포로 18-1 (신생동, 지하1층)",37.4706399,126.6245932,,2026-09-06,https://www.data.go.kr/data/15045018/fileData.do,https://file.localdata.go.kr/file/download/entertainment_bars/info,영업/정상,2026-07-01 09:40:35,2019-07-25 16:14:05,kakao_local_api:address_road,geocoded_kakao_road,인천광역시,,
3501000-102-2015-20004,나비,유흥주점영업,노래클럽,"인천광역시 제물포구 도원로 15 (선화동, 지하1층)",37.4660172,126.6365660,,2026-09-06,https://www.data.go.kr/data/15045018/fileData.do,https://file.localdata.go.kr/file/download/entertainment_bars/info,영업/정상,2026-07-01 09:40:35,2017-03-30 15:29:05,kakao_local_api:address_road,geocoded_kakao_road,인천광역시,,
3501000-102-1984-00005,현대노래클럽,유흥주점영업,기타,인천광역시 제물포구 샛골로 147 (송림동),37.4754568,126.6443245,,2026-09-06,https://www.data.go.kr/data/15045018/fileData.do,https://file.localdata.go.kr/file/download/entertainment_bars/info,영업/정상,2026-07-01 09:40:35,2020-06-03 11:44:59,kakao_local_api:address_road,geocoded_kakao_road,인천광역시,,
3501000-102-1984-20001,카카오 노래바,유흥주점영업,룸살롱,인천광역시 제물포구 홍예문로 13-2 (중앙동3가),37.4720339,126.6235735,,2026-09-06,https://www.data.go.kr/data/15045018/fileData.do,https://file.localdata.go.kr/file/download/entertainment_bars/info,영업/정상,2026-07-01 09:40:35,2022-11-28 15:50:57,kakao_local_api:address_road,geocoded_kakao_road,인천광역시,,
3501000-102-1984-20003,1학년3반 노래타운,유흥주점영업,룸살롱,인천광역시 제물포구 제물량로 81 (신흥동2가),37.4669170,126.6337417,,2026-09-06,https://www.data.go.kr/data/15045018/fileData.do,https://file.localdata.go.kr/file/download/entertainment_bars/info,영업/정상,2026-07-01 09:40:35,2025-03-28 09:07:09,kakao_local_api:address_road,geocoded_kakao_road,인천광역시,,
3501000-102-1984-20004,신포노래타운,유흥주점영업,노래클럽,인천광역시 제물포구 신포로15번길 8 (중앙동4가),37.4708614,126.6239618,,2026-09-06,https://www.data.go.kr/data/15045018/fileData.do,https://file.localdata.go.kr/file/download/entertainment_bars/info,영업/정상,2026-07-01 09:40:35,2020-03-14 09:35:39,kakao_local_api:address_road,geocoded_kakao_road,인천광역시,,
3501000-102-1984-20005,고래 노래바,유흥주점영업,룸살롱,인천광역시 제물포구 신포로23번길 23 (중앙동4가),37.4715819,126.6235751,,2026-09-06,https://www.data.go.kr/data/15045018/fileData.do,https://file.localdata.go.kr/file/download/entertainment_bars/info,영업/정상,2026-07-01 09:40:35,2024-01-26 17:28:52,kakao_local_api:address_road,geocoded_kakao_road,인천광역시,,
3501000-102-1985-20004,홀릭노래타운,유흥주점영업,룸살롱,"인천광역시 제물포구 신포로 18 (신생동, 2층)",37.4705241,126.6246851,,2026-09-06,https://www.data.go.kr/data/15045018/fileData.do,https://file.localdata.go.kr/file/download/entertainment_bars/info,영업/정상,2026-07-01 09:40:35,2017-09-05 15:32:14,kakao_local_api:address_road,geocoded_kakao_road,인천광역시,,
3501000-102-1986-20004,소풍노래타운,유흥주점영업,노래클럽,인천광역시 제물포구 제물량로166번길 1-21 (신생동),37.4705412,126.6247363,,2026-09-06,https://www.data.go.kr/data/15045018/fileData.do,https://file.localdata.go.kr/file/download/entertainment_bars/info,영업/정상,2026-07-01 09:40:35,2020-06-07 19:53:49,kakao_local_api:address_road,geocoded_kakao_road,인천광역시,,
3501000-102-1986-20005,아등,유흥주점영업,노래클럽,인천광역시 제물포구 홍예문로 13-2 (중앙동3가),37.4720339,126.6235735,,2026-09-06,https://www.data.go.kr/data/15045018/fileData.do,https://file.localdata.go.kr/file/download/entertainment_bars/info,영업/정상,2026-07-01 09:40:35,2020-03-16 09:07:59,kakao_local_api:address_road,geocoded_kakao_road,인천광역시,,
3501000-102-1986-20006,블랙 노래밤,유흥주점영업,룸살롱,"인천광역시 제물포구 개항로 6, 2층 (중앙동4가)",37.4710025,126.6236993,,2026-09-06,https://www.data.go.kr/data/15045018/fileData.do,https://file.localdata.go.kr/file/download/entertainment_bars/info,영업/정상,2026-07-01 09:40:35,2024-04-08 10:15:37,kakao_local_api:address_road,geocoded_kakao_road,인천광역시,,
3501000-102-1988-20001,가이가요주점,유흥주점영업,룸살롱,"인천광역시 제물포구 신포로 32-1, 지하1층 (신포동)",37.4716749,126.6255090,,2026-09-06,https://www.data.go.kr/data/15045018/fileData.do,https://file.localdata.go.kr/file/download/entertainment_bars/info,영업/정상,2026-07-01 09:40:35,2017-12-06 15:59:04,kakao_local_api:address_road,geocoded_kakao_road,인천광역시,,
3501000-102-2007-20007,처음처럼,유흥주점영업,룸살롱,"인천광역시 제물포구 월미문화로 37-1, 2층 (북성동1가)",37.4749539,126.5977738,,2026-09-06,https://www.data.go.kr/data/15045018/fileData.do,https://file.localdata.go.kr/file/download/entertainment_bars/info,영업/정상,2026-07-01 09:40:35,2016-11-18 14:39:57,kakao_local_api:address_road,geocoded_kakao_road,인천광역시,,
3501000-102-2007-20008,맘모스광장,유흥주점영업,룸살롱,"인천광역시 제물포구 연안부두로33번길 21, 2층 227호 (항동7가)",37.4548160,126.6049452,,2026-09-06,https://www.data.go.kr/data/15045018/fileData.do,https://file.localdata.go.kr/file/download/entertainment_bars/info,영업/정상,2026-07-01 09:40:35,2024-01-29 13:10:07,kakao_local_api:address_road,geocoded_kakao_road,인천광역시,,
3501000-102-2008-20002,등대,유흥주점영업,룸살롱,"인천광역시 제물포구 제물량로 22 (신흥동3가, 31-1번지 2층)",37.4624590,126.6375357,,2026-09-06,https://www.data.go.kr/data/15045018/fileData.do,https://file.localdata.go.kr/file/download/entertainment_bars/info,영업/정상,2026-07-01 09:40:35,2025-07-09 13:44:07,kakao_local_api:address_road,geocoded_kakao_road,인천광역시,,
3501000-102-2008-20004,돌고래,유흥주점영업,룸살롱,"인천광역시 제물포구 제물량로24번길 6-15, 지하1층 (신흥동3가)",37.4622296,126.6379079,,2026-09-06,https://www.data.go.kr/data/15045018/fileData.do,https://file.localdata.go.kr/file/download/entertainment_bars/info,영업/정상,2026-07-01 09:40:35,2016-02-12 16:05:32,kakao_local_api:address_road,geocoded_kakao_road,인천광역시,,
3501000-102-2009-20003,프린스 노래타운,유흥주점영업,룸살롱,"인천광역시 제물포구 신포로27번길 16 (관동3가, 지하1층)",37.4719823,126.6246110,,2026-09-06,https://www.data.go.kr/data/15045018/fileData.do,https://file.localdata.go.kr/file/download/entertainment_bars/info,영업/정상,2026-07-01 09:40:35,2020-05-28 15:06:18,kakao_local_api:address_road,geocoded_kakao_road,인천광역시,,
3501000-102-2009-20004,신바람노래광장,유흥주점영업,룸살롱,"인천광역시 제물포구 신포로 21 (중앙동4가, 2층)",37.4709918,126.6245452,,2026-09-06,https://www.data.go.kr/data/15045018/fileData.do,https://file.localdata.go.kr/file/download/entertainment_bars/info,영업/정상,2026-07-01 09:40:35,2012-05-08 11:04:54,kakao_local_api:address_road,geocoded_kakao_road,인천광역시,,
3501000-102-2009-20005,코코,유흥주점영업,간이주점,"인천광역시 제물포구 신포로23번길 19 (중앙동4가, 2층)",37.4715062,126.6237574,,2026-09-06,https://www.data.go.kr/data/15045018/fileData.do,https://file.localdata.go.kr/file/download/entertainment_bars/info,영업/정상,2026-07-01 09:40:35,2018-08-17 15:01:22,kakao_local_api:address_road,geocoded_kakao_road,인천광역시,,
3501000-102-2011-20001,허니노래짱,유흥주점영업,룸살롱,"인천광역시 제물포구 신포로 40, 지하1층 (내동)",37.4722086,126.6260772,,2026-09-06,https://www.data.go.kr/data/15045018/fileData.do,https://file.localdata.go.kr/file/download/entertainment_bars/info,영업/정상,2026-07-01 09:40:35,2021-04-02 17:02:46,kakao_local_api:address_road,geocoded_kakao_road,인천광역시,,
3501000-102-1997-20002,용궁 노래짱,유흥주점영업,룸살롱,"인천광역시 제물포구 우현로90번길 27, 2층 (용동)",37.4734609,126.6310676,,2026-09-06,https://www.data.go.kr/data/15045018/fileData.do,https://file.localdata.go.kr/file/download/entertainment_bars/info,영업/정상,2026-07-01 09:40:35,2014-09-29 18:00:00,kakao_local_api:address_road,geocoded_kakao_road,인천광역시,,
3501000-102-2016-20003,럭셔리노래광장,유흥주점영업,노래클럽,"인천광역시 제물포구 신포로27번길 20 (관동3가, 2층)",37.4720594,126.6242821,,2026-09-06,https://www.data.go.kr/data/15045018/fileData.do,https://file.localdata.go.kr/file/download/entertainment_bars/info,영업/정상,2026-07-01 09:40:35,2025-03-07 15:59:41,kakao_local_api:address_road,geocoded_kakao_road,인천광역시,,
3501000-102-2016-20004,노래타운백야,유흥주점영업,노래클럽,"인천광역시 제물포구 신포로15번길 22-1 (중앙동4가, 4층)",37.4712866,126.6233466,,2026-09-06,https://www.data.go.kr/data/15045018/fileData.do,https://file.localdata.go.kr/file/download/entertainment_bars/info,영업/정상,2026-07-01 09:40:35,2016-12-13 16:36:26,kakao_local_api:address_road,geocoded_kakao_road,인천광역시,,
3501000-102-2018-20003,딩동댕 노래짱,유흥주점영업,노래클럽,"인천광역시 제물포구 우현로83번길 8, 2층 (인현동)",37.4745959,126.6299487,,2026-09-06,https://www.data.go.kr/data/15045018/fileData.do,https://file.localdata.go.kr/file/download/entertainment_bars/info,영업/정상,2026-07-01 09:40:35,2020-09-09 17:18:00,kakao_local_api:address_road,geocoded_kakao_road,인천광역시,,
3501000-102-2018-20004,꽃,유흥주점영업,노래클럽,"인천광역시 제물포구 신포로23번길 9-1, 지하1층 (중앙동4가)",37.4712529,126.6242115,,2026-09-06,https://www.data.go.kr/data/15045018/fileData.do,https://file.localdata.go.kr/file/download/entertainment_bars/info,영업/정상,2026-07-01 09:40:35,2018-12-04 16:47:24,kakao_local_api:address_road,geocoded_kakao_road,인천광역시,,
3501000-102-2019-20001,은하수,유흥주점영업,기타,"인천광역시 제물포구 개항로 6, 지하1층 (중앙동4가)",37.4710025,126.6236993,,2026-09-06,https://www.data.go.kr/data/15045018/fileData.do,https://file.localdata.go.kr/file/download/entertainment_bars/info,영업/정상,2026-07-01 09:40:35,2022-05-04 11:29:30,kakao_local_api:address_road,geocoded_kakao_road,인천광역시,,
3501000-102-2019-20003,향수노래짱,유흥주점영업,노래클럽,"인천광역시 제물포구 우현로87번길 23, 1층 (인현동)",37.4749944,126.6293696,,2026-09-06,https://www.data.go.kr/data/15045018/fileData.do,https://file.localdata.go.kr/file/download/entertainment_bars/info,영업/정상,2026-07-01 09:40:35,2025-06-11 13:37:40,kakao_local_api:address_road,geocoded_kakao_road,인천광역시,,
3501000-102-2019-20004,카리브,유흥주점영업,기타,"인천광역시 제물포구 개항로 15, 2층 (중앙동4가)",37.4716320,126.6244038,,2026-09-06,https://www.data.go.kr/data/15045018/fileData.do,https://file.localdata.go.kr/file/download/entertainment_bars/info,영업/정상,2026-07-01 09:40:35,2019-07-25 15:02:33,kakao_local_api:address_road,geocoded_kakao_road,인천광역시,,
3501000-102-2024-20001,갤럭시 노래바,유흥주점영업,룸살롱,"인천광역시 제물포구 신포로 19-1, 2~3층 (중앙동4가)",37.4709364,126.6244754,,2026-09-06,https://www.data.go.kr/data/15045018/fileData.do,https://file.localdata.go.kr/file/download/entertainment_bars/info,영업/정상,2026-07-01 09:40:35,2024-06-26 11:31:28,kakao_local_api:address_road,geocoded_kakao_road,인천광역시,,
3501000-102-2001-20015,썬가요주점,유흥주점영업,간이주점,인천광역시 제물포구 참외전로 118-11 (인현동),37.4756207,126.6306429,,2026-09-06,https://www.data.go.kr/data/15045018/fileData.do,https://file.localdata.go.kr/file/download/entertainment_bars/info,영업/정상,2026-07-01 09:40:35,2014-07-31 17:38:52,kakao_local_api:address_road,geocoded_kakao_road,인천광역시,,
3501000-102-1988-20002,마도로스스텐드바,유흥주점영업,스텐드바,인천광역시 제물포구 서해대로454번길 18 (선화동),37.4655152,126.6363473,,2026-09-06,https://www.data.go.kr/data/15045018/fileData.do,https://file.localdata.go.kr/file/download/entertainment_bars/info,영업/정상,2026-07-01 09:40:35,2014-07-31 17:29:21,kakao_local_api:address_road,geocoded_kakao_road,인천광역시,,
3501000-102-1989-20001,까치노래짱,유흥주점영업,노래클럽,"인천광역시 제물포구 서해대로464번길 1-2 (신흥동2가, 3-1번지 1층)",37.4674387,126.6358165,,2026-09-06,https://www.data.go.kr/data/15045018/fileData.do,https://file.localdata.go.kr/file/download/entertainment_bars/info,영업/정상,2026-07-01 09:40:35,2020-03-14 09:34:18,kakao_local_api:address_road,geocoded_kakao_road,인천광역시,,
3501000-102-1989-20004,강남,유흥주점영업,룸살롱,인천광역시 제물포구 신포로23번길 40 (중앙동3가),37.4721985,126.6230715,,2026-09-06,https://www.data.go.kr/data/15045018/fileData.do,https://file.localdata.go.kr/file/download/entertainment_bars/info,영업/정상,2026-07-01 09:40:35,2018-07-25 11:15:43,kakao_local_api:address_road,geocoded_kakao_road,인천광역시,,
3501000-102-1989-20009,007노래빵,유흥주점영업,룸살롱,인천광역시 제물포구 홍예문로 13-1 (중앙동3가),37.4719618,126.6235598,,2026-09-06,https://www.data.go.kr/data/15045018/fileData.do,https://file.localdata.go.kr/file/download/entertainment_bars/info,영업/정상,2026-07-01 09:40:35,2016-01-14 14:41:39,kakao_local_api:address_road,geocoded_kakao_road,인천광역시,,
3501000-102-1990-20002,노래하는 청춘아,유흥주점영업,간이주점,인천광역시 제물포구 도원로7번길 7 (신흥동3가),37.4654210,126.6359499,,2026-09-06,https://www.data.go.kr/data/15045018/fileData.do,https://file.localdata.go.kr/file/download/entertainment_bars/info,영업/정상,2026-07-01 09:40:35,2014-07-31 17:31:18,kakao_local_api:address_road,geocoded_kakao_road,인천광역시,,
3501000-102-1962-20001,위스키메리(외국인전용),유흥주점영업,룸살롱,인천광역시 제물포구 개항로 5 (중앙동4가),37.4711821,126.6234763,,2026-09-06,https://www.data.go.kr/data/15045018/fileData.do,https://file.localdata.go.kr/file/download/entertainment_bars/info,영업/정상,2026-07-01 09:40:34,2018-05-08 15:55:59,kakao_local_api:address_road,geocoded_kakao_road,인천광역시,,
3501000-102-1973-00001,불꽃노래클럽,유흥주점영업,간이주점,인천광역시 제물포구 송림동 58-68   ,37.4752647,126.6443283,,2026-09-06,https://www.data.go.kr/data/15045018/fileData.do,https://file.localdata.go.kr/file/download/entertainment_bars/info,영업/정상,2026-07-01 09:40:35,2020-06-03 11:44:19,kakao_local_api:address_jibun,geocoded_kakao_jibun,인천광역시,,
3501000-102-1974-20001,디가디가노래짱,유흥주점영업,룸살롱,인천광역시 제물포구 홍예문로98번길 9 (인현동),37.4758392,126.6307057,,2026-09-06,https://www.data.go.kr/data/15045018/fileData.do,https://file.localdata.go.kr/file/download/entertainment_bars/info,영업/정상,2026-07-01 09:40:35,2023-11-29 15:40:18,kakao_local_api:address_road,geocoded_kakao_road,인천광역시,,
3501000-102-1974-20002,향도 노래천국,유흥주점영업,노래클럽,"인천광역시 제물포구 서해대로 462-3 (신흥동2가, 1-35번지 1층)",37.4671985,126.6357027,,2026-09-06,https://www.data.go.kr/data/15045018/fileData.do,https://file.localdata.go.kr/file/download/entertainment_bars/info,영업/정상,2026-07-01 09:40:35,2020-03-14 09:35:10,kakao_local_api:address_road,geocoded_kakao_road,인천광역시,,
3501000-102-1976-00002,발리,유흥주점영업,기타,인천광역시 제물포구 송현동 68-8   (지하1층) ,37.4781710,126.6325070,,2026-09-06,https://www.data.go.kr/data/15045018/fileData.do,https://file.localdata.go.kr/file/download/entertainment_bars/info,영업/정상,2026-07-01 09:40:35,2023-04-03 17:31:47,kakao_local_api:address_jibun,geocoded_kakao_jibun,인천광역시,,
3501000-102-1978-20002,제시카 노래클럽,유흥주점영업,룸살롱,인천광역시 제물포구 신포로27번길 32 (관동2가),37.4723228,126.6236950,,2026-09-06,https://www.data.go.kr/data/15045018/fileData.do,https://file.localdata.go.kr/file/download/entertainment_bars/info,영업/정상,2026-07-01 09:40:35,2023-09-14 17:15:16,kakao_local_api:address_road,geocoded_kakao_road,인천광역시,,
3501000-102-1979-20005,첼로노래타운,유흥주점영업,노래클럽,"인천광역시 제물포구 서해대로 462-2, 2층 (신흥동2가)",37.4671201,126.6356607,,2026-09-06,https://www.data.go.kr/data/15045018/fileData.do,https://file.localdata.go.kr/file/download/entertainment_bars/info,영업/정상,2026-07-01 09:40:35,2022-12-30 14:31:29,kakao_local_api:address_road,geocoded_kakao_road,인천광역시,,
3501000-102-1982-20001,씽씽가요방,유흥주점영업,노래클럽,인천광역시 제물포구 큰우물로 13 (용동),37.4731665,126.6315229,,2026-09-06,https://www.data.go.kr/data/15045018/fileData.do,https://file.localdata.go.kr/file/download/entertainment_bars/info,영업/정상,2026-07-01 09:40:35,2020-03-14 09:33:37,kakao_local_api:address_road,geocoded_kakao_road,인천광역시,,
3501000-102-1983-20007,사탕,유흥주점영업,룸살롱,인천광역시 제물포구 신포로23번길 9 (중앙동4가),37.4712033,126.6243120,,2026-09-06,https://www.data.go.kr/data/15045018/fileData.do,https://file.localdata.go.kr/file/download/entertainment_bars/info,영업/정상,2026-07-01 09:40:35,2018-04-09 12:00:08,kakao_local_api:address_road,geocoded_kakao_road,인천광역시,,
3501000-102-2000-20005,귀빈노래짱,유흥주점영업,룸살롱,"인천광역시 제물포구 연안부두로 35 (항동7가, (2층))",37.4549561,126.6023251,,2026-09-06,https://www.data.go.kr/data/15045018/fileData.do,https://file.localdata.go.kr/file/download/entertainment_bars/info,영업/정상,2026-07-01 09:40:35,2018-06-22 13:47:14,kakao_local_api:address_road,geocoded_kakao_road,인천광역시,,
3501000-102-2000-20007,왕대박노래짱,유흥주점영업,노래클럽,"인천광역시 제물포구 우현로72번길 6 (용동, 191,192번지 지하1층)",37.4732563,126.6301494,,2026-09-06,https://www.data.go.kr/data/15045018/fileData.do,https://file.localdata.go.kr/file/download/entertainment_bars/info,영업/정상,2026-07-01 09:40:35,2020-03-14 09:37:18,kakao_local_api:address_road,geocoded_kakao_road,인천광역시,,
3501000-102-2001-20004,황제노래바,유흥주점영업,노래클럽,"인천광역시 제물포구 연안부두로33번길 5 (항동7가, 27-95번지 2층)",37.4551929,126.6029941,,2026-09-06,https://www.data.go.kr/data/15045018/fileData.do,https://file.localdata.go.kr/file/download/entertainment_bars/info,영업/정상,2026-07-01 09:40:35,2020-03-14 09:38:18,kakao_local_api:address_road,geocoded_kakao_road,인천광역시,,
3501000-102-2001-20013,파인,유흥주점영업,룸살롱,인천광역시 제물포구 신포로23번길 32 (중앙동3가),37.4719912,126.6234203,,2026-09-06,https://www.data.go.kr/data/15045018/fileData.do,https://file.localdata.go.kr/file/download/entertainment_bars/info,영업/정상,2026-07-01 09:40:35,2017-02-14 14:04:24,kakao_local_api:address_road,geocoded_kakao_road,인천광역시,,
3510500-102-1999-00031,연예인,유흥주점영업,간이주점,인천광역시 미추홀구 인주대로 106-1 (용현동),37.45644661269486,126.6488877662539,,2026-09-06,https://www.data.go.kr/data/15045018/fileData.do,https://file.localdata.go.kr/file/download/entertainment_bars/info,영업/정상,2026-05-07 22:47:54,2020-10-13 18:01:14,EPSG:5174 original transformed to EPSG:4326,official_coordinate,인천광역시,168864.611742018    ,439423.357828342    
3510500-102-1999-00032,궁,유흥주점영업,기타,인천광역시 미추홀구 인주대로 106-1 (용현동),37.45644661269486,126.6488877662539,,2026-09-06,https://www.data.go.kr/data/15045018/fileData.do,https://file.localdata.go.kr/file/download/entertainment_bars/info,영업/정상,2026-05-07 22:47:54,2020-10-13 18:01:24,EPSG:5174 original transformed to EPSG:4326,official_coordinate,인천광역시,168864.611742018    ,439423.357828342    
3510500-102-2000-00004,콘서트짱노래타운,유흥주점영업,룸살롱,인천광역시 미추홀구 석바위로 87 (주안동),37.46112117834736,126.6829272241398,,2026-09-06,https://www.data.go.kr/data/15045018/fileData.do,https://file.localdata.go.kr/file/download/entertainment_bars/info,영업/정상,2026-05-07 22:47:55,2022-05-31 11:11:48,EPSG:5174 original transformed to EPSG:4326,official_coordinate,인천광역시,171878.105931437    ,439931.448765553    
3510500-102-2000-00006,웰빙노래바,유흥주점영업,룸살롱,인천광역시 미추홀구 제일로 29 (도화동),37.45907445093275,126.67353219760027,,2026-09-06,https://www.data.go.kr/data/15045018/fileData.do,https://file.localdata.go.kr/file/download/entertainment_bars/info,영업/정상,2026-05-07 22:47:55,2023-12-01 16:04:59,EPSG:5174 original transformed to EPSG:4326,official_coordinate,인천광역시,171046.114882051    ,439707.139624452    
3510500-102-2000-00009,애인,유흥주점영업,간이주점,인천광역시 미추홀구 인주대로 98 (용현동),37.45681974108278,126.64794985341716,,2026-09-06,https://www.data.go.kr/data/15045018/fileData.do,https://file.localdata.go.kr/file/download/entertainment_bars/info,영업/정상,2026-05-07 22:47:55,2020-10-13 18:24:29,EPSG:5174 original transformed to EPSG:4326,official_coordinate,인천광역시,168781.782552009    ,439465.081486541    
3510500-102-2000-00010,꽃샘,유흥주점영업,간이주점,인천광역시 미추홀구 인주대로 98 (용현동),37.45681974108278,126.64794985341716,,2026-09-06,https://www.data.go.kr/data/15045018/fileData.do,https://file.localdata.go.kr/file/download/entertainment_bars/info,영업/정상,2026-05-07 22:47:55,2022-01-10 17:52:41,EPSG:5174 original transformed to EPSG:4326,official_coordinate,인천광역시,168781.782552009    ,439465.081486541    
3510500-102-2009-00006,로얄노래짱,유흥주점영업,룸살롱,인천광역시 미추홀구 경원대로851번길 21 (주안동),37.45872831610777,126.6881129871717,,2026-09-06,https://www.data.go.kr/data/15045018/fileData.do,https://file.localdata.go.kr/file/download/entertainment_bars/info,영업/정상,2026-05-07 22:48:08,2024-12-05 15:29:40,EPSG:5174 original transformed to EPSG:4326,official_coordinate,인천광역시,172336.019075695    ,439664.331732694    
3510500-102-2010-00002,하드코아노래클럽,유흥주점영업,룸살롱,인천광역시 미추홀구 미추홀대로734번길 23 (주안동),37.463103722314415,126.68185216052034,,2026-09-06,https://www.data.go.kr/data/15045018/fileData.do,https://file.localdata.go.kr/file/download/entertainment_bars/info,영업/정상,2026-05-07 22:48:09,2020-10-13 18:48:32,EPSG:5174 original transformed to EPSG:4326,official_coordinate,인천광역시,171783.739169092    ,440151.808937565    
3510500-102-2010-00003,소녀시대,유흥주점영업,룸살롱,인천광역시 미추홀구 주안중로 47 (주안동),37.46272230793313,126.68263355631865,,2026-09-06,https://www.data.go.kr/data/15045018/fileData.do,https://file.localdata.go.kr/file/download/entertainment_bars/info,영업/정상,2026-05-07 22:48:09,2023-10-11 12:02:30,EPSG:5174 original transformed to EPSG:4326,official_coordinate,인천광역시,171852.725973721    ,440109.242335849    
3510500-102-2010-00004,준코뮤직타운 주안1호점,유흥주점영업,간이주점,"인천광역시 미추홀구 주안로104번길 8, 2층 (주안동)",37.46359484086383,126.68105659053724,,2026-09-06,https://www.data.go.kr/data/15045018/fileData.do,https://file.localdata.go.kr/file/download/entertainment_bars/info,영업/정상,2026-06-19 03:03:03,2026-06-18 17:23:44,EPSG:5174 original transformed to EPSG:4326,official_coordinate,인천광역시,171713.5405025      ,440206.556198418    
3510500-102-2010-00005,V.I.P(브이아이피),유흥주점영업,룸살롱,"인천광역시 미추홀구 낙섬서로49번길 18, 지하1층 (용현동)",37.454279337980346,126.63551371312408,,2026-09-06,https://www.data.go.kr/data/15045018/fileData.do,https://file.localdata.go.kr/file/download/entertainment_bars/info,영업/정상,2026-05-07 22:48:09,2025-06-05 11:08:53,EPSG:5174 original transformed to EPSG:4326,official_coordinate,인천광역시,167680.368423321    ,439187.329747496    
3510500-102-2011-00002,명품노래짱,유흥주점영업,룸살롱,인천광역시 미추홀구 석바위로 140 (주안동),37.45965035287252,126.6882831711826,,2026-09-06,https://www.data.go.kr/data/15045018/fileData.do,https://file.localdata.go.kr/file/download/entertainment_bars/info,영업/정상,2026-05-07 22:48:09,2020-10-13 18:50:10,EPSG:5174 original transformed to EPSG:4326,official_coordinate,인천광역시,172351.416372846    ,439766.616322036    
3510500-102-2011-00004,가족노래밤,유흥주점영업,룸살롱,"인천광역시 미추홀구 경원대로851번길 27, 2층 (주안동)",37.45873655101035,126.68781058967382,,2026-09-06,https://www.data.go.kr/data/15045018/fileData.do,https://file.localdata.go.kr/file/download/entertainment_bars/info,영업/정상,2026-05-07 22:48:09,2025-11-03 09:27:32,EPSG:5174 original transformed to EPSG:4326,official_coordinate,인천광역시,172309.267451845    ,439665.334748428    
3510500-102-2011-00005,준코뮤직타운 주안2호점,유흥주점영업,기타,"인천광역시 미추홀구 주안로104번길 8, 3층 301호 (주안동)",37.46359484086383,126.68105659053724,,2026-09-06,https://www.data.go.kr/data/15045018/fileData.do,https://file.localdata.go.kr/file/download/entertainment_bars/info,영업/정상,2026-06-19 03:03:03,2026-06-18 17:23:34,EPSG:5174 original transformed to EPSG:4326,official_coordinate,인천광역시,171713.5405025      ,440206.556198418    
3510500-102-2011-00006,팡팡노래밤,유흥주점영업,룸살롱,인천광역시 미추홀구 주안동로 17 (주안동),37.45973758349267,126.68571026841104,,2026-09-06,https://www.data.go.kr/data/15045018/fileData.do,https://file.localdata.go.kr/file/download/entertainment_bars/info,영업/정상,2026-05-07 22:48:09,2024-10-18 13:39:30,EPSG:5174 original transformed to EPSG:4326,official_coordinate,인천광역시,172123.81363012     ,439777.057794425    
3510500-102-2011-00007,와우뮤직뱅크,유흥주점영업,룸살롱,인천광역시 미추홀구 미추홀대로734번길 20 (주안동),37.462878384244505,126.68149857062036,,2026-09-06,https://www.data.go.kr/data/15045018/fileData.do,https://file.localdata.go.kr/file/download/entertainment_bars/info,영업/정상,2026-05-07 22:48:09,2024-11-20 10:21:10,EPSG:5174 original transformed to EPSG:4326,official_coordinate,인천광역시,171752.372103352    ,440126.905391132    
3510500-102-2011-00008,에이스 노래밤,유흥주점영업,룸살롱,"인천광역시 미추홀구 주안로104번길 25, 지하1층 (주안동)",37.46276637651268,126.68153853614601,,2026-09-06,https://www.data.go.kr/data/15045018/fileData.do,https://file.localdata.go.kr/file/download/entertainment_bars/info,영업/정상,2026-05-07 22:48:09,2025-08-29 17:35:16,EPSG:5174 original transformed to EPSG:4326,official_coordinate,인천광역시,171755.865639462    ,440114.461899502    
3510500-102-2011-00010,로얄가요방,유흥주점영업,룸살롱,"인천광역시 미추홀구 경원대로851번길 24, 지하1층 (주안동)",37.459050737762176,126.68803104750172,,2026-09-06,https://www.data.go.kr/data/15045018/fileData.do,https://file.localdata.go.kr/file/download/entertainment_bars/info,영업/정상,2026-05-07 22:48:09,2022-06-13 14:58:58,EPSG:5174 original transformed to EPSG:4326,official_coordinate,인천광역시,172328.888521597    ,439700.140661711    
3510500-102-2011-00012,궁노래,유흥주점영업,기타,"인천광역시 미추홀구 주안동로 15, 지하1층 (주안동)",37.45954517939526,126.68573853312625,,2026-09-06,https://www.data.go.kr/data/15045018/fileData.do,https://file.localdata.go.kr/file/download/entertainment_bars/info,영업/정상,2026-05-07 22:48:09,2024-11-21 17:05:51,EPSG:5174 original transformed to EPSG:4326,official_coordinate,인천광역시,172126.242745543    ,439755.694936774    
3510500-102-2012-00001,콜라 노래밤,유흥주점영업,룸살롱,"인천광역시 미추홀구 주안로104번길 12, 지하1층 (주안동)",37.463423768203654,126.68111743240715,,2026-09-06,https://www.data.go.kr/data/15045018/fileData.do,https://file.localdata.go.kr/file/download/entertainment_bars/info,영업/정상,2026-05-07 22:48:10,2025-08-07 17:08:55,EPSG:5174 original transformed to EPSG:4326,official_coordinate,인천광역시,171718.85857089     ,440187.550924931    
3510500-102-2008-00005,발렌타인가요방,유흥주점영업,룸살롱,"인천광역시 미추홀구 주안로104번길 7, 지하1층 (주안동)",37.46347582271675,126.68142610649525,,2026-09-06,https://www.data.go.kr/data/15045018/fileData.do,https://file.localdata.go.kr/file/download/entertainment_bars/info,영업/정상,2026-05-07 22:48:08,2022-06-13 14:56:09,EPSG:5174 original transformed to EPSG:4326,official_coordinate,인천광역시,171746.186488494    ,440193.235501235    
3510500-102-2008-00009,꼭지노래팡,유흥주점영업,룸살롱,"인천광역시 미추홀구 주안동로 7 (주안동,(2층))",37.45883049797748,126.68566365564642,,2026-09-06,https://www.data.go.kr/data/15045018/fileData.do,https://file.localdata.go.kr/file/download/entertainment_bars/info,영업/정상,2026-05-07 22:48:08,2024-10-16 17:22:47,EPSG:5174 original transformed to EPSG:4326,official_coordinate,인천광역시,172119.352090993    ,439676.39635116     
3510500-102-2009-00001,(아시아)다국적 노래클럽,유흥주점영업,룸살롱,인천광역시 미추홀구 토금중로3번길 6 (용현동),37.45444413509798,126.63449203889476,,2026-09-06,https://www.data.go.kr/data/15045018/fileData.do,https://file.localdata.go.kr/file/download/entertainment_bars/info,영업/정상,2026-05-07 22:48:08,2023-12-04 11:05:30,EPSG:5174 original transformed to EPSG:4326,official_coordinate,인천광역시,167590.0413926      ,439205.97183857     
3510500-102-2009-00002,가나노래짱,유흥주점영업,룸살롱,인천광역시 미추홀구 경원대로851번길 27 (주안동),37.45873655101035,126.68781058967382,,2026-09-06,https://www.data.go.kr/data/15045018/fileData.do,https://file.localdata.go.kr/file/download/entertainment_bars/info,영업/정상,2026-05-07 22:48:08,2025-11-03 09:26:20,EPSG:5174 original transformed to EPSG:4326,official_coordinate,인천광역시,172309.267451845    ,439665.334748428    
3510500-102-2009-00005,이벤트 노래바,유흥주점영업,룸살롱,인천광역시 미추홀구 경원대로851번길 10 (주안동),37.458919544669,126.68880978814278,,2026-09-06,https://www.data.go.kr/data/15045018/fileData.do,https://file.localdata.go.kr/file/download/entertainment_bars/info,영업/정상,2026-05-07 22:48:08,2026-02-10 10:58:26,EPSG:5174 original transformed to EPSG:4326,official_coordinate,인천광역시,172397.73909841     ,439685.350881312    
3510500-102-2005-00003,별노래짱,유흥주점영업,룸살롱,인천광역시 미추홀구 주안로 78 (주안동),37.46390545225013,126.67824071229722,,2026-09-06,https://www.data.go.kr/data/15045018/fileData.do,https://file.localdata.go.kr/file/download/entertainment_bars/info,영업/정상,2026-05-07 22:48:08,2025-10-22 15:55:09,EPSG:5174 original transformed to EPSG:4326,official_coordinate,인천광역시,171464.539620566    ,440241.881435212    
3510500-102-2005-00007,여정,유흥주점영업,간이주점,인천광역시 미추홀구 인주대로 104 (용현동),37.45656234773106,126.64867610642644,,2026-09-06,https://www.data.go.kr/data/15045018/fileData.do,https://file.localdata.go.kr/file/download/entertainment_bars/info,영업/정상,2026-05-07 22:48:08,2025-02-21 14:16:36,EPSG:5174 original transformed to EPSG:4326,official_coordinate,인천광역시,168845.932620702    ,439436.27310373     
3510500-102-2005-00008,놀이터,유흥주점영업,룸살롱,"인천광역시 미추홀구 미추홀대로734번길 26-1 (주안동,2층)",37.46276283476872,126.68186309576825,,2026-09-06,https://www.data.go.kr/data/15045018/fileData.do,https://file.localdata.go.kr/file/download/entertainment_bars/info,영업/정상,2026-05-07 22:48:08,2020-10-13 18:42:29,EPSG:5174 original transformed to EPSG:4326,official_coordinate,인천광역시,171784.578230836    ,440113.971327931    
3510500-102-2005-00009,친구노래밤,유흥주점영업,룸살롱,"인천광역시 미추홀구 제일로 39 (도화동,지하1층)",37.45907674431124,126.6746372219031,,2026-09-06,https://www.data.go.kr/data/15045018/fileData.do,https://file.localdata.go.kr/file/download/entertainment_bars/info,영업/정상,2026-05-07 22:48:08,2024-05-03 15:46:40,EPSG:5174 original transformed to EPSG:4326,official_coordinate,인천광역시,171143.882552333    ,439707.054374882    
3510500-102-2006-00003,별노래바,유흥주점영업,룸살롱,"인천광역시 미추홀구 능해길 5 (숭의동,2층 202호)",37.459820266673496,126.63819715027526,,2026-09-06,https://www.data.go.kr/data/15045018/fileData.do,https://file.localdata.go.kr/file/download/entertainment_bars/info,영업/정상,2026-05-07 22:48:08,2025-06-10 12:01:40,EPSG:5174 original transformed to EPSG:4326,official_coordinate,인천광역시,167920.17183992     ,439801.385925689    
3510500-102-2006-00004,수,유흥주점영업,룸살롱,"인천광역시 미추홀구 미추홀대로734번길 29, 지하1층 (주안동)",37.46312490260151,126.68204692080059,,2026-09-06,https://www.data.go.kr/data/15045018/fileData.do,https://file.localdata.go.kr/file/download/entertainment_bars/info,영업/정상,2026-05-07 22:48:08,2020-10-13 18:43:20,EPSG:5174 original transformed to EPSG:4326,official_coordinate,인천광역시,171800.977586873    ,440154.101238132    
3510500-102-2006-00005,가나노래타운,유흥주점영업,룸살롱,인천광역시 미추홀구 경원대로851번길 27 (주안동),37.45873655101035,126.68781058967382,,2026-09-06,https://www.data.go.kr/data/15045018/fileData.do,https://file.localdata.go.kr/file/download/entertainment_bars/info,영업/정상,2026-05-07 22:48:08,2025-11-03 09:26:44,EPSG:5174 original transformed to EPSG:4326,official_coordinate,인천광역시,172309.267451845    ,439665.334748428    
3510500-102-2007-00003,숭의노래광장,유흥주점영업,간이주점,"인천광역시 미추홀구 미추로 27 (숭의동,지하1층)",37.46255733690031,126.64685631257002,,2026-09-06,https://www.data.go.kr/data/15045018/fileData.do,https://file.localdata.go.kr/file/download/entertainment_bars/info,영업/정상,2026-05-07 22:48:08,2020-10-13 18:43:56,EPSG:5174 original transformed to EPSG:4326,official_coordinate,인천광역시,168687.42606092     ,440102.24799272     
3510500-102-2007-00004,아싸노래팡,유흥주점영업,기타,인천광역시 미추홀구 경원대로851번길 56 (주안동),37.45900048259477,126.68621608127947,,2026-09-06,https://www.data.go.kr/data/15045018/fileData.do,https://file.localdata.go.kr/file/download/entertainment_bars/info,영업/정상,2026-05-07 22:48:08,2020-10-13 18:44:37,EPSG:5174 original transformed to EPSG:4326,official_coordinate,인천광역시,172168.291112899    ,439695.098823285    
3510500-102-2007-00005,스타노래뱅크,유흥주점영업,기타,인천광역시 미추홀구 주안로104번길 13 (주안동),37.463234064691264,126.68144867854178,,2026-09-06,https://www.data.go.kr/data/15045018/fileData.do,https://file.localdata.go.kr/file/download/entertainment_bars/info,영업/정상,2026-05-07 22:48:08,2023-10-05 10:53:38,EPSG:5174 original transformed to EPSG:4326,official_coordinate,인천광역시,171748.092261878    ,440166.396545127    
3510500-102-2007-00006,비투노래타운,유흥주점영업,기타,"인천광역시 미추홀구 주안로104번길 24, 지하2층 1호 (주안동)",37.462827568567306,126.68103129334293,,2026-09-06,https://www.data.go.kr/data/15045018/fileData.do,https://file.localdata.go.kr/file/download/entertainment_bars/info,영업/정상,2026-05-07 22:48:08,2024-11-18 16:01:48,EPSG:5174 original transformed to EPSG:4326,official_coordinate,인천광역시,171711.012761654    ,440121.406013881    
3510500-102-2007-00007,25시,유흥주점영업,룸살롱,"인천광역시 미추홀구 미추홀대로734번길 37, 지하1층 (주안동)",37.463077939571775,126.68262594469743,,2026-09-06,https://www.data.go.kr/data/15045018/fileData.do,https://file.localdata.go.kr/file/download/entertainment_bars/info,영업/정상,2026-05-07 22:48:08,2020-08-18 21:25:34,EPSG:5174 original transformed to EPSG:4326,official_coordinate,인천광역시,171852.186182842    ,440148.715354249    
3510500-102-2007-00008,하프노래밤,유흥주점영업,룸살롱,"인천광역시 미추홀구 석바위로 138, 지하1층 (주안동)",37.459655181135496,126.688115924245,,2026-09-06,https://www.data.go.kr/data/15045018/fileData.do,https://file.localdata.go.kr/file/download/entertainment_bars/info,영업/정상,2026-08-01 22:47:10,2020-10-13 18:45:20,EPSG:5174 original transformed to EPSG:4326,official_coordinate,인천광역시,172336.621137606    ,439767.201409891    
3510500-102-2007-00009,코리아노래빠,유흥주점영업,룸살롱,"인천광역시 미추홀구 경원대로851번길 51, 지하1층 (주안동)",37.458774604602326,126.68639153406082,,2026-09-06,https://www.data.go.kr/data/15045018/fileData.do,https://file.localdata.go.kr/file/download/entertainment_bars/info,영업/정상,2026-05-07 22:48:08,2017-11-17 10:10:47,EPSG:5174 original transformed to EPSG:4326,official_coordinate,인천광역시,172183.730416549    ,439669.977226219    
3510500-102-2007-00010,놀이터노래바,유흥주점영업,룸살롱,"인천광역시 미추홀구 경원대로851번길 58 (주안동,1층)",37.45900063545103,126.68606728096609,,2026-09-06,https://www.data.go.kr/data/15045018/fileData.do,https://file.localdata.go.kr/file/download/entertainment_bars/info,영업/정상,2026-05-07 22:48:08,2025-12-02 09:16:09,EPSG:5174 original transformed to EPSG:4326,official_coordinate,인천광역시,172155.126085196    ,439695.159858448    
3510500-102-2007-00011,노바노래타운,유흥주점영업,룸살롱,"인천광역시 미추홀구 주안로104번길 7, 2층층 (주안동)",37.46347582271675,126.68142610649525,,2026-09-06,https://www.data.go.kr/data/15045018/fileData.do,https://file.localdata.go.kr/file/download/entertainment_bars/info,영업/정상,2026-05-07 22:48:08,2025-06-24 14:45:12,EPSG:5174 original transformed to EPSG:4326,official_coordinate,인천광역시,171746.186488494    ,440193.235501235    
3510500-102-2008-00001,따봉노래,유흥주점영업,스텐드바,"인천광역시 미추홀구 경인로435번길 14, 2층 (주안동)",37.45869286379937,126.68884389360939,,2026-09-06,https://www.data.go.kr/data/15045018/fileData.do,https://file.localdata.go.kr/file/download/entertainment_bars/info,영업/정상,2026-06-23 03:03:03,2024-11-25 09:17:01,EPSG:5174 original transformed to EPSG:4326,official_coordinate,인천광역시,172400.673080567    ,439660.182098699    
3510500-102-2008-00003,부킹 노래바,유흥주점영업,룸살롱,"인천광역시 미추홀구 토금남로 8, 2층 (용현동)",37.45271907840331,126.6334430239113,,2026-09-06,https://www.data.go.kr/data/15045018/fileData.do,https://file.localdata.go.kr/file/download/entertainment_bars/info,영업/정상,2026-05-07 22:48:08,2022-04-21 16:25:29,EPSG:5174 original transformed to EPSG:4326,official_coordinate,인천광역시,167496.476274724    ,439014.873869004    
3510500-102-2001-00045,다국적노래클럽,유흥주점영업,룸살롱,"인천광역시 미추홀구 주안로104번길 34, 지하1층 (주안동)",37.46243046301791,126.68093512152124,,2026-09-06,https://www.data.go.kr/data/15045018/fileData.do,https://file.localdata.go.kr/file/download/entertainment_bars/info,영업/정상,2026-05-07 22:48:05,2025-08-13 14:43:34,EPSG:5174 original transformed to EPSG:4326,official_coordinate,인천광역시,171702.354422299    ,440077.36113104     
3510500-102-2001-00047,옐로우 노래짱,유흥주점영업,룸살롱,인천광역시 미추홀구 제물량로4번길 34 (숭의동),37.46243050620103,126.63946660738512,,2026-09-06,https://www.data.go.kr/data/15045018/fileData.do,https://file.localdata.go.kr/file/download/entertainment_bars/info,영업/정상,2026-05-07 22:48:06,2025-04-28 13:09:04,EPSG:5174 original transformed to EPSG:4326,official_coordinate,인천광역시,168033.599148389    ,440090.658294213    
3510500-102-2001-00049,만남,유흥주점영업,간이주점,인천광역시 미추홀구 인주대로 102-1 (용현동),37.45660530442423,126.6484810530484,,2026-09-06,https://www.data.go.kr/data/15045018/fileData.do,https://file.localdata.go.kr/file/download/entertainment_bars/info,영업/정상,2026-05-07 22:48:06,2025-07-16 13:03:18,EPSG:5174 original transformed to EPSG:4326,official_coordinate,인천광역시,168828.692590339    ,439441.105415864    
3510500-102-2001-00050,수 노래,유흥주점영업,룸살롱,"인천광역시 미추홀구 석바위로 49 (주안동,2층)",37.46091355540283,126.67865320710594,,2026-09-06,https://www.data.go.kr/data/15045018/fileData.do,https://file.localdata.go.kr/file/download/entertainment_bars/info,영업/정상,2026-05-07 22:48:06,2020-10-13 18:37:45,EPSG:5174 original transformed to EPSG:4326,official_coordinate,인천광역시,171499.894594137    ,439909.692513434    
3510500-102-2026-00001,미라클,유흥주점영업,노래클럽,"인천광역시 미추홀구 미추홀대로722번길 21-1, 장원빌딩 3층 전체호 (주안동)",37.46191006592498,126.68170313209242,,2026-09-06,https://www.data.go.kr/data/15045018/fileData.do,https://file.localdata.go.kr/file/download/entertainment_bars/info,영업/정상,2026-07-28 22:47:10,2026-07-27 16:33:33,EPSG:5174 original transformed to EPSG:4326,official_coordinate,인천광역시,171770.104863999    ,440019.372511856    
3510500-102-2026-00002,시그널,유흥주점영업,노래클럽,"인천광역시 미추홀구 미추홀대로722번길 21-1, 장원빌딩 4층 전체호 (주안동)",37.46191006592498,126.68170313209242,,2026-09-06,https://www.data.go.kr/data/15045018/fileData.do,https://file.localdata.go.kr/file/download/entertainment_bars/info,영업/정상,2026-07-28 22:47:10,2026-07-27 16:38:40,EPSG:5174 original transformed to EPSG:4326,official_coordinate,인천광역시,171770.104863999    ,440019.372511856    
3510500-102-2026-00003,블랙홀,유흥주점영업,노래클럽,"인천광역시 미추홀구 미추홀대로722번길 21-1, 장원빌딩 2층 전체호 (주안동)",37.46191006592498,126.68170313209242,,2026-09-06,https://www.data.go.kr/data/15045018/fileData.do,https://file.localdata.go.kr/file/download/entertainment_bars/info,영업/정상,2026-07-28 22:47:10,2026-07-27 16:42:26,EPSG:5174 original transformed to EPSG:4326,official_coordinate,인천광역시,171770.104863999    ,440019.372511856    
3510500-102-1982-00003,쭈노래밤,유흥주점영업,룸살롱,인천광역시 미추홀구 경인로 334-13 (주안동),37.45821195693402,126.67723934936144,,2026-09-06,https://www.data.go.kr/data/15045018/fileData.do,https://file.localdata.go.kr/file/download/entertainment_bars/info,영업/정상,2026-05-07 22:47:36,2025-05-13 11:22:42,EPSG:5174 original transformed to EPSG:4326,official_coordinate,인천광역시,171373.774838873    ,439610.278061749    
3510500-102-1983-00003,제우스,유흥주점영업,룸살롱,"인천광역시 미추홀구 주안로 102-1 (주안동,(지하1층))",37.4637911057315,126.6810853782914,,2026-09-06,https://www.data.go.kr/data/15045018/fileData.do,https://file.localdata.go.kr/file/download/entertainment_bars/info,영업/정상,2026-05-07 22:47:38,2020-10-13 17:51:45,EPSG:5174 original transformed to EPSG:4326,official_coordinate,인천광역시,171716.161434473    ,440228.330525675    
3510500-102-1983-00004,물래방아,유흥주점영업,룸살롱,인천광역시 미추홀구 경원대로 854 (주안동),37.458922635345544,126.68981537815361,,2026-09-06,https://www.data.go.kr/data/15045018/fileData.do,https://file.localdata.go.kr/file/download/entertainment_bars/info,영업/정상,2026-05-30 03:03:03,2026-05-29 15:07:09,EPSG:5174 original transformed to EPSG:4326,official_coordinate,인천광역시,172486.709741299    ,439685.399078495    
3510500-102-2000-00014,여비서,유흥주점영업,간이주점,인천광역시 미추홀구 인주대로 110 (용현2동 509-12) (용현동),37.456314104748756,126.64923019999671,,2026-09-06,https://www.data.go.kr/data/15045018/fileData.do,https://file.localdata.go.kr/file/download/entertainment_bars/info,영업/정상,2026-05-07 22:47:55,2025-02-21 14:14:17,EPSG:5174 original transformed to EPSG:4326,official_coordinate,인천광역시,168894.854585078    ,439408.537737722    
3510500-102-2000-00017,동반자,유흥주점영업,간이주점,"인천광역시 미추홀구 인주대로 106 (용현동,2호)",37.45649348360969,126.64876816740633,,2026-09-06,https://www.data.go.kr/data/15045018/fileData.do,https://file.localdata.go.kr/file/download/entertainment_bars/info,영업/정상,2026-05-07 22:47:56,2020-10-13 18:25:10,EPSG:5174 original transformed to EPSG:4326,official_coordinate,인천광역시,168854.049358669    ,439428.599534192    
3510500-102-2000-00019,로즈마리,유흥주점영업,간이주점,"인천광역시 미추홀구 인주대로 106-1 (용현동,3호)",37.45644661269486,126.6488877662539,,2026-09-06,https://www.data.go.kr/data/15045018/fileData.do,https://file.localdata.go.kr/file/download/entertainment_bars/info,영업/정상,2026-05-07 22:47:56,2020-10-13 18:25:24,EPSG:5174 original transformed to EPSG:4326,official_coordinate,인천광역시,168864.611742018    ,439423.357828342    
3510500-102-2000-00024,콜노래클럽,유흥주점영업,룸살롱,인천광역시 미추홀구 낙섬서로 51 (용현동),37.453949293253466,126.63621333490083,,2026-09-06,https://www.data.go.kr/data/15045018/fileData.do,https://file.localdata.go.kr/file/download/entertainment_bars/info,영업/정상,2026-05-07 22:47:56,2020-10-13 18:25:52,EPSG:5174 original transformed to EPSG:4326,official_coordinate,인천광역시,167742.129308707    ,439150.458618635    
3510500-102-2000-00025,청춘5060라이브,유흥주점영업,스텐드바,"인천광역시 미추홀구 석바위로 49-1, 지하1층 (주안동)",37.46092850106183,126.6784632460195,,2026-09-06,https://www.data.go.kr/data/15045018/fileData.do,https://file.localdata.go.kr/file/download/entertainment_bars/info,영업/정상,2026-07-23 22:47:10,2026-07-22 14:50:33,EPSG:5174 original transformed to EPSG:4326,official_coordinate,인천광역시,171483.093929718    ,439911.408911903    
3510500-102-2000-00032,마리안노래클럽,유흥주점영업,룸살롱,"인천광역시 미추홀구 석바위로 129 (주안동,지하1층)",37.459926373574284,126.6872611491824,,2026-09-06,https://www.data.go.kr/data/15045018/fileData.do,https://file.localdata.go.kr/file/download/entertainment_bars/info,영업/정상,2026-05-07 22:47:57,2024-11-21 15:15:32,EPSG:5174 original transformed to EPSG:4326,official_coordinate,인천광역시,172261.096109898    ,439797.552333959    
3510500-102-2000-00037,다예,유흥주점영업,간이주점,인천광역시 미추홀구 인주대로 110 (용현2동 509-8) (용현동),37.4563486815483,126.64914086733107,,2026-09-06,https://www.data.go.kr/data/15045018/fileData.do,https://file.localdata.go.kr/file/download/entertainment_bars/info,영업/정상,2026-05-07 22:47:58,2020-10-13 18:27:27,EPSG:5174 original transformed to EPSG:4326,official_coordinate,인천광역시,168886.964953481    ,439412.404893756    
3510500-102-2000-00041,코코수,유흥주점영업,룸살롱,"인천광역시 미추홀구 석바위로 121, 1층 (주안동)",37.459973712787246,126.68629226915017,,2026-09-06,https://www.data.go.kr/data/15045018/fileData.do,https://file.localdata.go.kr/file/download/entertainment_bars/info,영업/정상,2026-05-07 22:47:58,2025-12-05 10:33:40,EPSG:5174 original transformed to EPSG:4326,official_coordinate,인천광역시,172175.393238418    ,439803.092778121    
3510500-102-2000-00043,싸이,유흥주점영업,룸살롱,"인천광역시 미추홀구 경원대로851번길 지하 52, 지하1층 (주안동)",37.45897852341632,126.6864057710118,,2026-09-06,https://www.data.go.kr/data/15045018/fileData.do,https://file.localdata.go.kr/file/download/entertainment_bars/info,영업/정상,2026-05-07 22:47:59,2023-06-23 09:28:12,EPSG:5174 original transformed to EPSG:4326,official_coordinate,인천광역시,172185.065730634    ,439692.605476324    
3510500-102-2000-00053,황금마차,유흥주점영업,룸살롱,"인천광역시 미추홀구 경인로 146 (숭의동,(2층))",37.46606403604008,126.65878474509724,,2026-09-06,https://www.data.go.kr/data/15045018/fileData.do,https://file.localdata.go.kr/file/download/entertainment_bars/info,영업/정상,2026-05-07 22:47:59,2020-11-17 10:21:04,EPSG:5174 original transformed to EPSG:4326,official_coordinate,인천광역시,169744.159262116    ,440487.542578953    
3510500-102-1990-00013,와와 노래밤,유흥주점영업,룸살롱,인천광역시 미추홀구 석바위로 125 (주안동),37.45996665566178,126.68670268747333,,2026-09-06,https://www.data.go.kr/data/15045018/fileData.do,https://file.localdata.go.kr/file/download/entertainment_bars/info,영업/정상,2026-05-23 03:03:03,2026-05-22 13:38:32,EPSG:5174 original transformed to EPSG:4326,official_coordinate,인천광역시,172211.701847276    ,439802.188107349    
3510500-102-1990-00015,백야노래클럽,유흥주점영업,룸살롱,"인천광역시 미추홀구 석바위로 129, 지하1층 (주안동)",37.459926373574284,126.6872611491824,,2026-09-06,https://www.data.go.kr/data/15045018/fileData.do,https://file.localdata.go.kr/file/download/entertainment_bars/info,영업/정상,2026-05-07 22:47:49,2020-10-13 17:58:49,EPSG:5174 original transformed to EPSG:4326,official_coordinate,인천광역시,172261.096109898    ,439797.552333959    
3510500-102-1990-00016,커플,유흥주점영업,룸살롱,"인천광역시 미추홀구 경인로435번길 34, 지하1층 (주안동)",37.45954265201855,126.68885711635787,,2026-09-06,https://www.data.go.kr/data/15045018/fileData.do,https://file.localdata.go.kr/file/download/entertainment_bars/info,영업/정상,2026-05-07 22:47:49,2023-09-14 17:00:46,EPSG:5174 original transformed to EPSG:4326,official_coordinate,인천광역시,172402.155969998    ,439754.494183464    
3510500-102-1990-00017,꿀노래바,유흥주점영업,룸살롱,인천광역시 미추홀구 미추홀대로 720 (주안동),37.46166419513172,126.6804969942801,,2026-09-06,https://www.data.go.kr/data/15045018/fileData.do,https://file.localdata.go.kr/file/download/entertainment_bars/info,영업/정상,2026-05-07 22:47:49,2022-10-24 17:00:33,EPSG:5174 original transformed to EPSG:4326,official_coordinate,인천광역시,171663.303140558    ,439992.446822049    
3510500-102-1995-00007,코리아관광나이트,유흥주점영업,관광호텔나이트(디스코),인천광역시 미추홀구 경인로 392 (주안동),37.45780877658054,126.68345889528376,,2026-09-06,https://www.data.go.kr/data/15045018/fileData.do,https://file.localdata.go.kr/file/download/entertainment_bars/info,영업/정상,2026-05-07 22:47:50,2025-06-02 16:57:03,EPSG:5174 original transformed to EPSG:4326,official_coordinate,인천광역시,171923.902989232    ,439563.654182858    
3510500-102-1996-00004,비너스,유흥주점영업,룸살롱,인천광역시 미추홀구 석바위로 135-1 (주안동),37.45994073325681,126.68796350528774,,2026-09-06,https://www.data.go.kr/data/15045018/fileData.do,https://file.localdata.go.kr/file/download/entertainment_bars/info,영업/정상,2026-05-07 22:47:51,2026-02-24 10:24:56,EPSG:5174 original transformed to EPSG:4326,official_coordinate,인천광역시,172323.241492592    ,439798.93903337     
3510500-102-1996-00005,미네르바,유흥주점영업,룸살롱,"인천광역시 미추홀구 석바위로 126, 2층 (주안동)",37.459694120377684,126.68673872795837,,2026-09-06,https://www.data.go.kr/data/15045018/fileData.do,https://file.localdata.go.kr/file/download/entertainment_bars/info,영업/정상,2026-05-07 22:47:51,2025-10-29 14:23:32,EPSG:5174 original transformed to EPSG:4326,official_coordinate,인천광역시,172214.789417232    ,439771.929406436    
3510500-102-1996-00007,짱노래짱,유흥주점영업,룸살롱,인천광역시 미추홀구 석바위로 134 (주안동),37.4596400703143,126.68762849668636,,2026-09-06,https://www.data.go.kr/data/15045018/fileData.do,https://file.localdata.go.kr/file/download/entertainment_bars/info,영업/정상,2026-05-07 22:47:51,2023-02-06 15:01:59,EPSG:5174 original transformed to EPSG:4326,official_coordinate,인천광역시,172293.490850543    ,439765.667865261    
3510500-102-1998-00007,팡팡노래하우스,유흥주점영업,룸살롱,"인천광역시 미추홀구 능해길 8, 지하2호 (용현동)",37.459499118244885,126.63819795863593,,2026-09-06,https://www.data.go.kr/data/15045018/fileData.do,https://file.localdata.go.kr/file/download/entertainment_bars/info,영업/정상,2026-06-23 22:47:10,2020-10-13 17:59:32,EPSG:5174 original transformed to EPSG:4326,official_coordinate,인천광역시,167920.10590111     ,439765.742099194    
3510500-102-1998-00010,짱가노래밤,유흥주점영업,룸살롱,인천광역시 미추홀구 석바위로 지하 75 (주안동),37.46118025326937,126.68157027367445,,2026-09-06,https://www.data.go.kr/data/15045018/fileData.do,https://file.localdata.go.kr/file/download/entertainment_bars/info,영업/정상,2026-05-07 22:47:53,2023-06-08 14:44:20,EPSG:5174 original transformed to EPSG:4326,official_coordinate,인천광역시,171758.075596402    ,439938.412209346    
3510500-102-1999-00003,탑노래클럽,유흥주점영업,룸살롱,"인천광역시 미추홀구 주안로104번길 61, 2층 (주안동)",37.4611877863011,126.68139904541447,,2026-09-06,https://www.data.go.kr/data/15045018/fileData.do,https://file.localdata.go.kr/file/download/entertainment_bars/info,영업/정상,2026-05-07 22:47:53,2026-02-11 14:52:15,EPSG:5174 original transformed to EPSG:4326,official_coordinate,인천광역시,171742.929481706    ,439939.299745439    
3510500-102-1999-00017,킹노래바,유흥주점영업,룸살롱,"인천광역시 미추홀구 석바위로 46 (주안동,지하1층)",37.46060761798589,126.67817983684242,,2026-09-06,https://www.data.go.kr/data/15045018/fileData.do,https://file.localdata.go.kr/file/download/entertainment_bars/info,영업/정상,2026-05-07 22:47:54,2026-03-25 15:57:01,EPSG:5174 original transformed to EPSG:4326,official_coordinate,인천광역시,171457.897753193    ,439875.880864927    
3510500-102-2025-00002,브이아이피클럽주안(VIP CLUB JUAN),유흥주점영업,노래클럽,"인천광역시 미추홀구 주안로104번길 5, 지하1층 (주안동)",37.4636315098149,126.68144768955551,,2026-09-06,https://www.data.go.kr/data/15045018/fileData.do,https://file.localdata.go.kr/file/download/entertainment_bars/info,영업/정상,2026-05-07 22:48:15,2025-12-17 09:50:20,EPSG:5174 original transformed to EPSG:4326,official_coordinate,인천광역시,171748.154642344    ,440210.508369313    
3510500-102-2002-00002,영타운 ,유흥주점영업,룸살롱,"인천광역시 미추홀구 미추홀대로734번길 20 (주안동,(3층))",37.462878384244505,126.68149857062036,,2026-09-06,https://www.data.go.kr/data/15045018/fileData.do,https://file.localdata.go.kr/file/download/entertainment_bars/info,영업/정상,2026-05-07 22:48:07,2023-09-14 11:35:54,EPSG:5174 original transformed to EPSG:4326,official_coordinate,인천광역시,171752.372103352    ,440126.905391132    
3510500-102-2002-00007,애플,유흥주점영업,룸살롱,"인천광역시 미추홀구 미추홀대로734번길 25-16 (주안동,(지하1층))",37.46347072328737,126.68215108294132,,2026-09-06,https://www.data.go.kr/data/15045018/fileData.do,https://file.localdata.go.kr/file/download/entertainment_bars/info,영업/정상,2026-05-07 22:48:07,2025-06-13 10:34:31,EPSG:5174 original transformed to EPSG:4326,official_coordinate,인천광역시,171810.322932284    ,440192.451838696    
3510500-102-2002-00009,벌떼미인클럽,유흥주점영업,룸살롱,인천광역시 미추홀구 경인로 9 (숭의동),37.4630533893435,126.64446661864902,,2026-09-06,https://www.data.go.kr/data/15045018/fileData.do,https://file.localdata.go.kr/file/download/entertainment_bars/info,영업/정상,2026-05-07 22:48:07,2020-10-13 18:38:17,EPSG:5174 original transformed to EPSG:4326,official_coordinate,인천광역시,168476.216717369    ,440158.10239851     
3510500-102-2002-00016,베트남 다국적 노래클럽,유흥주점영업,룸살롱,인천광역시 미추홀구 미추홀대로722번길 17 (주안동),37.461918413674,126.68149107731222,,2026-09-06,https://www.data.go.kr/data/15045018/fileData.do,https://file.localdata.go.kr/file/download/entertainment_bars/info,영업/정상,2026-05-07 22:48:07,2025-08-13 14:29:01,EPSG:5174 original transformed to EPSG:4326,official_coordinate,인천광역시,171751.347222505    ,440020.362720044    
3510500-102-2002-00019,코리아나,유흥주점영업,스텐드바,"인천광역시 미추홀구 제일로 42 (도화동,(지하1층))",37.458560441519694,126.67479642476273,,2026-09-06,https://www.data.go.kr/data/15045018/fileData.do,https://file.localdata.go.kr/file/download/entertainment_bars/info,영업/정상,2026-05-07 22:48:07,2020-10-13 18:38:36,EPSG:5174 original transformed to EPSG:4326,official_coordinate,인천광역시,171157.769268432    ,439649.702282618    
3510500-102-2002-00025,콘서트뮤직클럽,유흥주점영업,룸살롱,"인천광역시 미추홀구 석바위로 142 (주안동,(지하1층))",37.4596773089075,126.6884608840127,,2026-09-06,https://www.data.go.kr/data/15045018/fileData.do,https://file.localdata.go.kr/file/download/entertainment_bars/info,영업/정상,2026-05-07 22:48:07,2020-10-13 18:38:48,EPSG:5174 original transformed to EPSG:4326,official_coordinate,인천광역시,172367.149292278    ,439769.555847277    
3510500-102-2002-00030,영영,유흥주점영업,간이주점,"인천광역시 미추홀구 독배로 433-27 (용현동,(101호))",37.45788932456426,126.64836658092878,,2026-09-06,https://www.data.go.kr/data/15045018/fileData.do,https://file.localdata.go.kr/file/download/entertainment_bars/info,영업/정상,2026-05-07 22:48:07,2020-10-13 18:39:01,EPSG:5174 original transformed to EPSG:4326,official_coordinate,인천광역시,168819.098527189    ,439583.653815503    
3510500-102-2002-00031,크로바,유흥주점영업,간이주점,"인천광역시 미추홀구 독배로 433-27 (용현동,(102호))",37.45788932456426,126.64836658092878,,2026-09-06,https://www.data.go.kr/data/15045018/fileData.do,https://file.localdata.go.kr/file/download/entertainment_bars/info,영업/정상,2026-05-07 22:48:07,2020-10-13 18:39:15,EPSG:5174 original transformed to EPSG:4326,official_coordinate,인천광역시,168819.098527189    ,439583.653815503    
3510500-102-2003-00003,오아시스,유흥주점영업,룸살롱,인천광역시 미추홀구 능해길 8 (용현동),37.459499118244885,126.63819795863593,,2026-09-06,https://www.data.go.kr/data/15045018/fileData.do,https://file.localdata.go.kr/file/download/entertainment_bars/info,영업/정상,2026-05-07 22:48:07,2020-10-13 18:39:29,EPSG:5174 original transformed to EPSG:4326,official_coordinate,인천광역시,167920.10590111     ,439765.742099194    
3510500-102-2003-00005,풍차스텐드바,유흥주점영업,스텐드바,"인천광역시 미추홀구 경원대로 854 (주안동,지하1호)",37.458922635345544,126.68981537815361,,2026-09-06,https://www.data.go.kr/data/15045018/fileData.do,https://file.localdata.go.kr/file/download/entertainment_bars/info,영업/정상,2026-05-07 22:48:07,2020-10-13 18:39:46,EPSG:5174 original transformed to EPSG:4326,official_coordinate,인천광역시,172486.709741299    ,439685.399078495    
3510500-102-2003-00007,씨에프(CF),유흥주점영업,룸살롱,인천광역시 미추홀구 토금남로 7 (용현동),37.452940708417195,126.6336249326104,,2026-09-06,https://www.data.go.kr/data/15045018/fileData.do,https://file.localdata.go.kr/file/download/entertainment_bars/info,영업/정상,2026-05-07 22:48:07,2020-10-13 18:39:57,EPSG:5174 original transformed to EPSG:4326,official_coordinate,인천광역시,167512.668028829    ,439039.409207429    
3510500-102-2003-00008,윤라이브,유흥주점영업,룸살롱,"인천광역시 미추홀구 경원대로 873 (주안동, 지하1층)",37.460767152079704,126.68929034970537,,2026-09-06,https://www.data.go.kr/data/15045018/fileData.do,https://file.localdata.go.kr/file/download/entertainment_bars/info,영업/정상,2026-05-07 22:48:07,2020-12-30 11:20:14,EPSG:5174 original transformed to EPSG:4326,official_coordinate,인천광역시,172440.936351467    ,439890.271428772    
3510500-102-2003-00009,쥬얼리노래팡,유흥주점영업,룸살롱,"인천광역시 미추홀구 제일로 48, 지하1층 (도화동)",37.45849186232537,126.67546881582747,,2026-09-06,https://www.data.go.kr/data/15045018/fileData.do,https://file.localdata.go.kr/file/download/entertainment_bars/info,영업/정상,2026-05-07 22:48:07,2020-10-13 18:40:26,EPSG:5174 original transformed to EPSG:4326,official_coordinate,인천광역시,171217.232987319    ,439641.884747343    
3510500-102-2003-00012,코코노래바,유흥주점영업,룸살롱,"인천광역시 미추홀구 석바위로 54, 3층 (주안동)",37.46068702401215,126.67911169511405,,2026-09-06,https://www.data.go.kr/data/15045018/fileData.do,https://file.localdata.go.kr/file/download/entertainment_bars/info,영업/정상,2026-05-07 22:48:07,2023-09-05 13:04:41,EPSG:5174 original transformed to EPSG:4326,official_coordinate,인천광역시,171540.372180448    ,439884.411403201    
3510500-102-2004-00003,싸이노래클럽,유흥주점영업,룸살롱,인천광역시 미추홀구 미추홀대로734번길 36 (주안동),37.46285249234298,126.68240056568025,,2026-09-06,https://www.data.go.kr/data/15045018/fileData.do,https://file.localdata.go.kr/file/download/entertainment_bars/info,영업/정상,2026-05-07 22:48:08,2025-04-10 14:14:37,EPSG:5174 original transformed to EPSG:4326,official_coordinate,인천광역시,171832.162128518    ,440123.761004491    
3510500-102-2005-00002,첫사랑,유흥주점영업,간이주점,인천광역시 미추홀구 인주대로 106 (용현동),37.45649348360969,126.64876816740633,,2026-09-06,https://www.data.go.kr/data/15045018/fileData.do,https://file.localdata.go.kr/file/download/entertainment_bars/info,영업/정상,2026-05-07 22:48:08,2020-10-13 18:41:35,EPSG:5174 original transformed to EPSG:4326,official_coordinate,인천광역시,168854.049358669    ,439428.599534192    
3510500-102-2000-00056,이리오너라,유흥주점영업,스텐드바,"인천광역시 미추홀구 경인로430번길 11 (주안동,지하1층)",37.45725673841333,126.68778367161926,,2026-09-06,https://www.data.go.kr/data/15045018/fileData.do,https://file.localdata.go.kr/file/download/entertainment_bars/info,영업/정상,2026-05-07 22:47:59,2025-06-27 11:14:22,EPSG:5174 original transformed to EPSG:4326,official_coordinate,인천광역시,172306.338953438    ,439501.101835623    
3510500-102-2000-00058,팔도,유흥주점영업,룸살롱,"인천광역시 미추홀구 석바위로 139 (주안동,지하1층)",37.45992243906314,126.68831481100769,,2026-09-06,https://www.data.go.kr/data/15045018/fileData.do,https://file.localdata.go.kr/file/download/entertainment_bars/info,영업/정상,2026-05-07 22:48:00,2020-10-13 18:30:19,EPSG:5174 original transformed to EPSG:4326,official_coordinate,인천광역시,172354.31607046     ,439796.805216436    
3510500-102-2000-00060,관광가요열차,유흥주점영업,룸살롱,인천광역시 미추홀구 독배로492번길 지하 30 (숭의동),37.462655182516706,126.64538207883886,,2026-09-06,https://www.data.go.kr/data/15045018/fileData.do,https://file.localdata.go.kr/file/download/entertainment_bars/info,영업/정상,2026-05-07 22:48:00,2024-11-20 10:17:44,EPSG:5174 original transformed to EPSG:4326,official_coordinate,인천광역시,168557.040552158    ,440113.599713708    
3510500-102-2000-00066,브이아이피,유흥주점영업,룸살롱,"인천광역시 미추홀구 미추홀대로734번길 33 (주안동,지하1층)",37.46308003757917,126.68242193789465,,2026-09-06,https://www.data.go.kr/data/15045018/fileData.do,https://file.localdata.go.kr/file/download/entertainment_bars/info,영업/정상,2026-05-07 22:48:01,2024-10-28 13:42:53,EPSG:5174 original transformed to EPSG:4326,official_coordinate,인천광역시,171834.138479888    ,440149.009323236    
3510500-102-2000-00067,콘서트노래천국,유흥주점영업,룸살롱,"인천광역시 미추홀구 주안로104번길 15, 지하1층 (주안동)",37.46310302195185,126.68133923701129,,2026-09-06,https://www.data.go.kr/data/15045018/fileData.do,https://file.localdata.go.kr/file/download/entertainment_bars/info,영업/정상,2026-05-07 22:48:01,2025-11-03 09:29:44,EPSG:5174 original transformed to EPSG:4326,official_coordinate,인천광역시,171738.360551776    ,440151.885313736    
3510500-102-2000-00071,예스(yes)노래팡,유흥주점영업,룸살롱,"인천광역시 미추홀구 석바위로 134 (주안동,,15 (8층))",37.45952466696301,126.6877941162085,,2026-09-06,https://www.data.go.kr/data/15045018/fileData.do,https://file.localdata.go.kr/file/download/entertainment_bars/info,영업/정상,2026-05-07 22:48:01,2023-07-11 11:31:04,EPSG:5174 original transformed to EPSG:4326,official_coordinate,인천광역시,172308.101234819    ,439752.810713741    
3510500-102-2000-00073,야성,유흥주점영업,간이주점,인천광역시 미추홀구 인주대로 110 (용현동),37.4563486815483,126.64914086733107,,2026-09-06,https://www.data.go.kr/data/15045018/fileData.do,https://file.localdata.go.kr/file/download/entertainment_bars/info,영업/정상,2026-05-07 22:48:01,2020-10-13 18:32:16,EPSG:5174 original transformed to EPSG:4326,official_coordinate,인천광역시,168886.964953481    ,439412.404893756    
3510500-102-2001-00001,딜 노래밤,유흥주점영업,룸살롱,인천광역시 미추홀구 주안중로 56 (주안동),37.46331030848705,126.68299068756994,,2026-09-06,https://www.data.go.kr/data/15045018/fileData.do,https://file.localdata.go.kr/file/download/entertainment_bars/info,영업/정상,2026-05-07 22:48:01,2024-11-20 10:18:08,EPSG:5174 original transformed to EPSG:4326,official_coordinate,인천광역시,171884.542205189    ,440174.396276047    
3510500-102-2001-00002,모델,유흥주점영업,간이주점,인천광역시 미추홀구 인주대로 108 (용현동),37.456391495356314,126.64903083072217,,2026-09-06,https://www.data.go.kr/data/15045018/fileData.do,https://file.localdata.go.kr/file/download/entertainment_bars/info,영업/정상,2026-05-07 22:48:01,2025-07-23 10:55:34,EPSG:5174 original transformed to EPSG:4326,official_coordinate,인천광역시,168877.246905546    ,439417.193116867    
3510500-102-2001-00004,세븐노래,유흥주점영업,스텐드바,"인천광역시 미추홀구 석바위로 140, 2층 (주안동)",37.45965035287252,126.6882831711826,,2026-09-06,https://www.data.go.kr/data/15045018/fileData.do,https://file.localdata.go.kr/file/download/entertainment_bars/info,영업/정상,2026-05-07 22:48:02,2024-12-26 11:58:42,EPSG:5174 original transformed to EPSG:4326,official_coordinate,인천광역시,172351.416372846    ,439766.616322036    
3510500-102-2001-00008,스타노래짱,유흥주점영업,룸살롱,인천광역시 미추홀구 경인로 12 (숭의동),37.462783345490074,126.64474773340265,,2026-09-06,https://www.data.go.kr/data/15045018/fileData.do,https://file.localdata.go.kr/file/download/entertainment_bars/info,영업/정상,2026-05-07 22:48:02,2023-05-08 15:07:00,EPSG:5174 original transformed to EPSG:4326,official_coordinate,인천광역시,168500.973478418    ,440128.03659382     
3510500-102-2001-00020,오렌지,유흥주점영업,룸살롱,"인천광역시 미추홀구 인주대로 119 (용현동,지하1)",37.45656627193589,126.65038811759128,,2026-09-06,https://www.data.go.kr/data/15045018/fileData.do,https://file.localdata.go.kr/file/download/entertainment_bars/info,영업/정상,2026-05-07 22:48:03,2020-11-13 13:36:36,EPSG:5174 original transformed to EPSG:4326,official_coordinate,인천광역시,168997.40923174     ,439436.142749699    
3510500-102-2001-00027,샹그릴라 스텐드바,유흥주점영업,룸살롱,"인천광역시 미추홀구 경인로425번길 35 (주안동,2층)",37.459694500863904,126.68730567529025,,2026-09-06,https://www.data.go.kr/data/15045018/fileData.do,https://file.localdata.go.kr/file/download/entertainment_bars/info,영업/정상,2026-07-24 22:47:10,2024-03-28 15:02:14,EPSG:5174 original transformed to EPSG:4326,official_coordinate,인천광역시,172264.949670361    ,439771.804191301    
3510500-102-2001-00028,몽노래클럽,유흥주점영업,룸살롱,"인천광역시 미추홀구 주안로104번길 57, 2층 (주안동)",37.46134969223255,126.68141071704919,,2026-09-06,https://www.data.go.kr/data/15045018/fileData.do,https://file.localdata.go.kr/file/download/entertainment_bars/info,영업/정상,2026-05-07 22:48:04,2020-10-13 18:34:46,EPSG:5174 original transformed to EPSG:4326,official_coordinate,인천광역시,171744.023156304    ,439957.265799776    
3510500-102-2001-00029,썬 라이브,유흥주점영업,스텐드바,"인천광역시 미추홀구 석바위로 134 (주안동, 2층)",37.4596400703143,126.68762849668636,,2026-09-06,https://www.data.go.kr/data/15045018/fileData.do,https://file.localdata.go.kr/file/download/entertainment_bars/info,영업/정상,2026-05-07 22:48:04,2024-05-13 11:50:00,EPSG:5174 original transformed to EPSG:4326,official_coordinate,인천광역시,172293.490850543    ,439765.667865261    
3510500-102-2001-00034,가는세월,유흥주점영업,룸살롱,"인천광역시 미추홀구 석바위로 55, 2층 (주안동)",37.4610049625214,126.67929744704826,,2026-09-06,https://www.data.go.kr/data/15045018/fileData.do,https://file.localdata.go.kr/file/download/entertainment_bars/info,영업/정상,2026-05-07 22:48:04,2025-03-26 10:43:44,EPSG:5174 original transformed to EPSG:4326,official_coordinate,인천광역시,171556.926880117    ,439919.642433961    
3510500-102-2001-00037,웰빙뮤직뱅크,유흥주점영업,룸살롱,"인천광역시 미추홀구 주안로104번길 16, 지하1층 (주안동)",37.46311471727164,126.68112574491049,,2026-09-06,https://www.data.go.kr/data/15045018/fileData.do,https://file.localdata.go.kr/file/download/entertainment_bars/info,영업/정상,2026-05-07 22:48:04,2022-07-20 14:02:35,EPSG:5174 original transformed to EPSG:4326,official_coordinate,인천광역시,171719.477315678    ,440153.247567016    
3510500-102-2001-00042,은아,유흥주점영업,간이주점,인천광역시 미추홀구 인주대로 108 (용현동),37.456391495356314,126.64903083072217,,2026-09-06,https://www.data.go.kr/data/15045018/fileData.do,https://file.localdata.go.kr/file/download/entertainment_bars/info,영업/정상,2026-05-07 22:48:05,2020-10-13 18:36:06,EPSG:5174 original transformed to EPSG:4326,official_coordinate,인천광역시,168877.246905546    ,439417.193116867    
3510500-102-2001-00044,장안스텐드빠,유흥주점영업,스텐드바,인천광역시 미추홀구 경인로 17 (숭의동),37.463424850451915,126.6451057568786,,2026-09-06,https://www.data.go.kr/data/15045018/fileData.do,https://file.localdata.go.kr/file/download/entertainment_bars/info,영업/정상,2026-05-07 22:48:05,2025-12-10 17:16:43,EPSG:5174 original transformed to EPSG:4326,official_coordinate,인천광역시,168532.91736654     ,440199.115934272    
3510500-102-1999-00021,명동,유흥주점영업,간이주점,인천광역시 미추홀구 인주대로 108 (용현동),37.456391495356314,126.64903083072217,,2026-09-06,https://www.data.go.kr/data/15045018/fileData.do,https://file.localdata.go.kr/file/download/entertainment_bars/info,영업/정상,2026-05-07 22:47:54,2020-10-13 18:00:32,EPSG:5174 original transformed to EPSG:4326,official_coordinate,인천광역시,168877.246905546    ,439417.193116867    
3510500-102-1999-00024,썸노래타운,유흥주점영업,룸살롱,인천광역시 미추홀구 석바위로 98 (주안동),37.4606388970902,126.68397972675463,,2026-09-06,https://www.data.go.kr/data/15045018/fileData.do,https://file.localdata.go.kr/file/download/entertainment_bars/info,영업/정상,2026-05-07 22:47:54,2026-02-04 14:33:44,EPSG:5174 original transformed to EPSG:4326,official_coordinate,인천광역시,171971.042894708    ,439877.607114653    
3510500-102-1999-00025,나이스노래클럽,유흥주점영업,룸살롱,"인천광역시 미추홀구 경인로438번길 4 (주안동,지하1층)",37.45759941116072,126.68854991339057,,2026-09-06,https://www.data.go.kr/data/15045018/fileData.do,https://file.localdata.go.kr/file/download/entertainment_bars/info,영업/정상,2026-05-07 22:47:54,2020-10-13 18:00:56,EPSG:5174 original transformed to EPSG:4326,official_coordinate,인천광역시,172374.259981541    ,439538.908779918    
3510500-102-2016-00013,소리노래밤,유흥주점영업,노래클럽,"인천광역시 미추홀구 석바위로 58, 지하1층 (주안동)",37.460663615665034,126.67945035072002,,2026-09-06,https://www.data.go.kr/data/15045018/fileData.do,https://file.localdata.go.kr/file/download/entertainment_bars/info,영업/정상,2026-05-07 22:48:14,2020-10-14 10:20:24,EPSG:5174 original transformed to EPSG:4326,official_coordinate,인천광역시,171570.325132976    ,439881.71088242     
3510500-102-2016-00014,달빛7080,유흥주점영업,노래클럽,"인천광역시 미추홀구 경인로 17, 지하1층 (숭의동)",37.463424850451915,126.6451057568786,,2026-09-06,https://www.data.go.kr/data/15045018/fileData.do,https://file.localdata.go.kr/file/download/entertainment_bars/info,영업/정상,2026-07-25 22:47:10,2025-02-13 15:57:53,EPSG:5174 original transformed to EPSG:4326,official_coordinate,인천광역시,168532.91736654     ,440199.115934272    
3510500-102-2017-00001,연예인노래밤,유흥주점영업,노래클럽,"인천광역시 미추홀구 석바위로 136, B동 (주안동)",37.45966010829316,126.68795351871738,,2026-09-06,https://www.data.go.kr/data/15045018/fileData.do,https://file.localdata.go.kr/file/download/entertainment_bars/info,영업/정상,2026-05-07 22:48:14,2020-10-14 10:20:54,EPSG:5174 original transformed to EPSG:4326,official_coordinate,인천광역시,172322.254279948    ,439767.796074454    
3510500-102-2017-00002,슈가노래타운,유흥주점영업,노래클럽,"인천광역시 미추홀구 경인로 17, 지하1층 (숭의동)",37.463424850451915,126.6451057568786,,2026-09-06,https://www.data.go.kr/data/15045018/fileData.do,https://file.localdata.go.kr/file/download/entertainment_bars/info,영업/정상,2026-05-07 22:48:14,2020-10-14 10:21:12,EPSG:5174 original transformed to EPSG:4326,official_coordinate,인천광역시,168532.91736654     ,440199.115934272    
3510500-102-2014-00009,쿨노래밤,유흥주점영업,룸살롱,"인천광역시 미추홀구 경인로435번길 30, 2층 (주안동)",37.4594326734109,126.68879613109033,,2026-09-06,https://www.data.go.kr/data/15045018/fileData.do,https://file.localdata.go.kr/file/download/entertainment_bars/info,영업/정상,2026-05-07 22:48:14,2024-08-20 14:58:29,EPSG:5174 original transformed to EPSG:4326,official_coordinate,인천광역시,172396.719830416    ,439742.305827619    
3510500-102-2014-00010,해적,유흥주점영업,룸살롱,"인천광역시 미추홀구 미추홀대로734번길 29, 2,3층 (주안동)",37.46312490260151,126.68204692080059,,2026-09-06,https://www.data.go.kr/data/15045018/fileData.do,https://file.localdata.go.kr/file/download/entertainment_bars/info,영업/정상,2026-05-07 22:48:14,2020-10-14 10:14:36,EPSG:5174 original transformed to EPSG:4326,official_coordinate,인천광역시,171800.977586873    ,440154.101238132    
3510500-102-2014-00011,짝노래,유흥주점영업,룸살롱,인천광역시 미추홀구 주안동로 7 (주안동),37.45883049797748,126.68566365564642,,2026-09-06,https://www.data.go.kr/data/15045018/fileData.do,https://file.localdata.go.kr/file/download/entertainment_bars/info,영업/정상,2026-05-07 22:48:14,2020-10-14 10:15:04,EPSG:5174 original transformed to EPSG:4326,official_coordinate,인천광역시,172119.352090993    ,439676.39635116     
3510500-102-2014-00012,수노래바,유흥주점영업,룸살롱,"인천광역시 미추홀구 경원대로858번길 7, 지하1층 (주안동)",37.4592949489785,126.69014379415279,,2026-09-06,https://www.data.go.kr/data/15045018/fileData.do,https://file.localdata.go.kr/file/download/entertainment_bars/info,영업/정상,2026-05-07 22:48:14,2025-12-02 15:04:07,EPSG:5174 original transformed to EPSG:4326,official_coordinate,인천광역시,172515.902893456    ,439726.625196265    
3510500-102-2014-00013,나비 노래밤,유흥주점영업,룸살롱,"인천광역시 미추홀구 석바위로 124, 지하1층 (주안동)",37.45969595209131,126.68648473920683,,2026-09-06,https://www.data.go.kr/data/15045018/fileData.do,https://file.localdata.go.kr/file/download/entertainment_bars/info,영업/정상,2026-05-07 22:48:14,2026-03-20 11:19:46,EPSG:5174 original transformed to EPSG:4326,official_coordinate,인천광역시,172192.318689713    ,439772.207815914    
3510500-102-2014-00015,로얄노래타운,유흥주점영업,룸살롱,"인천광역시 미추홀구 경원대로851번길 24, 2층 (주안동)",37.459050737762176,126.68803104750172,,2026-09-06,https://www.data.go.kr/data/15045018/fileData.do,https://file.localdata.go.kr/file/download/entertainment_bars/info,영업/정상,2026-05-07 22:48:14,2020-10-14 10:15:38,EPSG:5174 original transformed to EPSG:4326,official_coordinate,인천광역시,172328.888521597    ,439700.140661711    
3510500-102-2015-00002,헤라,유흥주점영업,룸살롱,"인천광역시 미추홀구 주안중로16번길 46, 지하1층 (주안동)",37.459140075104855,126.68498019747697,,2026-09-06,https://www.data.go.kr/data/15045018/fileData.do,https://file.localdata.go.kr/file/download/entertainment_bars/info,영업/정상,2026-05-07 22:48:14,2025-07-09 16:54:31,EPSG:5174 original transformed to EPSG:4326,official_coordinate,인천광역시,172058.998538719    ,439710.958525474    
3510500-102-2015-00003,짠짜라노래클럽,유흥주점영업,룸살롱,"인천광역시 미추홀구 석바위로53번길 2, 2층 (주안동)",37.460962922383516,126.67899563308073,,2026-09-06,https://www.data.go.kr/data/15045018/fileData.do,https://file.localdata.go.kr/file/download/entertainment_bars/info,영업/정상,2026-05-07 22:48:14,2020-10-13 17:53:29,EPSG:5174 original transformed to EPSG:4326,official_coordinate,인천광역시,171530.208670534    ,439915.067869041    
3510500-102-2020-00005,오빠가요방,유흥주점영업,기타,인천광역시 미추홀구 경원대로851번길 37 (주안동),37.45877070114522,126.68720616357376,,2026-09-06,https://www.data.go.kr/data/15045018/fileData.do,https://file.localdata.go.kr/file/download/entertainment_bars/info,영업/정상,2026-05-07 22:48:15,2025-04-02 11:11:51,EPSG:5174 original transformed to EPSG:4326,official_coordinate,인천광역시,172255.803405795    ,439669.303226273    
3510500-102-2020-00006,찐노래밤,유흥주점영업,노래클럽,"인천광역시 미추홀구 주안서로 10, 2층 (주안동)",37.45962753119655,126.67801687110973,,2026-09-06,https://www.data.go.kr/data/15045018/fileData.do,https://file.localdata.go.kr/file/download/entertainment_bars/info,영업/정상,2026-05-07 22:48:15,2022-07-21 14:48:47,EPSG:5174 original transformed to EPSG:4326,official_coordinate,인천광역시,171443.106168534    ,439767.152818427    
3510500-102-2021-00002,히든,유흥주점영업,노래클럽,"인천광역시 미추홀구 경인로425번길 30, 지하1층 (주안동)",37.45944397883361,126.6876287451164,,2026-09-06,https://www.data.go.kr/data/15045018/fileData.do,https://file.localdata.go.kr/file/download/entertainment_bars/info,영업/정상,2026-08-06 22:47:10,2026-08-05 14:30:10,EPSG:5174 original transformed to EPSG:4326,official_coordinate,인천광역시,172293.440318932    ,439743.904064114    
3510500-102-2022-00001,썸씽 노래타운,유흥주점영업,기타,"인천광역시 미추홀구 주안로104번길 24, 2층 (주안동)",37.462827568567306,126.68103129334293,,2026-09-06,https://www.data.go.kr/data/15045018/fileData.do,https://file.localdata.go.kr/file/download/entertainment_bars/info,영업/정상,2026-05-07 22:48:15,2025-09-18 14:32:37,EPSG:5174 original transformed to EPSG:4326,official_coordinate,인천광역시,171711.012761654    ,440121.406013881    
3510500-102-2022-00002,대박짱 노래주점,유흥주점영업,노래클럽,"인천광역시 미추홀구 미추홀대로 707, 신창빌딩 2층 (주안동)",37.460530209394626,126.67986075097646,,2026-09-06,https://www.data.go.kr/data/15045018/fileData.do,https://file.localdata.go.kr/file/download/entertainment_bars/info,영업/정상,2026-05-07 22:48:15,2024-01-25 14:05:47,EPSG:5174 original transformed to EPSG:4326,official_coordinate,인천광역시,171606.583880134    ,439866.780381949    
3510500-102-2022-00003,와와노래바,유흥주점영업,노래클럽,"인천광역시 미추홀구 토금남로 6, 초이스빌딩 지하1층 (용현동)",37.452809451078565,126.63325559412021,,2026-09-06,https://www.data.go.kr/data/15045018/fileData.do,https://file.localdata.go.kr/file/download/entertainment_bars/info,영업/정상,2026-05-07 22:48:15,2024-01-29 15:51:03,EPSG:5174 original transformed to EPSG:4326,official_coordinate,인천광역시,167479.931243299    ,439024.968920811    
3510500-102-2022-00004,오케이(OK)노래밤,유흥주점영업,노래클럽,"인천광역시 미추홀구 주안중로50번길 9, SIL빌딩 B01호 (주안동)",37.46303919949506,126.68345666724059,,2026-09-06,https://www.data.go.kr/data/15045018/fileData.do,https://file.localdata.go.kr/file/download/entertainment_bars/info,영업/정상,2026-05-07 22:48:15,2026-03-30 15:11:02,EPSG:5174 original transformed to EPSG:4326,official_coordinate,인천광역시,171925.66572837     ,440144.167219497    
3510500-102-2023-00001,로또노래밤,유흥주점영업,기타,"인천광역시 미추홀구 제일로 41, 2층 일부호 (도화동)",37.459064226837555,126.67481852316318,,2026-09-06,https://www.data.go.kr/data/15045018/fileData.do,https://file.localdata.go.kr/file/download/entertainment_bars/info,영업/정상,2026-05-07 22:48:15,2023-02-23 09:41:20,EPSG:5174 original transformed to EPSG:4326,official_coordinate,인천광역시,171159.918323892    ,439705.609450645    
3510500-102-2023-00002,스타라이브7080,유흥주점영업,노래클럽,"인천광역시 미추홀구 토금중로3번길 6, 가동 2층 (용현동)",37.45444413509798,126.63449203889476,,2026-09-06,https://www.data.go.kr/data/15045018/fileData.do,https://file.localdata.go.kr/file/download/entertainment_bars/info,영업/정상,2026-05-07 22:48:15,2023-05-11 15:08:09,EPSG:5174 original transformed to EPSG:4326,official_coordinate,인천광역시,167590.0413926      ,439205.97183857     
3510500-102-2023-00003,하이뮤직타운,유흥주점영업,기타,"인천광역시 미추홀구 미추홀대로734번길 33, 4층 (주안동)",37.46308003757917,126.68242193789465,,2026-09-06,https://www.data.go.kr/data/15045018/fileData.do,https://file.localdata.go.kr/file/download/entertainment_bars/info,영업/정상,2026-05-07 22:48:15,2026-03-17 14:22:15,EPSG:5174 original transformed to EPSG:4326,official_coordinate,인천광역시,171834.138479888    ,440149.009323236    
3510500-102-2023-00004,신세계노래밤,유흥주점영업,기타,"인천광역시 미추홀구 미추홀대로722번길 21-1, 장원빌딩 지하1층 (주안동)",37.46191006592498,126.68170313209242,,2026-09-06,https://www.data.go.kr/data/15045018/fileData.do,https://file.localdata.go.kr/file/download/entertainment_bars/info,영업/정상,2026-05-07 22:48:15,2025-11-06 14:02:02,EPSG:5174 original transformed to EPSG:4326,official_coordinate,인천광역시,171770.104863999    ,440019.372511856    
3510500-102-2023-00005,킹덤,유흥주점영업,기타,"인천광역시 미추홀구 주안로104번길 8, 주안동 n-JOY 상가 4층 401호 (주안동)",37.46359484086383,126.68105659053724,,2026-09-06,https://www.data.go.kr/data/15045018/fileData.do,https://file.localdata.go.kr/file/download/entertainment_bars/info,영업/정상,2026-05-07 22:48:15,2026-04-09 15:44:28,EPSG:5174 original transformed to EPSG:4326,official_coordinate,인천광역시,171713.5405025      ,440206.556198418    
3510500-102-2023-00006,차차차 노래밤,유흥주점영업,기타,"인천광역시 미추홀구 주안동로 10, 2층 (주안동)",37.459009002531985,126.68596228763909,,2026-09-06,https://www.data.go.kr/data/15045018/fileData.do,https://file.localdata.go.kr/file/download/entertainment_bars/info,영업/정상,2026-05-07 22:48:15,2023-10-31 20:37:32,EPSG:5174 original transformed to EPSG:4326,official_coordinate,인천광역시,172145.839927355    ,439696.119609114    
3510500-102-2023-00007,스타 노래밤,유흥주점영업,기타,"인천광역시 미추홀구 석바위로 59, 지하1층 (주안동)",37.4609948673414,126.67957949798412,,2026-09-06,https://www.data.go.kr/data/15045018/fileData.do,https://file.localdata.go.kr/file/download/entertainment_bars/info,영업/정상,2026-05-07 22:48:15,2023-11-02 09:00:02,EPSG:5174 original transformed to EPSG:4326,official_coordinate,인천광역시,171581.876802012    ,439918.436681497    
3510500-102-2024-00001,아레나,유흥주점영업,기타,"인천광역시 미추홀구 석바위로 61, 지층 (주안동)",37.461045137948396,126.67997144803789,,2026-09-06,https://www.data.go.kr/data/15045018/fileData.do,https://file.localdata.go.kr/file/download/entertainment_bars/info,영업/정상,2026-05-07 22:48:15,2024-02-01 09:01:13,EPSG:5174 original transformed to EPSG:4326,official_coordinate,인천광역시,171616.572649955    ,439923.897670332    
3510500-102-1989-00022,대운영상가요,유흥주점영업,룸살롱,인천광역시 미추홀구 경인로42번길 4 (숭의동),37.463911605722345,126.64766936716902,,2026-09-06,https://www.data.go.kr/data/15045018/fileData.do,https://file.localdata.go.kr/file/download/entertainment_bars/info,영업/정상,2026-05-07 22:47:47,2022-09-06 11:10:02,EPSG:5174 original transformed to EPSG:4326,official_coordinate,인천광역시,168759.922196305    ,440252.284833543    
3510500-102-1989-00023,초콜릿,유흥주점영업,룸살롱,인천광역시 미추홀구 미추로36번길 2 (숭의동),37.46320262003718,126.64692097934584,,2026-09-06,https://www.data.go.kr/data/15045018/fileData.do,https://file.localdata.go.kr/file/download/entertainment_bars/info,영업/정상,2026-06-24 03:03:03,2020-10-13 17:55:40,EPSG:5174 original transformed to EPSG:4326,official_coordinate,인천광역시,168693.416761042    ,440173.845018783    
3510500-102-1990-00004,빙고 노래타운,유흥주점영업,룸살롱,"인천광역시 미추홀구 아암대로 87 (용현동,,7호 서해관광호텔 지1)",37.45391896887983,126.63368882007344,,2026-09-06,https://www.data.go.kr/data/15045018/fileData.do,https://file.localdata.go.kr/file/download/entertainment_bars/info,영업/정상,2026-05-07 22:47:49,2022-06-10 17:35:08,EPSG:5174 original transformed to EPSG:4326,official_coordinate,인천광역시,167518.744776739    ,439147.961993406    
3510500-102-1990-00005,수,유흥주점영업,룸살롱,인천광역시 미추홀구 석바위로 121 (주안동),37.459973712787246,126.68629226915017,,2026-09-06,https://www.data.go.kr/data/15045018/fileData.do,https://file.localdata.go.kr/file/download/entertainment_bars/info,영업/정상,2026-05-07 22:47:49,2020-10-13 17:56:00,EPSG:5174 original transformed to EPSG:4326,official_coordinate,인천광역시,172175.393238418    ,439803.092778121    
3510500-102-1990-00008,필가요타운,유흥주점영업,룸살롱,"인천광역시 미추홀구 미추홀대로734번길 26, 지하1층 (주안동)",37.46286882157363,126.68194617875992,,2026-09-06,https://www.data.go.kr/data/15045018/fileData.do,https://file.localdata.go.kr/file/download/entertainment_bars/info,영업/정상,2026-05-07 22:47:49,2024-03-18 14:47:11,EPSG:5174 original transformed to EPSG:4326,official_coordinate,인천광역시,171791.968522729    ,440125.709621968    
3510500-102-1990-00009,모아7080,유흥주점영업,룸살롱,"인천광역시 미추홀구 경인로 334-21, 지하1층 (주안동)",37.457976698474525,126.677148733067,,2026-09-06,https://www.data.go.kr/data/15045018/fileData.do,https://file.localdata.go.kr/file/download/entertainment_bars/info,영업/정상,2026-05-07 22:47:49,2020-11-13 16:11:58,EPSG:5174 original transformed to EPSG:4326,official_coordinate,인천광역시,171365.667594172    ,439584.194882154    
3510500-102-1990-00012,7080로마라이브,유흥주점영업,룸살롱,인천광역시 미추홀구 경원대로 861 (주안동),37.45956917693542,126.68928370793654,,2026-09-06,https://www.data.go.kr/data/15045018/fileData.do,https://file.localdata.go.kr/file/download/entertainment_bars/info,영업/정상,2026-05-07 22:47:49,2020-10-13 17:56:32,EPSG:5174 original transformed to EPSG:4326,official_coordinate,인천광역시,172439.908074797    ,439757.31295046     
3510500-102-1983-00008,첼로노래타운,유흥주점영업,룸살롱,인천광역시 미추홀구 독배로436번길 5 (숭의동),37.45873992249088,126.64931165607702,,2026-09-06,https://www.data.go.kr/data/15045018/fileData.do,https://file.localdata.go.kr/file/download/entertainment_bars/info,영업/정상,2026-05-07 22:47:39,2026-04-13 17:03:17,EPSG:5174 original transformed to EPSG:4326,official_coordinate,인천광역시,168903.068149081    ,439677.746731375    
3510500-102-1984-00002,자유노래짱,유흥주점영업,룸살롱,"인천광역시 미추홀구 인주대로 188-16 (용현동,지하1층)",37.45488716065985,126.65762208218275,,2026-09-06,https://www.data.go.kr/data/15045018/fileData.do,https://file.localdata.go.kr/file/download/entertainment_bars/info,영업/정상,2026-05-07 22:47:39,2024-09-12 16:35:39,EPSG:5174 original transformed to EPSG:4326,official_coordinate,인천광역시,169636.7742116      ,439247.421402083    
3510500-102-1984-00003,누리스텐드바,유흥주점영업,스텐드바,"인천광역시 미추홀구 제일로 35, 지하1층 (도화동)",37.459103497082836,126.67436994189863,,2026-09-06,https://www.data.go.kr/data/15045018/fileData.do,https://file.localdata.go.kr/file/download/entertainment_bars/info,영업/정상,2026-05-07 22:47:39,2020-10-13 17:52:33,EPSG:5174 original transformed to EPSG:4326,official_coordinate,인천광역시,171120.245322996    ,439710.105683641    
3510500-102-1984-00006,힐노래클럽,유흥주점영업,룸살롱,인천광역시 미추홀구 미추홀대로734번길 25-14 (주안동),37.46335724884871,126.68208213477222,,2026-09-06,https://www.data.go.kr/data/15045018/fileData.do,https://file.localdata.go.kr/file/download/entertainment_bars/info,영업/정상,2026-05-07 22:47:40,2020-10-13 17:52:46,EPSG:5174 original transformed to EPSG:4326,official_coordinate,인천광역시,171804.180410079    ,440179.878251869    
3510500-102-1984-00007,다모아,유흥주점영업,스텐드바,인천광역시 미추홀구 경인로 354 (주안동),37.45825759815514,126.67909870817448,,2026-09-06,https://www.data.go.kr/data/15045018/fileData.do,https://file.localdata.go.kr/file/download/entertainment_bars/info,영업/정상,2026-05-07 22:47:40,2020-02-27 10:28:35,EPSG:5174 original transformed to EPSG:4326,official_coordinate,인천광역시,171538.300416349    ,439614.779070985    
3510500-102-1984-00008,백악관관광나이트,유흥주점영업,관광호텔나이트(디스코),인천광역시 미추홀구 주안동로 4 (주안동),37.45856633917002,126.68607449635299,,2026-09-06,https://www.data.go.kr/data/15045018/fileData.do,https://file.localdata.go.kr/file/download/entertainment_bars/info,영업/정상,2026-05-07 22:47:40,2025-12-30 16:40:51,EPSG:5174 original transformed to EPSG:4326,official_coordinate,인천광역시,172155.603077782    ,439646.956212105    
3510500-102-1984-00009,서림 라이브,유흥주점영업,스텐드바,인천광역시 미추홀구 미추홀대로 675 (주안동),37.45770210037731,126.67978765580776,,2026-09-06,https://www.data.go.kr/data/15045018/fileData.do,https://file.localdata.go.kr/file/download/entertainment_bars/info,영업/정상,2026-05-07 22:47:40,2020-10-13 17:53:06,EPSG:5174 original transformed to EPSG:4326,official_coordinate,인천광역시,171599.0450268      ,439552.91731799     
3510500-102-1985-00001,연예인 라이브,유흥주점영업,스텐드바,"인천광역시 미추홀구 주안중로 3 (주안동,,8,10)",37.458838443702305,126.68234843455136,,2026-09-06,https://www.data.go.kr/data/15045018/fileData.do,https://file.localdata.go.kr/file/download/entertainment_bars/info,영업/정상,2026-05-07 22:47:40,2025-09-12 11:30:27,EPSG:5174 original transformed to EPSG:4326,official_coordinate,인천광역시,171826.040729584    ,439678.266740903    
3510500-102-1986-00001,청춘열차 라이브 7080,유흥주점영업,간이주점,인천광역시 미추홀구 석정로 41 (숭의동),37.46346924434747,126.64324468737651,,2026-09-06,https://www.data.go.kr/data/15045018/fileData.do,https://file.localdata.go.kr/file/download/entertainment_bars/info,영업/정상,2026-05-07 22:47:41,2024-09-24 13:35:29,EPSG:5174 original transformed to EPSG:4326,official_coordinate,인천광역시,168368.287784867    ,440204.667682697    
3510500-102-1986-00004,축제라이브,유흥주점영업,룸살롱,인천광역시 미추홀구 주안중로 지하 5 (주안동),37.45893506410942,126.68251412690158,,2026-09-06,https://www.data.go.kr/data/15045018/fileData.do,https://file.localdata.go.kr/file/download/entertainment_bars/info,영업/정상,2026-05-07 03:03:03,2026-05-06 09:49:33,EPSG:5174 original transformed to EPSG:4326,official_coordinate,인천광역시,171840.736677639    ,439688.940760528    
3510500-102-1986-00006,티아라,유흥주점영업,룸살롱,인천광역시 미추홀구 석바위로 49 (주안동),37.46091355540283,126.67865320710594,,2026-09-06,https://www.data.go.kr/data/15045018/fileData.do,https://file.localdata.go.kr/file/download/entertainment_bars/info,영업/정상,2026-05-07 22:47:42,2023-05-09 15:12:17,EPSG:5174 original transformed to EPSG:4326,official_coordinate,인천광역시,171499.894594137    ,439909.692513434    
3510500-102-1986-00008,꽃샘노래하는포차,유흥주점영업,룸살롱,인천광역시 미추홀구 석바위로 143 (주안동),37.459956055175496,126.68887486906115,,2026-09-06,https://www.data.go.kr/data/15045018/fileData.do,https://file.localdata.go.kr/file/download/entertainment_bars/info,영업/정상,2026-05-07 22:47:42,2020-10-13 17:54:16,EPSG:5174 original transformed to EPSG:4326,official_coordinate,인천광역시,172403.878889346    ,439800.371606185    
3510500-102-1986-00009,황제스탠드,유흥주점영업,스텐드바,인천광역시 미추홀구 석바위로 137 (주안동),37.460014255156246,126.68807209421082,,2026-09-06,https://www.data.go.kr/data/15045018/fileData.do,https://file.localdata.go.kr/file/download/entertainment_bars/info,영업/정상,2026-05-07 22:47:42,2020-04-13 20:17:49,EPSG:5174 original transformed to EPSG:4326,official_coordinate,인천광역시,172332.875908865    ,439807.067085345    
3510500-102-1987-00005,쵸이스 ,유흥주점영업,룸살롱,"인천광역시 미추홀구 주안로 106 (주안동,(지하1층))",37.46377130233598,126.68143480097024,,2026-09-06,https://www.data.go.kr/data/15045018/fileData.do,https://file.localdata.go.kr/file/download/entertainment_bars/info,영업/정상,2026-05-07 22:47:42,2025-11-03 09:28:30,EPSG:5174 original transformed to EPSG:4326,official_coordinate,인천광역시,171747.067114953    ,440226.027497056    
3510500-102-1987-00007,향수 가요주점,유흥주점영업,룸살롱,"인천광역시 미추홀구 한나루로586번길 113-8, 지하1층 (주안동)",37.45792506485173,126.6784467608205,,2026-09-06,https://www.data.go.kr/data/15045018/fileData.do,https://file.localdata.go.kr/file/download/entertainment_bars/info,영업/정상,2026-05-07 22:47:42,2022-01-24 12:03:35,EPSG:5174 original transformed to EPSG:4326,official_coordinate,인천광역시,171480.492336418    ,439578.069586251    
3510500-102-1988-00011,수,유흥주점영업,룸살롱,인천광역시 미추홀구 경인로 13-1 (숭의동),37.46319629991907,126.64488072204395,,2026-09-06,https://www.data.go.kr/data/15045018/fileData.do,https://file.localdata.go.kr/file/download/entertainment_bars/info,영업/정상,2026-05-07 22:47:46,2020-10-13 17:54:37,EPSG:5174 original transformed to EPSG:4326,official_coordinate,인천광역시,168512.912562723    ,440173.824955283    
3510500-102-1989-00004,황제노래클럽,유흥주점영업,룸살롱,인천광역시 미추홀구 아암대로 73 (용현동),37.454995738889295,126.63450660461471,,2026-09-06,https://www.data.go.kr/data/15045018/fileData.do,https://file.localdata.go.kr/file/download/entertainment_bars/info,영업/정상,2026-05-07 22:47:46,2020-10-13 17:54:46,EPSG:5174 original transformed to EPSG:4326,official_coordinate,인천광역시,167591.568641181    ,439267.188053216    
3510500-102-1989-00005,샤인노래타운,유흥주점영업,룸살롱,"인천광역시 미추홀구 경인로305번길 13 (도화동,지하1)",37.46065729433394,126.67472311226946,,2026-09-06,https://www.data.go.kr/data/15045018/fileData.do,https://file.localdata.go.kr/file/download/entertainment_bars/info,영업/정상,2026-05-07 22:47:46,2022-07-26 15:41:35,EPSG:5174 original transformed to EPSG:4326,official_coordinate,인천광역시,171152.090179375    ,439882.449575488    
3510500-102-1989-00017,우림노래밤,유흥주점영업,룸살롱,인천광역시 미추홀구 석바위로 119 (주안동),37.45998844625318,126.68608569175387,,2026-09-06,https://www.data.go.kr/data/15045018/fileData.do,https://file.localdata.go.kr/file/download/entertainment_bars/info,영업/정상,2026-05-07 22:47:47,2025-03-07 10:30:35,EPSG:5174 original transformed to EPSG:4326,official_coordinate,인천광역시,172157.122047418    ,439804.789183887    
3510500-102-2024-00002,수목원가요방,유흥주점영업,노래클럽,"인천광역시 미추홀구 주안중로43번길 14-1, 지하층 우측호 (주안동)",37.46261567391797,126.68183613172694,,2026-09-06,https://www.data.go.kr/data/15045018/fileData.do,https://file.localdata.go.kr/file/download/entertainment_bars/info,영업/정상,2026-05-07 22:48:15,2024-02-20 11:21:53,EPSG:5174 original transformed to EPSG:4326,official_coordinate,인천광역시,171782.137284915    ,440097.646378189    
3510500-102-2024-00003,메이드노래밤,유흥주점영업,노래클럽,"인천광역시 미추홀구 석바위로 136, 2층 2호 (주안동)",37.45966010829316,126.68795351871738,,2026-09-06,https://www.data.go.kr/data/15045018/fileData.do,https://file.localdata.go.kr/file/download/entertainment_bars/info,영업/정상,2026-05-07 22:48:15,2024-05-17 10:43:11,EPSG:5174 original transformed to EPSG:4326,official_coordinate,인천광역시,172322.254279948    ,439767.796074454    
3510500-102-2024-00004,에이플러스(A+),유흥주점영업,룸살롱,"인천광역시 미추홀구 경인로425번길 6, 신화빌딩 지2층 (주안동)",37.45831756958748,126.68763990024334,,2026-09-06,https://www.data.go.kr/data/15045018/fileData.do,https://file.localdata.go.kr/file/download/entertainment_bars/info,영업/정상,2026-05-07 22:48:15,2025-08-28 11:26:15,EPSG:5174 original transformed to EPSG:4326,official_coordinate,인천광역시,172294.010755721    ,439618.883301927    
3510500-102-2025-00001,별밤,유흥주점영업,노래클럽,"인천광역시 미추홀구 토금남로 5, 201호 (용현동)",37.45303052445758,126.63343938578464,,2026-09-06,https://www.data.go.kr/data/15045018/fileData.do,https://file.localdata.go.kr/file/download/entertainment_bars/info,영업/정상,2026-05-07 22:48:15,2025-12-08 17:00:16,EPSG:5174 original transformed to EPSG:4326,official_coordinate,인천광역시,167496.289394472    ,439049.441797235    
3510500-102-1962-00001,에스앤에스(S&S)뮤직라이브7080,유흥주점영업,스텐드바,"인천광역시 미추홀구 석정로 42, 2층 (숭의동)",37.463250093307515,126.64384938688985,,2026-09-06,https://www.data.go.kr/data/15045018/fileData.do,https://file.localdata.go.kr/file/download/entertainment_bars/info,영업/정상,2026-05-07 22:47:25,2019-09-03 13:21:21,EPSG:5174 original transformed to EPSG:4326,official_coordinate,인천광역시,168421.693008724    ,440180.141293172    
3510500-102-1973-00001,라이브 풀나이트,유흥주점영업,스텐드바,인천광역시 미추홀구 석정로 58 (숭의동),37.46457617340101,126.64473484207959,,2026-09-06,https://www.data.go.kr/data/15045018/fileData.do,https://file.localdata.go.kr/file/download/entertainment_bars/info,영업/정상,2026-05-07 22:47:26,2022-06-16 16:19:43,EPSG:5174 original transformed to EPSG:4326,official_coordinate,인천광역시,168500.586604343    ,440327.022998413    
3510500-102-1976-00001,궁노래광장,유흥주점영업,룸살롱,인천광역시 미추홀구 독배로 418 (용현동),37.45687537845657,126.65004737890489,,2026-09-06,https://www.data.go.kr/data/15045018/fileData.do,https://file.localdata.go.kr/file/download/entertainment_bars/info,영업/정상,2026-05-07 22:47:29,2025-04-07 09:58:47,EPSG:5174 original transformed to EPSG:4326,official_coordinate,인천광역시,168967.389402969    ,439470.562176105    
3510500-102-1980-00002,설탕노래바,유흥주점영업,룸살롱,"인천광역시 미추홀구 경인로 397, 지하층 (주안동)",37.458483607680435,126.68421673286171,,2026-09-06,https://www.data.go.kr/data/15045018/fileData.do,https://file.localdata.go.kr/file/download/entertainment_bars/info,영업/정상,2026-05-07 22:47:32,2020-10-13 17:50:18,EPSG:5174 original transformed to EPSG:4326,official_coordinate,인천광역시,171991.205863947    ,439638.325988378    
3510500-102-1980-00004,아리랑노래타운,유흥주점영업,룸살롱,인천광역시 미추홀구 제일로 45 (도화동),37.45895236147142,126.67544645275228,,2026-09-06,https://www.data.go.kr/data/15045018/fileData.do,https://file.localdata.go.kr/file/download/entertainment_bars/info,영업/정상,2026-05-07 22:47:32,2025-07-29 15:05:14,EPSG:5174 original transformed to EPSG:4326,official_coordinate,인천광역시,171215.431294185    ,439693.001310936    
3510500-102-1980-00006,해바라기,유흥주점영업,스텐드바,인천광역시 미추홀구 경원대로858번길 6 (주안동),37.459104997390405,126.69005502420893,,2026-09-06,https://www.data.go.kr/data/15045018/fileData.do,https://file.localdata.go.kr/file/download/entertainment_bars/info,영업/정상,2026-05-07 22:47:33,2022-08-19 16:52:45,EPSG:5174 original transformed to EPSG:4326,official_coordinate,인천광역시,172507.979320819    ,439705.568883993    
3510500-102-1980-00008,주주노래포차,유흥주점영업,스텐드바,인천광역시 미추홀구 독배로 417 (용현동),37.456951430626326,126.64951133296088,,2026-09-06,https://www.data.go.kr/data/15045018/fileData.do,https://file.localdata.go.kr/file/download/entertainment_bars/info,영업/정상,2026-05-07 22:47:34,2025-08-25 15:06:56,EPSG:5174 original transformed to EPSG:4326,official_coordinate,인천광역시,168919.992969265    ,439479.180092801    
3510500-102-2015-00004,태평양,유흥주점영업,기타,"인천광역시 미추홀구 석바위로 59-1, 지하1층 (주안동)",37.4610611557248,126.6796907318022,,2026-09-06,https://www.data.go.kr/data/15045018/fileData.do,https://file.localdata.go.kr/file/download/entertainment_bars/info,영업/정상,2026-05-07 22:48:14,2024-12-08 14:19:34,EPSG:5174 original transformed to EPSG:4326,official_coordinate,인천광역시,171591.743070079    ,439925.760250838    
3510500-102-2015-00006,홍콩노래짱,유흥주점영업,룸살롱,"인천광역시 미추홀구 경원대로851번길 27, 3층 (주안동)",37.45873655101035,126.68781058967382,,2026-09-06,https://www.data.go.kr/data/15045018/fileData.do,https://file.localdata.go.kr/file/download/entertainment_bars/info,영업/정상,2026-05-07 22:48:14,2025-11-03 09:27:09,EPSG:5174 original transformed to EPSG:4326,official_coordinate,인천광역시,172309.267451845    ,439665.334748428    
3510500-102-2015-00007,신바람노래밤,유흥주점영업,룸살롱,"인천광역시 미추홀구 석바위로 142, 2층 (주안동)",37.4596773089075,126.6884608840127,,2026-09-06,https://www.data.go.kr/data/15045018/fileData.do,https://file.localdata.go.kr/file/download/entertainment_bars/info,영업/정상,2026-05-07 22:48:14,2020-10-14 10:16:55,EPSG:5174 original transformed to EPSG:4326,official_coordinate,인천광역시,172367.149292278    ,439769.555847277    
3510500-102-2015-00008,유화,유흥주점영업,룸살롱,"인천광역시 미추홀구 석바위로 77-6, 2층 (주안동)",37.46115494276041,126.6817754876247,,2026-09-06,https://www.data.go.kr/data/15045018/fileData.do,https://file.localdata.go.kr/file/download/entertainment_bars/info,영업/정상,2026-05-07 22:48:14,2025-12-22 11:53:36,EPSG:5174 original transformed to EPSG:4326,official_coordinate,인천광역시,171776.22180943     ,439935.541414348    
3510500-102-2015-00009,궁,유흥주점영업,룸살롱,"인천광역시 미추홀구 석바위로 57, 지하1층 (주안동)",37.46101281553563,126.67943612936412,,2026-09-06,https://www.data.go.kr/data/15045018/fileData.do,https://file.localdata.go.kr/file/download/entertainment_bars/info,영업/정상,2026-05-07 22:48:14,2025-12-08 14:02:31,EPSG:5174 original transformed to EPSG:4326,official_coordinate,인천광역시,171569.199430818    ,439920.472065219    
3510500-102-2015-00010,궁,유흥주점영업,룸살롱,"인천광역시 미추홀구 미추홀대로734번길 38, 2층 (주안동)",37.462848573317046,126.68252808585808,,2026-09-06,https://www.data.go.kr/data/15045018/fileData.do,https://file.localdata.go.kr/file/download/entertainment_bars/info,영업/정상,2026-05-07 22:48:14,2025-10-16 15:39:23,EPSG:5174 original transformed to EPSG:4326,official_coordinate,인천광역시,171843.442405848    ,440123.287831503    
3510500-102-2015-00011,힐링노래바,유흥주점영업,룸살롱,"인천광역시 미추홀구 주안동로 11, 2층 (주안동)",37.4592263805132,126.68570834202752,,2026-09-06,https://www.data.go.kr/data/15045018/fileData.do,https://file.localdata.go.kr/file/download/entertainment_bars/info,영업/정상,2026-05-07 22:48:14,2024-09-06 11:34:58,EPSG:5174 original transformed to EPSG:4326,official_coordinate,인천광역시,172123.453005001    ,439720.321158465    
3510500-102-2016-00001,승리노래바,유흥주점영업,룸살롱,"인천광역시 미추홀구 주안중로 45, 지하1층 (주안동)",37.46244789930877,126.68261887037956,,2026-09-06,https://www.data.go.kr/data/15045018/fileData.do,https://file.localdata.go.kr/file/download/entertainment_bars/info,영업/정상,2026-05-07 22:48:14,2024-06-25 17:19:23,EPSG:5174 original transformed to EPSG:4326,official_coordinate,인천광역시,171851.323603429    ,440078.790752577    
3510500-102-2016-00002,궁노래바,유흥주점영업,룸살롱,"인천광역시 미추홀구 석바위로 143, 2층 (주안동)",37.459956055175496,126.68887486906115,,2026-09-06,https://www.data.go.kr/data/15045018/fileData.do,https://file.localdata.go.kr/file/download/entertainment_bars/info,영업/정상,2026-05-07 22:48:14,2021-07-02 15:11:47,EPSG:5174 original transformed to EPSG:4326,official_coordinate,인천광역시,172403.878889346    ,439800.371606185    
3510500-102-2016-00003,놀이터3,유흥주점영업,룸살롱,"인천광역시 미추홀구 주안로104번길 27-2, 3층 (주안동)",37.46260333602026,126.68167702902299,,2026-09-06,https://www.data.go.kr/data/15045018/fileData.do,https://file.localdata.go.kr/file/download/entertainment_bars/info,영업/정상,2026-05-07 22:48:14,2020-08-31 14:41:39,EPSG:5174 original transformed to EPSG:4326,official_coordinate,인천광역시,171768.0567249      ,440096.324801414    
3510500-102-2016-00004,아침이슬노래짱,유흥주점영업,룸살롱,"인천광역시 미추홀구 경원대로851번길 25, 2층 (주안동)",37.45873381161962,126.68796535458809,,2026-09-06,https://www.data.go.kr/data/15045018/fileData.do,https://file.localdata.go.kr/file/download/entertainment_bars/info,영업/정상,2026-05-07 22:48:14,2020-10-13 17:53:05,EPSG:5174 original transformed to EPSG:4326,official_coordinate,인천광역시,172322.959289119    ,439664.985127389    
3510500-102-2012-00002,아이씨노래밤,유흥주점영업,룸살롱,"인천광역시 미추홀구 미추홀대로734번길 4, 지하1층 (주안동)",37.46287250250412,126.68058143921482,,2026-09-06,https://www.data.go.kr/data/15045018/fileData.do,https://file.localdata.go.kr/file/download/entertainment_bars/info,영업/정상,2026-05-07 22:48:10,2025-11-03 09:29:14,EPSG:5174 original transformed to EPSG:4326,official_coordinate,인천광역시,171671.231000894    ,440126.528620307    
3510500-102-2012-00003,엔젤노래짱,유흥주점영업,기타,"인천광역시 미추홀구 아암대로 97, 지하1층 (용현동)",37.453209327659785,126.6331522626196,,2026-09-06,https://www.data.go.kr/data/15045018/fileData.do,https://file.localdata.go.kr/file/download/entertainment_bars/info,영업/정상,2026-05-07 22:48:10,2020-10-13 18:53:04,EPSG:5174 original transformed to EPSG:4326,official_coordinate,인천광역시,167470.961743239    ,439069.386029437    
3510500-102-2012-00004,크리스탈가요방,유흥주점영업,룸살롱,"인천광역시 미추홀구 경인로435번길 11, 지하1층 (주안동)",37.458556633347875,126.68853276839947,,2026-09-06,https://www.data.go.kr/data/15045018/fileData.do,https://file.localdata.go.kr/file/download/entertainment_bars/info,영업/정상,2026-05-07 22:48:11,2025-11-03 09:24:59,EPSG:5174 original transformed to EPSG:4326,official_coordinate,인천광역시,172373.095985698    ,439645.153608218    
3510500-102-2012-00005,비엔나,유흥주점영업,룸살롱,"인천광역시 미추홀구 미추홀대로734번길 25-15, 신명프라자동 지하1층 B02호 (주안동)",37.46343869445388,126.68167579015346,,2026-09-06,https://www.data.go.kr/data/15045018/fileData.do,https://file.localdata.go.kr/file/download/entertainment_bars/info,영업/정상,2026-05-07 22:48:11,2026-01-15 16:46:49,EPSG:5174 original transformed to EPSG:4326,official_coordinate,인천광역시,171768.261906259    ,440189.039691925    
3510500-102-2012-00006,아침이슬가요방,유흥주점영업,룸살롱,"인천광역시 미추홀구 경원대로851번길 25, 2층 (주안동)",37.45873381161962,126.68796535458809,,2026-09-06,https://www.data.go.kr/data/15045018/fileData.do,https://file.localdata.go.kr/file/download/entertainment_bars/info,영업/정상,2026-05-07 22:48:11,2025-11-03 09:24:47,EPSG:5174 original transformed to EPSG:4326,official_coordinate,인천광역시,172322.959289119    ,439664.985127389    
3510500-102-2012-00008,신궁노래광장,유흥주점영업,룸살롱,인천광역시 미추홀구 경인로438번길 4 (주안동),37.45759941116072,126.68854991339057,,2026-09-06,https://www.data.go.kr/data/15045018/fileData.do,https://file.localdata.go.kr/file/download/entertainment_bars/info,영업/정상,2026-05-07 22:48:12,2020-10-13 18:53:50,EPSG:5174 original transformed to EPSG:4326,official_coordinate,인천광역시,172374.259981541    ,439538.908779918    
3510500-102-2012-00009,보스노래클럽,유흥주점영업,룸살롱,인천광역시 미추홀구 석바위로 126 (주안동),37.459694120377684,126.68673872795837,,2026-09-06,https://www.data.go.kr/data/15045018/fileData.do,https://file.localdata.go.kr/file/download/entertainment_bars/info,영업/정상,2026-08-09 22:47:10,2026-08-08 15:51:52,EPSG:5174 original transformed to EPSG:4326,official_coordinate,인천광역시,172214.789417232    ,439771.929406436    
3510500-102-2012-00011,부킹가요방,유흥주점영업,룸살롱,인천광역시 미추홀구 경인로 415 (주안동),37.45831997227289,126.68624527416716,,2026-09-06,https://www.data.go.kr/data/15045018/fileData.do,https://file.localdata.go.kr/file/download/entertainment_bars/info,영업/정상,2026-05-07 22:48:12,2025-04-02 11:16:31,EPSG:5174 original transformed to EPSG:4326,official_coordinate,인천광역시,172170.621204141    ,439619.561963288    
3510500-102-2012-00012,터치노래짱,유흥주점영업,룸살롱,인천광역시 미추홀구 주안로160번길 77 (주안동),37.46005109037385,126.68762632450623,,2026-09-06,https://www.data.go.kr/data/15045018/fileData.do,https://file.localdata.go.kr/file/download/entertainment_bars/info,영업/정상,2026-05-07 22:48:12,2020-10-13 18:54:24,EPSG:5174 original transformed to EPSG:4326,official_coordinate,인천광역시,172293.450659219    ,439811.286648559    
3510500-102-2013-00003,스타노래밤,유흥주점영업,룸살롱,"인천광역시 미추홀구 주안동로 17 (주안동, 지하1층)",37.45973758349267,126.68571026841104,,2026-09-06,https://www.data.go.kr/data/15045018/fileData.do,https://file.localdata.go.kr/file/download/entertainment_bars/info,영업/정상,2026-05-07 22:48:12,2020-10-13 18:54:39,EPSG:5174 original transformed to EPSG:4326,official_coordinate,인천광역시,172123.81363012     ,439777.057794425    
3510500-102-2013-00005,부킹노래타운,유흥주점영업,룸살롱,"인천광역시 미추홀구 주안로104번길 4 (주안동, 2층)",37.46372882052275,126.68115302750113,,2026-09-06,https://www.data.go.kr/data/15045018/fileData.do,https://file.localdata.go.kr/file/download/entertainment_bars/info,영업/정상,2026-05-07 22:48:12,2023-03-23 15:03:59,EPSG:5174 original transformed to EPSG:4326,official_coordinate,인천광역시,171722.12279724     ,440221.397276509    
3510500-102-2013-00007,나비노래클럽,유흥주점영업,룸살롱,"인천광역시 미추홀구 주안로104번길 21 (주안동, 지하1층)",37.462829418010834,126.68134569879494,,2026-09-06,https://www.data.go.kr/data/15045018/fileData.do,https://file.localdata.go.kr/file/download/entertainment_bars/info,영업/정상,2026-05-07 22:48:13,2020-04-09 20:46:42,EPSG:5174 original transformed to EPSG:4326,official_coordinate,인천광역시,171738.829018516    ,440121.516696307    
3510500-102-2014-00001,퀸노래밤,유흥주점영업,룸살롱,"인천광역시 미추홀구 석바위로 141 (주안동, 지하1층)",37.459899369354275,126.68860618049585,,2026-09-06,https://www.data.go.kr/data/15045018/fileData.do,https://file.localdata.go.kr/file/download/entertainment_bars/info,영업/정상,2026-05-07 22:48:13,2019-02-22 11:22:07,EPSG:5174 original transformed to EPSG:4326,official_coordinate,인천광역시,172380.086118172    ,439794.15910332     
3510500-102-2014-00002,젊은미소,유흥주점영업,룸살롱,"인천광역시 미추홀구 석바위로 138 (주안동, 2층)",37.459655181135496,126.688115924245,,2026-09-06,https://www.data.go.kr/data/15045018/fileData.do,https://file.localdata.go.kr/file/download/entertainment_bars/info,영업/정상,2026-05-07 22:48:13,2020-12-10 10:59:15,EPSG:5174 original transformed to EPSG:4326,official_coordinate,인천광역시,172336.621137606    ,439767.201409891    
3510500-102-2014-00003,일루와,유흥주점영업,룸살롱,"인천광역시 미추홀구 석바위로 121, 2층 (주안동)",37.459973712787246,126.68629226915017,,2026-09-06,https://www.data.go.kr/data/15045018/fileData.do,https://file.localdata.go.kr/file/download/entertainment_bars/info,영업/정상,2026-05-07 22:48:13,2020-04-13 19:56:45,EPSG:5174 original transformed to EPSG:4326,official_coordinate,인천광역시,172175.393238418    ,439803.092778121    
3510500-102-2014-00004,수,유흥주점영업,룸살롱,"인천광역시 미추홀구 미추홀대로734번길 30, 2층 (주안동)",37.462860218147355,126.68214777835631,,2026-09-06,https://www.data.go.kr/data/15045018/fileData.do,https://file.localdata.go.kr/file/download/entertainment_bars/info,영업/정상,2026-05-07 22:48:13,2020-02-27 10:30:35,EPSG:5174 original transformed to EPSG:4326,official_coordinate,인천광역시,171809.800861449    ,440124.694262441    
3510500-102-2014-00006,크리스탈노래타운,유흥주점영업,룸살롱,"인천광역시 미추홀구 경인로435번길 11, 2층 (주안동)",37.458556633347875,126.68853276839947,,2026-09-06,https://www.data.go.kr/data/15045018/fileData.do,https://file.localdata.go.kr/file/download/entertainment_bars/info,영업/정상,2026-05-07 22:48:13,2022-06-13 15:02:00,EPSG:5174 original transformed to EPSG:4326,official_coordinate,인천광역시,172373.095985698    ,439645.153608218    
3510500-102-2014-00007,강남노래짱,유흥주점영업,룸살롱,"인천광역시 미추홀구 경원대로851번길 25, 1층 (주안동)",37.45873381161962,126.68796535458809,,2026-09-06,https://www.data.go.kr/data/15045018/fileData.do,https://file.localdata.go.kr/file/download/entertainment_bars/info,영업/정상,2026-05-07 22:48:13,2025-11-03 09:24:34,EPSG:5174 original transformed to EPSG:4326,official_coordinate,인천광역시,172322.959289119    ,439664.985127389    
3510500-102-2014-00008,꽃노래클럽,유흥주점영업,룸살롱,"인천광역시 미추홀구 석바위로 57, 2층 (주안동)",37.46101281553563,126.67943612936412,,2026-09-06,https://www.data.go.kr/data/15045018/fileData.do,https://file.localdata.go.kr/file/download/entertainment_bars/info,영업/정상,2026-05-07 22:48:13,2024-01-04 16:52:03,EPSG:5174 original transformed to EPSG:4326,official_coordinate,인천광역시,171569.199430818    ,439920.472065219    
3510500-102-2018-00001,앙앙,유흥주점영업,노래클럽,"인천광역시 미추홀구 토금중로 9, 2층 (용현동)",37.454234411992594,126.63476454202862,,2026-09-06,https://www.data.go.kr/data/15045018/fileData.do,https://file.localdata.go.kr/file/download/entertainment_bars/info,영업/정상,2026-05-07 22:48:15,2023-11-02 16:32:27,EPSG:5174 original transformed to EPSG:4326,official_coordinate,인천광역시,167614.061959082    ,439182.601269609    
3510500-102-2018-00002,별밤노래밤,유흥주점영업,노래클럽,"인천광역시 미추홀구 경인로425번길 23, 지하1층 (주안동)",37.459237311518976,126.68737854842556,,2026-09-06,https://www.data.go.kr/data/15045018/fileData.do,https://file.localdata.go.kr/file/download/entertainment_bars/info,영업/정상,2026-05-07 22:48:15,2025-12-15 11:39:55,EPSG:5174 original transformed to EPSG:4326,official_coordinate,인천광역시,172271.227854697    ,439721.040330884    
3510500-102-2018-00004,구디구디노래짱,유흥주점영업,노래클럽,"인천광역시 미추홀구 경원대로851번길 24, 모텔쉬리 2층 (주안동)",37.459050737762176,126.68803104750172,,2026-09-06,https://www.data.go.kr/data/15045018/fileData.do,https://file.localdata.go.kr/file/download/entertainment_bars/info,영업/정상,2026-05-07 22:48:15,2025-04-02 11:10:00,EPSG:5174 original transformed to EPSG:4326,official_coordinate,인천광역시,172328.888521597    ,439700.140661711    
3510500-102-2018-00005,여보야,유흥주점영업,기타,"인천광역시 미추홀구 동주길 139, 지하1층 (주안동)",37.45758203546184,126.68481429925367,,2026-09-06,https://www.data.go.kr/data/15045018/fileData.do,https://file.localdata.go.kr/file/download/entertainment_bars/info,영업/정상,2026-05-07 22:48:15,2024-12-30 17:36:34,EPSG:5174 original transformed to EPSG:4326,official_coordinate,인천광역시,172043.739459848    ,439538.084754441    
3510500-102-2018-00006,로즈,유흥주점영업,노래클럽,"인천광역시 미추홀구 석바위로 139, 2층 (주안동)",37.45992243906314,126.68831481100769,,2026-09-06,https://www.data.go.kr/data/15045018/fileData.do,https://file.localdata.go.kr/file/download/entertainment_bars/info,영업/정상,2026-05-07 22:48:15,2020-10-14 10:23:36,EPSG:5174 original transformed to EPSG:4326,official_coordinate,인천광역시,172354.31607046     ,439796.805216436    
3510500-102-2018-00007,링코노래타운,유흥주점영업,노래클럽,"인천광역시 미추홀구 주안로104번길 24, 6층 (주안동)",37.462827568567306,126.68103129334293,,2026-09-06,https://www.data.go.kr/data/15045018/fileData.do,https://file.localdata.go.kr/file/download/entertainment_bars/info,영업/정상,2026-05-07 22:48:15,2024-11-20 10:22:09,EPSG:5174 original transformed to EPSG:4326,official_coordinate,인천광역시,171711.012761654    ,440121.406013881    
3510500-102-2018-00008,아바노래바,유흥주점영업,노래클럽,"인천광역시 미추홀구 토금중로 8, 3층 (용현동)",37.4540655393224,126.63447482329056,,2026-09-06,https://www.data.go.kr/data/15045018/fileData.do,https://file.localdata.go.kr/file/download/entertainment_bars/info,영업/정상,2026-05-07 22:48:15,2023-01-13 10:26:05,EPSG:5174 original transformed to EPSG:4326,official_coordinate,인천광역시,167588.354463585    ,439163.95830208     
3510500-102-2018-00009,백악관가요방,유흥주점영업,노래클럽,인천광역시 미추홀구 경인로 415 (주안동),37.45831997227289,126.68624527416716,,2026-09-06,https://www.data.go.kr/data/15045018/fileData.do,https://file.localdata.go.kr/file/download/entertainment_bars/info,영업/정상,2026-05-07 22:48:15,2025-11-03 09:23:47,EPSG:5174 original transformed to EPSG:4326,official_coordinate,인천광역시,172170.621204141    ,439619.561963288    
3510500-102-2018-00010,별빛노래밤,유흥주점영업,노래클럽,"인천광역시 미추홀구 경인로425번길 23, 2층 (주안동)",37.459237311518976,126.68737854842556,,2026-09-06,https://www.data.go.kr/data/15045018/fileData.do,https://file.localdata.go.kr/file/download/entertainment_bars/info,영업/정상,2026-05-07 22:48:15,2025-12-15 11:38:22,EPSG:5174 original transformed to EPSG:4326,official_coordinate,인천광역시,172271.227854697    ,439721.040330884    
3510500-102-2018-00011,멘토,유흥주점영업,노래클럽,"인천광역시 미추홀구 석바위로 81, 지하1층 (주안동)",37.46114850293391,126.68222484988415,,2026-09-06,https://www.data.go.kr/data/15045018/fileData.do,https://file.localdata.go.kr/file/download/entertainment_bars/info,영업/정상,2026-05-07 22:48:15,2020-10-13 17:52:33,EPSG:5174 original transformed to EPSG:4326,official_coordinate,인천광역시,171815.975506433    ,439934.691835376    
3510500-102-2018-00012,여우노래바,유흥주점영업,노래클럽,"인천광역시 미추홀구 주안중로 28, 지하1층 (주안동)",37.46084912608667,126.68286367958277,,2026-09-06,https://www.data.go.kr/data/15045018/fileData.do,https://file.localdata.go.kr/file/download/entertainment_bars/info,영업/정상,2026-05-07 22:48:15,2020-10-14 10:24:49,EPSG:5174 original transformed to EPSG:4326,official_coordinate,인천광역시,171872.381864114    ,439901.27333393     
3510500-102-2019-00002,제이드,유흥주점영업,노래클럽,"인천광역시 미추홀구 주안동로 17, 1층 (주안동)",37.45973758349267,126.68571026841104,,2026-09-06,https://www.data.go.kr/data/15045018/fileData.do,https://file.localdata.go.kr/file/download/entertainment_bars/info,영업/정상,2026-05-07 22:48:15,2024-04-30 13:40:56,EPSG:5174 original transformed to EPSG:4326,official_coordinate,인천광역시,172123.81363012     ,439777.057794425    
3510500-102-2019-00003,다국적클럽,유흥주점영업,노래클럽,"인천광역시 미추홀구 토금중로3번길 6, 나동 2,3층 (용현동)",37.45444413509798,126.63449203889476,,2026-09-06,https://www.data.go.kr/data/15045018/fileData.do,https://file.localdata.go.kr/file/download/entertainment_bars/info,영업/정상,2026-05-07 22:48:15,2019-09-10 10:15:14,EPSG:5174 original transformed to EPSG:4326,official_coordinate,인천광역시,167590.0413926      ,439205.97183857     
3510500-102-2019-00004,짱구노래짱,유흥주점영업,노래클럽,"인천광역시 미추홀구 주안로 94, 지하1층 (주안동)",37.46385446165446,126.6800789072053,,2026-09-06,https://www.data.go.kr/data/15045018/fileData.do,https://file.localdata.go.kr/file/download/entertainment_bars/info,영업/정상,2026-05-07 22:48:15,2023-02-06 15:04:58,EPSG:5174 original transformed to EPSG:4326,official_coordinate,인천광역시,171627.143723918    ,440235.66560981     
3510500-102-2019-00005,플러팅가요방,유흥주점영업,노래클럽,"인천광역시 미추홀구 경원대로851번길 13, 2층 (주안동)",37.45871225654001,126.68854330743424,,2026-09-06,https://www.data.go.kr/data/15045018/fileData.do,https://file.localdata.go.kr/file/download/entertainment_bars/info,영업/정상,2026-05-07 22:48:15,2025-10-17 13:37:36,EPSG:5174 original transformed to EPSG:4326,official_coordinate,인천광역시,172374.085808489    ,439662.422756192    
3510500-102-2019-00006,대박노래광장,유흥주점영업,노래클럽,"인천광역시 미추홀구 제일로 27, 2층 (도화동)",37.45907264337434,126.67339640757234,,2026-09-06,https://www.data.go.kr/data/15045018/fileData.do,https://file.localdata.go.kr/file/download/entertainment_bars/info,영업/정상,2026-05-07 22:48:15,2023-11-13 15:11:59,EPSG:5174 original transformed to EPSG:4326,official_coordinate,인천광역시,171034.100189686    ,439706.980841259    
3510500-102-2020-00001,궁전가요방,유흥주점영업,노래클럽,"인천광역시 미추홀구 경원대로851번길 13, 지하1층 (주안동)",37.45871225654001,126.68854330743424,,2026-09-06,https://www.data.go.kr/data/15045018/fileData.do,https://file.localdata.go.kr/file/download/entertainment_bars/info,영업/정상,2026-05-07 22:48:15,2022-06-13 15:00:35,EPSG:5174 original transformed to EPSG:4326,official_coordinate,인천광역시,172374.085808489    ,439662.422756192    
3510500-102-2020-00003,비타민 노래짱,유흥주점영업,노래클럽,"인천광역시 미추홀구 석바위로 126, 2층 (주안동)",37.459694120377684,126.68673872795837,,2026-09-06,https://www.data.go.kr/data/15045018/fileData.do,https://file.localdata.go.kr/file/download/entertainment_bars/info,영업/정상,2026-05-07 22:48:15,2025-10-29 14:20:41,EPSG:5174 original transformed to EPSG:4326,official_coordinate,인천광역시,172214.789417232    ,439771.929406436    
3510500-102-2020-00004,별노래밤,유흥주점영업,노래클럽,"인천광역시 미추홀구 주안중로 29, 지하1층 (주안동)",37.46110279165727,126.68251768396229,,2026-09-06,https://www.data.go.kr/data/15045018/fileData.do,https://file.localdata.go.kr/file/download/entertainment_bars/info,영업/정상,2026-05-07 22:48:15,2024-07-19 17:50:23,EPSG:5174 original transformed to EPSG:4326,official_coordinate,인천광역시,171841.866038136    ,439929.530680247    
3510500-102-2017-00003,애인노래밤,유흥주점영업,노래클럽,"인천광역시 미추홀구 주안서로 6, 지하1층 (주안동)",37.459299297216724,126.67800028250751,,2026-09-06,https://www.data.go.kr/data/15045018/fileData.do,https://file.localdata.go.kr/file/download/entertainment_bars/info,영업/정상,2026-05-07 22:48:14,2025-07-04 10:54:48,EPSG:5174 original transformed to EPSG:4326,official_coordinate,인천광역시,171441.513408184    ,439730.727939434    
3510500-102-2017-00004,짝노래,유흥주점영업,노래클럽,"인천광역시 미추홀구 주안서로 7, 지하1층 (주안동)",37.459401302315705,126.67767963079895,,2026-09-06,https://www.data.go.kr/data/15045018/fileData.do,https://file.localdata.go.kr/file/download/entertainment_bars/info,영업/정상,2026-05-07 22:48:14,2022-10-04 10:05:41,EPSG:5174 original transformed to EPSG:4326,official_coordinate,인천광역시,171413.182820259    ,439742.146712995    
3510500-102-2017-00005,뉴월드노래밤,유흥주점영업,노래클럽,"인천광역시 미추홀구 경인로425번길 35, 지하1층 (주안동)",37.459694500863904,126.68730567529025,,2026-09-06,https://www.data.go.kr/data/15045018/fileData.do,https://file.localdata.go.kr/file/download/entertainment_bars/info,영업/정상,2026-05-07 22:48:14,2020-10-14 10:21:42,EPSG:5174 original transformed to EPSG:4326,official_coordinate,인천광역시,172264.949670361    ,439771.804191301    
3510500-102-2017-00006,노래 천국,유흥주점영업,노래클럽,"인천광역시 미추홀구 석바위로 145, 2층 (주안동)",37.45989172882031,126.68909216260266,,2026-09-06,https://www.data.go.kr/data/15045018/fileData.do,https://file.localdata.go.kr/file/download/entertainment_bars/info,영업/정상,2026-05-07 22:48:14,2022-06-03 15:00:29,EPSG:5174 original transformed to EPSG:4326,official_coordinate,인천광역시,172423.079979431    ,439793.168400312    
3510500-102-2017-00007,앵콜노래밤,유흥주점영업,노래클럽,"인천광역시 미추홀구 석바위로 133-1, 2층 (주안동)",37.45992951907446,126.68772195325899,,2026-09-06,https://www.data.go.kr/data/15045018/fileData.do,https://file.localdata.go.kr/file/download/entertainment_bars/info,영업/정상,2026-05-07 22:48:14,2020-10-14 10:22:08,EPSG:5174 original transformed to EPSG:4326,official_coordinate,인천광역시,172301.866337428    ,439797.765552746    
3510500-102-2017-00008,동경가요방,유흥주점영업,기타,"인천광역시 미추홀구 석바위로 133, 1층 (주안동)",37.459937734432636,126.68760078414662,,2026-09-06,https://www.data.go.kr/data/15045018/fileData.do,https://file.localdata.go.kr/file/download/entertainment_bars/info,영업/정상,2026-05-07 22:48:14,2017-12-15 16:16:32,EPSG:5174 original transformed to EPSG:4326,official_coordinate,인천광역시,172291.149090352    ,439798.713069806    
3510500-102-2017-00009,동경노래짱,유흥주점영업,노래클럽,"인천광역시 미추홀구 석바위로 133, 2층 (주안동)",37.459937734432636,126.68760078414662,,2026-09-06,https://www.data.go.kr/data/15045018/fileData.do,https://file.localdata.go.kr/file/download/entertainment_bars/info,영업/정상,2026-05-07 22:48:14,2020-10-14 10:22:22,EPSG:5174 original transformed to EPSG:4326,official_coordinate,인천광역시,172291.149090352    ,439798.713069806    
3510500-102-2017-00010,코샤,유흥주점영업,노래클럽,"인천광역시 미추홀구 토금중로3번길 6, 가동 3층 (용현동)",37.45444413509798,126.63449203889476,,2026-09-06,https://www.data.go.kr/data/15045018/fileData.do,https://file.localdata.go.kr/file/download/entertainment_bars/info,영업/정상,2026-05-07 22:48:14,2025-12-03 11:48:46,EPSG:5174 original transformed to EPSG:4326,official_coordinate,인천광역시,167590.0413926      ,439205.97183857     
3510500-102-2016-00005,비제이(BJ)노래광장,유흥주점영업,룸살롱,"인천광역시 미추홀구 석바위로80번길 2, 2층 (주안동)",37.46088840192379,126.68175886603773,,2026-09-06,https://www.data.go.kr/data/15045018/fileData.do,https://file.localdata.go.kr/file/download/entertainment_bars/info,영업/정상,2026-05-07 22:48:14,2023-04-03 16:12:05,EPSG:5174 original transformed to EPSG:4326,official_coordinate,인천광역시,171774.650850302    ,439905.963658953    
3510500-102-2016-00007,알에스(RS)노래짱,유흥주점영업,룸살롱,"인천광역시 미추홀구 경원대로851번길 19, 1층 (주안동)",37.45872266265,126.68825769880713,,2026-09-06,https://www.data.go.kr/data/15045018/fileData.do,https://file.localdata.go.kr/file/download/entertainment_bars/info,영업/정상,2026-05-07 22:48:14,2022-06-13 14:53:39,EPSG:5174 original transformed to EPSG:4326,official_coordinate,인천광역시,172348.820374466    ,439663.661687715    
3510500-102-2016-00008,알에스가요방,유흥주점영업,룸살롱,"인천광역시 미추홀구 경원대로851번길 19, 2층 (주안동)",37.45872266265,126.68825769880713,,2026-09-06,https://www.data.go.kr/data/15045018/fileData.do,https://file.localdata.go.kr/file/download/entertainment_bars/info,영업/정상,2026-05-07 22:48:14,2020-10-14 10:18:45,EPSG:5174 original transformed to EPSG:4326,official_coordinate,인천광역시,172348.820374466    ,439663.661687715    
3510500-102-2016-00009,스타노래뱅크 2,유흥주점영업,룸살롱,"인천광역시 미추홀구 주안로104번길 13, 3층 (주안동)",37.463234064691264,126.68144867854178,,2026-09-06,https://www.data.go.kr/data/15045018/fileData.do,https://file.localdata.go.kr/file/download/entertainment_bars/info,영업/정상,2026-05-07 22:48:14,2023-10-05 10:50:05,EPSG:5174 original transformed to EPSG:4326,official_coordinate,인천광역시,171748.092261878    ,440166.396545127    
3510500-102-2016-00010,로얄패밀리가요방,유흥주점영업,룸살롱,인천광역시 미추홀구 경원대로851번길 20 (주안동),37.45897125011781,126.68820558911527,,2026-09-06,https://www.data.go.kr/data/15045018/fileData.do,https://file.localdata.go.kr/file/download/entertainment_bars/info,영업/정상,2026-05-07 22:48:14,2020-10-14 10:19:20,EPSG:5174 original transformed to EPSG:4326,official_coordinate,인천광역시,172344.301713731    ,439691.267147894    
3510500-102-2016-00011,로또,유흥주점영업,룸살롱,"인천광역시 미추홀구 주안로104번길 27, 지하1층 (주안동)",37.46261735299792,126.68136907565497,,2026-09-06,https://www.data.go.kr/data/15045018/fileData.do,https://file.localdata.go.kr/file/download/entertainment_bars/info,영업/정상,2026-05-07 22:48:14,2020-10-14 10:19:38,EPSG:5174 original transformed to EPSG:4326,official_coordinate,인천광역시,171740.817189631    ,440097.97305867     
3510500-102-2016-00012,초롱노래,유흥주점영업,룸살롱,"인천광역시 미추홀구 경인로325번길 22-36, 지하1층 (주안동)",37.45961688957641,126.67770699003619,,2026-09-06,https://www.data.go.kr/data/15045018/fileData.do,https://file.localdata.go.kr/file/download/entertainment_bars/info,영업/정상,2026-05-07 22:48:14,2026-02-12 11:14:10,EPSG:5174 original transformed to EPSG:4326,official_coordinate,인천광역시,171415.685652475    ,439766.065917189    
3520000-102-2026-00001,조코노래타운,유흥주점영업,노래클럽,"인천광역시 연수구 용담로118번길 3, 3층 일부호 (연수동)",37.41442694618779,126.6779086107576,,2026-09-06,https://www.data.go.kr/data/15045018/fileData.do,https://file.localdata.go.kr/file/download/entertainment_bars/info,영업/정상,2026-05-13 22:48:36,2026-05-12 11:05:58,EPSG:5174 original transformed to EPSG:4326,official_coordinate,인천광역시,171416.304872536    ,434750.498029905    
3520000-102-1997-00006,놀이터,유흥주점영업,룸살롱,"인천광역시 연수구 인권로 21 (옥련동, 지상3층)",37.41922318251701,126.65252249203849,,2026-09-06,https://www.data.go.kr/data/15045018/fileData.do,https://file.localdata.go.kr/file/download/entertainment_bars/info,영업/정상,2025-12-15 16:15:28,2023-05-01 14:12:22,EPSG:5174 original transformed to EPSG:4326,official_coordinate,인천광역시,169170.908325943    ,435290.831599163    
3520000-102-1997-00009,명품,유흥주점영업,룸살롱,"인천광역시 연수구 용담로 87, 지상4층 (청학동)",37.41670119339364,126.67539807676732,,2026-09-06,https://www.data.go.kr/data/15045018/fileData.do,https://file.localdata.go.kr/file/download/entertainment_bars/info,영업/정상,2026-04-10 03:03:03,2026-04-09 10:10:53,EPSG:5174 original transformed to EPSG:4326,official_coordinate,인천광역시,171194.926809716    ,435003.675106629    
3520000-102-1997-00011,놀러와,유흥주점영업,룸살롱,"인천광역시 연수구 용담로 87, 지하1층 (청학동)",37.41670119339364,126.67539807676732,,2026-09-06,https://www.data.go.kr/data/15045018/fileData.do,https://file.localdata.go.kr/file/download/entertainment_bars/info,영업/정상,2026-03-11 01:36:05,2026-03-10 17:35:07,EPSG:5174 original transformed to EPSG:4326,official_coordinate,인천광역시,171194.926809716    ,435003.675106629    
3520000-102-1997-00013,인스타,유흥주점영업,룸살롱,"인천광역시 연수구 대암로 31, 지하3층 (옥련동)",37.41854810852769,126.65291776585235,,2026-09-06,https://www.data.go.kr/data/15045018/fileData.do,https://file.localdata.go.kr/file/download/entertainment_bars/info,영업/정상,2025-12-15 16:15:28,2024-04-11 16:03:36,EPSG:5174 original transformed to EPSG:4326,official_coordinate,인천광역시,169205.621684231    ,435215.777762446    
3520000-102-1998-00001,놀이터 노래밤,유흥주점영업,룸살롱,"인천광역시 연수구 앵고개로246번길 39-23 (동춘동,(지상4층))",37.40734108188926,126.67178607944186,,2026-09-06,https://www.data.go.kr/data/15045018/fileData.do,https://file.localdata.go.kr/file/download/entertainment_bars/info,영업/정상,2025-12-15 16:15:28,2024-04-25 16:20:26,EPSG:5174 original transformed to EPSG:4326,official_coordinate,인천광역시,170871.543973027    ,433965.938391648    
3520000-102-1998-00002,피터팬,유흥주점영업,룸살롱,"인천광역시 연수구 인권로 21, 지상2층 (옥련동)",37.41922318251701,126.65252249203849,,2026-09-06,https://www.data.go.kr/data/15045018/fileData.do,https://file.localdata.go.kr/file/download/entertainment_bars/info,영업/정상,2025-12-15 16:15:28,2025-09-05 14:19:59,EPSG:5174 original transformed to EPSG:4326,official_coordinate,인천광역시,169170.908325943    ,435290.831599163    
3520000-102-1998-00008,슈퍼스타,유흥주점영업,룸살롱,"인천광역시 연수구 용담로85번길 7 (청학동,(지하1층))",37.41705138035311,126.67518875516369,,2026-09-06,https://www.data.go.kr/data/15045018/fileData.do,https://file.localdata.go.kr/file/download/entertainment_bars/info,영업/정상,2025-12-15 16:15:28,2019-07-09 17:37:00,EPSG:5174 original transformed to EPSG:4326,official_coordinate,인천광역시,171176.531175089    ,435042.605357675    
3520000-102-1998-00009,슈퍼모델,유흥주점영업,카바레,"인천광역시 연수구 용담로85번길 7 (청학동,(지하1층))",37.41705138035311,126.67518875516369,,2026-09-06,https://www.data.go.kr/data/15045018/fileData.do,https://file.localdata.go.kr/file/download/entertainment_bars/info,영업/정상,2025-12-15 16:15:28,2023-12-11 14:54:04,EPSG:5174 original transformed to EPSG:4326,official_coordinate,인천광역시,171176.531175089    ,435042.605357675    
3520000-102-1999-00009,짝 노래 짱,유흥주점영업,룸살롱,"인천광역시 연수구 청명로 16 (청학동, 지하1층)",37.41691149827582,126.67504342481791,,2026-09-06,https://www.data.go.kr/data/15045018/fileData.do,https://file.localdata.go.kr/file/download/entertainment_bars/info,영업/정상,2026-06-09 03:03:03,2026-06-08 16:23:49,EPSG:5174 original transformed to EPSG:4326,official_coordinate,인천광역시,171163.61216575     ,435027.124814432    
3520000-102-1999-00011,서울북창동,유흥주점영업,룸살롱,"인천광역시 연수구 용담로85번길 7 (청학동, 지상3층)",37.41705138035311,126.67518875516369,,2026-09-06,https://www.data.go.kr/data/15045018/fileData.do,https://file.localdata.go.kr/file/download/entertainment_bars/info,영업/정상,2025-12-15 16:15:28,2024-05-27 17:21:59,EPSG:5174 original transformed to EPSG:4326,official_coordinate,인천광역시,171176.531175089    ,435042.605357675    
3520000-102-2000-00001,나비,유흥주점영업,룸살롱,"인천광역시 연수구 인권로 12, 지상1층 (옥련동)",37.41837469466156,126.65199316849049,,2026-09-06,https://www.data.go.kr/data/15045018/fileData.do,https://file.localdata.go.kr/file/download/entertainment_bars/info,영업/정상,2025-12-15 16:15:28,2024-06-27 15:58:01,EPSG:5174 original transformed to EPSG:4326,official_coordinate,인천광역시,169123.702621211    ,435196.834054855    
3520000-102-2000-00015,방앗간,유흥주점영업,카바레,"인천광역시 연수구 인권로 21 (옥련동,(지상1층))",37.41922318251701,126.65252249203849,,2026-09-06,https://www.data.go.kr/data/15045018/fileData.do,https://file.localdata.go.kr/file/download/entertainment_bars/info,영업/정상,2026-05-28 03:03:03,2026-05-27 11:07:55,EPSG:5174 original transformed to EPSG:4326,official_coordinate,인천광역시,169170.908325943    ,435290.831599163    
3520000-102-2000-00020,더퍼스트,유흥주점영업,룸살롱,"인천광역시 연수구 인권로 2, 지하1층 B01호 (옥련동)",37.41775970873023,126.65122078068308,,2026-09-06,https://www.data.go.kr/data/15045018/fileData.do,https://file.localdata.go.kr/file/download/entertainment_bars/info,영업/정상,2025-12-15 16:15:28,2024-01-05 11:24:51,EPSG:5174 original transformed to EPSG:4326,official_coordinate,인천광역시,169055.075169454    ,435128.83234938     
3520000-102-2000-00026,양파노래클럽,유흥주점영업,룸살롱,"인천광역시 연수구 능허대로 211 (옥련동, 지상2층)",37.4170003997102,126.65064300120416,,2026-09-06,https://www.data.go.kr/data/15045018/fileData.do,https://file.localdata.go.kr/file/download/entertainment_bars/info,영업/정상,2025-12-15 16:15:28,2023-05-01 14:17:26,EPSG:5174 original transformed to EPSG:4326,official_coordinate,인천광역시,169003.614552881    ,435044.749113881    
3520000-102-2000-00027,제이(J),유흥주점영업,룸살롱,"인천광역시 연수구 인권로 17, 지하1층 (옥련동)",37.41896848948881,126.65203556263319,,2026-09-06,https://www.data.go.kr/data/15045018/fileData.do,https://file.localdata.go.kr/file/download/entertainment_bars/info,영업/정상,2025-12-15 16:15:28,2023-05-01 14:17:53,EPSG:5174 original transformed to EPSG:4326,official_coordinate,인천광역시,169127.699712162    ,435262.72362935     
3520000-102-2001-00002,로제,유흥주점영업,룸살롱,"인천광역시 연수구 능허대로191번길 32 (옥련동, 지하1층)",37.419049393697954,126.65146022809486,,2026-09-06,https://www.data.go.kr/data/15045018/fileData.do,https://file.localdata.go.kr/file/download/entertainment_bars/info,영업/정상,2025-12-15 16:15:28,2024-05-20 12:07:51,EPSG:5174 original transformed to EPSG:4326,official_coordinate,인천광역시,169076.803243209    ,435271.891849522    
3520000-102-2001-00003,메이,유흥주점영업,카바레,"인천광역시 연수구 인권로9번길 10, 지하1층 (옥련동)",37.418878311199585,126.65129957682339,,2026-09-06,https://www.data.go.kr/data/15045018/fileData.do,https://file.localdata.go.kr/file/download/entertainment_bars/info,영업/정상,2026-08-14 22:48:57,2026-08-13 10:36:06,EPSG:5174 original transformed to EPSG:4326,official_coordinate,인천광역시,169062.511556214    ,435252.956725808    
3520000-102-2001-00006,1박2일,유흥주점영업,룸살롱,"인천광역시 연수구 용담로85번길 7 (청학동,지상1층)",37.41705138035311,126.67518875516369,,2026-09-06,https://www.data.go.kr/data/15045018/fileData.do,https://file.localdata.go.kr/file/download/entertainment_bars/info,영업/정상,2025-12-15 16:15:28,2021-04-26 09:24:37,EPSG:5174 original transformed to EPSG:4326,official_coordinate,인천광역시,171176.531175089    ,435042.605357675    
3520000-102-2004-00004,원피스,유흥주점영업,룸살롱,"인천광역시 연수구 용담로117번길 27 (연수동, 지하1층)",37.41604106802544,126.67821666847473,,2026-09-06,https://www.data.go.kr/data/15045018/fileData.do,https://file.localdata.go.kr/file/download/entertainment_bars/info,영업/정상,2025-12-15 16:15:28,2020-09-10 15:31:17,EPSG:5174 original transformed to EPSG:4326,official_coordinate,인천광역시,171444.190549357    ,434929.550740763    
3520000-102-2007-00004,올기장,유흥주점영업,룸살롱,"인천광역시 연수구 대암로 31 (옥련동,지하1층 (대암로 31))",37.41854810852769,126.65291776585235,,2026-09-06,https://www.data.go.kr/data/15045018/fileData.do,https://file.localdata.go.kr/file/download/entertainment_bars/info,영업/정상,2025-12-15 16:15:28,2025-04-01 15:58:06,EPSG:5174 original transformed to EPSG:4326,official_coordinate,인천광역시,169205.621684231    ,435215.777762446    
3520000-102-2007-00005,힐탑 노래크럽,유흥주점영업,룸살롱,"인천광역시 연수구 인권로 11 (옥련동,지상2층)",37.41873200893263,126.65157156007618,,2026-09-06,https://www.data.go.kr/data/15045018/fileData.do,https://file.localdata.go.kr/file/download/entertainment_bars/info,영업/정상,2026-03-28 03:03:03,2026-03-27 16:45:43,EPSG:5174 original transformed to EPSG:4326,official_coordinate,인천광역시,169086.52784657     ,435236.629697641    
3520000-102-2009-00002,소풍,유흥주점영업,룸살롱,"인천광역시 연수구 능허대로267번길 29, 지하1층 (동춘동)",37.41421581821132,126.65546173265932,,2026-09-06,https://www.data.go.kr/data/15045018/fileData.do,https://file.localdata.go.kr/file/download/entertainment_bars/info,영업/정상,2025-12-15 16:15:28,2023-06-01 09:35:48,EPSG:5174 original transformed to EPSG:4326,official_coordinate,인천광역시,169429.055698777    ,434734.120798406    
3520000-102-2011-00002,발렌타인 주점,유흥주점영업,기타,"인천광역시 연수구 용담로118번길 7 (연수동, 천지프라자 301호 지상3층)",37.414302914804765,126.67776738241842,,2026-09-06,https://www.data.go.kr/data/15045018/fileData.do,https://file.localdata.go.kr/file/download/entertainment_bars/info,영업/정상,2025-12-15 16:15:28,2024-06-25 16:04:17,EPSG:5174 original transformed to EPSG:4326,official_coordinate,인천광역시,171403.755045843    ,434736.775093743    
3520000-102-2011-00003,블루,유흥주점영업,룸살롱,"인천광역시 연수구 용담로85번길 7 (청학동, 지상 5층)",37.41705138035311,126.67518875516369,,2026-09-06,https://www.data.go.kr/data/15045018/fileData.do,https://file.localdata.go.kr/file/download/entertainment_bars/info,영업/정상,2025-12-15 16:15:28,2024-04-01 17:07:47,EPSG:5174 original transformed to EPSG:4326,official_coordinate,인천광역시,171176.531175089    ,435042.605357675    
3520000-102-2012-00001,콜 노래빠,유흥주점영업,룸살롱,"인천광역시 연수구 인권로 9 (옥련동, 지상2층)",37.41866390518677,126.65142267469832,,2026-09-06,https://www.data.go.kr/data/15045018/fileData.do,https://file.localdata.go.kr/file/download/entertainment_bars/info,영업/정상,2026-08-01 22:48:54,2026-07-31 15:05:27,EPSG:5174 original transformed to EPSG:4326,official_coordinate,인천광역시,169073.320101649    ,435229.119990092    
3520000-102-2012-00003,퀸,유흥주점영업,룸살롱,"인천광역시 연수구 능허대로 203 (옥련동, 지상3층 301호)",37.417690194885246,126.65089990420788,,2026-09-06,https://www.data.go.kr/data/15045018/fileData.do,https://file.localdata.go.kr/file/download/entertainment_bars/info,영업/정상,2026-05-22 03:03:03,2026-05-21 15:31:50,EPSG:5174 original transformed to EPSG:4326,official_coordinate,인천광역시,169026.641378507    ,435121.222783418    
3520000-102-2012-00004,아우디 노래클럽,유흥주점영업,룸살롱,"인천광역시 연수구 청명로 16, 2층 (청학동, 지상2층 일부)",37.41691149827582,126.67504342481791,,2026-09-06,https://www.data.go.kr/data/15045018/fileData.do,https://file.localdata.go.kr/file/download/entertainment_bars/info,영업/정상,2026-04-07 03:03:03,2026-04-06 17:41:57,EPSG:5174 original transformed to EPSG:4326,official_coordinate,인천광역시,171163.61216575     ,435027.124814432    
3520000-102-2001-00009,예술관,유흥주점영업,룸살롱,"인천광역시 연수구 인권로 15 (옥련동,(지상1층))",37.4188820414819,126.65186652212459,,2026-09-06,https://www.data.go.kr/data/15045018/fileData.do,https://file.localdata.go.kr/file/download/entertainment_bars/info,영업/정상,2025-12-15 16:15:28,2023-10-11 17:01:50,EPSG:5174 original transformed to EPSG:4326,official_coordinate,인천광역시,169112.700321275    ,435253.184498333    
3520000-102-2001-00012,은방울 노래밤,유흥주점영업,룸살롱,"인천광역시 연수구 능허대로 199 (옥련동, 지상2층)",37.4183830488837,126.65045455939543,,2026-09-06,https://www.data.go.kr/data/15045018/fileData.do,https://file.localdata.go.kr/file/download/entertainment_bars/info,영업/정상,2025-12-21 02:40:00,2025-12-19 15:39:53,EPSG:5174 original transformed to EPSG:4326,official_coordinate,인천광역시,168987.504139379    ,435198.267210397    
3520000-102-2001-00015,풍선,유흥주점영업,룸살롱,"인천광역시 연수구 능허대로191번길 32 (옥련동, 지하1층)",37.419049393697954,126.65146022809486,,2026-09-06,https://www.data.go.kr/data/15045018/fileData.do,https://file.localdata.go.kr/file/download/entertainment_bars/info,영업/정상,2025-12-15 16:15:28,2024-05-20 12:06:30,EPSG:5174 original transformed to EPSG:4326,official_coordinate,인천광역시,169076.803243209    ,435271.891849522    
3520000-102-2001-00017,더블유(W),유흥주점영업,룸살롱,"인천광역시 연수구 인권로 25, 지상1층 (옥련동)",37.41940517497631,126.65287946634312,,2026-09-06,https://www.data.go.kr/data/15045018/fileData.do,https://file.localdata.go.kr/file/download/entertainment_bars/info,영업/정상,2025-12-15 16:15:28,2023-10-12 10:06:46,EPSG:5174 original transformed to EPSG:4326,official_coordinate,인천광역시,169202.583          ,435310.9135         
3520000-102-2001-00018,드르와,유흥주점영업,룸살롱,"인천광역시 연수구 용담로 91, 지상3층 (청학동)",37.41643606386573,126.67578759887894,,2026-09-06,https://www.data.go.kr/data/15045018/fileData.do,https://file.localdata.go.kr/file/download/entertainment_bars/info,영업/정상,2025-12-15 16:15:28,2023-12-11 14:50:46,EPSG:5174 original transformed to EPSG:4326,official_coordinate,인천광역시,171229.307490684    ,434974.130040838    
3520000-102-2001-00020,소판돈,유흥주점영업,룸살롱,"인천광역시 연수구 용담로118번길 3 (연수동,CMG빌딩 지하1층)",37.41442694618779,126.6779086107576,,2026-09-06,https://www.data.go.kr/data/15045018/fileData.do,https://file.localdata.go.kr/file/download/entertainment_bars/info,영업/정상,2025-12-15 16:15:28,2023-11-16 14:35:01,EPSG:5174 original transformed to EPSG:4326,official_coordinate,인천광역시,171416.304872536    ,434750.498029905    
3520000-102-2002-00002,쥬라기공원,유흥주점영업,룸살롱,"인천광역시 연수구 청능대로113번길 31 (연수동,지하1층)",37.41370565781663,126.6776791707122,,2026-09-06,https://www.data.go.kr/data/15045018/fileData.do,https://file.localdata.go.kr/file/download/entertainment_bars/info,영업/정상,2025-12-15 16:15:28,2023-12-11 15:18:07,EPSG:5174 original transformed to EPSG:4326,official_coordinate,인천광역시,171395.718267665    ,434670.514265982    
3520000-102-2002-00006,친구찾기노래클럽,유흥주점영업,룸살롱,"인천광역시 연수구 용담로 93 (청학동,301호)",37.41632936618856,126.6759444570792,,2026-09-06,https://www.data.go.kr/data/15045018/fileData.do,https://file.localdata.go.kr/file/download/entertainment_bars/info,영업/정상,2025-12-15 16:15:28,2023-05-09 17:25:49,EPSG:5174 original transformed to EPSG:4326,official_coordinate,인천광역시,171243.152478063    ,434962.240051611    
3520000-102-2003-00001,다국적노래클럽,유흥주점영업,룸살롱,"인천광역시 연수구 용담로117번길 27 (연수동, 지상3층)",37.41604106802544,126.67821666847473,,2026-09-06,https://www.data.go.kr/data/15045018/fileData.do,https://file.localdata.go.kr/file/download/entertainment_bars/info,영업/정상,2025-12-15 16:15:28,2024-11-29 05:54:02,EPSG:5174 original transformed to EPSG:4326,official_coordinate,인천광역시,171444.190549357    ,434929.550740763    
3520000-102-2004-00001,마이웨이,유흥주점영업,고고(디스코)클럽,"인천광역시 연수구 용담로 111 (연수동,아시스타워801호지상8층)",37.41532224904852,126.67751336152584,,2026-09-06,https://www.data.go.kr/data/15045018/fileData.do,https://file.localdata.go.kr/file/download/entertainment_bars/info,영업/정상,2025-12-15 16:15:28,2025-02-03 18:26:19,EPSG:5174 original transformed to EPSG:4326,official_coordinate,인천광역시,171381.655890851    ,434849.984979024    
3520000-102-2025-00002,즐길락 노래,유흥주점영업,노래클럽,"인천광역시 연수구 능허대로267번길 7, 지상1층 (동춘동)",37.41321288538775,126.65411809507823,,2026-09-06,https://www.data.go.kr/data/15045018/fileData.do,https://file.localdata.go.kr/file/download/entertainment_bars/info,영업/정상,2025-12-15 16:15:28,2025-06-26 17:18:07,EPSG:5174 original transformed to EPSG:4326,official_coordinate,인천광역시,169309.696589371    ,434623.245749069    
3520000-102-2025-00003,이리오너라,유흥주점영업,간이주점,"인천광역시 연수구 인권로 12, 지하1층 일부호 (옥련동)",37.41837469466156,126.65199316849049,,2026-09-06,https://www.data.go.kr/data/15045018/fileData.do,https://file.localdata.go.kr/file/download/entertainment_bars/info,영업/정상,2025-12-15 16:15:28,2025-11-10 13:33:51,EPSG:5174 original transformed to EPSG:4326,official_coordinate,인천광역시,169123.702621211    ,435196.834054855    
3520000-102-2012-00006,궁 노래바,유흥주점영업,룸살롱,"인천광역시 연수구 능허대로267번길 42 (동춘동, 지하1층)",37.413744749890604,126.65600009908886,,2026-09-06,https://www.data.go.kr/data/15045018/fileData.do,https://file.localdata.go.kr/file/download/entertainment_bars/info,영업/정상,2025-12-15 16:15:28,2022-08-02 08:56:24,EPSG:5174 original transformed to EPSG:4326,official_coordinate,인천광역시,169476.524469105    ,434681.663656453    
3520000-102-2013-00001,빵빠레,유흥주점영업,룸살롱,"인천광역시 연수구 대암로 15, 2층 (옥련동)",37.41764073188566,126.65142193211504,,2026-09-06,https://www.data.go.kr/data/15045018/fileData.do,https://file.localdata.go.kr/file/download/entertainment_bars/info,영업/정상,2025-12-15 16:15:28,2023-06-01 09:37:31,EPSG:5174 original transformed to EPSG:4326,official_coordinate,인천광역시,169072.83277295     ,435115.561346382    
3520000-102-2014-00003,25시,유흥주점영업,룸살롱,"인천광역시 연수구 대암로 15, 지하1층 (옥련동)",37.41764073188566,126.65142193211504,,2026-09-06,https://www.data.go.kr/data/15045018/fileData.do,https://file.localdata.go.kr/file/download/entertainment_bars/info,영업/정상,2025-12-15 16:15:28,2023-06-01 09:38:06,EPSG:5174 original transformed to EPSG:4326,official_coordinate,인천광역시,169072.83277295     ,435115.561346382    
3520000-102-2014-00004,거래처,유흥주점영업,기타,"인천광역시 연수구 능허대로267번길 17, 지하1층 (동춘동)",37.413523993760265,126.65448994141256,,2026-09-06,https://www.data.go.kr/data/15045018/fileData.do,https://file.localdata.go.kr/file/download/entertainment_bars/info,영업/정상,2025-12-15 16:15:28,2023-06-01 09:38:22,EPSG:5174 original transformed to EPSG:4326,official_coordinate,인천광역시,169342.742764922    ,434657.653494343    
3520000-102-2015-00001,카카오오,유흥주점영업,노래클럽,"인천광역시 연수구 앵고개로83번길 9 (동춘동, 지하1층)",37.4126516009536,126.65447111162271,,2026-09-06,https://www.data.go.kr/data/15045018/fileData.do,https://file.localdata.go.kr/file/download/entertainment_bars/info,영업/정상,2025-12-26 02:40:00,2025-12-24 11:20:35,EPSG:5174 original transformed to EPSG:4326,official_coordinate,인천광역시,169340.7195         ,434560.8355         
3520000-102-2016-00001,도깨비,유흥주점영업,룸살롱,"인천광역시 연수구 용담로85번길 7 (청학동, 지상2층)",37.41705138035311,126.67518875516369,,2026-09-06,https://www.data.go.kr/data/15045018/fileData.do,https://file.localdata.go.kr/file/download/entertainment_bars/info,영업/정상,2025-12-15 16:15:28,2023-07-14 09:18:03,EPSG:5174 original transformed to EPSG:4326,official_coordinate,인천광역시,171176.531175089    ,435042.605357675    
3520000-102-2016-00002,무비노래클럽,유흥주점영업,룸살롱,"인천광역시 연수구 솔밭로 16 (동춘동, 지상1층)",37.414517957341815,126.65379614188096,,2026-09-06,https://www.data.go.kr/data/15045018/fileData.do,https://file.localdata.go.kr/file/download/entertainment_bars/info,영업/정상,2025-12-15 16:15:28,2021-08-25 09:05:51,EPSG:5174 original transformed to EPSG:4326,official_coordinate,인천광역시,169281.728496487    ,434768.196631926    
3520000-102-2004-00002,소판돈1,유흥주점영업,룸살롱,"인천광역시 연수구 용담로 111 (연수동, 아시스타워 701호 지상7층)",37.41532224904852,126.67751336152584,,2026-09-06,https://www.data.go.kr/data/15045018/fileData.do,https://file.localdata.go.kr/file/download/entertainment_bars/info,영업/정상,2025-12-15 16:15:28,2023-12-12 10:18:35,EPSG:5174 original transformed to EPSG:4326,official_coordinate,인천광역시,171381.655890851    ,434849.984979024    
3520000-102-2004-00003,미스사이공(MISS SAIGON),유흥주점영업,룸살롱,"인천광역시 연수구 용담로 111 (연수동,아시스타워306,307호 지상3층)",37.41532224904852,126.67751336152584,,2026-09-06,https://www.data.go.kr/data/15045018/fileData.do,https://file.localdata.go.kr/file/download/entertainment_bars/info,영업/정상,2025-12-15 16:15:28,2023-04-07 11:46:13,EPSG:5174 original transformed to EPSG:4326,official_coordinate,인천광역시,171381.655890851    ,434849.984979024    
3520000-102-2016-00003,클럽아뜨레룸2,유흥주점영업,룸살롱,"인천광역시 연수구 앵고개로87번길 45 (동춘동, 지상3층)",37.41424397113604,126.65398831736852,,2026-09-06,https://www.data.go.kr/data/15045018/fileData.do,https://file.localdata.go.kr/file/download/entertainment_bars/info,영업/정상,2025-12-15 16:15:28,2025-01-08 11:52:58,EPSG:5174 original transformed to EPSG:4326,official_coordinate,인천광역시,169298.62921607     ,434737.725049332    
3520000-102-2016-00004,클럽아뜨레 라이브1,유흥주점영업,노래클럽,"인천광역시 연수구 앵고개로87번길 45 (동춘동, 지상2층)",37.41424397113604,126.65398831736852,,2026-09-06,https://www.data.go.kr/data/15045018/fileData.do,https://file.localdata.go.kr/file/download/entertainment_bars/info,영업/정상,2025-12-15 16:15:28,2025-01-08 11:55:16,EPSG:5174 original transformed to EPSG:4326,official_coordinate,인천광역시,169298.62921607     ,434737.725049332    
3520000-102-2016-00005,527 라이브,유흥주점영업,노래클럽,"인천광역시 연수구 인권로 26, 2층 (옥련동)",37.419034394472654,126.65320019695828,,2026-09-06,https://www.data.go.kr/data/15045018/fileData.do,https://file.localdata.go.kr/file/download/entertainment_bars/info,영업/정상,2025-12-15 16:15:28,2022-09-13 16:24:09,EPSG:5174 original transformed to EPSG:4326,official_coordinate,인천광역시,169230.822564941    ,435269.656774891    
3520000-102-2016-00006,거래처,유흥주점영업,노래클럽,"인천광역시 연수구 능허대로267번길 42, 지상2층 (동춘동)",37.413744749890604,126.65600009908886,,2026-09-06,https://www.data.go.kr/data/15045018/fileData.do,https://file.localdata.go.kr/file/download/entertainment_bars/info,영업/정상,2025-12-15 16:15:28,2017-01-04 12:57:18,EPSG:5174 original transformed to EPSG:4326,official_coordinate,인천광역시,169476.524469105    ,434681.663656453    
3520000-102-2018-00001,W(더블유) 노래밤,유흥주점영업,노래클럽,"인천광역시 연수구 먼우금로 88, 상산빌딩 지하1층 (동춘동)",37.40672432502639,126.67037039886576,,2026-09-06,https://www.data.go.kr/data/15045018/fileData.do,https://file.localdata.go.kr/file/download/entertainment_bars/info,영업/정상,2025-12-15 16:15:28,2024-09-11 16:32:52,EPSG:5174 original transformed to EPSG:4326,official_coordinate,인천광역시,170745.965383582    ,433897.925681109    
3520000-102-2018-00002,정노래클럽,유흥주점영업,노래클럽,"인천광역시 연수구 앵고개로87번길 12-8, 2층 (동춘동)",37.41305603573296,126.6556430958145,,2026-09-06,https://www.data.go.kr/data/15045018/fileData.do,https://file.localdata.go.kr/file/download/entertainment_bars/info,영업/정상,2025-12-15 16:15:28,2023-05-01 14:11:23,EPSG:5174 original transformed to EPSG:4326,official_coordinate,인천광역시,169444.639281638    ,434605.341289448    
3520000-102-2018-00004,슈바빙룸,유흥주점영업,룸살롱,"인천광역시 연수구 앵고개로101번길 34-19, 지하1층 일부 (동춘동)",37.4149228753239,126.65671515325054,,2026-09-06,https://www.data.go.kr/data/15045018/fileData.do,https://file.localdata.go.kr/file/download/entertainment_bars/info,영업/정상,2025-12-15 16:15:28,2025-07-31 16:32:52,EPSG:5174 original transformed to EPSG:4326,official_coordinate,인천광역시,169540.304987618    ,434812.188427879    
3520000-102-2018-00007,별밤노래밤,유흥주점영업,노래클럽,"인천광역시 연수구 벚꽃로 114, 브랫슬 2층 202-1호 (연수동)",37.4170857098135,126.67810488422674,,2026-09-06,https://www.data.go.kr/data/15045018/fileData.do,https://file.localdata.go.kr/file/download/entertainment_bars/info,영업/정상,2025-12-15 16:15:28,2023-05-01 14:05:07,EPSG:5174 original transformed to EPSG:4326,official_coordinate,인천광역시,171434.692415713    ,435045.526165238    
3520000-102-2019-00001,더블루,유흥주점영업,룸살롱,"인천광역시 연수구 인권로 25, 지하1층 (옥련동)",37.41940517497631,126.65287946634312,,2026-09-06,https://www.data.go.kr/data/15045018/fileData.do,https://file.localdata.go.kr/file/download/entertainment_bars/info,영업/정상,2025-12-15 16:15:28,2019-10-14 13:36:50,EPSG:5174 original transformed to EPSG:4326,official_coordinate,인천광역시,169202.583          ,435310.9135         
3520000-102-2021-00001,스토리(story),유흥주점영업,룸살롱,"인천광역시 연수구 대암로 31, 지하2층 일부호 (옥련동)",37.41854810852769,126.65291776585235,,2026-09-06,https://www.data.go.kr/data/15045018/fileData.do,https://file.localdata.go.kr/file/download/entertainment_bars/info,영업/정상,2025-12-15 16:15:28,2025-03-31 15:43:06,EPSG:5174 original transformed to EPSG:4326,official_coordinate,인천광역시,169205.621684231    ,435215.777762446    
3520000-102-2021-00003,뉴코뮤직타운 인천연수점,유흥주점영업,노래클럽,"인천광역시 연수구 용담로 111, 아시스타워 2층 203, 204, 205, 206호 (연수동)",37.41532224904852,126.67751336152584,,2026-09-06,https://www.data.go.kr/data/15045018/fileData.do,https://file.localdata.go.kr/file/download/entertainment_bars/info,영업/정상,2025-12-15 16:15:28,2025-07-16 17:10:01,EPSG:5174 original transformed to EPSG:4326,official_coordinate,인천광역시,171381.655890851    ,434849.984979024    
3520000-102-2022-00001,달빛노래밤,유흥주점영업,노래클럽,"인천광역시 연수구 아트센터대로168번길 100, 한라 웨스턴파크 송도 246호 (송도동)",37.405502098838234,126.62913884432649,,2026-09-06,https://www.data.go.kr/data/15045018/fileData.do,https://file.localdata.go.kr/file/download/entertainment_bars/info,영업/정상,2025-12-15 16:15:28,2025-01-31 16:14:14,EPSG:5174 original transformed to EPSG:4326,official_coordinate,인천광역시,167094.933098261    ,433775.888358481    
3520000-102-2023-00001,미라클,유흥주점영업,룸살롱,"인천광역시 연수구 대암로 19, 팔레스빌딩 지상2층 일부호 (옥련동)",37.41803284058283,126.65153235695624,,2026-09-06,https://www.data.go.kr/data/15045018/fileData.do,https://file.localdata.go.kr/file/download/entertainment_bars/info,영업/정상,2026-01-24 22:48:11,2026-01-23 10:50:52,EPSG:5174 original transformed to EPSG:4326,official_coordinate,인천광역시,169082.769494989    ,435159.04400887     
3520000-102-2023-00002,포인트노래바,유흥주점영업,노래클럽,"인천광역시 연수구 앵고개로87번길 12-3, 지상2층 (동춘동)",37.41317662970601,126.65527001009323,,2026-09-06,https://www.data.go.kr/data/15045018/fileData.do,https://file.localdata.go.kr/file/download/entertainment_bars/info,영업/정상,2025-12-15 16:15:28,2023-11-01 09:09:59,EPSG:5174 original transformed to EPSG:4326,official_coordinate,인천광역시,169411.659508225    ,434618.846828546    
3520000-102-2023-00003,브이아이피(VIP),유흥주점영업,노래클럽,"인천광역시 연수구 앵고개로87번길 12-3, 지상1층 (동춘동)",37.41317662970601,126.65527001009323,,2026-09-06,https://www.data.go.kr/data/15045018/fileData.do,https://file.localdata.go.kr/file/download/entertainment_bars/info,영업/정상,2025-12-15 16:15:28,2023-11-01 09:28:26,EPSG:5174 original transformed to EPSG:4326,official_coordinate,인천광역시,169411.659508225    ,434618.846828546    
3520000-102-2024-00001,클럽노크앤모나코,유흥주점영업,노래클럽,"인천광역시 연수구 능허대로267번길 11, 1층 (동춘동)",37.413536244590524,126.65421185524781,,2026-09-06,https://www.data.go.kr/data/15045018/fileData.do,https://file.localdata.go.kr/file/download/entertainment_bars/info,영업/정상,2026-05-21 03:03:03,2026-05-20 17:18:37,EPSG:5174 original transformed to EPSG:4326,official_coordinate,인천광역시,169318.12923001     ,434659.103798896    
3520000-102-2024-00002,에스파스,유흥주점영업,노래클럽,"인천광역시 연수구 능허대로267번길 29, 라마다송도호텔 지하1층 일부호 (동춘동)",37.41399400601034,126.65494931945177,,2026-09-06,https://www.data.go.kr/data/15045018/fileData.do,https://file.localdata.go.kr/file/download/entertainment_bars/info,영업/정상,2025-12-15 16:15:28,2024-11-25 14:32:50,EPSG:5174 original transformed to EPSG:4326,official_coordinate,인천광역시,169383.602493759    ,434709.6691338      
3520000-102-2025-00001,문(moon),유흥주점영업,노래클럽,"인천광역시 연수구 능허대로267번길 29, 라마다송도호텔 주3동 지하1층 일부호 (동춘동)",37.41399400601034,126.65494931945177,,2026-09-06,https://www.data.go.kr/data/15045018/fileData.do,https://file.localdata.go.kr/file/download/entertainment_bars/info,영업/정상,2025-12-15 16:15:28,2025-04-14 13:35:07,EPSG:5174 original transformed to EPSG:4326,official_coordinate,인천광역시,169383.602493759    ,434709.6691338      
3520000-102-1995-00004,시그널,유흥주점영업,룸살롱,"인천광역시 연수구 능허대로 205, 지하1층 (옥련동)",37.41751766699012,126.65087474849831,,2026-09-06,https://www.data.go.kr/data/15045018/fileData.do,https://file.localdata.go.kr/file/download/entertainment_bars/info,영업/정상,2025-12-15 16:15:28,2025-11-11 17:00:43,EPSG:5174 original transformed to EPSG:4326,official_coordinate,인천광역시,169024.343305744    ,435102.082719328    
3520000-102-1996-00001,킹 노래바,유흥주점영업,룸살롱,"인천광역시 연수구 인권로 11 (옥련동, 지상4층)",37.41873200893263,126.65157156007618,,2026-09-06,https://www.data.go.kr/data/15045018/fileData.do,https://file.localdata.go.kr/file/download/entertainment_bars/info,영업/정상,2025-12-15 16:15:28,2025-09-19 09:39:18,EPSG:5174 original transformed to EPSG:4326,official_coordinate,인천광역시,169086.52784657     ,435236.629697641    
3520000-102-1996-00004,썸노래바,유흥주점영업,룸살롱,"인천광역시 연수구 능허대로 209-1 (옥련동,지하1층(능허대길 157))",37.41714068218649,126.6506869386409,,2026-09-06,https://www.data.go.kr/data/15045018/fileData.do,https://file.localdata.go.kr/file/download/entertainment_bars/info,영업/정상,2025-12-15 16:15:28,2023-05-01 14:10:43,EPSG:5174 original transformed to EPSG:4326,official_coordinate,인천광역시,169007.562010068    ,435060.304165091    
3520000-102-1996-00011,럭셔리,유흥주점영업,룸살롱,"인천광역시 연수구 인권로 11 (옥련동,지하1층)",37.41873200893263,126.65157156007618,,2026-09-06,https://www.data.go.kr/data/15045018/fileData.do,https://file.localdata.go.kr/file/download/entertainment_bars/info,영업/정상,2025-12-15 16:15:28,2024-05-13 13:54:13,EPSG:5174 original transformed to EPSG:4326,official_coordinate,인천광역시,169086.52784657     ,435236.629697641    
3520000-102-1996-00012,베트남노래클럽,유흥주점영업,카바레,"인천광역시 연수구 용담로85번길 8-7 (청학동, 지상6층)",37.41682857302879,126.67582207580196,,2026-09-06,https://www.data.go.kr/data/15045018/fileData.do,https://file.localdata.go.kr/file/download/entertainment_bars/info,영업/정상,2025-12-15 16:15:28,2023-10-30 10:49:02,EPSG:5174 original transformed to EPSG:4326,official_coordinate,인천광역시,171232.510013581    ,435017.682855275    
3520000-102-1996-00016,연예인노래밤타운,유흥주점영업,룸살롱,"인천광역시 연수구 앵고개로246번길 39-8 (동춘동, 백마빌딩 지하1층 )",37.4068265050224,126.67124101922813,,2026-09-06,https://www.data.go.kr/data/15045018/fileData.do,https://file.localdata.go.kr/file/download/entertainment_bars/info,영업/정상,2025-12-15 16:15:28,2023-05-01 14:11:39,EPSG:5174 original transformed to EPSG:4326,official_coordinate,인천광역시,170823.086710397    ,433908.996045455    
3520000-102-1997-00001,여인궁,유흥주점영업,기타,"인천광역시 연수구 용담로 87 (청학동,(지상3층))",37.41670119339364,126.67539807676732,,2026-09-06,https://www.data.go.kr/data/15045018/fileData.do,https://file.localdata.go.kr/file/download/entertainment_bars/info,영업/정상,2025-12-15 16:15:28,2023-12-11 14:46:09,EPSG:5174 original transformed to EPSG:4326,official_coordinate,인천광역시,171194.926809716    ,435003.675106629    
3520000-102-1997-00004,밀라노,유흥주점영업,고고(디스코)클럽,"인천광역시 연수구 인권로 21, 지하2층 (옥련동)",37.41922318251701,126.65252249203849,,2026-09-06,https://www.data.go.kr/data/15045018/fileData.do,https://file.localdata.go.kr/file/download/entertainment_bars/info,영업/정상,2025-12-15 16:15:28,2024-12-06 16:39:21,EPSG:5174 original transformed to EPSG:4326,official_coordinate,인천광역시,169170.908325943    ,435290.831599163    
3530000-102-2005-00002,씨엔엔노래클럽주점,유흥주점영업,룸살롱,"인천광역시 남동구 성말로 9, 3층 308-1호 (구월동, 이노프라자)",37.445796590716235,126.7017419631852,,2026-09-06,https://www.data.go.kr/data/15045018/fileData.do,https://file.localdata.go.kr/file/download/entertainment_bars/info,영업/정상,2026-05-04 22:49:36,2021-01-29 09:54:32,EPSG:5174 original transformed to EPSG:4326,official_coordinate,인천광역시,173537.278559075    ,438225.148497908    
3530000-102-2006-00002,주준코소주호프노래타운,유흥주점영업,룸살롱,"인천광역시 남동구 인하로507번길 23-1, 501호 (구월동, 뉴욕빌딩)",37.444456571461124,126.70251693321842,,2026-09-06,https://www.data.go.kr/data/15045018/fileData.do,https://file.localdata.go.kr/file/download/entertainment_bars/info,영업/정상,2026-05-04 22:49:36,2023-11-08 09:33:13,EPSG:5174 original transformed to EPSG:4326,official_coordinate,인천광역시,173605.38408257     ,438076.205503129    
3530000-102-2006-00004,태성,유흥주점영업,고고(디스코)클럽,"인천광역시 남동구 경인로626번길 16, 지하1층 (간석동)",37.465052268209284,126.70698797234704,,2026-09-06,https://www.data.go.kr/data/15045018/fileData.do,https://file.localdata.go.kr/file/download/entertainment_bars/info,영업/정상,2026-05-04 22:49:37,2025-09-23 16:15:52,EPSG:5174 original transformed to EPSG:4326,official_coordinate,인천광역시,174008.180393915    ,440360.824174068    
3530000-102-2007-00001,이지타운,유흥주점영업,룸살롱,"인천광역시 남동구 남동대로922번길 45 (간석동,2층일부)",37.46488288984947,126.71084570839714,,2026-09-06,https://www.data.go.kr/data/15045018/fileData.do,https://file.localdata.go.kr/file/download/entertainment_bars/info,영업/정상,2026-05-04 22:49:37,2020-01-15 15:20:28,EPSG:5174 original transformed to EPSG:4326,official_coordinate,인천광역시,174349.407283964    ,440340.965175273    
3530000-102-2007-00003,카라,유흥주점영업,룸살롱,"인천광역시 남동구 남동대로921번길 15 (간석동,(수정길 14-1)106호)",37.46469937215573,126.70715634789643,,2026-09-06,https://www.data.go.kr/data/15045018/fileData.do,https://file.localdata.go.kr/file/download/entertainment_bars/info,영업/정상,2026-05-04 22:49:37,2024-05-29 11:21:36,EPSG:5174 original transformed to EPSG:4326,official_coordinate,인천광역시,174022.953794842    ,440321.610501568    
3530000-102-2007-00005,다국적 초콜렛 노래클럽,유흥주점영업,룸살롱,"인천광역시 남동구 남동대로922번길 37, 2층 (간석동)",37.4648985271637,126.71036836022839,,2026-09-06,https://www.data.go.kr/data/15045018/fileData.do,https://file.localdata.go.kr/file/download/entertainment_bars/info,영업/정상,2026-05-04 22:49:37,2025-06-10 10:23:47,EPSG:5174 original transformed to EPSG:4326,official_coordinate,인천광역시,174307.182677015    ,440342.831139639    
3530000-102-2001-00069,동킹 노래타운,유흥주점영업,기타,"인천광역시 남동구 인하로507번길 23-1, 지하1층 (구월동, 뉴욕빌딩)",37.444456571461124,126.70251693321842,,2026-09-06,https://www.data.go.kr/data/15045018/fileData.do,https://file.localdata.go.kr/file/download/entertainment_bars/info,영업/정상,2026-05-04 22:49:29,2025-09-25 16:51:21,EPSG:5174 original transformed to EPSG:4326,official_coordinate,인천광역시,173605.38408257     ,438076.205503129    
3530000-102-2001-00073,아방궁,유흥주점영업,룸살롱,"인천광역시 남동구 남동대로915번길 8, 1층 (간석동)",37.46448756176179,126.70758799710407,,2026-09-06,https://www.data.go.kr/data/15045018/fileData.do,https://file.localdata.go.kr/file/download/entertainment_bars/info,영업/정상,2026-05-04 22:49:30,2026-02-11 11:01:06,EPSG:5174 original transformed to EPSG:4326,official_coordinate,인천광역시,174061.067621085    ,440297.982918911    
3530000-102-2001-00074,쌈바,유흥주점영업,룸살롱,"인천광역시 남동구 남동대로915번길 8, 1층 일부호 (간석동)",37.46448756176179,126.70758799710407,,2026-09-06,https://www.data.go.kr/data/15045018/fileData.do,https://file.localdata.go.kr/file/download/entertainment_bars/info,영업/정상,2026-05-04 22:49:30,2026-02-24 11:52:26,EPSG:5174 original transformed to EPSG:4326,official_coordinate,인천광역시,174061.067621085    ,440297.982918911    
3530000-102-1997-00002,대우,유흥주점영업,룸살롱,"인천광역시 남동구 석촌로 43, 4층 (간석동)",37.46457727573101,126.70879592939957,,2026-09-06,https://www.data.go.kr/data/15045018/fileData.do,https://file.localdata.go.kr/file/download/entertainment_bars/info,영업/정상,2026-05-04 22:49:15,2023-10-31 13:30:04,EPSG:5174 original transformed to EPSG:4326,official_coordinate,인천광역시,174167.962316396    ,440307.607307236    
3530000-102-1997-00003,투페이스,유흥주점영업,룸살롱,"인천광역시 남동구 남동대로 920, 801호 (간석동, 대원플라자)",37.46455880983661,126.70846287333887,,2026-09-06,https://www.data.go.kr/data/15045018/fileData.do,https://file.localdata.go.kr/file/download/entertainment_bars/info,영업/정상,2026-05-04 22:49:15,2025-10-24 15:07:39,EPSG:5174 original transformed to EPSG:4326,official_coordinate,인천광역시,174138.491062183    ,440305.649432691    
3530000-102-1997-00005,비밀,유흥주점영업,룸살롱,"인천광역시 남동구 남동대로922번길 25 (간석동, 지하1층전부)",37.46499316905008,126.70959687735254,,2026-09-06,https://www.data.go.kr/data/15045018/fileData.do,https://file.localdata.go.kr/file/download/entertainment_bars/info,영업/정상,2026-05-04 22:49:15,2025-12-15 17:36:00,EPSG:5174 original transformed to EPSG:4326,official_coordinate,인천광역시,174238.963802531    ,440353.546449723    
3530000-102-1999-00006,와와(WAWA)노래클럽,유흥주점영업,룸살롱,"인천광역시 남동구 남동대로922번길 14, 3층 일부호 (간석동)",37.46460060343568,126.7090432883926,,2026-09-06,https://www.data.go.kr/data/15045018/fileData.do,https://file.localdata.go.kr/file/download/entertainment_bars/info,영업/정상,2026-05-04 22:49:17,2024-08-05 10:27:28,EPSG:5174 original transformed to EPSG:4326,official_coordinate,인천광역시,174189.853765764    ,440310.128422368    
3530000-102-1999-00007,큐브,유흥주점영업,룸살롱,"인천광역시 남동구 남동대로 924, 1층 13호 (간석동)",37.46492074088674,126.70849595877236,,2026-09-06,https://www.data.go.kr/data/15045018/fileData.do,https://file.localdata.go.kr/file/download/entertainment_bars/info,영업/정상,2026-05-04 22:49:17,2024-01-29 10:46:52,EPSG:5174 original transformed to EPSG:4326,official_coordinate,인천광역시,174141.543025619    ,440345.810210316    
3530000-102-1999-00008,루이스,유흥주점영업,룸살롱,"인천광역시 남동구 석촌로 41 (간석동, 지하1층)",37.46428693877771,126.70877437737789,,2026-09-06,https://www.data.go.kr/data/15045018/fileData.do,https://file.localdata.go.kr/file/download/entertainment_bars/info,영업/정상,2026-05-04 22:49:17,2017-09-18 11:23:14,EPSG:5174 original transformed to EPSG:4326,official_coordinate,인천광역시,174165.955507276    ,440275.389413052    
3530000-102-1999-00011,밤꽃,유흥주점영업,룸살롱,"인천광역시 남동구 석촌로 49 (간석동, 지하1층전부)",37.46503681221064,126.70876188052597,,2026-09-06,https://www.data.go.kr/data/15045018/fileData.do,https://file.localdata.go.kr/file/download/entertainment_bars/info,영업/정상,2026-05-04 22:49:17,2023-06-27 16:12:09,EPSG:5174 original transformed to EPSG:4326,official_coordinate,인천광역시,174165.108579746    ,440358.619550193    
3530000-102-1999-00012,명동노래타운,유흥주점영업,룸살롱,"인천광역시 남동구 남동대로922번길 39, 1층 (간석동)",37.46488121482636,126.71053996140395,,2026-09-06,https://www.data.go.kr/data/15045018/fileData.do,https://file.localdata.go.kr/file/download/entertainment_bars/info,영업/정상,2026-05-04 22:49:17,2017-09-20 17:41:15,EPSG:5174 original transformed to EPSG:4326,official_coordinate,인천광역시,174322.357927491    ,440340.862776281    
3530000-102-1999-00013,플레이 노래클럽,유흥주점영업,룸살롱,"인천광역시 남동구 남동대로922번길 37, 1층 일부호 (간석동)",37.4648985271637,126.71036836022839,,2026-09-06,https://www.data.go.kr/data/15045018/fileData.do,https://file.localdata.go.kr/file/download/entertainment_bars/info,영업/정상,2026-05-04 22:49:17,2025-12-02 13:43:05,EPSG:5174 original transformed to EPSG:4326,official_coordinate,인천광역시,174307.182677015    ,440342.831139639    
3530000-102-1999-00014,도깨비,유흥주점영업,룸살롱,"인천광역시 남동구 석촌로 52 (간석동, 3층)",37.46525720412401,126.70901543772264,,2026-09-06,https://www.data.go.kr/data/15045018/fileData.do,https://file.localdata.go.kr/file/download/entertainment_bars/info,영업/정상,2026-05-04 22:49:17,2021-05-12 09:09:35,EPSG:5174 original transformed to EPSG:4326,official_coordinate,인천광역시,174187.616151286    ,440383.010652727    
3530000-102-1982-00006,로얄노래주점,유흥주점영업,룸살롱,"인천광역시 남동구 경인로626번길 25, 1층 (간석동)",37.46466690711402,126.70744230813068,,2026-09-06,https://www.data.go.kr/data/15045018/fileData.do,https://file.localdata.go.kr/file/download/entertainment_bars/info,영업/정상,2026-05-04 22:49:11,2022-11-17 10:59:39,EPSG:5174 original transformed to EPSG:4326,official_coordinate,인천광역시,174048.24090018     ,440317.928267422    
3530000-102-1982-00011,퀸비,유흥주점영업,룸살롱,"인천광역시 남동구 경인로626번길 25, 지하1층 (간석동)",37.46466690711402,126.70744230813068,,2026-09-06,https://www.data.go.kr/data/15045018/fileData.do,https://file.localdata.go.kr/file/download/entertainment_bars/info,영업/정상,2026-05-04 22:49:12,2022-11-17 11:00:58,EPSG:5174 original transformed to EPSG:4326,official_coordinate,인천광역시,174048.24090018     ,440317.928267422    
3530000-102-1982-00012,그날 라이브,유흥주점영업,룸살롱,"인천광역시 남동구 남동대로 923, 지하1층 (간석동)",37.464833158204506,126.70774971992462,,2026-09-06,https://www.data.go.kr/data/15045018/fileData.do,https://file.localdata.go.kr/file/download/entertainment_bars/info,영업/정상,2026-05-04 22:49:13,2025-11-18 16:45:44,EPSG:5174 original transformed to EPSG:4326,official_coordinate,인천광역시,174075.494586737    ,440336.295231938    
3530000-102-1982-00013,도도,유흥주점영업,간이주점,"인천광역시 남동구 남동대로922번길 39 (간석동, 지하1층 )",37.46488121482636,126.71053996140395,,2026-09-06,https://www.data.go.kr/data/15045018/fileData.do,https://file.localdata.go.kr/file/download/entertainment_bars/info,영업/정상,2026-05-04 22:49:13,2024-08-14 14:15:50,EPSG:5174 original transformed to EPSG:4326,official_coordinate,인천광역시,174322.357927491    ,440340.862776281    
3530000-102-1982-00015,차차차 민속주점,유흥주점영업,룸살롱,"인천광역시 남동구 백범로 325-2, 지하1층 (간석동)",37.463913559514886,126.71377385494414,,2026-09-06,https://www.data.go.kr/data/15045018/fileData.do,https://file.localdata.go.kr/file/download/entertainment_bars/info,영업/정상,2026-05-04 22:49:14,2025-10-28 14:17:08,EPSG:5174 original transformed to EPSG:4326,official_coordinate,인천광역시,174608.125511914    ,440232.586171741    
3530000-102-1982-00023,백악관카바레,유흥주점영업,카바레,"인천광역시 남동구 용천로 154 (간석동, 지하1층)",37.463208839376094,126.71476486018454,,2026-09-06,https://www.data.go.kr/data/15045018/fileData.do,https://file.localdata.go.kr/file/download/entertainment_bars/info,영업/정상,2026-05-04 22:49:14,2025-10-21 14:13:26,EPSG:5174 original transformed to EPSG:4326,official_coordinate,인천광역시,174695.560663386    ,440154.103615245    
3530000-102-1982-00027,아리랑,유흥주점영업,룸살롱,"인천광역시 남동구 남동대로 923, 3층 (간석동)",37.464833158204506,126.70774971992462,,2026-09-06,https://www.data.go.kr/data/15045018/fileData.do,https://file.localdata.go.kr/file/download/entertainment_bars/info,영업/정상,2026-05-04 22:49:15,2022-11-17 11:03:54,EPSG:5174 original transformed to EPSG:4326,official_coordinate,인천광역시,174075.494586737    ,440336.295231938    
3530000-102-2001-00079,주준코소주호프노래타운,유흥주점영업,룸살롱,"인천광역시 남동구 인하로507번길 23-1, 4층 (구월동, 뉴욕빌딩)",37.444456571461124,126.70251693321842,,2026-09-06,https://www.data.go.kr/data/15045018/fileData.do,https://file.localdata.go.kr/file/download/entertainment_bars/info,영업/정상,2026-05-04 22:49:31,2023-11-08 09:32:54,EPSG:5174 original transformed to EPSG:4326,official_coordinate,인천광역시,173605.38408257     ,438076.205503129    
3530000-102-2002-00002,여시노래클럽,유흥주점영업,간이주점,"인천광역시 남동구 경인로644번길 116, 지하1층 (간석동)",37.4647492329168,126.71386656843512,,2026-09-06,https://www.data.go.kr/data/15045018/fileData.do,https://file.localdata.go.kr/file/download/entertainment_bars/info,영업/정상,2026-05-04 22:49:32,2020-02-26 18:03:34,EPSG:5174 original transformed to EPSG:4326,official_coordinate,인천광역시,174616.610998686    ,440325.310544886    
3530000-102-2002-00003,쉬즈룸크럽,유흥주점영업,룸살롱,"인천광역시 남동구 남동대로 920, 지하1층 (간석동)",37.46455880983661,126.70846287333887,,2026-09-06,https://www.data.go.kr/data/15045018/fileData.do,https://file.localdata.go.kr/file/download/entertainment_bars/info,영업/정상,2026-05-04 22:49:32,2025-03-17 09:47:27,EPSG:5174 original transformed to EPSG:4326,official_coordinate,인천광역시,174138.491062183    ,440305.649432691    
3530000-102-2002-00006,쇼군,유흥주점영업,룸살롱,"인천광역시 남동구 남동대로922번길 17, 2층 (간석동)",37.464840288981776,126.7092976648436,,2026-09-06,https://www.data.go.kr/data/15045018/fileData.do,https://file.localdata.go.kr/file/download/entertainment_bars/info,영업/정상,2026-05-27 03:03:03,2026-05-26 10:44:15,EPSG:5174 original transformed to EPSG:4326,official_coordinate,인천광역시,174212.440514101    ,440336.660720672    
3530000-102-2002-00007,뮤토노래타운,유흥주점영업,룸살롱,"인천광역시 남동구 인하로507번길 23, 4층 (구월동)",37.444429953755275,126.70281570938324,,2026-09-06,https://www.data.go.kr/data/15045018/fileData.do,https://file.localdata.go.kr/file/download/entertainment_bars/info,영업/정상,2026-05-04 22:49:33,2023-10-11 14:05:34,EPSG:5174 original transformed to EPSG:4326,official_coordinate,인천광역시,173631.814001391    ,438073.167436008    
3530000-102-2002-00021,신세계,유흥주점영업,룸살롱,"인천광역시 남동구 남동대로922번길 21, 1,2,3층 (간석동)",37.4648471369936,126.7094339578068,,2026-09-06,https://www.data.go.kr/data/15045018/fileData.do,https://file.localdata.go.kr/file/download/entertainment_bars/info,영업/정상,2026-05-04 22:49:35,2025-03-11 14:19:19,EPSG:5174 original transformed to EPSG:4326,official_coordinate,인천광역시,174224.500424768    ,440337.383370322    
3530000-102-2002-00023,빵빵노래클럽,유흥주점영업,룸살롱,"인천광역시 남동구 남동대로922번길 39 (간석동, 2층전체)",37.46488121482636,126.71053996140395,,2026-09-06,https://www.data.go.kr/data/15045018/fileData.do,https://file.localdata.go.kr/file/download/entertainment_bars/info,영업/정상,2026-05-04 22:49:35,2024-05-28 14:59:37,EPSG:5174 original transformed to EPSG:4326,official_coordinate,인천광역시,174322.357927491    ,440340.862776281    
3530000-102-2003-00004,포끝노래타운,유흥주점영업,룸살롱,"인천광역시 남동구 인하로489번길 16 (구월동, 세동빌딩 지하 1층)",37.44427873973965,126.70133699455367,,2026-09-06,https://www.data.go.kr/data/15045018/fileData.do,https://file.localdata.go.kr/file/download/entertainment_bars/info,영업/정상,2026-05-04 22:49:36,2019-10-14 16:12:16,EPSG:5174 original transformed to EPSG:4326,official_coordinate,인천광역시,173500.9061555      ,438056.800362993    
3530000-102-2003-00007,딱다구리,유흥주점영업,룸살롱,"인천광역시 남동구 성말로 9, 4층 401호 (구월동)",37.445796590716235,126.7017419631852,,2026-09-06,https://www.data.go.kr/data/15045018/fileData.do,https://file.localdata.go.kr/file/download/entertainment_bars/info,영업/정상,2026-05-04 22:49:36,2024-10-23 13:38:31,EPSG:5174 original transformed to EPSG:4326,official_coordinate,인천광역시,173537.278559075    ,438225.148497908    
3530000-102-1999-00031,노빠꾸 노래바,유흥주점영업,룸살롱,"인천광역시 남동구 석촌로 52, 지하1층 (간석동)",37.46525720412401,126.70901543772264,,2026-09-06,https://www.data.go.kr/data/15045018/fileData.do,https://file.localdata.go.kr/file/download/entertainment_bars/info,영업/정상,2026-05-15 03:03:03,2026-05-14 14:31:29,EPSG:5174 original transformed to EPSG:4326,official_coordinate,인천광역시,174187.616151286    ,440383.010652727    
3530000-102-2000-00002,나인투나인노래타운주점,유흥주점영업,기타,"인천광역시 남동구 인하로 497-24, 조한빌딩 7층 701호 (구월동)",37.44448333631143,126.7022219865377,,2026-09-06,https://www.data.go.kr/data/15045018/fileData.do,https://file.localdata.go.kr/file/download/entertainment_bars/info,영업/정상,2026-05-04 22:49:18,2026-04-01 17:10:37,EPSG:5174 original transformed to EPSG:4326,official_coordinate,인천광역시,173579.293112517    ,438079.258909092    
3530000-102-2000-00005,첫사랑,유흥주점영업,간이주점,인천광역시 남동구 남동대로921번길 15 (간석동),37.46469937215573,126.70715634789643,,2026-09-06,https://www.data.go.kr/data/15045018/fileData.do,https://file.localdata.go.kr/file/download/entertainment_bars/info,영업/정상,2026-05-04 22:49:19,2020-07-16 13:54:58,EPSG:5174 original transformed to EPSG:4326,official_coordinate,인천광역시,174022.953794842    ,440321.610501568    
3530000-102-2000-00008,태평양,유흥주점영업,룸살롱,"인천광역시 남동구 남동대로921번길 15, 1층 5호 (간석동)",37.46469937215573,126.70715634789643,,2026-09-06,https://www.data.go.kr/data/15045018/fileData.do,https://file.localdata.go.kr/file/download/entertainment_bars/info,영업/정상,2026-05-04 22:49:20,2024-05-29 11:22:57,EPSG:5174 original transformed to EPSG:4326,official_coordinate,인천광역시,174022.953794842    ,440321.610501568    
3530000-102-2000-00009,짱노래짱주점,유흥주점영업,룸살롱,"인천광역시 남동구 경인로 637, 지하1층 (간석동)",37.46672407458387,126.7074046545051,,2026-09-06,https://www.data.go.kr/data/15045018/fileData.do,https://file.localdata.go.kr/file/download/entertainment_bars/info,영업/정상,2026-05-04 22:49:20,2025-06-26 15:56:00,EPSG:5174 original transformed to EPSG:4326,official_coordinate,인천광역시,174045.622632452    ,440546.25892868     
3530000-102-2000-00010,커플,유흥주점영업,룸살롱,"인천광역시 남동구 남동대로921번길 15 (간석동,(수정길 14-1) 5호)",37.46469937215573,126.70715634789643,,2026-09-06,https://www.data.go.kr/data/15045018/fileData.do,https://file.localdata.go.kr/file/download/entertainment_bars/info,영업/정상,2026-05-04 22:49:21,2020-07-16 13:56:53,EPSG:5174 original transformed to EPSG:4326,official_coordinate,인천광역시,174022.953794842    ,440321.610501568    
3530000-102-2000-00011,드링코노래타운(주점),유흥주점영업,룸살롱,"인천광역시 남동구 인하로 497-24 (구월동, 6층)",37.44448333631143,126.7022219865377,,2026-09-06,https://www.data.go.kr/data/15045018/fileData.do,https://file.localdata.go.kr/file/download/entertainment_bars/info,영업/정상,2026-05-04 22:49:21,2023-06-28 16:31:46,EPSG:5174 original transformed to EPSG:4326,official_coordinate,인천광역시,173579.293112517    ,438079.258909092    
3530000-102-2000-00013,사이공(sai gon)간석베트남노래클럽,유흥주점영업,룸살롱,"인천광역시 남동구 석촌로 41, 3층 (간석동)",37.46428693877771,126.70877437737789,,2026-09-06,https://www.data.go.kr/data/15045018/fileData.do,https://file.localdata.go.kr/file/download/entertainment_bars/info,영업/정상,2026-05-04 22:49:21,2019-10-10 14:32:43,EPSG:5174 original transformed to EPSG:4326,official_coordinate,인천광역시,174165.955507276    ,440275.389413052    
3530000-102-2000-00014,앗싸노래타운,유흥주점영업,룸살롱,"인천광역시 남동구 남동대로922번길 24, 지하1층 (간석동)",37.46462830785149,126.70963730896123,,2026-09-06,https://www.data.go.kr/data/15045018/fileData.do,https://file.localdata.go.kr/file/download/entertainment_bars/info,영업/정상,2026-05-04 22:49:21,2026-01-21 15:23:13,EPSG:5174 original transformed to EPSG:4326,official_coordinate,인천광역시,174242.415220971    ,440313.040273226    
3530000-102-2000-00015,티파니타운,유흥주점영업,룸살롱,"인천광역시 남동구 석촌로 43, 5층 (간석동)",37.46457727573101,126.70879592939957,,2026-09-06,https://www.data.go.kr/data/15045018/fileData.do,https://file.localdata.go.kr/file/download/entertainment_bars/info,영업/정상,2026-05-04 22:49:21,2022-11-17 11:23:50,EPSG:5174 original transformed to EPSG:4326,official_coordinate,인천광역시,174167.962316396    ,440307.607307236    
3530000-102-2000-00016,실크로드,유흥주점영업,룸살롱,"인천광역시 남동구 석촌로46번길 31-1, 1층 (간석동)",37.46447190364755,126.71070187443557,,2026-09-06,https://www.data.go.kr/data/15045018/fileData.do,https://file.localdata.go.kr/file/download/entertainment_bars/info,영업/정상,2026-05-04 22:49:21,2018-03-13 17:29:49,EPSG:5174 original transformed to EPSG:4326,official_coordinate,인천광역시,174336.541780639    ,440295.390052435    
3530000-102-2000-00032,여우노래클럽,유흥주점영업,룸살롱,"인천광역시 남동구 남동대로922번길 14, 지하1층 (간석동)",37.46460060343568,126.7090432883926,,2026-09-06,https://www.data.go.kr/data/15045018/fileData.do,https://file.localdata.go.kr/file/download/entertainment_bars/info,영업/정상,2026-05-04 22:49:23,2025-09-02 13:44:58,EPSG:5174 original transformed to EPSG:4326,official_coordinate,인천광역시,174189.853765764    ,440310.128422368    
3530000-102-2000-00035,이지크럽,유흥주점영업,룸살롱,"인천광역시 남동구 경인로644번길 119, 지하1층 1호 (간석동)",37.464881925748855,126.7141995651617,,2026-09-06,https://www.data.go.kr/data/15045018/fileData.do,https://file.localdata.go.kr/file/download/entertainment_bars/info,영업/정상,2026-05-04 22:49:23,2022-12-09 13:40:34,EPSG:5174 original transformed to EPSG:4326,official_coordinate,인천광역시,174646.115475892    ,440339.947905165    
3530000-102-2000-00037,설탕,유흥주점영업,룸살롱,"인천광역시 남동구 남동대로922번길 18, 1층 (간석동)",37.46453478688853,126.70932420989064,,2026-09-06,https://www.data.go.kr/data/15045018/fileData.do,https://file.localdata.go.kr/file/download/entertainment_bars/info,영업/정상,2026-05-04 22:49:23,2016-02-15 16:56:44,EPSG:5174 original transformed to EPSG:4326,official_coordinate,인천광역시,174214.683725672    ,440302.746472377    
3530000-102-2000-00040,수국노래타운,유흥주점영업,룸살롱,"인천광역시 남동구 용천로153번길 31 (간석동, 지하1층)",37.46383668261516,126.71283054238691,,2026-09-06,https://www.data.go.kr/data/15045018/fileData.do,https://file.localdata.go.kr/file/download/entertainment_bars/info,영업/정상,2026-05-04 22:49:24,2023-12-06 14:50:09,EPSG:5174 original transformed to EPSG:4326,official_coordinate,인천광역시,174524.645448474    ,440224.309116595    
3530000-102-1999-00015,놀이터,유흥주점영업,룸살롱,"인천광역시 남동구 석촌로 52, 2층 (간석동)",37.46525720412401,126.70901543772264,,2026-09-06,https://www.data.go.kr/data/15045018/fileData.do,https://file.localdata.go.kr/file/download/entertainment_bars/info,영업/정상,2026-05-04 22:49:17,2022-12-08 17:12:47,EPSG:5174 original transformed to EPSG:4326,official_coordinate,인천광역시,174187.616151286    ,440383.010652727    
3530000-102-1999-00017,준코뮤직타운 인천간석점,유흥주점영업,룸살롱,"인천광역시 남동구 석촌로 41 (간석동, 7층전부)",37.46428693877771,126.70877437737789,,2026-09-06,https://www.data.go.kr/data/15045018/fileData.do,https://file.localdata.go.kr/file/download/entertainment_bars/info,영업/정상,2026-05-04 22:49:17,2026-03-26 11:20:06,EPSG:5174 original transformed to EPSG:4326,official_coordinate,인천광역시,174165.955507276    ,440275.389413052    
3530000-102-1999-00019,누리노래주점,유흥주점영업,룸살롱,"인천광역시 남동구 용천로153번길 49, 지하1층 (간석동)",37.464324873312705,126.71195967205519,,2026-09-06,https://www.data.go.kr/data/15045018/fileData.do,https://file.localdata.go.kr/file/download/entertainment_bars/info,영업/정상,2026-05-04 22:49:18,2022-06-29 11:30:35,EPSG:5174 original transformed to EPSG:4326,official_coordinate,인천광역시,174447.766891551    ,440278.728716693    
3530000-102-1999-00020,나비룸크럽,유흥주점영업,룸살롱,"인천광역시 남동구 석촌로 41, 4층 (간석동)",37.46428693877771,126.70877437737789,,2026-09-06,https://www.data.go.kr/data/15045018/fileData.do,https://file.localdata.go.kr/file/download/entertainment_bars/info,영업/정상,2026-05-04 22:49:18,2025-02-17 13:45:54,EPSG:5174 original transformed to EPSG:4326,official_coordinate,인천광역시,174165.955507276    ,440275.389413052    
3530000-102-2000-00044,제우스,유흥주점영업,룸살롱,"인천광역시 남동구 석촌로 47, 지하1층 (간석동)",37.46483273929734,126.70877580580652,,2026-09-06,https://www.data.go.kr/data/15045018/fileData.do,https://file.localdata.go.kr/file/download/entertainment_bars/info,영업/정상,2026-05-04 22:49:24,2017-03-27 17:57:14,EPSG:5174 original transformed to EPSG:4326,official_coordinate,인천광역시,174166.270129846    ,440335.966144476    
3530000-102-2000-00061,다국적,유흥주점영업,룸살롱,"인천광역시 남동구 남동대로922번길 17, 지하1층 (간석동)",37.464840288981776,126.7092976648436,,2026-09-06,https://www.data.go.kr/data/15045018/fileData.do,https://file.localdata.go.kr/file/download/entertainment_bars/info,영업/정상,2026-05-04 22:49:27,2023-06-01 11:25:51,EPSG:5174 original transformed to EPSG:4326,official_coordinate,인천광역시,174212.440514101    ,440336.660720672    
3530000-102-2000-00063,썬샤인,유흥주점영업,룸살롱,"인천광역시 남동구 남동대로 927, 1층 (간석동)",37.465231385118194,126.70770414334571,,2026-09-06,https://www.data.go.kr/data/15045018/fileData.do,https://file.localdata.go.kr/file/download/entertainment_bars/info,영업/정상,2026-05-04 22:49:27,2025-07-30 13:26:54,EPSG:5174 original transformed to EPSG:4326,official_coordinate,인천광역시,174071.600377775    ,440380.506086275    
3530000-102-2000-00067,앵콜노래클럽,유흥주점영업,룸살롱,"인천광역시 남동구 석촌로46번길 31-1, 지하1층 (간석동)",37.46447190364755,126.71070187443557,,2026-09-06,https://www.data.go.kr/data/15045018/fileData.do,https://file.localdata.go.kr/file/download/entertainment_bars/info,영업/정상,2026-05-27 03:03:03,2026-05-26 17:54:38,EPSG:5174 original transformed to EPSG:4326,official_coordinate,인천광역시,174336.541780639    ,440295.390052435    
3530000-102-2001-00001,윈저주점노래클럽,유흥주점영업,고고(디스코)클럽,"인천광역시 남동구 용천로153번길 24, 2층 (간석동)",37.46395381604354,126.7132481524164,,2026-09-06,https://www.data.go.kr/data/15045018/fileData.do,https://file.localdata.go.kr/file/download/entertainment_bars/info,영업/정상,2026-05-04 22:49:27,2022-11-17 14:39:46,EPSG:5174 original transformed to EPSG:4326,official_coordinate,인천광역시,174561.630809419    ,440237.196339912    
3530000-102-2001-00002,마블노래클럽,유흥주점영업,룸살롱,"인천광역시 남동구 남동대로916번길 3, 지하1층 (간석동)",37.46441375008031,126.70848353193402,,2026-09-06,https://www.data.go.kr/data/15045018/fileData.do,https://file.localdata.go.kr/file/download/entertainment_bars/info,영업/정상,2026-05-04 22:49:27,2025-12-02 15:16:55,EPSG:5174 original transformed to EPSG:4326,official_coordinate,인천광역시,174140.268609578    ,440289.543903957    
3530000-102-2001-00011,도다가,유흥주점영업,룸살롱,"인천광역시 남동구 남동대로922번길 45, 지하1층 (간석동)",37.46488288984947,126.71084570839714,,2026-09-06,https://www.data.go.kr/data/15045018/fileData.do,https://file.localdata.go.kr/file/download/entertainment_bars/info,영업/정상,2026-08-22 22:49:24,2026-08-21 16:36:02,EPSG:5174 original transformed to EPSG:4326,official_coordinate,인천광역시,174349.407283964    ,440340.965175273    
3530000-102-2001-00022,텐프로,유흥주점영업,룸살롱,"인천광역시 남동구 남동대로 920, 7층 (간석동)",37.46455880983661,126.70846287333887,,2026-09-06,https://www.data.go.kr/data/15045018/fileData.do,https://file.localdata.go.kr/file/download/entertainment_bars/info,영업/정상,2026-05-04 22:49:27,2025-10-24 15:08:16,EPSG:5174 original transformed to EPSG:4326,official_coordinate,인천광역시,174138.491062183    ,440305.649432691    
3530000-102-2001-00025,다국적노래클럽,유흥주점영업,룸살롱,"인천광역시 남동구 남동대로 920, 12층 (간석동)",37.46455880983661,126.70846287333887,,2026-09-06,https://www.data.go.kr/data/15045018/fileData.do,https://file.localdata.go.kr/file/download/entertainment_bars/info,영업/정상,2026-05-04 22:49:28,2023-01-09 09:40:50,EPSG:5174 original transformed to EPSG:4326,official_coordinate,인천광역시,174138.491062183    ,440305.649432691    
3530000-102-2001-00026,오케이(O.K)노래주점,유흥주점영업,룸살롱,"인천광역시 남동구 남동대로922번길 8, 지하1층 (간석동)",37.464568722231945,126.7086640241587,,2026-09-06,https://www.data.go.kr/data/15045018/fileData.do,https://file.localdata.go.kr/file/download/entertainment_bars/info,영업/정상,2026-05-04 22:49:28,2025-05-20 15:24:51,EPSG:5174 original transformed to EPSG:4326,official_coordinate,인천광역시,174156.289942653    ,440306.694244365    
3530000-102-2001-00035,소풍,유흥주점영업,룸살롱,"인천광역시 남동구 석촌로 44, 1층 (간석동)",37.46440559555158,126.70908738149464,,2026-09-06,https://www.data.go.kr/data/15045018/fileData.do,https://file.localdata.go.kr/file/download/entertainment_bars/info,영업/정상,2026-05-04 22:49:28,2017-07-14 16:29:41,EPSG:5174 original transformed to EPSG:4326,official_coordinate,인천광역시,174193.687414655    ,440288.472843012    
3530000-102-2001-00039,오아시스,유흥주점영업,룸살롱,"인천광역시 남동구 용천로 167, B01호 (간석동)",37.46445655350045,126.71421114015439,,2026-09-06,https://www.data.go.kr/data/15045018/fileData.do,https://file.localdata.go.kr/file/download/entertainment_bars/info,영업/정상,2026-05-04 22:49:28,2025-01-09 15:00:57,EPSG:5174 original transformed to EPSG:4326,official_coordinate,인천광역시,174646.995499695    ,440292.733715299    
3530000-102-2001-00041,명품노래광장주점,유흥주점영업,룸살롱,"인천광역시 남동구 경인로 607, 2층 201호 (간석동)",37.46530817742509,126.70510882791905,,2026-09-06,https://www.data.go.kr/data/15045018/fileData.do,https://file.localdata.go.kr/file/download/entertainment_bars/info,영업/정상,2026-05-04 22:49:28,2024-04-09 16:03:05,EPSG:5174 original transformed to EPSG:4326,official_coordinate,인천광역시,173842.026236596    ,440389.748388941    
3530000-102-2001-00042,필노래클럽,유흥주점영업,룸살롱,"인천광역시 남동구 백범로 335, 지하1층 (간석동)",37.464283721978674,126.71294755354295,,2026-09-06,https://www.data.go.kr/data/15045018/fileData.do,https://file.localdata.go.kr/file/download/entertainment_bars/info,영업/정상,2026-05-04 22:49:28,2026-02-10 15:14:13,EPSG:5174 original transformed to EPSG:4326,official_coordinate,인천광역시,174535.149307588    ,440273.893244433    
3530000-102-2001-00045,미팅노래클럽,유흥주점영업,룸살롱,"인천광역시 남동구 석촌로46번길 32 (간석동,2층)",37.464161494319264,126.71071376829435,,2026-09-06,https://www.data.go.kr/data/15045018/fileData.do,https://file.localdata.go.kr/file/download/entertainment_bars/info,영업/정상,2026-05-04 22:49:28,2025-11-10 17:05:37,EPSG:5174 original transformed to EPSG:4326,official_coordinate,인천광역시,174337.48765703     ,440260.935201158    
3530000-102-2001-00058,로야,유흥주점영업,룸살롱,"인천광역시 남동구 석촌로 42, 지하1층 (간석동)",37.46425591895973,126.70907189016336,,2026-09-06,https://www.data.go.kr/data/15045018/fileData.do,https://file.localdata.go.kr/file/download/entertainment_bars/info,영업/정상,2026-06-16 03:03:03,2026-06-15 18:06:59,EPSG:5174 original transformed to EPSG:4326,official_coordinate,인천광역시,174192.265348642    ,440271.864843203    
3530000-102-2001-00065,오션7080라이브,유흥주점영업,룸살롱,"인천광역시 남동구 남동대로921번길 15, 지하1층 (간석동)",37.46469937215573,126.70715634789643,,2026-09-06,https://www.data.go.kr/data/15045018/fileData.do,https://file.localdata.go.kr/file/download/entertainment_bars/info,영업/정상,2026-05-04 22:49:28,2024-12-23 17:38:12,EPSG:5174 original transformed to EPSG:4326,official_coordinate,인천광역시,174022.953794842    ,440321.610501568    
3530000-102-2017-00017,시드니노래광장주점,유흥주점영업,노래클럽,"인천광역시 남동구 인하로507번길 63, 모아메디컬타운 2층 205호 (구월동)",37.446188956486154,126.70284533283476,,2026-09-06,https://www.data.go.kr/data/15045018/fileData.do,https://file.localdata.go.kr/file/download/entertainment_bars/info,영업/정상,2026-05-04 22:49:45,2017-12-14 14:36:23,EPSG:5174 original transformed to EPSG:4326,official_coordinate,인천광역시,173635.054151169    ,438268.386118818    
3530000-102-2018-00001,아레나노래타운,유흥주점영업,노래클럽,"인천광역시 남동구 선수촌공원로23번길 6-9, 광장프라자 3층 302호 (구월동)",37.4415042027994,126.70936455300374,,2026-09-06,https://www.data.go.kr/data/15045018/fileData.do,https://file.localdata.go.kr/file/download/entertainment_bars/info,영업/정상,2026-05-04 22:49:46,2018-01-08 13:27:29,EPSG:5174 original transformed to EPSG:4326,official_coordinate,인천광역시,174210.327440775    ,437746.629749998    
3530000-102-2018-00002,스타노래주점,유흥주점영업,룸살롱,"인천광역시 남동구 논현로26번길 34, 2층 207(전부)호 (논현동)",37.40225890056957,126.70858950295411,,2026-09-06,https://www.data.go.kr/data/15045018/fileData.do,https://file.localdata.go.kr/file/download/entertainment_bars/info,영업/정상,2026-05-04 22:49:46,2025-05-15 16:34:12,EPSG:5174 original transformed to EPSG:4326,official_coordinate,인천광역시,174128.207737326    ,433391.129855272    
3530000-102-2018-00003,캔디노래클럽주점,유흥주점영업,노래클럽,"인천광역시 남동구 선수촌공원로23번길 12, 로자벨프라자 3층 301호 (구월동)",37.44121958827709,126.70861138384325,,2026-09-06,https://www.data.go.kr/data/15045018/fileData.do,https://file.localdata.go.kr/file/download/entertainment_bars/info,영업/정상,2026-05-04 22:49:46,2018-01-19 11:25:25,EPSG:5174 original transformed to EPSG:4326,official_coordinate,인천광역시,174143.577264282    ,437715.248044585    
3530000-102-2018-00004,가왕,유흥주점영업,노래클럽,"인천광역시 남동구 선수촌공원로23번길 10-10, 솔보프라자 2층 201호 (구월동)",37.441503485567225,126.70907643913002,,2026-09-06,https://www.data.go.kr/data/15045018/fileData.do,https://file.localdata.go.kr/file/download/entertainment_bars/info,영업/정상,2026-05-04 22:49:46,2025-11-06 15:12:26,EPSG:5174 original transformed to EPSG:4326,official_coordinate,인천광역시,174184.830440783    ,437746.629218873    
3530000-102-2018-00005,에스(S)라인 노래클럽,유흥주점영업,룸살롱,인천광역시 남동구 선수촌공원로23번길 6-9 (상업8-1-1) 2층 203호 (구월동),37.4415042027994,126.70936455300374,,2026-09-06,https://www.data.go.kr/data/15045018/fileData.do,https://file.localdata.go.kr/file/download/entertainment_bars/info,영업/정상,2026-05-04 22:49:46,2025-03-31 13:05:25,EPSG:5174 original transformed to EPSG:4326,official_coordinate,인천광역시,174210.327440775    ,437746.629749998    
3530000-102-2018-00006,큐브,유흥주점영업,간이주점,"인천광역시 남동구 인하로507번길 23, 인아빌딩 지하1층 B101호 (구월동)",37.444429953755275,126.70281570938324,,2026-09-06,https://www.data.go.kr/data/15045018/fileData.do,https://file.localdata.go.kr/file/download/entertainment_bars/info,영업/정상,2026-05-04 22:49:46,2026-04-27 13:04:21,EPSG:5174 original transformed to EPSG:4326,official_coordinate,인천광역시,173631.814001391    ,438073.167436008    
3530000-102-2018-00007,브이아이피클럽 인천(VIP CLUB INCHEON),유흥주점영업,노래클럽,"인천광역시 남동구 남동대로916번길 3, 7층 701호 일부호 (간석동)",37.46441375008031,126.70848353193402,,2026-09-06,https://www.data.go.kr/data/15045018/fileData.do,https://file.localdata.go.kr/file/download/entertainment_bars/info,영업/정상,2026-05-04 22:49:46,2024-09-03 13:37:10,EPSG:5174 original transformed to EPSG:4326,official_coordinate,인천광역시,174140.268609578    ,440289.543903957    
3530000-102-2018-00008,소문난,유흥주점영업,노래클럽,"인천광역시 남동구 앵고개로934번길 24, 세훈프라자 2층 201호 (논현동)",37.40118159269476,126.73504391409459,,2026-09-06,https://www.data.go.kr/data/15045018/fileData.do,https://file.localdata.go.kr/file/download/entertainment_bars/info,영업/정상,2026-05-04 22:49:46,2025-05-12 16:05:08,EPSG:5174 original transformed to EPSG:4326,official_coordinate,인천광역시,176470.185119871    ,433264.618457514    
3530000-102-2018-00009,홍콩,유흥주점영업,노래클럽,"인천광역시 남동구 앵고개로934번길 24, 세훈프라자 2층 203호 (논현동)",37.40118159269476,126.73504391409459,,2026-09-06,https://www.data.go.kr/data/15045018/fileData.do,https://file.localdata.go.kr/file/download/entertainment_bars/info,영업/정상,2026-05-04 22:49:46,2022-05-30 16:41:44,EPSG:5174 original transformed to EPSG:4326,official_coordinate,인천광역시,176470.185119871    ,433264.618457514    
3530000-102-2018-00010,앵콜,유흥주점영업,노래클럽,"인천광역시 남동구 앵고개로934번길 24, 세훈프라자 2층 204호 (논현동)",37.40118159269476,126.73504391409459,,2026-09-06,https://www.data.go.kr/data/15045018/fileData.do,https://file.localdata.go.kr/file/download/entertainment_bars/info,영업/정상,2026-05-04 22:49:46,2022-05-30 16:43:32,EPSG:5174 original transformed to EPSG:4326,official_coordinate,인천광역시,176470.185119871    ,433264.618457514    
3530000-102-2018-00011,빌리어네어 노래타운,유흥주점영업,노래클럽,"인천광역시 남동구 인하로 497-15, 대건빌딩 2층 202호 (구월동)",37.44424740047611,126.70168711370039,,2026-09-06,https://www.data.go.kr/data/15045018/fileData.do,https://file.localdata.go.kr/file/download/entertainment_bars/info,영업/정상,2026-05-04 22:49:46,2026-04-27 13:02:50,EPSG:5174 original transformed to EPSG:4326,official_coordinate,인천광역시,173531.877886023    ,438053.223476239    
3530000-102-2019-00002,설탕노래광장,유흥주점영업,룸살롱,"인천광역시 남동구 앵고개로934번길 51, 흥인빌딩 4층 401호 (논현동)",37.40029234616647,126.73610586125892,,2026-09-06,https://www.data.go.kr/data/15045018/fileData.do,https://file.localdata.go.kr/file/download/entertainment_bars/info,영업/정상,2026-05-04 22:49:46,2021-10-22 14:01:31,EPSG:5174 original transformed to EPSG:4326,official_coordinate,인천광역시,176563.935242504    ,433165.659128108    
3530000-102-2019-00004,궁노래클럽주점,유흥주점영업,룸살롱,"인천광역시 남동구 선수촌공원로23번길 10-10, 솔보프라자 3층 302호 (구월동)",37.441503485567225,126.70907643913002,,2026-09-06,https://www.data.go.kr/data/15045018/fileData.do,https://file.localdata.go.kr/file/download/entertainment_bars/info,영업/정상,2026-05-23 03:03:03,2026-05-22 17:56:42,EPSG:5174 original transformed to EPSG:4326,official_coordinate,인천광역시,174184.830440783    ,437746.629218873    
3530000-102-2019-00005,보스,유흥주점영업,룸살롱,"인천광역시 남동구 남동대로922번길 14, 4층 (간석동)",37.46460060343568,126.7090432883926,,2026-09-06,https://www.data.go.kr/data/15045018/fileData.do,https://file.localdata.go.kr/file/download/entertainment_bars/info,영업/정상,2026-05-04 22:49:46,2026-04-15 11:47:31,EPSG:5174 original transformed to EPSG:4326,official_coordinate,인천광역시,174189.853765764    ,440310.128422368    
3530000-102-2019-00006,수노래광장주점,유흥주점영업,룸살롱,"인천광역시 남동구 호구포로 210, 호텔리치아노 3층 301호 (논현동)",37.40154350725917,126.70975231180425,,2026-09-06,https://www.data.go.kr/data/15045018/fileData.do,https://file.localdata.go.kr/file/download/entertainment_bars/info,영업/정상,2026-05-04 22:49:47,2023-08-23 10:52:50,EPSG:5174 original transformed to EPSG:4326,official_coordinate,인천광역시,174230.919122917    ,433311.411806581    
3530000-102-2019-00007,쿨노래짱,유흥주점영업,룸살롱,"인천광역시 남동구 호구포로 210, 호텔리치아노 3층 302호 (논현동)",37.40154350725917,126.70975231180425,,2026-09-06,https://www.data.go.kr/data/15045018/fileData.do,https://file.localdata.go.kr/file/download/entertainment_bars/info,영업/정상,2026-05-04 22:49:47,2026-02-04 17:00:41,EPSG:5174 original transformed to EPSG:4326,official_coordinate,인천광역시,174230.919122917    ,433311.411806581    
3530000-102-2019-00008,불러존노래클럽주점,유흥주점영업,룸살롱,"인천광역시 남동구 소래역로30번길 18, 제일타워 3층 302호 (논현동)",37.39996777677289,126.73649267580342,,2026-09-06,https://www.data.go.kr/data/15045018/fileData.do,https://file.localdata.go.kr/file/download/entertainment_bars/info,영업/정상,2026-07-23 22:49:15,2019-11-18 07:48:24,EPSG:5174 original transformed to EPSG:4326,official_coordinate,인천광역시,176598.084097114    ,433129.540059781    
3530000-102-2020-00001,센스노래타운,유흥주점영업,룸살롱,"인천광역시 남동구 선수촌공원로17번길 8, 정방빌딩 2층 203호 (구월동)",37.44077000861224,126.70905878054458,,2026-09-06,https://www.data.go.kr/data/15045018/fileData.do,https://file.localdata.go.kr/file/download/entertainment_bars/info,영업/정상,2026-05-04 22:49:47,2026-03-17 15:17:31,EPSG:5174 original transformed to EPSG:4326,official_coordinate,인천광역시,174183.015135427    ,437665.227499549    
3530000-102-2020-00002,스타노래타운,유흥주점영업,룸살롱,"인천광역시 남동구 선수촌공원로17번길 8, 정방빌딩 2층 204호 (구월동)",37.44077000861224,126.70905878054458,,2026-09-06,https://www.data.go.kr/data/15045018/fileData.do,https://file.localdata.go.kr/file/download/entertainment_bars/info,영업/정상,2026-05-04 22:49:47,2024-09-11 16:16:30,EPSG:5174 original transformed to EPSG:4326,official_coordinate,인천광역시,174183.015135427    ,437665.227499549    
3530000-102-2020-00003,글래머노래광장,유흥주점영업,룸살롱,"인천광역시 남동구 선수촌공원로23번길 10-6, 은성프라자 2층 202호 (구월동)",37.44125451693124,126.7090800121833,,2026-09-06,https://www.data.go.kr/data/15045018/fileData.do,https://file.localdata.go.kr/file/download/entertainment_bars/info,영업/정상,2026-05-04 22:49:47,2026-04-08 15:59:30,EPSG:5174 original transformed to EPSG:4326,official_coordinate,인천광역시,174185.060903149    ,437718.995899852    
3530000-102-2020-00004,별빛노래주점,유흥주점영업,룸살롱,"인천광역시 남동구 소래역로 12, 소래포구 종합어시장 3층 317호 (논현동)",37.39876269898713,126.7371282108838,,2026-09-06,https://www.data.go.kr/data/15045018/fileData.do,https://file.localdata.go.kr/file/download/entertainment_bars/info,영업/정상,2026-05-04 22:49:47,2024-04-30 11:33:44,EPSG:5174 original transformed to EPSG:4326,official_coordinate,인천광역시,176653.982245213    ,432995.634967439    
3530000-102-2021-00001,에스(S)라인노래클럽,유흥주점영업,노래클럽,"인천광역시 남동구 경인로644번길 116, 2층 일부호 (간석동)",37.4647492329168,126.71386656843512,,2026-09-06,https://www.data.go.kr/data/15045018/fileData.do,https://file.localdata.go.kr/file/download/entertainment_bars/info,영업/정상,2026-05-04 22:49:47,2023-01-26 11:46:30,EPSG:5174 original transformed to EPSG:4326,official_coordinate,인천광역시,174616.610998686    ,440325.310544886    
3530000-102-2022-00001,오슈투,유흥주점영업,노래클럽,"인천광역시 남동구 인하로507번길 21, 승관빌딩 지하1층 (구월동)",37.444151650678755,126.70278371459223,,2026-09-06,https://www.data.go.kr/data/15045018/fileData.do,https://file.localdata.go.kr/file/download/entertainment_bars/info,영업/정상,2026-05-04 22:49:47,2022-02-09 17:33:36,EPSG:5174 original transformed to EPSG:4326,official_coordinate,인천광역시,173628.884811       ,438042.288304057    
3530000-102-2022-00002,반갑다 친구야,유흥주점영업,노래클럽,"인천광역시 남동구 남동대로921번길 15, 지하1층 B102호 (간석동)",37.46469937215573,126.70715634789643,,2026-09-06,https://www.data.go.kr/data/15045018/fileData.do,https://file.localdata.go.kr/file/download/entertainment_bars/info,영업/정상,2026-05-04 22:49:47,2025-09-10 11:32:43,EPSG:5174 original transformed to EPSG:4326,official_coordinate,인천광역시,174022.953794842    ,440321.610501568    
3530000-102-2022-00003,시넬노래짱,유흥주점영업,기타,"인천광역시 남동구 남동대로777번길 28, 4층 일부호 (구월동)",37.452097768164535,126.70626644780305,,2026-09-06,https://www.data.go.kr/data/15045018/fileData.do,https://file.localdata.go.kr/file/download/entertainment_bars/info,영업/정상,2026-05-04 22:49:47,2024-08-27 16:23:38,EPSG:5174 original transformed to EPSG:4326,official_coordinate,인천광역시,173939.842995485    ,438923.235689951    
3530000-102-2022-00004,소리꾼노래타운,유흥주점영업,노래클럽,"인천광역시 남동구 예술로192번길 31, 대건빌딩 지하1층 (구월동)",37.451396136886196,126.70325404930503,,2026-09-06,https://www.data.go.kr/data/15045018/fileData.do,https://file.localdata.go.kr/file/download/entertainment_bars/info,영업/정상,2026-05-04 22:49:47,2022-12-23 10:27:34,EPSG:5174 original transformed to EPSG:4326,official_coordinate,인천광역시,173673.050645684    ,438846.202883825    
3530000-102-2023-00001,만남7080,유흥주점영업,노래클럽,"인천광역시 남동구 장도로 64, 동아씨랜드26 2층 205호 (논현동)",37.3997489750688,126.73687180872183,,2026-09-06,https://www.data.go.kr/data/15045018/fileData.do,https://file.localdata.go.kr/file/download/entertainment_bars/info,영업/정상,2026-05-04 22:49:47,2023-12-20 15:08:19,EPSG:5174 original transformed to EPSG:4326,official_coordinate,인천광역시,176631.586010494    ,433105.161814139    
3530000-102-2023-00002,홍대노래타운,유흥주점영업,노래클럽,"인천광역시 남동구 소래역로30번길 18, 제일타워 2층 205호 (논현동)",37.39996777677289,126.73649267580342,,2026-09-06,https://www.data.go.kr/data/15045018/fileData.do,https://file.localdata.go.kr/file/download/entertainment_bars/info,영업/정상,2026-05-04 22:49:47,2023-09-13 18:50:56,EPSG:5174 original transformed to EPSG:4326,official_coordinate,인천광역시,176598.084097114    ,433129.540059781    
3530000-102-2023-00003,나비노래빠,유흥주점영업,룸살롱,"인천광역시 남동구 소래역로30번길 18, 제일타워 2층 201호 (논현동)",37.39996777677289,126.73649267580342,,2026-09-06,https://www.data.go.kr/data/15045018/fileData.do,https://file.localdata.go.kr/file/download/entertainment_bars/info,영업/정상,2026-05-04 22:49:47,2023-12-14 09:59:53,EPSG:5174 original transformed to EPSG:4326,official_coordinate,인천광역시,176598.084097114    ,433129.540059781    
3530000-102-2024-00001,오케이(OK)노래밤,유흥주점영업,룸살롱,"인천광역시 남동구 용천로 167, 2층 202호 (간석동)",37.46445655350045,126.71421114015439,,2026-09-06,https://www.data.go.kr/data/15045018/fileData.do,https://file.localdata.go.kr/file/download/entertainment_bars/info,영업/정상,2026-05-04 22:49:47,2025-04-14 17:10:25,EPSG:5174 original transformed to EPSG:4326,official_coordinate,인천광역시,174646.995499695    ,440292.733715299    
3530000-102-2025-00001,원더우먼,유흥주점영업,기타,"인천광역시 남동구 소래역로30번길 18, 제일타워 2층 202호 (논현동)",37.39996777677289,126.73649267580342,,2026-09-06,https://www.data.go.kr/data/15045018/fileData.do,https://file.localdata.go.kr/file/download/entertainment_bars/info,영업/정상,2026-05-04 22:49:47,2026-02-27 16:39:25,EPSG:5174 original transformed to EPSG:4326,official_coordinate,인천광역시,176598.084097114    ,433129.540059781    
3530000-102-2016-00013,팰리스노래가왕주점,유흥주점영업,노래클럽,"인천광역시 남동구 소래역로 36, 2층 208호 (논현동, 라마다인천호텔)",37.40028420212807,126.73548355508832,,2026-09-06,https://www.data.go.kr/data/15045018/fileData.do,https://file.localdata.go.kr/file/download/entertainment_bars/info,영업/정상,2026-05-04 22:49:44,2024-06-11 15:50:25,EPSG:5174 original transformed to EPSG:4326,official_coordinate,인천광역시,176508.8313051      ,433164.910452192    
3530000-102-2016-00014,카카오노래바주점,유흥주점영업,노래클럽,"인천광역시 남동구 장도로 64, 204호 (논현동)",37.3997489750688,126.73687180872183,,2026-09-06,https://www.data.go.kr/data/15045018/fileData.do,https://file.localdata.go.kr/file/download/entertainment_bars/info,영업/정상,2026-05-04 22:49:44,2018-01-24 14:32:46,EPSG:5174 original transformed to EPSG:4326,official_coordinate,인천광역시,176631.586010494    ,433105.161814139    
3530000-102-2016-00015,제우스노래클럽,유흥주점영업,노래클럽,"인천광역시 남동구 인주대로591번길 55, 2층 202호 (구월동, 건영프라자)",37.45269486496035,126.70272019065911,,2026-09-06,https://www.data.go.kr/data/15045018/fileData.do,https://file.localdata.go.kr/file/download/entertainment_bars/info,영업/정상,2026-05-04 22:49:44,2025-07-01 13:59:47,EPSG:5174 original transformed to EPSG:4326,official_coordinate,인천광역시,173626.269900366    ,438990.49504747     
3530000-102-2017-00001,빙고노래타운,유흥주점영업,노래클럽,"인천광역시 남동구 인주대로591번길 60, 2층 일부호 (구월동)",37.45279707144275,126.70315755927906,,2026-09-06,https://www.data.go.kr/data/15045018/fileData.do,https://file.localdata.go.kr/file/download/entertainment_bars/info,영업/정상,2026-05-04 22:49:44,2025-12-15 15:39:05,EPSG:5174 original transformed to EPSG:4326,official_coordinate,인천광역시,173665.005172116    ,439001.716056682    
3530000-102-2017-00002,에픽,유흥주점영업,룸살롱,"인천광역시 남동구 남동대로922번길 39, 3층 전체호 (간석동)",37.46488121482636,126.71053996140395,,2026-09-06,https://www.data.go.kr/data/15045018/fileData.do,https://file.localdata.go.kr/file/download/entertainment_bars/info,영업/정상,2026-05-08 03:03:03,2026-05-07 13:02:47,EPSG:5174 original transformed to EPSG:4326,official_coordinate,인천광역시,174322.357927491    ,440340.862776281    
3530000-102-2017-00004,라마다엠(M)라이브,유흥주점영업,노래클럽,"인천광역시 남동구 소래역로 36, 3층 307호 (논현동, 라마다인천호텔)",37.40028420212807,126.73548355508832,,2026-09-06,https://www.data.go.kr/data/15045018/fileData.do,https://file.localdata.go.kr/file/download/entertainment_bars/info,영업/정상,2026-06-27 03:03:03,2026-06-26 17:07:41,EPSG:5174 original transformed to EPSG:4326,official_coordinate,인천광역시,176508.8313051      ,433164.910452192    
3530000-102-2017-00005,골드노래광장주점,유흥주점영업,노래클럽,"인천광역시 남동구 소래역로30번길 18, 1층 104호 (논현동, 제일타워)",37.39996777677289,126.73649267580342,,2026-09-06,https://www.data.go.kr/data/15045018/fileData.do,https://file.localdata.go.kr/file/download/entertainment_bars/info,영업/정상,2026-07-23 22:49:15,2026-06-15 17:25:12,EPSG:5174 original transformed to EPSG:4326,official_coordinate,인천광역시,176598.084097114    ,433129.540059781    
3530000-102-2017-00006,구월노래주점,유흥주점영업,노래클럽,"인천광역시 남동구 인하로507번길 63, 3층 307호 (구월동, 모아메디컬타운)",37.446188956486154,126.70284533283476,,2026-09-06,https://www.data.go.kr/data/15045018/fileData.do,https://file.localdata.go.kr/file/download/entertainment_bars/info,영업/정상,2026-05-04 22:49:45,2023-05-16 14:56:27,EPSG:5174 original transformed to EPSG:4326,official_coordinate,인천광역시,173635.054151169    ,438268.386118818    
3530000-102-2017-00007,한한(Han Han) 다국적 노래클럽,유흥주점영업,노래클럽,"인천광역시 남동구 인하로 497-15, 지1층 B01호 (구월동)",37.44424740047611,126.70168711370039,,2026-09-06,https://www.data.go.kr/data/15045018/fileData.do,https://file.localdata.go.kr/file/download/entertainment_bars/info,영업/정상,2026-05-04 22:49:45,2025-11-19 14:38:50,EPSG:5174 original transformed to EPSG:4326,official_coordinate,인천광역시,173531.877886023    ,438053.223476239    
3530000-102-2017-00008,미2노래살롱주점,유흥주점영업,룸살롱,"인천광역시 남동구 논현로26번길 34, 2층 209호 (논현동)",37.40225890056957,126.70858950295411,,2026-09-06,https://www.data.go.kr/data/15045018/fileData.do,https://file.localdata.go.kr/file/download/entertainment_bars/info,영업/정상,2026-05-04 22:49:45,2024-08-02 13:49:28,EPSG:5174 original transformed to EPSG:4326,official_coordinate,인천광역시,174128.207737326    ,433391.129855272    
3530000-102-2017-00009,메카,유흥주점영업,룸살롱,"인천광역시 남동구 석촌로 52, 1층 (간석동)",37.46525720412401,126.70901543772264,,2026-09-06,https://www.data.go.kr/data/15045018/fileData.do,https://file.localdata.go.kr/file/download/entertainment_bars/info,영업/정상,2026-05-04 22:49:45,2024-06-03 10:25:36,EPSG:5174 original transformed to EPSG:4326,official_coordinate,인천광역시,174187.616151286    ,440383.010652727    
3530000-102-2017-00010,샤방샤방노래짱주점,유흥주점영업,노래클럽,"인천광역시 남동구 소래역로30번길 22, 2층 204호 (논현동, 소래광장프라자)",37.40007654513295,126.73682469251035,,2026-09-06,https://www.data.go.kr/data/15045018/fileData.do,https://file.localdata.go.kr/file/download/entertainment_bars/info,영업/정상,2026-05-04 22:49:45,2017-07-04 16:58:27,EPSG:5174 original transformed to EPSG:4326,official_coordinate,인천광역시,176627.516133179    ,433141.529331121    
3530000-102-2017-00011,모아노래주점바,유흥주점영업,노래클럽,"인천광역시 남동구 인하로507번길 63, 2층 206호 (구월동, 모아메디컬타운)",37.446188956486154,126.70284533283476,,2026-09-06,https://www.data.go.kr/data/15045018/fileData.do,https://file.localdata.go.kr/file/download/entertainment_bars/info,영업/정상,2026-05-04 22:49:45,2022-12-23 16:48:47,EPSG:5174 original transformed to EPSG:4326,official_coordinate,인천광역시,173635.054151169    ,438268.386118818    
3530000-102-2017-00012,슈퍼맨다국적룸클럽,유흥주점영업,룸살롱,"인천광역시 남동구 남동대로 924, 지하층 15호 (간석동)",37.46492074088674,126.70849595877236,,2026-09-06,https://www.data.go.kr/data/15045018/fileData.do,https://file.localdata.go.kr/file/download/entertainment_bars/info,영업/정상,2026-05-04 22:49:45,2024-09-19 11:32:46,EPSG:5174 original transformed to EPSG:4326,official_coordinate,인천광역시,174141.543025619    ,440345.810210316    
3530000-102-2017-00013,슈퍼맨다국적노래클럽,유흥주점영업,룸살롱,"인천광역시 남동구 남동대로 924, 지하층 18호 (간석동)",37.46492074088674,126.70849595877236,,2026-09-06,https://www.data.go.kr/data/15045018/fileData.do,https://file.localdata.go.kr/file/download/entertainment_bars/info,영업/정상,2026-05-04 22:49:45,2024-11-15 14:56:59,EPSG:5174 original transformed to EPSG:4326,official_coordinate,인천광역시,174141.543025619    ,440345.810210316    
3530000-102-2017-00014,아바노래주점,유흥주점영업,노래클럽,"인천광역시 남동구 인주대로591번길 32, 3층 303호 (구월동, 훼미리프라자)",37.45161230738511,126.70299207110563,,2026-09-06,https://www.data.go.kr/data/15045018/fileData.do,https://file.localdata.go.kr/file/download/entertainment_bars/info,영업/정상,2026-05-04 22:49:45,2025-05-28 16:04:19,EPSG:5174 original transformed to EPSG:4326,official_coordinate,인천광역시,173649.945837797    ,438870.268498821    
3530000-102-2017-00015,신짜우(XINCHAO)노래바,유흥주점영업,노래클럽,"인천광역시 남동구 선수촌공원로 25, 3층 303호 (구월동, 구월신세계프라자)",37.44127311853184,126.70977472940753,,2026-09-06,https://www.data.go.kr/data/15045018/fileData.do,https://file.localdata.go.kr/file/download/entertainment_bars/info,영업/정상,2026-05-04 22:49:45,2026-04-15 15:55:29,EPSG:5174 original transformed to EPSG:4326,official_coordinate,인천광역시,174246.546777488    ,437720.86991095     
3530000-102-2017-00016,퀸,유흥주점영업,노래클럽,"인천광역시 남동구 선수촌공원로 27, 보미프라자 2층 203호 (구월동)",37.44153981832529,126.70977265033653,,2026-09-06,https://www.data.go.kr/data/15045018/fileData.do,https://file.localdata.go.kr/file/download/entertainment_bars/info,영업/정상,2026-05-04 22:49:45,2025-09-02 16:07:59,EPSG:5174 original transformed to EPSG:4326,official_coordinate,인천광역시,174246.454413663    ,437750.470749998    
3530000-102-2008-00004,기모노,유흥주점영업,룸살롱,"인천광역시 남동구 남동대로922번길 22 (간석동, 2층)",37.46462698241527,126.70946218353403,,2026-09-06,https://www.data.go.kr/data/15045018/fileData.do,https://file.localdata.go.kr/file/download/entertainment_bars/info,영업/정상,2026-05-04 22:49:38,2020-11-05 11:27:30,EPSG:5174 original transformed to EPSG:4326,official_coordinate,인천광역시,174226.921740145    ,440312.941185618    
3530000-102-2008-00007,럭셔리노래주점클럽,유흥주점영업,기타,"인천광역시 남동구 소래역로18번길 32 (논현동, 2층)",37.39923767741313,126.73822069054485,,2026-09-06,https://www.data.go.kr/data/15045018/fileData.do,https://file.localdata.go.kr/file/download/entertainment_bars/info,영업/정상,2026-05-04 22:49:38,2015-12-22 17:29:48,EPSG:5174 original transformed to EPSG:4326,official_coordinate,인천광역시,176750.86369294     ,433048.080560003    
3530000-102-2009-00001,카라노래짱,유흥주점영업,기타,"인천광역시 남동구 앵고개로934번길 51 (논현동,흥인프라자 601호)",37.40029234616647,126.73610586125892,,2026-09-06,https://www.data.go.kr/data/15045018/fileData.do,https://file.localdata.go.kr/file/download/entertainment_bars/info,영업/정상,2026-05-04 22:49:38,2021-12-30 15:00:29,EPSG:5174 original transformed to EPSG:4326,official_coordinate,인천광역시,176563.935242504    ,433165.659128108    
3530000-102-2009-00003,조코노래광장,유흥주점영업,기타,"인천광역시 남동구 앵고개로948번길 54, 4층 402-1호 (논현동, 굿모닝타워)",37.400415016330115,126.73648392332814,,2026-09-06,https://www.data.go.kr/data/15045018/fileData.do,https://file.localdata.go.kr/file/download/entertainment_bars/info,영업/정상,2026-05-04 22:49:38,2024-08-20 13:20:13,EPSG:5174 original transformed to EPSG:4326,official_coordinate,인천광역시,176597.448564384    ,433179.179735493    
3530000-102-2009-00005,로마,유흥주점영업,룸살롱,"인천광역시 남동구 남동대로921번길 15, 103호 (간석동)",37.46469937215573,126.70715634789643,,2026-09-06,https://www.data.go.kr/data/15045018/fileData.do,https://file.localdata.go.kr/file/download/entertainment_bars/info,영업/정상,2026-05-04 22:49:39,2025-10-29 11:52:43,EPSG:5174 original transformed to EPSG:4326,official_coordinate,인천광역시,174022.953794842    ,440321.610501568    
3530000-102-2010-00001,비 노래타운,유흥주점영업,기타,"인천광역시 남동구 인하로489번길 28, 702호 (구월동, 로데오프라자21)",37.444854135491354,126.7014930258563,,2026-09-06,https://www.data.go.kr/data/15045018/fileData.do,https://file.localdata.go.kr/file/download/entertainment_bars/info,영업/정상,2026-05-04 22:49:39,2024-04-11 13:57:01,EPSG:5174 original transformed to EPSG:4326,official_coordinate,인천광역시,173514.91700388     ,438120.618019466    
3530000-102-2010-00002,메이드(MADE),유흥주점영업,룸살롱,"인천광역시 남동구 용천로153번길 31, 4층 (간석동)",37.46383668261516,126.71283054238691,,2026-09-06,https://www.data.go.kr/data/15045018/fileData.do,https://file.localdata.go.kr/file/download/entertainment_bars/info,영업/정상,2026-05-04 22:49:39,2021-04-08 16:07:55,EPSG:5174 original transformed to EPSG:4326,official_coordinate,인천광역시,174524.645448474    ,440224.309116595    
3530000-102-2010-00003,마린노래주점,유흥주점영업,룸살롱,"인천광역시 남동구 장도로 64 (논현동,동아씨랜드26 3층일부(307호))",37.3997489750688,126.73687180872183,,2026-09-06,https://www.data.go.kr/data/15045018/fileData.do,https://file.localdata.go.kr/file/download/entertainment_bars/info,영업/정상,2026-05-04 22:49:39,2021-06-30 10:31:27,EPSG:5174 original transformed to EPSG:4326,official_coordinate,인천광역시,176631.586010494    ,433105.161814139    
3530000-102-2010-00005,디퍼 DIFFER 누나클럽,유흥주점영업,관광호텔나이트(디스코),"인천광역시 남동구 앵고개로948번길 54 (논현동,굿모닝타워 10층(1001호))",37.400415016330115,126.73648392332814,,2026-09-06,https://www.data.go.kr/data/15045018/fileData.do,https://file.localdata.go.kr/file/download/entertainment_bars/info,영업/정상,2026-05-04 22:49:39,2025-12-19 15:09:30,EPSG:5174 original transformed to EPSG:4326,official_coordinate,인천광역시,176597.448564384    ,433179.179735493    
3530000-102-2010-00008,골드노래클럽주점,유흥주점영업,룸살롱,"인천광역시 남동구 논현로26번길 34 (논현동, 논현시네마타워 3층 311호)",37.40225890056957,126.70858950295411,,2026-09-06,https://www.data.go.kr/data/15045018/fileData.do,https://file.localdata.go.kr/file/download/entertainment_bars/info,영업/정상,2026-05-04 22:49:39,2025-04-02 13:56:55,EPSG:5174 original transformed to EPSG:4326,official_coordinate,인천광역시,174128.207737326    ,433391.129855272    
3530000-102-2011-00002,수노래클럽,유흥주점영업,기타,"인천광역시 남동구 백범로 330-1, 2층 (간석동)",37.4644734357901,126.7138817549635,,2026-09-06,https://www.data.go.kr/data/15045018/fileData.do,https://file.localdata.go.kr/file/download/entertainment_bars/info,영업/정상,2026-05-04 22:49:39,2015-09-17 18:10:31,EPSG:5174 original transformed to EPSG:4326,official_coordinate,인천광역시,174617.861054814    ,440294.696367261    
3530000-102-2011-00003,광장노래크럽,유흥주점영업,룸살롱,"인천광역시 남동구 소래역로30번길 22, 소래광장프라자 303호 (논현동)",37.40007654513295,126.73682469251035,,2026-09-06,https://www.data.go.kr/data/15045018/fileData.do,https://file.localdata.go.kr/file/download/entertainment_bars/info,영업/정상,2026-05-04 22:49:39,2022-11-17 14:54:59,EPSG:5174 original transformed to EPSG:4326,official_coordinate,인천광역시,176627.516133179    ,433141.529331121    
3530000-102-2011-00005,빙고노래크럽주점,유흥주점영업,룸살롱,"인천광역시 남동구 소래역로 28, 304호 (논현동, 조은프라자)",37.39982057683257,126.73606151401654,,2026-09-06,https://www.data.go.kr/data/15045018/fileData.do,https://file.localdata.go.kr/file/download/entertainment_bars/info,영업/정상,2026-05-04 22:49:39,2016-08-09 17:31:36,EPSG:5174 original transformed to EPSG:4326,official_coordinate,인천광역시,176559.861235792    ,433113.310207242    
3530000-102-2011-00006,갯벌노래광장주점,유흥주점영업,룸살롱,"인천광역시 남동구 소래역로 12, 2층 219호 (논현동, 소래포구 종합어시장)",37.39876269898713,126.7371282108838,,2026-09-06,https://www.data.go.kr/data/15045018/fileData.do,https://file.localdata.go.kr/file/download/entertainment_bars/info,영업/정상,2026-05-04 22:49:40,2019-09-17 10:29:50,EPSG:5174 original transformed to EPSG:4326,official_coordinate,인천광역시,176653.982245213    ,432995.634967439    
3530000-102-2011-00007,사이공(Saigon)베트남노래클럽,유흥주점영업,룸살롱,"인천광역시 남동구 남동대로922번길 43, 지하1층 일부호 (간석동)",37.46490344624692,126.71069081989366,,2026-09-06,https://www.data.go.kr/data/15045018/fileData.do,https://file.localdata.go.kr/file/download/entertainment_bars/info,영업/정상,2026-05-04 22:49:40,2024-02-21 09:59:45,EPSG:5174 original transformed to EPSG:4326,official_coordinate,인천광역시,174335.71167329     ,440343.288975148    
3530000-102-2012-00002,칸타타노래광장주점,유흥주점영업,룸살롱,"인천광역시 남동구 인주대로591번길 64, 204호 (구월동, 타원벨라움)",37.45304036587377,126.70319318032276,,2026-09-06,https://www.data.go.kr/data/15045018/fileData.do,https://file.localdata.go.kr/file/download/entertainment_bars/info,영업/정상,2026-05-04 22:49:40,2022-07-01 13:09:28,EPSG:5174 original transformed to EPSG:4326,official_coordinate,인천광역시,173668.242489173    ,439028.708707727    
3530000-102-2012-00003,명품노래짱,유흥주점영업,룸살롱,"인천광역시 남동구 인주대로623번길 54, 4층 (구월동)",37.45233085731429,126.70681391429858,,2026-09-06,https://www.data.go.kr/data/15045018/fileData.do,https://file.localdata.go.kr/file/download/entertainment_bars/info,영업/정상,2026-05-04 22:49:40,2015-12-31 17:21:41,EPSG:5174 original transformed to EPSG:4326,official_coordinate,인천광역시,173988.365345776    ,438948.954012105    
3530000-102-2012-00006,포구노래짱주점,유흥주점영업,룸살롱,"인천광역시 남동구 소래역로 12, 2층 208호 (논현동, 소래포구 종합어시장)",37.39876269898713,126.7371282108838,,2026-09-06,https://www.data.go.kr/data/15045018/fileData.do,https://file.localdata.go.kr/file/download/entertainment_bars/info,영업/정상,2026-05-04 22:49:40,2019-09-17 10:29:20,EPSG:5174 original transformed to EPSG:4326,official_coordinate,인천광역시,176653.982245213    ,432995.634967439    
3530000-102-2012-00007,시드니노래광장,유흥주점영업,룸살롱,"인천광역시 남동구 논현로26번길 34, 206호 (논현동, 주건축물제1동)",37.40225890056957,126.70858950295411,,2026-09-06,https://www.data.go.kr/data/15045018/fileData.do,https://file.localdata.go.kr/file/download/entertainment_bars/info,영업/정상,2026-05-04 22:49:40,2013-11-13 14:37:27,EPSG:5174 original transformed to EPSG:4326,official_coordinate,인천광역시,174128.207737326    ,433391.129855272    
3530000-102-2012-00008,명품관노래주점클럽,유흥주점영업,룸살롱,"인천광역시 남동구 앵고개로934번길 51, 201호 (논현동, 흥인빌딩)",37.40029234616647,126.73610586125892,,2026-09-06,https://www.data.go.kr/data/15045018/fileData.do,https://file.localdata.go.kr/file/download/entertainment_bars/info,영업/정상,2026-05-04 22:49:40,2015-11-09 14:06:13,EPSG:5174 original transformed to EPSG:4326,official_coordinate,인천광역시,176563.935242504    ,433165.659128108    
3530000-102-2012-00012,칸타노래주점,유흥주점영업,룸살롱,"인천광역시 남동구 인주대로591번길 64, 204-1호 (구월동, 타원벨라움)",37.45304036587377,126.70319318032276,,2026-09-06,https://www.data.go.kr/data/15045018/fileData.do,https://file.localdata.go.kr/file/download/entertainment_bars/info,영업/정상,2026-05-04 22:49:40,2022-07-01 13:07:05,EPSG:5174 original transformed to EPSG:4326,official_coordinate,인천광역시,173668.242489173    ,439028.708707727    
3530000-102-2013-00006,스카이 노래바,유흥주점영업,기타,"인천광역시 남동구 구월남로 148, 1403호 (구월동, 타워플러스)",37.452769859309065,126.70594375772521,,2026-09-06,https://www.data.go.kr/data/15045018/fileData.do,https://file.localdata.go.kr/file/download/entertainment_bars/info,영업/정상,2026-05-04 22:49:42,2023-07-14 15:57:54,EPSG:5174 original transformed to EPSG:4326,official_coordinate,인천광역시,173911.524418907    ,438997.918881533    
3530000-102-2013-00007,힐링노래타운주점,유흥주점영업,기타,"인천광역시 남동구 예술로192번길 39, 지1층 (구월동)",37.45136031817495,126.70365850415928,,2026-09-06,https://www.data.go.kr/data/15045018/fileData.do,https://file.localdata.go.kr/file/download/entertainment_bars/info,영업/정상,2026-05-04 22:49:42,2024-04-26 14:13:35,EPSG:5174 original transformed to EPSG:4326,official_coordinate,인천광역시,173708.825767094    ,438842.114255244    
3530000-102-2013-00008,럭셔리노래타운,유흥주점영업,룸살롱,"인천광역시 남동구 구월남로 120, 2층 201호 (구월동, 백세빌딩)",37.453065894862604,126.70276668972095,,2026-09-06,https://www.data.go.kr/data/15045018/fileData.do,https://file.localdata.go.kr/file/download/entertainment_bars/info,영업/정상,2026-05-04 22:49:42,2024-05-20 13:59:03,EPSG:5174 original transformed to EPSG:4326,official_coordinate,인천광역시,173630.514804658    ,439031.661667549    
3530000-102-2013-00009,씨엔술노래타운,유흥주점영업,룸살롱,"인천광역시 남동구 성말로 9, 3층 308호 (구월동, 이노프라자)",37.445796590716235,126.7017419631852,,2026-09-06,https://www.data.go.kr/data/15045018/fileData.do,https://file.localdata.go.kr/file/download/entertainment_bars/info,영업/정상,2026-05-04 22:49:42,2018-08-22 11:11:18,EPSG:5174 original transformed to EPSG:4326,official_coordinate,인천광역시,173537.278559075    ,438225.148497908    
3530000-102-2013-00010,소래노래광장,유흥주점영업,기타,"인천광역시 남동구 소래역로 20, 3층 301호 (논현동, 베스트프라자)",37.399229577778435,126.7363490098249,,2026-09-06,https://www.data.go.kr/data/15045018/fileData.do,https://file.localdata.go.kr/file/download/entertainment_bars/info,영업/정상,2026-05-04 22:49:42,2017-12-21 15:51:18,EPSG:5174 original transformed to EPSG:4326,official_coordinate,인천광역시,176585.133019404    ,433047.645780489    
3530000-102-2014-00001,탑노래클럽,유흥주점영업,기타,"인천광역시 남동구 호구포로 201, 2층 206-1호 (논현동, 논현두손지젤타워)",37.401289065442036,126.70818299075528,,2026-09-06,https://www.data.go.kr/data/15045018/fileData.do,https://file.localdata.go.kr/file/download/entertainment_bars/info,영업/정상,2026-05-04 22:49:42,2025-11-18 14:48:17,EPSG:5174 original transformed to EPSG:4326,official_coordinate,인천광역시,174091.879800652    ,433283.603111588    
3530000-102-2014-00003,엠노래클럽,유흥주점영업,룸살롱,"인천광역시 남동구 앵고개로934번길 24, 4층 401호 (논현동, 세훈프라자)",37.40118159269476,126.73504391409459,,2026-09-06,https://www.data.go.kr/data/15045018/fileData.do,https://file.localdata.go.kr/file/download/entertainment_bars/info,영업/정상,2026-05-04 22:49:42,2021-03-24 11:27:10,EPSG:5174 original transformed to EPSG:4326,official_coordinate,인천광역시,176470.185119871    ,433264.618457514    
3530000-102-2014-00004,궁노래클럽,유흥주점영업,룸살롱,"인천광역시 남동구 남동대로765번길 44, 2층 (구월동)",37.451104422377895,126.70522431970434,,2026-09-06,https://www.data.go.kr/data/15045018/fileData.do,https://file.localdata.go.kr/file/download/entertainment_bars/info,영업/정상,2026-05-04 22:49:42,2024-05-07 14:08:53,EPSG:5174 original transformed to EPSG:4326,official_coordinate,인천광역시,173847.28577844     ,438813.276236845    
3530000-102-2014-00005,갯벌2노래타운,유흥주점영업,기타,"인천광역시 남동구 소래역로 12, 2층 220호 (논현동, 소래어시장)",37.39876269898713,126.7371282108838,,2026-09-06,https://www.data.go.kr/data/15045018/fileData.do,https://file.localdata.go.kr/file/download/entertainment_bars/info,영업/정상,2026-05-04 22:49:43,2026-04-30 14:34:50,EPSG:5174 original transformed to EPSG:4326,official_coordinate,인천광역시,176653.982245213    ,432995.634967439    
3530000-102-2014-00006,명품노래타운주점,유흥주점영업,기타,"인천광역시 남동구 예술로 206, 2층 B205호 (구월동, 구월중앙프라자)",37.4524436689568,126.7019987021382,,2026-09-06,https://www.data.go.kr/data/15045018/fileData.do,https://file.localdata.go.kr/file/download/entertainment_bars/info,영업/정상,2026-05-04 22:49:43,2025-07-09 17:53:43,EPSG:5174 original transformed to EPSG:4326,official_coordinate,인천광역시,173562.342361512    ,438962.818123843    
3530000-102-2014-00007,짝노래노래,유흥주점영업,노래클럽,"인천광역시 남동구 소래역로46번길 28, 4층 402호 (논현동, 대영로데오)",37.401481957489516,126.73594724442363,,2026-09-06,https://www.data.go.kr/data/15045018/fileData.do,https://file.localdata.go.kr/file/download/entertainment_bars/info,영업/정상,2026-05-04 22:49:43,2024-04-03 17:22:01,EPSG:5174 original transformed to EPSG:4326,official_coordinate,인천광역시,176550.262372059    ,433297.729321378    
3530000-102-2014-00008,럭셔리노래광장,유흥주점영업,기타,"인천광역시 남동구 구월남로 120, 2층 202호 (구월동, 백세빌딩)",37.453065894862604,126.70276668972095,,2026-09-06,https://www.data.go.kr/data/15045018/fileData.do,https://file.localdata.go.kr/file/download/entertainment_bars/info,영업/정상,2026-05-04 22:49:43,2024-05-20 14:00:18,EPSG:5174 original transformed to EPSG:4326,official_coordinate,인천광역시,173630.514804658    ,439031.661667549    
3530000-102-2014-00009,엘에이(LA)노래노래,유흥주점영업,노래클럽,"인천광역시 남동구 소래역로46번길 28, 4층 403호 (논현동, 대영로데오)",37.401481957489516,126.73594724442363,,2026-09-06,https://www.data.go.kr/data/15045018/fileData.do,https://file.localdata.go.kr/file/download/entertainment_bars/info,영업/정상,2026-05-04 22:49:43,2024-04-18 16:36:36,EPSG:5174 original transformed to EPSG:4326,official_coordinate,인천광역시,176550.262372059    ,433297.729321378    
3530000-102-2014-00011,아바노래타운,유흥주점영업,룸살롱,"인천광역시 남동구 소래역로 28, 2층 204호 (논현동, 조은프라자)",37.39982057683257,126.73606151401654,,2026-09-06,https://www.data.go.kr/data/15045018/fileData.do,https://file.localdata.go.kr/file/download/entertainment_bars/info,영업/정상,2026-05-04 22:49:43,2023-07-19 14:38:23,EPSG:5174 original transformed to EPSG:4326,official_coordinate,인천광역시,176559.861235792    ,433113.310207242    
3530000-102-2014-00014,황궁노래클럽주점,유흥주점영업,노래클럽,"인천광역시 남동구 논현로26번길 34, 2층 202호 (논현동)",37.40225890056957,126.70858950295411,,2026-09-06,https://www.data.go.kr/data/15045018/fileData.do,https://file.localdata.go.kr/file/download/entertainment_bars/info,영업/정상,2026-05-04 22:49:43,2018-05-30 09:36:58,EPSG:5174 original transformed to EPSG:4326,official_coordinate,인천광역시,174128.207737326    ,433391.129855272    
3530000-102-2015-00001,바다노래타운,유흥주점영업,룸살롱,"인천광역시 남동구 소래역로 20, 4층 401호 (논현동, 베스트프라자)",37.399229577778435,126.7363490098249,,2026-09-06,https://www.data.go.kr/data/15045018/fileData.do,https://file.localdata.go.kr/file/download/entertainment_bars/info,영업/정상,2026-05-04 22:49:43,2026-01-14 18:10:01,EPSG:5174 original transformed to EPSG:4326,official_coordinate,인천광역시,176585.133019404    ,433047.645780489    
3530000-102-2015-00002,쟁반노래타운주점,유흥주점영업,룸살롱,"인천광역시 남동구 소래역로 20, 4층 402호 (논현동, 베스트프라자)",37.399229577778435,126.7363490098249,,2026-09-06,https://www.data.go.kr/data/15045018/fileData.do,https://file.localdata.go.kr/file/download/entertainment_bars/info,영업/정상,2026-05-04 22:49:43,2023-08-14 14:49:03,EPSG:5174 original transformed to EPSG:4326,official_coordinate,인천광역시,176585.133019404    ,433047.645780489    
3530000-102-2015-00005,짱노래클럽,유흥주점영업,노래클럽,"인천광역시 남동구 선수촌공원로23번길 10-6, 3층 301호 (구월동, 은성프라자)",37.44125451693124,126.7090800121833,,2026-09-06,https://www.data.go.kr/data/15045018/fileData.do,https://file.localdata.go.kr/file/download/entertainment_bars/info,영업/정상,2026-05-04 22:49:43,2016-11-07 17:22:13,EPSG:5174 original transformed to EPSG:4326,official_coordinate,인천광역시,174185.060903149    ,437718.995899852    
3530000-102-2016-00001,카카오,유흥주점영업,노래클럽,"인천광역시 남동구 앵고개로948번길 48, 2층 일부호 (논현동)",37.400683995805316,126.73634947028114,,2026-09-06,https://www.data.go.kr/data/15045018/fileData.do,https://file.localdata.go.kr/file/download/entertainment_bars/info,영업/정상,2026-05-04 22:49:43,2025-10-17 13:33:19,EPSG:5174 original transformed to EPSG:4326,official_coordinate,인천광역시,176585.627503171    ,433209.066248884    
3530000-102-2016-00002,카카오 노래타운,유흥주점영업,룸살롱,"인천광역시 남동구 앵고개로948번길 48, 2층 일부호 (논현동)",37.400683995805316,126.73634947028114,,2026-09-06,https://www.data.go.kr/data/15045018/fileData.do,https://file.localdata.go.kr/file/download/entertainment_bars/info,영업/정상,2026-05-04 22:49:43,2025-10-02 15:37:01,EPSG:5174 original transformed to EPSG:4326,official_coordinate,인천광역시,176585.627503171    ,433209.066248884    
3530000-102-2016-00003,하바나노래광장주점,유흥주점영업,노래클럽,"인천광역시 남동구 소래역로30번길 18, 304호 (논현동, 제일타워)",37.39996777677289,126.73649267580342,,2026-09-06,https://www.data.go.kr/data/15045018/fileData.do,https://file.localdata.go.kr/file/download/entertainment_bars/info,영업/정상,2026-05-04 22:49:43,2020-01-20 14:32:04,EPSG:5174 original transformed to EPSG:4326,official_coordinate,인천광역시,176598.084097114    ,433129.540059781    
3530000-102-2016-00007,연예인7080라이브,유흥주점영업,노래클럽,"인천광역시 남동구 소래역로30번길 18, 3층 301호 (논현동, 제일타워)",37.39996777677289,126.73649267580342,,2026-09-06,https://www.data.go.kr/data/15045018/fileData.do,https://file.localdata.go.kr/file/download/entertainment_bars/info,영업/정상,2026-05-04 22:49:44,2019-02-01 17:09:03,EPSG:5174 original transformed to EPSG:4326,official_coordinate,인천광역시,176598.084097114    ,433129.540059781    
3530000-102-2016-00008,라이브카페썸7080(LIVECAFE썸7080),유흥주점영업,노래클럽,"인천광역시 남동구 소래역로46번길 20, 203호 (논현동, 아크리아)",37.4013933800601,126.73551264932692,,2026-09-06,https://www.data.go.kr/data/15045018/fileData.do,https://file.localdata.go.kr/file/download/entertainment_bars/info,영업/정상,2026-05-04 22:49:44,2021-07-02 19:57:39,EPSG:5174 original transformed to EPSG:4326,official_coordinate,인천광역시,176511.754533903    ,433288.0068455      
3530000-102-2016-00009,월노래클럽(썸),유흥주점영업,노래클럽,"인천광역시 남동구 소래역로46번길 20, 204호 (논현동, 아크리아)",37.4013933800601,126.73551264932692,,2026-09-06,https://www.data.go.kr/data/15045018/fileData.do,https://file.localdata.go.kr/file/download/entertainment_bars/info,영업/정상,2026-05-04 22:49:44,2020-01-23 18:05:03,EPSG:5174 original transformed to EPSG:4326,official_coordinate,인천광역시,176511.754533903    ,433288.0068455      
3530000-102-2016-00011,뉴발로만,유흥주점영업,카바레,"인천광역시 남동구 경인로626번길 16, 3층 일부호 (간석동)",37.465052268209284,126.70698797234704,,2026-09-06,https://www.data.go.kr/data/15045018/fileData.do,https://file.localdata.go.kr/file/download/entertainment_bars/info,영업/정상,2026-05-04 22:49:44,2021-02-01 10:35:36,EPSG:5174 original transformed to EPSG:4326,official_coordinate,인천광역시,174008.180393915    ,440360.824174068    
3530000-102-2016-00012,팰리스비즈니스클럽,유흥주점영업,노래클럽,"인천광역시 남동구 소래역로 36, 2층 206호 (논현동, 라마다인천호텔)",37.40028420212807,126.73548355508832,,2026-09-06,https://www.data.go.kr/data/15045018/fileData.do,https://file.localdata.go.kr/file/download/entertainment_bars/info,영업/정상,2026-05-04 22:49:44,2024-06-11 15:49:17,EPSG:5174 original transformed to EPSG:4326,official_coordinate,인천광역시,176508.8313051      ,433164.910452192    
3530000-102-2007-00011,가요톱10,유흥주점영업,룸살롱,"인천광역시 남동구 인하로 497-24, 지하2층 201호 (구월동, 조한빌딩)",37.44448333631143,126.7022219865377,,2026-09-06,https://www.data.go.kr/data/15045018/fileData.do,https://file.localdata.go.kr/file/download/entertainment_bars/info,영업/정상,2026-05-04 22:49:37,2023-11-08 09:33:36,EPSG:5174 original transformed to EPSG:4326,official_coordinate,인천광역시,173579.293112517    ,438079.258909092    
3530000-102-2008-00001,프라다,유흥주점영업,룸살롱,"인천광역시 남동구 석촌로 42, 2층 (간석동)",37.46425591895973,126.70907189016336,,2026-09-06,https://www.data.go.kr/data/15045018/fileData.do,https://file.localdata.go.kr/file/download/entertainment_bars/info,영업/정상,2026-05-04 22:49:37,2024-09-25 15:13:51,EPSG:5174 original transformed to EPSG:4326,official_coordinate,인천광역시,174192.265348642    ,440271.864843203    
3530000-102-2013-00001,베트남노래클럽,유흥주점영업,룸살롱,"인천광역시 남동구 성말로 9, 3층 310호 (구월동, 이노프라자)",37.445796590716235,126.7017419631852,,2026-09-06,https://www.data.go.kr/data/15045018/fileData.do,https://file.localdata.go.kr/file/download/entertainment_bars/info,영업/정상,2026-05-04 22:49:41,2022-09-01 16:47:22,EPSG:5174 original transformed to EPSG:4326,official_coordinate,인천광역시,173537.278559075    ,438225.148497908    
3530000-102-2013-00002,베트남노래클럽,유흥주점영업,룸살롱,"인천광역시 남동구 성말로 9, 3층 307호 (구월동, 이노프라자)",37.445796590716235,126.7017419631852,,2026-09-06,https://www.data.go.kr/data/15045018/fileData.do,https://file.localdata.go.kr/file/download/entertainment_bars/info,영업/정상,2026-05-04 22:49:41,2022-09-01 16:48:31,EPSG:5174 original transformed to EPSG:4326,official_coordinate,인천광역시,173537.278559075    ,438225.148497908    
3530000-102-2013-00003,황진이노래광장주점,유흥주점영업,룸살롱,"인천광역시 남동구 앵고개로948번길 54, 3층 302호 (논현동, 굿모닝타워)",37.400415016330115,126.73648392332814,,2026-09-06,https://www.data.go.kr/data/15045018/fileData.do,https://file.localdata.go.kr/file/download/entertainment_bars/info,영업/정상,2026-05-04 22:49:41,2018-01-02 15:01:08,EPSG:5174 original transformed to EPSG:4326,official_coordinate,인천광역시,176597.448564384    ,433179.179735493    
3540000-102-2026-00002,별밤노래클럽,유흥주점영업,노래클럽,"인천광역시 부평구 경원대로 1429, 지하1층 (부평동)",37.49141232127234,126.72792173027497,,2026-09-06,https://www.data.go.kr/data/15045018/fileData.do,https://file.localdata.go.kr/file/download/entertainment_bars/info,영업/정상,2026-05-07 22:48:07,2026-03-30 14:06:41,EPSG:5174 original transformed to EPSG:4326,official_coordinate,인천광역시,175868.640553532    ,443280.88573199     
3540000-102-2014-00007,엠(M)노래클럽,유흥주점영업,간이주점,"인천광역시 부평구 부평대로 69, 2층 (부평동)",37.497723305275926,126.72208465706461,,2026-09-06,https://www.data.go.kr/data/15045018/fileData.do,https://file.localdata.go.kr/file/download/entertainment_bars/info,영업/정상,2026-05-07 22:48:01,2024-06-05 17:31:36,EPSG:5174 original transformed to EPSG:4326,official_coordinate,인천광역시,175354.509050065    ,443982.84665811     
3540000-102-2014-00008,케이(K)노래클럽,유흥주점영업,간이주점,"인천광역시 부평구 부평대로 69, 3층 (부평동)",37.497723305275926,126.72208465706461,,2026-09-06,https://www.data.go.kr/data/15045018/fileData.do,https://file.localdata.go.kr/file/download/entertainment_bars/info,영업/정상,2026-05-07 22:48:02,2024-06-07 15:25:52,EPSG:5174 original transformed to EPSG:4326,official_coordinate,인천광역시,175354.509050065    ,443982.84665811     
3540000-102-2014-00010,빅뱅노래클럽,유흥주점영업,룸살롱,"인천광역시 부평구 부평문화로 116, 지하1층 (부평동)",37.49402299067394,126.72910516470333,,2026-09-06,https://www.data.go.kr/data/15045018/fileData.do,https://file.localdata.go.kr/file/download/entertainment_bars/info,영업/정상,2026-05-07 22:48:02,2021-11-25 15:10:25,EPSG:5174 original transformed to EPSG:4326,official_coordinate,인천광역시,175974.137873971    ,443570.335582561    
3540000-102-2014-00011,콘서트노래클럽,유흥주점영업,룸살롱,"인천광역시 부평구 경원대로1377번길 5, 5층 (부평동)",37.49163426600547,126.72191736267096,,2026-09-06,https://www.data.go.kr/data/15045018/fileData.do,https://file.localdata.go.kr/file/download/entertainment_bars/info,영업/정상,2026-05-07 22:48:02,2024-02-02 17:54:39,EPSG:5174 original transformed to EPSG:4326,official_coordinate,인천광역시,175337.708076472    ,443307.079091726    
3540000-102-2014-00012,짝노래클럽,유흥주점영업,룸살롱,"인천광역시 부평구 시장로 45, 2층 (부평동)",37.49472727995955,126.72664044003811,,2026-09-06,https://www.data.go.kr/data/15045018/fileData.do,https://file.localdata.go.kr/file/download/entertainment_bars/info,영업/정상,2026-05-07 22:48:02,2020-05-22 16:37:47,EPSG:5174 original transformed to EPSG:4326,official_coordinate,인천광역시,175756.401943544    ,443649.136961186    
3540000-102-2014-00013,대박노래클럽,유흥주점영업,노래클럽,"인천광역시 부평구 경원대로1377번길 47, 지하1층 (부평동)",37.49344393365767,126.72204686276072,,2026-09-06,https://www.data.go.kr/data/15045018/fileData.do,https://file.localdata.go.kr/file/download/entertainment_bars/info,영업/정상,2026-05-07 22:48:02,2025-07-31 13:39:01,EPSG:5174 original transformed to EPSG:4326,official_coordinate,인천광역시,175349.756844726    ,443507.896763992    
3540000-102-2015-00001,수노래클럽,유흥주점영업,룸살롱,"인천광역시 부평구 열우물로49번길 지하 11-1, 1호 (십정동, 지하1층 일부)",37.47194258403068,126.70030703141828,,2026-09-06,https://www.data.go.kr/data/15045018/fileData.do,https://file.localdata.go.kr/file/download/entertainment_bars/info,영업/정상,2026-05-07 22:48:02,2015-01-06 09:46:20,EPSG:5174 original transformed to EPSG:4326,official_coordinate,인천광역시,173419.578588168    ,441127.433850695    
3540000-102-2015-00002,제이(J)노래클럽,유흥주점영업,기타,"인천광역시 부평구 주부토로 18-1, 1층 (부평동)",37.496694207400374,126.72463954129991,,2026-09-06,https://www.data.go.kr/data/15045018/fileData.do,https://file.localdata.go.kr/file/download/entertainment_bars/info,영업/정상,2026-05-07 22:48:02,2025-07-31 13:39:09,EPSG:5174 original transformed to EPSG:4326,official_coordinate,인천광역시,175580.099266137    ,443867.961278196    
3540000-102-2015-00003,큐빅,유흥주점영업,기타,"인천광역시 부평구 경원대로1403번길 15 (부평동, 지하1층)",37.49215844951935,126.72514046863071,,2026-09-06,https://www.data.go.kr/data/15045018/fileData.do,https://file.localdata.go.kr/file/download/entertainment_bars/info,영업/정상,2026-05-07 22:48:02,2025-06-11 13:52:36,EPSG:5174 original transformed to EPSG:4326,official_coordinate,인천광역시,175622.918452972    ,443364.415565085    
3540000-102-2015-00004,망고노래클럽,유흥주점영업,노래클럽,"인천광역시 부평구 시장로 49, 2층 (부평동)",37.49504824352355,126.72699489159604,,2026-09-06,https://www.data.go.kr/data/15045018/fileData.do,https://file.localdata.go.kr/file/download/entertainment_bars/info,영업/정상,2026-05-07 22:48:03,2020-08-10 14:00:55,EPSG:5174 original transformed to EPSG:4326,official_coordinate,인천광역시,175787.850920514    ,443684.668657262    
3540000-102-2015-00006,플렉스,유흥주점영업,노래클럽,"인천광역시 부평구 시장로12번길 18 (부평동, 3층 일부)",37.49175553240547,126.7253882656591,,2026-09-06,https://www.data.go.kr/data/15045018/fileData.do,https://file.localdata.go.kr/file/download/entertainment_bars/info,영업/정상,2026-05-07 22:48:03,2022-02-04 14:57:04,EPSG:5174 original transformed to EPSG:4326,official_coordinate,인천광역시,175644.701386323    ,443319.632239081    
3540000-102-2007-00008,킹스노래클럽,유흥주점영업,룸살롱,"인천광역시 부평구 부평동 524-17 ,20,21    지하1 ",37.494387134196785,126.72828927936762,,2026-09-06,https://www.data.go.kr/data/15045018/fileData.do,https://file.localdata.go.kr/file/download/entertainment_bars/info,영업/정상,2026-05-07 22:47:54,2025-12-17 16:17:57,EPSG:5174 original transformed to EPSG:4326,official_coordinate,인천광역시,175902.103600375    ,443610.960309909    
3540000-102-2008-00001,바다노래클럽,유흥주점영업,룸살롱,"인천광역시 부평구 부평문화로 106 (부평동,지하1층)",37.49409152792981,126.72784585524722,,2026-09-06,https://www.data.go.kr/data/15045018/fileData.do,https://file.localdata.go.kr/file/download/entertainment_bars/info,영업/정상,2026-05-07 22:47:54,2025-07-17 17:28:47,EPSG:5174 original transformed to EPSG:4326,official_coordinate,인천광역시,175862.794872442    ,443578.265417515    
3540000-102-2008-00002,보보노래클럽,유흥주점영업,룸살롱,"인천광역시 부평구 경원대로 1430 (부평동,지하1층)",37.49084313708031,126.72794615127006,,2026-09-06,https://www.data.go.kr/data/15045018/fileData.do,https://file.localdata.go.kr/file/download/entertainment_bars/info,영업/정상,2026-05-07 22:47:54,2025-07-17 17:28:56,EPSG:5174 original transformed to EPSG:4326,official_coordinate,인천광역시,175870.616689349    ,443217.706774679    
3540000-102-2008-00004,아리랑노래클럽,유흥주점영업,룸살롱,인천광역시 부평구 시장로71번길 5 (부평동),37.49669987594906,126.72819900416437,,2026-09-06,https://www.data.go.kr/data/15045018/fileData.do,https://file.localdata.go.kr/file/download/entertainment_bars/info,영업/정상,2026-05-07 22:47:54,2025-07-17 17:29:03,EPSG:5174 original transformed to EPSG:4326,official_coordinate,인천광역시,175894.865579252    ,443867.670526293    
3540000-102-2008-00006,빙고,유흥주점영업,룸살롱,"인천광역시 부평구 열우물로 40 (십정동,(지하1층))",37.47178367039296,126.70143255917026,,2026-09-06,https://www.data.go.kr/data/15045018/fileData.do,https://file.localdata.go.kr/file/download/entertainment_bars/info,영업/정상,2026-05-07 22:47:54,2025-07-17 17:29:09,EPSG:5174 original transformed to EPSG:4326,official_coordinate,인천광역시,173519.086085136    ,441109.478554702    
3540000-102-2008-00007,준꼬노래타운,유흥주점영업,룸살롱,"인천광역시 부평구 열우물로 40 (십정동,(지하1층))",37.47178367039296,126.70143255917026,,2026-09-06,https://www.data.go.kr/data/15045018/fileData.do,https://file.localdata.go.kr/file/download/entertainment_bars/info,영업/정상,2026-05-07 22:47:54,2025-07-17 17:29:16,EPSG:5174 original transformed to EPSG:4326,official_coordinate,인천광역시,173519.086085136    ,441109.478554702    
3540000-102-2015-00007,그린노래클럽,유흥주점영업,노래클럽,"인천광역시 부평구 부일로 8-1, 2층 (부평동)",37.490478605750674,126.73102877131903,,2026-09-06,https://www.data.go.kr/data/15045018/fileData.do,https://file.localdata.go.kr/file/download/entertainment_bars/info,영업/정상,2026-05-07 22:48:03,2017-02-17 13:30:30,EPSG:5174 original transformed to EPSG:4326,official_coordinate,인천광역시,176143.118811546    ,443176.460403998    
3540000-102-2015-00008,복숭아 노래클럽,유흥주점영업,노래클럽,"인천광역시 부평구 시장로 34 (부평동, 3층 일부)",37.49370065607083,126.72626554412305,,2026-09-06,https://www.data.go.kr/data/15045018/fileData.do,https://file.localdata.go.kr/file/download/entertainment_bars/info,영업/정상,2026-05-07 22:48:03,2026-01-02 14:48:59,EPSG:5174 original transformed to EPSG:4326,official_coordinate,인천광역시,175722.915739636    ,443535.290718856    
3540000-102-2015-00009,썸싱 노래방가주점,유흥주점영업,룸살롱,"인천광역시 부평구 열우물로 26 (십정동, 지하1층)",37.47054962069086,126.70149005130173,,2026-09-06,https://www.data.go.kr/data/15045018/fileData.do,https://file.localdata.go.kr/file/download/entertainment_bars/info,영업/정상,2026-05-07 22:48:03,2024-10-15 13:58:01,EPSG:5174 original transformed to EPSG:4326,official_coordinate,인천광역시,173523.735529679    ,440972.497882159    
3540000-102-2015-00010,MAD153(매드153),유흥주점영업,고고(디스코)클럽,"인천광역시 부평구 경원대로1403번길 33, 3층 302호 (부평동, 신세계음향프라자)",37.492792093901045,126.72571477995697,,2026-09-06,https://www.data.go.kr/data/15045018/fileData.do,https://file.localdata.go.kr/file/download/entertainment_bars/info,영업/정상,2026-05-07 22:48:03,2024-03-21 16:24:41,EPSG:5174 original transformed to EPSG:4326,official_coordinate,인천광역시,175673.914103143    ,443434.593629393    
3540000-102-2015-00011,황진이노래클럽,유흥주점영업,노래클럽,"인천광역시 부평구 경원대로 1385 (부평동, 2층 일부)",37.49166655991975,126.72261203716369,,2026-09-06,https://www.data.go.kr/data/15045018/fileData.do,https://file.localdata.go.kr/file/download/entertainment_bars/info,영업/정상,2026-05-07 22:48:03,2023-06-29 16:01:40,EPSG:5174 original transformed to EPSG:4326,official_coordinate,인천광역시,175399.15314185     ,443310.481101599    
3540000-102-2016-00001,엔젤노래광장,유흥주점영업,노래클럽,"인천광역시 부평구 경원대로1403번길 5 (부평동, 2층일부)",37.49169033056273,126.72489218800634,,2026-09-06,https://www.data.go.kr/data/15045018/fileData.do,https://file.localdata.go.kr/file/download/entertainment_bars/info,영업/정상,2026-05-07 22:48:03,2025-07-31 13:39:19,EPSG:5174 original transformed to EPSG:4326,official_coordinate,인천광역시,175600.808920546    ,443312.524402615    
3540000-102-2016-00002,링크 노래타운,유흥주점영업,노래클럽,"인천광역시 부평구 시장로12번길 7 (부평동, 보광빌딩 301호일부)",37.492170289925966,126.72494324666418,,2026-09-06,https://www.data.go.kr/data/15045018/fileData.do,https://file.localdata.go.kr/file/download/entertainment_bars/info,영업/정상,2026-05-07 22:48:03,2026-01-20 10:34:44,EPSG:5174 original transformed to EPSG:4326,official_coordinate,인천광역시,175605.480854321    ,443365.780932113    
3540000-102-2016-00003,코코,유흥주점영업,노래클럽,"인천광역시 부평구 부평문화로 102 (부평동, 재일상가 1층일부)",37.49411866242567,126.72758240515405,,2026-09-06,https://www.data.go.kr/data/15045018/fileData.do,https://file.localdata.go.kr/file/download/entertainment_bars/info,영업/정상,2026-05-07 22:48:03,2025-07-31 13:39:26,EPSG:5174 original transformed to EPSG:4326,official_coordinate,인천광역시,175839.505848827    ,443581.344788518    
3540000-102-2016-00004,아레나,유흥주점영업,노래클럽,"인천광역시 부평구 시장로30번길 8 (부평동, 4층일부)",37.493109157451904,126.72606977534375,,2026-09-06,https://www.data.go.kr/data/15045018/fileData.do,https://file.localdata.go.kr/file/download/entertainment_bars/info,영업/정상,2026-05-07 22:48:03,2020-07-09 16:56:30,EPSG:5174 original transformed to EPSG:4326,official_coordinate,인천광역시,175705.411061886    ,443469.692011938    
3540000-102-2016-00006,준클럽,유흥주점영업,노래클럽,"인천광역시 부평구 부흥로304번길 35-7 (부평동, 301호일부)",37.496723791190725,126.72618244811507,,2026-09-06,https://www.data.go.kr/data/15045018/fileData.do,https://file.localdata.go.kr/file/download/entertainment_bars/info,영업/정상,2026-06-10 03:03:03,2026-06-09 15:20:17,EPSG:5174 original transformed to EPSG:4326,official_coordinate,인천광역시,175716.548636721    ,443870.844526139    
3540000-102-2016-00007,갤러리 유흥주점,유흥주점영업,노래클럽,"인천광역시 부평구 부평대로 67-2, 2층 (부평동)",37.497526857089284,126.72210473497833,,2026-09-06,https://www.data.go.kr/data/15045018/fileData.do,https://file.localdata.go.kr/file/download/entertainment_bars/info,영업/정상,2026-05-07 22:48:04,2024-08-21 15:54:55,EPSG:5174 original transformed to EPSG:4326,official_coordinate,인천광역시,175356.219801542    ,443961.037946552    
3540000-102-2016-00008,갤러리 노래클럽,유흥주점영업,노래클럽,"인천광역시 부평구 시장로 35-2, 2층 (부평동)",37.49420881615601,126.72609085185019,,2026-09-06,https://www.data.go.kr/data/15045018/fileData.do,https://file.localdata.go.kr/file/download/entertainment_bars/info,영업/정상,2026-05-07 22:48:04,2024-07-26 16:05:15,EPSG:5174 original transformed to EPSG:4326,official_coordinate,인천광역시,175707.632040824    ,443591.735663855    
3540000-102-2016-00009,짱 노래클럽,유흥주점영업,노래클럽,"인천광역시 부평구 경원대로1403번길 16, 지하1층 (부평동)",37.49198809461977,126.72530670150039,,2026-09-06,https://www.data.go.kr/data/15045018/fileData.do,https://file.localdata.go.kr/file/download/entertainment_bars/info,영업/정상,2026-05-07 22:48:04,2026-03-06 17:11:15,EPSG:5174 original transformed to EPSG:4326,official_coordinate,인천광역시,175637.5638963      ,443345.465046133    
3540000-102-2017-00001,콜노래클럽,유흥주점영업,노래클럽,"인천광역시 부평구 경원대로 1369, 지하1층 (부평동, 태광빌딩)",37.49145584650697,126.72103632702682,,2026-09-06,https://www.data.go.kr/data/15045018/fileData.do,https://file.localdata.go.kr/file/download/entertainment_bars/info,영업/정상,2026-05-07 22:48:04,2025-02-03 16:57:00,EPSG:5174 original transformed to EPSG:4326,official_coordinate,인천광역시,175259.733538542    ,443287.5084144      
3540000-102-2017-00002,로얄노래클럽,유흥주점영업,노래클럽,"인천광역시 부평구 대정로 10, 지하1층 (부평동)",37.49765217072576,126.72300572765394,,2026-09-06,https://www.data.go.kr/data/15045018/fileData.do,https://file.localdata.go.kr/file/download/entertainment_bars/info,영업/정상,2026-05-07 22:48:04,2022-06-21 17:03:53,EPSG:5174 original transformed to EPSG:4326,official_coordinate,인천광역시,175435.935158258    ,443974.710166107    
3540000-102-2017-00003,매스 노래타운,유흥주점영업,노래클럽,"인천광역시 부평구 경원대로1403번길 6 (부평동, 7층일부)",37.49176364355202,126.7251353825027,,2026-09-06,https://www.data.go.kr/data/15045018/fileData.do,https://file.localdata.go.kr/file/download/entertainment_bars/info,영업/정상,2026-05-07 22:48:04,2026-01-06 08:57:21,EPSG:5174 original transformed to EPSG:4326,official_coordinate,인천광역시,175622.340014431    ,443320.598106153    
3540000-102-2018-00001,세븐 럭(Seven Luck),유흥주점영업,노래클럽,"인천광역시 부평구 경원대로1368번길 11, 지하1층 (부평동)",37.49059283124727,126.72106271868188,,2026-09-06,https://www.data.go.kr/data/15045018/fileData.do,https://file.localdata.go.kr/file/download/entertainment_bars/info,영업/정상,2026-05-07 22:48:04,2024-08-26 15:35:02,EPSG:5174 original transformed to EPSG:4326,official_coordinate,인천광역시,175261.782182629    ,443191.717010255    
3540000-102-2018-00002,메이저에이치오에프,유흥주점영업,기타,"인천광역시 부평구 경원대로1403번길 21, 동강 2빌딩 지하1층 (부평동)",37.492406414021424,126.7253657586707,,2026-09-06,https://www.data.go.kr/data/15045018/fileData.do,https://file.localdata.go.kr/file/download/entertainment_bars/info,영업/정상,2026-05-07 22:48:04,2026-03-23 09:29:48,EPSG:5174 original transformed to EPSG:4326,official_coordinate,인천광역시,175642.922861412    ,443391.878217594    
3540000-102-2018-00004,강남노래클럽,유흥주점영업,노래클럽,"인천광역시 부평구 시장로 31, 지하1층 (부평동)",37.49384800130761,126.7256976769463,,2026-09-06,https://www.data.go.kr/data/15045018/fileData.do,https://file.localdata.go.kr/file/download/entertainment_bars/info,영업/정상,2026-05-07 22:48:04,2025-09-12 15:31:31,EPSG:5174 original transformed to EPSG:4326,official_coordinate,인천광역시,175672.74496648     ,443551.791283986    
3540000-102-2018-00005,라운딩노래클럽,유흥주점영업,노래클럽,"인천광역시 부평구 대정로 72, 3층 일부호 (부평동)",37.493219999775086,126.72730570345504,,2026-09-06,https://www.data.go.kr/data/15045018/fileData.do,https://file.localdata.go.kr/file/download/entertainment_bars/info,영업/정상,2026-05-07 22:48:04,2021-02-19 15:43:10,EPSG:5174 original transformed to EPSG:4326,official_coordinate,인천광역시,175814.745654066    ,443481.675111075    
3540000-102-2019-00001,수,유흥주점영업,노래클럽,"인천광역시 부평구 시장로 82, 나동 지하1층 1호 (부평동)",37.49707741516649,126.7295969088243,,2026-09-06,https://www.data.go.kr/data/15045018/fileData.do,https://file.localdata.go.kr/file/download/entertainment_bars/info,영업/정상,2026-05-07 22:48:04,2024-11-29 14:40:47,EPSG:5174 original transformed to EPSG:4326,official_coordinate,인천광역시,176018.603782711    ,443909.214918303    
3540000-102-2019-00002,빙고노래뮤직클럽,유흥주점영업,노래클럽,"인천광역시 부평구 경원대로 1436, 3층 (부평동)",37.4908641136645,126.72851856194673,,2026-09-06,https://www.data.go.kr/data/15045018/fileData.do,https://file.localdata.go.kr/file/download/entertainment_bars/info,영업/정상,2026-05-07 22:48:05,2019-07-22 11:05:26,EPSG:5174 original transformed to EPSG:4326,official_coordinate,인천광역시,175921.245854022    ,443219.887977666    
3540000-102-2019-00003,궁노래광장,유흥주점영업,노래클럽,"인천광역시 부평구 부평대로 120, 2층 (부평동)",37.502197948484486,126.72206160393497,,2026-09-06,https://www.data.go.kr/data/15045018/fileData.do,https://file.localdata.go.kr/file/download/entertainment_bars/info,영업/정상,2026-05-07 22:48:05,2020-02-14 15:34:29,EPSG:5174 original transformed to EPSG:4326,official_coordinate,인천광역시,175353.944984432    ,444479.485741256    
3540000-102-2019-00004,지어이다국적노래클럽,유흥주점영업,노래클럽,"인천광역시 부평구 경원대로 1412, 타이콘스빌딩 지하1층 일부호 (부평동)",37.491045339381095,126.7259139371037,,2026-09-06,https://www.data.go.kr/data/15045018/fileData.do,https://file.localdata.go.kr/file/download/entertainment_bars/info,영업/정상,2026-05-07 22:48:05,2019-11-06 09:36:05,EPSG:5174 original transformed to EPSG:4326,official_coordinate,인천광역시,175690.958994939    ,443240.673020659    
3540000-102-2020-00001,썬노래광장,유흥주점영업,노래클럽,"인천광역시 부평구 대정로 30, 지하1층 일부호 (부평동)",37.496215956068916,126.72442984406152,,2026-09-06,https://www.data.go.kr/data/15045018/fileData.do,https://file.localdata.go.kr/file/download/entertainment_bars/info,영업/정상,2026-05-07 22:48:05,2025-12-11 11:58:18,EPSG:5174 original transformed to EPSG:4326,official_coordinate,인천광역시,175561.399421623    ,443814.935576303    
3540000-102-2023-00003,써니라이브,유흥주점영업,노래클럽,"인천광역시 부평구 시장로 69, 지하1층 일부 (부평동)",37.49650882571173,126.72842244793988,,2026-09-06,https://www.data.go.kr/data/15045018/fileData.do,https://file.localdata.go.kr/file/download/entertainment_bars/info,영업/정상,2026-05-07 22:48:06,2024-11-04 10:29:10,EPSG:5174 original transformed to EPSG:4326,official_coordinate,인천광역시,175914.56326652     ,443846.408851938    
3540000-102-2023-00004,샵노래클럽,유흥주점영업,노래클럽,"인천광역시 부평구 시장로12번길 8, 5층 일부 (부평동)",37.49183196146771,126.72485656597794,,2026-09-06,https://www.data.go.kr/data/15045018/fileData.do,https://file.localdata.go.kr/file/download/entertainment_bars/info,영업/정상,2026-05-07 22:48:06,2023-08-30 10:40:32,EPSG:5174 original transformed to EPSG:4326,official_coordinate,인천광역시,175597.704837713    ,443328.253009974    
3540000-102-2023-00005,샤인노래짱,유흥주점영업,노래클럽,"인천광역시 부평구 열우물로 20, 2층 (십정동)",37.470070700247035,126.7012542668903,,2026-09-06,https://www.data.go.kr/data/15045018/fileData.do,https://file.localdata.go.kr/file/download/entertainment_bars/info,영업/정상,2026-05-07 22:48:06,2023-10-11 16:16:00,EPSG:5174 original transformed to EPSG:4326,official_coordinate,인천광역시,173502.708306347    ,440919.410026561    
3540000-102-2023-00006,파인애플(PINEAPPLE),유흥주점영업,스텐드바,"인천광역시 부평구 시장로30번길 5, 부평테마프라자 1층 103, 104호 (부평동)",37.493327220488744,126.72623263014815,,2026-09-06,https://www.data.go.kr/data/15045018/fileData.do,https://file.localdata.go.kr/file/download/entertainment_bars/info,영업/정상,2026-05-07 22:48:06,2023-12-05 15:24:51,EPSG:5174 original transformed to EPSG:4326,official_coordinate,인천광역시,175719.883828419    ,443493.85229994     
3540000-102-2024-00001,포레스트(Forest),유흥주점영업,기타,"인천광역시 부평구 시장로 24, 2층 일부 (부평동)",37.49298365611176,126.7255843997633,,2026-09-06,https://www.data.go.kr/data/15045018/fileData.do,https://file.localdata.go.kr/file/download/entertainment_bars/info,영업/정상,2026-05-07 22:48:06,2024-08-05 13:57:07,EPSG:5174 original transformed to EPSG:4326,official_coordinate,인천광역시,175662.446257587    ,443455.888553713    
3540000-102-2026-00001,(주)세원바이오(질러스타 부평역지점),유흥주점영업,기타,"인천광역시 부평구 경원대로1403번길 6, 4층 (부평동)",37.49176364355202,126.7251353825027,,2026-09-06,https://www.data.go.kr/data/15045018/fileData.do,https://file.localdata.go.kr/file/download/entertainment_bars/info,영업/정상,2026-05-07 22:48:07,2026-01-26 16:56:15,EPSG:5174 original transformed to EPSG:4326,official_coordinate,인천광역시,175622.340014431    ,443320.598106153    
3540000-102-2026-00003,키스나이트클럽,유흥주점영업,기타,"인천광역시 부평구 시장로 47, 3층 (부평동)",37.49497978934182,126.72659998349224,,2026-09-06,https://www.data.go.kr/data/15045018/fileData.do,https://file.localdata.go.kr/file/download/entertainment_bars/info,영업/정상,2026-09-05 22:47:10,2026-09-04 16:24:28,EPSG:5174 original transformed to EPSG:4326,official_coordinate,인천광역시,175752.906110854    ,443677.172967998    
3540000-102-2009-00008,은하수노래클럽,유흥주점영업,룸살롱,"인천광역시 부평구 주부토로22번길 1 (부평동,외1필지)",37.49685487044024,126.72513673021022,,2026-09-06,https://www.data.go.kr/data/15045018/fileData.do,https://file.localdata.go.kr/file/download/entertainment_bars/info,영업/정상,2026-05-07 22:47:55,2025-07-17 17:29:56,EPSG:5174 original transformed to EPSG:4326,official_coordinate,인천광역시,175624.118204431    ,443885.663777762    
3540000-102-2009-00009,럭셔리빙고,유흥주점영업,룸살롱,인천광역시 부평구 부평동 155 외 1필지(3층) ,37.4923361,126.7259986,,2026-09-06,https://www.data.go.kr/data/15045018/fileData.do,https://file.localdata.go.kr/file/download/entertainment_bars/info,영업/정상,2026-05-07 22:47:55,2025-07-17 17:30:03,kakao_local_api:keyword,geocoded_kakao_keyword,인천광역시,,
3540000-102-2009-00010,빙고,유흥주점영업,룸살롱,"인천광역시 부평구 시장로20번길 18 (부평동,외1필지 (2층))",37.492328585312976,126.72600420877325,,2026-09-06,https://www.data.go.kr/data/15045018/fileData.do,https://file.localdata.go.kr/file/download/entertainment_bars/info,영업/정상,2026-05-07 22:47:55,2025-07-17 17:30:10,EPSG:5174 original transformed to EPSG:4326,official_coordinate,인천광역시,175699.359165012    ,443383.074721414    
3540000-102-2010-00001,디바,유흥주점영업,룸살롱,"인천광역시 부평구 주부토로 31-4 (부평동,지상2층)",37.497985865295696,126.72485975494244,,2026-09-06,https://www.data.go.kr/data/15045018/fileData.do,https://file.localdata.go.kr/file/download/entertainment_bars/info,영업/정상,2026-05-07 22:47:55,2025-07-17 17:30:17,EPSG:5174 original transformed to EPSG:4326,official_coordinate,인천광역시,175599.994177581    ,444011.262859289    
3540000-102-2010-00002,진선미노래바,유흥주점영업,노래클럽,"인천광역시 부평구 시장로 27 (부평동,외1필지(지하1호))",37.493527856066734,126.72551208737886,,2026-09-06,https://www.data.go.kr/data/15045018/fileData.do,https://file.localdata.go.kr/file/download/entertainment_bars/info,영업/정상,2026-05-07 22:47:55,2025-07-17 17:30:24,EPSG:5174 original transformed to EPSG:4326,official_coordinate,인천광역시,175656.228418234    ,443516.307053208    
3540000-102-2010-00004,럭셔리노래클럽,유흥주점영업,기타,"인천광역시 부평구 경원대로1377번길 9-1 (부평동,(2층))",37.49174401891089,126.72184197000193,,2026-09-06,https://www.data.go.kr/data/15045018/fileData.do,https://file.localdata.go.kr/file/download/entertainment_bars/info,영업/정상,2026-05-07 22:47:55,2023-06-29 16:05:15,EPSG:5174 original transformed to EPSG:4326,official_coordinate,인천광역시,175331.076814934    ,443319.280167518    
3540000-102-2010-00005,딸기노래클럽,유흥주점영업,노래클럽,"인천광역시 부평구 주부토로 32, 지하1층 (부평동)",37.49776421459257,126.7252408639866,,2026-09-06,https://www.data.go.kr/data/15045018/fileData.do,https://file.localdata.go.kr/file/download/entertainment_bars/info,영업/정상,2026-05-07 22:47:55,2025-07-17 17:30:33,EPSG:5174 original transformed to EPSG:4326,official_coordinate,인천광역시,175633.622993042    ,443986.563251889    
3540000-102-2010-00006,찬스노래클럽,유흥주점영업,기타,"인천광역시 부평구 주부토로 33 (부평동, 2층)",37.49811431669837,126.72487181251422,,2026-09-06,https://www.data.go.kr/data/15045018/fileData.do,https://file.localdata.go.kr/file/download/entertainment_bars/info,영업/정상,2026-05-07 22:47:56,2025-07-17 17:30:41,EPSG:5174 original transformed to EPSG:4326,official_coordinate,인천광역시,175601.102314662    ,444025.516322486    
3540000-102-2010-00008,별밤2부평점,유흥주점영업,기타,"인천광역시 부평구 시장로30번길 5 (부평동,외2필지(부평테마프라자지하1층))",37.493327220488744,126.72623263014815,,2026-09-06,https://www.data.go.kr/data/15045018/fileData.do,https://file.localdata.go.kr/file/download/entertainment_bars/info,영업/정상,2026-05-07 22:47:56,2025-07-17 17:30:48,EPSG:5174 original transformed to EPSG:4326,official_coordinate,인천광역시,175719.883828419    ,443493.85229994     
3540000-102-2010-00009,또와노래클럽,유흥주점영업,기타,"인천광역시 부평구 충선로 9 (부평동,(2층))",37.49190675077861,126.73133011769319,,2026-09-06,https://www.data.go.kr/data/15045018/fileData.do,https://file.localdata.go.kr/file/download/entertainment_bars/info,영업/정상,2026-05-07 22:47:56,2025-07-17 17:30:55,EPSG:5174 original transformed to EPSG:4326,official_coordinate,인천광역시,176170.224084781    ,443334.89099328     
3540000-102-2010-00011,원더풀,유흥주점영업,기타,"인천광역시 부평구 동암광장로14번길 4 (십정동,(스타플랙스401호))",37.47150719957193,126.7025642253107,,2026-09-06,https://www.data.go.kr/data/15045018/fileData.do,https://file.localdata.go.kr/file/download/entertainment_bars/info,영업/정상,2026-05-07 22:47:56,2023-08-21 16:24:22,EPSG:5174 original transformed to EPSG:4326,official_coordinate,인천광역시,173619.095588975    ,441078.475311908    
3540000-102-2010-00012,한국주점,유흥주점영업,기타,"인천광역시 부평구 주부토로 34 (부평동,외1필지(지하))",37.49796491890631,126.72523821588629,,2026-09-06,https://www.data.go.kr/data/15045018/fileData.do,https://file.localdata.go.kr/file/download/entertainment_bars/info,영업/정상,2026-05-07 22:47:56,2025-07-17 17:31:01,EPSG:5174 original transformed to EPSG:4326,official_coordinate,인천광역시,175633.454205916    ,444008.839759724    
3540000-102-2010-00013,뱅뱅노래클럽,유흥주점영업,기타,"인천광역시 부평구 부평문화로106번길 9 (부평동,(지하1층))",37.49389525157923,126.72807617478922,,2026-09-06,https://www.data.go.kr/data/15045018/fileData.do,https://file.localdata.go.kr/file/download/entertainment_bars/info,영업/정상,2026-05-07 22:47:56,2026-03-04 13:39:41,EPSG:5174 original transformed to EPSG:4326,official_coordinate,인천광역시,175883.099535316    ,443556.421876754    
3540000-102-2010-00014,누나(NUNA)노래클럽,유흥주점영업,기타,"인천광역시 부평구 시장로30번길 14 (부평동,외2필지(지하))",37.49289636728619,126.72646101458511,,2026-09-06,https://www.data.go.kr/data/15045018/fileData.do,https://file.localdata.go.kr/file/download/entertainment_bars/info,영업/정상,2026-05-07 22:47:56,2025-07-16 09:37:14,EPSG:5174 original transformed to EPSG:4326,official_coordinate,인천광역시,175739.941127648    ,443445.973660561    
3540000-102-2011-00003,투투 노래클럽,유흥주점영업,룸살롱,"인천광역시 부평구 경원대로 1444 (부평동,지하1층)",37.49065516664171,126.7291691590791,,2026-09-06,https://www.data.go.kr/data/15045018/fileData.do,https://file.localdata.go.kr/file/download/entertainment_bars/info,영업/정상,2026-05-07 22:47:57,2025-07-17 17:31:17,EPSG:5174 original transformed to EPSG:4326,official_coordinate,인천광역시,175978.715756466    ,443196.530696705    
3540000-102-2011-00004,금봉노래,유흥주점영업,기타,인천광역시 부평구 장제로 74 (부평동),37.492098109306326,126.73017877745674,,2026-09-06,https://www.data.go.kr/data/15045018/fileData.do,https://file.localdata.go.kr/file/download/entertainment_bars/info,영업/정상,2026-05-07 22:47:57,2025-07-17 17:31:24,EPSG:5174 original transformed to EPSG:4326,official_coordinate,인천광역시,176068.465409547    ,443356.422363393    
3540000-102-2011-00007,초콜렛,유흥주점영업,비어(바)살롱,"인천광역시 부평구 부평문화로 97 (부평동,(2층))",37.49445557591356,126.72720915500828,,2026-09-06,https://www.data.go.kr/data/15045018/fileData.do,https://file.localdata.go.kr/file/download/entertainment_bars/info,영업/정상,2026-06-09 03:03:03,2026-06-08 14:51:52,EPSG:5174 original transformed to EPSG:4326,official_coordinate,인천광역시,175806.607043196    ,443618.834319068    
3540000-102-2011-00010,여우,유흥주점영업,노래클럽,"인천광역시 부평구 경원대로1377번길 35 (부평동,지하1층 일부)",37.49291804932605,126.72212924237425,,2026-09-06,https://www.data.go.kr/data/15045018/fileData.do,https://file.localdata.go.kr/file/download/entertainment_bars/info,영업/정상,2026-05-07 22:47:58,2025-09-05 14:23:59,EPSG:5174 original transformed to EPSG:4326,official_coordinate,인천광역시,175356.868795265    ,443449.508200425    
3540000-102-2011-00011,파워노래클럽,유흥주점영업,기타,인천광역시 부평구 시장로12번길 5 (부평동),37.49212980804132,126.7248061159258,,2026-09-06,https://www.data.go.kr/data/15045018/fileData.do,https://file.localdata.go.kr/file/download/entertainment_bars/info,영업/정상,2026-05-07 22:47:58,2026-03-10 16:01:45,EPSG:5174 original transformed to EPSG:4326,official_coordinate,인천광역시,175593.340399239    ,443361.323559905    
3540000-102-2011-00012,꿀노래클럽,유흥주점영업,기타,"인천광역시 부평구 경원대로1403번길 13 (부평동,지하1층)",37.49199768708085,126.7250381812108,,2026-09-06,https://www.data.go.kr/data/15045018/fileData.do,https://file.localdata.go.kr/file/download/entertainment_bars/info,영업/정상,2026-05-07 22:47:58,2026-02-13 15:53:05,EPSG:5174 original transformed to EPSG:4326,official_coordinate,인천광역시,175613.820193784    ,443346.599402302    
3540000-102-2011-00013,딸기노래클럽,유흥주점영업,기타,"인천광역시 부평구 시장로 33 (부평동,외 1필지 한남시티프라자 지하1층 B01호)",37.49400663982469,126.72573845936763,,2026-09-06,https://www.data.go.kr/data/15045018/fileData.do,https://file.localdata.go.kr/file/download/entertainment_bars/info,영업/정상,2026-05-07 22:47:58,2025-07-17 17:31:55,EPSG:5174 original transformed to EPSG:4326,official_coordinate,인천광역시,175676.403086718    ,443569.387717134    
3540000-102-2011-00014,로즈 노래클럽,유흥주점영업,기타,"인천광역시 부평구 대정로 66 (부평동,외12필지 다운타운ELEVEN 108호)",37.49381022861012,126.72661763520233,,2026-09-06,https://www.data.go.kr/data/15045018/fileData.do,https://file.localdata.go.kr/file/download/entertainment_bars/info,영업/정상,2026-05-07 22:47:58,2025-12-16 13:47:15,EPSG:5174 original transformed to EPSG:4326,official_coordinate,인천광역시,175754.088026773    ,443547.360991255    
3540000-102-2011-00015,여우노래클럽,유흥주점영업,기타,"인천광역시 부평구 주부토로 26-1, 2층 일부호 (부평동)",37.49727672476873,126.72516549576629,,2026-09-06,https://www.data.go.kr/data/15045018/fileData.do,https://file.localdata.go.kr/file/download/entertainment_bars/info,영업/정상,2026-05-07 22:47:58,2023-05-09 14:58:45,EPSG:5174 original transformed to EPSG:4326,official_coordinate,인천광역시,175626.799404703    ,443932.477176761    
3540000-102-2011-00016,탄다국적노래클럽,유흥주점영업,기타,"인천광역시 부평구 경원대로 1404 (부평동,외5필지 그랑프리빙딩 2층(202호))",37.49078697295726,126.72522899984382,,2026-09-06,https://www.data.go.kr/data/15045018/fileData.do,https://file.localdata.go.kr/file/download/entertainment_bars/info,영업/정상,2026-05-07 22:47:58,2020-04-24 10:33:26,EPSG:5174 original transformed to EPSG:4326,official_coordinate,인천광역시,175630.301046614    ,443212.174965891    
3540000-102-2011-00018,태양 노래클럽,유흥주점영업,노래클럽,"인천광역시 부평구 주부토로 31-3 (부평동,2층 일부)",37.497783898436346,126.72483709910321,,2026-09-06,https://www.data.go.kr/data/15045018/fileData.do,https://file.localdata.go.kr/file/download/entertainment_bars/info,영업/정상,2026-05-07 22:47:58,2025-07-17 17:32:10,EPSG:5174 original transformed to EPSG:4326,official_coordinate,인천광역시,175597.924859829    ,443988.852799349    
3540000-102-2011-00019,놀자노래클럽,유흥주점영업,기타,"인천광역시 부평구 충선로 5 (부평동, 2층 일부)",37.49171741411446,126.73079653686023,,2026-09-06,https://www.data.go.kr/data/15045018/fileData.do,https://file.localdata.go.kr/file/download/entertainment_bars/info,영업/정상,2026-05-07 22:47:59,2025-07-17 17:32:18,EPSG:5174 original transformed to EPSG:4326,official_coordinate,인천광역시,176122.975917593    ,443314.012434963    
3540000-102-2011-00020,오빠,유흥주점영업,노래클럽,"인천광역시 부평구 시장로20번길 21 (부평동, 지상 2층 일부)",37.49254683624902,126.72632062313723,,2026-09-06,https://www.data.go.kr/data/15045018/fileData.do,https://file.localdata.go.kr/file/download/entertainment_bars/info,영업/정상,2026-05-07 22:47:59,2025-07-17 17:32:24,EPSG:5174 original transformed to EPSG:4326,official_coordinate,인천광역시,175727.412231959    ,443407.21614202     
3540000-102-2011-00021,사마,유흥주점영업,기타,"인천광역시 부평구 경원대로1403번길 33 (부평동, 신세계음향프라자 3층 303호)",37.492792093901045,126.72571477995697,,2026-09-06,https://www.data.go.kr/data/15045018/fileData.do,https://file.localdata.go.kr/file/download/entertainment_bars/info,영업/정상,2026-05-07 22:47:59,2025-07-17 17:32:33,EPSG:5174 original transformed to EPSG:4326,official_coordinate,인천광역시,175673.914103143    ,443434.593629393    
3540000-102-2011-00022,별노래클럽,유흥주점영업,기타,"인천광역시 부평구 장제로 53 (부평동, 2층)",37.490201420129445,126.72934939545516,,2026-09-06,https://www.data.go.kr/data/15045018/fileData.do,https://file.localdata.go.kr/file/download/entertainment_bars/info,영업/정상,2026-05-07 22:47:59,2025-08-21 17:13:30,EPSG:5174 original transformed to EPSG:4326,official_coordinate,인천광역시,175994.509812503    ,443146.124137674    
3540000-102-2011-00023,카라노래주점,유흥주점영업,기타,"인천광역시 부평구 부평문화로 111, 1층 (부평동)",37.494266662373704,126.72876811272224,,2026-09-06,https://www.data.go.kr/data/15045018/fileData.do,https://file.localdata.go.kr/file/download/entertainment_bars/info,영업/정상,2026-05-07 22:47:59,2025-07-17 17:32:58,EPSG:5174 original transformed to EPSG:4326,official_coordinate,인천광역시,175944.409553307    ,443597.466565947    
3540000-102-2012-00001,잘나가는빙고,유흥주점영업,기타,인천광역시 부평구 시장로20번길 18 (부평동),37.492328585312976,126.72600420877325,,2026-09-06,https://www.data.go.kr/data/15045018/fileData.do,https://file.localdata.go.kr/file/download/entertainment_bars/info,영업/정상,2026-05-07 22:47:59,2025-07-17 17:33:06,EPSG:5174 original transformed to EPSG:4326,official_coordinate,인천광역시,175699.359165012    ,443383.074721414    
3540000-102-2012-00003,쏠로,유흥주점영업,룸살롱,"인천광역시 부평구 시장로20번길 15 (부평동, 지하)",37.49256955215068,126.7259268810112,,2026-09-06,https://www.data.go.kr/data/15045018/fileData.do,https://file.localdata.go.kr/file/download/entertainment_bars/info,영업/정상,2026-08-14 22:47:10,2026-08-13 14:31:03,EPSG:5174 original transformed to EPSG:4326,official_coordinate,인천광역시,175692.598939677    ,443409.839200373    
3540000-102-1989-00006,필노래클럽,유흥주점영업,룸살롱,인천광역시 부평구 경원대로1377번길 53 (부평동),37.49368028539189,126.72202388849988,,2026-09-06,https://www.data.go.kr/data/15045018/fileData.do,https://file.localdata.go.kr/file/download/entertainment_bars/info,영업/정상,2026-05-07 22:47:40,2026-03-24 15:40:43,EPSG:5174 original transformed to EPSG:4326,official_coordinate,인천광역시,175347.80301755     ,443534.13504383     
3540000-102-1990-00009,에모이투(EMOIⅡ),유흥주점영업,룸살롱,인천광역시 부평구 부평대로 3 (부평동),37.491821406011276,126.72274510885957,,2026-09-06,https://www.data.go.kr/data/15045018/fileData.do,https://file.localdata.go.kr/file/download/entertainment_bars/info,영업/정상,2026-05-07 22:47:42,2025-07-17 17:22:57,EPSG:5174 original transformed to EPSG:4326,official_coordinate,인천광역시,175410.972397102    ,443327.632324844    
3540000-102-1996-00001,뮤즈,유흥주점영업,카바레,"인천광역시 부평구 장제로91번길 38, 지하1층 (부평동)",37.4937134694348,126.72761074838267,,2026-09-06,https://www.data.go.kr/data/15045018/fileData.do,https://file.localdata.go.kr/file/download/entertainment_bars/info,영업/정상,2026-05-07 22:47:42,2025-07-17 17:23:03,EPSG:5174 original transformed to EPSG:4326,official_coordinate,인천광역시,175841.881484762    ,443536.365866796    
3540000-102-1996-00005,110노래,유흥주점영업,스텐드바,인천광역시 부평구 백범로468번길 42 (십정동),37.470419883802165,126.7006437920054,,2026-09-06,https://www.data.go.kr/data/15045018/fileData.do,https://file.localdata.go.kr/file/download/entertainment_bars/info,영업/정상,2026-05-07 22:47:42,2025-07-17 17:23:11,EPSG:5174 original transformed to EPSG:4326,official_coordinate,인천광역시,173448.828417303    ,440958.337470951    
3540000-102-1998-00008,필노래짱,유흥주점영업,룸살롱,인천광역시 부평구 동암광장로 20 (십정동),37.47153956885914,126.70179015974487,,2026-09-06,https://www.data.go.kr/data/15045018/fileData.do,https://file.localdata.go.kr/file/download/entertainment_bars/info,영업/정상,2026-05-07 22:47:43,2025-09-05 13:35:55,EPSG:5174 original transformed to EPSG:4326,official_coordinate,인천광역시,173550.633125694    ,441082.285531441    
3540000-102-1999-00003,송이노래클럽,유흥주점영업,룸살롱,인천광역시 부평구 부평문화로 111-1 (부평동),37.49431690432329,126.72890375317789,,2026-09-06,https://www.data.go.kr/data/15045018/fileData.do,https://file.localdata.go.kr/file/download/entertainment_bars/info,영업/정상,2026-05-07 22:47:44,2023-02-23 15:49:08,EPSG:5174 original transformed to EPSG:4326,official_coordinate,인천광역시,175956.420820021    ,443603.008082512    
3540000-102-1999-00004,번개노래클럽,유흥주점영업,룸살롱,인천광역시 부평구 부평문화로 101 (부평동),37.4944350,126.7276981,,2026-09-06,https://www.data.go.kr/data/15045018/fileData.do,https://file.localdata.go.kr/file/download/entertainment_bars/info,영업/정상,2026-05-07 22:47:44,2024-01-02 16:33:31,kakao_local_api:address_road,geocoded_kakao_road,인천광역시,,
3540000-102-2021-00001,준투노래타운,유흥주점영업,노래클럽,"인천광역시 부평구 경원대로1403번길 21, 동강 2빌딩 3층 일부호 (부평동)",37.492406414021424,126.7253657586707,,2026-09-06,https://www.data.go.kr/data/15045018/fileData.do,https://file.localdata.go.kr/file/download/entertainment_bars/info,영업/정상,2026-05-07 22:48:05,2024-08-28 11:00:38,EPSG:5174 original transformed to EPSG:4326,official_coordinate,인천광역시,175642.922861412    ,443391.878217594    
3540000-102-2021-00002,킹마이웨이,유흥주점영업,기타,"인천광역시 부평구 부평대로 24, 가나베스트빌 14층 1403호 (부평동)",37.49355656985615,126.72332284784899,,2026-09-06,https://www.data.go.kr/data/15045018/fileData.do,https://file.localdata.go.kr/file/download/entertainment_bars/info,영업/정상,2026-05-07 22:48:05,2021-10-29 14:24:41,EPSG:5174 original transformed to EPSG:4326,official_coordinate,인천광역시,175462.634473627    ,443520.063822855    
3540000-102-2021-00003,퀸노래타운,유흥주점영업,노래클럽,"인천광역시 부평구 부평대로 24, 가나베스트빌 14층 1404호 (부평동)",37.49355656985615,126.72332284784899,,2026-09-06,https://www.data.go.kr/data/15045018/fileData.do,https://file.localdata.go.kr/file/download/entertainment_bars/info,영업/정상,2026-05-07 22:48:05,2021-10-29 14:28:04,EPSG:5174 original transformed to EPSG:4326,official_coordinate,인천광역시,175462.634473627    ,443520.063822855    
3540000-102-2022-00001,바운스 뮤직뱅크,유흥주점영업,노래클럽,"인천광역시 부평구 시장로12번길 6, 2층 (부평동)",37.491920512356685,126.72470033853935,,2026-09-06,https://www.data.go.kr/data/15045018/fileData.do,https://file.localdata.go.kr/file/download/entertainment_bars/info,영업/정상,2026-05-07 22:48:06,2022-11-25 16:50:55,EPSG:5174 original transformed to EPSG:4326,official_coordinate,인천광역시,175583.917595904    ,443338.121722033    
3540000-102-2023-00001,아지트노래클럽,유흥주점영업,노래클럽,"인천광역시 부평구 시장로 76, 지하1층 (부평동)",37.49655107101852,126.72923697887965,,2026-09-06,https://www.data.go.kr/data/15045018/fileData.do,https://file.localdata.go.kr/file/download/entertainment_bars/info,영업/정상,2026-05-07 22:48:06,2023-03-08 11:51:56,EPSG:5174 original transformed to EPSG:4326,official_coordinate,인천광역시,175986.606245278    ,443850.888923728    
3540000-102-2023-00002,논다노래타운 인천부평점,유흥주점영업,노래클럽,"인천광역시 부평구 경원대로1403번길 6, 3층 (부평동)",37.49176364355202,126.7251353825027,,2026-09-06,https://www.data.go.kr/data/15045018/fileData.do,https://file.localdata.go.kr/file/download/entertainment_bars/info,영업/정상,2026-05-07 22:48:06,2023-07-12 15:12:53,EPSG:5174 original transformed to EPSG:4326,official_coordinate,인천광역시,175622.340014431    ,443320.598106153    
3540000-102-2012-00004,콜라,유흥주점영업,룸살롱,"인천광역시 부평구 시장로20번길 16, 지하1층 (부평동)",37.49238795115667,126.72582244529144,,2026-09-06,https://www.data.go.kr/data/15045018/fileData.do,https://file.localdata.go.kr/file/download/entertainment_bars/info,영업/정상,2026-08-15 22:47:10,2026-08-14 09:31:21,EPSG:5174 original transformed to EPSG:4326,official_coordinate,인천광역시,175683.304119845    ,443389.710684945    
3540000-102-2012-00005,샤인노래주점,유흥주점영업,룸살롱,"인천광역시 부평구 주부토로 18, 2층 (부평동)",37.496639479924,126.72457898821945,,2026-09-06,https://www.data.go.kr/data/15045018/fileData.do,https://file.localdata.go.kr/file/download/entertainment_bars/info,영업/정상,2026-05-07 22:47:59,2025-07-17 17:33:28,EPSG:5174 original transformed to EPSG:4326,official_coordinate,인천광역시,175574.726666649    ,443861.902924594    
3540000-102-2012-00006,가왕,유흥주점영업,기타,"인천광역시 부평구 대정로 75, 1층 (부평동)",37.493191977723015,126.72791392937691,,2026-09-06,https://www.data.go.kr/data/15045018/fileData.do,https://file.localdata.go.kr/file/download/entertainment_bars/info,영업/정상,2026-05-07 22:47:59,2025-12-30 11:27:57,EPSG:5174 original transformed to EPSG:4326,official_coordinate,인천광역시,175868.524725761    ,443478.408493085    
3540000-102-2012-00007,비초노래클럽,유흥주점영업,기타,"인천광역시 부평구 시장로 18, 지하1층 (부평동)",37.49253768490676,126.7250510265054,,2026-09-06,https://www.data.go.kr/data/15045018/fileData.do,https://file.localdata.go.kr/file/download/entertainment_bars/info,영업/정상,2026-07-15 22:47:10,2025-07-17 17:33:41,EPSG:5174 original transformed to EPSG:4326,official_coordinate,인천광역시,175615.132186134    ,443406.529422978    
3540000-102-2012-00009,110투유흥주점,유흥주점영업,기타,"인천광역시 부평구 열우물로 43-1, 지하1층 (십정동)",37.47193799262715,126.70055292415559,,2026-09-06,https://www.data.go.kr/data/15045018/fileData.do,https://file.localdata.go.kr/file/download/entertainment_bars/info,영업/정상,2026-05-07 22:47:59,2025-07-17 17:33:48,EPSG:5174 original transformed to EPSG:4326,official_coordinate,인천광역시,173441.3285239      ,441126.854725965    
3540000-102-2012-00010,씽씽노래클럽,유흥주점영업,노래클럽,"인천광역시 부평구 대정로 53, 2층 (부평동)",37.49476867011177,126.72640528421321,,2026-09-06,https://www.data.go.kr/data/15045018/fileData.do,https://file.localdata.go.kr/file/download/entertainment_bars/info,영업/정상,2026-05-07 22:47:59,2025-07-17 17:33:55,EPSG:5174 original transformed to EPSG:4326,official_coordinate,인천광역시,175735.619915763    ,443653.791527939    
3540000-102-2012-00011,병태야병태라이브,유흥주점영업,기타,인천광역시 부평구 시장로 47 (부평동),37.49497978934182,126.72659998349224,,2026-09-06,https://www.data.go.kr/data/15045018/fileData.do,https://file.localdata.go.kr/file/download/entertainment_bars/info,영업/정상,2026-05-07 22:47:59,2025-07-17 17:34:01,EPSG:5174 original transformed to EPSG:4326,official_coordinate,인천광역시,175752.906110854    ,443677.172967998    
3540000-102-2012-00012,여궁,유흥주점영업,기타,인천광역시 부평구 열우물로 39 (십정동),37.471628153153624,126.7008047028908,,2026-09-06,https://www.data.go.kr/data/15045018/fileData.do,https://file.localdata.go.kr/file/download/entertainment_bars/info,영업/정상,2026-05-07 22:47:59,2025-10-31 14:23:40,EPSG:5174 original transformed to EPSG:4326,official_coordinate,인천광역시,173463.490967337    ,441092.39517759     
3540000-102-2013-00001,타임 노래바,유흥주점영업,기타,인천광역시 부평구 시장로30번길 23 (부평동),37.49327634889522,126.72687715567619,,2026-09-06,https://www.data.go.kr/data/15045018/fileData.do,https://file.localdata.go.kr/file/download/entertainment_bars/info,영업/정상,2026-05-07 22:48:00,2025-12-09 11:50:29,EPSG:5174 original transformed to EPSG:4326,official_coordinate,인천광역시,175776.865521983    ,443488.039674142    
3540000-102-2013-00003,와와노래주점,유흥주점영업,기타,인천광역시 부평구 경원대로1377번길 41 (부평동),37.4931138262805,126.72210547902566,,2026-09-06,https://www.data.go.kr/data/15045018/fileData.do,https://file.localdata.go.kr/file/download/entertainment_bars/info,영업/정상,2026-05-07 22:48:01,2025-07-31 13:38:35,EPSG:5174 original transformed to EPSG:4326,official_coordinate,인천광역시,175354.831781194    ,443471.243362691    
3540000-102-2013-00004,제우스노래클럽,유흥주점영업,기타,인천광역시 부평구 대정로 75 (부평동),37.493191977723015,126.72791392937691,,2026-09-06,https://www.data.go.kr/data/15045018/fileData.do,https://file.localdata.go.kr/file/download/entertainment_bars/info,영업/정상,2026-05-07 22:48:01,2023-04-05 11:27:40,EPSG:5174 original transformed to EPSG:4326,official_coordinate,인천광역시,175868.524725761    ,443478.408493085    
3540000-102-2013-00005,킹노래클럽,유흥주점영업,기타,인천광역시 부평구 광장로30번길 66 (부평동),37.49033921448725,126.72814072796643,,2026-09-06,https://www.data.go.kr/data/15045018/fileData.do,https://file.localdata.go.kr/file/download/entertainment_bars/info,영업/정상,2026-05-07 22:48:01,2025-07-31 13:38:45,EPSG:5174 original transformed to EPSG:4326,official_coordinate,인천광역시,175887.662105895    ,443161.727374855    
3540000-102-2013-00008,키스노래클럽,유흥주점영업,룸살롱,인천광역시 부평구 시장로 46 (부평동),37.49458233452796,126.72711376393622,,2026-09-06,https://www.data.go.kr/data/15045018/fileData.do,https://file.localdata.go.kr/file/download/entertainment_bars/info,영업/정상,2026-05-07 22:48:01,2025-07-31 13:38:52,EPSG:5174 original transformed to EPSG:4326,official_coordinate,인천광역시,175798.212336989    ,443632.927612711    
3540000-102-2014-00001,고추밭,유흥주점영업,간이주점,"인천광역시 부평구 경원대로1403번길 6, 지하1층 (부평동)",37.49176364355202,126.7251353825027,,2026-09-06,https://www.data.go.kr/data/15045018/fileData.do,https://file.localdata.go.kr/file/download/entertainment_bars/info,영업/정상,2026-05-07 22:48:01,2024-11-22 15:37:57,EPSG:5174 original transformed to EPSG:4326,official_coordinate,인천광역시,175622.340014431    ,443320.598106153    
3540000-102-2014-00002,파티노래바,유흥주점영업,노래클럽,"인천광역시 부평구 경원대로 1417, 지하1층 (부평동)",37.491433155093354,126.72664745759147,,2026-09-06,https://www.data.go.kr/data/15045018/fileData.do,https://file.localdata.go.kr/file/download/entertainment_bars/info,영업/정상,2026-05-07 22:48:01,2023-05-23 14:44:48,EPSG:5174 original transformed to EPSG:4326,official_coordinate,인천광역시,175755.955013679    ,443283.526304448    
3540000-102-2014-00003,레드노래클럽,유흥주점영업,기타,"인천광역시 부평구 시장로 12, 지하1층 (부평동)",37.492246132325455,126.72480726252347,,2026-09-06,https://www.data.go.kr/data/15045018/fileData.do,https://file.localdata.go.kr/file/download/entertainment_bars/info,영업/정상,2026-05-07 22:48:01,2024-11-06 16:20:44,EPSG:5174 original transformed to EPSG:4326,official_coordinate,인천광역시,175593.479747658    ,443374.233878227    
3540000-102-2014-00004,늑대와여우노래주점,유흥주점영업,룸살롱,"인천광역시 부평구 열우물로 35-1, 지하1층 (십정동)",37.47133111647314,126.70109298403301,,2026-09-06,https://www.data.go.kr/data/15045018/fileData.do,https://file.localdata.go.kr/file/download/entertainment_bars/info,영업/정상,2026-05-07 22:48:01,2020-01-03 16:39:05,EPSG:5174 original transformed to EPSG:4326,official_coordinate,인천광역시,173488.887141462    ,441059.346344791    
3540000-102-2014-00005,케이(K)다국적노래클럽,유흥주점영업,룸살롱,"인천광역시 부평구 경원대로1377번길 23, 지하1층 (부평동)",37.4923479331755,126.72212407896046,,2026-09-06,https://www.data.go.kr/data/15045018/fileData.do,https://file.localdata.go.kr/file/download/entertainment_bars/info,영업/정상,2026-05-07 22:48:01,2024-02-02 10:25:21,EPSG:5174 original transformed to EPSG:4326,official_coordinate,인천광역시,175356.224376565    ,443386.233413741    
3540000-102-2014-00006,플러팅 노래클럽,유흥주점영업,룸살롱,"인천광역시 부평구 대정로 66, 124호 (부평동, 다운타운일레븐)",37.49381022861012,126.72661763520233,,2026-09-06,https://www.data.go.kr/data/15045018/fileData.do,https://file.localdata.go.kr/file/download/entertainment_bars/info,영업/정상,2026-05-07 22:48:01,2025-10-17 15:40:11,EPSG:5174 original transformed to EPSG:4326,official_coordinate,인천광역시,175754.088026773    ,443547.360991255    
3540000-102-1973-00001,로또 노래클럽,유흥주점영업,룸살롱,인천광역시 부평구 부평대로 44 (부평동),37.49543283665926,126.7230449178143,,2026-09-06,https://www.data.go.kr/data/15045018/fileData.do,https://file.localdata.go.kr/file/download/entertainment_bars/info,영업/정상,2026-05-08 03:03:03,2026-05-07 13:34:40,EPSG:5174 original transformed to EPSG:4326,official_coordinate,인천광역시,175438.672020002    ,443728.379952246    
3540000-102-1975-00001,챠밍노래클럽,유흥주점영업,노래클럽,인천광역시 부평구 부평문화로 54 (부평동),37.49377729329611,126.7223036554857,,2026-09-06,https://www.data.go.kr/data/15045018/fileData.do,https://file.localdata.go.kr/file/download/entertainment_bars/info,영업/정상,2026-05-07 22:47:25,2025-07-17 17:21:45,EPSG:5174 original transformed to EPSG:4326,official_coordinate,인천광역시,175372.575835967    ,443544.828356205    
3540000-102-1979-00001,꼭지노래클럽,유흥주점영업,룸살롱,인천광역시 부평구 시장로 38 (부평동),37.49393412528081,126.72644110515428,,2026-09-06,https://www.data.go.kr/data/15045018/fileData.do,https://file.localdata.go.kr/file/download/entertainment_bars/info,영업/정상,2026-05-07 22:47:31,2025-07-17 17:21:54,EPSG:5174 original transformed to EPSG:4326,official_coordinate,인천광역시,175738.516997063    ,443561.157658429    
3540000-102-1981-00002,여우케이티비(KTV)노래클럽,유흥주점영업,기타,인천광역시 부평구 부평대로32번길 7 (부평동),37.494426436022714,126.72346025799945,,2026-09-06,https://www.data.go.kr/data/15045018/fileData.do,https://file.localdata.go.kr/file/download/entertainment_bars/info,영업/정상,2026-05-07 22:47:33,2025-07-17 17:22:02,EPSG:5174 original transformed to EPSG:4326,official_coordinate,인천광역시,175475.071376085    ,443616.572784997    
3540000-102-1981-00003,삼정노래짱,유흥주점영업,룸살롱,"인천광역시 부평구 열우물로 45 (십정동, 지하1층 일부)",37.47209884416309,126.70043238848558,,2026-09-06,https://www.data.go.kr/data/15045018/fileData.do,https://file.localdata.go.kr/file/download/entertainment_bars/info,영업/정상,2026-05-07 22:47:33,2025-07-17 17:22:09,EPSG:5174 original transformed to EPSG:4326,official_coordinate,인천광역시,173430.723060784    ,441144.741366872    
3540000-102-1983-00003,올인노래클럽,유흥주점영업,룸살롱,인천광역시 부평구 경원대로1377번길 47 (부평동),37.493555312734635,126.72204462622416,,2026-09-06,https://www.data.go.kr/data/15045018/fileData.do,https://file.localdata.go.kr/file/download/entertainment_bars/info,영업/정상,2026-05-07 22:47:34,2025-07-17 17:22:16,EPSG:5174 original transformed to EPSG:4326,official_coordinate,인천광역시,175349.59575731     ,443520.259111697    
3540000-102-1983-00006,와,유흥주점영업,룸살롱,인천광역시 부평구 부평대로 40 (부평동),37.49492928672694,126.7230334190454,,2026-09-06,https://www.data.go.kr/data/15045018/fileData.do,https://file.localdata.go.kr/file/download/entertainment_bars/info,영업/정상,2026-05-07 22:47:36,2025-07-17 17:22:24,EPSG:5174 original transformed to EPSG:4326,official_coordinate,인천광역시,175437.489826309    ,443672.494857462    
3540000-102-1985-00002,대박노래,유흥주점영업,노래클럽,인천광역시 부평구 부평대로32번길 2 (부평동),37.49422626718012,126.7231826053257,,2026-09-06,https://www.data.go.kr/data/15045018/fileData.do,https://file.localdata.go.kr/file/download/entertainment_bars/info,영업/정상,2026-05-07 22:47:38,2025-07-17 17:22:30,EPSG:5174 original transformed to EPSG:4326,official_coordinate,인천광역시,175450.452026266    ,443594.428969808    
3540000-102-1986-00008,뉴머슴,유흥주점영업,룸살롱,인천광역시 부평구 경원대로1354번길 11 (부평동),37.49055384263444,126.71957523358147,,2026-09-06,https://www.data.go.kr/data/15045018/fileData.do,https://file.localdata.go.kr/file/download/entertainment_bars/info,영업/정상,2026-05-07 22:47:40,2025-07-17 17:22:37,EPSG:5174 original transformed to EPSG:4326,official_coordinate,인천광역시,175130.219702202    ,443187.782659008    
3540000-102-1987-00001,나인노래클럽,유흥주점영업,룸살롱,인천광역시 부평구 부평동 182-8 ,37.49092412217847,126.72669583174354,,2026-09-06,https://www.data.go.kr/data/15045018/fileData.do,https://file.localdata.go.kr/file/download/entertainment_bars/info,영업/정상,2026-05-07 22:47:40,2025-07-17 17:22:44,EPSG:5174 original transformed to EPSG:4326,official_coordinate,인천광역시,175760.068132581    ,443227.017208673    
3540000-102-1999-00007,레드노래클럽,유흥주점영업,노래클럽,인천광역시 부평구 경원대로1377번길 45-11 (부평동),37.49322144831746,126.72158657563253,,2026-09-06,https://www.data.go.kr/data/15045018/fileData.do,https://file.localdata.go.kr/file/download/entertainment_bars/info,영업/정상,2026-05-07 22:47:45,2025-07-17 17:23:31,EPSG:5174 original transformed to EPSG:4326,official_coordinate,인천광역시,175308.978304889    ,443483.324463814    
3540000-102-1999-00013,더샵짱(the#짱),유흥주점영업,룸살롱,인천광역시 부평구 열우물로49번길 11-1 (십정동),37.47182700549619,126.70038740846293,,2026-09-06,https://www.data.go.kr/data/15045018/fileData.do,https://file.localdata.go.kr/file/download/entertainment_bars/info,영업/정상,2026-05-07 22:47:46,2025-07-17 17:23:37,EPSG:5174 original transformed to EPSG:4326,official_coordinate,인천광역시,173426.647693096    ,441114.583304996    
3540000-102-1999-00015,술마시는명품노래짱,유흥주점영업,룸살롱,인천광역시 부평구 열우물로25번길 4 (십정동),37.47079255681473,126.70108819084729,,2026-09-06,https://www.data.go.kr/data/15045018/fileData.do,https://file.localdata.go.kr/file/download/entertainment_bars/info,영업/정상,2026-05-07 22:47:46,2025-07-17 17:23:45,EPSG:5174 original transformed to EPSG:4326,official_coordinate,인천광역시,173488.272474013    ,440999.574142234    
3540000-102-1999-00016,술마시는킹노래주점,유흥주점영업,카바레,인천광역시 부평구 백범로468번길 42 (십정동),37.470419883802165,126.7006437920054,,2026-09-06,https://www.data.go.kr/data/15045018/fileData.do,https://file.localdata.go.kr/file/download/entertainment_bars/info,영업/정상,2026-05-07 22:47:46,2025-07-17 17:23:52,EPSG:5174 original transformed to EPSG:4326,official_coordinate,인천광역시,173448.828417303    ,440958.337470951    
3540000-102-1999-00018,사운드(SOUND),유흥주점영업,고고(디스코)클럽,인천광역시 부평구 경원대로1403번길 33 (부평동),37.492792093901045,126.72571477995697,,2026-09-06,https://www.data.go.kr/data/15045018/fileData.do,https://file.localdata.go.kr/file/download/entertainment_bars/info,영업/정상,2026-05-07 22:47:46,2025-07-17 17:23:59,EPSG:5174 original transformed to EPSG:4326,official_coordinate,인천광역시,175673.914103143    ,443434.593629393    
3540000-102-2000-00003,물레방아노래클럽,유흥주점영업,룸살롱,인천광역시 부평구 시장로 68 (부평동),37.496091057906064,126.72865084498248,,2026-09-06,https://www.data.go.kr/data/15045018/fileData.do,https://file.localdata.go.kr/file/download/entertainment_bars/info,영업/정상,2026-05-07 22:47:47,2025-07-17 17:24:05,EPSG:5174 original transformed to EPSG:4326,official_coordinate,인천광역시,175934.626134879    ,443799.982978545    
3540000-102-2000-00004,Queen(퀸)노래클럽,유흥주점영업,룸살롱,인천광역시 부평구 부평대로20번길 4 (부평동),37.49301007293211,126.72346503021885,,2026-09-06,https://www.data.go.kr/data/15045018/fileData.do,https://file.localdata.go.kr/file/download/entertainment_bars/info,영업/정상,2026-05-07 22:47:47,2026-04-24 15:40:12,EPSG:5174 original transformed to EPSG:4326,official_coordinate,인천광역시,175475.029082885    ,443459.3719825      
3540000-102-2000-00005,벤허노래클럽,유흥주점영업,룸살롱,인천광역시 부평구 장제로91번길 4 (부평동),37.4937557640436,126.72960184462816,,2026-09-06,https://www.data.go.kr/data/15045018/fileData.do,https://file.localdata.go.kr/file/download/entertainment_bars/info,영업/정상,2026-05-07 22:47:47,2025-12-23 10:43:49,EPSG:5174 original transformed to EPSG:4326,official_coordinate,인천광역시,176017.975336986    ,443540.549601775    
3540000-102-2000-00006,명품차(名品車)노래클럽,유흥주점영업,기타,인천광역시 부평구 부평문화로 114 (부평동),37.49404123586969,126.72892301665776,,2026-09-06,https://www.data.go.kr/data/15045018/fileData.do,https://file.localdata.go.kr/file/download/entertainment_bars/info,영업/정상,2026-05-23 03:03:03,2026-05-22 10:32:49,EPSG:5174 original transformed to EPSG:4326,official_coordinate,인천광역시,175958.0357527      ,443572.407211853    
3540000-102-2000-00007,큐브 노래타운,유흥주점영업,룸살롱,"인천광역시 부평구 시장로12번길 8 (부평동,지하1층)",37.49183196146771,126.72485656597794,,2026-09-06,https://www.data.go.kr/data/15045018/fileData.do,https://file.localdata.go.kr/file/download/entertainment_bars/info,영업/정상,2026-05-07 22:47:47,2025-07-24 17:27:01,EPSG:5174 original transformed to EPSG:4326,official_coordinate,인천광역시,175597.704837713    ,443328.253009974    
3540000-102-2000-00008,휘 노래클럽,유흥주점영업,스텐드바,인천광역시 부평구 부평문화로 103 (부평동),37.494366618073,126.72785337596885,,2026-09-06,https://www.data.go.kr/data/15045018/fileData.do,https://file.localdata.go.kr/file/download/entertainment_bars/info,영업/정상,2026-06-19 03:03:03,2026-06-18 15:39:39,EPSG:5174 original transformed to EPSG:4326,official_coordinate,인천광역시,175863.548713749    ,443608.795236933    
3540000-102-2000-00009,슈퍼맨,유흥주점영업,룸살롱,인천광역시 부평구 시장로 30 (부평동),37.49349532009543,126.72601204692279,,2026-09-06,https://www.data.go.kr/data/15045018/fileData.do,https://file.localdata.go.kr/file/download/entertainment_bars/info,영업/정상,2026-05-07 22:47:47,2026-03-16 14:22:00,EPSG:5174 original transformed to EPSG:4326,official_coordinate,인천광역시,175700.431306088    ,443512.566433022    
3540000-102-2000-00011,프린스노래클럽,유흥주점영업,룸살롱,인천광역시 부평구 시장로 46 (부평동),37.49458233452796,126.72711376393622,,2026-09-06,https://www.data.go.kr/data/15045018/fileData.do,https://file.localdata.go.kr/file/download/entertainment_bars/info,영업/정상,2026-05-07 22:47:47,2025-07-17 17:24:45,EPSG:5174 original transformed to EPSG:4326,official_coordinate,인천광역시,175798.212336989    ,443632.927612711    
3540000-102-2000-00015,왕과비,유흥주점영업,룸살롱,인천광역시 부평구 경원대로 1440 (부평동),37.49080942102017,126.7288320825119,,2026-09-06,https://www.data.go.kr/data/15045018/fileData.do,https://file.localdata.go.kr/file/download/entertainment_bars/info,영업/정상,2026-05-07 22:47:47,2025-07-17 17:24:52,EPSG:5174 original transformed to EPSG:4326,official_coordinate,인천광역시,175948.955153505    ,443213.737388439    
3540000-102-2000-00017,짝노래바,유흥주점영업,룸살롱,인천광역시 부평구 부평대로 131 (부평동),37.503082605406526,126.72131672896323,,2026-09-06,https://www.data.go.kr/data/15045018/fileData.do,https://file.localdata.go.kr/file/download/entertainment_bars/info,영업/정상,2026-05-07 22:47:48,2025-07-17 17:25:01,EPSG:5174 original transformed to EPSG:4326,official_coordinate,인천광역시,175288.372580651    ,444577.868176206    
3540000-102-2000-00019,하와이노래클럽,유흥주점영업,룸살롱,인천광역시 부평구 시장로 83 (부평동),37.497442786048055,126.72934291792292,,2026-09-06,https://www.data.go.kr/data/15045018/fileData.do,https://file.localdata.go.kr/file/download/entertainment_bars/info,영업/정상,2026-05-07 22:47:48,2025-07-17 17:25:08,EPSG:5174 original transformed to EPSG:4326,official_coordinate,인천광역시,175996.260653094    ,443949.831697908    
3540000-102-2000-00020,달밤노래주점7080,유흥주점영업,노래클럽,인천광역시 부평구 부평대로 118 (부평동),37.50213268668364,126.72216319040778,,2026-09-06,https://www.data.go.kr/data/15045018/fileData.do,https://file.localdata.go.kr/file/download/entertainment_bars/info,영업/정상,2026-05-07 22:47:48,2025-07-17 17:25:14,EPSG:5174 original transformed to EPSG:4326,official_coordinate,인천광역시,175362.906153024    ,444472.215776342    
3540000-102-2000-00023,민속주점 차차차,유흥주점영업,기타,인천광역시 부평구 대정로 38-1 (부평동),37.49558976481796,126.72501036238728,,2026-09-06,https://www.data.go.kr/data/15045018/fileData.do,https://file.localdata.go.kr/file/download/entertainment_bars/info,영업/정상,2026-05-07 22:47:49,2025-07-17 17:25:21,EPSG:5174 original transformed to EPSG:4326,official_coordinate,인천광역시,175612.531031158    ,443745.284775172    
3540000-102-2000-00029,코코노래바,유흥주점영업,룸살롱,인천광역시 부평구 동암광장로14번길 6 (십정동),37.47163617133758,126.70257194197396,,2026-09-06,https://www.data.go.kr/data/15045018/fileData.do,https://file.localdata.go.kr/file/download/entertainment_bars/info,영업/정상,2026-05-07 22:47:49,2025-07-17 17:25:28,EPSG:5174 original transformed to EPSG:4326,official_coordinate,인천광역시,173619.823639176    ,441092.787439317    
3540000-102-2000-00030,앵콜노래짱,유흥주점영업,룸살롱,인천광역시 부평구 열우물로 43 (십정동),37.47177805609296,126.70068510299183,,2026-09-06,https://www.data.go.kr/data/15045018/fileData.do,https://file.localdata.go.kr/file/download/entertainment_bars/info,영업/정상,2026-05-07 22:47:49,2025-07-17 17:25:34,EPSG:5174 original transformed to EPSG:4326,official_coordinate,인천광역시,173452.964308923    ,441109.066363563    
3540000-102-2000-00032,짝,유흥주점영업,룸살롱,인천광역시 부평구 열우물로 37 (십정동),37.47148342816493,126.70092472141548,,2026-09-06,https://www.data.go.kr/data/15045018/fileData.do,https://file.localdata.go.kr/file/download/entertainment_bars/info,영업/정상,2026-05-07 22:47:49,2025-07-17 17:25:41,EPSG:5174 original transformed to EPSG:4326,official_coordinate,인천광역시,173474.05653395     ,441076.298576812    
3540000-102-2000-00035,웰컴,유흥주점영업,룸살롱,인천광역시 부평구 주부토로 23 (부평동),37.49723968244144,126.72477194648714,,2026-09-06,https://www.data.go.kr/data/15045018/fileData.do,https://file.localdata.go.kr/file/download/entertainment_bars/info,영업/정상,2026-05-07 22:47:49,2025-07-17 17:25:50,EPSG:5174 original transformed to EPSG:4326,official_coordinate,인천광역시,175591.985892895    ,443928.468158311    
3540000-102-2000-00036,백악관,유흥주점영업,룸살롱,인천광역시 부평구 경원대로 1413 (부평동),37.49147824623848,126.72607079036266,,2026-09-06,https://www.data.go.kr/data/15045018/fileData.do,https://file.localdata.go.kr/file/download/entertainment_bars/info,영업/정상,2026-05-07 22:47:49,2025-07-17 17:25:56,EPSG:5174 original transformed to EPSG:4326,official_coordinate,인천광역시,175704.971204079    ,443288.679942965    
3540000-102-2001-00002,판도라노래클럽,유흥주점영업,노래클럽,인천광역시 부평구 부평문화로106번길 6 (부평동),37.49394704705142,126.72778617049327,,2026-09-06,https://www.data.go.kr/data/15045018/fileData.do,https://file.localdata.go.kr/file/download/entertainment_bars/info,영업/정상,2026-05-07 22:47:49,2025-07-17 17:26:02,EPSG:5174 original transformed to EPSG:4326,official_coordinate,인천광역시,175857.470118549    ,443562.245095084    
3540000-102-2001-00009,발리노래클럽,유흥주점영업,룸살롱,인천광역시 부평구 장제로 154 (부평동),37.49919900223871,126.73080668228016,,2026-09-06,https://www.data.go.kr/data/15045018/fileData.do,https://file.localdata.go.kr/file/download/entertainment_bars/info,영업/정상,2026-05-07 22:47:49,2025-07-17 17:26:09,EPSG:5174 original transformed to EPSG:4326,official_coordinate,인천광역시,176126.261104098    ,444144.377785037    
3540000-102-2001-00010,노블(NOBLE),유흥주점영업,룸살롱,인천광역시 부평구 경원대로1377번길 9-6 (부평동),37.49194221632344,126.7216943887244,,2026-09-06,https://www.data.go.kr/data/15045018/fileData.do,https://file.localdata.go.kr/file/download/entertainment_bars/info,영업/정상,2026-05-07 22:47:49,2025-07-17 17:26:17,EPSG:5174 original transformed to EPSG:4326,official_coordinate,인천광역시,175318.090675109    ,443341.316514045    
3540000-102-2001-00011,희락,유흥주점영업,룸살롱,인천광역시 부평구 부흥로 344 (부평동),37.49778057450354,126.72960160899395,,2026-09-06,https://www.data.go.kr/data/15045018/fileData.do,https://file.localdata.go.kr/file/download/entertainment_bars/info,영업/정상,2026-05-07 22:47:49,2025-07-17 17:26:25,EPSG:5174 original transformed to EPSG:4326,official_coordinate,인천광역시,176019.244861001    ,443987.25612854     
3540000-102-2001-00018,수빈노래클럽,유흥주점영업,룸살롱,인천광역시 부평구 시장로 85 (부평동),37.49764323943739,126.72954075243435,,2026-09-06,https://www.data.go.kr/data/15045018/fileData.do,https://file.localdata.go.kr/file/download/entertainment_bars/info,영업/정상,2026-05-07 22:47:50,2025-07-17 17:26:31,EPSG:5174 original transformed to EPSG:4326,official_coordinate,인천광역시,176013.819331785    ,443972.029099246    
3540000-102-2002-00003,팡팡노래짱,유흥주점영업,룸살롱,인천광역시 부평구 열우물로49번길 11-13 (십정동),37.471406048100235,126.70074561640175,,2026-09-06,https://www.data.go.kr/data/15045018/fileData.do,https://file.localdata.go.kr/file/download/entertainment_bars/info,영업/정상,2026-05-07 22:47:51,2024-07-01 15:22:17,EPSG:5174 original transformed to EPSG:4326,official_coordinate,인천광역시,173458.185460363    ,441067.760912428    
3540000-102-2002-00006,KISS(키스),유흥주점영업,기타,인천광역시 부평구 경원대로1403번길 25 (부평동),37.492509900350655,126.72546317152202,,2026-09-06,https://www.data.go.kr/data/15045018/fileData.do,https://file.localdata.go.kr/file/download/entertainment_bars/info,영업/정상,2026-08-07 22:47:10,2026-08-06 17:03:50,EPSG:5174 original transformed to EPSG:4326,official_coordinate,인천광역시,175651.571285269    ,443403.338707611    
3540000-102-2002-00009,커플 노래짱,유흥주점영업,룸살롱,인천광역시 부평구 열우물로 41 (십정동),37.47170818475221,126.70074202894878,,2026-09-06,https://www.data.go.kr/data/15045018/fileData.do,https://file.localdata.go.kr/file/download/entertainment_bars/info,영업/정상,2026-05-07 22:47:51,2025-07-17 17:26:47,EPSG:5174 original transformed to EPSG:4326,official_coordinate,인천광역시,173457.975200464    ,441101.295413137    
3540000-102-2002-00011,배트맨 노래방가 주점,유흥주점영업,노래클럽,인천광역시 부평구 백범로468번길 38 (십정동),37.470163303456616,126.7005023903475,,2026-09-06,https://www.data.go.kr/data/15045018/fileData.do,https://file.localdata.go.kr/file/download/entertainment_bars/info,영업/정상,2026-05-07 22:47:52,2025-07-17 17:26:54,EPSG:5174 original transformed to EPSG:4326,official_coordinate,인천광역시,173436.228824659    ,440929.900151313    
3540000-102-2002-00012,닉스노래클럽,유흥주점영업,룸살롱,인천광역시 부평구 열우물로 27 (십정동),37.47075057467518,126.70117160053563,,2026-09-06,https://www.data.go.kr/data/15045018/fileData.do,https://file.localdata.go.kr/file/download/entertainment_bars/info,영업/정상,2026-05-07 22:47:52,2025-07-17 17:27:01,EPSG:5174 original transformed to EPSG:4326,official_coordinate,인천광역시,173495.636113223    ,440994.891104965    
3540000-102-2003-00003,술마시는파티노래방,유흥주점영업,룸살롱,인천광역시 부평구 열우물로25번길 8 (십정동),37.47088841298862,126.70081395768645,,2026-09-06,https://www.data.go.kr/data/15045018/fileData.do,https://file.localdata.go.kr/file/download/entertainment_bars/info,영업/정상,2026-05-07 22:47:52,2025-07-17 17:27:08,EPSG:5174 original transformed to EPSG:4326,official_coordinate,인천광역시,173464.047522885    ,441010.290422382    
3540000-102-2003-00008,씨엔엔(CNN),유흥주점영업,기타,인천광역시 부평구 경원대로1403번길 42 (부평동),37.49291872804258,126.72628888246035,,2026-09-06,https://www.data.go.kr/data/15045018/fileData.do,https://file.localdata.go.kr/file/download/entertainment_bars/info,영업/정상,2026-05-07 22:47:52,2025-07-17 17:27:14,EPSG:5174 original transformed to EPSG:4326,official_coordinate,인천광역시,175724.725911502    ,443448.499930351    
3540000-102-2004-00002,비트노래타운,유흥주점영업,노래클럽,인천광역시 부평구 시장로 12 (부평동),37.492246132325455,126.72480726252347,,2026-09-06,https://www.data.go.kr/data/15045018/fileData.do,https://file.localdata.go.kr/file/download/entertainment_bars/info,영업/정상,2026-05-07 22:47:52,2020-04-24 10:34:51,EPSG:5174 original transformed to EPSG:4326,official_coordinate,인천광역시,175593.479747658    ,443374.233878227    
3540000-102-2004-00003,럭셔리술마시는노래방,유흥주점영업,룸살롱,"인천광역시 부평구 열우물로38번길 6 (십정동,외1필지(지하1층))",37.47176296097572,126.70174642795999,,2026-09-06,https://www.data.go.kr/data/15045018/fileData.do,https://file.localdata.go.kr/file/download/entertainment_bars/info,영업/정상,2026-05-07 22:47:52,2025-07-17 17:27:23,EPSG:5174 original transformed to EPSG:4326,official_coordinate,인천광역시,173546.843523534    ,441107.091646165    
3540000-102-2004-00005,백악관,유흥주점영업,룸살롱,"인천광역시 부평구 부평문화로80번길 13, 지하1층 (부평동)",37.49359428521631,126.72514370646431,,2026-09-06,https://www.data.go.kr/data/15045018/fileData.do,https://file.localdata.go.kr/file/download/entertainment_bars/info,영업/정상,2026-05-07 22:47:53,2025-07-17 17:27:30,EPSG:5174 original transformed to EPSG:4326,official_coordinate,인천광역시,175623.672640597    ,443523.775480653    
3540000-102-2005-00002,블루노래광장,유흥주점영업,룸살롱,"인천광역시 부평구 열우물로 43 (십정동,외1필지 A호(지하1층))",37.47184159469913,126.70063203090123,,2026-09-06,https://www.data.go.kr/data/15045018/fileData.do,https://file.localdata.go.kr/file/download/entertainment_bars/info,영업/정상,2026-05-07 22:47:53,2025-07-17 17:27:37,EPSG:5174 original transformed to EPSG:4326,official_coordinate,인천광역시,173448.292093192    ,441116.133371635    
3540000-102-2006-00001,큐유흥주점,유흥주점영업,기타,"인천광역시 부평구 부평대로 19-1 (부평동,지하1층)",37.49320569686862,126.72270629071888,,2026-09-06,https://www.data.go.kr/data/15045018/fileData.do,https://file.localdata.go.kr/file/download/entertainment_bars/info,영업/정상,2026-05-07 22:47:53,2025-07-17 17:27:44,EPSG:5174 original transformed to EPSG:4326,official_coordinate,인천광역시,175407.994499362    ,443481.282379487    
3540000-102-2006-00002,에스노래클럽,유흥주점영업,노래클럽,"인천광역시 부평구 경원대로 1362 (부평동,지예타워B101)",37.49094486506042,126.7201885772941,,2026-09-06,https://www.data.go.kr/data/15045018/fileData.do,https://file.localdata.go.kr/file/download/entertainment_bars/info,영업/정상,2026-05-07 22:47:53,2025-07-17 17:27:51,EPSG:5174 original transformed to EPSG:4326,official_coordinate,인천광역시,175184.592026692    ,443231.019238516    
3540000-102-2006-00003,이지노래클럽,유흥주점영업,룸살롱,"인천광역시 부평구 충선로 8 (부평동,대흥프라자404호)",37.49143208979404,126.7310594573365,,2026-09-06,https://www.data.go.kr/data/15045018/fileData.do,https://file.localdata.go.kr/file/download/entertainment_bars/info,영업/정상,2026-05-07 22:47:53,2025-07-17 17:27:57,EPSG:5174 original transformed to EPSG:4326,official_coordinate,인천광역시,176146.136627032    ,443282.277994634    
3540000-102-2006-00004,비비,유흥주점영업,기타,인천광역시 부평구 동암광장로4번길 3 (십정동),37.47086005581491,126.70196297031299,,2026-09-06,https://www.data.go.kr/data/15045018/fileData.do,https://file.localdata.go.kr/file/download/entertainment_bars/info,영업/정상,2026-05-07 22:47:53,2025-07-17 17:28:04,EPSG:5174 original transformed to EPSG:4326,official_coordinate,인천광역시,173565.680093094    ,441006.819235886    
3540000-102-2006-00005,요준코소주호프노래타운,유흥주점영업,비어(바)살롱,"인천광역시 부평구 경원대로1403번길 33 (부평동,신세계음향프라자4층401호)",37.492792093901045,126.72571477995697,,2026-09-06,https://www.data.go.kr/data/15045018/fileData.do,https://file.localdata.go.kr/file/download/entertainment_bars/info,영업/정상,2026-05-07 22:47:54,2020-06-07 16:10:38,EPSG:5174 original transformed to EPSG:4326,official_coordinate,인천광역시,175673.914103143    ,443434.593629393    
3540000-102-2007-00001,오케이노래광장,유흥주점영업,룸살롱,"인천광역시 부평구 동암광장로 18 (십정동,지하1층)",37.471516405240145,126.70195245600698,,2026-09-06,https://www.data.go.kr/data/15045018/fileData.do,https://file.localdata.go.kr/file/download/entertainment_bars/info,영업/정상,2026-05-07 22:47:54,2025-07-17 17:28:14,EPSG:5174 original transformed to EPSG:4326,official_coordinate,인천광역시,173564.981681826    ,441079.66897693     
3540000-102-2007-00002,퀸 노래밤,유흥주점영업,룸살롱,"인천광역시 부평구 장제로 60 (부평동,외1)",37.49064429682278,126.73025243943536,,2026-09-06,https://www.data.go.kr/data/15045018/fileData.do,https://file.localdata.go.kr/file/download/entertainment_bars/info,영업/정상,2026-05-07 22:47:54,2025-07-17 17:28:20,EPSG:5174 original transformed to EPSG:4326,official_coordinate,인천광역시,176074.514829121    ,443195.047683004    
3540000-102-2007-00006,유노래바,유흥주점영업,룸살롱,"인천광역시 부평구 부평문화로 109 (부평동,지하1층)",37.49434636779245,126.72852881261642,,2026-09-06,https://www.data.go.kr/data/15045018/fileData.do,https://file.localdata.go.kr/file/download/entertainment_bars/info,영업/정상,2026-05-07 22:47:54,2025-07-17 17:28:26,EPSG:5174 original transformed to EPSG:4326,official_coordinate,인천광역시,175923.273135042    ,443606.374266116    
3540000-102-2007-00007,에쿠스,유흥주점영업,기타,"인천광역시 부평구 열우물로 39 (십정동,,11 나호 지하1층)",37.471628153153624,126.7008047028908,,2026-09-06,https://www.data.go.kr/data/15045018/fileData.do,https://file.localdata.go.kr/file/download/entertainment_bars/info,영업/정상,2026-05-07 22:47:54,2025-07-17 17:28:33,EPSG:5174 original transformed to EPSG:4326,official_coordinate,인천광역시,173463.490967337    ,441092.39517759     
3540000-102-2008-00009,솜사탕,유흥주점영업,룸살롱,"인천광역시 부평구 시장로12번길 21 (부평동,지하1층)",37.49198209034105,126.72557765628214,,2026-09-06,https://www.data.go.kr/data/15045018/fileData.do,https://file.localdata.go.kr/file/download/entertainment_bars/info,영업/정상,2026-05-07 22:47:54,2025-07-17 17:29:23,EPSG:5174 original transformed to EPSG:4326,official_coordinate,인천광역시,175661.524068541    ,443344.728372333    
3540000-102-2008-00010,썸 노래방가주점,유흥주점영업,룸살롱,"인천광역시 부평구 열우물로 26 (십정동,나호(지하1층))",37.47044102738481,126.70143022133949,,2026-09-06,https://www.data.go.kr/data/15045018/fileData.do,https://file.localdata.go.kr/file/download/entertainment_bars/info,영업/정상,2026-05-07 22:47:54,2025-07-17 17:29:30,EPSG:5174 original transformed to EPSG:4326,official_coordinate,인천광역시,173518.404499348    ,440960.462211526    
3540000-102-2009-00001,메인,유흥주점영업,룸살롱,인천광역시 부평구 부평동 153-13 602호 ,37.49215844951935,126.72514046863071,,2026-09-06,https://www.data.go.kr/data/15045018/fileData.do,https://file.localdata.go.kr/file/download/entertainment_bars/info,영업/정상,2026-05-07 22:47:54,2025-01-14 11:57:12,EPSG:5174 original transformed to EPSG:4326,official_coordinate,인천광역시,175622.918452972    ,443364.415565085    
3540000-102-2009-00005,나비노래클럽,유흥주점영업,룸살롱,"인천광역시 부평구 부일로 2 (부평동,지하1층)",37.49061876412469,126.73045318330401,,2026-09-06,https://www.data.go.kr/data/15045018/fileData.do,https://file.localdata.go.kr/file/download/entertainment_bars/info,영업/정상,2026-05-07 22:47:55,2025-07-17 17:29:38,EPSG:5174 original transformed to EPSG:4326,official_coordinate,인천광역시,176092.2599474      ,443192.162722644    
3540000-102-2009-00006,대박노래클럽,유흥주점영업,기타,인천광역시 부평구 장제로 56 (부평동),37.49037102614595,126.7299923115144,,2026-09-06,https://www.data.go.kr/data/15045018/fileData.do,https://file.localdata.go.kr/file/download/entertainment_bars/info,영업/정상,2026-05-07 22:47:55,2025-07-17 17:29:50,EPSG:5174 original transformed to EPSG:4326,official_coordinate,인천광역시,176051.422302231    ,443164.784207683    
3550000-102-2008-00003,뉴쇼부,유흥주점영업,룸살롱,"인천광역시 계양구 도두리로 21 (계산동,(도두리길 15) 이프라자 302호)",37.534190600428225,126.7367128291746,,2026-09-06,https://www.data.go.kr/data/15045018/fileData.do,https://file.localdata.go.kr/file/download/entertainment_bars/info,영업/정상,2025-12-15 16:15:28,2023-03-31 14:24:19,EPSG:5174 original transformed to EPSG:4326,official_coordinate,인천광역시,176659.45636286     ,448026.559837536    
3550000-102-2008-00005,빙고노래타운,유흥주점영업,룸살롱,"인천광역시 계양구 도두리로 10, 3층 301호 (작전동, 광원프라자)",37.533840589088335,126.73514688658379,,2026-09-06,https://www.data.go.kr/data/15045018/fileData.do,https://file.localdata.go.kr/file/download/entertainment_bars/info,영업/정상,2025-12-15 16:15:28,2024-09-30 14:29:41,EPSG:5174 original transformed to EPSG:4326,official_coordinate,인천광역시,176520.938807503    ,447988.103305226    
3550000-102-2009-00001,아라노래바,유흥주점영업,기타,"인천광역시 계양구 계산로103번길 1 (계산동, 1층,지하1층)",37.537659193048185,126.72347842582445,,2026-09-06,https://www.data.go.kr/data/15045018/fileData.do,https://file.localdata.go.kr/file/download/entertainment_bars/info,영업/정상,2025-12-15 16:15:28,2025-10-27 12:01:21,EPSG:5174 original transformed to EPSG:4326,official_coordinate,인천광역시,175490.857266697    ,448414.911116284    
3550000-102-2009-00002,술마시는천상노래타운,유흥주점영업,룸살롱,"인천광역시 계양구 계양문화로 44 (계산동,라이즈빌 201호)",37.53438589808667,126.73672806441803,,2026-09-06,https://www.data.go.kr/data/15045018/fileData.do,https://file.localdata.go.kr/file/download/entertainment_bars/info,영업/정상,2025-12-15 16:15:28,2018-10-29 14:50:32,EPSG:5174 original transformed to EPSG:4326,official_coordinate,인천광역시,176660.86397225     ,448048.231920583    
3550000-102-2009-00003,동킹노래타운,유흥주점영업,룸살롱,"인천광역시 계양구 도두리로 10, 6층 601호 (작전동, 광원프라자)",37.533840589088335,126.73514688658379,,2026-09-06,https://www.data.go.kr/data/15045018/fileData.do,https://file.localdata.go.kr/file/download/entertainment_bars/info,영업/정상,2025-12-15 16:15:28,2025-08-14 15:13:20,EPSG:5174 original transformed to EPSG:4326,official_coordinate,인천광역시,176520.938807503    ,447988.103305226    
3550000-102-2009-00004,놀러와 노래,유흥주점영업,룸살롱,"인천광역시 계양구 계양문화로 44 (계산동,라이즈빌 104호)",37.53438589808667,126.73672806441803,,2026-09-06,https://www.data.go.kr/data/15045018/fileData.do,https://file.localdata.go.kr/file/download/entertainment_bars/info,영업/정상,2025-12-15 16:15:28,2025-10-22 14:26:23,EPSG:5174 original transformed to EPSG:4326,official_coordinate,인천광역시,176660.86397225     ,448048.231920583    
3550000-102-2009-00005,노라죠다국적클럽,유흥주점영업,룸살롱,"인천광역시 계양구 계양문화로53번길 4 (계산동,인일빌딩 5층)",37.53580127404819,126.73610341291354,,2026-09-06,https://www.data.go.kr/data/15045018/fileData.do,https://file.localdata.go.kr/file/download/entertainment_bars/info,영업/정상,2025-12-15 16:15:28,2025-03-13 14:57:09,EPSG:5174 original transformed to EPSG:4326,official_coordinate,인천광역시,176606.096939959    ,448205.478602052    
3550000-102-2010-00002,왕코고정노래타운 셔츠&노래,유흥주점영업,기타,"인천광역시 계양구 계양문화로 54, 503호 (계산동,대산프라자)",37.5354049551467,126.7368341339695,,2026-09-06,https://www.data.go.kr/data/15045018/fileData.do,https://file.localdata.go.kr/file/download/entertainment_bars/info,영업/정상,2026-01-29 22:47:10,2026-01-28 13:41:14,EPSG:5174 original transformed to EPSG:4326,official_coordinate,인천광역시,176670.557328086    ,448161.309575535    
3550000-102-2010-00003,삿뽀로노래주점,유흥주점영업,간이주점,"인천광역시 계양구 계양문화로 90 (용종동,새롬프라자 406)",37.538743988396995,126.73718149822504,,2026-09-06,https://www.data.go.kr/data/15045018/fileData.do,https://file.localdata.go.kr/file/download/entertainment_bars/info,영업/정상,2025-12-15 16:15:28,2018-02-13 10:12:42,EPSG:5174 original transformed to EPSG:4326,official_coordinate,인천광역시,176702.300644972    ,448531.8190619      
3550000-102-1998-00001,럭셔리노래바,유흥주점영업,룸살롱,인천광역시 계양구 계산천동로 26-1 (계산동),37.53773552276685,126.72499915635338,,2026-09-06,https://www.data.go.kr/data/15045018/fileData.do,https://file.localdata.go.kr/file/download/entertainment_bars/info,영업/정상,2025-12-15 16:15:28,2025-07-11 17:12:45,EPSG:5174 original transformed to EPSG:4326,official_coordinate,인천광역시,175625.287401121    ,448422.986594266    
3550000-102-1999-00001,황궁노래크럽,유흥주점영업,룸살롱,인천광역시 계양구 계산천동로 23 (계산동),37.53825022838783,126.72506331473998,,2026-09-06,https://www.data.go.kr/data/15045018/fileData.do,https://file.localdata.go.kr/file/download/entertainment_bars/info,영업/정상,2025-12-15 16:15:28,2018-02-13 09:57:53,EPSG:5174 original transformed to EPSG:4326,official_coordinate,인천광역시,175631.125775605    ,448480.096589791    
3550000-102-1999-00008,윙크,유흥주점영업,룸살롱,"인천광역시 계양구 계양문화로 25 (작전동,지층)",37.53303709498311,126.7360377169802,,2026-09-06,https://www.data.go.kr/data/15045018/fileData.do,https://file.localdata.go.kr/file/download/entertainment_bars/info,영업/정상,2025-12-15 16:15:28,2025-05-01 11:09:44,EPSG:5174 original transformed to EPSG:4326,official_coordinate,인천광역시,176599.424463203    ,447898.701756936    
3550000-102-1999-00009,뉴팡팡노래바,유흥주점영업,룸살롱,"인천광역시 계양구 계산로111번길 7 (계산동,2층)",37.5380975927561,126.72437229128684,,2026-09-06,https://www.data.go.kr/data/15045018/fileData.do,https://file.localdata.go.kr/file/download/entertainment_bars/info,영업/정상,2025-12-15 16:15:28,2022-10-24 14:09:52,EPSG:5174 original transformed to EPSG:4326,official_coordinate,인천광역시,175570.002289636    ,448463.335472678    
3550000-102-1999-00014,연예인노래바,유흥주점영업,룸살롱,인천광역시 계양구 계산천동로 28 (계산동),37.5377265444345,126.7251801056464,,2026-09-06,https://www.data.go.kr/data/15045018/fileData.do,https://file.localdata.go.kr/file/download/entertainment_bars/info,영업/정상,2025-12-15 16:15:28,2022-05-30 14:18:20,EPSG:5174 original transformed to EPSG:4326,official_coordinate,인천광역시,175641.277119101    ,448421.943089874    
3550000-102-2000-00003,딸기노래바,유흥주점영업,룸살롱,"인천광역시 계양구 계산로103번길 5 (계산동,지하1층)",37.5379848506025,126.72354879301778,,2026-09-06,https://www.data.go.kr/data/15045018/fileData.do,https://file.localdata.go.kr/file/download/entertainment_bars/info,영업/정상,2025-12-15 16:15:28,2025-07-30 14:42:01,EPSG:5174 original transformed to EPSG:4326,official_coordinate,인천광역시,175497.183294955    ,448451.03714084     
3550000-102-2000-00008,놀이터,유흥주점영업,룸살롱,"인천광역시 계양구 계양문화로 21, 6층 (작전동)",37.53267284868937,126.73599043234506,,2026-09-06,https://www.data.go.kr/data/15045018/fileData.do,https://file.localdata.go.kr/file/download/entertainment_bars/info,영업/정상,2026-07-29 22:47:10,2026-07-28 16:00:20,EPSG:5174 original transformed to EPSG:4326,official_coordinate,인천광역시,176595.13096344     ,447858.286264857    
3550000-102-2000-00010,스캔들룸클럽,유흥주점영업,룸살롱,"인천광역시 계양구 계양문화로 25, 3층 (작전동)",37.53303709498311,126.7360377169802,,2026-09-06,https://www.data.go.kr/data/15045018/fileData.do,https://file.localdata.go.kr/file/download/entertainment_bars/info,영업/정상,2026-08-12 22:47:10,2026-08-11 14:33:35,EPSG:5174 original transformed to EPSG:4326,official_coordinate,인천광역시,176599.424463203    ,447898.701756936    
3550000-102-2000-00017,별노래바,유흥주점영업,룸살롱,인천광역시 계양구 계산로 115 (계산동),37.53752994050709,126.72500749882103,,2026-09-06,https://www.data.go.kr/data/15045018/fileData.do,https://file.localdata.go.kr/file/download/entertainment_bars/info,영업/정상,2026-02-10 22:47:10,2026-02-09 13:55:48,EPSG:5174 original transformed to EPSG:4326,official_coordinate,인천광역시,175625.957636116    ,448400.167056518    
3550000-102-2000-00030,썸노래바,유흥주점영업,룸살롱,인천광역시 계양구 계산천동로 18-1 (계산동),37.538296032945624,126.72421494589032,,2026-09-06,https://www.data.go.kr/data/15045018/fileData.do,https://file.localdata.go.kr/file/download/entertainment_bars/info,영업/정상,2025-12-15 16:15:28,2018-02-13 10:04:30,EPSG:5174 original transformed to EPSG:4326,official_coordinate,인천광역시,175556.16081234     ,448485.401147846    
3550000-102-2000-00035,럭셔리노래클럽,유흥주점영업,룸살롱,"인천광역시 계양구 장제로730번길 8, 지하1층 (작전동)",37.53274020965998,126.73496589015964,,2026-09-06,https://www.data.go.kr/data/15045018/fileData.do,https://file.localdata.go.kr/file/download/entertainment_bars/info,영업/정상,2026-07-25 22:47:10,2026-07-24 11:27:45,EPSG:5174 original transformed to EPSG:4326,official_coordinate,인천광역시,176504.595044363    ,447866.018731089    
3550000-102-2000-00041,로얄룸클럽,유흥주점영업,룸살롱,"인천광역시 계양구 도두리로6번길 10, 지하1층 (작전동)",37.533143609114745,126.73458096260363,,2026-09-06,https://www.data.go.kr/data/15045018/fileData.do,https://file.localdata.go.kr/file/download/entertainment_bars/info,영업/정상,2025-12-15 16:15:28,2024-07-22 16:17:00,EPSG:5174 original transformed to EPSG:4326,official_coordinate,인천광역시,176470.699216593    ,447910.88808007     
3550000-102-2013-00003,호박노래바,유흥주점영업,룸살롱,"인천광역시 계양구 오조산로89번길 12, 3층 305호 (용종동)",37.53910677784581,126.73764258177242,,2026-09-06,https://www.data.go.kr/data/15045018/fileData.do,https://file.localdata.go.kr/file/download/entertainment_bars/info,영업/정상,2025-12-15 16:15:28,2018-02-13 10:14:37,EPSG:5174 original transformed to EPSG:4326,official_coordinate,인천광역시,176743.164518527    ,448571.970253751    
3550000-102-2013-00004,건배노래바,유흥주점영업,룸살롱,"인천광역시 계양구 오조산로89번길 12, 4층 403호 (용종동)",37.53910677784581,126.73764258177242,,2026-09-06,https://www.data.go.kr/data/15045018/fileData.do,https://file.localdata.go.kr/file/download/entertainment_bars/info,영업/정상,2025-12-15 16:15:28,2018-02-13 10:14:47,EPSG:5174 original transformed to EPSG:4326,official_coordinate,인천광역시,176743.164518527    ,448571.970253751    
3550000-102-2013-00005,해운대,유흥주점영업,룸살롱,"인천광역시 계양구 계양문화로29번길 11, 7층 (작전동)",37.53331307115004,126.73502619396038,,2026-09-06,https://www.data.go.kr/data/15045018/fileData.do,https://file.localdata.go.kr/file/download/entertainment_bars/info,영업/정상,2025-12-15 16:15:28,2025-10-24 13:27:55,EPSG:5174 original transformed to EPSG:4326,official_coordinate,인천광역시,176510.105315482    ,447929.584888325    
3550000-102-2013-00006,둥지노래바,유흥주점영업,룸살롱,"인천광역시 계양구 계양문화로 90, 307호 (용종동, 새롬프라자 1차)",37.538743988396995,126.73718149822504,,2026-09-06,https://www.data.go.kr/data/15045018/fileData.do,https://file.localdata.go.kr/file/download/entertainment_bars/info,영업/정상,2025-12-15 16:15:28,2018-02-13 10:15:04,EPSG:5174 original transformed to EPSG:4326,official_coordinate,인천광역시,176702.300644972    ,448531.8190619      
3550000-102-2019-00003,버니 노래클럽,유흥주점영업,노래클럽,"인천광역시 계양구 도두리로 14, 맘모스타운 3층 306호 (작전동)",37.53369627281231,126.73558979547809,,2026-09-06,https://www.data.go.kr/data/15045018/fileData.do,https://file.localdata.go.kr/file/download/entertainment_bars/info,영업/정상,2026-06-11 03:03:03,2026-06-10 08:52:44,EPSG:5174 original transformed to EPSG:4326,official_coordinate,인천광역시,176560.040684691    ,447971.975020819    
3550000-102-2019-00004,골든벨라이브스텐드바,유흥주점영업,노래클럽,"인천광역시 계양구 장제로730번길 7, 신도프라자 3층 일부호 (작전동)",37.53310459549141,126.7350066591166,,2026-09-06,https://www.data.go.kr/data/15045018/fileData.do,https://file.localdata.go.kr/file/download/entertainment_bars/info,영업/정상,2025-12-15 16:15:28,2021-03-09 15:42:00,EPSG:5174 original transformed to EPSG:4326,official_coordinate,인천광역시,176508.313121269    ,447906.451297984    
3550000-102-2019-00005,초콜릿룸클럽,유흥주점영업,룸살롱,"인천광역시 계양구 장제로730번길 7, 신도프라자(지하1층) (작전동)",37.53310459549141,126.7350066591166,,2026-09-06,https://www.data.go.kr/data/15045018/fileData.do,https://file.localdata.go.kr/file/download/entertainment_bars/info,영업/정상,2026-04-30 03:03:03,2026-04-29 17:15:56,EPSG:5174 original transformed to EPSG:4326,official_coordinate,인천광역시,176508.313121269    ,447906.451297984    
3550000-102-2022-00001,몰디브7080. 모히또 노래클럽,유흥주점영업,룸살롱,"인천광역시 계양구 오조산로89번길 12, 6층 603,604,605호 (용종동)",37.53910677784581,126.73764258177242,,2026-09-06,https://www.data.go.kr/data/15045018/fileData.do,https://file.localdata.go.kr/file/download/entertainment_bars/info,영업/정상,2025-12-15 16:15:28,2024-06-04 13:55:32,EPSG:5174 original transformed to EPSG:4326,official_coordinate,인천광역시,176743.164518527    ,448571.970253751    
3550000-102-2024-00001,명품노래짱,유흥주점영업,기타,"인천광역시 계양구 계양문화로 54, 대산월드프라자 2층 203호 (계산동)",37.5354049551467,126.7368341339695,,2026-09-06,https://www.data.go.kr/data/15045018/fileData.do,https://file.localdata.go.kr/file/download/entertainment_bars/info,영업/정상,2025-12-15 16:15:28,2024-11-21 14:54:17,EPSG:5174 original transformed to EPSG:4326,official_coordinate,인천광역시,176670.557328086    ,448161.309575535    
3550000-102-2025-00001,샤또라이브,유흥주점영업,기타,"인천광역시 계양구 오조산로45번길 16, 여흥프라자 7층 702호 (계산동)",37.535222106636574,126.73681901875563,,2026-09-06,https://www.data.go.kr/data/15045018/fileData.do,https://file.localdata.go.kr/file/download/entertainment_bars/info,영업/정상,2025-12-15 16:15:28,2025-07-24 14:25:02,EPSG:5174 original transformed to EPSG:4326,official_coordinate,인천광역시,176669.16425764     ,448141.019175054    
3550000-102-2011-00001,드럼7080LIVE,유흥주점영업,간이주점,"인천광역시 계양구 계산새로87번길 5 (용종동,레드몰 1차 A동 302호)",37.53844725702952,126.73757729330127,,2026-09-06,https://www.data.go.kr/data/15045018/fileData.do,https://file.localdata.go.kr/file/download/entertainment_bars/info,영업/정상,2026-01-20 22:47:10,2026-01-19 17:15:43,EPSG:5174 original transformed to EPSG:4326,official_coordinate,인천광역시,176737.188860293    ,448498.786895427    
3550000-102-2011-00002,초이스노래,유흥주점영업,룸살롱,"인천광역시 계양구 계산천동로 21, 3층 301호 (계산동)",37.53832582532807,126.72490267281576,,2026-09-06,https://www.data.go.kr/data/15045018/fileData.do,https://file.localdata.go.kr/file/download/entertainment_bars/info,영업/정상,2026-03-25 22:47:18,2026-03-24 16:23:22,EPSG:5174 original transformed to EPSG:4326,official_coordinate,인천광역시,175616.952710848    ,448488.528768634    
3550000-102-2011-00003,논다노래타운(인천계양점),유흥주점영업,룸살롱,"인천광역시 계양구 도두리로 10 (작전동,5층 501호)",37.533840589088335,126.73514688658379,,2026-09-06,https://www.data.go.kr/data/15045018/fileData.do,https://file.localdata.go.kr/file/download/entertainment_bars/info,영업/정상,2026-01-17 22:47:10,2026-01-16 14:25:16,EPSG:5174 original transformed to EPSG:4326,official_coordinate,인천광역시,176520.938807503    ,447988.103305226    
3550000-102-2011-00005,앤쇼부,유흥주점영업,기타,"인천광역시 계양구 도두리로 21, 303호 (계산동)",37.534190600428225,126.7367128291746,,2026-09-06,https://www.data.go.kr/data/15045018/fileData.do,https://file.localdata.go.kr/file/download/entertainment_bars/info,영업/정상,2025-12-15 16:15:28,2025-07-07 10:44:53,EPSG:5174 original transformed to EPSG:4326,official_coordinate,인천광역시,176659.45636286     ,448026.559837536    
3550000-102-2011-00006,골 드,유흥주점영업,기타,"인천광역시 계양구 도두리로 21, 401호 (계산동)",37.534190600428225,126.7367128291746,,2026-09-06,https://www.data.go.kr/data/15045018/fileData.do,https://file.localdata.go.kr/file/download/entertainment_bars/info,영업/정상,2025-12-15 16:15:28,2018-02-13 10:13:20,EPSG:5174 original transformed to EPSG:4326,official_coordinate,인천광역시,176659.45636286     ,448026.559837536    
3550000-102-2011-00008,코코노래광장,유흥주점영업,룸살롱,"인천광역시 계양구 계양문화로 44, 109호 (계산동, 라이즈빌)",37.53438589808667,126.73672806441803,,2026-09-06,https://www.data.go.kr/data/15045018/fileData.do,https://file.localdata.go.kr/file/download/entertainment_bars/info,영업/정상,2025-12-15 16:15:28,2021-02-14 17:47:39,EPSG:5174 original transformed to EPSG:4326,official_coordinate,인천광역시,176660.86397225     ,448048.231920583    
3550000-102-2012-00001,준투노래타운,유흥주점영업,룸살롱,"인천광역시 계양구 도두리로 10 (작전동, 광원프라자 201호)",37.533840589088335,126.73514688658379,,2026-09-06,https://www.data.go.kr/data/15045018/fileData.do,https://file.localdata.go.kr/file/download/entertainment_bars/info,영업/정상,2025-12-15 16:15:28,2020-09-23 22:13:02,EPSG:5174 original transformed to EPSG:4326,official_coordinate,인천광역시,176520.938807503    ,447988.103305226    
3550000-102-2012-00002,뉴테란셔츠클럽,유흥주점영업,룸살롱,"인천광역시 계양구 도두리로 10 (작전동, 광원프라자 402호)",37.533840589088335,126.73514688658379,,2026-09-06,https://www.data.go.kr/data/15045018/fileData.do,https://file.localdata.go.kr/file/download/entertainment_bars/info,영업/정상,2026-01-17 22:47:10,2026-01-16 14:24:46,EPSG:5174 original transformed to EPSG:4326,official_coordinate,인천광역시,176520.938807503    ,447988.103305226    
3550000-102-2012-00004,세인트노래타운,유흥주점영업,룸살롱,"인천광역시 계양구 계양문화로 54, 3층 302호 (계산동, 대산월드프라자)",37.5354049551467,126.7368341339695,,2026-09-06,https://www.data.go.kr/data/15045018/fileData.do,https://file.localdata.go.kr/file/download/entertainment_bars/info,영업/정상,2026-07-15 22:47:10,2022-07-06 15:22:44,EPSG:5174 original transformed to EPSG:4326,official_coordinate,인천광역시,176670.557328086    ,448161.309575535    
3550000-102-2012-00005,씨티노래타운,유흥주점영업,룸살롱,"인천광역시 계양구 계양문화로 48, 3층 302호 (계산동, 뉴월드프라자)",37.53490027234828,126.73678576615734,,2026-09-06,https://www.data.go.kr/data/15045018/fileData.do,https://file.localdata.go.kr/file/download/entertainment_bars/info,영업/정상,2025-12-15 16:15:28,2020-09-23 22:13:57,EPSG:5174 original transformed to EPSG:4326,official_coordinate,인천광역시,176666.124685741    ,448105.30740578     
3550000-102-2012-00006,홍콩,유흥주점영업,룸살롱,"인천광역시 계양구 계산새로87번길 5, 207호 (용종동, 레드몰1차)",37.53844725702952,126.73757729330127,,2026-09-06,https://www.data.go.kr/data/15045018/fileData.do,https://file.localdata.go.kr/file/download/entertainment_bars/info,영업/정상,2025-12-15 16:15:28,2023-03-31 16:20:08,EPSG:5174 original transformed to EPSG:4326,official_coordinate,인천광역시,176737.188860293    ,448498.786895427    
3550000-102-2012-00007,쇼킹노래타운,유흥주점영업,룸살롱,"인천광역시 계양구 계양문화로 48, 403호 (계산동, 뉴월드프라자)",37.53490027234828,126.73678576615734,,2026-09-06,https://www.data.go.kr/data/15045018/fileData.do,https://file.localdata.go.kr/file/download/entertainment_bars/info,영업/정상,2025-12-15 16:15:28,2025-01-20 14:02:07,EPSG:5174 original transformed to EPSG:4326,official_coordinate,인천광역시,176666.124685741    ,448105.30740578     
3550000-102-2012-00008,코코노래타운,유흥주점영업,룸살롱,"인천광역시 계양구 계양문화로 44, 106호 (계산동, 라이즈빌)",37.53438589808667,126.73672806441803,,2026-09-06,https://www.data.go.kr/data/15045018/fileData.do,https://file.localdata.go.kr/file/download/entertainment_bars/info,영업/정상,2026-03-12 23:03:22,2026-03-11 17:14:25,EPSG:5174 original transformed to EPSG:4326,official_coordinate,인천광역시,176660.86397225     ,448048.231920583    
3550000-102-2012-00009,베트남노래클럽,유흥주점영업,룸살롱,"인천광역시 계양구 계양문화로 90, 703호 (용종동, 새롬프라자1차)",37.538743988396995,126.73718149822504,,2026-09-06,https://www.data.go.kr/data/15045018/fileData.do,https://file.localdata.go.kr/file/download/entertainment_bars/info,영업/정상,2025-12-15 16:15:28,2024-11-28 13:48:48,EPSG:5174 original transformed to EPSG:4326,official_coordinate,인천광역시,176702.300644972    ,448531.8190619      
3550000-102-2013-00002,마이웨이 팽고팽고,유흥주점영업,룸살롱,"인천광역시 계양구 계양문화로 33, 6층 601호 (작전동)",37.533776090837556,126.73604719407994,,2026-09-06,https://www.data.go.kr/data/15045018/fileData.do,https://file.localdata.go.kr/file/download/entertainment_bars/info,영업/정상,2025-12-15 16:15:28,2025-08-29 15:16:46,EPSG:5174 original transformed to EPSG:4326,official_coordinate,인천광역시,176600.493627714    ,447980.719726073    
3550000-102-2014-00001,신바람노래클럽,유흥주점영업,룸살롱,"인천광역시 계양구 계산천동로 10, 지하층 (계산동)",37.538708414499425,126.72342622827792,,2026-09-06,https://www.data.go.kr/data/15045018/fileData.do,https://file.localdata.go.kr/file/download/entertainment_bars/info,영업/정상,2026-05-19 03:03:03,2026-05-18 10:12:36,EPSG:5174 original transformed to EPSG:4326,official_coordinate,인천광역시,175486.588300681    ,448531.376813437    
3550000-102-2014-00003,바바룸클럽,유흥주점영업,룸살롱,"인천광역시 계양구 도두리로 14, 303호 (작전동, 맘모스타운)",37.53369627281231,126.73558979547809,,2026-09-06,https://www.data.go.kr/data/15045018/fileData.do,https://file.localdata.go.kr/file/download/entertainment_bars/info,영업/정상,2026-07-29 22:47:10,2026-07-28 16:06:33,EPSG:5174 original transformed to EPSG:4326,official_coordinate,인천광역시,176560.040684691    ,447971.975020819    
3550000-102-2014-00004,알리노래클럽,유흥주점영업,룸살롱,"인천광역시 계양구 도두리로 14, 304호 (작전동, 맘모스타운)",37.53369627281231,126.73558979547809,,2026-09-06,https://www.data.go.kr/data/15045018/fileData.do,https://file.localdata.go.kr/file/download/entertainment_bars/info,영업/정상,2025-12-15 16:15:28,2025-02-18 16:20:57,EPSG:5174 original transformed to EPSG:4326,official_coordinate,인천광역시,176560.040684691    ,447971.975020819    
3550000-102-2015-00001,별밤노래바,유흥주점영업,룸살롱,"인천광역시 계양구 오조산로45번길 16, 701호 (계산동, 여흥프라자)",37.535222106636574,126.73681901875563,,2026-09-06,https://www.data.go.kr/data/15045018/fileData.do,https://file.localdata.go.kr/file/download/entertainment_bars/info,영업/정상,2025-12-15 16:15:28,2025-05-19 15:26:52,EPSG:5174 original transformed to EPSG:4326,official_coordinate,인천광역시,176669.16425764     ,448141.019175054    
3550000-102-2015-00002,별이빛나는밤에,유흥주점영업,기타,"인천광역시 계양구 도두리로 10, 901호 (작전동, 광원프라자)",37.533840589088335,126.73514688658379,,2026-09-06,https://www.data.go.kr/data/15045018/fileData.do,https://file.localdata.go.kr/file/download/entertainment_bars/info,영업/정상,2025-12-15 16:15:28,2024-06-07 15:58:03,EPSG:5174 original transformed to EPSG:4326,official_coordinate,인천광역시,176520.938807503    ,447988.103305226    
3550000-102-2015-00003,하방,유흥주점영업,노래클럽,"인천광역시 계양구 계양문화로 54, 406호 (계산동, 대산월드프라자)",37.5354049551467,126.7368341339695,,2026-09-06,https://www.data.go.kr/data/15045018/fileData.do,https://file.localdata.go.kr/file/download/entertainment_bars/info,영업/정상,2025-12-15 16:15:28,2018-02-13 10:15:45,EPSG:5174 original transformed to EPSG:4326,official_coordinate,인천광역시,176670.557328086    ,448161.309575535    
3550000-102-2015-00004,봉봉노래바,유흥주점영업,노래클럽,인천광역시 계양구 계양대로 지하 168 (계산동),37.53875994948561,126.72292092441855,,2026-09-06,https://www.data.go.kr/data/15045018/fileData.do,https://file.localdata.go.kr/file/download/entertainment_bars/info,영업/정상,2025-12-15 16:15:28,2018-06-25 11:25:19,EPSG:5174 original transformed to EPSG:4326,official_coordinate,인천광역시,175441.946098219    ,448537.228813849    
3550000-102-2016-00001,텐노래클럽,유흥주점영업,룸살롱,"인천광역시 계양구 오조산로45번길 16, 3층 304호 (계산동, 여흥프라자)",37.535222106636574,126.73681901875563,,2026-09-06,https://www.data.go.kr/data/15045018/fileData.do,https://file.localdata.go.kr/file/download/entertainment_bars/info,영업/정상,2025-12-15 16:15:28,2023-06-29 16:58:55,EPSG:5174 original transformed to EPSG:4326,official_coordinate,인천광역시,176669.16425764     ,448141.019175054    
3550000-102-2016-00002,버니가라오케,유흥주점영업,룸살롱,"인천광역시 계양구 도두리로 14, 203호 (작전동, 맘모스타운 )",37.53369627281231,126.73558979547809,,2026-09-06,https://www.data.go.kr/data/15045018/fileData.do,https://file.localdata.go.kr/file/download/entertainment_bars/info,영업/정상,2025-12-31 02:40:00,2025-12-29 13:13:48,EPSG:5174 original transformed to EPSG:4326,official_coordinate,인천광역시,176560.040684691    ,447971.975020819    
3550000-102-2016-00003,빙고노래바,유흥주점영업,룸살롱,"인천광역시 계양구 오조산로89번길 12, 402호 (용종동)",37.53910677784581,126.73764258177242,,2026-09-06,https://www.data.go.kr/data/15045018/fileData.do,https://file.localdata.go.kr/file/download/entertainment_bars/info,영업/정상,2025-12-15 16:15:28,2018-02-13 10:16:10,EPSG:5174 original transformed to EPSG:4326,official_coordinate,인천광역시,176743.164518527    ,448571.970253751    
3550000-102-2018-00001,초이스,유흥주점영업,노래클럽,"인천광역시 계양구 계양문화로 33, 5층 501호 (작전동)",37.533776090837556,126.73604719407994,,2026-09-06,https://www.data.go.kr/data/15045018/fileData.do,https://file.localdata.go.kr/file/download/entertainment_bars/info,영업/정상,2025-12-15 16:15:28,2021-08-13 16:47:14,EPSG:5174 original transformed to EPSG:4326,official_coordinate,인천광역시,176600.493627714    ,447980.719726073    
3550000-102-2019-00001,파티라이브7080,유흥주점영업,노래클럽,"인천광역시 계양구 계양문화로 7, 문화빌딩(지하층) (작전동)",37.531498502354765,126.7358344577923,,2026-09-06,https://www.data.go.kr/data/15045018/fileData.do,https://file.localdata.go.kr/file/download/entertainment_bars/info,영업/정상,2025-12-15 16:15:28,2019-02-19 17:27:22,EPSG:5174 original transformed to EPSG:4326,official_coordinate,인천광역시,176580.976528904    ,447727.985822984    
3550000-102-2019-00002,야왕여성전용클럽,유흥주점영업,노래클럽,"인천광역시 계양구 도두리로 14, 맘모스타운 3층 302호 (작전동)",37.53369627281231,126.73558979547809,,2026-09-06,https://www.data.go.kr/data/15045018/fileData.do,https://file.localdata.go.kr/file/download/entertainment_bars/info,영업/정상,2025-12-15 16:15:28,2022-11-14 13:59:48,EPSG:5174 original transformed to EPSG:4326,official_coordinate,인천광역시,176560.040684691    ,447971.975020819    
3550000-102-2000-00044,사랑다국적노래클럽,유흥주점영업,룸살롱,"인천광역시 계양구 계양문화로 21, 3층 302호 (작전동)",37.53267284868937,126.73599043234506,,2026-09-06,https://www.data.go.kr/data/15045018/fileData.do,https://file.localdata.go.kr/file/download/entertainment_bars/info,영업/정상,2025-12-15 16:15:28,2025-07-28 15:07:56,EPSG:5174 original transformed to EPSG:4326,official_coordinate,인천광역시,176595.13096344     ,447858.286264857    
3550000-102-2000-00045,베트남수노래클럽,유흥주점영업,룸살롱,"인천광역시 계양구 계양문화로29번길 11, 3층 (작전동)",37.53331307115004,126.73502619396038,,2026-09-06,https://www.data.go.kr/data/15045018/fileData.do,https://file.localdata.go.kr/file/download/entertainment_bars/info,영업/정상,2026-03-20 22:47:18,2026-03-19 09:11:02,EPSG:5174 original transformed to EPSG:4326,official_coordinate,인천광역시,176510.105315482    ,447929.584888325    
3550000-102-2000-00046,데이,유흥주점영업,룸살롱,"인천광역시 계양구 계산로111번길 5, 지하1층 (계산동)",37.537807921251385,126.72439797441602,,2026-09-06,https://www.data.go.kr/data/15045018/fileData.do,https://file.localdata.go.kr/file/download/entertainment_bars/info,영업/정상,2025-12-15 16:15:28,2018-02-13 10:05:39,EPSG:5174 original transformed to EPSG:4326,official_coordinate,인천광역시,175572.177464471    ,448431.178430157    
3550000-102-2000-00047,준코뮤직타운 인천계양점,유흥주점영업,룸살롱,인천광역시 계양구 계양문화로 55 (계산동),37.53579047787891,126.73631445381056,,2026-09-06,https://www.data.go.kr/data/15045018/fileData.do,https://file.localdata.go.kr/file/download/entertainment_bars/info,영업/정상,2026-04-28 03:03:03,2026-04-27 16:03:43,EPSG:5174 original transformed to EPSG:4326,official_coordinate,인천광역시,176624.746238116    ,448204.227727409    
3550000-102-2000-00051,수선화,유흥주점영업,간이주점,인천광역시 계양구 계산천동로 6 (계산동),37.53888260672869,126.72315299822151,,2026-09-06,https://www.data.go.kr/data/15045018/fileData.do,https://file.localdata.go.kr/file/download/entertainment_bars/info,영업/정상,2025-12-15 16:15:28,2021-11-22 15:33:11,EPSG:5174 original transformed to EPSG:4326,official_coordinate,인천광역시,175462.497243738    ,448550.781684149    
3550000-102-2000-00052,따봉큐노래바,유흥주점영업,룸살롱,인천광역시 계양구 계산천동로 19 (계산동),37.538409154582624,126.72481190938386,,2026-09-06,https://www.data.go.kr/data/15045018/fileData.do,https://file.localdata.go.kr/file/download/entertainment_bars/info,영업/정상,2025-12-15 16:15:28,2022-06-03 11:33:07,EPSG:5174 original transformed to EPSG:4326,official_coordinate,인천광역시,175608.95814039     ,448497.800999708    
3550000-102-2001-00001,짝노래클럽,유흥주점영업,룸살롱,"인천광역시 계양구 계양문화로 86, 4층 402호 (용종동, 대우프라자)",37.53834380858609,126.73714120178569,,2026-09-06,https://www.data.go.kr/data/15045018/fileData.do,https://file.localdata.go.kr/file/download/entertainment_bars/info,영업/정상,2025-12-15 16:15:28,2023-01-04 13:47:38,EPSG:5174 original transformed to EPSG:4326,official_coordinate,인천광역시,176698.614353271    ,448487.413520358    
3550000-102-2001-00003,웰컴투노래바,유흥주점영업,룸살롱,인천광역시 계양구 계산천동로 11 (계산동),37.538882583416914,126.72386772202093,,2026-09-06,https://www.data.go.kr/data/15045018/fileData.do,https://file.localdata.go.kr/file/download/entertainment_bars/info,영업/정상,2025-12-15 16:15:28,2025-03-11 13:48:08,EPSG:5174 original transformed to EPSG:4326,official_coordinate,인천광역시,175525.664932949    ,448550.592358172    
3550000-102-2001-00005,꿀노래바,유흥주점영업,룸살롱,인천광역시 계양구 계산천동로 3 (계산동),37.539260925927195,126.72325770902266,,2026-09-06,https://www.data.go.kr/data/15045018/fileData.do,https://file.localdata.go.kr/file/download/entertainment_bars/info,영업/정상,2025-12-15 16:15:28,2024-11-13 16:25:21,EPSG:5174 original transformed to EPSG:4326,official_coordinate,인천광역시,175471.875887616    ,448592.743578084    
3550000-102-2001-00006,앵콜노래바,유흥주점영업,룸살롱,"인천광역시 계양구 계산로103번길 13 (계산동,지하1층)",37.53863943518635,126.72357119278284,,2026-09-06,https://www.data.go.kr/data/15045018/fileData.do,https://file.localdata.go.kr/file/download/entertainment_bars/info,영업/정상,2025-12-15 16:15:28,2018-02-13 10:07:27,EPSG:5174 original transformed to EPSG:4326,official_coordinate,인천광역시,175499.377748361    ,448523.682989771    
3550000-102-2001-00010,에스룸클럽,유흥주점영업,룸살롱,"인천광역시 계양구 계양문화로29번길 10 (작전동,(문화샛길 12) 5층)",37.53363183541853,126.73512567001853,,2026-09-06,https://www.data.go.kr/data/15045018/fileData.do,https://file.localdata.go.kr/file/download/entertainment_bars/info,영업/정상,2026-04-21 03:03:03,2026-04-20 16:05:23,EPSG:5174 original transformed to EPSG:4326,official_coordinate,인천광역시,176518.997925072    ,447964.93927553     
3550000-102-2001-00011,파라다이스,유흥주점영업,룸살롱,"인천광역시 계양구 계양문화로29번길 10 (작전동,지하1층)",37.53363183541853,126.73512567001853,,2026-09-06,https://www.data.go.kr/data/15045018/fileData.do,https://file.localdata.go.kr/file/download/entertainment_bars/info,영업/정상,2026-08-11 22:47:10,2026-08-10 15:24:06,EPSG:5174 original transformed to EPSG:4326,official_coordinate,인천광역시,176518.997925072    ,447964.93927553     
3550000-102-2001-00018,아라비안관광나이트클럽,유흥주점영업,고고(디스코)클럽,"인천광역시 계양구 도두리로 14 (작전동,4∼7층)",37.53369627281231,126.73558979547809,,2026-09-06,https://www.data.go.kr/data/15045018/fileData.do,https://file.localdata.go.kr/file/download/entertainment_bars/info,영업/정상,2025-12-15 16:15:28,2022-09-28 16:17:21,EPSG:5174 original transformed to EPSG:4326,official_coordinate,인천광역시,176560.040684691    ,447971.975020819    
3550000-102-2002-00002,퀸노래바,유흥주점영업,룸살롱,"인천광역시 계양구 계산천동로 6, 지하1층 (계산동)",37.53888260672869,126.72315299822151,,2026-09-06,https://www.data.go.kr/data/15045018/fileData.do,https://file.localdata.go.kr/file/download/entertainment_bars/info,영업/정상,2025-12-15 16:15:28,2019-07-09 10:20:26,EPSG:5174 original transformed to EPSG:4326,official_coordinate,인천광역시,175462.497243738    ,448550.781684149    
3550000-102-2003-00001,오렌지노래클럽,유흥주점영업,룸살롱,"인천광역시 계양구 도두리로6번길 10, 2층 (작전동)",37.533143609114745,126.73458096260363,,2026-09-06,https://www.data.go.kr/data/15045018/fileData.do,https://file.localdata.go.kr/file/download/entertainment_bars/info,영업/정상,2026-01-17 22:47:10,2026-01-16 14:24:31,EPSG:5174 original transformed to EPSG:4326,official_coordinate,인천광역시,176470.699216593    ,447910.88808007     
3550000-102-2003-00002,7080라운지캬바레,유흥주점영업,룸살롱,"인천광역시 계양구 오조산로89번길 9, 6층 (용종동, 태영프라자)",37.53880532996558,126.73761207119183,,2026-09-06,https://www.data.go.kr/data/15045018/fileData.do,https://file.localdata.go.kr/file/download/entertainment_bars/info,영업/정상,2026-08-22 22:47:10,2026-08-21 14:15:48,EPSG:5174 original transformed to EPSG:4326,official_coordinate,인천광역시,176740.374093952    ,448538.520422866    
3550000-102-2003-00005,황진이노래바,유흥주점영업,룸살롱,"인천광역시 계양구 계양문화로 90 (용종동,새롬프라자 1차  302호)",37.538743988396995,126.73718149822504,,2026-09-06,https://www.data.go.kr/data/15045018/fileData.do,https://file.localdata.go.kr/file/download/entertainment_bars/info,영업/정상,2025-12-15 16:15:28,2018-02-13 10:08:45,EPSG:5174 original transformed to EPSG:4326,official_coordinate,인천광역시,176702.300644972    ,448531.8190619      
3550000-102-2005-00004,다국적노래클럽,유흥주점영업,룸살롱,"인천광역시 계양구 계양문화로 25, 2층 201호 (작전동)",37.53303709498311,126.7360377169802,,2026-09-06,https://www.data.go.kr/data/15045018/fileData.do,https://file.localdata.go.kr/file/download/entertainment_bars/info,영업/정상,2026-01-14 22:47:10,2026-01-13 09:52:32,EPSG:5174 original transformed to EPSG:4326,official_coordinate,인천광역시,176599.424463203    ,447898.701756936    
3550000-102-2005-00005,OK노래주점,유흥주점영업,룸살롱,"인천광역시 계양구 계산새로87번길 5 (용종동,레드몰1차 109호)",37.53844725702952,126.73757729330127,,2026-09-06,https://www.data.go.kr/data/15045018/fileData.do,https://file.localdata.go.kr/file/download/entertainment_bars/info,영업/정상,2025-12-15 16:15:28,2018-02-13 10:09:46,EPSG:5174 original transformed to EPSG:4326,official_coordinate,인천광역시,176737.188860293    ,448498.786895427    
3550000-102-2005-00006,XO다국적노래클럽,유흥주점영업,룸살롱,"인천광역시 계양구 계양문화로53번길 4 (계산동,(지하1층))",37.53580127404819,126.73610341291354,,2026-09-06,https://www.data.go.kr/data/15045018/fileData.do,https://file.localdata.go.kr/file/download/entertainment_bars/info,영업/정상,2026-07-08 22:47:10,2026-07-07 11:19:04,EPSG:5174 original transformed to EPSG:4326,official_coordinate,인천광역시,176606.096939959    ,448205.478602052    
3550000-102-2005-00007,돌핀스노래주점,유흥주점영업,기타,"인천광역시 계양구 계산천동로 26 (계산동,(지하1층))",37.53784757820116,126.72494263268963,,2026-09-06,https://www.data.go.kr/data/15045018/fileData.do,https://file.localdata.go.kr/file/download/entertainment_bars/info,영업/정상,2025-12-15 16:15:28,2022-07-11 16:09:17,EPSG:5174 original transformed to EPSG:4326,official_coordinate,인천광역시,175620.328307259    ,448435.438205829    
3550000-102-2007-00001,K노래타운,유흥주점영업,룸살롱,"인천광역시 계양구 오조산로57번길 15 (계산동,명동빌딩 (6층,601호))",37.53594634101024,126.73689452069158,,2026-09-06,https://www.data.go.kr/data/15045018/fileData.do,https://file.localdata.go.kr/file/download/entertainment_bars/info,영업/정상,2025-12-15 16:15:28,2024-10-04 13:19:57,EPSG:5174 original transformed to EPSG:4326,official_coordinate,인천광역시,176676.063656676    ,448221.382397489    
3550000-102-2007-00005,베트남노래클럽,유흥주점영업,룸살롱,"인천광역시 계양구 도두리로 21, 6층 601호 (계산동, 이프라자 )",37.534190600428225,126.7367128291746,,2026-09-06,https://www.data.go.kr/data/15045018/fileData.do,https://file.localdata.go.kr/file/download/entertainment_bars/info,영업/정상,2026-08-27 22:47:10,2026-08-26 13:34:53,EPSG:5174 original transformed to EPSG:4326,official_coordinate,인천광역시,176659.45636286     ,448026.559837536    
3550000-102-2007-00010,다빈노래술클럽,유흥주점영업,룸살롱,"인천광역시 계양구 오조산로57번길 15 (계산동,(문화로 68) 명동프라자 401호)",37.53594634101024,126.73689452069158,,2026-09-06,https://www.data.go.kr/data/15045018/fileData.do,https://file.localdata.go.kr/file/download/entertainment_bars/info,영업/정상,2025-12-15 16:15:28,2023-02-21 15:01:30,EPSG:5174 original transformed to EPSG:4326,official_coordinate,인천광역시,176676.063656676    ,448221.382397489    
3550000-102-2008-00001,루이,유흥주점영업,룸살롱,"인천광역시 계양구 계양문화로 54, 2층 201호 (계산동)",37.5354049551467,126.7368341339695,,2026-09-06,https://www.data.go.kr/data/15045018/fileData.do,https://file.localdata.go.kr/file/download/entertainment_bars/info,영업/정상,2026-07-08 22:47:10,2026-07-07 10:56:39,EPSG:5174 original transformed to EPSG:4326,official_coordinate,인천광역시,176670.557328086    ,448161.309575535    
3550000-102-2008-00002,쇼부,유흥주점영업,룸살롱,"인천광역시 계양구 도두리로 21 (계산동,(도두리길 15) 이프라자 301호)",37.534190600428225,126.7367128291746,,2026-09-06,https://www.data.go.kr/data/15045018/fileData.do,https://file.localdata.go.kr/file/download/entertainment_bars/info,영업/정상,2025-12-15 16:15:28,2023-03-31 14:26:07,EPSG:5174 original transformed to EPSG:4326,official_coordinate,인천광역시,176659.45636286     ,448026.559837536    
3561000-102-2002-00015,야누스,유흥주점영업,룸살롱,"인천광역시 서해구 서곶로301번길 16, 태영프라자 401호 (심곡동)",37.5447729,126.6748960,,2026-09-06,https://www.data.go.kr/data/15045018/fileData.do,https://file.localdata.go.kr/file/download/entertainment_bars/info,영업/정상,2026-07-01 13:28:04,2022-09-02 13:42:46,kakao_local_api:address_road,geocoded_kakao_road,인천광역시,,
3561000-102-2002-00016,션샤인노래타운,유흥주점영업,룸살롱,"인천광역시 서해구 서곶로301번길 16, 301호 (심곡동, 태영프라자)",37.5447729,126.6748960,,2026-09-06,https://www.data.go.kr/data/15045018/fileData.do,https://file.localdata.go.kr/file/download/entertainment_bars/info,영업/정상,2026-07-01 13:28:04,2018-11-01 15:11:21,kakao_local_api:address_road,geocoded_kakao_road,인천광역시,,
3561000-102-2002-00026,고무신,유흥주점영업,룸살롱,"인천광역시 서해구 서곶로301번길 16, 402호 (심곡동, 태영프라자)",37.5447729,126.6748960,,2026-09-06,https://www.data.go.kr/data/15045018/fileData.do,https://file.localdata.go.kr/file/download/entertainment_bars/info,영업/정상,2026-07-01 13:28:04,2021-08-30 14:47:25,kakao_local_api:address_road,geocoded_kakao_road,인천광역시,,
3561000-102-2002-00027,백설공주 노래클럽,유흥주점영업,룸살롱,"인천광역시 서해구 탁옥로 31, 태영프라자 4층 (심곡동)",37.5441643,126.6731216,,2026-09-06,https://www.data.go.kr/data/15045018/fileData.do,https://file.localdata.go.kr/file/download/entertainment_bars/info,영업/정상,2026-07-01 13:28:04,2022-09-26 11:52:18,kakao_local_api:address_road,geocoded_kakao_road,인천광역시,,
3561000-102-2003-00001,바다클럽,유흥주점영업,룸살롱,"인천광역시 서해구 탁옥로33번길 15 (심곡동, 지하1층)",37.5455037,126.6732119,,2026-09-06,https://www.data.go.kr/data/15045018/fileData.do,https://file.localdata.go.kr/file/download/entertainment_bars/info,영업/정상,2026-07-01 13:28:04,2021-07-31 11:28:48,kakao_local_api:address_road,geocoded_kakao_road,인천광역시,,
3561000-102-2003-00003,홈런볼,유흥주점영업,룸살롱,"인천광역시 서해구 서곶로301번길 16 (심곡동, 245-6 태영프라자 4층 404호)",37.5447729,126.6748960,,2026-09-06,https://www.data.go.kr/data/15045018/fileData.do,https://file.localdata.go.kr/file/download/entertainment_bars/info,영업/정상,2026-07-01 13:28:04,2026-02-06 09:53:26,kakao_local_api:address_road,geocoded_kakao_road,인천광역시,,
3561000-102-2003-00005,션샤인노래타운,유흥주점영업,룸살롱,"인천광역시 서해구 서곶로301번길 16, 3층 304호 (심곡동, 태영프라자)",37.5447729,126.6748960,,2026-09-06,https://www.data.go.kr/data/15045018/fileData.do,https://file.localdata.go.kr/file/download/entertainment_bars/info,영업/정상,2026-07-01 13:28:04,2019-04-18 17:08:27,kakao_local_api:address_road,geocoded_kakao_road,인천광역시,,
3561000-102-2004-00002,에이스노래바,유흥주점영업,룸살롱,"인천광역시 서해구 길주로 79 (석남동,성한캣슬302호)",37.5068022,126.6708371,,2026-09-06,https://www.data.go.kr/data/15045018/fileData.do,https://file.localdata.go.kr/file/download/entertainment_bars/info,영업/정상,2026-07-01 13:28:04,2023-09-11 17:23:09,kakao_local_api:address_road,geocoded_kakao_road,인천광역시,,
3561000-102-2004-00003,여인천하19노래클럽,유흥주점영업,룸살롱,"인천광역시 서해구 탁옥로51번길 11, 3층동 305,306호 (심곡동,네오프라자)",37.5450203,126.6750380,,2026-09-06,https://www.data.go.kr/data/15045018/fileData.do,https://file.localdata.go.kr/file/download/entertainment_bars/info,영업/정상,2026-07-01 13:28:04,2023-03-24 17:22:59,kakao_local_api:address_road,geocoded_kakao_road,인천광역시,,
3561000-102-2006-00001,시크릿클럽,유흥주점영업,룸살롱,"인천광역시 서해구 탁옥로33번길 9 (심곡동,201호)",37.5448836,126.6731511,,2026-09-06,https://www.data.go.kr/data/15045018/fileData.do,https://file.localdata.go.kr/file/download/entertainment_bars/info,영업/정상,2026-07-01 13:28:04,2018-01-08 11:38:11,kakao_local_api:address_road,geocoded_kakao_road,인천광역시,,
3561000-102-2009-00001,오즈,유흥주점영업,룸살롱,"인천광역시 서해구 가정로 264 (석남동,외3필지 509-22,23,24 번지 지하1층)",37.5083163,126.6726514,,2026-09-06,https://www.data.go.kr/data/15045018/fileData.do,https://file.localdata.go.kr/file/download/entertainment_bars/info,영업/정상,2026-07-01 13:28:04,2017-08-03 10:57:56,kakao_local_api:address_road,geocoded_kakao_road,인천광역시,,
3561000-102-2011-00001,세시봉노래주점,유흥주점영업,룸살롱,"인천광역시 서해구 승학로 지하 256-1, 지하1층 (심곡동, 242-1 (지하1층))",,,,2026-09-06,https://www.data.go.kr/data/15045018/fileData.do,https://file.localdata.go.kr/file/download/entertainment_bars/info,영업/정상,2026-07-01 13:28:04,2017-08-03 10:59:59,kakao_local_api:unresolved,unresolved,인천광역시,,
3561000-102-2011-00002,1박2일노래타운,유흥주점영업,룸살롱,"인천광역시 서해구 가정로 254-1 (석남동,외 1필지( 510-10) 지상6층일부사용)",37.5074908,126.6726300,,2026-09-06,https://www.data.go.kr/data/15045018/fileData.do,https://file.localdata.go.kr/file/download/entertainment_bars/info,영업/정상,2026-07-01 13:28:04,2021-09-16 20:33:33,kakao_local_api:address_road,geocoded_kakao_road,인천광역시,,
3561000-102-2011-00003,카니발노래클럽,유흥주점영업,룸살롱,"인천광역시 서해구 길주로 83 (석남동,지하1층)",37.5066889,126.6712600,,2026-09-06,https://www.data.go.kr/data/15045018/fileData.do,https://file.localdata.go.kr/file/download/entertainment_bars/info,영업/정상,2026-07-01 13:28:04,2021-09-29 17:46:45,kakao_local_api:address_road,geocoded_kakao_road,인천광역시,,
3561000-102-2001-00007,줄래줄래 노래클럽,유흥주점영업,룸살롱,"인천광역시 서해구 탁옥로51번길 15, 지층 (심곡동)",37.54531636414877,126.67521513223514,,2026-09-06,https://www.data.go.kr/data/15045018/fileData.do,https://file.localdata.go.kr/file/download/entertainment_bars/info,영업/정상,2026-07-04 22:47:10,2026-07-03 15:15:56,EPSG:5174 original transformed to EPSG:4326,official_coordinate,인천광역시,171228.196775007    ,449278.480298343    
3561000-102-2001-00021,짝노래바유흥주점,유흥주점영업,룸살롱,인천광역시 서해구 길주로75번길 11 (석남동),37.5075536,126.6702819,,2026-09-06,https://www.data.go.kr/data/15045018/fileData.do,https://file.localdata.go.kr/file/download/entertainment_bars/info,영업/정상,2026-07-01 13:28:04,2015-11-05 16:24:14,kakao_local_api:address_road,geocoded_kakao_road,인천광역시,,
3561000-102-2000-00012,와와노래바,유흥주점영업,룸살롱,"인천광역시 서해구 길주로 85, 2층 (석남동)",37.5067071,126.6714365,,2026-09-06,https://www.data.go.kr/data/15045018/fileData.do,https://file.localdata.go.kr/file/download/entertainment_bars/info,영업/정상,2026-07-01 13:28:03,2023-06-27 16:55:40,kakao_local_api:address_road,geocoded_kakao_road,인천광역시,,
3561000-102-2000-00013,골드룸클럽,유흥주점영업,룸살롱,"인천광역시 서해구 서곶로315번길 13, 지하1층 (심곡동)",37.5456356,126.6752551,,2026-09-06,https://www.data.go.kr/data/15045018/fileData.do,https://file.localdata.go.kr/file/download/entertainment_bars/info,영업/정상,2026-07-01 13:28:03,2023-08-18 16:52:17,kakao_local_api:address_road,geocoded_kakao_road,인천광역시,,
3561000-102-2001-00001,탬버린노래타운,유흥주점영업,룸살롱,"인천광역시 서해구 가정로 252, 지하1층 (석남동)",37.5071430,126.6726119,,2026-09-06,https://www.data.go.kr/data/15045018/fileData.do,https://file.localdata.go.kr/file/download/entertainment_bars/info,영업/정상,2026-07-01 13:28:03,2022-06-07 15:40:36,kakao_local_api:address_road,geocoded_kakao_road,인천광역시,,
3561000-102-2001-00006,할로윈 갤러리,유흥주점영업,룸살롱,"인천광역시 서해구 탁옥로51번길 13-8 (심곡동, 243-14)",37.5453975,126.6744482,,2026-09-06,https://www.data.go.kr/data/15045018/fileData.do,https://file.localdata.go.kr/file/download/entertainment_bars/info,영업/정상,2026-07-01 13:28:03,2021-08-30 13:39:32,kakao_local_api:address_road,geocoded_kakao_road,인천광역시,,
3561000-102-2001-00027,보물섬다국적노래클럽,유흥주점영업,룸살롱,인천광역시 서해구 가정로 254-1 (석남동),37.5074908,126.6726300,,2026-09-06,https://www.data.go.kr/data/15045018/fileData.do,https://file.localdata.go.kr/file/download/entertainment_bars/info,영업/정상,2026-07-01 13:28:04,2019-06-26 17:06:22,kakao_local_api:address_road,geocoded_kakao_road,인천광역시,,
3561000-102-2001-00029,오림노래바,유흥주점영업,룸살롱,"인천광역시 서해구 길주로 61, 지하1층 (석남동)",37.5067224,126.6687573,,2026-09-06,https://www.data.go.kr/data/15045018/fileData.do,https://file.localdata.go.kr/file/download/entertainment_bars/info,영업/정상,2026-07-01 13:28:04,2025-02-14 17:39:42,kakao_local_api:address_road,geocoded_kakao_road,인천광역시,,
3561000-102-2001-00030,왕건노래클럽,유흥주점영업,룸살롱,인천광역시 서해구 탁옥로51번길 4 (심곡동),37.54421053259622,126.67551909334551,,2026-09-06,https://www.data.go.kr/data/15045018/fileData.do,https://file.localdata.go.kr/file/download/entertainment_bars/info,영업/정상,2026-07-10 22:47:10,2026-07-09 19:19:09,EPSG:5174 original transformed to EPSG:4326,official_coordinate,인천광역시,171254.633226467    ,449155.651686388    
3561000-102-2001-00031,파티노래,유흥주점영업,룸살롱,"인천광역시 서해구 길주로75번길 2 (석남동, 518-3(2층))",37.5067048,126.6705156,,2026-09-06,https://www.data.go.kr/data/15045018/fileData.do,https://file.localdata.go.kr/file/download/entertainment_bars/info,영업/정상,2026-07-01 13:28:04,2021-08-30 16:12:55,kakao_local_api:address_road,geocoded_kakao_road,인천광역시,,
3561000-102-2001-00032,로얄룸크럽,유흥주점영업,룸살롱,인천광역시 서해구 탁옥로51번길 4 (심곡동),37.5442103,126.6755435,,2026-09-06,https://www.data.go.kr/data/15045018/fileData.do,https://file.localdata.go.kr/file/download/entertainment_bars/info,영업/정상,2026-07-01 13:28:04,2017-08-03 10:48:40,kakao_local_api:address_road,geocoded_kakao_road,인천광역시,,
3561000-102-2001-00033,모나코클럽,유흥주점영업,룸살롱,인천광역시 서해구 서곶로301번길 19 (심곡동),37.5443746,126.6746417,,2026-09-06,https://www.data.go.kr/data/15045018/fileData.do,https://file.localdata.go.kr/file/download/entertainment_bars/info,영업/정상,2026-07-01 13:28:04,2026-02-06 09:50:37,kakao_local_api:address_road,geocoded_kakao_road,인천광역시,,
3561000-102-2002-00001,여자친구,유흥주점영업,룸살롱,인천광역시 서해구 길주로75번길 2 (석남동),37.5067048,126.6705156,,2026-09-06,https://www.data.go.kr/data/15045018/fileData.do,https://file.localdata.go.kr/file/download/entertainment_bars/info,영업/정상,2026-07-01 13:28:04,2021-08-30 16:14:30,kakao_local_api:address_road,geocoded_kakao_road,인천광역시,,
3561000-102-2002-00007,파타야클럽,유흥주점영업,룸살롱,"인천광역시 서해구 탁옥로33번길 5, 지하1층 (심곡동)",37.5445228,126.6731458,,2026-09-06,https://www.data.go.kr/data/15045018/fileData.do,https://file.localdata.go.kr/file/download/entertainment_bars/info,영업/정상,2026-07-01 13:28:04,2022-05-02 16:56:17,kakao_local_api:address_road,geocoded_kakao_road,인천광역시,,
3561000-102-1999-00004,369클럽,유흥주점영업,룸살롱,"인천광역시 서해구 탁옥로51번길 17, 하나로모텔 지하1층 (심곡동)",37.5454865,126.6752278,,2026-09-06,https://www.data.go.kr/data/15045018/fileData.do,https://file.localdata.go.kr/file/download/entertainment_bars/info,영업/정상,2026-07-01 13:28:03,2025-03-05 13:59:34,kakao_local_api:address_road,geocoded_kakao_road,인천광역시,,
3561000-102-1999-00005,쇼부노래타운,유흥주점영업,룸살롱,"인천광역시 서해구 길주로75번길 4 (석남동,(지하1층))",37.5069106,126.6705374,,2026-09-06,https://www.data.go.kr/data/15045018/fileData.do,https://file.localdata.go.kr/file/download/entertainment_bars/info,영업/정상,2026-07-01 13:28:03,2017-09-22 16:59:17,kakao_local_api:address_road,geocoded_kakao_road,인천광역시,,
3561000-102-1999-00006,봉순이19노래노래,유흥주점영업,룸살롱,"인천광역시 서해구 탁옥로 41 (심곡동, 246-12)",37.5441716,126.6742209,,2026-09-06,https://www.data.go.kr/data/15045018/fileData.do,https://file.localdata.go.kr/file/download/entertainment_bars/info,영업/정상,2026-07-01 13:28:03,2025-09-04 10:15:04,kakao_local_api:address_road,geocoded_kakao_road,인천광역시,,
3561000-102-1999-00007,신세계,유흥주점영업,룸살롱,"인천광역시 서해구 탁옥로51번길 13-11 (심곡동, 지하1층)",37.5450548,126.6740383,,2026-09-06,https://www.data.go.kr/data/15045018/fileData.do,https://file.localdata.go.kr/file/download/entertainment_bars/info,영업/정상,2026-07-01 13:28:03,2021-08-30 14:12:07,kakao_local_api:address_road,geocoded_kakao_road,인천광역시,,
3561000-102-2000-00006,파티,유흥주점영업,룸살롱,"인천광역시 서해구 서곶로301번길 20, 2층 (심곡동, 245-7번지)",37.5447717,126.6744367,,2026-09-06,https://www.data.go.kr/data/15045018/fileData.do,https://file.localdata.go.kr/file/download/entertainment_bars/info,영업/정상,2026-07-01 13:28:03,2019-10-30 16:10:03,kakao_local_api:address_road,geocoded_kakao_road,인천광역시,,
3561000-102-2018-00002,럭셔리노래클럽,유흥주점영업,룸살롱,"인천광역시 서해구 북항로32번안길 35, 그리니프라자 405호 (원창동)",37.5090119,126.6466785,,2026-09-06,https://www.data.go.kr/data/15045018/fileData.do,https://file.localdata.go.kr/file/download/entertainment_bars/info,영업/정상,2026-07-01 13:28:04,2018-07-17 13:54:35,kakao_local_api:address_road,geocoded_kakao_road,인천광역시,,
3561000-102-2018-00003,써니노래광장,유흥주점영업,룸살롱,"인천광역시 서해구 북항로32번안길 35, 그리니프라자 406호 (원창동)",37.5090119,126.6466785,,2026-09-06,https://www.data.go.kr/data/15045018/fileData.do,https://file.localdata.go.kr/file/download/entertainment_bars/info,영업/정상,2026-07-01 13:28:04,2018-07-17 14:35:48,kakao_local_api:address_road,geocoded_kakao_road,인천광역시,,
3561000-102-2019-00002,러블리짱,유흥주점영업,노래클럽,"인천광역시 서해구 길주로 101, 4층 일부호 (석남동)",37.5066093,126.6731423,,2026-09-06,https://www.data.go.kr/data/15045018/fileData.do,https://file.localdata.go.kr/file/download/entertainment_bars/info,영업/정상,2026-07-01 13:28:04,2019-10-22 15:43:57,kakao_local_api:address_road,geocoded_kakao_road,인천광역시,,
3561000-102-2019-00003,여자친구노래바,유흥주점영업,룸살롱,"인천광역시 서해구 북항로32번안길 9-20, 북항프라자2 203호 (원창동)",37.5090286,126.6461664,,2026-09-06,https://www.data.go.kr/data/15045018/fileData.do,https://file.localdata.go.kr/file/download/entertainment_bars/info,영업/정상,2026-07-01 13:28:04,2023-04-10 10:13:24,kakao_local_api:address_road,geocoded_kakao_road,인천광역시,,
3561000-102-2020-00001,파타야 라이브 클럽,유흥주점영업,룸살롱,"인천광역시 서해구 탁옥로51번길 13-9, SG호텔 지1층 (심곡동)",37.5450717,126.6743518,,2026-09-06,https://www.data.go.kr/data/15045018/fileData.do,https://file.localdata.go.kr/file/download/entertainment_bars/info,영업/정상,2026-07-01 13:28:04,2026-02-06 09:51:33,kakao_local_api:address_road,geocoded_kakao_road,인천광역시,,
3561000-102-2022-00001,샴푸 나이트 클럽,유흥주점영업,고고(디스코)클럽,"인천광역시 서해구 길주로 79, B301호 (석남동)",37.5068022,126.6708371,,2026-09-06,https://www.data.go.kr/data/15045018/fileData.do,https://file.localdata.go.kr/file/download/entertainment_bars/info,영업/정상,2026-07-01 13:28:04,2025-10-20 15:17:18,kakao_local_api:address_road,geocoded_kakao_road,인천광역시,,
3561000-102-2022-00002,마이웨이 낭만에대하여,유흥주점영업,노래클럽,"인천광역시 서해구 북항로32번안길 9-10, 6,7층 (원창동)",37.5083150,126.6462525,,2026-09-06,https://www.data.go.kr/data/15045018/fileData.do,https://file.localdata.go.kr/file/download/entertainment_bars/info,영업/정상,2026-07-01 13:28:04,2026-03-19 11:22:28,kakao_local_api:address_road,geocoded_kakao_road,인천광역시,,
3561000-102-2022-00003,스카이노래클럽,유흥주점영업,룸살롱,"인천광역시 서해구 청라한내로 90, 309호 (청라동)",37.5333323,126.6279096,,2026-09-06,https://www.data.go.kr/data/15045018/fileData.do,https://file.localdata.go.kr/file/download/entertainment_bars/info,영업/정상,2026-07-01 13:28:04,2022-11-02 10:34:51,kakao_local_api:address_road,geocoded_kakao_road,인천광역시,,
3561000-102-2022-00004,멤버쉽노래클럽,유흥주점영업,룸살롱,"인천광역시 서해구 청라한내로 90, 302,303호 (청라동)",37.5333323,126.6279096,,2026-09-06,https://www.data.go.kr/data/15045018/fileData.do,https://file.localdata.go.kr/file/download/entertainment_bars/info,영업/정상,2026-07-01 13:28:04,2022-11-18 14:19:40,kakao_local_api:address_road,geocoded_kakao_road,인천광역시,,
3561000-102-2022-00005,아테네노래클럽,유흥주점영업,룸살롱,"인천광역시 서해구 청라한내로 90, 304,305호 (청라동)",37.5333323,126.6279096,,2026-09-06,https://www.data.go.kr/data/15045018/fileData.do,https://file.localdata.go.kr/file/download/entertainment_bars/info,영업/정상,2026-07-01 13:28:04,2022-11-18 13:37:55,kakao_local_api:address_road,geocoded_kakao_road,인천광역시,,
3561000-102-2022-00006,월드소주호프노래타운,유흥주점영업,룸살롱,"인천광역시 서해구 청라한내로 90, 306호 (청라동)",37.5333323,126.6279096,,2026-09-06,https://www.data.go.kr/data/15045018/fileData.do,https://file.localdata.go.kr/file/download/entertainment_bars/info,영업/정상,2026-07-01 13:28:04,2022-11-18 13:43:52,kakao_local_api:address_road,geocoded_kakao_road,인천광역시,,
3561000-102-2022-00007,시드니노래클럽,유흥주점영업,룸살롱,"인천광역시 서해구 청라한내로 90, 307,308호 (청라동)",37.5333323,126.6279096,,2026-09-06,https://www.data.go.kr/data/15045018/fileData.do,https://file.localdata.go.kr/file/download/entertainment_bars/info,영업/정상,2026-07-01 13:28:04,2022-11-18 13:56:44,kakao_local_api:address_road,geocoded_kakao_road,인천광역시,,
3561000-102-2023-00002,비틀즈 노래타운,유흥주점영업,노래클럽,"인천광역시 서해구 북항로32번안길 9-10, 대상타워Ⅲ 505호 (원창동)",37.5083150,126.6462525,,2026-09-06,https://www.data.go.kr/data/15045018/fileData.do,https://file.localdata.go.kr/file/download/entertainment_bars/info,영업/정상,2026-07-01 13:28:04,2023-04-14 16:01:13,kakao_local_api:address_road,geocoded_kakao_road,인천광역시,,
3561000-102-2023-00008,산타나라이브7080클럽,유흥주점영업,노래클럽,"인천광역시 서해구 가정로 257, 2층 (석남동)",37.5078556,126.6721367,,2026-09-06,https://www.data.go.kr/data/15045018/fileData.do,https://file.localdata.go.kr/file/download/entertainment_bars/info,영업/정상,2026-07-01 13:28:04,2023-09-19 16:11:37,kakao_local_api:address_road,geocoded_kakao_road,인천광역시,,
3561000-102-2024-00009,퀸즈노래광장,유흥주점영업,노래클럽,"인천광역시 서해구 북항로32번안길 11, 6층 603호 (원창동)",37.5075759,126.6462526,,2026-09-06,https://www.data.go.kr/data/15045018/fileData.do,https://file.localdata.go.kr/file/download/entertainment_bars/info,영업/정상,2026-07-01 13:28:04,2024-11-25 10:01:28,kakao_local_api:address_road,geocoded_kakao_road,인천광역시,,
3561000-102-2025-00003,킹스노래광장,유흥주점영업,룸살롱,"인천광역시 서해구 북항로32번안길 11, 대상타워Ⅰ 602호 (원창동)",37.5075759,126.6462526,,2026-09-06,https://www.data.go.kr/data/15045018/fileData.do,https://file.localdata.go.kr/file/download/entertainment_bars/info,영업/정상,2026-07-01 13:28:04,2025-06-02 16:14:33,kakao_local_api:address_road,geocoded_kakao_road,인천광역시,,
3561000-102-2013-00001,여인천하노래클럽,유흥주점영업,룸살롱,"인천광역시 서해구 탁옥로51번길 11, 3층 304호 (심곡동, 심곡네오프라자)",37.5450203,126.6750380,,2026-09-06,https://www.data.go.kr/data/15045018/fileData.do,https://file.localdata.go.kr/file/download/entertainment_bars/info,영업/정상,2026-07-01 13:28:04,2017-10-29 11:16:11,kakao_local_api:address_road,geocoded_kakao_road,인천광역시,,
3561000-102-2013-00002,티파니,유흥주점영업,룸살롱,"인천광역시 서해구 탁옥로51번길 11, 401, 402호 (심곡동, 네오프라자)",37.5450203,126.6750380,,2026-09-06,https://www.data.go.kr/data/15045018/fileData.do,https://file.localdata.go.kr/file/download/entertainment_bars/info,영업/정상,2026-07-01 13:28:04,2019-06-21 20:08:31,kakao_local_api:address_road,geocoded_kakao_road,인천광역시,,
3561000-102-2014-00001,놀러와,유흥주점영업,룸살롱,"인천광역시 서해구 탁옥로51번길 11 (심곡동, 심곡네오프라자 403호,404호)",37.5450203,126.6750380,,2026-09-06,https://www.data.go.kr/data/15045018/fileData.do,https://file.localdata.go.kr/file/download/entertainment_bars/info,영업/정상,2026-07-01 13:28:04,2025-11-14 10:23:45,kakao_local_api:address_road,geocoded_kakao_road,인천광역시,,
3561000-102-2014-00004,무지개노래클럽,유흥주점영업,룸살롱,"인천광역시 서해구 서곶로315번길 17, 2층 일부호 (심곡동)",37.5455458,126.6746445,,2026-09-06,https://www.data.go.kr/data/15045018/fileData.do,https://file.localdata.go.kr/file/download/entertainment_bars/info,영업/정상,2026-07-01 13:28:04,2025-11-13 13:15:44,kakao_local_api:address_road,geocoded_kakao_road,인천광역시,,
3561000-102-2016-00001,짱,유흥주점영업,룸살롱,"인천광역시 서해구 서곶로315번길 15 (심곡동, 지하1층)",37.5456332,126.6750919,,2026-09-06,https://www.data.go.kr/data/15045018/fileData.do,https://file.localdata.go.kr/file/download/entertainment_bars/info,영업/정상,2026-07-01 13:28:04,2022-10-17 15:09:46,kakao_local_api:address_road,geocoded_kakao_road,인천광역시,,
3561000-102-2017-00001,엔츠노래타운,유흥주점영업,노래클럽,"인천광역시 서해구 탁옥로51번길 11 (심곡동, 심곡네오프라자 301,302호)",37.5450203,126.6750380,,2026-09-06,https://www.data.go.kr/data/15045018/fileData.do,https://file.localdata.go.kr/file/download/entertainment_bars/info,영업/정상,2026-07-01 13:28:04,2017-08-03 11:07:55,kakao_local_api:address_road,geocoded_kakao_road,인천광역시,,
3561000-102-2017-00002,파라오룸클럽,유흥주점영업,룸살롱,"인천광역시 서해구 탁옥로51번길 13-8 (심곡동, 2층일부)",37.5453684331096,126.6744477958795,,2026-09-06,https://www.data.go.kr/data/15045018/fileData.do,https://file.localdata.go.kr/file/download/entertainment_bars/info,영업/정상,2026-08-27 22:47:10,2026-08-26 10:15:35,EPSG:5174 original transformed to EPSG:4326,official_coordinate,인천광역시,171160.405          ,449284.495          
3561000-102-1998-00004,장녹수미인파티,유흥주점영업,룸살롱,인천광역시 서해구 길주로 71 (석남동),37.5067862,126.6699120,,2026-09-06,https://www.data.go.kr/data/15045018/fileData.do,https://file.localdata.go.kr/file/download/entertainment_bars/info,영업/정상,2026-07-01 13:28:03,2020-03-17 22:18:45,kakao_local_api:address_road,geocoded_kakao_road,인천광역시,,
3561000-102-1999-00002,골드,유흥주점영업,룸살롱,인천광역시 서해구 가정로 256 (석남동),37.5076596,126.6725348,,2026-09-06,https://www.data.go.kr/data/15045018/fileData.do,https://file.localdata.go.kr/file/download/entertainment_bars/info,영업/정상,2026-07-01 13:28:03,2022-10-11 13:54:28,kakao_local_api:address_road,geocoded_kakao_road,인천광역시,,
3561000-102-2000-00011,국빈관 나이트,유흥주점영업,룸살롱,"인천광역시 서해구 길주로 85 (석남동, 518-16)",37.5067071,126.6714365,,2026-09-06,https://www.data.go.kr/data/15045018/fileData.do,https://file.localdata.go.kr/file/download/entertainment_bars/info,영업/정상,2026-07-01 13:28:03,2025-06-09 09:16:17,kakao_local_api:address_road,geocoded_kakao_road,인천광역시,,
3565000-102-2023-00003,준코뮤직타운 인천검단점,유흥주점영업,노래클럽,"인천광역시 검단구 발산로 27, 선우프라자 5층 501,502,503,504,505,506호 (원당동)",37.5929295,126.7110393,,2026-09-06,https://www.data.go.kr/data/15045018/fileData.do,https://file.localdata.go.kr/file/download/entertainment_bars/info,영업/정상,2026-07-01 10:06:41,2026-03-25 17:01:26,kakao_local_api:address_road,geocoded_kakao_road,인천광역시,,
3565000-102-2002-00024,장희빈,유흥주점영업,룸살롱,인천광역시 검단구 완정로 152 (마전동),37.6016884,126.6599064,,2026-09-06,https://www.data.go.kr/data/15045018/fileData.do,https://file.localdata.go.kr/file/download/entertainment_bars/info,영업/정상,2026-07-01 10:06:41,2021-04-26 09:17:17,kakao_local_api:address_road,geocoded_kakao_road,인천광역시,,
3565000-102-2023-00005,벤츠 노래타운,유흥주점영업,노래클럽,"인천광역시 검단구 바리미로 29, 국제프라자 2차 4층 406,407호 (원당동)",37.5941768,126.7159542,,2026-09-06,https://www.data.go.kr/data/15045018/fileData.do,https://file.localdata.go.kr/file/download/entertainment_bars/info,영업/정상,2026-07-01 10:06:41,2026-01-13 16:49:21,kakao_local_api:address_road,geocoded_kakao_road,인천광역시,,
3565000-102-2023-00006,애플 노래클럽,유흥주점영업,노래클럽,"인천광역시 검단구 바리미로 29, 국제프라자 2차 5층 504호 (원당동)",37.5941768,126.7159542,,2026-09-06,https://www.data.go.kr/data/15045018/fileData.do,https://file.localdata.go.kr/file/download/entertainment_bars/info,영업/정상,2026-07-01 10:06:41,2026-02-23 10:42:26,kakao_local_api:address_road,geocoded_kakao_road,인천광역시,,
3565000-102-2023-00007,캣츠노래클럽,유흥주점영업,노래클럽,"인천광역시 검단구 바리미로 29, 국제프라자 2차 3층 303호 (원당동)",37.5941768,126.7159542,,2026-09-06,https://www.data.go.kr/data/15045018/fileData.do,https://file.localdata.go.kr/file/download/entertainment_bars/info,영업/정상,2026-07-25 22:47:10,2026-07-24 11:21:32,kakao_local_api:address_road,geocoded_kakao_road,인천광역시,,
3565000-102-2023-00009,강남노래짱,유흥주점영업,노래클럽,"인천광역시 검단구 발산로 27, 선우프라자 3층 305,306호 (원당동)",37.5929295,126.7110393,,2026-09-06,https://www.data.go.kr/data/15045018/fileData.do,https://file.localdata.go.kr/file/download/entertainment_bars/info,영업/정상,2026-07-01 10:06:41,2023-10-11 09:22:34,kakao_local_api:address_road,geocoded_kakao_road,인천광역시,,
3565000-102-2023-00010,아라노래타운,유흥주점영업,노래클럽,"인천광역시 검단구 바리미로 29, 국제프라자 2차 306,307호 (원당동)",37.5941768,126.7159542,,2026-09-06,https://www.data.go.kr/data/15045018/fileData.do,https://file.localdata.go.kr/file/download/entertainment_bars/info,영업/정상,2026-08-28 22:47:10,2026-08-27 17:44:30,kakao_local_api:address_road,geocoded_kakao_road,인천광역시,,
3565000-102-2023-00012,대박노래짱,유흥주점영업,기타,"인천광역시 검단구 발산로 27, 선우프라자 405,406호 (원당동)",37.5929295,126.7110393,,2026-09-06,https://www.data.go.kr/data/15045018/fileData.do,https://file.localdata.go.kr/file/download/entertainment_bars/info,영업/정상,2026-07-01 10:06:41,2023-11-21 09:28:54,kakao_local_api:address_road,geocoded_kakao_road,인천광역시,,
3565000-102-2023-00013,더노라노래타운,유흥주점영업,노래클럽,"인천광역시 검단구 바리미로 21, 409,410호 (원당동)",37.5939079,126.7152856,,2026-09-06,https://www.data.go.kr/data/15045018/fileData.do,https://file.localdata.go.kr/file/download/entertainment_bars/info,영업/정상,2026-07-01 10:06:41,2023-12-19 13:17:35,kakao_local_api:address_road,geocoded_kakao_road,인천광역시,,
3565000-102-2023-00014,카카오노래타운,유흥주점영업,노래클럽,"인천광역시 검단구 바리미로 21, 국제프라자3차 407,408호 (원당동)",37.5939079,126.7152856,,2026-09-06,https://www.data.go.kr/data/15045018/fileData.do,https://file.localdata.go.kr/file/download/entertainment_bars/info,영업/정상,2026-07-25 22:47:10,2026-07-23 17:25:47,kakao_local_api:address_road,geocoded_kakao_road,인천광역시,,
3565000-102-2023-00015,오늘도노래짱,유흥주점영업,노래클럽,"인천광역시 검단구 발산로 27, 선우프라자 314,315호 (원당동)",37.5929295,126.7110393,,2026-09-06,https://www.data.go.kr/data/15045018/fileData.do,https://file.localdata.go.kr/file/download/entertainment_bars/info,영업/정상,2026-07-25 22:47:10,2026-07-24 10:36:54,kakao_local_api:address_road,geocoded_kakao_road,인천광역시,,
3565000-102-2024-00001,문노래클럽,유흥주점영업,노래클럽,"인천광역시 검단구 바리미로 23, 솔보프라자 303호 (원당동)",37.5940867,126.7156290,,2026-09-06,https://www.data.go.kr/data/15045018/fileData.do,https://file.localdata.go.kr/file/download/entertainment_bars/info,영업/정상,2026-07-01 10:06:41,2024-01-12 10:59:34,kakao_local_api:address_road,geocoded_kakao_road,인천광역시,,
3565000-102-2024-00002,퀸노래짱,유흥주점영업,노래클럽,"인천광역시 검단구 바리미로 23, 솔보프라자 302호 (원당동)",37.5940867,126.7156290,,2026-09-06,https://www.data.go.kr/data/15045018/fileData.do,https://file.localdata.go.kr/file/download/entertainment_bars/info,영업/정상,2026-08-04 22:47:10,2026-08-03 13:58:13,kakao_local_api:address_road,geocoded_kakao_road,인천광역시,,
3565000-102-2024-00005,보물섬노래클럽,유흥주점영업,노래클럽,"인천광역시 검단구 바리미로 21, 411호 (원당동)",37.5939079,126.7152856,,2026-09-06,https://www.data.go.kr/data/15045018/fileData.do,https://file.localdata.go.kr/file/download/entertainment_bars/info,영업/정상,2026-07-01 10:06:41,2025-10-16 14:40:24,kakao_local_api:address_road,geocoded_kakao_road,인천광역시,,
3565000-102-2024-00006,VIP노래클럽,유흥주점영업,노래클럽,"인천광역시 검단구 바리미로 21, 309,310호 (원당동)",37.5939079,126.7152856,,2026-09-06,https://www.data.go.kr/data/15045018/fileData.do,https://file.localdata.go.kr/file/download/entertainment_bars/info,영업/정상,2026-07-01 10:06:41,2026-03-24 17:21:06,kakao_local_api:address_road,geocoded_kakao_road,인천광역시,,
3565000-102-2024-00007,럭셔리노래밤,유흥주점영업,노래클럽,"인천광역시 검단구 바리미로 29, 국제프라자 2차 505,506호 (원당동)",37.5941768,126.7159542,,2026-09-06,https://www.data.go.kr/data/15045018/fileData.do,https://file.localdata.go.kr/file/download/entertainment_bars/info,영업/정상,2026-07-01 10:06:41,2024-06-25 17:03:05,kakao_local_api:address_road,geocoded_kakao_road,인천광역시,,
3565000-102-2024-00010,보스라이브708090&노래짱클럽,유흥주점영업,룸살롱,"인천광역시 검단구 발산로 23, 다온프라자2 407,408,409,410호 (원당동)",37.5928996,126.7106502,,2026-09-06,https://www.data.go.kr/data/15045018/fileData.do,https://file.localdata.go.kr/file/download/entertainment_bars/info,영업/정상,2026-07-01 10:06:41,2024-12-11 14:49:31,kakao_local_api:address_road,geocoded_kakao_road,인천광역시,,
3565000-102-2026-00003,퍼펙트노래클럽,유흥주점영업,노래클럽,"인천광역시 검단구 바리미로 21, 507호 (원당동)",37.5939079,126.7152856,,2026-09-06,https://www.data.go.kr/data/15045018/fileData.do,https://file.localdata.go.kr/file/download/entertainment_bars/info,영업/정상,2026-08-12 22:47:10,2026-08-11 13:30:29,kakao_local_api:address_road,geocoded_kakao_road,인천광역시,,
3565000-102-2006-00003,황진이,유흥주점영업,룸살롱,인천광역시 검단구 완정로 158 (마전동),37.6018272,126.6589404,,2026-09-06,https://www.data.go.kr/data/15045018/fileData.do,https://file.localdata.go.kr/file/download/entertainment_bars/info,영업/정상,2026-07-01 10:06:41,2024-05-20 10:02:10,kakao_local_api:address_road,geocoded_kakao_road,인천광역시,,
3565000-102-2006-00004,폭스노래클럽,유흥주점영업,노래클럽,인천광역시 검단구 완정로 158 (마전동),37.6018272,126.6589404,,2026-09-06,https://www.data.go.kr/data/15045018/fileData.do,https://file.localdata.go.kr/file/download/entertainment_bars/info,영업/정상,2026-07-01 10:06:41,2023-07-19 09:17:26,kakao_local_api:address_road,geocoded_kakao_road,인천광역시,,
3565000-102-2007-00003,아시아ASIA68,유흥주점영업,스텐드바,"인천광역시 검단구 완정로 160, 5층 (마전동)",37.6020023,126.6586699,,2026-09-06,https://www.data.go.kr/data/15045018/fileData.do,https://file.localdata.go.kr/file/download/entertainment_bars/info,영업/정상,2026-07-01 10:06:41,2024-03-14 10:17:22,kakao_local_api:address_road,geocoded_kakao_road,인천광역시,,
3565000-102-2014-00002,링코노래타운 검단점,유흥주점영업,노래클럽,"인천광역시 검단구 완정로 160 (마전동, 802호)",37.6020023,126.6586699,,2026-09-06,https://www.data.go.kr/data/15045018/fileData.do,https://file.localdata.go.kr/file/download/entertainment_bars/info,영업/정상,2026-07-01 10:06:41,2022-10-11 10:50:19,kakao_local_api:address_road,geocoded_kakao_road,인천광역시,,
3565000-102-2019-00001,검단열차7080,유흥주점영업,고고(디스코)클럽,"인천광역시 검단구 완정로 160, 검단프라자 701호 (마전동)",37.6020023,126.6586699,,2026-09-06,https://www.data.go.kr/data/15045018/fileData.do,https://file.localdata.go.kr/file/download/entertainment_bars/info,영업/정상,2026-07-01 10:06:41,2025-10-24 14:15:08,kakao_local_api:address_road,geocoded_kakao_road,인천광역시,,
3565000-102-2023-00001,마야(MAYA),유흥주점영업,기타,"인천광역시 검단구 바리미로 29, 국제프라자 2차 5층 501,502호 (원당동)",37.5941768,126.7159542,,2026-09-06,https://www.data.go.kr/data/15045018/fileData.do,https://file.localdata.go.kr/file/download/entertainment_bars/info,영업/정상,2026-07-01 10:06:41,2023-03-27 14:21:21,kakao_local_api:address_road,geocoded_kakao_road,인천광역시,,
3565000-102-2025-00001,디오르(D'OR) 노래클럽,유흥주점영업,노래클럽,"인천광역시 검단구 바리미로 21, 506호 (원당동)",37.5939079,126.7152856,,2026-09-06,https://www.data.go.kr/data/15045018/fileData.do,https://file.localdata.go.kr/file/download/entertainment_bars/info,영업/정상,2026-07-01 10:06:41,2025-01-10 15:46:01,kakao_local_api:address_road,geocoded_kakao_road,인천광역시,,
3565000-102-2025-00002,티파니노래클럽,유흥주점영업,노래클럽,"인천광역시 검단구 바리미로 29, 국제프라자 2차 1동 305호 (원당동)",37.5941768,126.7159542,,2026-09-06,https://www.data.go.kr/data/15045018/fileData.do,https://file.localdata.go.kr/file/download/entertainment_bars/info,영업/정상,2026-07-01 10:06:41,2025-04-09 16:55:50,kakao_local_api:address_road,geocoded_kakao_road,인천광역시,,
3565000-102-2026-00001,"심쿵,아라가자",유흥주점영업,노래클럽,"인천광역시 검단구 발산로 23, 다온프라자2 301,302호 (원당동)",37.5928996,126.7106502,,2026-09-06,https://www.data.go.kr/data/15045018/fileData.do,https://file.localdata.go.kr/file/download/entertainment_bars/info,영업/정상,2026-07-01 10:06:41,2026-02-06 09:42:13,kakao_local_api:address_road,geocoded_kakao_road,인천광역시,,
3565000-102-2026-00002,MADE룸클럽,유흥주점영업,룸살롱,"인천광역시 검단구 바리미로 29, 국제프라자 2차, 308.309호 (원당동)",37.5941768,126.7159542,,2026-09-06,https://www.data.go.kr/data/15045018/fileData.do,https://file.localdata.go.kr/file/download/entertainment_bars/info,영업/정상,2026-07-29 22:47:10,2026-07-28 11:49:13,kakao_local_api:address_road,geocoded_kakao_road,인천광역시,,
3565000-102-1994-00002,뉴서울,유흥주점영업,룸살롱,인천광역시 검단구 검단로487번길 6 (마전동),37.6029101,126.6589744,,2026-09-06,https://www.data.go.kr/data/15045018/fileData.do,https://file.localdata.go.kr/file/download/entertainment_bars/info,영업/정상,2026-07-01 10:06:41,2020-05-10 19:05:34,kakao_local_api:address_road,geocoded_kakao_road,인천광역시,,
3565000-102-1996-00003,황궁,유흥주점영업,룸살롱,"인천광역시 검단구 완정로 160 (마전동, 지하)",37.6020023,126.6586699,,2026-09-06,https://www.data.go.kr/data/15045018/fileData.do,https://file.localdata.go.kr/file/download/entertainment_bars/info,영업/정상,2026-07-01 10:06:41,2024-03-19 09:47:30,kakao_local_api:address_road,geocoded_kakao_road,인천광역시,,
3565000-102-2000-00017,베트남노래클럽(THANH HAO2),유흥주점영업,룸살롱,인천광역시 검단구 완정로 148 (마전동),37.6014678,126.6597220,,2026-09-06,https://www.data.go.kr/data/15045018/fileData.do,https://file.localdata.go.kr/file/download/entertainment_bars/info,영업/정상,2026-07-01 10:06:41,2025-10-29 09:45:11,kakao_local_api:address_road,geocoded_kakao_road,인천광역시,,
3565000-102-2023-00004,뉴코뮤직타운 인천검단점,유흥주점영업,노래클럽,"인천광역시 검단구 바리미로 29, 국제프라자 2차 4층 403,404,405호 (원당동)",37.5941768,126.7159542,,2026-09-06,https://www.data.go.kr/data/15045018/fileData.do,https://file.localdata.go.kr/file/download/entertainment_bars/info,영업/정상,2026-07-01 10:06:41,2023-04-25 13:10:07,kakao_local_api:address_road,geocoded_kakao_road,인천광역시,,
3570000-102-1985-00001,대명큐,유흥주점영업,기타,인천광역시 강화군 강화읍 청하동길7번길 2-2,37.74801529075873,126.48204907529613,,2026-09-06,https://www.data.go.kr/data/15045018/fileData.do,https://file.localdata.go.kr/file/download/entertainment_bars/info,영업/정상,2025-12-15 16:15:28,2022-04-15 09:10:39,EPSG:5174 original transformed to EPSG:4326,official_coordinate,인천광역시,154282.048623768    ,471853.197574558    
3570000-102-1986-00002,교동클럽,유흥주점영업,기타,인천광역시 강화군 교동면 대룡안길54번길 21,37.7815560737788,126.28059069981587,,2026-09-06,https://www.data.go.kr/data/15045018/fileData.do,https://file.localdata.go.kr/file/download/entertainment_bars/info,영업/정상,2025-12-15 16:15:28,2024-04-16 16:26:01,EPSG:5174 original transformed to EPSG:4326,official_coordinate,인천광역시,136555.360221394    ,475693.720688089    
3570000-102-1987-00001,그때그집,유흥주점영업,기타,인천광역시 강화군 강화읍 청하동길7번길 4-1,37.747862174353074,126.48188903588125,,2026-09-06,https://www.data.go.kr/data/15045018/fileData.do,https://file.localdata.go.kr/file/download/entertainment_bars/info,영업/정상,2025-12-15 16:15:28,2017-01-12 16:33:18,EPSG:5174 original transformed to EPSG:4326,official_coordinate,인천광역시,154267.849384797    ,471836.280898025    
3570000-102-1989-00003,꼭지주점,유흥주점영업,기타,인천광역시 강화군 강화읍 강화대로409번길 5,37.74691493275497,126.4849960444382,,2026-09-06,https://www.data.go.kr/data/15045018/fileData.do,https://file.localdata.go.kr/file/download/entertainment_bars/info,영업/정상,2025-12-15 16:15:28,2025-04-22 14:50:40,EPSG:5174 original transformed to EPSG:4326,official_coordinate,인천광역시,154541.102220453    ,471729.627202753    
3570000-102-1990-00002,봉희,유흥주점영업,기타,"인천광역시 강화군 강화읍 강화대로 393, 지하1층",37.746170686248114,126.48649391478371,,2026-09-06,https://www.data.go.kr/data/15045018/fileData.do,https://file.localdata.go.kr/file/download/entertainment_bars/info,영업/정상,2026-03-07 22:47:16,2026-03-06 10:43:41,EPSG:5174 original transformed to EPSG:4326,official_coordinate,인천광역시,154672.662630386    ,471646.292993604    
3570000-102-1991-00001,부활,유흥주점영업,룸살롱,인천광역시 강화군 강화읍 강화대로 421-1,37.74770976084911,126.48399553735267,,2026-09-06,https://www.data.go.kr/data/15045018/fileData.do,https://file.localdata.go.kr/file/download/entertainment_bars/info,영업/정상,2025-12-15 16:15:28,2017-01-12 16:34:40,EPSG:5174 original transformed to EPSG:4326,official_coordinate,인천광역시,154453.41022521     ,471818.335291393    
3570000-102-1993-00001,워커힐,유흥주점영업,고고(디스코)클럽,"인천광역시 강화군 강화읍 강화대로 432, 지하1층",37.74835255693958,126.4829871303258,,2026-09-06,https://www.data.go.kr/data/15045018/fileData.do,https://file.localdata.go.kr/file/download/entertainment_bars/info,영업/정상,2025-12-15 16:15:28,2020-08-21 15:25:55,EPSG:5174 original transformed to EPSG:4326,official_coordinate,인천광역시,154364.930384198    ,471890.173586163    
3570000-102-1996-00004,노래하는돈대,유흥주점영업,고고(디스코)클럽,인천광역시 강화군 내가면 해안서로 916,37.701727818058664,126.37717275447616,,2026-09-06,https://www.data.go.kr/data/15045018/fileData.do,https://file.localdata.go.kr/file/download/entertainment_bars/info,영업/정상,2025-12-15 16:15:28,2018-07-17 09:22:18,EPSG:5174 original transformed to EPSG:4326,official_coordinate,인천광역시,145004.623321681    ,466772.051338928    
3570000-102-1996-00005,썬노래바,유흥주점영업,기타,인천광역시 강화군 길상면 온수길 35,37.64004742175114,126.49088049486295,,2026-09-06,https://www.data.go.kr/data/15045018/fileData.do,https://file.localdata.go.kr/file/download/entertainment_bars/info,영업/정상,2025-12-15 16:15:28,2024-06-27 14:06:30,EPSG:5174 original transformed to EPSG:4326,official_coordinate,인천광역시,154995.093625457    ,459865.262347331    
3570000-102-1998-00002,벌때,유흥주점영업,기타,인천광역시 강화군 강화읍 강화대로393번길 6,37.74609851660166,126.48618455719985,,2026-09-06,https://www.data.go.kr/data/15045018/fileData.do,https://file.localdata.go.kr/file/download/entertainment_bars/info,영업/정상,2025-12-15 16:15:28,2017-01-12 16:36:42,EPSG:5174 original transformed to EPSG:4326,official_coordinate,인천광역시,154645.352991329    ,471638.432687291    
3570000-102-2000-00005,볼보,유흥주점영업,룸살롱,인천광역시 강화군 내가면 해안서로 921,37.70168152315712,126.3760932216127,,2026-09-06,https://www.data.go.kr/data/15045018/fileData.do,https://file.localdata.go.kr/file/download/entertainment_bars/info,영업/정상,2025-12-15 16:15:28,2017-01-12 16:37:05,EPSG:5174 original transformed to EPSG:4326,official_coordinate,인천광역시,144909.385994179    ,466767.547877157    
3570000-102-2001-00001,공원노래하는곳,유흥주점영업,기타,인천광역시 강화군 내가면 해안서로 925,37.70184777256224,126.37576004178142,,2026-09-06,https://www.data.go.kr/data/15045018/fileData.do,https://file.localdata.go.kr/file/download/entertainment_bars/info,영업/정상,2025-12-15 16:15:28,2021-02-03 09:59:16,EPSG:5174 original transformed to EPSG:4326,official_coordinate,인천광역시,144880.126391278    ,466786.196670568    
3570000-102-2006-00001,에이비씨광장,유흥주점영업,기타,"인천광역시 강화군 강화읍 강화대로 398, 지하1층",37.74684949096126,126.48644638739513,,2026-09-06,https://www.data.go.kr/data/15045018/fileData.do,https://file.localdata.go.kr/file/download/entertainment_bars/info,영업/정상,2025-12-15 16:15:28,2024-01-16 16:59:03,EPSG:5174 original transformed to EPSG:4326,official_coordinate,인천광역시,154668.888375707    ,471721.659137478    
3570000-102-2007-00002,뉴욕가요주점,유흥주점영업,간이주점,인천광역시 강화군 강화읍 강화대로 410-1,37.74772764200452,126.4856843129848,,2026-09-06,https://www.data.go.kr/data/15045018/fileData.do,https://file.localdata.go.kr/file/download/entertainment_bars/info,영업/정상,2025-12-15 16:15:28,2024-06-17 11:18:47,EPSG:5174 original transformed to EPSG:4326,official_coordinate,인천광역시,154602.259993556    ,471819.498340603    
3570000-102-2010-00001,917노래타운,유흥주점영업,룸살롱,"인천광역시 강화군 내가면 해안서로 917, 지하1층",37.701415661261095,126.37657821924327,,2026-09-06,https://www.data.go.kr/data/15045018/fileData.do,https://file.localdata.go.kr/file/download/entertainment_bars/info,영업/정상,2025-12-15 16:15:28,2022-01-27 17:26:16,EPSG:5174 original transformed to EPSG:4326,official_coordinate,인천광역시,144951.960693187    ,466737.753537787    
3570000-102-2011-00001,카사라운지,유흥주점영업,룸살롱,인천광역시 강화군 강화읍 강화대로 406,37.747304589565076,126.48573226515848,,2026-09-06,https://www.data.go.kr/data/15045018/fileData.do,https://file.localdata.go.kr/file/download/entertainment_bars/info,영업/정상,2026-04-11 03:03:03,2026-04-10 14:15:08,EPSG:5174 original transformed to EPSG:4326,official_coordinate,인천광역시,154606.227449672    ,471772.518855376    
3570000-102-2019-00001,땡큐7080,유흥주점영업,룸살롱,"인천광역시 강화군 길상면 전등사로 41, 지하1층",37.63297197615367,126.49129353034833,,2026-09-06,https://www.data.go.kr/data/15045018/fileData.do,https://file.localdata.go.kr/file/download/entertainment_bars/info,영업/정상,2025-12-15 16:15:28,2023-09-05 13:26:38,EPSG:5174 original transformed to EPSG:4326,official_coordinate,인천광역시,155027.278507404    ,459079.748443126    
3570000-102-1985-00004,킹 노래주점,유흥주점영업,요정,"인천광역시 강화군 강화읍 청하동길5번길 4-1 ((신문리 241-78, 241-88, 241-2(126,127,130호))",37.74803347223172,126.48193673169787,,2026-09-06,https://www.data.go.kr/data/15045018/fileData.do,https://file.localdata.go.kr/file/download/entertainment_bars/info,영업/정상,2025-12-15 16:15:28,2017-01-12 16:31:27,EPSG:5174 original transformed to EPSG:4326,official_coordinate,인천광역시,154272.158557125    ,471855.270566079    
3580000-102-1983-00001,준 노래클럽,유흥주점영업,기타,"인천광역시 옹진군 백령면 당후길 22, 2층",37.960387629141245,124.66652107956081,,2026-09-06,https://www.data.go.kr/data/15045018/fileData.do,https://file.localdata.go.kr/file/download/entertainment_bars/info,영업/정상,2026-04-16 03:03:03,2026-04-15 11:04:57,EPSG:5174 original transformed to EPSG:4326,official_coordinate,인천광역시,-5150.06595885922   ,497871.17958902     
3580000-102-1986-00001,파도 소주빠,유흥주점영업,기타,인천광역시 옹진군 백령면 백령로271번길 1,37.97061326305603,124.721189443059,,2026-09-06,https://www.data.go.kr/data/15045018/fileData.do,https://file.localdata.go.kr/file/download/entertainment_bars/info,영업/정상,2026-04-01 22:47:26,2018-12-26 14:41:58,EPSG:5174 original transformed to EPSG:4326,official_coordinate,인천광역시,-317.01760704658    ,498887.307433689    
3580000-102-1987-00001,목련,유흥주점영업,기타,인천광역시 옹진군 백령면 당후길 20,37.960531746384135,124.6665325925427,,2026-09-06,https://www.data.go.kr/data/15045018/fileData.do,https://file.localdata.go.kr/file/download/entertainment_bars/info,영업/정상,2026-04-01 22:47:27,2019-11-01 16:23:20,EPSG:5174 original transformed to EPSG:4326,official_coordinate,인천광역시,-5148.65270221356   ,497887.154018224    
3580000-102-1989-00001,야시노래짱,유흥주점영업,기타,인천광역시 옹진군 백령면 당후길 23,37.9602621946389,124.66679617749672,,2026-09-06,https://www.data.go.kr/data/15045018/fileData.do,https://file.localdata.go.kr/file/download/entertainment_bars/info,영업/정상,2026-04-24 23:05:24,2026-04-22 16:36:29,EPSG:5174 original transformed to EPSG:4326,official_coordinate,인천광역시,-5126.23450727517   ,497856.647496179    
3580000-102-1992-00001,7080 코리아나 LIVE,유흥주점영업,기타,인천광역시 옹진군 백령면 백령로278번길 12,37.97187122409134,124.72085610332958,,2026-09-06,https://www.data.go.kr/data/15045018/fileData.do,https://file.localdata.go.kr/file/download/entertainment_bars/info,영업/정상,2026-04-01 22:47:32,2025-08-18 16:14:07,EPSG:5174 original transformed to EPSG:4326,official_coordinate,인천광역시,-342.891376795278   ,499027.682171143    
3580000-102-1992-00002,꿀물,유흥주점영업,기타,인천광역시 옹진군 백령면 당후길 20,37.95758737542553,124.66555886595225,,2026-09-06,https://www.data.go.kr/data/15045018/fileData.do,https://file.localdata.go.kr/file/download/entertainment_bars/info,영업/정상,2026-04-01 22:47:34,2022-01-17 14:26:04,EPSG:5174 original transformed to EPSG:4326,official_coordinate,인천광역시,-5242.44311939938   ,497562.418792383    
3580000-102-1994-00001,카스바 노래방,유흥주점영업,카바레,인천광역시 옹진군 백령면 백령로 276,37.971181528898256,124.72107257576644,,2026-09-06,https://www.data.go.kr/data/15045018/fileData.do,https://file.localdata.go.kr/file/download/entertainment_bars/info,영업/정상,2026-04-01 22:47:35,2022-01-17 14:28:13,EPSG:5174 original transformed to EPSG:4326,official_coordinate,인천광역시,-325.742889321545   ,498950.647095549    
3580000-102-1995-00001,환상노래주점,유흥주점영업,기타,인천광역시 옹진군 백령면 백령로 280,37.971493040092945,124.72066966247358,,2026-09-06,https://www.data.go.kr/data/15045018/fileData.do,https://file.localdata.go.kr/file/download/entertainment_bars/info,영업/정상,2026-04-01 22:47:37,2022-11-01 17:45:34,EPSG:5174 original transformed to EPSG:4326,official_coordinate,인천광역시,-360.305358112822   ,498986.098230889    
3580000-102-1995-00002,초원,유흥주점영업,기타,인천광역시 옹진군 백령면 백령로 275-1,37.9711736005925,124.72071747214227,,2026-09-06,https://www.data.go.kr/data/15045018/fileData.do,https://file.localdata.go.kr/file/download/entertainment_bars/info,영업/정상,2026-04-01 22:47:38,2022-01-17 14:29:41,EPSG:5174 original transformed to EPSG:4326,official_coordinate,인천광역시,-356.972634724994   ,498950.531565279    
3580000-102-1997-00002,비너스,유흥주점영업,기타,"인천광역시 옹진군 백령면 백령로 274, 2층",37.971035736484176,124.72115993731377,,2026-09-06,https://www.data.go.kr/data/15045018/fileData.do,https://file.localdata.go.kr/file/download/entertainment_bars/info,영업/정상,2026-04-01 22:47:48,2021-11-01 17:42:04,EPSG:5174 original transformed to EPSG:4326,official_coordinate,인천광역시,-318.461677816993   ,498934.273336095    
3580000-102-1998-00001,장미노래클럽,유흥주점영업,룸살롱,인천광역시 옹진군 백령면 백령로 298-1,37.971863472824836,124.71857494217234,,2026-09-06,https://www.data.go.kr/data/15045018/fileData.do,https://file.localdata.go.kr/file/download/entertainment_bars/info,영업/정상,2026-04-01 22:47:51,2022-01-17 14:31:29,EPSG:5174 original transformed to EPSG:4326,official_coordinate,인천광역시,-543.38982101606    ,499031.736324549    
3580000-102-2000-00001,연동타운,유흥주점영업,기타,인천광역시 옹진군 연평면 연평로 215-19,37.66529174363162,125.70960779521145,,2026-09-06,https://www.data.go.kr/data/15045018/fileData.do,https://file.localdata.go.kr/file/download/entertainment_bars/info,영업/정상,2026-04-01 22:47:53,2022-01-17 14:22:07,EPSG:5174 original transformed to EPSG:4326,official_coordinate,인천광역시,86075.6264952843    ,463329.800610562    
3580000-102-2000-00003,쑥골클럽,유흥주점영업,룸살롱,인천광역시 옹진군 영흥면 영흥남로46번길 46,37.249381587915416,126.47229770385493,,2026-09-06,https://www.data.go.kr/data/15045018/fileData.do,https://file.localdata.go.kr/file/download/entertainment_bars/info,영업/정상,2026-04-01 22:47:57,2015-10-02 17:09:37,EPSG:5174 original transformed to EPSG:4326,official_coordinate,인천광역시,153111.457698062    ,416515.068229291    
3580000-102-2001-00002,뉴 차차차 노래클럽,유흥주점영업,룸살롱,인천광역시 옹진군 영흥면 영흥북로35번길 21,37.257066820551785,126.49946427440871,,2026-09-06,https://www.data.go.kr/data/15045018/fileData.do,https://file.localdata.go.kr/file/download/entertainment_bars/info,영업/정상,2026-04-01 22:48:01,2020-05-06 15:45:17,EPSG:5174 original transformed to EPSG:4326,official_coordinate,인천광역시,155526.249059699    ,417354.880825019    
3580000-102-2001-00003,빠샤 노래주점,유흥주점영업,룸살롱,인천광역시 옹진군 영흥면 영흥남로 307,37.24382235290777,126.45260581756112,,2026-09-06,https://www.data.go.kr/data/15045018/fileData.do,https://file.localdata.go.kr/file/download/entertainment_bars/info,영업/정상,2026-04-01 22:48:03,2023-08-30 10:58:37,EPSG:5174 original transformed to EPSG:4326,official_coordinate,인천광역시,151360.778660622    ,415908.027915346    
3580000-102-2002-00001,퍼펙트,유흥주점영업,룸살롱,인천광역시 옹진군 백령면 백령로 282-1,37.97158269469547,124.7202641876481,,2026-09-06,https://www.data.go.kr/data/15045018/fileData.do,https://file.localdata.go.kr/file/download/entertainment_bars/info,영업/정상,2026-04-01 22:48:05,2024-05-27 13:38:54,EPSG:5174 original transformed to EPSG:4326,official_coordinate,인천광역시,-395.696301018333   ,498996.924846124    
3580000-102-2002-00002,텔레파시,유흥주점영업,노래클럽,"인천광역시 옹진군 백령면 백령로 287, 1층",37.97141913934072,124.71965069248306,,2026-09-06,https://www.data.go.kr/data/15045018/fileData.do,https://file.localdata.go.kr/file/download/entertainment_bars/info,영업/정상,2026-04-01 22:48:06,2022-01-17 14:32:52,EPSG:5174 original transformed to EPSG:4326,official_coordinate,인천광역시,-450.058000821351   ,498980.088778124    
3580000-102-2002-00003,메아리 노래클럽,유흥주점영업,룸살롱,인천광역시 옹진군 백령면 백령로 306-1,37.97199710157041,124.71768789219746,,2026-09-06,https://www.data.go.kr/data/15045018/fileData.do,https://file.localdata.go.kr/file/download/entertainment_bars/info,영업/정상,2026-04-01 22:48:08,2021-11-25 13:34:36,EPSG:5174 original transformed to EPSG:4326,official_coordinate,인천광역시,-620.983251319849   ,499048.484050324    
3580000-102-2004-00001,도레미타운,유흥주점영업,룸살롱,인천광역시 옹진군 백령면 백령로 287-1,37.97133376418356,124.71954818634971,,2026-09-06,https://www.data.go.kr/data/15045018/fileData.do,https://file.localdata.go.kr/file/download/entertainment_bars/info,영업/정상,2026-04-01 22:48:11,2023-02-16 14:10:39,EPSG:5174 original transformed to EPSG:4326,official_coordinate,인천광역시,-459.299067615854   ,498970.831407717    
3580000-102-2004-00002,아지트노래타운,유흥주점영업,룸살롱,인천광역시 옹진군 백령면 백령로 293,37.97147090196009,124.71907267640141,,2026-09-06,https://www.data.go.kr/data/15045018/fileData.do,https://file.localdata.go.kr/file/download/entertainment_bars/info,영업/정상,2026-04-01 22:48:13,2022-08-05 17:08:14,EPSG:5174 original transformed to EPSG:4326,official_coordinate,인천광역시,-500.715707028147   ,498987.080895491    
3580000-102-2008-00001,퓨전빠,유흥주점영업,비어(바)살롱,인천광역시 옹진군 백령면 두무진로 554-1,37.974327949427696,124.622112082102,,2026-09-06,https://www.data.go.kr/data/15045018/fileData.do,https://file.localdata.go.kr/file/download/entertainment_bars/info,영업/정상,2026-04-01 22:48:16,2022-01-17 14:40:56,EPSG:5174 original transformed to EPSG:4326,official_coordinate,인천광역시,-9014.00051989617   ,499517.673375155    
3580000-102-2009-00001,진미노래주점,유흥주점영업,기타,인천광역시 옹진군 연평면 연평로167번길 12,37.66154493741233,125.70533007124028,,2026-09-06,https://www.data.go.kr/data/15045018/fileData.do,https://file.localdata.go.kr/file/download/entertainment_bars/info,영업/정상,2026-04-01 22:48:17,2026-07-16 14:23:42,EPSG:5174 original transformed to EPSG:4326,official_coordinate,인천광역시,85692.4248755462    ,462919.120987925    
3580000-102-2009-00002,큐노래광장,유흥주점영업,기타,인천광역시 옹진군 영흥면 영흥남로 307,37.24382235290777,126.45260581756112,,2026-09-06,https://www.data.go.kr/data/15045018/fileData.do,https://file.localdata.go.kr/file/download/entertainment_bars/info,영업/정상,2026-04-01 22:48:19,2013-12-28 18:37:01,EPSG:5174 original transformed to EPSG:4326,official_coordinate,인천광역시,151360.778660622    ,415908.027915346    
3580000-102-1984-00001,왕과비,유흥주점영업,기타,인천광역시 옹진군 백령면 백령로 314,37.97251011606927,124.71730090687016,,2026-09-06,https://www.data.go.kr/data/15045018/fileData.do,https://file.localdata.go.kr/file/download/entertainment_bars/info,영업/정상,2026-04-01 22:47:24,2013-12-28 18:14:48,EPSG:5174 original transformed to EPSG:4326,official_coordinate,인천광역시,-653.595267381847   ,499106.272770929    
3491000-103-2023-00001,스카이(SKY),단란주점영업,단란주점,"인천광역시 영종구 하늘중앙로225번길 14, 5층 501호 (중산동)",37.4873714,126.5587620,,2026-09-06,https://www.data.go.kr/data/15045017/fileData.do,https://file.localdata.go.kr/file/download/singing_bars/info,영업/정상,2026-07-01 09:21:23,2026-01-26 11:10:24,kakao_local_api:address_road,geocoded_kakao_road,인천광역시,,
3491000-103-2015-00008,정으로,단란주점영업,단란주점,"인천광역시 영종구 신도시남로150번길 6, 지하 1층 (운서동)",37.4944355,126.4912607,,2026-09-06,https://www.data.go.kr/data/15045017/fileData.do,https://file.localdata.go.kr/file/download/singing_bars/info,영업/정상,2026-07-01 09:21:23,2015-12-08 09:59:21,kakao_local_api:address_road,geocoded_kakao_road,인천광역시,,
3491000-103-2015-00002,레드7080,단란주점영업,단란주점,"인천광역시 영종구 신도시남로150번길 2, 3층 302호 (운서동)",37.4944325,126.4908051,,2026-09-06,https://www.data.go.kr/data/15045017/fileData.do,https://file.localdata.go.kr/file/download/singing_bars/info,영업/정상,2026-07-01 09:21:23,2020-09-10 16:53:23,kakao_local_api:address_road,geocoded_kakao_road,인천광역시,,
3491000-103-2001-00005,브이아이피(VIP),단란주점영업,단란주점,"인천광역시 영종구 신도시남로150번길 4, 지하1층 (운서동, 스카이프라자)",37.4944370,126.4910469,,2026-09-06,https://www.data.go.kr/data/15045017/fileData.do,https://file.localdata.go.kr/file/download/singing_bars/info,영업/정상,2026-07-01 09:21:23,2016-12-02 09:45:53,kakao_local_api:address_road,geocoded_kakao_road,인천광역시,,
3491000-103-2016-00003,올인 7080 라이브,단란주점영업,단란주점,"인천광역시 영종구 신도시남로142번길 17, 501,502호 (운서동)",37.4940122,126.4926485,,2026-09-06,https://www.data.go.kr/data/15045017/fileData.do,https://file.localdata.go.kr/file/download/singing_bars/info,영업/정상,2026-07-01 09:21:23,2016-11-28 00:41:09,kakao_local_api:address_road,geocoded_kakao_road,인천광역시,,
3491000-103-2022-00001,오라오라,단란주점영업,단란주점,"인천광역시 영종구 신도시남로141번길 9, 골드프라자 4층 404호 (운서동)",37.4937388,126.4890613,,2026-09-06,https://www.data.go.kr/data/15045017/fileData.do,https://file.localdata.go.kr/file/download/singing_bars/info,영업/정상,2026-07-01 09:21:23,2025-04-29 17:05:19,kakao_local_api:address_road,geocoded_kakao_road,인천광역시,,
3491000-103-2020-00001,버즈LIVE,단란주점영업,단란주점,"인천광역시 영종구 은하수로 42, 7층 704호 (중산동)",37.4924734,126.5774441,,2026-09-06,https://www.data.go.kr/data/15045017/fileData.do,https://file.localdata.go.kr/file/download/singing_bars/info,영업/정상,2026-07-01 09:21:23,2020-03-25 11:35:55,kakao_local_api:address_road,geocoded_kakao_road,인천광역시,,
3491000-103-2011-00001,비,단란주점영업,단란주점,"인천광역시 영종구 영종해안남로321번길 208, 1층 (운서동)",37.4404296,126.4575319,,2026-09-06,https://www.data.go.kr/data/15045017/fileData.do,https://file.localdata.go.kr/file/download/singing_bars/info,영업/정상,2026-07-01 09:21:23,2025-12-26 15:56:35,kakao_local_api:address_road,geocoded_kakao_road,인천광역시,,
3491000-103-2022-00002,거해7080,단란주점영업,단란주점,"인천광역시 영종구 은하수로 28, 로데오프라자 2층 201호 (중산동)",37.4922778,126.5790237,,2026-09-06,https://www.data.go.kr/data/15045017/fileData.do,https://file.localdata.go.kr/file/download/singing_bars/info,영업/정상,2026-07-01 09:21:23,2022-07-20 10:59:54,kakao_local_api:address_road,geocoded_kakao_road,인천광역시,,
3491000-103-2018-00005,바커스7080,단란주점영업,단란주점,"인천광역시 영종구 흰바위로 37, 영종프라자 303호 (운서동)",37.4927498,126.4890628,,2026-09-06,https://www.data.go.kr/data/15045017/fileData.do,https://file.localdata.go.kr/file/download/singing_bars/info,영업/정상,2026-07-01 09:21:23,2025-07-15 13:57:44,kakao_local_api:address_road,geocoded_kakao_road,인천광역시,,
3491000-103-2025-00001,영종의밤,단란주점영업,단란주점,"인천광역시 영종구 하늘중앙로195번길 24, 3층 303호 (중산동)",37.4888412,126.5618242,,2026-09-06,https://www.data.go.kr/data/15045017/fileData.do,https://file.localdata.go.kr/file/download/singing_bars/info,영업/정상,2026-07-01 09:21:23,2025-11-05 17:40:27,kakao_local_api:address_road,geocoded_kakao_road,인천광역시,,
3491000-103-2026-00001,하늘빛라이브,단란주점영업,단란주점,"인천광역시 영종구 하늘중앙로225번길 16, 바른프라자 502호 (중산동)",37.4872186,126.5589227,,2026-09-06,https://www.data.go.kr/data/15045017/fileData.do,https://file.localdata.go.kr/file/download/singing_bars/info,영업/정상,2026-07-01 09:21:23,2026-03-24 10:35:54,kakao_local_api:address_road,geocoded_kakao_road,인천광역시,,
3491000-103-2018-00004,오션노래타운,단란주점영업,단란주점,"인천광역시 영종구 은하수로 1, 오션뷰 402호 (중산동)",37.49150284135601,126.58248011552746,,2026-09-06,https://www.data.go.kr/data/15045017/fileData.do,https://file.localdata.go.kr/file/download/singing_bars/info,영업/정상,2026-07-28 22:47:00,2025-11-14 10:54:01,EPSG:5174 original transformed to EPSG:4326,official_coordinate,인천광역시,163006.305238529    ,443338.248548339    
3491000-103-2015-00005,뜨락노래타운,단란주점영업,단란주점,"인천광역시 영종구 하늘중앙로195번길 23, 904호 (중산동, 하늘프라자)",37.4892217,126.5621820,,2026-09-06,https://www.data.go.kr/data/15045017/fileData.do,https://file.localdata.go.kr/file/download/singing_bars/info,영업/정상,2026-07-01 09:21:23,2017-04-17 16:02:11,kakao_local_api:address_road,geocoded_kakao_road,인천광역시,,
3491000-103-2025-00003,울트라 라운지,단란주점영업,단란주점,"인천광역시 영종구 공항문화로 127, 인스파이어 4층 R-04호 일부 (운서동)",37.4655301,126.3891177,,2026-09-06,https://www.data.go.kr/data/15045017/fileData.do,https://file.localdata.go.kr/file/download/singing_bars/info,영업/정상,2026-07-01 09:21:23,2025-11-25 17:54:38,kakao_local_api:address_road,geocoded_kakao_road,인천광역시,,
3491000-103-2021-00001,두바이 노래타운,단란주점영업,단란주점,"인천광역시 영종구 은하수로29번길 47, 지하1층 B01-2호 (중산동)",37.4915248,126.5809097,,2026-09-06,https://www.data.go.kr/data/15045017/fileData.do,https://file.localdata.go.kr/file/download/singing_bars/info,영업/정상,2026-07-01 09:21:23,2021-02-25 14:53:15,kakao_local_api:address_road,geocoded_kakao_road,인천광역시,,
3501000-103-2019-20001,PINOY PUB 앤 RESTO BAR,단란주점영업,단란주점,"인천광역시 제물포구 신포로35번길 3, 지하1층 (관동3가)",37.4720652,126.6253630,,2026-09-06,https://www.data.go.kr/data/15045017/fileData.do,https://file.localdata.go.kr/file/download/singing_bars/info,영업/정상,2026-07-01 09:40:33,2019-09-10 13:10:24,kakao_local_api:address_road,geocoded_kakao_road,인천광역시,,
3501000-103-2020-20002,채플린,단란주점영업,단란주점,"인천광역시 제물포구 연안부두로33번길 24, 지하1층 (항동7가)",37.4540085,126.6046968,,2026-09-06,https://www.data.go.kr/data/15045017/fileData.do,https://file.localdata.go.kr/file/download/singing_bars/info,영업/정상,2026-07-01 09:40:33,2020-04-24 07:54:39,kakao_local_api:address_road,geocoded_kakao_road,인천광역시,,
3501000-103-2015-20001,오인천7080라이브,단란주점영업,단란주점,"인천광역시 제물포구 우현로90번길 1-4 (인현동, 2층)",37.4744637,126.6310128,,2026-09-06,https://www.data.go.kr/data/15045017/fileData.do,https://file.localdata.go.kr/file/download/singing_bars/info,영업/정상,2026-07-01 09:40:33,2016-11-18 14:45:41,kakao_local_api:address_road,geocoded_kakao_road,인천광역시,,
3501000-103-1995-20005,로티,단란주점영업,단란주점,인천광역시 제물포구 신포로27번길 33 (중앙동3가),37.4721971,126.6234884,,2026-09-06,https://www.data.go.kr/data/15045017/fileData.do,https://file.localdata.go.kr/file/download/singing_bars/info,영업/정상,2026-07-01 09:40:33,2013-05-31 14:06:42,kakao_local_api:address_road,geocoded_kakao_road,인천광역시,,
3501000-103-2011-00001,지중해,단란주점영업,단란주점,인천광역시 제물포구 송림동 50-27 (2층) ,37.4764735,126.6450553,,2026-09-06,https://www.data.go.kr/data/15045017/fileData.do,https://file.localdata.go.kr/file/download/singing_bars/info,영업/정상,2026-07-01 09:40:33,2016-03-17 13:33:22,kakao_local_api:address_jibun,geocoded_kakao_jibun,인천광역시,,
3501000-103-2012-20005,티키타카,단란주점영업,단란주점,"인천광역시 제물포구 개항로 19 (관동3가, 지상4층)",37.4717977,126.6247194,,2026-09-06,https://www.data.go.kr/data/15045017/fileData.do,https://file.localdata.go.kr/file/download/singing_bars/info,영업/정상,2026-07-01 09:40:33,2025-06-02 16:00:45,kakao_local_api:address_road,geocoded_kakao_road,인천광역시,,
3501000-103-2013-00001,쩜프,단란주점영업,단란주점,인천광역시 제물포구 송현로 1 (송현동),37.4770373,126.6333167,,2026-09-06,https://www.data.go.kr/data/15045017/fileData.do,https://file.localdata.go.kr/file/download/singing_bars/info,영업/정상,2026-07-01 09:40:33,2013-08-23 16:02:36,kakao_local_api:address_road,geocoded_kakao_road,인천광역시,,
3501000-103-2025-20002,거품세계,단란주점영업,단란주점,"인천광역시 제물포구 우현로83번길 10, 1층 (인현동)",37.4746303,126.6298330,,2026-09-06,https://www.data.go.kr/data/15045017/fileData.do,https://file.localdata.go.kr/file/download/singing_bars/info,영업/정상,2026-07-01 09:40:33,2025-11-18 11:31:26,kakao_local_api:address_road,geocoded_kakao_road,인천광역시,,
3501000-103-1998-20002,등불,단란주점영업,단란주점,인천광역시 제물포구 도원로7번길 16 (선화동),37.4657685,126.6357712,,2026-09-06,https://www.data.go.kr/data/15045017/fileData.do,https://file.localdata.go.kr/file/download/singing_bars/info,영업/정상,2026-07-01 09:40:33,2013-02-05 10:22:41,kakao_local_api:address_road,geocoded_kakao_road,인천광역시,,
3501000-103-2024-20002,박쌤뮤라클,단란주점영업,단란주점,"인천광역시 제물포구 우현로39번길 9, 2층 201호 (신포동)",37.4707332,126.6269300,,2026-09-06,https://www.data.go.kr/data/15045017/fileData.do,https://file.localdata.go.kr/file/download/singing_bars/info,영업/정상,2026-07-01 09:40:33,2025-05-21 11:35:59,kakao_local_api:address_road,geocoded_kakao_road,인천광역시,,
3501000-103-1993-20015,에프엠라이브(FM Live) 단란주점,단란주점영업,단란주점,인천광역시 제물포구 자유공원남로 1 (관동1가),37.4737620,126.6208480,,2026-09-06,https://www.data.go.kr/data/15045017/fileData.do,https://file.localdata.go.kr/file/download/singing_bars/info,영업/정상,2026-07-01 09:40:33,2025-09-08 09:45:18,kakao_local_api:address_road,geocoded_kakao_road,인천광역시,,
3501000-103-1993-20011,왕자단란주점,단란주점영업,단란주점,인천광역시 제물포구 서해대로 460 (신흥동2가),37.4668596,126.6353363,,2026-09-06,https://www.data.go.kr/data/15045017/fileData.do,https://file.localdata.go.kr/file/download/singing_bars/info,영업/정상,2026-07-01 09:40:33,2015-09-14 10:27:50,kakao_local_api:address_road,geocoded_kakao_road,인천광역시,,
3501000-103-2002-20003,찬스단란주점,단란주점영업,단란주점,인천광역시 제물포구 신포로 19-9 (중앙동4가),37.4710154,126.6239555,,2026-09-06,https://www.data.go.kr/data/15045017/fileData.do,https://file.localdata.go.kr/file/download/singing_bars/info,영업/정상,2026-07-01 09:40:33,2014-10-23 14:29:12,kakao_local_api:address_road,geocoded_kakao_road,인천광역시,,
3501000-103-2012-20004,7080너도가수다,단란주점영업,단란주점,"인천광역시 제물포구 우현로39번길 22-1 (신포동, 지상2층)",37.4712168,126.6255991,,2026-09-06,https://www.data.go.kr/data/15045017/fileData.do,https://file.localdata.go.kr/file/download/singing_bars/info,영업/정상,2026-07-01 09:40:33,2015-07-08 15:31:44,kakao_local_api:address_road,geocoded_kakao_road,인천광역시,,
3501000-103-2017-20001,벙커(Bunker),단란주점영업,단란주점,"인천광역시 제물포구 우현로83번길 18-1, 지하1층 (인현동)",37.4747671,126.6293978,,2026-09-06,https://www.data.go.kr/data/15045017/fileData.do,https://file.localdata.go.kr/file/download/singing_bars/info,영업/정상,2026-07-01 09:40:33,2017-06-09 15:48:55,kakao_local_api:address_road,geocoded_kakao_road,인천광역시,,
3501000-103-2019-20002,라스칼라,단란주점영업,단란주점,"인천광역시 제물포구 큰우물로 22, 1층 (용동)",37.4737943,126.6316770,,2026-09-06,https://www.data.go.kr/data/15045017/fileData.do,https://file.localdata.go.kr/file/download/singing_bars/info,영업/정상,2026-07-01 09:40:33,2024-07-19 10:51:02,kakao_local_api:address_road,geocoded_kakao_road,인천광역시,,
3501000-103-2015-20003,노래하는삼치,단란주점영업,단란주점,"인천광역시 제물포구 우현로87번길 25 (인현동, 2층)",37.4750069,126.6292889,,2026-09-06,https://www.data.go.kr/data/15045017/fileData.do,https://file.localdata.go.kr/file/download/singing_bars/info,영업/정상,2026-07-01 09:40:33,2021-06-15 17:11:55,kakao_local_api:address_road,geocoded_kakao_road,인천광역시,,
3501000-103-2012-20006,진7080라이브,단란주점영업,단란주점,"인천광역시 제물포구 제물량로166번길 1-21 (신생동, 2층)",37.4705412,126.6247363,,2026-09-06,https://www.data.go.kr/data/15045017/fileData.do,https://file.localdata.go.kr/file/download/singing_bars/info,영업/정상,2026-07-01 09:40:33,2016-11-18 14:45:03,kakao_local_api:address_road,geocoded_kakao_road,인천광역시,,
3501000-103-2012-20003,초콜릿단란주점,단란주점영업,단란주점,"인천광역시 제물포구 개항로 14 (중앙동4가, 지하1층)",37.4714071,126.6244630,,2026-09-06,https://www.data.go.kr/data/15045017/fileData.do,https://file.localdata.go.kr/file/download/singing_bars/info,영업/정상,2026-07-01 09:40:33,2025-09-02 13:50:58,kakao_local_api:address_road,geocoded_kakao_road,인천광역시,,
3501000-103-2006-20001,고고민속주점,단란주점영업,단란주점,"인천광역시 제물포구 서해대로 462-2 (신흥동2가, 지하1층)",37.4671201,126.6356607,,2026-09-06,https://www.data.go.kr/data/15045017/fileData.do,https://file.localdata.go.kr/file/download/singing_bars/info,영업/정상,2026-07-01 09:40:33,2015-12-04 09:56:21,kakao_local_api:address_road,geocoded_kakao_road,인천광역시,,
3501000-103-1996-20010,커플단란주점,단란주점영업,단란주점,"인천광역시 제물포구 월미문화로 51 (북성동1가, 1층)",37.4737691,126.5970675,,2026-09-06,https://www.data.go.kr/data/15045017/fileData.do,https://file.localdata.go.kr/file/download/singing_bars/info,영업/정상,2026-07-01 09:40:33,2013-02-05 10:14:01,kakao_local_api:address_road,geocoded_kakao_road,인천광역시,,
3501000-103-1999-20007,스테이션,단란주점영업,단란주점,인천광역시 제물포구 신포로27번길 33-1 (중앙동3가),37.4722019,126.6233981,,2026-09-06,https://www.data.go.kr/data/15045017/fileData.do,https://file.localdata.go.kr/file/download/singing_bars/info,영업/정상,2026-07-01 09:40:33,2013-02-05 10:46:00,kakao_local_api:address_road,geocoded_kakao_road,인천광역시,,
3501000-103-2011-20002,나팔바지7080라이브,단란주점영업,단란주점,"인천광역시 제물포구 신포로27번길 16 (관동3가, 2층)",37.4719823,126.6246110,,2026-09-06,https://www.data.go.kr/data/15045017/fileData.do,https://file.localdata.go.kr/file/download/singing_bars/info,영업/정상,2026-07-01 09:40:33,2015-07-08 16:13:29,kakao_local_api:address_road,geocoded_kakao_road,인천광역시,,
3501000-103-1996-20007,키스키스단란주점,단란주점영업,단란주점,인천광역시 제물포구 차이나타운로52번길 11 (선린동),37.4749671,126.6179784,,2026-09-06,https://www.data.go.kr/data/15045017/fileData.do,https://file.localdata.go.kr/file/download/singing_bars/info,영업/정상,2026-07-01 09:40:33,2013-02-05 10:20:46,kakao_local_api:address_road,geocoded_kakao_road,인천광역시,,
3501000-103-1993-20004,용평소주주점,단란주점영업,단란주점,인천광역시 제물포구 서해대로 486 (유동),37.4689690,126.6365023,,2026-09-06,https://www.data.go.kr/data/15045017/fileData.do,https://file.localdata.go.kr/file/download/singing_bars/info,영업/정상,2026-07-01 09:40:33,2018-02-06 14:07:30,kakao_local_api:address_road,geocoded_kakao_road,인천광역시,,
3501000-103-2012-00001,쇼노래단란주점,단란주점영업,단란주점,"인천광역시 제물포구 샛골로 143, 3층 (송림동)",37.4752666,126.6443264,,2026-09-06,https://www.data.go.kr/data/15045017/fileData.do,https://file.localdata.go.kr/file/download/singing_bars/info,영업/정상,2026-07-01 09:40:33,2016-01-22 16:48:32,kakao_local_api:address_road,geocoded_kakao_road,인천광역시,,
3501000-103-2007-20003,쟁반타운,단란주점영업,단란주점,"인천광역시 제물포구 월미문화로 49 (북성동1가, 1층)",37.4738398,126.5973018,,2026-09-06,https://www.data.go.kr/data/15045017/fileData.do,https://file.localdata.go.kr/file/download/singing_bars/info,영업/정상,2026-07-01 09:40:33,2013-02-05 10:11:32,kakao_local_api:address_road,geocoded_kakao_road,인천광역시,,
3501000-103-1993-00002,멍텅구리 단란주점,단란주점영업,단란주점,인천광역시 제물포구 샛골로 170 (송림동),37.4775321,126.6456943,,2026-09-06,https://www.data.go.kr/data/15045017/fileData.do,https://file.localdata.go.kr/file/download/singing_bars/info,영업/정상,2026-07-01 09:40:33,2016-03-17 13:29:49,kakao_local_api:address_road,geocoded_kakao_road,인천광역시,,
3501000-103-2000-20002,써니7080,단란주점영업,단란주점,"인천광역시 제물포구 개항로 7-2, 2층 (중앙동4가)",37.4713153,126.6236455,,2026-09-06,https://www.data.go.kr/data/15045017/fileData.do,https://file.localdata.go.kr/file/download/singing_bars/info,영업/정상,2026-07-01 09:40:33,2018-07-17 12:00:55,kakao_local_api:address_road,geocoded_kakao_road,인천광역시,,
3501000-103-2016-20002,웨이브(wave),단란주점영업,단란주점,"인천광역시 제물포구 우현로83번길 18-1 (인현동, 2층)",37.4747671,126.6293978,,2026-09-06,https://www.data.go.kr/data/15045017/fileData.do,https://file.localdata.go.kr/file/download/singing_bars/info,영업/정상,2026-07-01 09:40:33,2016-06-16 20:01:33,kakao_local_api:address_road,geocoded_kakao_road,인천광역시,,
3501000-103-2007-20001,돌큐 단란주점,단란주점영업,단란주점,"인천광역시 제물포구 축항대로86번길 22 (항동7가, (지하1층)",37.4548355,126.6055781,,2026-09-06,https://www.data.go.kr/data/15045017/fileData.do,https://file.localdata.go.kr/file/download/singing_bars/info,영업/정상,2026-07-01 09:40:33,2022-06-09 13:52:06,kakao_local_api:address_road,geocoded_kakao_road,인천광역시,,
3501000-103-2016-20005,백야,단란주점영업,단란주점,"인천광역시 제물포구 신포로15번길 22-1 (중앙동4가, 4층)",37.4712866,126.6233466,,2026-09-06,https://www.data.go.kr/data/15045017/fileData.do,https://file.localdata.go.kr/file/download/singing_bars/info,영업/정상,2026-07-01 09:40:33,2016-12-13 16:55:30,kakao_local_api:address_road,geocoded_kakao_road,인천광역시,,
3501000-103-1997-20003,연인단란주점,단란주점영업,단란주점,인천광역시 제물포구 신포로27번길 24 (관동3가),37.4720907,126.6241003,,2026-09-06,https://www.data.go.kr/data/15045017/fileData.do,https://file.localdata.go.kr/file/download/singing_bars/info,영업/정상,2026-07-01 09:40:33,2012-12-10 10:54:44,kakao_local_api:address_road,geocoded_kakao_road,인천광역시,,
3501000-103-2009-00001,스카렛,단란주점영업,단란주점,"인천광역시 제물포구 화도진로 68 (화평동,외 1필지(지하1층))",37.4781456,126.6319781,,2026-09-06,https://www.data.go.kr/data/15045017/fileData.do,https://file.localdata.go.kr/file/download/singing_bars/info,영업/정상,2026-07-01 09:40:33,2016-01-22 16:45:59,kakao_local_api:address_road,geocoded_kakao_road,인천광역시,,
3501000-103-2004-20001,해운대,단란주점영업,단란주점,"인천광역시 제물포구 연안부두로33번길 4 (항동7가, 1층)",37.4548952,126.6025796,,2026-09-06,https://www.data.go.kr/data/15045017/fileData.do,https://file.localdata.go.kr/file/download/singing_bars/info,영업/정상,2026-07-01 09:40:33,2023-05-19 10:58:59,kakao_local_api:address_road,geocoded_kakao_road,인천광역시,,
3501000-103-2012-20008,재클린,단란주점영업,단란주점,"인천광역시 제물포구 신포로27번길 45 (중앙동3가, 2층)",37.4724707,126.6228902,,2026-09-06,https://www.data.go.kr/data/15045017/fileData.do,https://file.localdata.go.kr/file/download/singing_bars/info,영업/정상,2026-07-01 09:40:33,2016-11-18 14:46:39,kakao_local_api:address_road,geocoded_kakao_road,인천광역시,,
3501000-103-2001-20001,별빛나리,단란주점영업,단란주점,인천광역시 제물포구 신포로 25-1 (중앙동4가),37.4713153,126.6248683,,2026-09-06,https://www.data.go.kr/data/15045017/fileData.do,https://file.localdata.go.kr/file/download/singing_bars/info,영업/정상,2026-07-01 09:40:33,2016-05-18 14:05:58,kakao_local_api:address_road,geocoded_kakao_road,인천광역시,,
3501000-103-2017-20003,보물섬,단란주점영업,단란주점,"인천광역시 제물포구 연안부두로33번길 26, 지하1층 (항동7가)",37.4539600,126.6048139,,2026-09-06,https://www.data.go.kr/data/15045017/fileData.do,https://file.localdata.go.kr/file/download/singing_bars/info,영업/정상,2026-07-01 09:40:33,2021-05-24 17:32:59,kakao_local_api:address_road,geocoded_kakao_road,인천광역시,,
3501000-103-2002-20001,낄 단란주점,단란주점영업,단란주점,인천광역시 제물포구 우현로67번길 33 (내동),37.4746175,126.6290569,,2026-09-06,https://www.data.go.kr/data/15045017/fileData.do,https://file.localdata.go.kr/file/download/singing_bars/info,영업/정상,2026-07-01 09:40:33,2020-09-23 17:20:35,kakao_local_api:address_road,geocoded_kakao_road,인천광역시,,
3501000-103-2018-20001,청춘노래하는포차주점,단란주점영업,단란주점,"인천광역시 제물포구 개항로 83, 2층 (경동)",37.4720757,126.6318166,,2026-09-06,https://www.data.go.kr/data/15045017/fileData.do,https://file.localdata.go.kr/file/download/singing_bars/info,영업/정상,2026-07-01 09:40:33,2019-02-18 14:07:37,kakao_local_api:address_road,geocoded_kakao_road,인천광역시,,
3501000-103-1996-20009,낭만단란주점,단란주점영업,단란주점,인천광역시 제물포구 서해대로454번길 10-1 (선화동),37.4659831,126.6357615,,2026-09-06,https://www.data.go.kr/data/15045017/fileData.do,https://file.localdata.go.kr/file/download/singing_bars/info,영업/정상,2026-07-01 09:40:33,2013-02-05 10:24:18,kakao_local_api:address_road,geocoded_kakao_road,인천광역시,,
3501000-103-2012-20007,앤드7080,단란주점영업,단란주점,"인천광역시 제물포구 개항로 9-1 (중앙동4가, 2층)",37.4713791,126.6238017,,2026-09-06,https://www.data.go.kr/data/15045017/fileData.do,https://file.localdata.go.kr/file/download/singing_bars/info,영업/정상,2026-07-01 09:40:33,2012-07-26 09:05:21,kakao_local_api:address_road,geocoded_kakao_road,인천광역시,,
3501000-103-2010-20001,하나궁,단란주점영업,단란주점,"인천광역시 제물포구 신포로35번길 6 (송학동3가, 1층)",37.4723022,126.6254941,,2026-09-06,https://www.data.go.kr/data/15045017/fileData.do,https://file.localdata.go.kr/file/download/singing_bars/info,영업/정상,2026-07-01 09:40:33,2013-02-05 10:27:36,kakao_local_api:address_road,geocoded_kakao_road,인천광역시,,
3501000-103-2012-20002,지인,단란주점영업,단란주점,"인천광역시 제물포구 우현로35번길 23 (신생동, 2층)",37.4707939,126.6251408,,2026-09-06,https://www.data.go.kr/data/15045017/fileData.do,https://file.localdata.go.kr/file/download/singing_bars/info,영업/정상,2026-07-01 09:40:33,2025-11-27 12:54:34,kakao_local_api:address_road,geocoded_kakao_road,인천광역시,,
3501000-103-2018-20002,월미단란주점,단란주점영업,단란주점,"인천광역시 제물포구 월미로233번길 3, 지하1층 (북성동1가)",37.4750827,126.5999538,,2026-09-06,https://www.data.go.kr/data/15045017/fileData.do,https://file.localdata.go.kr/file/download/singing_bars/info,영업/정상,2026-07-01 09:40:33,2018-04-06 13:16:39,kakao_local_api:address_road,geocoded_kakao_road,인천광역시,,
3501000-103-2021-20002,노래하는 술창고,단란주점영업,단란주점,"인천광역시 제물포구 연안부두로 13, 2층 (항동7가)",37.4563393,126.6044625,,2026-09-06,https://www.data.go.kr/data/15045017/fileData.do,https://file.localdata.go.kr/file/download/singing_bars/info,영업/정상,2026-07-01 09:40:33,2021-08-04 17:51:45,kakao_local_api:address_road,geocoded_kakao_road,인천광역시,,
3510500-103-2001-00001,센스,단란주점영업,단란주점,"인천광역시 미추홀구 인주대로 168, 2층 (용현동)",37.45575527337215,126.65558725478917,,2026-09-06,https://www.data.go.kr/data/15045017/fileData.do,https://file.localdata.go.kr/file/download/singing_bars/info,영업/정상,2026-05-08 22:48:14,2020-10-13 18:05:29,EPSG:5174 original transformed to EPSG:4326,official_coordinate,인천광역시,169457.086921851    ,439344.430255539    
3510500-103-2001-00003,차차차 가요주점,단란주점영업,단란주점,"인천광역시 미추홀구 경인로 500 (주안동,지하)",37.45988605883484,126.69493958305529,,2026-09-06,https://www.data.go.kr/data/15045017/fileData.do,https://file.localdata.go.kr/file/download/singing_bars/info,영업/정상,2026-05-08 22:48:14,2021-11-02 14:49:01,EPSG:5174 original transformed to EPSG:4326,official_coordinate,인천광역시,172940.421327005    ,439790.839522267    
3510500-103-2001-00005,베트남 다국적 단란주점,단란주점영업,단란주점,"인천광역시 미추홀구 미추홀대로722번길 17 (주안동,2층)",37.461918413674,126.68149107731222,,2026-09-06,https://www.data.go.kr/data/15045017/fileData.do,https://file.localdata.go.kr/file/download/singing_bars/info,영업/정상,2026-05-08 22:48:14,2025-08-13 14:35:29,EPSG:5174 original transformed to EPSG:4326,official_coordinate,인천광역시,171751.347222505    ,440020.362720044    
3510500-103-2001-00013,OK노래하는소주방,단란주점영업,단란주점,"인천광역시 미추홀구 경인로325번길 22-35 (주안동,지하1층)",37.459830303757435,126.67766622372922,,2026-09-06,https://www.data.go.kr/data/15045017/fileData.do,https://file.localdata.go.kr/file/download/singing_bars/info,영업/정상,2026-05-08 22:48:14,2020-10-13 18:22:46,EPSG:5174 original transformed to EPSG:4326,official_coordinate,인천광역시,171412.160310686    ,439789.764654802    
3510500-103-2002-00001,킹단란주점,단란주점영업,단란주점,인천광역시 미추홀구 경인로 9 (숭의동),37.4630533893435,126.64446661864902,,2026-09-06,https://www.data.go.kr/data/15045017/fileData.do,https://file.localdata.go.kr/file/download/singing_bars/info,영업/정상,2026-05-08 22:48:14,2023-09-20 16:43:50,EPSG:5174 original transformed to EPSG:4326,official_coordinate,인천광역시,168476.216717369    ,440158.10239851     
3510500-103-2002-00002,황금라이브,단란주점영업,단란주점,"인천광역시 미추홀구 미추홀대로 709 (주안동,지하1층)",37.46072856494106,126.67995729097822,,2026-09-06,https://www.data.go.kr/data/15045017/fileData.do,https://file.localdata.go.kr/file/download/singing_bars/info,영업/정상,2026-06-16 03:03:03,2026-06-15 15:07:39,EPSG:5174 original transformed to EPSG:4326,official_coordinate,인천광역시,171615.200212147    ,439888.76624392     
3510500-103-2002-00005,맵시,단란주점영업,단란주점,"인천광역시 미추홀구 석바위로 109 (주안동,지하1층)",37.460351420705095,126.68519305838896,,2026-09-06,https://www.data.go.kr/data/15045017/fileData.do,https://file.localdata.go.kr/file/download/singing_bars/info,영업/정상,2026-05-08 22:48:14,2024-01-26 11:06:40,EPSG:5174 original transformed to EPSG:4326,official_coordinate,인천광역시,172078.28275289     ,439845.339657139    
3510500-103-2002-00009,오케이 가요주점,단란주점영업,단란주점,"인천광역시 미추홀구 주안중로 7, 지하1층 (주안동)",37.459161257883025,126.68252005845682,,2026-09-06,https://www.data.go.kr/data/15045017/fileData.do,https://file.localdata.go.kr/file/download/singing_bars/info,영업/정상,2026-05-08 22:48:14,2020-10-13 18:08:14,EPSG:5174 original transformed to EPSG:4326,official_coordinate,인천광역시,171841.346474509    ,439714.04369472     
3510500-103-2002-00010,여보여보노래타운,단란주점영업,단란주점,인천광역시 미추홀구 동주길 139 (주안동),37.45758203546184,126.68481429925367,,2026-09-06,https://www.data.go.kr/data/15045017/fileData.do,https://file.localdata.go.kr/file/download/singing_bars/info,영업/정상,2026-05-08 22:48:14,2024-12-30 17:40:04,EPSG:5174 original transformed to EPSG:4326,official_coordinate,인천광역시,172043.739459848    ,439538.084754441    
3510500-103-2020-00002,티파니노래짱,단란주점영업,단란주점,"인천광역시 미추홀구 독배로 420, 지하1층 (용현동)",37.45708502835938,126.65001814464448,,2026-09-06,https://www.data.go.kr/data/15045017/fileData.do,https://file.localdata.go.kr/file/download/singing_bars/info,영업/정상,2026-05-08 22:48:16,2020-07-31 16:02:27,EPSG:5174 original transformed to EPSG:4326,official_coordinate,인천광역시,168964.889639938    ,439493.840383998    
3510500-103-2021-00001,홀리데이,단란주점영업,단란주점,"인천광역시 미추홀구 독배로 426, 중앙프라자 쇼핑센타 지하1층 (용현동)",37.457652846173865,126.64975972966914,,2026-09-06,https://www.data.go.kr/data/15045017/fileData.do,https://file.localdata.go.kr/file/download/singing_bars/info,영업/정상,2026-05-08 22:48:16,2026-02-02 15:15:02,EPSG:5174 original transformed to EPSG:4326,official_coordinate,인천광역시,168942.26109994     ,439556.946507217    
3510500-103-2023-00001,만남라이브 단란,단란주점영업,단란주점,"인천광역시 미추홀구 제일로 41, 2층 일부호 (도화동)",37.459064226837555,126.67481852316318,,2026-09-06,https://www.data.go.kr/data/15045017/fileData.do,https://file.localdata.go.kr/file/download/singing_bars/info,영업/정상,2026-05-08 22:48:16,2023-02-23 09:48:01,EPSG:5174 original transformed to EPSG:4326,official_coordinate,인천광역시,171159.918323892    ,439705.609450645    
3510500-103-2023-00002,커플노래타운,단란주점영업,단란주점,"인천광역시 미추홀구 경인로435번길 34, 1층 (주안동)",37.45954265201855,126.68885711635787,,2026-09-06,https://www.data.go.kr/data/15045017/fileData.do,https://file.localdata.go.kr/file/download/singing_bars/info,영업/정상,2026-05-08 22:48:16,2023-09-14 17:04:36,EPSG:5174 original transformed to EPSG:4326,official_coordinate,인천광역시,172402.155969998    ,439754.494183464    
3510500-103-2023-00003,두발로 7080,단란주점영업,단란주점,"인천광역시 미추홀구 주안로 80, 지하1층 (주안동)",37.46390508061327,126.67852418948253,,2026-09-06,https://www.data.go.kr/data/15045017/fileData.do,https://file.localdata.go.kr/file/download/singing_bars/info,영업/정상,2026-05-08 22:48:16,2023-08-18 15:16:53,EPSG:5174 original transformed to EPSG:4326,official_coordinate,인천광역시,171489.618445726    ,440241.754161261    
3510500-103-2023-00004,용봉,단란주점영업,단란주점,"인천광역시 미추홀구 경인로 335, 지하1층 일부호 (주안동)",37.4589263870118,126.67711741095276,,2026-09-06,https://www.data.go.kr/data/15045017/fileData.do,https://file.localdata.go.kr/file/download/singing_bars/info,영업/정상,2026-05-08 22:48:16,2023-06-13 14:53:45,EPSG:5174 original transformed to EPSG:4326,official_coordinate,인천광역시,171363.259266327    ,439689.608108957    
3510500-103-2023-00005,봉봉노래타운,단란주점영업,단란주점,"인천광역시 미추홀구 경인로425번길 19, 대흥빌딩 3층 (주안동)",37.45896629670082,126.68737611045505,,2026-09-06,https://www.data.go.kr/data/15045017/fileData.do,https://file.localdata.go.kr/file/download/singing_bars/info,영업/정상,2026-05-08 22:48:16,2023-10-26 10:09:08,EPSG:5174 original transformed to EPSG:4326,official_coordinate,인천광역시,172270.911860097    ,439690.961760896    
3510500-103-2023-00006,금강산,단란주점영업,단란주점,"인천광역시 미추홀구 경원대로 853, 삼미쇼핑 3층 301호 (주안동)",37.45919044017609,126.68928499774405,,2026-09-06,https://www.data.go.kr/data/15045017/fileData.do,https://file.localdata.go.kr/file/download/singing_bars/info,영업/정상,2026-05-08 22:48:16,2025-04-16 13:56:51,EPSG:5174 original transformed to EPSG:4326,official_coordinate,인천광역시,172439.882878687    ,439715.277481402    
3510500-103-2024-00001,엔조이 7080라이브,단란주점영업,단란주점,"인천광역시 미추홀구 독배로 446, 2층 202호 (숭의동)",37.459364085925905,126.6488829063264,,2026-09-06,https://www.data.go.kr/data/15045017/fileData.do,https://file.localdata.go.kr/file/download/singing_bars/info,영업/정상,2026-05-08 22:48:16,2024-04-29 11:56:11,EPSG:5174 original transformed to EPSG:4326,official_coordinate,인천광역시,168865.393705405    ,439747.163113953    
3510500-103-2024-00002,금강산 단란주점,단란주점영업,단란주점,"인천광역시 미추홀구 경원대로 853, 삼미쇼핑 3층 303호 (주안동)",37.45919044017609,126.68928499774405,,2026-09-06,https://www.data.go.kr/data/15045017/fileData.do,https://file.localdata.go.kr/file/download/singing_bars/info,영업/정상,2026-05-08 22:48:16,2025-04-16 13:58:18,EPSG:5174 original transformed to EPSG:4326,official_coordinate,인천광역시,172439.882878687    ,439715.277481402    
3510500-103-2024-00003,별빛,단란주점영업,단란주점,"인천광역시 미추홀구 미추홀대로734번길 20, 지하 1층 (주안동)",37.462878384244505,126.68149857062036,,2026-09-06,https://www.data.go.kr/data/15045017/fileData.do,https://file.localdata.go.kr/file/download/singing_bars/info,영업/정상,2026-05-08 22:48:16,2024-12-10 17:32:00,EPSG:5174 original transformed to EPSG:4326,official_coordinate,인천광역시,171752.372103352    ,440126.905391132    
3510500-103-2011-00002,준코뮤직타운 주안2호점,단란주점영업,단란주점,"인천광역시 미추홀구 주안로104번길 8 (주안동,주안동N-Joy상가3층(302호))",37.46359484086383,126.68105659053724,,2026-09-06,https://www.data.go.kr/data/15045017/fileData.do,https://file.localdata.go.kr/file/download/singing_bars/info,영업/정상,2026-09-02 22:47:00,2026-09-01 11:04:37,EPSG:5174 original transformed to EPSG:4326,official_coordinate,인천광역시,171713.5405025      ,440206.556198418    
3510500-103-2011-00003,쎄시봉,단란주점영업,단란주점,"인천광역시 미추홀구 아암대로 97, 지하1층 (용현동)",37.453209327659785,126.6331522626196,,2026-09-06,https://www.data.go.kr/data/15045017/fileData.do,https://file.localdata.go.kr/file/download/singing_bars/info,영업/정상,2026-05-08 22:48:15,2024-05-01 10:47:06,EPSG:5174 original transformed to EPSG:4326,official_coordinate,인천광역시,167470.961743239    ,439069.386029437    
3510500-103-2012-00002,명품,단란주점영업,단란주점,"인천광역시 미추홀구 석바위로 140, 지하1층 (주안동)",37.45965035287252,126.6882831711826,,2026-09-06,https://www.data.go.kr/data/15045017/fileData.do,https://file.localdata.go.kr/file/download/singing_bars/info,영업/정상,2026-05-08 22:48:15,2021-10-26 13:31:41,EPSG:5174 original transformed to EPSG:4326,official_coordinate,인천광역시,172351.416372846    ,439766.616322036    
3510500-103-2012-00003,뮤직홀7080라이브,단란주점영업,단란주점,"인천광역시 미추홀구 경원대로 853, 지하1층 (주안동)",37.45919044017609,126.68928499774405,,2026-09-06,https://www.data.go.kr/data/15045017/fileData.do,https://file.localdata.go.kr/file/download/singing_bars/info,영업/정상,2026-05-08 22:48:15,2020-10-13 18:18:35,EPSG:5174 original transformed to EPSG:4326,official_coordinate,인천광역시,172439.882878687    ,439715.277481402    
3510500-103-2012-00004,우정라이브,단란주점영업,단란주점,인천광역시 미추홀구 경원대로858번길 7 (주안동),37.4592949489785,126.69014379415279,,2026-09-06,https://www.data.go.kr/data/15045017/fileData.do,https://file.localdata.go.kr/file/download/singing_bars/info,영업/정상,2026-05-08 22:48:15,2020-10-13 18:18:51,EPSG:5174 original transformed to EPSG:4326,official_coordinate,인천광역시,172515.902893456    ,439726.625196265    
3510500-103-2013-00001,아리랑 노래주점,단란주점영업,단란주점,"인천광역시 미추홀구 독배로432번길 4 (용현동, 2층)",37.458079411333095,126.64959880721828,,2026-09-06,https://www.data.go.kr/data/15045017/fileData.do,https://file.localdata.go.kr/file/download/singing_bars/info,영업/정상,2026-05-08 22:48:15,2020-10-13 18:19:08,EPSG:5174 original transformed to EPSG:4326,official_coordinate,인천광역시,168928.200083001    ,439604.343166637    
3510500-103-2013-00002,람바다,단란주점영업,단란주점,인천광역시 미추홀구 경인로 16 (숭의동),37.462810754686124,126.64501008418674,,2026-09-06,https://www.data.go.kr/data/15045017/fileData.do,https://file.localdata.go.kr/file/download/singing_bars/info,영업/정상,2026-06-05 03:03:03,2026-06-04 13:32:45,EPSG:5174 original transformed to EPSG:4326,official_coordinate,인천광역시,168524.195292422    ,440130.990810863    
3510500-103-2013-00003,헤이헤이라이브 7080,단란주점영업,단란주점,"인천광역시 미추홀구 아암대로 87 (용현동, 103호)",37.45391896887983,126.63368882007344,,2026-09-06,https://www.data.go.kr/data/15045017/fileData.do,https://file.localdata.go.kr/file/download/singing_bars/info,영업/정상,2026-05-08 22:48:15,2024-03-05 14:47:04,EPSG:5174 original transformed to EPSG:4326,official_coordinate,인천광역시,167518.744776739    ,439147.961993406    
3510500-103-2013-00005,보석노래주점,단란주점영업,단란주점,"인천광역시 미추홀구 독배로 449 (숭의동, 2층)",37.45943898936445,126.64826161666666,,2026-09-06,https://www.data.go.kr/data/15045017/fileData.do,https://file.localdata.go.kr/file/download/singing_bars/info,영업/정상,2026-05-08 22:48:15,2025-06-23 17:24:08,EPSG:5174 original transformed to EPSG:4326,official_coordinate,인천광역시,168810.456581833    ,439755.682405602    
3510500-103-2013-00006,7080라이브레인보우,단란주점영업,단란주점,"인천광역시 미추홀구 주염로 5 (주안동, 2층)",37.46622299566527,126.68151008969316,,2026-09-06,https://www.data.go.kr/data/15045017/fileData.do,https://file.localdata.go.kr/file/download/singing_bars/info,영업/정상,2026-05-08 22:48:15,2022-01-27 14:00:00,EPSG:5174 original transformed to EPSG:4326,official_coordinate,인천광역시,171754.652233496    ,440498.112785047    
3510500-103-2015-00002,골든벨7080,단란주점영업,단란주점,"인천광역시 미추홀구 석바위로 126, 지하1층 (주안동)",37.459694120377684,126.68673872795837,,2026-09-06,https://www.data.go.kr/data/15045017/fileData.do,https://file.localdata.go.kr/file/download/singing_bars/info,영업/정상,2026-05-08 22:48:15,2024-11-20 15:40:16,EPSG:5174 original transformed to EPSG:4326,official_coordinate,인천광역시,172214.789417232    ,439771.929406436    
3510500-103-2016-00001,몽놈(Mong Nom),단란주점영업,단란주점,"인천광역시 미추홀구 미추홀대로722번길 12, 6층 (주안동)",37.4617257259436,126.68102050764575,,2026-09-06,https://www.data.go.kr/data/15045017/fileData.do,https://file.localdata.go.kr/file/download/singing_bars/info,영업/정상,2026-05-08 22:48:15,2024-11-22 13:15:11,EPSG:5174 original transformed to EPSG:4326,official_coordinate,인천광역시,171709.642500623    ,439999.118285588    
3510500-103-2016-00003,소풍7080라이브,단란주점영업,단란주점,"인천광역시 미추홀구 석바위로 42, 지하1층 (주안동)",37.46056857916119,126.67755985661543,,2026-09-06,https://www.data.go.kr/data/15045017/fileData.do,https://file.localdata.go.kr/file/download/singing_bars/info,영업/정상,2026-05-08 22:48:15,2026-03-30 13:38:13,EPSG:5174 original transformed to EPSG:4326,official_coordinate,인천광역시,171403.031362163    ,439871.736474479    
3510500-103-2016-00004,뮤직짱노래단란주점,단란주점영업,단란주점,인천광역시 미추홀구 주안로104번길 27 (주안동),37.46261735299792,126.68136907565497,,2026-09-06,https://www.data.go.kr/data/15045017/fileData.do,https://file.localdata.go.kr/file/download/singing_bars/info,영업/정상,2026-05-08 22:48:15,2020-10-13 18:20:10,EPSG:5174 original transformed to EPSG:4326,official_coordinate,인천광역시,171740.817189631    ,440097.97305867     
3510500-103-2017-00002,저녁무대,단란주점영업,단란주점,"인천광역시 미추홀구 주안서로 19, 지하1층 B02호 (주안동)",37.460371302952936,126.67743281352809,,2026-09-06,https://www.data.go.kr/data/15045017/fileData.do,https://file.localdata.go.kr/file/download/singing_bars/info,영업/정상,2026-05-08 22:48:15,2025-10-23 14:43:39,EPSG:5174 original transformed to EPSG:4326,official_coordinate,인천광역시,171391.716156412    ,439849.879905498    
3510500-103-2017-00003,지니노래타운,단란주점영업,단란주점,"인천광역시 미추홀구 주안로104번길 16, 2층 (주안동)",37.46311471727164,126.68112574491049,,2026-09-06,https://www.data.go.kr/data/15045017/fileData.do,https://file.localdata.go.kr/file/download/singing_bars/info,영업/정상,2026-05-08 22:48:15,2020-10-13 18:20:53,EPSG:5174 original transformed to EPSG:4326,official_coordinate,인천광역시,171719.477315678    ,440153.247567016    
3510500-103-2017-00004,소리노래밤,단란주점영업,단란주점,"인천광역시 미추홀구 석바위로 58, 지하1층 (주안동)",37.460663615665034,126.67945035072002,,2026-09-06,https://www.data.go.kr/data/15045017/fileData.do,https://file.localdata.go.kr/file/download/singing_bars/info,영업/정상,2026-05-08 22:48:15,2020-10-13 18:21:07,EPSG:5174 original transformed to EPSG:4326,official_coordinate,인천광역시,171570.325132976    ,439881.71088242     
3510500-103-2017-00005,석바위7080,단란주점영업,단란주점,"인천광역시 미추홀구 경인로 438, 2층 (주안동)",37.45768340971099,126.68881556418023,,2026-09-06,https://www.data.go.kr/data/15045017/fileData.do,https://file.localdata.go.kr/file/download/singing_bars/info,영업/정상,2026-05-08 22:48:15,2026-04-17 16:41:37,EPSG:5174 original transformed to EPSG:4326,official_coordinate,인천광역시,172397.794773059    ,439548.153533823    
3510500-103-2017-00006,노래하는 라이브8090,단란주점영업,단란주점,"인천광역시 미추홀구 주안로104번길 29, 4층 (주안동)",37.46249085192915,126.68132393183221,,2026-09-06,https://www.data.go.kr/data/15045017/fileData.do,https://file.localdata.go.kr/file/download/singing_bars/info,영업/정상,2026-05-08 22:48:15,2026-03-25 13:38:12,EPSG:5174 original transformed to EPSG:4326,official_coordinate,인천광역시,171736.775567994    ,440083.94656986     
3510500-103-2017-00007,준라이브,단란주점영업,단란주점,"인천광역시 미추홀구 석바위로 129, A동 2층 (주안동)",37.459926373574284,126.6872611491824,,2026-09-06,https://www.data.go.kr/data/15045017/fileData.do,https://file.localdata.go.kr/file/download/singing_bars/info,영업/정상,2026-05-08 22:48:15,2024-01-24 15:21:06,EPSG:5174 original transformed to EPSG:4326,official_coordinate,인천광역시,172261.096109898    ,439797.552333959    
3510500-103-2018-00001,풍금7080,단란주점영업,단란주점,"인천광역시 미추홀구 경인로 437, 2층 (주안동)",37.45815618355843,126.68869597132182,,2026-09-06,https://www.data.go.kr/data/15045017/fileData.do,https://file.localdata.go.kr/file/download/singing_bars/info,영업/정상,2026-05-08 22:48:15,2018-02-08 09:45:30,EPSG:5174 original transformed to EPSG:4326,official_coordinate,인천광역시,172387.387851346    ,439600.660690507    
3510500-103-2018-00002,아바,단란주점영업,단란주점,"인천광역시 미추홀구 토금중로 8, 3층 (용현동)",37.4540655393224,126.63447482329056,,2026-09-06,https://www.data.go.kr/data/15045017/fileData.do,https://file.localdata.go.kr/file/download/singing_bars/info,영업/정상,2026-05-08 22:48:15,2023-01-26 16:58:16,EPSG:5174 original transformed to EPSG:4326,official_coordinate,인천광역시,167588.354463585    ,439163.95830208     
3510500-103-2018-00003,오니,단란주점영업,단란주점,"인천광역시 미추홀구 주안로 116, 주안리가스퀘어 B106호 (주안동)",37.463609177629564,126.68254487452913,,2026-09-06,https://www.data.go.kr/data/15045017/fileData.do,https://file.localdata.go.kr/file/download/singing_bars/info,영업/정상,2026-05-08 22:48:16,2018-08-29 10:01:17,EPSG:5174 original transformed to EPSG:4326,official_coordinate,인천광역시,171845.213543055    ,440207.700533061    
3510500-103-2018-00004,골드노래짱,단란주점영업,단란주점,"인천광역시 미추홀구 독배로 430, 지하1층 (용현동)",37.45792030543488,126.64971047355178,,2026-09-06,https://www.data.go.kr/data/15045017/fileData.do,https://file.localdata.go.kr/file/download/singing_bars/info,영업/정상,2026-05-08 22:48:16,2025-12-30 15:25:33,EPSG:5174 original transformed to EPSG:4326,official_coordinate,인천광역시,168938.013935468    ,439586.647469144    
3510500-103-2019-00001,황금성단란주점,단란주점영업,단란주점,"인천광역시 미추홀구 주안중로 19, 창보빌딩 지하1층 (주안동)",37.460114577489364,126.68227593136093,,2026-09-06,https://www.data.go.kr/data/15045017/fileData.do,https://file.localdata.go.kr/file/download/singing_bars/info,영업/정상,2026-05-08 22:48:16,2024-06-17 13:41:16,EPSG:5174 original transformed to EPSG:4326,official_coordinate,인천광역시,171820.105945664    ,439819.923552116    
3510500-103-2019-00002,여기요,단란주점영업,단란주점,"인천광역시 미추홀구 미추홀대로 722, 지하1층 (주안동)",37.46175382315798,126.68050105776115,,2026-09-06,https://www.data.go.kr/data/15045017/fileData.do,https://file.localdata.go.kr/file/download/singing_bars/info,영업/정상,2026-05-08 22:48:16,2026-01-08 17:31:46,EPSG:5174 original transformed to EPSG:4326,official_coordinate,인천광역시,171663.696540919    ,440002.393204349    
3510500-103-2020-00001,SONG송라이브,단란주점영업,단란주점,"인천광역시 미추홀구 미추홀대로 665, 2층 (주안동)",37.45694602997909,126.6797550332953,,2026-09-06,https://www.data.go.kr/data/15045017/fileData.do,https://file.localdata.go.kr/file/download/singing_bars/info,영업/정상,2026-05-08 22:48:16,2022-07-19 12:02:33,EPSG:5174 original transformed to EPSG:4326,official_coordinate,인천광역시,171595.872124255    ,439469.012730868    
3510500-103-2003-00001,열린음악회,단란주점영업,단란주점,"인천광역시 미추홀구 경인로425번길 30 (주안동,(2층))",37.45944397883361,126.6876287451164,,2026-09-06,https://www.data.go.kr/data/15045017/fileData.do,https://file.localdata.go.kr/file/download/singing_bars/info,영업/정상,2026-05-08 22:48:14,2020-10-13 18:08:53,EPSG:5174 original transformed to EPSG:4326,official_coordinate,인천광역시,172293.440318932    ,439743.904064114    
3510500-103-2003-00002,힐링7080,단란주점영업,단란주점,"인천광역시 미추홀구 제일로 39, 지하1층 (도화동)",37.45907674431124,126.6746372219031,,2026-09-06,https://www.data.go.kr/data/15045017/fileData.do,https://file.localdata.go.kr/file/download/singing_bars/info,영업/정상,2026-05-08 22:48:14,2020-10-13 18:09:10,EPSG:5174 original transformed to EPSG:4326,official_coordinate,인천광역시,171143.882552333    ,439707.054374882    
3510500-103-2004-00001,7090노래주점,단란주점영업,단란주점,"인천광역시 미추홀구 석바위로 58-1, 지하1층 (주안동, 대영빌딩)",37.46064452106437,126.67959261359856,,2026-09-06,https://www.data.go.kr/data/15045017/fileData.do,https://file.localdata.go.kr/file/download/singing_bars/info,영업/정상,2026-05-08 22:48:14,2020-03-30 16:11:18,EPSG:5174 original transformed to EPSG:4326,official_coordinate,인천광역시,171582.904300544    ,439879.548598189    
3510500-103-2006-00001,영7080,단란주점영업,단란주점,"인천광역시 미추홀구 미추홀대로697번길 36 (주안동,지하1층)",37.459814524421624,126.67814598841159,,2026-09-06,https://www.data.go.kr/data/15045017/fileData.do,https://file.localdata.go.kr/file/download/singing_bars/info,영업/정상,2026-05-08 22:48:14,2022-01-18 13:21:48,EPSG:5174 original transformed to EPSG:4326,official_coordinate,인천광역시,171454.600944859    ,439787.867540136    
3510500-103-2006-00002,칸타타노래주점,단란주점영업,단란주점,"인천광역시 미추홀구 주안서로 9, 지하1층 (주안동)",37.45949453538302,126.67768641716481,,2026-09-06,https://www.data.go.kr/data/15045017/fileData.do,https://file.localdata.go.kr/file/download/singing_bars/info,영업/정상,2026-05-08 22:48:14,2020-10-13 18:12:49,EPSG:5174 original transformed to EPSG:4326,official_coordinate,인천광역시,171413.818807799    ,439752.492368463    
3510500-103-2007-00001,스타7080라이브,단란주점영업,단란주점,"인천광역시 미추홀구 경원대로 863 (주안동,지하1층)",37.45988942307014,126.68926937772734,,2026-09-06,https://www.data.go.kr/data/15045017/fileData.do,https://file.localdata.go.kr/file/download/singing_bars/info,영업/정상,2026-05-08 22:48:14,2022-05-26 15:06:47,EPSG:5174 original transformed to EPSG:4326,official_coordinate,인천광역시,172438.758024472    ,439792.860510326    
3510500-103-2007-00002,장안,단란주점영업,단란주점,인천광역시 미추홀구 경인로 17 (숭의동),37.463424850451915,126.6451057568786,,2026-09-06,https://www.data.go.kr/data/15045017/fileData.do,https://file.localdata.go.kr/file/download/singing_bars/info,영업/정상,2026-05-29 03:03:03,2026-05-28 13:27:28,EPSG:5174 original transformed to EPSG:4326,official_coordinate,인천광역시,168532.91736654     ,440199.115934272    
3510500-103-2025-00001,진라이브,단란주점영업,단란주점,"인천광역시 미추홀구 경원대로 856, 지하 1층 (주안동)",37.45909597777213,126.6898692531189,,2026-09-06,https://www.data.go.kr/data/15045017/fileData.do,https://file.localdata.go.kr/file/download/singing_bars/info,영업/정상,2026-05-08 22:48:16,2025-02-14 13:33:17,EPSG:5174 original transformed to EPSG:4326,official_coordinate,인천광역시,172491.539965634    ,439704.62217123     
3510500-103-2025-00002,딴따라 단란주점,단란주점영업,단란주점,"인천광역시 미추홀구 토금남로 5, 2층 202호 (용현동)",37.45303052445758,126.63343938578464,,2026-09-06,https://www.data.go.kr/data/15045017/fileData.do,https://file.localdata.go.kr/file/download/singing_bars/info,영업/정상,2026-05-08 22:48:16,2026-01-27 15:44:24,EPSG:5174 original transformed to EPSG:4326,official_coordinate,인천광역시,167496.289394472    ,439049.441797235    
3510500-103-1993-00001,러브광장,단란주점영업,단란주점,"인천광역시 미추홀구 경인로 354, 지하1층 (주안동)",37.45825759815514,126.67909870817448,,2026-09-06,https://www.data.go.kr/data/15045017/fileData.do,https://file.localdata.go.kr/file/download/singing_bars/info,영업/정상,2026-05-08 22:47:12,2025-11-21 16:15:54,EPSG:5174 original transformed to EPSG:4326,official_coordinate,인천광역시,171538.300416349    ,439614.779070985    
3510500-103-1993-00015,가을꽃7080,단란주점영업,단란주점,인천광역시 미추홀구 석바위로 119 (주안동),37.45998844625318,126.68608569175387,,2026-09-06,https://www.data.go.kr/data/15045017/fileData.do,https://file.localdata.go.kr/file/download/singing_bars/info,영업/정상,2026-05-08 22:47:15,2020-10-20 17:25:37,EPSG:5174 original transformed to EPSG:4326,official_coordinate,인천광역시,172157.122047418    ,439804.789183887    
3510500-103-1993-00016,서해,단란주점영업,단란주점,"인천광역시 미추홀구 아암대로 87, 지하1층 (용현동)",37.45391896887983,126.63368882007344,,2026-09-06,https://www.data.go.kr/data/15045017/fileData.do,https://file.localdata.go.kr/file/download/singing_bars/info,영업/정상,2026-05-08 22:47:16,2025-05-12 13:42:53,EPSG:5174 original transformed to EPSG:4326,official_coordinate,인천광역시,167518.744776739    ,439147.961993406    
3510500-103-1993-00023,만남단란주점,단란주점영업,단란주점,"인천광역시 미추홀구 독배로 416 (용현동,,46)",37.456740693824486,126.65014316346101,,2026-09-06,https://www.data.go.kr/data/15045017/fileData.do,https://file.localdata.go.kr/file/download/singing_bars/info,영업/정상,2026-05-08 22:47:16,2024-11-20 15:35:22,EPSG:5174 original transformed to EPSG:4326,official_coordinate,인천광역시,168975.808426139    ,439455.582230083    
3510500-103-1993-00024,깨돌이 포차,단란주점영업,단란주점,"인천광역시 미추홀구 주안서로 13 (주안동,지하1층)",37.459955421039574,126.6776597655893,,2026-09-06,https://www.data.go.kr/data/15045017/fileData.do,https://file.localdata.go.kr/file/download/singing_bars/info,영업/정상,2026-07-31 22:47:00,2026-07-30 11:08:35,EPSG:5174 original transformed to EPSG:4326,official_coordinate,인천광역시,171411.636669993    ,439803.653093459    
3510500-103-1993-00025,투썸7890,단란주점영업,단란주점,"인천광역시 미추홀구 석바위로 40 (주안동,지하1층)",37.46055266214263,126.67727174654543,,2026-09-06,https://www.data.go.kr/data/15045017/fileData.do,https://file.localdata.go.kr/file/download/singing_bars/info,영업/정상,2026-05-08 22:47:16,2022-10-04 16:04:14,EPSG:5174 original transformed to EPSG:4326,official_coordinate,인천광역시,171377.535314982    ,439870.057573119    
3510500-103-1993-00080,붕붕맥주방,단란주점영업,단란주점,인천광역시 미추홀구 경인로430번길 12 (주안동),37.45727358810274,126.68759694740899,,2026-09-06,https://www.data.go.kr/data/15045017/fileData.do,https://file.localdata.go.kr/file/download/singing_bars/info,영업/정상,2026-05-08 22:47:30,2023-01-31 10:37:02,EPSG:5174 original transformed to EPSG:4326,official_coordinate,인천광역시,172289.824406174    ,439503.026971327    
3510500-103-1994-00003,아리랑,단란주점영업,단란주점,"인천광역시 미추홀구 경인로 23, 지하1층 (숭의동)",37.46354861604025,126.64565214805148,,2026-09-06,https://www.data.go.kr/data/15045017/fileData.do,https://file.localdata.go.kr/file/download/singing_bars/info,영업/정상,2026-05-08 22:47:32,2025-05-12 13:41:40,EPSG:5174 original transformed to EPSG:4326,official_coordinate,인천광역시,168581.308337423    ,440212.669659349    
3510500-103-1994-00005,가베노래광장,단란주점영업,단란주점,"인천광역시 미추홀구 석정로 278-2 (도화동,지하1층)",37.46810743547086,126.66631252210223,,2026-09-06,https://www.data.go.kr/data/15045017/fileData.do,https://file.localdata.go.kr/file/download/singing_bars/info,영업/정상,2026-05-08 22:47:33,2024-11-20 15:35:46,EPSG:5174 original transformed to EPSG:4326,official_coordinate,인천광역시,170410.922995845    ,440711.938600578    
3510500-103-1994-00010,거해단란주점,단란주점영업,단란주점,"인천광역시 미추홀구 인주대로266번길 1 (용현동,지하1층)",37.45251574465197,126.66601920090825,,2026-09-06,https://www.data.go.kr/data/15045017/fileData.do,https://file.localdata.go.kr/file/download/singing_bars/info,영업/정상,2026-05-08 22:47:34,2020-10-13 17:54:34,EPSG:5174 original transformed to EPSG:4326,official_coordinate,인천광역시,170378.811994635    ,438981.545025297    
3510500-103-1994-00011,금빛주점,단란주점영업,단란주점,"인천광역시 미추홀구 인하로 203 (주안동,2층)",37.44887265455277,126.67071349773089,,2026-09-06,https://www.data.go.kr/data/15045017/fileData.do,https://file.localdata.go.kr/file/download/singing_bars/info,영업/정상,2026-05-08 22:47:34,2020-10-13 17:55:05,EPSG:5174 original transformed to EPSG:4326,official_coordinate,인천광역시,170792.755765849    ,438575.738956499    
3510500-103-1994-00019,방실이 라이브,단란주점영업,단란주점,"인천광역시 미추홀구 미추홀대로 645 (주안동,지하1층)",37.45506044371833,126.6796899570924,,2026-09-06,https://www.data.go.kr/data/15045017/fileData.do,https://file.localdata.go.kr/file/download/singing_bars/info,영업/정상,2026-05-08 22:47:36,2024-11-20 15:36:37,EPSG:5174 original transformed to EPSG:4326,official_coordinate,인천광역시,171589.399524624    ,439259.755736801    
3510500-103-1994-00024,딸기 노래포차,단란주점영업,단란주점,인천광역시 미추홀구 경인로349번길 40 (주안동),37.460376182029705,126.6790894761487,,2026-09-06,https://www.data.go.kr/data/15045017/fileData.do,https://file.localdata.go.kr/file/download/singing_bars/info,영업/정상,2026-05-08 22:47:39,2020-02-11 14:19:35,EPSG:5174 original transformed to EPSG:4326,official_coordinate,인천광역시,171538.288330934    ,439849.918503718    
3510500-103-1994-00026,바쿠스 7080,단란주점영업,단란주점,"인천광역시 미추홀구 미추홀대로 705, 지하1층 (주안동)",37.460407697267854,126.679908853505,,2026-09-06,https://www.data.go.kr/data/15045017/fileData.do,https://file.localdata.go.kr/file/download/singing_bars/info,영업/정상,2026-05-08 22:47:41,2024-07-10 16:22:22,EPSG:5174 original transformed to EPSG:4326,official_coordinate,인천광역시,171610.793239747    ,439853.168517668    
3510500-103-1994-00027,별채,단란주점영업,단란주점,인천광역시 미추홀구 석정로 지하 396 (주안동),37.46671855991331,126.67964908262907,,2026-09-06,https://www.data.go.kr/data/15045017/fileData.do,https://file.localdata.go.kr/file/download/singing_bars/info,영업/정상,2026-05-08 22:47:42,2024-01-11 10:47:52,EPSG:5174 original transformed to EPSG:4326,official_coordinate,인천광역시,171590.203676511    ,440553.675292591    
3510500-103-1994-00029,맘모스 7080,단란주점영업,단란주점,"인천광역시 미추홀구 경인로 482, 지하1층 (주안동)",37.45910605814669,126.69341272434215,,2026-09-06,https://www.data.go.kr/data/15045017/fileData.do,https://file.localdata.go.kr/file/download/singing_bars/info,영업/정상,2026-05-08 22:47:43,2024-06-10 10:38:26,EPSG:5174 original transformed to EPSG:4326,official_coordinate,인천광역시,172805.051245625    ,439704.70980178     
3510500-103-1994-00030,도란단란주점,단란주점영업,단란주점,인천광역시 미추홀구 경원대로 927 (주안동),37.465514234881965,126.68973960930623,,2026-09-06,https://www.data.go.kr/data/15045017/fileData.do,https://file.localdata.go.kr/file/download/singing_bars/info,영업/정상,2026-05-08 22:47:44,2018-05-28 14:02:49,EPSG:5174 original transformed to EPSG:4326,official_coordinate,인천광역시,172482.427314498    ,440417.007537826    
3510500-103-1994-00032,라이브 스토리,단란주점영업,단란주점,인천광역시 미추홀구 경원대로 832-1 (주안동),37.45701022187316,126.68976497058281,,2026-09-06,https://www.data.go.kr/data/15045017/fileData.do,https://file.localdata.go.kr/file/download/singing_bars/info,영업/정상,2026-05-08 22:47:44,2020-10-13 17:57:07,EPSG:5174 original transformed to EPSG:4326,official_coordinate,인천광역시,172481.547596296    ,439473.159672095    
3510500-103-1995-00001,스타라이브,단란주점영업,단란주점,인천광역시 미추홀구 구월로 13 (주안동),37.45798642521784,126.6918088975336,,2026-09-06,https://www.data.go.kr/data/15045017/fileData.do,https://file.localdata.go.kr/file/download/singing_bars/info,영업/정상,2026-05-08 22:47:52,2020-10-13 17:57:24,EPSG:5174 original transformed to EPSG:4326,official_coordinate,인천광역시,172662.744644104    ,439580.909695313    
3510500-103-1995-00003,별빛,단란주점영업,단란주점,인천광역시 미추홀구 독배로421번길 5 (용현동),37.45702473705972,126.64922615222352,,2026-09-06,https://www.data.go.kr/data/15045017/fileData.do,https://file.localdata.go.kr/file/download/singing_bars/info,영업/정상,2026-05-08 22:47:52,2025-08-06 16:27:04,EPSG:5174 original transformed to EPSG:4326,official_coordinate,인천광역시,168894.791356792    ,439487.410513164    
3510500-103-1995-00004,투데이단란주점,단란주점영업,단란주점,인천광역시 미추홀구 미추홀대로 577 (주안동),37.44881000586975,126.67921393023023,,2026-09-06,https://www.data.go.kr/data/15045017/fileData.do,https://file.localdata.go.kr/file/download/singing_bars/info,영업/정상,2026-05-08 22:47:53,2020-10-13 17:57:54,EPSG:5174 original transformed to EPSG:4326,official_coordinate,인천광역시,171544.908053845    ,438566.179194865    
3510500-103-1995-00005,스마일단란주점,단란주점영업,단란주점,인천광역시 미추홀구 경인로33번길 6 (숭의동),37.464236699455434,126.64689545630945,,2026-09-06,https://www.data.go.kr/data/15045017/fileData.do,https://file.localdata.go.kr/file/download/singing_bars/info,영업/정상,2026-05-08 22:47:53,2020-10-13 17:58:13,EPSG:5174 original transformed to EPSG:4326,official_coordinate,인천광역시,168691.590788663    ,440288.623746337    
3510500-103-1995-00011,레몬단란주점,단란주점영업,단란주점,인천광역시 미추홀구 독배로498번길 22-2 (숭의동),37.46270520462349,126.64464113025869,,2026-09-06,https://www.data.go.kr/data/15045017/fileData.do,https://file.localdata.go.kr/file/download/singing_bars/info,영업/정상,2026-05-08 22:47:54,2022-05-10 14:16:18,EPSG:5174 original transformed to EPSG:4326,official_coordinate,인천광역시,168491.509391397    ,440119.399633015    
3510500-103-1995-00013,황금마차,단란주점영업,단란주점,"인천광역시 미추홀구 경인로325번길 18, 지하1층 (주안동)",37.45965135807359,126.67672843655764,,2026-09-06,https://www.data.go.kr/data/15045017/fileData.do,https://file.localdata.go.kr/file/download/singing_bars/info,영업/정상,2026-05-08 22:47:55,2024-06-04 13:58:16,EPSG:5174 original transformed to EPSG:4326,official_coordinate,인천광역시,171329.122165295    ,439770.189514825    
3510500-103-1995-00017,차오름,단란주점영업,단란주점,"인천광역시 미추홀구 미추홀대로 지하 543-1, 지하1층 (주안동)",37.445992240902385,126.67867163333253,,2026-09-06,https://www.data.go.kr/data/15045017/fileData.do,https://file.localdata.go.kr/file/download/singing_bars/info,영업/정상,2026-05-08 22:47:56,2020-10-13 17:59:33,EPSG:5174 original transformed to EPSG:4326,official_coordinate,인천광역시,171495.850506745    ,438253.606985473    
3510500-103-1995-00018,퀸,단란주점영업,단란주점,인천광역시 미추홀구 한나루로 489 (용현동),37.450692759334515,126.66694874905318,,2026-09-06,https://www.data.go.kr/data/15045017/fileData.do,https://file.localdata.go.kr/file/download/singing_bars/info,영업/정상,2026-05-08 22:47:57,2026-04-01 13:36:37,EPSG:5174 original transformed to EPSG:4326,official_coordinate,인천광역시,170460.342374172    ,438778.923930199    
3510500-103-1995-00019,아가씨,단란주점영업,단란주점,인천광역시 미추홀구 소성로 184 (학익동),37.441000997055546,126.6684308316377,,2026-09-06,https://www.data.go.kr/data/15045017/fileData.do,https://file.localdata.go.kr/file/download/singing_bars/info,영업/정상,2026-05-08 22:47:57,2023-02-22 10:39:21,EPSG:5174 original transformed to EPSG:4326,official_coordinate,인천광역시,170587.682120624    ,437702.795613552    
3510500-103-1995-00021,가수 견우와직녀 7080라이브,단란주점영업,단란주점,"인천광역시 미추홀구 경인로 388, 지하1층 (주안동)",37.458012430996234,126.6830167147285,,2026-09-06,https://www.data.go.kr/data/15045017/fileData.do,https://file.localdata.go.kr/file/download/singing_bars/info,영업/정상,2026-08-21 22:47:00,2026-08-20 15:50:37,EPSG:5174 original transformed to EPSG:4326,official_coordinate,인천광역시,171884.856921455    ,439586.389463832    
3510500-103-2007-00003,제이와이(J.Y)노래하는가요주점,단란주점영업,단란주점,인천광역시 미추홀구 독배로 417 (용현동),37.456951430626326,126.64951133296088,,2026-09-06,https://www.data.go.kr/data/15045017/fileData.do,https://file.localdata.go.kr/file/download/singing_bars/info,영업/정상,2026-05-08 22:48:14,2020-10-13 18:13:40,EPSG:5174 original transformed to EPSG:4326,official_coordinate,인천광역시,168919.992969265    ,439479.180092801    
3510500-103-2007-00005,청춘노래클럽,단란주점영업,단란주점,"인천광역시 미추홀구 독배로 414 (용현동,지하1층)",37.456638907092035,126.65029444646538,,2026-09-06,https://www.data.go.kr/data/15045017/fileData.do,https://file.localdata.go.kr/file/download/singing_bars/info,영업/정상,2026-05-08 22:48:15,2020-04-28 13:46:28,EPSG:5174 original transformed to EPSG:4326,official_coordinate,인천광역시,168989.151468855    ,439444.235248427    
3510500-103-2008-00002,즐거운노래주점,단란주점영업,단란주점,"인천광역시 미추홀구 동주길135번길 20-6 (주안동,지하1층)",37.457533418080686,126.68398952603268,,2026-09-06,https://www.data.go.kr/data/15045017/fileData.do,https://file.localdata.go.kr/file/download/singing_bars/info,영업/정상,2026-05-08 22:48:15,2024-11-20 15:38:10,EPSG:5174 original transformed to EPSG:4326,official_coordinate,인천광역시,171970.748210876    ,439532.934444375    
3510500-103-2008-00004,꿈의대화,단란주점영업,단란주점,"인천광역시 미추홀구 석바위로 53 (주안동,지하1층)",37.46098318869115,126.67916474189025,,2026-09-06,https://www.data.go.kr/data/15045017/fileData.do,https://file.localdata.go.kr/file/download/singing_bars/info,영업/정상,2026-05-08 22:48:15,2024-11-20 15:38:34,EPSG:5174 original transformed to EPSG:4326,official_coordinate,인천광역시,171545.177854282    ,439917.265972258    
3510500-103-2008-00006,타임,단란주점영업,단란주점,인천광역시 미추홀구 석바위로 55 (주안동),37.4610049625214,126.67929744704826,,2026-09-06,https://www.data.go.kr/data/15045017/fileData.do,https://file.localdata.go.kr/file/download/singing_bars/info,영업/정상,2026-05-08 22:48:15,2022-01-18 13:26:36,EPSG:5174 original transformed to EPSG:4326,official_coordinate,인천광역시,171556.926880117    ,439919.642433961    
3510500-103-2008-00010,체리단란주점,단란주점영업,단란주점,"인천광역시 미추홀구 토금중로 9, 3층 (용현동)",37.454234411992594,126.63476454202862,,2026-09-06,https://www.data.go.kr/data/15045017/fileData.do,https://file.localdata.go.kr/file/download/singing_bars/info,영업/정상,2026-05-08 22:48:15,2024-11-20 15:38:59,EPSG:5174 original transformed to EPSG:4326,official_coordinate,인천광역시,167614.061959082    ,439182.601269609    
3510500-103-2008-00012,꼭지노래천국,단란주점영업,단란주점,"인천광역시 미추홀구 주안동로 7 (주안동,3층)",37.45883049797748,126.68566365564642,,2026-09-06,https://www.data.go.kr/data/15045017/fileData.do,https://file.localdata.go.kr/file/download/singing_bars/info,영업/정상,2026-05-08 22:48:15,2024-10-17 09:28:32,EPSG:5174 original transformed to EPSG:4326,official_coordinate,인천광역시,172119.352090993    ,439676.39635116     
3510500-103-2009-00001,추억속으로,단란주점영업,단란주점,"인천광역시 미추홀구 경인로438번길 12, 2층 (주안동)",37.45728058069831,126.68854397773255,,2026-09-06,https://www.data.go.kr/data/15045017/fileData.do,https://file.localdata.go.kr/file/download/singing_bars/info,영업/정상,2026-07-29 22:47:00,2022-06-07 14:15:02,EPSG:5174 original transformed to EPSG:4326,official_coordinate,인천광역시,172373.617266857    ,439503.524301802    
3510500-103-2009-00002,별이 빛나는 밤에 7080,단란주점영업,단란주점,"인천광역시 미추홀구 경인로430번길 9 (주안동,(지1층))",37.457399118928976,126.68779736130725,,2026-09-06,https://www.data.go.kr/data/15045017/fileData.do,https://file.localdata.go.kr/file/download/singing_bars/info,영업/정상,2026-05-08 22:48:15,2024-04-01 10:50:18,EPSG:5174 original transformed to EPSG:4326,official_coordinate,인천광역시,172307.602793396    ,439516.900271831    
3510500-103-2009-00003,세친구,단란주점영업,단란주점,"인천광역시 미추홀구 석바위로 141 (주안동,(2층))",37.459899369354275,126.68860618049585,,2026-09-06,https://www.data.go.kr/data/15045017/fileData.do,https://file.localdata.go.kr/file/download/singing_bars/info,영업/정상,2026-05-08 22:48:15,2024-11-07 13:33:44,EPSG:5174 original transformed to EPSG:4326,official_coordinate,인천광역시,172380.086118172    ,439794.15910332     
3510500-103-2009-00004,세시봉,단란주점영업,단란주점,인천광역시 미추홀구 경인로425번길 19 (주안동),37.45896629670082,126.68737611045505,,2026-09-06,https://www.data.go.kr/data/15045017/fileData.do,https://file.localdata.go.kr/file/download/singing_bars/info,영업/정상,2026-05-08 22:48:15,2024-03-08 13:23:06,EPSG:5174 original transformed to EPSG:4326,official_coordinate,인천광역시,172270.911860097    ,439690.961760896    
3510500-103-2009-00005,덤노래주점,단란주점영업,단란주점,인천광역시 미추홀구 독정이로 2 (용현동),37.45635579656668,126.65538015875394,,2026-09-06,https://www.data.go.kr/data/15045017/fileData.do,https://file.localdata.go.kr/file/download/singing_bars/info,영업/정상,2026-05-08 22:48:15,2020-10-13 18:16:05,EPSG:5174 original transformed to EPSG:4326,official_coordinate,인천광역시,169439.008184507    ,439411.148213201    
3510500-103-2009-00008,메카,단란주점영업,단란주점,"인천광역시 미추홀구 석바위로 133-1, 지하1층 (주안동)",37.45992951907446,126.68772195325899,,2026-09-06,https://www.data.go.kr/data/15045017/fileData.do,https://file.localdata.go.kr/file/download/singing_bars/info,영업/정상,2026-05-08 22:48:15,2022-01-28 15:09:22,EPSG:5174 original transformed to EPSG:4326,official_coordinate,인천광역시,172301.866337428    ,439797.765552746    
3510500-103-2011-00001,노래하는 소주방,단란주점영업,단란주점,"인천광역시 미추홀구 수봉북로 2 (도화동, 지하1층)",37.46533129721147,126.66331835646771,,2026-09-06,https://www.data.go.kr/data/15045017/fileData.do,https://file.localdata.go.kr/file/download/singing_bars/info,영업/정상,2026-05-08 22:48:15,2020-10-13 18:16:45,EPSG:5174 original transformed to EPSG:4326,official_coordinate,인천광역시,170144.940376328    ,440404.767860862    
3510500-103-1995-00022,비서실7080,단란주점영업,단란주점,인천광역시 미추홀구 주안로 105 (주안동),37.46421474733762,126.68136242133197,,2026-09-06,https://www.data.go.kr/data/15045017/fileData.do,https://file.localdata.go.kr/file/download/singing_bars/info,영업/정상,2026-05-08 22:47:59,2024-12-05 13:12:49,EPSG:5174 original transformed to EPSG:4326,official_coordinate,인천광역시,171740.83101295     ,440275.266210192    
3510500-103-1995-00040,나비 노래하는 단란주점,단란주점영업,단란주점,인천광역시 미추홀구 낙섬중로 42 (용현동),37.45180370691427,126.63783906640595,,2026-09-06,https://www.data.go.kr/data/15045017/fileData.do,https://file.localdata.go.kr/file/download/singing_bars/info,영업/정상,2026-05-08 22:48:01,2022-07-22 17:01:53,EPSG:5174 original transformed to EPSG:4326,official_coordinate,인천광역시,167885.056402556    ,438911.768575997    
3510500-103-1995-00042,파티 노래타운,단란주점영업,단란주점,"인천광역시 미추홀구 염창로 55 (주안동,지하1층)",37.46587135226329,126.68018049921433,,2026-09-06,https://www.data.go.kr/data/15045017/fileData.do,https://file.localdata.go.kr/file/download/singing_bars/info,영업/정상,2026-05-08 22:48:01,2026-03-16 14:08:43,EPSG:5174 original transformed to EPSG:4326,official_coordinate,인천광역시,171636.895084305    ,440459.485092317    
3510500-103-1996-00003,다온단란주점,단란주점영업,단란주점,인천광역시 미추홀구 독배로492번길 5 (숭의동),37.46184191511792,126.6445236531448,,2026-09-06,https://www.data.go.kr/data/15045017/fileData.do,https://file.localdata.go.kr/file/download/singing_bars/info,영업/정상,2026-05-08 22:48:07,2020-10-13 18:02:26,EPSG:5174 original transformed to EPSG:4326,official_coordinate,인천광역시,168480.753030349    ,440023.62440321     
3510500-103-1996-00013,필단란주점,단란주점영업,단란주점,"인천광역시 미추홀구 인주대로 169, 2층 (용현동)",37.4561924851364,126.65585686363579,,2026-09-06,https://www.data.go.kr/data/15045017/fileData.do,https://file.localdata.go.kr/file/download/singing_bars/info,영업/정상,2026-05-08 22:48:07,2025-04-02 17:47:08,EPSG:5174 original transformed to EPSG:4326,official_coordinate,인천광역시,169481.1195966      ,439392.867813812    
3510500-103-1996-00018,스타노래바,단란주점영업,단란주점,인천광역시 미추홀구 소성로 250 (학익동),37.438305069268104,126.67525198272912,,2026-09-06,https://www.data.go.kr/data/15045017/fileData.do,https://file.localdata.go.kr/file/download/singing_bars/info,영업/정상,2026-05-08 22:48:07,2025-12-29 13:59:52,EPSG:5174 original transformed to EPSG:4326,official_coordinate,인천광역시,171190.291496666    ,437401.470449034    
3510500-103-1997-00009,다이아몬드노래하는맥주방,단란주점영업,단란주점,인천광역시 미추홀구 토금중로 39-1 (용현동),37.452762178285575,126.63781111041102,,2026-09-06,https://www.data.go.kr/data/15045017/fileData.do,https://file.localdata.go.kr/file/download/singing_bars/info,영업/정상,2026-05-08 22:48:09,2024-11-20 15:37:00,EPSG:5174 original transformed to EPSG:4326,official_coordinate,인천광역시,167882.993371175    ,439018.15659982     
3510500-103-1997-00010,왕궁노래주점,단란주점영업,단란주점,인천광역시 미추홀구 미추로 42 (숭의동),37.4639036033082,126.64659429443621,,2026-09-06,https://www.data.go.kr/data/15045017/fileData.do,https://file.localdata.go.kr/file/download/singing_bars/info,영업/정상,2026-05-08 22:48:09,2017-10-26 15:57:51,EPSG:5174 original transformed to EPSG:4326,official_coordinate,인천광역시,168664.808077644    ,440251.754468684    
3510500-103-1997-00011,올래가요주점,단란주점영업,단란주점,"인천광역시 미추홀구 인하로 263 (주안동,지하1층)",37.44842164078078,126.67745429096495,,2026-09-06,https://www.data.go.kr/data/15045017/fileData.do,https://file.localdata.go.kr/file/download/singing_bars/info,영업/정상,2026-05-08 22:48:09,2020-10-13 18:03:25,EPSG:5174 original transformed to EPSG:4326,official_coordinate,인천광역시,171389.054861784    ,438523.609544754    
3510500-103-1997-00013,노래하는 광장,단란주점영업,단란주점,인천광역시 미추홀구 석바위로 125 (주안동),37.45996665566178,126.68670268747333,,2026-09-06,https://www.data.go.kr/data/15045017/fileData.do,https://file.localdata.go.kr/file/download/singing_bars/info,영업/정상,2026-05-08 22:48:09,2024-11-20 15:37:22,EPSG:5174 original transformed to EPSG:4326,official_coordinate,인천광역시,172211.701847276    ,439802.188107349    
3510500-103-1997-00018,작은새 7080,단란주점영업,단란주점,인천광역시 미추홀구 주안동로 23 (주안동),37.46037953909466,126.68574241136626,,2026-09-06,https://www.data.go.kr/data/15045017/fileData.do,https://file.localdata.go.kr/file/download/singing_bars/info,영업/정상,2026-05-08 22:48:09,2024-12-09 15:05:11,EPSG:5174 original transformed to EPSG:4326,official_coordinate,인천광역시,172126.896258712    ,439848.29740001     
3510500-103-1998-00001,백악관노래짱,단란주점영업,단란주점,"인천광역시 미추홀구 주안동로 11 (주안동,(지하1층))",37.4592425481919,126.68561059128186,,2026-09-06,https://www.data.go.kr/data/15045017/fileData.do,https://file.localdata.go.kr/file/download/singing_bars/info,영업/정상,2026-05-08 22:48:10,2023-11-01 13:34:47,EPSG:5174 original transformed to EPSG:4326,official_coordinate,인천광역시,172114.810565868    ,439722.144565793    
3510500-103-1998-00002,야누스,단란주점영업,단란주점,"인천광역시 미추홀구 경인로325번길 14, 지하1층 (주안동)",37.45942343074168,126.67667190525879,,2026-09-06,https://www.data.go.kr/data/15045017/fileData.do,https://file.localdata.go.kr/file/download/singing_bars/info,영업/정상,2026-05-08 22:48:10,2020-10-13 18:04:27,EPSG:5174 original transformed to EPSG:4326,official_coordinate,인천광역시,171324.033383831    ,439744.909638378    
3510500-103-1998-00005,찐7080,단란주점영업,단란주점,인천광역시 미추홀구 경인로 480 (주안동),37.45895778119383,126.6930309850659,,2026-09-06,https://www.data.go.kr/data/15045017/fileData.do,https://file.localdata.go.kr/file/download/singing_bars/info,영업/정상,2026-05-08 22:48:11,2025-04-11 13:22:20,EPSG:5174 original transformed to EPSG:4326,official_coordinate,인천광역시,172771.223090343    ,439688.363419575    
3510500-103-2000-00006,환상특급,단란주점영업,단란주점,"인천광역시 미추홀구 경인로 397 (주안동,2층)",37.458483607680435,126.68421673286171,,2026-09-06,https://www.data.go.kr/data/15045017/fileData.do,https://file.localdata.go.kr/file/download/singing_bars/info,영업/정상,2026-05-08 22:48:13,2024-12-07 16:04:22,EPSG:5174 original transformed to EPSG:4326,official_coordinate,인천광역시,171991.205863947    ,439638.325988378    
3510500-103-2000-00012,루비7080,단란주점영업,단란주점,"인천광역시 미추홀구 주안서로 58-1 (주안동,지하1)",37.463905471916185,126.6781106610366,,2026-09-06,https://www.data.go.kr/data/15045017/fileData.do,https://file.localdata.go.kr/file/download/singing_bars/info,영업/정상,2026-05-08 22:48:13,2020-10-13 18:04:58,EPSG:5174 original transformed to EPSG:4326,official_coordinate,인천광역시,171453.034112251    ,440241.923109811    
3510500-103-2000-00013,넝쿨,단란주점영업,단란주점,"인천광역시 미추홀구 경인로 13-1, 지하1층 (숭의동)",37.46316552018059,126.64479231171049,,2026-09-06,https://www.data.go.kr/data/15045017/fileData.do,https://file.localdata.go.kr/file/download/singing_bars/info,영업/정상,2026-05-08 22:48:13,2024-11-20 15:37:44,EPSG:5174 original transformed to EPSG:4326,official_coordinate,인천광역시,168505.077964283    ,440170.438394213    
3520000-103-1995-00001,엠.제이(M.J) 라이브,단란주점영업,단란주점,"인천광역시 연수구 능허대로267번길 30 (동춘동,1동 지상2층)",37.41345155532127,126.6553394791272,,2026-09-06,https://www.data.go.kr/data/15045017/fileData.do,https://file.localdata.go.kr/file/download/singing_bars/info,영업/정상,2026-04-22 23:08:29,2023-09-07 13:11:24,EPSG:5174 original transformed to EPSG:4326,official_coordinate,인천광역시,169417.92152512     ,434649.337380147    
3520000-103-1995-00006,골드문,단란주점영업,단란주점,"인천광역시 연수구 앵고개로87번길 12-16 (동춘동,1동(지하1층))",37.41324411640816,126.65608297509444,,2026-09-06,https://www.data.go.kr/data/15045017/fileData.do,https://file.localdata.go.kr/file/download/singing_bars/info,영업/정상,2026-04-22 23:08:32,2025-01-21 15:34:43,EPSG:5174 original transformed to EPSG:4326,official_coordinate,인천광역시,169483.657817886    ,434626.073046261    
3520000-103-1995-00007,솜,단란주점영업,단란주점,"인천광역시 연수구 앵고개로87번길 12-8, 지하1층 (동춘동)",37.41305603573296,126.6556430958145,,2026-09-06,https://www.data.go.kr/data/15045017/fileData.do,https://file.localdata.go.kr/file/download/singing_bars/info,영업/정상,2026-04-22 23:08:33,2025-03-27 16:54:48,EPSG:5174 original transformed to EPSG:4326,official_coordinate,인천광역시,169444.639281638    ,434605.341289448    
3520000-103-1996-00002,썬,단란주점영업,단란주점,"인천광역시 연수구 벚꽃로 88, 지하1층 (청학동)",37.41883645596695,126.67588293822654,,2026-09-06,https://www.data.go.kr/data/15045017/fileData.do,https://file.localdata.go.kr/file/download/singing_bars/info,영업/정상,2026-04-22 23:08:37,2024-11-25 15:56:26,EPSG:5174 original transformed to EPSG:4326,official_coordinate,인천광역시,171238.667355102    ,435240.512897769    
3520000-103-1996-00003,라이브 제이제이(Live JJ),단란주점영업,단란주점,"인천광역시 연수구 앵고개로87번길 12-7 (동춘동,지상2층(소암1로 5))",37.41323636116107,126.65540929582323,,2026-09-06,https://www.data.go.kr/data/15045017/fileData.do,https://file.localdata.go.kr/file/download/singing_bars/info,영업/정상,2026-04-22 23:08:38,2024-12-02 15:57:53,EPSG:5174 original transformed to EPSG:4326,official_coordinate,인천광역시,169424.014646004    ,434625.430973124    
3520000-103-1996-00005,삐삐단란주점,단란주점영업,단란주점,"인천광역시 연수구 청량로 102, 지하1층 (동춘동)",37.4171322104724,126.65619624905723,,2026-09-06,https://www.data.go.kr/data/15045017/fileData.do,https://file.localdata.go.kr/file/download/singing_bars/info,영업/정상,2026-04-22 23:08:39,2020-01-13 16:56:09,EPSG:5174 original transformed to EPSG:4326,official_coordinate,인천광역시,169495.265937835    ,435057.563762765    
3520000-103-1996-00006,클래식,단란주점영업,단란주점,"인천광역시 연수구 샘말로87번길 17 (연수동,2동(지하1층))",37.415311309938964,126.67987079812681,,2026-09-06,https://www.data.go.kr/data/15045017/fileData.do,https://file.localdata.go.kr/file/download/singing_bars/info,영업/정상,2026-04-22 23:08:39,2023-07-25 10:26:52,EPSG:5174 original transformed to EPSG:4326,official_coordinate,인천광역시,171590.346872149    ,434848.056489599    
3520000-103-1996-00009,세트,단란주점영업,단란주점,"인천광역시 연수구 학나래로6번길 63 (선학동,지하1층(무학길 37))",37.42592296384705,126.69791227134222,,2026-09-06,https://www.data.go.kr/data/15045017/fileData.do,https://file.localdata.go.kr/file/download/singing_bars/info,영업/정상,2026-04-22 23:08:41,2023-05-01 16:52:07,EPSG:5174 original transformed to EPSG:4326,official_coordinate,인천광역시,173191.283455586    ,436020.516159116    
3520000-103-1996-00011,가인,단란주점영업,단란주점,"인천광역시 연수구 앵고개로101번길 12-13 (동춘동,지하1층(소암1로35))",37.413942608981365,126.65705477124061,,2026-09-06,https://www.data.go.kr/data/15045017/fileData.do,https://file.localdata.go.kr/file/download/singing_bars/info,영업/정상,2026-04-22 23:08:43,2024-03-29 10:42:04,EPSG:5174 original transformed to EPSG:4326,official_coordinate,인천광역시,169569.97290594     ,434703.281869667    
3520000-103-1996-00016,카프라단란주점,단란주점영업,단란주점,"인천광역시 연수구 앵고개로83번길 31 (동춘동,1동(지하1층))",37.41359666900805,126.65385504166825,,2026-09-06,https://www.data.go.kr/data/15045017/fileData.do,https://file.localdata.go.kr/file/download/singing_bars/info,영업/정상,2026-04-22 23:08:45,2024-03-29 10:43:58,EPSG:5174 original transformed to EPSG:4326,official_coordinate,인천광역시,169286.565797351    ,434665.926500862    
3520000-103-1998-00002,플러스노래클럽,단란주점영업,단란주점,"인천광역시 연수구 대암로 37 (옥련동,지하1층(대암로37))",37.4184044149468,126.65360022232123,,2026-09-06,https://www.data.go.kr/data/15045017/fileData.do,https://file.localdata.go.kr/file/download/singing_bars/info,영업/정상,2026-04-22 23:08:51,2023-05-01 16:54:32,EPSG:5174 original transformed to EPSG:4326,official_coordinate,인천광역시,169265.97563584     ,435199.606538866    
3520000-103-2000-00001,친구,단란주점영업,단란주점,"인천광역시 연수구 앵고개로254번길 19-6 (동춘동,2동(지상6층))",37.40710188071767,126.6712900451256,,2026-09-06,https://www.data.go.kr/data/15045017/fileData.do,https://file.localdata.go.kr/file/download/singing_bars/info,영업/정상,2026-04-22 23:08:55,2023-05-01 16:54:44,EPSG:5174 original transformed to EPSG:4326,official_coordinate,인천광역시,170827.534282267    ,433939.543882831    
3520000-103-2001-00002,아이리스,단란주점영업,단란주점,"인천광역시 연수구 능허대로 221, 지상2층 (옥련동)",37.416429564682254,126.6508883211899,,2026-09-06,https://www.data.go.kr/data/15045017/fileData.do,https://file.localdata.go.kr/file/download/singing_bars/info,영업/정상,2026-04-22 23:08:56,2023-05-01 16:54:58,EPSG:5174 original transformed to EPSG:4326,official_coordinate,인천광역시,169025.095793383    ,434981.313113765    
3520000-103-2006-00001,팡팡,단란주점영업,단란주점,"인천광역시 연수구 청능대로113번길 41, 301호 (연수동)",37.41410435135709,126.67805948141014,,2026-09-06,https://www.data.go.kr/data/15045017/fileData.do,https://file.localdata.go.kr/file/download/singing_bars/info,영업/정상,2026-04-22 23:09:02,2023-05-01 16:55:21,EPSG:5174 original transformed to EPSG:4326,official_coordinate,인천광역시,171429.538252839    ,434714.648442766    
3520000-103-2007-00001,종이학라이브,단란주점영업,단란주점,"인천광역시 연수구 먼우금로 88 (동춘동,지하1층 B02호( 먼우금길 38 ))",37.40672432502639,126.67037039886576,,2026-09-06,https://www.data.go.kr/data/15045017/fileData.do,https://file.localdata.go.kr/file/download/singing_bars/info,영업/정상,2026-04-22 23:09:03,2023-12-11 15:41:30,EPSG:5174 original transformed to EPSG:4326,official_coordinate,인천광역시,170745.965383582    ,433897.925681109    
3520000-103-2008-00001,7080 줄리아,단란주점영업,단란주점,"인천광역시 연수구 용담로 111, 304,305호 (연수동, 아시스타워)",37.41532224904852,126.67751336152584,,2026-09-06,https://www.data.go.kr/data/15045017/fileData.do,https://file.localdata.go.kr/file/download/singing_bars/info,영업/정상,2026-04-22 23:09:03,2023-01-17 16:49:39,EPSG:5174 original transformed to EPSG:4326,official_coordinate,인천광역시,171381.655890851    ,434849.984979024    
3520000-103-2008-00002,꽃길로 라이브 7080,단란주점영업,단란주점,"인천광역시 연수구 청량로 82, 지하1층 (동춘동)",37.41560818616859,126.65759986952634,,2026-09-06,https://www.data.go.kr/data/15045017/fileData.do,https://file.localdata.go.kr/file/download/singing_bars/info,영업/정상,2026-04-22 23:09:03,2024-02-13 15:27:14,EPSG:5174 original transformed to EPSG:4326,official_coordinate,인천광역시,169618.9034783      ,434887.962953865    
3520000-103-2010-00001,준 라이브,단란주점영업,단란주점,"인천광역시 연수구 용담로 115 (연수동,파크타운 404-1호(지상4층))",37.415112184118264,126.67782833562833,,2026-09-06,https://www.data.go.kr/data/15045017/fileData.do,https://file.localdata.go.kr/file/download/singing_bars/info,영업/정상,2026-04-22 23:09:05,2024-05-30 15:18:24,EPSG:5174 original transformed to EPSG:4326,official_coordinate,인천광역시,171409.459359248    ,434826.574789821    
3520000-103-2010-00003,다비바(BAR),단란주점영업,단란주점,"인천광역시 연수구 인권로 1 (옥련동,지상2층)",37.4183229274809,126.6508455946064,,2026-09-06,https://www.data.go.kr/data/15045017/fileData.do,https://file.localdata.go.kr/file/download/singing_bars/info,영업/정상,2026-04-22 23:09:06,2023-07-18 07:08:33,EPSG:5174 original transformed to EPSG:4326,official_coordinate,인천광역시,169022.094841156    ,435191.465722693    
3520000-103-2011-00001,찐 단란주점,단란주점영업,단란주점,"인천광역시 연수구 용담로85번길 15 (청학동, 지상2층)",37.41736991998789,126.67552767608723,,2026-09-06,https://www.data.go.kr/data/15045017/fileData.do,https://file.localdata.go.kr/file/download/singing_bars/info,영업/정상,2026-04-22 23:09:06,2022-03-07 17:39:07,EPSG:5174 original transformed to EPSG:4326,official_coordinate,인천광역시,171206.65611306     ,435077.85530396     
3520000-103-2013-00002,브라보7080,단란주점영업,단란주점,"인천광역시 연수구 용담로118번길 3 (연수동, 7층)",37.41442694618779,126.6779086107576,,2026-09-06,https://www.data.go.kr/data/15045017/fileData.do,https://file.localdata.go.kr/file/download/singing_bars/info,영업/정상,2026-04-22 23:09:08,2020-01-20 15:19:36,EPSG:5174 original transformed to EPSG:4326,official_coordinate,인천광역시,171416.304872536    ,434750.498029905    
3520000-103-2013-00003,터치뮤직타운,단란주점영업,단란주점,"인천광역시 연수구 먼우금로 190, 연수프라자 2층 209일부호 (연수동)",37.41405573654635,126.67671022514679,,2026-09-06,https://www.data.go.kr/data/15045017/fileData.do,https://file.localdata.go.kr/file/download/singing_bars/info,영업/정상,2026-04-22 23:09:08,2024-09-19 13:57:17,EPSG:5174 original transformed to EPSG:4326,official_coordinate,인천광역시,171310.073077364    ,434709.663367139    
3520000-103-2014-00001,놀이터7090,단란주점영업,단란주점,"인천광역시 연수구 청능대로113번길 41, 지상2층 201호 (연수동)",37.41410435135709,126.67805948141014,,2026-09-06,https://www.data.go.kr/data/15045017/fileData.do,https://file.localdata.go.kr/file/download/singing_bars/info,영업/정상,2026-04-22 23:09:09,2025-08-11 14:45:08,EPSG:5174 original transformed to EPSG:4326,official_coordinate,인천광역시,171429.538252839    ,434714.648442766    
3520000-103-2015-00001,만남의 단란주점,단란주점영업,단란주점,"인천광역시 연수구 청능대로113번길 43 (연수동, 지하1층)",37.4142353964024,126.6781937883239,,2026-09-06,https://www.data.go.kr/data/15045017/fileData.do,https://file.localdata.go.kr/file/download/singing_bars/info,영업/정상,2026-04-22 23:09:09,2023-05-01 16:53:03,EPSG:5174 original transformed to EPSG:4326,official_coordinate,인천광역시,171441.478001237    ,434729.151941733    
3520000-103-2015-00002,야수뮤직타운단란주점,단란주점영업,단란주점,"인천광역시 연수구 청능대로113번길 41 (연수동, 202호)",37.41410435135709,126.67805948141014,,2026-09-06,https://www.data.go.kr/data/15045017/fileData.do,https://file.localdata.go.kr/file/download/singing_bars/info,영업/정상,2026-04-22 23:09:10,2023-05-01 16:52:48,EPSG:5174 original transformed to EPSG:4326,official_coordinate,인천광역시,171429.538252839    ,434714.648442766    
3520000-103-2016-00001,씽씽노래빠,단란주점영업,단란주점,"인천광역시 연수구 청능대로113번길 31 (연수동, 301호)",37.41370565781663,126.6776791707122,,2026-09-06,https://www.data.go.kr/data/15045017/fileData.do,https://file.localdata.go.kr/file/download/singing_bars/info,영업/정상,2026-04-22 23:09:10,2016-07-22 09:40:06,EPSG:5174 original transformed to EPSG:4326,official_coordinate,인천광역시,171395.718267665    ,434670.514265982    
3520000-103-2018-00001,가무,단란주점영업,단란주점,"인천광역시 연수구 능허대로267번길 34, 지상1층 (동춘동)",37.41355687919408,126.65558370614782,,2026-09-06,https://www.data.go.kr/data/15045017/fileData.do,https://file.localdata.go.kr/file/download/singing_bars/info,영업/정상,2026-04-22 23:09:11,2023-12-11 15:46:20,EPSG:5174 original transformed to EPSG:4326,official_coordinate,인천광역시,169439.585466811    ,434660.947610734    
3520000-103-2018-00002,새로이,단란주점영업,단란주점,"인천광역시 연수구 능허대로267번길 7, 지하1층 (동춘동)",37.41321288538775,126.65411809507823,,2026-09-06,https://www.data.go.kr/data/15045017/fileData.do,https://file.localdata.go.kr/file/download/singing_bars/info,영업/정상,2026-04-22 23:09:11,2024-12-02 15:44:41,EPSG:5174 original transformed to EPSG:4326,official_coordinate,인천광역시,169309.696589371    ,434623.245749069    
3520000-103-2020-00001,링코노래타운 연수2호점,단란주점영업,단란주점,"인천광역시 연수구 먼우금로188번길 17, 선우빌딩 2층 일부호 (연수동)",37.41365072823758,126.6770823619972,,2026-09-06,https://www.data.go.kr/data/15045017/fileData.do,https://file.localdata.go.kr/file/download/singing_bars/info,영업/정상,2026-04-22 23:09:12,2024-12-03 10:11:16,EPSG:5174 original transformed to EPSG:4326,official_coordinate,인천광역시,171342.862895203    ,434664.59939573     
3520000-103-2021-00001,라이브 퀸,단란주점영업,단란주점,"인천광역시 연수구 앵고개로246번길 39-24, 예은빌딩 3층 (동춘동)",37.407184762814474,126.67202944541225,,2026-09-06,https://www.data.go.kr/data/15045017/fileData.do,https://file.localdata.go.kr/file/download/singing_bars/info,영업/정상,2026-04-22 23:09:12,2024-03-29 10:54:09,EPSG:5174 original transformed to EPSG:4326,official_coordinate,인천광역시,170893.029946055    ,433948.513762476    
3520000-103-2025-00001,크크,단란주점영업,단란주점,"인천광역시 연수구 인권로 11, 3층 일부호 (옥련동)",37.41873200893263,126.65157156007618,,2026-09-06,https://www.data.go.kr/data/15045017/fileData.do,https://file.localdata.go.kr/file/download/singing_bars/info,영업/정상,2026-04-22 23:09:13,2025-12-29 17:38:34,EPSG:5174 original transformed to EPSG:4326,official_coordinate,인천광역시,169086.52784657     ,435236.629697641    
3530000-103-1995-00002,스마일,단란주점영업,단란주점,인천광역시 남동구 호구포로 865 (구월동),37.459731493525375,126.71966584897254,,2026-09-06,https://www.data.go.kr/data/15045017/fileData.do,https://file.localdata.go.kr/file/download/singing_bars/info,영업/정상,2026-03-11 01:45:19,2022-10-18 14:43:55,EPSG:5174 original transformed to EPSG:4326,official_coordinate,인천광역시,175127.995587084    ,439766.852875299    
3530000-103-1995-00007,7080라이브(Live),단란주점영업,단란주점,"인천광역시 남동구 용천로168번길 14 (간석동, 지하1층전부)",37.46424206917127,126.71494320999723,,2026-09-06,https://www.data.go.kr/data/15045017/fileData.do,https://file.localdata.go.kr/file/download/singing_bars/info,영업/정상,2026-03-11 01:45:19,2012-03-05 10:01:42,EPSG:5174 original transformed to EPSG:4326,official_coordinate,인천광역시,174711.688095339    ,440268.731328215    
3530000-103-1995-00009,앗싸노래천국,단란주점영업,단란주점,"인천광역시 남동구 인주대로 524, 가동 지하1층 (구월동)",37.45010119580108,126.6949837971016,,2026-09-06,https://www.data.go.kr/data/15045017/fileData.do,https://file.localdata.go.kr/file/download/singing_bars/info,영업/정상,2026-03-11 01:45:19,2023-06-07 13:40:37,EPSG:5174 original transformed to EPSG:4326,official_coordinate,인천광역시,172940.799995302    ,438704.829115728    
3530000-103-1995-00010,스타라이브,단란주점영업,단란주점,"인천광역시 남동구 남동대로922번길 24 (간석동, 2층)",37.46462830785149,126.70963730896123,,2026-09-06,https://www.data.go.kr/data/15045017/fileData.do,https://file.localdata.go.kr/file/download/singing_bars/info,영업/정상,2026-03-11 01:45:19,2021-07-05 18:23:44,EPSG:5174 original transformed to EPSG:4326,official_coordinate,인천광역시,174242.415220971    ,440313.040273226    
3530000-103-1995-00011,한잔해,단란주점영업,단란주점,"인천광역시 남동구 남동대로916번길 79, 지하1층 (간석동)",37.46365995572419,126.71277363637292,,2026-09-06,https://www.data.go.kr/data/15045017/fileData.do,https://file.localdata.go.kr/file/download/singing_bars/info,영업/정상,2026-03-11 01:45:19,2024-10-04 16:50:27,EPSG:5174 original transformed to EPSG:4326,official_coordinate,인천광역시,174519.550904169    ,440204.710046247    
3530000-103-1995-00015,칸노래주점,단란주점영업,단란주점,"인천광역시 남동구 문화로145번길 12, 지하1층 (구월동)",37.45224281101219,126.6991967439619,,2026-09-06,https://www.data.go.kr/data/15045017/fileData.do,https://file.localdata.go.kr/file/download/singing_bars/info,영업/정상,2026-03-11 01:45:19,2017-03-06 11:38:36,EPSG:5174 original transformed to EPSG:4326,official_coordinate,인천광역시,173314.346471879    ,438941.317174282    
3530000-103-1996-00001,음악여행라이브,단란주점영업,단란주점,"인천광역시 남동구 백범로 453-1 (간석동, 지하1층전부)",37.467902882597315,126.70077097156684,,2026-09-06,https://www.data.go.kr/data/15045017/fileData.do,https://file.localdata.go.kr/file/download/singing_bars/info,영업/정상,2026-03-11 01:45:19,2026-01-08 15:20:30,EPSG:5174 original transformed to EPSG:4326,official_coordinate,인천광역시,173459.186923305    ,440678.945186217    
3530000-103-1996-00004,CNN단란주점,단란주점영업,단란주점,"인천광역시 남동구 경인로613번길 40, 지하1층 (간석동)",37.466887859681925,126.70621108498887,,2026-09-06,https://www.data.go.kr/data/15045017/fileData.do,https://file.localdata.go.kr/file/download/singing_bars/info,영업/정상,2026-03-11 01:45:19,2022-11-17 15:18:22,EPSG:5174 original transformed to EPSG:4326,official_coordinate,인천광역시,173940.089659947    ,440564.767419422    
3530000-103-1996-00006,노래하는맥주광장,단란주점영업,단란주점,"인천광역시 남동구 백범로 338, 지하1층 (간석동)",37.464863917484315,126.71317868242872,,2026-09-06,https://www.data.go.kr/data/15045017/fileData.do,https://file.localdata.go.kr/file/download/singing_bars/info,영업/정상,2026-03-11 01:45:19,2018-01-12 14:56:08,EPSG:5174 original transformed to EPSG:4326,official_coordinate,인천광역시,174555.794052441    ,440338.225168392    
3530000-103-1996-00010,콜라이브,단란주점영업,단란주점,"인천광역시 남동구 복개동로 74, 지하1층 (만수동)",37.45427187438575,126.72476971823798,,2026-09-06,https://www.data.go.kr/data/15045017/fileData.do,https://file.localdata.go.kr/file/download/singing_bars/info,영업/정상,2026-03-11 01:45:20,2024-11-06 17:00:27,EPSG:5174 original transformed to EPSG:4326,official_coordinate,인천광역시,175577.774958743    ,439159.564812273    
3530000-103-1996-00013,쌍쌍라이브,단란주점영업,단란주점,"인천광역시 남동구 호구포로 784, 지하1층 (구월동)",37.452343385382214,126.71935145629946,,2026-09-06,https://www.data.go.kr/data/15045017/fileData.do,https://file.localdata.go.kr/file/download/singing_bars/info,영업/정상,2026-03-11 01:45:20,2024-06-11 15:42:03,EPSG:5174 original transformed to EPSG:4326,official_coordinate,인천광역시,175097.724355865    ,438946.94867155     
3530000-103-1996-00014,팡팡노래광장주점,단란주점영업,단란주점,"인천광역시 남동구 남동대로916번길 38, 지하1층 (간석동)",37.46378438033432,126.71036374366359,,2026-09-06,https://www.data.go.kr/data/15045017/fileData.do,https://file.localdata.go.kr/file/download/singing_bars/info,영업/정상,2026-03-11 01:45:20,2024-05-03 16:38:48,EPSG:5174 original transformed to EPSG:4326,official_coordinate,인천광역시,174306.392066634    ,440219.175858376    
3530000-103-2005-00001,이리오너라7080,단란주점영업,단란주점,"인천광역시 남동구 용천로153번길 41, 1층 일부호 (간석동)",37.464057938021114,126.71236972954902,,2026-09-06,https://www.data.go.kr/data/15045017/fileData.do,https://file.localdata.go.kr/file/download/singing_bars/info,영업/정상,2026-03-11 01:45:20,2024-10-15 17:58:52,EPSG:5174 original transformed to EPSG:4326,official_coordinate,인천광역시,174483.953131613    ,440248.990766337    
3530000-103-2006-00001,노래하는7080,단란주점영업,단란주점,"인천광역시 남동구 백범로 343-1 (간석동, 2층)",37.46472966154131,126.71218267126312,,2026-09-06,https://www.data.go.kr/data/15045017/fileData.do,https://file.localdata.go.kr/file/download/singing_bars/info,영업/정상,2026-03-11 01:45:20,2025-12-15 18:02:06,EPSG:5174 original transformed to EPSG:4326,official_coordinate,인천광역시,174467.633290414    ,440323.59459412     
3530000-103-2007-00001,참조은주점,단란주점영업,단란주점,"인천광역시 남동구 용천로153번길 41, 지하1층 (간석동, 궁전빌딩)",37.464057938021114,126.71236972954902,,2026-09-06,https://www.data.go.kr/data/15045017/fileData.do,https://file.localdata.go.kr/file/download/singing_bars/info,영업/정상,2026-03-11 01:45:20,2024-12-04 14:11:17,EPSG:5174 original transformed to EPSG:4326,official_coordinate,인천광역시,174483.953131613    ,440248.990766337    
3530000-103-2008-00003,쎄시봉,단란주점영업,단란주점,"인천광역시 남동구 남동대로922번길 16 (간석동, 지하1층)",37.4645929475863,126.7091790407716,,2026-09-06,https://www.data.go.kr/data/15045017/fileData.do,https://file.localdata.go.kr/file/download/singing_bars/info,영업/정상,2026-03-11 01:45:20,2025-07-29 13:55:36,EPSG:5174 original transformed to EPSG:4326,official_coordinate,인천광역시,174201.860896901    ,440309.241438278    
3530000-103-2009-00001,달빛 7080,단란주점영업,단란주점,"인천광역시 남동구 남동대로921번길 1 (간석동, 2동 2층전부)",37.464605045718315,126.70780997353278,,2026-09-06,https://www.data.go.kr/data/15045017/fileData.do,https://file.localdata.go.kr/file/download/singing_bars/info,영업/정상,2026-03-11 01:45:20,2024-03-04 10:19:11,EPSG:5174 original transformed to EPSG:4326,official_coordinate,인천광역시,174080.746160471    ,440310.960937177    
3530000-103-2009-00003,달빛라이브,단란주점영업,단란주점,"인천광역시 남동구 청능대로 563, 4층 402호 (논현동, 동아베스트프라자)",37.400962642102236,126.72175445480916,,2026-09-06,https://www.data.go.kr/data/15045017/fileData.do,https://file.localdata.go.kr/file/download/singing_bars/info,영업/정상,2026-06-23 03:03:03,2022-05-12 16:39:15,EPSG:5174 original transformed to EPSG:4326,official_coordinate,인천광역시,175293.42678562     ,433243.724544159    
3530000-103-2011-00001,향기단란주점,단란주점영업,단란주점,"인천광역시 남동구 백범로 315-1, 지하1층 (간석동)",37.46340830713989,126.71487662256155,,2026-09-06,https://www.data.go.kr/data/15045017/fileData.do,https://file.localdata.go.kr/file/download/singing_bars/info,영업/정상,2026-03-11 01:45:20,2025-05-08 13:46:17,EPSG:5174 original transformed to EPSG:4326,official_coordinate,인천광역시,174705.515623677    ,440176.211976698    
3530000-103-2011-00003,파라다이스7080,단란주점영업,단란주점,"인천광역시 남동구 백범로 336, 지하1층 (간석동)",37.46475447173629,126.71339849059731,,2026-09-06,https://www.data.go.kr/data/15045017/fileData.do,https://file.localdata.go.kr/file/download/singing_bars/info,영업/정상,2026-03-11 01:45:20,2025-09-18 16:57:38,EPSG:5174 original transformed to EPSG:4326,official_coordinate,인천광역시,174575.202861547    ,440326.018541622    
3530000-103-2012-00002,몽마르지,단란주점영업,단란주점,"인천광역시 남동구 백범로 325-2, 2층 (간석동)",37.463913559514886,126.71377385494414,,2026-09-06,https://www.data.go.kr/data/15045017/fileData.do,https://file.localdata.go.kr/file/download/singing_bars/info,영업/정상,2026-03-11 01:45:20,2026-01-16 09:45:25,EPSG:5174 original transformed to EPSG:4326,official_coordinate,인천광역시,174608.125511914    ,440232.586171741    
3530000-103-2012-00003,킹톤,단란주점영업,단란주점,"인천광역시 남동구 논고개로123번길 35, A402호 (논현동, 논현동칼리오페)",37.4015087039234,126.7220845026841,,2026-09-06,https://www.data.go.kr/data/15045017/fileData.do,https://file.localdata.go.kr/file/download/singing_bars/info,영업/정상,2026-03-11 01:45:20,2025-07-01 11:48:49,EPSG:5174 original transformed to EPSG:4326,official_coordinate,인천광역시,175322.829762396    ,433304.243386176    
3530000-103-2012-00004,썬라이브,단란주점영업,단란주점,"인천광역시 남동구 청능대로 583, 4층 401호 (논현동, 중앙프라자)",37.40138132179258,126.7239237659944,,2026-09-06,https://www.data.go.kr/data/15045017/fileData.do,https://file.localdata.go.kr/file/download/singing_bars/info,영업/정상,2026-03-11 01:45:20,2024-08-27 12:03:01,EPSG:5174 original transformed to EPSG:4326,official_coordinate,인천광역시,175485.641042936    ,433289.624904312    
3530000-103-2012-00005,가자단란주점,단란주점영업,단란주점,"인천광역시 남동구 논현로26번길 34, 204호 (논현동, 주건축물제1동)",37.40225890056957,126.70858950295411,,2026-09-06,https://www.data.go.kr/data/15045017/fileData.do,https://file.localdata.go.kr/file/download/singing_bars/info,영업/정상,2026-03-11 01:45:20,2019-06-13 08:50:03,EPSG:5174 original transformed to EPSG:4326,official_coordinate,인천광역시,174128.207737326    ,433391.129855272    
3530000-103-2012-00008,썸씽7080라이브,단란주점영업,단란주점,"인천광역시 남동구 논고개로123번길 45-1, 403호 (논현동, 로얄프라자)",37.40122850605121,126.72136277703261,,2026-09-06,https://www.data.go.kr/data/15045017/fileData.do,https://file.localdata.go.kr/file/download/singing_bars/info,영업/정상,2026-03-11 01:45:20,2023-10-17 15:55:36,EPSG:5174 original transformed to EPSG:4326,official_coordinate,인천광역시,175258.834049942    ,433273.334752999    
3530000-103-2013-00001,별밤,단란주점영업,단란주점,"인천광역시 남동구 논현로 42 (논현동, 제일프라자 605호일부)",37.402120023005324,126.71104692295053,,2026-09-06,https://www.data.go.kr/data/15045017/fileData.do,https://file.localdata.go.kr/file/download/singing_bars/info,영업/정상,2026-03-11 01:45:20,2022-04-14 11:18:16,EPSG:5174 original transformed to EPSG:4326,official_coordinate,인천광역시,174345.744164753    ,433375.043521099    
3530000-103-2013-00002,창노래타운주점,단란주점영업,단란주점,"인천광역시 남동구 논고개로123번길 17, 311-1호 (논현동, 아이플렉스)",37.40168487309449,126.72308635100624,,2026-09-06,https://www.data.go.kr/data/15045017/fileData.do,https://file.localdata.go.kr/file/download/singing_bars/info,영업/정상,2026-03-11 01:45:20,2019-12-02 12:12:13,EPSG:5174 original transformed to EPSG:4326,official_coordinate,인천광역시,175411.593577176    ,433323.533492479    
3530000-103-2013-00003,별단란주점,단란주점영업,단란주점,"인천광역시 남동구 구월남로 117, 3층 302호 (구월동, 가주프라자)",37.45356020239791,126.7025929845207,,2026-09-06,https://www.data.go.kr/data/15045017/fileData.do,https://file.localdata.go.kr/file/download/singing_bars/info,영업/정상,2026-03-11 01:45:20,2018-09-05 14:27:24,EPSG:5174 original transformed to EPSG:4326,official_coordinate,인천광역시,173615.319103067    ,439086.572354277    
3530000-103-2014-00001,원이야 놀자 라이브,단란주점영업,단란주점,"인천광역시 남동구 남동대로922번길 28, 1층 (간석동)",37.46462826900752,126.70980794878746,,2026-09-06,https://www.data.go.kr/data/15045017/fileData.do,https://file.localdata.go.kr/file/download/singing_bars/info,영업/정상,2026-03-11 01:45:20,2024-01-18 11:17:46,EPSG:5174 original transformed to EPSG:4326,official_coordinate,인천광역시,174257.511399426    ,440312.989200226    
3530000-103-2014-00002,부킹7080라이브,단란주점영업,단란주점,"인천광역시 남동구 논고개로 117, 5층 502-2호 (논현동, 메트로타워)",37.40166074673201,126.72384700391623,,2026-09-06,https://www.data.go.kr/data/15045017/fileData.do,https://file.localdata.go.kr/file/download/singing_bars/info,영업/정상,2026-03-11 01:45:20,2025-04-10 10:59:34,EPSG:5174 original transformed to EPSG:4326,official_coordinate,인천광역시,175478.935610323    ,433320.657284495    
3530000-103-2015-00001,힐링라이브(7080),단란주점영업,단란주점,"인천광역시 남동구 석촌로 47, 2층 (간석동)",37.46483273929734,126.70877580580652,,2026-09-06,https://www.data.go.kr/data/15045017/fileData.do,https://file.localdata.go.kr/file/download/singing_bars/info,영업/정상,2026-03-11 01:45:20,2024-07-29 16:25:00,EPSG:5174 original transformed to EPSG:4326,official_coordinate,인천광역시,174166.270129846    ,440335.966144476    
3530000-103-2015-00002,병구야,단란주점영업,단란주점,"인천광역시 남동구 백범로 396 (간석동, 지하1층전부)",37.46750538928761,126.70745834933203,,2026-09-06,https://www.data.go.kr/data/15045017/fileData.do,https://file.localdata.go.kr/file/download/singing_bars/info,영업/정상,2026-03-11 01:45:20,2025-04-07 11:30:37,EPSG:5174 original transformed to EPSG:4326,official_coordinate,인천광역시,174050.643494053    ,440632.960431856    
3530000-103-2015-00003,파티라이브,단란주점영업,단란주점,"인천광역시 남동구 앵고개로934번길 51, 3층 (논현동, 흥인빌딩 302호일부)",37.40029234616647,126.73610586125892,,2026-09-06,https://www.data.go.kr/data/15045017/fileData.do,https://file.localdata.go.kr/file/download/singing_bars/info,영업/정상,2026-03-11 01:45:20,2024-06-25 11:06:55,EPSG:5174 original transformed to EPSG:4326,official_coordinate,인천광역시,176563.935242504    ,433165.659128108    
3530000-103-2015-00005,썸단란주점,단란주점영업,단란주점,"인천광역시 남동구 선수촌공원로23번길 6-17, 4층 401호 (구월동, 메이채프라자)",37.44189325281867,126.70936303623024,,2026-09-06,https://www.data.go.kr/data/15045017/fileData.do,https://file.localdata.go.kr/file/download/singing_bars/info,영업/정상,2026-03-11 01:45:20,2015-12-30 17:09:45,EPSG:5174 original transformed to EPSG:4326,official_coordinate,인천광역시,174210.327060356    ,437789.809750001    
3530000-103-1996-00016,아싸가요주점,단란주점영업,단란주점,"인천광역시 남동구 백범로 447, 지하1층 (간석동)",37.46777889559822,126.70154976434736,,2026-09-06,https://www.data.go.kr/data/15045017/fileData.do,https://file.localdata.go.kr/file/download/singing_bars/info,영업/정상,2026-03-11 01:45:20,2024-10-17 10:00:04,EPSG:5174 original transformed to EPSG:4326,official_coordinate,인천광역시,173528.038475321    ,440664.964460516    
3530000-103-1996-00017,심염단란주점,단란주점영업,단란주점,인천광역시 남동구 구월남로 288 (구월동),37.45197569602583,126.72160650985344,,2026-09-06,https://www.data.go.kr/data/15045017/fileData.do,https://file.localdata.go.kr/file/download/singing_bars/info,영업/정상,2026-03-11 01:45:20,2025-12-15 17:58:21,EPSG:5174 original transformed to EPSG:4326,official_coordinate,인천광역시,175297.136159646    ,438905.544667905    
3530000-103-1993-00004,황금,단란주점영업,단란주점,"인천광역시 남동구 호구포로 898, 지하5호 (간석동)",37.46245733503604,126.72069953358779,,2026-09-06,https://www.data.go.kr/data/15045017/fileData.do,https://file.localdata.go.kr/file/download/singing_bars/info,영업/정상,2026-03-11 01:45:19,2023-01-30 11:50:44,EPSG:5174 original transformed to EPSG:4326,official_coordinate,인천광역시,175220.351506512    ,440069.114290728    
3530000-103-1993-00009,황제,단란주점영업,단란주점,"인천광역시 남동구 용천로153번길 56 (간석동, 지하1층)",37.46462996669099,126.71176257167478,,2026-09-06,https://www.data.go.kr/data/15045017/fileData.do,https://file.localdata.go.kr/file/download/singing_bars/info,영업/정상,2026-03-11 01:45:19,2026-02-09 16:49:29,EPSG:5174 original transformed to EPSG:4326,official_coordinate,인천광역시,174430.433869164    ,440312.643931864    
3530000-103-1993-00010,산타나라이브,단란주점영업,단란주점,"인천광역시 남동구 백범로 260, 지하1층 (간석동)",37.46111659130693,126.72057337560607,,2026-09-06,https://www.data.go.kr/data/15045017/fileData.do,https://file.localdata.go.kr/file/download/singing_bars/info,영업/정상,2026-03-11 01:45:19,2022-11-17 15:11:39,EPSG:5174 original transformed to EPSG:4326,official_coordinate,인천광역시,175208.746452443    ,439920.341666843    
3530000-103-1994-00003,백마단란주점,단란주점영업,단란주점,인천광역시 남동구 구월로276번길 70 (구월동),37.45256523667729,126.72069922007672,,2026-09-06,https://www.data.go.kr/data/15045017/fileData.do,https://file.localdata.go.kr/file/download/singing_bars/info,영업/정상,2026-03-11 01:45:19,2024-08-08 15:35:34,EPSG:5174 original transformed to EPSG:4326,official_coordinate,인천광역시,175217.051398509    ,438971.215115274    
3530000-103-1994-00006,추억속으로7080,단란주점영업,단란주점,"인천광역시 남동구 인주대로 660 (구월동, 지하1층)",37.44935101637342,126.71040038026675,,2026-09-06,https://www.data.go.kr/data/15045017/fileData.do,https://file.localdata.go.kr/file/download/singing_bars/info,영업/정상,2026-03-11 01:45:19,2024-01-17 13:59:05,EPSG:5174 original transformed to EPSG:4326,official_coordinate,인천광역시,174304.683618309    ,438617.242745383    
3530000-103-1994-00008,이지,단란주점영업,단란주점,"인천광역시 남동구 남동대로922번길 45 (간석동, 2층)",37.46488288984947,126.71084570839714,,2026-09-06,https://www.data.go.kr/data/15045017/fileData.do,https://file.localdata.go.kr/file/download/singing_bars/info,영업/정상,2026-03-11 01:45:19,2022-10-19 09:24:57,EPSG:5174 original transformed to EPSG:4326,official_coordinate,인천광역시,174349.407283964    ,440340.965175273    
3530000-103-1994-00010,브이아이피(VIP)노래주점,단란주점영업,단란주점,"인천광역시 남동구 석정로 572, 1층 (간석동)",37.466666901549004,126.69896505505167,,2026-09-06,https://www.data.go.kr/data/15045017/fileData.do,https://file.localdata.go.kr/file/download/singing_bars/info,영업/정상,2026-03-27 03:03:03,2026-03-26 15:47:19,EPSG:5174 original transformed to EPSG:4326,official_coordinate,인천광역시,173298.987122435    ,440542.278062118    
3530000-103-1994-00011,쎄시봉,단란주점영업,단란주점,인천광역시 남동구 호구포로 896 (간석동),37.46229144335654,126.72066843600656,,2026-09-06,https://www.data.go.kr/data/15045017/fileData.do,https://file.localdata.go.kr/file/download/singing_bars/info,영업/정상,2026-03-11 01:45:19,2022-10-24 16:30:38,EPSG:5174 original transformed to EPSG:4326,official_coordinate,인천광역시,175217.545391574    ,440050.710574455    
3530000-103-1994-00022,파트너단란주점,단란주점영업,단란주점,"인천광역시 남동구 남동대로 734, 지하1층 (구월동)",37.44779194839331,126.70770631668707,,2026-09-06,https://www.data.go.kr/data/15045017/fileData.do,https://file.localdata.go.kr/file/download/singing_bars/info,영업/정상,2026-03-11 01:45:19,2026-03-09 16:05:37,EPSG:5174 original transformed to EPSG:4326,official_coordinate,인천광역시,174065.756773255    ,438444.945760857    
3530000-103-2022-00003,7080콘서트,단란주점영업,단란주점,"인천광역시 남동구 남동대로921번길 15, 1층 101호 (간석동)",37.46469937215573,126.70715634789643,,2026-09-06,https://www.data.go.kr/data/15045017/fileData.do,https://file.localdata.go.kr/file/download/singing_bars/info,영업/정상,2026-04-17 03:03:03,2026-04-16 10:58:58,EPSG:5174 original transformed to EPSG:4326,official_coordinate,인천광역시,174022.953794842    ,440321.610501568    
3530000-103-2023-00001,오늘은 라이브,단란주점영업,단란주점,"인천광역시 남동구 선수촌공원로23번길 6-21, B&S빌딩 2층 201호 (구월동)",37.44213574800042,126.7093604739848,,2026-09-06,https://www.data.go.kr/data/15045017/fileData.do,https://file.localdata.go.kr/file/download/singing_bars/info,영업/정상,2026-03-11 01:45:21,2025-06-30 11:20:24,EPSG:5174 original transformed to EPSG:4326,official_coordinate,인천광역시,174210.183742911    ,437816.724322802    
3530000-103-2023-00002,에코노래타운,단란주점영업,단란주점,"인천광역시 남동구 소래역로30번길 18, 제일타워 2층 203호 (논현동)",37.39996777677289,126.73649267580342,,2026-09-06,https://www.data.go.kr/data/15045017/fileData.do,https://file.localdata.go.kr/file/download/singing_bars/info,영업/정상,2026-03-11 01:45:21,2023-09-26 14:42:54,EPSG:5174 original transformed to EPSG:4326,official_coordinate,인천광역시,176598.084097114    ,433129.540059781    
3530000-103-2024-00001,폭스뮤직타운,단란주점영업,단란주점,"인천광역시 남동구 선수촌공원로23번길 10-21, 누리자타운 2층 207-1호 (구월동)",37.44199447783639,126.70860836044707,,2026-09-06,https://www.data.go.kr/data/15045017/fileData.do,https://file.localdata.go.kr/file/download/singing_bars/info,영업/정상,2026-03-11 01:45:21,2024-04-24 14:05:11,EPSG:5174 original transformed to EPSG:4326,official_coordinate,인천광역시,174143.57698431     ,437801.25172195     
3530000-103-2024-00002,카라라이브,단란주점영업,단란주점,"인천광역시 남동구 백범로 329, 2층 일부호 (간석동)",37.46404666075672,126.71357091151629,,2026-09-06,https://www.data.go.kr/data/15045017/fileData.do,https://file.localdata.go.kr/file/download/singing_bars/info,영업/정상,2026-03-11 01:45:21,2024-09-23 15:30:20,EPSG:5174 original transformed to EPSG:4326,official_coordinate,인천광역시,174590.216465829    ,440247.413625409    
3530000-103-2024-00003,연가라이브,단란주점영업,단란주점,"인천광역시 남동구 선수촌공원로23번길 6-9, 광장프라자 3층 301호 (구월동)",37.4415042027994,126.70936455300374,,2026-09-06,https://www.data.go.kr/data/15045017/fileData.do,https://file.localdata.go.kr/file/download/singing_bars/info,영업/정상,2026-03-11 01:45:21,2026-01-26 15:56:17,EPSG:5174 original transformed to EPSG:4326,official_coordinate,인천광역시,174210.327440775    ,437746.629749998    
3530000-103-2025-00001,호구포 라이브,단란주점영업,단란주점,"인천광역시 남동구 논현로46번길 14, 리더스프라자 2층 206호 (논현동)",37.40181402784372,126.71067257061235,,2026-09-06,https://www.data.go.kr/data/15045017/fileData.do,https://file.localdata.go.kr/file/download/singing_bars/info,영업/정상,2026-03-11 01:45:21,2025-05-26 10:34:00,EPSG:5174 original transformed to EPSG:4326,official_coordinate,인천광역시,174312.493645871    ,433341.184321804    
3530000-103-2025-00002,리치라이브,단란주점영업,단란주점,"인천광역시 남동구 선수촌공원로 33, 로데오프라자 2층 203호 (구월동)",37.44184566140042,126.70977146509726,,2026-09-06,https://www.data.go.kr/data/15045017/fileData.do,https://file.localdata.go.kr/file/download/singing_bars/info,영업/정상,2026-03-11 01:45:21,2025-11-13 14:36:30,EPSG:5174 original transformed to EPSG:4326,official_coordinate,인천광역시,174246.454599283    ,437784.415750001    
3530000-103-1996-00020,퀸가요주점,단란주점영업,단란주점,"인천광역시 남동구 남동대로 697-1, 지하1층 (구월동)",37.44475044046988,126.70662593951826,,2026-09-06,https://www.data.go.kr/data/15045017/fileData.do,https://file.localdata.go.kr/file/download/singing_bars/info,영업/정상,2026-03-11 01:45:20,2023-05-25 15:56:20,EPSG:5174 original transformed to EPSG:4326,official_coordinate,인천광역시,173969.100055184    ,438107.675547387    
3530000-103-1997-00003,힐링,단란주점영업,단란주점,"인천광역시 남동구 문화로 113, 2층 (구월동)",37.44923849108247,126.69933153928568,,2026-09-06,https://www.data.go.kr/data/15045017/fileData.do,https://file.localdata.go.kr/file/download/singing_bars/info,영업/정상,2026-03-11 01:45:20,2019-11-11 18:08:23,EPSG:5174 original transformed to EPSG:4326,official_coordinate,인천광역시,173325.20422905     ,438607.837175593    
3530000-103-1997-00007,7080가요마당,단란주점영업,단란주점,"인천광역시 남동구 남촌동로46번길 4, 지하1층 (남촌동)",37.43185800607567,126.71385809744291,,2026-09-06,https://www.data.go.kr/data/15045017/fileData.do,https://file.localdata.go.kr/file/download/singing_bars/info,영업/정상,2026-03-11 01:45:20,2022-11-17 15:21:18,EPSG:5174 original transformed to EPSG:4326,official_coordinate,인천광역시,174604.718243899    ,436674.802963663    
3530000-103-1997-00008,조이라이브7080,단란주점영업,단란주점,"인천광역시 남동구 구월로 353, 지하1층 (만수동)",37.455340413926145,126.73010927242622,,2026-09-06,https://www.data.go.kr/data/15045017/fileData.do,https://file.localdata.go.kr/file/download/singing_bars/info,영업/정상,2026-03-11 01:45:20,2024-07-25 15:14:40,EPSG:5174 original transformed to EPSG:4326,official_coordinate,인천광역시,176050.562072892    ,439276.785005713    
3530000-103-1998-00004,쏜다,단란주점영업,단란주점,인천광역시 남동구 남동대로 696 (구월동),37.44445170026828,126.70722518795691,,2026-09-06,https://www.data.go.kr/data/15045017/fileData.do,https://file.localdata.go.kr/file/download/singing_bars/info,영업/정상,2026-03-11 01:45:20,2005-07-12 00:00:00,EPSG:5174 original transformed to EPSG:4326,official_coordinate,인천광역시,174022.024962179    ,438074.353422454    
3530000-103-1998-00006,추억의7080,단란주점영업,단란주점,"인천광역시 남동구 구월말로 59, 지하1층 일부호 (만수동)",37.454412460386166,126.72479563527875,,2026-09-06,https://www.data.go.kr/data/15045017/fileData.do,https://file.localdata.go.kr/file/download/singing_bars/info,영업/정상,2026-03-11 01:45:20,2022-11-17 15:22:25,EPSG:5174 original transformed to EPSG:4326,official_coordinate,인천광역시,175580.113932115    ,439175.161355998    
3530000-103-1998-00009,우정단란주점,단란주점영업,단란주점,"인천광역시 남동구 백범로157번길 31, 지하층 102호 (만수동)",37.455421332341615,126.72996188003839,,2026-09-06,https://www.data.go.kr/data/15045017/fileData.do,https://file.localdata.go.kr/file/download/singing_bars/info,영업/정상,2026-03-11 01:45:20,2023-06-21 14:30:20,EPSG:5174 original transformed to EPSG:4326,official_coordinate,인천광역시,176037.546816593    ,439285.803509067    
3530000-103-1998-00011,우산속,단란주점영업,단란주점,"인천광역시 남동구 남동대로 694 (구월동, 지하1층)",37.44419167999159,126.70723993232524,,2026-09-06,https://www.data.go.kr/data/15045017/fileData.do,https://file.localdata.go.kr/file/download/singing_bars/info,영업/정상,2026-03-11 01:45:20,2018-01-12 11:47:53,EPSG:5174 original transformed to EPSG:4326,official_coordinate,인천광역시,174023.23960806     ,438045.490403682    
3530000-103-1998-00012,주(酒)고래노래노래,단란주점영업,단란주점,"인천광역시 남동구 석촌로46번길 32 (간석동,지하1층)",37.464161494319264,126.71071376829435,,2026-09-06,https://www.data.go.kr/data/15045017/fileData.do,https://file.localdata.go.kr/file/download/singing_bars/info,영업/정상,2026-03-11 01:45:20,2024-06-04 16:59:49,EPSG:5174 original transformed to EPSG:4326,official_coordinate,인천광역시,174337.48765703     ,440260.935201158    
3530000-103-1999-00001,첼로,단란주점영업,단란주점,"인천광역시 남동구 백범로 334 (간석동, 지하1층)",37.464716862836426,126.71353840647288,,2026-09-06,https://www.data.go.kr/data/15045017/fileData.do,https://file.localdata.go.kr/file/download/singing_bars/info,영업/정상,2026-03-11 01:45:20,2020-03-30 11:52:05,EPSG:5174 original transformed to EPSG:4326,official_coordinate,인천광역시,174587.568179357    ,440321.806567968    
3530000-103-2001-00004,마이웨이,단란주점영업,단란주점,"인천광역시 남동구 남동대로922번길 17 (간석동, 3층)",37.464840288981776,126.7092976648436,,2026-09-06,https://www.data.go.kr/data/15045017/fileData.do,https://file.localdata.go.kr/file/download/singing_bars/info,영업/정상,2026-03-11 01:45:20,2025-12-17 13:58:09,EPSG:5174 original transformed to EPSG:4326,official_coordinate,인천광역시,174212.440514101    ,440336.660720672    
3530000-103-2003-00001,친구네노래포차,단란주점영업,단란주점,"인천광역시 남동구 백범로 325 (간석동,지하1층일부)",37.46382984917805,126.71391631186114,,2026-09-06,https://www.data.go.kr/data/15045017/fileData.do,https://file.localdata.go.kr/file/download/singing_bars/info,영업/정상,2026-03-11 01:45:20,2023-08-01 13:49:25,EPSG:5174 original transformed to EPSG:4326,official_coordinate,인천광역시,174620.700167298    ,440223.256872503    
3530000-103-2003-00004,7080푸른시절라이브,단란주점영업,단란주점,"인천광역시 남동구 남동대로921번길 1, 1동 2층 (간석동)",37.464605045718315,126.70780997353278,,2026-09-06,https://www.data.go.kr/data/15045017/fileData.do,https://file.localdata.go.kr/file/download/singing_bars/info,영업/정상,2026-03-11 01:45:20,2024-08-26 12:06:19,EPSG:5174 original transformed to EPSG:4326,official_coordinate,인천광역시,174080.746160471    ,440310.960937177    
3530000-103-2004-00002,써니라이브 7080,단란주점영업,단란주점,"인천광역시 남동구 석촌로 58, 지하1층 (간석동)",37.465630094110864,126.70898997871883,,2026-09-06,https://www.data.go.kr/data/15045017/fileData.do,https://file.localdata.go.kr/file/download/singing_bars/info,영업/정상,2026-03-11 01:45:20,2024-01-18 16:33:40,EPSG:5174 original transformed to EPSG:4326,official_coordinate,인천광역시,174185.492380491    ,440424.403840923    
3530000-103-2016-00001,써니,단란주점영업,단란주점,"인천광역시 남동구 호구포로 221, 202호 (논현동, 남동메디칼센타)",37.40277269883594,126.70968045975428,,2026-09-06,https://www.data.go.kr/data/15045017/fileData.do,https://file.localdata.go.kr/file/download/singing_bars/info,영업/정상,2026-03-11 01:45:20,2020-03-04 17:01:51,EPSG:5174 original transformed to EPSG:4326,official_coordinate,인천광역시,174224.979207798    ,433447.855135123    
3530000-103-2016-00003,해바라기,단란주점영업,단란주점,"인천광역시 남동구 용천로168번길 9, 지하1층 일부호 (간석동)",37.46451573672491,126.71489555086619,,2026-09-06,https://www.data.go.kr/data/15045017/fileData.do,https://file.localdata.go.kr/file/download/singing_bars/info,영업/정상,2026-03-11 01:45:21,2024-08-13 14:57:56,EPSG:5174 original transformed to EPSG:4326,official_coordinate,인천광역시,174707.564175176    ,440299.117872892    
3530000-103-2016-00006,망고단란주점,단란주점영업,단란주점,"인천광역시 남동구 장도로 64, 207호 (논현동, 동아씨랜드)",37.3997489750688,126.73687180872183,,2026-09-06,https://www.data.go.kr/data/15045017/fileData.do,https://file.localdata.go.kr/file/download/singing_bars/info,영업/정상,2026-03-11 01:45:21,2018-01-24 14:35:14,EPSG:5174 original transformed to EPSG:4326,official_coordinate,인천광역시,176631.586010494    ,433105.161814139    
3530000-103-2017-00004,다국적 노래바,단란주점영업,단란주점,"인천광역시 남동구 선수촌공원로 25, 3층 304호 (구월동, 구월신세계프라자)",37.44127311853184,126.70977472940753,,2026-09-06,https://www.data.go.kr/data/15045017/fileData.do,https://file.localdata.go.kr/file/download/singing_bars/info,영업/정상,2026-04-16 03:03:03,2026-04-15 15:45:47,EPSG:5174 original transformed to EPSG:4326,official_coordinate,인천광역시,174246.546777488    ,437720.86991095     
3530000-103-2017-00005,오선녀7080,단란주점영업,단란주점,"인천광역시 남동구 백범로 335, 4층 일부호 (간석동)",37.464283721978674,126.71294755354295,,2026-09-06,https://www.data.go.kr/data/15045017/fileData.do,https://file.localdata.go.kr/file/download/singing_bars/info,영업/정상,2026-03-11 01:45:21,2025-11-10 17:08:20,EPSG:5174 original transformed to EPSG:4326,official_coordinate,인천광역시,174535.149307588    ,440273.893244433    
3530000-103-2018-00001,제우스단란주점,단란주점영업,단란주점,"인천광역시 남동구 인주대로591번길 55, 건영프라자 2층 201호 (구월동)",37.45269486496035,126.70272019065911,,2026-09-06,https://www.data.go.kr/data/15045017/fileData.do,https://file.localdata.go.kr/file/download/singing_bars/info,영업/정상,2026-03-11 01:45:21,2026-02-27 16:20:54,EPSG:5174 original transformed to EPSG:4326,official_coordinate,인천광역시,173626.269900366    ,438990.49504747     
3530000-103-2018-00002,아이앤디(IND)-88클럽,단란주점영업,단란주점,"인천광역시 남동구 경인로 607, 관광나이트런던 지하1층 2호 (간석동)",37.46530817742509,126.70510882791905,,2026-09-06,https://www.data.go.kr/data/15045017/fileData.do,https://file.localdata.go.kr/file/download/singing_bars/info,영업/정상,2026-03-11 01:45:21,2022-12-08 16:58:10,EPSG:5174 original transformed to EPSG:4326,official_coordinate,인천광역시,173842.026236596    ,440389.748388941    
3530000-103-2018-00003,소래왕라이브,단란주점영업,단란주점,"인천광역시 남동구 소래역로 20, 2층 201호 (논현동)",37.399229577778435,126.7363490098249,,2026-09-06,https://www.data.go.kr/data/15045017/fileData.do,https://file.localdata.go.kr/file/download/singing_bars/info,영업/정상,2026-03-11 01:45:21,2023-02-27 14:18:25,EPSG:5174 original transformed to EPSG:4326,official_coordinate,인천광역시,176585.133019404    ,433047.645780489    
3530000-103-2019-00001,펄라이브,단란주점영업,단란주점,"인천광역시 남동구 논고개로 120, 논현프라자 301-1호 (논현동)",37.40201813836617,126.72443037583382,,2026-09-06,https://www.data.go.kr/data/15045017/fileData.do,https://file.localdata.go.kr/file/download/singing_bars/info,영업/정상,2026-03-11 01:45:21,2019-06-14 09:30:35,EPSG:5174 original transformed to EPSG:4326,official_coordinate,인천광역시,175530.70519076     ,433360.171033601    
3530000-103-2019-00002,놀자라이브7080,단란주점영업,단란주점,"인천광역시 남동구 선수촌공원로23번길 10-10, 솔보프라자 3층 301호 (구월동)",37.441503485567225,126.70907643913002,,2026-09-06,https://www.data.go.kr/data/15045017/fileData.do,https://file.localdata.go.kr/file/download/singing_bars/info,영업/정상,2026-05-23 03:03:03,2026-05-22 17:59:13,EPSG:5174 original transformed to EPSG:4326,official_coordinate,인천광역시,174184.830440783    ,437746.629218873    
3530000-103-2020-00001,에이스단란주점,단란주점영업,단란주점,"인천광역시 남동구 백범로 320, 지하1층 (간석동)",37.46402475324141,126.71482657407438,,2026-09-06,https://www.data.go.kr/data/15045017/fileData.do,https://file.localdata.go.kr/file/download/singing_bars/info,영업/정상,2026-03-11 01:45:21,2025-09-08 16:30:45,EPSG:5174 original transformed to EPSG:4326,official_coordinate,인천광역시,174701.296073575    ,440244.643343281    
3530000-103-2021-00001,명품 단란주점,단란주점영업,단란주점,"인천광역시 남동구 선수촌공원로 37, 중앙프라자 3층 302호 (구월동)",37.44226500802892,126.70976983335271,,2026-09-06,https://www.data.go.kr/data/15045017/fileData.do,https://file.localdata.go.kr/file/download/singing_bars/info,영업/정상,2026-03-11 01:45:21,2021-01-18 14:39:09,EPSG:5174 original transformed to EPSG:4326,official_coordinate,인천광역시,174246.454268522    ,437830.958320029    
3530000-103-2022-00001,덤라이브,단란주점영업,단란주점,"인천광역시 남동구 선수촌공원로23번길 10-6, 은성프라자 2층 201호 (구월동)",37.44125451693124,126.7090800121833,,2026-09-06,https://www.data.go.kr/data/15045017/fileData.do,https://file.localdata.go.kr/file/download/singing_bars/info,영업/정상,2026-03-11 01:45:21,2024-08-01 15:58:43,EPSG:5174 original transformed to EPSG:4326,official_coordinate,인천광역시,174185.060903149    ,437718.995899852    
3540000-103-2007-00003,로타리노래주점,단란주점영업,단란주점,"인천광역시 부평구 시장로 83 (부평동,(3층))",37.497442786048055,126.72934291792292,,2026-09-06,https://www.data.go.kr/data/15045017/fileData.do,https://file.localdata.go.kr/file/download/singing_bars/info,영업/정상,2026-05-08 22:48:08,2025-07-16 09:41:37,EPSG:5174 original transformed to EPSG:4326,official_coordinate,인천광역시,175996.260653094    ,443949.831697908    
3540000-103-2007-00004,루비,단란주점영업,단란주점,"인천광역시 부평구 시장로61번길 14 (부평동,지하1층)",37.49626893571153,126.72738971325543,,2026-09-06,https://www.data.go.kr/data/15045017/fileData.do,https://file.localdata.go.kr/file/download/singing_bars/info,영업/정상,2026-05-08 22:48:08,2025-07-16 09:41:30,EPSG:5174 original transformed to EPSG:4326,official_coordinate,인천광역시,175823.160435819    ,443820.049341646    
3540000-103-2007-00005,나이스7080,단란주점영업,단란주점,"인천광역시 부평구 열우물로 29 (십정동,(지하1층))",37.47092579117245,126.70121959982843,,2026-09-06,https://www.data.go.kr/data/15045017/fileData.do,https://file.localdata.go.kr/file/download/singing_bars/info,영업/정상,2026-06-25 03:03:03,2025-12-11 14:51:55,EPSG:5174 original transformed to EPSG:4326,official_coordinate,인천광역시,173499.944179728    ,441014.324459992    
3540000-103-2008-00005,아지트,단란주점영업,단란주점,"인천광역시 부평구 열우물로 37 (십정동,외 1필지)",37.47148342816493,126.70092472141548,,2026-09-06,https://www.data.go.kr/data/15045017/fileData.do,https://file.localdata.go.kr/file/download/singing_bars/info,영업/정상,2026-05-08 22:48:08,2025-07-16 09:41:18,EPSG:5174 original transformed to EPSG:4326,official_coordinate,인천광역시,173474.05653395     ,441076.298576812    
3540000-103-2008-00006,40플러스,단란주점영업,단란주점,"인천광역시 부평구 열우물로25번길 5 (십정동,(2층))",37.470658347344504,126.7007777361063,,2026-09-06,https://www.data.go.kr/data/15045017/fileData.do,https://file.localdata.go.kr/file/download/singing_bars/info,영업/정상,2026-05-08 22:48:08,2025-07-16 09:40:50,EPSG:5174 original transformed to EPSG:4326,official_coordinate,인천광역시,173460.761801298    ,440984.766172688    
3540000-103-2009-00001,쎄시봉7080,단란주점영업,단란주점,"인천광역시 부평구 경원대로1377번길 53 (부평동,2층)",37.49368028539189,126.72202388849988,,2026-09-06,https://www.data.go.kr/data/15045017/fileData.do,https://file.localdata.go.kr/file/download/singing_bars/info,영업/정상,2026-05-08 22:48:08,2025-07-16 09:40:41,EPSG:5174 original transformed to EPSG:4326,official_coordinate,인천광역시,175347.80301755     ,443534.13504383     
3540000-103-2009-00003,더샵짱단란주점,단란주점영업,단란주점,"인천광역시 부평구 열우물로49번길 11-1 (십정동,외1필지 지하1층 일부)",37.47194258403068,126.70030703141828,,2026-09-06,https://www.data.go.kr/data/15045017/fileData.do,https://file.localdata.go.kr/file/download/singing_bars/info,영업/정상,2026-05-08 22:48:08,2025-12-31 11:09:27,EPSG:5174 original transformed to EPSG:4326,official_coordinate,인천광역시,173419.578588168    ,441127.433850695    
3540000-103-2009-00006,술마시는빙고,단란주점영업,단란주점,"인천광역시 부평구 시장로20번길 18 (부평동,4층)",37.492328585312976,126.72600420877325,,2026-09-06,https://www.data.go.kr/data/15045017/fileData.do,https://file.localdata.go.kr/file/download/singing_bars/info,영업/정상,2026-05-08 22:48:08,2025-07-16 09:40:15,EPSG:5174 original transformed to EPSG:4326,official_coordinate,인천광역시,175699.359165012    ,443383.074721414    
3540000-103-2010-00002,별밤라이브클럽,단란주점영업,단란주점,"인천광역시 부평구 백범로468번길 40 (십정동,2층)",37.47028155275293,126.70056723881717,,2026-09-06,https://www.data.go.kr/data/15045017/fileData.do,https://file.localdata.go.kr/file/download/singing_bars/info,영업/정상,2026-05-08 22:48:08,2025-07-16 09:40:07,EPSG:5174 original transformed to EPSG:4326,official_coordinate,인천광역시,173442.007362307    ,440943.0060481      
3540000-103-2010-00004,노래하며 술한잔,단란주점영업,단란주점,"인천광역시 부평구 시장로61번길 14 (부평동,(2층))",37.49626893571153,126.72738971325543,,2026-09-06,https://www.data.go.kr/data/15045017/fileData.do,https://file.localdata.go.kr/file/download/singing_bars/info,영업/정상,2026-05-08 22:48:08,2025-12-29 21:30:02,EPSG:5174 original transformed to EPSG:4326,official_coordinate,인천광역시,175823.160435819    ,443820.049341646    
3540000-103-2010-00005,여우2,단란주점영업,단란주점,"인천광역시 부평구 경원대로1377번길 35 (부평동,(지하1층))",37.49291804932605,126.72212924237425,,2026-09-06,https://www.data.go.kr/data/15045017/fileData.do,https://file.localdata.go.kr/file/download/singing_bars/info,영업/정상,2026-05-08 22:48:08,2025-09-05 16:13:33,EPSG:5174 original transformed to EPSG:4326,official_coordinate,인천광역시,175356.868795265    ,443449.508200425    
3540000-103-2011-00003,갤러리노래주점,단란주점영업,단란주점,"인천광역시 부평구 백범로468번길 46 (십정동,2층)",37.470551683192234,126.70071635435136,,2026-09-06,https://www.data.go.kr/data/15045017/fileData.do,https://file.localdata.go.kr/file/download/singing_bars/info,영업/정상,2026-05-08 22:48:08,2025-07-16 09:39:39,EPSG:5174 original transformed to EPSG:4326,official_coordinate,인천광역시,173455.29409764     ,440972.945092601    
3540000-103-2011-00004,초콜릿,단란주점영업,단란주점,"인천광역시 부평구 부평문화로 97 (부평동,(2층))",37.49445557591356,126.72720915500828,,2026-09-06,https://www.data.go.kr/data/15045017/fileData.do,https://file.localdata.go.kr/file/download/singing_bars/info,영업/정상,2026-06-09 03:03:03,2026-06-08 14:52:53,EPSG:5174 original transformed to EPSG:4326,official_coordinate,인천광역시,175806.607043196    ,443618.834319068    
3540000-103-2011-00005,딸기노래클럽,단란주점영업,단란주점,"인천광역시 부평구 시장로 33 (부평동,외1 한남시티프라자 지하1층 B01호)",37.49400663982469,126.72573845936763,,2026-09-06,https://www.data.go.kr/data/15045017/fileData.do,https://file.localdata.go.kr/file/download/singing_bars/info,영업/정상,2026-05-08 22:48:08,2025-07-16 09:39:16,EPSG:5174 original transformed to EPSG:4326,official_coordinate,인천광역시,175676.403086718    ,443569.387717134    
3540000-103-2011-00007,만야따나뽕,단란주점영업,단란주점,"인천광역시 부평구 경원대로1377번길 8, 3층 301호 (부평동)",37.4918079666386,126.72213954117409,,2026-09-06,https://www.data.go.kr/data/15045017/fileData.do,https://file.localdata.go.kr/file/download/singing_bars/info,영업/정상,2026-05-08 22:48:08,2025-07-16 09:39:08,EPSG:5174 original transformed to EPSG:4326,official_coordinate,인천광역시,175357.413934611    ,443326.299469555    
3540000-103-2011-00008,헤라라이브,단란주점영업,단란주점,"인천광역시 부평구 길주로647번길 17 (삼산동, 씨앤씨로데오 Ⅱ 802호(8층))",37.50794019610643,126.73425753223208,,2026-09-06,https://www.data.go.kr/data/15045017/fileData.do,https://file.localdata.go.kr/file/download/singing_bars/info,영업/정상,2026-05-08 22:48:08,2025-07-16 09:39:00,EPSG:5174 original transformed to EPSG:4326,official_coordinate,인천광역시,176434.165633854    ,445113.676316538    
3540000-103-2011-00009,경성,단란주점영업,단란주점,"인천광역시 부평구 경원대로1377번길 41 (부평동, 2층 일부)",37.4931138262805,126.72210547902566,,2026-09-06,https://www.data.go.kr/data/15045017/fileData.do,https://file.localdata.go.kr/file/download/singing_bars/info,영업/정상,2026-05-08 22:48:08,2026-03-30 15:46:28,EPSG:5174 original transformed to EPSG:4326,official_coordinate,인천광역시,175354.831781194    ,443471.243362691    
3540000-103-2012-00002,썬업단란주점,단란주점영업,단란주점,인천광역시 부평구 경원대로1403번길 13 (부평동),37.49199768708085,126.7250381812108,,2026-09-06,https://www.data.go.kr/data/15045017/fileData.do,https://file.localdata.go.kr/file/download/singing_bars/info,영업/정상,2026-05-08 22:48:08,2020-04-24 09:51:01,EPSG:5174 original transformed to EPSG:4326,official_coordinate,인천광역시,175613.820193784    ,443346.599402302    
3540000-103-2012-00003,한라이브,단란주점영업,단란주점,인천광역시 부평구 부평문화로 106 (부평동),37.49409152792981,126.72784585524722,,2026-09-06,https://www.data.go.kr/data/15045017/fileData.do,https://file.localdata.go.kr/file/download/singing_bars/info,영업/정상,2026-05-08 22:48:08,2025-09-08 16:04:01,EPSG:5174 original transformed to EPSG:4326,official_coordinate,인천광역시,175862.794872442    ,443578.265417515    
3540000-103-2013-00002,와와단란주점,단란주점영업,단란주점,인천광역시 부평구 경원대로1377번길 41 (부평동),37.4931138262805,126.72210547902566,,2026-09-06,https://www.data.go.kr/data/15045017/fileData.do,https://file.localdata.go.kr/file/download/singing_bars/info,영업/정상,2026-05-08 22:48:08,2025-07-16 09:38:32,EPSG:5174 original transformed to EPSG:4326,official_coordinate,인천광역시,175354.831781194    ,443471.243362691    
3540000-103-2013-00003,탈랜트7080,단란주점영업,단란주점,인천광역시 부평구 배곶로 4 (십정동),37.46985372147748,126.70033377504471,,2026-09-06,https://www.data.go.kr/data/15045017/fileData.do,https://file.localdata.go.kr/file/download/singing_bars/info,영업/정상,2026-05-08 22:48:08,2025-07-16 09:38:24,EPSG:5174 original transformed to EPSG:4326,official_coordinate,인천광역시,173421.202964332    ,440895.588015118    
3540000-103-2013-00004,노래하는 차차차,단란주점영업,단란주점,인천광역시 부평구 열우물로 36 (십정동),37.471594963912445,126.7015625937333,,2026-09-06,https://www.data.go.kr/data/15045017/fileData.do,https://file.localdata.go.kr/file/download/singing_bars/info,영업/정상,2026-05-08 22:48:08,2025-07-16 09:38:15,EPSG:5174 original transformed to EPSG:4326,official_coordinate,인천광역시,173530.522208484    ,441088.497793001    
3540000-103-2015-00001,모이자노래하자7080라이브,단란주점영업,단란주점,"인천광역시 부평구 열우물로25번길 8, 2층 (십정동)",37.47088841298862,126.70081395768645,,2026-09-06,https://www.data.go.kr/data/15045017/fileData.do,https://file.localdata.go.kr/file/download/singing_bars/info,영업/정상,2026-08-29 22:47:00,2026-08-28 17:55:14,EPSG:5174 original transformed to EPSG:4326,official_coordinate,인천광역시,173464.047522885    ,441010.290422382    
3540000-103-2015-00002,씨엔엔(CNN)뮤직뱅크,단란주점영업,단란주점,"인천광역시 부평구 경원대로1403번길 42 (부평동, 지하1층 일부)",37.49291872804258,126.72628888246035,,2026-09-06,https://www.data.go.kr/data/15045017/fileData.do,https://file.localdata.go.kr/file/download/singing_bars/info,영업/정상,2026-05-08 22:48:08,2020-08-27 09:39:36,EPSG:5174 original transformed to EPSG:4326,official_coordinate,인천광역시,175724.725911502    ,443448.499930351    
3540000-103-1996-00027,야후,단란주점영업,단란주점,인천광역시 부평구 동암광장로14번길 15 (십정동),37.472057797237305,126.70229332974598,,2026-09-06,https://www.data.go.kr/data/15045017/fileData.do,https://file.localdata.go.kr/file/download/singing_bars/info,영업/정상,2026-05-08 22:48:00,2025-07-16 09:44:20,EPSG:5174 original transformed to EPSG:4326,official_coordinate,인천광역시,173595.326291726    ,441139.661040998    
3540000-103-1996-00030,여왕벌,단란주점영업,단란주점,인천광역시 부평구 동암남로 9 (십정동),37.47101756452702,126.70469282085034,,2026-09-06,https://www.data.go.kr/data/15045017/fileData.do,https://file.localdata.go.kr/file/download/singing_bars/info,영업/정상,2026-05-08 22:48:00,2025-07-16 09:44:12,EPSG:5174 original transformed to EPSG:4326,official_coordinate,인천광역시,173807.220036411    ,441023.536257089    
3540000-103-1996-00031,놀러와7080,단란주점영업,단란주점,인천광역시 부평구 마장로 431 (청천동),37.51658156726593,126.70394969178967,,2026-09-06,https://www.data.go.kr/data/15045017/fileData.do,https://file.localdata.go.kr/file/download/singing_bars/info,영업/정상,2026-05-08 22:48:00,2026-01-21 16:15:27,EPSG:5174 original transformed to EPSG:4326,official_coordinate,인천광역시,173757.467659442    ,446080.811603873    
3540000-103-1996-00035,보디가드노래주점,단란주점영업,단란주점,인천광역시 부평구 마장로 457 (청천동),37.51902300057001,126.70422105131368,,2026-09-06,https://www.data.go.kr/data/15045017/fileData.do,https://file.localdata.go.kr/file/download/singing_bars/info,영업/정상,2026-05-08 22:48:00,2025-07-16 09:43:56,EPSG:5174 original transformed to EPSG:4326,official_coordinate,인천광역시,173782.313944609    ,446351.707227539    
3540000-103-1997-00012,앗싸메들리단란주점,단란주점영업,단란주점,인천광역시 부평구 마장로393번길 2 (산곡동),37.513325539767386,126.70366543599427,,2026-09-06,https://www.data.go.kr/data/15045017/fileData.do,https://file.localdata.go.kr/file/download/singing_bars/info,영업/정상,2026-05-08 22:48:02,2025-07-16 09:43:50,EPSG:5174 original transformed to EPSG:4326,official_coordinate,인천광역시,173731.193512522    ,445719.509094195    
3540000-103-1997-00013,미소빵파레단란주점,단란주점영업,단란주점,인천광역시 부평구 장제로381번길 2 (삼산동),37.51988825918396,126.73221547395678,,2026-09-06,https://www.data.go.kr/data/15045017/fileData.do,https://file.localdata.go.kr/file/download/singing_bars/info,영업/정상,2026-05-08 22:48:02,2025-07-16 09:43:43,EPSG:5174 original transformed to EPSG:4326,official_coordinate,인천광역시,176257.408184577    ,446440.289065133    
3540000-103-2016-00001,쿠쿠,단란주점영업,단란주점,"인천광역시 부평구 부평문화로 102, 2층 (부평동, 재일상가)",37.49411866242567,126.72758240515405,,2026-09-06,https://www.data.go.kr/data/15045017/fileData.do,https://file.localdata.go.kr/file/download/singing_bars/info,영업/정상,2026-05-08 22:48:08,2016-10-28 17:06:43,EPSG:5174 original transformed to EPSG:4326,official_coordinate,인천광역시,175839.505848827    ,443581.344788518    
3540000-103-2016-00002,포엠,단란주점영업,단란주점,"인천광역시 부평구 시장로30번길 8 (부평동, 4층일부)",37.493109157451904,126.72606977534375,,2026-09-06,https://www.data.go.kr/data/15045017/fileData.do,https://file.localdata.go.kr/file/download/singing_bars/info,영업/정상,2026-05-08 22:48:08,2020-07-13 14:07:21,EPSG:5174 original transformed to EPSG:4326,official_coordinate,인천광역시,175705.411061886    ,443469.692011938    
3540000-103-2017-00002,7080단란주점,단란주점영업,단란주점,"인천광역시 부평구 대정로 10 (부평동, 지하1층일부)",37.49765217072576,126.72300572765394,,2026-09-06,https://www.data.go.kr/data/15045017/fileData.do,https://file.localdata.go.kr/file/download/singing_bars/info,영업/정상,2026-05-08 22:48:09,2022-07-26 15:50:10,EPSG:5174 original transformed to EPSG:4326,official_coordinate,인천광역시,175435.935158258    ,443974.710166107    
3540000-103-2018-00001,라쿠바7080,단란주점영업,단란주점,"인천광역시 부평구 대정로 81, 2층 (부평동)",37.49272570605253,126.72836807293461,,2026-09-06,https://www.data.go.kr/data/15045017/fileData.do,https://file.localdata.go.kr/file/download/singing_bars/info,영업/정상,2026-05-08 22:48:09,2024-08-26 12:05:14,EPSG:5174 original transformed to EPSG:4326,official_coordinate,인천광역시,175908.536509528    ,443426.541234543    
3540000-103-2018-00002,동암7080라이브,단란주점영업,단란주점,"인천광역시 부평구 열우물로25번길 14-9, 2층 일부호 (십정동)",37.4713047905461,126.70086609603402,,2026-09-06,https://www.data.go.kr/data/15045017/fileData.do,https://file.localdata.go.kr/file/download/singing_bars/info,영업/정상,2026-05-08 22:48:09,2018-09-13 17:51:20,EPSG:5174 original transformed to EPSG:4326,official_coordinate,인천광역시,173468.807238129    ,441056.488530852    
3540000-103-2019-00002,퀸가요주점,단란주점영업,단란주점,"인천광역시 부평구 부흥로365번길 3, 6층 일부호 (부평동)",37.49825394647808,126.73238676341475,,2026-09-06,https://www.data.go.kr/data/15045017/fileData.do,https://file.localdata.go.kr/file/download/singing_bars/info,영업/정상,2026-05-08 22:48:09,2019-09-11 17:38:38,EPSG:5174 original transformed to EPSG:4326,official_coordinate,인천광역시,176265.683618606    ,444039.087026997    
3540000-103-2019-00003,3F단란주점,단란주점영업,단란주점,"인천광역시 부평구 경원대로 1368, 3층 (부평동)",37.49106047861264,126.72104712523266,,2026-09-06,https://www.data.go.kr/data/15045017/fileData.do,https://file.localdata.go.kr/file/download/singing_bars/info,영업/정상,2026-05-08 22:48:09,2020-04-24 09:49:21,EPSG:5174 original transformed to EPSG:4326,official_coordinate,인천광역시,175260.557764315    ,443243.624423887    
3540000-103-2020-00001,썬노래광장,단란주점영업,단란주점,"인천광역시 부평구 대정로 30, 지하1층 일부호 (부평동)",37.496215956068916,126.72442984406152,,2026-09-06,https://www.data.go.kr/data/15045017/fileData.do,https://file.localdata.go.kr/file/download/singing_bars/info,영업/정상,2026-05-08 22:48:09,2025-12-11 11:57:52,EPSG:5174 original transformed to EPSG:4326,official_coordinate,인천광역시,175561.399421623    ,443814.935576303    
3540000-103-2020-00002,쉘브르,단란주점영업,단란주점,"인천광역시 부평구 부평문화로105번길 5, 3층 (부평동)",37.49458087677593,126.72788067005416,,2026-09-06,https://www.data.go.kr/data/15045017/fileData.do,https://file.localdata.go.kr/file/download/singing_bars/info,영업/정상,2026-05-08 22:48:09,2026-03-16 14:44:33,EPSG:5174 original transformed to EPSG:4326,official_coordinate,인천광역시,175866.031538083    ,443632.568403776    
3540000-103-2020-00003,뮤직뱅크라운딩,단란주점영업,단란주점,"인천광역시 부평구 대정로 72, 3층 일부호 (부평동)",37.493219999775086,126.72730570345504,,2026-09-06,https://www.data.go.kr/data/15045017/fileData.do,https://file.localdata.go.kr/file/download/singing_bars/info,영업/정상,2026-05-08 22:48:09,2021-02-25 13:23:52,EPSG:5174 original transformed to EPSG:4326,official_coordinate,인천광역시,175814.745654066    ,443481.675111075    
3540000-103-2021-00001,노래친구,단란주점영업,단란주점,"인천광역시 부평구 부흥로334번길 65, 지하1층 일부호 (부평동)",37.49550814358944,126.7270205979864,,2026-09-06,https://www.data.go.kr/data/15045017/fileData.do,https://file.localdata.go.kr/file/download/singing_bars/info,영업/정상,2026-05-08 22:48:09,2025-08-07 17:42:05,EPSG:5174 original transformed to EPSG:4326,official_coordinate,인천광역시,175790.27303778     ,443735.705507064    
3540000-103-2021-00002,주다단란주점,단란주점영업,단란주점,"인천광역시 부평구 경원대로1403번길 21, 동강 2빌딩 3층 일부호 (부평동)",37.492406414021424,126.7253657586707,,2026-09-06,https://www.data.go.kr/data/15045017/fileData.do,https://file.localdata.go.kr/file/download/singing_bars/info,영업/정상,2026-05-08 22:48:09,2026-02-27 13:19:14,EPSG:5174 original transformed to EPSG:4326,official_coordinate,인천광역시,175642.922861412    ,443391.878217594    
3540000-103-2021-00003,뷰라운지,단란주점영업,단란주점,"인천광역시 부평구 부평대로 24, 가나베스트빌 14층 1402호 (부평동)",37.49355656985615,126.72332284784899,,2026-09-06,https://www.data.go.kr/data/15045017/fileData.do,https://file.localdata.go.kr/file/download/singing_bars/info,영업/정상,2026-05-08 22:48:09,2021-10-29 14:20:41,EPSG:5174 original transformed to EPSG:4326,official_coordinate,인천광역시,175462.634473627    ,443520.063822855    
3540000-103-2022-00001,플렉스,단란주점영업,단란주점,"인천광역시 부평구 광장로4번길 22, 2층 (부평동)",37.490820253655755,126.72158128157977,,2026-09-06,https://www.data.go.kr/data/15045017/fileData.do,https://file.localdata.go.kr/file/download/singing_bars/info,영업/정상,2026-05-08 22:48:09,2024-10-16 16:14:50,EPSG:5174 original transformed to EPSG:4326,official_coordinate,인천광역시,175307.717661925    ,443216.821705984    
3540000-103-2023-00001,인천파티룸제이제이,단란주점영업,단란주점,"인천광역시 부평구 시장로12번길 6, 3층 일부 (부평동)",37.491920512356685,126.72470033853935,,2026-09-06,https://www.data.go.kr/data/15045017/fileData.do,https://file.localdata.go.kr/file/download/singing_bars/info,영업/정상,2026-05-08 22:48:09,2023-12-15 10:25:36,EPSG:5174 original transformed to EPSG:4326,official_coordinate,인천광역시,175583.917595904    ,443338.121722033    
3540000-103-2023-00002,레인,단란주점영업,단란주점,"인천광역시 부평구 경원대로 1368, 지하1층 (부평동)",37.49106047861264,126.72104712523266,,2026-09-06,https://www.data.go.kr/data/15045017/fileData.do,https://file.localdata.go.kr/file/download/singing_bars/info,영업/정상,2026-05-08 22:48:09,2023-06-16 13:43:20,EPSG:5174 original transformed to EPSG:4326,official_coordinate,인천광역시,175260.557764315    ,443243.624423887    
3540000-103-2023-00003,스페이드케이(SPADE K),단란주점영업,단란주점,"인천광역시 부평구 부평문화로 103, 2층 일부 (부평동)",37.494366618073,126.72785337596885,,2026-09-06,https://www.data.go.kr/data/15045017/fileData.do,https://file.localdata.go.kr/file/download/singing_bars/info,영업/정상,2026-05-08 22:48:09,2023-08-14 15:13:34,EPSG:5174 original transformed to EPSG:4326,official_coordinate,인천광역시,175863.548713749    ,443608.795236933    
3540000-103-2023-00004,써니단란주점,단란주점영업,단란주점,"인천광역시 부평구 열우물로 20, 지하1층 (십정동)",37.470070700247035,126.7012542668903,,2026-09-06,https://www.data.go.kr/data/15045017/fileData.do,https://file.localdata.go.kr/file/download/singing_bars/info,영업/정상,2026-05-08 22:48:09,2025-05-19 15:19:36,EPSG:5174 original transformed to EPSG:4326,official_coordinate,인천광역시,173502.708306347    ,440919.410026561    
3540000-103-2024-00001,소울7080라이브,단란주점영업,단란주점,"인천광역시 부평구 충선로209번길 13, SM프라자 2층 206호 (삼산동)",37.50788289729786,126.73542220966084,,2026-09-06,https://www.data.go.kr/data/15045017/fileData.do,https://file.localdata.go.kr/file/download/singing_bars/info,영업/정상,2026-05-08 22:48:09,2025-11-04 15:54:40,EPSG:5174 original transformed to EPSG:4326,official_coordinate,인천광역시,176537.125          ,445107.025          
3540000-103-2024-00002,차차차7080라이브,단란주점영업,단란주점,"인천광역시 부평구 열우물로 21, 2층 일부 (십정동)",37.47055446923581,126.70096476150128,,2026-09-06,https://www.data.go.kr/data/15045017/fileData.do,https://file.localdata.go.kr/file/download/singing_bars/info,영업/정상,2026-05-08 22:48:09,2025-04-25 16:14:08,EPSG:5174 original transformed to EPSG:4326,official_coordinate,인천광역시,173477.269479235    ,440973.184160286    
3540000-103-2024-00003,메리트라이브7080,단란주점영업,단란주점,"인천광역시 부평구 충선로203번길 24, 삼산프라자 3층 303호 (삼산동)",37.50759382394281,126.73475518189687,,2026-09-06,https://www.data.go.kr/data/15045017/fileData.do,https://file.localdata.go.kr/file/download/singing_bars/info,영업/정상,2026-05-08 22:48:09,2026-03-25 14:57:55,EPSG:5174 original transformed to EPSG:4326,official_coordinate,인천광역시,176478.057378855    ,445075.108176299    
3540000-103-2025-00001,별밤단란주점,단란주점영업,단란주점,"인천광역시 부평구 주부토로 33, 2층 일부 (부평동)",37.49811431669837,126.72487181251422,,2026-09-06,https://www.data.go.kr/data/15045017/fileData.do,https://file.localdata.go.kr/file/download/singing_bars/info,영업/정상,2026-05-08 22:48:09,2025-12-12 09:44:37,EPSG:5174 original transformed to EPSG:4326,official_coordinate,인천광역시,175601.102314662    ,444025.516322486    
3540000-103-1994-00006,늘푸른가요주점,단란주점영업,단란주점,"인천광역시 부평구 시장로 59, 3층 (부평동)",37.49585946664763,126.72770769062139,,2026-09-06,https://www.data.go.kr/data/15045017/fileData.do,https://file.localdata.go.kr/file/download/singing_bars/info,영업/정상,2026-05-08 22:47:17,2025-07-31 13:39:40,EPSG:5174 original transformed to EPSG:4326,official_coordinate,인천광역시,175851.147247058    ,443774.521264136    
3540000-103-1994-00012,7080보통사람들,단란주점영업,단란주점,인천광역시 부평구 길주남로 90 (부평동),37.504094685856984,126.73159861972586,,2026-09-06,https://www.data.go.kr/data/15045017/fileData.do,https://file.localdata.go.kr/file/download/singing_bars/info,영업/정상,2026-05-08 22:47:17,2025-07-31 13:39:46,EPSG:5174 original transformed to EPSG:4326,official_coordinate,인천광역시,176197.84829899     ,444687.540304172    
3540000-103-1994-00016,팡팡단란주점,단란주점영업,단란주점,인천광역시 부평구 경인로 952 (부평동),37.48732588310078,126.72530779548036,,2026-09-06,https://www.data.go.kr/data/15045017/fileData.do,https://file.localdata.go.kr/file/download/singing_bars/info,영업/정상,2026-05-08 22:47:18,2025-07-31 13:39:52,EPSG:5174 original transformed to EPSG:4326,official_coordinate,인천광역시,175636.142539569    ,442828.014788756    
3540000-103-1994-00019,추억의7080라이브,단란주점영업,단란주점,인천광역시 부평구 마장로393번길 2 (산곡동),37.513325539767386,126.70366543599427,,2026-09-06,https://www.data.go.kr/data/15045017/fileData.do,https://file.localdata.go.kr/file/download/singing_bars/info,영업/정상,2026-05-08 22:47:19,2025-07-31 13:39:59,EPSG:5174 original transformed to EPSG:4326,official_coordinate,인천광역시,173731.193512522    ,445719.509094195    
3540000-103-1994-00020,별이빛나는밤에7080,단란주점영업,단란주점,인천광역시 부평구 평천로 328 (갈산동),37.51768446671224,126.72657851468436,,2026-09-06,https://www.data.go.kr/data/15045017/fileData.do,https://file.localdata.go.kr/file/download/singing_bars/info,영업/정상,2026-05-08 22:47:19,2025-07-31 13:40:05,EPSG:5174 original transformed to EPSG:4326,official_coordinate,인천광역시,175758.369459129    ,446197.134475511    
3540000-103-1994-00025,미투로단란주점,단란주점영업,단란주점,인천광역시 부평구 경인로1118번길 9 (일신동),37.484987341658965,126.74391123044121,,2026-09-06,https://www.data.go.kr/data/15045017/fileData.do,https://file.localdata.go.kr/file/download/singing_bars/info,영업/정상,2026-05-08 22:47:19,2025-07-31 13:40:25,EPSG:5174 original transformed to EPSG:4326,official_coordinate,인천광역시,177280.74554292     ,442563.800546798    
3540000-103-1994-00026,패밀리,단란주점영업,단란주점,인천광역시 부평구 일신로 10 (일신동),37.484048176527644,126.74547537883139,,2026-09-06,https://www.data.go.kr/data/15045017/fileData.do,https://file.localdata.go.kr/file/download/singing_bars/info,영업/정상,2026-05-08 22:47:19,2025-07-31 13:40:31,EPSG:5174 original transformed to EPSG:4326,official_coordinate,인천광역시,177418.801792684    ,442459.187197103    
3540000-103-1994-00027,가요주점,단란주점영업,단란주점,인천광역시 부평구 부흥로 383 (부개동),37.49809028180405,126.73461557183671,,2026-09-06,https://www.data.go.kr/data/15045017/fileData.do,https://file.localdata.go.kr/file/download/singing_bars/info,영업/정상,2026-05-08 22:47:19,2025-07-31 13:40:38,EPSG:5174 original transformed to EPSG:4326,official_coordinate,인천광역시,176462.722253336    ,444020.360989473    
3540000-103-1994-00028,불꽃단란주점,단란주점영업,단란주점,인천광역시 부평구 경인로1046번길 4 (부개동),37.4866161210115,126.7359685689479,,2026-09-06,https://www.data.go.kr/data/15045017/fileData.do,https://file.localdata.go.kr/file/download/singing_bars/info,영업/정상,2026-07-10 22:47:00,2025-07-31 13:40:44,EPSG:5174 original transformed to EPSG:4326,official_coordinate,인천광역시,176578.773770734    ,442746.527067947    
3540000-103-1994-00029,푸른시절7080,단란주점영업,단란주점,인천광역시 부평구 부흥로385번길 3 (부개동),37.49808135588646,126.734761016901,,2026-09-06,https://www.data.go.kr/data/15045017/fileData.do,https://file.localdata.go.kr/file/download/singing_bars/info,영업/정상,2026-05-08 22:47:20,2025-07-31 13:40:50,EPSG:5174 original transformed to EPSG:4326,official_coordinate,인천광역시,176475.580959534    ,444019.333858788    
3540000-103-1994-00033,술짱라이브,단란주점영업,단란주점,인천광역시 부평구 열우물로 53 (십정동),37.47256286440027,126.700012457823,,2026-09-06,https://www.data.go.kr/data/15045017/fileData.do,https://file.localdata.go.kr/file/download/singing_bars/info,영업/정상,2026-05-08 22:47:24,2025-07-31 13:40:57,EPSG:5174 original transformed to EPSG:4326,official_coordinate,인천광역시,173393.741120474    ,441196.360799754    
3540000-103-1994-00036,고래사냥,단란주점영업,단란주점,인천광역시 부평구 동암남로 11 (십정동),37.470993667628925,126.70484945541888,,2026-09-06,https://www.data.go.kr/data/15045017/fileData.do,https://file.localdata.go.kr/file/download/singing_bars/info,영업/정상,2026-05-08 22:47:26,2025-11-13 11:04:15,EPSG:5174 original transformed to EPSG:4326,official_coordinate,인천광역시,173821.067677145    ,441020.840338163    
3540000-103-1994-00037,노래하는맥주광장,단란주점영업,단란주점,인천광역시 부평구 동암남로 24 (십정동),37.470573651495954,126.70611776673222,,2026-09-06,https://www.data.go.kr/data/15045017/fileData.do,https://file.localdata.go.kr/file/download/singing_bars/info,영업/정상,2026-05-08 22:47:27,2025-07-31 13:41:12,EPSG:5174 original transformed to EPSG:4326,official_coordinate,인천광역시,173933.117142593    ,440973.871040453    
3540000-103-1994-00039,블링블링 7080 라이브,단란주점영업,단란주점,인천광역시 부평구 백범로468번길 42 (십정동),37.470419883802165,126.7006437920054,,2026-09-06,https://www.data.go.kr/data/15045017/fileData.do,https://file.localdata.go.kr/file/download/singing_bars/info,영업/정상,2026-05-08 22:47:28,2025-10-13 14:59:20,EPSG:5174 original transformed to EPSG:4326,official_coordinate,인천광역시,173448.828417303    ,440958.337470951    
3540000-103-1994-00040,퀸 단란주점,단란주점영업,단란주점,인천광역시 부평구 배곶남로 11 (십정동),37.47192075931693,126.69550851289425,,2026-09-06,https://www.data.go.kr/data/15045017/fileData.do,https://file.localdata.go.kr/file/download/singing_bars/info,영업/정상,2026-07-04 22:47:00,2026-07-03 14:39:28,EPSG:5174 original transformed to EPSG:4326,official_coordinate,인천광역시,172995.09583977     ,441126.379890724    
3540000-103-1994-00043,금비단란주점,단란주점영업,단란주점,인천광역시 부평구 마장로 461 (청천동),37.519368329764816,126.70417007944266,,2026-09-06,https://www.data.go.kr/data/15045017/fileData.do,https://file.localdata.go.kr/file/download/singing_bars/info,영업/정상,2026-05-08 22:47:31,2025-07-31 13:41:24,EPSG:5174 original transformed to EPSG:4326,official_coordinate,인천광역시,173777.928958646    ,446390.049108522    
3540000-103-1994-00045,모여라7080가요주점,단란주점영업,단란주점,인천광역시 부평구 청중로 71 (청천동),37.51766812608543,126.70518856766417,,2026-09-06,https://www.data.go.kr/data/15045017/fileData.do,https://file.localdata.go.kr/file/download/singing_bars/info,영업/정상,2026-05-08 22:47:32,2025-07-31 13:41:31,EPSG:5174 original transformed to EPSG:4326,official_coordinate,인천광역시,173867.372679492    ,446201.061650154    
3540000-103-1994-00053,뮤즈,단란주점영업,단란주점,인천광역시 부평구 육동로 4 (부평동),37.485614342024505,126.7247505995192,,2026-09-06,https://www.data.go.kr/data/15045017/fileData.do,https://file.localdata.go.kr/file/download/singing_bars/info,영업/정상,2026-07-07 10:07:40,2026-07-06 15:02:31,EPSG:5174 original transformed to EPSG:4326,official_coordinate,인천광역시,175586.304966151    ,442638.198920689    
3540000-103-1994-00054,진 라이브,단란주점영업,단란주점,인천광역시 부평구 주부토로 26 (부평동),37.49718592148942,126.72517547932804,,2026-09-06,https://www.data.go.kr/data/15045017/fileData.do,https://file.localdata.go.kr/file/download/singing_bars/info,영업/정상,2026-05-08 22:47:34,2026-03-23 13:43:15,EPSG:5174 original transformed to EPSG:4326,official_coordinate,인천광역시,175627.652660975    ,443922.396488935    
3540000-103-1995-00004,귀빈,단란주점영업,단란주점,인천광역시 부평구 장제로221번길 3 (부평동),37.505220942626536,126.73079298545711,,2026-09-06,https://www.data.go.kr/data/15045017/fileData.do,https://file.localdata.go.kr/file/download/singing_bars/info,영업/정상,2026-05-08 22:47:35,2025-07-31 13:41:53,EPSG:5174 original transformed to EPSG:4326,official_coordinate,인천광역시,176126.972402022    ,444812.746305511    
3540000-103-1995-00007,대송단란주점,단란주점영업,단란주점,인천광역시 부평구 장제로 217-1 (부평동),37.50501134812973,126.73077994525053,,2026-09-06,https://www.data.go.kr/data/15045017/fileData.do,https://file.localdata.go.kr/file/download/singing_bars/info,영업/정상,2026-07-31 22:47:00,2022-12-30 14:25:31,EPSG:5174 original transformed to EPSG:4326,official_coordinate,인천광역시,176125.752463824    ,444789.487070086    
3540000-103-1995-00009,영상가요주점,단란주점영업,단란주점,인천광역시 부평구 주부토로 31-3 (부평동),37.497783898436346,126.72483709910321,,2026-09-06,https://www.data.go.kr/data/15045017/fileData.do,https://file.localdata.go.kr/file/download/singing_bars/info,영업/정상,2026-05-08 22:47:38,2025-07-31 13:42:00,EPSG:5174 original transformed to EPSG:4326,official_coordinate,인천광역시,175597.924859829    ,443988.852799349    
3540000-103-1995-00010,가고파단란주점,단란주점영업,단란주점,인천광역시 부평구 장제로 215 (부평동),37.50479367428752,126.73084942895709,,2026-09-06,https://www.data.go.kr/data/15045017/fileData.do,https://file.localdata.go.kr/file/download/singing_bars/info,영업/정상,2026-05-08 22:47:39,2025-07-31 13:42:06,EPSG:5174 original transformed to EPSG:4326,official_coordinate,인천광역시,176131.826768038    ,444765.310133754    
3540000-103-1995-00021,백마라이브 7080,단란주점영업,단란주점,인천광역시 부평구 길주로 378 (산곡동),37.50839406955347,126.70402588705201,,2026-09-06,https://www.data.go.kr/data/15045017/fileData.do,https://file.localdata.go.kr/file/download/singing_bars/info,영업/정상,2026-07-28 22:47:00,2026-07-27 13:39:50,EPSG:5174 original transformed to EPSG:4326,official_coordinate,인천광역시,173761.330913219    ,445172.071553024    
3540000-103-1995-00024,황제단란주점,단란주점영업,단란주점,인천광역시 부평구 평천로 363 (갈산동),37.517924410369496,126.73066428833839,,2026-09-06,https://www.data.go.kr/data/15045017/fileData.do,https://file.localdata.go.kr/file/download/singing_bars/info,영업/정상,2026-05-08 22:47:44,2025-07-31 13:42:20,EPSG:5174 original transformed to EPSG:4326,official_coordinate,인천광역시,176119.651284897    ,446222.717820647    
3540000-103-1995-00028,갤럭시단란주점,단란주점영업,단란주점,인천광역시 부평구 동수로 165 (부개동),37.48585163944331,126.73678328940291,,2026-09-06,https://www.data.go.kr/data/15045017/fileData.do,https://file.localdata.go.kr/file/download/singing_bars/info,영업/정상,2026-05-08 22:47:44,2023-07-03 16:05:49,EPSG:5174 original transformed to EPSG:4326,official_coordinate,인천광역시,176650.59086811     ,442661.475873048    
3540000-103-1995-00029,모아맥주광장,단란주점영업,단란주점,인천광역시 부평구 열우물로50번길 15 (십정동),37.47327101769349,126.70099190795234,,2026-09-06,https://www.data.go.kr/data/15045017/fileData.do,https://file.localdata.go.kr/file/download/singing_bars/info,영업/정상,2026-05-08 22:47:45,2025-07-31 13:42:29,EPSG:5174 original transformed to EPSG:4326,official_coordinate,인천광역시,173480.632926385    ,441274.680295961    
3540000-103-1995-00032,윙크7080단란주점,단란주점영업,단란주점,인천광역시 부평구 백범로 514 (십정동),37.47088570005427,126.69520776158731,,2026-09-06,https://www.data.go.kr/data/15045017/fileData.do,https://file.localdata.go.kr/file/download/singing_bars/info,영업/정상,2026-05-08 22:47:45,2024-12-16 11:08:14,EPSG:5174 original transformed to EPSG:4326,official_coordinate,인천광역시,172968.117892329    ,441011.587391281    
3540000-103-1995-00034,신세대단란주점,단란주점영업,단란주점,인천광역시 부평구 열우물로50번길 10-7 (십정동),37.47281092487206,126.70121190858373,,2026-09-06,https://www.data.go.kr/data/15045017/fileData.do,https://file.localdata.go.kr/file/download/singing_bars/info,영업/정상,2026-05-08 22:47:45,2025-07-31 13:42:36,EPSG:5174 original transformed to EPSG:4326,official_coordinate,인천광역시,173499.930918974    ,441223.553511127    
3540000-103-1995-00038,7090나도가수다,단란주점영업,단란주점,인천광역시 부평구 배곶로 5 (십정동),37.469699063417984,126.6999098138376,,2026-09-06,https://www.data.go.kr/data/15045017/fileData.do,https://file.localdata.go.kr/file/download/singing_bars/info,영업/정상,2026-05-08 22:47:45,2025-07-31 13:42:43,EPSG:5174 original transformed to EPSG:4326,official_coordinate,인천광역시,173383.643532123    ,440878.542869935    
3540000-103-1995-00039,팡팡단란주점,단란주점영업,단란주점,인천광역시 부평구 마장로 454 (청천동),37.51868120829739,126.70471801319596,,2026-09-06,https://www.data.go.kr/data/15045017/fileData.do,https://file.localdata.go.kr/file/download/singing_bars/info,영업/정상,2026-05-08 22:47:45,2025-07-31 13:42:49,EPSG:5174 original transformed to EPSG:4326,official_coordinate,인천광역시,173826.127713199    ,446313.633437685    
3540000-103-1995-00040,카네기노래주점,단란주점영업,단란주점,"인천광역시 부평구 평천로 133, 지하1층 (청천동)",37.52019481422255,126.70703688444597,,2026-09-06,https://www.data.go.kr/data/15045017/fileData.do,https://file.localdata.go.kr/file/download/singing_bars/info,영업/정상,2026-05-08 22:47:45,2025-07-16 09:45:28,EPSG:5174 original transformed to EPSG:4326,official_coordinate,인천광역시,174031.652056901    ,446480.982432376    
3540000-103-1995-00049,쿵쿵따 라이브,단란주점영업,단란주점,인천광역시 부평구 부평문화로130번길 49 (부평동),37.491940466176835,126.73118698771005,,2026-09-06,https://www.data.go.kr/data/15045017/fileData.do,https://file.localdata.go.kr/file/download/singing_bars/info,영업/정상,2026-05-08 22:47:46,2025-07-22 15:01:07,EPSG:5174 original transformed to EPSG:4326,official_coordinate,인천광역시,176157.576991394    ,443338.669339644    
3540000-103-1995-00058,애니콜노래주점,단란주점영업,단란주점,인천광역시 부평구 정석로 2 (십정동),37.47084823088541,126.69428297359916,,2026-09-06,https://www.data.go.kr/data/15045017/fileData.do,https://file.localdata.go.kr/file/download/singing_bars/info,영업/정상,2026-05-08 22:47:51,2025-07-16 09:45:15,EPSG:5174 original transformed to EPSG:4326,official_coordinate,인천광역시,172886.29682246     ,441007.695221248    
3540000-103-1996-00002,부킹천국가요주점,단란주점영업,단란주점,인천광역시 부평구 광장로4번길 19 (부평동),37.490682258568356,126.72167848833308,,2026-09-06,https://www.data.go.kr/data/15045017/fileData.do,https://file.localdata.go.kr/file/download/singing_bars/info,영업/정상,2026-05-08 22:47:52,2025-07-16 09:45:09,EPSG:5174 original transformed to EPSG:4326,official_coordinate,인천광역시,175316.268836245    ,443201.48033237     
3540000-103-1996-00005,지지노래단란주점,단란주점영업,단란주점,인천광역시 부평구 부흥로 331 (부평동),37.49841252698655,126.72883387896786,,2026-09-06,https://www.data.go.kr/data/15045017/fileData.do,https://file.localdata.go.kr/file/download/singing_bars/info,영업/정상,2026-05-08 22:47:52,2025-07-16 09:45:02,EPSG:5174 original transformed to EPSG:4326,official_coordinate,인천광역시,175951.558414931    ,444057.591818696    
3540000-103-1996-00007,마실노래주점,단란주점영업,단란주점,인천광역시 부평구 주부토로 26-1 (부평동),37.49727672476873,126.72516549576629,,2026-09-06,https://www.data.go.kr/data/15045017/fileData.do,https://file.localdata.go.kr/file/download/singing_bars/info,영업/정상,2026-06-13 03:03:03,2026-06-12 15:18:26,EPSG:5174 original transformed to EPSG:4326,official_coordinate,인천광역시,175626.799404703    ,443932.477176761    
3540000-103-1996-00009,다인영상가요,단란주점영업,단란주점,인천광역시 부평구 부평동 431-21 ,,,,2026-09-06,https://www.data.go.kr/data/15045017/fileData.do,https://file.localdata.go.kr/file/download/singing_bars/info,영업/정상,2026-05-08 22:47:53,2025-07-16 09:44:50,kakao_local_api:unresolved,unresolved,인천광역시,,
3540000-103-1996-00016,골든벨,단란주점영업,단란주점,인천광역시 부평구 길주남로 94-3 (부평동),37.504039986979514,126.73233927933819,,2026-09-06,https://www.data.go.kr/data/15045017/fileData.do,https://file.localdata.go.kr/file/download/singing_bars/info,영업/정상,2026-05-08 22:47:54,2025-07-16 09:44:41,EPSG:5174 original transformed to EPSG:4326,official_coordinate,인천광역시,176263.321240324    ,444681.281801098    
3540000-103-1996-00023,칭구야놀자,단란주점영업,단란주점,인천광역시 부평구 주부토로146번길 31 (갈산동),37.50811737334795,126.72764373970878,,2026-09-06,https://www.data.go.kr/data/15045017/fileData.do,https://file.localdata.go.kr/file/download/singing_bars/info,영업/정상,2026-05-08 22:47:57,2025-07-16 09:44:34,EPSG:5174 original transformed to EPSG:4326,official_coordinate,인천광역시,175849.45075704     ,445135.022210107    
3540000-103-1996-00024,토토단란주점,단란주점영업,단란주점,인천광역시 부평구 수변로 4-1 (부개동),37.48695952248805,126.7395771542262,,2026-09-06,https://www.data.go.kr/data/15045017/fileData.do,https://file.localdata.go.kr/file/download/singing_bars/info,영업/정상,2026-05-08 22:47:58,2025-07-16 09:44:28,EPSG:5174 original transformed to EPSG:4326,official_coordinate,인천광역시,176898.031          ,442783.746499999    
3540000-103-1997-00016,그랑프리가요주점,단란주점영업,단란주점,인천광역시 부평구 배곶로 10 (십정동),37.470013177727665,126.699811498681,,2026-09-06,https://www.data.go.kr/data/15045017/fileData.do,https://file.localdata.go.kr/file/download/singing_bars/info,영업/정상,2026-05-08 22:48:03,2025-07-16 09:43:31,EPSG:5174 original transformed to EPSG:4326,official_coordinate,인천광역시,173375.058028498    ,440913.433576064    
3540000-103-1997-00017,영상단란주점,단란주점영업,단란주점,인천광역시 부평구 백범로 521 (십정동),37.47098207904281,126.69410240223192,,2026-09-06,https://www.data.go.kr/data/15045017/fileData.do,https://file.localdata.go.kr/file/download/singing_bars/info,영업/정상,2026-05-08 22:48:03,2025-07-16 09:43:25,EPSG:5174 original transformed to EPSG:4326,official_coordinate,인천광역시,172870.371809511    ,441022.602857014    
3540000-103-1997-00018,그린단란주점,단란주점영업,단란주점,인천광역시 부평구 청중로84번길 2 (청천동),37.51721491576101,126.70639020051733,,2026-09-06,https://www.data.go.kr/data/15045017/fileData.do,https://file.localdata.go.kr/file/download/singing_bars/info,영업/정상,2026-05-08 22:48:03,2026-04-14 13:52:31,EPSG:5174 original transformed to EPSG:4326,official_coordinate,인천광역시,173973.446016732    ,446150.426539128    
3540000-103-1998-00001,페이크(FAKE),단란주점영업,단란주점,인천광역시 부평구 경원대로1344번길 47 (부평동),37.49050607727634,126.72042890854333,,2026-09-06,https://www.data.go.kr/data/15045017/fileData.do,https://file.localdata.go.kr/file/download/singing_bars/info,영업/정상,2026-05-08 22:48:04,2020-08-31 13:44:48,EPSG:5174 original transformed to EPSG:4326,official_coordinate,인천광역시,175205.700826165    ,443182.255517732    
3540000-103-1998-00002,함부르크단란주점,단란주점영업,단란주점,인천광역시 부평구 경원대로1377번길 8 (부평동),37.49173970905679,126.72243387151275,,2026-09-06,https://www.data.go.kr/data/15045017/fileData.do,https://file.localdata.go.kr/file/download/singing_bars/info,영업/정상,2026-05-08 22:48:04,2025-07-16 09:43:10,EPSG:5174 original transformed to EPSG:4326,official_coordinate,인천광역시,175383.420904218    ,443318.646482672    
3540000-103-1998-00008,태평양 가요주점,단란주점영업,단란주점,인천광역시 부평구 평천로 314 (갈산동),37.5172684982611,126.72520815903586,,2026-09-06,https://www.data.go.kr/data/15045017/fileData.do,https://file.localdata.go.kr/file/download/singing_bars/info,영업/정상,2026-05-08 22:48:04,2025-11-12 13:58:42,EPSG:5174 original transformed to EPSG:4326,official_coordinate,인천광역시,175637.086792598    ,446151.32160851     
3540000-103-1998-00009,팡팡노래주점,단란주점영업,단란주점,인천광역시 부평구 장제로 381 (삼산동),37.519661467712176,126.73222878699697,,2026-09-06,https://www.data.go.kr/data/15045017/fileData.do,https://file.localdata.go.kr/file/download/singing_bars/info,영업/정상,2026-05-08 22:48:05,2025-07-16 09:42:57,EPSG:5174 original transformed to EPSG:4326,official_coordinate,인천광역시,176258.513049716    ,446415.114417839    
3540000-103-1998-00010,밀라7080라이브,단란주점영업,단란주점,인천광역시 부평구 일신로 3 (일신동),37.48449271672658,126.74621935246458,,2026-09-06,https://www.data.go.kr/data/15045017/fileData.do,https://file.localdata.go.kr/file/download/singing_bars/info,영업/정상,2026-05-08 22:48:05,2026-04-08 16:35:56,EPSG:5174 original transformed to EPSG:4326,official_coordinate,인천광역시,177484.736467956    ,442508.34713013     
3540000-103-1998-00015,라이브 여행,단란주점영업,단란주점,인천광역시 부평구 청중로 69 (청천동),37.51768074061728,126.70496827756368,,2026-09-06,https://www.data.go.kr/data/15045017/fileData.do,https://file.localdata.go.kr/file/download/singing_bars/info,영업/정상,2026-05-08 22:48:05,2026-03-30 16:09:29,EPSG:5174 original transformed to EPSG:4326,official_coordinate,인천광역시,173847.902205029    ,446202.523080093    
3540000-103-1999-00001,현가요주점,단란주점영업,단란주점,인천광역시 부평구 시장로51번길 7 (부평동),37.49527576595486,126.72688493254763,,2026-09-06,https://www.data.go.kr/data/15045017/fileData.do,https://file.localdata.go.kr/file/download/singing_bars/info,영업/정상,2026-05-08 22:48:05,2025-07-16 09:42:41,EPSG:5174 original transformed to EPSG:4326,official_coordinate,인천광역시,175778.20066386     ,443709.949324355    
3540000-103-1999-00009,뉴스타단란주점,단란주점영업,단란주점,인천광역시 부평구 청중로 66 (청천동),37.51733844982884,126.70458760674721,,2026-09-06,https://www.data.go.kr/data/15045017/fileData.do,https://file.localdata.go.kr/file/download/singing_bars/info,영업/정상,2026-05-08 22:48:06,2025-07-16 09:42:28,EPSG:5174 original transformed to EPSG:4326,official_coordinate,인천광역시,173814.128868815    ,446164.638819182    
3540000-103-1999-00013,엔돌핀노래광장주점,단란주점영업,단란주점,인천광역시 부평구 장제로 71 (부평동),37.49187236458371,126.72951519587522,,2026-09-06,https://www.data.go.kr/data/15045017/fileData.do,https://file.localdata.go.kr/file/download/singing_bars/info,영업/정상,2026-05-08 22:48:07,2025-12-29 21:03:41,EPSG:5174 original transformed to EPSG:4326,official_coordinate,인천광역시,176009.708686946    ,443331.536728361    
3540000-103-2000-00004,88노래바,단란주점영업,단란주점,인천광역시 부평구 경인로 946 (부평동),37.48735009171949,126.72464486409861,,2026-09-06,https://www.data.go.kr/data/15045017/fileData.do,https://file.localdata.go.kr/file/download/singing_bars/info,영업/정상,2026-05-08 22:48:07,2025-08-20 09:57:39,EPSG:5174 original transformed to EPSG:4326,official_coordinate,인천광역시,175577.519874021    ,442830.873864918    
3540000-103-2001-00001,태양라이브,단란주점영업,단란주점,인천광역시 부평구 경원대로1367번길 31 (부평동),37.492745746890314,126.72072681409654,,2026-09-06,https://www.data.go.kr/data/15045017/fileData.do,https://file.localdata.go.kr/file/download/singing_bars/info,영업/정상,2026-05-08 22:48:07,2025-07-16 09:42:07,EPSG:5174 original transformed to EPSG:4326,official_coordinate,인천광역시,175232.788298151    ,443430.75367007     
3540000-103-2001-00003,향단이7080,단란주점영업,단란주점,인천광역시 부평구 시장로12번길 21-1 (부평동),37.49197087059506,126.7257529856764,,2026-09-06,https://www.data.go.kr/data/15045017/fileData.do,https://file.localdata.go.kr/file/download/singing_bars/info,영업/정상,2026-05-08 22:48:07,2025-07-16 09:42:00,EPSG:5174 original transformed to EPSG:4326,official_coordinate,인천광역시,175677.02583194     ,443343.437680018    
3540000-103-2006-00001,코러스노래주점,단란주점영업,단란주점,"인천광역시 부평구 부흥로304번길 32 (부평동,지하)",37.49687500654633,126.72541954545335,,2026-09-06,https://www.data.go.kr/data/15045017/fileData.do,https://file.localdata.go.kr/file/download/singing_bars/info,영업/정상,2026-05-08 22:48:07,2025-07-16 09:41:53,EPSG:5174 original transformed to EPSG:4326,official_coordinate,인천광역시,175649.134152744    ,443887.825255549    
3540000-103-2007-00002,윙크 단란주점,단란주점영업,단란주점,"인천광역시 부평구 시장로12번길 7 (부평동,153-31,153-32 보광빌딩301호)",37.492170289925966,126.72494324666418,,2026-09-06,https://www.data.go.kr/data/15045017/fileData.do,https://file.localdata.go.kr/file/download/singing_bars/info,영업/정상,2026-05-08 22:48:08,2026-01-20 10:35:51,EPSG:5174 original transformed to EPSG:4326,official_coordinate,인천광역시,175605.480854321    ,443365.780932113    
3550000-103-2010-00003,비,단란주점영업,단란주점,"인천광역시 계양구 계산새로87번길 5, 5층 501호 (용종동, 레드몰1차 A동)",37.53844725702952,126.73757729330127,,2026-09-06,https://www.data.go.kr/data/15045017/fileData.do,https://file.localdata.go.kr/file/download/singing_bars/info,영업/정상,2025-12-15 16:15:28,2018-06-26 16:17:38,EPSG:5174 original transformed to EPSG:4326,official_coordinate,인천광역시,176737.188860293    ,448498.786895427    
3550000-103-1990-00001,주막촌,단란주점영업,단란주점,인천광역시 계양구 계산로 119 (계산동),37.53746205967191,126.72550716257344,,2026-09-06,https://www.data.go.kr/data/15045017/fileData.do,https://file.localdata.go.kr/file/download/singing_bars/info,영업/정상,2025-12-15 16:15:28,2019-04-19 10:33:05,EPSG:5174 original transformed to EPSG:4326,official_coordinate,인천광역시,175670.096887709    ,448392.503303614    
3550000-103-1993-00004,별밤노래포차,단란주점영업,단란주점,인천광역시 계양구 계산로 111 (계산동),37.537531494417344,126.72454436285481,,2026-09-06,https://www.data.go.kr/data/15045017/fileData.do,https://file.localdata.go.kr/file/download/singing_bars/info,영업/정상,2025-12-15 16:15:28,2023-06-01 14:04:32,EPSG:5174 original transformed to EPSG:4326,official_coordinate,인천광역시,175585.025185113    ,448400.459976364    
3550000-103-1993-00005,베를린단란주점,단란주점영업,단란주점,인천광역시 계양구 계산천동로 15 (계산동),37.53867794086322,126.72434949437033,,2026-09-06,https://www.data.go.kr/data/15045017/fileData.do,https://file.localdata.go.kr/file/download/singing_bars/info,영업/정상,2025-12-15 16:15:28,2021-06-30 14:36:50,EPSG:5174 original transformed to EPSG:4326,official_coordinate,인천광역시,175568.177304933    ,448527.753677004    
3550000-103-1994-00003,머루다래단란주점,단란주점영업,단란주점,인천광역시 계양구 계산로 108 (계산동),37.537330653141595,126.72410795913923,,2026-09-06,https://www.data.go.kr/data/15045017/fileData.do,https://file.localdata.go.kr/file/download/singing_bars/info,영업/정상,2025-12-15 16:15:28,2023-07-03 15:54:27,EPSG:5174 original transformed to EPSG:4326,official_coordinate,인천광역시,175546.389126645    ,448378.282488776    
3550000-103-1994-00004,7080단란주점,단란주점영업,단란주점,"인천광역시 계양구 계양대로 191, 지하1층 (계산동)",37.540909695766665,126.72235293034308,,2026-09-06,https://www.data.go.kr/data/15045017/fileData.do,https://file.localdata.go.kr/file/download/singing_bars/info,영업/정상,2025-12-15 16:15:28,2025-07-16 11:14:59,EPSG:5174 original transformed to EPSG:4326,official_coordinate,인천광역시,175392.454679396    ,448775.975979453    
3550000-103-1994-00005,하니가요주점,단란주점영업,단란주점,인천광역시 계양구 계양대로 171 (계산동),37.539184805427915,126.72232262023394,,2026-09-06,https://www.data.go.kr/data/15045017/fileData.do,https://file.localdata.go.kr/file/download/singing_bars/info,영업/정상,2026-01-09 22:47:00,2026-01-08 14:00:53,EPSG:5174 original transformed to EPSG:4326,official_coordinate,인천광역시,175389.207540809    ,448584.53998509     
3550000-103-1994-00006,이리와단란주점,단란주점영업,단란주점,"인천광역시 계양구 계산천동로 31, 지하1층 (계산동)",37.537911718239904,126.72577919324776,,2026-09-06,https://www.data.go.kr/data/15045017/fileData.do,https://file.localdata.go.kr/file/download/singing_bars/info,영업/정상,2025-12-15 16:15:28,2023-07-25 11:44:37,EPSG:5174 original transformed to EPSG:4326,official_coordinate,인천광역시,175694.285897903    ,448442.339930584    
3550000-103-1994-00009,달빛노래주점,단란주점영업,단란주점,인천광역시 계양구 경명대로 1018 (계산동),37.543420462350845,126.72008291149594,,2026-09-06,https://www.data.go.kr/data/15045017/fileData.do,https://file.localdata.go.kr/file/download/singing_bars/info,영업/정상,2025-12-15 16:15:28,2018-05-02 15:24:50,EPSG:5174 original transformed to EPSG:4326,official_coordinate,인천광역시,175192.668566572    ,449055.241701051    
3550000-103-1994-00010,좋은친구들,단란주점영업,단란주점,"인천광역시 계양구 계산로 97, 지하1층 (계산동)",37.53768101879808,126.72306445976723,,2026-09-06,https://www.data.go.kr/data/15045017/fileData.do,https://file.localdata.go.kr/file/download/singing_bars/info,영업/정상,2026-01-09 22:47:00,2026-01-08 09:53:15,EPSG:5174 original transformed to EPSG:4326,official_coordinate,인천광역시,175454.277285161    ,448417.441784793    
3550000-103-1994-00012,훼미리단란주점,단란주점영업,단란주점,인천광역시 계양구 효서로 137 (효성동),37.52799595712459,126.71132401706869,,2026-09-06,https://www.data.go.kr/data/15045017/fileData.do,https://file.localdata.go.kr/file/download/singing_bars/info,영업/정상,2025-12-15 16:15:28,2020-05-12 15:27:40,EPSG:5174 original transformed to EPSG:4326,official_coordinate,인천광역시,174413.316868387    ,447345.644126349    
3550000-103-1994-00013,코리아7080,단란주점영업,단란주점,인천광역시 계양구 안남로 507 (효성동),37.52837394654038,126.7109142488393,,2026-09-06,https://www.data.go.kr/data/15045017/fileData.do,https://file.localdata.go.kr/file/download/singing_bars/info,영업/정상,2025-12-15 16:15:28,2023-07-25 13:49:27,EPSG:5174 original transformed to EPSG:4326,official_coordinate,인천광역시,174377.225653432    ,447387.7085625      
3550000-103-1994-00021,땡큐,단란주점영업,단란주점,"인천광역시 계양구 계양산로 209-1, 지하1층 (병방동)",37.547662584608545,126.73920641895434,,2026-09-06,https://www.data.go.kr/data/15045017/fileData.do,https://file.localdata.go.kr/file/download/singing_bars/info,영업/정상,2025-12-15 16:15:28,2023-07-03 15:56:14,EPSG:5174 original transformed to EPSG:4326,official_coordinate,인천광역시,176884.025900657    ,449521.184673916    
3550000-103-1994-00022,광산단란주점,단란주점영업,단란주점,인천광역시 계양구 임학동로 37 (임학동),37.5453213325785,126.73644101657115,,2026-09-06,https://www.data.go.kr/data/15045017/fileData.do,https://file.localdata.go.kr/file/download/singing_bars/info,영업/정상,2025-12-15 16:15:28,2019-02-27 14:52:36,EPSG:5174 original transformed to EPSG:4326,official_coordinate,인천광역시,176638.914212047    ,449262.016504542    
3550000-103-1994-00024,뽕짝라이브주점,단란주점영업,단란주점,인천광역시 계양구 장제로 927 (병방동),37.549136352474235,126.74148523504424,,2026-09-06,https://www.data.go.kr/data/15045017/fileData.do,https://file.localdata.go.kr/file/download/singing_bars/info,영업/정상,2025-12-15 16:15:28,2021-05-11 11:04:08,EPSG:5174 original transformed to EPSG:4326,official_coordinate,인천광역시,177085.857666672    ,449684.197554941    
3550000-103-2010-00005,쉘부르,단란주점영업,단란주점,"인천광역시 계양구 계양문화로 21, 3층 301호 (작전동, 유니온프라자)",37.53267284868937,126.73599043234506,,2026-09-06,https://www.data.go.kr/data/15045017/fileData.do,https://file.localdata.go.kr/file/download/singing_bars/info,영업/정상,2025-12-15 16:15:28,2023-12-07 17:35:25,EPSG:5174 original transformed to EPSG:4326,official_coordinate,인천광역시,176595.13096344     ,447858.286264857    
3550000-103-2011-00001,힐링7080라이브,단란주점영업,단란주점,"인천광역시 계양구 계양문화로 19, 202호 (작전동,우성프라자)",37.53245355487683,126.7359686664471,,2026-09-06,https://www.data.go.kr/data/15045017/fileData.do,https://file.localdata.go.kr/file/download/singing_bars/info,영업/정상,2025-12-15 16:15:28,2024-03-26 16:15:33,EPSG:5174 original transformed to EPSG:4326,official_coordinate,인천광역시,176593.138404036    ,447833.952521783    
3550000-103-2011-00002,이글노래짱단란주점,단란주점영업,단란주점,"인천광역시 계양구 장제로 732 (작전동, 모드니프라자빌딩 3층 301호)",37.53316189275281,126.7343003144733,,2026-09-06,https://www.data.go.kr/data/15045017/fileData.do,https://file.localdata.go.kr/file/download/singing_bars/info,영업/정상,2026-08-14 22:47:00,2026-08-13 13:33:54,EPSG:5174 original transformed to EPSG:4326,official_coordinate,인천광역시,176445.899245394    ,447912.987800039    
3550000-103-2012-00001,짱라이브,단란주점영업,단란주점,"인천광역시 계양구 오조산공원로 22, 4층 403호 (용종동, 계양프라자)",37.539633358071136,126.73729049257042,,2026-09-06,https://www.data.go.kr/data/15045017/fileData.do,https://file.localdata.go.kr/file/download/singing_bars/info,영업/정상,2025-12-15 16:15:28,2021-03-25 15:52:33,EPSG:5174 original transformed to EPSG:4326,official_coordinate,인천광역시,176712.210990354    ,448630.502242777    
3550000-103-2013-00002,우산속,단란주점영업,단란주점,"인천광역시 계양구 도두리로 21, 4층 404호 (계산동, 이-프라자)",37.534190600428225,126.7367128291746,,2026-09-06,https://www.data.go.kr/data/15045017/fileData.do,https://file.localdata.go.kr/file/download/singing_bars/info,영업/정상,2025-12-15 16:15:28,2018-02-13 10:07:58,EPSG:5174 original transformed to EPSG:4326,official_coordinate,인천광역시,176659.45636286     ,448026.559837536    
3550000-103-2014-00001,오늘도7080라이브,단란주점영업,단란주점,"인천광역시 계양구 계산새로 89, 303호 (용종동, 대림프라자)",37.538187872310004,126.73810106516338,,2026-09-06,https://www.data.go.kr/data/15045017/fileData.do,https://file.localdata.go.kr/file/download/singing_bars/info,영업/정상,2026-02-24 22:47:00,2026-02-23 11:01:13,EPSG:5174 original transformed to EPSG:4326,official_coordinate,인천광역시,176783.39973194     ,448469.868255231    
3550000-103-2015-00002,돈키호테,단란주점영업,단란주점,"인천광역시 계양구 계양문화로 27, 7층 일부호 (작전동, 환영프라자)",37.533245192108005,126.73606048377985,,2026-09-06,https://www.data.go.kr/data/15045017/fileData.do,https://file.localdata.go.kr/file/download/singing_bars/info,영업/정상,2025-12-15 16:15:28,2024-11-01 17:11:07,EPSG:5174 original transformed to EPSG:4326,official_coordinate,인천광역시,176601.501950117    ,447921.792546125    
3550000-103-2015-00003,탱크라이브카페,단란주점영업,단란주점,"인천광역시 계양구 계양문화로59번길 1, 5층 일부호 (계산동)",37.53599424254668,126.73612332898942,,2026-09-06,https://www.data.go.kr/data/15045017/fileData.do,https://file.localdata.go.kr/file/download/singing_bars/info,영업/정상,2025-12-15 16:15:28,2019-04-30 14:51:33,EPSG:5174 original transformed to EPSG:4326,official_coordinate,인천광역시,176607.917644106    ,448226.89100407     
3550000-103-2015-00004,블루문,단란주점영업,단란주점,"인천광역시 계양구 계양문화로 54, 405호 (계산동, 대산월드프라자)",37.5354049551467,126.7368341339695,,2026-09-06,https://www.data.go.kr/data/15045017/fileData.do,https://file.localdata.go.kr/file/download/singing_bars/info,영업/정상,2025-12-15 16:15:28,2020-05-07 15:03:52,EPSG:5174 original transformed to EPSG:4326,official_coordinate,인천광역시,176670.557328086    ,448161.309575535    
3550000-103-2015-00005,M라이브까페7080,단란주점영업,단란주점,"인천광역시 계양구 계양문화로 48, 9층 901-1호 (계산동, 뉴월드프라자)",37.53490027234828,126.73678576615734,,2026-09-06,https://www.data.go.kr/data/15045017/fileData.do,https://file.localdata.go.kr/file/download/singing_bars/info,영업/정상,2025-12-15 16:15:28,2023-10-16 11:33:59,EPSG:5174 original transformed to EPSG:4326,official_coordinate,인천광역시,176666.124685741    ,448105.30740578     
3550000-103-2015-00006,가왕노래주점,단란주점영업,단란주점,"인천광역시 계양구 오조산로89번길 6, 3층 302호 (용종동, 에머랄드빌딩)",37.53907210056645,126.73819265969567,,2026-09-06,https://www.data.go.kr/data/15045017/fileData.do,https://file.localdata.go.kr/file/download/singing_bars/info,영업/정상,2026-06-25 03:03:03,2026-06-24 16:40:58,EPSG:5174 original transformed to EPSG:4326,official_coordinate,인천광역시,176791.769781114    ,448567.985184262    
3550000-103-2016-00001,꽃보다,단란주점영업,단란주점,"인천광역시 계양구 도두리로 21, 7층 701호 (계산동, 이프라자)",37.534190600428225,126.7367128291746,,2026-09-06,https://www.data.go.kr/data/15045017/fileData.do,https://file.localdata.go.kr/file/download/singing_bars/info,영업/정상,2025-12-15 16:15:28,2021-07-30 14:55:17,EPSG:5174 original transformed to EPSG:4326,official_coordinate,인천광역시,176659.45636286     ,448026.559837536    
3550000-103-2016-00002,스모키,단란주점영업,단란주점,"인천광역시 계양구 오조산로89번길 12, 4층 404호 (용종동, 대건프라자)",37.53910677784581,126.73764258177242,,2026-09-06,https://www.data.go.kr/data/15045017/fileData.do,https://file.localdata.go.kr/file/download/singing_bars/info,영업/정상,2025-12-15 16:15:28,2024-11-01 15:38:19,EPSG:5174 original transformed to EPSG:4326,official_coordinate,인천광역시,176743.164518527    ,448571.970253751    
3550000-103-2017-00001,보스LIVE,단란주점영업,단란주점,"인천광역시 계양구 계산새로87번길 6, 4층 408호 (용종동, 레드몰2차)",37.53841052388494,126.73812255813934,,2026-09-06,https://www.data.go.kr/data/15045017/fileData.do,https://file.localdata.go.kr/file/download/singing_bars/info,영업/정상,2025-12-15 16:15:28,2017-02-01 12:27:11,EPSG:5174 original transformed to EPSG:4326,official_coordinate,인천광역시,176785.368523779    ,448494.574806493    
3550000-103-2018-00001,최유리7080,단란주점영업,단란주점,"인천광역시 계양구 계양문화로29번길 11, 2층 일부호 (작전동)",37.53331307115004,126.73502619396038,,2026-09-06,https://www.data.go.kr/data/15045017/fileData.do,https://file.localdata.go.kr/file/download/singing_bars/info,영업/정상,2025-12-15 16:15:28,2023-12-14 09:10:12,EPSG:5174 original transformed to EPSG:4326,official_coordinate,인천광역시,176510.105315482    ,447929.584888325    
3550000-103-2021-00001,나비7080라이브,단란주점영업,단란주점,"인천광역시 계양구 계양문화로 90, 새롬프라자 3층 303호 (용종동)",37.538743988396995,126.73718149822504,,2026-09-06,https://www.data.go.kr/data/15045017/fileData.do,https://file.localdata.go.kr/file/download/singing_bars/info,영업/정상,2025-12-15 16:15:28,2025-07-03 13:36:15,EPSG:5174 original transformed to EPSG:4326,official_coordinate,인천광역시,176702.300644972    ,448531.8190619      
3550000-103-2023-00001,황제노래주점,단란주점영업,단란주점,"인천광역시 계양구 계양대로89번길 2, 지하1층 일부호 (작전동)",37.53187222911605,126.72208460692096,,2026-09-06,https://www.data.go.kr/data/15045017/fileData.do,https://file.localdata.go.kr/file/download/singing_bars/info,영업/정상,2025-12-15 16:15:28,2023-09-01 09:04:05,EPSG:5174 original transformed to EPSG:4326,official_coordinate,인천광역시,175365.760427243    ,447772.987156275    
3550000-103-2024-00001,노블레스,단란주점영업,단란주점,"인천광역시 계양구 도두리로 10, 광원프라자 4층 401호 (작전동)",37.533840589088335,126.73514688658379,,2026-09-06,https://www.data.go.kr/data/15045017/fileData.do,https://file.localdata.go.kr/file/download/singing_bars/info,영업/정상,2026-05-09 03:03:03,2026-05-08 13:44:53,EPSG:5174 original transformed to EPSG:4326,official_coordinate,인천광역시,176520.938807503    ,447988.103305226    
3550000-103-1995-00001,시티가요주점,단란주점영업,단란주점,"인천광역시 계양구 계산로112번길 1, 지하1층 (계산동)",37.53726542143228,126.72489354340065,,2026-09-06,https://www.data.go.kr/data/15045017/fileData.do,https://file.localdata.go.kr/file/download/singing_bars/info,영업/정상,2026-07-08 22:47:00,2026-07-07 10:55:43,EPSG:5174 original transformed to EPSG:4326,official_coordinate,인천광역시,175615.799653026    ,448370.837968488    
3550000-103-1995-00003,한아름단란주점,단란주점영업,단란주점,인천광역시 계양구 주부토로 502 (계산동),37.53895885078875,126.72836064403434,,2026-09-06,https://www.data.go.kr/data/15045017/fileData.do,https://file.localdata.go.kr/file/download/singing_bars/info,영업/정상,2025-12-15 16:15:28,2023-01-09 13:55:42,EPSG:5174 original transformed to EPSG:4326,official_coordinate,인천광역시,175922.77650652     ,448557.894310776    
3550000-103-1995-00005,노래하는포차,단란주점영업,단란주점,"인천광역시 계양구 효서로 141 (효성동,,10)",37.52802427396921,126.71156709493995,,2026-09-06,https://www.data.go.kr/data/15045017/fileData.do,https://file.localdata.go.kr/file/download/singing_bars/info,영업/정상,2026-02-03 22:47:00,2026-02-02 15:23:58,EPSG:5174 original transformed to EPSG:4326,official_coordinate,인천광역시,174434.813045807    ,447348.720721208    
3550000-103-1995-00007,파라다이스,단란주점영업,단란주점,인천광역시 계양구 작전시장로 20 (작전동),37.532426537768686,126.72492130988907,,2026-09-06,https://www.data.go.kr/data/15045017/fileData.do,https://file.localdata.go.kr/file/download/singing_bars/info,영업/정상,2025-12-15 16:15:28,2025-04-23 09:15:47,EPSG:5174 original transformed to EPSG:4326,official_coordinate,인천광역시,175616.674244584    ,447833.768136347    
3550000-103-1995-00009,콘서트단란주점,단란주점영업,단란주점,"인천광역시 계양구 계양대로 88, 지하1층 (작전동)",37.53159412935075,126.72287702217074,,2026-09-06,https://www.data.go.kr/data/15045017/fileData.do,https://file.localdata.go.kr/file/download/singing_bars/info,영업/정상,2026-01-08 22:47:00,2026-01-07 10:41:35,EPSG:5174 original transformed to EPSG:4326,official_coordinate,인천광역시,175435.709656239    ,447741.913380167    
3550000-103-1995-00011,맘모스단란주점,단란주점영업,단란주점,"인천광역시 계양구 계양산로 209, 지하1층 (병방동)",37.54766375643695,126.73910259413918,,2026-09-06,https://www.data.go.kr/data/15045017/fileData.do,https://file.localdata.go.kr/file/download/singing_bars/info,영업/정상,2025-12-15 16:15:28,2023-07-18 09:30:15,EPSG:5174 original transformed to EPSG:4326,official_coordinate,인천광역시,176874.851246411    ,449521.340336485    
3550000-103-1995-00016,천사7080,단란주점영업,단란주점,인천광역시 계양구 계산천서로 12 (계산동),37.54227283802274,126.71969804128847,,2026-09-06,https://www.data.go.kr/data/15045017/fileData.do,https://file.localdata.go.kr/file/download/singing_bars/info,영업/정상,2025-12-15 16:15:28,2024-06-19 14:51:28,EPSG:5174 original transformed to EPSG:4326,official_coordinate,인천광역시,175158.273831766    ,448927.969764409    
3550000-103-1996-00002,불놀이야,단란주점영업,단란주점,"인천광역시 계양구 주부토로 506 (계산동,지하1층)",37.539367441619376,126.72844310968308,,2026-09-06,https://www.data.go.kr/data/15045017/fileData.do,https://file.localdata.go.kr/file/download/singing_bars/info,영업/정상,2025-12-15 16:15:28,2025-07-31 15:25:45,EPSG:5174 original transformed to EPSG:4326,official_coordinate,인천광역시,175930.196544028    ,448603.222240585    
3550000-103-1996-00004,관광열차메들리,단란주점영업,단란주점,"인천광역시 계양구 계양대로 148, 지하1층 (계산동)",37.53702040782101,126.72295090903896,,2026-09-06,https://www.data.go.kr/data/15045017/fileData.do,https://file.localdata.go.kr/file/download/singing_bars/info,영업/정상,2025-12-15 16:15:28,2025-06-27 14:23:38,EPSG:5174 original transformed to EPSG:4326,official_coordinate,인천광역시,175444.024264573    ,448344.150953142    
3550000-103-1996-00006,얼쑤가요주점,단란주점영업,단란주점,인천광역시 계양구 계양대로 179 (계산동),37.53984413935406,126.72229286434964,,2026-09-06,https://www.data.go.kr/data/15045017/fileData.do,https://file.localdata.go.kr/file/download/singing_bars/info,영업/정상,2025-12-15 16:15:28,2024-04-02 11:23:02,EPSG:5174 original transformed to EPSG:4326,official_coordinate,인천광역시,175386.794993711    ,448657.726635401    
3550000-103-1996-00007,무랑루즈노래주점,단란주점영업,단란주점,"인천광역시 계양구 계산로 112 (계산동,(지하1층))",37.5372917364627,126.7246583861518,,2026-09-06,https://www.data.go.kr/data/15045017/fileData.do,https://file.localdata.go.kr/file/download/singing_bars/info,영업/정상,2025-12-15 16:15:28,2018-06-26 16:14:45,EPSG:5174 original transformed to EPSG:4326,official_coordinate,인천광역시,175595.024471308    ,448373.819807082    
3550000-103-1996-00008,파티파티라이브,단란주점영업,단란주점,인천광역시 계양구 주부토로543번길 8 (계산동),37.54286758360613,126.72750526835237,,2026-09-06,https://www.data.go.kr/data/15045017/fileData.do,https://file.localdata.go.kr/file/download/singing_bars/info,영업/정상,2025-12-15 16:15:28,2025-04-01 16:10:48,EPSG:5174 original transformed to EPSG:4326,official_coordinate,인천광역시,175848.442122762    ,448991.940815084    
3550000-103-1996-00014,달아달아7080,단란주점영업,단란주점,"인천광역시 계양구 계양대로 142, 지하1층 (계산동)",37.536489083168455,126.72294709169061,,2026-09-06,https://www.data.go.kr/data/15045017/fileData.do,https://file.localdata.go.kr/file/download/singing_bars/info,영업/정상,2025-12-15 16:15:28,2023-04-10 14:41:23,EPSG:5174 original transformed to EPSG:4326,official_coordinate,인천광역시,175443.512199365    ,448285.180765776    
3550000-103-1997-00001,가요여행라이브,단란주점영업,단란주점,"인천광역시 계양구 주부토로 537, 지하1층 (계산동)",37.54224859141164,126.72805149581077,,2026-09-06,https://www.data.go.kr/data/15045017/fileData.do,https://file.localdata.go.kr/file/download/singing_bars/info,영업/정상,2025-12-15 16:15:28,2018-02-13 10:01:40,EPSG:5174 original transformed to EPSG:4326,official_coordinate,인천광역시,175896.515646613    ,448923.098907057    
3550000-103-1997-00003,그린노래주점,단란주점영업,단란주점,인천광역시 계양구 아나지로 171 (효성동),37.52553858319106,126.71098604036008,,2026-09-06,https://www.data.go.kr/data/15045017/fileData.do,https://file.localdata.go.kr/file/download/singing_bars/info,영업/정상,2025-12-15 16:15:28,2021-04-09 11:30:19,EPSG:5174 original transformed to EPSG:4326,official_coordinate,인천광역시,174382.599566144    ,447072.995283163    
3550000-103-1997-00010,친구야,단란주점영업,단란주점,"인천광역시 계양구 계양대로 102 (작전동,지하1층)",37.53283849841156,126.72293100027441,,2026-09-06,https://www.data.go.kr/data/15045017/fileData.do,https://file.localdata.go.kr/file/download/singing_bars/info,영업/정상,2025-12-15 16:15:28,2025-03-20 15:06:23,EPSG:5174 original transformed to EPSG:4326,official_coordinate,인천광역시,175440.889813733    ,447880.010406332    
3550000-103-1997-00011,영부인단란주점,단란주점영업,단란주점,"인천광역시 계양구 계산로 116, 지하1층 (계산동)",37.53728327559757,126.72505198924297,,2026-09-06,https://www.data.go.kr/data/15045017/fileData.do,https://file.localdata.go.kr/file/download/singing_bars/info,영업/정상,2025-12-15 16:15:28,2021-12-17 10:58:17,EPSG:5174 original transformed to EPSG:4326,official_coordinate,인천광역시,175629.809314279    ,448372.778404999    
3550000-103-1998-00002,코코스7080,단란주점영업,단란주점,인천광역시 계양구 계산천동로 28 (계산동),37.5377265444345,126.7251801056464,,2026-09-06,https://www.data.go.kr/data/15045017/fileData.do,https://file.localdata.go.kr/file/download/singing_bars/info,영업/정상,2025-12-15 16:15:28,2024-01-16 16:03:05,EPSG:5174 original transformed to EPSG:4326,official_coordinate,인천광역시,175641.277119101    ,448421.943089874    
3550000-103-1998-00004,씽씽가요열창,단란주점영업,단란주점,"인천광역시 계양구 효서로 124-1 (효성동,지하1층)",37.527733904440105,126.70968666394418,,2026-09-06,https://www.data.go.kr/data/15045017/fileData.do,https://file.localdata.go.kr/file/download/singing_bars/info,영업/정상,2025-12-15 16:15:28,2018-02-13 10:02:41,EPSG:5174 original transformed to EPSG:4326,official_coordinate,인천광역시,174268.495352531    ,447317.006962518    
3550000-103-1998-00007,챔프노래짱,단란주점영업,단란주점,인천광역시 계양구 경명대로 1059 (계산동),37.5437183973475,126.72476405197914,,2026-09-06,https://www.data.go.kr/data/15045017/fileData.do,https://file.localdata.go.kr/file/download/singing_bars/info,영업/정상,2025-12-15 16:15:28,2025-07-18 21:36:52,EPSG:5174 original transformed to EPSG:4326,official_coordinate,인천광역시,175606.462693732    ,449087.081348508    
3550000-103-1999-00001,노래하는풍금,단란주점영업,단란주점,인천광역시 계양구 효서로 116 (효성동),37.527706690595814,126.70868910378228,,2026-09-06,https://www.data.go.kr/data/15045017/fileData.do,https://file.localdata.go.kr/file/download/singing_bars/info,영업/정상,2025-12-15 16:15:28,2025-07-11 17:10:52,EPSG:5174 original transformed to EPSG:4326,official_coordinate,인천광역시,174180.307860583    ,447314.260564326    
3550000-103-2000-00001,라이브추억속으로7080,단란주점영업,단란주점,"인천광역시 계양구 계양문화로 86, 6층 (용종동)",37.53834380858609,126.73714120178569,,2026-09-06,https://www.data.go.kr/data/15045017/fileData.do,https://file.localdata.go.kr/file/download/singing_bars/info,영업/정상,2025-12-15 16:15:28,2022-10-19 15:40:37,EPSG:5174 original transformed to EPSG:4326,official_coordinate,인천광역시,176698.614353271    ,448487.413520358    
3550000-103-2000-00002,대박7080,단란주점영업,단란주점,"인천광역시 계양구 계산천동로 18, B동 지하층 (계산동)",37.538296032945624,126.72421494589032,,2026-09-06,https://www.data.go.kr/data/15045017/fileData.do,https://file.localdata.go.kr/file/download/singing_bars/info,영업/정상,2025-12-15 16:15:28,2022-12-21 09:23:44,EPSG:5174 original transformed to EPSG:4326,official_coordinate,인천광역시,175556.16081234     ,448485.401147846    
3550000-103-2001-00001,개성시대단란주점,단란주점영업,단란주점,"인천광역시 계양구 계양대로205번길 21, 지하1층 (계산동)",37.54098251103904,126.72167942642415,,2026-09-06,https://www.data.go.kr/data/15045017/fileData.do,https://file.localdata.go.kr/file/download/singing_bars/info,영업/정상,2025-12-15 16:15:28,2018-02-13 10:05:06,EPSG:5174 original transformed to EPSG:4326,official_coordinate,인천광역시,175332.955678347    ,448784.234597149    
3550000-103-2003-00009,축제단란주점,단란주점영업,단란주점,"인천광역시 계양구 계산천동로 26 (계산동,2층)",37.53784757820116,126.72494263268963,,2026-09-06,https://www.data.go.kr/data/15045017/fileData.do,https://file.localdata.go.kr/file/download/singing_bars/info,영업/정상,2025-12-15 16:15:28,2024-05-03 14:23:57,EPSG:5174 original transformed to EPSG:4326,official_coordinate,인천광역시,175620.328307259    ,448435.438205829    
3550000-103-2004-00006,콜 가요주점,단란주점영업,단란주점,"인천광역시 계양구 계산천동로 6 (계산동,(2층))",37.53888260672869,126.72315299822151,,2026-09-06,https://www.data.go.kr/data/15045017/fileData.do,https://file.localdata.go.kr/file/download/singing_bars/info,영업/정상,2025-12-15 16:15:28,2018-05-28 13:40:06,EPSG:5174 original transformed to EPSG:4326,official_coordinate,인천광역시,175462.497243738    ,448550.781684149    
3550000-103-2006-00002,나도가수다 잘된만남,단란주점영업,단란주점,"인천광역시 계양구 계양문화로59번길 1 (계산동,외 1필지 (지상6층))",37.53599424254668,126.73612332898942,,2026-09-06,https://www.data.go.kr/data/15045017/fileData.do,https://file.localdata.go.kr/file/download/singing_bars/info,영업/정상,2026-02-26 22:47:06,2026-02-25 11:08:39,EPSG:5174 original transformed to EPSG:4326,official_coordinate,인천광역시,176607.917644106    ,448226.89100407     
3550000-103-2007-00001,다빈단란주점,단란주점영업,단란주점,"인천광역시 계양구 오조산로57번길 15 (계산동,(지상4층, 404호))",37.53594634101024,126.73689452069158,,2026-09-06,https://www.data.go.kr/data/15045017/fileData.do,https://file.localdata.go.kr/file/download/singing_bars/info,영업/정상,2025-12-15 16:15:28,2023-02-21 15:03:20,EPSG:5174 original transformed to EPSG:4326,official_coordinate,인천광역시,176676.063656676    ,448221.382397489    
3550000-103-2007-00002,발리단란주점,단란주점영업,단란주점,"인천광역시 계양구 계양문화로 55 (계산동,(문화로 57) 501호(일부))",37.53579047787891,126.73631445381056,,2026-09-06,https://www.data.go.kr/data/15045017/fileData.do,https://file.localdata.go.kr/file/download/singing_bars/info,영업/정상,2025-12-15 16:15:28,2021-06-30 14:35:35,EPSG:5174 original transformed to EPSG:4326,official_coordinate,인천광역시,176624.746238116    ,448204.227727409    
3550000-103-2007-00003,아지트,단란주점영업,단란주점,"인천광역시 계양구 계산로103번길 13 (계산동,(동산길 17) 2층)",37.53863943518635,126.72357119278284,,2026-09-06,https://www.data.go.kr/data/15045017/fileData.do,https://file.localdata.go.kr/file/download/singing_bars/info,영업/정상,2026-01-20 22:47:00,2026-01-19 15:53:56,EPSG:5174 original transformed to EPSG:4326,official_coordinate,인천광역시,175499.377748361    ,448523.682989771    
3550000-103-2009-00005,달빛7080,단란주점영업,단란주점,"인천광역시 계양구 오조산로89번길 6 (용종동,에메랄드빌딩 203호)",37.53907210056645,126.73819265969567,,2026-09-06,https://www.data.go.kr/data/15045017/fileData.do,https://file.localdata.go.kr/file/download/singing_bars/info,영업/정상,2026-02-28 22:47:07,2026-02-27 13:55:29,EPSG:5174 original transformed to EPSG:4326,official_coordinate,인천광역시,176791.769781114    ,448567.985184262    
3550000-103-2009-00007,썸,단란주점영업,단란주점,"인천광역시 계양구 계양문화로53번길 4 (계산동,인일빌딩 2층)",37.53580127404819,126.73610341291354,,2026-09-06,https://www.data.go.kr/data/15045017/fileData.do,https://file.localdata.go.kr/file/download/singing_bars/info,영업/정상,2025-12-15 16:15:28,2024-10-28 15:07:09,EPSG:5174 original transformed to EPSG:4326,official_coordinate,인천광역시,176606.096939959    ,448205.478602052    
3561000-103-2022-00003,제이(J),단란주점영업,단란주점,"인천광역시 서해구 북항로32번길 28, 대건프라자 203호 (원창동)",37.5090473,126.6452597,,2026-09-06,https://www.data.go.kr/data/15045017/fileData.do,https://file.localdata.go.kr/file/download/singing_bars/info,영업/정상,2026-07-01 13:28:01,2022-12-09 11:11:41,kakao_local_api:address_road,geocoded_kakao_road,인천광역시,,
3561000-103-2023-00004,골든,단란주점영업,단란주점,"인천광역시 서해구 북항로32번안길 11, 403호 (원창동)",37.5075759,126.6462526,,2026-09-06,https://www.data.go.kr/data/15045017/fileData.do,https://file.localdata.go.kr/file/download/singing_bars/info,영업/정상,2026-07-01 13:28:01,2026-04-28 15:26:46,kakao_local_api:address_road,geocoded_kakao_road,인천광역시,,
3561000-103-1996-00002,핑크단란주점,단란주점영업,단란주점,"인천광역시 서해구 길주로 84-1 (석남동, 533-54)",37.5061887,126.6712672,,2026-09-06,https://www.data.go.kr/data/15045017/fileData.do,https://file.localdata.go.kr/file/download/singing_bars/info,영업/정상,2026-07-01 13:28:00,2017-08-03 11:09:16,kakao_local_api:address_road,geocoded_kakao_road,인천광역시,,
3561000-103-2000-00014,팝단란주점,단란주점영업,단란주점,인천광역시 서해구 가정로137번길 19 (가좌동),37.4970164,126.6696027,,2026-09-06,https://www.data.go.kr/data/15045017/fileData.do,https://file.localdata.go.kr/file/download/singing_bars/info,영업/정상,2026-07-01 13:28:00,2017-08-03 11:20:33,kakao_local_api:address_road,geocoded_kakao_road,인천광역시,,
3561000-103-2019-00003,동해라이브,단란주점영업,단란주점,"인천광역시 서해구 가정로 259, 2층 일부호 (석남동)",37.5080353,126.6721355,,2026-09-06,https://www.data.go.kr/data/15045017/fileData.do,https://file.localdata.go.kr/file/download/singing_bars/info,영업/정상,2026-07-01 13:28:01,2019-12-03 14:33:49,kakao_local_api:address_road,geocoded_kakao_road,인천광역시,,
3561000-103-2023-00002,원7090라이브,단란주점영업,단란주점,"인천광역시 서해구 염곡로464번길 15, 쓰리엠타워 308호 (가정동)",37.5263670,126.6710931,,2026-09-06,https://www.data.go.kr/data/15045017/fileData.do,https://file.localdata.go.kr/file/download/singing_bars/info,영업/정상,2026-07-01 13:28:01,2024-01-29 14:55:36,kakao_local_api:address_road,geocoded_kakao_road,인천광역시,,
3561000-103-2025-00001,8090 짱 라이브,단란주점영업,단란주점,"인천광역시 서해구 중봉대로612번길 10-12, 청라프라자2 207호 (청라동)",37.5333857,126.6511831,,2026-09-06,https://www.data.go.kr/data/15045017/fileData.do,https://file.localdata.go.kr/file/download/singing_bars/info,영업/정상,2026-07-01 13:28:01,2025-03-31 16:31:49,kakao_local_api:address_road,geocoded_kakao_road,인천광역시,,
3561000-103-2020-00003,산타나7080라이브,단란주점영업,단란주점,"인천광역시 서해구 서곶로301번길 16, 태영프라자 2층 203호 (심곡동)",37.5447729,126.6748960,,2026-09-06,https://www.data.go.kr/data/15045017/fileData.do,https://file.localdata.go.kr/file/download/singing_bars/info,영업/정상,2026-07-01 13:28:01,2020-08-31 13:10:14,kakao_local_api:address_road,geocoded_kakao_road,인천광역시,,
3561000-103-2000-00013,야화단란주점,단란주점영업,단란주점,"인천광역시 서해구 건지로 278 (가좌동, 청운상가2층)",37.4990562,126.6730005,,2026-09-06,https://www.data.go.kr/data/15045017/fileData.do,https://file.localdata.go.kr/file/download/singing_bars/info,영업/정상,2026-07-01 13:28:00,2023-10-19 11:23:21,kakao_local_api:address_road,geocoded_kakao_road,인천광역시,,
3561000-103-2016-00001,7080여고시절,단란주점영업,단란주점,"인천광역시 서해구 가정로 256 (석남동, 2층)",37.5076596,126.6725348,,2026-09-06,https://www.data.go.kr/data/15045017/fileData.do,https://file.localdata.go.kr/file/download/singing_bars/info,영업/정상,2026-07-01 13:28:01,2017-08-03 11:29:13,kakao_local_api:address_road,geocoded_kakao_road,인천광역시,,
3561000-103-2000-00001,강남노래주점,단란주점영업,단란주점,인천광역시 서해구 가정로 237-1 (석남동),37.50614485243652,126.67199889668349,,2026-09-06,https://www.data.go.kr/data/15045017/fileData.do,https://file.localdata.go.kr/file/download/singing_bars/info,영업/정상,2026-07-02 22:47:00,2024-02-05 16:54:15,EPSG:5174 original transformed to EPSG:4326,official_coordinate,인천광역시,170928.73868677     ,444931.867732828    
3561000-103-2013-00004,원라이브7080,단란주점영업,단란주점,"인천광역시 서해구 거북로 87, 3층 (석남동)",37.5033430,126.6715481,,2026-09-06,https://www.data.go.kr/data/15045017/fileData.do,https://file.localdata.go.kr/file/download/singing_bars/info,영업/정상,2026-07-01 13:28:00,2023-02-21 14:18:11,kakao_local_api:address_road,geocoded_kakao_road,인천광역시,,
3561000-103-1999-00006,Miss 노래바 단란주점,단란주점영업,단란주점,"인천광역시 서해구 길주로 101 (석남동, 503-8)",37.5066093,126.6731423,,2026-09-06,https://www.data.go.kr/data/15045017/fileData.do,https://file.localdata.go.kr/file/download/singing_bars/info,영업/정상,2026-07-01 13:28:00,2017-08-03 11:17:07,kakao_local_api:address_road,geocoded_kakao_road,인천광역시,,
3561000-103-1996-00004,맘모스,단란주점영업,단란주점,인천광역시 서해구 가정로 301 (석남동),37.5117070,126.6723502,,2026-09-06,https://www.data.go.kr/data/15045017/fileData.do,https://file.localdata.go.kr/file/download/singing_bars/info,영업/정상,2026-07-01 13:28:00,2015-09-23 09:33:42,kakao_local_api:address_road,geocoded_kakao_road,인천광역시,,
3561000-103-1998-00001,다인노래주점,단란주점영업,단란주점,"인천광역시 서해구 길주로 86 (석남동, 533-38)",37.5061937,126.6714219,,2026-09-06,https://www.data.go.kr/data/15045017/fileData.do,https://file.localdata.go.kr/file/download/singing_bars/info,영업/정상,2026-07-01 13:28:00,2017-05-01 11:08:07,kakao_local_api:address_road,geocoded_kakao_road,인천광역시,,
3561000-103-2012-00001,갤럭시,단란주점영업,단란주점,"인천광역시 서해구 길주로 101-1 (석남동, 503-7 용민빌딩 지하)",37.5065912,126.6734739,,2026-09-06,https://www.data.go.kr/data/15045017/fileData.do,https://file.localdata.go.kr/file/download/singing_bars/info,영업/정상,2026-07-01 13:28:00,2025-11-17 14:42:10,kakao_local_api:address_road,geocoded_kakao_road,인천광역시,,
3561000-103-2018-00004,라틴7080 라이브,단란주점영업,단란주점,"인천광역시 서해구 탁옥로51번길 6, 502호 (심곡동)",37.5443593,126.6755194,,2026-09-06,https://www.data.go.kr/data/15045017/fileData.do,https://file.localdata.go.kr/file/download/singing_bars/info,영업/정상,2026-07-01 13:28:01,2019-05-20 14:27:15,kakao_local_api:address_road,geocoded_kakao_road,인천광역시,,
3561000-103-1999-00013,팡팡단란주점,단란주점영업,단란주점,인천광역시 서해구 가정로 124 (가좌동),37.4956792,126.6717867,,2026-09-06,https://www.data.go.kr/data/15045017/fileData.do,https://file.localdata.go.kr/file/download/singing_bars/info,영업/정상,2026-07-01 13:28:00,2024-03-11 10:44:01,kakao_local_api:address_road,geocoded_kakao_road,인천광역시,,
3561000-103-2001-00012,추억노래주점,단란주점영업,단란주점,"인천광역시 서해구 원적로 37, 지하1층 (가좌동)",37.4904760,126.6799746,,2026-09-06,https://www.data.go.kr/data/15045017/fileData.do,https://file.localdata.go.kr/file/download/singing_bars/info,영업/정상,2026-07-01 13:28:00,2023-10-25 09:48:41,kakao_local_api:address_road,geocoded_kakao_road,인천광역시,,
3561000-103-2023-00005,시티7080라이브,단란주점영업,단란주점,"인천광역시 서해구 염곡로464번길 23, 엔시티타워 202호 (가정동)",37.5263649,126.6720118,,2026-09-06,https://www.data.go.kr/data/15045017/fileData.do,https://file.localdata.go.kr/file/download/singing_bars/info,영업/정상,2026-07-01 13:28:01,2023-11-29 16:11:59,kakao_local_api:address_road,geocoded_kakao_road,인천광역시,,
3561000-103-1999-00008,나현가요주점,단란주점영업,단란주점,"인천광역시 서해구 율도로 121, 지하1층 (가정동)",37.5134520,126.6756351,,2026-09-06,https://www.data.go.kr/data/15045017/fileData.do,https://file.localdata.go.kr/file/download/singing_bars/info,영업/정상,2026-07-01 13:28:00,2018-02-28 16:55:59,kakao_local_api:address_road,geocoded_kakao_road,인천광역시,,
3561000-103-2014-00005,콘서트7080라이브,단란주점영업,단란주점,"인천광역시 서해구 길주로 79, 304호 (석남동)",37.5068022,126.6708371,,2026-09-06,https://www.data.go.kr/data/15045017/fileData.do,https://file.localdata.go.kr/file/download/singing_bars/info,영업/정상,2026-07-01 13:28:01,2024-08-12 13:55:11,kakao_local_api:address_road,geocoded_kakao_road,인천광역시,,
3561000-103-2021-00001,소풍 뮤직펍 라이브(music pub live),단란주점영업,단란주점,"인천광역시 서해구 탁옥로51번길 4, 금진빌딩 2층 일부호 (심곡동)",37.5442103,126.6755435,,2026-09-06,https://www.data.go.kr/data/15045017/fileData.do,https://file.localdata.go.kr/file/download/singing_bars/info,영업/정상,2026-07-01 13:28:01,2023-12-11 15:09:13,kakao_local_api:address_road,geocoded_kakao_road,인천광역시,,
3561000-103-1999-00002,스타단란주점,단란주점영업,단란주점,인천광역시 서해구 가정로 192 (석남동),37.5017666,126.6721958,,2026-09-06,https://www.data.go.kr/data/15045017/fileData.do,https://file.localdata.go.kr/file/download/singing_bars/info,영업/정상,2026-07-01 13:28:00,2022-11-21 15:33:14,kakao_local_api:address_road,geocoded_kakao_road,인천광역시,,
3561000-103-1999-00011,콘서트단란주점,단란주점영업,단란주점,인천광역시 서해구 가정로 142-1 (가좌동),37.4974530,126.6719292,,2026-09-06,https://www.data.go.kr/data/15045017/fileData.do,https://file.localdata.go.kr/file/download/singing_bars/info,영업/정상,2026-07-01 13:28:00,2017-08-03 11:18:36,kakao_local_api:address_road,geocoded_kakao_road,인천광역시,,
3561000-103-1999-00005,수연,단란주점영업,단란주점,인천광역시 서해구 가정로 209 (석남동),37.5035693,126.6719133,,2026-09-06,https://www.data.go.kr/data/15045017/fileData.do,https://file.localdata.go.kr/file/download/singing_bars/info,영업/정상,2026-07-01 13:28:00,2024-02-02 16:38:36,kakao_local_api:address_road,geocoded_kakao_road,인천광역시,,
3561000-103-1995-00003,스타라이브,단란주점영업,단란주점,"인천광역시 서해구 가정로 132 (가좌동,(지하1층))",37.4963671,126.6718741,,2026-09-06,https://www.data.go.kr/data/15045017/fileData.do,https://file.localdata.go.kr/file/download/singing_bars/info,영업/정상,2026-07-01 13:28:00,2014-05-02 15:27:52,kakao_local_api:address_road,geocoded_kakao_road,인천광역시,,
3561000-103-1999-00012,와와노래주점,단란주점영업,단란주점,"인천광역시 서해구 가정로 107-1 (가좌동,(지하1층))",37.49436786789964,126.67132671023252,,2026-09-06,https://www.data.go.kr/data/15045017/fileData.do,https://file.localdata.go.kr/file/download/singing_bars/info,영업/정상,2026-08-05 22:47:00,2017-08-03 11:18:49,EPSG:5174 original transformed to EPSG:4326,official_coordinate,인천광역시,170864.719018143    ,443624.966889339    
3561000-103-1999-00014,고래주점,단란주점영업,단란주점,인천광역시 서해구 가정로152번길 6-1 (가좌동),37.4980570,126.6725846,,2026-09-06,https://www.data.go.kr/data/15045017/fileData.do,https://file.localdata.go.kr/file/download/singing_bars/info,영업/정상,2026-07-01 13:28:00,2019-02-26 13:43:26,kakao_local_api:address_road,geocoded_kakao_road,인천광역시,,
3561000-103-2001-00006,고래고래단란주점,단란주점영업,단란주점,인천광역시 서해구 가정로 238 (석남동),37.5059085,126.6725446,,2026-09-06,https://www.data.go.kr/data/15045017/fileData.do,https://file.localdata.go.kr/file/download/singing_bars/info,영업/정상,2026-07-01 13:28:00,2017-08-03 11:22:26,kakao_local_api:address_road,geocoded_kakao_road,인천광역시,,
3561000-103-2014-00004,라이브바다,단란주점영업,단란주점,"인천광역시 서해구 길주로 79, 203호 (석남동, 성한캣슬)",37.5068022,126.6708371,,2026-09-06,https://www.data.go.kr/data/15045017/fileData.do,https://file.localdata.go.kr/file/download/singing_bars/info,영업/정상,2026-07-01 13:28:01,2024-06-16 10:30:42,kakao_local_api:address_road,geocoded_kakao_road,인천광역시,,
3561000-103-1997-00009,동창생,단란주점영업,단란주점,"인천광역시 서해구 탁옥로 54, 지하1층 (심곡동)",37.5437216567685,126.67542952741607,,2026-09-06,https://www.data.go.kr/data/15045017/fileData.do,https://file.localdata.go.kr/file/download/singing_bars/info,영업/정상,2026-07-03 22:47:00,2017-08-03 11:13:37,EPSG:5174 original transformed to EPSG:4326,official_coordinate,인천광역시,171246.529723256    ,449101.4191689      
3561000-103-2007-00003,돈키호테,단란주점영업,단란주점,"인천광역시 서해구 탁옥로33번길 19 (심곡동,(3층))",37.5456652,126.6732099,,2026-09-06,https://www.data.go.kr/data/15045017/fileData.do,https://file.localdata.go.kr/file/download/singing_bars/info,영업/정상,2026-07-01 13:28:00,2017-08-03 11:23:50,kakao_local_api:address_road,geocoded_kakao_road,인천광역시,,
3561000-103-1998-00003,째즈 라이브,단란주점영업,단란주점,"인천광역시 서해구 가정로 101 (가좌동, 지하1층)",37.4937245,126.6713004,,2026-09-06,https://www.data.go.kr/data/15045017/fileData.do,https://file.localdata.go.kr/file/download/singing_bars/info,영업/정상,2026-07-01 13:28:00,2018-12-05 10:05:56,kakao_local_api:address_road,geocoded_kakao_road,인천광역시,,
3561000-103-2001-00010,팡팡단란주점,단란주점영업,단란주점,인천광역시 서해구 원창로 225 (가정동),37.5176197,126.6744918,,2026-09-06,https://www.data.go.kr/data/15045017/fileData.do,https://file.localdata.go.kr/file/download/singing_bars/info,영업/정상,2026-07-01 13:28:00,2017-08-03 11:23:02,kakao_local_api:address_road,geocoded_kakao_road,인천광역시,,
3561000-103-2026-00001,또 라이브 7080,단란주점영업,단란주점,"인천광역시 서해구 중봉대로586번길 9-19, 리버프라자 402호 (청라동)",37.5326146,126.6519579,,2026-09-06,https://www.data.go.kr/data/15045017/fileData.do,https://file.localdata.go.kr/file/download/singing_bars/info,영업/정상,2026-07-01 13:28:01,2026-04-06 12:10:57,kakao_local_api:address_road,geocoded_kakao_road,인천광역시,,
3561000-103-2024-00002,붐붐노리터,단란주점영업,단란주점,"인천광역시 서해구 봉오재3로110번길 7, 가정봄프라자 4층 406호 (가정동)",37.5267584,126.6720345,,2026-09-06,https://www.data.go.kr/data/15045017/fileData.do,https://file.localdata.go.kr/file/download/singing_bars/info,영업/정상,2026-07-01 13:28:01,2026-01-07 14:12:39,kakao_local_api:address_road,geocoded_kakao_road,인천광역시,,
3561000-103-1997-00002,진이노래주점,단란주점영업,단란주점,"인천광역시 서해구 가정로 193 (석남동, 583-6)",37.5020342,126.6718068,,2026-09-06,https://www.data.go.kr/data/15045017/fileData.do,https://file.localdata.go.kr/file/download/singing_bars/info,영업/정상,2026-07-01 13:28:00,2019-11-18 15:06:16,kakao_local_api:address_road,geocoded_kakao_road,인천광역시,,
3561000-103-2014-00001,티파니 라이브,단란주점영업,단란주점,"인천광역시 서해구 탁옥로 49 (심곡동, 제스트프라자 지하1층)",37.5440903,126.6750759,,2026-09-06,https://www.data.go.kr/data/15045017/fileData.do,https://file.localdata.go.kr/file/download/singing_bars/info,영업/정상,2026-07-01 13:28:00,2017-04-13 16:06:27,kakao_local_api:address_road,geocoded_kakao_road,인천광역시,,
3561000-103-2000-00015,앗싸7080,단란주점영업,단란주점,인천광역시 서해구 심곡로56번길 1 (심곡동),37.5419559,126.6760325,,2026-09-06,https://www.data.go.kr/data/15045017/fileData.do,https://file.localdata.go.kr/file/download/singing_bars/info,영업/정상,2026-07-01 13:28:00,2018-05-30 11:11:24,kakao_local_api:address_road,geocoded_kakao_road,인천광역시,,
3561000-103-2018-00001,강남 3450 라이브,단란주점영업,단란주점,"인천광역시 서해구 중봉대로586번길 9-4, 쓰리엠타워 305호 (청라동)",37.5321134,126.6509120,,2026-09-06,https://www.data.go.kr/data/15045017/fileData.do,https://file.localdata.go.kr/file/download/singing_bars/info,영업/정상,2026-07-01 13:28:01,2024-06-17 17:36:12,kakao_local_api:address_road,geocoded_kakao_road,인천광역시,,
3561000-103-2010-00002,라이브 세시봉,단란주점영업,단란주점,"인천광역시 서해구 길주로 79, 성한캣슬1동 2층 206호 (석남동, 518-18외4필지 성한캣슬1 2층 206호)",37.5068022,126.6708371,,2026-09-06,https://www.data.go.kr/data/15045017/fileData.do,https://file.localdata.go.kr/file/download/singing_bars/info,영업/정상,2026-07-01 13:28:00,2019-07-09 15:38:24,kakao_local_api:address_road,geocoded_kakao_road,인천광역시,,
3561000-103-2012-00002,세븐노래광장,단란주점영업,단란주점,"인천광역시 서해구 길주로75번길 1, 지하1층 (석남동, 519-4 (지하1층))",37.5067566,126.6702541,,2026-09-06,https://www.data.go.kr/data/15045017/fileData.do,https://file.localdata.go.kr/file/download/singing_bars/info,영업/정상,2026-07-01 13:28:00,2015-05-14 16:35:10,kakao_local_api:address_road,geocoded_kakao_road,인천광역시,,
3561000-103-2017-00001,메리트단란주점,단란주점영업,단란주점,"인천광역시 서해구 중봉대로 588 (연희동, 청라센트럴프라자 제2층202호)",37.53209376014907,126.65026917674831,,2026-09-06,https://www.data.go.kr/data/15045017/fileData.do,https://file.localdata.go.kr/file/download/singing_bars/info,영업/정상,2026-07-02 22:47:00,2022-09-26 14:54:33,EPSG:5174 original transformed to EPSG:4326,official_coordinate,인천광역시,169018.163682895    ,447818.856577186    
3561000-103-2018-00003,쿵쿵따 가요주점,단란주점영업,단란주점,"인천광역시 서해구 서곶로315번길 23, 4층 (심곡동)",37.5456296,126.6742514,,2026-09-06,https://www.data.go.kr/data/15045017/fileData.do,https://file.localdata.go.kr/file/download/singing_bars/info,영업/정상,2026-07-01 13:28:01,2018-06-18 17:34:42,kakao_local_api:address_road,geocoded_kakao_road,인천광역시,,
3561000-103-1999-00010,그린단란주점,단란주점영업,단란주점,"인천광역시 서해구 가정로98번길 5-4 (가좌동,(지하1층))",37.4934843,126.6722783,,2026-09-06,https://www.data.go.kr/data/15045017/fileData.do,https://file.localdata.go.kr/file/download/singing_bars/info,영업/정상,2026-07-01 13:28:00,2017-08-03 11:18:17,kakao_local_api:address_road,geocoded_kakao_road,인천광역시,,
3561000-103-2024-00003,스타라이브,단란주점영업,단란주점,"인천광역시 서해구 염곡로464번길 24, 1동 309,310호 (가정동)",37.5258095,126.6718973,,2026-09-06,https://www.data.go.kr/data/15045017/fileData.do,https://file.localdata.go.kr/file/download/singing_bars/info,영업/정상,2026-07-01 13:28:01,2024-09-05 09:11:59,kakao_local_api:address_road,geocoded_kakao_road,인천광역시,,
3561000-103-2000-00003,미주투단란주점,단란주점영업,단란주점,인천광역시 서해구 가정로 192-1 (석남동),37.5018391,126.6722158,,2026-09-06,https://www.data.go.kr/data/15045017/fileData.do,https://file.localdata.go.kr/file/download/singing_bars/info,영업/정상,2026-07-01 13:28:00,2021-02-22 09:09:36,kakao_local_api:address_road,geocoded_kakao_road,인천광역시,,
3561000-103-2015-00001,나인단란주점,단란주점영업,단란주점,"인천광역시 서해구 중봉대로586번길 9-11 (연희동, 청라매그놀리아2층220호)",37.5326231,126.6511817,,2026-09-06,https://www.data.go.kr/data/15045017/fileData.do,https://file.localdata.go.kr/file/download/singing_bars/info,영업/정상,2026-07-01 13:28:01,2015-05-14 16:30:27,kakao_local_api:address_road,geocoded_kakao_road,인천광역시,,
3561000-103-2014-00003,디셈버 7080 라이브,단란주점영업,단란주점,"인천광역시 서해구 탁옥로 49, 3층 4호 (심곡동, 제스트프라자 )",37.5440903,126.6750759,,2026-09-06,https://www.data.go.kr/data/15045017/fileData.do,https://file.localdata.go.kr/file/download/singing_bars/info,영업/정상,2026-07-01 13:28:01,2016-07-25 15:06:35,kakao_local_api:address_road,geocoded_kakao_road,인천광역시,,
3561000-103-2019-00002,추억의라이브마이마이,단란주점영업,단란주점,"인천광역시 서해구 탁옥로 37, 우리타워 301호 (심곡동)",37.5441648,126.6736682,,2026-09-06,https://www.data.go.kr/data/15045017/fileData.do,https://file.localdata.go.kr/file/download/singing_bars/info,영업/정상,2026-07-01 13:28:01,2022-06-07 12:32:03,kakao_local_api:address_road,geocoded_kakao_road,인천광역시,,
3561000-103-1999-00004,망고,단란주점영업,단란주점,인천광역시 서해구 길주로 78 (석남동),37.5061302,126.6704398,,2026-09-06,https://www.data.go.kr/data/15045017/fileData.do,https://file.localdata.go.kr/file/download/singing_bars/info,영업/정상,2026-07-01 13:28:00,2022-10-12 14:20:05,kakao_local_api:address_road,geocoded_kakao_road,인천광역시,,
3561000-103-2020-00002,에이플노래짱,단란주점영업,단란주점,"인천광역시 서해구 길주로 83, 2층 일부호 (석남동)",37.5066889,126.6712600,,2026-09-06,https://www.data.go.kr/data/15045017/fileData.do,https://file.localdata.go.kr/file/download/singing_bars/info,영업/정상,2026-07-01 13:28:01,2022-06-24 07:37:13,kakao_local_api:address_road,geocoded_kakao_road,인천광역시,,
3561000-103-2022-00001,돌고래라이브바,단란주점영업,단란주점,"인천광역시 서해구 북항로32번안길 41, 건원프라자 503,504호 (원창동)",37.5095283,126.6466983,,2026-09-06,https://www.data.go.kr/data/15045017/fileData.do,https://file.localdata.go.kr/file/download/singing_bars/info,영업/정상,2026-07-01 13:28:01,2022-02-11 16:13:59,kakao_local_api:address_road,geocoded_kakao_road,인천광역시,,
3561000-103-1996-00005,별밤가요주점,단란주점영업,단란주점,"인천광역시 서해구 원적로 43, 지하1층 (가좌동, 260-15)",37.4908440,126.6800104,,2026-09-06,https://www.data.go.kr/data/15045017/fileData.do,https://file.localdata.go.kr/file/download/singing_bars/info,영업/정상,2026-07-01 13:28:00,2023-03-20 13:55:18,kakao_local_api:address_road,geocoded_kakao_road,인천광역시,,
3561000-103-1997-00008,화이팅,단란주점영업,단란주점,인천광역시 서해구 가정로 146 (가좌동),37.4976694,126.6719410,,2026-09-06,https://www.data.go.kr/data/15045017/fileData.do,https://file.localdata.go.kr/file/download/singing_bars/info,영업/정상,2026-07-01 13:28:00,2025-07-02 15:33:35,kakao_local_api:address_road,geocoded_kakao_road,인천광역시,,
3561000-103-2000-00002,에쿠스단란주점,단란주점영업,단란주점,인천광역시 서해구 석남로 104-1 (석남동),37.5006493,126.6733101,,2026-09-06,https://www.data.go.kr/data/15045017/fileData.do,https://file.localdata.go.kr/file/download/singing_bars/info,영업/정상,2026-07-01 13:28:00,2024-02-08 15:47:51,kakao_local_api:address_road,geocoded_kakao_road,인천광역시,,
3561000-103-2001-00009,세시봉7080라이브,단란주점영업,단란주점,인천광역시 서해구 가정로 374 (가정동),37.5183188,126.6732085,,2026-09-06,https://www.data.go.kr/data/15045017/fileData.do,https://file.localdata.go.kr/file/download/singing_bars/info,영업/정상,2026-07-01 13:28:00,2021-03-18 17:43:11,kakao_local_api:address_road,geocoded_kakao_road,인천광역시,,
3561000-103-2008-00001,토피아주점,단란주점영업,단란주점,"인천광역시 서해구 칠천왕로7번길 9 (석남동,지상2층)",37.5069998,126.6705375,,2026-09-06,https://www.data.go.kr/data/15045017/fileData.do,https://file.localdata.go.kr/file/download/singing_bars/info,영업/정상,2026-07-01 13:28:00,2017-08-03 11:24:04,kakao_local_api:address_road,geocoded_kakao_road,인천광역시,,
3561000-103-1998-00004,아리랑단란주점,단란주점영업,단란주점,인천광역시 서해구 가정로 413 (신현동),37.5219074,126.6730094,,2026-09-06,https://www.data.go.kr/data/15045017/fileData.do,https://file.localdata.go.kr/file/download/singing_bars/info,영업/정상,2026-07-01 13:28:00,2022-04-06 10:58:04,kakao_local_api:address_road,geocoded_kakao_road,인천광역시,,
3561000-103-2024-00001,우리들의 블루스 7080 라이브(LIVE),단란주점영업,단란주점,"인천광역시 서해구 가정로 451, 벨라미센텀시티 1동 5층 512,513호 (가정동)",37.5255263,126.6729771,,2026-09-06,https://www.data.go.kr/data/15045017/fileData.do,https://file.localdata.go.kr/file/download/singing_bars/info,영업/정상,2026-07-01 13:28:01,2024-04-18 17:08:46,kakao_local_api:address_road,geocoded_kakao_road,인천광역시,,
3561000-103-2012-00003,미드라이브,단란주점영업,단란주점,"인천광역시 서해구 가정로 246 (석남동, 지하1층일부)",37.5067925,126.6724850,,2026-09-06,https://www.data.go.kr/data/15045017/fileData.do,https://file.localdata.go.kr/file/download/singing_bars/info,영업/정상,2026-07-01 13:28:00,2024-06-16 10:39:27,kakao_local_api:address_road,geocoded_kakao_road,인천광역시,,
3561000-103-1997-00003,미인 라이브 7080,단란주점영업,단란주점,"인천광역시 서해구 가정로 311 (석남동, 455-6)",37.5126183,126.6723780,,2026-09-06,https://www.data.go.kr/data/15045017/fileData.do,https://file.localdata.go.kr/file/download/singing_bars/info,영업/정상,2026-07-01 13:28:00,2014-07-10 13:35:26,kakao_local_api:address_road,geocoded_kakao_road,인천광역시,,
3561000-103-2024-00004,카라7080라이브,단란주점영업,단란주점,"인천광역시 서해구 봉오재3로94번길 11, MK타워 2층 204호 (가정동)",37.5268695,126.6704567,,2026-09-06,https://www.data.go.kr/data/15045017/fileData.do,https://file.localdata.go.kr/file/download/singing_bars/info,영업/정상,2026-07-01 13:28:01,2024-09-06 13:16:10,kakao_local_api:address_road,geocoded_kakao_road,인천광역시,,
3561000-103-2013-00006,수7080,단란주점영업,단란주점,"인천광역시 서해구 중봉대로612번길 10-20, 307호 (연희동, 청라프라자)",37.5333956,126.6519645,,2026-09-06,https://www.data.go.kr/data/15045017/fileData.do,https://file.localdata.go.kr/file/download/singing_bars/info,영업/정상,2026-07-01 13:28:00,2020-06-01 13:35:39,kakao_local_api:address_road,geocoded_kakao_road,인천광역시,,
3561000-103-1999-00003,썬 7080 라이브,단란주점영업,단란주점,"인천광역시 서해구 길주로 80 (석남동, 533-50)",37.5061993,126.6707764,,2026-09-06,https://www.data.go.kr/data/15045017/fileData.do,https://file.localdata.go.kr/file/download/singing_bars/info,영업/정상,2026-07-01 13:28:00,2024-06-17 17:34:41,kakao_local_api:address_road,geocoded_kakao_road,인천광역시,,
3561000-103-2015-00006,앙8090라이브,단란주점영업,단란주점,"인천광역시 서해구 청라라임로 65, 라임타워 310호 (청라동)",37.5335230,126.6530173,,2026-09-06,https://www.data.go.kr/data/15045017/fileData.do,https://file.localdata.go.kr/file/download/singing_bars/info,영업/정상,2026-07-01 13:28:01,2024-02-26 11:35:21,kakao_local_api:address_road,geocoded_kakao_road,인천광역시,,
3561000-103-1999-00009,하이팅,단란주점영업,단란주점,인천광역시 서해구 가정로 101-1 (가좌동),37.4938333,126.6713065,,2026-09-06,https://www.data.go.kr/data/15045017/fileData.do,https://file.localdata.go.kr/file/download/singing_bars/info,영업/정상,2026-07-01 13:28:00,2025-07-11 15:25:25,kakao_local_api:address_road,geocoded_kakao_road,인천광역시,,
3561000-103-2009-00001,하늘빛라이브,단란주점영업,단란주점,"인천광역시 서해구 서곶로301번길 13 (심곡동,외1필지 201호 일부)",37.5444085,126.6750993,,2026-09-06,https://www.data.go.kr/data/15045017/fileData.do,https://file.localdata.go.kr/file/download/singing_bars/info,영업/정상,2026-07-01 13:28:00,2021-08-30 11:44:35,kakao_local_api:address_road,geocoded_kakao_road,인천광역시,,
3561000-103-1996-00001,뱅크7080라이브,단란주점영업,단란주점,"인천광역시 서해구 염곡로 242-1 (석남동, 527)",37.5062805,126.6683910,,2026-09-06,https://www.data.go.kr/data/15045017/fileData.do,https://file.localdata.go.kr/file/download/singing_bars/info,영업/정상,2026-07-01 13:28:00,2023-03-29 14:06:45,kakao_local_api:address_road,geocoded_kakao_road,인천광역시,,
3561000-103-2023-00003,별이빛나는밤에,단란주점영업,단란주점,"인천광역시 서해구 염곡로464번길 30, 벨라미 루원 3층 309~311호 (가정동)",37.5257313,126.6723221,,2026-09-06,https://www.data.go.kr/data/15045017/fileData.do,https://file.localdata.go.kr/file/download/singing_bars/info,영업/정상,2026-07-01 13:28:01,2023-08-03 11:26:37,kakao_local_api:address_road,geocoded_kakao_road,인천광역시,,
3565000-103-1999-00017,술한잔 땡기네,단란주점영업,단란주점,인천광역시 검단구 완정로156번길 3 (마전동),37.6019391,126.6591154,,2026-09-06,https://www.data.go.kr/data/15045017/fileData.do,https://file.localdata.go.kr/file/download/singing_bars/info,영업/정상,2026-07-01 10:06:40,2025-09-24 13:38:26,kakao_local_api:address_road,geocoded_kakao_road,인천광역시,,
3565000-103-2007-00001,콘서트7080,단란주점영업,단란주점,"인천광역시 검단구 완정로 159 (왕길동, 장수프라자동 302호)",37.6015694,126.6584176,,2026-09-06,https://www.data.go.kr/data/15045017/fileData.do,https://file.localdata.go.kr/file/download/singing_bars/info,영업/정상,2026-07-01 10:06:40,2017-08-03 11:23:36,kakao_local_api:address_road,geocoded_kakao_road,인천광역시,,
3565000-103-2018-00006,별밤7080라이브,단란주점영업,단란주점,"인천광역시 검단구 검단로 463, 현대프라자 B01호 (왕길동)",37.6016447,126.6557600,,2026-09-06,https://www.data.go.kr/data/15045017/fileData.do,https://file.localdata.go.kr/file/download/singing_bars/info,영업/정상,2026-07-01 10:06:40,2018-12-04 13:57:19,kakao_local_api:address_road,geocoded_kakao_road,인천광역시,,
3565000-103-2015-00002,블랙노래타운,단란주점영업,단란주점,"인천광역시 검단구 검단로459번길 10, 3층 303호 (왕길동, 왕길프라자)",37.6020079,126.6554871,,2026-09-06,https://www.data.go.kr/data/15045017/fileData.do,https://file.localdata.go.kr/file/download/singing_bars/info,영업/정상,2026-07-01 10:06:40,2017-08-03 11:27:55,kakao_local_api:address_road,geocoded_kakao_road,인천광역시,,
3565000-103-1998-00006,샘물,단란주점영업,단란주점,인천광역시 검단구 완정로156번길 4 (마전동),37.6018336,126.6592510,,2026-09-06,https://www.data.go.kr/data/15045017/fileData.do,https://file.localdata.go.kr/file/download/singing_bars/info,영업/정상,2026-07-01 10:06:40,2026-03-10 16:14:14,kakao_local_api:address_road,geocoded_kakao_road,인천광역시,,
3565000-103-2022-00002,블루밍라이브7080,단란주점영업,단란주점,"인천광역시 검단구 완정로 158, 3층 3층호 (마전동)",37.6018272,126.6589404,,2026-09-06,https://www.data.go.kr/data/15045017/fileData.do,https://file.localdata.go.kr/file/download/singing_bars/info,영업/정상,2026-07-01 10:06:40,2022-12-01 10:25:40,kakao_local_api:address_road,geocoded_kakao_road,인천광역시,,
3565000-103-1996-00006,두발로 라이브,단란주점영업,단란주점,인천광역시 검단구 검단로 496 (마전동),37.6025453,126.6593367,,2026-09-06,https://www.data.go.kr/data/15045017/fileData.do,https://file.localdata.go.kr/file/download/singing_bars/info,영업/정상,2026-07-01 10:06:40,2023-06-01 10:05:19,kakao_local_api:address_road,geocoded_kakao_road,인천광역시,,
3565000-103-2018-00005,세시봉7080라이브,단란주점영업,단란주점,"인천광역시 검단구 청마로7번길 21, 2층 (당하동)",37.5926085,126.6727448,,2026-09-06,https://www.data.go.kr/data/15045017/fileData.do,https://file.localdata.go.kr/file/download/singing_bars/info,영업/정상,2026-07-01 10:06:40,2018-10-12 16:48:32,kakao_local_api:address_road,geocoded_kakao_road,인천광역시,,
3570000-103-2015-00001,우산속,단란주점영업,단란주점,인천광역시 강화군 하점면 강화대로 913 (지하1층),37.769848223198615,126.44298406870837,,2026-09-06,https://www.data.go.kr/data/15045017/fileData.do,https://file.localdata.go.kr/file/download/singing_bars/info,영업/정상,2026-03-26 22:47:15,2015-09-04 10:45:57,EPSG:5174 original transformed to EPSG:4326,official_coordinate,인천광역시,150853.563037463    ,474296.354303035    
3570000-103-2018-00001,뚝섬,단란주점영업,단란주점,"인천광역시 강화군 강화읍 강화대로393번길 8, 지하 1층",37.74611451951766,126.48599472378258,,2026-09-06,https://www.data.go.kr/data/15045017/fileData.do,https://file.localdata.go.kr/file/download/singing_bars/info,영업/정상,2026-03-26 22:47:15,2021-07-28 15:25:26,EPSG:5174 original transformed to EPSG:4326,official_coordinate,인천광역시,154628.631602904    ,471640.301046952    
3570000-103-2023-00001,호박노래주점,단란주점영업,단란주점,"인천광역시 강화군 강화읍 동문안길 6, 지하1층",37.74787163362181,126.48480847121807,,2026-09-06,https://www.data.go.kr/data/15045017/fileData.do,https://file.localdata.go.kr/file/download/singing_bars/info,영업/정상,2026-03-26 22:47:15,2023-11-14 12:47:10,EPSG:5174 original transformed to EPSG:4326,official_coordinate,인천광역시,154525.156664084    ,471835.906309737    
3570000-103-1994-00001,영상단란주점,단란주점영업,단란주점,인천광역시 강화군 강화읍 강화대로 396,37.746701976741726,126.48669136952569,,2026-09-06,https://www.data.go.kr/data/15045017/fileData.do,https://file.localdata.go.kr/file/download/singing_bars/info,영업/정상,2026-03-26 22:47:13,2026-02-06 15:06:43,EPSG:5174 original transformed to EPSG:4326,official_coordinate,인천광역시,154690.389859266    ,471705.167185198    
3570000-103-1994-00003,대호단란주점,단란주점영업,단란주점,인천광역시 강화군 길상면 온수길 23,37.64000215868118,126.49199106294273,,2026-09-06,https://www.data.go.kr/data/15045017/fileData.do,https://file.localdata.go.kr/file/download/singing_bars/info,영업/정상,2026-03-26 22:47:13,2017-01-12 16:23:25,EPSG:5174 original transformed to EPSG:4326,official_coordinate,인천광역시,155093.086935765    ,459859.705618285    
3570000-103-1994-00007,노래하는마을,단란주점영업,단란주점,인천광역시 강화군 길상면 보리고개로 50,37.62302589451527,126.47489265133244,,2026-09-06,https://www.data.go.kr/data/15045017/fileData.do,https://file.localdata.go.kr/file/download/singing_bars/info,영업/정상,2026-03-26 22:47:14,2021-12-07 17:28:35,EPSG:5174 original transformed to EPSG:4326,official_coordinate,인천광역시,153573.377137267    ,457983.815112913    
3570000-103-1995-00003,캉캉단란주점,단란주점영업,단란주점,인천광역시 강화군 강화읍 강화대로 430,37.748410304039744,126.4834181795024,,2026-09-06,https://www.data.go.kr/data/15045017/fileData.do,https://file.localdata.go.kr/file/download/singing_bars/info,영업/정상,2026-03-26 22:47:14,2017-01-12 16:24:10,EPSG:5174 original transformed to EPSG:4326,official_coordinate,인천광역시,154402.955698495    ,471896.372770997    
3570000-103-1995-00006,코스모스 라이브,단란주점영업,단란주점,인천광역시 강화군 강화읍 강화대로409번길 12,37.74643067703358,126.48483384176697,,2026-09-06,https://www.data.go.kr/data/15045017/fileData.do,https://file.localdata.go.kr/file/download/singing_bars/info,영업/정상,2026-03-26 22:47:14,2023-10-12 17:02:34,EPSG:5174 original transformed to EPSG:4326,official_coordinate,인천광역시,154526.509756789    ,471675.956735392    
3570000-103-1997-00002,돌담집,단란주점영업,단란주점,인천광역시 강화군 하점면 강화서로 880,37.76995633785699,126.3882715779345,,2026-09-06,https://www.data.go.kr/data/15045017/fileData.do,https://file.localdata.go.kr/file/download/singing_bars/info,영업/정상,2026-03-26 22:47:14,2020-10-14 11:05:59,EPSG:5174 original transformed to EPSG:4326,official_coordinate,인천광역시,146033.024612397    ,474338.54621642     
3570000-103-1997-00004,샤넬,단란주점영업,단란주점,인천광역시 강화군 강화읍 강화대로 450,37.74888980288456,126.48105890232051,,2026-09-06,https://www.data.go.kr/data/15045017/fileData.do,https://file.localdata.go.kr/file/download/singing_bars/info,영업/정상,2026-03-26 22:47:14,2017-01-12 16:26:11,EPSG:5174 original transformed to EPSG:4326,official_coordinate,인천광역시,154195.320672025    ,471950.747843304    
3570000-103-1997-00007,이태원,단란주점영업,단란주점,"인천광역시 강화군 강화읍 강화대로 342, 지하1층",37.74400845428333,126.49132965285985,,2026-09-06,https://www.data.go.kr/data/15045017/fileData.do,https://file.localdata.go.kr/file/download/singing_bars/info,영업/정상,2026-03-26 22:47:14,2023-02-28 15:06:53,EPSG:5174 original transformed to EPSG:4326,official_coordinate,인천광역시,155097.556982843    ,471403.964644129    
3570000-103-1998-00002,끼리끼리,단란주점영업,단란주점,인천광역시 강화군 강화읍 강화대로 349,37.74365660309104,126.49025558480814,,2026-09-06,https://www.data.go.kr/data/15045017/fileData.do,https://file.localdata.go.kr/file/download/singing_bars/info,영업/정상,2026-03-26 22:47:14,2017-01-12 16:27:14,EPSG:5174 original transformed to EPSG:4326,official_coordinate,인천광역시,155002.676889436    ,471365.427910879    
3570000-103-2000-00001,천년,단란주점영업,단란주점,인천광역시 강화군 강화읍 강화대로 423-1,37.74782408184545,126.48375865159487,,2026-09-06,https://www.data.go.kr/data/15045017/fileData.do,https://file.localdata.go.kr/file/download/singing_bars/info,영업/정상,2026-03-26 22:47:14,2021-01-26 14:20:14,EPSG:5174 original transformed to EPSG:4326,official_coordinate,인천광역시,154432.602690421    ,471831.139681658    
3570000-103-2001-00004,1980,단란주점영업,단란주점,인천광역시 강화군 불은면 강화동로 547,37.68532273836565,126.47986961676399,,2026-09-06,https://www.data.go.kr/data/15045017/fileData.do,https://file.localdata.go.kr/file/download/singing_bars/info,영업/정상,2026-03-26 22:47:14,2024-02-07 14:55:57,EPSG:5174 original transformed to EPSG:4326,official_coordinate,인천광역시,154051.208983439    ,464895.816616284    
3570000-103-2002-00001,불야성,단란주점영업,단란주점,인천광역시 강화군 강화읍 청하동길 6,37.74819811281848,126.48137490212358,,2026-09-06,https://www.data.go.kr/data/15045017/fileData.do,https://file.localdata.go.kr/file/download/singing_bars/info,영업/정상,2026-03-26 22:47:14,2017-01-12 16:28:23,EPSG:5174 original transformed to EPSG:4326,official_coordinate,인천광역시,154222.743943685    ,471873.819689127    
3570000-103-2003-00003,월드컵,단란주점영업,단란주점,인천광역시 강화군 강화읍 강화대로 388,37.74631302687078,126.48726533680959,,2026-09-06,https://www.data.go.kr/data/15045017/fileData.do,https://file.localdata.go.kr/file/download/singing_bars/info,영업/정상,2026-07-29 22:47:00,2021-12-20 21:47:26,EPSG:5174 original transformed to EPSG:4326,official_coordinate,인천광역시,154740.739472716    ,471661.718077924    
3570000-103-2016-00001,7080라이브,단란주점영업,단란주점,"인천광역시 강화군 강화읍 강화대로 401, 지하1층",37.74664535600424,126.48569675856115,,2026-09-06,https://www.data.go.kr/data/15045017/fileData.do,https://file.localdata.go.kr/file/download/singing_bars/info,영업/정상,2026-03-26 22:47:15,2020-12-07 14:22:10,EPSG:5174 original transformed to EPSG:4326,official_coordinate,인천광역시,154602.694833769    ,471699.365275816    
3580000-103-1994-00001,아지트,단란주점영업,단란주점,인천광역시 옹진군 연평면 연평로167번길 33-1,37.66077902015387,125.70449472259513,,2026-09-06,https://www.data.go.kr/data/15045017/fileData.do,https://file.localdata.go.kr/file/download/singing_bars/info,영업/정상,2026-01-07 17:27:35,2024-05-01 11:32:01,EPSG:5174 original transformed to EPSG:4326,official_coordinate,인천광역시,85617.5367641481    ,462835.124776366    
3580000-103-1994-00002,돌섬단란주점,단란주점영업,단란주점,인천광역시 옹진군 대청면 대청로7번안길 7,37.82453961947845,124.7175064545493,,2026-09-06,https://www.data.go.kr/data/15045017/fileData.do,https://file.localdata.go.kr/file/download/singing_bars/info,영업/정상,2026-01-07 17:27:35,2013-04-03 14:09:26,EPSG:5174 original transformed to EPSG:4326,official_coordinate,인천광역시,-1037.97342521605   ,482678.525001878    
3580000-103-1999-00001,대청단란주점,단란주점영업,단란주점,인천광역시 옹진군 대청면 대청로 17-1 (2층),37.825660274783814,124.71745500162515,,2026-09-06,https://www.data.go.kr/data/15045017/fileData.do,https://file.localdata.go.kr/file/download/singing_bars/info,영업/정상,2026-01-07 17:27:35,2022-01-17 14:46:26,EPSG:5174 original transformed to EPSG:4326,official_coordinate,인천광역시,-1039.46143854526   ,482803.046777075    
3580000-103-1999-00002,궁 가요주점 7080,단란주점영업,단란주점,인천광역시 옹진군 영흥면 영흥로176번길 46,37.25976314081885,126.49489747954253,,2026-09-06,https://www.data.go.kr/data/15045017/fileData.do,https://file.localdata.go.kr/file/download/singing_bars/info,영업/정상,2026-01-21 22:47:00,2026-01-20 14:09:35,EPSG:5174 original transformed to EPSG:4326,official_coordinate,인천광역시,155122.717921137    ,417656.289515659    
